batch_idx,sample_in_batch,video_path,gap_start_frame,gap_end_frame,pesq,stoi
0,0,/home/nabizadz/Projects/Mahsa/datasets/grid/test/s33/brbd3a.mpg,263,295,4.479374885559082,0.9144253426191677
0,1,/home/nabizadz/Projects/Mahsa/datasets/grid/test/s33/lrbh8n.mpg,81,113,3.373958110809326,0.9459420825573808
0,2,/home/nabizadz/Projects/Mahsa/datasets/grid/test/s33/srak9a.mpg,252,284,3.983370304107666,0.8550604157928682
0,3,/home/nabizadz/Projects/Mahsa/datasets/grid/test/s33/srbl3a.mpg,268,300,3.975423812866211,0.9222801626104509
0,4,/home/nabizadz/Projects/Mahsa/datasets/grid/test/s33/sgil5s.mpg,30,62,1.8352253437042236,0.9556678360327697
0,5,/home/nabizadz/Projects/Mahsa/datasets/grid/test/s33/sgas2n.mpg,119,151,2.8156723976135254,0.9528809677004465
0,6,/home/nabizadz/Projects/Mahsa/datasets/grid/test/s33/swwf9a.mpg,164,196,3.4818530082702637,0.946986395362849
0,7,/home/nabizadz/Projects/Mahsa/datasets/grid/test/s33/bgak2n.mpg,254,286,4.192963600158691,0.8620549550641188
0,8,/home/nabizadz/Projects/Mahsa/datasets/grid/test/s33/sbix5s.mpg,146,178,3.0978031158447266,0.9584679514983324
0,9,/home/nabizadz/Projects/Mahsa/datasets/grid/test/s33/bgij8n.mpg,145,177,3.3715016841888428,0.912029861427959
0,10,/home/nabizadz/Projects/Mahsa/datasets/grid/test/s33/lrbh9s.mpg,90,122,2.3735904693603516,0.9164563401735211
0,11,/home/nabizadz/Projects/Mahsa/datasets/grid/test/s33/sbix7a.mpg,128,160,3.1179656982421875,0.9216544154936963
0,12,/home/nabizadz/Projects/Mahsa/datasets/grid/test/s33/lbaa5s.mpg,201,233,4.1440863609313965,0.9050794889448657
0,13,/home/nabizadz/Projects/Mahsa/datasets/grid/test/s33/bbio4n.mpg,225,257,4.310515403747559,0.8627328049216396
0,14,/home/nabizadz/Projects/Mahsa/datasets/grid/test/s33/lgbxzp.mpg,230,262,4.049441814422607,0.8649904924236139
0,15,/home/nabizadz/Projects/Mahsa/datasets/grid/test/s33/pgbbzn.mpg,31,63,2.466421365737915,0.9444405013653743
1,0,/home/nabizadz/Projects/Mahsa/datasets/grid/test/s33/lrwi2n.mpg,164,196,4.233452796936035,0.9828586089344702
1,1,/home/nabizadz/Projects/Mahsa/datasets/grid/test/s33/lwwv9a.mpg,43,75,2.153110980987549,0.9126713528822029
1,2,/home/nabizadz/Projects/Mahsa/datasets/grid/test/s33/bbwx1s.mpg,18,50,2.880527973175049,0.9488725303295847
1,3,/home/nabizadz/Projects/Mahsa/datasets/grid/test/s33/pwwa8n.mpg,13,45,3.1978652477264404,0.9793770726959167
1,4,/home/nabizadz/Projects/Mahsa/datasets/grid/test/s33/bgby4n.mpg,267,299,3.9427120685577393,0.9506451369060553
1,5,/home/nabizadz/Projects/Mahsa/datasets/grid/test/s33/sgwa1a.mpg,187,219,4.449398517608643,0.9324656533615597
1,6,/home/nabizadz/Projects/Mahsa/datasets/grid/test/s33/prif5s.mpg,75,107,3.1346216201782227,0.948800265805523
1,7,/home/nabizadz/Projects/Mahsa/datasets/grid/test/s33/sbby3s.mpg,214,246,4.054849147796631,0.7869022811695644
1,8,/home/nabizadz/Projects/Mahsa/datasets/grid/test/s33/lwih9a.mpg,7,39,3.388657808303833,0.9948632860128739
1,9,/home/nabizadz/Projects/Mahsa/datasets/grid/test/s33/lgai9a.mpg,169,201,4.238702297210693,0.9435990026419679
1,10,/home/nabizadz/Projects/Mahsa/datasets/grid/test/s33/lgbj1s.mpg,120,152,2.978040933609009,0.9297524620085321
1,11,/home/nabizadz/Projects/Mahsa/datasets/grid/test/s33/lrwi3s.mpg,60,92,3.213226318359375,0.9447822146920671
1,12,/home/nabizadz/Projects/Mahsa/datasets/grid/test/s33/lbbh5a.mpg,175,207,4.0014801025390625,0.9325470072507002
1,13,/home/nabizadz/Projects/Mahsa/datasets/grid/test/s33/lgbc9a.mpg,15,47,2.8238320350646973,0.9695229765071386
1,14,/home/nabizadz/Projects/Mahsa/datasets/grid/test/s33/lwaizn.mpg,32,64,2.79766845703125,0.9643417257213075
1,15,/home/nabizadz/Projects/Mahsa/datasets/grid/test/s33/pwwuzn.mpg,133,165,3.298163890838623,0.9441195935841981
2,0,/home/nabizadz/Projects/Mahsa/datasets/grid/test/s33/swal5a.mpg,215,247,4.3025617599487305,0.89101040776579
2,1,/home/nabizadz/Projects/Mahsa/datasets/grid/test/s33/sriyzn.mpg,267,299,4.134016036987305,0.9054633128649181
2,2,/home/nabizadz/Projects/Mahsa/datasets/grid/test/s33/lbaa4n.mpg,175,207,4.257195949554443,0.8693863226086523
2,3,/home/nabizadz/Projects/Mahsa/datasets/grid/test/s33/lrwo6n.mpg,245,277,4.202151298522949,0.8290885246927598
2,4,/home/nabizadz/Projects/Mahsa/datasets/grid/test/s33/lwbc3a.mpg,5,37,4.072787284851074,0.996127421116902
2,5,/home/nabizadz/Projects/Mahsa/datasets/grid/test/s33/brap4n.mpg,62,94,2.8373889923095703,0.9737583020932611
2,6,/home/nabizadz/Projects/Mahsa/datasets/grid/test/s33/sgbf9s.mpg,139,171,2.50380802154541,0.9361689485499775
2,7,/home/nabizadz/Projects/Mahsa/datasets/grid/test/s33/lrwv1s.mpg,186,218,4.287069797515869,0.8101001831456734
2,8,/home/nabizadz/Projects/Mahsa/datasets/grid/test/s33/pras6n.mpg,118,150,3.243987798690796,0.9629479864892947
2,9,/home/nabizadz/Projects/Mahsa/datasets/grid/test/s33/sgwazp.mpg,234,266,3.9824790954589844,0.8120079802944725
2,10,/home/nabizadz/Projects/Mahsa/datasets/grid/test/s33/bbaczn.mpg,112,144,2.557631015777588,0.8736822760569863
2,11,/home/nabizadz/Projects/Mahsa/datasets/grid/test/s33/prwt6p.mpg,79,111,2.666839361190796,0.9605569383935714
2,12,/home/nabizadz/Projects/Mahsa/datasets/grid/test/s33/pgin1s.mpg,130,162,3.121924877166748,0.9578566364261937
2,13,/home/nabizadz/Projects/Mahsa/datasets/grid/test/s33/bbib8p.mpg,185,217,4.127139568328857,0.8523510943635041
2,14,/home/nabizadz/Projects/Mahsa/datasets/grid/test/s33/bwbk2p.mpg,248,280,4.113470554351807,0.9140273211307718
2,15,/home/nabizadz/Projects/Mahsa/datasets/grid/test/s33/pbbf8p.mpg,124,156,2.753039598464966,0.8867100371680924
3,0,/home/nabizadz/Projects/Mahsa/datasets/grid/test/s33/bwwrzp.mpg,195,227,3.9919724464416504,0.9380165713860845
3,1,/home/nabizadz/Projects/Mahsa/datasets/grid/test/s33/bwwe2p.mpg,216,248,4.102827072143555,0.7979917396460948
3,2,/home/nabizadz/Projects/Mahsa/datasets/grid/test/s33/pwim6p.mpg,102,134,2.898252248764038,0.9392187628278545
3,3,/home/nabizadz/Projects/Mahsa/datasets/grid/test/s33/lwbv3s.mpg,66,98,3.219237804412842,0.9574347679532318
3,4,/home/nabizadz/Projects/Mahsa/datasets/grid/test/s33/swbf2n.mpg,134,166,3.1823806762695312,0.9566549198053602
3,5,/home/nabizadz/Projects/Mahsa/datasets/grid/test/s33/swwf7s.mpg,168,200,2.9825470447540283,0.9372812425380145
3,6,/home/nabizadz/Projects/Mahsa/datasets/grid/test/s33/lrbizp.mpg,42,74,2.631983518600464,0.9543130800517644
3,7,/home/nabizadz/Projects/Mahsa/datasets/grid/test/s33/pgwh9s.mpg,99,131,2.6140551567077637,0.9085183233481287
3,8,/home/nabizadz/Projects/Mahsa/datasets/grid/test/s33/pgan6p.mpg,36,68,2.9716765880584717,0.9588186425659164
3,9,/home/nabizadz/Projects/Mahsa/datasets/grid/test/s33/sgif1s.mpg,259,291,4.155738353729248,0.9148013172723185
3,10,/home/nabizadz/Projects/Mahsa/datasets/grid/test/s33/bbbc4n.mpg,181,213,4.179025173187256,0.9696699970191285
3,11,/home/nabizadz/Projects/Mahsa/datasets/grid/test/s33/prif7a.mpg,230,262,4.101353645324707,0.8914609961054124
3,12,/home/nabizadz/Projects/Mahsa/datasets/grid/test/s33/pwwh4p.mpg,211,243,4.0683088302612305,0.85608592259526
3,13,/home/nabizadz/Projects/Mahsa/datasets/grid/test/s33/pgaa8p.mpg,175,207,4.1554388999938965,0.9382499210558699
3,14,/home/nabizadz/Projects/Mahsa/datasets/grid/test/s33/bgiq2n.mpg,32,64,3.713576078414917,0.908210017294937
3,15,/home/nabizadz/Projects/Mahsa/datasets/grid/test/s33/pgwb4n.mpg,224,256,4.323940753936768,0.826216866114797
4,0,/home/nabizadz/Projects/Mahsa/datasets/grid/test/s33/bwij2n.mpg,52,84,3.1817338466644287,0.9460458738147348
4,1,/home/nabizadz/Projects/Mahsa/datasets/grid/test/s33/sbwe5s.mpg,222,254,4.210712909698486,0.751287068563188
4,2,/home/nabizadz/Projects/Mahsa/datasets/grid/test/s33/sbad9a.mpg,138,170,3.1074297428131104,0.9416037911611863
4,3,/home/nabizadz/Projects/Mahsa/datasets/grid/test/s33/sgwm9a.mpg,66,98,2.8136656284332275,0.9416947681557215
4,4,/home/nabizadz/Projects/Mahsa/datasets/grid/test/s33/swwm2p.mpg,97,129,2.870464563369751,0.9680162829323774
4,5,/home/nabizadz/Projects/Mahsa/datasets/grid/test/s33/prwt5s.mpg,137,169,2.963470697402954,0.9209534240118779
4,6,/home/nabizadz/Projects/Mahsa/datasets/grid/test/s33/swwf8p.mpg,167,199,3.521207094192505,0.9484922834947036
4,7,/home/nabizadz/Projects/Mahsa/datasets/grid/test/s33/bbwj5a.mpg,53,85,3.0957190990448,0.9414906341046941
4,8,/home/nabizadz/Projects/Mahsa/datasets/grid/test/s33/pgwu7s.mpg,62,94,2.4153709411621094,0.9274704947796099
4,9,/home/nabizadz/Projects/Mahsa/datasets/grid/test/s33/sgiz3s.mpg,38,70,2.9878857135772705,0.9575035637953938
4,10,/home/nabizadz/Projects/Mahsa/datasets/grid/test/s33/bwaj8p.mpg,131,163,3.1677660942077637,0.953801985719994
4,11,/home/nabizadz/Projects/Mahsa/datasets/grid/test/s33/lria7s.mpg,230,262,4.298580169677734,0.7522919320655502
4,12,/home/nabizadz/Projects/Mahsa/datasets/grid/test/s33/bwip6n.mpg,158,190,3.0810282230377197,0.9410002414978957
4,13,/home/nabizadz/Projects/Mahsa/datasets/grid/test/s33/swws4n.mpg,11,43,4.110716819763184,0.9855386431325371
4,14,/home/nabizadz/Projects/Mahsa/datasets/grid/test/s33/bwij3s.mpg,201,233,4.194027423858643,0.8621021111969948
4,15,/home/nabizadz/Projects/Mahsa/datasets/grid/test/s33/lgwq1a.mpg,84,116,3.1075594425201416,0.9506373830095565
5,0,/home/nabizadz/Projects/Mahsa/datasets/grid/test/s33/bbib7s.mpg,156,188,3.773594856262207,0.9498563438324399
5,1,/home/nabizadz/Projects/Mahsa/datasets/grid/test/s33/lgiv2p.mpg,256,288,3.994852304458618,0.9359623983681356
5,2,/home/nabizadz/Projects/Mahsa/datasets/grid/test/s33/lbim9s.mpg,241,273,4.004161834716797,0.890696269164024
5,3,/home/nabizadz/Projects/Mahsa/datasets/grid/test/s33/pgaa6n.mpg,179,211,4.204856872558594,0.8645887571616921
5,4,/home/nabizadz/Projects/Mahsa/datasets/grid/test/s33/pgig9a.mpg,33,65,2.1850924491882324,0.93572042626563
5,5,/home/nabizadz/Projects/Mahsa/datasets/grid/test/s33/srbe6n.mpg,245,277,3.541921854019165,0.8515770751405435
5,6,/home/nabizadz/Projects/Mahsa/datasets/grid/test/s33/sbiq2p.mpg,266,298,4.425086498260498,0.9744752623875613
5,7,/home/nabizadz/Projects/Mahsa/datasets/grid/test/s33/bgak5a.mpg,244,276,4.146548748016357,0.8155443100457699
5,8,/home/nabizadz/Projects/Mahsa/datasets/grid/test/s33/prbtzn.mpg,175,207,4.3055219650268555,0.911090906751451
5,9,/home/nabizadz/Projects/Mahsa/datasets/grid/test/s33/lgbp5s.mpg,80,112,2.707968235015869,0.9597490310390078
5,10,/home/nabizadz/Projects/Mahsa/datasets/grid/test/s33/brii6n.mpg,15,47,3.4093072414398193,0.9797119166319168
5,11,/home/nabizadz/Projects/Mahsa/datasets/grid/test/s33/pgbb1s.mpg,47,79,2.7499146461486816,0.9405696375114961
5,12,/home/nabizadz/Projects/Mahsa/datasets/grid/test/s33/pgwb6p.mpg,13,45,3.8422014713287354,0.9829223431733646
5,13,/home/nabizadz/Projects/Mahsa/datasets/grid/test/s33/lbig7a.mpg,210,242,4.255620002746582,0.9559266931573691
5,14,/home/nabizadz/Projects/Mahsa/datasets/grid/test/s33/lgwd1s.mpg,179,211,4.212691307067871,0.9773595725196516
5,15,/home/nabizadz/Projects/Mahsa/datasets/grid/test/s33/pbir7s.mpg,53,85,3.0959558486938477,0.9541992368937608
6,0,/home/nabizadz/Projects/Mahsa/datasets/grid/test/s33/lbwh9a.mpg,159,191,4.209914684295654,0.9611533423930375
6,1,/home/nabizadz/Projects/Mahsa/datasets/grid/test/s33/pbir8p.mpg,162,194,4.331445217132568,0.9392758905394358
6,2,/home/nabizadz/Projects/Mahsa/datasets/grid/test/s33/brac7s.mpg,115,147,2.879102945327759,0.9007569018879992
6,3,/home/nabizadz/Projects/Mahsa/datasets/grid/test/s33/bgwe8p.mpg,115,147,3.081728219985962,0.9126151167989934
6,4,/home/nabizadz/Projects/Mahsa/datasets/grid/test/s33/lwwi8n.mpg,265,297,4.277127742767334,0.969478262214556
6,5,/home/nabizadz/Projects/Mahsa/datasets/grid/test/s33/pwbhzp.mpg,208,240,4.249687671661377,0.8747134004123832
6,6,/home/nabizadz/Projects/Mahsa/datasets/grid/test/s33/bbao8n.mpg,259,291,4.302475452423096,0.9136414712146776
6,7,/home/nabizadz/Projects/Mahsa/datasets/grid/test/s33/lbwu6p.mpg,219,251,4.228610992431641,0.8550618398444508
6,8,/home/nabizadz/Projects/Mahsa/datasets/grid/test/s33/pgig7s.mpg,250,282,4.197330474853516,0.9537631216121712
6,9,/home/nabizadz/Projects/Mahsa/datasets/grid/test/s33/bgwy9s.mpg,217,249,4.327117443084717,0.8080447549675885
6,10,/home/nabizadz/Projects/Mahsa/datasets/grid/test/s33/bbib9a.mpg,82,114,3.018545627593994,0.926345329714541
6,11,/home/nabizadz/Projects/Mahsa/datasets/grid/test/s33/lgwx2n.mpg,241,273,4.156243324279785,0.9326905234682835
6,12,/home/nabizadz/Projects/Mahsa/datasets/grid/test/s33/swie5s.mpg,249,281,3.9934945106506348,0.952967570709094
6,13,/home/nabizadz/Projects/Mahsa/datasets/grid/test/s33/srbr5s.mpg,49,81,2.8457837104797363,0.9602207527129122
6,14,/home/nabizadz/Projects/Mahsa/datasets/grid/test/s33/brbx2n.mpg,224,256,4.086482524871826,0.7745915978319249
6,15,/home/nabizadz/Projects/Mahsa/datasets/grid/test/s33/pwwn7s.mpg,95,127,2.9135210514068604,0.956273518406056
7,0,/home/nabizadz/Projects/Mahsa/datasets/grid/test/s33/lrin5s.mpg,153,185,2.7784273624420166,0.9446123711633886
7,1,/home/nabizadz/Projects/Mahsa/datasets/grid/test/s33/sgiszp.mpg,160,192,2.913908004760742,0.8770072260239625
7,2,/home/nabizadz/Projects/Mahsa/datasets/grid/test/s33/pbbf7s.mpg,84,116,2.978978395462036,0.9504350074577855
7,3,/home/nabizadz/Projects/Mahsa/datasets/grid/test/s33/pwbn2n.mpg,251,283,4.2903265953063965,0.89054955124976
7,4,/home/nabizadz/Projects/Mahsa/datasets/grid/test/s33/srbzzp.mpg,22,54,3.161907911300659,0.9825722466230451
7,5,/home/nabizadz/Projects/Mahsa/datasets/grid/test/s33/pwag5s.mpg,187,219,3.9192702770233154,0.8855152370118927
7,6,/home/nabizadz/Projects/Mahsa/datasets/grid/test/s33/swbs2p.mpg,39,71,2.8027186393737793,0.9528011763517684
7,7,/home/nabizadz/Projects/Mahsa/datasets/grid/test/s33/sgiz5a.mpg,222,254,4.198762893676758,0.8129784222305505
7,8,/home/nabizadz/Projects/Mahsa/datasets/grid/test/s33/pbwm4n.mpg,119,151,3.1134164333343506,0.9254028323240254
7,9,/home/nabizadz/Projects/Mahsa/datasets/grid/test/s33/lwiu4n.mpg,130,162,3.548738718032837,0.9301326933138288
7,10,/home/nabizadz/Projects/Mahsa/datasets/grid/test/s33/lgbj3a.mpg,203,235,4.432833671569824,0.901967990257645
7,11,/home/nabizadz/Projects/Mahsa/datasets/grid/test/s33/sgwm6n.mpg,258,290,4.2765350341796875,0.9803306915982775
7,12,/home/nabizadz/Projects/Mahsa/datasets/grid/test/s33/lgap3a.mpg,55,87,2.1016504764556885,0.9112575735510022
7,13,/home/nabizadz/Projects/Mahsa/datasets/grid/test/s33/swal4p.mpg,190,222,3.855421543121338,0.8623823567098344
7,14,/home/nabizadz/Projects/Mahsa/datasets/grid/test/s33/bwbd7s.mpg,73,105,2.5880467891693115,0.9436195376225937
7,15,/home/nabizadz/Projects/Mahsa/datasets/grid/test/s33/sgaf7a.mpg,254,286,4.210563659667969,0.8885289420237588
8,0,/home/nabizadz/Projects/Mahsa/datasets/grid/test/s33/lbim8n.mpg,37,69,3.134965658187866,0.93184355334521
8,1,/home/nabizadz/Projects/Mahsa/datasets/grid/test/s33/lwih6n.mpg,138,170,3.010817766189575,0.9446870482450849
8,2,/home/nabizadz/Projects/Mahsa/datasets/grid/test/s33/lgwd2p.mpg,124,156,1.858811855316162,0.899353057217525
8,3,/home/nabizadz/Projects/Mahsa/datasets/grid/test/s33/srbr6p.mpg,124,156,2.7122995853424072,0.9570804850685803
8,4,/home/nabizadz/Projects/Mahsa/datasets/grid/test/s33/bbbi8n.mpg,262,294,4.267650127410889,0.8716224186476684
8,5,/home/nabizadz/Projects/Mahsa/datasets/grid/test/s33/lrbo2n.mpg,78,110,2.674816131591797,0.9443269854913251
8,6,/home/nabizadz/Projects/Mahsa/datasets/grid/test/s33/srblzn.mpg,213,245,4.123606204986572,0.7966218367869833
8,7,/home/nabizadz/Projects/Mahsa/datasets/grid/test/s33/sbax9s.mpg,66,98,3.0716171264648438,0.9675155625313623
8,8,/home/nabizadz/Projects/Mahsa/datasets/grid/test/s33/pgin2p.mpg,169,201,4.041103839874268,0.9486176538081281
8,9,/home/nabizadz/Projects/Mahsa/datasets/grid/test/s33/bgbk8p.mpg,249,281,4.3934807777404785,0.8691735090298061
8,10,/home/nabizadz/Projects/Mahsa/datasets/grid/test/s33/srarzn.mpg,81,113,1.9064843654632568,0.950076128215036
8,11,/home/nabizadz/Projects/Mahsa/datasets/grid/test/s33/sgal9s.mpg,59,91,1.9844505786895752,0.9376888303365483
8,12,/home/nabizadz/Projects/Mahsa/datasets/grid/test/s33/sbij9a.mpg,112,144,3.4377667903900146,0.9533783268141895
8,13,/home/nabizadz/Projects/Mahsa/datasets/grid/test/s33/pwim5s.mpg,164,196,3.796935558319092,0.9418599757185729
8,14,/home/nabizadz/Projects/Mahsa/datasets/grid/test/s33/lrbb4n.mpg,59,91,3.1036179065704346,0.9358475339533356
8,15,/home/nabizadz/Projects/Mahsa/datasets/grid/test/s33/brwj9s.mpg,127,159,2.696011543273926,0.9329837684223362
9,0,/home/nabizadz/Projects/Mahsa/datasets/grid/test/s33/brii7s.mpg,139,171,3.7720954418182373,0.9150146298554603
9,1,/home/nabizadz/Projects/Mahsa/datasets/grid/test/s33/bgwr5s.mpg,95,127,2.9612929821014404,0.9424942258202479
9,2,/home/nabizadz/Projects/Mahsa/datasets/grid/test/s33/bwax4n.mpg,222,254,4.090884685516357,0.8110058900573562
9,3,/home/nabizadz/Projects/Mahsa/datasets/grid/test/s33/swbl8p.mpg,105,137,2.7738943099975586,0.9490881323808144
9,4,/home/nabizadz/Projects/Mahsa/datasets/grid/test/s33/sgam1a.mpg,64,96,2.4724934101104736,0.9247142268340661
9,5,/home/nabizadz/Projects/Mahsa/datasets/grid/test/s33/pwaa2p.mpg,155,187,3.4363322257995605,0.9650926544337786
9,6,/home/nabizadz/Projects/Mahsa/datasets/grid/test/s33/sbid3s.mpg,75,107,2.399808168411255,0.9082364055602773
9,7,/home/nabizadz/Projects/Mahsa/datasets/grid/test/s33/prbm9a.mpg,20,52,3.215439558029175,0.9636419029250525
9,8,/home/nabizadz/Projects/Mahsa/datasets/grid/test/s33/lbbn8p.mpg,163,195,3.2005345821380615,0.8825734686136062
9,9,/home/nabizadz/Projects/Mahsa/datasets/grid/test/s33/bbivzp.mpg,176,208,2.8788511753082275,0.9108326140607091
9,10,/home/nabizadz/Projects/Mahsa/datasets/grid/test/s33/pram2n.mpg,84,116,3.3563027381896973,0.9705233670059965
9,11,/home/nabizadz/Projects/Mahsa/datasets/grid/test/s33/sgal8n.mpg,5,37,4.212729454040527,0.9874666324698494
9,12,/home/nabizadz/Projects/Mahsa/datasets/grid/test/s33/sbad8p.mpg,61,93,3.041818618774414,0.9555637354977425
9,13,/home/nabizadz/Projects/Mahsa/datasets/grid/test/s33/priz6n.mpg,188,220,4.072673320770264,0.9484019353666843
9,14,/home/nabizadz/Projects/Mahsa/datasets/grid/test/s33/swws7a.mpg,40,72,2.0499699115753174,0.9509004727655399
9,15,/home/nabizadz/Projects/Mahsa/datasets/grid/test/s33/sbix4n.mpg,26,58,3.117065906524658,0.984084770355383
10,0,/home/nabizadz/Projects/Mahsa/datasets/grid/test/s33/lbag9s.mpg,16,48,3.2484495639801025,0.9691773209591728
10,1,/home/nabizadz/Projects/Mahsa/datasets/grid/test/s33/pbal9a.mpg,117,149,3.4272401332855225,0.9513728278461218
10,2,/home/nabizadz/Projects/Mahsa/datasets/grid/test/s33/pgbb2p.mpg,41,73,2.666015625,0.9492123150445798
10,3,/home/nabizadz/Projects/Mahsa/datasets/grid/test/s33/swbs1s.mpg,39,71,2.6023850440979004,0.9573235839524298
10,4,/home/nabizadz/Projects/Mahsa/datasets/grid/test/s33/pgaa9a.mpg,30,62,2.8542604446411133,0.9679668494136867
10,5,/home/nabizadz/Projects/Mahsa/datasets/grid/test/s33/lbiazn.mpg,56,88,3.0272128582000732,0.9419025001702083
10,6,/home/nabizadz/Projects/Mahsa/datasets/grid/test/s33/srby9s.mpg,153,185,3.6452455520629883,0.9288398018570168
10,7,/home/nabizadz/Projects/Mahsa/datasets/grid/test/s33/brbp8n.mpg,169,201,4.217097282409668,0.9100128473645708
10,8,/home/nabizadz/Projects/Mahsa/datasets/grid/test/s33/swws6p.mpg,163,195,3.0486278533935547,0.9320440696012174
10,9,/home/nabizadz/Projects/Mahsa/datasets/grid/test/s33/pbws9s.mpg,204,236,4.283273220062256,0.8405510052632903
10,10,/home/nabizadz/Projects/Mahsa/datasets/grid/test/s33/lgwj6p.mpg,109,141,2.147840976715088,0.9199465261026504
10,11,/home/nabizadz/Projects/Mahsa/datasets/grid/test/s33/prwa5a.mpg,131,163,1.9436081647872925,0.9277369114748152
10,12,/home/nabizadz/Projects/Mahsa/datasets/grid/test/s33/pwwu3a.mpg,39,71,2.9105985164642334,0.9482050233395832
10,13,/home/nabizadz/Projects/Mahsa/datasets/grid/test/s33/swie7a.mpg,23,55,3.3469367027282715,0.9815119406107312
10,14,/home/nabizadz/Projects/Mahsa/datasets/grid/test/s33/bwbyzp.mpg,72,104,2.845655918121338,0.972571491498328
10,15,/home/nabizadz/Projects/Mahsa/datasets/grid/test/s33/pbaz4n.mpg,198,230,4.330651760101318,0.8522137697067362
11,0,/home/nabizadz/Projects/Mahsa/datasets/grid/test/s33/sbbk5s.mpg,137,169,2.427790641784668,0.9321807059257022
11,1,/home/nabizadz/Projects/Mahsa/datasets/grid/test/s33/swal3s.mpg,40,72,1.3811366558074951,0.8849930436775294
11,2,/home/nabizadz/Projects/Mahsa/datasets/grid/test/s33/sbak1s.mpg,35,67,3.664456367492676,0.9722252626397903
11,3,/home/nabizadz/Projects/Mahsa/datasets/grid/test/s33/lrihzn.mpg,116,148,2.936450481414795,0.9224630407552445
11,4,/home/nabizadz/Projects/Mahsa/datasets/grid/test/s33/bgid6p.mpg,36,68,2.7860522270202637,0.9373699438581846
11,5,/home/nabizadz/Projects/Mahsa/datasets/grid/test/s33/bgad9s.mpg,18,50,3.531562566757202,0.975717731618664
11,6,/home/nabizadz/Projects/Mahsa/datasets/grid/test/s33/lgio7s.mpg,222,254,3.9462578296661377,0.9232792412410631
11,7,/home/nabizadz/Projects/Mahsa/datasets/grid/test/s33/prim1a.mpg,106,138,2.7217862606048584,0.9053047684182054
11,8,/home/nabizadz/Projects/Mahsa/datasets/grid/test/s33/lwav1a.mpg,43,75,1.8678687810897827,0.9120876313085299
11,9,/home/nabizadz/Projects/Mahsa/datasets/grid/test/s33/bwbk3a.mpg,39,71,2.658565044403076,0.9554910981759636
11,10,/home/nabizadz/Projects/Mahsa/datasets/grid/test/s33/sbad6n.mpg,230,262,4.126570701599121,0.8259470010434614
11,11,/home/nabizadz/Projects/Mahsa/datasets/grid/test/s33/bwwr1a.mpg,204,236,4.047900199890137,0.8374579079163886
11,12,/home/nabizadz/Projects/Mahsa/datasets/grid/test/s33/lrin7a.mpg,172,204,4.271142482757568,0.9590985470289841
11,13,/home/nabizadz/Projects/Mahsa/datasets/grid/test/s33/srwz5a.mpg,224,256,4.1592817306518555,0.8832966045992796
11,14,/home/nabizadz/Projects/Mahsa/datasets/grid/test/s33/swbz7a.mpg,52,84,2.5502665042877197,0.9487370150503033
11,15,/home/nabizadz/Projects/Mahsa/datasets/grid/test/s33/bbai4n.mpg,112,144,3.3195533752441406,0.9476942725331731
12,0,/home/nabizadz/Projects/Mahsa/datasets/grid/test/s33/pras9a.mpg,156,188,4.21464729309082,0.9670722591899614
12,1,/home/nabizadz/Projects/Mahsa/datasets/grid/test/s33/pwigzn.mpg,256,288,3.9616613388061523,0.9134315968570518
12,2,/home/nabizadz/Projects/Mahsa/datasets/grid/test/s33/sriq9a.mpg,54,86,2.620419502258301,0.954184185718344
12,3,/home/nabizadz/Projects/Mahsa/datasets/grid/test/s33/sray5s.mpg,35,67,1.8072597980499268,0.955381233679502
12,4,/home/nabizadz/Projects/Mahsa/datasets/grid/test/s33/bbwdzp.mpg,244,276,4.347316741943359,0.9113128496115014
12,5,/home/nabizadz/Projects/Mahsa/datasets/grid/test/s33/lbwo2p.mpg,210,242,4.29408597946167,0.8612411611999952
12,6,/home/nabizadz/Projects/Mahsa/datasets/grid/test/s33/srws1a.mpg,125,157,3.1447410583496094,0.9598146114100656
12,7,/home/nabizadz/Projects/Mahsa/datasets/grid/test/s33/lgac4p.mpg,244,276,4.189375877380371,0.9316154992209306
12,8,/home/nabizadz/Projects/Mahsa/datasets/grid/test/s33/pbwg2p.mpg,223,255,4.274599552154541,0.8742526714650396
12,9,/home/nabizadz/Projects/Mahsa/datasets/grid/test/s33/pwwh3s.mpg,104,136,2.7016384601593018,0.9251606417797801
12,10,/home/nabizadz/Projects/Mahsa/datasets/grid/test/s33/bwij5a.mpg,227,259,4.184230327606201,0.8130899132135674
12,11,/home/nabizadz/Projects/Mahsa/datasets/grid/test/s33/lgwx5a.mpg,25,57,3.846391439437866,0.9757074598226299
12,12,/home/nabizadz/Projects/Mahsa/datasets/grid/test/s33/sbwy9a.mpg,236,268,4.189813613891602,0.9668469205937542
12,13,/home/nabizadz/Projects/Mahsa/datasets/grid/test/s33/pwwu1s.mpg,163,195,4.190476894378662,0.9488135863380308
12,14,/home/nabizadz/Projects/Mahsa/datasets/grid/test/s33/bbap1a.mpg,122,154,3.0480072498321533,0.9270438429832556
12,15,/home/nabizadz/Projects/Mahsa/datasets/grid/test/s33/pgwu9a.mpg,237,269,3.9582479000091553,0.8055785305077439
13,0,/home/nabizadz/Projects/Mahsa/datasets/grid/test/s33/bgbr2p.mpg,60,92,3.0698776245117188,0.9586192032196817
13,1,/home/nabizadz/Projects/Mahsa/datasets/grid/test/s33/lwbi6p.mpg,173,205,3.357572317123413,0.9303312205026024
13,2,/home/nabizadz/Projects/Mahsa/datasets/grid/test/s33/swwmzn.mpg,179,211,4.219856262207031,0.9064356247367718
13,3,/home/nabizadz/Projects/Mahsa/datasets/grid/test/s33/pgbo1a.mpg,110,142,3.0955777168273926,0.9483974878914743
13,4,/home/nabizadz/Projects/Mahsa/datasets/grid/test/s33/swwz9s.mpg,197,229,4.37124490737915,0.9359107440285763
13,5,/home/nabizadz/Projects/Mahsa/datasets/grid/test/s33/sriy1s.mpg,79,111,2.728131055831909,0.9626689017466735
13,6,/home/nabizadz/Projects/Mahsa/datasets/grid/test/s33/lbbu1s.mpg,158,190,3.7935948371887207,0.9636811057179914
13,7,/home/nabizadz/Projects/Mahsa/datasets/grid/test/s33/lrih2p.mpg,193,225,4.226000785827637,0.9277404895840232
13,8,/home/nabizadz/Projects/Mahsa/datasets/grid/test/s33/brax1a.mpg,230,262,3.95141339302063,0.9736536461573482
13,9,/home/nabizadz/Projects/Mahsa/datasets/grid/test/s33/bgwe6n.mpg,34,66,2.929309129714966,0.9546406505788739
13,10,/home/nabizadz/Projects/Mahsa/datasets/grid/test/s33/bgwr4n.mpg,235,267,4.250223159790039,0.8554525023834751
13,11,/home/nabizadz/Projects/Mahsa/datasets/grid/test/s33/lrbo5a.mpg,125,157,3.045427083969116,0.9568266669880477
13,12,/home/nabizadz/Projects/Mahsa/datasets/grid/test/s33/prwg9a.mpg,241,273,4.242705821990967,0.9489526025694734
13,13,/home/nabizadz/Projects/Mahsa/datasets/grid/test/s33/lbwb3s.mpg,260,292,4.248847961425781,0.902447267233006
13,14,/home/nabizadz/Projects/Mahsa/datasets/grid/test/s33/lwao5s.mpg,226,258,4.302340507507324,0.8393489939408688
13,15,/home/nabizadz/Projects/Mahsa/datasets/grid/test/s33/lbbbzp.mpg,9,41,3.337606430053711,0.986546944041721
14,0,/home/nabizadz/Projects/Mahsa/datasets/grid/test/s33/lwwp5a.mpg,244,276,4.324239253997803,0.9445482135692488
14,1,/home/nabizadz/Projects/Mahsa/datasets/grid/test/s33/sgas5a.mpg,168,200,4.251111030578613,0.9724967045347236
14,2,/home/nabizadz/Projects/Mahsa/datasets/grid/test/s33/brajzn.mpg,244,276,4.131412506103516,0.9976271959591393
14,3,/home/nabizadz/Projects/Mahsa/datasets/grid/test/s33/lbig4n.mpg,56,88,2.371699333190918,0.9296997808475193
14,4,/home/nabizadz/Projects/Mahsa/datasets/grid/test/s33/bgiq4p.mpg,211,243,3.0801596641540527,0.9284924515761817
14,5,/home/nabizadz/Projects/Mahsa/datasets/grid/test/s33/sgbm2n.mpg,78,110,3.1056182384490967,0.9606929005923962
14,6,/home/nabizadz/Projects/Mahsa/datasets/grid/test/s33/lwio1s.mpg,192,224,4.22898006439209,0.8792708306702137
14,7,/home/nabizadz/Projects/Mahsa/datasets/grid/test/s33/pbaz6p.mpg,129,161,3.4858667850494385,0.940656178697362
14,8,/home/nabizadz/Projects/Mahsa/datasets/grid/test/s33/lrbu6n.mpg,26,58,2.5642104148864746,0.9573363052010195
14,9,/home/nabizadz/Projects/Mahsa/datasets/grid/test/s33/sgaz6n.mpg,233,265,4.234797954559326,0.932819373766663
14,10,/home/nabizadz/Projects/Mahsa/datasets/grid/test/s33/lrah4n.mpg,69,101,1.6676265001296997,0.9336336545578533
14,11,/home/nabizadz/Projects/Mahsa/datasets/grid/test/s33/lbwu5s.mpg,127,159,3.5310473442077637,0.9492535553252648
14,12,/home/nabizadz/Projects/Mahsa/datasets/grid/test/s33/pbwm7a.mpg,71,103,3.478278160095215,0.9681714955361833
14,13,/home/nabizadz/Projects/Mahsa/datasets/grid/test/s33/sgas4p.mpg,55,87,3.011759042739868,0.9477609505311964
14,14,/home/nabizadz/Projects/Mahsa/datasets/grid/test/s33/priz8p.mpg,96,128,2.729356527328491,0.9531110473568216
14,15,/home/nabizadz/Projects/Mahsa/datasets/grid/test/s33/swbl7s.mpg,178,210,3.223024368286133,0.9518193047295228
15,0,/home/nabizadz/Projects/Mahsa/datasets/grid/test/s33/sgbm3s.mpg,64,96,2.7017099857330322,0.953565170886172
15,1,/home/nabizadz/Projects/Mahsa/datasets/grid/test/s33/sbax8n.mpg,61,93,3.2188243865966797,0.9752617564817935
15,2,/home/nabizadz/Projects/Mahsa/datasets/grid/test/s33/srbl2p.mpg,3,35,3.5682480335235596,0.9915445182926848
15,3,/home/nabizadz/Projects/Mahsa/datasets/grid/test/s33/pbie8n.mpg,32,64,2.410449743270874,0.953000733192703
15,4,/home/nabizadz/Projects/Mahsa/datasets/grid/test/s33/prwt4n.mpg,204,236,3.080200672149658,0.937055363231224
15,5,/home/nabizadz/Projects/Mahsa/datasets/grid/test/s33/lwab8p.mpg,185,217,4.131224155426025,0.8898843852122738
15,6,/home/nabizadz/Projects/Mahsa/datasets/grid/test/s33/swbszn.mpg,143,175,3.376129388809204,0.9315480804539511
15,7,/home/nabizadz/Projects/Mahsa/datasets/grid/test/s33/srak8p.mpg,259,291,4.225824356079102,0.9168651557341602
15,8,/home/nabizadz/Projects/Mahsa/datasets/grid/test/s33/bwwe3a.mpg,174,206,4.309950351715088,0.913781026370832
15,9,/home/nabizadz/Projects/Mahsa/datasets/grid/test/s33/sgwt3a.mpg,127,159,2.3748199939727783,0.9186964724016009
15,10,/home/nabizadz/Projects/Mahsa/datasets/grid/test/s33/lgai8p.mpg,187,219,4.280703544616699,0.9269154071630432
15,11,/home/nabizadz/Projects/Mahsa/datasets/grid/test/s33/pgit4n.mpg,29,61,1.5698189735412598,0.9491352526396195
15,12,/home/nabizadz/Projects/Mahsa/datasets/grid/test/s33/bbiu9s.mpg,91,123,2.700441837310791,0.9212199404368971
15,13,/home/nabizadz/Projects/Mahsa/datasets/grid/test/s33/sbak2p.mpg,75,107,2.9517579078674316,0.9626838095048843
15,14,/home/nabizadz/Projects/Mahsa/datasets/grid/test/s33/pgbn8n.mpg,106,138,2.803907632827759,0.9358912128121566
15,15,/home/nabizadz/Projects/Mahsa/datasets/grid/test/s33/sbay1a.mpg,232,264,4.236073017120361,0.8525470032869564
16,0,/home/nabizadz/Projects/Mahsa/datasets/grid/test/s33/lgwx4p.mpg,125,157,3.3556747436523438,0.9454526821538138
16,1,/home/nabizadz/Projects/Mahsa/datasets/grid/test/s33/lwbi7a.mpg,72,104,2.9036002159118652,0.9508625605212889
16,2,/home/nabizadz/Projects/Mahsa/datasets/grid/test/s33/primzp.mpg,76,108,3.4756317138671875,0.9515513389160979
16,3,/home/nabizadz/Projects/Mahsa/datasets/grid/test/s33/lgwj5s.mpg,19,51,3.8536765575408936,0.9569416398529929
16,4,/home/nabizadz/Projects/Mahsa/datasets/grid/test/s33/srwf3a.mpg,35,67,3.304598093032837,0.9670276535185065
16,5,/home/nabizadz/Projects/Mahsa/datasets/grid/test/s33/pris5a.mpg,133,165,3.0515377521514893,0.9426482292596964
16,6,/home/nabizadz/Projects/Mahsa/datasets/grid/test/s33/brwd7a.mpg,70,102,2.445857048034668,0.9612442522232337
16,7,/home/nabizadz/Projects/Mahsa/datasets/grid/test/s33/bbav4p.mpg,82,114,3.123932123184204,0.9649170391299506
16,8,/home/nabizadz/Projects/Mahsa/datasets/grid/test/s33/pbbm1s.mpg,193,225,4.2194623947143555,0.8767310053824564
16,9,/home/nabizadz/Projects/Mahsa/datasets/grid/test/s33/brwd4n.mpg,132,164,3.1202523708343506,0.9240042834138262
16,10,/home/nabizadz/Projects/Mahsa/datasets/grid/test/s33/pwbn5a.mpg,112,144,2.726738214492798,0.9493586868426834
16,11,/home/nabizadz/Projects/Mahsa/datasets/grid/test/s33/bbiu8n.mpg,67,99,2.877948760986328,0.9398844810866724
16,12,/home/nabizadz/Projects/Mahsa/datasets/grid/test/s33/sbwl1a.mpg,230,262,4.173425674438477,0.7940562273227225
16,13,/home/nabizadz/Projects/Mahsa/datasets/grid/test/s33/brwd5s.mpg,37,69,3.1085784435272217,0.9720364403337793
16,14,/home/nabizadz/Projects/Mahsa/datasets/grid/test/s33/bgid7a.mpg,186,218,3.485888719558716,0.9521292270782928
16,15,/home/nabizadz/Projects/Mahsa/datasets/grid/test/s33/sray7a.mpg,107,139,2.9017391204833984,0.9685947147039139
17,0,/home/nabizadz/Projects/Mahsa/datasets/grid/test/s33/prbg5a.mpg,106,138,2.506422519683838,0.946028885815052
17,1,/home/nabizadz/Projects/Mahsa/datasets/grid/test/s33/bbbv8p.mpg,238,270,4.059060096740723,0.9077142770053047
17,2,/home/nabizadz/Projects/Mahsa/datasets/grid/test/s33/sbwe4n.mpg,54,86,2.0652832984924316,0.9554577649707765
17,3,/home/nabizadz/Projects/Mahsa/datasets/grid/test/s33/sbwr3s.mpg,29,61,3.2723963260650635,0.9596292202157084
17,4,/home/nabizadz/Projects/Mahsa/datasets/grid/test/s33/bbio6p.mpg,222,254,4.018881320953369,0.8485288456386142
17,5,/home/nabizadz/Projects/Mahsa/datasets/grid/test/s33/swbl9a.mpg,191,223,4.2346343994140625,0.9229934154002504
17,6,/home/nabizadz/Projects/Mahsa/datasets/grid/test/s33/srwfzn.mpg,47,79,3.8013625144958496,0.9010710642351397
17,7,/home/nabizadz/Projects/Mahsa/datasets/grid/test/s33/pram4p.mpg,61,93,1.9267773628234863,0.9283012970873201
17,8,/home/nabizadz/Projects/Mahsa/datasets/grid/test/s33/bgwe7s.mpg,27,59,2.877044439315796,0.9336101249756649
17,9,/home/nabizadz/Projects/Mahsa/datasets/grid/test/s33/lwavzp.mpg,253,285,4.320553302764893,0.9030610138580676
17,10,/home/nabizadz/Projects/Mahsa/datasets/grid/test/s33/bgbe3s.mpg,41,73,2.5785410404205322,0.9306952207378512
17,11,/home/nabizadz/Projects/Mahsa/datasets/grid/test/s33/srbr4n.mpg,79,111,3.139049530029297,0.9539722824240615
17,12,/home/nabizadz/Projects/Mahsa/datasets/grid/test/s33/brwq3s.mpg,163,195,2.8063204288482666,0.9426518466107289
17,13,/home/nabizadz/Projects/Mahsa/datasets/grid/test/s33/lwai2p.mpg,225,257,3.936282157897949,0.8502258436399877
17,14,/home/nabizadz/Projects/Mahsa/datasets/grid/test/s33/sbid4p.mpg,240,272,4.345342636108398,0.928502729525322
17,15,/home/nabizadz/Projects/Mahsa/datasets/grid/test/s33/prwn2p.mpg,143,175,2.9881622791290283,0.932074759472659
18,0,/home/nabizadz/Projects/Mahsa/datasets/grid/test/s33/pwbg9s.mpg,35,67,3.2505247592926025,0.9611821969457354
18,1,/home/nabizadz/Projects/Mahsa/datasets/grid/test/s33/lgbj2p.mpg,266,298,4.14304256439209,0.990164373554171
18,2,/home/nabizadz/Projects/Mahsa/datasets/grid/test/s33/sbby5a.mpg,193,225,4.016828536987305,0.9025666181072383
18,3,/home/nabizadz/Projects/Mahsa/datasets/grid/test/s33/bgay1s.mpg,127,159,3.117159605026245,0.9309663044898108
18,4,/home/nabizadz/Projects/Mahsa/datasets/grid/test/s33/sgbs8p.mpg,181,213,2.8790035247802734,0.9294365000697724
18,5,/home/nabizadz/Projects/Mahsa/datasets/grid/test/s33/pgbozp.mpg,42,74,2.414134979248047,0.935646382004502
18,6,/home/nabizadz/Projects/Mahsa/datasets/grid/test/s33/sgwg3s.mpg,145,177,2.9400317668914795,0.9498025436929605
18,7,/home/nabizadz/Projects/Mahsa/datasets/grid/test/s33/pgwo5a.mpg,127,159,2.8438165187835693,0.9299624562487192
18,8,/home/nabizadz/Projects/Mahsa/datasets/grid/test/s33/bric3s.mpg,118,150,3.2829082012176514,0.9465038814681463
18,9,/home/nabizadz/Projects/Mahsa/datasets/grid/test/s33/lwwc7a.mpg,182,214,4.177067756652832,0.9379918426964075
18,10,/home/nabizadz/Projects/Mahsa/datasets/grid/test/s33/bgwr7a.mpg,114,146,3.3415145874023438,0.9574783706703596
18,11,/home/nabizadz/Projects/Mahsa/datasets/grid/test/s33/lgbjzn.mpg,63,95,2.9661569595336914,0.9491429011455986
18,12,/home/nabizadz/Projects/Mahsa/datasets/grid/test/s33/lrwo9a.mpg,223,255,4.070138931274414,0.8803861334110584
18,13,/home/nabizadz/Projects/Mahsa/datasets/grid/test/s33/pwanzp.mpg,185,217,4.194966793060303,0.8914449096339188
18,14,/home/nabizadz/Projects/Mahsa/datasets/grid/test/s33/srik2n.mpg,196,228,4.109764099121094,0.8346271656685648
18,15,/home/nabizadz/Projects/Mahsa/datasets/grid/test/s33/bwaj6n.mpg,232,264,4.102356433868408,0.885395763086536
19,0,/home/nabizadz/Projects/Mahsa/datasets/grid/test/s33/bgbe5a.mpg,59,91,2.75884747505188,0.9295400571800955
19,1,/home/nabizadz/Projects/Mahsa/datasets/grid/test/s33/pwbn4p.mpg,196,228,4.426848411560059,0.9630094931502916
19,2,/home/nabizadz/Projects/Mahsa/datasets/grid/test/s33/lwiu7a.mpg,112,144,3.2893078327178955,0.940267171641237
19,3,/home/nabizadz/Projects/Mahsa/datasets/grid/test/s33/bbbjzp.mpg,91,123,2.928971529006958,0.9554238005568838
19,4,/home/nabizadz/Projects/Mahsa/datasets/grid/test/s33/pwit1a.mpg,170,202,3.844905376434326,0.9554909685951206
19,5,/home/nabizadz/Projects/Mahsa/datasets/grid/test/s33/prbm8p.mpg,227,259,4.221375942230225,0.9094999456577016
19,6,/home/nabizadz/Projects/Mahsa/datasets/grid/test/s33/bgwz1a.mpg,264,296,4.174948215484619,0.972667010139876
19,7,/home/nabizadz/Projects/Mahsa/datasets/grid/test/s33/bgix8p.mpg,251,283,4.240907192230225,0.843075739601253
19,8,/home/nabizadz/Projects/Mahsa/datasets/grid/test/s33/pgig8p.mpg,183,215,3.0301921367645264,0.9124857057125304
19,9,/home/nabizadz/Projects/Mahsa/datasets/grid/test/s33/bgae1a.mpg,153,185,3.0410661697387695,0.9299275810816563
19,10,/home/nabizadz/Projects/Mahsa/datasets/grid/test/s33/sbbk4n.mpg,262,294,4.230895519256592,0.9182989123270924
19,11,/home/nabizadz/Projects/Mahsa/datasets/grid/test/s33/sriq7s.mpg,169,201,2.9301564693450928,0.9332448370855737
19,12,/home/nabizadz/Projects/Mahsa/datasets/grid/test/s33/bbwc8n.mpg,110,142,3.4082841873168945,0.9373612913610617
19,13,/home/nabizadz/Projects/Mahsa/datasets/grid/test/s33/brac9a.mpg,142,174,3.3726229667663574,0.9083714819215469
19,14,/home/nabizadz/Projects/Mahsa/datasets/grid/test/s33/brac8p.mpg,236,268,4.296507358551025,0.9038069683951955
19,15,/home/nabizadz/Projects/Mahsa/datasets/grid/test/s33/bgad8n.mpg,101,133,2.7697811126708984,0.9341121219892136
20,0,/home/nabizadz/Projects/Mahsa/datasets/grid/test/s33/lbinzp.mpg,41,73,2.8460030555725098,0.9463247094502963
20,1,/home/nabizadz/Projects/Mahsa/datasets/grid/test/s33/lgbp4n.mpg,113,145,3.477224349975586,0.9617016789139574
20,2,/home/nabizadz/Projects/Mahsa/datasets/grid/test/s33/lrih3a.mpg,56,88,2.742806911468506,0.9345724839604153
20,3,/home/nabizadz/Projects/Mahsa/datasets/grid/test/s33/lwwjzp.mpg,107,139,2.718747138977051,0.9318576212804691
20,4,/home/nabizadz/Projects/Mahsa/datasets/grid/test/s33/pgwo2n.mpg,231,263,4.035905838012695,0.9323015190955762
20,5,/home/nabizadz/Projects/Mahsa/datasets/grid/test/s33/sbid2n.mpg,137,169,3.1678144931793213,0.9199290976668029
20,6,/home/nabizadz/Projects/Mahsa/datasets/grid/test/s33/lran9s.mpg,121,153,2.7471189498901367,0.941320263114708
20,7,/home/nabizadz/Projects/Mahsa/datasets/grid/test/s33/prwg8p.mpg,216,248,4.263387203216553,0.913026266325374
20,8,/home/nabizadz/Projects/Mahsa/datasets/grid/test/s33/prbg3s.mpg,148,180,3.3328070640563965,0.9393269180779429
20,9,/home/nabizadz/Projects/Mahsa/datasets/grid/test/s33/pbwgzn.mpg,226,258,4.258403301239014,0.8729294416528355
20,10,/home/nabizadz/Projects/Mahsa/datasets/grid/test/s33/lwih7s.mpg,186,218,4.190025329589844,0.9556990170420486
20,11,/home/nabizadz/Projects/Mahsa/datasets/grid/test/s33/sgaf6p.mpg,216,248,3.2607812881469727,0.9401528999733882
20,12,/home/nabizadz/Projects/Mahsa/datasets/grid/test/s33/bbai6p.mpg,114,146,2.6271355152130127,0.9084858408239815
20,13,/home/nabizadz/Projects/Mahsa/datasets/grid/test/s33/swazzn.mpg,250,282,4.3916497230529785,0.9239162939244784
20,14,/home/nabizadz/Projects/Mahsa/datasets/grid/test/s33/lrbu9a.mpg,207,239,4.438564777374268,0.9015946914731711
20,15,/home/nabizadz/Projects/Mahsa/datasets/grid/test/s33/pbir9a.mpg,44,76,2.7643396854400635,0.9629791223872608
21,0,/home/nabizadz/Projects/Mahsa/datasets/grid/test/s33/sbbq8n.mpg,112,144,3.0773253440856934,0.9292039881660533
21,1,/home/nabizadz/Projects/Mahsa/datasets/grid/test/s33/pgwu8p.mpg,34,66,2.68803071975708,0.951116472000987
21,2,/home/nabizadz/Projects/Mahsa/datasets/grid/test/s33/pwig1s.mpg,52,84,3.012455701828003,0.9555959344792676
21,3,/home/nabizadz/Projects/Mahsa/datasets/grid/test/s33/bbai7a.mpg,164,196,4.160480499267578,0.9683649021746079
21,4,/home/nabizadz/Projects/Mahsa/datasets/grid/test/s33/bwwq9s.mpg,124,156,2.7833735942840576,0.9366151881236435
21,5,/home/nabizadz/Projects/Mahsa/datasets/grid/test/s33/lwao7a.mpg,94,126,2.8901641368865967,0.9029606806221709
21,6,/home/nabizadz/Projects/Mahsa/datasets/grid/test/s33/brbx4p.mpg,62,94,2.999652624130249,0.9481219744477111
21,7,/home/nabizadz/Projects/Mahsa/datasets/grid/test/s33/srar1s.mpg,175,207,4.352249622344971,0.8882993413672685
21,8,/home/nabizadz/Projects/Mahsa/datasets/grid/test/s33/bwwq8n.mpg,53,85,2.854201078414917,0.95127386499515
21,9,/home/nabizadz/Projects/Mahsa/datasets/grid/test/s33/lbaa6p.mpg,245,277,4.084353923797607,0.9424496065245118
21,10,/home/nabizadz/Projects/Mahsa/datasets/grid/test/s33/lwau9s.mpg,128,160,2.9344964027404785,0.9408584453230397
21,11,/home/nabizadz/Projects/Mahsa/datasets/grid/test/s33/pgauzp.mpg,213,245,4.186588764190674,0.8686303590471139
21,12,/home/nabizadz/Projects/Mahsa/datasets/grid/test/s33/lrah6p.mpg,83,115,2.668442964553833,0.9383260933049329
21,13,/home/nabizadz/Projects/Mahsa/datasets/grid/test/s33/lgio6n.mpg,113,145,3.3641388416290283,0.966077137602167
21,14,/home/nabizadz/Projects/Mahsa/datasets/grid/test/s33/lrau5a.mpg,176,208,4.21528434753418,0.95756438173752
21,15,/home/nabizadz/Projects/Mahsa/datasets/grid/test/s33/prbt1s.mpg,186,218,4.270929336547852,0.9776335088085751
22,0,/home/nabizadz/Projects/Mahsa/datasets/grid/test/s33/sgif2p.mpg,211,243,4.074936866760254,0.8341963389985112
22,1,/home/nabizadz/Projects/Mahsa/datasets/grid/test/s33/bgwl1s.mpg,149,181,3.1224324703216553,0.934534422664187
22,2,/home/nabizadz/Projects/Mahsa/datasets/grid/test/s33/sbwy7s.mpg,198,230,4.202949523925781,0.9098362617769847
22,3,/home/nabizadz/Projects/Mahsa/datasets/grid/test/s33/brwkzp.mpg,37,69,3.4333202838897705,0.966331196530918
22,4,/home/nabizadz/Projects/Mahsa/datasets/grid/test/s33/sbby2n.mpg,231,263,4.09935188293457,0.7702809979580825
22,5,/home/nabizadz/Projects/Mahsa/datasets/grid/test/s33/sray4n.mpg,10,42,3.3870112895965576,0.9852748066651806
22,6,/home/nabizadz/Projects/Mahsa/datasets/grid/test/s33/bwip8p.mpg,166,198,3.278134822845459,0.8988556809497017
22,7,/home/nabizadz/Projects/Mahsa/datasets/grid/test/s33/bbbp3s.mpg,88,120,2.7469820976257324,0.964478220345462
22,8,/home/nabizadz/Projects/Mahsa/datasets/grid/test/s33/pbaszn.mpg,26,58,3.6732912063598633,0.9830295458976372
22,9,/home/nabizadz/Projects/Mahsa/datasets/grid/test/s33/bbac3a.mpg,192,224,4.05925178527832,0.8944986488587134
22,10,/home/nabizadz/Projects/Mahsa/datasets/grid/test/s33/pwim4n.mpg,19,51,2.8244946002960205,0.9689334978599399
22,11,/home/nabizadz/Projects/Mahsa/datasets/grid/test/s33/lbwb2n.mpg,139,171,2.6611759662628174,0.9338312274738231
22,12,/home/nabizadz/Projects/Mahsa/datasets/grid/test/s33/bbib6n.mpg,240,272,3.841815710067749,0.8426771544314514
22,13,/home/nabizadz/Projects/Mahsa/datasets/grid/test/s33/srae2n.mpg,43,75,2.832367181777954,0.9644056778657093
22,14,/home/nabizadz/Projects/Mahsa/datasets/grid/test/s33/sbbezn.mpg,71,103,2.820098876953125,0.9484924488749887
22,15,/home/nabizadz/Projects/Mahsa/datasets/grid/test/s33/swwz8n.mpg,102,134,2.70210337638855,0.9429660287774785
23,0,/home/nabizadz/Projects/Mahsa/datasets/grid/test/s33/pbbf9a.mpg,162,194,3.0641448497772217,0.953963078469719
23,1,/home/nabizadz/Projects/Mahsa/datasets/grid/test/s33/pgbu3s.mpg,241,273,4.327174186706543,0.9213307675994695
23,2,/home/nabizadz/Projects/Mahsa/datasets/grid/test/s33/pwis8n.mpg,103,135,3.24182391166687,0.9590788990054022
23,3,/home/nabizadz/Projects/Mahsa/datasets/grid/test/s33/sbiq3a.mpg,254,286,4.3222832679748535,0.9106471210884651
23,4,/home/nabizadz/Projects/Mahsa/datasets/grid/test/s33/lban2n.mpg,254,286,4.238819122314453,0.9354491366025579
23,5,/home/nabizadz/Projects/Mahsa/datasets/grid/test/s33/pgbh4n.mpg,182,214,3.8486998081207275,0.89987835552533
23,6,/home/nabizadz/Projects/Mahsa/datasets/grid/test/s33/bbwc9s.mpg,195,227,4.182667255401611,0.8769340729383106
23,7,/home/nabizadz/Projects/Mahsa/datasets/grid/test/s33/sbij8p.mpg,257,289,4.086236000061035,0.9397361547517075
23,8,/home/nabizadz/Projects/Mahsa/datasets/grid/test/s33/pwbt6n.mpg,222,254,3.914228916168213,0.9569601350004256
23,9,/home/nabizadz/Projects/Mahsa/datasets/grid/test/s33/pbbs7a.mpg,139,171,2.876478672027588,0.9175925295125896
23,10,/home/nabizadz/Projects/Mahsa/datasets/grid/test/s33/lraozp.mpg,211,243,4.303957939147949,0.8249922218729329
23,11,/home/nabizadz/Projects/Mahsa/datasets/grid/test/s33/lwwc6p.mpg,223,255,4.206324100494385,0.9527209853350117
23,12,/home/nabizadz/Projects/Mahsa/datasets/grid/test/s33/bwwy3s.mpg,35,67,3.3273539543151855,0.9564784309089887
23,13,/home/nabizadz/Projects/Mahsa/datasets/grid/test/s33/prwt7a.mpg,268,300,4.0610151290893555,0.9537717732807227
23,14,/home/nabizadz/Projects/Mahsa/datasets/grid/test/s33/pgbu5a.mpg,95,127,3.160531520843506,0.9642541184894038
23,15,/home/nabizadz/Projects/Mahsa/datasets/grid/test/s33/swbz4n.mpg,29,61,2.7509632110595703,0.9368971516587333
24,0,/home/nabizadz/Projects/Mahsa/datasets/grid/test/s33/bwad5a.mpg,153,185,3.0588202476501465,0.9308583887244359
24,1,/home/nabizadz/Projects/Mahsa/datasets/grid/test/s33/sgwg4p.mpg,76,108,3.4468014240264893,0.9758746803187986
24,2,/home/nabizadz/Projects/Mahsa/datasets/grid/test/s33/srbz1a.mpg,241,273,4.328251361846924,0.8966968282057897
24,3,/home/nabizadz/Projects/Mahsa/datasets/grid/test/s33/pwaa3a.mpg,165,197,4.187893390655518,0.9316827787969109
24,4,/home/nabizadz/Projects/Mahsa/datasets/grid/test/s33/lrab2p.mpg,112,144,1.9556652307510376,0.9578913608343743
24,5,/home/nabizadz/Projects/Mahsa/datasets/grid/test/s33/lbia2p.mpg,256,288,4.235722064971924,0.9687982173302497
24,6,/home/nabizadz/Projects/Mahsa/datasets/grid/test/s33/swir4p.mpg,106,138,2.8256402015686035,0.9429012607669394
24,7,/home/nabizadz/Projects/Mahsa/datasets/grid/test/s33/sriq6n.mpg,26,58,3.4863221645355225,0.9815920390392694
24,8,/home/nabizadz/Projects/Mahsa/datasets/grid/test/s33/swar9a.mpg,160,192,2.8169846534729004,0.942664836130192
24,9,/home/nabizadz/Projects/Mahsa/datasets/grid/test/s33/bgwl2p.mpg,242,274,3.9129157066345215,0.9803104195584708
24,10,/home/nabizadz/Projects/Mahsa/datasets/grid/test/s33/brwx8p.mpg,215,247,4.335712909698486,0.9244271689303204
24,11,/home/nabizadz/Projects/Mahsa/datasets/grid/test/s33/srwf1s.mpg,182,214,2.288217067718506,0.9383463441709236
24,12,/home/nabizadz/Projects/Mahsa/datasets/grid/test/s33/lgib9s.mpg,27,59,2.780911445617676,0.9467934036949659
24,13,/home/nabizadz/Projects/Mahsa/datasets/grid/test/s33/lrwo8p.mpg,48,80,2.9096975326538086,0.9644448593248616
24,14,/home/nabizadz/Projects/Mahsa/datasets/grid/test/s33/lbbn6n.mpg,39,71,2.4096124172210693,0.9679603578574663
24,15,/home/nabizadz/Projects/Mahsa/datasets/grid/test/s33/pgbu4p.mpg,168,200,2.834099769592285,0.9127384978064288
25,0,/home/nabizadz/Projects/Mahsa/datasets/grid/test/s33/pris3s.mpg,247,279,4.278343200683594,0.9704163511429725
25,1,/home/nabizadz/Projects/Mahsa/datasets/grid/test/s33/swbz6p.mpg,74,106,2.6768853664398193,0.9555513519717476
25,2,/home/nabizadz/Projects/Mahsa/datasets/grid/test/s33/lbwh8p.mpg,58,90,3.355980634689331,0.9352950378390639
25,3,/home/nabizadz/Projects/Mahsa/datasets/grid/test/s33/pgah2p.mpg,158,190,3.2668073177337646,0.945073752764763
25,4,/home/nabizadz/Projects/Mahsa/datasets/grid/test/s33/lwbo9s.mpg,40,72,3.2944395542144775,0.9864497034193122
25,5,/home/nabizadz/Projects/Mahsa/datasets/grid/test/s33/pbws8n.mpg,140,172,3.562067747116089,0.8990830573657231
25,6,/home/nabizadz/Projects/Mahsa/datasets/grid/test/s33/bgak3s.mpg,268,300,4.356068134307861,0.9145589744746735
25,7,/home/nabizadz/Projects/Mahsa/datasets/grid/test/s33/srik4p.mpg,157,189,2.8627097606658936,0.9231273187234967
25,8,/home/nabizadz/Projects/Mahsa/datasets/grid/test/s33/bric5a.mpg,115,147,2.9016783237457275,0.9234983072984952
25,9,/home/nabizadz/Projects/Mahsa/datasets/grid/test/s33/lgbc6n.mpg,109,141,2.176095724105835,0.9433875141281346
25,10,/home/nabizadz/Projects/Mahsa/datasets/grid/test/s33/lrwo7s.mpg,0,32,4.174831867218018,0.9998618889357274
25,11,/home/nabizadz/Projects/Mahsa/datasets/grid/test/s33/bgid4n.mpg,65,97,2.7848711013793945,0.931481394457244
25,12,/home/nabizadz/Projects/Mahsa/datasets/grid/test/s33/swwf6n.mpg,153,185,2.747530221939087,0.9155052301294806
25,13,/home/nabizadz/Projects/Mahsa/datasets/grid/test/s33/sbaq7a.mpg,249,281,4.1834235191345215,0.8849623638699626
25,14,/home/nabizadz/Projects/Mahsa/datasets/grid/test/s33/swal2n.mpg,238,270,4.021225452423096,0.8585657171357298
25,15,/home/nabizadz/Projects/Mahsa/datasets/grid/test/s33/sgbs9a.mpg,203,235,4.278354167938232,0.9338858235795412
26,0,/home/nabizadz/Projects/Mahsa/datasets/grid/test/s33/pbil5a.mpg,38,70,3.2740790843963623,0.9606960085430787
26,1,/home/nabizadz/Projects/Mahsa/datasets/grid/test/s33/lbba8n.mpg,68,100,3.0375795364379883,0.9207389620715066
26,2,/home/nabizadz/Projects/Mahsa/datasets/grid/test/s33/lrbi1a.mpg,38,70,2.777458906173706,0.9568401160683816
26,3,/home/nabizadz/Projects/Mahsa/datasets/grid/test/s33/pgbh7a.mpg,262,294,4.1392998695373535,0.9710016267898174
26,4,/home/nabizadz/Projects/Mahsa/datasets/grid/test/s33/pbbs4n.mpg,251,283,4.177908897399902,0.8670730075731684
26,5,/home/nabizadz/Projects/Mahsa/datasets/grid/test/s33/pwba6p.mpg,75,107,2.0971133708953857,0.9601093192965776
26,6,/home/nabizadz/Projects/Mahsa/datasets/grid/test/s33/pgbh6p.mpg,194,226,3.128746509552002,0.9124902827046991
26,7,/home/nabizadz/Projects/Mahsa/datasets/grid/test/s33/bgwe9a.mpg,65,97,3.2035460472106934,0.9415076837183719
26,8,/home/nabizadz/Projects/Mahsa/datasets/grid/test/s33/bbapzp.mpg,259,291,4.073822975158691,0.9998214759109094
26,9,/home/nabizadz/Projects/Mahsa/datasets/grid/test/s33/bwic9s.mpg,266,298,4.316551685333252,0.9647287056257995
26,10,/home/nabizadz/Projects/Mahsa/datasets/grid/test/s33/sgif3a.mpg,192,224,4.435622692108154,0.8709218362509641
26,11,/home/nabizadz/Projects/Mahsa/datasets/grid/test/s33/srie1a.mpg,117,149,2.8039608001708984,0.9028439461238089
26,12,/home/nabizadz/Projects/Mahsa/datasets/grid/test/s33/swwm3a.mpg,262,294,4.163349151611328,0.9464750711821082
26,13,/home/nabizadz/Projects/Mahsa/datasets/grid/test/s33/sbbq9s.mpg,242,274,4.116558074951172,0.8193834154021894
26,14,/home/nabizadz/Projects/Mahsa/datasets/grid/test/s33/swir2n.mpg,23,55,3.1860806941986084,0.9174239174190418
26,15,/home/nabizadz/Projects/Mahsa/datasets/grid/test/s33/bwbq4n.mpg,162,194,3.573647975921631,0.939991873181072
27,0,/home/nabizadz/Projects/Mahsa/datasets/grid/test/s33/pwba4n.mpg,249,281,4.170884132385254,0.8844601559966621
27,1,/home/nabizadz/Projects/Mahsa/datasets/grid/test/s33/bgbe4p.mpg,253,285,4.271025657653809,0.9464051512631465
27,2,/home/nabizadz/Projects/Mahsa/datasets/grid/test/s33/bgij9s.mpg,21,53,2.682368755340576,0.9811074543584694
27,3,/home/nabizadz/Projects/Mahsa/datasets/grid/test/s33/lrbu7s.mpg,162,194,3.3377227783203125,0.940836260441422
27,4,/home/nabizadz/Projects/Mahsa/datasets/grid/test/s33/swie6p.mpg,243,275,4.125442981719971,0.9048118016902934
27,5,/home/nabizadz/Projects/Mahsa/datasets/grid/test/s33/pwam9s.mpg,190,222,3.903543472290039,0.8799650777554732
27,6,/home/nabizadz/Projects/Mahsa/datasets/grid/test/s33/lrbu8p.mpg,183,215,3.0971264839172363,0.9193660306586177
27,7,/home/nabizadz/Projects/Mahsa/datasets/grid/test/s33/sgiz4p.mpg,109,141,3.00911808013916,0.9496023421653356
27,8,/home/nabizadz/Projects/Mahsa/datasets/grid/test/s33/lgapzn.mpg,88,120,3.5574517250061035,0.9598944776130927
27,9,/home/nabizadz/Projects/Mahsa/datasets/grid/test/s33/srwr9s.mpg,80,112,2.7202799320220947,0.9165958799018961
27,10,/home/nabizadz/Projects/Mahsa/datasets/grid/test/s33/lrau2n.mpg,169,201,4.249206066131592,0.9195514285352271
27,11,/home/nabizadz/Projects/Mahsa/datasets/grid/test/s33/lbat8p.mpg,29,61,2.918658494949341,0.9719043589602401
27,12,/home/nabizadz/Projects/Mahsa/datasets/grid/test/s33/bgay3a.mpg,54,86,2.5175769329071045,0.9084129540674646
27,13,/home/nabizadz/Projects/Mahsa/datasets/grid/test/s33/bbbp4p.mpg,48,80,2.8046162128448486,0.9561574189058918
27,14,/home/nabizadz/Projects/Mahsa/datasets/grid/test/s33/pwaa1s.mpg,137,169,3.403050422668457,0.9367433594719612
27,15,/home/nabizadz/Projects/Mahsa/datasets/grid/test/s33/lrab3a.mpg,101,133,3.317925453186035,0.8878035582155471
28,0,/home/nabizadz/Projects/Mahsa/datasets/grid/test/s33/pbbm2p.mpg,127,159,2.766087055206299,0.9542333598798983
28,1,/home/nabizadz/Projects/Mahsa/datasets/grid/test/s33/swar6n.mpg,98,130,2.6204237937927246,0.9509974074071927
28,2,/home/nabizadz/Projects/Mahsa/datasets/grid/test/s33/bwid1a.mpg,176,208,4.269689559936523,0.9208654268048311
28,3,/home/nabizadz/Projects/Mahsa/datasets/grid/test/s33/swwm1s.mpg,196,228,4.264241695404053,0.841139151338326
28,4,/home/nabizadz/Projects/Mahsa/datasets/grid/test/s33/brwq5a.mpg,181,213,4.165095329284668,0.8401184671751186
28,5,/home/nabizadz/Projects/Mahsa/datasets/grid/test/s33/lwwv7s.mpg,83,115,3.2274513244628906,0.9610336811213577
28,6,/home/nabizadz/Projects/Mahsa/datasets/grid/test/s33/praf8n.mpg,132,164,3.056763172149658,0.9223774115787106
28,7,/home/nabizadz/Projects/Mahsa/datasets/grid/test/s33/lwio3a.mpg,19,51,3.7830841541290283,0.9748707094692737
28,8,/home/nabizadz/Projects/Mahsa/datasets/grid/test/s33/lgii4p.mpg,3,35,4.181399345397949,0.9998518625533529
28,9,/home/nabizadz/Projects/Mahsa/datasets/grid/test/s33/brwx7s.mpg,228,260,4.110450267791748,0.7873804783956643
28,10,/home/nabizadz/Projects/Mahsa/datasets/grid/test/s33/bbav3s.mpg,148,180,3.4939582347869873,0.9218170867502856
28,11,/home/nabizadz/Projects/Mahsa/datasets/grid/test/s33/swbf3s.mpg,148,180,3.4055819511413574,0.9435577785562941
28,12,/home/nabizadz/Projects/Mahsa/datasets/grid/test/s33/pgan7a.mpg,145,177,3.742887020111084,0.9582303831053491
28,13,/home/nabizadz/Projects/Mahsa/datasets/grid/test/s33/bbwj2n.mpg,93,125,2.683302402496338,0.9375532733171239
28,14,/home/nabizadz/Projects/Mahsa/datasets/grid/test/s33/lrwi5a.mpg,30,62,3.1088199615478516,0.963800863898202
28,15,/home/nabizadz/Projects/Mahsa/datasets/grid/test/s33/srwr8n.mpg,153,185,3.8870134353637695,0.9279859627173441
29,0,/home/nabizadz/Projects/Mahsa/datasets/grid/test/s33/lrah7a.mpg,250,282,4.2929182052612305,0.9242368426451743
29,1,/home/nabizadz/Projects/Mahsa/datasets/grid/test/s33/sbbe3a.mpg,115,147,3.12968111038208,0.9267191371818693
29,2,/home/nabizadz/Projects/Mahsa/datasets/grid/test/s33/lwbc1s.mpg,143,175,3.368980646133423,0.9417576874592006
29,3,/home/nabizadz/Projects/Mahsa/datasets/grid/test/s33/lwbv4p.mpg,112,144,3.5970582962036133,0.9590356894166643
29,4,/home/nabizadz/Projects/Mahsa/datasets/grid/test/s33/bgid5s.mpg,235,267,4.150576114654541,0.8640660899952382
29,5,/home/nabizadz/Projects/Mahsa/datasets/grid/test/s33/bgay2p.mpg,111,143,3.2325916290283203,0.9653347900314254
29,6,/home/nabizadz/Projects/Mahsa/datasets/grid/test/s33/prbm6n.mpg,259,291,4.240692615509033,0.9349221704856973
29,7,/home/nabizadz/Projects/Mahsa/datasets/grid/test/s33/sbix6p.mpg,40,72,3.174551248550415,0.9658426494799314
29,8,/home/nabizadz/Projects/Mahsa/datasets/grid/test/s33/lbahzp.mpg,73,105,2.164060354232788,0.9169405044019217
29,9,/home/nabizadz/Projects/Mahsa/datasets/grid/test/s33/bbbv7s.mpg,164,196,3.7899351119995117,0.9067306586802583
29,10,/home/nabizadz/Projects/Mahsa/datasets/grid/test/s33/pgbh5s.mpg,141,173,3.285580635070801,0.9442486867656423
29,11,/home/nabizadz/Projects/Mahsa/datasets/grid/test/s33/sgbm4p.mpg,170,202,3.9479029178619385,0.9356855703401689
29,12,/home/nabizadz/Projects/Mahsa/datasets/grid/test/s33/bric2n.mpg,146,178,3.684297800064087,0.9298201367467566
29,13,/home/nabizadz/Projects/Mahsa/datasets/grid/test/s33/lrit8n.mpg,236,268,4.210859775543213,0.9330830560826352
29,14,/home/nabizadz/Projects/Mahsa/datasets/grid/test/s33/pbaz5s.mpg,166,198,4.019994258880615,0.9324802217122669
29,15,/home/nabizadz/Projects/Mahsa/datasets/grid/test/s33/bbac2p.mpg,148,180,2.791780948638916,0.9006168182120035
30,0,/home/nabizadz/Projects/Mahsa/datasets/grid/test/s33/brap5s.mpg,87,119,3.439763307571411,0.9532213962190023
30,1,/home/nabizadz/Projects/Mahsa/datasets/grid/test/s33/lrbb5s.mpg,68,100,2.8968327045440674,0.9370031604622789
30,2,/home/nabizadz/Projects/Mahsa/datasets/grid/test/s33/bgaezp.mpg,19,51,2.8754453659057617,0.9655367209649731
30,3,/home/nabizadz/Projects/Mahsa/datasets/grid/test/s33/bwixzn.mpg,92,124,2.745637893676758,0.9192473845614986
30,4,/home/nabizadz/Projects/Mahsa/datasets/grid/test/s33/brwx6n.mpg,1,33,4.330781936645508,0.9935576977990818
30,5,/home/nabizadz/Projects/Mahsa/datasets/grid/test/s33/lbwb4p.mpg,57,89,2.560511350631714,0.9537492341623385
30,6,/home/nabizadz/Projects/Mahsa/datasets/grid/test/s33/sgis1a.mpg,267,299,3.951016664505005,0.9766517737186484
30,7,/home/nabizadz/Projects/Mahsa/datasets/grid/test/s33/lrbb6p.mpg,15,47,4.00990629196167,0.9996465780079791
30,8,/home/nabizadz/Projects/Mahsa/datasets/grid/test/s33/lbbu3a.mpg,210,242,3.900418519973755,0.9209817515783684
30,9,/home/nabizadz/Projects/Mahsa/datasets/grid/test/s33/lwao4n.mpg,186,218,3.7948663234710693,0.8013324498601077
30,10,/home/nabizadz/Projects/Mahsa/datasets/grid/test/s33/bgikzp.mpg,252,284,1.871563196182251,0.8951226245460834
30,11,/home/nabizadz/Projects/Mahsa/datasets/grid/test/s33/lbat6n.mpg,100,132,2.42799711227417,0.8628504854863891
30,12,/home/nabizadz/Projects/Mahsa/datasets/grid/test/s33/pbifzp.mpg,23,55,3.028803825378418,0.962947750814311
30,13,/home/nabizadz/Projects/Mahsa/datasets/grid/test/s33/pbwm6p.mpg,38,70,2.6092798709869385,0.9529837061312824
30,14,/home/nabizadz/Projects/Mahsa/datasets/grid/test/s33/bbwp7s.mpg,264,296,4.190920829772949,0.9859238921762584
30,15,/home/nabizadz/Projects/Mahsa/datasets/grid/test/s33/sbbk7a.mpg,229,261,3.3452348709106445,0.7980865539704636
31,0,/home/nabizadz/Projects/Mahsa/datasets/grid/test/s33/lrabzn.mpg,245,277,4.101348400115967,0.8955840489824592
31,1,/home/nabizadz/Projects/Mahsa/datasets/grid/test/s33/sgwg2n.mpg,13,45,3.202768564224243,0.9640192674565166
31,2,/home/nabizadz/Projects/Mahsa/datasets/grid/test/s33/lwih8p.mpg,173,205,2.7980892658233643,0.9058157685963398
31,3,/home/nabizadz/Projects/Mahsa/datasets/grid/test/s33/bgaq7s.mpg,129,161,2.61333966255188,0.9272689378213084
31,4,/home/nabizadz/Projects/Mahsa/datasets/grid/test/s33/bwwk6p.mpg,7,39,3.897250175476074,0.9995486871220576
31,5,/home/nabizadz/Projects/Mahsa/datasets/grid/test/s33/lwab7s.mpg,119,151,2.963808059692383,0.9135087572736564
31,6,/home/nabizadz/Projects/Mahsa/datasets/grid/test/s33/lgav5s.mpg,145,177,3.041274070739746,0.9499092376353724
31,7,/home/nabizadz/Projects/Mahsa/datasets/grid/test/s33/sgwg5a.mpg,113,145,2.5447216033935547,0.9673505340989522
31,8,/home/nabizadz/Projects/Mahsa/datasets/grid/test/s33/bgik1a.mpg,108,140,3.1950812339782715,0.9233419712379831
31,9,/home/nabizadz/Projects/Mahsa/datasets/grid/test/s33/lrbo3s.mpg,197,229,4.134378433227539,0.8642853872453902
31,10,/home/nabizadz/Projects/Mahsa/datasets/grid/test/s33/bwad4p.mpg,44,76,2.798002004623413,0.9463482369990365
31,11,/home/nabizadz/Projects/Mahsa/datasets/grid/test/s33/sriq8p.mpg,18,50,3.7283244132995605,0.9677931659048967
31,12,/home/nabizadz/Projects/Mahsa/datasets/grid/test/s33/pgia4p.mpg,5,37,3.4729483127593994,0.9812158702426123
31,13,/home/nabizadz/Projects/Mahsa/datasets/grid/test/s33/bripzn.mpg,17,49,3.396012544631958,0.9934541137345922
31,14,/home/nabizadz/Projects/Mahsa/datasets/grid/test/s33/sbbrzp.mpg,261,293,4.264012336730957,0.9418644625266728
31,15,/home/nabizadz/Projects/Mahsa/datasets/grid/test/s33/pwwbzp.mpg,15,47,3.2635624408721924,0.986232276094669
32,0,/home/nabizadz/Projects/Mahsa/datasets/grid/test/s33/pgwb5s.mpg,188,220,4.147648811340332,0.9480373665843987
32,1,/home/nabizadz/Projects/Mahsa/datasets/grid/test/s33/bgby7a.mpg,117,149,2.943721294403076,0.9066167517051533
32,2,/home/nabizadz/Projects/Mahsa/datasets/grid/test/s33/brwd6p.mpg,9,41,4.072097301483154,0.9857558443120032
32,3,/home/nabizadz/Projects/Mahsa/datasets/grid/test/s33/pbal6n.mpg,106,138,3.23941969871521,0.9554461762788251
32,4,/home/nabizadz/Projects/Mahsa/datasets/grid/test/s33/lgiv1s.mpg,146,178,3.936903238296509,0.9454947802877363
32,5,/home/nabizadz/Projects/Mahsa/datasets/grid/test/s33/pbaf3s.mpg,236,268,4.141561985015869,0.8647865820878268
32,6,/home/nabizadz/Projects/Mahsa/datasets/grid/test/s33/brwx9a.mpg,33,65,2.894347667694092,0.9586339999207121
32,7,/home/nabizadz/Projects/Mahsa/datasets/grid/test/s33/pbaz7a.mpg,206,238,4.154943943023682,0.9157420343839028
32,8,/home/nabizadz/Projects/Mahsa/datasets/grid/test/s33/pwat2n.mpg,203,235,4.236527919769287,0.9153408410929641
32,9,/home/nabizadz/Projects/Mahsa/datasets/grid/test/s33/lbit5a.mpg,70,102,3.2694878578186035,0.9452106988517953
32,10,/home/nabizadz/Projects/Mahsa/datasets/grid/test/s33/lbbb1a.mpg,101,133,2.983685255050659,0.9458207133547937
32,11,/home/nabizadz/Projects/Mahsa/datasets/grid/test/s33/bbac1s.mpg,201,233,4.243749618530273,0.8400176134925134
32,12,/home/nabizadz/Projects/Mahsa/datasets/grid/test/s33/pbif1a.mpg,180,212,4.20488977432251,0.9539299354221517
32,13,/home/nabizadz/Projects/Mahsa/datasets/grid/test/s33/brbd1s.mpg,168,200,3.733285665512085,0.9449061312032241
32,14,/home/nabizadz/Projects/Mahsa/datasets/grid/test/s33/lrih1s.mpg,228,260,4.2342848777771,0.8055789551513023
32,15,/home/nabizadz/Projects/Mahsa/datasets/grid/test/s33/pbbz9s.mpg,255,287,3.9496102333068848,0.8834157226819186
33,0,/home/nabizadz/Projects/Mahsa/datasets/grid/test/s33/swiy7s.mpg,90,122,1.828500509262085,0.9407528268350521
33,1,/home/nabizadz/Projects/Mahsa/datasets/grid/test/s33/lwbv5a.mpg,57,89,2.5198659896850586,0.9390232288807263
33,2,/home/nabizadz/Projects/Mahsa/datasets/grid/test/s33/pbie9s.mpg,79,111,3.057792901992798,0.9021640088121989
33,3,/home/nabizadz/Projects/Mahsa/datasets/grid/test/s33/pragzp.mpg,223,255,4.124056339263916,0.8112120507845952
33,4,/home/nabizadz/Projects/Mahsa/datasets/grid/test/s33/bwbk1s.mpg,7,39,3.901139974594116,0.9994327547165089
33,5,/home/nabizadz/Projects/Mahsa/datasets/grid/test/s33/bgbr1s.mpg,68,100,2.994025230407715,0.9174337418702014
33,6,/home/nabizadz/Projects/Mahsa/datasets/grid/test/s33/bwwk7a.mpg,19,51,3.4649295806884766,0.9702181111750271
33,7,/home/nabizadz/Projects/Mahsa/datasets/grid/test/s33/srar2p.mpg,142,174,1.5870355367660522,0.9100820328681177
33,8,/home/nabizadz/Projects/Mahsa/datasets/grid/test/s33/pbaf4p.mpg,121,153,3.4759583473205566,0.9527941173081451
33,9,/home/nabizadz/Projects/Mahsa/datasets/grid/test/s33/lwau8n.mpg,184,216,4.280482292175293,0.9447224479560958
33,10,/home/nabizadz/Projects/Mahsa/datasets/grid/test/s33/bwwe1s.mpg,145,177,3.6523313522338867,0.9029607271842468
33,11,/home/nabizadz/Projects/Mahsa/datasets/grid/test/s33/bbii1s.mpg,172,204,4.232548236846924,0.9399975596757111
33,12,/home/nabizadz/Projects/Mahsa/datasets/grid/test/s33/briv5s.mpg,214,246,4.303892612457275,0.8148825202652221
33,13,/home/nabizadz/Projects/Mahsa/datasets/grid/test/s33/lbia1s.mpg,85,117,3.114689826965332,0.9410586654435621
33,14,/home/nabizadz/Projects/Mahsa/datasets/grid/test/s33/pbiz1s.mpg,192,224,4.311438083648682,0.9251700314815804
33,15,/home/nabizadz/Projects/Mahsa/datasets/grid/test/s33/sbij7s.mpg,76,108,1.6113020181655884,0.9132549914074481
34,0,/home/nabizadz/Projects/Mahsa/datasets/grid/test/s33/brbp9s.mpg,152,184,3.203697919845581,0.9241090505811757
34,1,/home/nabizadz/Projects/Mahsa/datasets/grid/test/s33/lwbv2n.mpg,90,122,3.520907402038574,0.9747614547164438
34,2,/home/nabizadz/Projects/Mahsa/datasets/grid/test/s33/pgwu6n.mpg,134,166,2.899822473526001,0.945588657783318
34,3,/home/nabizadz/Projects/Mahsa/datasets/grid/test/s33/lrwi4p.mpg,100,132,3.2267706394195557,0.9504074866517992
34,4,/home/nabizadz/Projects/Mahsa/datasets/grid/test/s33/bwwy5a.mpg,126,158,3.0056111812591553,0.9172423661719721
34,5,/home/nabizadz/Projects/Mahsa/datasets/grid/test/s33/lbin1a.mpg,162,194,3.9204797744750977,0.94719695570618
34,6,/home/nabizadz/Projects/Mahsa/datasets/grid/test/s33/lbwh6n.mpg,233,265,4.253742218017578,0.9415169186814988
34,7,/home/nabizadz/Projects/Mahsa/datasets/grid/test/s33/lwbpzp.mpg,23,55,3.0385985374450684,0.9649683533283502
34,8,/home/nabizadz/Projects/Mahsa/datasets/grid/test/s33/pbwtzp.mpg,58,90,3.3439998626708984,0.968352510829163
34,9,/home/nabizadz/Projects/Mahsa/datasets/grid/test/s33/lrbo4p.mpg,78,110,2.878948211669922,0.9255566404811586
34,10,/home/nabizadz/Projects/Mahsa/datasets/grid/test/s33/brwj8n.mpg,257,289,4.247199535369873,0.9378613532148574
34,11,/home/nabizadz/Projects/Mahsa/datasets/grid/test/s33/lgai6n.mpg,155,187,3.4673023223876953,0.9026553975880519
34,12,/home/nabizadz/Projects/Mahsa/datasets/grid/test/s33/lgbv8n.mpg,70,102,3.097442865371704,0.9332405103314623
34,13,/home/nabizadz/Projects/Mahsa/datasets/grid/test/s33/bbwj4p.mpg,116,148,2.7798876762390137,0.9379695258435161
34,14,/home/nabizadz/Projects/Mahsa/datasets/grid/test/s33/pwwu2p.mpg,142,174,2.715810537338257,0.9031808720149016
34,15,/home/nabizadz/Projects/Mahsa/datasets/grid/test/s33/lwab6n.mpg,29,61,2.6492512226104736,0.9552172536265198
35,0,/home/nabizadz/Projects/Mahsa/datasets/grid/test/s33/bwax7a.mpg,35,67,3.5570359230041504,0.9654208597822782
35,1,/home/nabizadz/Projects/Mahsa/datasets/grid/test/s33/lria8p.mpg,266,298,4.2558674812316895,0.9294523514351462
35,2,/home/nabizadz/Projects/Mahsa/datasets/grid/test/s33/brbx5a.mpg,132,164,3.30605411529541,0.9106051529725512
35,3,/home/nabizadz/Projects/Mahsa/datasets/grid/test/s33/brip1s.mpg,164,196,4.030023574829102,0.95912302421934
35,4,/home/nabizadz/Projects/Mahsa/datasets/grid/test/s33/sbbe2p.mpg,267,299,4.377145767211914,0.9657315081234471
35,5,/home/nabizadz/Projects/Mahsa/datasets/grid/test/s33/swar7s.mpg,57,89,2.229590892791748,0.8964677945037722
35,6,/home/nabizadz/Projects/Mahsa/datasets/grid/test/s33/brii9a.mpg,22,54,3.163533926010132,0.9680746142207131
35,7,/home/nabizadz/Projects/Mahsa/datasets/grid/test/s33/bbwp6n.mpg,34,66,3.047990083694458,0.9653426624277769
35,8,/home/nabizadz/Projects/Mahsa/datasets/grid/test/s33/lwib3s.mpg,261,293,4.312808513641357,0.9502411155396149
35,9,/home/nabizadz/Projects/Mahsa/datasets/grid/test/s33/lrau3s.mpg,214,246,4.059563159942627,0.7806959851485785
35,10,/home/nabizadz/Projects/Mahsa/datasets/grid/test/s33/lwwj1a.mpg,141,173,2.0912814140319824,0.932426250328141
35,11,/home/nabizadz/Projects/Mahsa/datasets/grid/test/s33/bbbi9s.mpg,200,232,3.5916435718536377,0.7815984450056481
35,12,/home/nabizadz/Projects/Mahsa/datasets/grid/test/s33/prbazp.mpg,242,274,4.2786970138549805,0.8920647327210391
35,13,/home/nabizadz/Projects/Mahsa/datasets/grid/test/s33/pwbg8n.mpg,41,73,2.6037683486938477,0.9447314499583291
35,14,/home/nabizadz/Projects/Mahsa/datasets/grid/test/s33/pbiz3a.mpg,90,122,2.930042266845703,0.9412059644480355
35,15,/home/nabizadz/Projects/Mahsa/datasets/grid/test/s33/pgaa7s.mpg,2,34,3.8659729957580566,0.9989139574854752
36,0,/home/nabizadz/Projects/Mahsa/datasets/grid/test/s33/pbbmzn.mpg,19,51,3.258422613143921,0.9569148052805301
36,1,/home/nabizadz/Projects/Mahsa/datasets/grid/test/s33/lbaa7a.mpg,179,211,4.29115104675293,0.9190520854950045
36,2,/home/nabizadz/Projects/Mahsa/datasets/grid/test/s33/lwiu6p.mpg,245,277,4.139743328094482,0.9256162194815882
36,3,/home/nabizadz/Projects/Mahsa/datasets/grid/test/s33/lwwp2n.mpg,131,163,3.173541307449341,0.9312707328540695
36,4,/home/nabizadz/Projects/Mahsa/datasets/grid/test/s33/pwwn8p.mpg,177,209,4.121140480041504,0.9302183285313952
36,5,/home/nabizadz/Projects/Mahsa/datasets/grid/test/s33/lwwv6n.mpg,220,252,4.153658390045166,0.904686498689746
36,6,/home/nabizadz/Projects/Mahsa/datasets/grid/test/s33/lbat7s.mpg,241,273,4.306370735168457,0.969616030138346
36,7,/home/nabizadz/Projects/Mahsa/datasets/grid/test/s33/sbid5a.mpg,157,189,3.417518377304077,0.9454131704129803
36,8,/home/nabizadz/Projects/Mahsa/datasets/grid/test/s33/sgir9s.mpg,86,118,2.6286144256591797,0.920384681453223
36,9,/home/nabizadz/Projects/Mahsa/datasets/grid/test/s33/swae9s.mpg,81,113,2.7161312103271484,0.943654159590607
36,10,/home/nabizadz/Projects/Mahsa/datasets/grid/test/s33/bwix3a.mpg,219,251,4.178361415863037,0.8636753670982018
36,11,/home/nabizadz/Projects/Mahsa/datasets/grid/test/s33/bwwk4n.mpg,186,218,4.371496677398682,0.8864702845646731
36,12,/home/nabizadz/Projects/Mahsa/datasets/grid/test/s33/brwq4p.mpg,225,257,4.157173156738281,0.9189758166712104
36,13,/home/nabizadz/Projects/Mahsa/datasets/grid/test/s33/bgaq6n.mpg,253,285,4.155646800994873,0.8654454990507291
36,14,/home/nabizadz/Projects/Mahsa/datasets/grid/test/s33/bwwy2n.mpg,123,155,3.343848943710327,0.9676737811078802
36,15,/home/nabizadz/Projects/Mahsa/datasets/grid/test/s33/lgwx3s.mpg,81,113,2.5887110233306885,0.9535090537784954
37,0,/home/nabizadz/Projects/Mahsa/datasets/grid/test/s33/bwwezn.mpg,118,150,2.5383546352386475,0.8784727959187513
37,1,/home/nabizadz/Projects/Mahsa/datasets/grid/test/s33/bbbc7a.mpg,94,126,2.7008774280548096,0.9462952395970117
37,2,/home/nabizadz/Projects/Mahsa/datasets/grid/test/s33/bbbp5a.mpg,167,199,3.0424933433532715,0.9281865509963944
37,3,/home/nabizadz/Projects/Mahsa/datasets/grid/test/s33/sbwe7a.mpg,2,34,3.910677909851074,0.9812750775429914
37,4,/home/nabizadz/Projects/Mahsa/datasets/grid/test/s33/pgia3s.mpg,15,47,2.06453013420105,0.9598048902025814
37,5,/home/nabizadz/Projects/Mahsa/datasets/grid/test/s33/lgiv3a.mpg,0,32,3.485562562942505,0.994157436366161
37,6,/home/nabizadz/Projects/Mahsa/datasets/grid/test/s33/bwaqzn.mpg,257,289,4.136119365692139,0.8864637477596862
37,7,/home/nabizadz/Projects/Mahsa/datasets/grid/test/s33/pbwm5s.mpg,266,298,4.248828411102295,0.9334792616290719
37,8,/home/nabizadz/Projects/Mahsa/datasets/grid/test/s33/pwba7a.mpg,142,174,2.978530168533325,0.9108479701114482
37,9,/home/nabizadz/Projects/Mahsa/datasets/grid/test/s33/srae5a.mpg,29,61,2.822082996368408,0.9555723405557268
37,10,/home/nabizadz/Projects/Mahsa/datasets/grid/test/s33/prwn1s.mpg,57,89,2.7387712001800537,0.941372156301062
37,11,/home/nabizadz/Projects/Mahsa/datasets/grid/test/s33/pbbz8n.mpg,225,257,4.340518474578857,0.7965219387375758
37,12,/home/nabizadz/Projects/Mahsa/datasets/grid/test/s33/brac6n.mpg,268,300,4.288870811462402,0.9347433357270459
37,13,/home/nabizadz/Projects/Mahsa/datasets/grid/test/s33/sbij6n.mpg,142,174,2.811455249786377,0.9203782976637449
37,14,/home/nabizadz/Projects/Mahsa/datasets/grid/test/s33/lrbb7a.mpg,149,181,3.165606737136841,0.9126205999885784
37,15,/home/nabizadz/Projects/Mahsa/datasets/grid/test/s33/pbil4p.mpg,54,86,3.1064717769622803,0.9544156212532946
38,0,/home/nabizadz/Projects/Mahsa/datasets/grid/test/s33/lrin6p.mpg,69,101,2.506239891052246,0.9308736723387788
38,1,/home/nabizadz/Projects/Mahsa/datasets/grid/test/s33/swbs3a.mpg,232,264,4.2298407554626465,0.9064338576513227
38,2,/home/nabizadz/Projects/Mahsa/datasets/grid/test/s33/lgwj7a.mpg,246,278,4.262425422668457,0.9972420681561315
38,3,/home/nabizadz/Projects/Mahsa/datasets/grid/test/s33/sbwr2n.mpg,43,75,3.226581335067749,0.9738723180957997
38,4,/home/nabizadz/Projects/Mahsa/datasets/grid/test/s33/srae4p.mpg,24,56,2.502864360809326,0.9725787752822136
38,5,/home/nabizadz/Projects/Mahsa/datasets/grid/test/s33/bwbd8p.mpg,49,81,3.0764238834381104,0.9640012524361792
38,6,/home/nabizadz/Projects/Mahsa/datasets/grid/test/s33/bbiv1a.mpg,63,95,3.3653924465179443,0.9381792938115215
38,7,/home/nabizadz/Projects/Mahsa/datasets/grid/test/s33/swbl6n.mpg,209,241,3.832794427871704,0.7890840155754952
38,8,/home/nabizadz/Projects/Mahsa/datasets/grid/test/s33/pwwn6n.mpg,89,121,3.2803380489349365,0.9656466333261446
38,9,/home/nabizadz/Projects/Mahsa/datasets/grid/test/s33/bwic8n.mpg,157,189,4.041435718536377,0.8964362270779797
38,10,/home/nabizadz/Projects/Mahsa/datasets/grid/test/s33/pwam8n.mpg,160,192,3.1914515495300293,0.9082231446288068
38,11,/home/nabizadz/Projects/Mahsa/datasets/grid/test/s33/lbwo3a.mpg,26,58,3.6719491481781006,0.9998275454956466
38,12,/home/nabizadz/Projects/Mahsa/datasets/grid/test/s33/pras7s.mpg,174,206,4.105208873748779,0.8585649746929453
38,13,/home/nabizadz/Projects/Mahsa/datasets/grid/test/s33/briv4n.mpg,255,287,4.1845502853393555,0.8860395174216475
38,14,/home/nabizadz/Projects/Mahsa/datasets/grid/test/s33/pwaazn.mpg,185,217,3.396374464035034,0.9542861714766612
38,15,/home/nabizadz/Projects/Mahsa/datasets/grid/test/s33/sgbs7s.mpg,224,256,4.235334873199463,0.8850083858566652
39,0,/home/nabizadz/Projects/Mahsa/datasets/grid/test/s33/sgiz2n.mpg,56,88,2.683699607849121,0.9439742474124799
39,1,/home/nabizadz/Projects/Mahsa/datasets/grid/test/s33/pgahzn.mpg,26,58,3.4441750049591064,0.9809523992362219
39,2,/home/nabizadz/Projects/Mahsa/datasets/grid/test/s33/sgaf5s.mpg,64,96,1.5760136842727661,0.9272310868142135
39,3,/home/nabizadz/Projects/Mahsa/datasets/grid/test/s33/lbah1a.mpg,167,199,3.634416341781616,0.8199536568007508
39,4,/home/nabizadz/Projects/Mahsa/datasets/grid/test/s33/bbwx2p.mpg,249,281,4.00676965713501,0.9781207997201928
39,5,/home/nabizadz/Projects/Mahsa/datasets/grid/test/s33/bbio7a.mpg,163,195,4.010745048522949,0.8849712796187296
39,6,/home/nabizadz/Projects/Mahsa/datasets/grid/test/s33/srwl6p.mpg,254,286,1.8599772453308105,0.812964256921695
39,7,/home/nabizadz/Projects/Mahsa/datasets/grid/test/s33/sgaf4n.mpg,194,226,3.5798757076263428,0.7456653896155263
39,8,/home/nabizadz/Projects/Mahsa/datasets/grid/test/s33/sgaz7s.mpg,120,152,1.840998888015747,0.9397928866706878
39,9,/home/nabizadz/Projects/Mahsa/datasets/grid/test/s33/pras8p.mpg,186,218,4.1653361320495605,0.889642908140253
39,10,/home/nabizadz/Projects/Mahsa/datasets/grid/test/s33/braj3a.mpg,137,169,2.452348232269287,0.9338882660188689
39,11,/home/nabizadz/Projects/Mahsa/datasets/grid/test/s33/bgbrzn.mpg,66,98,2.8688809871673584,0.9428703598229661
39,12,/home/nabizadz/Projects/Mahsa/datasets/grid/test/s33/prwa4p.mpg,42,74,2.407893180847168,0.9183046292201126
39,13,/home/nabizadz/Projects/Mahsa/datasets/grid/test/s33/pwbt8p.mpg,83,115,3.0693016052246094,0.9496889973065521
39,14,/home/nabizadz/Projects/Mahsa/datasets/grid/test/s33/braj2p.mpg,73,105,3.176525831222534,0.9560585936281281
39,15,/home/nabizadz/Projects/Mahsa/datasets/grid/test/s33/pbiz2p.mpg,57,89,3.2723498344421387,0.9604157910722312
40,0,/home/nabizadz/Projects/Mahsa/datasets/grid/test/s33/srbe7s.mpg,75,107,2.640925884246826,0.9327857931113088
40,1,/home/nabizadz/Projects/Mahsa/datasets/grid/test/s33/bwbq7a.mpg,217,249,3.8983659744262695,0.8574890771278281
40,2,/home/nabizadz/Projects/Mahsa/datasets/grid/test/s33/swiy6n.mpg,227,259,4.3839592933654785,0.9048616994772802
40,3,/home/nabizadz/Projects/Mahsa/datasets/grid/test/s33/bwix1s.mpg,48,80,2.6835267543792725,0.9507249833847747
40,4,/home/nabizadz/Projects/Mahsa/datasets/grid/test/s33/pwwh2n.mpg,71,103,2.588207483291626,0.9710725642941352
40,5,/home/nabizadz/Projects/Mahsa/datasets/grid/test/s33/pwbt7s.mpg,61,93,2.7022275924682617,0.9609368233301486
40,6,/home/nabizadz/Projects/Mahsa/datasets/grid/test/s33/sgbm5a.mpg,115,147,2.9796254634857178,0.9452411068751505
40,7,/home/nabizadz/Projects/Mahsa/datasets/grid/test/s33/sgamzp.mpg,251,283,4.4427337646484375,0.878037130630166
40,8,/home/nabizadz/Projects/Mahsa/datasets/grid/test/s33/lbit2n.mpg,133,165,2.875962257385254,0.9450106982612534
40,9,/home/nabizadz/Projects/Mahsa/datasets/grid/test/s33/bwaj7s.mpg,0,32,4.1057820320129395,0.9996097608787982
40,10,/home/nabizadz/Projects/Mahsa/datasets/grid/test/s33/pwig2p.mpg,211,243,4.3038129806518555,0.9098806231410931
40,11,/home/nabizadz/Projects/Mahsa/datasets/grid/test/s33/pgbb3a.mpg,245,277,4.010995864868164,0.8560782381243971
40,12,/home/nabizadz/Projects/Mahsa/datasets/grid/test/s33/lwai3a.mpg,13,45,3.468740701675415,0.9758581887368319
40,13,/home/nabizadz/Projects/Mahsa/datasets/grid/test/s33/bgbr3a.mpg,249,281,4.14099645614624,0.8612965135621471
40,14,/home/nabizadz/Projects/Mahsa/datasets/grid/test/s33/pgbn9s.mpg,32,64,3.0508222579956055,0.9433908913814426
40,15,/home/nabizadz/Projects/Mahsa/datasets/grid/test/s33/bgwy8n.mpg,231,263,4.2874531745910645,0.8097488709680621
41,0,/home/nabizadz/Projects/Mahsa/datasets/grid/test/s33/lwbczn.mpg,141,173,2.6314198970794678,0.9181449227221098
41,1,/home/nabizadz/Projects/Mahsa/datasets/grid/test/s33/bwidzp.mpg,187,219,4.080590724945068,0.8931662356539986
41,2,/home/nabizadz/Projects/Mahsa/datasets/grid/test/s33/bgbk7s.mpg,170,202,3.4452664852142334,0.9408804785950257
41,3,/home/nabizadz/Projects/Mahsa/datasets/grid/test/s33/prwa2n.mpg,87,119,2.9591262340545654,0.940085598700906
41,4,/home/nabizadz/Projects/Mahsa/datasets/grid/test/s33/prbg4p.mpg,138,170,3.088444709777832,0.9465718159772731
41,5,/home/nabizadz/Projects/Mahsa/datasets/grid/test/s33/sbbe1s.mpg,56,88,3.2698047161102295,0.9784536399338496
41,6,/home/nabizadz/Projects/Mahsa/datasets/grid/test/s33/lgio9a.mpg,50,82,2.3182222843170166,0.9521798802975789
41,7,/home/nabizadz/Projects/Mahsa/datasets/grid/test/s33/lran8n.mpg,28,60,2.865417242050171,0.9531024533648135
41,8,/home/nabizadz/Projects/Mahsa/datasets/grid/test/s33/bbwxzn.mpg,262,294,4.146010875701904,0.9627358778367576
41,9,/home/nabizadz/Projects/Mahsa/datasets/grid/test/s33/swbf4p.mpg,70,102,3.2052416801452637,0.97143021986535
41,10,/home/nabizadz/Projects/Mahsa/datasets/grid/test/s33/srwz4p.mpg,90,122,3.0069684982299805,0.9582377121357394
41,11,/home/nabizadz/Projects/Mahsa/datasets/grid/test/s33/swir5a.mpg,155,187,3.2228450775146484,0.9092128307803158
41,12,/home/nabizadz/Projects/Mahsa/datasets/grid/test/s33/praf9s.mpg,191,223,3.787182569503784,0.9384826228524461
41,13,/home/nabizadz/Projects/Mahsa/datasets/grid/test/s33/swilzp.mpg,9,41,3.337117910385132,0.9786135243939026
41,14,/home/nabizadz/Projects/Mahsa/datasets/grid/test/s33/pril8n.mpg,92,124,3.239549160003662,0.9415440903606279
41,15,/home/nabizadz/Projects/Mahsa/datasets/grid/test/s33/bbbj1a.mpg,240,272,4.3501505851745605,0.9593888459573194
42,0,/home/nabizadz/Projects/Mahsa/datasets/grid/test/s33/pgah1s.mpg,169,201,3.939284086227417,0.9494946091935146
42,1,/home/nabizadz/Projects/Mahsa/datasets/grid/test/s33/bwby1a.mpg,115,147,2.9666523933410645,0.9546241622426882
42,2,/home/nabizadz/Projects/Mahsa/datasets/grid/test/s33/lwwc4n.mpg,181,213,4.169398307800293,0.9264326821519393
42,3,/home/nabizadz/Projects/Mahsa/datasets/grid/test/s33/sbiqzn.mpg,194,226,4.176590442657471,0.8416058889132789
42,4,/home/nabizadz/Projects/Mahsa/datasets/grid/test/s33/pgin3a.mpg,193,225,4.35161828994751,0.9346066830172205
42,5,/home/nabizadz/Projects/Mahsa/datasets/grid/test/s33/lrau4p.mpg,55,87,2.735383987426758,0.9265591095322402
42,6,/home/nabizadz/Projects/Mahsa/datasets/grid/test/s33/lbbuzn.mpg,94,126,3.3238508701324463,0.9172423525052837
42,7,/home/nabizadz/Projects/Mahsa/datasets/grid/test/s33/priz7s.mpg,222,254,4.321351528167725,0.9126010122167171
42,8,/home/nabizadz/Projects/Mahsa/datasets/grid/test/s33/pwan1a.mpg,260,292,4.08517599105835,0.9356686167256292
42,9,/home/nabizadz/Projects/Mahsa/datasets/grid/test/s33/pgat8n.mpg,86,118,2.9494223594665527,0.949426926182069
42,10,/home/nabizadz/Projects/Mahsa/datasets/grid/test/s33/lgai7s.mpg,31,63,2.7418956756591797,0.9756338276437633
42,11,/home/nabizadz/Projects/Mahsa/datasets/grid/test/s33/brip2p.mpg,8,40,3.9272799491882324,0.9998588332453647
42,12,/home/nabizadz/Projects/Mahsa/datasets/grid/test/s33/lrwv2p.mpg,253,285,4.018204689025879,0.9808305696126483
42,13,/home/nabizadz/Projects/Mahsa/datasets/grid/test/s33/sgaz8p.mpg,227,259,4.11979866027832,0.8130789281274821
42,14,/home/nabizadz/Projects/Mahsa/datasets/grid/test/s33/lbwh7s.mpg,105,137,2.8837807178497314,0.9573096401449158
42,15,/home/nabizadz/Projects/Mahsa/datasets/grid/test/s33/pgia2n.mpg,129,161,2.968447208404541,0.9263912357670345
43,0,/home/nabizadz/Projects/Mahsa/datasets/grid/test/s33/bgwl3a.mpg,159,191,4.327240943908691,0.9634872299088927
43,1,/home/nabizadz/Projects/Mahsa/datasets/grid/test/s33/bgby5s.mpg,138,170,3.4327070713043213,0.958833774964793
43,2,/home/nabizadz/Projects/Mahsa/datasets/grid/test/s33/brap7a.mpg,246,278,4.33349084854126,0.8758195867052068
43,3,/home/nabizadz/Projects/Mahsa/datasets/grid/test/s33/pbas3a.mpg,192,224,4.335355758666992,0.8422001584080298
43,4,/home/nabizadz/Projects/Mahsa/datasets/grid/test/s33/brbj4n.mpg,207,239,4.232101917266846,0.8131514667638733
43,5,/home/nabizadz/Projects/Mahsa/datasets/grid/test/s33/bwbq5s.mpg,20,52,3.1071503162384033,0.9790208528241103
43,6,/home/nabizadz/Projects/Mahsa/datasets/grid/test/s33/lgap1s.mpg,237,269,4.2512593269348145,0.9196291613216295
43,7,/home/nabizadz/Projects/Mahsa/datasets/grid/test/s33/lgic1a.mpg,195,227,3.5369837284088135,0.9570460331614322
43,8,/home/nabizadz/Projects/Mahsa/datasets/grid/test/s33/bwaj9a.mpg,123,155,2.7027556896209717,0.9135944059364283
43,9,/home/nabizadz/Projects/Mahsa/datasets/grid/test/s33/pbal7s.mpg,249,281,4.40296745300293,0.890559161525518
43,10,/home/nabizadz/Projects/Mahsa/datasets/grid/test/s33/lgii2n.mpg,211,243,4.02679443359375,0.8976335960298466
43,11,/home/nabizadz/Projects/Mahsa/datasets/grid/test/s33/pgau1a.mpg,125,157,2.9444615840911865,0.9201912821758795
43,12,/home/nabizadz/Projects/Mahsa/datasets/grid/test/s33/sbbk6p.mpg,133,165,3.0306949615478516,0.9502985466267232
43,13,/home/nabizadz/Projects/Mahsa/datasets/grid/test/s33/lbbn9a.mpg,106,138,2.344860315322876,0.9225680479948578
43,14,/home/nabizadz/Projects/Mahsa/datasets/grid/test/s33/bwbd6n.mpg,59,91,2.646652936935425,0.9717313688618517
43,15,/home/nabizadz/Projects/Mahsa/datasets/grid/test/s33/brav9s.mpg,203,235,4.252712726593018,0.9065716827871796
44,0,/home/nabizadz/Projects/Mahsa/datasets/grid/test/s33/srid8n.mpg,174,206,4.313380718231201,0.9389945361483909
44,1,/home/nabizadz/Projects/Mahsa/datasets/grid/test/s33/pbil2n.mpg,190,222,4.172760963439941,0.8787068848448214
44,2,/home/nabizadz/Projects/Mahsa/datasets/grid/test/s33/bgbk6n.mpg,258,290,4.2570061683654785,0.9308685178758005
44,3,/home/nabizadz/Projects/Mahsa/datasets/grid/test/s33/srbr7a.mpg,194,226,3.5772693157196045,0.9492742357402991
44,4,/home/nabizadz/Projects/Mahsa/datasets/grid/test/s33/lgib8n.mpg,34,66,2.4681708812713623,0.9147070047956106
44,5,/home/nabizadz/Projects/Mahsa/datasets/grid/test/s33/swik9s.mpg,4,36,4.021139621734619,0.9999781468797204
44,6,/home/nabizadz/Projects/Mahsa/datasets/grid/test/s33/pgah3a.mpg,104,136,3.0425000190734863,0.9549671495422363
44,7,/home/nabizadz/Projects/Mahsa/datasets/grid/test/s33/lrao1a.mpg,9,41,3.6188647747039795,0.989839399801356
44,8,/home/nabizadz/Projects/Mahsa/datasets/grid/test/s33/lgio8p.mpg,5,37,3.747896671295166,0.9742148909543717
44,9,/home/nabizadz/Projects/Mahsa/datasets/grid/test/s33/srwz3s.mpg,37,69,2.5375242233276367,0.9582239277358211
44,10,/home/nabizadz/Projects/Mahsa/datasets/grid/test/s33/lgbp6p.mpg,171,203,3.9021170139312744,0.9118308654676471
44,11,/home/nabizadz/Projects/Mahsa/datasets/grid/test/s33/lwib2n.mpg,219,251,4.084409713745117,0.9082277054832033
44,12,/home/nabizadz/Projects/Mahsa/datasets/grid/test/s33/pbal8p.mpg,34,66,3.0300028324127197,0.964151163274451
44,13,/home/nabizadz/Projects/Mahsa/datasets/grid/test/s33/brbj5s.mpg,150,182,3.408041000366211,0.9300691116008372
44,14,/home/nabizadz/Projects/Mahsa/datasets/grid/test/s33/bbbp2n.mpg,206,238,4.133493900299072,0.7983563908483158
44,15,/home/nabizadz/Projects/Mahsa/datasets/grid/test/s33/lban4p.mpg,180,212,4.165483474731445,0.8940347589246628
45,0,/home/nabizadz/Projects/Mahsa/datasets/grid/test/s33/bbbc6p.mpg,113,145,3.1833667755126953,0.952003035954142
45,1,/home/nabizadz/Projects/Mahsa/datasets/grid/test/s33/sgil7a.mpg,119,151,3.0954935550689697,0.9344343962310516
45,2,/home/nabizadz/Projects/Mahsa/datasets/grid/test/s33/lwiu5s.mpg,183,215,4.223305702209473,0.8750899175531459
45,3,/home/nabizadz/Projects/Mahsa/datasets/grid/test/s33/lwwi9s.mpg,265,297,4.066287040710449,0.9412895883743925
45,4,/home/nabizadz/Projects/Mahsa/datasets/grid/test/s33/lria9a.mpg,254,286,4.232171058654785,0.9817381696653614
45,5,/home/nabizadz/Projects/Mahsa/datasets/grid/test/s33/sriy3a.mpg,62,94,3.2063639163970947,0.9625042490671155
45,6,/home/nabizadz/Projects/Mahsa/datasets/grid/test/s33/lgiczp.mpg,147,179,2.8319685459136963,0.8726955237977287
45,7,/home/nabizadz/Projects/Mahsa/datasets/grid/test/s33/bwaq1s.mpg,256,288,4.099705219268799,0.8550459623556105
45,8,/home/nabizadz/Projects/Mahsa/datasets/grid/test/s33/bbbc5s.mpg,73,105,2.9883038997650146,0.9494153871932192
45,9,/home/nabizadz/Projects/Mahsa/datasets/grid/test/s33/sgir8n.mpg,93,125,2.0441653728485107,0.9334791842880622
45,10,/home/nabizadz/Projects/Mahsa/datasets/grid/test/s33/prba1a.mpg,213,245,3.723158121109009,0.877820224769792
45,11,/home/nabizadz/Projects/Mahsa/datasets/grid/test/s33/swaz2p.mpg,191,223,4.303903102874756,0.8849282112617218
45,12,/home/nabizadz/Projects/Mahsa/datasets/grid/test/s33/pwbh1a.mpg,83,115,2.7512526512145996,0.9414964828004303
45,13,/home/nabizadz/Projects/Mahsa/datasets/grid/test/s33/pbaf5a.mpg,40,72,2.1370012760162354,0.9215547121045577
45,14,/home/nabizadz/Projects/Mahsa/datasets/grid/test/s33/prwnzn.mpg,169,201,3.9000062942504883,0.9438037821071762
45,15,/home/nabizadz/Projects/Mahsa/datasets/grid/test/s33/pwwa9s.mpg,216,248,4.1441569328308105,0.8265205876847637
46,0,/home/nabizadz/Projects/Mahsa/datasets/grid/test/s33/sbby4p.mpg,136,168,2.8743879795074463,0.918179748715832
46,1,/home/nabizadz/Projects/Mahsa/datasets/grid/test/s33/bgwr6p.mpg,119,151,3.0748307704925537,0.9470788756489499
46,2,/home/nabizadz/Projects/Mahsa/datasets/grid/test/s33/bbbv6n.mpg,82,114,3.47639536857605,0.9669889174658719
46,3,/home/nabizadz/Projects/Mahsa/datasets/grid/test/s33/bwad2n.mpg,70,102,2.300522565841675,0.9639402905266323
46,4,/home/nabizadz/Projects/Mahsa/datasets/grid/test/s33/lbwozn.mpg,202,234,3.9661874771118164,0.7626734703384277
46,5,/home/nabizadz/Projects/Mahsa/datasets/grid/test/s33/bgwzzp.mpg,156,188,2.677255630493164,0.8954598512378249
46,6,/home/nabizadz/Projects/Mahsa/datasets/grid/test/s33/pris2n.mpg,111,143,2.832948684692383,0.9477151684732192
46,7,/home/nabizadz/Projects/Mahsa/datasets/grid/test/s33/lgwd3a.mpg,189,221,3.5298011302948,0.9584333902922689
46,8,/home/nabizadz/Projects/Mahsa/datasets/grid/test/s33/sgbf8n.mpg,247,279,4.059597492218018,0.8669891200693784
46,9,/home/nabizadz/Projects/Mahsa/datasets/grid/test/s33/bbwp9a.mpg,168,200,4.228120803833008,0.9091833780790701
46,10,/home/nabizadz/Projects/Mahsa/datasets/grid/test/s33/bwbx8n.mpg,212,244,4.3875250816345215,0.8930796949741073
46,11,/home/nabizadz/Projects/Mahsa/datasets/grid/test/s33/pwwn9a.mpg,220,252,4.204239845275879,0.9190988973569525
46,12,/home/nabizadz/Projects/Mahsa/datasets/grid/test/s33/srar3a.mpg,162,194,1.5750997066497803,0.9383169124984606
46,13,/home/nabizadz/Projects/Mahsa/datasets/grid/test/s33/sriy2p.mpg,79,111,2.5922436714172363,0.9208588035509612
46,14,/home/nabizadz/Projects/Mahsa/datasets/grid/test/s33/sgil4n.mpg,103,135,3.1214962005615234,0.9322233612776042
46,15,/home/nabizadz/Projects/Mahsa/datasets/grid/test/s33/pgit6p.mpg,91,123,2.7560958862304688,0.9571802175383524
47,0,/home/nabizadz/Projects/Mahsa/datasets/grid/test/s33/lwbc2p.mpg,196,228,4.091372013092041,0.9375796713172467
47,1,/home/nabizadz/Projects/Mahsa/datasets/grid/test/s33/sgifzn.mpg,4,36,3.873497486114502,0.9695386745484601
47,2,/home/nabizadz/Projects/Mahsa/datasets/grid/test/s33/sgaz9a.mpg,208,240,4.127098560333252,0.8574827469084737
47,3,/home/nabizadz/Projects/Mahsa/datasets/grid/test/s33/pwba5s.mpg,158,190,3.0724234580993652,0.9406535396658192
47,4,/home/nabizadz/Projects/Mahsa/datasets/grid/test/s33/pwag4n.mpg,60,92,2.5292205810546875,0.9529973092701913
47,5,/home/nabizadz/Projects/Mahsa/datasets/grid/test/s33/lbbh4p.mpg,58,90,2.909731864929199,0.9529792259902141
47,6,/home/nabizadz/Projects/Mahsa/datasets/grid/test/s33/srbe9a.mpg,214,246,4.3769917488098145,0.8610723911428925
47,7,/home/nabizadz/Projects/Mahsa/datasets/grid/test/s33/srwz2n.mpg,1,33,4.1898193359375,0.9932923640801442
47,8,/home/nabizadz/Projects/Mahsa/datasets/grid/test/s33/sbiq1s.mpg,41,73,2.6395227909088135,0.9475685762571491
47,9,/home/nabizadz/Projects/Mahsa/datasets/grid/test/s33/lgav4n.mpg,143,175,4.157689094543457,0.9350226582347146
47,10,/home/nabizadz/Projects/Mahsa/datasets/grid/test/s33/bgayzn.mpg,13,45,3.3457024097442627,0.9570501023737222
47,11,/home/nabizadz/Projects/Mahsa/datasets/grid/test/s33/srwl4n.mpg,30,62,3.007337808609009,0.9634536243417628
47,12,/home/nabizadz/Projects/Mahsa/datasets/grid/test/s33/lgap2p.mpg,121,153,3.1659457683563232,0.8978405377493012
47,13,/home/nabizadz/Projects/Mahsa/datasets/grid/test/s33/lbbh2n.mpg,267,299,4.111417770385742,0.9757079916622501
47,14,/home/nabizadz/Projects/Mahsa/datasets/grid/test/s33/lgbx1a.mpg,221,253,4.246034145355225,0.8212446902943061
47,15,/home/nabizadz/Projects/Mahsa/datasets/grid/test/s33/brav8n.mpg,184,216,4.443681240081787,0.9058248413083158
48,0,/home/nabizadz/Projects/Mahsa/datasets/grid/test/s33/brbqzp.mpg,16,48,3.4193179607391357,0.9809811588439338
48,1,/home/nabizadz/Projects/Mahsa/datasets/grid/test/s33/swik8n.mpg,211,243,3.6432244777679443,0.8027487393541052
48,2,/home/nabizadz/Projects/Mahsa/datasets/grid/test/s33/bwix2p.mpg,201,233,4.131570339202881,0.8734710167189395
48,3,/home/nabizadz/Projects/Mahsa/datasets/grid/test/s33/brwq2n.mpg,93,125,2.9812843799591064,0.9499196473302951
48,4,/home/nabizadz/Projects/Mahsa/datasets/grid/test/s33/lwib5a.mpg,111,143,3.786097288131714,0.9768041711993377
48,5,/home/nabizadz/Projects/Mahsa/datasets/grid/test/s33/pram5a.mpg,140,172,3.427433490753174,0.964035798523722
48,6,/home/nabizadz/Projects/Mahsa/datasets/grid/test/s33/bgix7s.mpg,6,38,3.5578269958496094,0.9896969922552431
48,7,/home/nabizadz/Projects/Mahsa/datasets/grid/test/s33/lgwp9s.mpg,122,154,2.9342525005340576,0.9505028179741217
48,8,/home/nabizadz/Projects/Mahsa/datasets/grid/test/s33/lgii3s.mpg,141,173,3.4881811141967773,0.9368985523907775
48,9,/home/nabizadz/Projects/Mahsa/datasets/grid/test/s33/bgix6n.mpg,236,268,3.8167073726654053,0.9750325264240015
48,10,/home/nabizadz/Projects/Mahsa/datasets/grid/test/s33/sgwm7s.mpg,149,181,3.7219810485839844,0.9436155287008926
48,11,/home/nabizadz/Projects/Mahsa/datasets/grid/test/s33/pbbf6n.mpg,196,228,4.08934211730957,0.9744848370090596
48,12,/home/nabizadz/Projects/Mahsa/datasets/grid/test/s33/pwim7a.mpg,53,85,2.915107250213623,0.9508081735470821
48,13,/home/nabizadz/Projects/Mahsa/datasets/grid/test/s33/sgil6p.mpg,159,191,2.965752363204956,0.916328625705725
48,14,/home/nabizadz/Projects/Mahsa/datasets/grid/test/s33/bbwp8p.mpg,195,227,4.486059188842773,0.8908233769029624
48,15,/home/nabizadz/Projects/Mahsa/datasets/grid/test/s33/swae8n.mpg,150,182,3.9420039653778076,0.9261339594784868
49,0,/home/nabizadz/Projects/Mahsa/datasets/grid/test/s33/braj1s.mpg,148,180,3.2096874713897705,0.9423083457407062
49,1,/home/nabizadz/Projects/Mahsa/datasets/grid/test/s33/prwn3a.mpg,203,235,3.5516457557678223,0.94308763864741
49,2,/home/nabizadz/Projects/Mahsa/datasets/grid/test/s33/bwbq6p.mpg,253,285,3.0520269870758057,0.9615911818799978
49,3,/home/nabizadz/Projects/Mahsa/datasets/grid/test/s33/lban3s.mpg,52,84,2.676344633102417,0.9208120110485739
49,4,/home/nabizadz/Projects/Mahsa/datasets/grid/test/s33/bwax5s.mpg,117,149,3.299344539642334,0.9604609363671508
49,5,/home/nabizadz/Projects/Mahsa/datasets/grid/test/s33/lbit4p.mpg,18,50,2.5729050636291504,0.9546341670827875
49,6,/home/nabizadz/Projects/Mahsa/datasets/grid/test/s33/brii8p.mpg,88,120,2.958167314529419,0.939726191072734
49,7,/home/nabizadz/Projects/Mahsa/datasets/grid/test/s33/pbil3s.mpg,147,179,3.3700602054595947,0.9012884922420272
49,8,/home/nabizadz/Projects/Mahsa/datasets/grid/test/s33/lwbi5s.mpg,7,39,3.040398359298706,0.9706538756623594
49,9,/home/nabizadz/Projects/Mahsa/datasets/grid/test/s33/lwbp1a.mpg,53,85,2.1644301414489746,0.9167231764184425
49,10,/home/nabizadz/Projects/Mahsa/datasets/grid/test/s33/prwa3s.mpg,247,279,4.135527610778809,0.8755203383493124
49,11,/home/nabizadz/Projects/Mahsa/datasets/grid/test/s33/sbakzn.mpg,2,34,3.860438585281372,0.9980053801864353
49,12,/home/nabizadz/Projects/Mahsa/datasets/grid/test/s33/lwwp4p.mpg,189,221,3.975513219833374,0.8681564373311577
49,13,/home/nabizadz/Projects/Mahsa/datasets/grid/test/s33/srak6n.mpg,66,98,2.593918800354004,0.925436460575569
49,14,/home/nabizadz/Projects/Mahsa/datasets/grid/test/s33/swaf1a.mpg,22,54,3.2356984615325928,0.9810716951687143
49,15,/home/nabizadz/Projects/Mahsa/datasets/grid/test/s33/pbwg3a.mpg,4,36,3.5172698497772217,0.9957324061278383
50,0,/home/nabizadz/Projects/Mahsa/datasets/grid/test/s33/bwip7s.mpg,166,198,3.5880203247070312,0.9456247811384413
50,1,/home/nabizadz/Projects/Mahsa/datasets/grid/test/s33/lrwb9s.mpg,235,267,4.255826950073242,0.9021529742029953
50,2,/home/nabizadz/Projects/Mahsa/datasets/grid/test/s33/bgaq8p.mpg,13,45,3.868185520172119,0.9634108638467849
50,3,/home/nabizadz/Projects/Mahsa/datasets/grid/test/s33/pginzn.mpg,14,46,3.6943469047546387,0.9936077880722511
50,4,/home/nabizadz/Projects/Mahsa/datasets/grid/test/s33/srbl1s.mpg,118,150,3.081075668334961,0.9427153565582991
50,5,/home/nabizadz/Projects/Mahsa/datasets/grid/test/s33/swiy9a.mpg,95,127,2.666720390319824,0.9467336132440403
50,6,/home/nabizadz/Projects/Mahsa/datasets/grid/test/s33/bwax6p.mpg,40,72,3.8837432861328125,0.9668116142703459
50,7,/home/nabizadz/Projects/Mahsa/datasets/grid/test/s33/sbwr5a.mpg,12,44,3.865232467651367,0.991042227953427
50,8,/home/nabizadz/Projects/Mahsa/datasets/grid/test/s33/sbaq4n.mpg,182,214,4.376766681671143,0.8744712162323002
50,9,/home/nabizadz/Projects/Mahsa/datasets/grid/test/s33/briv7a.mpg,228,260,4.214706897735596,0.8311141028263154
50,10,/home/nabizadz/Projects/Mahsa/datasets/grid/test/s33/lgbc8p.mpg,190,222,4.239205360412598,0.9582599404989274
50,11,/home/nabizadz/Projects/Mahsa/datasets/grid/test/s33/lbig5s.mpg,100,132,2.8800504207611084,0.9471101713570353
50,12,/home/nabizadz/Projects/Mahsa/datasets/grid/test/s33/sbwlzp.mpg,125,157,2.93340802192688,0.9473027826982001
50,13,/home/nabizadz/Projects/Mahsa/datasets/grid/test/s33/pram3s.mpg,104,136,3.0771429538726807,0.9557798443377653
50,14,/home/nabizadz/Projects/Mahsa/datasets/grid/test/s33/pbbs5s.mpg,245,277,3.977003574371338,0.8300820836911476
50,15,/home/nabizadz/Projects/Mahsa/datasets/grid/test/s33/prag1a.mpg,248,280,4.0187554359436035,0.8583759791039528
51,0,/home/nabizadz/Projects/Mahsa/datasets/grid/test/s33/bgix9a.mpg,73,105,2.9979586601257324,0.9311499206739662
51,1,/home/nabizadz/Projects/Mahsa/datasets/grid/test/s33/pgia5a.mpg,78,110,3.2957160472869873,0.9426025223626677
51,2,/home/nabizadz/Projects/Mahsa/datasets/grid/test/s33/lgbv9s.mpg,152,184,3.3302221298217773,0.9172545081817445
51,3,/home/nabizadz/Projects/Mahsa/datasets/grid/test/s33/srwl5s.mpg,152,184,3.2670834064483643,0.9360840656146755
51,4,/home/nabizadz/Projects/Mahsa/datasets/grid/test/s33/pbwt1a.mpg,122,154,3.448892116546631,0.9686368711585199
51,5,/home/nabizadz/Projects/Mahsa/datasets/grid/test/s33/lgivzn.mpg,35,67,2.155851364135742,0.9539376381358942
51,6,/home/nabizadz/Projects/Mahsa/datasets/grid/test/s33/brbx3s.mpg,133,165,2.7167882919311523,0.9141924495244448
51,7,/home/nabizadz/Projects/Mahsa/datasets/grid/test/s33/swil1a.mpg,177,209,3.9625067710876465,0.874680071735104
51,8,/home/nabizadz/Projects/Mahsa/datasets/grid/test/s33/lban5a.mpg,25,57,3.014493465423584,0.9687165658457267
51,9,/home/nabizadz/Projects/Mahsa/datasets/grid/test/s33/bwij4p.mpg,2,34,3.620002031326294,0.9977447990967605
51,10,/home/nabizadz/Projects/Mahsa/datasets/grid/test/s33/bbii2p.mpg,244,276,1.5776937007904053,0.7942801018560656
51,11,/home/nabizadz/Projects/Mahsa/datasets/grid/test/s33/pgan4n.mpg,50,82,2.3758432865142822,0.9442093130026149
51,12,/home/nabizadz/Projects/Mahsa/datasets/grid/test/s33/brbdzn.mpg,37,69,3.1401939392089844,0.9582945923525977
51,13,/home/nabizadz/Projects/Mahsa/datasets/grid/test/s33/pbizzn.mpg,157,189,2.948517322540283,0.9339966748985661
51,14,/home/nabizadz/Projects/Mahsa/datasets/grid/test/s33/lrwv3a.mpg,237,269,4.300906181335449,0.9306543672923372
51,15,/home/nabizadz/Projects/Mahsa/datasets/grid/test/s33/brap6p.mpg,70,102,2.8133535385131836,0.9288985378524265
52,0,/home/nabizadz/Projects/Mahsa/datasets/grid/test/s33/lrit9s.mpg,47,79,2.7854199409484863,0.9420899764207683
52,1,/home/nabizadz/Projects/Mahsa/datasets/grid/test/s33/pwwb1a.mpg,130,162,2.9156177043914795,0.9274852726482204
52,2,/home/nabizadz/Projects/Mahsa/datasets/grid/test/s33/sbaq5s.mpg,205,237,4.35115909576416,0.9005414317395668
52,3,/home/nabizadz/Projects/Mahsa/datasets/grid/test/s33/prbg2n.mpg,87,119,2.9021096229553223,0.9612775082002576
52,4,/home/nabizadz/Projects/Mahsa/datasets/grid/test/s33/lbwb5a.mpg,158,190,4.215528964996338,0.9614852188030176
52,5,/home/nabizadz/Projects/Mahsa/datasets/grid/test/s33/bgiq3s.mpg,40,72,3.0811965465545654,0.9081275059661232
52,6,/home/nabizadz/Projects/Mahsa/datasets/grid/test/s33/bbbv9a.mpg,260,292,4.187639236450195,0.9610799034169002
52,7,/home/nabizadz/Projects/Mahsa/datasets/grid/test/s33/sbwy8p.mpg,228,260,4.265413761138916,0.8499085393404555
52,8,/home/nabizadz/Projects/Mahsa/datasets/grid/test/s33/swie4n.mpg,228,260,4.263123989105225,0.8209854498498265
52,9,/home/nabizadz/Projects/Mahsa/datasets/grid/test/s33/sgbg1a.mpg,11,43,3.8037667274475098,0.9898164880420721
52,10,/home/nabizadz/Projects/Mahsa/datasets/grid/test/s33/prbm7s.mpg,96,128,3.2606961727142334,0.9582876246248712
52,11,/home/nabizadz/Projects/Mahsa/datasets/grid/test/s33/lgav7a.mpg,219,251,4.185976982116699,0.8389394454680141
52,12,/home/nabizadz/Projects/Mahsa/datasets/grid/test/s33/lwab9a.mpg,238,270,4.081120491027832,0.9342443429219501
52,13,/home/nabizadz/Projects/Mahsa/datasets/grid/test/s33/bbiizn.mpg,121,153,3.197688579559326,0.9528584855948229
52,14,/home/nabizadz/Projects/Mahsa/datasets/grid/test/s33/sgbs6n.mpg,103,135,2.636549234390259,0.954974262539611
52,15,/home/nabizadz/Projects/Mahsa/datasets/grid/test/s33/bbwj3s.mpg,23,55,3.133728504180908,0.9666707637181241
53,0,/home/nabizadz/Projects/Mahsa/datasets/grid/test/s33/sray6p.mpg,134,166,2.7279255390167236,0.9457316315176837
53,1,/home/nabizadz/Projects/Mahsa/datasets/grid/test/s33/bgby6p.mpg,174,206,2.7799887657165527,0.9193530513088405
53,2,/home/nabizadz/Projects/Mahsa/datasets/grid/test/s33/srik5a.mpg,247,279,4.333515167236328,0.9096092714845325
53,3,/home/nabizadz/Projects/Mahsa/datasets/grid/test/s33/lgwp8n.mpg,73,105,3.3796277046203613,0.9527568997289841
53,4,/home/nabizadz/Projects/Mahsa/datasets/grid/test/s33/lrwb8n.mpg,259,291,4.165956497192383,0.9005799302059179
53,5,/home/nabizadz/Projects/Mahsa/datasets/grid/test/s33/prwg7s.mpg,247,279,4.35510778427124,0.8947044259069752
53,6,/home/nabizadz/Projects/Mahsa/datasets/grid/test/s33/sbayzp.mpg,28,60,3.7609612941741943,0.968135475140515
53,7,/home/nabizadz/Projects/Mahsa/datasets/grid/test/s33/lrwc1a.mpg,16,48,3.896765947341919,0.9876727402541781
53,8,/home/nabizadz/Projects/Mahsa/datasets/grid/test/s33/swar8p.mpg,139,171,3.3610639572143555,0.9641509518766042
53,9,/home/nabizadz/Projects/Mahsa/datasets/grid/test/s33/pgbu2n.mpg,92,124,3.198596954345703,0.9614682324512582
53,10,/home/nabizadz/Projects/Mahsa/datasets/grid/test/s33/lgwj4n.mpg,116,148,3.4102869033813477,0.9396618664128485
53,11,/home/nabizadz/Projects/Mahsa/datasets/grid/test/s33/bbwd1a.mpg,261,293,4.313061237335205,0.9583136204459699
53,12,/home/nabizadz/Projects/Mahsa/datasets/grid/test/s33/lrab1s.mpg,205,237,4.093083381652832,0.7478589810419619
53,13,/home/nabizadz/Projects/Mahsa/datasets/grid/test/s33/bgak4p.mpg,114,146,3.277782678604126,0.9698376847589625
53,14,/home/nabizadz/Projects/Mahsa/datasets/grid/test/s33/sgwt2p.mpg,70,102,2.836972236633301,0.9665115908651454
53,15,/home/nabizadz/Projects/Mahsa/datasets/grid/test/s33/lwwv8p.mpg,264,296,4.109721660614014,0.9717060861449642
54,0,/home/nabizadz/Projects/Mahsa/datasets/grid/test/s33/lbba9s.mpg,217,249,3.9813833236694336,0.9410280837664581
54,1,/home/nabizadz/Projects/Mahsa/datasets/grid/test/s33/bwaq2p.mpg,198,230,4.336461544036865,0.889214803814452
54,2,/home/nabizadz/Projects/Mahsa/datasets/grid/test/s33/lwiozn.mpg,118,150,2.2807726860046387,0.8970243370383573
54,3,/home/nabizadz/Projects/Mahsa/datasets/grid/test/s33/pbbm3a.mpg,145,177,2.787193775177002,0.926890223322669
54,4,/home/nabizadz/Projects/Mahsa/datasets/grid/test/s33/sbwe6p.mpg,250,282,3.7088160514831543,0.8123345593567963
54,5,/home/nabizadz/Projects/Mahsa/datasets/grid/test/s33/bwaq3a.mpg,19,51,3.0869202613830566,0.9577475673901455
54,6,/home/nabizadz/Projects/Mahsa/datasets/grid/test/s33/lbwo1s.mpg,240,272,4.326638698577881,0.8743477569447032
54,7,/home/nabizadz/Projects/Mahsa/datasets/grid/test/s33/pwbn3s.mpg,126,158,3.0812442302703857,0.9508487167776993
54,8,/home/nabizadz/Projects/Mahsa/datasets/grid/test/s33/sbwk8n.mpg,62,94,2.6108367443084717,0.9569714154861703
54,9,/home/nabizadz/Projects/Mahsa/datasets/grid/test/s33/lwib4p.mpg,242,274,4.011018753051758,0.7926666483531967
54,10,/home/nabizadz/Projects/Mahsa/datasets/grid/test/s33/prif6p.mpg,124,156,2.7103774547576904,0.9472548445265088
54,11,/home/nabizadz/Projects/Mahsa/datasets/grid/test/s33/lwbi4n.mpg,112,144,2.969090700149536,0.9270230353588453
54,12,/home/nabizadz/Projects/Mahsa/datasets/grid/test/s33/lbbu2p.mpg,129,161,2.8182225227355957,0.9236244508524715
54,13,/home/nabizadz/Projects/Mahsa/datasets/grid/test/s33/swir3s.mpg,21,53,3.646658182144165,0.9382098029886997
54,14,/home/nabizadz/Projects/Mahsa/datasets/grid/test/s33/swws5s.mpg,44,76,3.5798521041870117,0.9620830278004607
54,15,/home/nabizadz/Projects/Mahsa/datasets/grid/test/s33/swaz1s.mpg,19,51,3.353083848953247,0.9709829790460834
55,0,/home/nabizadz/Projects/Mahsa/datasets/grid/test/s33/lwao6p.mpg,184,216,2.3665359020233154,0.9220853537500291
55,1,/home/nabizadz/Projects/Mahsa/datasets/grid/test/s33/pris4p.mpg,231,263,4.017998218536377,0.8533289343380719
55,2,/home/nabizadz/Projects/Mahsa/datasets/grid/test/s33/pwitzp.mpg,147,179,3.091658353805542,0.9238699776709953
55,3,/home/nabizadz/Projects/Mahsa/datasets/grid/test/s33/pgwb7a.mpg,137,169,3.0175440311431885,0.9235167480303748
55,4,/home/nabizadz/Projects/Mahsa/datasets/grid/test/s33/pwat3s.mpg,68,100,3.2105493545532227,0.9655994917668187
55,5,/home/nabizadz/Projects/Mahsa/datasets/grid/test/s33/pril9s.mpg,97,129,2.9496266841888428,0.938775379806817
55,6,/home/nabizadz/Projects/Mahsa/datasets/grid/test/s33/bgwlzn.mpg,93,125,2.9720919132232666,0.959623450769705
55,7,/home/nabizadz/Projects/Mahsa/datasets/grid/test/s33/sbwr4p.mpg,184,216,3.405198335647583,0.9335053639203502
55,8,/home/nabizadz/Projects/Mahsa/datasets/grid/test/s33/bbai5s.mpg,108,140,3.0452988147735596,0.9631658448936518
55,9,/home/nabizadz/Projects/Mahsa/datasets/grid/test/s33/swbf5a.mpg,184,216,3.778538465499878,0.9538502350453323
55,10,/home/nabizadz/Projects/Mahsa/datasets/grid/test/s33/brbj6p.mpg,80,112,2.81801438331604,0.9695272545343875
55,11,/home/nabizadz/Projects/Mahsa/datasets/grid/test/s33/lwwc5s.mpg,212,244,4.085805892944336,0.8826063472027628
55,12,/home/nabizadz/Projects/Mahsa/datasets/grid/test/s33/srik3s.mpg,58,90,2.7545387744903564,0.9673277025230815
55,13,/home/nabizadz/Projects/Mahsa/datasets/grid/test/s33/bwbx9s.mpg,200,232,4.087789058685303,0.8937143090123385
55,14,/home/nabizadz/Projects/Mahsa/datasets/grid/test/s33/brbq1a.mpg,111,143,3.591653823852539,0.9653436763094447
55,15,/home/nabizadz/Projects/Mahsa/datasets/grid/test/s33/sgas3s.mpg,46,78,2.888293743133545,0.937174297536492
56,0,/home/nabizadz/Projects/Mahsa/datasets/grid/test/s33/briv6p.mpg,182,214,4.3260321617126465,0.8911308500520561
56,1,/home/nabizadz/Projects/Mahsa/datasets/grid/test/s33/pwag7a.mpg,263,295,4.251104354858398,0.9699539103718263
56,2,/home/nabizadz/Projects/Mahsa/datasets/grid/test/s33/pgwizp.mpg,43,75,2.8116538524627686,0.9315417872794682
56,3,/home/nabizadz/Projects/Mahsa/datasets/grid/test/s33/brip3a.mpg,67,99,3.002260446548462,0.9432505478223853
56,4,/home/nabizadz/Projects/Mahsa/datasets/grid/test/s33/pgig6n.mpg,13,45,3.821105480194092,0.9899332724962431
56,5,/home/nabizadz/Projects/Mahsa/datasets/grid/test/s33/lgwdzn.mpg,112,144,2.6161272525787354,0.9416578135177985
56,6,/home/nabizadz/Projects/Mahsa/datasets/grid/test/s33/pbwg1s.mpg,39,71,3.175060272216797,0.9661584869179058
56,7,/home/nabizadz/Projects/Mahsa/datasets/grid/test/s33/lbat9a.mpg,135,167,3.849567413330078,0.954175158538507
56,8,/home/nabizadz/Projects/Mahsa/datasets/grid/test/s33/lrin4n.mpg,16,48,2.788511276245117,0.9738885689405173
56,9,/home/nabizadz/Projects/Mahsa/datasets/grid/test/s33/lwwp3s.mpg,0,32,3.6760966777801514,0.9954801016194899
56,10,/home/nabizadz/Projects/Mahsa/datasets/grid/test/s33/brbd2p.mpg,49,81,2.7297561168670654,0.9563040137560358
56,11,/home/nabizadz/Projects/Mahsa/datasets/grid/test/s33/bwbkzn.mpg,232,264,4.210015296936035,0.9112553411073038
56,12,/home/nabizadz/Projects/Mahsa/datasets/grid/test/s33/priz9a.mpg,186,218,4.216916084289551,0.8831489615240736
56,13,/home/nabizadz/Projects/Mahsa/datasets/grid/test/s33/bgaq9a.mpg,165,197,3.6589486598968506,0.941865978707998
56,14,/home/nabizadz/Projects/Mahsa/datasets/grid/test/s33/prbt2p.mpg,162,194,2.5545363426208496,0.8899877727824873
56,15,/home/nabizadz/Projects/Mahsa/datasets/grid/test/s33/pbir6n.mpg,82,114,1.917724370956421,0.9174740693545903
57,0,/home/nabizadz/Projects/Mahsa/datasets/grid/test/s33/sgwtzn.mpg,165,197,3.572437047958374,0.8783010300982492
57,1,/home/nabizadz/Projects/Mahsa/datasets/grid/test/s33/srak7s.mpg,136,168,2.972583532333374,0.9285754819054827
57,2,/home/nabizadz/Projects/Mahsa/datasets/grid/test/s33/sbwy6n.mpg,55,87,3.426081657409668,0.973685753123133
57,3,/home/nabizadz/Projects/Mahsa/datasets/grid/test/s33/bbwx3a.mpg,199,231,4.0111565589904785,0.7980076315474222
57,4,/home/nabizadz/Projects/Mahsa/datasets/grid/test/s33/lwai1s.mpg,31,63,2.723137378692627,0.9472099847535526
57,5,/home/nabizadz/Projects/Mahsa/datasets/grid/test/s33/sgwm8p.mpg,164,196,3.4910640716552734,0.9545068247083477
57,6,/home/nabizadz/Projects/Mahsa/datasets/grid/test/s33/pwis9s.mpg,215,247,4.188911437988281,0.9916333338198335
57,7,/home/nabizadz/Projects/Mahsa/datasets/grid/test/s33/bgbe2n.mpg,129,161,3.610518455505371,0.9497402201440721
57,8,/home/nabizadz/Projects/Mahsa/datasets/grid/test/s33/lbbn7s.mpg,187,219,4.130798816680908,0.8861885131494988
57,9,/home/nabizadz/Projects/Mahsa/datasets/grid/test/s33/lbag8n.mpg,194,226,4.352982997894287,0.927550447542581
57,10,/home/nabizadz/Projects/Mahsa/datasets/grid/test/s33/pbbs6p.mpg,139,171,2.8861441612243652,0.9568610826321279
57,11,/home/nabizadz/Projects/Mahsa/datasets/grid/test/s33/pwig3a.mpg,256,288,4.063211917877197,0.8784345126568402
57,12,/home/nabizadz/Projects/Mahsa/datasets/grid/test/s33/pgwo4p.mpg,231,263,4.233944416046143,0.9582149001343606
57,13,/home/nabizadz/Projects/Mahsa/datasets/grid/test/s33/braxzp.mpg,252,284,4.0845441818237305,0.8869255950417122
57,14,/home/nabizadz/Projects/Mahsa/datasets/grid/test/s33/swiy8p.mpg,44,76,3.125805616378784,0.9583432279390589
57,15,/home/nabizadz/Projects/Mahsa/datasets/grid/test/s33/lgbp7a.mpg,79,111,3.18692684173584,0.9635859977489776
58,0,/home/nabizadz/Projects/Mahsa/datasets/grid/test/s33/pwwh5a.mpg,265,297,4.217825412750244,0.9900879030480936
58,1,/home/nabizadz/Projects/Mahsa/datasets/grid/test/s33/pbaf2n.mpg,78,110,3.09364652633667,0.9580172615705197
58,2,/home/nabizadz/Projects/Mahsa/datasets/grid/test/s33/lbia3a.mpg,247,279,4.21891975402832,0.8892180049136028
58,3,/home/nabizadz/Projects/Mahsa/datasets/grid/test/s33/lgii5a.mpg,20,52,2.802424669265747,0.9547182776496634
58,4,/home/nabizadz/Projects/Mahsa/datasets/grid/test/s33/lbwu7a.mpg,268,300,4.111201763153076,0.9146362248232661
58,5,/home/nabizadz/Projects/Mahsa/datasets/grid/test/s33/srid9s.mpg,223,255,4.432844161987305,0.9283472859563303
58,6,/home/nabizadz/Projects/Mahsa/datasets/grid/test/s33/lrwvzn.mpg,250,282,4.107447624206543,0.8884065662421028
58,7,/home/nabizadz/Projects/Mahsa/datasets/grid/test/s33/lrah5s.mpg,121,153,3.5712006092071533,0.960756799735054
58,8,/home/nabizadz/Projects/Mahsa/datasets/grid/test/s33/srwf2p.mpg,196,228,4.365501880645752,0.9446178531147685
58,9,/home/nabizadz/Projects/Mahsa/datasets/grid/test/s33/lbig6p.mpg,122,154,3.183379650115967,0.9438833773017937
58,10,/home/nabizadz/Projects/Mahsa/datasets/grid/test/s33/pwat4p.mpg,3,35,4.099357604980469,0.9998849906390335
58,11,/home/nabizadz/Projects/Mahsa/datasets/grid/test/s33/bbio5s.mpg,145,177,3.6890764236450195,0.942744407111015
58,12,/home/nabizadz/Projects/Mahsa/datasets/grid/test/s33/srwl7a.mpg,211,243,4.014253616333008,0.8888785879839491
58,13,/home/nabizadz/Projects/Mahsa/datasets/grid/test/s33/bwwy4p.mpg,229,261,3.70035457611084,0.8618800122169317
58,14,/home/nabizadz/Projects/Mahsa/datasets/grid/test/s33/sgbgzp.mpg,76,108,2.299459218978882,0.88942507932941
58,15,/home/nabizadz/Projects/Mahsa/datasets/grid/test/s33/swafzp.mpg,194,226,4.29832124710083,0.9333052126069652
59,0,/home/nabizadz/Projects/Mahsa/datasets/grid/test/s33/pwbt9a.mpg,155,187,3.2114310264587402,0.9561961442429567
59,1,/home/nabizadz/Projects/Mahsa/datasets/grid/test/s33/bwwk5s.mpg,62,94,2.358645439147949,0.9458804265642103
59,2,/home/nabizadz/Projects/Mahsa/datasets/grid/test/s33/swbz5s.mpg,68,100,3.1017870903015137,0.9619078992869433
59,3,/home/nabizadz/Projects/Mahsa/datasets/grid/test/s33/sbbr1a.mpg,72,104,2.9308905601501465,0.9319068181249034
59,4,/home/nabizadz/Projects/Mahsa/datasets/grid/test/s33/pgwh8n.mpg,157,189,3.3447272777557373,0.9352734063316687
59,5,/home/nabizadz/Projects/Mahsa/datasets/grid/test/s33/swaz3a.mpg,87,119,2.8287317752838135,0.9753052214639135
59,6,/home/nabizadz/Projects/Mahsa/datasets/grid/test/s33/bbao9s.mpg,8,40,4.477761745452881,0.9999936993762936
59,7,/home/nabizadz/Projects/Mahsa/datasets/grid/test/s33/bwip9a.mpg,222,254,3.9388983249664307,0.8704678315790659
59,8,/home/nabizadz/Projects/Mahsa/datasets/grid/test/s33/lgac2n.mpg,180,212,3.6973931789398193,0.9324486671809106
59,9,/home/nabizadz/Projects/Mahsa/datasets/grid/test/s33/bwbd9a.mpg,99,131,2.7426767349243164,0.9405997614739414
59,10,/home/nabizadz/Projects/Mahsa/datasets/grid/test/s33/pgit7a.mpg,71,103,3.288191080093384,0.9517792532120338
59,11,/home/nabizadz/Projects/Mahsa/datasets/grid/test/s33/prwg6n.mpg,89,121,3.221673011779785,0.9771361831082583
59,12,/home/nabizadz/Projects/Mahsa/datasets/grid/test/s33/pwag6p.mpg,247,279,3.987978935241699,0.9150279384523389
59,13,/home/nabizadz/Projects/Mahsa/datasets/grid/test/s33/sbaq6p.mpg,257,289,3.8676538467407227,0.8845629523085639
59,14,/home/nabizadz/Projects/Mahsa/datasets/grid/test/s33/bbav2n.mpg,148,180,3.873870372772217,0.9520936294283232
59,15,/home/nabizadz/Projects/Mahsa/datasets/grid/test/s33/srwszp.mpg,5,37,3.3955657482147217,0.99359968270181
60,0,/home/nabizadz/Projects/Mahsa/datasets/grid/test/s33/sriezp.mpg,50,82,3.2190749645233154,0.9606800897160177
60,1,/home/nabizadz/Projects/Mahsa/datasets/grid/test/s33/lgbc7s.mpg,8,40,3.222160816192627,0.9906127550875607
60,2,/home/nabizadz/Projects/Mahsa/datasets/grid/test/s33/pgwi1a.mpg,19,51,2.3542568683624268,0.9547214861300477
60,3,/home/nabizadz/Projects/Mahsa/datasets/grid/test/s33/srbe8p.mpg,12,44,3.9046926498413086,0.9845240640666338
60,4,/home/nabizadz/Projects/Mahsa/datasets/grid/test/s33/pgit5s.mpg,160,192,3.4680593013763428,0.9655056716943688
60,5,/home/nabizadz/Projects/Mahsa/datasets/grid/test/s33/lrwczp.mpg,17,49,2.4127650260925293,0.984382725470151
60,6,/home/nabizadz/Projects/Mahsa/datasets/grid/test/s33/lbwu4n.mpg,11,43,2.627392292022705,0.975455372384538
60,7,/home/nabizadz/Projects/Mahsa/datasets/grid/test/s33/pgan5s.mpg,34,66,3.1656861305236816,0.944612852133681
60,8,/home/nabizadz/Projects/Mahsa/datasets/grid/test/s33/lgwqzp.mpg,87,119,3.2776663303375244,0.9237500720584176
60,9,/home/nabizadz/Projects/Mahsa/datasets/grid/test/s33/bric4p.mpg,60,92,2.186605930328369,0.9586237080333969
60,10,/home/nabizadz/Projects/Mahsa/datasets/grid/test/s33/bbii3a.mpg,162,194,3.4899511337280273,0.9375050503138506
60,11,/home/nabizadz/Projects/Mahsa/datasets/grid/test/s33/lwio2p.mpg,150,182,3.135723352432251,0.9265706510560064
60,12,/home/nabizadz/Projects/Mahsa/datasets/grid/test/s33/pbas1s.mpg,204,236,4.1757307052612305,0.850878338300739
60,13,/home/nabizadz/Projects/Mahsa/datasets/grid/test/s33/pgat9s.mpg,265,297,4.3259806632995605,0.9584697439493485
60,14,/home/nabizadz/Projects/Mahsa/datasets/grid/test/s33/brbj7a.mpg,165,197,2.1096267700195312,0.7886936799798999
60,15,/home/nabizadz/Projects/Mahsa/datasets/grid/test/s33/sbad7s.mpg,197,229,4.362102508544922,0.8944068854981991
61,0,/home/nabizadz/Projects/Mahsa/datasets/grid/test/s33/brwk1a.mpg,8,40,3.933584690093994,0.9944971382516214
61,1,/home/nabizadz/Projects/Mahsa/datasets/grid/test/s33/sgwt1s.mpg,183,215,3.5989279747009277,0.9285979617629996
61,2,/home/nabizadz/Projects/Mahsa/datasets/grid/test/s33/lriuzp.mpg,6,38,3.9049010276794434,0.9880184247097162
61,3,/home/nabizadz/Projects/Mahsa/datasets/grid/test/s33/pwat5a.mpg,84,116,3.0970458984375,0.9721113229986609
61,4,/home/nabizadz/Projects/Mahsa/datasets/grid/test/s33/lriu1a.mpg,1,33,4.1829400062561035,0.999217018065206
61,5,/home/nabizadz/Projects/Mahsa/datasets/grid/test/s33/lria6n.mpg,49,81,2.823122501373291,0.9460215815450312
61,6,/home/nabizadz/Projects/Mahsa/datasets/grid/test/s33/pgwo3s.mpg,143,175,3.1705808639526367,0.9393895445765785
61,7,/home/nabizadz/Projects/Mahsa/datasets/grid/test/s33/srby8n.mpg,235,267,4.18919563293457,0.8452998577929483
61,8,/home/nabizadz/Projects/Mahsa/datasets/grid/test/s33/lwbo8n.mpg,185,217,4.268261432647705,0.9058784215760194
61,9,/home/nabizadz/Projects/Mahsa/datasets/grid/test/s33/lgac5a.mpg,203,235,4.099144458770752,0.8827321958604717
61,10,/home/nabizadz/Projects/Mahsa/datasets/grid/test/s33/prbt3a.mpg,186,218,4.361154556274414,0.9383333893989029
61,11,/home/nabizadz/Projects/Mahsa/datasets/grid/test/s33/lgac3s.mpg,89,121,2.857426404953003,0.937661281277174
61,12,/home/nabizadz/Projects/Mahsa/datasets/grid/test/s33/lgav6p.mpg,73,105,2.9779956340789795,0.9249104254673103
61,13,/home/nabizadz/Projects/Mahsa/datasets/grid/test/s33/lbit3s.mpg,165,197,3.8274190425872803,0.8954491275712539
61,14,/home/nabizadz/Projects/Mahsa/datasets/grid/test/s33/bbav5a.mpg,150,182,3.127485752105713,0.9257401740800899
61,15,/home/nabizadz/Projects/Mahsa/datasets/grid/test/s33/bwad3s.mpg,195,227,4.210606098175049,0.9374881645262023
62,0,/home/nabizadz/Projects/Mahsa/datasets/grid/test/s33/lbbh3s.mpg,146,178,3.5140905380249023,0.9481168254256247
62,1,/home/nabizadz/Projects/Mahsa/datasets/grid/test/s33/prif4n.mpg,259,291,4.369466781616211,0.9350239011988516
62,2,/home/nabizadz/Projects/Mahsa/datasets/grid/test/s33/bgiq5a.mpg,258,290,3.912203311920166,0.9754021240561135
62,3,/home/nabizadz/Projects/Mahsa/datasets/grid/test/s33/pbas2p.mpg,66,98,2.981294870376587,0.9438977947247906
62,4,/home/nabizadz/Projects/Mahsa/datasets/grid/test/s33/sbak3a.mpg,245,277,4.085344314575195,0.9683147128271212
62,5,/home/nabizadz/Projects/Mahsa/datasets/grid/test/s33/sbwk9s.mpg,230,262,3.992851734161377,0.7872003747811297
62,6,/home/nabizadz/Projects/Mahsa/datasets/grid/test/s33/srae3s.mpg,76,108,2.7441489696502686,0.9529881235706994
62,7,/home/nabizadz/Projects/Mahsa/datasets/grid/test/s33/bgbk9a.mpg,40,72,2.63903546333313,0.9379330277405034
62,8,/home/nabizadz/Projects/Mahsa/datasets/grid/test/s30/bwax9p.mpg,121,153,3.24839186668396,0.9383288800704876
62,9,/home/nabizadz/Projects/Mahsa/datasets/grid/test/s30/bbai9p.mpg,226,258,4.4853105545043945,0.862387725733306
62,10,/home/nabizadz/Projects/Mahsa/datasets/grid/test/s30/bgbr5p.mpg,249,281,4.336449146270752,0.939953770020506
62,11,/home/nabizadz/Projects/Mahsa/datasets/grid/test/s30/swas1p.mpg,227,259,4.358643054962158,0.9075808719315145
62,12,/home/nabizadz/Projects/Mahsa/datasets/grid/test/s30/srbl5p.mpg,68,100,2.88004732131958,0.977567274312689
62,13,/home/nabizadz/Projects/Mahsa/datasets/grid/test/s30/bbwd2s.mpg,82,114,3.0111196041107178,0.9317860319151987
62,14,/home/nabizadz/Projects/Mahsa/datasets/grid/test/s30/srae7p.mpg,208,240,4.1666178703308105,0.9292225166750023
62,15,/home/nabizadz/Projects/Mahsa/datasets/grid/test/s30/lbauzs.mpg,87,119,2.664135456085205,0.9471645839892985
63,0,/home/nabizadz/Projects/Mahsa/datasets/grid/test/s30/pgwb8s.mpg,255,287,4.024537563323975,0.9182000725501883
63,1,/home/nabizadz/Projects/Mahsa/datasets/grid/test/s30/pbwnza.mpg,124,156,2.937166213989258,0.9507671411160673
63,2,/home/nabizadz/Projects/Mahsa/datasets/grid/test/s30/pwwu5p.mpg,229,261,4.3400983810424805,0.9050946496873195
63,3,/home/nabizadz/Projects/Mahsa/datasets/grid/test/s30/bgieza.mpg,106,138,2.473228693008423,0.9266552932740344
63,4,/home/nabizadz/Projects/Mahsa/datasets/grid/test/s30/lgic4a.mpg,175,207,2.9535810947418213,0.9417188795280804
63,5,/home/nabizadz/Projects/Mahsa/datasets/grid/test/s30/pwbh1n.mpg,264,296,4.184763431549072,0.9787613423814594
63,6,/home/nabizadz/Projects/Mahsa/datasets/grid/test/s30/swifza.mpg,91,123,3.5564076900482178,0.9710634409565287
63,7,/home/nabizadz/Projects/Mahsa/datasets/grid/test/s30/lriu2s.mpg,44,76,4.190835952758789,0.9975431703163666
63,8,/home/nabizadz/Projects/Mahsa/datasets/grid/test/s30/lwib8a.mpg,80,112,2.6773791313171387,0.9651676856545668
63,9,/home/nabizadz/Projects/Mahsa/datasets/grid/test/s30/bwby4a.mpg,76,108,3.0891942977905273,0.9697259886048928
63,10,/home/nabizadz/Projects/Mahsa/datasets/grid/test/s30/sgaf7n.mpg,7,39,3.3681302070617676,0.9908550249995705
63,11,/home/nabizadz/Projects/Mahsa/datasets/grid/test/s30/lgwq4a.mpg,204,236,4.338040351867676,0.9335078821144897
63,12,/home/nabizadz/Projects/Mahsa/datasets/grid/test/s30/pwwb3p.mpg,41,73,2.6332590579986572,0.9647546536728676
63,13,/home/nabizadz/Projects/Mahsa/datasets/grid/test/s30/bwij6s.mpg,170,202,3.5738842487335205,0.9691359768263437
63,14,/home/nabizadz/Projects/Mahsa/datasets/grid/test/s30/bwip9n.mpg,154,186,3.609679698944092,0.9569334359241359
63,15,/home/nabizadz/Projects/Mahsa/datasets/grid/test/s30/srie1n.mpg,221,253,4.33290958404541,0.9880057100157069
64,0,/home/nabizadz/Projects/Mahsa/datasets/grid/test/s30/lbbo1p.mpg,172,204,3.3367950916290283,0.8989540758778146
64,1,/home/nabizadz/Projects/Mahsa/datasets/grid/test/s30/sgwm9n.mpg,63,95,2.526611566543579,0.9609828754582943
64,2,/home/nabizadz/Projects/Mahsa/datasets/grid/test/s30/swws7n.mpg,268,300,4.351226329803467,0.9264489563254593
64,3,/home/nabizadz/Projects/Mahsa/datasets/grid/test/s30/brbkza.mpg,28,60,4.209305286407471,0.9933699294131108
64,4,/home/nabizadz/Projects/Mahsa/datasets/grid/test/s30/srik7p.mpg,23,55,3.329256057739258,0.9732335791990866
64,5,/home/nabizadz/Projects/Mahsa/datasets/grid/test/s30/lbig7n.mpg,265,297,3.9684629440307617,0.8899664977408779
64,6,/home/nabizadz/Projects/Mahsa/datasets/grid/test/s30/pgbu7p.mpg,71,103,3.053050994873047,0.9683207654233268
64,7,/home/nabizadz/Projects/Mahsa/datasets/grid/test/s30/lgwq2s.mpg,63,95,3.340310573577881,0.9622886993355478
64,8,/home/nabizadz/Projects/Mahsa/datasets/grid/test/s30/swbs6a.mpg,68,100,2.708167791366577,0.9608567130211803
64,9,/home/nabizadz/Projects/Mahsa/datasets/grid/test/s30/sbix9p.mpg,187,219,4.239903926849365,0.9448157582181579
64,10,/home/nabizadz/Projects/Mahsa/datasets/grid/test/s30/sral1p.mpg,145,177,3.235353946685791,0.9036594893886687
64,11,/home/nabizadz/Projects/Mahsa/datasets/grid/test/s30/pwwb4a.mpg,253,285,4.32224178314209,0.9998816618157265
64,12,/home/nabizadz/Projects/Mahsa/datasets/grid/test/s30/sriy4s.mpg,175,207,3.6436922550201416,0.9501224928519888
64,13,/home/nabizadz/Projects/Mahsa/datasets/grid/test/s30/pbbm5p.mpg,61,93,3.605207681655884,0.9826015733344793
64,14,/home/nabizadz/Projects/Mahsa/datasets/grid/test/s30/pbwg3n.mpg,91,123,2.9538681507110596,0.9424278166894012
64,15,/home/nabizadz/Projects/Mahsa/datasets/grid/test/s30/lgwj8s.mpg,212,244,4.304815769195557,0.9475606257889929
65,0,/home/nabizadz/Projects/Mahsa/datasets/grid/test/s30/lgaj2a.mpg,237,269,4.218841075897217,0.9422902496561644
65,1,/home/nabizadz/Projects/Mahsa/datasets/grid/test/s30/lwbi7n.mpg,199,231,4.214314937591553,0.9090276067404429
65,2,/home/nabizadz/Projects/Mahsa/datasets/grid/test/s30/bbav5n.mpg,21,53,3.421103000640869,0.989731717864178
65,3,/home/nabizadz/Projects/Mahsa/datasets/grid/test/s30/brap9p.mpg,186,218,3.143000841140747,0.9514877962981787
65,4,/home/nabizadz/Projects/Mahsa/datasets/grid/test/s30/swas2a.mpg,209,241,4.399249076843262,0.9271486708426806
65,5,/home/nabizadz/Projects/Mahsa/datasets/grid/test/s30/prwhzs.mpg,172,204,3.109678030014038,0.9529394977540918
65,6,/home/nabizadz/Projects/Mahsa/datasets/grid/test/s30/pbil8a.mpg,235,267,4.109433650970459,0.966172813275212
65,7,/home/nabizadz/Projects/Mahsa/datasets/grid/test/s30/srbfzs.mpg,64,96,3.6142737865448,0.9602235231587207
65,8,/home/nabizadz/Projects/Mahsa/datasets/grid/test/s30/lgac7p.mpg,206,238,4.078614711761475,0.9221438536056726
65,9,/home/nabizadz/Projects/Mahsa/datasets/grid/test/s30/sbaq8s.mpg,15,47,4.312950134277344,0.9810320613927854
65,10,/home/nabizadz/Projects/Mahsa/datasets/grid/test/s30/prbn2a.mpg,190,222,3.5971133708953857,0.8218941976656114
65,11,/home/nabizadz/Projects/Mahsa/datasets/grid/test/s30/lbbh6s.mpg,182,214,3.730574131011963,0.9569665370363509
65,12,/home/nabizadz/Projects/Mahsa/datasets/grid/test/s30/pwit2s.mpg,56,88,2.4798338413238525,0.9628136796578687
65,13,/home/nabizadz/Projects/Mahsa/datasets/grid/test/s30/swwg1p.mpg,176,208,3.1774544715881348,0.944309158028572
65,14,/home/nabizadz/Projects/Mahsa/datasets/grid/test/s30/bwix4s.mpg,120,152,2.8790993690490723,0.9486407770502965
65,15,/home/nabizadz/Projects/Mahsa/datasets/grid/test/s30/sbbr3p.mpg,175,207,3.4456043243408203,0.9392466491726152
66,0,/home/nabizadz/Projects/Mahsa/datasets/grid/test/s30/lrbi1n.mpg,103,135,3.5333783626556396,0.9286811838033429
66,1,/home/nabizadz/Projects/Mahsa/datasets/grid/test/s30/pbbgzs.mpg,164,196,3.130204677581787,0.9549842783206901
66,2,/home/nabizadz/Projects/Mahsa/datasets/grid/test/s30/pris7p.mpg,190,222,3.4265363216400146,0.9578406262802528
66,3,/home/nabizadz/Projects/Mahsa/datasets/grid/test/s30/brax1n.mpg,143,175,3.414411783218384,0.9462605456458761
66,4,/home/nabizadz/Projects/Mahsa/datasets/grid/test/s30/lwii1p.mpg,48,80,3.76275372505188,0.9412158229206281
66,5,/home/nabizadz/Projects/Mahsa/datasets/grid/test/s30/sgbs9n.mpg,152,184,3.1219563484191895,0.9509902831863124
66,6,/home/nabizadz/Projects/Mahsa/datasets/grid/test/s30/lgii7p.mpg,87,119,2.9506564140319824,0.9195727146809537
66,7,/home/nabizadz/Projects/Mahsa/datasets/grid/test/s30/srae6s.mpg,239,271,4.052828311920166,0.8663170258904705
66,8,/home/nabizadz/Projects/Mahsa/datasets/grid/test/s30/lwav1n.mpg,58,90,2.9276177883148193,0.9593517515156528
66,9,/home/nabizadz/Projects/Mahsa/datasets/grid/test/s30/pbif3p.mpg,104,136,2.8853418827056885,0.9589772761909463
66,10,/home/nabizadz/Projects/Mahsa/datasets/grid/test/s30/pwag7n.mpg,36,68,3.499098300933838,0.9834639619271976
66,11,/home/nabizadz/Projects/Mahsa/datasets/grid/test/s30/lgio9n.mpg,197,229,4.026577949523926,0.9851386530435436
66,12,/home/nabizadz/Projects/Mahsa/datasets/grid/test/s30/bbap1n.mpg,198,230,4.039246082305908,0.9490917725377281
66,13,/home/nabizadz/Projects/Mahsa/datasets/grid/test/s30/lbia5p.mpg,125,157,3.0207104682922363,0.9563902476102337
66,14,/home/nabizadz/Projects/Mahsa/datasets/grid/test/s30/sbbr4a.mpg,222,254,3.938131809234619,0.9658246231625901
66,15,/home/nabizadz/Projects/Mahsa/datasets/grid/test/s30/pgabzs.mpg,48,80,3.6118693351745605,0.9739652058417062
67,0,/home/nabizadz/Projects/Mahsa/datasets/grid/test/s30/pgwo7p.mpg,206,238,2.872467041015625,0.9273824890114732
67,1,/home/nabizadz/Projects/Mahsa/datasets/grid/test/s30/brii9n.mpg,161,193,4.111902236938477,0.9499067203815521
67,2,/home/nabizadz/Projects/Mahsa/datasets/grid/test/s30/lbwo6a.mpg,179,211,3.7460687160491943,0.9598117609351389
67,3,/home/nabizadz/Projects/Mahsa/datasets/grid/test/s30/lbbn9n.mpg,190,222,3.424386501312256,0.9600848077492687
67,4,/home/nabizadz/Projects/Mahsa/datasets/grid/test/s30/sgwa3p.mpg,110,142,3.001690626144409,0.9515588428744368
67,5,/home/nabizadz/Projects/Mahsa/datasets/grid/test/s30/pbas5p.mpg,203,235,4.255617618560791,0.9801865817847917
67,6,/home/nabizadz/Projects/Mahsa/datasets/grid/test/s30/pwat7p.mpg,50,82,3.1832377910614014,0.9736204629391146
67,7,/home/nabizadz/Projects/Mahsa/datasets/grid/test/s30/bwij5n.mpg,51,83,3.072089672088623,0.9723784767786867
67,8,/home/nabizadz/Projects/Mahsa/datasets/grid/test/s30/brweza.mpg,118,150,2.1907968521118164,0.9526908205667354
67,9,/home/nabizadz/Projects/Mahsa/datasets/grid/test/s30/srws1n.mpg,183,215,4.082850456237793,0.9204040464420544
67,10,/home/nabizadz/Projects/Mahsa/datasets/grid/test/s30/sral2a.mpg,163,195,3.942176580429077,0.9169475353998212
67,11,/home/nabizadz/Projects/Mahsa/datasets/grid/test/s30/pwbbza.mpg,2,34,4.318756103515625,0.9999530071591918
67,12,/home/nabizadz/Projects/Mahsa/datasets/grid/test/s30/pbbs9p.mpg,236,268,4.101651668548584,0.9663679252493051
67,13,/home/nabizadz/Projects/Mahsa/datasets/grid/test/s30/pbwazs.mpg,68,100,2.9740195274353027,0.9720945296589776
67,14,/home/nabizadz/Projects/Mahsa/datasets/grid/test/s30/brbj8s.mpg,9,41,3.8418383598327637,0.9942912771519763
67,15,/home/nabizadz/Projects/Mahsa/datasets/grid/test/s30/bwbq8s.mpg,11,43,4.29852294921875,0.9699955818590856
68,0,/home/nabizadz/Projects/Mahsa/datasets/grid/test/s30/lgbx1n.mpg,104,136,2.9200150966644287,0.9396463786557375
68,1,/home/nabizadz/Projects/Mahsa/datasets/grid/test/s30/lwapza.mpg,71,103,3.0682332515716553,0.962851473779307
68,2,/home/nabizadz/Projects/Mahsa/datasets/grid/test/s30/pbaz7n.mpg,33,65,3.868373394012451,0.9865194677493291
68,3,/home/nabizadz/Projects/Mahsa/datasets/grid/test/s30/pbas4s.mpg,75,107,2.6336441040039062,0.9434313096280804
68,4,/home/nabizadz/Projects/Mahsa/datasets/grid/test/s30/lrwo9n.mpg,118,150,3.4276559352874756,0.9442707340658585
68,5,/home/nabizadz/Projects/Mahsa/datasets/grid/test/s30/lrbb9p.mpg,128,160,3.1725103855133057,0.9756201029301691
68,6,/home/nabizadz/Projects/Mahsa/datasets/grid/test/s30/lrwi6s.mpg,136,168,2.2618792057037354,0.9225618572229491
68,7,/home/nabizadz/Projects/Mahsa/datasets/grid/test/s30/pgit8s.mpg,17,49,3.438476085662842,0.9963785604553526
68,8,/home/nabizadz/Projects/Mahsa/datasets/grid/test/s30/bgik2s.mpg,133,165,3.1428041458129883,0.946063827858094
68,9,/home/nabizadz/Projects/Mahsa/datasets/grid/test/s30/sgbm7p.mpg,203,235,2.9336743354797363,0.9366626643466223
68,10,/home/nabizadz/Projects/Mahsa/datasets/grid/test/s30/brbd3n.mpg,187,219,4.328329086303711,0.9141438773880635
68,11,/home/nabizadz/Projects/Mahsa/datasets/grid/test/s30/sbiq6a.mpg,239,271,4.074769020080566,0.9180575075890779
68,12,/home/nabizadz/Projects/Mahsa/datasets/grid/test/s30/bbwd3p.mpg,97,129,2.8559083938598633,0.94498376567025
68,13,/home/nabizadz/Projects/Mahsa/datasets/grid/test/s30/prim4a.mpg,59,91,2.9519169330596924,0.962005550479853
68,14,/home/nabizadz/Projects/Mahsa/datasets/grid/test/s30/swaszs.mpg,21,53,3.2867157459259033,0.9940526217813258
68,15,/home/nabizadz/Projects/Mahsa/datasets/grid/test/s30/swaz3n.mpg,252,284,4.412633419036865,0.8596152940219881
69,0,/home/nabizadz/Projects/Mahsa/datasets/grid/test/s30/pwbuzs.mpg,82,114,3.354975461959839,0.9797886890658609
69,1,/home/nabizadz/Projects/Mahsa/datasets/grid/test/s30/bwid1n.mpg,230,262,4.024149417877197,0.9175625527005797
69,2,/home/nabizadz/Projects/Mahsa/datasets/grid/test/s30/srbz4a.mpg,60,92,3.2108592987060547,0.963972296968355
69,3,/home/nabizadz/Projects/Mahsa/datasets/grid/test/s30/pbaz9p.mpg,63,95,3.3157100677490234,0.965985756142841
69,4,/home/nabizadz/Projects/Mahsa/datasets/grid/test/s30/lgwkza.mpg,120,152,3.270691156387329,0.9556476426333704
69,5,/home/nabizadz/Projects/Mahsa/datasets/grid/test/s30/swaf4a.mpg,194,226,4.23682975769043,0.8596840865862952
69,6,/home/nabizadz/Projects/Mahsa/datasets/grid/test/s30/sgas8a.mpg,224,256,3.9917731285095215,0.8656439388026492
69,7,/home/nabizadz/Projects/Mahsa/datasets/grid/test/s30/pwba9p.mpg,118,150,2.8841562271118164,0.9170474917269416
69,8,/home/nabizadz/Projects/Mahsa/datasets/grid/test/s30/prbt6a.mpg,193,225,3.531306743621826,0.9416635243253543
69,9,/home/nabizadz/Projects/Mahsa/datasets/grid/test/s30/pwwo2a.mpg,252,284,4.0172648429870605,0.9134729223738141
69,10,/home/nabizadz/Projects/Mahsa/datasets/grid/test/s30/sriy5p.mpg,204,236,4.354574203491211,0.9598360420090996
69,11,/home/nabizadz/Projects/Mahsa/datasets/grid/test/s30/swws9p.mpg,114,146,3.212775945663452,0.965728575573545
69,12,/home/nabizadz/Projects/Mahsa/datasets/grid/test/s30/lrin9p.mpg,196,228,4.2547502517700195,0.899049531295795
69,13,/home/nabizadz/Projects/Mahsa/datasets/grid/test/s30/bwbq9p.mpg,64,96,2.673163414001465,0.9684751165407445
69,14,/home/nabizadz/Projects/Mahsa/datasets/grid/test/s30/lgbj3n.mpg,183,215,3.9111568927764893,0.9496062422239968
69,15,/home/nabizadz/Projects/Mahsa/datasets/grid/test/s30/bgwf1p.mpg,25,57,3.7048847675323486,0.8888461661681428
70,0,/home/nabizadz/Projects/Mahsa/datasets/grid/test/s30/bgiy1p.mpg,144,176,3.2212252616882324,0.9563159383848919
70,1,/home/nabizadz/Projects/Mahsa/datasets/grid/test/s30/lrih5p.mpg,44,76,3.3946924209594727,0.9403558733930883
70,2,/home/nabizadz/Projects/Mahsa/datasets/grid/test/s30/lwio4s.mpg,157,189,3.085991382598877,0.9669308942974144
70,3,/home/nabizadz/Projects/Mahsa/datasets/grid/test/s30/bgar1p.mpg,85,117,2.480306625366211,0.9388496390665274
70,4,/home/nabizadz/Projects/Mahsa/datasets/grid/test/s30/pgih2a.mpg,206,238,4.4288330078125,0.9592248602461981
70,5,/home/nabizadz/Projects/Mahsa/datasets/grid/test/s30/sgwa1n.mpg,13,45,2.5094542503356934,0.9762378393451535
70,6,/home/nabizadz/Projects/Mahsa/datasets/grid/test/s30/brwd9p.mpg,261,293,4.277375221252441,0.9811252583384967
70,7,/home/nabizadz/Projects/Mahsa/datasets/grid/test/s30/bgiq6s.mpg,32,64,3.5381829738616943,0.9771237936626634
70,8,/home/nabizadz/Projects/Mahsa/datasets/grid/test/s30/pwbu2a.mpg,246,278,4.3252458572387695,0.990713657501672
70,9,/home/nabizadz/Projects/Mahsa/datasets/grid/test/s30/brij1p.mpg,134,166,3.4187936782836914,0.9636399533949953
70,10,/home/nabizadz/Projects/Mahsa/datasets/grid/test/s30/swbf8a.mpg,212,244,4.10187292098999,0.8499688985155383
70,11,/home/nabizadz/Projects/Mahsa/datasets/grid/test/s30/brwk4a.mpg,57,89,2.8660759925842285,0.9609705968806573
70,12,/home/nabizadz/Projects/Mahsa/datasets/grid/test/s30/lwbc3n.mpg,206,238,4.242776870727539,0.9761195837255675
70,13,/home/nabizadz/Projects/Mahsa/datasets/grid/test/s30/pgab2a.mpg,207,239,4.354021072387695,0.9339000729757846
70,14,/home/nabizadz/Projects/Mahsa/datasets/grid/test/s30/sbbk9p.mpg,74,106,2.8927900791168213,0.9623961324789516
70,15,/home/nabizadz/Projects/Mahsa/datasets/grid/test/s30/pgwo6s.mpg,74,106,2.8831589221954346,0.9620637699229835
71,0,/home/nabizadz/Projects/Mahsa/datasets/grid/test/s30/pgbu8a.mpg,257,289,4.104635238647461,0.992506739991794
71,1,/home/nabizadz/Projects/Mahsa/datasets/grid/test/s30/bbbp7p.mpg,236,268,4.422232627868652,0.96928394525241
71,2,/home/nabizadz/Projects/Mahsa/datasets/grid/test/s30/bgbr6a.mpg,199,231,4.1597442626953125,0.9725412486867274
71,3,/home/nabizadz/Projects/Mahsa/datasets/grid/test/s30/pgwv1p.mpg,85,117,2.788511276245117,0.9607201718668156
71,4,/home/nabizadz/Projects/Mahsa/datasets/grid/test/s30/swil1n.mpg,57,89,2.92602801322937,0.9740440325285908
71,5,/home/nabizadz/Projects/Mahsa/datasets/grid/test/s30/bwad7p.mpg,61,93,2.9637744426727295,0.9696578321817139
71,6,/home/nabizadz/Projects/Mahsa/datasets/grid/test/s30/prwt7n.mpg,161,193,3.361872434616089,0.9524353644189811
71,7,/home/nabizadz/Projects/Mahsa/datasets/grid/test/s30/sgbg4a.mpg,238,270,4.033746719360352,0.9494064338221174
71,8,/home/nabizadz/Projects/Mahsa/datasets/grid/test/s30/lrbo8a.mpg,244,276,4.455836772918701,0.989703886921815
71,9,/home/nabizadz/Projects/Mahsa/datasets/grid/test/s30/bgbe5n.mpg,181,213,3.64498233795166,0.9574843291126087
71,10,/home/nabizadz/Projects/Mahsa/datasets/grid/test/s30/bgbl1p.mpg,147,179,2.568002700805664,0.8891859021934687
71,11,/home/nabizadz/Projects/Mahsa/datasets/grid/test/s30/swal5n.mpg,112,144,3.5127580165863037,0.9643989411471089
71,12,/home/nabizadz/Projects/Mahsa/datasets/grid/test/s30/lbwo3n.mpg,221,253,4.025703430175781,0.8360323152128439
71,13,/home/nabizadz/Projects/Mahsa/datasets/grid/test/s30/sbaq9p.mpg,171,203,3.219655752182007,0.9282542971740128
71,14,/home/nabizadz/Projects/Mahsa/datasets/grid/test/s30/brip3n.mpg,141,173,3.174856424331665,0.9503816975149834
71,15,/home/nabizadz/Projects/Mahsa/datasets/grid/test/s30/pbamzs.mpg,6,38,4.314321041107178,0.9998934075484006
72,0,/home/nabizadz/Projects/Mahsa/datasets/grid/test/s30/lrwc2s.mpg,111,143,2.705179452896118,0.9592172401231986
72,1,/home/nabizadz/Projects/Mahsa/datasets/grid/test/s30/srazza.mpg,120,152,3.312661647796631,0.9285754173126135
72,2,/home/nabizadz/Projects/Mahsa/datasets/grid/test/s30/lbwo4s.mpg,169,201,2.928712844848633,0.9385388162805198
72,3,/home/nabizadz/Projects/Mahsa/datasets/grid/test/s30/bbwj6s.mpg,187,219,3.612467050552368,0.9504987488056269
72,4,/home/nabizadz/Projects/Mahsa/datasets/grid/test/s30/brbq1n.mpg,20,52,4.312100887298584,0.974016738235963
72,5,/home/nabizadz/Projects/Mahsa/datasets/grid/test/s30/brij2a.mpg,220,252,4.353522300720215,0.8553096614303969
72,6,/home/nabizadz/Projects/Mahsa/datasets/grid/test/s30/lrwv5p.mpg,76,108,2.7748587131500244,0.9315205840935729
72,7,/home/nabizadz/Projects/Mahsa/datasets/grid/test/s30/sriy6a.mpg,194,226,4.32568359375,0.967294850961497
72,8,/home/nabizadz/Projects/Mahsa/datasets/grid/test/s30/srar5p.mpg,242,274,4.315851211547852,0.9885319933262999
72,9,/home/nabizadz/Projects/Mahsa/datasets/grid/test/s30/brax4a.mpg,254,286,3.6614062786102295,0.9814758451460713
72,10,/home/nabizadz/Projects/Mahsa/datasets/grid/test/s30/sbwz1p.mpg,253,285,4.171716690063477,0.9488427775123746
72,11,/home/nabizadz/Projects/Mahsa/datasets/grid/test/s30/bgwr7n.mpg,39,71,3.733820915222168,0.9828961041380825
72,12,/home/nabizadz/Projects/Mahsa/datasets/grid/test/s30/bgae3p.mpg,86,118,2.852299451828003,0.9365307290506776
72,13,/home/nabizadz/Projects/Mahsa/datasets/grid/test/s30/swaz6a.mpg,92,124,3.152040958404541,0.97310556183566
72,14,/home/nabizadz/Projects/Mahsa/datasets/grid/test/s30/pgah4s.mpg,210,242,4.046748638153076,0.9993071052921992
72,15,/home/nabizadz/Projects/Mahsa/datasets/grid/test/s30/bgby8s.mpg,82,114,2.525815010070801,0.945000491698808
73,0,/home/nabizadz/Projects/Mahsa/datasets/grid/test/s30/lrin8s.mpg,104,136,2.5349273681640625,0.8800667209665004
73,1,/home/nabizadz/Projects/Mahsa/datasets/grid/test/s30/lgav8s.mpg,121,153,2.9073901176452637,0.9519270655226991
73,2,/home/nabizadz/Projects/Mahsa/datasets/grid/test/s30/lwav2s.mpg,155,187,2.9562041759490967,0.940956178990466
73,3,/home/nabizadz/Projects/Mahsa/datasets/grid/test/s30/lwib5n.mpg,216,248,4.071178436279297,0.9780342594001671
73,4,/home/nabizadz/Projects/Mahsa/datasets/grid/test/s30/sbix7n.mpg,187,219,3.3592031002044678,0.9469801245414139
73,5,/home/nabizadz/Projects/Mahsa/datasets/grid/test/s30/bgik1n.mpg,20,52,3.2133162021636963,0.9854309711210261
73,6,/home/nabizadz/Projects/Mahsa/datasets/grid/test/s30/pbwm9p.mpg,125,157,3.171828508377075,0.9573567559108955
73,7,/home/nabizadz/Projects/Mahsa/datasets/grid/test/s30/bwiq2a.mpg,140,172,3.081653118133545,0.9647218569838918
73,8,/home/nabizadz/Projects/Mahsa/datasets/grid/test/s30/sbae2a.mpg,88,120,3.135051965713501,0.9575949728120212
73,9,/home/nabizadz/Projects/Mahsa/datasets/grid/test/s30/bbav7p.mpg,210,242,4.3845343589782715,0.9886329383124569
73,10,/home/nabizadz/Projects/Mahsa/datasets/grid/test/s30/sbij9n.mpg,61,93,2.7603659629821777,0.9737598752589312
73,11,/home/nabizadz/Projects/Mahsa/datasets/grid/test/s30/bbii4s.mpg,7,39,4.3978681564331055,0.999978318107117
73,12,/home/nabizadz/Projects/Mahsa/datasets/grid/test/s30/lbwo5p.mpg,5,37,4.217133045196533,0.9999968575968722
73,13,/home/nabizadz/Projects/Mahsa/datasets/grid/test/s30/bric6s.mpg,145,177,3.05637526512146,0.9230836460356859
73,14,/home/nabizadz/Projects/Mahsa/datasets/grid/test/s30/brwx9n.mpg,166,198,2.81729793548584,0.9504310636369185
73,15,/home/nabizadz/Projects/Mahsa/datasets/grid/test/s30/lrbi4a.mpg,224,256,4.219030857086182,0.9477177003618324
74,0,/home/nabizadz/Projects/Mahsa/datasets/grid/test/s30/sbay2s.mpg,255,287,4.387086868286133,0.9550542253058055
74,1,/home/nabizadz/Projects/Mahsa/datasets/grid/test/s30/lbau1p.mpg,99,131,2.6164088249206543,0.9293427494516395
74,2,/home/nabizadz/Projects/Mahsa/datasets/grid/test/s30/lwwdza.mpg,174,206,3.577375650405884,0.9518497054422254
74,3,/home/nabizadz/Projects/Mahsa/datasets/grid/test/s30/swil4a.mpg,189,221,3.768176555633545,0.9055452714395446
74,4,/home/nabizadz/Projects/Mahsa/datasets/grid/test/s30/bbap4a.mpg,64,96,3.0201780796051025,0.9551201700580572
74,5,/home/nabizadz/Projects/Mahsa/datasets/grid/test/s30/lgiv6a.mpg,51,83,2.909982919692993,0.9609596920003801
74,6,/home/nabizadz/Projects/Mahsa/datasets/grid/test/s30/prbg6s.mpg,265,297,4.3235015869140625,0.9993742504529037
74,7,/home/nabizadz/Projects/Mahsa/datasets/grid/test/s30/sgil7n.mpg,260,292,4.298295497894287,0.8805783634668225
74,8,/home/nabizadz/Projects/Mahsa/datasets/grid/test/s30/bbbc9p.mpg,258,290,4.249960422515869,0.9645582310422991
74,9,/home/nabizadz/Projects/Mahsa/datasets/grid/test/s30/braj3n.mpg,151,183,4.20892858505249,0.9469101573472176
74,10,/home/nabizadz/Projects/Mahsa/datasets/grid/test/s30/pbwt3p.mpg,74,106,3.081521511077881,0.973109930915855
74,11,/home/nabizadz/Projects/Mahsa/datasets/grid/test/s30/swil2s.mpg,75,107,3.109689950942993,0.9603755576045012
74,12,/home/nabizadz/Projects/Mahsa/datasets/grid/test/s30/lgwd4s.mpg,85,117,3.1229374408721924,0.9439936732371284
74,13,/home/nabizadz/Projects/Mahsa/datasets/grid/test/s30/lwai5p.mpg,141,173,3.3178253173828125,0.9651604109392706
74,14,/home/nabizadz/Projects/Mahsa/datasets/grid/test/s30/bgiq5n.mpg,168,200,4.272049903869629,0.9583457837084104
74,15,/home/nabizadz/Projects/Mahsa/datasets/grid/test/s30/lwao8s.mpg,155,187,3.6421852111816406,0.9469027714389973
75,0,/home/nabizadz/Projects/Mahsa/datasets/grid/test/s30/pwit3p.mpg,97,129,3.4689574241638184,0.9507615704142692
75,1,/home/nabizadz/Projects/Mahsa/datasets/grid/test/s30/lrbo5n.mpg,0,32,4.343133926391602,0.9981506298874363
75,2,/home/nabizadz/Projects/Mahsa/datasets/grid/test/s30/pbwt1n.mpg,106,138,3.3840110301971436,0.9633052638880705
75,3,/home/nabizadz/Projects/Mahsa/datasets/grid/test/s30/pbas3n.mpg,126,158,2.6758503913879395,0.9120825589830255
75,4,/home/nabizadz/Projects/Mahsa/datasets/grid/test/s30/bbib9n.mpg,263,295,3.987273931503296,0.9211402533100501
75,5,/home/nabizadz/Projects/Mahsa/datasets/grid/test/s30/pwig4s.mpg,70,102,3.2723381519317627,0.9751534612410268
75,6,/home/nabizadz/Projects/Mahsa/datasets/grid/test/s30/swaf2s.mpg,69,101,3.1282172203063965,0.9457083438897712
75,7,/home/nabizadz/Projects/Mahsa/datasets/grid/test/s30/lbwb7p.mpg,68,100,3.302661180496216,0.9668427343572865
75,8,/home/nabizadz/Projects/Mahsa/datasets/grid/test/s30/lrbcza.mpg,128,160,2.8504457473754883,0.9737107418498925
75,9,/home/nabizadz/Projects/Mahsa/datasets/grid/test/s30/sgbt1p.mpg,234,266,4.318276882171631,0.9665180385956083
75,10,/home/nabizadz/Projects/Mahsa/datasets/grid/test/s30/lrah8s.mpg,207,239,4.214178085327148,0.828320835849933
75,11,/home/nabizadz/Projects/Mahsa/datasets/grid/test/s30/bwiqzs.mpg,116,148,2.478956460952759,0.948951684115995
75,12,/home/nabizadz/Projects/Mahsa/datasets/grid/test/s30/srwl9p.mpg,181,213,4.382930278778076,0.9957096485930027
75,13,/home/nabizadz/Projects/Mahsa/datasets/grid/test/s30/lgac8a.mpg,7,39,4.05657434463501,0.9672459578063166
75,14,/home/nabizadz/Projects/Mahsa/datasets/grid/test/s30/sgam4a.mpg,266,298,4.18532133102417,0.9999989720116389
75,15,/home/nabizadz/Projects/Mahsa/datasets/grid/test/s30/lrih6a.mpg,7,39,4.362496852874756,0.9825957919724316
76,0,/home/nabizadz/Projects/Mahsa/datasets/grid/test/s30/lgbdzs.mpg,130,162,2.8760416507720947,0.9440429189017481
76,1,/home/nabizadz/Projects/Mahsa/datasets/grid/test/s30/pgbu6s.mpg,15,47,3.751926898956299,0.9173890721219697
76,2,/home/nabizadz/Projects/Mahsa/datasets/grid/test/s30/pwwh7p.mpg,127,159,2.9601452350616455,0.9479652921004548
76,3,/home/nabizadz/Projects/Mahsa/datasets/grid/test/s30/brwq7p.mpg,62,94,2.7638254165649414,0.9675281763897607
76,4,/home/nabizadz/Projects/Mahsa/datasets/grid/test/s30/lgbqza.mpg,190,222,4.134836673736572,0.9056069970695628
76,5,/home/nabizadz/Projects/Mahsa/datasets/grid/test/s30/sbarza.mpg,21,53,2.7862539291381836,0.970343853603496
76,6,/home/nabizadz/Projects/Mahsa/datasets/grid/test/s30/bgwfzs.mpg,143,175,2.9682424068450928,0.9552826904679117
76,7,/home/nabizadz/Projects/Mahsa/datasets/grid/test/s30/srbz3p.mpg,167,199,4.011087894439697,0.8865083409216362
76,8,/home/nabizadz/Projects/Mahsa/datasets/grid/test/s30/swbf6s.mpg,102,134,3.0746207237243652,0.97679253567608
76,9,/home/nabizadz/Projects/Mahsa/datasets/grid/test/s30/sbwr6s.mpg,94,126,3.06083345413208,0.9554683462304898
76,10,/home/nabizadz/Projects/Mahsa/datasets/grid/test/s30/srwl8s.mpg,141,173,3.0321855545043945,0.9584048820877065
76,11,/home/nabizadz/Projects/Mahsa/datasets/grid/test/s30/pgih1p.mpg,49,81,3.3083395957946777,0.9539954492592839
76,12,/home/nabizadz/Projects/Mahsa/datasets/grid/test/s30/prba4a.mpg,29,61,3.3914310932159424,0.9813009981648051
76,13,/home/nabizadz/Projects/Mahsa/datasets/grid/test/s30/lrah9p.mpg,71,103,3.2781007289886475,0.9672122110291608
76,14,/home/nabizadz/Projects/Mahsa/datasets/grid/test/s30/sbikzs.mpg,106,138,2.5354692935943604,0.9649874595253207
76,15,/home/nabizadz/Projects/Mahsa/datasets/grid/test/s30/bbbj3p.mpg,254,286,4.107188701629639,0.9978151580842818
77,0,/home/nabizadz/Projects/Mahsa/datasets/grid/test/s30/sgif4s.mpg,17,49,3.94122314453125,0.999552959352009
77,1,/home/nabizadz/Projects/Mahsa/datasets/grid/test/s30/lrab6a.mpg,233,265,4.271910667419434,0.8319554293465039
77,2,/home/nabizadz/Projects/Mahsa/datasets/grid/test/s30/sgwt5p.mpg,97,129,3.290761947631836,0.9618362300105119
77,3,/home/nabizadz/Projects/Mahsa/datasets/grid/test/s30/bbwj5n.mpg,55,87,2.707712173461914,0.9467086333341499
77,4,/home/nabizadz/Projects/Mahsa/datasets/grid/test/s30/sgagza.mpg,240,272,4.126399993896484,0.8890190934204782
77,5,/home/nabizadz/Projects/Mahsa/datasets/grid/test/s30/pgbh7n.mpg,137,169,3.1006596088409424,0.9576988202549503
77,6,/home/nabizadz/Projects/Mahsa/datasets/grid/test/s30/pgwu9n.mpg,165,197,3.217726707458496,0.9330840970052128
77,7,/home/nabizadz/Projects/Mahsa/datasets/grid/test/s30/srbsza.mpg,2,34,4.060667991638184,0.9690041265752286
77,8,/home/nabizadz/Projects/Mahsa/datasets/grid/test/s30/bwwy5n.mpg,84,116,2.93502140045166,0.9680009209548136
77,9,/home/nabizadz/Projects/Mahsa/datasets/grid/test/s30/bwwe6a.mpg,251,283,4.285769462585449,0.9712090695964263
77,10,/home/nabizadz/Projects/Mahsa/datasets/grid/test/s30/bric5n.mpg,83,115,2.6364991664886475,0.9429305361478317
77,11,/home/nabizadz/Projects/Mahsa/datasets/grid/test/s30/lbwvza.mpg,88,120,2.7901031970977783,0.9386585718329167
77,12,/home/nabizadz/Projects/Mahsa/datasets/grid/test/s30/lrwpzs.mpg,129,161,3.0041534900665283,0.9488624830392626
77,13,/home/nabizadz/Projects/Mahsa/datasets/grid/test/s30/prag4a.mpg,21,53,3.318971633911133,0.9888216034041258
77,14,/home/nabizadz/Projects/Mahsa/datasets/grid/test/s30/pgwb9p.mpg,21,53,2.861233949661255,0.965916727029327
77,15,/home/nabizadz/Projects/Mahsa/datasets/grid/test/s30/bwid2s.mpg,67,99,2.3033578395843506,0.9499184415420615
78,0,/home/nabizadz/Projects/Mahsa/datasets/grid/test/s30/lwac2a.mpg,131,163,3.0427708625793457,0.9599837461076899
78,1,/home/nabizadz/Projects/Mahsa/datasets/grid/test/s30/lrib1p.mpg,99,131,3.3883650302886963,0.9480097911107946
78,2,/home/nabizadz/Projects/Mahsa/datasets/grid/test/s30/sgbm8a.mpg,184,216,3.214545965194702,0.9435635308851978
78,3,/home/nabizadz/Projects/Mahsa/datasets/grid/test/s30/pwbn6s.mpg,66,98,2.937106132507324,0.9716165561480358
78,4,/home/nabizadz/Projects/Mahsa/datasets/grid/test/s30/pbbm3n.mpg,104,136,3.1466517448425293,0.9611594194379707
78,5,/home/nabizadz/Projects/Mahsa/datasets/grid/test/s30/pgwvzs.mpg,263,295,4.17158842086792,0.9336017799340166
78,6,/home/nabizadz/Projects/Mahsa/datasets/grid/test/s30/lrao3p.mpg,92,124,3.3501319885253906,0.9383782608667396
78,7,/home/nabizadz/Projects/Mahsa/datasets/grid/test/s30/bgid7n.mpg,4,36,3.8294057846069336,0.9760799769363261
78,8,/home/nabizadz/Projects/Mahsa/datasets/grid/test/s30/bwax8s.mpg,65,97,2.683372974395752,0.9672938035595754
78,9,/home/nabizadz/Projects/Mahsa/datasets/grid/test/s30/pbis1p.mpg,209,241,4.311892509460449,0.9765610147607174
78,10,/home/nabizadz/Projects/Mahsa/datasets/grid/test/s30/lbbo2a.mpg,150,182,2.6503140926361084,0.9035919998616649
78,11,/home/nabizadz/Projects/Mahsa/datasets/grid/test/s30/pgit7n.mpg,205,237,4.073762893676758,0.9480048784808682
78,12,/home/nabizadz/Projects/Mahsa/datasets/grid/test/s30/sbid8a.mpg,111,143,3.0186026096343994,0.9336221648646358
78,13,/home/nabizadz/Projects/Mahsa/datasets/grid/test/s30/bgwl5p.mpg,59,91,2.616457462310791,0.9223051529372311
78,14,/home/nabizadz/Projects/Mahsa/datasets/grid/test/s30/briv8s.mpg,191,223,4.083306312561035,0.9362893932832894
78,15,/home/nabizadz/Projects/Mahsa/datasets/grid/test/s30/lbin2s.mpg,163,195,3.6356360912323,0.9601078966558335
79,0,/home/nabizadz/Projects/Mahsa/datasets/grid/test/s30/prwt8s.mpg,127,159,3.1806843280792236,0.9431962765901934
79,1,/home/nabizadz/Projects/Mahsa/datasets/grid/test/s30/lwaczs.mpg,127,159,2.8761377334594727,0.9574136676861758
79,2,/home/nabizadz/Projects/Mahsa/datasets/grid/test/s30/sralzs.mpg,21,53,3.7817139625549316,0.9850475033925953
79,3,/home/nabizadz/Projects/Mahsa/datasets/grid/test/s30/pbiz6a.mpg,103,135,2.771286964416504,0.9674606148528393
79,4,/home/nabizadz/Projects/Mahsa/datasets/grid/test/s30/bwid4a.mpg,118,150,3.328218460083008,0.9637354170755195
79,5,/home/nabizadz/Projects/Mahsa/datasets/grid/test/s30/lrbu9n.mpg,64,96,3.253641128540039,0.9609750197323041
79,6,/home/nabizadz/Projects/Mahsa/datasets/grid/test/s30/pwahza.mpg,68,100,2.9200873374938965,0.9328977002321732
79,7,/home/nabizadz/Projects/Mahsa/datasets/grid/test/s30/srak9n.mpg,26,58,3.52549409866333,0.9743980326191728
79,8,/home/nabizadz/Projects/Mahsa/datasets/grid/test/s30/bbac3n.mpg,259,291,4.134970664978027,0.9942369381991965
79,9,/home/nabizadz/Projects/Mahsa/datasets/grid/test/s30/pbif1n.mpg,26,58,2.977355718612671,0.9829286652426473
79,10,/home/nabizadz/Projects/Mahsa/datasets/grid/test/s30/brwd7n.mpg,193,225,4.072936534881592,0.8680378799834774
79,11,/home/nabizadz/Projects/Mahsa/datasets/grid/test/s30/lgai9n.mpg,67,99,3.0791678428649902,0.961746776123605
79,12,/home/nabizadz/Projects/Mahsa/datasets/grid/test/s30/lbabza.mpg,178,210,4.228341102600098,0.9528360111760217
79,13,/home/nabizadz/Projects/Mahsa/datasets/grid/test/s30/swal7p.mpg,83,115,3.1182055473327637,0.9764659554798131
79,14,/home/nabizadz/Projects/Mahsa/datasets/grid/test/s30/sbwy9n.mpg,168,200,3.3097054958343506,0.9549070692090708
79,15,/home/nabizadz/Projects/Mahsa/datasets/grid/test/s30/bwbk3n.mpg,225,257,4.0745673179626465,0.8863828061533413
80,0,/home/nabizadz/Projects/Mahsa/datasets/grid/test/s30/swbm2a.mpg,5,37,4.161142826080322,0.974780710174223
80,1,/home/nabizadz/Projects/Mahsa/datasets/grid/test/s30/sbiq5p.mpg,5,37,4.3185319900512695,0.9944947604571646
80,2,/home/nabizadz/Projects/Mahsa/datasets/grid/test/s30/swir5n.mpg,122,154,3.4607672691345215,0.9671070350010501
80,3,/home/nabizadz/Projects/Mahsa/datasets/grid/test/s30/sgbg1n.mpg,218,250,4.223294734954834,0.8724436875532551
80,4,/home/nabizadz/Projects/Mahsa/datasets/grid/test/s30/bgbk9n.mpg,135,167,2.1690900325775146,0.8786220807318544
80,5,/home/nabizadz/Projects/Mahsa/datasets/grid/test/s30/praaza.mpg,124,156,3.04156756401062,0.9540187231828263
80,6,/home/nabizadz/Projects/Mahsa/datasets/grid/test/s30/brwq8a.mpg,74,106,2.8249566555023193,0.9468726452578962
80,7,/home/nabizadz/Projects/Mahsa/datasets/grid/test/s30/lgwx7p.mpg,168,200,3.194488763809204,0.8978194075309175
80,8,/home/nabizadz/Projects/Mahsa/datasets/grid/test/s30/pwwozs.mpg,19,51,2.984807252883911,0.9777117849946017
80,9,/home/nabizadz/Projects/Mahsa/datasets/grid/test/s30/swbz8s.mpg,55,87,3.3385331630706787,0.9713308712730316
80,10,/home/nabizadz/Projects/Mahsa/datasets/grid/test/s30/bgbl2a.mpg,252,284,4.226094722747803,0.8911657342637781
80,11,/home/nabizadz/Projects/Mahsa/datasets/grid/test/s30/pbiz4s.mpg,82,114,2.7701029777526855,0.9600047407326258
80,12,/home/nabizadz/Projects/Mahsa/datasets/grid/test/s30/pbbf9n.mpg,83,115,2.359055280685425,0.9614789663763548
80,13,/home/nabizadz/Projects/Mahsa/datasets/grid/test/s30/lgwx6s.mpg,81,113,3.014890670776367,0.9583436263664622
80,14,/home/nabizadz/Projects/Mahsa/datasets/grid/test/s30/lgii5n.mpg,63,95,2.8119699954986572,0.959809587602977
80,15,/home/nabizadz/Projects/Mahsa/datasets/grid/test/s30/bgwr9p.mpg,247,279,2.8932549953460693,0.9421186455614015
81,0,/home/nabizadz/Projects/Mahsa/datasets/grid/test/s30/pbir9n.mpg,85,117,3.0792484283447266,0.971017454834572
81,1,/home/nabizadz/Projects/Mahsa/datasets/grid/test/s30/lwio3n.mpg,82,114,3.3094804286956787,0.9575128424607764
81,2,/home/nabizadz/Projects/Mahsa/datasets/grid/test/s30/pgwo5n.mpg,253,285,4.3620405197143555,0.9601424806003194
81,3,/home/nabizadz/Projects/Mahsa/datasets/grid/test/s30/pgbb4s.mpg,228,260,4.149125099182129,0.9999926363973085
81,4,/home/nabizadz/Projects/Mahsa/datasets/grid/test/s30/prif9p.mpg,159,191,3.340214490890503,0.9434773949012473
81,5,/home/nabizadz/Projects/Mahsa/datasets/grid/test/s30/pwia1p.mpg,152,184,3.4431886672973633,0.933412948884141
81,6,/home/nabizadz/Projects/Mahsa/datasets/grid/test/s30/pwba8s.mpg,31,63,3.251668691635132,0.9892907129321817
81,7,/home/nabizadz/Projects/Mahsa/datasets/grid/test/s30/prbt3n.mpg,187,219,3.3400652408599854,0.9395224634395746
81,8,/home/nabizadz/Projects/Mahsa/datasets/grid/test/s30/srwl7n.mpg,193,225,3.9251561164855957,0.9335446984902664
81,9,/home/nabizadz/Projects/Mahsa/datasets/grid/test/s30/lwai6a.mpg,80,112,2.6365339756011963,0.9698643634312117
81,10,/home/nabizadz/Projects/Mahsa/datasets/grid/test/s30/lwbc6a.mpg,176,208,3.1566030979156494,0.9597064458405659
81,11,/home/nabizadz/Projects/Mahsa/datasets/grid/test/s30/bwbq7n.mpg,5,37,4.294993877410889,0.9612849479853546
81,12,/home/nabizadz/Projects/Mahsa/datasets/grid/test/s30/lbah4a.mpg,158,190,4.240551471710205,0.9437581768673965
81,13,/home/nabizadz/Projects/Mahsa/datasets/grid/test/s30/lbbh7p.mpg,251,283,4.190269470214844,0.9879075367603671
81,14,/home/nabizadz/Projects/Mahsa/datasets/grid/test/s30/lbit8a.mpg,140,172,3.8278651237487793,0.9576262385831432
81,15,/home/nabizadz/Projects/Mahsa/datasets/grid/test/s30/bbio8s.mpg,148,180,2.9016952514648438,0.961069027741606
82,0,/home/nabizadz/Projects/Mahsa/datasets/grid/test/s30/bwby2s.mpg,80,112,2.8742289543151855,0.9460236291175941
82,1,/home/nabizadz/Projects/Mahsa/datasets/grid/test/s30/lgwx8a.mpg,203,235,3.4295713901519775,0.9659588029086615
82,2,/home/nabizadz/Projects/Mahsa/datasets/grid/test/s30/bwakzs.mpg,16,48,4.124724388122559,0.9727577402397456
82,3,/home/nabizadz/Projects/Mahsa/datasets/grid/test/s30/sbbe5p.mpg,139,171,3.518192768096924,0.9730115703555733
82,4,/home/nabizadz/Projects/Mahsa/datasets/grid/test/s30/sbak6a.mpg,242,274,3.995999813079834,0.9999999999999997
82,5,/home/nabizadz/Projects/Mahsa/datasets/grid/test/s30/lrao4a.mpg,6,38,4.3931684494018555,0.9829161173238535
82,6,/home/nabizadz/Projects/Mahsa/datasets/grid/test/s30/sbaezs.mpg,12,44,4.189037322998047,0.9999949653596514
82,7,/home/nabizadz/Projects/Mahsa/datasets/grid/test/s30/bbap2s.mpg,89,121,2.7458319664001465,0.9352923336514637
82,8,/home/nabizadz/Projects/Mahsa/datasets/grid/test/s30/bwiq1p.mpg,32,64,4.038908958435059,0.9488686053286732
82,9,/home/nabizadz/Projects/Mahsa/datasets/grid/test/s30/swil3p.mpg,124,156,3.2771661281585693,0.9285766599233249
82,10,/home/nabizadz/Projects/Mahsa/datasets/grid/test/s30/lwao7n.mpg,20,52,3.1241753101348877,0.9752914029199393
82,11,/home/nabizadz/Projects/Mahsa/datasets/grid/test/s30/pratzs.mpg,86,118,3.213510513305664,0.9763817330149994
82,12,/home/nabizadz/Projects/Mahsa/datasets/grid/test/s30/bwbezs.mpg,139,171,3.324641466140747,0.948326111892643
82,13,/home/nabizadz/Projects/Mahsa/datasets/grid/test/s30/prim3p.mpg,94,126,3.252828598022461,0.945723504958953
82,14,/home/nabizadz/Projects/Mahsa/datasets/grid/test/s30/sgis2s.mpg,18,50,2.7424261569976807,0.961982023677378
82,15,/home/nabizadz/Projects/Mahsa/datasets/grid/test/s30/swizzs.mpg,160,192,3.45749831199646,0.96015478193091
83,0,/home/nabizadz/Projects/Mahsa/datasets/grid/test/s30/pbam2a.mpg,95,127,3.080611228942871,0.9400528320260761
83,1,/home/nabizadz/Projects/Mahsa/datasets/grid/test/s30/sgwg7p.mpg,268,300,4.2286057472229,0.9999747417159474
83,2,/home/nabizadz/Projects/Mahsa/datasets/grid/test/s30/lgbd2a.mpg,258,290,4.198375225067139,0.9434388058848483
83,3,/home/nabizadz/Projects/Mahsa/datasets/grid/test/s30/pgbo2s.mpg,125,157,3.160290241241455,0.9400410799624008
83,4,/home/nabizadz/Projects/Mahsa/datasets/grid/test/s30/lbbb2s.mpg,147,179,4.231168746948242,0.8589247865360199
83,5,/home/nabizadz/Projects/Mahsa/datasets/grid/test/s30/pgaa9n.mpg,201,233,3.7163257598876953,0.9425413959948371
83,6,/home/nabizadz/Projects/Mahsa/datasets/grid/test/s30/pbil5n.mpg,79,111,2.9450595378875732,0.9421710932335665
83,7,/home/nabizadz/Projects/Mahsa/datasets/grid/test/s30/lbin4a.mpg,246,278,4.337784290313721,0.9802065164092121
83,8,/home/nabizadz/Projects/Mahsa/datasets/grid/test/s30/lbwb8a.mpg,190,222,3.5366859436035156,0.9322633078950445
83,9,/home/nabizadz/Projects/Mahsa/datasets/grid/test/s30/sbbr2s.mpg,165,197,2.860185384750366,0.9400391669866166
83,10,/home/nabizadz/Projects/Mahsa/datasets/grid/test/s30/lbwb6s.mpg,31,63,3.7033700942993164,0.9807217383968242
83,11,/home/nabizadz/Projects/Mahsa/datasets/grid/test/s30/srbf1p.mpg,162,194,3.1856398582458496,0.948234645188138
83,12,/home/nabizadz/Projects/Mahsa/datasets/grid/test/s30/braj4s.mpg,229,261,3.7913553714752197,0.9667424145233512
83,13,/home/nabizadz/Projects/Mahsa/datasets/grid/test/s30/prbt4s.mpg,156,188,3.218374013900757,0.9604165102503904
83,14,/home/nabizadz/Projects/Mahsa/datasets/grid/test/s30/bwwy8a.mpg,88,120,3.519285202026367,0.9723254994934237
83,15,/home/nabizadz/Projects/Mahsa/datasets/grid/test/s30/lwav3p.mpg,135,167,2.801361083984375,0.9471630416768526
84,0,/home/nabizadz/Projects/Mahsa/datasets/grid/test/s30/lban6s.mpg,260,292,4.36455774307251,0.9181815234761552
84,1,/home/nabizadz/Projects/Mahsa/datasets/grid/test/s30/pbwm7n.mpg,185,217,3.4575443267822266,0.9508746067898151
84,2,/home/nabizadz/Projects/Mahsa/datasets/grid/test/s30/swar9n.mpg,55,87,2.686567544937134,0.9521558000799507
84,3,/home/nabizadz/Projects/Mahsa/datasets/grid/test/s30/lrin7n.mpg,174,206,3.66701602935791,0.9428302976074819
84,4,/home/nabizadz/Projects/Mahsa/datasets/grid/test/s30/sgwn1p.mpg,150,182,2.7373979091644287,0.9413499729505389
84,5,/home/nabizadz/Projects/Mahsa/datasets/grid/test/s30/prwa5n.mpg,112,144,3.208956480026245,0.9640675806451753
84,6,/home/nabizadz/Projects/Mahsa/datasets/grid/test/s30/lgwq1n.mpg,3,35,4.051558494567871,0.973717075479972
84,7,/home/nabizadz/Projects/Mahsa/datasets/grid/test/s30/pwig5p.mpg,166,198,3.2910196781158447,0.9253511731692524
84,8,/home/nabizadz/Projects/Mahsa/datasets/grid/test/s30/pgab1p.mpg,149,181,3.027294874191284,0.9521687951189622
84,9,/home/nabizadz/Projects/Mahsa/datasets/grid/test/s30/lrbo6s.mpg,34,66,3.309446334838867,0.9651286484899217
84,10,/home/nabizadz/Projects/Mahsa/datasets/grid/test/s30/pwbn7p.mpg,75,107,3.099998712539673,0.9708963723221865
84,11,/home/nabizadz/Projects/Mahsa/datasets/grid/test/s30/pwig6a.mpg,40,72,3.1197192668914795,0.9775252498130864
84,12,/home/nabizadz/Projects/Mahsa/datasets/grid/test/s30/lwbc5p.mpg,216,248,4.186285495758057,0.9970620451247173
84,13,/home/nabizadz/Projects/Mahsa/datasets/grid/test/s30/swbmzs.mpg,133,165,3.56911301612854,0.9620477057656275
84,14,/home/nabizadz/Projects/Mahsa/datasets/grid/test/s30/lgiv4s.mpg,25,57,3.7516467571258545,0.9947012251588452
84,15,/home/nabizadz/Projects/Mahsa/datasets/grid/test/s30/lgwd6a.mpg,147,179,2.842123031616211,0.9497713194120393
85,0,/home/nabizadz/Projects/Mahsa/datasets/grid/test/s30/bwbd9n.mpg,88,120,3.493837833404541,0.9706580859589626
85,1,/home/nabizadz/Projects/Mahsa/datasets/grid/test/s30/sbbk8s.mpg,240,272,4.1643500328063965,0.9611671812551099
85,2,/home/nabizadz/Projects/Mahsa/datasets/grid/test/s30/sbblza.mpg,256,288,4.228149890899658,0.99978836204379
85,3,/home/nabizadz/Projects/Mahsa/datasets/grid/test/s30/lrwi7p.mpg,154,186,3.0384626388549805,0.9293638071615603
85,4,/home/nabizadz/Projects/Mahsa/datasets/grid/test/s30/sriq9n.mpg,182,214,4.043959140777588,0.9067056826602825
85,5,/home/nabizadz/Projects/Mahsa/datasets/grid/test/s30/bbav6s.mpg,248,280,4.403748035430908,0.9581960549120363
85,6,/home/nabizadz/Projects/Mahsa/datasets/grid/test/s30/bwwy7p.mpg,37,69,3.3747289180755615,0.9832545390032759
85,7,/home/nabizadz/Projects/Mahsa/datasets/grid/test/s30/lbia3n.mpg,240,272,4.329920768737793,0.9920626249974163
85,8,/home/nabizadz/Projects/Mahsa/datasets/grid/test/s30/sbwz2a.mpg,242,274,3.9456348419189453,0.9893875608799366
85,9,/home/nabizadz/Projects/Mahsa/datasets/grid/test/s30/brijzs.mpg,244,276,4.4320878982543945,0.9124404211538986
85,10,/home/nabizadz/Projects/Mahsa/datasets/grid/test/s30/sgbt2a.mpg,218,250,3.9208219051361084,0.9533377710455042
85,11,/home/nabizadz/Projects/Mahsa/datasets/grid/test/s30/bbwx5p.mpg,87,119,2.647623062133789,0.9550469372522098
85,12,/home/nabizadz/Projects/Mahsa/datasets/grid/test/s30/sgwa4a.mpg,254,286,4.171016216278076,0.9183045836404653
85,13,/home/nabizadz/Projects/Mahsa/datasets/grid/test/s30/prwa8a.mpg,102,134,2.940434694290161,0.9575694393244173
85,14,/home/nabizadz/Projects/Mahsa/datasets/grid/test/s30/lwao9p.mpg,189,221,3.280726432800293,0.9467268004863464
85,15,/home/nabizadz/Projects/Mahsa/datasets/grid/test/s30/bgiy2a.mpg,217,249,4.0508222579956055,0.9264611340426877
86,0,/home/nabizadz/Projects/Mahsa/datasets/grid/test/s30/swwtza.mpg,129,161,3.091897487640381,0.9642477747682449
86,1,/home/nabizadz/Projects/Mahsa/datasets/grid/test/s30/pras9n.mpg,86,118,2.657465934753418,0.9506348972646356
86,2,/home/nabizadz/Projects/Mahsa/datasets/grid/test/s30/sgiz8a.mpg,112,144,3.196272611618042,0.9681502676636443
86,3,/home/nabizadz/Projects/Mahsa/datasets/grid/test/s30/lgwd3n.mpg,56,88,2.721222162246704,0.9604213074969763
86,4,/home/nabizadz/Projects/Mahsa/datasets/grid/test/s30/bgar2a.mpg,135,167,3.096224784851074,0.9578854977601032
86,5,/home/nabizadz/Projects/Mahsa/datasets/grid/test/s30/srik6s.mpg,129,161,2.9080238342285156,0.9466556478652146
86,6,/home/nabizadz/Projects/Mahsa/datasets/grid/test/s30/bwix5p.mpg,0,32,4.237462520599365,0.9840694928721265
86,7,/home/nabizadz/Projects/Mahsa/datasets/grid/test/s30/pwba7n.mpg,206,238,3.7634451389312744,0.9444251604905268
86,8,/home/nabizadz/Projects/Mahsa/datasets/grid/test/s30/pgah3n.mpg,241,273,4.327676773071289,0.9132510871179295
86,9,/home/nabizadz/Projects/Mahsa/datasets/grid/test/s30/lrau6s.mpg,258,290,4.172524452209473,0.9356690487825919
86,10,/home/nabizadz/Projects/Mahsa/datasets/grid/test/s30/bgay6a.mpg,76,108,2.7866933345794678,0.959005711914345
86,11,/home/nabizadz/Projects/Mahsa/datasets/grid/test/s30/lgbc9n.mpg,150,182,2.839658260345459,0.9269555179872223
86,12,/home/nabizadz/Projects/Mahsa/datasets/grid/test/s30/sbby5n.mpg,1,33,4.064510345458984,0.9537978224795551
86,13,/home/nabizadz/Projects/Mahsa/datasets/grid/test/s30/lwwc9p.mpg,85,117,3.582890033721924,0.9514575666787355
86,14,/home/nabizadz/Projects/Mahsa/datasets/grid/test/s30/srbe9n.mpg,98,130,2.5336222648620605,0.9302576346354798
86,15,/home/nabizadz/Projects/Mahsa/datasets/grid/test/s30/lgap5p.mpg,90,122,2.999434232711792,0.9558108175639443
87,0,/home/nabizadz/Projects/Mahsa/datasets/grid/test/s30/sbbe3n.mpg,208,240,4.202582359313965,0.9662392813813039
87,1,/home/nabizadz/Projects/Mahsa/datasets/grid/test/s30/brwy2a.mpg,173,205,3.012671709060669,0.9494375883532105
87,2,/home/nabizadz/Projects/Mahsa/datasets/grid/test/s30/pgbo1n.mpg,223,255,4.275964260101318,0.9424826003614777
87,3,/home/nabizadz/Projects/Mahsa/datasets/grid/test/s30/bbai8s.mpg,217,249,4.176549434661865,0.9941466557043849
87,4,/home/nabizadz/Projects/Mahsa/datasets/grid/test/s30/brwq5n.mpg,252,284,4.304428577423096,0.9119250974173029
87,5,/home/nabizadz/Projects/Mahsa/datasets/grid/test/s30/prwg9n.mpg,210,242,4.395849227905273,0.8854337423493769
87,6,/home/nabizadz/Projects/Mahsa/datasets/grid/test/s30/prba3p.mpg,259,291,4.303887844085693,0.9999208171447678
87,7,/home/nabizadz/Projects/Mahsa/datasets/grid/test/s30/bgby7n.mpg,235,267,4.289144515991211,0.9434083083697036
87,8,/home/nabizadz/Projects/Mahsa/datasets/grid/test/s30/pgwcza.mpg,116,148,3.469726800918579,0.9660563467577779
87,9,/home/nabizadz/Projects/Mahsa/datasets/grid/test/s30/bwak2a.mpg,134,166,3.3010857105255127,0.9429449458858387
87,10,/home/nabizadz/Projects/Mahsa/datasets/grid/test/s30/lgbj4s.mpg,176,208,4.277101516723633,0.9264346286184332
87,11,/home/nabizadz/Projects/Mahsa/datasets/grid/test/s30/sgis4a.mpg,190,222,3.4541800022125244,0.9498303953739585
87,12,/home/nabizadz/Projects/Mahsa/datasets/grid/test/s30/lgap3n.mpg,174,206,3.4299075603485107,0.9672529232010111
87,13,/home/nabizadz/Projects/Mahsa/datasets/grid/test/s30/sgwt6a.mpg,118,150,3.0071568489074707,0.9614245337097407
87,14,/home/nabizadz/Projects/Mahsa/datasets/grid/test/s30/lgaxza.mpg,56,88,3.57149600982666,0.9855935632803801
87,15,/home/nabizadz/Projects/Mahsa/datasets/grid/test/s30/lwac1p.mpg,107,139,2.9065985679626465,0.9688499368721615
88,0,/home/nabizadz/Projects/Mahsa/datasets/grid/test/s30/pbwt4a.mpg,186,218,3.6482694149017334,0.9739529196608788
88,1,/home/nabizadz/Projects/Mahsa/datasets/grid/test/s30/lbwi1p.mpg,261,293,4.191337585449219,0.9879259793008776
88,2,/home/nabizadz/Projects/Mahsa/datasets/grid/test/s30/pgwi1n.mpg,122,154,3.425743579864502,0.9243115022982044
88,3,/home/nabizadz/Projects/Mahsa/datasets/grid/test/s30/brbq2s.mpg,224,256,4.464736461639404,0.9614369027452427
88,4,/home/nabizadz/Projects/Mahsa/datasets/grid/test/s30/lbah1n.mpg,192,224,4.296690940856934,0.9626760406487989
88,5,/home/nabizadz/Projects/Mahsa/datasets/grid/test/s30/sgis3p.mpg,105,137,2.75720477104187,0.9367524294049714
88,6,/home/nabizadz/Projects/Mahsa/datasets/grid/test/s30/sgas6s.mpg,149,181,3.7482128143310547,0.9495564516457606
88,7,/home/nabizadz/Projects/Mahsa/datasets/grid/test/s30/bwwe3n.mpg,178,210,3.884143352508545,0.9561489634424795
88,8,/home/nabizadz/Projects/Mahsa/datasets/grid/test/s30/pbas6a.mpg,100,132,2.723163604736328,0.9256609637050051
88,9,/home/nabizadz/Projects/Mahsa/datasets/grid/test/s30/lbwu9p.mpg,206,238,4.2515869140625,0.9938390330509509
88,10,/home/nabizadz/Projects/Mahsa/datasets/grid/test/s30/brap8s.mpg,98,130,3.342979669570923,0.975169389842923
88,11,/home/nabizadz/Projects/Mahsa/datasets/grid/test/s30/pbbtza.mpg,250,282,4.088042259216309,0.9688467754080476
88,12,/home/nabizadz/Projects/Mahsa/datasets/grid/test/s30/bwwe5p.mpg,100,132,2.7165491580963135,0.9425714597057556
88,13,/home/nabizadz/Projects/Mahsa/datasets/grid/test/s30/bbac6a.mpg,179,211,3.296443462371826,0.947799013362206
88,14,/home/nabizadz/Projects/Mahsa/datasets/grid/test/s30/pwit1n.mpg,110,142,3.2846362590789795,0.9663269235159424
88,15,/home/nabizadz/Projects/Mahsa/datasets/grid/test/s30/lria9n.mpg,214,246,4.197943687438965,0.8771152086133073
89,0,/home/nabizadz/Projects/Mahsa/datasets/grid/test/s30/sbwe7n.mpg,240,272,4.005935192108154,0.8796355697247586
89,1,/home/nabizadz/Projects/Mahsa/datasets/grid/test/s30/sgwt4s.mpg,161,193,3.306150436401367,0.9545910062246884
89,2,/home/nabizadz/Projects/Mahsa/datasets/grid/test/s30/pbil6s.mpg,130,162,3.150104284286499,0.9621873750746883
89,3,/home/nabizadz/Projects/Mahsa/datasets/grid/test/s30/lrbi2s.mpg,175,207,3.1270174980163574,0.9367454163964005
89,4,/home/nabizadz/Projects/Mahsa/datasets/grid/test/s30/bgbzza.mpg,264,296,4.286436080932617,0.9882499822411444
89,5,/home/nabizadz/Projects/Mahsa/datasets/grid/test/s30/bgwl6a.mpg,102,134,2.8082804679870605,0.910809790141249
89,6,/home/nabizadz/Projects/Mahsa/datasets/grid/test/s30/pgig9n.mpg,127,159,3.282263994216919,0.9395993420654588
89,7,/home/nabizadz/Projects/Mahsa/datasets/grid/test/s30/sbaq7n.mpg,54,86,3.0782041549682617,0.982037938688902
89,8,/home/nabizadz/Projects/Mahsa/datasets/grid/test/s30/lban5n.mpg,8,40,4.175246238708496,0.965441772267576
89,9,/home/nabizadz/Projects/Mahsa/datasets/grid/test/s30/pwig3n.mpg,100,132,2.5842232704162598,0.923032093616515
89,10,/home/nabizadz/Projects/Mahsa/datasets/grid/test/s30/pwinza.mpg,60,92,3.100759744644165,0.9634991309021919
89,11,/home/nabizadz/Projects/Mahsa/datasets/grid/test/s30/pwan3p.mpg,232,264,4.161210060119629,0.9785005415923709
89,12,/home/nabizadz/Projects/Mahsa/datasets/grid/test/s30/brwk1n.mpg,111,143,3.009608030319214,0.955814269843406
89,13,/home/nabizadz/Projects/Mahsa/datasets/grid/test/s30/sgiz6s.mpg,254,286,4.18805456161499,0.9995358384458334
89,14,/home/nabizadz/Projects/Mahsa/datasets/grid/test/s30/pwim9p.mpg,222,254,4.244510173797607,0.9980871801056553
89,15,/home/nabizadz/Projects/Mahsa/datasets/grid/test/s30/sbwl4a.mpg,44,76,3.342664957046509,0.9747039044165955
90,0,/home/nabizadz/Projects/Mahsa/datasets/grid/test/s30/lribzs.mpg,14,46,2.973696231842041,0.9353077177832939
90,1,/home/nabizadz/Projects/Mahsa/datasets/grid/test/s30/lraiza.mpg,194,226,3.4004781246185303,0.923828925315994
90,2,/home/nabizadz/Projects/Mahsa/datasets/grid/test/s30/lwwp5n.mpg,86,118,2.9928841590881348,0.9405722611239345
90,3,/home/nabizadz/Projects/Mahsa/datasets/grid/test/s30/lgaj1p.mpg,164,196,3.7444448471069336,0.9583084480659012
90,4,/home/nabizadz/Projects/Mahsa/datasets/grid/test/s30/bgae2s.mpg,66,98,2.924546003341675,0.949225980469912
90,5,/home/nabizadz/Projects/Mahsa/datasets/grid/test/s30/bwwy6s.mpg,133,165,2.6835474967956543,0.8919174923429193
90,6,/home/nabizadz/Projects/Mahsa/datasets/grid/test/s30/briv9p.mpg,144,176,2.631908416748047,0.896220470977475
90,7,/home/nabizadz/Projects/Mahsa/datasets/grid/test/s30/srwz8a.mpg,138,170,3.2574896812438965,0.9566244980085233
90,8,/home/nabizadz/Projects/Mahsa/datasets/grid/test/s30/bbiv3p.mpg,95,127,3.0887844562530518,0.9319125579315157
90,9,/home/nabizadz/Projects/Mahsa/datasets/grid/test/s30/sgwn2a.mpg,75,107,2.405329465866089,0.9592871871224765
90,10,/home/nabizadz/Projects/Mahsa/datasets/grid/test/s30/prim2s.mpg,26,58,3.9876277446746826,0.994386295487332
90,11,/home/nabizadz/Projects/Mahsa/datasets/grid/test/s30/srbr9p.mpg,32,64,3.6097497940063477,0.9666589292332476
90,12,/home/nabizadz/Projects/Mahsa/datasets/grid/test/s30/bbii6a.mpg,201,233,4.185385704040527,0.9476488365970842
90,13,/home/nabizadz/Projects/Mahsa/datasets/grid/test/s30/lwwp8a.mpg,246,278,4.205090522766113,0.9472359873426828
90,14,/home/nabizadz/Projects/Mahsa/datasets/grid/test/s30/pbaz8s.mpg,225,257,4.279909610748291,0.9708221708521657
90,15,/home/nabizadz/Projects/Mahsa/datasets/grid/test/s30/pwat8a.mpg,262,294,4.353096008300781,0.9758841541749093
91,0,/home/nabizadz/Projects/Mahsa/datasets/grid/test/s30/bbajza.mpg,220,252,4.304634094238281,0.9837480989815622
91,1,/home/nabizadz/Projects/Mahsa/datasets/grid/test/s30/bbii3n.mpg,8,40,4.277647972106934,0.9999276716148862
91,2,/home/nabizadz/Projects/Mahsa/datasets/grid/test/s30/pbaf5n.mpg,10,42,3.7910072803497314,0.9756163803065935
91,3,/home/nabizadz/Projects/Mahsa/datasets/grid/test/s30/braqza.mpg,182,214,3.7121057510375977,0.9494202168557783
91,4,/home/nabizadz/Projects/Mahsa/datasets/grid/test/s30/lbaa9p.mpg,91,123,3.2565598487854004,0.9307125514028362
91,5,/home/nabizadz/Projects/Mahsa/datasets/grid/test/s30/sgbm5n.mpg,61,93,2.9061691761016846,0.9696316177712636
91,6,/home/nabizadz/Projects/Mahsa/datasets/grid/test/s30/pwag8s.mpg,76,108,2.811020612716675,0.9653148714199037
91,7,/home/nabizadz/Projects/Mahsa/datasets/grid/test/s30/sray7n.mpg,90,122,3.3110921382904053,0.9511045059926194
91,8,/home/nabizadz/Projects/Mahsa/datasets/grid/test/s30/lbaa8s.mpg,42,74,3.0855138301849365,0.987205243351128
91,9,/home/nabizadz/Projects/Mahsa/datasets/grid/test/s30/lwih9n.mpg,109,141,3.060119390487671,0.9544613507058102
91,10,/home/nabizadz/Projects/Mahsa/datasets/grid/test/s30/pwbn5n.mpg,263,295,4.366546154022217,0.9796504022458354
91,11,/home/nabizadz/Projects/Mahsa/datasets/grid/test/s30/lrau8a.mpg,44,76,3.379072904586792,0.9806215361269921
91,12,/home/nabizadz/Projects/Mahsa/datasets/grid/test/s30/bbbxzs.mpg,249,281,4.26244592666626,0.9999357377993648
91,13,/home/nabizadz/Projects/Mahsa/datasets/grid/test/s30/pbil7p.mpg,176,208,3.2086665630340576,0.9472073511586111
91,14,/home/nabizadz/Projects/Mahsa/datasets/grid/test/s30/bbio9p.mpg,200,232,4.293727397918701,0.8646248554773502
91,15,/home/nabizadz/Projects/Mahsa/datasets/grid/test/s30/lbbu5p.mpg,86,118,3.278886079788208,0.9698875407749055
92,0,/home/nabizadz/Projects/Mahsa/datasets/grid/test/s30/bwayza.mpg,215,247,4.405902862548828,0.8788404176596668
92,1,/home/nabizadz/Projects/Mahsa/datasets/grid/test/s30/lriu1n.mpg,28,60,4.146337032318115,0.9909374766317832
92,2,/home/nabizadz/Projects/Mahsa/datasets/grid/test/s30/bbwq2a.mpg,236,268,3.6338207721710205,0.981410045396133
92,3,/home/nabizadz/Projects/Mahsa/datasets/grid/test/s30/srbz1n.mpg,185,217,3.5610880851745605,0.9497440879349032
92,4,/home/nabizadz/Projects/Mahsa/datasets/grid/test/s30/lgwq3p.mpg,254,286,4.1982622146606445,0.9738536774147024
92,5,/home/nabizadz/Projects/Mahsa/datasets/grid/test/s30/lrbb7n.mpg,168,200,3.0877368450164795,0.9564338510664981
92,6,/home/nabizadz/Projects/Mahsa/datasets/grid/test/s30/lrwi8a.mpg,38,70,2.892730712890625,0.94960766235963
92,7,/home/nabizadz/Projects/Mahsa/datasets/grid/test/s30/srar6a.mpg,47,79,2.921088695526123,0.9615003147916958
92,8,/home/nabizadz/Projects/Mahsa/datasets/grid/test/s30/bbwqzs.mpg,155,187,3.642258405685425,0.9517916939302187
92,9,/home/nabizadz/Projects/Mahsa/datasets/grid/test/s30/pbwg4s.mpg,225,257,4.2134246826171875,0.9669362347299615
92,10,/home/nabizadz/Projects/Mahsa/datasets/grid/test/s30/lrih4s.mpg,9,41,4.385661602020264,0.9982799470110614
92,11,/home/nabizadz/Projects/Mahsa/datasets/grid/test/s30/brbj7n.mpg,55,87,3.149894952774048,0.9573156955052624
92,12,/home/nabizadz/Projects/Mahsa/datasets/grid/test/s30/pwaa3n.mpg,244,276,4.255480766296387,0.992709680409371
92,13,/home/nabizadz/Projects/Mahsa/datasets/grid/test/s30/lgac5n.mpg,11,43,4.1295552253723145,0.9991805935040341
92,14,/home/nabizadz/Projects/Mahsa/datasets/grid/test/s30/bgwz3p.mpg,262,294,4.309041976928711,0.9571825987443453
92,15,/home/nabizadz/Projects/Mahsa/datasets/grid/test/s30/sbay1n.mpg,217,249,4.183137893676758,0.9743149348848693
93,0,/home/nabizadz/Projects/Mahsa/datasets/grid/test/s30/pwag9p.mpg,146,178,4.106849670410156,0.9215514230886449
93,1,/home/nabizadz/Projects/Mahsa/datasets/grid/test/s30/lgav9p.mpg,175,207,3.370551824569702,0.9295231585631527
93,2,/home/nabizadz/Projects/Mahsa/datasets/grid/test/s30/bwbk5p.mpg,182,214,3.498352289199829,0.9675774908004071
93,3,/home/nabizadz/Projects/Mahsa/datasets/grid/test/s30/srar3n.mpg,17,49,2.989424705505371,0.9798108909526831
93,4,/home/nabizadz/Projects/Mahsa/datasets/grid/test/s30/bbbc8s.mpg,46,78,3.313345193862915,0.9770668543159505
93,5,/home/nabizadz/Projects/Mahsa/datasets/grid/test/s30/sgas5n.mpg,131,163,2.742401599884033,0.9505548565137286
93,6,/home/nabizadz/Projects/Mahsa/datasets/grid/test/s30/prag3p.mpg,204,236,4.2072272300720215,0.9657017160976213
93,7,/home/nabizadz/Projects/Mahsa/datasets/grid/test/s30/lwbi8s.mpg,38,70,3.0419182777404785,0.9593584912415705
93,8,/home/nabizadz/Projects/Mahsa/datasets/grid/test/s30/sbwl1n.mpg,131,163,3.3163859844207764,0.9220565631679112
93,9,/home/nabizadz/Projects/Mahsa/datasets/grid/test/s30/lwwj1n.mpg,65,97,2.7360894680023193,0.9665860587951244
93,10,/home/nabizadz/Projects/Mahsa/datasets/grid/test/s30/srir1p.mpg,184,216,4.2107157707214355,0.8570287705930012
93,11,/home/nabizadz/Projects/Mahsa/datasets/grid/test/s30/pgwi3p.mpg,263,295,4.232748031616211,0.9855594137874286
93,12,/home/nabizadz/Projects/Mahsa/datasets/grid/test/s30/lwbv5n.mpg,7,39,4.385259628295898,0.9999918815954005
93,13,/home/nabizadz/Projects/Mahsa/datasets/grid/test/s30/prwn4s.mpg,15,47,4.218963623046875,0.9999819799765609
93,14,/home/nabizadz/Projects/Mahsa/datasets/grid/test/s30/pwaa4s.mpg,53,85,2.771846055984497,0.9620311141568262
93,15,/home/nabizadz/Projects/Mahsa/datasets/grid/test/s30/sgbg3p.mpg,175,207,2.922268867492676,0.9251234367744071
94,0,/home/nabizadz/Projects/Mahsa/datasets/grid/test/s30/sgiz5n.mpg,107,139,2.8188893795013428,0.9738333604681937
94,1,/home/nabizadz/Projects/Mahsa/datasets/grid/test/s30/lgiv5p.mpg,120,152,3.5794103145599365,0.9645198847150152
94,2,/home/nabizadz/Projects/Mahsa/datasets/grid/test/s30/pwan2s.mpg,218,250,3.5320887565612793,0.9569102973034146
94,3,/home/nabizadz/Projects/Mahsa/datasets/grid/test/s30/pgia5n.mpg,151,183,3.512376546859741,0.9599378084971731
94,4,/home/nabizadz/Projects/Mahsa/datasets/grid/test/s30/prwa6s.mpg,30,62,3.6840660572052,0.9671699001059293
94,5,/home/nabizadz/Projects/Mahsa/datasets/grid/test/s30/lrwv3n.mpg,129,161,2.6747796535491943,0.8871696511704611
94,6,/home/nabizadz/Projects/Mahsa/datasets/grid/test/s30/bbac5p.mpg,190,222,4.334410190582275,0.9207013749556463
94,7,/home/nabizadz/Projects/Mahsa/datasets/grid/test/s30/sgil8s.mpg,258,290,4.104646682739258,0.9023205139618434
94,8,/home/nabizadz/Projects/Mahsa/datasets/grid/test/s30/pbaf7p.mpg,213,245,4.278774738311768,0.9409482558638733
94,9,/home/nabizadz/Projects/Mahsa/datasets/grid/test/s30/bgwl4s.mpg,240,272,4.216253757476807,0.9412752473551578
94,10,/home/nabizadz/Projects/Mahsa/datasets/grid/test/s30/sgam1n.mpg,231,263,4.259799003601074,0.8838820543179355
94,11,/home/nabizadz/Projects/Mahsa/datasets/grid/test/s30/pwiazs.mpg,223,255,4.3620476722717285,0.9517817452661513
94,12,/home/nabizadz/Projects/Mahsa/datasets/grid/test/s30/sbwr5n.mpg,266,298,4.338079452514648,0.9994094907691485
94,13,/home/nabizadz/Projects/Mahsa/datasets/grid/test/s30/prigza.mpg,32,64,3.9455955028533936,0.9997822027929746
94,14,/home/nabizadz/Projects/Mahsa/datasets/grid/test/s30/bgay4s.mpg,40,72,3.344003915786743,0.9789859629591452
94,15,/home/nabizadz/Projects/Mahsa/datasets/grid/test/s30/bwby1n.mpg,237,269,4.227930068969727,0.9522576651901958
95,0,/home/nabizadz/Projects/Mahsa/datasets/grid/test/s30/pwwh6s.mpg,121,153,3.068326473236084,0.9422344902126449
95,1,/home/nabizadz/Projects/Mahsa/datasets/grid/test/s30/lgic2s.mpg,242,274,4.260698318481445,0.9314352104690184
95,2,/home/nabizadz/Projects/Mahsa/datasets/grid/test/s30/bbiv1n.mpg,54,86,3.358837366104126,0.964457256629909
95,3,/home/nabizadz/Projects/Mahsa/datasets/grid/test/s30/priz9n.mpg,250,282,4.123851776123047,0.8496300086324629
95,4,/home/nabizadz/Projects/Mahsa/datasets/grid/test/s30/swaz5p.mpg,85,117,3.4139320850372314,0.9804037371457092
95,5,/home/nabizadz/Projects/Mahsa/datasets/grid/test/s30/srws4a.mpg,268,300,4.405840873718262,0.9940997207827441
95,6,/home/nabizadz/Projects/Mahsa/datasets/grid/test/s30/bgid9p.mpg,168,200,2.988611936569214,0.9121681746515666
95,7,/home/nabizadz/Projects/Mahsa/datasets/grid/test/s30/lwiu9p.mpg,143,175,3.5840954780578613,0.9545357299353199
95,8,/home/nabizadz/Projects/Mahsa/datasets/grid/test/s30/sbak3n.mpg,132,164,2.558237075805664,0.8674286060499565
95,9,/home/nabizadz/Projects/Mahsa/datasets/grid/test/s30/pgbh8s.mpg,172,204,2.846302032470703,0.9061130262103163
95,10,/home/nabizadz/Projects/Mahsa/datasets/grid/test/s30/pgan8s.mpg,14,46,4.31163215637207,0.9999466620201394
95,11,/home/nabizadz/Projects/Mahsa/datasets/grid/test/s30/pwwn9n.mpg,216,248,4.201339244842529,0.9408802558289076
95,12,/home/nabizadz/Projects/Mahsa/datasets/grid/test/s30/pgia8a.mpg,98,130,3.8821463584899902,0.9919708393885937
95,13,/home/nabizadz/Projects/Mahsa/datasets/grid/test/s30/srws3p.mpg,110,142,2.846266746520996,0.9379812824271715
95,14,/home/nabizadz/Projects/Mahsa/datasets/grid/test/s30/pgwb7n.mpg,229,261,4.20913553237915,0.975557377959733
95,15,/home/nabizadz/Projects/Mahsa/datasets/grid/test/s30/bbwd1n.mpg,228,260,4.308934211730957,0.9999997949527459
96,0,/home/nabizadz/Projects/Mahsa/datasets/grid/test/s30/sgbtzs.mpg,45,77,3.236022472381592,0.9786974766651546
96,1,/home/nabizadz/Projects/Mahsa/datasets/grid/test/s30/lgac6s.mpg,108,140,2.9549996852874756,0.9455347990981202
96,2,/home/nabizadz/Projects/Mahsa/datasets/grid/test/s30/brbx5n.mpg,129,161,2.906604290008545,0.9659465754310361
96,3,/home/nabizadz/Projects/Mahsa/datasets/grid/test/s30/sbby7p.mpg,66,98,2.6041319370269775,0.9785332854522177
96,4,/home/nabizadz/Projects/Mahsa/datasets/grid/test/s30/srwf3n.mpg,239,271,4.197042465209961,0.9725011620869491
96,5,/home/nabizadz/Projects/Mahsa/datasets/grid/test/s30/lgbx3p.mpg,121,153,3.123844623565674,0.9450994952562334
96,6,/home/nabizadz/Projects/Mahsa/datasets/grid/test/s30/sbiq3n.mpg,132,164,3.1039040088653564,0.9669680552204692
96,7,/home/nabizadz/Projects/Mahsa/datasets/grid/test/s30/bgby9p.mpg,137,169,3.4184646606445312,0.9281650200171293
96,8,/home/nabizadz/Projects/Mahsa/datasets/grid/test/s30/srirzs.mpg,242,274,4.203364849090576,0.9371468432414435
96,9,/home/nabizadz/Projects/Mahsa/datasets/grid/test/s30/lwbp3p.mpg,24,56,2.8713908195495605,0.9633126423647792
96,10,/home/nabizadz/Projects/Mahsa/datasets/grid/test/s30/pbaf6s.mpg,207,239,4.0932159423828125,0.9933441280561233
96,11,/home/nabizadz/Projects/Mahsa/datasets/grid/test/s30/lrbb8s.mpg,90,122,3.4464023113250732,0.9741413533752055
96,12,/home/nabizadz/Projects/Mahsa/datasets/grid/test/s30/lriu4a.mpg,190,222,3.4624829292297363,0.9626388864320209
96,13,/home/nabizadz/Projects/Mahsa/datasets/grid/test/s30/lwiizs.mpg,57,89,3.1581296920776367,0.9630100392936134
96,14,/home/nabizadz/Projects/Mahsa/datasets/grid/test/s30/prat1p.mpg,35,67,4.29461669921875,0.9715487496829278
96,15,/home/nabizadz/Projects/Mahsa/datasets/grid/test/s30/sgwg5n.mpg,217,249,4.25712251663208,0.9095445398883678
97,0,/home/nabizadz/Projects/Mahsa/datasets/grid/test/s30/lgbp9p.mpg,131,163,3.2615818977355957,0.9197636210800941
97,1,/home/nabizadz/Projects/Mahsa/datasets/grid/test/s30/lwib7p.mpg,135,167,3.1624624729156494,0.9514679542505243
97,2,/home/nabizadz/Projects/Mahsa/datasets/grid/test/s30/bgay3n.mpg,183,215,2.6664271354675293,0.9135106699498196
97,3,/home/nabizadz/Projects/Mahsa/datasets/grid/test/s30/bwaq6a.mpg,61,93,2.603569746017456,0.9530221385516408
97,4,/home/nabizadz/Projects/Mahsa/datasets/grid/test/s30/lwbi9p.mpg,207,239,4.415949821472168,0.9275848302827774
97,5,/home/nabizadz/Projects/Mahsa/datasets/grid/test/s30/lgbp7n.mpg,173,205,3.3708951473236084,0.9258805676082426
97,6,/home/nabizadz/Projects/Mahsa/datasets/grid/test/s30/lgbj5p.mpg,33,65,4.165812015533447,0.9362408380504916
97,7,/home/nabizadz/Projects/Mahsa/datasets/grid/test/s30/lrah7n.mpg,28,60,3.784749746322632,0.9995086212644031
97,8,/home/nabizadz/Projects/Mahsa/datasets/grid/test/s30/bbwx6a.mpg,255,287,4.1974639892578125,0.9999995907442074
97,9,/home/nabizadz/Projects/Mahsa/datasets/grid/test/s30/bgwe9n.mpg,138,170,2.715545177459717,0.9467104925631785
97,10,/home/nabizadz/Projects/Mahsa/datasets/grid/test/s30/sbid7p.mpg,89,121,2.349076271057129,0.940575281719723
97,11,/home/nabizadz/Projects/Mahsa/datasets/grid/test/s30/sgam2s.mpg,30,62,3.157665967941284,0.9752790437549483
97,12,/home/nabizadz/Projects/Mahsa/datasets/grid/test/s30/lwiu8s.mpg,170,202,3.0876986980438232,0.9390283506684297
97,13,/home/nabizadz/Projects/Mahsa/datasets/grid/test/s30/lbwb5n.mpg,246,278,4.347650527954102,0.9548267337502134
97,14,/home/nabizadz/Projects/Mahsa/datasets/grid/test/s30/bgwz2s.mpg,129,161,2.4959325790405273,0.9581695576700733
97,15,/home/nabizadz/Projects/Mahsa/datasets/grid/test/s30/pwaa6a.mpg,184,216,3.5140128135681152,0.9421598170606076
98,0,/home/nabizadz/Projects/Mahsa/datasets/grid/test/s30/pgia6s.mpg,33,65,2.7526721954345703,0.9562432161184199
98,1,/home/nabizadz/Projects/Mahsa/datasets/grid/test/s30/lbit6s.mpg,110,142,3.1398725509643555,0.95312892437955
98,2,/home/nabizadz/Projects/Mahsa/datasets/grid/test/s30/prwa7p.mpg,245,277,4.342723846435547,0.9437669208823762
98,3,/home/nabizadz/Projects/Mahsa/datasets/grid/test/s30/pgwi2s.mpg,0,32,4.319697856903076,0.9994709487455486
98,4,/home/nabizadz/Projects/Mahsa/datasets/grid/test/s30/bgik4a.mpg,248,280,4.184438228607178,0.9457940043838208
98,5,/home/nabizadz/Projects/Mahsa/datasets/grid/test/s30/lwwp7p.mpg,55,87,2.807239055633545,0.9704714898763636
98,6,/home/nabizadz/Projects/Mahsa/datasets/grid/test/s30/lwivza.mpg,56,88,3.191373348236084,0.9665782190665828
98,7,/home/nabizadz/Projects/Mahsa/datasets/grid/test/s30/lrao2s.mpg,56,88,3.0294241905212402,0.9597316830209851
98,8,/home/nabizadz/Projects/Mahsa/datasets/grid/test/s30/lban7p.mpg,156,188,3.2877540588378906,0.9443844302242238
98,9,/home/nabizadz/Projects/Mahsa/datasets/grid/test/s30/lwav4a.mpg,154,186,2.7178025245666504,0.9244878670192703
98,10,/home/nabizadz/Projects/Mahsa/datasets/grid/test/s30/srar4s.mpg,48,80,2.880711555480957,0.9634938202880101
98,11,/home/nabizadz/Projects/Mahsa/datasets/grid/test/s30/sbby8a.mpg,189,221,1.7796823978424072,0.936704134861629
98,12,/home/nabizadz/Projects/Mahsa/datasets/grid/test/s30/sbwzzs.mpg,33,65,3.303056240081787,0.964397323742212
98,13,/home/nabizadz/Projects/Mahsa/datasets/grid/test/s30/bbai7n.mpg,108,140,2.54351544380188,0.8745199378618452
98,14,/home/nabizadz/Projects/Mahsa/datasets/grid/test/s30/lwwj2s.mpg,182,214,4.184521198272705,0.8982923600775847
98,15,/home/nabizadz/Projects/Mahsa/datasets/grid/test/s30/brac9n.mpg,209,241,4.240172863006592,0.9523224039615827
99,0,/home/nabizadz/Projects/Mahsa/datasets/grid/test/s30/bric7p.mpg,256,288,3.909034252166748,0.9956421064679951
99,1,/home/nabizadz/Projects/Mahsa/datasets/grid/test/s30/prba1n.mpg,205,237,3.9812467098236084,0.9701852110210548
99,2,/home/nabizadz/Projects/Mahsa/datasets/grid/test/s30/pgau2s.mpg,82,114,3.029125928878784,0.9499054629300568
99,3,/home/nabizadz/Projects/Mahsa/datasets/grid/test/s30/bgbe7p.mpg,267,299,4.23694372177124,0.9915936380924163
99,4,/home/nabizadz/Projects/Mahsa/datasets/grid/test/s30/bgaq9n.mpg,216,248,3.795764207839966,0.7778614855374925
99,5,/home/nabizadz/Projects/Mahsa/datasets/grid/test/s30/lwbc4s.mpg,35,67,3.5530920028686523,0.9668708660290055
99,6,/home/nabizadz/Projects/Mahsa/datasets/grid/test/s30/pgan9p.mpg,256,288,4.181196212768555,0.9766045946640534
99,7,/home/nabizadz/Projects/Mahsa/datasets/grid/test/s30/sbid5n.mpg,9,41,4.217491626739502,0.9905732757983708
99,8,/home/nabizadz/Projects/Mahsa/datasets/grid/test/s30/lbin3p.mpg,167,199,3.1603024005889893,0.9227210607074304
99,9,/home/nabizadz/Projects/Mahsa/datasets/grid/test/s30/bbwj7p.mpg,140,172,3.3714191913604736,0.953773756957554
99,10,/home/nabizadz/Projects/Mahsa/datasets/grid/test/s30/sgwnzs.mpg,76,108,2.8105454444885254,0.9548989744308883
99,11,/home/nabizadz/Projects/Mahsa/datasets/grid/test/s30/bwix6a.mpg,4,36,3.6653692722320557,0.9940011366017977
99,12,/home/nabizadz/Projects/Mahsa/datasets/grid/test/s30/pgwi4a.mpg,13,45,3.5780415534973145,0.9868414261719436
99,13,/home/nabizadz/Projects/Mahsa/datasets/grid/test/s30/sgif6a.mpg,23,55,2.528198480606079,0.9719335908892395
99,14,/home/nabizadz/Projects/Mahsa/datasets/grid/test/s30/srae8a.mpg,139,171,3.706674098968506,0.9643001203375051
99,15,/home/nabizadz/Projects/Mahsa/datasets/grid/test/s30/lrib2a.mpg,252,284,4.300544738769531,0.925411884964944
100,0,/home/nabizadz/Projects/Mahsa/datasets/grid/test/s30/brwk2s.mpg,61,93,3.033280849456787,0.9585693814771279
100,1,/home/nabizadz/Projects/Mahsa/datasets/grid/test/s30/prwn6a.mpg,103,135,2.9755592346191406,0.9604216792959535
100,2,/home/nabizadz/Projects/Mahsa/datasets/grid/test/s30/pbwa2a.mpg,260,292,4.180783748626709,0.86832082563476
100,3,/home/nabizadz/Projects/Mahsa/datasets/grid/test/s30/pbwt2s.mpg,208,240,3.104863166809082,0.9606991811463009
100,4,/home/nabizadz/Projects/Mahsa/datasets/grid/test/s30/pwwo1p.mpg,121,153,3.4048256874084473,0.9621423608074936
100,5,/home/nabizadz/Projects/Mahsa/datasets/grid/test/s30/srae5n.mpg,104,136,3.1348073482513428,0.9589467760267244
100,6,/home/nabizadz/Projects/Mahsa/datasets/grid/test/s30/sbak4s.mpg,63,95,2.2831833362579346,0.9290176533452494
100,7,/home/nabizadz/Projects/Mahsa/datasets/grid/test/s30/bwak1p.mpg,132,164,3.0893092155456543,0.9177491741539743
100,8,/home/nabizadz/Projects/Mahsa/datasets/grid/test/s30/bwbk4s.mpg,108,140,2.8454723358154297,0.9537159247837599
100,9,/home/nabizadz/Projects/Mahsa/datasets/grid/test/s30/bgid8s.mpg,196,228,4.347055435180664,0.9962848152555209
100,10,/home/nabizadz/Projects/Mahsa/datasets/grid/test/s30/bwad6s.mpg,147,179,2.9843087196350098,0.9604523404746077
100,11,/home/nabizadz/Projects/Mahsa/datasets/grid/test/s30/pgbiza.mpg,118,150,3.607844591140747,0.9631868486975868
100,12,/home/nabizadz/Projects/Mahsa/datasets/grid/test/s30/sgimza.mpg,47,79,2.6883487701416016,0.961832723818339
100,13,/home/nabizadz/Projects/Mahsa/datasets/grid/test/s30/bgwz4a.mpg,71,103,2.606280565261841,0.935694180837736
100,14,/home/nabizadz/Projects/Mahsa/datasets/grid/test/s30/swwf9n.mpg,265,297,4.33358097076416,0.9716348891871778
100,15,/home/nabizadz/Projects/Mahsa/datasets/grid/test/s30/bwwr2s.mpg,76,108,2.6202523708343506,0.9342870953905416
101,0,/home/nabizadz/Projects/Mahsa/datasets/grid/test/s30/lgic1n.mpg,101,133,2.7006139755249023,0.9336450138427714
101,1,/home/nabizadz/Projects/Mahsa/datasets/grid/test/s30/bbwp9n.mpg,116,148,3.223267078399658,0.9569880189664199
101,2,/home/nabizadz/Projects/Mahsa/datasets/grid/test/s30/pgwv2a.mpg,195,227,3.16314959526062,0.9458071829529541
101,3,/home/nabizadz/Projects/Mahsa/datasets/grid/test/s30/lgwj7n.mpg,117,149,3.7640695571899414,0.9757306274596561
101,4,/home/nabizadz/Projects/Mahsa/datasets/grid/test/s30/bgwsza.mpg,24,56,3.41780948638916,0.9560165783948916
101,5,/home/nabizadz/Projects/Mahsa/datasets/grid/test/s30/bbwx3n.mpg,100,132,2.882937431335449,0.9299861350974276
101,6,/home/nabizadz/Projects/Mahsa/datasets/grid/test/s30/bwwr3p.mpg,7,39,4.20928430557251,0.999997540692688
101,7,/home/nabizadz/Projects/Mahsa/datasets/grid/test/s30/lbihza.mpg,67,99,3.0716748237609863,0.9630441938030859
101,8,/home/nabizadz/Projects/Mahsa/datasets/grid/test/s30/lriu3p.mpg,102,134,2.9986650943756104,0.9261620212387753
101,9,/home/nabizadz/Projects/Mahsa/datasets/grid/test/s30/bwad8a.mpg,87,119,1.3970178365707397,0.9582134776595843
101,10,/home/nabizadz/Projects/Mahsa/datasets/grid/test/s30/pbbm4s.mpg,218,250,4.320627212524414,0.9649130448784117
101,11,/home/nabizadz/Projects/Mahsa/datasets/grid/test/s30/pbbs8s.mpg,126,158,3.0077760219573975,0.9348438222243565
101,12,/home/nabizadz/Projects/Mahsa/datasets/grid/test/s30/pwia2a.mpg,139,171,2.960258722305298,0.944895767032212
101,13,/home/nabizadz/Projects/Mahsa/datasets/grid/test/s30/swwm5p.mpg,19,51,4.236626625061035,0.9920664806978147
101,14,/home/nabizadz/Projects/Mahsa/datasets/grid/test/s30/lrwv4s.mpg,168,200,2.8668131828308105,0.9602005320789434
101,15,/home/nabizadz/Projects/Mahsa/datasets/grid/test/s30/bwwk8s.mpg,127,159,1.7899537086486816,0.953497912509911
102,0,/home/nabizadz/Projects/Mahsa/datasets/grid/test/s30/lgajzs.mpg,192,224,4.19257926940918,0.9410904080598955
102,1,/home/nabizadz/Projects/Mahsa/datasets/grid/test/s30/srbf2a.mpg,225,257,4.263471603393555,0.9119763109391109
102,2,/home/nabizadz/Projects/Mahsa/datasets/grid/test/s30/pgau3p.mpg,178,210,3.2357823848724365,0.915020508441854
102,3,/home/nabizadz/Projects/Mahsa/datasets/grid/test/s30/pbal9n.mpg,260,292,4.0933380126953125,0.9951712951058114
102,4,/home/nabizadz/Projects/Mahsa/datasets/grid/test/s30/lrau7p.mpg,107,139,3.5003082752227783,0.9690163859486667
102,5,/home/nabizadz/Projects/Mahsa/datasets/grid/test/s30/pram7p.mpg,39,71,4.073584079742432,0.9836932374250041
102,6,/home/nabizadz/Projects/Mahsa/datasets/grid/test/s30/bwwr4a.mpg,222,254,3.8618738651275635,0.9674776732184687
102,7,/home/nabizadz/Projects/Mahsa/datasets/grid/test/s30/pgan7n.mpg,130,162,3.2683053016662598,0.9500936232938301
102,8,/home/nabizadz/Projects/Mahsa/datasets/grid/test/s30/lrwi5n.mpg,77,109,3.0738790035247803,0.9551401353732082
102,9,/home/nabizadz/Projects/Mahsa/datasets/grid/test/s30/lgwx5n.mpg,126,158,2.777562141418457,0.9342342043776224
102,10,/home/nabizadz/Projects/Mahsa/datasets/grid/test/s30/pwbh2s.mpg,139,171,3.15401291847229,0.9611041121285282
102,11,/home/nabizadz/Projects/Mahsa/datasets/grid/test/s30/lbbh5n.mpg,72,104,2.7713284492492676,0.9698216790657371
102,12,/home/nabizadz/Projects/Mahsa/datasets/grid/test/s30/pgwo8a.mpg,81,113,3.126258611679077,0.9675374040823437
102,13,/home/nabizadz/Projects/Mahsa/datasets/grid/test/s30/bwbk6a.mpg,164,196,3.0653769969940186,0.9365546839481271
102,14,/home/nabizadz/Projects/Mahsa/datasets/grid/test/s30/bbbp6s.mpg,81,113,2.600531578063965,0.9427015862000944
102,15,/home/nabizadz/Projects/Mahsa/datasets/grid/test/s30/pbaf8a.mpg,198,230,4.264087200164795,0.9037767374658967
103,0,/home/nabizadz/Projects/Mahsa/datasets/grid/test/s30/brbj9p.mpg,102,134,2.8130943775177,0.9659450303486009
103,1,/home/nabizadz/Projects/Mahsa/datasets/grid/test/s30/bgarzs.mpg,45,77,3.773381233215332,0.9795055675659977
103,2,/home/nabizadz/Projects/Mahsa/datasets/grid/test/s30/sbwe9p.mpg,86,118,2.4521687030792236,0.9664658797286286
103,3,/home/nabizadz/Projects/Mahsa/datasets/grid/test/s30/brwd8s.mpg,67,99,4.113694190979004,0.9790267877742
103,4,/home/nabizadz/Projects/Mahsa/datasets/grid/test/s30/pram8a.mpg,39,71,2.821744918823242,0.9731589109516
103,5,/home/nabizadz/Projects/Mahsa/datasets/grid/test/s30/lwwj3p.mpg,130,162,3.1103522777557373,0.9502496301157849
103,6,/home/nabizadz/Projects/Mahsa/datasets/grid/test/s30/swiz1p.mpg,247,279,4.365720272064209,0.8961764867088207
103,7,/home/nabizadz/Projects/Mahsa/datasets/grid/test/s30/lrwv6a.mpg,139,171,3.000638723373413,0.9355669054681125
103,8,/home/nabizadz/Projects/Mahsa/datasets/grid/test/s30/bwij8a.mpg,13,45,4.410682201385498,0.9784871344119181
103,9,/home/nabizadz/Projects/Mahsa/datasets/grid/test/s30/sbwr8a.mpg,122,154,3.129507064819336,0.9739016993447644
103,10,/home/nabizadz/Projects/Mahsa/datasets/grid/test/s30/prbnzs.mpg,105,137,3.0930206775665283,0.9271045719716012
103,11,/home/nabizadz/Projects/Mahsa/datasets/grid/test/s30/lrwp1p.mpg,26,58,3.8979246616363525,0.9249218871362377
103,12,/home/nabizadz/Projects/Mahsa/datasets/grid/test/s30/lgipzs.mpg,95,127,3.075064182281494,0.9466592052836241
103,13,/home/nabizadz/Projects/Mahsa/datasets/grid/test/s30/bgbe8a.mpg,2,34,4.063976764678955,0.9836964904792294
103,14,/home/nabizadz/Projects/Mahsa/datasets/grid/test/s30/sbbe4s.mpg,171,203,3.2539756298065186,0.9460529798104935
103,15,/home/nabizadz/Projects/Mahsa/datasets/grid/test/s30/sgbm6s.mpg,257,289,4.28026008605957,0.9749598258559611
104,0,/home/nabizadz/Projects/Mahsa/datasets/grid/test/s30/pbiz3n.mpg,263,295,4.000735282897949,0.984340327159935
104,1,/home/nabizadz/Projects/Mahsa/datasets/grid/test/s30/srwf6a.mpg,213,245,3.956115961074829,0.9463647950555425
104,2,/home/nabizadz/Projects/Mahsa/datasets/grid/test/s30/lwiu7n.mpg,126,158,3.77345609664917,0.970185815755825
104,3,/home/nabizadz/Projects/Mahsa/datasets/grid/test/s30/lgwj9p.mpg,146,178,3.3687639236450195,0.9677826136735965
104,4,/home/nabizadz/Projects/Mahsa/datasets/grid/test/s30/pwwu3n.mpg,143,175,3.0493004322052,0.8967068443149983
104,5,/home/nabizadz/Projects/Mahsa/datasets/grid/test/s30/bbav8a.mpg,74,106,2.2478630542755127,0.9417683147263193
104,6,/home/nabizadz/Projects/Mahsa/datasets/grid/test/s30/lgii6s.mpg,83,115,2.776461601257324,0.9033792192005602
104,7,/home/nabizadz/Projects/Mahsa/datasets/grid/test/s30/bwaj9n.mpg,248,280,4.022619724273682,0.8469382659079937
104,8,/home/nabizadz/Projects/Mahsa/datasets/grid/test/s30/sgil9p.mpg,219,251,4.1859564781188965,0.9063909769937567
104,9,/home/nabizadz/Projects/Mahsa/datasets/grid/test/s30/sbad9n.mpg,215,247,4.311892509460449,0.8757907625277045
104,10,/home/nabizadz/Projects/Mahsa/datasets/grid/test/s30/lrih3n.mpg,162,194,3.465620994567871,0.952329258349191
104,11,/home/nabizadz/Projects/Mahsa/datasets/grid/test/s30/bgix9n.mpg,146,178,2.6356911659240723,0.9286342232952843
104,12,/home/nabizadz/Projects/Mahsa/datasets/grid/test/s30/brap7n.mpg,236,268,4.417452812194824,0.9418647896962826
104,13,/home/nabizadz/Projects/Mahsa/datasets/grid/test/s30/sriy3n.mpg,25,57,4.10896110534668,0.9999877381158163
104,14,/home/nabizadz/Projects/Mahsa/datasets/grid/test/s30/lwwxzs.mpg,50,82,3.315316677093506,0.9716631411533064
104,15,/home/nabizadz/Projects/Mahsa/datasets/grid/test/s30/bwid3p.mpg,145,177,2.966585636138916,0.9257129414181395
105,0,/home/nabizadz/Projects/Mahsa/datasets/grid/test/s30/lbah2s.mpg,135,167,2.7820277214050293,0.9446889523705532
105,1,/home/nabizadz/Projects/Mahsa/datasets/grid/test/s30/brbx8a.mpg,145,177,2.944469690322876,0.9414380827754
105,2,/home/nabizadz/Projects/Mahsa/datasets/grid/test/s30/sbwr7p.mpg,95,127,2.5933377742767334,0.9621481211484747
105,3,/home/nabizadz/Projects/Mahsa/datasets/grid/test/s30/lbbb4a.mpg,30,62,3.1167893409729004,0.9470267168789549
105,4,/home/nabizadz/Projects/Mahsa/datasets/grid/test/s30/pbif4a.mpg,8,40,4.1692681312561035,0.9998870294682285
105,5,/home/nabizadz/Projects/Mahsa/datasets/grid/test/s30/bgwz1n.mpg,55,87,2.632174491882324,0.9203470604496005
105,6,/home/nabizadz/Projects/Mahsa/datasets/grid/test/s30/bwad5n.mpg,89,121,2.613391637802124,0.9566712750314172
105,7,/home/nabizadz/Projects/Mahsa/datasets/grid/test/s30/swbf7p.mpg,97,129,2.793363571166992,0.948801127427171
105,8,/home/nabizadz/Projects/Mahsa/datasets/grid/test/s30/pgbh9p.mpg,203,235,3.1767289638519287,0.9154139158068173
105,9,/home/nabizadz/Projects/Mahsa/datasets/grid/test/s30/swiz2a.mpg,126,158,3.198857545852661,0.9457629758346688
105,10,/home/nabizadz/Projects/Mahsa/datasets/grid/test/s30/lrab4s.mpg,15,47,3.1654694080352783,0.9601644819617182
105,11,/home/nabizadz/Projects/Mahsa/datasets/grid/test/s30/brwyzs.mpg,160,192,3.308871269226074,0.9536401397870636
105,12,/home/nabizadz/Projects/Mahsa/datasets/grid/test/s30/brwq6s.mpg,8,40,2.71435546875,0.9556132854786807
105,13,/home/nabizadz/Projects/Mahsa/datasets/grid/test/s30/bbii5p.mpg,60,92,4.165440082550049,0.9799044837277316
105,14,/home/nabizadz/Projects/Mahsa/datasets/grid/test/s30/pwit4a.mpg,244,276,4.391416549682617,0.9752827851983743
105,15,/home/nabizadz/Projects/Mahsa/datasets/grid/test/s30/swaz4s.mpg,187,219,3.974257230758667,0.9674425193334028
106,0,/home/nabizadz/Projects/Mahsa/datasets/grid/test/s30/pris8a.mpg,189,221,3.8123996257781982,0.9970311952503401
106,1,/home/nabizadz/Projects/Mahsa/datasets/grid/test/s30/lrbo7p.mpg,215,247,4.4912800788879395,0.9230751432160677
106,2,/home/nabizadz/Projects/Mahsa/datasets/grid/test/s30/swwm3n.mpg,24,56,4.261643409729004,0.9583208958780652
106,3,/home/nabizadz/Projects/Mahsa/datasets/grid/test/s30/bbbj4a.mpg,201,233,2.74067759513855,0.9405072778525146
106,4,/home/nabizadz/Projects/Mahsa/datasets/grid/test/s30/sgbg2s.mpg,148,180,3.416140079498291,0.9337253600217584
106,5,/home/nabizadz/Projects/Mahsa/datasets/grid/test/s30/bwby3p.mpg,153,185,3.4494545459747314,0.9567159220877803
106,6,/home/nabizadz/Projects/Mahsa/datasets/grid/test/s30/lwbv7p.mpg,204,236,3.3140554428100586,0.9468251521240197
106,7,/home/nabizadz/Projects/Mahsa/datasets/grid/test/s30/bgak6s.mpg,143,175,3.2441353797912598,0.923506955325659
106,8,/home/nabizadz/Projects/Mahsa/datasets/grid/test/s30/swbs4s.mpg,130,162,3.607658863067627,0.9504411207803122
106,9,/home/nabizadz/Projects/Mahsa/datasets/grid/test/s30/lgbx4a.mpg,254,286,4.248156547546387,0.9243179914930978
106,10,/home/nabizadz/Projects/Mahsa/datasets/grid/test/s30/bgblzs.mpg,63,95,2.804323196411133,0.9400447538823187
106,11,/home/nabizadz/Projects/Mahsa/datasets/grid/test/s30/lgbj6a.mpg,117,149,2.788548231124878,0.9549471283273593
106,12,/home/nabizadz/Projects/Mahsa/datasets/grid/test/s30/bbbp5n.mpg,209,241,4.221538066864014,0.915910927195198
106,13,/home/nabizadz/Projects/Mahsa/datasets/grid/test/s30/lbwizs.mpg,84,116,3.2602100372314453,0.9372657177614235
106,14,/home/nabizadz/Projects/Mahsa/datasets/grid/test/s30/swir8a.mpg,233,265,4.1960883140563965,0.960768374492288
106,15,/home/nabizadz/Projects/Mahsa/datasets/grid/test/s30/bbac4s.mpg,180,212,3.4777636528015137,0.9390439503888949
107,0,/home/nabizadz/Projects/Mahsa/datasets/grid/test/s30/prim1n.mpg,54,86,2.7823679447174072,0.957478372772007
107,1,/home/nabizadz/Projects/Mahsa/datasets/grid/test/s30/sgiz7p.mpg,44,76,1.5885238647460938,0.9167474484765338
107,2,/home/nabizadz/Projects/Mahsa/datasets/grid/test/s30/bwwk9p.mpg,261,293,4.169338703155518,0.9478310539599266
107,3,/home/nabizadz/Projects/Mahsa/datasets/grid/test/s30/bbwd4a.mpg,126,158,3.414191722869873,0.9763110021685633
107,4,/home/nabizadz/Projects/Mahsa/datasets/grid/test/s30/prat2a.mpg,1,33,4.493973255157471,0.9991289758500651
107,5,/home/nabizadz/Projects/Mahsa/datasets/grid/test/s30/bwaq3n.mpg,124,156,3.351191997528076,0.9650250181498554
107,6,/home/nabizadz/Projects/Mahsa/datasets/grid/test/s30/pgau1n.mpg,259,291,4.311460971832275,0.9623367420740995
107,7,/home/nabizadz/Projects/Mahsa/datasets/grid/test/s30/swal8a.mpg,247,279,4.281621932983398,0.9707615907845639
107,8,/home/nabizadz/Projects/Mahsa/datasets/grid/test/s30/pgau4a.mpg,232,264,3.4170713424682617,0.8207304303012982
107,9,/home/nabizadz/Projects/Mahsa/datasets/grid/test/s30/srir2a.mpg,177,209,3.5427346229553223,0.9539866405597942
107,10,/home/nabizadz/Projects/Mahsa/datasets/grid/test/s30/lbwu8s.mpg,157,189,3.75709867477417,0.9387906890072797
107,11,/home/nabizadz/Projects/Mahsa/datasets/grid/test/s30/lwwc7n.mpg,1,33,4.459804058074951,0.9999926450177061
107,12,/home/nabizadz/Projects/Mahsa/datasets/grid/test/s30/pwwh5n.mpg,240,272,4.277534484863281,0.9886472663778696
107,13,/home/nabizadz/Projects/Mahsa/datasets/grid/test/s30/lrwc1n.mpg,135,167,3.726388931274414,0.9578721969072936
107,14,/home/nabizadz/Projects/Mahsa/datasets/grid/test/s30/lrwp2a.mpg,163,195,3.2756011486053467,0.921821609590336
107,15,/home/nabizadz/Projects/Mahsa/datasets/grid/test/s30/sgwg8a.mpg,114,146,3.1639785766601562,0.9138101199766677
108,0,/home/nabizadz/Projects/Mahsa/datasets/grid/test/s30/pwwu6a.mpg,118,150,2.719651937484741,0.9461262474403734
108,1,/home/nabizadz/Projects/Mahsa/datasets/grid/test/s30/swwm4s.mpg,171,203,2.777935266494751,0.9323826760184325
108,2,/home/nabizadz/Projects/Mahsa/datasets/grid/test/s30/bgae4a.mpg,55,87,3.360111713409424,0.9789763029324448
108,3,/home/nabizadz/Projects/Mahsa/datasets/grid/test/s30/pgin4s.mpg,4,36,4.289872169494629,0.9835142600910174
108,4,/home/nabizadz/Projects/Mahsa/datasets/grid/test/s30/pgin6a.mpg,22,54,2.3597185611724854,0.9356209302752977
108,5,/home/nabizadz/Projects/Mahsa/datasets/grid/test/s30/pwim8s.mpg,260,292,4.252689361572266,0.94822113914486
108,6,/home/nabizadz/Projects/Mahsa/datasets/grid/test/s30/bwbe2a.mpg,250,282,4.283910751342773,0.9275726762805097
108,7,/home/nabizadz/Projects/Mahsa/datasets/grid/test/s30/srbl6a.mpg,126,158,2.884793996810913,0.9429942706944703
108,8,/home/nabizadz/Projects/Mahsa/datasets/grid/test/s30/lgbp8s.mpg,35,67,3.8294832706451416,0.9453899461358803
108,9,/home/nabizadz/Projects/Mahsa/datasets/grid/test/s30/brip4s.mpg,145,177,3.2105815410614014,0.9568856391101641
108,10,/home/nabizadz/Projects/Mahsa/datasets/grid/test/s30/sgam3p.mpg,121,153,2.9995930194854736,0.9524179026006887
108,11,/home/nabizadz/Projects/Mahsa/datasets/grid/test/s30/pwwu4s.mpg,149,181,3.061166286468506,0.9443642486155978
108,12,/home/nabizadz/Projects/Mahsa/datasets/grid/test/s30/lwab9n.mpg,1,33,3.514275074005127,0.9911787513158666
108,13,/home/nabizadz/Projects/Mahsa/datasets/grid/test/s30/brbq3p.mpg,29,61,4.188097953796387,0.9927286825535401
108,14,/home/nabizadz/Projects/Mahsa/datasets/grid/test/s30/bbiv2s.mpg,26,58,3.8115761280059814,0.9998923609281516
108,15,/home/nabizadz/Projects/Mahsa/datasets/grid/test/s30/pgbb3n.mpg,49,81,2.9384496212005615,0.9345178003722712
109,0,/home/nabizadz/Projects/Mahsa/datasets/grid/test/s30/prbg5n.mpg,52,84,2.601346015930176,0.9636175271745271
109,1,/home/nabizadz/Projects/Mahsa/datasets/grid/test/s30/pwat6s.mpg,193,225,3.7862186431884766,0.9793262600376912
109,2,/home/nabizadz/Projects/Mahsa/datasets/grid/test/s30/prif7n.mpg,44,76,3.1154944896698,0.9457196644631924
109,3,/home/nabizadz/Projects/Mahsa/datasets/grid/test/s30/srie2s.mpg,176,208,3.583467483520508,0.929855313185331
109,4,/home/nabizadz/Projects/Mahsa/datasets/grid/test/s30/srbl4s.mpg,182,214,4.176145076751709,0.9765180661481759
109,5,/home/nabizadz/Projects/Mahsa/datasets/grid/test/s30/pbwg6a.mpg,68,100,2.6163432598114014,0.9400111741288788
109,6,/home/nabizadz/Projects/Mahsa/datasets/grid/test/s30/lbat9n.mpg,41,73,3.257594108581543,0.9762338134055288
109,7,/home/nabizadz/Projects/Mahsa/datasets/grid/test/s30/swal6s.mpg,236,268,4.314849853515625,0.9098760248394859
109,8,/home/nabizadz/Projects/Mahsa/datasets/grid/test/s30/sbwl3p.mpg,197,229,3.1419010162353516,0.9346707549718116
109,9,/home/nabizadz/Projects/Mahsa/datasets/grid/test/s30/brbd6a.mpg,62,94,3.0802321434020996,0.9355889462728478
109,10,/home/nabizadz/Projects/Mahsa/datasets/grid/test/s30/bbic1p.mpg,94,126,2.6692299842834473,0.9281269692236795
109,11,/home/nabizadz/Projects/Mahsa/datasets/grid/test/s30/braj5p.mpg,260,292,4.397080898284912,0.9799631343771358
109,12,/home/nabizadz/Projects/Mahsa/datasets/grid/test/s30/swiy9n.mpg,86,118,3.0906898975372314,0.9530466006783892
109,13,/home/nabizadz/Projects/Mahsa/datasets/grid/test/s30/bbwq1p.mpg,156,188,4.0908989906311035,0.9399219241959124
109,14,/home/nabizadz/Projects/Mahsa/datasets/grid/test/s30/srbr7n.mpg,129,161,3.4054250717163086,0.9595549163702625
109,15,/home/nabizadz/Projects/Mahsa/datasets/grid/test/s30/prif8s.mpg,92,124,2.7060959339141846,0.9530657112464026
110,0,/home/nabizadz/Projects/Mahsa/datasets/grid/test/s30/prwh2a.mpg,10,42,4.31651496887207,0.9999939775404317
110,1,/home/nabizadz/Projects/Mahsa/datasets/grid/test/s30/swir6s.mpg,117,149,3.2101542949676514,0.9495941236695804
110,2,/home/nabizadz/Projects/Mahsa/datasets/grid/test/s30/lgip1p.mpg,21,53,4.118924617767334,0.989933851076805
110,3,/home/nabizadz/Projects/Mahsa/datasets/grid/test/s30/sbbe6a.mpg,134,166,3.137674331665039,0.9406786212532612
110,4,/home/nabizadz/Projects/Mahsa/datasets/grid/test/s30/bgak5n.mpg,138,170,2.9789633750915527,0.925038109864097
110,5,/home/nabizadz/Projects/Mahsa/datasets/grid/test/s30/lwib6s.mpg,268,300,4.367170810699463,0.9693299481324125
110,6,/home/nabizadz/Projects/Mahsa/datasets/grid/test/s30/sgwt3n.mpg,95,127,2.435429096221924,0.9528240933097126
110,7,/home/nabizadz/Projects/Mahsa/datasets/grid/test/s30/brip6a.mpg,56,88,3.9978580474853516,0.9413657525281031
110,8,/home/nabizadz/Projects/Mahsa/datasets/grid/test/s30/pwaa5p.mpg,233,265,4.404285907745361,0.9965374727337455
110,9,/home/nabizadz/Projects/Mahsa/datasets/grid/test/s30/lgii8a.mpg,159,191,3.298428535461426,0.9427306122047775
110,10,/home/nabizadz/Projects/Mahsa/datasets/grid/test/s30/bwij7p.mpg,132,164,3.524836301803589,0.9525770063570488
110,11,/home/nabizadz/Projects/Mahsa/datasets/grid/test/s30/pbbm6a.mpg,94,126,2.646686553955078,0.9693561223535292
110,12,/home/nabizadz/Projects/Mahsa/datasets/grid/test/s30/pgbb5p.mpg,212,244,4.1600518226623535,0.8956290378088577
110,13,/home/nabizadz/Projects/Mahsa/datasets/grid/test/s30/bgbr3n.mpg,35,67,2.9587485790252686,0.9624547143016512
110,14,/home/nabizadz/Projects/Mahsa/datasets/grid/test/s30/pwbt9n.mpg,108,140,2.770338535308838,0.9301927242040522
110,15,/home/nabizadz/Projects/Mahsa/datasets/grid/test/s30/prbg8a.mpg,227,259,4.0431809425354,0.9795195448586401
111,0,/home/nabizadz/Projects/Mahsa/datasets/grid/test/s30/swbf5n.mpg,247,279,4.275291442871094,0.8624133771122084
111,1,/home/nabizadz/Projects/Mahsa/datasets/grid/test/s30/bbap3p.mpg,265,297,4.266853332519531,0.9976964362551912
111,2,/home/nabizadz/Projects/Mahsa/datasets/grid/test/s30/bwwlza.mpg,75,107,2.687241315841675,0.9446096232300562
111,3,/home/nabizadz/Projects/Mahsa/datasets/grid/test/s30/lbwu7n.mpg,32,64,3.7064969539642334,0.987691166240786
111,4,/home/nabizadz/Projects/Mahsa/datasets/grid/test/s30/lban8a.mpg,252,284,4.209677696228027,0.9486449780259475
111,5,/home/nabizadz/Projects/Mahsa/datasets/grid/test/s30/bgwf2a.mpg,161,193,3.3284058570861816,0.9594165404382107
111,6,/home/nabizadz/Projects/Mahsa/datasets/grid/test/s30/sgif5p.mpg,210,242,4.39174222946167,0.9121881710478159
111,7,/home/nabizadz/Projects/Mahsa/datasets/grid/test/s30/bgiq7p.mpg,64,96,2.7556581497192383,0.9399270001441021
111,8,/home/nabizadz/Projects/Mahsa/datasets/grid/test/s30/pbwa1p.mpg,182,214,3.0361480712890625,0.9401650513513006
111,9,/home/nabizadz/Projects/Mahsa/datasets/grid/test/s30/brad2a.mpg,29,61,4.271599769592285,0.9520040852087951
111,10,/home/nabizadz/Projects/Mahsa/datasets/grid/test/s30/srwmza.mpg,138,170,3.1507925987243652,0.9511048884746934
111,11,/home/nabizadz/Projects/Mahsa/datasets/grid/test/s30/lrao1n.mpg,146,178,3.5700416564941406,0.9345530459303463
111,12,/home/nabizadz/Projects/Mahsa/datasets/grid/test/s30/sbwl2s.mpg,200,232,4.312356472015381,0.9247444909462406
111,13,/home/nabizadz/Projects/Mahsa/datasets/grid/test/s30/srwf5p.mpg,248,280,4.17588472366333,0.994333672125642
111,14,/home/nabizadz/Projects/Mahsa/datasets/grid/test/s30/bric8a.mpg,259,291,4.035019397735596,0.9520318517173005
111,15,/home/nabizadz/Projects/Mahsa/datasets/grid/test/s30/sbbk7n.mpg,11,43,3.9169061183929443,0.9994101258493598
112,0,/home/nabizadz/Projects/Mahsa/datasets/grid/test/s30/pbbs7n.mpg,174,206,3.477078676223755,0.958186551289301
112,1,/home/nabizadz/Projects/Mahsa/datasets/grid/test/s30/brwy1p.mpg,74,106,2.437997579574585,0.9591215730478402
112,2,/home/nabizadz/Projects/Mahsa/datasets/grid/test/s30/sbay4a.mpg,188,220,3.3702616691589355,0.9547720037218013
112,3,/home/nabizadz/Projects/Mahsa/datasets/grid/test/s30/lbit5n.mpg,121,153,3.685947895050049,0.9761276851142091
112,4,/home/nabizadz/Projects/Mahsa/datasets/grid/test/s30/bwwr1n.mpg,256,288,4.2606425285339355,0.9646103682568719
112,5,/home/nabizadz/Projects/Mahsa/datasets/grid/test/s30/prbm9n.mpg,234,266,4.461476802825928,0.934899854989998
112,6,/home/nabizadz/Projects/Mahsa/datasets/grid/test/s30/bbic2a.mpg,0,32,3.990753412246704,0.9972495849172472
112,7,/home/nabizadz/Projects/Mahsa/datasets/grid/test/s30/pbwg5p.mpg,235,267,3.967757225036621,0.9113681050685674
112,8,/home/nabizadz/Projects/Mahsa/datasets/grid/test/s30/pgin3n.mpg,76,108,2.9645261764526367,0.9522603476890719
112,9,/home/nabizadz/Projects/Mahsa/datasets/grid/test/s30/pwan1n.mpg,258,290,4.177643299102783,0.9358672302594815
112,10,/home/nabizadz/Projects/Mahsa/datasets/grid/test/s30/sbid6s.mpg,33,65,3.190316677093506,0.9863385265638962
112,11,/home/nabizadz/Projects/Mahsa/datasets/grid/test/s30/sray9p.mpg,176,208,4.3495330810546875,0.9252958937386785
112,12,/home/nabizadz/Projects/Mahsa/datasets/grid/test/s30/sbwfza.mpg,124,156,3.426039457321167,0.9680173578514234
112,13,/home/nabizadz/Projects/Mahsa/datasets/grid/test/s30/lrbi3p.mpg,181,213,3.5193417072296143,0.9423484761615495
112,14,/home/nabizadz/Projects/Mahsa/datasets/grid/test/s30/lgap6a.mpg,189,221,3.398897647857666,0.9373752981132663
112,15,/home/nabizadz/Projects/Mahsa/datasets/grid/test/s30/lbbb1n.mpg,169,201,3.42895245552063,0.9173964210918231
113,0,/home/nabizadz/Projects/Mahsa/datasets/grid/test/s30/srwz5n.mpg,82,114,3.2192935943603516,0.9560163354309785
113,1,/home/nabizadz/Projects/Mahsa/datasets/grid/test/s30/sbik1p.mpg,21,53,4.071617126464844,0.999994961854058
113,2,/home/nabizadz/Projects/Mahsa/datasets/grid/test/s30/pbiz5p.mpg,145,177,3.439812421798706,0.9711905784324987
113,3,/home/nabizadz/Projects/Mahsa/datasets/grid/test/s30/pwan4a.mpg,59,91,2.8191747665405273,0.962862887234423
113,4,/home/nabizadz/Projects/Mahsa/datasets/grid/test/s30/bwwe4s.mpg,142,174,3.460455894470215,0.9584903984362766
113,5,/home/nabizadz/Projects/Mahsa/datasets/grid/test/s30/prwn3n.mpg,7,39,4.3107686042785645,0.9852186920845177
113,6,/home/nabizadz/Projects/Mahsa/datasets/grid/test/s30/lbbu4s.mpg,106,138,3.166645050048828,0.9471666488806949
113,7,/home/nabizadz/Projects/Mahsa/datasets/grid/test/s30/sgis1n.mpg,221,253,4.307974815368652,0.9940332968188292
113,8,/home/nabizadz/Projects/Mahsa/datasets/grid/test/s30/bbipza.mpg,161,193,3.289091110229492,0.9376710365327986
113,9,/home/nabizadz/Projects/Mahsa/datasets/grid/test/s30/sbbr1n.mpg,135,167,3.43424391746521,0.8816877985728405
113,10,/home/nabizadz/Projects/Mahsa/datasets/grid/test/s30/lbau2a.mpg,115,147,2.627119541168213,0.951524370697648
113,11,/home/nabizadz/Projects/Mahsa/datasets/grid/test/s30/srbr8s.mpg,65,97,2.8619253635406494,0.9702700457041291
113,12,/home/nabizadz/Projects/Mahsa/datasets/grid/test/s30/brbx7p.mpg,22,54,4.046141147613525,0.9986838140876011
113,13,/home/nabizadz/Projects/Mahsa/datasets/grid/test/s30/bgbr4s.mpg,186,218,3.988736867904663,0.9683816215635027
113,14,/home/nabizadz/Projects/Mahsa/datasets/grid/test/s30/pgia7p.mpg,238,270,4.2358808517456055,0.9974128695347543
113,15,/home/nabizadz/Projects/Mahsa/datasets/grid/test/s30/lwai3n.mpg,133,165,2.639366865158081,0.9001883119659737
114,0,/home/nabizadz/Projects/Mahsa/datasets/grid/test/s30/lbbh8a.mpg,178,210,4.375243663787842,0.9314169420440038
114,1,/home/nabizadz/Projects/Mahsa/datasets/grid/test/s30/lgic3p.mpg,237,269,4.2566142082214355,0.9237091904973861
114,2,/home/nabizadz/Projects/Mahsa/datasets/grid/test/s30/pgah6a.mpg,75,107,2.7402360439300537,0.9547959751719131
114,3,/home/nabizadz/Projects/Mahsa/datasets/grid/test/s30/sbae1p.mpg,26,58,3.469869613647461,0.9918623482417861
114,4,/home/nabizadz/Projects/Mahsa/datasets/grid/test/s30/bbbp8a.mpg,239,271,4.354989051818848,0.997272921874802
114,5,/home/nabizadz/Projects/Mahsa/datasets/grid/test/s30/lrbvzs.mpg,6,38,3.9011635780334473,0.9491992364397526
114,6,/home/nabizadz/Projects/Mahsa/datasets/grid/test/s30/pbam1p.mpg,14,46,3.9803969860076904,0.9655273992413659
114,7,/home/nabizadz/Projects/Mahsa/datasets/grid/test/s30/bbbdza.mpg,68,100,3.1349878311157227,0.95935606433858
114,8,/home/nabizadz/Projects/Mahsa/datasets/grid/test/s30/lbaa7n.mpg,99,131,3.0365347862243652,0.9462326108289673
114,9,/home/nabizadz/Projects/Mahsa/datasets/grid/test/s30/bwwk7n.mpg,49,81,2.6247918605804443,0.9584733088371729
114,10,/home/nabizadz/Projects/Mahsa/datasets/grid/test/s30/bgiyzs.mpg,187,219,3.312450885772705,0.9697251948941531
114,11,/home/nabizadz/Projects/Mahsa/datasets/grid/test/s30/lgbd1p.mpg,100,132,2.739650011062622,0.9549741237682045
114,12,/home/nabizadz/Projects/Mahsa/datasets/grid/test/s30/brwk3p.mpg,97,129,3.0320053100585938,0.9788645632194768
114,13,/home/nabizadz/Projects/Mahsa/datasets/grid/test/s30/bbbj1n.mpg,57,89,2.991556167602539,0.9460294128609925
114,14,/home/nabizadz/Projects/Mahsa/datasets/grid/test/s30/pgin5p.mpg,205,237,3.7308783531188965,0.962895839045526
114,15,/home/nabizadz/Projects/Mahsa/datasets/grid/test/s30/sbix8s.mpg,85,117,3.2452752590179443,0.9651990787709455
115,0,/home/nabizadz/Projects/Mahsa/datasets/grid/test/s30/lrbv2a.mpg,231,263,4.183969974517822,0.8055035073103844
115,1,/home/nabizadz/Projects/Mahsa/datasets/grid/test/s30/brbd4s.mpg,117,149,3.417389154434204,0.9635208199222732
115,2,/home/nabizadz/Projects/Mahsa/datasets/grid/test/s30/bbbx1p.mpg,41,73,2.9339494705200195,0.9380721962559905
115,3,/home/nabizadz/Projects/Mahsa/datasets/grid/test/s30/lwwp6s.mpg,147,179,3.0023953914642334,0.9248707849806821
115,4,/home/nabizadz/Projects/Mahsa/datasets/grid/test/s30/pwwb2s.mpg,160,192,3.9430243968963623,0.9678920140765248
115,5,/home/nabizadz/Projects/Mahsa/datasets/grid/test/s30/pgihzs.mpg,236,268,4.267943859100342,0.9043673138819515
115,6,/home/nabizadz/Projects/Mahsa/datasets/grid/test/s30/lwwx1p.mpg,95,127,3.4473204612731934,0.9555343660385971
115,7,/home/nabizadz/Projects/Mahsa/datasets/grid/test/s30/prbn1p.mpg,35,67,3.380237340927124,0.9764146617077359
115,8,/home/nabizadz/Projects/Mahsa/datasets/grid/test/s30/lbia6a.mpg,66,98,2.7377359867095947,0.9539882398541738
115,9,/home/nabizadz/Projects/Mahsa/datasets/grid/test/s30/pgaoza.mpg,250,282,4.220264434814453,0.9848612183621017
115,10,/home/nabizadz/Projects/Mahsa/datasets/grid/test/s30/bbbv9n.mpg,230,262,4.265151023864746,0.9741233322990129
115,11,/home/nabizadz/Projects/Mahsa/datasets/grid/test/s30/swws8s.mpg,99,131,3.0743985176086426,0.9300091841606073
115,12,/home/nabizadz/Projects/Mahsa/datasets/grid/test/s30/prwn5p.mpg,254,286,4.380822658538818,0.9267923770188604
115,13,/home/nabizadz/Projects/Mahsa/datasets/grid/test/s30/brbq4a.mpg,96,128,3.0042734146118164,0.9520357108215616
115,14,/home/nabizadz/Projects/Mahsa/datasets/grid/test/s30/brax3p.mpg,12,44,3.7874372005462646,0.974329888885077
115,15,/home/nabizadz/Projects/Mahsa/datasets/grid/test/s30/lrioza.mpg,249,281,4.0657782554626465,0.8463702181656128
116,0,/home/nabizadz/Projects/Mahsa/datasets/grid/test/s30/sbiq4s.mpg,36,68,3.0073444843292236,0.9676300664288611
116,1,/home/nabizadz/Projects/Mahsa/datasets/grid/test/s30/prba2s.mpg,45,77,3.2491860389709473,0.9581032299577188
116,2,/home/nabizadz/Projects/Mahsa/datasets/grid/test/s30/pris5n.mpg,98,130,3.013098955154419,0.9769093434765703
116,3,/home/nabizadz/Projects/Mahsa/datasets/grid/test/s30/lwwx2a.mpg,160,192,3.8480961322784424,0.9302380482068493
116,4,/home/nabizadz/Projects/Mahsa/datasets/grid/test/s30/lgav7n.mpg,205,237,3.7864327430725098,0.889030813230953
116,5,/home/nabizadz/Projects/Mahsa/datasets/grid/test/s30/brax2s.mpg,135,167,3.0341129302978516,0.9279368896516781
116,6,/home/nabizadz/Projects/Mahsa/datasets/grid/test/s30/swbl9n.mpg,205,237,4.2466278076171875,0.9518920720944968
116,7,/home/nabizadz/Projects/Mahsa/datasets/grid/test/s30/srik8a.mpg,210,242,4.193388938903809,0.894745207024466
116,8,/home/nabizadz/Projects/Mahsa/datasets/grid/test/s30/lrab5p.mpg,234,266,3.985605001449585,0.9596513291517221
116,9,/home/nabizadz/Projects/Mahsa/datasets/grid/test/s30/lbit7p.mpg,223,255,4.257656574249268,0.9459701608701054
116,10,/home/nabizadz/Projects/Mahsa/datasets/grid/test/s30/bgwr8s.mpg,207,239,3.2725515365600586,0.9630449187952039
116,11,/home/nabizadz/Projects/Mahsa/datasets/grid/test/s30/lbbu3n.mpg,221,253,4.0853071212768555,0.9672672400268509
116,12,/home/nabizadz/Projects/Mahsa/datasets/grid/test/s30/bbbx2a.mpg,210,242,4.354622840881348,0.9186199886163046
116,13,/home/nabizadz/Projects/Mahsa/datasets/grid/test/s30/pris6s.mpg,207,239,4.362414360046387,0.9446060120110326
116,14,/home/nabizadz/Projects/Mahsa/datasets/grid/test/s30/bwaq4s.mpg,7,39,4.21304988861084,0.9810760705318663
116,15,/home/nabizadz/Projects/Mahsa/datasets/grid/test/s30/lgwd5p.mpg,261,293,4.304351806640625,0.9531801589797155
117,0,/home/nabizadz/Projects/Mahsa/datasets/grid/test/s30/lwai4s.mpg,29,61,3.680330753326416,0.9840869896966437
117,1,/home/nabizadz/Projects/Mahsa/datasets/grid/test/s30/pwwb1n.mpg,149,181,3.51328706741333,0.9558390330011075
117,2,/home/nabizadz/Projects/Mahsa/datasets/grid/test/s30/pgit9p.mpg,40,72,3.476997137069702,0.9847472587566708
117,3,/home/nabizadz/Projects/Mahsa/datasets/grid/test/s30/lwbp4a.mpg,60,92,3.6552608013153076,0.9849301031056508
117,4,/home/nabizadz/Projects/Mahsa/datasets/grid/test/s30/swie7n.mpg,199,231,3.8420536518096924,0.9742052093374663
117,5,/home/nabizadz/Projects/Mahsa/datasets/grid/test/s30/prwt9p.mpg,140,172,3.367594003677368,0.941192904858845
117,6,/home/nabizadz/Projects/Mahsa/datasets/grid/test/s30/brad1p.mpg,141,173,3.282933473587036,0.9489185636048296
117,7,/home/nabizadz/Projects/Mahsa/datasets/grid/test/s30/pgah5p.mpg,58,90,2.659400224685669,0.9535830630349742
117,8,/home/nabizadz/Projects/Mahsa/datasets/grid/test/s30/swwg2a.mpg,125,157,3.1633124351501465,0.9617311727570759
117,9,/home/nabizadz/Projects/Mahsa/datasets/grid/test/s30/prag2s.mpg,251,283,4.2178778648376465,0.940759908884182
117,10,/home/nabizadz/Projects/Mahsa/datasets/grid/test/s30/bbbj2s.mpg,51,83,2.7008800506591797,0.9421575143340676
117,11,/home/nabizadz/Projects/Mahsa/datasets/grid/test/s30/sbiyza.mpg,3,35,4.285048484802246,0.9950333529601548
117,12,/home/nabizadz/Projects/Mahsa/datasets/grid/test/s30/swie9p.mpg,153,185,2.9199905395507812,0.9400162217910807
117,13,/home/nabizadz/Projects/Mahsa/datasets/grid/test/s30/pwbn8a.mpg,167,199,3.672952890396118,0.9584746818917051
117,14,/home/nabizadz/Projects/Mahsa/datasets/grid/test/s30/swir7p.mpg,112,144,3.5563032627105713,0.9596243304459302
117,15,/home/nabizadz/Projects/Mahsa/datasets/grid/test/s30/pram6s.mpg,190,222,3.4944570064544678,0.966165755501241
118,0,/home/nabizadz/Projects/Mahsa/datasets/grid/test/s30/sbay3p.mpg,92,124,2.7199490070343018,0.9457131140095872
118,1,/home/nabizadz/Projects/Mahsa/datasets/grid/test/s30/lrbv1p.mpg,85,117,2.7961134910583496,0.9592966937838404
118,2,/home/nabizadz/Projects/Mahsa/datasets/grid/test/s30/lwbv6s.mpg,109,141,3.614811897277832,0.9748689684069073
118,3,/home/nabizadz/Projects/Mahsa/datasets/grid/test/s30/lgiv3n.mpg,66,98,3.3069815635681152,0.9420920961879462
118,4,/home/nabizadz/Projects/Mahsa/datasets/grid/test/s30/braj6a.mpg,98,130,2.825700521469116,0.9487183414869019
118,5,/home/nabizadz/Projects/Mahsa/datasets/grid/test/s30/bwax7n.mpg,245,277,4.076262950897217,0.9993535612972858
118,6,/home/nabizadz/Projects/Mahsa/datasets/grid/test/s30/lgap4s.mpg,202,234,3.898996591567993,0.9648823520016853
118,7,/home/nabizadz/Projects/Mahsa/datasets/grid/test/s30/lrau5n.mpg,215,247,4.364194393157959,0.9791569947198692
118,8,/home/nabizadz/Projects/Mahsa/datasets/grid/test/s30/srwf4s.mpg,107,139,2.8657150268554688,0.9556664404847185
118,9,/home/nabizadz/Projects/Mahsa/datasets/grid/test/s30/lgip2a.mpg,77,109,3.099010467529297,0.9546981171274169
118,10,/home/nabizadz/Projects/Mahsa/datasets/grid/test/s30/bgiq8a.mpg,119,151,3.1174798011779785,0.9534696660751232
118,11,/home/nabizadz/Projects/Mahsa/datasets/grid/test/s30/lwbp2s.mpg,158,190,3.2539732456207275,0.9535015365082528
118,12,/home/nabizadz/Projects/Mahsa/datasets/grid/test/s30/srws2s.mpg,197,229,4.360250473022461,0.9160664363777578
118,13,/home/nabizadz/Projects/Mahsa/datasets/grid/test/s30/prag1n.mpg,20,52,3.9494714736938477,0.9924375242300654
118,14,/home/nabizadz/Projects/Mahsa/datasets/grid/test/s30/bbbc7n.mpg,239,271,3.6771152019500732,0.9466712132535205
118,15,/home/nabizadz/Projects/Mahsa/datasets/grid/test/s30/pwbu1p.mpg,184,216,3.376023292541504,0.9251262942038091
119,0,/home/nabizadz/Projects/Mahsa/datasets/grid/test/s30/lbig8s.mpg,71,103,2.915994644165039,0.9618174487753861
119,1,/home/nabizadz/Projects/Mahsa/datasets/grid/test/s30/lbig9p.mpg,125,157,1.773274540901184,0.9417430810145593
119,2,/home/nabizadz/Projects/Mahsa/datasets/grid/test/s30/lbwh9n.mpg,73,105,2.739903688430786,0.9327388299671808
119,3,/home/nabizadz/Projects/Mahsa/datasets/grid/test/s30/bradzs.mpg,45,77,3.5704665184020996,0.9677610676149582
119,4,/home/nabizadz/Projects/Mahsa/datasets/grid/test/s30/sbwe8s.mpg,180,212,4.246403217315674,0.970983413658712
119,5,/home/nabizadz/Projects/Mahsa/datasets/grid/test/s30/prbt5p.mpg,239,271,3.5033583641052246,0.9446830043891022
119,6,/home/nabizadz/Projects/Mahsa/datasets/grid/test/s30/bbiczs.mpg,60,92,2.964284896850586,0.9369018886368154
119,7,/home/nabizadz/Projects/Mahsa/datasets/grid/test/s30/lrwc3p.mpg,255,287,4.239331245422363,0.9761027959907237
119,8,/home/nabizadz/Projects/Mahsa/datasets/grid/test/s30/bwix3n.mpg,238,270,3.885671615600586,0.9786002099242251
119,9,/home/nabizadz/Projects/Mahsa/datasets/grid/test/s30/lrwc4a.mpg,155,187,3.0230603218078613,0.9466851436670911
119,10,/home/nabizadz/Projects/Mahsa/datasets/grid/test/s30/sgbaza.mpg,194,226,3.610508918762207,0.9596985561542624
119,11,/home/nabizadz/Projects/Mahsa/datasets/grid/test/s30/srik5n.mpg,112,144,3.1593832969665527,0.9425933822867305
119,12,/home/nabizadz/Projects/Mahsa/datasets/grid/test/s30/swwgzs.mpg,81,113,2.8719232082366943,0.9625067805280122
119,13,/home/nabizadz/Projects/Mahsa/datasets/grid/test/s30/srie4a.mpg,254,286,4.007880687713623,0.9451462030607977
119,14,/home/nabizadz/Projects/Mahsa/datasets/grid/test/s30/lwii2a.mpg,77,109,3.1063404083251953,0.9661554188807192
119,15,/home/nabizadz/Projects/Mahsa/datasets/grid/test/s30/lbah3p.mpg,115,147,2.676743745803833,0.9542526591148824
120,0,/home/nabizadz/Projects/Mahsa/datasets/grid/test/s30/swbs3n.mpg,65,97,2.7120230197906494,0.9645840828600519
120,1,/home/nabizadz/Projects/Mahsa/datasets/grid/test/s30/pbiszs.mpg,218,250,4.039062023162842,0.9966795232727231
120,2,/home/nabizadz/Projects/Mahsa/datasets/grid/test/s30/sgas7p.mpg,247,279,4.163106441497803,0.9179477309857671
120,3,/home/nabizadz/Projects/Mahsa/datasets/grid/test/s30/swaf3p.mpg,213,245,4.1456732749938965,0.8482200799299048
120,4,/home/nabizadz/Projects/Mahsa/datasets/grid/test/s30/lwio5p.mpg,95,127,3.340299129486084,0.961578201938561
120,5,/home/nabizadz/Projects/Mahsa/datasets/grid/test/s30/pgbo3p.mpg,180,212,3.2263362407684326,0.944467423911668
120,6,/home/nabizadz/Projects/Mahsa/datasets/grid/test/s30/bgik3p.mpg,120,152,2.859333038330078,0.9331808512235357
120,7,/home/nabizadz/Projects/Mahsa/datasets/grid/test/s30/lbbb3p.mpg,225,257,4.218873500823975,0.9503033862230971
120,8,/home/nabizadz/Projects/Mahsa/datasets/grid/test/s30/sgaz9n.mpg,86,118,2.4423651695251465,0.9596049567690925
120,9,/home/nabizadz/Projects/Mahsa/datasets/grid/test/s30/bgak8a.mpg,106,138,3.1116201877593994,0.9554478152739762
120,10,/home/nabizadz/Projects/Mahsa/datasets/grid/test/s30/pbif2s.mpg,236,268,4.121588706970215,0.9994716369366078
120,11,/home/nabizadz/Projects/Mahsa/datasets/grid/test/s30/sgaf8s.mpg,88,120,3.0701956748962402,0.9566030873956877
120,12,/home/nabizadz/Projects/Mahsa/datasets/grid/test/s30/pbwm8s.mpg,24,56,2.7480740547180176,0.9547298015220416
120,13,/home/nabizadz/Projects/Mahsa/datasets/grid/test/s30/pwim7n.mpg,88,120,3.6148698329925537,0.9716122846638832
120,14,/home/nabizadz/Projects/Mahsa/datasets/grid/test/s30/sgwg6s.mpg,122,154,3.0868585109710693,0.9388996463924323
120,15,/home/nabizadz/Projects/Mahsa/datasets/grid/test/s30/bbio7n.mpg,188,220,4.4178147315979,0.920945218783688
121,0,/home/nabizadz/Projects/Mahsa/datasets/grid/test/s30/lbwi2a.mpg,237,269,4.232912540435791,0.9999774280700037
121,1,/home/nabizadz/Projects/Mahsa/datasets/grid/test/s30/sgif3n.mpg,155,187,3.1668882369995117,0.911708110206438
121,2,/home/nabizadz/Projects/Mahsa/datasets/grid/test/s30/srbz2s.mpg,61,93,3.3195254802703857,0.9548143296049244
121,3,/home/nabizadz/Projects/Mahsa/datasets/grid/test/s30/pbis2a.mpg,39,71,3.3623404502868652,0.9692026984242161
121,4,/home/nabizadz/Projects/Mahsa/datasets/grid/test/s30/lwwv9n.mpg,179,211,3.6982123851776123,0.9378389875021474
121,5,/home/nabizadz/Projects/Mahsa/datasets/grid/test/s30/bwbe1p.mpg,249,281,4.2761735916137695,0.9996564558488512
121,6,/home/nabizadz/Projects/Mahsa/datasets/grid/test/s30/lgbx2s.mpg,118,150,3.1215336322784424,0.9403014048118687
121,7,/home/nabizadz/Projects/Mahsa/datasets/grid/test/s30/bgwl3n.mpg,2,34,3.779449939727783,0.9971835835541427
121,8,/home/nabizadz/Projects/Mahsa/datasets/grid/test/s30/bbiv4a.mpg,266,298,4.504207134246826,0.9980789796821021
121,9,/home/nabizadz/Projects/Mahsa/datasets/grid/test/s30/sbak5p.mpg,197,229,3.282031536102295,0.9339227993541204
121,10,/home/nabizadz/Projects/Mahsa/datasets/grid/test/s30/swaf1n.mpg,158,190,3.5158145427703857,0.956042263754142
121,11,/home/nabizadz/Projects/Mahsa/datasets/grid/test/s30/bgbe6s.mpg,157,189,2.7256381511688232,0.9467459905791801
121,12,/home/nabizadz/Projects/Mahsa/datasets/grid/test/s30/sray8s.mpg,221,253,4.370656490325928,0.9210759157965224
121,13,/home/nabizadz/Projects/Mahsa/datasets/grid/test/s30/pwbh3p.mpg,212,244,2.97910213470459,0.934047216654246
121,14,/home/nabizadz/Projects/Mahsa/datasets/grid/test/s30/pgiuza.mpg,136,168,3.0896570682525635,0.9436776732305189
121,15,/home/nabizadz/Projects/Mahsa/datasets/grid/test/s30/pgbo4a.mpg,55,87,3.2723848819732666,0.9704229680370886
122,0,/home/nabizadz/Projects/Mahsa/datasets/grid/test/s30/srbl3n.mpg,241,273,4.213088035583496,0.8969969222926916
122,1,/home/nabizadz/Projects/Mahsa/datasets/grid/test/s30/swbm1p.mpg,227,259,4.452897548675537,0.9580757294264105
122,2,/home/nabizadz/Projects/Mahsa/datasets/grid/test/s30/bgae1n.mpg,224,256,4.266028881072998,0.8773268537998267
122,3,/home/nabizadz/Projects/Mahsa/datasets/grid/test/s30/brixza.mpg,187,219,4.313383102416992,0.9083437306604456
122,4,/home/nabizadz/Projects/Mahsa/datasets/grid/test/s30/brbx6s.mpg,38,70,2.7716057300567627,0.9667611521355775
122,5,/home/nabizadz/Projects/Mahsa/datasets/grid/test/s30/swbz9p.mpg,96,128,3.5823075771331787,0.9674447026484614
122,6,/home/nabizadz/Projects/Mahsa/datasets/grid/test/s30/swie8s.mpg,80,112,3.0877649784088135,0.9746981696170358
122,7,/home/nabizadz/Projects/Mahsa/datasets/grid/test/s30/sgaf9p.mpg,99,131,2.977541446685791,0.9279392954492273
122,8,/home/nabizadz/Projects/Mahsa/datasets/grid/test/s30/pwbh4a.mpg,84,116,2.8132095336914062,0.9728161188083352
122,9,/home/nabizadz/Projects/Mahsa/datasets/grid/test/s30/lbia4s.mpg,183,215,3.0168745517730713,0.9580800954688087
122,10,/home/nabizadz/Projects/Mahsa/datasets/grid/test/s30/bwaq5p.mpg,128,160,2.9810056686401367,0.9475004739008773
122,11,/home/nabizadz/Projects/Mahsa/datasets/grid/test/s30/lwbv8a.mpg,67,99,2.806887626647949,0.9560950994036843
122,12,/home/nabizadz/Projects/Mahsa/datasets/grid/test/s30/lwbjza.mpg,157,189,3.5441246032714844,0.9386962179510748
122,13,/home/nabizadz/Projects/Mahsa/datasets/grid/test/s30/pbbg2a.mpg,71,103,2.7427570819854736,0.9627475637476092
122,14,/home/nabizadz/Projects/Mahsa/datasets/grid/test/s30/pgbu5n.mpg,108,140,2.406905174255371,0.9264735600966146
122,15,/home/nabizadz/Projects/Mahsa/datasets/grid/test/s30/lbbozs.mpg,261,293,4.431275844573975,0.9999906301372772
123,0,/home/nabizadz/Projects/Mahsa/datasets/grid/test/s30/prbg7p.mpg,85,117,3.481712818145752,0.9819860984904155
123,1,/home/nabizadz/Projects/Mahsa/datasets/grid/test/s30/lwwc8s.mpg,109,141,2.4547932147979736,0.9259657931475224
123,2,/home/nabizadz/Projects/Mahsa/datasets/grid/test/s30/pwat5n.mpg,255,287,4.145109176635742,0.9999988619569925
123,3,/home/nabizadz/Projects/Mahsa/datasets/grid/test/s30/srie3p.mpg,191,223,2.97727370262146,0.8971244284933565
123,4,/home/nabizadz/Projects/Mahsa/datasets/grid/test/s30/sgwa2s.mpg,81,113,3.2611632347106934,0.9479155133929845
123,5,/home/nabizadz/Projects/Mahsa/datasets/grid/test/s30/briv7n.mpg,142,174,2.9516985416412354,0.9557836072161294
123,6,/home/nabizadz/Projects/Mahsa/datasets/grid/test/s30/lbin1n.mpg,24,56,3.506643533706665,0.9482268527229768
123,7,/home/nabizadz/Projects/Mahsa/datasets/grid/test/s30/pbbg1p.mpg,141,173,3.115964412689209,0.9071822787173127
123,8,/home/nabizadz/Projects/Mahsa/datasets/grid/test/s30/bbwj8a.mpg,13,45,4.25655460357666,0.9736932715439597
123,9,/home/nabizadz/Projects/Mahsa/datasets/grid/test/s30/bgak7p.mpg,133,165,2.888700246810913,0.9471184687695364
123,10,/home/nabizadz/Projects/Mahsa/datasets/grid/test/s30/srwz6s.mpg,6,38,4.190016269683838,0.9564648686716469
123,11,/home/nabizadz/Projects/Mahsa/datasets/grid/test/s30/sbby6s.mpg,44,76,3.027500867843628,0.9742030897241746
123,12,/home/nabizadz/Projects/Mahsa/datasets/grid/test/s30/lbbu6a.mpg,233,265,4.143738269805908,0.984554710933807
123,13,/home/nabizadz/Projects/Mahsa/datasets/grid/test/s30/pram5n.mpg,16,48,3.822256565093994,0.9433599926653877
123,14,/home/nabizadz/Projects/Mahsa/datasets/grid/test/s30/brip5p.mpg,250,282,4.427717685699463,0.9976405744144242
123,15,/home/nabizadz/Projects/Mahsa/datasets/grid/test/s30/srwz7p.mpg,225,257,3.643277883529663,0.9137172173353227
124,0,/home/nabizadz/Projects/Mahsa/datasets/grid/test/s30/swbs5p.mpg,114,146,3.520395040512085,0.9725272403417202
124,1,/home/nabizadz/Projects/Mahsa/datasets/grid/test/s30/lwbp1n.mpg,209,241,3.9612653255462646,0.9534374675635777
124,2,/home/nabizadz/Projects/Mahsa/datasets/grid/test/s30/pgbb6a.mpg,7,39,4.319995403289795,0.9997889366764111
124,3,/home/nabizadz/Projects/Mahsa/datasets/grid/test/s30/prwuza.mpg,112,144,3.104106903076172,0.9290412890004949
124,4,/home/nabizadz/Projects/Mahsa/datasets/grid/test/s30/lrab3n.mpg,180,212,3.339977502822876,0.9577426445860798
124,5,/home/nabizadz/Projects/Mahsa/datasets/grid/test/s30/swwm6a.mpg,250,282,4.199800491333008,0.997395467870137
124,6,/home/nabizadz/Projects/Mahsa/datasets/grid/test/s30/bgay5p.mpg,128,160,3.4536101818084717,0.962499457695239
124,7,/home/nabizadz/Projects/Mahsa/datasets/grid/test/s30/sbik2a.mpg,158,190,3.8833885192871094,0.9548957246189697
124,8,/home/nabizadz/Projects/Mahsa/datasets/grid/test/s30/pwwh8a.mpg,46,78,3.0952398777008057,0.9742989211100498
124,9,/home/nabizadz/Projects/Mahsa/datasets/grid/test/s30/prwh1p.mpg,142,174,3.264572858810425,0.9579181188474839
124,10,/home/nabizadz/Projects/Mahsa/datasets/grid/test/s30/bwbrza.mpg,56,88,3.3059282302856445,0.9799295253703749
124,11,/home/nabizadz/Projects/Mahsa/datasets/grid/test/s30/swbz7n.mpg,239,271,4.153757095336914,0.9548137835218082
124,12,/home/nabizadz/Projects/Mahsa/datasets/grid/test/s30/lwwj4a.mpg,258,290,4.377870082855225,0.9632401117548173
124,13,/home/nabizadz/Projects/Mahsa/datasets/grid/test/s30/bbwx4s.mpg,78,110,3.1456518173217773,0.9570261051714261
124,14,/home/nabizadz/Projects/Mahsa/datasets/grid/test/s30/brbd5p.mpg,256,288,4.228026866912842,0.9913453015822794
124,15,/home/nabizadz/Projects/Mahsa/datasets/grid/test/s30/lwio6a.mpg,260,292,4.43093204498291,0.9817661745898882
125,0,/home/nabizadz/Projects/Mahsa/datasets/grid/test/s34/lbia2a.mpg,219,251,4.17999792098999,0.949273483586169
125,1,/home/nabizadz/Projects/Mahsa/datasets/grid/test/s34/bbio5p.mpg,211,243,3.102487564086914,0.9417240580811029
125,2,/home/nabizadz/Projects/Mahsa/datasets/grid/test/s34/pgaa8a.mpg,47,79,2.1028947830200195,0.9521475441195381
125,3,/home/nabizadz/Projects/Mahsa/datasets/grid/test/s34/lrau3p.mpg,228,260,3.7084577083587646,0.9215493240749605
125,4,/home/nabizadz/Projects/Mahsa/datasets/grid/test/s34/brbx1n.mpg,0,32,4.346797943115234,0.9999957613032892
125,5,/home/nabizadz/Projects/Mahsa/datasets/grid/test/s34/lgwp7n.mpg,184,216,3.251264810562134,0.9408503526864632
125,6,/home/nabizadz/Projects/Mahsa/datasets/grid/test/s34/bgby6a.mpg,137,169,2.67637038230896,0.9558234481121747
125,7,/home/nabizadz/Projects/Mahsa/datasets/grid/test/s34/lrit7n.mpg,266,298,4.391485214233398,0.99999978191939
125,8,/home/nabizadz/Projects/Mahsa/datasets/grid/test/s34/srbe5n.mpg,44,76,2.616568088531494,0.952830004463127
125,9,/home/nabizadz/Projects/Mahsa/datasets/grid/test/s34/swik8s.mpg,217,249,3.603071689605713,0.9570401889950587
125,10,/home/nabizadz/Projects/Mahsa/datasets/grid/test/s34/sbak2a.mpg,187,219,3.0324594974517822,0.9522985695269405
125,11,/home/nabizadz/Projects/Mahsa/datasets/grid/test/s34/brii5n.mpg,197,229,3.474600076675415,0.9417549831708822
125,12,/home/nabizadz/Projects/Mahsa/datasets/grid/test/s34/lrbu5n.mpg,151,183,2.042719602584839,0.8408122571043081
125,13,/home/nabizadz/Projects/Mahsa/datasets/grid/test/s34/lwiu4s.mpg,248,280,3.419053077697754,0.9789873347454517
125,14,/home/nabizadz/Projects/Mahsa/datasets/grid/test/s34/bgid6a.mpg,152,184,3.334765672683716,0.9764690283362262
125,15,/home/nabizadz/Projects/Mahsa/datasets/grid/test/s34/lbwb2s.mpg,11,43,4.26925802230835,0.9999376048182492
126,0,/home/nabizadz/Projects/Mahsa/datasets/grid/test/s34/sray5p.mpg,200,232,2.2211296558380127,0.947236052916953
126,1,/home/nabizadz/Projects/Mahsa/datasets/grid/test/s34/pgah2a.mpg,267,299,4.482240676879883,0.9999977694434997
126,2,/home/nabizadz/Projects/Mahsa/datasets/grid/test/s34/bgwr6a.mpg,2,34,4.285542011260986,0.9998914855220764
126,3,/home/nabizadz/Projects/Mahsa/datasets/grid/test/s34/prwg6s.mpg,165,197,3.456380844116211,0.9698160052694733
126,4,/home/nabizadz/Projects/Mahsa/datasets/grid/test/s34/srbzza.mpg,246,278,3.7648088932037354,0.9818708153079692
126,5,/home/nabizadz/Projects/Mahsa/datasets/grid/test/s34/bwip8a.mpg,158,190,3.0753955841064453,0.9556314697124048
126,6,/home/nabizadz/Projects/Mahsa/datasets/grid/test/s34/sbbk4s.mpg,158,190,2.9693360328674316,0.9179147468151806
126,7,/home/nabizadz/Projects/Mahsa/datasets/grid/test/s34/lwbi5p.mpg,101,133,2.971435785293579,0.9746973507939309
126,8,/home/nabizadz/Projects/Mahsa/datasets/grid/test/s34/pbbz7n.mpg,234,266,3.3901071548461914,0.9498985597042906
126,9,/home/nabizadz/Projects/Mahsa/datasets/grid/test/s34/pgan5p.mpg,222,254,3.6521899700164795,0.9500463747553526
126,10,/home/nabizadz/Projects/Mahsa/datasets/grid/test/s34/swiy6s.mpg,246,278,3.256822347640991,0.9518391025507987
126,11,/home/nabizadz/Projects/Mahsa/datasets/grid/test/s34/bgiq2s.mpg,37,69,4.198827743530273,0.9700298798960107
126,12,/home/nabizadz/Projects/Mahsa/datasets/grid/test/s34/sbbezs.mpg,235,267,3.1712307929992676,0.9686722490839439
126,13,/home/nabizadz/Projects/Mahsa/datasets/grid/test/s34/sbbq7n.mpg,234,266,3.465092182159424,0.9632817941346645
126,14,/home/nabizadz/Projects/Mahsa/datasets/grid/test/s34/bwwy2s.mpg,30,62,2.91277813911438,0.9741480767284384
126,15,/home/nabizadz/Projects/Mahsa/datasets/grid/test/s34/lgav5p.mpg,98,130,3.167954206466675,0.9595387957787808
127,0,/home/nabizadz/Projects/Mahsa/datasets/grid/test/s34/pwbt8a.mpg,123,155,2.7400548458099365,0.9624918163297421
127,1,/home/nabizadz/Projects/Mahsa/datasets/grid/test/s34/sgisza.mpg,29,61,2.6778104305267334,0.9568087256275049
127,2,/home/nabizadz/Projects/Mahsa/datasets/grid/test/s34/swwz9p.mpg,153,185,3.5047762393951416,0.9555877702586093
127,3,/home/nabizadz/Projects/Mahsa/datasets/grid/test/s34/lgwp8s.mpg,60,92,2.180682897567749,0.9499168291720497
127,4,/home/nabizadz/Projects/Mahsa/datasets/grid/test/s34/lgbp6a.mpg,130,162,2.0954599380493164,0.952479922660287
127,5,/home/nabizadz/Projects/Mahsa/datasets/grid/test/s34/braxza.mpg,15,47,4.161658763885498,0.9991085569193828
127,6,/home/nabizadz/Projects/Mahsa/datasets/grid/test/s34/lwai1p.mpg,227,259,3.7850849628448486,0.959886477389488
127,7,/home/nabizadz/Projects/Mahsa/datasets/grid/test/s34/pbbm2a.mpg,140,172,2.5065956115722656,0.9469734693562413
127,8,/home/nabizadz/Projects/Mahsa/datasets/grid/test/s34/priz6s.mpg,246,278,3.5808656215667725,0.9681925887146068
127,9,/home/nabizadz/Projects/Mahsa/datasets/grid/test/s34/pwbn4a.mpg,163,195,2.412843942642212,0.9200394146681201
127,10,/home/nabizadz/Projects/Mahsa/datasets/grid/test/s34/sgwg2s.mpg,184,216,2.355905055999756,0.9420578679526598
127,11,/home/nabizadz/Projects/Mahsa/datasets/grid/test/s34/bbav2s.mpg,195,227,2.6275322437286377,0.9191050336758784
127,12,/home/nabizadz/Projects/Mahsa/datasets/grid/test/s34/lgbjzs.mpg,88,120,3.1325700283050537,0.9816219107202369
127,13,/home/nabizadz/Projects/Mahsa/datasets/grid/test/s34/brajzs.mpg,148,180,3.4919328689575195,0.9619764529964717
127,14,/home/nabizadz/Projects/Mahsa/datasets/grid/test/s34/bwwy4a.mpg,221,253,4.001977920532227,0.9794447243072137
127,15,/home/nabizadz/Projects/Mahsa/datasets/grid/test/s34/pbws9p.mpg,225,257,3.981839418411255,0.9645754091892448
128,0,/home/nabizadz/Projects/Mahsa/datasets/grid/test/s34/bgbk5n.mpg,161,193,2.3246331214904785,0.9034828591585268
128,1,/home/nabizadz/Projects/Mahsa/datasets/grid/test/s34/bwip5n.mpg,64,96,2.2464869022369385,0.9404933595571549
128,2,/home/nabizadz/Projects/Mahsa/datasets/grid/test/s34/bwbkzs.mpg,207,239,3.8060834407806396,0.9610347636764338
128,3,/home/nabizadz/Projects/Mahsa/datasets/grid/test/s34/lbwb1n.mpg,173,205,3.2528634071350098,0.9716503228469924
128,4,/home/nabizadz/Projects/Mahsa/datasets/grid/test/s34/pgbu4a.mpg,13,45,4.339175224304199,0.9999890265228653
128,5,/home/nabizadz/Projects/Mahsa/datasets/grid/test/s34/pgbh4s.mpg,83,115,2.940429210662842,0.9462812488011122
128,6,/home/nabizadz/Projects/Mahsa/datasets/grid/test/s34/lbag9p.mpg,3,35,4.082132339477539,0.9999520569147924
128,7,/home/nabizadz/Projects/Mahsa/datasets/grid/test/s34/bbii1p.mpg,267,299,4.32938289642334,0.998871076301777
128,8,/home/nabizadz/Projects/Mahsa/datasets/grid/test/s34/pbiz2a.mpg,212,244,4.33497953414917,0.8890795478494862
128,9,/home/nabizadz/Projects/Mahsa/datasets/grid/test/s34/bgiq4a.mpg,174,206,3.3700177669525146,0.9575608598448799
128,10,/home/nabizadz/Projects/Mahsa/datasets/grid/test/s34/lgwx3p.mpg,140,172,2.310713768005371,0.9818084082794348
128,11,/home/nabizadz/Projects/Mahsa/datasets/grid/test/s34/bwidza.mpg,187,219,3.0486233234405518,0.9410021628425251
128,12,/home/nabizadz/Projects/Mahsa/datasets/grid/test/s34/pbaz6a.mpg,140,172,2.6904051303863525,0.9733856490122916
128,13,/home/nabizadz/Projects/Mahsa/datasets/grid/test/s34/bwbd6s.mpg,61,93,2.7841179370880127,0.9412419117968764
128,14,/home/nabizadz/Projects/Mahsa/datasets/grid/test/s34/pwig1p.mpg,149,181,1.8381555080413818,0.8899525967555696
128,15,/home/nabizadz/Projects/Mahsa/datasets/grid/test/s34/lwao4s.mpg,97,129,3.137075662612915,0.9441538938023777
129,0,/home/nabizadz/Projects/Mahsa/datasets/grid/test/s34/swwmzs.mpg,49,81,2.295099973678589,0.9325226380321391
129,1,/home/nabizadz/Projects/Mahsa/datasets/grid/test/s34/bwwq9p.mpg,15,47,3.928506374359131,0.999937014305336
129,2,/home/nabizadz/Projects/Mahsa/datasets/grid/test/s34/pril8s.mpg,110,142,2.8079991340637207,0.9726498768096782
129,3,/home/nabizadz/Projects/Mahsa/datasets/grid/test/s34/bgbr2a.mpg,127,159,2.809399366378784,0.9447144908141837
129,4,/home/nabizadz/Projects/Mahsa/datasets/grid/test/s34/bwad4a.mpg,103,135,3.0487329959869385,0.969936542201218
129,5,/home/nabizadz/Projects/Mahsa/datasets/grid/test/s34/pwaazs.mpg,218,250,3.4966964721679688,0.9597725656524025
129,6,/home/nabizadz/Projects/Mahsa/datasets/grid/test/s34/sgas3p.mpg,197,229,3.413478136062622,0.9610956619711821
129,7,/home/nabizadz/Projects/Mahsa/datasets/grid/test/s34/sgwg4a.mpg,76,108,2.267604351043701,0.8947887428489527
129,8,/home/nabizadz/Projects/Mahsa/datasets/grid/test/s34/sriq7p.mpg,27,59,2.5505950450897217,0.9830609671264788
129,9,/home/nabizadz/Projects/Mahsa/datasets/grid/test/s34/pwwh4a.mpg,56,88,2.496746301651001,0.9645060946317774
129,10,/home/nabizadz/Projects/Mahsa/datasets/grid/test/s34/bwwezs.mpg,38,70,2.2894935607910156,0.9586686316015844
129,11,/home/nabizadz/Projects/Mahsa/datasets/grid/test/s34/pwba5p.mpg,212,244,3.865837335586548,0.9761396461972321
129,12,/home/nabizadz/Projects/Mahsa/datasets/grid/test/s34/sbad5n.mpg,7,39,4.329266548156738,0.9951364042633041
129,13,/home/nabizadz/Projects/Mahsa/datasets/grid/test/s34/brbj3n.mpg,132,164,3.040822744369507,0.9116768004477245
129,14,/home/nabizadz/Projects/Mahsa/datasets/grid/test/s34/lwio1p.mpg,196,228,3.3759193420410156,0.9377375482096633
129,15,/home/nabizadz/Projects/Mahsa/datasets/grid/test/s34/sray4s.mpg,150,182,2.1291706562042236,0.8932612379754356
130,0,/home/nabizadz/Projects/Mahsa/datasets/grid/test/s34/pgaa6s.mpg,90,122,2.9966437816619873,0.90041583227334
130,1,/home/nabizadz/Projects/Mahsa/datasets/grid/test/s34/lgio7p.mpg,155,187,3.276632785797119,0.9680325660063063
130,2,/home/nabizadz/Projects/Mahsa/datasets/grid/test/s34/lbba7n.mpg,58,90,2.3883981704711914,0.9333534485157278
130,3,/home/nabizadz/Projects/Mahsa/datasets/grid/test/s34/bgbe3p.mpg,56,88,2.823960065841675,0.9389416669205255
130,4,/home/nabizadz/Projects/Mahsa/datasets/grid/test/s34/sgas2s.mpg,55,87,2.5234129428863525,0.9283565460942103
130,5,/home/nabizadz/Projects/Mahsa/datasets/grid/test/s34/sbwk9p.mpg,37,69,4.052382469177246,0.9804703660961714
130,6,/home/nabizadz/Projects/Mahsa/datasets/grid/test/s34/brip2a.mpg,205,237,4.074677467346191,0.9629698521047797
130,7,/home/nabizadz/Projects/Mahsa/datasets/grid/test/s34/srwl6a.mpg,115,147,2.63042950630188,0.9389303861399027
130,8,/home/nabizadz/Projects/Mahsa/datasets/grid/test/s34/sbwy5n.mpg,182,214,3.3918564319610596,0.9533500927777627
130,9,/home/nabizadz/Projects/Mahsa/datasets/grid/test/s34/brwj8s.mpg,214,246,3.3180618286132812,0.9534551538098252
130,10,/home/nabizadz/Projects/Mahsa/datasets/grid/test/s34/bbac2a.mpg,23,55,3.1082828044891357,0.9347395319100719
130,11,/home/nabizadz/Projects/Mahsa/datasets/grid/test/s34/swik7n.mpg,246,278,3.4960076808929443,0.967275672374034
130,12,/home/nabizadz/Projects/Mahsa/datasets/grid/test/s34/lwwc6a.mpg,264,296,3.7019171714782715,0.9946482630671448
130,13,/home/nabizadz/Projects/Mahsa/datasets/grid/test/s34/swal1n.mpg,64,96,2.3529958724975586,0.9066772525274854
130,14,/home/nabizadz/Projects/Mahsa/datasets/grid/test/s34/bbbp4a.mpg,141,173,2.180666208267212,0.94218436511659
130,15,/home/nabizadz/Projects/Mahsa/datasets/grid/test/s34/sgas1n.mpg,55,87,2.452742338180542,0.9414203403000349
131,0,/home/nabizadz/Projects/Mahsa/datasets/grid/test/s34/bgaq5n.mpg,169,201,2.6668546199798584,0.9549983320468116
131,1,/home/nabizadz/Projects/Mahsa/datasets/grid/test/s34/brwx6s.mpg,126,158,3.055931329727173,0.9736520102059658
131,2,/home/nabizadz/Projects/Mahsa/datasets/grid/test/s34/sgws9n.mpg,95,127,3.0435714721679688,0.9359586045366357
131,3,/home/nabizadz/Projects/Mahsa/datasets/grid/test/s34/sgbs6s.mpg,14,46,4.179104804992676,0.997054122672607
131,4,/home/nabizadz/Projects/Mahsa/datasets/grid/test/s34/brwkza.mpg,103,135,2.9174933433532715,0.9345334727004897
131,5,/home/nabizadz/Projects/Mahsa/datasets/grid/test/s34/brai9n.mpg,161,193,2.6969828605651855,0.9319245177093021
131,6,/home/nabizadz/Projects/Mahsa/datasets/grid/test/s34/pwam8s.mpg,136,168,2.873807907104492,0.9374755460190713
131,7,/home/nabizadz/Projects/Mahsa/datasets/grid/test/s34/pwim4s.mpg,190,222,3.150533676147461,0.9356729581981373
131,8,/home/nabizadz/Projects/Mahsa/datasets/grid/test/s34/sbbrza.mpg,267,299,3.8617262840270996,0.9900510487110405
131,9,/home/nabizadz/Projects/Mahsa/datasets/grid/test/s34/swal2s.mpg,116,148,3.217299699783325,0.9616409854740108
131,10,/home/nabizadz/Projects/Mahsa/datasets/grid/test/s34/bbbv7p.mpg,204,236,2.7967946529388428,0.9384364863848365
131,11,/home/nabizadz/Projects/Mahsa/datasets/grid/test/s34/lriuza.mpg,168,200,3.283596992492676,0.9579232489385859
131,12,/home/nabizadz/Projects/Mahsa/datasets/grid/test/s34/pwbn1n.mpg,48,80,2.2427051067352295,0.9434608993580175
131,13,/home/nabizadz/Projects/Mahsa/datasets/grid/test/s34/sbiq2a.mpg,212,244,3.288332939147949,0.9683701549550384
131,14,/home/nabizadz/Projects/Mahsa/datasets/grid/test/s34/sgwtzs.mpg,244,276,3.794102430343628,0.9877545451870753
131,15,/home/nabizadz/Projects/Mahsa/datasets/grid/test/s34/pwwh2s.mpg,143,175,3.1551284790039062,0.9422491949750623
132,0,/home/nabizadz/Projects/Mahsa/datasets/grid/test/s34/priz8a.mpg,212,244,3.3576462268829346,0.9742484168900482
132,1,/home/nabizadz/Projects/Mahsa/datasets/grid/test/s34/srwe9n.mpg,253,285,4.09930944442749,0.9998108846881416
132,2,/home/nabizadz/Projects/Mahsa/datasets/grid/test/s34/lgwc9n.mpg,62,94,2.152209997177124,0.9495613809231249
132,3,/home/nabizadz/Projects/Mahsa/datasets/grid/test/s34/lbat5n.mpg,176,208,2.344144105911255,0.9572108811212675
132,4,/home/nabizadz/Projects/Mahsa/datasets/grid/test/s34/lgwd1p.mpg,54,86,2.3712353706359863,0.9349083132245057
132,5,/home/nabizadz/Projects/Mahsa/datasets/grid/test/s34/bwic9p.mpg,117,149,2.3549158573150635,0.9510008909352891
132,6,/home/nabizadz/Projects/Mahsa/datasets/grid/test/s34/srwf2a.mpg,85,117,2.2868080139160156,0.972308888684868
132,7,/home/nabizadz/Projects/Mahsa/datasets/grid/test/s34/brac8a.mpg,217,249,3.6507408618927,0.9613238885173884
132,8,/home/nabizadz/Projects/Mahsa/datasets/grid/test/s34/sbix6a.mpg,34,66,2.4628889560699463,0.937864503713828
132,9,/home/nabizadz/Projects/Mahsa/datasets/grid/test/s34/lgbj1p.mpg,86,118,2.918442726135254,0.9539860073419895
132,10,/home/nabizadz/Projects/Mahsa/datasets/grid/test/s34/lgbi9n.mpg,227,259,3.603912830352783,0.9434862185322341
132,11,/home/nabizadz/Projects/Mahsa/datasets/grid/test/s34/sgamza.mpg,96,128,2.5805389881134033,0.9497885657223786
132,12,/home/nabizadz/Projects/Mahsa/datasets/grid/test/s34/pgah1p.mpg,150,182,1.9922492504119873,0.9006654607994007
132,13,/home/nabizadz/Projects/Mahsa/datasets/grid/test/s34/lria6s.mpg,218,250,3.5873055458068848,0.9596243388289623
132,14,/home/nabizadz/Projects/Mahsa/datasets/grid/test/s34/bwwk6a.mpg,11,43,4.381656646728516,0.9999388239989858
132,15,/home/nabizadz/Projects/Mahsa/datasets/grid/test/s34/lrihzs.mpg,145,177,2.5685384273529053,0.9025212777674853
133,0,/home/nabizadz/Projects/Mahsa/datasets/grid/test/s34/brii6s.mpg,226,258,3.6249492168426514,0.9448880877962788
133,1,/home/nabizadz/Projects/Mahsa/datasets/grid/test/s34/sgaf3n.mpg,86,118,2.772514820098877,0.9575280423534002
133,2,/home/nabizadz/Projects/Mahsa/datasets/grid/test/s34/srik4a.mpg,47,79,2.6882877349853516,0.9413310144269297
133,3,/home/nabizadz/Projects/Mahsa/datasets/grid/test/s34/sbij5n.mpg,186,218,3.190290927886963,0.9419768732100481
133,4,/home/nabizadz/Projects/Mahsa/datasets/grid/test/s34/bwbk2a.mpg,33,65,2.5951638221740723,0.9609826260528862
133,5,/home/nabizadz/Projects/Mahsa/datasets/grid/test/s34/pwbhza.mpg,124,156,3.0741183757781982,0.9545728841749381
133,6,/home/nabizadz/Projects/Mahsa/datasets/grid/test/s34/bbao9p.mpg,9,41,4.346983909606934,0.9476343687726354
133,7,/home/nabizadz/Projects/Mahsa/datasets/grid/test/s34/sriq5n.mpg,229,261,2.5877819061279297,0.9741177367510684
133,8,/home/nabizadz/Projects/Mahsa/datasets/grid/test/s34/pbaf3p.mpg,54,86,3.6013503074645996,0.9774702829389162
133,9,/home/nabizadz/Projects/Mahsa/datasets/grid/test/s34/bbbc4s.mpg,0,32,4.5236945152282715,0.9919347324935696
133,10,/home/nabizadz/Projects/Mahsa/datasets/grid/test/s34/lrah3n.mpg,226,258,4.417067050933838,0.998774906952871
133,11,/home/nabizadz/Projects/Mahsa/datasets/grid/test/s34/sgaz5n.mpg,169,201,3.5321316719055176,0.9607293780553706
133,12,/home/nabizadz/Projects/Mahsa/datasets/grid/test/s34/pbaz5p.mpg,105,137,2.623042583465576,0.9077861825175332
133,13,/home/nabizadz/Projects/Mahsa/datasets/grid/test/s34/lrabzs.mpg,95,127,2.1812493801116943,0.8774177992932837
133,14,/home/nabizadz/Projects/Mahsa/datasets/grid/test/s34/bwij3p.mpg,125,157,2.561603546142578,0.9392562403601429
133,15,/home/nabizadz/Projects/Mahsa/datasets/grid/test/s34/bbav1n.mpg,186,218,3.599856376647949,0.9493281548505149
134,0,/home/nabizadz/Projects/Mahsa/datasets/grid/test/s34/pwbt7p.mpg,36,68,2.6690285205841064,0.9703442698470284
134,1,/home/nabizadz/Projects/Mahsa/datasets/grid/test/s34/bbib6s.mpg,121,153,2.929238796234131,0.9192245447584119
134,2,/home/nabizadz/Projects/Mahsa/datasets/grid/test/s34/pbil4a.mpg,81,113,3.218533754348755,0.9550123233613089
134,3,/home/nabizadz/Projects/Mahsa/datasets/grid/test/s34/bwaj8a.mpg,126,158,2.598038673400879,0.9221773003528206
134,4,/home/nabizadz/Projects/Mahsa/datasets/grid/test/s34/sbip9n.mpg,144,176,2.569878578186035,0.9314747080925879
134,5,/home/nabizadz/Projects/Mahsa/datasets/grid/test/s34/bwad3p.mpg,43,75,2.3106155395507812,0.948250116996908
134,6,/home/nabizadz/Projects/Mahsa/datasets/grid/test/s34/lwih8a.mpg,220,252,3.310567855834961,0.9257184072338177
134,7,/home/nabizadz/Projects/Mahsa/datasets/grid/test/s34/pbwtza.mpg,130,162,2.5802111625671387,0.930971329530182
134,8,/home/nabizadz/Projects/Mahsa/datasets/grid/test/s34/pwwbza.mpg,118,150,2.8641722202301025,0.9597546946312808
134,9,/home/nabizadz/Projects/Mahsa/datasets/grid/test/s34/pwam7n.mpg,229,261,3.9051756858825684,0.9663270342758794
134,10,/home/nabizadz/Projects/Mahsa/datasets/grid/test/s34/pwam9p.mpg,141,173,3.0244364738464355,0.9576800558379611
134,11,/home/nabizadz/Projects/Mahsa/datasets/grid/test/s34/bwbd5n.mpg,2,34,4.539031505584717,0.999995595692787
134,12,/home/nabizadz/Projects/Mahsa/datasets/grid/test/s34/srbe6s.mpg,8,40,4.1572184562683105,0.9999435158713924
134,13,/home/nabizadz/Projects/Mahsa/datasets/grid/test/s34/bwic8s.mpg,98,130,3.0433218479156494,0.966640441061293
134,14,/home/nabizadz/Projects/Mahsa/datasets/grid/test/s34/sbaq3n.mpg,237,269,4.241621494293213,0.9803400170708979
134,15,/home/nabizadz/Projects/Mahsa/datasets/grid/test/s34/lbag8s.mpg,261,293,4.383388996124268,0.9849043253318386
135,0,/home/nabizadz/Projects/Mahsa/datasets/grid/test/s34/swaz2a.mpg,229,261,2.915325164794922,0.9386240295095138
135,1,/home/nabizadz/Projects/Mahsa/datasets/grid/test/s34/sbax8s.mpg,5,37,4.369287490844727,0.9997840044468675
135,2,/home/nabizadz/Projects/Mahsa/datasets/grid/test/s34/pginzs.mpg,104,136,2.9522488117218018,0.9695774360712633
135,3,/home/nabizadz/Projects/Mahsa/datasets/grid/test/s34/prbt2a.mpg,261,293,4.256472587585449,0.9999958622600827
135,4,/home/nabizadz/Projects/Mahsa/datasets/grid/test/s34/brii8a.mpg,39,71,2.7838191986083984,0.9498565807223924
135,5,/home/nabizadz/Projects/Mahsa/datasets/grid/test/s34/bwip7p.mpg,124,156,2.5612971782684326,0.9082238302014372
135,6,/home/nabizadz/Projects/Mahsa/datasets/grid/test/s34/pwba4s.mpg,82,114,3.600534200668335,0.9731240406034501
135,7,/home/nabizadz/Projects/Mahsa/datasets/grid/test/s34/pgbb1p.mpg,33,65,1.6156779527664185,0.946737857211021
135,8,/home/nabizadz/Projects/Mahsa/datasets/grid/test/s34/lrwcza.mpg,37,69,2.010256290435791,0.9170853528430418
135,9,/home/nabizadz/Projects/Mahsa/datasets/grid/test/s34/bbbv8a.mpg,6,38,4.471227169036865,0.9974492041156007
135,10,/home/nabizadz/Projects/Mahsa/datasets/grid/test/s34/lbba9p.mpg,19,51,3.764456033706665,0.9952037887624348
135,11,/home/nabizadz/Projects/Mahsa/datasets/grid/test/s34/srak8a.mpg,73,105,2.413137674331665,0.9115808193748122
135,12,/home/nabizadz/Projects/Mahsa/datasets/grid/test/s34/sbwk7n.mpg,256,288,4.326286792755127,0.999868482326202
135,13,/home/nabizadz/Projects/Mahsa/datasets/grid/test/s34/lgbv9p.mpg,222,254,3.8805365562438965,0.9743843694136671
135,14,/home/nabizadz/Projects/Mahsa/datasets/grid/test/s34/lbbu2a.mpg,185,217,3.0351250171661377,0.8845166060177737
135,15,/home/nabizadz/Projects/Mahsa/datasets/grid/test/s34/lwavza.mpg,199,231,3.0569868087768555,0.9264623168746774
136,0,/home/nabizadz/Projects/Mahsa/datasets/grid/test/s34/srar2a.mpg,133,165,2.502974033355713,0.9493228962555789
136,1,/home/nabizadz/Projects/Mahsa/datasets/grid/test/s34/sgwm6s.mpg,17,49,4.33156681060791,0.9546087823299041
136,2,/home/nabizadz/Projects/Mahsa/datasets/grid/test/s34/lgbc6s.mpg,135,167,2.8175528049468994,0.9477192102273283
136,3,/home/nabizadz/Projects/Mahsa/datasets/grid/test/s34/lgac4a.mpg,264,296,4.258907318115234,0.9997999031523094
136,4,/home/nabizadz/Projects/Mahsa/datasets/grid/test/s34/pris4a.mpg,178,210,3.2544639110565186,0.9236075019959453
136,5,/home/nabizadz/Projects/Mahsa/datasets/grid/test/s34/sgbm2s.mpg,257,289,3.904209613800049,0.9910978984162984
136,6,/home/nabizadz/Projects/Mahsa/datasets/grid/test/s34/sbwlza.mpg,202,234,3.8131589889526367,0.9718933339321805
136,7,/home/nabizadz/Projects/Mahsa/datasets/grid/test/s34/prwa4a.mpg,227,259,4.321442127227783,0.9999271829720052
136,8,/home/nabizadz/Projects/Mahsa/datasets/grid/test/s34/sgiz3p.mpg,46,78,2.1997265815734863,0.9506649888614067
136,9,/home/nabizadz/Projects/Mahsa/datasets/grid/test/s34/srae3p.mpg,241,273,4.336677551269531,0.9999642027029192
136,10,/home/nabizadz/Projects/Mahsa/datasets/grid/test/s34/pbaf2s.mpg,216,248,3.646730422973633,0.9606970397444186
136,11,/home/nabizadz/Projects/Mahsa/datasets/grid/test/s34/lwwv7p.mpg,67,99,2.9593727588653564,0.9848555798562663
136,12,/home/nabizadz/Projects/Mahsa/datasets/grid/test/s34/lgwx1n.mpg,149,181,3.0207085609436035,0.9639166748675378
136,13,/home/nabizadz/Projects/Mahsa/datasets/grid/test/s34/praf8s.mpg,147,179,3.1615664958953857,0.949909497408187
136,14,/home/nabizadz/Projects/Mahsa/datasets/grid/test/s34/pras8a.mpg,12,44,4.279662609100342,0.994007409580067
136,15,/home/nabizadz/Projects/Mahsa/datasets/grid/test/s34/lwbi6a.mpg,118,150,2.5995147228240967,0.9516238959645564
137,0,/home/nabizadz/Projects/Mahsa/datasets/grid/test/s34/swwf6s.mpg,25,57,2.922346830368042,0.9791198439313351
137,1,/home/nabizadz/Projects/Mahsa/datasets/grid/test/s34/sgbf7n.mpg,259,291,4.450092315673828,0.9999422204908855
137,2,/home/nabizadz/Projects/Mahsa/datasets/grid/test/s34/pwbt5n.mpg,236,268,3.6393487453460693,0.973398511284184
137,3,/home/nabizadz/Projects/Mahsa/datasets/grid/test/s34/lrbu6s.mpg,169,201,3.160780191421509,0.9628471121682618
137,4,/home/nabizadz/Projects/Mahsa/datasets/grid/test/s34/bwaq2a.mpg,249,281,4.356800556182861,0.9953989553277452
137,5,/home/nabizadz/Projects/Mahsa/datasets/grid/test/s34/srbe8a.mpg,221,253,3.352288007736206,0.9687673411418363
137,6,/home/nabizadz/Projects/Mahsa/datasets/grid/test/s34/pgia1n.mpg,264,296,4.207242012023926,0.9749724949456786
137,7,/home/nabizadz/Projects/Mahsa/datasets/grid/test/s34/srak5n.mpg,193,225,2.3207802772521973,0.9145954323214155
137,8,/home/nabizadz/Projects/Mahsa/datasets/grid/test/s34/sgbm4a.mpg,43,75,2.5021731853485107,0.9220269459325685
137,9,/home/nabizadz/Projects/Mahsa/datasets/grid/test/s34/swae7n.mpg,227,259,3.75785231590271,0.9792753948988919
137,10,/home/nabizadz/Projects/Mahsa/datasets/grid/test/s34/briv5p.mpg,104,136,2.6756789684295654,0.9395210865308762
137,11,/home/nabizadz/Projects/Mahsa/datasets/grid/test/s34/pgan6a.mpg,182,214,3.363708734512329,0.9725012199412688
137,12,/home/nabizadz/Projects/Mahsa/datasets/grid/test/s34/sbiqzs.mpg,172,204,3.3409252166748047,0.9732785507496111
137,13,/home/nabizadz/Projects/Mahsa/datasets/grid/test/s34/lria5n.mpg,90,122,2.834223747253418,0.9413092160668176
137,14,/home/nabizadz/Projects/Mahsa/datasets/grid/test/s34/lrwo7p.mpg,108,140,2.4858810901641846,0.8800772310009713
137,15,/home/nabizadz/Projects/Mahsa/datasets/grid/test/s34/prif6a.mpg,116,148,2.4733517169952393,0.8992760486635702
138,0,/home/nabizadz/Projects/Mahsa/datasets/grid/test/s34/bbbp2s.mpg,75,107,2.508237838745117,0.9048327327479201
138,1,/home/nabizadz/Projects/Mahsa/datasets/grid/test/s34/lrwi3p.mpg,66,98,2.3389694690704346,0.9446086423273148
138,2,/home/nabizadz/Projects/Mahsa/datasets/grid/test/s34/pbil1n.mpg,251,283,4.1934285163879395,0.993785942342155
138,3,/home/nabizadz/Projects/Mahsa/datasets/grid/test/s34/lrwvzs.mpg,220,252,3.7699813842773438,0.9542552509544432
138,4,/home/nabizadz/Projects/Mahsa/datasets/grid/test/s34/lgwj4s.mpg,246,278,3.6631646156311035,0.9712017436762247
138,5,/home/nabizadz/Projects/Mahsa/datasets/grid/test/s34/pbwf9n.mpg,46,78,1.962422251701355,0.950540465720485
138,6,/home/nabizadz/Projects/Mahsa/datasets/grid/test/s34/pgig5n.mpg,129,161,2.985572576522827,0.9340233867857289
138,7,/home/nabizadz/Projects/Mahsa/datasets/grid/test/s34/lrwv2a.mpg,194,226,3.673950672149658,0.9542840854088075
138,8,/home/nabizadz/Projects/Mahsa/datasets/grid/test/s34/lrin6a.mpg,1,33,4.370883941650391,0.9928909145221236
138,9,/home/nabizadz/Projects/Mahsa/datasets/grid/test/s34/sbix3n.mpg,153,185,2.2553319931030273,0.9853309471664611
138,10,/home/nabizadz/Projects/Mahsa/datasets/grid/test/s34/lwbb9n.mpg,84,116,2.4419426918029785,0.9267528910407428
138,11,/home/nabizadz/Projects/Mahsa/datasets/grid/test/s34/bbiu7n.mpg,95,127,2.584697723388672,0.9571681912191781
138,12,/home/nabizadz/Projects/Mahsa/datasets/grid/test/s34/pram4a.mpg,213,245,3.5338172912597656,0.9688016508874412
138,13,/home/nabizadz/Projects/Mahsa/datasets/grid/test/s34/brbx2s.mpg,26,58,2.758843183517456,0.9606170075446118
138,14,/home/nabizadz/Projects/Mahsa/datasets/grid/test/s34/sbix4s.mpg,42,74,2.040234088897705,0.9661366639962948
138,15,/home/nabizadz/Projects/Mahsa/datasets/grid/test/s34/sgbgza.mpg,66,98,2.666722297668457,0.9611981617826273
139,0,/home/nabizadz/Projects/Mahsa/datasets/grid/test/s34/pwwh3p.mpg,18,50,3.2035365104675293,0.9812846887549035
139,1,/home/nabizadz/Projects/Mahsa/datasets/grid/test/s34/brwd5p.mpg,15,47,3.2987358570098877,0.9820099016292385
139,2,/home/nabizadz/Projects/Mahsa/datasets/grid/test/s34/lbig5p.mpg,216,248,3.8389222621917725,0.9583706841358782
139,3,/home/nabizadz/Projects/Mahsa/datasets/grid/test/s34/pgia3p.mpg,44,76,4.030418872833252,0.9451967959090122
139,4,/home/nabizadz/Projects/Mahsa/datasets/grid/test/s34/pbbf5n.mpg,107,139,1.743478775024414,0.8997575364373936
139,5,/home/nabizadz/Projects/Mahsa/datasets/grid/test/s34/lbwb3p.mpg,88,120,2.8896188735961914,0.9374244801928839
139,6,/home/nabizadz/Projects/Mahsa/datasets/grid/test/s34/lwwv5n.mpg,220,252,3.8154289722442627,0.9888309563882843
139,7,/home/nabizadz/Projects/Mahsa/datasets/grid/test/s34/brii7p.mpg,152,184,3.190619707107544,0.9671906569551626
139,8,/home/nabizadz/Projects/Mahsa/datasets/grid/test/s34/lrau2s.mpg,46,78,2.9522526264190674,0.9606904000466099
139,9,/home/nabizadz/Projects/Mahsa/datasets/grid/test/s34/pgbh6a.mpg,239,271,4.007140636444092,0.9960822999107771
139,10,/home/nabizadz/Projects/Mahsa/datasets/grid/test/s34/bric3p.mpg,51,83,2.184755325317383,0.9526442550366073
139,11,/home/nabizadz/Projects/Mahsa/datasets/grid/test/s34/lgib7n.mpg,264,296,4.221768379211426,0.9999993490219814
139,12,/home/nabizadz/Projects/Mahsa/datasets/grid/test/s34/pwif9n.mpg,234,266,3.879434823989868,0.9817101660321673
139,13,/home/nabizadz/Projects/Mahsa/datasets/grid/test/s34/pgwb6a.mpg,40,72,4.004776954650879,0.9963941755029365
139,14,/home/nabizadz/Projects/Mahsa/datasets/grid/test/s34/sbaj9n.mpg,78,110,2.338822603225708,0.9635926843687087
139,15,/home/nabizadz/Projects/Mahsa/datasets/grid/test/s34/bgbe2s.mpg,71,103,2.8684098720550537,0.9443094529734558
140,0,/home/nabizadz/Projects/Mahsa/datasets/grid/test/s34/lbag7n.mpg,258,290,4.050580024719238,0.9952350311278214
140,1,/home/nabizadz/Projects/Mahsa/datasets/grid/test/s34/bgid4s.mpg,129,161,3.086251735687256,0.8979835030444857
140,2,/home/nabizadz/Projects/Mahsa/datasets/grid/test/s34/bgwe7p.mpg,59,91,2.433824062347412,0.9134993564979673
140,3,/home/nabizadz/Projects/Mahsa/datasets/grid/test/s34/lwwv8a.mpg,194,226,3.4363884925842285,0.9635558789252483
140,4,/home/nabizadz/Projects/Mahsa/datasets/grid/test/s34/lwwc5p.mpg,131,163,2.6227939128875732,0.9338279693497654
140,5,/home/nabizadz/Projects/Mahsa/datasets/grid/test/s34/bwix2a.mpg,184,216,2.575162172317505,0.9036815583063277
140,6,/home/nabizadz/Projects/Mahsa/datasets/grid/test/s34/lraoza.mpg,1,33,4.316385269165039,0.9999015073937985
140,7,/home/nabizadz/Projects/Mahsa/datasets/grid/test/s34/pgit4s.mpg,112,144,2.9083943367004395,0.9348500771547952
140,8,/home/nabizadz/Projects/Mahsa/datasets/grid/test/s34/pgbn9p.mpg,85,117,2.353602647781372,0.8939645998206139
140,9,/home/nabizadz/Projects/Mahsa/datasets/grid/test/s34/lrbo1n.mpg,22,54,3.386758327484131,0.9811924466462706
140,10,/home/nabizadz/Projects/Mahsa/datasets/grid/test/s34/praf7n.mpg,150,182,3.478174924850464,0.9818924816668486
140,11,/home/nabizadz/Projects/Mahsa/datasets/grid/test/s34/pgwb3n.mpg,218,250,3.4216501712799072,0.9656684876697242
140,12,/home/nabizadz/Projects/Mahsa/datasets/grid/test/s34/pbal5n.mpg,149,181,2.7189815044403076,0.9428930012566419
140,13,/home/nabizadz/Projects/Mahsa/datasets/grid/test/s34/srwr9p.mpg,57,89,2.5476043224334717,0.9430217763085467
140,14,/home/nabizadz/Projects/Mahsa/datasets/grid/test/s34/sbbe2a.mpg,36,68,2.728917121887207,0.9253719946145
140,15,/home/nabizadz/Projects/Mahsa/datasets/grid/test/s34/pbbf8a.mpg,49,81,2.3512039184570312,0.9478934777739937
141,0,/home/nabizadz/Projects/Mahsa/datasets/grid/test/s34/lwai2a.mpg,80,112,2.4428212642669678,0.9564115836474065
141,1,/home/nabizadz/Projects/Mahsa/datasets/grid/test/s34/pbwm4s.mpg,134,166,2.943481922149658,0.9636624284107496
141,2,/home/nabizadz/Projects/Mahsa/datasets/grid/test/s34/priz5n.mpg,207,239,3.950704336166382,0.9846822437325126
141,3,/home/nabizadz/Projects/Mahsa/datasets/grid/test/s34/lwau7n.mpg,217,249,3.7326598167419434,0.9711758614630592
141,4,/home/nabizadz/Projects/Mahsa/datasets/grid/test/s34/bwbx7n.mpg,197,229,2.814833879470825,0.9479039276906266
141,5,/home/nabizadz/Projects/Mahsa/datasets/grid/test/s34/bwax3n.mpg,14,46,4.279506206512451,0.9998729369584043
141,6,/home/nabizadz/Projects/Mahsa/datasets/grid/test/s34/sbaq6a.mpg,1,33,3.999744415283203,0.9997549277679819
141,7,/home/nabizadz/Projects/Mahsa/datasets/grid/test/s34/pgbh5p.mpg,89,121,3.0400850772857666,0.9660890528106426
141,8,/home/nabizadz/Projects/Mahsa/datasets/grid/test/s34/bbio4s.mpg,145,177,2.8117921352386475,0.9349377461416438
141,9,/home/nabizadz/Projects/Mahsa/datasets/grid/test/s34/lrwb7n.mpg,211,243,3.454707145690918,0.9711689960793258
141,10,/home/nabizadz/Projects/Mahsa/datasets/grid/test/s34/pwaa1p.mpg,138,170,3.0349626541137695,0.9574326081764771
141,11,/home/nabizadz/Projects/Mahsa/datasets/grid/test/s34/bbac1p.mpg,125,157,2.62217378616333,0.9603811326210201
141,12,/home/nabizadz/Projects/Mahsa/datasets/grid/test/s34/bwaq1p.mpg,125,157,2.8023040294647217,0.9617176928382127
141,13,/home/nabizadz/Projects/Mahsa/datasets/grid/test/s34/sgaf5p.mpg,32,64,3.0931012630462646,0.9734642417626163
141,14,/home/nabizadz/Projects/Mahsa/datasets/grid/test/s34/sgbf9p.mpg,134,166,2.596130132675171,0.9609509644379258
141,15,/home/nabizadz/Projects/Mahsa/datasets/grid/test/s34/swie5p.mpg,238,270,3.184725522994995,0.8924436117254885
142,0,/home/nabizadz/Projects/Mahsa/datasets/grid/test/s34/lwwi8s.mpg,56,88,2.5027599334716797,0.9475720265789664
142,1,/home/nabizadz/Projects/Mahsa/datasets/grid/test/s34/bbwp6s.mpg,53,85,2.7218687534332275,0.9552875800301175
142,2,/home/nabizadz/Projects/Mahsa/datasets/grid/test/s34/lbbh2s.mpg,5,37,4.278505325317383,0.9994192738262224
142,3,/home/nabizadz/Projects/Mahsa/datasets/grid/test/s34/bbiu9p.mpg,165,197,2.9889323711395264,0.9223808395313333
142,4,/home/nabizadz/Projects/Mahsa/datasets/grid/test/s34/sbbk6a.mpg,224,256,3.3211519718170166,0.9838376928519943
142,5,/home/nabizadz/Projects/Mahsa/datasets/grid/test/s34/bwwy1n.mpg,168,200,3.2136542797088623,0.950809272235413
142,6,/home/nabizadz/Projects/Mahsa/datasets/grid/test/s34/lria8a.mpg,72,104,2.634612560272217,0.8985998165454936
142,7,/home/nabizadz/Projects/Mahsa/datasets/grid/test/s34/pbaf1n.mpg,253,285,4.3914265632629395,0.9999732840030113
142,8,/home/nabizadz/Projects/Mahsa/datasets/grid/test/s34/pgia2s.mpg,80,112,3.1417574882507324,0.9520036249096763
142,9,/home/nabizadz/Projects/Mahsa/datasets/grid/test/s34/bbai3n.mpg,4,36,4.398151397705078,0.9999802766219569
142,10,/home/nabizadz/Projects/Mahsa/datasets/grid/test/s34/pbaz3n.mpg,15,47,3.8801188468933105,0.9849736342941574
142,11,/home/nabizadz/Projects/Mahsa/datasets/grid/test/s34/lgbc7p.mpg,198,230,2.8178186416625977,0.9677193462210211
142,12,/home/nabizadz/Projects/Mahsa/datasets/grid/test/s34/sgal8s.mpg,131,163,3.4617910385131836,0.9716117337843849
142,13,/home/nabizadz/Projects/Mahsa/datasets/grid/test/s34/lwau8s.mpg,188,220,3.968050479888916,0.9921307304580509
142,14,/home/nabizadz/Projects/Mahsa/datasets/grid/test/s34/bbio3n.mpg,262,294,4.3665771484375,0.9878144790421082
142,15,/home/nabizadz/Projects/Mahsa/datasets/grid/test/s34/bgwr3n.mpg,76,108,2.2594974040985107,0.8443561186964863
143,0,/home/nabizadz/Projects/Mahsa/datasets/grid/test/s34/prbm8a.mpg,67,99,2.739619493484497,0.9320833237696597
143,1,/home/nabizadz/Projects/Mahsa/datasets/grid/test/s34/srik1n.mpg,12,44,3.7767231464385986,0.9985809527838115
143,2,/home/nabizadz/Projects/Mahsa/datasets/grid/test/s34/bgij7n.mpg,151,183,2.8238518238067627,0.9210066830497168
143,3,/home/nabizadz/Projects/Mahsa/datasets/grid/test/s34/lbaa3n.mpg,143,175,3.4298765659332275,0.9610086889693662
143,4,/home/nabizadz/Projects/Mahsa/datasets/grid/test/s34/bgay1p.mpg,119,151,3.1792116165161133,0.9723273264101687
143,5,/home/nabizadz/Projects/Mahsa/datasets/grid/test/s34/lgbc5n.mpg,34,66,2.6078124046325684,0.9715553522420459
143,6,/home/nabizadz/Projects/Mahsa/datasets/grid/test/s34/srae1n.mpg,82,114,2.9782800674438477,0.9545683511999868
143,7,/home/nabizadz/Projects/Mahsa/datasets/grid/test/s34/lwau9p.mpg,61,93,1.7033621072769165,0.9473287612771709
143,8,/home/nabizadz/Projects/Mahsa/datasets/grid/test/s34/pwwa7n.mpg,23,55,2.2630677223205566,0.9712610455832141
143,9,/home/nabizadz/Projects/Mahsa/datasets/grid/test/s34/sray6a.mpg,24,56,4.060177803039551,0.9927304259055183
143,10,/home/nabizadz/Projects/Mahsa/datasets/grid/test/s34/prwg7p.mpg,176,208,2.7927911281585693,0.9335492391993124
143,11,/home/nabizadz/Projects/Mahsa/datasets/grid/test/s34/lbbh4a.mpg,69,101,2.174363851547241,0.9582917370985655
143,12,/home/nabizadz/Projects/Mahsa/datasets/grid/test/s34/lbit2s.mpg,81,113,2.0605764389038086,0.9365520282819759
143,13,/home/nabizadz/Projects/Mahsa/datasets/grid/test/s34/sbby4a.mpg,38,70,2.7943227291107178,0.9653287191152109
143,14,/home/nabizadz/Projects/Mahsa/datasets/grid/test/s34/lbwu5p.mpg,122,154,2.73144793510437,0.9434447384484538
143,15,/home/nabizadz/Projects/Mahsa/datasets/grid/test/s34/sgbs5n.mpg,65,97,2.8726820945739746,0.9203524500423385
144,0,/home/nabizadz/Projects/Mahsa/datasets/grid/test/s34/bbwx1p.mpg,128,160,2.5317726135253906,0.8997447148897374
144,1,/home/nabizadz/Projects/Mahsa/datasets/grid/test/s34/sbij6s.mpg,48,80,2.2953288555145264,0.9319365811482904
144,2,/home/nabizadz/Projects/Mahsa/datasets/grid/test/s34/sbwy6s.mpg,31,63,3.1783530712127686,0.9581481988028024
144,3,/home/nabizadz/Projects/Mahsa/datasets/grid/test/s34/bwbq3n.mpg,88,120,2.7339911460876465,0.9470999931191422
144,4,/home/nabizadz/Projects/Mahsa/datasets/grid/test/s34/bbbc6a.mpg,113,145,2.8903660774230957,0.9663451491859163
144,5,/home/nabizadz/Projects/Mahsa/datasets/grid/test/s34/lbbbza.mpg,173,205,3.2398037910461426,0.9565347472675325
144,6,/home/nabizadz/Projects/Mahsa/datasets/grid/test/s34/bbav4a.mpg,37,69,2.8230173587799072,0.9572321095630544
144,7,/home/nabizadz/Projects/Mahsa/datasets/grid/test/s34/sbad8a.mpg,217,249,3.117431402206421,0.9636123131980665
144,8,/home/nabizadz/Projects/Mahsa/datasets/grid/test/s34/bgikza.mpg,109,141,2.631629228591919,0.9266485987921309
144,9,/home/nabizadz/Projects/Mahsa/datasets/grid/test/s34/lgai6s.mpg,255,287,4.296567916870117,0.9999720589116529
144,10,/home/nabizadz/Projects/Mahsa/datasets/grid/test/s34/bbai4s.mpg,32,64,3.0388495922088623,0.9562295065747501
144,11,/home/nabizadz/Projects/Mahsa/datasets/grid/test/s34/lgii1n.mpg,184,216,2.7415952682495117,0.9680913916142824
144,12,/home/nabizadz/Projects/Mahsa/datasets/grid/test/s34/sbad7p.mpg,37,69,3.722337245941162,0.9911365253000907
144,13,/home/nabizadz/Projects/Mahsa/datasets/grid/test/s34/pbaz4s.mpg,183,215,3.2820589542388916,0.944666700034499
144,14,/home/nabizadz/Projects/Mahsa/datasets/grid/test/s34/lwiu3n.mpg,128,160,2.9581491947174072,0.9221444009363675
144,15,/home/nabizadz/Projects/Mahsa/datasets/grid/test/s34/bbbp3p.mpg,253,285,3.9745774269104004,0.9472111766432917
145,0,/home/nabizadz/Projects/Mahsa/datasets/grid/test/s34/bgwe6s.mpg,27,59,2.8679399490356445,0.9705750723095908
145,1,/home/nabizadz/Projects/Mahsa/datasets/grid/test/s34/brbdzs.mpg,220,252,3.3525240421295166,0.9595261494281168
145,2,/home/nabizadz/Projects/Mahsa/datasets/grid/test/s34/bric2s.mpg,69,101,1.8760461807250977,0.9540140910463426
145,3,/home/nabizadz/Projects/Mahsa/datasets/grid/test/s34/pbie9p.mpg,206,238,3.3142130374908447,0.9236536037956627
145,4,/home/nabizadz/Projects/Mahsa/datasets/grid/test/s34/lrbb4s.mpg,242,274,3.710659980773926,0.9723888535799778
145,5,/home/nabizadz/Projects/Mahsa/datasets/grid/test/s34/lwbi3n.mpg,166,198,2.7369847297668457,0.9684218225827232
145,6,/home/nabizadz/Projects/Mahsa/datasets/grid/test/s34/pbar9n.mpg,186,218,3.1617259979248047,0.9340163924227466
145,7,/home/nabizadz/Projects/Mahsa/datasets/grid/test/s34/lbwh8a.mpg,182,214,4.012006759643555,0.9765533436525341
145,8,/home/nabizadz/Projects/Mahsa/datasets/grid/test/s34/lrwo8a.mpg,2,34,4.363397598266602,0.9999722222441303
145,9,/home/nabizadz/Projects/Mahsa/datasets/grid/test/s34/srbr4s.mpg,222,254,3.5443851947784424,0.9763419592931959
145,10,/home/nabizadz/Projects/Mahsa/datasets/grid/test/s34/pbwg2a.mpg,264,296,4.439088821411133,0.9999673648762246
145,11,/home/nabizadz/Projects/Mahsa/datasets/grid/test/s34/bgij9p.mpg,226,258,3.757490396499634,0.9689044181070798
145,12,/home/nabizadz/Projects/Mahsa/datasets/grid/test/s34/pgwh7n.mpg,149,181,2.444572687149048,0.9508405356436251
145,13,/home/nabizadz/Projects/Mahsa/datasets/grid/test/s34/swbr9n.mpg,261,293,4.327124118804932,0.9999513048416481
145,14,/home/nabizadz/Projects/Mahsa/datasets/grid/test/s34/pgwu7p.mpg,257,289,4.377628803253174,0.9986876917536048
145,15,/home/nabizadz/Projects/Mahsa/datasets/grid/test/s34/sbwe3n.mpg,61,93,2.827631711959839,0.9511854941121813
146,0,/home/nabizadz/Projects/Mahsa/datasets/grid/test/s34/bbivza.mpg,248,280,4.425059795379639,0.9999959840673281
146,1,/home/nabizadz/Projects/Mahsa/datasets/grid/test/s34/sgif2a.mpg,253,285,4.390876770019531,0.9976862370282853
146,2,/home/nabizadz/Projects/Mahsa/datasets/grid/test/s34/sgifzs.mpg,43,75,2.827515125274658,0.9463978072951383
146,3,/home/nabizadz/Projects/Mahsa/datasets/grid/test/s34/bbbp1n.mpg,45,77,2.1757335662841797,0.9416652644981286
146,4,/home/nabizadz/Projects/Mahsa/datasets/grid/test/s34/bwwk3n.mpg,9,41,4.3509721755981445,0.9999702946528066
146,5,/home/nabizadz/Projects/Mahsa/datasets/grid/test/s34/lbbn5n.mpg,64,96,2.3100028038024902,0.9473691542726727
146,6,/home/nabizadz/Projects/Mahsa/datasets/grid/test/s34/sbwy8a.mpg,211,243,4.158584117889404,0.9968260367404023
146,7,/home/nabizadz/Projects/Mahsa/datasets/grid/test/s34/pwwa8s.mpg,98,130,1.5407776832580566,0.9379702691242662
146,8,/home/nabizadz/Projects/Mahsa/datasets/grid/test/s34/sgaz6s.mpg,78,110,2.9909558296203613,0.9450579192099069
146,9,/home/nabizadz/Projects/Mahsa/datasets/grid/test/s34/bbbc5p.mpg,255,287,4.390204429626465,0.9984392263207604
146,10,/home/nabizadz/Projects/Mahsa/datasets/grid/test/s34/bwwk5p.mpg,266,298,4.097573757171631,0.9963565095244231
146,11,/home/nabizadz/Projects/Mahsa/datasets/grid/test/s34/lgao9n.mpg,187,219,3.4069695472717285,0.9068912737478657
146,12,/home/nabizadz/Projects/Mahsa/datasets/grid/test/s34/lwbc1p.mpg,32,64,2.458080291748047,0.9681072600969852
146,13,/home/nabizadz/Projects/Mahsa/datasets/grid/test/s34/lbat8a.mpg,96,128,2.8609836101531982,0.9414530361159479
146,14,/home/nabizadz/Projects/Mahsa/datasets/grid/test/s34/bbwx2a.mpg,90,122,2.6757242679595947,0.945196756575896
146,15,/home/nabizadz/Projects/Mahsa/datasets/grid/test/s34/pbal7p.mpg,12,44,4.2022480964660645,0.9998912943267416
147,0,/home/nabizadz/Projects/Mahsa/datasets/grid/test/s34/bbib8a.mpg,86,118,3.0255558490753174,0.9326766718986776
147,1,/home/nabizadz/Projects/Mahsa/datasets/grid/test/s34/brbp8s.mpg,37,69,2.982163429260254,0.9573060819667679
147,2,/home/nabizadz/Projects/Mahsa/datasets/grid/test/s34/prif4s.mpg,217,249,3.564603567123413,0.9404303940800476
147,3,/home/nabizadz/Projects/Mahsa/datasets/grid/test/s34/prwt6a.mpg,121,153,2.6337337493896484,0.9336654472409857
147,4,/home/nabizadz/Projects/Mahsa/datasets/grid/test/s34/brwd4s.mpg,165,197,3.0632381439208984,0.9321056991930473
147,5,/home/nabizadz/Projects/Mahsa/datasets/grid/test/s34/srak6s.mpg,40,72,2.64546275138855,0.9386095090346698
147,6,/home/nabizadz/Projects/Mahsa/datasets/grid/test/s34/lria7p.mpg,124,156,2.525118350982666,0.91213447759013
147,7,/home/nabizadz/Projects/Mahsa/datasets/grid/test/s34/lrit9p.mpg,30,62,2.9689698219299316,0.9676207101536269
147,8,/home/nabizadz/Projects/Mahsa/datasets/grid/test/s34/pwat1n.mpg,155,187,2.589040994644165,0.9429733519303738
147,9,/home/nabizadz/Projects/Mahsa/datasets/grid/test/s34/prwt5p.mpg,119,151,2.5617072582244873,0.9223405120561489
147,10,/home/nabizadz/Projects/Mahsa/datasets/grid/test/s34/sbij7p.mpg,25,57,3.314570188522339,0.9759694087711986
147,11,/home/nabizadz/Projects/Mahsa/datasets/grid/test/s34/pwbn2s.mpg,267,299,4.498063087463379,0.999996763934983
147,12,/home/nabizadz/Projects/Mahsa/datasets/grid/test/s34/sgal9p.mpg,266,298,4.128410339355469,0.997860417020884
147,13,/home/nabizadz/Projects/Mahsa/datasets/grid/test/s34/bgay2a.mpg,256,288,4.238922595977783,0.9901866896249011
147,14,/home/nabizadz/Projects/Mahsa/datasets/grid/test/s34/srwz1n.mpg,190,222,3.3088293075561523,0.9637882112274474
147,15,/home/nabizadz/Projects/Mahsa/datasets/grid/test/s34/pwba3n.mpg,146,178,2.905148506164551,0.9600898700718613
148,0,/home/nabizadz/Projects/Mahsa/datasets/grid/test/s34/lgii3p.mpg,226,258,3.4206788539886475,0.9338953479569336
148,1,/home/nabizadz/Projects/Mahsa/datasets/grid/test/s34/bbwj2s.mpg,191,223,2.8941404819488525,0.9267156247910576
148,2,/home/nabizadz/Projects/Mahsa/datasets/grid/test/s34/srid9p.mpg,184,216,2.167346715927124,0.947092046441361
148,3,/home/nabizadz/Projects/Mahsa/datasets/grid/test/s34/bgix6s.mpg,233,265,3.493760347366333,0.9535257389274423
148,4,/home/nabizadz/Projects/Mahsa/datasets/grid/test/s34/pgauza.mpg,89,121,2.5628585815429688,0.9438987769354474
148,5,/home/nabizadz/Projects/Mahsa/datasets/grid/test/s34/lgav3n.mpg,16,48,4.116799354553223,0.9991280399828832
148,6,/home/nabizadz/Projects/Mahsa/datasets/grid/test/s34/sgbm1n.mpg,200,232,3.5103304386138916,0.974107100608933
148,7,/home/nabizadz/Projects/Mahsa/datasets/grid/test/s34/lwib1n.mpg,200,232,3.3157901763916016,0.9741227828757036
148,8,/home/nabizadz/Projects/Mahsa/datasets/grid/test/s34/pgwb4s.mpg,179,211,2.1516666412353516,0.908593889375194
148,9,/home/nabizadz/Projects/Mahsa/datasets/grid/test/s34/lgbp3n.mpg,2,34,4.324521064758301,0.9999753360130389
148,10,/home/nabizadz/Projects/Mahsa/datasets/grid/test/s34/pgag9n.mpg,216,248,3.931471824645996,0.9863828985385309
148,11,/home/nabizadz/Projects/Mahsa/datasets/grid/test/s34/bgid3n.mpg,229,261,3.669119358062744,0.9809327653754344
148,12,/home/nabizadz/Projects/Mahsa/datasets/grid/test/s34/sbbq8s.mpg,128,160,2.6299219131469727,0.9400884272611607
148,13,/home/nabizadz/Projects/Mahsa/datasets/grid/test/s34/praf9p.mpg,51,83,2.3737266063690186,0.9592912833745744
148,14,/home/nabizadz/Projects/Mahsa/datasets/grid/test/s34/pras6s.mpg,148,180,3.63511323928833,0.9702414256878573
148,15,/home/nabizadz/Projects/Mahsa/datasets/grid/test/s34/srwl4s.mpg,167,199,2.395514488220215,0.8833408942477265
149,0,/home/nabizadz/Projects/Mahsa/datasets/grid/test/s34/pwwuzs.mpg,171,203,3.573695659637451,0.971021608081936
149,1,/home/nabizadz/Projects/Mahsa/datasets/grid/test/s34/bwij1n.mpg,159,191,2.9159936904907227,0.9608056273882506
149,2,/home/nabizadz/Projects/Mahsa/datasets/grid/test/s34/bgaq7p.mpg,134,166,2.2079296112060547,0.9457345253543136
149,3,/home/nabizadz/Projects/Mahsa/datasets/grid/test/s34/lwih5n.mpg,232,264,4.329459190368652,0.9999890789721255
149,4,/home/nabizadz/Projects/Mahsa/datasets/grid/test/s34/lbig6a.mpg,208,240,3.1936869621276855,0.9485683663403234
149,5,/home/nabizadz/Projects/Mahsa/datasets/grid/test/s34/bbbv6s.mpg,143,175,3.555094003677368,0.9685349756939081
149,6,/home/nabizadz/Projects/Mahsa/datasets/grid/test/s34/lwib3p.mpg,23,55,4.148133754730225,0.9983887186936028
149,7,/home/nabizadz/Projects/Mahsa/datasets/grid/test/s34/sgbz9n.mpg,95,127,2.3089897632598877,0.9566128905741549
149,8,/home/nabizadz/Projects/Mahsa/datasets/grid/test/s34/priz7p.mpg,259,291,3.9746055603027344,0.9725570097916113
149,9,/home/nabizadz/Projects/Mahsa/datasets/grid/test/s34/swwz8s.mpg,180,212,3.6542301177978516,0.9721475357144757
149,10,/home/nabizadz/Projects/Mahsa/datasets/grid/test/s34/bgij8s.mpg,207,239,2.452436685562134,0.9369433431870535
149,11,/home/nabizadz/Projects/Mahsa/datasets/grid/test/s34/lrih1p.mpg,31,63,3.57416033744812,0.9879969600053949
149,12,/home/nabizadz/Projects/Mahsa/datasets/grid/test/s34/bbbi9p.mpg,135,167,3.0914440155029297,0.9502107158518949
149,13,/home/nabizadz/Projects/Mahsa/datasets/grid/test/s34/sgiz1n.mpg,264,296,4.4246344566345215,0.9999996035850323
149,14,/home/nabizadz/Projects/Mahsa/datasets/grid/test/s34/bbii2a.mpg,191,223,3.62184739112854,0.9679722539341232
149,15,/home/nabizadz/Projects/Mahsa/datasets/grid/test/s34/lgwj3n.mpg,66,98,2.158936023712158,0.924372587672825
150,0,/home/nabizadz/Projects/Mahsa/datasets/grid/test/s34/bwaqzs.mpg,110,142,2.702514886856079,0.9513247693436984
150,1,/home/nabizadz/Projects/Mahsa/datasets/grid/test/s34/brwx8a.mpg,201,233,3.210348129272461,0.9734497141576446
150,2,/home/nabizadz/Projects/Mahsa/datasets/grid/test/s34/brwx7p.mpg,234,266,4.116269588470459,0.9600088825557924
150,3,/home/nabizadz/Projects/Mahsa/datasets/grid/test/s34/lbwh6s.mpg,30,62,3.4624624252319336,0.9824920209841258
150,4,/home/nabizadz/Projects/Mahsa/datasets/grid/test/s34/lrbb5p.mpg,154,186,2.801018476486206,0.9617058774324162
150,5,/home/nabizadz/Projects/Mahsa/datasets/grid/test/s34/srby8s.mpg,58,90,2.0536036491394043,0.9251125997903391
150,6,/home/nabizadz/Projects/Mahsa/datasets/grid/test/s34/lrah4s.mpg,113,145,2.81958270072937,0.9166878530354546
150,7,/home/nabizadz/Projects/Mahsa/datasets/grid/test/s34/lrbu7p.mpg,93,125,2.2143325805664062,0.8980299986657266
150,8,/home/nabizadz/Projects/Mahsa/datasets/grid/test/s34/sgil3n.mpg,242,274,3.7260918617248535,0.9711446053801033
150,9,/home/nabizadz/Projects/Mahsa/datasets/grid/test/s34/pram2s.mpg,71,103,3.6941301822662354,0.982735753884008
150,10,/home/nabizadz/Projects/Mahsa/datasets/grid/test/s34/lwah9n.mpg,89,121,2.5389230251312256,0.9280404033375472
150,11,/home/nabizadz/Projects/Mahsa/datasets/grid/test/s34/brwj9p.mpg,153,185,2.619164228439331,0.9504357137442646
150,12,/home/nabizadz/Projects/Mahsa/datasets/grid/test/s34/brwq3p.mpg,136,168,2.3687305450439453,0.9123560072452537
150,13,/home/nabizadz/Projects/Mahsa/datasets/grid/test/s34/srwf1p.mpg,222,254,3.8854987621307373,0.9868735442874718
150,14,/home/nabizadz/Projects/Mahsa/datasets/grid/test/s34/bbwp5n.mpg,31,63,2.684110641479492,0.9390987552631342
150,15,/home/nabizadz/Projects/Mahsa/datasets/grid/test/s34/swbs1p.mpg,243,275,3.6717255115509033,0.9619992192532526
151,0,/home/nabizadz/Projects/Mahsa/datasets/grid/test/s34/pwbn3p.mpg,17,49,4.145256519317627,0.9944294951037987
151,1,/home/nabizadz/Projects/Mahsa/datasets/grid/test/s34/bwip6s.mpg,89,121,2.733055830001831,0.9547312445017307
151,2,/home/nabizadz/Projects/Mahsa/datasets/grid/test/s34/lbat6s.mpg,100,132,3.5662589073181152,0.9667584774994811
151,3,/home/nabizadz/Projects/Mahsa/datasets/grid/test/s34/pgahzs.mpg,261,293,3.7010886669158936,0.9871782856345607
151,4,/home/nabizadz/Projects/Mahsa/datasets/grid/test/s34/srwl3n.mpg,178,210,3.412764310836792,0.9437251866932559
151,5,/home/nabizadz/Projects/Mahsa/datasets/grid/test/s34/pbiy9n.mpg,248,280,4.2857818603515625,0.9997755638212718
151,6,/home/nabizadz/Projects/Mahsa/datasets/grid/test/s34/bgwr4s.mpg,165,197,2.7921195030212402,0.9428315865485866
151,7,/home/nabizadz/Projects/Mahsa/datasets/grid/test/s34/pwwt9n.mpg,60,92,2.3744313716888428,0.9694991922217832
151,8,/home/nabizadz/Projects/Mahsa/datasets/grid/test/s34/pgbu1n.mpg,51,83,3.8125927448272705,0.9129682177545774
151,9,/home/nabizadz/Projects/Mahsa/datasets/grid/test/s34/pwwa9p.mpg,259,291,4.252099990844727,0.9996116223155803
151,10,/home/nabizadz/Projects/Mahsa/datasets/grid/test/s34/brav7n.mpg,211,243,3.6506083011627197,0.9386246728200447
151,11,/home/nabizadz/Projects/Mahsa/datasets/grid/test/s34/swbf2s.mpg,219,251,3.6008894443511963,0.9511069279689977
151,12,/home/nabizadz/Projects/Mahsa/datasets/grid/test/s34/brbp9p.mpg,236,268,3.832587718963623,0.9309025181864389
151,13,/home/nabizadz/Projects/Mahsa/datasets/grid/test/s34/swiy8a.mpg,264,296,4.278258323669434,0.9953617272902437
151,14,/home/nabizadz/Projects/Mahsa/datasets/grid/test/s34/pgat9p.mpg,111,143,2.9608917236328125,0.9503694892710501
151,15,/home/nabizadz/Projects/Mahsa/datasets/grid/test/s34/pwat3p.mpg,167,199,3.029336452484131,0.9294575027781108
152,0,/home/nabizadz/Projects/Mahsa/datasets/grid/test/s34/brwd6a.mpg,147,179,2.907114267349243,0.9654646315390634
152,1,/home/nabizadz/Projects/Mahsa/datasets/grid/test/s34/sbwr4a.mpg,32,64,3.0587687492370605,0.9554242530751611
152,2,/home/nabizadz/Projects/Mahsa/datasets/grid/test/s34/lbim7n.mpg,165,197,3.0610554218292236,0.9121441846209298
152,3,/home/nabizadz/Projects/Mahsa/datasets/grid/test/s34/lwab7p.mpg,135,167,3.4602906703948975,0.9687909804857692
152,4,/home/nabizadz/Projects/Mahsa/datasets/grid/test/s34/bbib7p.mpg,36,68,1.9372050762176514,0.9429725525039083
152,5,/home/nabizadz/Projects/Mahsa/datasets/grid/test/s34/lrin4s.mpg,5,37,4.402414798736572,0.9999929978836525
152,6,/home/nabizadz/Projects/Mahsa/datasets/grid/test/s34/prwt3n.mpg,174,206,3.325758695602417,0.9524101929500297
152,7,/home/nabizadz/Projects/Mahsa/datasets/grid/test/s34/prwa1n.mpg,81,113,2.692204475402832,0.9574336670814461
152,8,/home/nabizadz/Projects/Mahsa/datasets/grid/test/s34/swir2s.mpg,123,155,2.8477795124053955,0.9511258068826322
152,9,/home/nabizadz/Projects/Mahsa/datasets/grid/test/s34/swar8a.mpg,128,160,3.1219897270202637,0.9365918196769925
152,10,/home/nabizadz/Projects/Mahsa/datasets/grid/test/s34/sbid1n.mpg,251,283,3.777750015258789,0.9832676864761222
152,11,/home/nabizadz/Projects/Mahsa/datasets/grid/test/s34/lbwn9n.mpg,213,245,4.413761615753174,0.962569263650594
152,12,/home/nabizadz/Projects/Mahsa/datasets/grid/test/s34/sgil5p.mpg,35,67,2.2027957439422607,0.9896925373306537
152,13,/home/nabizadz/Projects/Mahsa/datasets/grid/test/s34/sgbs7p.mpg,239,271,3.721389055252075,0.9422619734514964
152,14,/home/nabizadz/Projects/Mahsa/datasets/grid/test/s34/lwab6s.mpg,90,122,3.105563163757324,0.9500935486862815
152,15,/home/nabizadz/Projects/Mahsa/datasets/grid/test/s34/lgav4s.mpg,184,216,3.0984864234924316,0.9517164446628894
153,0,/home/nabizadz/Projects/Mahsa/datasets/grid/test/s34/bwwd9n.mpg,102,134,2.835498332977295,0.9540650115880439
153,1,/home/nabizadz/Projects/Mahsa/datasets/grid/test/s34/pbir6s.mpg,141,173,2.8505311012268066,0.9468475831666534
153,2,/home/nabizadz/Projects/Mahsa/datasets/grid/test/s34/pwwu2a.mpg,204,236,3.1115236282348633,0.9328646159375297
153,3,/home/nabizadz/Projects/Mahsa/datasets/grid/test/s34/lbbh3p.mpg,17,49,4.081251621246338,0.9993837663168726
153,4,/home/nabizadz/Projects/Mahsa/datasets/grid/test/s34/bbab9n.mpg,119,151,1.9372386932373047,0.913748017528767
153,5,/home/nabizadz/Projects/Mahsa/datasets/grid/test/s34/lwbo8s.mpg,20,52,4.205514907836914,0.9997248450700706
153,6,/home/nabizadz/Projects/Mahsa/datasets/grid/test/s34/lgac2s.mpg,75,107,2.1531760692596436,0.9659909891408349
153,7,/home/nabizadz/Projects/Mahsa/datasets/grid/test/s34/bgbe1n.mpg,194,226,3.4327948093414307,0.9549167008200002
153,8,/home/nabizadz/Projects/Mahsa/datasets/grid/test/s34/briv3n.mpg,210,242,3.62739634513855,0.9674419937337502
153,9,/home/nabizadz/Projects/Mahsa/datasets/grid/test/s34/lwbi4s.mpg,23,55,3.2777860164642334,0.9928334282670982
153,10,/home/nabizadz/Projects/Mahsa/datasets/grid/test/s34/bbiizs.mpg,8,40,4.296571254730225,0.9998922979773542
153,11,/home/nabizadz/Projects/Mahsa/datasets/grid/test/s34/bgwlzs.mpg,121,153,2.8746402263641357,0.9567488560024289
153,12,/home/nabizadz/Projects/Mahsa/datasets/grid/test/s34/lgbc8a.mpg,232,264,4.355372428894043,0.9999809445336203
153,13,/home/nabizadz/Projects/Mahsa/datasets/grid/test/s34/lrab2a.mpg,118,150,3.3530824184417725,0.9379611254553397
153,14,/home/nabizadz/Projects/Mahsa/datasets/grid/test/s34/lrin5p.mpg,155,187,2.730381488800049,0.9654676454429508
153,15,/home/nabizadz/Projects/Mahsa/datasets/grid/test/s34/swiy7p.mpg,202,234,2.459416389465332,0.934362088910751
154,0,/home/nabizadz/Projects/Mahsa/datasets/grid/test/s34/pris3p.mpg,58,90,2.2197792530059814,0.9436930335554603
154,1,/home/nabizadz/Projects/Mahsa/datasets/grid/test/s34/bgbk6s.mpg,69,101,3.356940984725952,0.9597095024642622
154,2,/home/nabizadz/Projects/Mahsa/datasets/grid/test/s34/bwwq7n.mpg,217,249,3.826308012008667,0.9784034524858188
154,3,/home/nabizadz/Projects/Mahsa/datasets/grid/test/s34/lbwu6a.mpg,218,250,4.357553005218506,0.9998912967419681
154,4,/home/nabizadz/Projects/Mahsa/datasets/grid/test/s34/lbwo2a.mpg,66,98,2.4270505905151367,0.9588561634131272
154,5,/home/nabizadz/Projects/Mahsa/datasets/grid/test/s34/brbc9n.mpg,255,287,4.321269989013672,0.9841354414712116
154,6,/home/nabizadz/Projects/Mahsa/datasets/grid/test/s34/lrwv1p.mpg,78,110,2.2525036334991455,0.9273991533166688
154,7,/home/nabizadz/Projects/Mahsa/datasets/grid/test/s34/lrah6a.mpg,51,83,1.7646656036376953,0.913131391557407
154,8,/home/nabizadz/Projects/Mahsa/datasets/grid/test/s34/pgin1p.mpg,86,118,3.2255959510803223,0.9634405120378633
154,9,/home/nabizadz/Projects/Mahsa/datasets/grid/test/s34/bbbi7n.mpg,137,169,3.0275604724884033,0.9623591765408258
154,10,/home/nabizadz/Projects/Mahsa/datasets/grid/test/s34/pwbg9p.mpg,16,48,4.337161064147949,0.9845362032143149
154,11,/home/nabizadz/Projects/Mahsa/datasets/grid/test/s34/pbbs6a.mpg,143,175,2.596003293991089,0.9540074143520945
154,12,/home/nabizadz/Projects/Mahsa/datasets/grid/test/s34/swbz3n.mpg,29,61,4.475030899047852,0.9884281667630546
154,13,/home/nabizadz/Projects/Mahsa/datasets/grid/test/s34/pgbb2a.mpg,249,281,4.372978687286377,0.9925174662808699
154,14,/home/nabizadz/Projects/Mahsa/datasets/grid/test/s34/brap6a.mpg,63,95,1.558869481086731,0.8089546601284474
154,15,/home/nabizadz/Projects/Mahsa/datasets/grid/test/s34/lrbu8a.mpg,105,137,2.7616524696350098,0.9286767920717727
155,0,/home/nabizadz/Projects/Mahsa/datasets/grid/test/s34/lgbp4s.mpg,22,54,3.643341541290283,0.9746727332379028
155,1,/home/nabizadz/Projects/Mahsa/datasets/grid/test/s34/brap3n.mpg,43,75,2.5252161026000977,0.9430392888721606
155,2,/home/nabizadz/Projects/Mahsa/datasets/grid/test/s34/bgix5n.mpg,80,112,3.1225054264068604,0.947264533785057
155,3,/home/nabizadz/Projects/Mahsa/datasets/grid/test/s34/swbl7p.mpg,205,237,3.474775552749634,0.9174404600078896
155,4,/home/nabizadz/Projects/Mahsa/datasets/grid/test/s34/swws4s.mpg,60,92,2.1911752223968506,0.936409342468471
155,5,/home/nabizadz/Projects/Mahsa/datasets/grid/test/s34/sgwaza.mpg,239,271,3.5154869556427,0.9726955244350751
155,6,/home/nabizadz/Projects/Mahsa/datasets/grid/test/s34/sgil4s.mpg,236,268,3.729518175125122,0.949717448285202
155,7,/home/nabizadz/Projects/Mahsa/datasets/grid/test/s34/brip1p.mpg,149,181,3.420677423477173,0.9763607098730032
155,8,/home/nabizadz/Projects/Mahsa/datasets/grid/test/s34/sbwk8s.mpg,175,207,2.9848039150238037,0.9755436973598934
155,9,/home/nabizadz/Projects/Mahsa/datasets/grid/test/s34/srwr7n.mpg,26,58,3.79384183883667,0.9951562749781977
155,10,/home/nabizadz/Projects/Mahsa/datasets/grid/test/s34/braj1p.mpg,57,89,1.9628381729125977,0.9185318579792158
155,11,/home/nabizadz/Projects/Mahsa/datasets/grid/test/s34/lrwi4a.mpg,257,289,4.338062286376953,0.975525673420465
155,12,/home/nabizadz/Projects/Mahsa/datasets/grid/test/s34/swbl6s.mpg,238,270,3.522571325302124,0.9423516411640772
155,13,/home/nabizadz/Projects/Mahsa/datasets/grid/test/s34/lbwb4a.mpg,51,83,2.0341691970825195,0.9533497454701046
155,14,/home/nabizadz/Projects/Mahsa/datasets/grid/test/s34/lban3p.mpg,69,101,2.016932725906372,0.9647322381931378
155,15,/home/nabizadz/Projects/Mahsa/datasets/grid/test/s34/pbal8a.mpg,99,131,3.1260623931884766,0.9382974930335768
156,0,/home/nabizadz/Projects/Mahsa/datasets/grid/test/s34/pgia4a.mpg,223,255,4.343194484710693,0.9806458072349804
156,1,/home/nabizadz/Projects/Mahsa/datasets/grid/test/s34/prwg5n.mpg,223,255,4.083491325378418,0.9820227505072073
156,2,/home/nabizadz/Projects/Mahsa/datasets/grid/test/s34/pgbh3n.mpg,232,264,3.4093356132507324,0.9204770080689625
156,3,/home/nabizadz/Projects/Mahsa/datasets/grid/test/s34/swae8s.mpg,208,240,3.3952956199645996,0.9731009600826983
156,4,/home/nabizadz/Projects/Mahsa/datasets/grid/test/s34/lbim9p.mpg,194,226,2.2611796855926514,0.9564572402632177
156,5,/home/nabizadz/Projects/Mahsa/datasets/grid/test/s34/swir3p.mpg,183,215,2.0238611698150635,0.9558703424646144
156,6,/home/nabizadz/Projects/Mahsa/datasets/grid/test/s34/swwf7p.mpg,137,169,3.0839200019836426,0.9821899700921187
156,7,/home/nabizadz/Projects/Mahsa/datasets/grid/test/s34/sray3n.mpg,110,142,2.5879905223846436,0.9545818898153842
156,8,/home/nabizadz/Projects/Mahsa/datasets/grid/test/s34/sgwg1n.mpg,237,269,3.3992059230804443,0.970909260987308
156,9,/home/nabizadz/Projects/Mahsa/datasets/grid/test/s34/pbir8a.mpg,2,34,2.9001619815826416,0.956609345047869
156,10,/home/nabizadz/Projects/Mahsa/datasets/grid/test/s34/pwba6a.mpg,255,287,4.263071060180664,0.9999804114016976
156,11,/home/nabizadz/Projects/Mahsa/datasets/grid/test/s34/bwwe1p.mpg,103,135,1.9591201543807983,0.9488171091259094
156,12,/home/nabizadz/Projects/Mahsa/datasets/grid/test/s34/lrab1p.mpg,110,142,2.8249032497406006,0.93866804105728
156,13,/home/nabizadz/Projects/Mahsa/datasets/grid/test/s34/srbr5p.mpg,40,72,3.930295944213867,0.9559146708767564
156,14,/home/nabizadz/Projects/Mahsa/datasets/grid/test/s34/pbbs3n.mpg,25,57,3.973637819290161,0.9929035485494189
156,15,/home/nabizadz/Projects/Mahsa/datasets/grid/test/s34/prwn1p.mpg,220,252,3.812035322189331,0.9444711305309684
157,0,/home/nabizadz/Projects/Mahsa/datasets/grid/test/s34/pbbz8s.mpg,3,35,4.363367080688477,0.9996882898700559
157,1,/home/nabizadz/Projects/Mahsa/datasets/grid/test/s34/sgaf4s.mpg,106,138,2.432511568069458,0.8982418524891728
157,2,/home/nabizadz/Projects/Mahsa/datasets/grid/test/s34/pbiz1p.mpg,148,180,3.228437900543213,0.9682048646980366
157,3,/home/nabizadz/Projects/Mahsa/datasets/grid/test/s34/lrwi1n.mpg,215,247,3.5597074031829834,0.956096335706581
157,4,/home/nabizadz/Projects/Mahsa/datasets/grid/test/s34/lrit8s.mpg,111,143,2.7958691120147705,0.9545261112648941
157,5,/home/nabizadz/Projects/Mahsa/datasets/grid/test/s34/srbl2a.mpg,117,149,2.486964702606201,0.9129803573719704
157,6,/home/nabizadz/Projects/Mahsa/datasets/grid/test/s34/bgwr5p.mpg,65,97,2.64760160446167,0.9408484458138249
157,7,/home/nabizadz/Projects/Mahsa/datasets/grid/test/s34/lbia1p.mpg,133,165,2.8737564086914062,0.9461480076101612
157,8,/home/nabizadz/Projects/Mahsa/datasets/grid/test/s34/lbbh1n.mpg,50,82,2.3694000244140625,0.9276590931134845
157,9,/home/nabizadz/Projects/Mahsa/datasets/grid/test/s34/sgwm5n.mpg,231,263,4.4836554527282715,0.9418007124086668
157,10,/home/nabizadz/Projects/Mahsa/datasets/grid/test/s34/bgbr1p.mpg,169,201,2.3733010292053223,0.8821169870938063
157,11,/home/nabizadz/Projects/Mahsa/datasets/grid/test/s34/bwad1n.mpg,86,118,3.0120952129364014,0.9730281301735356
157,12,/home/nabizadz/Projects/Mahsa/datasets/grid/test/s34/pbbmzs.mpg,264,296,4.024418354034424,0.9960541861408277
157,13,/home/nabizadz/Projects/Mahsa/datasets/grid/test/s34/lgwd2a.mpg,67,99,2.086893320083618,0.9465238951098972
157,14,/home/nabizadz/Projects/Mahsa/datasets/grid/test/s34/lbat7p.mpg,260,292,4.424600601196289,0.999188509589179
157,15,/home/nabizadz/Projects/Mahsa/datasets/grid/test/s34/bgak3p.mpg,91,123,2.875007390975952,0.9276599210856072
158,0,/home/nabizadz/Projects/Mahsa/datasets/grid/test/s34/swbl5n.mpg,98,130,2.7614834308624268,0.9466148087295101
158,1,/home/nabizadz/Projects/Mahsa/datasets/grid/test/s34/lrwu9n.mpg,30,62,3.7271430492401123,0.9952573502747238
158,2,/home/nabizadz/Projects/Mahsa/datasets/grid/test/s34/pril7n.mpg,227,259,3.8288960456848145,0.960992625535112
158,3,/home/nabizadz/Projects/Mahsa/datasets/grid/test/s34/bwax4s.mpg,124,156,3.4989612102508545,0.9633540818551862
158,4,/home/nabizadz/Projects/Mahsa/datasets/grid/test/s34/pbwm3n.mpg,156,188,2.8362576961517334,0.9690246805160276
158,5,/home/nabizadz/Projects/Mahsa/datasets/grid/test/s34/pwwn5n.mpg,129,161,2.4761157035827637,0.947347804761813
158,6,/home/nabizadz/Projects/Mahsa/datasets/grid/test/s34/lwih7p.mpg,5,37,3.909240961074829,0.9998984872118841
158,7,/home/nabizadz/Projects/Mahsa/datasets/grid/test/s34/pgwu5n.mpg,140,172,3.265080690383911,0.9671870077498783
158,8,/home/nabizadz/Projects/Mahsa/datasets/grid/test/s34/pbaf4a.mpg,147,179,2.4017176628112793,0.877238770965085
158,9,/home/nabizadz/Projects/Mahsa/datasets/grid/test/s34/bbbjza.mpg,174,206,3.196169137954712,0.8625779823092715
158,10,/home/nabizadz/Projects/Mahsa/datasets/grid/test/s34/brbx3p.mpg,251,283,4.071926116943359,0.9915482505839938
158,11,/home/nabizadz/Projects/Mahsa/datasets/grid/test/s34/prbaza.mpg,172,204,2.979705810546875,0.9309463641731761
158,12,/home/nabizadz/Projects/Mahsa/datasets/grid/test/s34/sraq9n.mpg,70,102,1.918125033378601,0.9164084487735881
158,13,/home/nabizadz/Projects/Mahsa/datasets/grid/test/s34/pwwh1n.mpg,20,52,4.089296340942383,0.995025535432329
158,14,/home/nabizadz/Projects/Mahsa/datasets/grid/test/s34/lwwp4a.mpg,57,89,2.4117419719696045,0.9530086245733745
158,15,/home/nabizadz/Projects/Mahsa/datasets/grid/test/s34/lgib8s.mpg,106,138,2.895770311355591,0.8915957800295432
159,0,/home/nabizadz/Projects/Mahsa/datasets/grid/test/s34/pwis8s.mpg,183,215,3.549994468688965,0.9471532025489199
159,1,/home/nabizadz/Projects/Mahsa/datasets/grid/test/s34/pgwiza.mpg,130,162,1.6502900123596191,0.8722174047322548
159,2,/home/nabizadz/Projects/Mahsa/datasets/grid/test/s34/srid7n.mpg,182,214,3.2856180667877197,0.936691657328624
159,3,/home/nabizadz/Projects/Mahsa/datasets/grid/test/s34/srwl5p.mpg,171,203,1.5958819389343262,0.8936291664714548
159,4,/home/nabizadz/Projects/Mahsa/datasets/grid/test/s34/sgie9n.mpg,88,120,2.972719192504883,0.9471830454699873
159,5,/home/nabizadz/Projects/Mahsa/datasets/grid/test/s34/swbz4s.mpg,224,256,3.041140556335449,0.9346029809786605
159,6,/home/nabizadz/Projects/Mahsa/datasets/grid/test/s34/swie6a.mpg,94,126,2.3290345668792725,0.9459209907966788
159,7,/home/nabizadz/Projects/Mahsa/datasets/grid/test/s34/bbwdza.mpg,31,63,2.7918591499328613,0.9692644390281564
159,8,/home/nabizadz/Projects/Mahsa/datasets/grid/test/s34/pgboza.mpg,44,76,3.059596538543701,0.9539257773358552
159,9,/home/nabizadz/Projects/Mahsa/datasets/grid/test/s34/brwd3n.mpg,234,266,4.254397392272949,0.9994375993124813
159,10,/home/nabizadz/Projects/Mahsa/datasets/grid/test/s34/lwih6s.mpg,79,111,3.3628928661346436,0.9734744180065994
159,11,/home/nabizadz/Projects/Mahsa/datasets/grid/test/s34/lbig4s.mpg,249,281,3.832040786743164,0.9932605158621584
159,12,/home/nabizadz/Projects/Mahsa/datasets/grid/test/s34/pwim5p.mpg,261,293,4.037662982940674,0.9890959015625296
159,13,/home/nabizadz/Projects/Mahsa/datasets/grid/test/s34/lbaa4s.mpg,214,246,3.0289227962493896,0.894006196309762
159,14,/home/nabizadz/Projects/Mahsa/datasets/grid/test/s34/lwwi7n.mpg,264,296,4.337777614593506,0.9999564117719258
159,15,/home/nabizadz/Projects/Mahsa/datasets/grid/test/s34/pwwu1p.mpg,72,104,3.3434550762176514,0.9771883821874368
160,0,/home/nabizadz/Projects/Mahsa/datasets/grid/test/s34/bgaeza.mpg,74,106,2.5117030143737793,0.947654973775508
160,1,/home/nabizadz/Projects/Mahsa/datasets/grid/test/s34/lwbczs.mpg,124,156,2.085679292678833,0.9247515306996306
160,2,/home/nabizadz/Projects/Mahsa/datasets/grid/test/s34/bbbc3n.mpg,245,277,3.39774751663208,0.9850740682636714
160,3,/home/nabizadz/Projects/Mahsa/datasets/grid/test/s34/bgix8a.mpg,147,179,2.865161418914795,0.9526486544527486
160,4,/home/nabizadz/Projects/Mahsa/datasets/grid/test/s34/bgad7n.mpg,54,86,1.891355037689209,0.9185505855980526
160,5,/home/nabizadz/Projects/Mahsa/datasets/grid/test/s34/pwis9p.mpg,14,46,4.271773338317871,0.9516870147566976
160,6,/home/nabizadz/Projects/Mahsa/datasets/grid/test/s34/bgwe5n.mpg,204,236,3.588404655456543,0.9618051098567875
160,7,/home/nabizadz/Projects/Mahsa/datasets/grid/test/s34/bwaj5n.mpg,254,286,3.53969407081604,0.9879776281094774
160,8,/home/nabizadz/Projects/Mahsa/datasets/grid/test/s34/lgiv1p.mpg,74,106,2.9453563690185547,0.9139641132430648
160,9,/home/nabizadz/Projects/Mahsa/datasets/grid/test/s34/lwbpza.mpg,188,220,2.88859486579895,0.9246899263027576
160,10,/home/nabizadz/Projects/Mahsa/datasets/grid/test/s34/lrwi2s.mpg,11,43,4.42254638671875,0.9997124562605862
160,11,/home/nabizadz/Projects/Mahsa/datasets/grid/test/s34/lgivzs.mpg,111,143,2.5419199466705322,0.9448719762166846
160,12,/home/nabizadz/Projects/Mahsa/datasets/grid/test/s34/brap4s.mpg,51,83,2.0753300189971924,0.9319093379693104
160,13,/home/nabizadz/Projects/Mahsa/datasets/grid/test/s34/swafza.mpg,215,247,3.379678726196289,0.9646690998164058
160,14,/home/nabizadz/Projects/Mahsa/datasets/grid/test/s34/srby9p.mpg,73,105,3.267921209335327,0.9727608092752604
160,15,/home/nabizadz/Projects/Mahsa/datasets/grid/test/s34/swar6s.mpg,104,136,2.6764097213745117,0.9458379405431945
161,0,/home/nabizadz/Projects/Mahsa/datasets/grid/test/s34/sbby1n.mpg,47,79,2.4310355186462402,0.9568191811888233
161,1,/home/nabizadz/Projects/Mahsa/datasets/grid/test/s34/swir4a.mpg,234,266,3.2598159313201904,0.9602507733873635
161,2,/home/nabizadz/Projects/Mahsa/datasets/grid/test/s34/bwij2s.mpg,100,132,2.506763219833374,0.9483159004999546
161,3,/home/nabizadz/Projects/Mahsa/datasets/grid/test/s34/lbbn8a.mpg,121,153,2.6754190921783447,0.9331251678290222
161,4,/home/nabizadz/Projects/Mahsa/datasets/grid/test/s34/pbbl9n.mpg,266,298,4.110958576202393,0.9551102273489498
161,5,/home/nabizadz/Projects/Mahsa/datasets/grid/test/s34/bgby4s.mpg,94,126,2.790785551071167,0.9504680557396681
161,6,/home/nabizadz/Projects/Mahsa/datasets/grid/test/s34/brav8s.mpg,203,235,3.046210765838623,0.9399547726440923
161,7,/home/nabizadz/Projects/Mahsa/datasets/grid/test/s34/lwio2a.mpg,220,252,3.0846385955810547,0.9337672944951451
161,8,/home/nabizadz/Projects/Mahsa/datasets/grid/test/s34/sriq8a.mpg,188,220,2.926262855529785,0.9598987446860158
161,9,/home/nabizadz/Projects/Mahsa/datasets/grid/test/s34/pris2s.mpg,131,163,2.8095333576202393,0.9515761247543063
161,10,/home/nabizadz/Projects/Mahsa/datasets/grid/test/s34/lbwh5n.mpg,83,115,2.2824618816375732,0.9536584783544826
161,11,/home/nabizadz/Projects/Mahsa/datasets/grid/test/s34/bwbx8s.mpg,255,287,4.285531997680664,0.9985976746204133
161,12,/home/nabizadz/Projects/Mahsa/datasets/grid/test/s34/sgbf8s.mpg,85,117,3.009570598602295,0.9412960749505614
161,13,/home/nabizadz/Projects/Mahsa/datasets/grid/test/s34/bgbk8a.mpg,66,98,2.625540018081665,0.9543378282824685
161,14,/home/nabizadz/Projects/Mahsa/datasets/grid/test/s34/lwab5n.mpg,170,202,2.6780076026916504,0.959438610648234
161,15,/home/nabizadz/Projects/Mahsa/datasets/grid/test/s34/lrbo4a.mpg,71,103,2.495164632797241,0.9320781317540059
162,0,/home/nabizadz/Projects/Mahsa/datasets/grid/test/s34/bbaczs.mpg,51,83,2.334101676940918,0.9416304134518515
162,1,/home/nabizadz/Projects/Mahsa/datasets/grid/test/s34/bgby5p.mpg,205,237,3.2252752780914307,0.9600531161950792
162,2,/home/nabizadz/Projects/Mahsa/datasets/grid/test/s34/lwib4a.mpg,122,154,2.799307107925415,0.9270254331401757
162,3,/home/nabizadz/Projects/Mahsa/datasets/grid/test/s34/pbbf7p.mpg,195,227,3.0996577739715576,0.9725059037278962
162,4,/home/nabizadz/Projects/Mahsa/datasets/grid/test/s34/lban4a.mpg,7,39,4.18951416015625,0.9999763741789668
162,5,/home/nabizadz/Projects/Mahsa/datasets/grid/test/s34/lrwb9p.mpg,236,268,4.181484222412109,0.9711620619456846
162,6,/home/nabizadz/Projects/Mahsa/datasets/grid/test/s34/bgak1n.mpg,220,252,4.367181777954102,0.9000960737714984
162,7,/home/nabizadz/Projects/Mahsa/datasets/grid/test/s34/pgwu8a.mpg,38,70,2.0182719230651855,0.9586221131472462
162,8,/home/nabizadz/Projects/Mahsa/datasets/grid/test/s34/lwbv4a.mpg,19,51,3.976951837539673,0.9966102756256409
162,9,/home/nabizadz/Projects/Mahsa/datasets/grid/test/s34/pbas1p.mpg,162,194,3.009300470352173,0.9481215820366864
162,10,/home/nabizadz/Projects/Mahsa/datasets/grid/test/s34/pgit6a.mpg,95,127,2.676182985305786,0.9389176541822376
162,11,/home/nabizadz/Projects/Mahsa/datasets/grid/test/s34/pram1n.mpg,112,144,2.93896484375,0.9515443645832022
162,12,/home/nabizadz/Projects/Mahsa/datasets/grid/test/s34/brbj6a.mpg,188,220,2.7816550731658936,0.9259007443456276
162,13,/home/nabizadz/Projects/Mahsa/datasets/grid/test/s34/pgwo1n.mpg,20,52,3.0274412631988525,0.9887428258153251
162,14,/home/nabizadz/Projects/Mahsa/datasets/grid/test/s34/lbiazs.mpg,236,268,3.3402130603790283,0.9580334111077481
162,15,/home/nabizadz/Projects/Mahsa/datasets/grid/test/s34/sbakzs.mpg,129,161,2.6140570640563965,0.9090905697836088
163,0,/home/nabizadz/Projects/Mahsa/datasets/grid/test/s34/bbai6a.mpg,8,40,4.243265628814697,0.9992913039437337
163,1,/home/nabizadz/Projects/Mahsa/datasets/grid/test/s34/lbbuzs.mpg,136,168,3.393298625946045,0.9682437953491263
163,2,/home/nabizadz/Projects/Mahsa/datasets/grid/test/s34/bwixzs.mpg,160,192,3.086726188659668,0.9510008819836371
163,3,/home/nabizadz/Projects/Mahsa/datasets/grid/test/s34/srieza.mpg,52,84,3.019897937774658,0.963523226120326
163,4,/home/nabizadz/Projects/Mahsa/datasets/grid/test/s34/lwib2s.mpg,248,280,3.0915114879608154,0.9724084508236568
163,5,/home/nabizadz/Projects/Mahsa/datasets/grid/test/s34/srbr6a.mpg,262,294,4.238640308380127,0.9999903115534662
163,6,/home/nabizadz/Projects/Mahsa/datasets/grid/test/s34/lraa9n.mpg,105,137,2.6430208683013916,0.9615891820390742
163,7,/home/nabizadz/Projects/Mahsa/datasets/grid/test/s34/bbwc8s.mpg,129,161,2.377214193344116,0.9244917308667063
163,8,/home/nabizadz/Projects/Mahsa/datasets/grid/test/s34/lrbh8s.mpg,163,195,2.620243549346924,0.9224852540093292
163,9,/home/nabizadz/Projects/Mahsa/datasets/grid/test/s34/bwbx9p.mpg,122,154,2.8028624057769775,0.9322858144734381
163,10,/home/nabizadz/Projects/Mahsa/datasets/grid/test/s34/sgaz7p.mpg,16,48,4.361159324645996,0.9952392873683948
163,11,/home/nabizadz/Projects/Mahsa/datasets/grid/test/s34/pbizzs.mpg,140,172,2.5076301097869873,0.9419735972147821
163,12,/home/nabizadz/Projects/Mahsa/datasets/grid/test/s34/lbig3n.mpg,238,270,3.643714666366577,0.9802222014323022
163,13,/home/nabizadz/Projects/Mahsa/datasets/grid/test/s34/pbir7p.mpg,104,136,2.552988290786743,0.9335752805490702
163,14,/home/nabizadz/Projects/Mahsa/datasets/grid/test/s34/prbs9n.mpg,66,98,2.3198676109313965,0.9240540317938708
163,15,/home/nabizadz/Projects/Mahsa/datasets/grid/test/s34/lwbo9p.mpg,246,278,3.1518056392669678,0.9583795910976932
164,0,/home/nabizadz/Projects/Mahsa/datasets/grid/test/s34/lbit4a.mpg,17,49,4.179494857788086,0.9951086556660566
164,1,/home/nabizadz/Projects/Mahsa/datasets/grid/test/s34/srblzs.mpg,185,217,3.734034538269043,0.9819826444310517
164,2,/home/nabizadz/Projects/Mahsa/datasets/grid/test/s34/lwao5p.mpg,175,207,3.5287587642669678,0.9003409923357077
164,3,/home/nabizadz/Projects/Mahsa/datasets/grid/test/s34/lgbxza.mpg,205,237,2.9377973079681396,0.9476681622975537
164,4,/home/nabizadz/Projects/Mahsa/datasets/grid/test/s34/pgin2a.mpg,208,240,2.9720287322998047,0.9607683519231206
164,5,/home/nabizadz/Projects/Mahsa/datasets/grid/test/s34/sbbe1p.mpg,34,66,3.292247772216797,0.9652612076068761
164,6,/home/nabizadz/Projects/Mahsa/datasets/grid/test/s34/bwic7n.mpg,60,92,3.565315008163452,0.9763411620917818
164,7,/home/nabizadz/Projects/Mahsa/datasets/grid/test/s34/pgbu2s.mpg,110,142,2.8575103282928467,0.9631693108489108
164,8,/home/nabizadz/Projects/Mahsa/datasets/grid/test/s34/bbwc7n.mpg,233,265,4.447573661804199,0.9892291060802433
164,9,/home/nabizadz/Projects/Mahsa/datasets/grid/test/s34/braj2a.mpg,38,70,3.3401222229003906,0.9767967605026943
164,10,/home/nabizadz/Projects/Mahsa/datasets/grid/test/s34/pgba9n.mpg,84,116,2.8253602981567383,0.974278711021271
164,11,/home/nabizadz/Projects/Mahsa/datasets/grid/test/s34/srwsza.mpg,131,163,3.016083240509033,0.9729515064936958
164,12,/home/nabizadz/Projects/Mahsa/datasets/grid/test/s34/primza.mpg,55,87,2.1351120471954346,0.9468213848286988
164,13,/home/nabizadz/Projects/Mahsa/datasets/grid/test/s34/bgak2s.mpg,8,40,4.287968635559082,0.9999962043521196
164,14,/home/nabizadz/Projects/Mahsa/datasets/grid/test/s34/prwa3p.mpg,3,35,2.755410671234131,0.9938012459072942
164,15,/home/nabizadz/Projects/Mahsa/datasets/grid/test/s34/pwbt6s.mpg,176,208,3.545367956161499,0.9805419857221815
165,0,/home/nabizadz/Projects/Mahsa/datasets/grid/test/s34/prbg3p.mpg,140,172,2.714536428451538,0.9514227097257567
165,1,/home/nabizadz/Projects/Mahsa/datasets/grid/test/s34/srar1p.mpg,120,152,3.008204460144043,0.9233743611729962
165,2,/home/nabizadz/Projects/Mahsa/datasets/grid/test/s34/swal3p.mpg,39,71,2.6322972774505615,0.9328771177272608
165,3,/home/nabizadz/Projects/Mahsa/datasets/grid/test/s34/lwiu6a.mpg,81,113,3.2640411853790283,0.9652481175079101
165,4,/home/nabizadz/Projects/Mahsa/datasets/grid/test/s34/bbbv5n.mpg,153,185,3.4263370037078857,0.9778054435130811
165,5,/home/nabizadz/Projects/Mahsa/datasets/grid/test/s34/swiy5n.mpg,194,226,2.500335931777954,0.965502995781931
165,6,/home/nabizadz/Projects/Mahsa/datasets/grid/test/s34/bgwy9p.mpg,196,228,3.805333375930786,0.9348817055953769
165,7,/home/nabizadz/Projects/Mahsa/datasets/grid/test/s34/pwat4a.mpg,85,117,3.068236827850342,0.9743248246090732
165,8,/home/nabizadz/Projects/Mahsa/datasets/grid/test/s34/sbaq5p.mpg,219,251,3.49139404296875,0.9450689508019796
165,9,/home/nabizadz/Projects/Mahsa/datasets/grid/test/s34/bgiq1n.mpg,212,244,3.658315420150757,0.9518114192762923
165,10,/home/nabizadz/Projects/Mahsa/datasets/grid/test/s34/srbl1p.mpg,84,116,2.5591416358947754,0.9695995453090146
165,11,/home/nabizadz/Projects/Mahsa/datasets/grid/test/s34/bbav3p.mpg,160,192,3.0190584659576416,0.9540427270921757
165,12,/home/nabizadz/Projects/Mahsa/datasets/grid/test/s34/bripzs.mpg,206,238,3.5499212741851807,0.9588269510612147
165,13,/home/nabizadz/Projects/Mahsa/datasets/grid/test/s34/sbbq9p.mpg,131,163,3.1366312503814697,0.9600459633887948
165,14,/home/nabizadz/Projects/Mahsa/datasets/grid/test/s34/bgiq3p.mpg,67,99,2.8213088512420654,0.9597332180280423
165,15,/home/nabizadz/Projects/Mahsa/datasets/grid/test/s34/pgat7n.mpg,119,151,2.587493419647217,0.9536258526453825
166,0,/home/nabizadz/Projects/Mahsa/datasets/grid/test/s34/bwbd8a.mpg,220,252,4.166950702667236,0.9999747114637008
166,1,/home/nabizadz/Projects/Mahsa/datasets/grid/test/s34/pgan3n.mpg,101,133,2.407693862915039,0.8915306028476996
166,2,/home/nabizadz/Projects/Mahsa/datasets/grid/test/s34/lrwb8s.mpg,231,263,3.4917702674865723,0.9395338344881309
166,3,/home/nabizadz/Projects/Mahsa/datasets/grid/test/s34/swwf5n.mpg,70,102,3.2640182971954346,0.9712979273619791
166,4,/home/nabizadz/Projects/Mahsa/datasets/grid/test/s34/srid8s.mpg,46,78,3.035173177719116,0.9737766073131775
166,5,/home/nabizadz/Projects/Mahsa/datasets/grid/test/s34/bgwe8a.mpg,79,111,2.768446207046509,0.9222340744290841
166,6,/home/nabizadz/Projects/Mahsa/datasets/grid/test/s34/pbwgzs.mpg,262,294,4.375523090362549,0.9954745154896968
166,7,/home/nabizadz/Projects/Mahsa/datasets/grid/test/s34/sbwr1n.mpg,266,298,3.8818023204803467,0.996983298819393
166,8,/home/nabizadz/Projects/Mahsa/datasets/grid/test/s34/prbg1n.mpg,29,61,2.1591877937316895,0.9497109717939517
166,9,/home/nabizadz/Projects/Mahsa/datasets/grid/test/s34/sbwe5p.mpg,172,204,3.4194324016571045,0.9632093150408285
166,10,/home/nabizadz/Projects/Mahsa/datasets/grid/test/s34/bbwv9n.mpg,124,156,2.9067161083221436,0.9334514129451624
166,11,/home/nabizadz/Projects/Mahsa/datasets/grid/test/s34/sgwm8a.mpg,100,132,2.9807028770446777,0.9365212488276714
166,12,/home/nabizadz/Projects/Mahsa/datasets/grid/test/s34/pbas2a.mpg,196,228,3.2690515518188477,0.9721467095124849
166,13,/home/nabizadz/Projects/Mahsa/datasets/grid/test/s34/swar7p.mpg,114,146,2.9651241302490234,0.9187314906423809
166,14,/home/nabizadz/Projects/Mahsa/datasets/grid/test/s34/swaz1p.mpg,145,177,2.686469554901123,0.8812248557724373
166,15,/home/nabizadz/Projects/Mahsa/datasets/grid/test/s34/sbax9p.mpg,100,132,2.4181790351867676,0.9235018016048802
167,0,/home/nabizadz/Projects/Mahsa/datasets/grid/test/s34/prif3n.mpg,251,283,3.4604365825653076,0.9831506263517765
167,1,/home/nabizadz/Projects/Mahsa/datasets/grid/test/s34/sbad6s.mpg,225,257,4.183209419250488,0.9662618784087027
167,2,/home/nabizadz/Projects/Mahsa/datasets/grid/test/s34/swbz5p.mpg,243,275,3.518064022064209,0.9753743354934828
167,3,/home/nabizadz/Projects/Mahsa/datasets/grid/test/s34/lbit1n.mpg,224,256,3.4730329513549805,0.9747236840574885
167,4,/home/nabizadz/Projects/Mahsa/datasets/grid/test/s34/sbby2s.mpg,238,270,3.193185329437256,0.9146640488142043
167,5,/home/nabizadz/Projects/Mahsa/datasets/grid/test/s34/prbg4a.mpg,9,41,4.283279895782471,0.9983506622372842
167,6,/home/nabizadz/Projects/Mahsa/datasets/grid/test/s34/lbinza.mpg,127,159,3.3656225204467773,0.9670561755615822
167,7,/home/nabizadz/Projects/Mahsa/datasets/grid/test/s34/lwbv1n.mpg,37,69,2.731950044631958,0.968256946556201
167,8,/home/nabizadz/Projects/Mahsa/datasets/grid/test/s34/bbih9n.mpg,247,279,3.388033390045166,0.9779566571164863
167,9,/home/nabizadz/Projects/Mahsa/datasets/grid/test/s34/pgig7p.mpg,118,150,2.55080246925354,0.9326185393181916
167,10,/home/nabizadz/Projects/Mahsa/datasets/grid/test/s34/prwa2s.mpg,65,97,3.2680327892303467,0.9620123867670342
167,11,/home/nabizadz/Projects/Mahsa/datasets/grid/test/s34/lgac3p.mpg,91,123,2.8671607971191406,0.9252119647825261
167,12,/home/nabizadz/Projects/Mahsa/datasets/grid/test/s34/lgbj2a.mpg,241,273,4.304237365722656,0.9999617260332321
167,13,/home/nabizadz/Projects/Mahsa/datasets/grid/test/s34/pgig6s.mpg,83,115,2.9355599880218506,0.9255261528336219
167,14,/home/nabizadz/Projects/Mahsa/datasets/grid/test/s34/pwat2s.mpg,117,149,2.7751336097717285,0.9389737047265905
167,15,/home/nabizadz/Projects/Mahsa/datasets/grid/test/s34/sgiz4a.mpg,5,37,4.030515193939209,0.9992131128738863
168,0,/home/nabizadz/Projects/Mahsa/datasets/grid/test/s34/lgii2s.mpg,150,182,3.5542378425598145,0.9396484699725726
168,1,/home/nabizadz/Projects/Mahsa/datasets/grid/test/s34/swbszs.mpg,101,133,2.845567226409912,0.9544521735908531
168,2,/home/nabizadz/Projects/Mahsa/datasets/grid/test/s34/sbwy7p.mpg,212,244,3.764131784439087,0.9635762781004075
168,3,/home/nabizadz/Projects/Mahsa/datasets/grid/test/s34/pbws8s.mpg,185,217,3.266225814819336,0.9695166766079599
168,4,/home/nabizadz/Projects/Mahsa/datasets/grid/test/s34/lban1n.mpg,104,136,3.2927229404449463,0.9648842855622625
168,5,/home/nabizadz/Projects/Mahsa/datasets/grid/test/s34/lwwc3n.mpg,54,86,2.4016966819763184,0.9498772607906759
168,6,/home/nabizadz/Projects/Mahsa/datasets/grid/test/s34/sgal7n.mpg,61,93,1.7990822792053223,0.9239452768188426
168,7,/home/nabizadz/Projects/Mahsa/datasets/grid/test/s34/prbt1p.mpg,132,164,2.599026918411255,0.9423513379123557
168,8,/home/nabizadz/Projects/Mahsa/datasets/grid/test/s34/lgac1n.mpg,22,54,4.266070365905762,0.9999419917923562
168,9,/home/nabizadz/Projects/Mahsa/datasets/grid/test/s34/swws3n.mpg,67,99,1.7138447761535645,0.9449057706818689
168,10,/home/nabizadz/Projects/Mahsa/datasets/grid/test/s34/lrbb3n.mpg,150,182,2.901949405670166,0.9395209919627646
168,11,/home/nabizadz/Projects/Mahsa/datasets/grid/test/s34/bwaj6s.mpg,109,141,3.100712537765503,0.9690756189045031
168,12,/home/nabizadz/Projects/Mahsa/datasets/grid/test/s34/lbwu3n.mpg,158,190,2.8169140815734863,0.8996565954009922
168,13,/home/nabizadz/Projects/Mahsa/datasets/grid/test/s34/lgwx4a.mpg,207,239,2.8525006771087646,0.9021365593348724
168,14,/home/nabizadz/Projects/Mahsa/datasets/grid/test/s34/swwm2a.mpg,13,45,4.331844329833984,0.9975928708719861
168,15,/home/nabizadz/Projects/Mahsa/datasets/grid/test/s34/lgiv2a.mpg,166,198,2.765472412109375,0.9433111196630088
169,0,/home/nabizadz/Projects/Mahsa/datasets/grid/test/s34/swws6a.mpg,259,291,4.34758186340332,0.9941244523678993
169,1,/home/nabizadz/Projects/Mahsa/datasets/grid/test/s34/lwab8a.mpg,162,194,3.282092571258545,0.9363539509096257
169,2,/home/nabizadz/Projects/Mahsa/datasets/grid/test/s34/pbaszs.mpg,181,213,3.710693120956421,0.9538375478792258
169,3,/home/nabizadz/Projects/Mahsa/datasets/grid/test/s34/lgio8a.mpg,21,53,3.7489407062530518,0.9944356053126756
169,4,/home/nabizadz/Projects/Mahsa/datasets/grid/test/s34/lban2s.mpg,193,225,3.6812331676483154,0.9669923069524023
169,5,/home/nabizadz/Projects/Mahsa/datasets/grid/test/s34/pwag4s.mpg,32,64,2.8427786827087402,0.9649760733857311
169,6,/home/nabizadz/Projects/Mahsa/datasets/grid/test/s34/lrbh7n.mpg,220,252,3.691833734512329,0.9871110336151424
169,7,/home/nabizadz/Projects/Mahsa/datasets/grid/test/s34/sbiq1p.mpg,101,133,3.369966745376587,0.9510789290069496
169,8,/home/nabizadz/Projects/Mahsa/datasets/grid/test/s34/bgix7p.mpg,124,156,2.6685729026794434,0.924271284059557
169,9,/home/nabizadz/Projects/Mahsa/datasets/grid/test/s34/pras7p.mpg,235,267,3.840146780014038,0.9764469638835643
169,10,/home/nabizadz/Projects/Mahsa/datasets/grid/test/s34/swws5p.mpg,173,205,2.985633134841919,0.95450553160433
169,11,/home/nabizadz/Projects/Mahsa/datasets/grid/test/s34/lbahza.mpg,142,174,2.2196238040924072,0.96051274167974
169,12,/home/nabizadz/Projects/Mahsa/datasets/grid/test/s34/bgbrzs.mpg,97,129,3.241466522216797,0.9665132027496153
169,13,/home/nabizadz/Projects/Mahsa/datasets/grid/test/s34/pbil3p.mpg,8,40,4.014064311981201,0.9738926396563521
169,14,/home/nabizadz/Projects/Mahsa/datasets/grid/test/s34/sbid2s.mpg,100,132,2.341370105743408,0.9538819670705275
169,15,/home/nabizadz/Projects/Mahsa/datasets/grid/test/s34/pwigzs.mpg,238,270,3.2223079204559326,0.9642117202401753
170,0,/home/nabizadz/Projects/Mahsa/datasets/grid/test/s34/bwwq8s.mpg,72,104,2.4281299114227295,0.9650545059104402
170,1,/home/nabizadz/Projects/Mahsa/datasets/grid/test/s34/lbwo1p.mpg,63,95,2.279008388519287,0.9336321367091571
170,2,/home/nabizadz/Projects/Mahsa/datasets/grid/test/s34/sgbs8a.mpg,245,277,4.352442264556885,0.9999358386167325
170,3,/home/nabizadz/Projects/Mahsa/datasets/grid/test/s34/sgwm7p.mpg,36,68,2.6083552837371826,0.94920078365445
170,4,/home/nabizadz/Projects/Mahsa/datasets/grid/test/s34/pgan4s.mpg,88,120,2.91477632522583,0.9492909798988166
170,5,/home/nabizadz/Projects/Mahsa/datasets/grid/test/s34/srik3p.mpg,32,64,2.374473810195923,0.930771084339708
170,6,/home/nabizadz/Projects/Mahsa/datasets/grid/test/s34/srik2s.mpg,232,264,2.83003830909729,0.9824760476276907
170,7,/home/nabizadz/Projects/Mahsa/datasets/grid/test/s34/swie4s.mpg,249,281,3.6563479900360107,0.9878280584405555
170,8,/home/nabizadz/Projects/Mahsa/datasets/grid/test/s34/bwbyza.mpg,27,59,4.253494739532471,0.9315387208632036
170,9,/home/nabizadz/Projects/Mahsa/datasets/grid/test/s34/pgit3n.mpg,260,292,4.059165000915527,0.9892493233973426
170,10,/home/nabizadz/Projects/Mahsa/datasets/grid/test/s34/pgit5p.mpg,125,157,2.5433969497680664,0.969646143052779
170,11,/home/nabizadz/Projects/Mahsa/datasets/grid/test/s34/bgaq8a.mpg,39,71,3.0370943546295166,0.9595024766208086
170,12,/home/nabizadz/Projects/Mahsa/datasets/grid/test/s34/sgwt1p.mpg,98,130,3.236483573913574,0.939395629499733
170,13,/home/nabizadz/Projects/Mahsa/datasets/grid/test/s34/bwbd7p.mpg,27,59,1.9563308954238892,0.9541701193830647
170,14,/home/nabizadz/Projects/Mahsa/datasets/grid/test/s34/sgwt2a.mpg,169,201,2.570948600769043,0.9431180317104109
170,15,/home/nabizadz/Projects/Mahsa/datasets/grid/test/s34/lgiu9n.mpg,169,201,2.9015626907348633,0.8401012790774968
171,0,/home/nabizadz/Projects/Mahsa/datasets/grid/test/s34/lgav6a.mpg,161,193,2.034968614578247,0.93954177982947
171,1,/home/nabizadz/Projects/Mahsa/datasets/grid/test/s34/bgad8s.mpg,194,226,3.6292057037353516,0.9731628376884892
171,2,/home/nabizadz/Projects/Mahsa/datasets/grid/test/s34/lbwozs.mpg,43,75,2.604694128036499,0.958159952511463
171,3,/home/nabizadz/Projects/Mahsa/datasets/grid/test/s34/lwwp3p.mpg,93,125,1.408210039138794,0.9050893834758337
171,4,/home/nabizadz/Projects/Mahsa/datasets/grid/test/s34/sbaq4s.mpg,97,129,3.115020751953125,0.9517907196501173
171,5,/home/nabizadz/Projects/Mahsa/datasets/grid/test/s34/pbwg1p.mpg,93,125,2.646773099899292,0.9421333326626185
171,6,/home/nabizadz/Projects/Mahsa/datasets/grid/test/s34/lwwi9p.mpg,6,38,3.475452423095703,0.991874091747534
171,7,/home/nabizadz/Projects/Mahsa/datasets/grid/test/s34/prif5p.mpg,19,51,2.9347569942474365,0.973379541055345
171,8,/home/nabizadz/Projects/Mahsa/datasets/grid/test/s34/srbe7p.mpg,4,36,4.3729329109191895,0.9988701730539212
171,9,/home/nabizadz/Projects/Mahsa/datasets/grid/test/s34/lgai7p.mpg,185,217,3.2819840908050537,0.90045666888339
171,10,/home/nabizadz/Projects/Mahsa/datasets/grid/test/s34/lbbn6s.mpg,234,266,3.4821970462799072,0.9431937492259019
171,11,/home/nabizadz/Projects/Mahsa/datasets/grid/test/s34/bwwe2a.mpg,218,250,3.986043691635132,0.9878825026913797
171,12,/home/nabizadz/Projects/Mahsa/datasets/grid/test/s34/lrau1n.mpg,187,219,2.994194507598877,0.9555868889819155
171,13,/home/nabizadz/Projects/Mahsa/datasets/grid/test/s34/bwax6a.mpg,198,230,3.3977365493774414,0.957014228595178
171,14,/home/nabizadz/Projects/Mahsa/datasets/grid/test/s34/bgbk7p.mpg,101,133,2.5071845054626465,0.9308837762255253
171,15,/home/nabizadz/Projects/Mahsa/datasets/grid/test/s34/lbbn7p.mpg,246,278,4.224884986877441,0.9754793033085922
172,0,/home/nabizadz/Projects/Mahsa/datasets/grid/test/s34/swbs2a.mpg,16,48,3.6038854122161865,0.9996279437030218
172,1,/home/nabizadz/Projects/Mahsa/datasets/grid/test/s34/swwm1p.mpg,12,44,4.381728172302246,0.9947245617234456
172,2,/home/nabizadz/Projects/Mahsa/datasets/grid/test/s34/lbwu4s.mpg,169,201,2.5273756980895996,0.8840587558157598
172,3,/home/nabizadz/Projects/Mahsa/datasets/grid/test/s34/srwz2s.mpg,19,51,3.870527982711792,0.9978904707700487
172,4,/home/nabizadz/Projects/Mahsa/datasets/grid/test/s34/pgim9n.mpg,127,159,1.927185297012329,0.9410545632155429
172,5,/home/nabizadz/Projects/Mahsa/datasets/grid/test/s34/lgwx2s.mpg,125,157,3.482360363006592,0.9826365226638268
172,6,/home/nabizadz/Projects/Mahsa/datasets/grid/test/s34/sbbk5p.mpg,89,121,2.650665521621704,0.9813440541699416
172,7,/home/nabizadz/Projects/Mahsa/datasets/grid/test/s34/lwao3n.mpg,29,61,2.320556879043579,0.964953076641732
172,8,/home/nabizadz/Projects/Mahsa/datasets/grid/test/s34/srbr3n.mpg,68,100,3.0642545223236084,0.9573982350340872
172,9,/home/nabizadz/Projects/Mahsa/datasets/grid/test/s34/sbby3p.mpg,199,231,3.471302032470703,0.9604455302680952
172,10,/home/nabizadz/Projects/Mahsa/datasets/grid/test/s34/sbid4a.mpg,112,144,3.0515410900115967,0.9388309323287255
172,11,/home/nabizadz/Projects/Mahsa/datasets/grid/test/s34/swbf1n.mpg,43,75,2.346301555633545,0.9696541652717527
172,12,/home/nabizadz/Projects/Mahsa/datasets/grid/test/s34/pwis7n.mpg,231,263,3.6820478439331055,0.9767108607375127
172,13,/home/nabizadz/Projects/Mahsa/datasets/grid/test/s34/sbwe4s.mpg,47,79,2.525800943374634,0.962606682339853
172,14,/home/nabizadz/Projects/Mahsa/datasets/grid/test/s34/brbj4s.mpg,109,141,3.7086215019226074,0.987249454225103
172,15,/home/nabizadz/Projects/Mahsa/datasets/grid/test/s34/lgbv7n.mpg,131,163,2.9131078720092773,0.950834293050972
173,0,/home/nabizadz/Projects/Mahsa/datasets/grid/test/s34/lbbt9n.mpg,137,169,3.3988335132598877,0.95694471634428
173,1,/home/nabizadz/Projects/Mahsa/datasets/grid/test/s34/brbd2a.mpg,118,150,3.3011600971221924,0.9703834423173002
173,2,/home/nabizadz/Projects/Mahsa/datasets/grid/test/s34/bbiu8s.mpg,59,91,3.2132012844085693,0.9575069882905072
173,3,/home/nabizadz/Projects/Mahsa/datasets/grid/test/s34/sriy1p.mpg,264,296,4.447024822235107,0.9999551168911118
173,4,/home/nabizadz/Projects/Mahsa/datasets/grid/test/s34/swae9p.mpg,164,196,2.399123191833496,0.8446369478046933
173,5,/home/nabizadz/Projects/Mahsa/datasets/grid/test/s34/brav9p.mpg,21,53,4.2816691398620605,0.9886339835494657
173,6,/home/nabizadz/Projects/Mahsa/datasets/grid/test/s34/lwwp2s.mpg,55,87,2.0608208179473877,0.9032834623164985
173,7,/home/nabizadz/Projects/Mahsa/datasets/grid/test/s34/pwwn8a.mpg,121,153,2.284169912338257,0.8891389470767616
173,8,/home/nabizadz/Projects/Mahsa/datasets/grid/test/s34/lwin9n.mpg,94,126,3.113368034362793,0.961924577168102
173,9,/home/nabizadz/Projects/Mahsa/datasets/grid/test/s34/lgib9p.mpg,262,294,4.162783145904541,0.9793895082746139
173,10,/home/nabizadz/Projects/Mahsa/datasets/grid/test/s34/bwaj7p.mpg,130,162,2.8263001441955566,0.9736547003295891
173,11,/home/nabizadz/Projects/Mahsa/datasets/grid/test/s34/pril9p.mpg,41,73,2.3510143756866455,0.874167276908414
173,12,/home/nabizadz/Projects/Mahsa/datasets/grid/test/s34/bwbq6a.mpg,37,69,2.8121612071990967,0.9481938442662197
173,13,/home/nabizadz/Projects/Mahsa/datasets/grid/test/s34/brac5n.mpg,109,141,2.8990674018859863,0.9571363993136536
173,14,/home/nabizadz/Projects/Mahsa/datasets/grid/test/s34/bric4a.mpg,198,230,2.844858407974243,0.9658929133217486
173,15,/home/nabizadz/Projects/Mahsa/datasets/grid/test/s34/sgaf6a.mpg,31,63,3.1394193172454834,0.976124686921939
174,0,/home/nabizadz/Projects/Mahsa/datasets/grid/test/s34/bbai5p.mpg,245,277,3.876316785812378,0.9735512309429792
174,1,/home/nabizadz/Projects/Mahsa/datasets/grid/test/s34/pgbbzs.mpg,210,242,3.345229148864746,0.950409359994732
174,2,/home/nabizadz/Projects/Mahsa/datasets/grid/test/s34/bwax5p.mpg,191,223,3.1860363483428955,0.8639387354468274
174,3,/home/nabizadz/Projects/Mahsa/datasets/grid/test/s34/sriq6s.mpg,141,173,2.80722713470459,0.852671726212831
174,4,/home/nabizadz/Projects/Mahsa/datasets/grid/test/s34/bwix1p.mpg,23,55,2.6634271144866943,0.9851943714840454
174,5,/home/nabizadz/Projects/Mahsa/datasets/grid/test/s34/lrbo3p.mpg,214,246,3.5893845558166504,0.9518341540995515
174,6,/home/nabizadz/Projects/Mahsa/datasets/grid/test/s34/lgwj5p.mpg,217,249,2.361829996109009,0.9477732189551366
174,7,/home/nabizadz/Projects/Mahsa/datasets/grid/test/s34/briv4s.mpg,84,116,2.563617706298828,0.9626639819436296
174,8,/home/nabizadz/Projects/Mahsa/datasets/grid/test/s34/sgil6a.mpg,224,256,4.147489070892334,0.9830712493734004
174,9,/home/nabizadz/Projects/Mahsa/datasets/grid/test/s34/bwbk1p.mpg,220,252,3.7205779552459717,0.9562015572748701
174,10,/home/nabizadz/Projects/Mahsa/datasets/grid/test/s34/pram3p.mpg,193,225,3.9906654357910156,0.9751885566488191
174,11,/home/nabizadz/Projects/Mahsa/datasets/grid/test/s34/bbao7n.mpg,178,210,2.8545780181884766,0.9257381418871773
174,12,/home/nabizadz/Projects/Mahsa/datasets/grid/test/s34/bgayzs.mpg,48,80,2.954394578933716,0.9610649471065057
174,13,/home/nabizadz/Projects/Mahsa/datasets/grid/test/s34/lbba8s.mpg,95,127,2.56770658493042,0.9298702251026141
174,14,/home/nabizadz/Projects/Mahsa/datasets/grid/test/s34/pwbg8s.mpg,68,100,3.3910367488861084,0.967418581975525
174,15,/home/nabizadz/Projects/Mahsa/datasets/grid/test/s34/sgwg3p.mpg,71,103,2.2786166667938232,0.8364724314914257
175,0,/home/nabizadz/Projects/Mahsa/datasets/grid/test/s34/pgaa7p.mpg,97,129,2.970100164413452,0.9423552495802245
175,1,/home/nabizadz/Projects/Mahsa/datasets/grid/test/s34/pwwn7p.mpg,125,157,3.179304361343384,0.9826015085971753
175,2,/home/nabizadz/Projects/Mahsa/datasets/grid/test/s34/bbib5n.mpg,134,166,2.1626062393188477,0.9623578301275258
175,3,/home/nabizadz/Projects/Mahsa/datasets/grid/test/s34/lrbiza.mpg,191,223,3.7603721618652344,0.9600968135494783
175,4,/home/nabizadz/Projects/Mahsa/datasets/grid/test/s34/pgwu6s.mpg,102,134,2.3334531784057617,0.9328114200533155
175,5,/home/nabizadz/Projects/Mahsa/datasets/grid/test/s34/sgir8s.mpg,153,185,2.798919677734375,0.9511894450993152
175,6,/home/nabizadz/Projects/Mahsa/datasets/grid/test/s34/swwz7n.mpg,189,221,3.747699022293091,0.960491242668143
175,7,/home/nabizadz/Projects/Mahsa/datasets/grid/test/s34/praz9n.mpg,235,267,3.6007728576660156,0.98913833733981
175,8,/home/nabizadz/Projects/Mahsa/datasets/grid/test/s34/lbaa6a.mpg,4,36,4.262274742126465,0.9997012665783327
175,9,/home/nabizadz/Projects/Mahsa/datasets/grid/test/s34/lgwqza.mpg,147,179,2.6337409019470215,0.8427338218209272
175,10,/home/nabizadz/Projects/Mahsa/datasets/grid/test/s34/lrig9n.mpg,71,103,2.461568593978882,0.9412633718267976
175,11,/home/nabizadz/Projects/Mahsa/datasets/grid/test/s34/bwbq5p.mpg,141,173,2.8381245136260986,0.9134604996231549
175,12,/home/nabizadz/Projects/Mahsa/datasets/grid/test/s34/pgaa5n.mpg,245,277,3.7231833934783936,0.9761532604011126
175,13,/home/nabizadz/Projects/Mahsa/datasets/grid/test/s34/lgai8a.mpg,189,221,2.918583393096924,0.9504097401203406
175,14,/home/nabizadz/Projects/Mahsa/datasets/grid/test/s34/pwim3n.mpg,201,233,3.478458881378174,0.9632493705391416
175,15,/home/nabizadz/Projects/Mahsa/datasets/grid/test/s34/sbak1p.mpg,193,225,3.034733533859253,0.9522027671175531
176,0,/home/nabizadz/Projects/Mahsa/datasets/grid/test/s34/pwbg7n.mpg,38,70,1.5955288410186768,0.9008004324944581
176,1,/home/nabizadz/Projects/Mahsa/datasets/grid/test/s34/lgwdzs.mpg,105,137,3.430333375930786,0.9225349139043917
176,2,/home/nabizadz/Projects/Mahsa/datasets/grid/test/s34/sbwr2s.mpg,118,150,1.9152593612670898,0.8954359091391105
176,3,/home/nabizadz/Projects/Mahsa/datasets/grid/test/s34/lwiozs.mpg,140,172,3.623904228210449,0.9569627909508605
176,4,/home/nabizadz/Projects/Mahsa/datasets/grid/test/s34/srae4a.mpg,112,144,3.2205605506896973,0.8989212225077077
176,5,/home/nabizadz/Projects/Mahsa/datasets/grid/test/s34/prbm6s.mpg,10,42,2.351276397705078,0.9147506608991771
176,6,/home/nabizadz/Projects/Mahsa/datasets/grid/test/s34/srae2s.mpg,98,130,2.470764398574829,0.8996848834265015
176,7,/home/nabizadz/Projects/Mahsa/datasets/grid/test/s34/sbid3p.mpg,244,276,4.18330192565918,0.9466184196374011
176,8,/home/nabizadz/Projects/Mahsa/datasets/grid/test/s34/pwwn6s.mpg,187,219,3.172720193862915,0.9557610462096976
176,9,/home/nabizadz/Projects/Mahsa/datasets/grid/test/s34/pbbf6s.mpg,34,66,2.2088277339935303,0.9457747317527844
176,10,/home/nabizadz/Projects/Mahsa/datasets/grid/test/s34/swwl9n.mpg,241,273,4.264380931854248,0.9933106954435559
176,11,/home/nabizadz/Projects/Mahsa/datasets/grid/test/s34/lrah5p.mpg,200,232,2.4650888442993164,0.9633667355271051
176,12,/home/nabizadz/Projects/Mahsa/datasets/grid/test/s34/lgwj6a.mpg,37,69,3.202268123626709,0.9547798961022629
176,13,/home/nabizadz/Projects/Mahsa/datasets/grid/test/s34/bbwj3p.mpg,6,38,4.396166801452637,0.9999448513012531
176,14,/home/nabizadz/Projects/Mahsa/datasets/grid/test/s34/brwq4a.mpg,90,122,2.732100486755371,0.9602076141526671
176,15,/home/nabizadz/Projects/Mahsa/datasets/grid/test/s34/lgap1p.mpg,191,223,3.4021127223968506,0.9499185589343886
177,0,/home/nabizadz/Projects/Mahsa/datasets/grid/test/s34/srak7p.mpg,263,295,4.333981513977051,0.9999474971856012
177,1,/home/nabizadz/Projects/Mahsa/datasets/grid/test/s34/bgwl2a.mpg,187,219,2.890730381011963,0.9607185117457339
177,2,/home/nabizadz/Projects/Mahsa/datasets/grid/test/s34/prbtzs.mpg,260,292,3.3386318683624268,0.9549990128725367
177,3,/home/nabizadz/Projects/Mahsa/datasets/grid/test/s34/pgbn8s.mpg,85,117,3.042797327041626,0.9651102899679718
177,4,/home/nabizadz/Projects/Mahsa/datasets/grid/test/s34/pbws7n.mpg,189,221,3.0754177570343018,0.9596278318068527
177,5,/home/nabizadz/Projects/Mahsa/datasets/grid/test/s34/sbbd9n.mpg,144,176,2.6300463676452637,0.9355288838749205
177,6,/home/nabizadz/Projects/Mahsa/datasets/grid/test/s34/bwbq4s.mpg,146,178,2.790161371231079,0.9516853961332907
177,7,/home/nabizadz/Projects/Mahsa/datasets/grid/test/s34/bwwrza.mpg,189,221,3.298382520675659,0.9542291351791687
177,8,/home/nabizadz/Projects/Mahsa/datasets/grid/test/s34/bwij4a.mpg,80,112,2.8600656986236572,0.96911169625817
177,9,/home/nabizadz/Projects/Mahsa/datasets/grid/test/s34/bbwxzs.mpg,263,295,3.733177661895752,0.9918018767395348
177,10,/home/nabizadz/Projects/Mahsa/datasets/grid/test/s34/lbaa5p.mpg,54,86,2.4800243377685547,0.9547035023988889
177,11,/home/nabizadz/Projects/Mahsa/datasets/grid/test/s34/bwad2s.mpg,196,228,2.894402503967285,0.9230427786833939
177,12,/home/nabizadz/Projects/Mahsa/datasets/grid/test/s34/lran9p.mpg,257,289,4.226369380950928,0.9966911186961601
177,13,/home/nabizadz/Projects/Mahsa/datasets/grid/test/s34/lwbv3p.mpg,11,43,4.176076889038086,0.9818629489946429
177,14,/home/nabizadz/Projects/Mahsa/datasets/grid/test/s34/pbwm5p.mpg,198,230,3.664562463760376,0.9490711311390895
177,15,/home/nabizadz/Projects/Mahsa/datasets/grid/test/s34/bgid5p.mpg,103,135,2.5460116863250732,0.9301375734152078
178,0,/home/nabizadz/Projects/Mahsa/datasets/grid/test/s34/sriyzs.mpg,257,289,4.407426357269287,0.9972642423625577
178,1,/home/nabizadz/Projects/Mahsa/datasets/grid/test/s34/lgbv8s.mpg,180,212,2.9030845165252686,0.9751981186855156
178,2,/home/nabizadz/Projects/Mahsa/datasets/grid/test/s34/lrbo2s.mpg,246,278,3.0205512046813965,0.9181836002013317
178,3,/home/nabizadz/Projects/Mahsa/datasets/grid/test/s34/bric1n.mpg,141,173,2.0293736457824707,0.93953777522475
178,4,/home/nabizadz/Projects/Mahsa/datasets/grid/test/s34/prwn2a.mpg,84,116,3.0440781116485596,0.9709057436244996
178,5,/home/nabizadz/Projects/Mahsa/datasets/grid/test/s34/swbz6a.mpg,105,137,2.7132794857025146,0.9887878752289156
178,6,/home/nabizadz/Projects/Mahsa/datasets/grid/test/s34/swik9p.mpg,102,134,2.713618516921997,0.9476750044031111
178,7,/home/nabizadz/Projects/Mahsa/datasets/grid/test/s34/lwwc4s.mpg,255,287,3.910783290863037,0.992524026252512
178,8,/home/nabizadz/Projects/Mahsa/datasets/grid/test/s34/brio9n.mpg,223,255,3.479235887527466,0.9554951607057489
178,9,/home/nabizadz/Projects/Mahsa/datasets/grid/test/s34/bbwj4a.mpg,98,130,2.7854435443878174,0.9281368712455921
178,10,/home/nabizadz/Projects/Mahsa/datasets/grid/test/s34/brac7p.mpg,171,203,3.261991500854492,0.9782916953792655
178,11,/home/nabizadz/Projects/Mahsa/datasets/grid/test/s34/pbie8s.mpg,74,106,3.14117431640625,0.9586217993113205
178,12,/home/nabizadz/Projects/Mahsa/datasets/grid/test/s34/lwao6a.mpg,213,245,3.738339424133301,0.9877735822205589
178,13,/home/nabizadz/Projects/Mahsa/datasets/grid/test/s34/swbl8a.mpg,180,212,3.482611656188965,0.9669841489944956
178,14,/home/nabizadz/Projects/Mahsa/datasets/grid/test/s34/lrau4a.mpg,11,43,4.167234420776367,0.9999157765245619
178,15,/home/nabizadz/Projects/Mahsa/datasets/grid/test/s34/sbij8a.mpg,139,171,1.7588346004486084,0.8604277158282697
179,0,/home/nabizadz/Projects/Mahsa/datasets/grid/test/s34/pris1n.mpg,216,248,3.6154372692108154,0.9671198114056179
179,1,/home/nabizadz/Projects/Mahsa/datasets/grid/test/s34/srarzs.mpg,190,222,3.068007469177246,0.980044462421196
179,2,/home/nabizadz/Projects/Mahsa/datasets/grid/test/s34/swal4a.mpg,162,194,3.2376914024353027,0.9395205809176241
179,3,/home/nabizadz/Projects/Mahsa/datasets/grid/test/s34/pgwo3p.mpg,112,144,2.596184730529785,0.9207338947126402
179,4,/home/nabizadz/Projects/Mahsa/datasets/grid/test/s34/swilza.mpg,230,262,3.313546657562256,0.9337510098526217
179,5,/home/nabizadz/Projects/Mahsa/datasets/grid/test/s34/lwaizs.mpg,79,111,2.6572303771972656,0.9425529532397698
179,6,/home/nabizadz/Projects/Mahsa/datasets/grid/test/s34/pbbz9p.mpg,247,279,3.717240810394287,0.9902590156697131
179,7,/home/nabizadz/Projects/Mahsa/datasets/grid/test/s34/sriy2a.mpg,27,59,3.132904052734375,0.9916827084648351
179,8,/home/nabizadz/Projects/Mahsa/datasets/grid/test/s34/pgwh8s.mpg,254,286,3.797293186187744,0.9781527785309072
179,9,/home/nabizadz/Projects/Mahsa/datasets/grid/test/s34/lbit3p.mpg,91,123,2.8157618045806885,0.9408269295486085
179,10,/home/nabizadz/Projects/Mahsa/datasets/grid/test/s34/pwitza.mpg,261,293,4.343012809753418,0.9999891726527834
179,11,/home/nabizadz/Projects/Mahsa/datasets/grid/test/s34/pras5n.mpg,22,54,3.14994215965271,0.9669014362704292
179,12,/home/nabizadz/Projects/Mahsa/datasets/grid/test/s34/bbwc9p.mpg,120,152,2.7144575119018555,0.9542116826069449
179,13,/home/nabizadz/Projects/Mahsa/datasets/grid/test/s34/swwf8a.mpg,100,132,2.663949966430664,0.9575600299095898
179,14,/home/nabizadz/Projects/Mahsa/datasets/grid/test/s34/brac6s.mpg,13,45,4.167047500610352,0.9863294468121505
179,15,/home/nabizadz/Projects/Mahsa/datasets/grid/test/s34/pwanza.mpg,231,263,3.7723183631896973,0.9835290814110771
180,0,/home/nabizadz/Projects/Mahsa/datasets/grid/test/s34/bwbj9n.mpg,39,71,2.5235683917999268,0.9626143623262784
180,1,/home/nabizadz/Projects/Mahsa/datasets/grid/test/s34/bgwy7n.mpg,143,175,2.5139033794403076,0.9652624848803938
180,2,/home/nabizadz/Projects/Mahsa/datasets/grid/test/s34/briv6a.mpg,71,103,1.7953548431396484,0.8185518681560485
180,3,/home/nabizadz/Projects/Mahsa/datasets/grid/test/s34/bgwy8s.mpg,248,280,3.404388189315796,0.9825807227243192
180,4,/home/nabizadz/Projects/Mahsa/datasets/grid/test/s34/lgbp5p.mpg,33,65,2.5997252464294434,0.9637495972969506
180,5,/home/nabizadz/Projects/Mahsa/datasets/grid/test/s34/lrbb6a.mpg,220,252,3.0807244777679443,0.9582673541013048
180,6,/home/nabizadz/Projects/Mahsa/datasets/grid/test/s34/lwiu5p.mpg,268,300,4.403554439544678,0.9987485190827434
180,7,/home/nabizadz/Projects/Mahsa/datasets/grid/test/s34/brbqza.mpg,2,34,3.954937696456909,0.941980172415335
180,8,/home/nabizadz/Projects/Mahsa/datasets/grid/test/s34/bwiv9n.mpg,151,183,2.9300379753112793,0.9516056106531656
180,9,/home/nabizadz/Projects/Mahsa/datasets/grid/test/s34/sgbm3p.mpg,170,202,2.7324090003967285,0.961990886259569
180,10,/home/nabizadz/Projects/Mahsa/datasets/grid/test/s34/bgwk9n.mpg,52,84,3.1347012519836426,0.9007705738954178
180,11,/home/nabizadz/Projects/Mahsa/datasets/grid/test/s34/pgwh9p.mpg,231,263,3.5155298709869385,0.953998796178701
180,12,/home/nabizadz/Projects/Mahsa/datasets/grid/test/s34/sgaz8a.mpg,209,241,3.9710516929626465,0.994951116797197
180,13,/home/nabizadz/Projects/Mahsa/datasets/grid/test/s34/bgak4a.mpg,4,36,4.448544025421143,0.9699574352676933
180,14,/home/nabizadz/Projects/Mahsa/datasets/grid/test/s34/pbwm6a.mpg,124,156,2.914926767349243,0.9725558712562725
180,15,/home/nabizadz/Projects/Mahsa/datasets/grid/test/s34/lgai5n.mpg,17,49,3.9174797534942627,0.9971268412833588
181,0,/home/nabizadz/Projects/Mahsa/datasets/grid/test/s34/srwz4a.mpg,215,247,4.2602667808532715,0.9997959850552864
181,1,/home/nabizadz/Projects/Mahsa/datasets/grid/test/s34/srwz3p.mpg,79,111,2.466541051864624,0.9424607119833622
181,2,/home/nabizadz/Projects/Mahsa/datasets/grid/test/s34/prwg8a.mpg,247,279,4.24708890914917,0.9847449973147496
181,3,/home/nabizadz/Projects/Mahsa/datasets/grid/test/s34/bwap9n.mpg,5,37,4.258049011230469,0.9999201947481522
181,4,/home/nabizadz/Projects/Mahsa/datasets/grid/test/s34/srix9n.mpg,245,277,4.253499507904053,0.9993112964910892
181,5,/home/nabizadz/Projects/Mahsa/datasets/grid/test/s34/pbbs5p.mpg,139,171,2.801539897918701,0.9632305263056065
181,6,/home/nabizadz/Projects/Mahsa/datasets/grid/test/s34/pbifza.mpg,130,162,3.1639606952667236,0.9621887578872658
181,7,/home/nabizadz/Projects/Mahsa/datasets/grid/test/s34/lgap2a.mpg,165,197,3.223676919937134,0.9585500363420294
181,8,/home/nabizadz/Projects/Mahsa/datasets/grid/test/s34/bwwy3p.mpg,177,209,2.7917752265930176,0.9287614800193386
181,9,/home/nabizadz/Projects/Mahsa/datasets/grid/test/s34/brap5p.mpg,162,194,3.3803749084472656,0.9585488540382563
181,10,/home/nabizadz/Projects/Mahsa/datasets/grid/test/s34/lrbh9p.mpg,17,49,4.19866943359375,0.9651110974649763
181,11,/home/nabizadz/Projects/Mahsa/datasets/grid/test/s34/prwm9n.mpg,233,265,4.0700154304504395,0.9902650759813357
181,12,/home/nabizadz/Projects/Mahsa/datasets/grid/test/s34/lrin3n.mpg,24,56,3.4319686889648438,0.9887729540442075
181,13,/home/nabizadz/Projects/Mahsa/datasets/grid/test/s34/swazzs.mpg,216,248,3.5367672443389893,0.9203659130902287
181,14,/home/nabizadz/Projects/Mahsa/datasets/grid/test/s34/brwq2s.mpg,20,52,3.8662538528442383,0.983008672597984
181,15,/home/nabizadz/Projects/Mahsa/datasets/grid/test/s34/lbbu1p.mpg,235,267,2.5593273639678955,0.9634092485450876
182,0,/home/nabizadz/Projects/Mahsa/datasets/grid/test/s34/swie3n.mpg,169,201,3.154182195663452,0.9539551682802838
182,1,/home/nabizadz/Projects/Mahsa/datasets/grid/test/s34/pgbu3p.mpg,243,275,3.2327375411987305,0.9539969056715457
182,2,/home/nabizadz/Projects/Mahsa/datasets/grid/test/s34/srwr8s.mpg,6,38,4.347010612487793,0.9983994000358275
182,3,/home/nabizadz/Projects/Mahsa/datasets/grid/test/s34/sbbk3n.mpg,143,175,3.2070837020874023,0.9409843134981717
182,4,/home/nabizadz/Projects/Mahsa/datasets/grid/test/s34/lwbo7n.mpg,132,164,2.6507177352905273,0.9481201028637862
182,5,/home/nabizadz/Projects/Mahsa/datasets/grid/test/s34/bbwp8a.mpg,260,292,4.295209884643555,0.9999930098095086
182,6,/home/nabizadz/Projects/Mahsa/datasets/grid/test/s34/sgir9p.mpg,268,300,3.860565662384033,0.9850247123231071
182,7,/home/nabizadz/Projects/Mahsa/datasets/grid/test/s34/swar5n.mpg,36,68,2.85274600982666,0.9537183107914785
182,8,/home/nabizadz/Projects/Mahsa/datasets/grid/test/s34/sgiz2s.mpg,214,246,2.925882577896118,0.9436934997608702
182,9,/home/nabizadz/Projects/Mahsa/datasets/grid/test/s34/bgbe4a.mpg,173,205,3.1322271823883057,0.9655573587623107
182,10,/home/nabizadz/Projects/Mahsa/datasets/grid/test/s34/bgbq9n.mpg,200,232,3.08103346824646,0.9668777414511324
182,11,/home/nabizadz/Projects/Mahsa/datasets/grid/test/s34/sgir7n.mpg,6,38,4.305755138397217,0.999627728782781
182,12,/home/nabizadz/Projects/Mahsa/datasets/grid/test/s34/brwq1n.mpg,98,130,2.8106532096862793,0.9446349913292168
182,13,/home/nabizadz/Projects/Mahsa/datasets/grid/test/s34/bbwj1n.mpg,8,40,3.87036395072937,0.9710652984306642
182,14,/home/nabizadz/Projects/Mahsa/datasets/grid/test/s34/pbal6s.mpg,18,50,2.497330904006958,0.9596445393905111
182,15,/home/nabizadz/Projects/Mahsa/datasets/grid/test/s34/brbp7n.mpg,266,298,4.354567527770996,0.995545811254727
183,0,/home/nabizadz/Projects/Mahsa/datasets/grid/test/s34/prwnzs.mpg,221,253,3.8615541458129883,0.9729515716411014
183,1,/home/nabizadz/Projects/Mahsa/datasets/grid/test/s34/swbf4a.mpg,58,90,2.8408989906311035,0.9377769163134518
183,2,/home/nabizadz/Projects/Mahsa/datasets/grid/test/s34/lgio6s.mpg,192,224,3.3623673915863037,0.9341430670177816
183,3,/home/nabizadz/Projects/Mahsa/datasets/grid/test/s34/bwwk4s.mpg,249,281,3.5544815063476562,0.9651988460685361
183,4,/home/nabizadz/Projects/Mahsa/datasets/grid/test/s34/lran8s.mpg,250,282,3.1997122764587402,0.9644936298491965
183,5,/home/nabizadz/Projects/Mahsa/datasets/grid/test/s34/lwwjza.mpg,250,282,4.227070331573486,0.9999834460835104
183,6,/home/nabizadz/Projects/Mahsa/datasets/grid/test/s34/pgat8s.mpg,158,190,2.299868583679199,0.8525146959926662
183,7,/home/nabizadz/Projects/Mahsa/datasets/grid/test/s34/sway9n.mpg,10,42,4.386324882507324,0.9671436450207527
183,8,/home/nabizadz/Projects/Mahsa/datasets/grid/test/s34/lgio5n.mpg,191,223,3.329213857650757,0.9597730558727635
183,9,/home/nabizadz/Projects/Mahsa/datasets/grid/test/s34/sbwr3p.mpg,92,124,3.035287618637085,0.9581424889852521
183,10,/home/nabizadz/Projects/Mahsa/datasets/grid/test/s34/bgaq6s.mpg,93,125,2.7654433250427246,0.9092967017619314
183,11,/home/nabizadz/Projects/Mahsa/datasets/grid/test/s34/bbao8s.mpg,106,138,2.699793577194214,0.9378516205743272
183,12,/home/nabizadz/Projects/Mahsa/datasets/grid/test/s34/bbapza.mpg,103,135,3.173513174057007,0.9555550258990274
183,13,/home/nabizadz/Projects/Mahsa/datasets/grid/test/s34/pbbm1p.mpg,211,243,3.5583417415618896,0.9165950464271981
183,14,/home/nabizadz/Projects/Mahsa/datasets/grid/test/s34/srwfzs.mpg,214,246,3.5130209922790527,0.9603420605360974
183,15,/home/nabizadz/Projects/Mahsa/datasets/grid/test/s34/pgwo4a.mpg,223,255,3.659608840942383,0.9599008930388787
184,0,/home/nabizadz/Projects/Mahsa/datasets/grid/test/s34/pbbs4s.mpg,206,238,3.4519381523132324,0.9161659307336146
184,1,/home/nabizadz/Projects/Mahsa/datasets/grid/test/s34/lgwp9p.mpg,98,130,3.0418941974639893,0.928743804765722
184,2,/home/nabizadz/Projects/Mahsa/datasets/grid/test/s34/bgwl1p.mpg,1,33,4.395381927490234,0.9297137412488667
184,3,/home/nabizadz/Projects/Mahsa/datasets/grid/test/s34/pgbn7n.mpg,217,249,3.3449485301971436,0.9641781631901891
184,4,/home/nabizadz/Projects/Mahsa/datasets/grid/test/s34/prbm5n.mpg,84,116,2.9545302391052246,0.9728480701323337
184,5,/home/nabizadz/Projects/Mahsa/datasets/grid/test/s34/brbj5p.mpg,113,145,3.0185344219207764,0.9813961033742251
184,6,/home/nabizadz/Projects/Mahsa/datasets/grid/test/s34/pwag3n.mpg,229,261,3.3482141494750977,0.9754831003765027
184,7,/home/nabizadz/Projects/Mahsa/datasets/grid/test/s34/brwx5n.mpg,120,152,2.6364874839782715,0.9444283056816529
184,8,/home/nabizadz/Projects/Mahsa/datasets/grid/test/s34/prwt4s.mpg,199,231,3.5004467964172363,0.9254210563488005
184,9,/home/nabizadz/Projects/Mahsa/datasets/grid/test/s34/lbim8s.mpg,100,132,2.3141515254974365,0.9302891759680607
184,10,/home/nabizadz/Projects/Mahsa/datasets/grid/test/s34/pbie7n.mpg,55,87,2.742429494857788,0.9310593971375114
184,11,/home/nabizadz/Projects/Mahsa/datasets/grid/test/s34/lwwv6s.mpg,79,111,2.876133680343628,0.9485378104253176
184,12,/home/nabizadz/Projects/Mahsa/datasets/grid/test/s34/lgii4a.mpg,135,167,2.413247585296631,0.9296051037836381
184,13,/home/nabizadz/Projects/Mahsa/datasets/grid/test/s34/lgapzs.mpg,9,41,4.1411519050598145,0.9999349091180053
184,14,/home/nabizadz/Projects/Mahsa/datasets/grid/test/s34/bgwzza.mpg,227,259,3.5425310134887695,0.9484395371153624
184,15,/home/nabizadz/Projects/Mahsa/datasets/grid/test/s34/lwbv2s.mpg,225,257,3.7230005264282227,0.9405915141116198
185,0,/home/nabizadz/Projects/Mahsa/datasets/grid/test/s34/lrwo5n.mpg,138,170,2.8376550674438477,0.9399598387253257
185,1,/home/nabizadz/Projects/Mahsa/datasets/grid/test/s34/pgig8a.mpg,63,95,2.5413081645965576,0.8868181401889769
185,2,/home/nabizadz/Projects/Mahsa/datasets/grid/test/s34/sbayza.mpg,53,85,2.801225423812866,0.9610738986609364
185,3,/home/nabizadz/Projects/Mahsa/datasets/grid/test/s34/bbio6a.mpg,179,211,2.9742016792297363,0.9202197377733456
185,4,/home/nabizadz/Projects/Mahsa/datasets/grid/test/s34/brbx4a.mpg,3,35,4.195703983306885,0.9633044418234271
185,5,/home/nabizadz/Projects/Mahsa/datasets/grid/test/s34/sgas4a.mpg,204,236,2.7342891693115234,0.8643891084203129
185,6,/home/nabizadz/Projects/Mahsa/datasets/grid/test/s34/lrih2a.mpg,7,39,4.2129082679748535,0.9999802645675901
185,7,/home/nabizadz/Projects/Mahsa/datasets/grid/test/s34/swir1n.mpg,21,53,2.901244640350342,0.9805330207972519
185,8,/home/nabizadz/Projects/Mahsa/datasets/grid/test/s34/pgwo2s.mpg,150,182,3.070038318634033,0.9549094566595665
185,9,/home/nabizadz/Projects/Mahsa/datasets/grid/test/s34/lgicza.mpg,69,101,2.8853282928466797,0.9614534161061562
185,10,/home/nabizadz/Projects/Mahsa/datasets/grid/test/s34/pbir5n.mpg,62,94,2.864002227783203,0.9467111602370506
185,11,/home/nabizadz/Projects/Mahsa/datasets/grid/test/s34/lwwp1n.mpg,205,237,4.337681770324707,0.9892815176443159
185,12,/home/nabizadz/Projects/Mahsa/datasets/grid/test/s34/pwag6a.mpg,25,57,2.720137119293213,0.9693248069112239
185,13,/home/nabizadz/Projects/Mahsa/datasets/grid/test/s34/bgax9n.mpg,24,56,3.316967487335205,0.9618426549937845
185,14,/home/nabizadz/Projects/Mahsa/datasets/grid/test/s34/srbk9n.mpg,6,38,4.168170928955078,0.9999743524888551
185,15,/home/nabizadz/Projects/Mahsa/datasets/grid/test/s34/pwig2a.mpg,247,279,4.301631927490234,0.9309782348798787
186,0,/home/nabizadz/Projects/Mahsa/datasets/grid/test/s34/srby7n.mpg,159,191,2.871901035308838,0.9577754370284222
186,1,/home/nabizadz/Projects/Mahsa/datasets/grid/test/s34/sbwe6a.mpg,85,117,1.6254467964172363,0.9252865425338073
186,2,/home/nabizadz/Projects/Mahsa/datasets/grid/test/s34/sgif1p.mpg,64,96,2.6808929443359375,0.9549361177416058
186,3,/home/nabizadz/Projects/Mahsa/datasets/grid/test/s34/sbax7n.mpg,174,206,3.4780328273773193,0.9853658431466942
186,4,/home/nabizadz/Projects/Mahsa/datasets/grid/test/s34/prbm7p.mpg,192,224,2.03178334236145,0.9476812200916475
186,5,/home/nabizadz/Projects/Mahsa/datasets/grid/test/s34/swbf3p.mpg,7,39,4.0734148025512695,0.9799930345748062
186,6,/home/nabizadz/Projects/Mahsa/datasets/grid/test/s34/pwim6a.mpg,188,220,2.966607093811035,0.9419997097830501
186,7,/home/nabizadz/Projects/Mahsa/datasets/grid/test/s34/lran7n.mpg,1,33,4.278909683227539,0.9887389756102947
186,8,/home/nabizadz/Projects/Mahsa/datasets/grid/test/s34/pwaa2a.mpg,96,128,2.972316265106201,0.9737088284378254
186,9,/home/nabizadz/Projects/Mahsa/datasets/grid/test/s34/bgby3n.mpg,102,134,2.418764591217041,0.945663373282145
186,10,/home/nabizadz/Projects/Mahsa/datasets/grid/test/s34/pgwb5p.mpg,62,94,3.2305214405059814,0.9469643129775073
186,11,/home/nabizadz/Projects/Mahsa/datasets/grid/test/s34/bbbi8s.mpg,263,295,4.1701579093933105,0.9941681937392861
186,12,/home/nabizadz/Projects/Mahsa/datasets/grid/test/s34/pbil2s.mpg,56,88,1.7916879653930664,0.9363742556616232
186,13,/home/nabizadz/Projects/Mahsa/datasets/grid/test/s34/prbg2s.mpg,20,52,2.107224941253662,0.975215425197072
186,14,/home/nabizadz/Projects/Mahsa/datasets/grid/test/s34/pragza.mpg,180,212,3.6243655681610107,0.9738914250462846
186,15,/home/nabizadz/Projects/Mahsa/datasets/grid/test/s34/lwbc2a.mpg,104,136,2.4859776496887207,0.9391078452576893
187,0,/home/nabizadz/Projects/Mahsa/datasets/grid/test/s34/brbd1p.mpg,22,54,2.829509735107422,0.9745825654142658
187,1,/home/nabizadz/Projects/Mahsa/datasets/grid/test/s34/pwag5p.mpg,5,37,4.4248046875,0.9999107411963217
187,2,/home/nabizadz/Projects/Mahsa/datasets/grid/test/s34/bgad9p.mpg,83,115,2.956258773803711,0.9500603951167134
187,3,/home/nabizadz/Projects/Mahsa/datasets/grid/test/s34/lrwo6s.mpg,135,167,2.540283679962158,0.9410795323478397
187,4,/home/nabizadz/Projects/Mahsa/datasets/grid/test/s34/lbwh7p.mpg,253,285,4.285867214202881,0.949824415014113
187,5,/home/nabizadz/Projects/Mahsa/datasets/grid/test/s34/bbwp7p.mpg,189,221,3.566187858581543,0.9450572651560866
187,6,/home/nabizadz/Projects/Mahsa/datasets/grid/test/s34/brwj7n.mpg,221,253,3.588304281234741,0.9104721046950867
187,7,/home/nabizadz/Projects/Mahsa/datasets/grid/test/s34/sbix5p.mpg,106,138,2.6578001976013184,0.9594704015652332
187,8,/home/nabizadz/Projects/Mahsa/datasets/grid/test/s32/prbazs.mpg,151,183,3.1161298751831055,0.9598683934957963
187,9,/home/nabizadz/Projects/Mahsa/datasets/grid/test/s32/bwwe3p.mpg,88,120,2.7228894233703613,0.9513989140296949
187,10,/home/nabizadz/Projects/Mahsa/datasets/grid/test/s32/lgio9p.mpg,51,83,2.6843764781951904,0.9612226563821448
187,11,/home/nabizadz/Projects/Mahsa/datasets/grid/test/s32/pwwh5p.mpg,217,249,4.26708984375,0.8780301619482558
187,12,/home/nabizadz/Projects/Mahsa/datasets/grid/test/s32/lrah7p.mpg,28,60,3.7585859298706055,0.9318357901890454
187,13,/home/nabizadz/Projects/Mahsa/datasets/grid/test/s32/sgis2a.mpg,13,45,4.309671401977539,0.947839234696832
187,14,/home/nabizadz/Projects/Mahsa/datasets/grid/test/s32/pgbb3p.mpg,11,43,3.530498743057251,0.9541442650593711
187,15,/home/nabizadz/Projects/Mahsa/datasets/grid/test/s32/lrbizs.mpg,48,80,3.030299663543701,0.9593190457421894
188,0,/home/nabizadz/Projects/Mahsa/datasets/grid/test/s32/sgbm3n.mpg,253,285,4.294789791107178,0.9180488037846842
188,1,/home/nabizadz/Projects/Mahsa/datasets/grid/test/s32/srbe7n.mpg,230,262,4.308812141418457,0.9184383864320461
188,2,/home/nabizadz/Projects/Mahsa/datasets/grid/test/s32/swbf3n.mpg,225,257,2.272028684616089,0.9709881079628271
188,3,/home/nabizadz/Projects/Mahsa/datasets/grid/test/s32/lban4s.mpg,210,242,4.2495903968811035,0.9156791447710244
188,4,/home/nabizadz/Projects/Mahsa/datasets/grid/test/s32/lwwp5p.mpg,256,288,4.204729080200195,0.8981838069689996
188,5,/home/nabizadz/Projects/Mahsa/datasets/grid/test/s32/brwq3n.mpg,235,267,4.2111616134643555,0.9017040768889475
188,6,/home/nabizadz/Projects/Mahsa/datasets/grid/test/s32/bgwl3p.mpg,205,237,4.3239827156066895,0.9295249860337975
188,7,/home/nabizadz/Projects/Mahsa/datasets/grid/test/s32/bbbv9p.mpg,144,176,2.90140438079834,0.9618132338727712
188,8,/home/nabizadz/Projects/Mahsa/datasets/grid/test/s32/lbaa7p.mpg,168,200,3.1290924549102783,0.9493871416698979
188,9,/home/nabizadz/Projects/Mahsa/datasets/grid/test/s32/bgik2a.mpg,113,145,2.927846670150757,0.9248163751601769
188,10,/home/nabizadz/Projects/Mahsa/datasets/grid/test/s32/bbbjzs.mpg,223,255,4.186694622039795,0.8955287044262925
188,11,/home/nabizadz/Projects/Mahsa/datasets/grid/test/s32/lwiu6s.mpg,76,108,2.8977489471435547,0.9350982228886646
188,12,/home/nabizadz/Projects/Mahsa/datasets/grid/test/s32/bbapzs.mpg,2,34,3.968379259109497,0.9692757462307623
188,13,/home/nabizadz/Projects/Mahsa/datasets/grid/test/s32/sray8a.mpg,173,205,3.386850118637085,0.9608539026192581
188,14,/home/nabizadz/Projects/Mahsa/datasets/grid/test/s32/srwl8a.mpg,259,291,4.132619380950928,0.9166798342580544
188,15,/home/nabizadz/Projects/Mahsa/datasets/grid/test/s32/bgiq4s.mpg,106,138,3.044320821762085,0.9514530801940082
189,0,/home/nabizadz/Projects/Mahsa/datasets/grid/test/s32/bwwy5p.mpg,192,224,1.9902865886688232,0.9006695816803065
189,1,/home/nabizadz/Projects/Mahsa/datasets/grid/test/s32/bbio7p.mpg,149,181,2.8261892795562744,0.960209680626571
189,2,/home/nabizadz/Projects/Mahsa/datasets/grid/test/s32/swasza.mpg,42,74,3.4331018924713135,0.9355950831471326
189,3,/home/nabizadz/Projects/Mahsa/datasets/grid/test/s32/bbbj2a.mpg,63,95,2.4657232761383057,0.9458037109273526
189,4,/home/nabizadz/Projects/Mahsa/datasets/grid/test/s32/lwab7n.mpg,16,48,3.9847702980041504,0.9322028407212524
189,5,/home/nabizadz/Projects/Mahsa/datasets/grid/test/s32/pbbgza.mpg,81,113,2.89189076423645,0.974596618594878
189,6,/home/nabizadz/Projects/Mahsa/datasets/grid/test/s32/sbiq2s.mpg,190,222,3.7748265266418457,0.9603295422782885
189,7,/home/nabizadz/Projects/Mahsa/datasets/grid/test/s32/lgwd3p.mpg,166,198,3.909391403198242,0.954063788650665
189,8,/home/nabizadz/Projects/Mahsa/datasets/grid/test/s32/pwwb2a.mpg,13,45,2.1592342853546143,0.9968639899496912
189,9,/home/nabizadz/Projects/Mahsa/datasets/grid/test/s32/pbwg4a.mpg,182,214,3.625866651535034,0.9582862370362554
189,10,/home/nabizadz/Projects/Mahsa/datasets/grid/test/s32/pwbn4s.mpg,52,84,3.3889639377593994,0.9747001096247838
189,11,/home/nabizadz/Projects/Mahsa/datasets/grid/test/s32/lbbn8s.mpg,222,254,3.9865918159484863,0.7536459111633254
189,12,/home/nabizadz/Projects/Mahsa/datasets/grid/test/s32/sbbe4a.mpg,207,239,3.9535624980926514,0.9335596206604464
189,13,/home/nabizadz/Projects/Mahsa/datasets/grid/test/s32/bbbj1p.mpg,220,252,4.161759376525879,0.8102219059908133
189,14,/home/nabizadz/Projects/Mahsa/datasets/grid/test/s32/pram5p.mpg,229,261,4.066211700439453,0.9144788711967929
189,15,/home/nabizadz/Projects/Mahsa/datasets/grid/test/s32/pbiz2s.mpg,211,243,4.1195597648620605,0.921546930615975
190,0,/home/nabizadz/Projects/Mahsa/datasets/grid/test/s32/bwwk7p.mpg,143,175,2.8504021167755127,0.9016030846909551
190,1,/home/nabizadz/Projects/Mahsa/datasets/grid/test/s32/pgwu9p.mpg,36,68,3.468999147415161,0.9769663749189273
190,2,/home/nabizadz/Projects/Mahsa/datasets/grid/test/s32/pwbg9n.mpg,108,140,2.0720441341400146,0.9466075066730364
190,3,/home/nabizadz/Projects/Mahsa/datasets/grid/test/s32/bgak5p.mpg,3,35,4.309836387634277,0.9869252862687568
190,4,/home/nabizadz/Projects/Mahsa/datasets/grid/test/s32/bwbq7p.mpg,217,249,4.326253414154053,0.9465699013807899
190,5,/home/nabizadz/Projects/Mahsa/datasets/grid/test/s32/pwwn7n.mpg,83,115,3.3296751976013184,0.9425235405539758
190,6,/home/nabizadz/Projects/Mahsa/datasets/grid/test/s32/brwd7p.mpg,170,202,3.8601372241973877,0.9497952396834758
190,7,/home/nabizadz/Projects/Mahsa/datasets/grid/test/s32/sgwm8s.mpg,104,136,3.071852445602417,0.9497621845534832
190,8,/home/nabizadz/Projects/Mahsa/datasets/grid/test/s32/sbby3n.mpg,212,244,4.30902624130249,0.8980314388049248
190,9,/home/nabizadz/Projects/Mahsa/datasets/grid/test/s32/pgwi1p.mpg,207,239,4.307600498199463,0.85709133911051
190,10,/home/nabizadz/Projects/Mahsa/datasets/grid/test/s32/srik4s.mpg,259,291,3.9088175296783447,0.8301215529437638
190,11,/home/nabizadz/Projects/Mahsa/datasets/grid/test/s32/bwwy6a.mpg,125,157,3.160775899887085,0.9455137236845534
190,12,/home/nabizadz/Projects/Mahsa/datasets/grid/test/s32/swir4s.mpg,10,42,4.462576866149902,0.9751734508871382
190,13,/home/nabizadz/Projects/Mahsa/datasets/grid/test/s32/bwwk5n.mpg,201,233,2.216219902038574,0.9626115986601055
190,14,/home/nabizadz/Projects/Mahsa/datasets/grid/test/s32/sgif3p.mpg,6,38,3.5315279960632324,0.9932610359958783
190,15,/home/nabizadz/Projects/Mahsa/datasets/grid/test/s32/brwx8s.mpg,221,253,4.100836753845215,0.8055620177685642
191,0,/home/nabizadz/Projects/Mahsa/datasets/grid/test/s32/lwao7p.mpg,230,262,3.7294352054595947,0.7660336320861731
191,1,/home/nabizadz/Projects/Mahsa/datasets/grid/test/s32/pwaa1n.mpg,70,102,3.1607041358947754,0.9759340682899024
191,2,/home/nabizadz/Projects/Mahsa/datasets/grid/test/s32/swar9p.mpg,173,205,3.2623212337493896,0.9291086661051089
191,3,/home/nabizadz/Projects/Mahsa/datasets/grid/test/s32/lwao8a.mpg,107,139,3.232351779937744,0.9622200292716709
191,4,/home/nabizadz/Projects/Mahsa/datasets/grid/test/s32/lrin5n.mpg,100,132,2.2318055629730225,0.938092768146649
191,5,/home/nabizadz/Projects/Mahsa/datasets/grid/test/s32/bwax5n.mpg,115,147,2.9717330932617188,0.9508905153487487
191,6,/home/nabizadz/Projects/Mahsa/datasets/grid/test/s32/lgac5p.mpg,75,107,2.6039600372314453,0.9487792685230977
191,7,/home/nabizadz/Projects/Mahsa/datasets/grid/test/s32/bgwr5n.mpg,244,276,4.307139873504639,0.8633814241237028
191,8,/home/nabizadz/Projects/Mahsa/datasets/grid/test/s32/pgwo6a.mpg,24,56,3.365935802459717,0.9670983235468924
191,9,/home/nabizadz/Projects/Mahsa/datasets/grid/test/s32/brwq4s.mpg,247,279,4.265881061553955,0.8724644399504949
191,10,/home/nabizadz/Projects/Mahsa/datasets/grid/test/s32/bwwq9n.mpg,47,79,3.503321647644043,0.9614368938873604
191,11,/home/nabizadz/Projects/Mahsa/datasets/grid/test/s32/lriu2a.mpg,94,126,2.117914915084839,0.95041396741988
191,12,/home/nabizadz/Projects/Mahsa/datasets/grid/test/s32/srar4a.mpg,176,208,2.2485482692718506,0.9652581679331252
191,13,/home/nabizadz/Projects/Mahsa/datasets/grid/test/s32/prif5n.mpg,232,264,4.172510623931885,0.9040816172028472
191,14,/home/nabizadz/Projects/Mahsa/datasets/grid/test/s32/pwbh2a.mpg,8,40,4.311618804931641,0.9999991145089671
191,15,/home/nabizadz/Projects/Mahsa/datasets/grid/test/s32/bbwx2s.mpg,71,103,2.776320457458496,0.937650557430262
192,0,/home/nabizadz/Projects/Mahsa/datasets/grid/test/s32/srwf3p.mpg,37,69,3.883349895477295,0.9139959957111743
192,1,/home/nabizadz/Projects/Mahsa/datasets/grid/test/s32/lrbi2a.mpg,188,220,4.176235675811768,0.9535016331426492
192,2,/home/nabizadz/Projects/Mahsa/datasets/grid/test/s32/lban5p.mpg,203,235,4.128941535949707,0.8988118939601075
192,3,/home/nabizadz/Projects/Mahsa/datasets/grid/test/s32/brap6s.mpg,208,240,4.191304683685303,0.971462346973916
192,4,/home/nabizadz/Projects/Mahsa/datasets/grid/test/s32/pwbhzs.mpg,200,232,2.142376184463501,0.951288929153687
192,5,/home/nabizadz/Projects/Mahsa/datasets/grid/test/s32/lwwc5n.mpg,144,176,3.004429817199707,0.9547901713618833
192,6,/home/nabizadz/Projects/Mahsa/datasets/grid/test/s32/sgwg3n.mpg,134,166,2.8928375244140625,0.9488839746810678
192,7,/home/nabizadz/Projects/Mahsa/datasets/grid/test/s32/pratza.mpg,207,239,4.224982738494873,0.9518338168147651
192,8,/home/nabizadz/Projects/Mahsa/datasets/grid/test/s32/lwbv4s.mpg,28,60,3.6942849159240723,0.9459728636450792
192,9,/home/nabizadz/Projects/Mahsa/datasets/grid/test/s32/lrbo4s.mpg,65,97,3.155714273452759,0.9531091810521305
192,10,/home/nabizadz/Projects/Mahsa/datasets/grid/test/s32/swwm1n.mpg,52,84,1.8854360580444336,0.9675924142903358
192,11,/home/nabizadz/Projects/Mahsa/datasets/grid/test/s32/bbbc7p.mpg,45,77,3.1068942546844482,0.9533275446571832
192,12,/home/nabizadz/Projects/Mahsa/datasets/grid/test/s32/lgic1p.mpg,59,91,2.8377649784088135,0.9476628201895362
192,13,/home/nabizadz/Projects/Mahsa/datasets/grid/test/s32/lbbbzs.mpg,8,40,3.8531155586242676,0.9641880926591325
192,14,/home/nabizadz/Projects/Mahsa/datasets/grid/test/s32/brip2s.mpg,164,196,3.7923166751861572,0.9287987256325213
192,15,/home/nabizadz/Projects/Mahsa/datasets/grid/test/s32/bbac2s.mpg,96,128,3.3122098445892334,0.9436308533677897
193,0,/home/nabizadz/Projects/Mahsa/datasets/grid/test/s32/lrwc2a.mpg,142,174,2.6780829429626465,0.9476688917911403
193,1,/home/nabizadz/Projects/Mahsa/datasets/grid/test/s32/lbbh3n.mpg,168,200,3.0927717685699463,0.951550788770403
193,2,/home/nabizadz/Projects/Mahsa/datasets/grid/test/s32/lria8s.mpg,133,165,2.006382942199707,0.965413716421796
193,3,/home/nabizadz/Projects/Mahsa/datasets/grid/test/s32/lbwu5n.mpg,261,293,3.9814391136169434,0.874192081570376
193,4,/home/nabizadz/Projects/Mahsa/datasets/grid/test/s32/lwavzs.mpg,267,299,4.363963603973389,0.9663864190545471
193,5,/home/nabizadz/Projects/Mahsa/datasets/grid/test/s32/swal6a.mpg,232,264,4.167055130004883,0.8753770519271834
193,6,/home/nabizadz/Projects/Mahsa/datasets/grid/test/s32/sbid4s.mpg,255,287,4.217694282531738,0.8894097840202859
193,7,/home/nabizadz/Projects/Mahsa/datasets/grid/test/s32/lwwv8s.mpg,167,199,2.1524322032928467,0.9468607191257029
193,8,/home/nabizadz/Projects/Mahsa/datasets/grid/test/s32/swil2a.mpg,165,197,3.4407198429107666,0.9153327341613762
193,9,/home/nabizadz/Projects/Mahsa/datasets/grid/test/s32/lrao2a.mpg,93,125,3.124664068222046,0.9401688868005086
193,10,/home/nabizadz/Projects/Mahsa/datasets/grid/test/s32/pgabza.mpg,27,59,3.092801570892334,0.9627618136379725
193,11,/home/nabizadz/Projects/Mahsa/datasets/grid/test/s32/srbe8s.mpg,28,60,4.026723384857178,0.9733694878532326
193,12,/home/nabizadz/Projects/Mahsa/datasets/grid/test/s32/pgit5n.mpg,68,100,3.1002910137176514,0.949133186225924
193,13,/home/nabizadz/Projects/Mahsa/datasets/grid/test/s32/pbal8s.mpg,217,249,4.103768825531006,0.8035316790082861
193,14,/home/nabizadz/Projects/Mahsa/datasets/grid/test/s32/sgif1n.mpg,248,280,4.073028087615967,0.8427929046814623
193,15,/home/nabizadz/Projects/Mahsa/datasets/grid/test/s32/bbbxza.mpg,266,298,3.63494873046875,0.8769562443559193
194,0,/home/nabizadz/Projects/Mahsa/datasets/grid/test/s32/lbbu2s.mpg,234,266,4.115443229675293,0.8576186043808388
194,1,/home/nabizadz/Projects/Mahsa/datasets/grid/test/s32/srid9n.mpg,176,208,2.718461275100708,0.9506367975808806
194,2,/home/nabizadz/Projects/Mahsa/datasets/grid/test/s32/bgby5n.mpg,170,202,3.4090192317962646,0.9692653947566499
194,3,/home/nabizadz/Projects/Mahsa/datasets/grid/test/s32/swws7p.mpg,22,54,4.001117706298828,0.9770577566461619
194,4,/home/nabizadz/Projects/Mahsa/datasets/grid/test/s32/brbx4s.mpg,185,217,4.142725944519043,0.8894943393131718
194,5,/home/nabizadz/Projects/Mahsa/datasets/grid/test/s32/srirza.mpg,165,197,2.082850933074951,0.9535527108171015
194,6,/home/nabizadz/Projects/Mahsa/datasets/grid/test/s32/pgig9p.mpg,116,148,2.7370288372039795,0.9418318739496161
194,7,/home/nabizadz/Projects/Mahsa/datasets/grid/test/s32/pras7n.mpg,91,123,3.230980157852173,0.9662454577621068
194,8,/home/nabizadz/Projects/Mahsa/datasets/grid/test/s32/swbs3p.mpg,114,146,2.685162305831909,0.9432505921616353
194,9,/home/nabizadz/Projects/Mahsa/datasets/grid/test/s32/swbf4s.mpg,88,120,2.6570377349853516,0.9433027031747856
194,10,/home/nabizadz/Projects/Mahsa/datasets/grid/test/s32/sbwe5n.mpg,210,242,4.135842323303223,0.8516130748079211
194,11,/home/nabizadz/Projects/Mahsa/datasets/grid/test/s32/primzs.mpg,101,133,3.102383613586426,0.9563523595302309
194,12,/home/nabizadz/Projects/Mahsa/datasets/grid/test/s32/sray7p.mpg,146,178,3.551650047302246,0.9451238960118513
194,13,/home/nabizadz/Projects/Mahsa/datasets/grid/test/s32/lrwb9n.mpg,2,34,3.8728723526000977,0.9382339584001863
194,14,/home/nabizadz/Projects/Mahsa/datasets/grid/test/s32/lbit6a.mpg,73,105,2.6505722999572754,0.9438659960475835
194,15,/home/nabizadz/Projects/Mahsa/datasets/grid/test/s32/sgwg5p.mpg,79,111,2.995845079421997,0.9541529783457493
195,0,/home/nabizadz/Projects/Mahsa/datasets/grid/test/s32/pbbf8s.mpg,117,149,3.0740792751312256,0.9523492378215109
195,1,/home/nabizadz/Projects/Mahsa/datasets/grid/test/s32/bgaezs.mpg,238,270,4.174642086029053,0.846594533933738
195,2,/home/nabizadz/Projects/Mahsa/datasets/grid/test/s32/bgbk8s.mpg,179,211,3.5026607513427734,0.9759370691862218
195,3,/home/nabizadz/Projects/Mahsa/datasets/grid/test/s32/bgbe4s.mpg,266,298,4.272303104400635,0.8957037216011414
195,4,/home/nabizadz/Projects/Mahsa/datasets/grid/test/s32/pwwbzs.mpg,224,256,4.122927188873291,0.8243892108508857
195,5,/home/nabizadz/Projects/Mahsa/datasets/grid/test/s32/pgah4a.mpg,93,125,2.7238712310791016,0.9616817945221394
195,6,/home/nabizadz/Projects/Mahsa/datasets/grid/test/s32/lribza.mpg,153,185,2.1913180351257324,0.9411068235184751
195,7,/home/nabizadz/Projects/Mahsa/datasets/grid/test/s32/sbwr5p.mpg,193,225,4.247623920440674,0.8765656325017099
195,8,/home/nabizadz/Projects/Mahsa/datasets/grid/test/s32/brii8s.mpg,158,190,3.0347700119018555,0.9496016807784764
195,9,/home/nabizadz/Projects/Mahsa/datasets/grid/test/s32/brwd5n.mpg,59,91,2.463785409927368,0.9695132155246653
195,10,/home/nabizadz/Projects/Mahsa/datasets/grid/test/s32/bbbc8a.mpg,207,239,4.260164260864258,0.9194864957005535
195,11,/home/nabizadz/Projects/Mahsa/datasets/grid/test/s32/lwbpzs.mpg,238,270,3.5842905044555664,0.9774629448248554
195,12,/home/nabizadz/Projects/Mahsa/datasets/grid/test/s32/pbaf5p.mpg,59,91,2.848222494125366,0.9628362019749154
195,13,/home/nabizadz/Projects/Mahsa/datasets/grid/test/s32/pbifzs.mpg,205,237,4.034665107727051,0.8853508723206867
195,14,/home/nabizadz/Projects/Mahsa/datasets/grid/test/s32/lwab9p.mpg,156,188,3.548412561416626,0.9468485515430923
195,15,/home/nabizadz/Projects/Mahsa/datasets/grid/test/s32/lbin2a.mpg,20,52,3.62027907371521,0.971566209134077
196,0,/home/nabizadz/Projects/Mahsa/datasets/grid/test/s32/sbbk5n.mpg,149,181,2.8894362449645996,0.9442805600586409
196,1,/home/nabizadz/Projects/Mahsa/datasets/grid/test/s32/lran9n.mpg,31,63,3.126380443572998,0.9579018414033205
196,2,/home/nabizadz/Projects/Mahsa/datasets/grid/test/s32/bwidzs.mpg,156,188,2.865304946899414,0.943282462330798
196,3,/home/nabizadz/Projects/Mahsa/datasets/grid/test/s32/srbl1n.mpg,205,237,4.254608154296875,0.9514058075116172
196,4,/home/nabizadz/Projects/Mahsa/datasets/grid/test/s32/brbj5n.mpg,137,169,3.248457670211792,0.9579297185972264
196,5,/home/nabizadz/Projects/Mahsa/datasets/grid/test/s32/pgwi2a.mpg,36,68,3.2389659881591797,0.9339111464234603
196,6,/home/nabizadz/Projects/Mahsa/datasets/grid/test/s32/pbas3p.mpg,28,60,3.8634181022644043,0.9971083181891104
196,7,/home/nabizadz/Projects/Mahsa/datasets/grid/test/s32/brac7n.mpg,224,256,4.147286891937256,0.9602276579685844
196,8,/home/nabizadz/Projects/Mahsa/datasets/grid/test/s32/pgbb4a.mpg,180,212,3.4298009872436523,0.964111584759305
196,9,/home/nabizadz/Projects/Mahsa/datasets/grid/test/s32/brip3p.mpg,148,180,3.6183764934539795,0.9557092079800699
196,10,/home/nabizadz/Projects/Mahsa/datasets/grid/test/s32/bbivzs.mpg,255,287,4.31678581237793,0.937193912324718
196,11,/home/nabizadz/Projects/Mahsa/datasets/grid/test/s32/lgbp8a.mpg,212,244,4.296339511871338,0.8825892392927961
196,12,/home/nabizadz/Projects/Mahsa/datasets/grid/test/s32/bwwe4a.mpg,91,123,2.785794734954834,0.958842348581248
196,13,/home/nabizadz/Projects/Mahsa/datasets/grid/test/s32/pbbm1n.mpg,220,252,4.280836582183838,0.837233542298393
196,14,/home/nabizadz/Projects/Mahsa/datasets/grid/test/s32/bbap2a.mpg,263,295,4.240357875823975,0.9333789547305337
196,15,/home/nabizadz/Projects/Mahsa/datasets/grid/test/s32/brbx6a.mpg,184,216,2.7232437133789062,0.9474085410266808
197,0,/home/nabizadz/Projects/Mahsa/datasets/grid/test/s32/pgia5p.mpg,60,92,2.783458709716797,0.9195745168631818
197,1,/home/nabizadz/Projects/Mahsa/datasets/grid/test/s32/bwip7n.mpg,84,116,2.507061004638672,0.9551083178294613
197,2,/home/nabizadz/Projects/Mahsa/datasets/grid/test/s32/swar7n.mpg,49,81,3.3216493129730225,0.9656358855316762
197,3,/home/nabizadz/Projects/Mahsa/datasets/grid/test/s32/pgin3p.mpg,171,203,4.1753153800964355,0.9554566418311053
197,4,/home/nabizadz/Projects/Mahsa/datasets/grid/test/s32/pgig8s.mpg,246,278,4.21883487701416,0.9292798224943047
197,5,/home/nabizadz/Projects/Mahsa/datasets/grid/test/s32/lgwqzs.mpg,224,256,4.380555152893066,0.91237965005244
197,6,/home/nabizadz/Projects/Mahsa/datasets/grid/test/s32/bwij4s.mpg,203,235,3.9559857845306396,0.9264725333455479
197,7,/home/nabizadz/Projects/Mahsa/datasets/grid/test/s32/sgwazs.mpg,236,268,4.2582526206970215,0.9257568770605514
197,8,/home/nabizadz/Projects/Mahsa/datasets/grid/test/s32/sbaq5n.mpg,181,213,2.3068032264709473,0.96301387137924
197,9,/home/nabizadz/Projects/Mahsa/datasets/grid/test/s32/sgbf9n.mpg,68,100,2.7890210151672363,0.9552751668340962
197,10,/home/nabizadz/Projects/Mahsa/datasets/grid/test/s32/sbay1p.mpg,126,158,2.593902111053467,0.9581673416331188
197,11,/home/nabizadz/Projects/Mahsa/datasets/grid/test/s32/pwwh3n.mpg,153,185,3.0228445529937744,0.9429533371575152
197,12,/home/nabizadz/Projects/Mahsa/datasets/grid/test/s32/prwa5p.mpg,198,230,4.230443477630615,0.9703150426610669
197,13,/home/nabizadz/Projects/Mahsa/datasets/grid/test/s32/pgah1n.mpg,249,281,4.436009407043457,0.9314084095536836
197,14,/home/nabizadz/Projects/Mahsa/datasets/grid/test/s32/pbiz1n.mpg,36,68,2.9631471633911133,0.9775422252733641
197,15,/home/nabizadz/Projects/Mahsa/datasets/grid/test/s32/sriezs.mpg,159,191,1.8650293350219727,0.9515093060325227
198,0,/home/nabizadz/Projects/Mahsa/datasets/grid/test/s32/lgav8a.mpg,57,89,3.0525412559509277,0.9518004417340301
198,1,/home/nabizadz/Projects/Mahsa/datasets/grid/test/s32/pwat6a.mpg,267,299,3.6831440925598145,0.883872616262263
198,2,/home/nabizadz/Projects/Mahsa/datasets/grid/test/s32/swaz2s.mpg,8,40,4.373978614807129,0.9746113015052621
198,3,/home/nabizadz/Projects/Mahsa/datasets/grid/test/s32/lgwj8a.mpg,206,238,4.15234899520874,0.8968511355058291
198,4,/home/nabizadz/Projects/Mahsa/datasets/grid/test/s32/brii7n.mpg,257,289,4.440579891204834,0.8950154845627801
198,5,/home/nabizadz/Projects/Mahsa/datasets/grid/test/s32/bwad6a.mpg,216,248,4.176887512207031,0.951082543430786
198,6,/home/nabizadz/Projects/Mahsa/datasets/grid/test/s32/lbbb1p.mpg,30,62,3.7116968631744385,0.9828747592258765
198,7,/home/nabizadz/Projects/Mahsa/datasets/grid/test/s32/lbbu1n.mpg,158,190,3.104412317276001,0.9738484921455192
198,8,/home/nabizadz/Projects/Mahsa/datasets/grid/test/s32/sgil7p.mpg,71,103,2.84934663772583,0.9657662337646198
198,9,/home/nabizadz/Projects/Mahsa/datasets/grid/test/s32/lbwh8s.mpg,197,229,4.322197437286377,0.9451236360157561
198,10,/home/nabizadz/Projects/Mahsa/datasets/grid/test/s32/lwwv7n.mpg,229,261,4.336472988128662,0.9337387213286978
198,11,/home/nabizadz/Projects/Mahsa/datasets/grid/test/s32/srwr9n.mpg,116,148,3.6276140213012695,0.9280486993537177
198,12,/home/nabizadz/Projects/Mahsa/datasets/grid/test/s32/brwj9n.mpg,212,244,4.25601053237915,0.8896497835648239
198,13,/home/nabizadz/Projects/Mahsa/datasets/grid/test/s32/swbmza.mpg,263,295,4.2406768798828125,0.976676079260838
198,14,/home/nabizadz/Projects/Mahsa/datasets/grid/test/s32/sralza.mpg,178,210,3.615415334701538,0.9506369609915913
198,15,/home/nabizadz/Projects/Mahsa/datasets/grid/test/s32/sbwk9n.mpg,43,75,2.8439526557922363,0.9510154591199959
199,0,/home/nabizadz/Projects/Mahsa/datasets/grid/test/s32/bwwy3n.mpg,95,127,3.4234607219696045,0.95985909995158
199,1,/home/nabizadz/Projects/Mahsa/datasets/grid/test/s32/pbwm5n.mpg,159,191,2.6345584392547607,0.9338033276648942
199,2,/home/nabizadz/Projects/Mahsa/datasets/grid/test/s32/lbwu6s.mpg,81,113,2.649590253829956,0.952959126532509
199,3,/home/nabizadz/Projects/Mahsa/datasets/grid/test/s32/bbwd1p.mpg,206,238,4.077223300933838,0.8224376269055707
199,4,/home/nabizadz/Projects/Mahsa/datasets/grid/test/s32/pwim5n.mpg,73,105,1.77131986618042,0.9683942052658804
199,5,/home/nabizadz/Projects/Mahsa/datasets/grid/test/s32/sbix6s.mpg,196,228,4.372173309326172,0.9246081140612455
199,6,/home/nabizadz/Projects/Mahsa/datasets/grid/test/s32/briv7p.mpg,46,78,3.0543477535247803,0.933969461919226
199,7,/home/nabizadz/Projects/Mahsa/datasets/grid/test/s32/bgij9n.mpg,142,174,2.8731789588928223,0.9124655001935459
199,8,/home/nabizadz/Projects/Mahsa/datasets/grid/test/s32/srae4s.mpg,153,185,3.2967875003814697,0.9212153422813399
199,9,/home/nabizadz/Projects/Mahsa/datasets/grid/test/s32/bwbk2s.mpg,231,263,4.249045372009277,0.867374982076869
199,10,/home/nabizadz/Projects/Mahsa/datasets/grid/test/s32/pgwb5n.mpg,53,85,2.975792169570923,0.9279994273503656
199,11,/home/nabizadz/Projects/Mahsa/datasets/grid/test/s32/sbaq7p.mpg,204,236,4.123921871185303,0.9421324819370982
199,12,/home/nabizadz/Projects/Mahsa/datasets/grid/test/s32/lgajza.mpg,220,252,3.5520739555358887,0.9090844829514154
199,13,/home/nabizadz/Projects/Mahsa/datasets/grid/test/s32/sbikza.mpg,44,76,2.705681562423706,0.9524748690079818
199,14,/home/nabizadz/Projects/Mahsa/datasets/grid/test/s32/lwab8s.mpg,66,98,2.9440042972564697,0.9557997260724013
199,15,/home/nabizadz/Projects/Mahsa/datasets/grid/test/s32/lgiv1n.mpg,265,297,4.231725215911865,0.9011798737048493
200,0,/home/nabizadz/Projects/Mahsa/datasets/grid/test/s32/priz9p.mpg,142,174,3.3195791244506836,0.9646613415456062
200,1,/home/nabizadz/Projects/Mahsa/datasets/grid/test/s32/bgby7p.mpg,235,267,4.36635160446167,0.9801049444822718
200,2,/home/nabizadz/Projects/Mahsa/datasets/grid/test/s32/lrau5p.mpg,13,45,2.170001268386841,0.9889125174389992
200,3,/home/nabizadz/Projects/Mahsa/datasets/grid/test/s32/prbm7n.mpg,130,162,2.919809579849243,0.9531026742157397
200,4,/home/nabizadz/Projects/Mahsa/datasets/grid/test/s32/sgwt2s.mpg,102,134,3.18196439743042,0.954558502710233
200,5,/home/nabizadz/Projects/Mahsa/datasets/grid/test/s32/lwiu8a.mpg,259,291,4.092780113220215,0.8905077624525324
200,6,/home/nabizadz/Projects/Mahsa/datasets/grid/test/s32/lria7n.mpg,1,33,3.4154789447784424,0.9893726001571823
200,7,/home/nabizadz/Projects/Mahsa/datasets/grid/test/s32/lbwu8a.mpg,252,284,4.292391777038574,0.8977510756010209
200,8,/home/nabizadz/Projects/Mahsa/datasets/grid/test/s32/bwwe2s.mpg,52,84,2.586972236633301,0.9529875384756591
200,9,/home/nabizadz/Projects/Mahsa/datasets/grid/test/s32/lrin8a.mpg,74,106,2.031629800796509,0.9352625790022477
200,10,/home/nabizadz/Projects/Mahsa/datasets/grid/test/s32/brwyza.mpg,177,209,2.4790709018707275,0.9272425735350512
200,11,/home/nabizadz/Projects/Mahsa/datasets/grid/test/s32/bgby8a.mpg,153,185,2.8708884716033936,0.9520513901810344
200,12,/home/nabizadz/Projects/Mahsa/datasets/grid/test/s32/pwan2a.mpg,16,48,4.301842212677002,0.9590042563500384
200,13,/home/nabizadz/Projects/Mahsa/datasets/grid/test/s32/bbav6a.mpg,261,293,4.145234107971191,0.9242781550775984
200,14,/home/nabizadz/Projects/Mahsa/datasets/grid/test/s32/swaz3p.mpg,265,297,4.269238471984863,0.923853197579817
200,15,/home/nabizadz/Projects/Mahsa/datasets/grid/test/s32/bwip9p.mpg,5,37,3.981959819793701,0.9677651804856031
201,0,/home/nabizadz/Projects/Mahsa/datasets/grid/test/s32/lrbb8a.mpg,68,100,3.238107204437256,0.9650207784357241
201,1,/home/nabizadz/Projects/Mahsa/datasets/grid/test/s32/lgap2s.mpg,199,231,4.139443874359131,0.8310563102079943
201,2,/home/nabizadz/Projects/Mahsa/datasets/grid/test/s32/srik3n.mpg,207,239,4.151453495025635,0.8998404596063071
201,3,/home/nabizadz/Projects/Mahsa/datasets/grid/test/s32/sbij7n.mpg,61,93,2.9610702991485596,0.9762703802233572
201,4,/home/nabizadz/Projects/Mahsa/datasets/grid/test/s32/sbid5p.mpg,108,140,3.4746897220611572,0.9650352212991817
201,5,/home/nabizadz/Projects/Mahsa/datasets/grid/test/s32/lgiv2s.mpg,149,181,3.3155064582824707,0.9652800593625023
201,6,/home/nabizadz/Projects/Mahsa/datasets/grid/test/s32/pgan8a.mpg,114,146,3.416837453842163,0.9610918548427629
201,7,/home/nabizadz/Projects/Mahsa/datasets/grid/test/s32/bgae1p.mpg,123,155,3.076103448867798,0.9732217182973881
201,8,/home/nabizadz/Projects/Mahsa/datasets/grid/test/s32/sgaz9p.mpg,245,277,4.159458160400391,0.8961888856809598
201,9,/home/nabizadz/Projects/Mahsa/datasets/grid/test/s32/lgbx1p.mpg,167,199,3.786489963531494,0.9361037785824946
201,10,/home/nabizadz/Projects/Mahsa/datasets/grid/test/s32/sgif2s.mpg,57,89,2.6116392612457275,0.9714322695837161
201,11,/home/nabizadz/Projects/Mahsa/datasets/grid/test/s32/pbie9n.mpg,209,241,4.403355121612549,0.9403703490852412
201,12,/home/nabizadz/Projects/Mahsa/datasets/grid/test/s32/bbbp4s.mpg,159,191,3.3595871925354004,0.9453622830473588
201,13,/home/nabizadz/Projects/Mahsa/datasets/grid/test/s32/sbbk8a.mpg,173,205,3.59635329246521,0.936168592566817
201,14,/home/nabizadz/Projects/Mahsa/datasets/grid/test/s32/pris6a.mpg,155,187,2.518399238586426,0.9425976778799446
201,15,/home/nabizadz/Projects/Mahsa/datasets/grid/test/s32/lrwo9p.mpg,145,177,3.4453988075256348,0.9470660491851545
202,0,/home/nabizadz/Projects/Mahsa/datasets/grid/test/s32/sbiq1n.mpg,214,246,4.274060249328613,0.9318577620913193
202,1,/home/nabizadz/Projects/Mahsa/datasets/grid/test/s32/pbamza.mpg,196,228,4.012788772583008,0.9554024455531789
202,2,/home/nabizadz/Projects/Mahsa/datasets/grid/test/s32/bric4s.mpg,32,64,3.410966157913208,0.9679975709163268
202,3,/home/nabizadz/Projects/Mahsa/datasets/grid/test/s32/pwwu3p.mpg,173,205,4.060091495513916,0.9433875473127493
202,4,/home/nabizadz/Projects/Mahsa/datasets/grid/test/s32/sbbe2s.mpg,172,204,3.870712995529175,0.9683927529181919
202,5,/home/nabizadz/Projects/Mahsa/datasets/grid/test/s32/brii9p.mpg,176,208,3.864710569381714,0.9509706111306202
202,6,/home/nabizadz/Projects/Mahsa/datasets/grid/test/s32/sgwm9p.mpg,242,274,4.245490074157715,0.8858283242479307
202,7,/home/nabizadz/Projects/Mahsa/datasets/grid/test/s32/lgai8s.mpg,208,240,4.224020957946777,0.9601144634835862
202,8,/home/nabizadz/Projects/Mahsa/datasets/grid/test/s32/pwbn5p.mpg,79,111,2.9730300903320312,0.9629215945267959
202,9,/home/nabizadz/Projects/Mahsa/datasets/grid/test/s32/swafzs.mpg,239,271,4.307125091552734,0.9161572208619259
202,10,/home/nabizadz/Projects/Mahsa/datasets/grid/test/s32/pbbz9n.mpg,177,209,4.000121593475342,0.9634562620536533
202,11,/home/nabizadz/Projects/Mahsa/datasets/grid/test/s32/lrbu9p.mpg,45,77,3.762589693069458,0.9624284423733798
202,12,/home/nabizadz/Projects/Mahsa/datasets/grid/test/s32/lbbh5p.mpg,39,71,2.7101683616638184,0.9531734068615213
202,13,/home/nabizadz/Projects/Mahsa/datasets/grid/test/s32/lwbp2a.mpg,252,284,4.11155366897583,0.8463810360775682
202,14,/home/nabizadz/Projects/Mahsa/datasets/grid/test/s32/brap7p.mpg,247,279,3.9387636184692383,0.8811133950572365
202,15,/home/nabizadz/Projects/Mahsa/datasets/grid/test/s32/lwiu5n.mpg,162,194,3.7002310752868652,0.9638654110926902
203,0,/home/nabizadz/Projects/Mahsa/datasets/grid/test/s32/swbs2s.mpg,139,171,3.3796708583831787,0.9493043117324581
203,1,/home/nabizadz/Projects/Mahsa/datasets/grid/test/s32/lbia1n.mpg,4,36,4.250709533691406,0.9515432580347168
203,2,/home/nabizadz/Projects/Mahsa/datasets/grid/test/s32/pwwoza.mpg,56,88,3.5182127952575684,0.9752542550997962
203,3,/home/nabizadz/Projects/Mahsa/datasets/grid/test/s32/lgib9n.mpg,93,125,2.7152345180511475,0.9543355357453912
203,4,/home/nabizadz/Projects/Mahsa/datasets/grid/test/s32/lwwc7p.mpg,240,272,4.28890323638916,0.9791783814112816
203,5,/home/nabizadz/Projects/Mahsa/datasets/grid/test/s32/bwby1p.mpg,44,76,2.9331910610198975,0.9354227419974553
203,6,/home/nabizadz/Projects/Mahsa/datasets/grid/test/s32/pbir8s.mpg,58,90,3.087197780609131,0.9470171439501774
203,7,/home/nabizadz/Projects/Mahsa/datasets/grid/test/s32/sgiz4s.mpg,236,268,4.059081077575684,0.8518530217073277
203,8,/home/nabizadz/Projects/Mahsa/datasets/grid/test/s32/pwba7p.mpg,13,45,4.454297065734863,0.9788020174643206
203,9,/home/nabizadz/Projects/Mahsa/datasets/grid/test/s32/pgat9n.mpg,87,119,3.0103416442871094,0.9612188589259577
203,10,/home/nabizadz/Projects/Mahsa/datasets/grid/test/s32/pbwm6s.mpg,129,161,3.494063377380371,0.9568720365830256
203,11,/home/nabizadz/Projects/Mahsa/datasets/grid/test/s32/lwih7n.mpg,179,211,3.7552056312561035,0.962008614026464
203,12,/home/nabizadz/Projects/Mahsa/datasets/grid/test/s32/lrih3p.mpg,220,252,4.3791279792785645,0.8551450928190761
203,13,/home/nabizadz/Projects/Mahsa/datasets/grid/test/s32/sgbg1p.mpg,171,203,3.2247848510742188,0.9396997453569828
203,14,/home/nabizadz/Projects/Mahsa/datasets/grid/test/s32/sgaf6s.mpg,62,94,2.607572555541992,0.9697034209714847
203,15,/home/nabizadz/Projects/Mahsa/datasets/grid/test/s32/bbai5n.mpg,256,288,4.294129848480225,0.9146098680136217
204,0,/home/nabizadz/Projects/Mahsa/datasets/grid/test/s32/srbl3p.mpg,220,252,4.33277702331543,0.8195900371612789
204,1,/home/nabizadz/Projects/Mahsa/datasets/grid/test/s32/lrwpza.mpg,144,176,2.719539165496826,0.9338052467740054
204,2,/home/nabizadz/Projects/Mahsa/datasets/grid/test/s32/swbl9p.mpg,109,141,2.0757954120635986,0.9577401503298989
204,3,/home/nabizadz/Projects/Mahsa/datasets/grid/test/s32/pgbh5n.mpg,241,273,4.3715901374816895,0.8932779270549756
204,4,/home/nabizadz/Projects/Mahsa/datasets/grid/test/s32/pgin2s.mpg,3,35,3.818497896194458,0.9621591462825789
204,5,/home/nabizadz/Projects/Mahsa/datasets/grid/test/s32/bwwe1n.mpg,55,87,1.826639175415039,0.943886501752043
204,6,/home/nabizadz/Projects/Mahsa/datasets/grid/test/s32/prwg7n.mpg,104,136,2.926222085952759,0.9525345361233827
204,7,/home/nabizadz/Projects/Mahsa/datasets/grid/test/s32/sbwe6s.mpg,24,56,3.7088921070098877,0.9790154048694117
204,8,/home/nabizadz/Projects/Mahsa/datasets/grid/test/s32/sbbk6s.mpg,30,62,3.7219748497009277,0.963559097128128
204,9,/home/nabizadz/Projects/Mahsa/datasets/grid/test/s32/bwbk3p.mpg,62,94,2.7122700214385986,0.9517033884111358
204,10,/home/nabizadz/Projects/Mahsa/datasets/grid/test/s32/sbiq3p.mpg,180,212,3.985924482345581,0.921455482350052
204,11,/home/nabizadz/Projects/Mahsa/datasets/grid/test/s32/swir6a.mpg,105,137,3.0786521434783936,0.9538387465157271
204,12,/home/nabizadz/Projects/Mahsa/datasets/grid/test/s32/srbz2a.mpg,63,95,3.0035879611968994,0.9533825629280175
204,13,/home/nabizadz/Projects/Mahsa/datasets/grid/test/s32/pbbf9p.mpg,54,86,3.0294063091278076,0.95966398152753
204,14,/home/nabizadz/Projects/Mahsa/datasets/grid/test/s32/prwn3p.mpg,139,171,3.1015467643737793,0.955970466599772
204,15,/home/nabizadz/Projects/Mahsa/datasets/grid/test/s32/lbwo4a.mpg,91,123,2.3407249450683594,0.9373273892142786
205,0,/home/nabizadz/Projects/Mahsa/datasets/grid/test/s32/lgwj5n.mpg,115,147,3.0885393619537354,0.9364431534708628
205,1,/home/nabizadz/Projects/Mahsa/datasets/grid/test/s32/bgwl2s.mpg,120,152,2.4473350048065186,0.9092648082638296
205,2,/home/nabizadz/Projects/Mahsa/datasets/grid/test/s32/pwaa2s.mpg,116,148,3.544914722442627,0.978432152325053
205,3,/home/nabizadz/Projects/Mahsa/datasets/grid/test/s32/bwaq3p.mpg,183,215,4.076646327972412,0.9171284343079882
205,4,/home/nabizadz/Projects/Mahsa/datasets/grid/test/s32/lrbvza.mpg,194,226,3.9761574268341064,0.9610598646193184
205,5,/home/nabizadz/Projects/Mahsa/datasets/grid/test/s32/swiy9p.mpg,192,224,4.395862102508545,0.9509831066889652
205,6,/home/nabizadz/Projects/Mahsa/datasets/grid/test/s32/brbx5p.mpg,264,296,4.377634048461914,0.9880566528435881
205,7,/home/nabizadz/Projects/Mahsa/datasets/grid/test/s32/sgwg6a.mpg,127,159,2.874894857406616,0.9544095752490102
205,8,/home/nabizadz/Projects/Mahsa/datasets/grid/test/s32/bgwr6s.mpg,36,68,3.161741018295288,0.9372329492234734
205,9,/home/nabizadz/Projects/Mahsa/datasets/grid/test/s32/bwbk4a.mpg,93,125,2.6899383068084717,0.9345263291235458
205,10,/home/nabizadz/Projects/Mahsa/datasets/grid/test/s32/pwwn9p.mpg,75,107,3.125952959060669,0.9545230308944875
205,11,/home/nabizadz/Projects/Mahsa/datasets/grid/test/s32/pgah2s.mpg,119,151,2.6603193283081055,0.937641476125886
205,12,/home/nabizadz/Projects/Mahsa/datasets/grid/test/s32/srie2a.mpg,126,158,3.324490547180176,0.9203733523826703
205,13,/home/nabizadz/Projects/Mahsa/datasets/grid/test/s32/pbwtzs.mpg,153,185,3.355271816253662,0.9564422339404965
205,14,/home/nabizadz/Projects/Mahsa/datasets/grid/test/s32/lrab4a.mpg,193,225,4.222489356994629,0.8695744633393684
205,15,/home/nabizadz/Projects/Mahsa/datasets/grid/test/s32/srak8s.mpg,57,89,2.2593793869018555,0.9609213220488567
206,0,/home/nabizadz/Projects/Mahsa/datasets/grid/test/s32/sbwl2a.mpg,109,141,2.8771913051605225,0.9194912655189728
206,1,/home/nabizadz/Projects/Mahsa/datasets/grid/test/s32/prba1p.mpg,95,127,3.489410638809204,0.9707200436104061
206,2,/home/nabizadz/Projects/Mahsa/datasets/grid/test/s32/braxzs.mpg,131,163,2.3092479705810547,0.9782599117998604
206,3,/home/nabizadz/Projects/Mahsa/datasets/grid/test/s32/sriq7n.mpg,156,188,3.2433371543884277,0.9237409328854224
206,4,/home/nabizadz/Projects/Mahsa/datasets/grid/test/s32/lgap4a.mpg,147,179,2.942115306854248,0.949441327885866
206,5,/home/nabizadz/Projects/Mahsa/datasets/grid/test/s32/pwat5p.mpg,15,47,4.305227279663086,0.9479400783251536
206,6,/home/nabizadz/Projects/Mahsa/datasets/grid/test/s32/lbwh9p.mpg,64,96,2.851743221282959,0.9506533843191055
206,7,/home/nabizadz/Projects/Mahsa/datasets/grid/test/s32/lrih2s.mpg,84,116,3.0878851413726807,0.9377422437575625
206,8,/home/nabizadz/Projects/Mahsa/datasets/grid/test/s32/bbwp9p.mpg,192,224,3.837585210800171,0.934653682572864
206,9,/home/nabizadz/Projects/Mahsa/datasets/grid/test/s32/lbwiza.mpg,200,232,4.2123541831970215,0.9110558408646731
206,10,/home/nabizadz/Projects/Mahsa/datasets/grid/test/s32/sbix8a.mpg,261,293,4.016763687133789,0.9188681541197127
206,11,/home/nabizadz/Projects/Mahsa/datasets/grid/test/s32/bwwr1p.mpg,100,132,3.3543541431427,0.9505807045744549
206,12,/home/nabizadz/Projects/Mahsa/datasets/grid/test/s32/brijza.mpg,162,194,3.262511968612671,0.9181287005448947
206,13,/home/nabizadz/Projects/Mahsa/datasets/grid/test/s32/prbg4s.mpg,264,296,3.790648937225342,0.8892500949273218
206,14,/home/nabizadz/Projects/Mahsa/datasets/grid/test/s32/prbm8s.mpg,161,193,3.034240484237671,0.9306946812277811
206,15,/home/nabizadz/Projects/Mahsa/datasets/grid/test/s32/pgwb6s.mpg,240,272,4.1844611167907715,0.932771260988534
207,0,/home/nabizadz/Projects/Mahsa/datasets/grid/test/s32/bwax6s.mpg,37,69,2.0172946453094482,0.9682849273290127
207,1,/home/nabizadz/Projects/Mahsa/datasets/grid/test/s32/prwt7p.mpg,105,137,2.9313035011291504,0.9640506589309783
207,2,/home/nabizadz/Projects/Mahsa/datasets/grid/test/s32/bwaq2s.mpg,30,62,4.088732719421387,0.9550277866694167
207,3,/home/nabizadz/Projects/Mahsa/datasets/grid/test/s32/swar8s.mpg,243,275,4.228837966918945,0.838383747476808
207,4,/home/nabizadz/Projects/Mahsa/datasets/grid/test/s32/pwag6s.mpg,146,178,2.8189609050750732,0.930858876583752
207,5,/home/nabizadz/Projects/Mahsa/datasets/grid/test/s32/bgad9n.mpg,46,78,1.7160396575927734,0.9349103481061359
207,6,/home/nabizadz/Projects/Mahsa/datasets/grid/test/s32/lgbxzs.mpg,106,138,3.0921192169189453,0.9613545534198015
207,7,/home/nabizadz/Projects/Mahsa/datasets/grid/test/s32/swbl8s.mpg,200,232,4.135141372680664,0.964204071380659
207,8,/home/nabizadz/Projects/Mahsa/datasets/grid/test/s32/lbbn7n.mpg,228,260,4.4555230140686035,0.8669741650525212
207,9,/home/nabizadz/Projects/Mahsa/datasets/grid/test/s32/swbf5p.mpg,112,144,1.9759252071380615,0.9537365061193332
207,10,/home/nabizadz/Projects/Mahsa/datasets/grid/test/s32/sgwg4s.mpg,27,59,3.314246654510498,0.9761437413750034
207,11,/home/nabizadz/Projects/Mahsa/datasets/grid/test/s32/prif7p.mpg,140,172,3.00217342376709,0.9449725766441041
207,12,/home/nabizadz/Projects/Mahsa/datasets/grid/test/s32/sbwr3n.mpg,20,52,4.289692401885986,0.9539391178290637
207,13,/home/nabizadz/Projects/Mahsa/datasets/grid/test/s32/sbaq8a.mpg,141,173,2.950699806213379,0.964486802876018
207,14,/home/nabizadz/Projects/Mahsa/datasets/grid/test/s32/lwbi5n.mpg,71,103,2.5973260402679443,0.9588746156177803
207,15,/home/nabizadz/Projects/Mahsa/datasets/grid/test/s32/swir3n.mpg,61,93,3.476962089538574,0.9708684137969429
208,0,/home/nabizadz/Projects/Mahsa/datasets/grid/test/s32/lwib6a.mpg,74,106,2.769641399383545,0.922736198493675
208,1,/home/nabizadz/Projects/Mahsa/datasets/grid/test/s32/lwio4a.mpg,253,285,4.2058491706848145,0.9033783727353337
208,2,/home/nabizadz/Projects/Mahsa/datasets/grid/test/s32/srbr6s.mpg,40,72,3.664055585861206,0.9442025350967196
208,3,/home/nabizadz/Projects/Mahsa/datasets/grid/test/s32/bbbp3n.mpg,68,100,3.215745449066162,0.8919965520952968
208,4,/home/nabizadz/Projects/Mahsa/datasets/grid/test/s32/bwbeza.mpg,256,288,4.369576930999756,0.9215079737808439
208,5,/home/nabizadz/Projects/Mahsa/datasets/grid/test/s32/lrbb7p.mpg,94,126,2.670003890991211,0.9562837804135201
208,6,/home/nabizadz/Projects/Mahsa/datasets/grid/test/s32/pwbh1p.mpg,15,47,4.177133083343506,0.9944949913245303
208,7,/home/nabizadz/Projects/Mahsa/datasets/grid/test/s32/lgwj7p.mpg,93,125,1.5482674837112427,0.9101779115142867
208,8,/home/nabizadz/Projects/Mahsa/datasets/grid/test/s32/srwl6s.mpg,181,213,2.1091222763061523,0.9528752226099418
208,9,/home/nabizadz/Projects/Mahsa/datasets/grid/test/s32/prwa6a.mpg,265,297,4.150973796844482,0.906175396493953
208,10,/home/nabizadz/Projects/Mahsa/datasets/grid/test/s32/lrbb5n.mpg,38,70,2.287663698196411,0.9659882863784403
208,11,/home/nabizadz/Projects/Mahsa/datasets/grid/test/s32/bgix8s.mpg,74,106,3.0163137912750244,0.9497509166356101
208,12,/home/nabizadz/Projects/Mahsa/datasets/grid/test/s32/bric3n.mpg,199,231,3.9967904090881348,0.8419773949172742
208,13,/home/nabizadz/Projects/Mahsa/datasets/grid/test/s32/bwiqza.mpg,209,241,4.172389030456543,0.9419310263044915
208,14,/home/nabizadz/Projects/Mahsa/datasets/grid/test/s32/bgiq6a.mpg,132,164,3.4769644737243652,0.9628840154360783
208,15,/home/nabizadz/Projects/Mahsa/datasets/grid/test/s32/sgil5n.mpg,110,142,1.889308214187622,0.9370989365395529
209,0,/home/nabizadz/Projects/Mahsa/datasets/grid/test/s32/braj4a.mpg,164,196,2.8180692195892334,0.9398382938514137
209,1,/home/nabizadz/Projects/Mahsa/datasets/grid/test/s32/bbio8a.mpg,186,218,4.383703708648682,0.8373654272318956
209,2,/home/nabizadz/Projects/Mahsa/datasets/grid/test/s32/lrah6s.mpg,44,76,3.651311159133911,0.9359869822728202
209,3,/home/nabizadz/Projects/Mahsa/datasets/grid/test/s32/pwat4s.mpg,249,281,4.184009552001953,0.8528150820213991
209,4,/home/nabizadz/Projects/Mahsa/datasets/grid/test/s32/lbig6s.mpg,183,215,4.0137505531311035,0.946117294226623
209,5,/home/nabizadz/Projects/Mahsa/datasets/grid/test/s32/bgbe5p.mpg,17,49,4.170225620269775,0.9416392892652657
209,6,/home/nabizadz/Projects/Mahsa/datasets/grid/test/s32/sbad9p.mpg,164,196,3.441396713256836,0.964457423280013
209,7,/home/nabizadz/Projects/Mahsa/datasets/grid/test/s32/bgay1n.mpg,184,216,4.222637176513672,0.9144784335699445
209,8,/home/nabizadz/Projects/Mahsa/datasets/grid/test/s32/lwio2s.mpg,181,213,2.266011953353882,0.9646666009618474
209,9,/home/nabizadz/Projects/Mahsa/datasets/grid/test/s32/bwbk1n.mpg,90,122,3.0337977409362793,0.933855056156629
209,10,/home/nabizadz/Projects/Mahsa/datasets/grid/test/s32/lgio8s.mpg,168,200,3.104538917541504,0.9109122721344592
209,11,/home/nabizadz/Projects/Mahsa/datasets/grid/test/s32/bbai7p.mpg,26,58,3.2901062965393066,0.9616073358708104
209,12,/home/nabizadz/Projects/Mahsa/datasets/grid/test/s32/prbm9p.mpg,25,57,3.4002723693847656,0.977667463901037
209,13,/home/nabizadz/Projects/Mahsa/datasets/grid/test/s32/lbbb2a.mpg,201,233,1.7228498458862305,0.8096822394940825
209,14,/home/nabizadz/Projects/Mahsa/datasets/grid/test/s32/sbid3n.mpg,190,222,4.044677257537842,0.966437809616638
209,15,/home/nabizadz/Projects/Mahsa/datasets/grid/test/s32/swbz5n.mpg,31,63,4.189029693603516,0.9734323504263285
210,0,/home/nabizadz/Projects/Mahsa/datasets/grid/test/s32/lria9p.mpg,237,269,4.103028774261475,0.9632466920714013
210,1,/home/nabizadz/Projects/Mahsa/datasets/grid/test/s32/sgaz7n.mpg,254,286,4.2908148765563965,0.9309698529525161
210,2,/home/nabizadz/Projects/Mahsa/datasets/grid/test/s32/sgaz8s.mpg,7,39,4.1036529541015625,0.9725180055108137
210,3,/home/nabizadz/Projects/Mahsa/datasets/grid/test/s32/sbbe3p.mpg,180,212,3.901672840118408,0.9125405118087919
210,4,/home/nabizadz/Projects/Mahsa/datasets/grid/test/s32/bradza.mpg,198,230,2.798837661743164,0.9215892906446433
210,5,/home/nabizadz/Projects/Mahsa/datasets/grid/test/s32/bbav3n.mpg,239,271,4.170368194580078,0.9143817692185231
210,6,/home/nabizadz/Projects/Mahsa/datasets/grid/test/s32/prba2a.mpg,104,136,3.1845898628234863,0.9597676252569898
210,7,/home/nabizadz/Projects/Mahsa/datasets/grid/test/s32/pwbn6a.mpg,10,42,4.326043128967285,0.9946106916125913
210,8,/home/nabizadz/Projects/Mahsa/datasets/grid/test/s32/prbt1n.mpg,19,51,4.34517765045166,0.9996059752581489
210,9,/home/nabizadz/Projects/Mahsa/datasets/grid/test/s32/lrwv1n.mpg,73,105,2.923632860183716,0.9501220653074003
210,10,/home/nabizadz/Projects/Mahsa/datasets/grid/test/s32/pgbb1n.mpg,8,40,4.376659870147705,0.9826120573385428
210,11,/home/nabizadz/Projects/Mahsa/datasets/grid/test/s32/srar3p.mpg,65,97,3.1532673835754395,0.9639113338976817
210,12,/home/nabizadz/Projects/Mahsa/datasets/grid/test/s32/lrwo7n.mpg,122,154,2.8833394050598145,0.9368776901472475
210,13,/home/nabizadz/Projects/Mahsa/datasets/grid/test/s32/bwij6a.mpg,155,187,3.1409146785736084,0.9459944007518615
210,14,/home/nabizadz/Projects/Mahsa/datasets/grid/test/s32/pbws9n.mpg,8,40,4.243816375732422,0.9945067840489449
210,15,/home/nabizadz/Projects/Mahsa/datasets/grid/test/s32/bbwdzs.mpg,84,116,2.907623767852783,0.9397978819824429
211,0,/home/nabizadz/Projects/Mahsa/datasets/grid/test/s32/bgblza.mpg,1,33,4.418362617492676,0.9889525216604427
211,1,/home/nabizadz/Projects/Mahsa/datasets/grid/test/s32/lrao1p.mpg,217,249,4.294435024261475,0.8250412173690097
211,2,/home/nabizadz/Projects/Mahsa/datasets/grid/test/s32/bbai8a.mpg,104,136,3.1433560848236084,0.9443436974882133
211,3,/home/nabizadz/Projects/Mahsa/datasets/grid/test/s32/swbz6s.mpg,177,209,2.1489477157592773,0.9538131717426186
211,4,/home/nabizadz/Projects/Mahsa/datasets/grid/test/s32/swaz1n.mpg,212,244,4.299471378326416,0.8842419651964639
211,5,/home/nabizadz/Projects/Mahsa/datasets/grid/test/s32/swws8a.mpg,192,224,4.063442230224609,0.9215319447167197
211,6,/home/nabizadz/Projects/Mahsa/datasets/grid/test/s32/pwbt7n.mpg,97,129,2.700573682785034,0.9462187973183931
211,7,/home/nabizadz/Projects/Mahsa/datasets/grid/test/s32/pwbt8s.mpg,185,217,4.200486183166504,0.9270140975154947
211,8,/home/nabizadz/Projects/Mahsa/datasets/grid/test/s32/brwk2a.mpg,243,275,4.203224182128906,0.9589354783406961
211,9,/home/nabizadz/Projects/Mahsa/datasets/grid/test/s32/lban6a.mpg,249,281,4.341825485229492,0.8866311085568024
211,10,/home/nabizadz/Projects/Mahsa/datasets/grid/test/s32/pgaa7n.mpg,89,121,2.6010193824768066,0.9250748764406813
211,11,/home/nabizadz/Projects/Mahsa/datasets/grid/test/s32/lgap1n.mpg,71,103,2.742635488510132,0.9615953058706341
211,12,/home/nabizadz/Projects/Mahsa/datasets/grid/test/s32/pgbu5p.mpg,13,45,4.185465335845947,0.9710674978085426
211,13,/home/nabizadz/Projects/Mahsa/datasets/grid/test/s32/lgav5n.mpg,147,179,2.9591643810272217,0.9533527448749441
211,14,/home/nabizadz/Projects/Mahsa/datasets/grid/test/s32/sgis1p.mpg,75,107,2.741264820098877,0.9657001485616392
211,15,/home/nabizadz/Projects/Mahsa/datasets/grid/test/s32/lrwi5p.mpg,247,279,4.272862911224365,0.8161564355511918
212,0,/home/nabizadz/Projects/Mahsa/datasets/grid/test/s32/pgaa8s.mpg,55,87,3.2784359455108643,0.960317249071063
212,1,/home/nabizadz/Projects/Mahsa/datasets/grid/test/s32/bric5p.mpg,248,280,4.2517595291137695,0.8974310290386991
212,2,/home/nabizadz/Projects/Mahsa/datasets/grid/test/s32/bwby2a.mpg,79,111,2.5595250129699707,0.9580513615614681
212,3,/home/nabizadz/Projects/Mahsa/datasets/grid/test/s32/bgiyza.mpg,257,289,4.177599906921387,0.8787527342754462
212,4,/home/nabizadz/Projects/Mahsa/datasets/grid/test/s32/lriuzs.mpg,183,215,2.2058446407318115,0.964654745130058
212,5,/home/nabizadz/Projects/Mahsa/datasets/grid/test/s32/lbah2a.mpg,211,243,4.103872299194336,0.8393609885858759
212,6,/home/nabizadz/Projects/Mahsa/datasets/grid/test/s32/bgbr4a.mpg,65,97,2.3718953132629395,0.9432591410924929
212,7,/home/nabizadz/Projects/Mahsa/datasets/grid/test/s32/swizza.mpg,177,209,2.20576548576355,0.9292891757848095
212,8,/home/nabizadz/Projects/Mahsa/datasets/grid/test/s32/lbba9n.mpg,69,101,2.0029101371765137,0.9681925905358622
212,9,/home/nabizadz/Projects/Mahsa/datasets/grid/test/s32/lbwb6a.mpg,197,229,4.289752960205078,0.9396696308397129
212,10,/home/nabizadz/Projects/Mahsa/datasets/grid/test/s32/sgwa1p.mpg,100,132,3.421907424926758,0.9342245998902516
212,11,/home/nabizadz/Projects/Mahsa/datasets/grid/test/s32/lgbx2a.mpg,173,205,3.2836008071899414,0.9586555605103526
212,12,/home/nabizadz/Projects/Mahsa/datasets/grid/test/s32/lgbv9n.mpg,232,264,2.326951026916504,0.8019239454694997
212,13,/home/nabizadz/Projects/Mahsa/datasets/grid/test/s32/lbit3n.mpg,76,108,2.8438010215759277,0.9573087804531111
212,14,/home/nabizadz/Projects/Mahsa/datasets/grid/test/s32/lrab3p.mpg,96,128,2.926867961883545,0.9567718702836137
212,15,/home/nabizadz/Projects/Mahsa/datasets/grid/test/s32/bwic9n.mpg,135,167,2.8472886085510254,0.9204689886152652
213,0,/home/nabizadz/Projects/Mahsa/datasets/grid/test/s32/bwaq4a.mpg,78,110,2.773104190826416,0.9687833405331329
213,1,/home/nabizadz/Projects/Mahsa/datasets/grid/test/s32/prwn2s.mpg,33,65,3.625366449356079,0.9703050490353492
213,2,/home/nabizadz/Projects/Mahsa/datasets/grid/test/s32/bbii1n.mpg,44,76,3.0820512771606445,0.9688480493572174
213,3,/home/nabizadz/Projects/Mahsa/datasets/grid/test/s32/pgig7n.mpg,254,286,4.170600891113281,0.8507762319164401
213,4,/home/nabizadz/Projects/Mahsa/datasets/grid/test/s32/pgwh9n.mpg,214,246,4.258561134338379,0.9424653547679179
213,5,/home/nabizadz/Projects/Mahsa/datasets/grid/test/s32/pram4s.mpg,266,298,4.214613437652588,0.8884141449352433
213,6,/home/nabizadz/Projects/Mahsa/datasets/grid/test/s32/swik9n.mpg,206,238,4.146207332611084,0.9630554929356588
213,7,/home/nabizadz/Projects/Mahsa/datasets/grid/test/s32/sbiq4a.mpg,155,187,3.1231143474578857,0.9393390171358639
213,8,/home/nabizadz/Projects/Mahsa/datasets/grid/test/s32/brbx3n.mpg,151,183,2.2556567192077637,0.9487756496630535
213,9,/home/nabizadz/Projects/Mahsa/datasets/grid/test/s32/swwf9p.mpg,33,65,4.083909034729004,0.968055566727495
213,10,/home/nabizadz/Projects/Mahsa/datasets/grid/test/s32/bgae2a.mpg,170,202,2.846162796020508,0.9282839471825783
213,11,/home/nabizadz/Projects/Mahsa/datasets/grid/test/s32/bbav4s.mpg,112,144,2.709808111190796,0.9615057540653829
213,12,/home/nabizadz/Projects/Mahsa/datasets/grid/test/s32/pgbo1p.mpg,187,219,3.7400214672088623,0.9560358476675295
213,13,/home/nabizadz/Projects/Mahsa/datasets/grid/test/s32/srws1p.mpg,165,197,3.6367874145507812,0.9557627149032889
213,14,/home/nabizadz/Projects/Mahsa/datasets/grid/test/s32/lwwv9p.mpg,35,67,3.1338956356048584,0.9435571451204435
213,15,/home/nabizadz/Projects/Mahsa/datasets/grid/test/s32/lwau9n.mpg,168,200,3.0425941944122314,0.9592397442107323
214,0,/home/nabizadz/Projects/Mahsa/datasets/grid/test/s32/swwf8s.mpg,12,44,3.1701743602752686,0.9548378247777641
214,1,/home/nabizadz/Projects/Mahsa/datasets/grid/test/s32/sgam1p.mpg,129,161,2.9985790252685547,0.9391870780466574
214,2,/home/nabizadz/Projects/Mahsa/datasets/grid/test/s32/brax1p.mpg,9,41,3.486504077911377,0.9489349595283225
214,3,/home/nabizadz/Projects/Mahsa/datasets/grid/test/s32/bbii2s.mpg,112,144,2.970717668533325,0.9628398318802274
214,4,/home/nabizadz/Projects/Mahsa/datasets/grid/test/s32/pril9n.mpg,164,196,3.2859909534454346,0.9453905382888906
214,5,/home/nabizadz/Projects/Mahsa/datasets/grid/test/s32/srbr8a.mpg,217,249,4.362332820892334,0.8731527978669497
214,6,/home/nabizadz/Projects/Mahsa/datasets/grid/test/s32/bgay4a.mpg,189,221,3.263516902923584,0.9278145190985626
214,7,/home/nabizadz/Projects/Mahsa/datasets/grid/test/s32/swbs4a.mpg,33,65,4.13232421875,0.9690919125287933
214,8,/home/nabizadz/Projects/Mahsa/datasets/grid/test/s32/swie7p.mpg,238,270,4.2771124839782715,0.9025049891018747
214,9,/home/nabizadz/Projects/Mahsa/datasets/grid/test/s32/lwai1n.mpg,224,256,4.251682281494141,0.8101325452899147
214,10,/home/nabizadz/Projects/Mahsa/datasets/grid/test/s32/srwszs.mpg,194,226,3.4189939498901367,0.9389413837076694
214,11,/home/nabizadz/Projects/Mahsa/datasets/grid/test/s32/pwig3p.mpg,127,159,3.4079465866088867,0.9562613257164437
214,12,/home/nabizadz/Projects/Mahsa/datasets/grid/test/s32/pgia6a.mpg,135,167,3.0606017112731934,0.9514835469071774
214,13,/home/nabizadz/Projects/Mahsa/datasets/grid/test/s32/sgiz3n.mpg,242,274,3.9797897338867188,0.8467077904872424
214,14,/home/nabizadz/Projects/Mahsa/datasets/grid/test/s32/lgap3p.mpg,131,163,1.5921286344528198,0.9318300830457286
214,15,/home/nabizadz/Projects/Mahsa/datasets/grid/test/s32/pgin4a.mpg,192,224,3.3096530437469482,0.9664008201594849
215,0,/home/nabizadz/Projects/Mahsa/datasets/grid/test/s32/sgbm5p.mpg,24,56,4.200411319732666,0.9607042870330172
215,1,/home/nabizadz/Projects/Mahsa/datasets/grid/test/s32/bbiv2a.mpg,67,99,3.1116831302642822,0.952987570244433
215,2,/home/nabizadz/Projects/Mahsa/datasets/grid/test/s32/pgwb7p.mpg,252,284,4.193244934082031,0.880422016486408
215,3,/home/nabizadz/Projects/Mahsa/datasets/grid/test/s32/lrab1n.mpg,31,63,3.5962181091308594,0.946782471831203
215,4,/home/nabizadz/Projects/Mahsa/datasets/grid/test/s32/pgbu4s.mpg,202,234,4.17122745513916,0.9498509800852046
215,5,/home/nabizadz/Projects/Mahsa/datasets/grid/test/s32/srik5p.mpg,193,225,3.274783134460449,0.9415371300527975
215,6,/home/nabizadz/Projects/Mahsa/datasets/grid/test/s32/pbas1n.mpg,244,276,4.419258117675781,0.9357725913124666
215,7,/home/nabizadz/Projects/Mahsa/datasets/grid/test/s32/lwih9p.mpg,67,99,3.2415199279785156,0.9604053813920872
215,8,/home/nabizadz/Projects/Mahsa/datasets/grid/test/s32/briv8a.mpg,15,47,4.354620933532715,0.9998285444127022
215,9,/home/nabizadz/Projects/Mahsa/datasets/grid/test/s32/lbwb3n.mpg,84,116,3.2176127433776855,0.9676836134372657
215,10,/home/nabizadz/Projects/Mahsa/datasets/grid/test/s32/brbp9n.mpg,151,183,2.954543352127075,0.9332811930236646
215,11,/home/nabizadz/Projects/Mahsa/datasets/grid/test/s32/pwit2a.mpg,79,111,3.205686569213867,0.969072956143095
215,12,/home/nabizadz/Projects/Mahsa/datasets/grid/test/s32/lbbh4s.mpg,264,296,3.985029458999634,0.9431666795910549
215,13,/home/nabizadz/Projects/Mahsa/datasets/grid/test/s32/bbwj3n.mpg,230,262,4.269558906555176,0.8143503483121936
215,14,/home/nabizadz/Projects/Mahsa/datasets/grid/test/s32/lbaa5n.mpg,243,275,4.3920488357543945,0.9364100339827796
215,15,/home/nabizadz/Projects/Mahsa/datasets/grid/test/s32/lwbi6s.mpg,51,83,2.865814208984375,0.9700570402087204
216,0,/home/nabizadz/Projects/Mahsa/datasets/grid/test/s32/lbia3p.mpg,149,181,2.6568024158477783,0.9214979674883863
216,1,/home/nabizadz/Projects/Mahsa/datasets/grid/test/s32/lgii4s.mpg,161,193,3.4568052291870117,0.9357221019930034
216,2,/home/nabizadz/Projects/Mahsa/datasets/grid/test/s32/sbaq6s.mpg,142,174,3.4030921459198,0.9633461160434216
216,3,/home/nabizadz/Projects/Mahsa/datasets/grid/test/s32/braj2s.mpg,268,300,4.294082164764404,0.9774971213675956
216,4,/home/nabizadz/Projects/Mahsa/datasets/grid/test/s32/pbil6a.mpg,226,258,4.190993309020996,0.8494421525070311
216,5,/home/nabizadz/Projects/Mahsa/datasets/grid/test/s32/lbah1p.mpg,233,265,4.224302291870117,0.8309220105952514
216,6,/home/nabizadz/Projects/Mahsa/datasets/grid/test/s32/priz7n.mpg,245,277,3.780397653579712,0.8180122636033801
216,7,/home/nabizadz/Projects/Mahsa/datasets/grid/test/s32/pwag8a.mpg,74,106,3.0113348960876465,0.9557474206051251
216,8,/home/nabizadz/Projects/Mahsa/datasets/grid/test/s32/lgbp6s.mpg,116,148,2.5758678913116455,0.955397314169526
216,9,/home/nabizadz/Projects/Mahsa/datasets/grid/test/s32/brwd6s.mpg,154,186,2.7519092559814453,0.9532860415558766
216,10,/home/nabizadz/Projects/Mahsa/datasets/grid/test/s32/lgwx6a.mpg,162,194,2.396498441696167,0.9497561396480642
216,11,/home/nabizadz/Projects/Mahsa/datasets/grid/test/s32/swal5p.mpg,147,179,3.0878424644470215,0.9635317748566472
216,12,/home/nabizadz/Projects/Mahsa/datasets/grid/test/s32/pbiz4a.mpg,190,222,4.019335746765137,0.9642380218052238
216,13,/home/nabizadz/Projects/Mahsa/datasets/grid/test/s32/prif8a.mpg,180,212,4.010564804077148,0.9569492314812635
216,14,/home/nabizadz/Projects/Mahsa/datasets/grid/test/s32/sgiz5p.mpg,67,99,3.0950682163238525,0.9695811094477068
216,15,/home/nabizadz/Projects/Mahsa/datasets/grid/test/s32/brwk1p.mpg,6,38,4.165634632110596,0.8991012254126767
217,0,/home/nabizadz/Projects/Mahsa/datasets/grid/test/s32/prbg6a.mpg,139,171,2.9441936016082764,0.9724959562242934
217,1,/home/nabizadz/Projects/Mahsa/datasets/grid/test/s32/brac8s.mpg,233,265,4.064446926116943,0.8025803714682748
217,2,/home/nabizadz/Projects/Mahsa/datasets/grid/test/s32/pbbm3p.mpg,9,41,4.347436428070068,0.9248504504028738
217,3,/home/nabizadz/Projects/Mahsa/datasets/grid/test/s32/bwwr2a.mpg,145,177,3.1852054595947266,0.9443626992002359
217,4,/home/nabizadz/Projects/Mahsa/datasets/grid/test/s32/lbat8s.mpg,102,134,2.317613363265991,0.958677968543366
217,5,/home/nabizadz/Projects/Mahsa/datasets/grid/test/s32/priz8s.mpg,160,192,2.547985315322876,0.9566956077147087
217,6,/home/nabizadz/Projects/Mahsa/datasets/grid/test/s32/pwbn3n.mpg,79,111,3.1807680130004883,0.9647294558899999
217,7,/home/nabizadz/Projects/Mahsa/datasets/grid/test/s32/sbby4s.mpg,193,225,4.240322589874268,0.9306619635053468
217,8,/home/nabizadz/Projects/Mahsa/datasets/grid/test/s32/braj3p.mpg,111,143,3.1445043087005615,0.9610123754160879
217,9,/home/nabizadz/Projects/Mahsa/datasets/grid/test/s32/bwid2a.mpg,126,158,2.879692316055298,0.9324040275912245
217,10,/home/nabizadz/Projects/Mahsa/datasets/grid/test/s32/pwwu1n.mpg,148,180,2.794821262359619,0.9184703246033876
217,11,/home/nabizadz/Projects/Mahsa/datasets/grid/test/s32/lrwi3n.mpg,6,38,4.269614219665527,0.9870532838396542
217,12,/home/nabizadz/Projects/Mahsa/datasets/grid/test/s32/bgwr8a.mpg,63,95,2.79725980758667,0.9288534417488904
217,13,/home/nabizadz/Projects/Mahsa/datasets/grid/test/s32/pwig2s.mpg,240,272,4.4078755378723145,0.8831866476526627
217,14,/home/nabizadz/Projects/Mahsa/datasets/grid/test/s32/lgbp5n.mpg,145,177,3.382908821105957,0.982769377036931
217,15,/home/nabizadz/Projects/Mahsa/datasets/grid/test/s32/bgwy9n.mpg,80,112,2.885359764099121,0.9418689464745393
218,0,/home/nabizadz/Projects/Mahsa/datasets/grid/test/s32/pgin1n.mpg,3,35,4.309076309204102,0.9830634737271231
218,1,/home/nabizadz/Projects/Mahsa/datasets/grid/test/s32/bbbv7n.mpg,183,215,3.620732545852661,0.9141709740561694
218,2,/home/nabizadz/Projects/Mahsa/datasets/grid/test/s32/pgihza.mpg,117,149,2.879420518875122,0.9347386956269577
218,3,/home/nabizadz/Projects/Mahsa/datasets/grid/test/s32/bwbd9p.mpg,24,56,4.043758869171143,0.9756877574267244
218,4,/home/nabizadz/Projects/Mahsa/datasets/grid/test/s32/pwbuza.mpg,179,211,3.4092612266540527,0.9377168272984461
218,5,/home/nabizadz/Projects/Mahsa/datasets/grid/test/s32/pwaa4a.mpg,219,251,4.265929698944092,0.8804513140516061
218,6,/home/nabizadz/Projects/Mahsa/datasets/grid/test/s32/prag1p.mpg,70,102,2.9149973392486572,0.9696788822033764
218,7,/home/nabizadz/Projects/Mahsa/datasets/grid/test/s32/swal3n.mpg,213,245,3.6608190536499023,0.9671707759065871
218,8,/home/nabizadz/Projects/Mahsa/datasets/grid/test/s32/pwbt9p.mpg,68,100,2.820586919784546,0.9600247400468315
218,9,/home/nabizadz/Projects/Mahsa/datasets/grid/test/s32/bwax8a.mpg,188,220,3.843320608139038,0.9345274928439189
218,10,/home/nabizadz/Projects/Mahsa/datasets/grid/test/s32/srak9p.mpg,30,62,3.7251720428466797,0.9800267384596607
218,11,/home/nabizadz/Projects/Mahsa/datasets/grid/test/s32/bgaq7n.mpg,214,246,4.093794822692871,0.9404074084750207
218,12,/home/nabizadz/Projects/Mahsa/datasets/grid/test/s32/swie6s.mpg,92,124,2.8736536502838135,0.9388973947254777
218,13,/home/nabizadz/Projects/Mahsa/datasets/grid/test/s32/sgbtza.mpg,244,276,4.002312660217285,0.8954122367866528
218,14,/home/nabizadz/Projects/Mahsa/datasets/grid/test/s32/sbix7p.mpg,223,255,4.120866298675537,0.8151932030820992
218,15,/home/nabizadz/Projects/Mahsa/datasets/grid/test/s32/lrwi4s.mpg,87,119,2.1421875953674316,0.9568585168829037
219,0,/home/nabizadz/Projects/Mahsa/datasets/grid/test/s32/lwiu7p.mpg,5,37,4.248237609863281,0.9751209638961988
219,1,/home/nabizadz/Projects/Mahsa/datasets/grid/test/s32/bgiq5p.mpg,62,94,2.1741580963134766,0.9208651167706576
219,2,/home/nabizadz/Projects/Mahsa/datasets/grid/test/s32/lgiv4a.mpg,228,260,4.271470546722412,0.844965667105159
219,3,/home/nabizadz/Projects/Mahsa/datasets/grid/test/s32/prbt3p.mpg,181,213,1.9164068698883057,0.9246602608415913
219,4,/home/nabizadz/Projects/Mahsa/datasets/grid/test/s32/swbs1n.mpg,38,70,3.572716236114502,0.9529932482048862
219,5,/home/nabizadz/Projects/Mahsa/datasets/grid/test/s32/pwba8a.mpg,168,200,3.4292845726013184,0.9555365933174733
219,6,/home/nabizadz/Projects/Mahsa/datasets/grid/test/s32/bbicza.mpg,67,99,3.0288302898406982,0.9564881727409639
219,7,/home/nabizadz/Projects/Mahsa/datasets/grid/test/s32/pgbu6a.mpg,63,95,3.071235179901123,0.9675008559342695
219,8,/home/nabizadz/Projects/Mahsa/datasets/grid/test/s32/sgbgzs.mpg,52,84,2.535186290740967,0.9407255640999785
219,9,/home/nabizadz/Projects/Mahsa/datasets/grid/test/s32/pbal9p.mpg,193,225,4.226168155670166,0.9343285890674553
219,10,/home/nabizadz/Projects/Mahsa/datasets/grid/test/s32/sgam2a.mpg,152,184,1.952448844909668,0.9575777826166728
219,11,/home/nabizadz/Projects/Mahsa/datasets/grid/test/s32/lgii5p.mpg,80,112,2.183443307876587,0.96513921730371
219,12,/home/nabizadz/Projects/Mahsa/datasets/grid/test/s32/sbwr6a.mpg,47,79,2.7301900386810303,0.9477895497843392
219,13,/home/nabizadz/Projects/Mahsa/datasets/grid/test/s32/lbwo2s.mpg,80,112,2.8799989223480225,0.95798772219202
219,14,/home/nabizadz/Projects/Mahsa/datasets/grid/test/s32/bbac3p.mpg,87,119,2.3295722007751465,0.9416352133358471
219,15,/home/nabizadz/Projects/Mahsa/datasets/grid/test/s32/swie5n.mpg,234,266,4.287278652191162,0.9125808717905229
220,0,/home/nabizadz/Projects/Mahsa/datasets/grid/test/s32/bgid5n.mpg,223,255,4.39540433883667,0.953520907588608
220,1,/home/nabizadz/Projects/Mahsa/datasets/grid/test/s32/lrwi6a.mpg,160,192,2.236691951751709,0.9576104520575215
220,2,/home/nabizadz/Projects/Mahsa/datasets/grid/test/s32/sgas3n.mpg,238,270,4.244263648986816,0.8307298210892654
220,3,/home/nabizadz/Projects/Mahsa/datasets/grid/test/s32/brwx9p.mpg,154,186,3.5516905784606934,0.961826214188149
220,4,/home/nabizadz/Projects/Mahsa/datasets/grid/test/s32/bwix2s.mpg,205,237,4.226136684417725,0.8951166597270649
220,5,/home/nabizadz/Projects/Mahsa/datasets/grid/test/s32/bwaq1n.mpg,166,198,3.3972485065460205,0.9313391225896199
220,6,/home/nabizadz/Projects/Mahsa/datasets/grid/test/s32/lrwo8s.mpg,43,75,3.382559299468994,0.9571893463282213
220,7,/home/nabizadz/Projects/Mahsa/datasets/grid/test/s32/lgbj1n.mpg,104,136,2.9391860961914062,0.955069398984087
220,8,/home/nabizadz/Projects/Mahsa/datasets/grid/test/s32/pgwo4s.mpg,176,208,3.6491520404815674,0.9560391481763184
220,9,/home/nabizadz/Projects/Mahsa/datasets/grid/test/s32/srbzzs.mpg,150,182,2.1730220317840576,0.9623910272655285
220,10,/home/nabizadz/Projects/Mahsa/datasets/grid/test/s32/prbt4a.mpg,71,103,3.038029670715332,0.9680185160277804
220,11,/home/nabizadz/Projects/Mahsa/datasets/grid/test/s32/sgwm7n.mpg,176,208,2.7485499382019043,0.9527628776870101
220,12,/home/nabizadz/Projects/Mahsa/datasets/grid/test/s32/bbbv8s.mpg,69,101,2.706606149673462,0.9242281299648394
220,13,/home/nabizadz/Projects/Mahsa/datasets/grid/test/s32/pgwu8s.mpg,201,233,4.224729537963867,0.8568668079653334
220,14,/home/nabizadz/Projects/Mahsa/datasets/grid/test/s32/lgwq2a.mpg,109,141,3.0629196166992188,0.9155066754090379
220,15,/home/nabizadz/Projects/Mahsa/datasets/grid/test/s32/lbwh7n.mpg,150,182,1.5917205810546875,0.9058935569683444
221,0,/home/nabizadz/Projects/Mahsa/datasets/grid/test/s32/lwih8s.mpg,53,85,2.863964319229126,0.9560661816711832
221,1,/home/nabizadz/Projects/Mahsa/datasets/grid/test/s32/bbib9p.mpg,195,227,4.246451377868652,0.8889397588353704
221,2,/home/nabizadz/Projects/Mahsa/datasets/grid/test/s32/sgbg2a.mpg,2,34,4.426645278930664,0.9273705500902468
221,3,/home/nabizadz/Projects/Mahsa/datasets/grid/test/s32/pgah3p.mpg,219,251,4.149741172790527,0.815340155709466
221,4,/home/nabizadz/Projects/Mahsa/datasets/grid/test/s32/pragzs.mpg,229,261,4.351476669311523,0.8449076274347403
221,5,/home/nabizadz/Projects/Mahsa/datasets/grid/test/s32/lrih1n.mpg,185,217,4.062707901000977,0.9102249735090681
221,6,/home/nabizadz/Projects/Mahsa/datasets/grid/test/s32/sgaf7p.mpg,154,186,3.7966725826263428,0.9577567161847536
221,7,/home/nabizadz/Projects/Mahsa/datasets/grid/test/s32/bwaj9p.mpg,106,138,3.2546558380126953,0.9692138693884517
221,8,/home/nabizadz/Projects/Mahsa/datasets/grid/test/s32/sgwt3p.mpg,137,169,2.9055979251861572,0.9408899563910644
221,9,/home/nabizadz/Projects/Mahsa/datasets/grid/test/s32/srbl2s.mpg,192,224,4.346408843994141,0.8888706492278976
221,10,/home/nabizadz/Projects/Mahsa/datasets/grid/test/s32/pbif2a.mpg,19,51,3.5682272911071777,0.9736715212434948
221,11,/home/nabizadz/Projects/Mahsa/datasets/grid/test/s32/prbnza.mpg,125,157,2.6845881938934326,0.939463166236009
221,12,/home/nabizadz/Projects/Mahsa/datasets/grid/test/s32/lbia2s.mpg,76,108,3.0076377391815186,0.940008158549816
221,13,/home/nabizadz/Projects/Mahsa/datasets/grid/test/s32/pgan6s.mpg,109,141,2.514292001724243,0.9539028517826681
221,14,/home/nabizadz/Projects/Mahsa/datasets/grid/test/s32/pbal7n.mpg,151,183,2.7483041286468506,0.9301587935365798
221,15,/home/nabizadz/Projects/Mahsa/datasets/grid/test/s32/pras8s.mpg,130,162,3.643965721130371,0.9877581959734413
222,0,/home/nabizadz/Projects/Mahsa/datasets/grid/test/s32/lwwp6a.mpg,72,104,2.668872117996216,0.9512153163704496
222,1,/home/nabizadz/Projects/Mahsa/datasets/grid/test/s32/lwbc1n.mpg,230,262,4.273343086242676,0.830393827188573
222,2,/home/nabizadz/Projects/Mahsa/datasets/grid/test/s32/prwg8s.mpg,68,100,3.3800806999206543,0.9654680454294511
222,3,/home/nabizadz/Projects/Mahsa/datasets/grid/test/s32/bgix9p.mpg,261,293,4.3890814781188965,0.9128775304645577
222,4,/home/nabizadz/Projects/Mahsa/datasets/grid/test/s32/bgid8a.mpg,198,230,4.119157314300537,0.851965270369147
222,5,/home/nabizadz/Projects/Mahsa/datasets/grid/test/s32/srae6a.mpg,202,234,4.248376846313477,0.9103627806860538
222,6,/home/nabizadz/Projects/Mahsa/datasets/grid/test/s32/lrwczs.mpg,113,145,3.242037534713745,0.9494339526968696
222,7,/home/nabizadz/Projects/Mahsa/datasets/grid/test/s32/brbqzs.mpg,147,179,3.379880428314209,0.9593803506533591
222,8,/home/nabizadz/Projects/Mahsa/datasets/grid/test/s32/lgwd2s.mpg,157,189,3.1084036827087402,0.9595605773122963
222,9,/home/nabizadz/Projects/Mahsa/datasets/grid/test/s32/swws5n.mpg,26,58,4.128616809844971,0.9606855972538264
222,10,/home/nabizadz/Projects/Mahsa/datasets/grid/test/s32/swil1p.mpg,230,262,4.311368942260742,0.7950861436948321
222,11,/home/nabizadz/Projects/Mahsa/datasets/grid/test/s32/bgbe6a.mpg,44,76,2.711505174636841,0.9436102389602445
222,12,/home/nabizadz/Projects/Mahsa/datasets/grid/test/s32/pris4s.mpg,227,259,4.194921493530273,0.7955393109038416
222,13,/home/nabizadz/Projects/Mahsa/datasets/grid/test/s32/pram6a.mpg,0,32,4.454772472381592,0.984912244270807
222,14,/home/nabizadz/Projects/Mahsa/datasets/grid/test/s32/lwiiza.mpg,7,39,4.338032245635986,0.9756085666096765
222,15,/home/nabizadz/Projects/Mahsa/datasets/grid/test/s32/brwq5p.mpg,147,179,3.3846147060394287,0.973967827568971
223,0,/home/nabizadz/Projects/Mahsa/datasets/grid/test/s32/lwao6s.mpg,15,47,3.4244630336761475,0.9756685588246262
223,1,/home/nabizadz/Projects/Mahsa/datasets/grid/test/s32/lwacza.mpg,233,265,4.245655059814453,0.8989898590285148
223,2,/home/nabizadz/Projects/Mahsa/datasets/grid/test/s32/pbaf3n.mpg,71,103,2.811123847961426,0.9468667025218201
223,3,/home/nabizadz/Projects/Mahsa/datasets/grid/test/s32/brav9n.mpg,231,263,4.0847673416137695,0.821821067487245
223,4,/home/nabizadz/Projects/Mahsa/datasets/grid/test/s32/bbwd2a.mpg,260,292,4.265317440032959,0.9480429684529116
223,5,/home/nabizadz/Projects/Mahsa/datasets/grid/test/s32/bwaj8s.mpg,41,73,2.888352155685425,0.9342552107389007
223,6,/home/nabizadz/Projects/Mahsa/datasets/grid/test/s32/lraozs.mpg,168,200,2.921234130859375,0.910109609279132
223,7,/home/nabizadz/Projects/Mahsa/datasets/grid/test/s32/sbay2a.mpg,227,259,4.029062747955322,0.7714991087206624
223,8,/home/nabizadz/Projects/Mahsa/datasets/grid/test/s32/bgay3p.mpg,130,162,3.1662278175354004,0.9652872204543991
223,9,/home/nabizadz/Projects/Mahsa/datasets/grid/test/s32/bgak6a.mpg,139,171,2.941246271133423,0.9811040115660147
223,10,/home/nabizadz/Projects/Mahsa/datasets/grid/test/s32/brac9p.mpg,1,33,4.125339031219482,0.9231255332238243
223,11,/home/nabizadz/Projects/Mahsa/datasets/grid/test/s32/lgic2a.mpg,200,232,4.2047343254089355,0.8863196205955209
223,12,/home/nabizadz/Projects/Mahsa/datasets/grid/test/s32/pwis9n.mpg,39,71,2.6422119140625,0.9514816945591654
223,13,/home/nabizadz/Projects/Mahsa/datasets/grid/test/s32/prwn4a.mpg,236,268,3.9080071449279785,0.832680389445754
223,14,/home/nabizadz/Projects/Mahsa/datasets/grid/test/s32/bgik1p.mpg,0,32,4.265880584716797,0.9659476866041873
223,15,/home/nabizadz/Projects/Mahsa/datasets/grid/test/s32/pwwa9n.mpg,79,111,3.0146427154541016,0.9549526426933662
224,0,/home/nabizadz/Projects/Mahsa/datasets/grid/test/s32/swwm4a.mpg,262,294,4.288965702056885,0.8940648261705011
224,1,/home/nabizadz/Projects/Mahsa/datasets/grid/test/s32/brbj6s.mpg,147,179,3.7246856689453125,0.9507308690624178
224,2,/home/nabizadz/Projects/Mahsa/datasets/grid/test/s32/lrih4a.mpg,231,263,4.2674102783203125,0.8065416228586909
224,3,/home/nabizadz/Projects/Mahsa/datasets/grid/test/s32/lgbdza.mpg,11,43,4.30220890045166,0.945549842854036
224,4,/home/nabizadz/Projects/Mahsa/datasets/grid/test/s32/pbaz6s.mpg,40,72,3.3479862213134766,0.959705115393657
224,5,/home/nabizadz/Projects/Mahsa/datasets/grid/test/s32/bbwp7n.mpg,0,32,4.169402599334717,0.9715177152322865
224,6,/home/nabizadz/Projects/Mahsa/datasets/grid/test/s32/lbwu7p.mpg,182,214,3.7526988983154297,0.9590547219379998
224,7,/home/nabizadz/Projects/Mahsa/datasets/grid/test/s32/bwij3n.mpg,258,290,4.4524922370910645,0.9694072528408283
224,8,/home/nabizadz/Projects/Mahsa/datasets/grid/test/s32/pbaf4s.mpg,103,135,3.2636635303497314,0.9737681539017432
224,9,/home/nabizadz/Projects/Mahsa/datasets/grid/test/s32/pbbs8a.mpg,87,119,2.800481081008911,0.9481832481925186
224,10,/home/nabizadz/Projects/Mahsa/datasets/grid/test/s32/pwag5n.mpg,252,284,4.323078632354736,0.932150136503219
224,11,/home/nabizadz/Projects/Mahsa/datasets/grid/test/s32/bgwe7n.mpg,253,285,3.910738468170166,0.8368952740048295
224,12,/home/nabizadz/Projects/Mahsa/datasets/grid/test/s32/bwaj7n.mpg,139,171,3.2533011436462402,0.9485093319077161
224,13,/home/nabizadz/Projects/Mahsa/datasets/grid/test/s32/lbig7p.mpg,40,72,3.1415598392486572,0.9426177836266701
224,14,/home/nabizadz/Projects/Mahsa/datasets/grid/test/s32/bgby6s.mpg,20,52,3.116124391555786,0.985591274507353
224,15,/home/nabizadz/Projects/Mahsa/datasets/grid/test/s32/bgwz2a.mpg,267,299,4.223604679107666,0.9167025302957877
225,0,/home/nabizadz/Projects/Mahsa/datasets/grid/test/s32/bbwj4s.mpg,205,237,4.159770488739014,0.8332731661741651
225,1,/home/nabizadz/Projects/Mahsa/datasets/grid/test/s32/briv5n.mpg,51,83,2.632235288619995,0.9517270180362216
225,2,/home/nabizadz/Projects/Mahsa/datasets/grid/test/s32/pgia4s.mpg,241,273,4.037929058074951,0.865620468628606
225,3,/home/nabizadz/Projects/Mahsa/datasets/grid/test/s32/sgas6a.mpg,158,190,2.773444414138794,0.9451049042372567
225,4,/home/nabizadz/Projects/Mahsa/datasets/grid/test/s32/pram3n.mpg,18,50,4.006157875061035,0.9677753600123206
225,5,/home/nabizadz/Projects/Mahsa/datasets/grid/test/s32/sgil6s.mpg,203,235,3.190429210662842,0.9415951726775292
225,6,/home/nabizadz/Projects/Mahsa/datasets/grid/test/s32/lrin6s.mpg,224,256,3.7977538108825684,0.8788553141543204
225,7,/home/nabizadz/Projects/Mahsa/datasets/grid/test/s32/swbl7n.mpg,151,183,3.043142318725586,0.9280966951659815
225,8,/home/nabizadz/Projects/Mahsa/datasets/grid/test/s32/srar1n.mpg,11,43,4.171487808227539,0.990145827697349
225,9,/home/nabizadz/Projects/Mahsa/datasets/grid/test/s32/lgbc8s.mpg,93,125,2.5312983989715576,0.970520891535647
225,10,/home/nabizadz/Projects/Mahsa/datasets/grid/test/s32/lwbp1p.mpg,132,164,2.903668165206909,0.9650816878477344
225,11,/home/nabizadz/Projects/Mahsa/datasets/grid/test/s32/lbaa8a.mpg,249,281,4.216156959533691,0.8836989841758848
225,12,/home/nabizadz/Projects/Mahsa/datasets/grid/test/s32/lwbv6a.mpg,147,179,3.3545408248901367,0.9479316508041578
225,13,/home/nabizadz/Projects/Mahsa/datasets/grid/test/s32/brbd2s.mpg,93,125,2.730221748352051,0.9633383290020966
225,14,/home/nabizadz/Projects/Mahsa/datasets/grid/test/s32/lbwb4s.mpg,172,204,3.209167242050171,0.9622466911049999
225,15,/home/nabizadz/Projects/Mahsa/datasets/grid/test/s32/lwbc3p.mpg,234,266,4.086164474487305,0.8715710832916276
226,0,/home/nabizadz/Projects/Mahsa/datasets/grid/test/s32/swaf1p.mpg,59,91,3.0372791290283203,0.9420558490553257
226,1,/home/nabizadz/Projects/Mahsa/datasets/grid/test/s32/pgit7p.mpg,185,217,3.7262887954711914,0.9632640648197388
226,2,/home/nabizadz/Projects/Mahsa/datasets/grid/test/s32/pgbh6s.mpg,64,96,3.1150877475738525,0.9585446237305344
226,3,/home/nabizadz/Projects/Mahsa/datasets/grid/test/s32/bwwy4s.mpg,90,122,3.0783915519714355,0.9508459977463309
226,4,/home/nabizadz/Projects/Mahsa/datasets/grid/test/s32/sriy2s.mpg,66,98,3.249180555343628,0.9564510379678186
226,5,/home/nabizadz/Projects/Mahsa/datasets/grid/test/s32/pwwh6a.mpg,261,293,4.26767635345459,0.8902755236282497
226,6,/home/nabizadz/Projects/Mahsa/datasets/grid/test/s32/bbwc9n.mpg,181,213,3.2622244358062744,0.9239001596091498
226,7,/home/nabizadz/Projects/Mahsa/datasets/grid/test/s32/lgipza.mpg,247,279,4.289998531341553,0.9132063093075337
226,8,/home/nabizadz/Projects/Mahsa/datasets/grid/test/s32/bbwx4a.mpg,74,106,2.8389270305633545,0.9280127150732765
226,9,/home/nabizadz/Projects/Mahsa/datasets/grid/test/s32/pgwb8a.mpg,255,287,4.280331134796143,0.89703102583548
226,10,/home/nabizadz/Projects/Mahsa/datasets/grid/test/s32/lgiv3p.mpg,30,62,3.845041275024414,0.950292723230931
226,11,/home/nabizadz/Projects/Mahsa/datasets/grid/test/s32/pgau1p.mpg,29,61,3.6164395809173584,0.963544917389444
226,12,/home/nabizadz/Projects/Mahsa/datasets/grid/test/s32/bwwk8a.mpg,251,283,4.172889232635498,0.8669347425852886
226,13,/home/nabizadz/Projects/Mahsa/datasets/grid/test/s32/pwig1n.mpg,89,121,3.1101081371307373,0.9692069366548618
226,14,/home/nabizadz/Projects/Mahsa/datasets/grid/test/s32/lgii3n.mpg,178,210,3.767249822616577,0.9226696310295678
226,15,/home/nabizadz/Projects/Mahsa/datasets/grid/test/s32/lrbh9n.mpg,168,200,2.8305201530456543,0.9031382724600121
227,0,/home/nabizadz/Projects/Mahsa/datasets/grid/test/s32/lwwxza.mpg,55,87,3.072331666946411,0.966716255709877
227,1,/home/nabizadz/Projects/Mahsa/datasets/grid/test/s32/lban3n.mpg,210,242,4.339894771575928,0.9211776284663062
227,2,/home/nabizadz/Projects/Mahsa/datasets/grid/test/s32/lbwo3p.mpg,112,144,2.621445655822754,0.9617077455944552
227,3,/home/nabizadz/Projects/Mahsa/datasets/grid/test/s32/srwz3n.mpg,23,55,3.580761671066284,0.9814717523043085
227,4,/home/nabizadz/Projects/Mahsa/datasets/grid/test/s32/pwim6s.mpg,38,70,3.0831453800201416,0.9506555769274637
227,5,/home/nabizadz/Projects/Mahsa/datasets/grid/test/s32/sbby5p.mpg,23,55,4.13380765914917,0.9486847334592471
227,6,/home/nabizadz/Projects/Mahsa/datasets/grid/test/s32/lbat7n.mpg,48,80,2.8308777809143066,0.9583290838188576
227,7,/home/nabizadz/Projects/Mahsa/datasets/grid/test/s32/pbaz8a.mpg,53,85,2.772395610809326,0.967487204405349
227,8,/home/nabizadz/Projects/Mahsa/datasets/grid/test/s32/swbz8a.mpg,52,84,2.684812068939209,0.9466386585037134
227,9,/home/nabizadz/Projects/Mahsa/datasets/grid/test/s32/pwba6s.mpg,256,288,4.046558380126953,0.9689778455443595
227,10,/home/nabizadz/Projects/Mahsa/datasets/grid/test/s32/lbig8a.mpg,153,185,3.1934192180633545,0.9445881053206375
227,11,/home/nabizadz/Projects/Mahsa/datasets/grid/test/s32/prag2a.mpg,228,260,3.9965968132019043,0.7776866977151735
227,12,/home/nabizadz/Projects/Mahsa/datasets/grid/test/s32/bwwk6s.mpg,201,233,4.1528143882751465,0.9468950324297881
227,13,/home/nabizadz/Projects/Mahsa/datasets/grid/test/s32/pbir7n.mpg,49,81,3.595712900161743,0.9785085154632226
227,14,/home/nabizadz/Projects/Mahsa/datasets/grid/test/s32/pwwh4s.mpg,199,231,4.340723514556885,0.9544678008001911
227,15,/home/nabizadz/Projects/Mahsa/datasets/grid/test/s32/sgas5p.mpg,115,147,2.3653247356414795,0.9651852817991095
228,0,/home/nabizadz/Projects/Mahsa/datasets/grid/test/s32/pgbu3n.mpg,80,112,3.2828872203826904,0.9783088893204562
228,1,/home/nabizadz/Projects/Mahsa/datasets/grid/test/s32/sgbm4s.mpg,190,222,3.4564852714538574,0.9555975228718979
228,2,/home/nabizadz/Projects/Mahsa/datasets/grid/test/s32/lrau6a.mpg,3,35,4.244251728057861,0.9732728966331742
228,3,/home/nabizadz/Projects/Mahsa/datasets/grid/test/s32/sbbr2a.mpg,258,290,4.040167808532715,0.9207523551571519
228,4,/home/nabizadz/Projects/Mahsa/datasets/grid/test/s32/prbt2s.mpg,139,171,3.154170036315918,0.9475906525935966
228,5,/home/nabizadz/Projects/Mahsa/datasets/grid/test/s32/sbwzza.mpg,99,131,2.1543421745300293,0.9626822347194898
228,6,/home/nabizadz/Projects/Mahsa/datasets/grid/test/s32/lwwjzs.mpg,187,219,3.1851747035980225,0.9525383677741543
228,7,/home/nabizadz/Projects/Mahsa/datasets/grid/test/s32/pbbm2s.mpg,182,214,3.8877179622650146,0.9363476865045925
228,8,/home/nabizadz/Projects/Mahsa/datasets/grid/test/s32/sgal9n.mpg,14,46,3.9238312244415283,0.9467264793850574
228,9,/home/nabizadz/Projects/Mahsa/datasets/grid/test/s32/srby9n.mpg,48,80,3.6001579761505127,0.9741012811765015
228,10,/home/nabizadz/Projects/Mahsa/datasets/grid/test/s32/sgbm6a.mpg,152,184,2.7683324813842773,0.9615260272469247
228,11,/home/nabizadz/Projects/Mahsa/datasets/grid/test/s32/lbbn9p.mpg,154,186,3.2359659671783447,0.931913115945542
228,12,/home/nabizadz/Projects/Mahsa/datasets/grid/test/s32/pwim8a.mpg,76,108,3.4359512329101562,0.9610440565400226
228,13,/home/nabizadz/Projects/Mahsa/datasets/grid/test/s32/pgbb2s.mpg,94,126,2.7618701457977295,0.9609320851497295
228,14,/home/nabizadz/Projects/Mahsa/datasets/grid/test/s32/lgwx4s.mpg,205,237,3.479661464691162,0.9520030724293822
228,15,/home/nabizadz/Projects/Mahsa/datasets/grid/test/s32/pgwvza.mpg,147,179,3.05574369430542,0.9452395261700304
229,0,/home/nabizadz/Projects/Mahsa/datasets/grid/test/s32/bgikzs.mpg,34,66,2.942561149597168,0.9555593825669639
229,1,/home/nabizadz/Projects/Mahsa/datasets/grid/test/s32/lwio1n.mpg,10,42,4.337867736816406,0.9682499120083569
229,2,/home/nabizadz/Projects/Mahsa/datasets/grid/test/s32/pgbn9n.mpg,53,85,2.245187282562256,0.9252642689819892
229,3,/home/nabizadz/Projects/Mahsa/datasets/grid/test/s32/lgbp7p.mpg,66,98,2.7141051292419434,0.9542975488894702
229,4,/home/nabizadz/Projects/Mahsa/datasets/grid/test/s32/lwav2a.mpg,137,169,3.457878351211548,0.9405166359110018
229,5,/home/nabizadz/Projects/Mahsa/datasets/grid/test/s32/sray6s.mpg,166,198,2.546689033508301,0.9517649869737838
229,6,/home/nabizadz/Projects/Mahsa/datasets/grid/test/s32/prbg5p.mpg,51,83,3.5053930282592773,0.9687030030877496
229,7,/home/nabizadz/Projects/Mahsa/datasets/grid/test/s32/brbj8a.mpg,162,194,2.8172316551208496,0.9446367438985767
229,8,/home/nabizadz/Projects/Mahsa/datasets/grid/test/s32/lgbc7n.mpg,154,186,3.2637815475463867,0.9548091515238024
229,9,/home/nabizadz/Projects/Mahsa/datasets/grid/test/s32/pgbh7p.mpg,173,205,3.4889540672302246,0.9336534920206316
229,10,/home/nabizadz/Projects/Mahsa/datasets/grid/test/s32/lbahzs.mpg,107,139,3.223926067352295,0.9584209035826118
229,11,/home/nabizadz/Projects/Mahsa/datasets/grid/test/s32/bwad5p.mpg,206,238,4.23460578918457,0.910962665388191
229,12,/home/nabizadz/Projects/Mahsa/datasets/grid/test/s32/lwwp3n.mpg,187,219,3.7504024505615234,0.9624120037101743
229,13,/home/nabizadz/Projects/Mahsa/datasets/grid/test/s32/lgac3n.mpg,228,260,4.2329535484313965,0.8387835407686602
229,14,/home/nabizadz/Projects/Mahsa/datasets/grid/test/s32/bwix4a.mpg,91,123,3.2052648067474365,0.9820699388431446
229,15,/home/nabizadz/Projects/Mahsa/datasets/grid/test/s32/bwij5p.mpg,92,124,3.200739622116089,0.9593095440061538
230,0,/home/nabizadz/Projects/Mahsa/datasets/grid/test/s32/pgbh8a.mpg,91,123,2.934755563735962,0.9476786166510199
230,1,/home/nabizadz/Projects/Mahsa/datasets/grid/test/s32/lgwq1p.mpg,166,198,3.7015864849090576,0.9488425930408281
230,2,/home/nabizadz/Projects/Mahsa/datasets/grid/test/s32/swilzs.mpg,91,123,2.7905468940734863,0.9429149600053914
230,3,/home/nabizadz/Projects/Mahsa/datasets/grid/test/s32/pbisza.mpg,211,243,3.959178924560547,0.9617563093259357
230,4,/home/nabizadz/Projects/Mahsa/datasets/grid/test/s32/sgir9n.mpg,15,47,3.6627163887023926,0.9873519391281144
230,5,/home/nabizadz/Projects/Mahsa/datasets/grid/test/s32/pwam9n.mpg,144,176,2.553431749343872,0.9404505225077953
230,6,/home/nabizadz/Projects/Mahsa/datasets/grid/test/s32/lgwd1n.mpg,202,234,4.22576379776001,0.9512153902423153
230,7,/home/nabizadz/Projects/Mahsa/datasets/grid/test/s32/sbak1n.mpg,226,258,3.7540009021759033,0.8038994203138119
230,8,/home/nabizadz/Projects/Mahsa/datasets/grid/test/s32/bbwqza.mpg,117,149,2.714437961578369,0.9439410848791923
230,9,/home/nabizadz/Projects/Mahsa/datasets/grid/test/s32/sgwt4a.mpg,244,276,4.257612228393555,0.8923127352827308
230,10,/home/nabizadz/Projects/Mahsa/datasets/grid/test/s32/lbin1p.mpg,248,280,3.980238437652588,0.8372827981061679
230,11,/home/nabizadz/Projects/Mahsa/datasets/grid/test/s32/bgak4s.mpg,2,34,4.444338798522949,0.9546794091028555
230,12,/home/nabizadz/Projects/Mahsa/datasets/grid/test/s32/srie1p.mpg,139,171,2.888153314590454,0.9505851180333998
230,13,/home/nabizadz/Projects/Mahsa/datasets/grid/test/s32/pwwn8s.mpg,247,279,4.361333847045898,0.8622219499330994
230,14,/home/nabizadz/Projects/Mahsa/datasets/grid/test/s32/sgaf8a.mpg,147,179,1.8783626556396484,0.9529061734320328
230,15,/home/nabizadz/Projects/Mahsa/datasets/grid/test/s32/lgwx3n.mpg,71,103,2.7198688983917236,0.9301426265974675
231,0,/home/nabizadz/Projects/Mahsa/datasets/grid/test/s32/bbbi9n.mpg,124,156,3.681001663208008,0.9385224678276577
231,1,/home/nabizadz/Projects/Mahsa/datasets/grid/test/s32/sbad8s.mpg,267,299,4.2950358390808105,0.9109970162723896
231,2,/home/nabizadz/Projects/Mahsa/datasets/grid/test/s32/pgan5n.mpg,144,176,3.0718467235565186,0.9800055095995468
231,3,/home/nabizadz/Projects/Mahsa/datasets/grid/test/s32/pwat3n.mpg,90,122,2.706508159637451,0.9333878091893972
231,4,/home/nabizadz/Projects/Mahsa/datasets/grid/test/s32/brwq6a.mpg,82,114,3.574897289276123,0.9592815606364032
231,5,/home/nabizadz/Projects/Mahsa/datasets/grid/test/s32/bwwrzs.mpg,137,169,3.363455295562744,0.9575635686674421
231,6,/home/nabizadz/Projects/Mahsa/datasets/grid/test/s32/srae3n.mpg,78,110,3.125108003616333,0.9525809991781288
231,7,/home/nabizadz/Projects/Mahsa/datasets/grid/test/s32/pbwm7p.mpg,206,238,4.27684211730957,0.8987151970321922
231,8,/home/nabizadz/Projects/Mahsa/datasets/grid/test/s32/bric6a.mpg,65,97,3.106581687927246,0.9582336415795609
231,9,/home/nabizadz/Projects/Mahsa/datasets/grid/test/s32/bbib8s.mpg,46,78,2.8311190605163574,0.9600424783776257
231,10,/home/nabizadz/Projects/Mahsa/datasets/grid/test/s32/sgil8a.mpg,180,212,3.9281985759735107,0.9588274395983721
231,11,/home/nabizadz/Projects/Mahsa/datasets/grid/test/s32/bbao9n.mpg,109,141,2.516883373260498,0.9128548637491822
231,12,/home/nabizadz/Projects/Mahsa/datasets/grid/test/s32/sbak4a.mpg,224,256,4.251348495483398,0.9505490144732922
231,13,/home/nabizadz/Projects/Mahsa/datasets/grid/test/s32/sgbs9p.mpg,56,88,2.3986940383911133,0.9600955591869773
231,14,/home/nabizadz/Projects/Mahsa/datasets/grid/test/s32/lrwv2s.mpg,166,198,3.366568088531494,0.9336929879830337
231,15,/home/nabizadz/Projects/Mahsa/datasets/grid/test/s32/lbbu3p.mpg,78,110,2.9097044467926025,0.9602738495148951
232,0,/home/nabizadz/Projects/Mahsa/datasets/grid/test/s32/brbd3p.mpg,50,82,3.4212260246276855,0.9355105905666946
232,1,/home/nabizadz/Projects/Mahsa/datasets/grid/test/s32/pwig4a.mpg,268,300,4.064577579498291,0.9113670555440972
232,2,/home/nabizadz/Projects/Mahsa/datasets/grid/test/s32/bwbd8s.mpg,81,113,2.6293270587921143,0.9492110088121372
232,3,/home/nabizadz/Projects/Mahsa/datasets/grid/test/s32/bbio6s.mpg,131,163,3.2254230976104736,0.9625874030832073
232,4,/home/nabizadz/Projects/Mahsa/datasets/grid/test/s32/lwib5p.mpg,13,45,3.7761104106903076,0.9502293077846758
232,5,/home/nabizadz/Projects/Mahsa/datasets/grid/test/s32/pbwg2s.mpg,110,142,3.4067487716674805,0.9483874439964117
232,6,/home/nabizadz/Projects/Mahsa/datasets/grid/test/s32/swae9n.mpg,74,106,2.6981334686279297,0.9399064519782548
232,7,/home/nabizadz/Projects/Mahsa/datasets/grid/test/s32/bwad4s.mpg,171,203,3.265730381011963,0.9492827544120964
232,8,/home/nabizadz/Projects/Mahsa/datasets/grid/test/s32/bbiv1p.mpg,223,255,4.26855993270874,0.871974345860382
232,9,/home/nabizadz/Projects/Mahsa/datasets/grid/test/s32/pris5p.mpg,134,166,3.4254603385925293,0.9509702046309746
232,10,/home/nabizadz/Projects/Mahsa/datasets/grid/test/s32/brbd1n.mpg,89,121,2.563232421875,0.9564976557050273
232,11,/home/nabizadz/Projects/Mahsa/datasets/grid/test/s32/srws2a.mpg,181,213,4.146755695343018,0.9071916461467731
232,12,/home/nabizadz/Projects/Mahsa/datasets/grid/test/s32/srwz6a.mpg,154,186,2.6961276531219482,0.9463661474871579
232,13,/home/nabizadz/Projects/Mahsa/datasets/grid/test/s32/lgav6s.mpg,163,195,2.5413293838500977,0.9583117903257531
232,14,/home/nabizadz/Projects/Mahsa/datasets/grid/test/s32/lwbc2s.mpg,27,59,3.2149314880371094,0.9877794292084829
232,15,/home/nabizadz/Projects/Mahsa/datasets/grid/test/s32/bgwr7p.mpg,156,188,2.8493547439575195,0.938645519136558
233,0,/home/nabizadz/Projects/Mahsa/datasets/grid/test/s32/lwbv3n.mpg,223,255,4.2398176193237305,0.8284469042866128
233,1,/home/nabizadz/Projects/Mahsa/datasets/grid/test/s32/pbwg3p.mpg,119,151,3.4247372150421143,0.970635246325241
233,2,/home/nabizadz/Projects/Mahsa/datasets/grid/test/s32/swbz7p.mpg,209,241,4.1009368896484375,0.9220031888785091
233,3,/home/nabizadz/Projects/Mahsa/datasets/grid/test/s32/swiy8s.mpg,202,234,4.349762916564941,0.9342481376887126
233,4,/home/nabizadz/Projects/Mahsa/datasets/grid/test/s32/brwkzs.mpg,247,279,4.117173671722412,0.9805000339371144
233,5,/home/nabizadz/Projects/Mahsa/datasets/grid/test/s32/pgia3n.mpg,137,169,3.2785022258758545,0.950413878675791
233,6,/home/nabizadz/Projects/Mahsa/datasets/grid/test/s32/bgwe8s.mpg,109,141,2.8100481033325195,0.960552653696244
233,7,/home/nabizadz/Projects/Mahsa/datasets/grid/test/s32/lbim9n.mpg,187,219,1.9054222106933594,0.9298940095540278
233,8,/home/nabizadz/Projects/Mahsa/datasets/grid/test/s32/prbg3n.mpg,141,173,3.063411235809326,0.938241962984415
233,9,/home/nabizadz/Projects/Mahsa/datasets/grid/test/s32/lbat9p.mpg,76,108,2.8097307682037354,0.9561067446570042
233,10,/home/nabizadz/Projects/Mahsa/datasets/grid/test/s32/sray5n.mpg,37,69,3.7736499309539795,0.9498528161155803
233,11,/home/nabizadz/Projects/Mahsa/datasets/grid/test/s32/bgid6s.mpg,215,247,4.202724456787109,0.8857994990242931
233,12,/home/nabizadz/Projects/Mahsa/datasets/grid/test/s32/swwz9n.mpg,168,200,2.2192044258117676,0.9190403068136501
233,13,/home/nabizadz/Projects/Mahsa/datasets/grid/test/s32/lrbo3n.mpg,17,49,4.066431522369385,0.9638071203785086
233,14,/home/nabizadz/Projects/Mahsa/datasets/grid/test/s32/sriq9p.mpg,57,89,2.8709044456481934,0.9572358795561975
233,15,/home/nabizadz/Projects/Mahsa/datasets/grid/test/s32/pbaz5n.mpg,35,67,4.390462398529053,0.9701152013152329
234,0,/home/nabizadz/Projects/Mahsa/datasets/grid/test/s32/srwf4a.mpg,48,80,1.921701192855835,0.9537002057049501
234,1,/home/nabizadz/Projects/Mahsa/datasets/grid/test/s32/lrau3n.mpg,121,153,3.121692419052124,0.9258894663085625
234,2,/home/nabizadz/Projects/Mahsa/datasets/grid/test/s32/lbbh6a.mpg,191,223,3.97328519821167,0.9442328786750398
234,3,/home/nabizadz/Projects/Mahsa/datasets/grid/test/s32/sriq8s.mpg,190,222,2.244758129119873,0.9456602143457887
234,4,/home/nabizadz/Projects/Mahsa/datasets/grid/test/s32/prim2a.mpg,82,114,2.976855993270874,0.955762255024757
234,5,/home/nabizadz/Projects/Mahsa/datasets/grid/test/s32/lwao5n.mpg,160,192,3.362661123275757,0.94557776701857
234,6,/home/nabizadz/Projects/Mahsa/datasets/grid/test/s32/lbauza.mpg,63,95,2.993147373199463,0.9342454480024882
234,7,/home/nabizadz/Projects/Mahsa/datasets/grid/test/s32/pgwo3n.mpg,114,146,2.5891687870025635,0.9381104210943845
234,8,/home/nabizadz/Projects/Mahsa/datasets/grid/test/s32/lgwp9n.mpg,153,185,2.6709821224212646,0.897442150893749
234,9,/home/nabizadz/Projects/Mahsa/datasets/grid/test/s32/bgay2s.mpg,104,136,2.7650351524353027,0.939640637957436
234,10,/home/nabizadz/Projects/Mahsa/datasets/grid/test/s32/pgan7p.mpg,55,87,2.9454662799835205,0.9589727421253124
234,11,/home/nabizadz/Projects/Mahsa/datasets/grid/test/s32/pbwm8a.mpg,202,234,3.5582001209259033,0.9476549413183832
234,12,/home/nabizadz/Projects/Mahsa/datasets/grid/test/s32/sgaf5n.mpg,212,244,4.128963470458984,0.9100920783442042
234,13,/home/nabizadz/Projects/Mahsa/datasets/grid/test/s32/srbfza.mpg,211,243,4.112356185913086,0.9614096968085879
234,14,/home/nabizadz/Projects/Mahsa/datasets/grid/test/s32/bwbx9n.mpg,83,115,3.107703924179077,0.9625172693285018
234,15,/home/nabizadz/Projects/Mahsa/datasets/grid/test/s32/lbwb5p.mpg,26,58,3.9898271560668945,0.9613624866322923
235,0,/home/nabizadz/Projects/Mahsa/datasets/grid/test/s32/lgbj3p.mpg,239,271,4.274383068084717,0.8684350258192443
235,1,/home/nabizadz/Projects/Mahsa/datasets/grid/test/s32/bgbr2s.mpg,251,283,4.181957721710205,0.8836078504175778
235,2,/home/nabizadz/Projects/Mahsa/datasets/grid/test/s32/lgai7n.mpg,192,224,4.05837869644165,0.9188566168603798
235,3,/home/nabizadz/Projects/Mahsa/datasets/grid/test/s32/pgauzs.mpg,138,170,3.3942911624908447,0.9628899039267275
235,4,/home/nabizadz/Projects/Mahsa/datasets/grid/test/s32/lrah8a.mpg,251,283,4.031035900115967,0.838918563189274
235,5,/home/nabizadz/Projects/Mahsa/datasets/grid/test/s32/pbwaza.mpg,20,52,3.0985190868377686,0.98203741306951
235,6,/home/nabizadz/Projects/Mahsa/datasets/grid/test/s32/lbbu4a.mpg,46,78,3.4098997116088867,0.9607389916486604
235,7,/home/nabizadz/Projects/Mahsa/datasets/grid/test/s32/brwd8a.mpg,117,149,3.4520933628082275,0.9647695867116567
235,8,/home/nabizadz/Projects/Mahsa/datasets/grid/test/s32/prif6s.mpg,156,188,2.845522403717041,0.9591001754866996
235,9,/home/nabizadz/Projects/Mahsa/datasets/grid/test/s32/bwip8s.mpg,41,73,2.626192808151245,0.9540124162025413
235,10,/home/nabizadz/Projects/Mahsa/datasets/grid/test/s32/swir5p.mpg,62,94,1.9560229778289795,0.9541627596715523
235,11,/home/nabizadz/Projects/Mahsa/datasets/grid/test/s32/srbe9p.mpg,8,40,4.211122989654541,0.9994375362109247
235,12,/home/nabizadz/Projects/Mahsa/datasets/grid/test/s32/lbig5n.mpg,5,37,4.191898345947266,0.9825113000611754
235,13,/home/nabizadz/Projects/Mahsa/datasets/grid/test/s32/sbak3p.mpg,233,265,4.480604648590088,0.8885291855735349
235,14,/home/nabizadz/Projects/Mahsa/datasets/grid/test/s32/lrwv4a.mpg,15,47,3.657806634902954,0.9761866163300245
235,15,/home/nabizadz/Projects/Mahsa/datasets/grid/test/s32/sbbr1p.mpg,73,105,3.284349203109741,0.9733975020497141
236,0,/home/nabizadz/Projects/Mahsa/datasets/grid/test/s32/lwbc4a.mpg,40,72,3.220485210418701,0.9310128035825697
236,1,/home/nabizadz/Projects/Mahsa/datasets/grid/test/s32/prwg9p.mpg,60,92,3.7680869102478027,0.9259126737766559
236,2,/home/nabizadz/Projects/Mahsa/datasets/grid/test/s32/sbbrzs.mpg,55,87,2.879669666290283,0.9585640403321228
236,3,/home/nabizadz/Projects/Mahsa/datasets/grid/test/s32/lwwj2a.mpg,236,268,4.354241371154785,0.8934404960232805
236,4,/home/nabizadz/Projects/Mahsa/datasets/grid/test/s32/pwaa3p.mpg,198,230,3.393930435180664,0.8651106189658125
236,5,/home/nabizadz/Projects/Mahsa/datasets/grid/test/s32/pgaa9p.mpg,107,139,2.850813627243042,0.9517450734554068
236,6,/home/nabizadz/Projects/Mahsa/datasets/grid/test/s32/lrau4s.mpg,249,281,4.200263977050781,0.8735634712003622
236,7,/home/nabizadz/Projects/Mahsa/datasets/grid/test/s32/sbij9p.mpg,173,205,3.1546401977539062,0.9655755553135198
236,8,/home/nabizadz/Projects/Mahsa/datasets/grid/test/s32/pwan1p.mpg,81,113,3.1150712966918945,0.9571908891878249
236,9,/home/nabizadz/Projects/Mahsa/datasets/grid/test/s32/lwwj1p.mpg,230,262,4.331686019897461,0.9379909521388456
236,10,/home/nabizadz/Projects/Mahsa/datasets/grid/test/s32/prim1p.mpg,251,283,4.157412052154541,0.9161186584892728
236,11,/home/nabizadz/Projects/Mahsa/datasets/grid/test/s32/pbbs6s.mpg,146,178,3.107577085494995,0.9445903266938288
236,12,/home/nabizadz/Projects/Mahsa/datasets/grid/test/s32/pbaf6a.mpg,120,152,3.272312879562378,0.9566809089533552
236,13,/home/nabizadz/Projects/Mahsa/datasets/grid/test/s32/pgit8a.mpg,256,288,4.1121344566345215,0.8897173310849966
236,14,/home/nabizadz/Projects/Mahsa/datasets/grid/test/s32/prwhza.mpg,35,67,2.1473588943481445,0.9534287385923579
236,15,/home/nabizadz/Projects/Mahsa/datasets/grid/test/s32/srae5p.mpg,64,96,3.12217116355896,0.9695820962295905
237,0,/home/nabizadz/Projects/Mahsa/datasets/grid/test/s32/lrwv3p.mpg,61,93,2.670363664627075,0.9536665495446179
237,1,/home/nabizadz/Projects/Mahsa/datasets/grid/test/s32/bwad3n.mpg,30,62,3.5431203842163086,0.959217791592677
237,2,/home/nabizadz/Projects/Mahsa/datasets/grid/test/s32/bgwz1p.mpg,26,58,3.209365129470825,0.9726509434139812
237,3,/home/nabizadz/Projects/Mahsa/datasets/grid/test/s32/sbby6a.mpg,126,158,3.2989418506622314,0.9704695489891684
237,4,/home/nabizadz/Projects/Mahsa/datasets/grid/test/s32/lgwx5p.mpg,197,229,4.051868915557861,0.8877806731042975
237,5,/home/nabizadz/Projects/Mahsa/datasets/grid/test/s32/lwwc8a.mpg,198,230,4.1262526512146,0.963628738024754
237,6,/home/nabizadz/Projects/Mahsa/datasets/grid/test/s32/lrbb6s.mpg,229,261,4.235116004943848,0.9106776229305955
237,7,/home/nabizadz/Projects/Mahsa/datasets/grid/test/s32/prwn1n.mpg,11,43,3.087320327758789,0.9572655767548087
237,8,/home/nabizadz/Projects/Mahsa/datasets/grid/test/s32/srak7n.mpg,140,172,1.9845268726348877,0.9140072878404488
237,9,/home/nabizadz/Projects/Mahsa/datasets/grid/test/s32/pbbs7p.mpg,237,269,3.9489827156066895,0.8273990503786138
237,10,/home/nabizadz/Projects/Mahsa/datasets/grid/test/s32/bgarza.mpg,69,101,3.105736494064331,0.9477456526537275
237,11,/home/nabizadz/Projects/Mahsa/datasets/grid/test/s32/briv6s.mpg,159,191,3.050737142562866,0.951076197908493
237,12,/home/nabizadz/Projects/Mahsa/datasets/grid/test/s32/srbr5n.mpg,232,264,4.288078308105469,0.8794243991883478
237,13,/home/nabizadz/Projects/Mahsa/datasets/grid/test/s32/lrbi1p.mpg,97,129,3.3102779388427734,0.9413120058484593
237,14,/home/nabizadz/Projects/Mahsa/datasets/grid/test/s32/lgiczs.mpg,192,224,3.753206968307495,0.9668942091560028
237,15,/home/nabizadz/Projects/Mahsa/datasets/grid/test/s32/swaf2a.mpg,166,198,3.6565051078796387,0.9434934330332423
238,0,/home/nabizadz/Projects/Mahsa/datasets/grid/test/s32/bbib7n.mpg,111,143,2.8767857551574707,0.9518504542790975
238,1,/home/nabizadz/Projects/Mahsa/datasets/grid/test/s32/sbij8s.mpg,12,44,3.712348222732544,0.9626623997858519
238,2,/home/nabizadz/Projects/Mahsa/datasets/grid/test/s32/lrbo5p.mpg,110,142,1.9532971382141113,0.9616049932424858
238,3,/home/nabizadz/Projects/Mahsa/datasets/grid/test/s32/lwwc6s.mpg,205,237,3.7029104232788086,0.916707147214614
238,4,/home/nabizadz/Projects/Mahsa/datasets/grid/test/s32/pwanzs.mpg,220,252,4.260767936706543,0.8494494362473057
238,5,/home/nabizadz/Projects/Mahsa/datasets/grid/test/s32/pwim7p.mpg,268,300,4.289597511291504,0.9814145333084421
238,6,/home/nabizadz/Projects/Mahsa/datasets/grid/test/s32/sbwy9p.mpg,40,72,2.9570295810699463,0.9538427248393828
238,7,/home/nabizadz/Projects/Mahsa/datasets/grid/test/s32/prwa3n.mpg,99,131,2.3054096698760986,0.9484756738591323
238,8,/home/nabizadz/Projects/Mahsa/datasets/grid/test/s32/sbwy7n.mpg,125,157,2.897000551223755,0.9695807789264549
238,9,/home/nabizadz/Projects/Mahsa/datasets/grid/test/s32/prwt5n.mpg,87,119,3.3389322757720947,0.9724763467554295
238,10,/home/nabizadz/Projects/Mahsa/datasets/grid/test/s32/swie8a.mpg,258,290,4.390283107757568,0.915329328683781
238,11,/home/nabizadz/Projects/Mahsa/datasets/grid/test/s32/pbas2s.mpg,144,176,3.533491373062134,0.973048610101719
238,12,/home/nabizadz/Projects/Mahsa/datasets/grid/test/s32/lbwo1n.mpg,23,55,2.707772731781006,0.9582117299515042
238,13,/home/nabizadz/Projects/Mahsa/datasets/grid/test/s32/bwax7p.mpg,22,54,4.128076553344727,0.9601099124580542
238,14,/home/nabizadz/Projects/Mahsa/datasets/grid/test/s32/lriu1p.mpg,54,86,2.826765537261963,0.9276939310620531
238,15,/home/nabizadz/Projects/Mahsa/datasets/grid/test/s32/bwix1n.mpg,45,77,1.995645523071289,0.9560999076314771
239,0,/home/nabizadz/Projects/Mahsa/datasets/grid/test/s32/bgid7p.mpg,25,57,2.248730421066284,0.9148989428627543
239,1,/home/nabizadz/Projects/Mahsa/datasets/grid/test/s32/lwav1p.mpg,121,153,3.0104243755340576,0.9579830768638884
239,2,/home/nabizadz/Projects/Mahsa/datasets/grid/test/s32/lgac6a.mpg,243,275,4.094030380249023,0.9373048555907596
239,3,/home/nabizadz/Projects/Mahsa/datasets/grid/test/s32/srwz5p.mpg,155,187,2.911912202835083,0.9714144212905536
239,4,/home/nabizadz/Projects/Mahsa/datasets/grid/test/s32/sbwr4s.mpg,51,83,2.9105138778686523,0.96228872261326
239,5,/home/nabizadz/Projects/Mahsa/datasets/grid/test/s32/sgwa2a.mpg,248,280,4.107089042663574,0.8456768080060683
239,6,/home/nabizadz/Projects/Mahsa/datasets/grid/test/s32/swwm3p.mpg,82,114,3.046699047088623,0.9425818893372314
239,7,/home/nabizadz/Projects/Mahsa/datasets/grid/test/s32/swal4s.mpg,148,180,3.032365560531616,0.9546077997695824
239,8,/home/nabizadz/Projects/Mahsa/datasets/grid/test/s32/sbak2s.mpg,91,123,2.691354274749756,0.9080026677893509
239,9,/home/nabizadz/Projects/Mahsa/datasets/grid/test/s32/sgwt1n.mpg,45,77,3.052985191345215,0.9432447602013604
239,10,/home/nabizadz/Projects/Mahsa/datasets/grid/test/s32/sbad7n.mpg,8,40,4.2331109046936035,0.9742559822281573
239,11,/home/nabizadz/Projects/Mahsa/datasets/grid/test/s32/pwba5n.mpg,245,277,3.8320465087890625,0.8548069860613751
239,12,/home/nabizadz/Projects/Mahsa/datasets/grid/test/s32/sgiszs.mpg,48,80,3.4742441177368164,0.9593737418068031
239,13,/home/nabizadz/Projects/Mahsa/datasets/grid/test/s32/lwbi7p.mpg,16,48,4.325732231140137,0.9889068448861766
239,14,/home/nabizadz/Projects/Mahsa/datasets/grid/test/s32/prwt8a.mpg,200,232,4.072300910949707,0.8290015006472529
239,15,/home/nabizadz/Projects/Mahsa/datasets/grid/test/s32/lwib3n.mpg,65,97,2.916738510131836,0.9547885766866049
240,0,/home/nabizadz/Projects/Mahsa/datasets/grid/test/s32/pbbm4a.mpg,173,205,2.8013663291931152,0.9365764066508694
240,1,/home/nabizadz/Projects/Mahsa/datasets/grid/test/s32/lwwi9n.mpg,207,239,4.2422566413879395,0.853987600112091
240,2,/home/nabizadz/Projects/Mahsa/datasets/grid/test/s32/lgac4s.mpg,197,229,4.094688892364502,0.882096068347099
240,3,/home/nabizadz/Projects/Mahsa/datasets/grid/test/s32/lgio7n.mpg,37,69,2.9034371376037598,0.9756534991264442
240,4,/home/nabizadz/Projects/Mahsa/datasets/grid/test/s32/lwio3p.mpg,103,135,3.3705508708953857,0.9630825143570553
240,5,/home/nabizadz/Projects/Mahsa/datasets/grid/test/s32/pbwg1n.mpg,196,228,4.177236557006836,0.8218132169290431
240,6,/home/nabizadz/Projects/Mahsa/datasets/grid/test/s32/bbai6s.mpg,148,180,3.5211756229400635,0.9691999211861001
240,7,/home/nabizadz/Projects/Mahsa/datasets/grid/test/s32/bwbq8a.mpg,200,232,4.223508834838867,0.9480128540156698
240,8,/home/nabizadz/Projects/Mahsa/datasets/grid/test/s32/brip1n.mpg,89,121,3.192936897277832,0.9529494127076462
240,9,/home/nabizadz/Projects/Mahsa/datasets/grid/test/s32/sbbq9n.mpg,19,51,3.3897714614868164,0.9108922763563199
240,10,/home/nabizadz/Projects/Mahsa/datasets/grid/test/s32/praf9n.mpg,181,213,4.234944820404053,0.9454689612605793
240,11,/home/nabizadz/Projects/Mahsa/datasets/grid/test/s32/bwbyzs.mpg,4,36,3.437154769897461,0.9704265278138842
240,12,/home/nabizadz/Projects/Mahsa/datasets/grid/test/s32/bgbe3n.mpg,100,132,3.1798009872436523,0.9719864738061283
240,13,/home/nabizadz/Projects/Mahsa/datasets/grid/test/s32/bbbp6a.mpg,64,96,2.626769542694092,0.9512224730254972
240,14,/home/nabizadz/Projects/Mahsa/datasets/grid/test/s32/pbil3n.mpg,188,220,4.173511981964111,0.9191811466617303
240,15,/home/nabizadz/Projects/Mahsa/datasets/grid/test/s32/srbr7p.mpg,169,201,3.59049129486084,0.9659661416648728
241,0,/home/nabizadz/Projects/Mahsa/datasets/grid/test/s32/sbax9n.mpg,97,129,2.406384229660034,0.9329046817399524
241,1,/home/nabizadz/Projects/Mahsa/datasets/grid/test/s32/lrbo6a.mpg,101,133,1.9229966402053833,0.9445927135655099
241,2,/home/nabizadz/Projects/Mahsa/datasets/grid/test/s32/sbix5n.mpg,32,64,3.3508925437927246,0.9421882571720395
241,3,/home/nabizadz/Projects/Mahsa/datasets/grid/test/s32/swws6s.mpg,103,135,2.688080072402954,0.962430875661427
241,4,/home/nabizadz/Projects/Mahsa/datasets/grid/test/s32/pwitzs.mpg,263,295,4.266735553741455,0.9057687055796669
241,5,/home/nabizadz/Projects/Mahsa/datasets/grid/test/s32/pgbozs.mpg,229,261,4.261159420013428,0.8686388158325667
241,6,/home/nabizadz/Projects/Mahsa/datasets/grid/test/s32/lwwp4s.mpg,130,162,3.3838658332824707,0.9563459712456285
241,7,/home/nabizadz/Projects/Mahsa/datasets/grid/test/s32/swaz4a.mpg,188,220,2.0842947959899902,0.9689639445165936
241,8,/home/nabizadz/Projects/Mahsa/datasets/grid/test/s32/sbwe7p.mpg,175,207,3.7563135623931885,0.9507026707119975
241,9,/home/nabizadz/Projects/Mahsa/datasets/grid/test/s32/pbiz3p.mpg,29,61,3.5239737033843994,0.9469820884802046
241,10,/home/nabizadz/Projects/Mahsa/datasets/grid/test/s32/bwix3p.mpg,197,229,4.247879981994629,0.8912932903604647
241,11,/home/nabizadz/Projects/Mahsa/datasets/grid/test/s32/srwl5n.mpg,97,129,3.2194395065307617,0.9348541306823747
241,12,/home/nabizadz/Projects/Mahsa/datasets/grid/test/s32/lrah5n.mpg,166,198,2.0744943618774414,0.9654968255069521
241,13,/home/nabizadz/Projects/Mahsa/datasets/grid/test/s32/bgak3n.mpg,259,291,4.38466215133667,0.9550469451235164
241,14,/home/nabizadz/Projects/Mahsa/datasets/grid/test/s32/sbbe1n.mpg,173,205,4.136085510253906,0.9599979956733677
241,15,/home/nabizadz/Projects/Mahsa/datasets/grid/test/s32/pbil4s.mpg,94,126,3.0837156772613525,0.9430660508712747
242,0,/home/nabizadz/Projects/Mahsa/datasets/grid/test/s32/bbii4a.mpg,44,76,2.863849639892578,0.8844890162158349
242,1,/home/nabizadz/Projects/Mahsa/datasets/grid/test/s32/bgwl1n.mpg,47,79,2.9639322757720947,0.9488483302644939
242,2,/home/nabizadz/Projects/Mahsa/datasets/grid/test/s32/sgif4a.mpg,166,198,3.6816656589508057,0.944649476611887
242,3,/home/nabizadz/Projects/Mahsa/datasets/grid/test/s32/bgbr1n.mpg,232,264,4.452314853668213,0.9666939713496473
242,4,/home/nabizadz/Projects/Mahsa/datasets/grid/test/s32/swwf7n.mpg,203,235,4.249246120452881,0.8424312644928406
242,5,/home/nabizadz/Projects/Mahsa/datasets/grid/test/s32/bbwj6a.mpg,75,107,2.9156832695007324,0.9468619583620008
242,6,/home/nabizadz/Projects/Mahsa/datasets/grid/test/s32/lbboza.mpg,147,179,2.972472667694092,0.9473574856303754
242,7,/home/nabizadz/Projects/Mahsa/datasets/grid/test/s32/bgwzzs.mpg,89,121,3.0629584789276123,0.9630352707186283
242,8,/home/nabizadz/Projects/Mahsa/datasets/grid/test/s32/bgwl4a.mpg,185,217,2.805331230163574,0.9528713583999715
242,9,/home/nabizadz/Projects/Mahsa/datasets/grid/test/s32/srwz4s.mpg,255,287,4.190751552581787,0.8973698666707032
242,10,/home/nabizadz/Projects/Mahsa/datasets/grid/test/s32/pgwizs.mpg,249,281,4.1574273109436035,0.8623884685981972
242,11,/home/nabizadz/Projects/Mahsa/datasets/grid/test/s32/pwiaza.mpg,156,188,2.97418212890625,0.9144831532876095
242,12,/home/nabizadz/Projects/Mahsa/datasets/grid/test/s32/sgiz6a.mpg,195,227,4.112191200256348,0.932140965844213
242,13,/home/nabizadz/Projects/Mahsa/datasets/grid/test/s32/srwf1n.mpg,213,245,3.9873507022857666,0.7908485803938736
242,14,/home/nabizadz/Projects/Mahsa/datasets/grid/test/s32/pwit1p.mpg,152,184,3.468581199645996,0.9480757786424961
242,15,/home/nabizadz/Projects/Mahsa/datasets/grid/test/s32/sgbs8s.mpg,132,164,3.1795687675476074,0.9621011306441022
243,0,/home/nabizadz/Projects/Mahsa/datasets/grid/test/s32/pwag7p.mpg,38,70,3.3888320922851562,0.9621925318757474
243,1,/home/nabizadz/Projects/Mahsa/datasets/grid/test/s32/bgwe9p.mpg,219,251,3.995102643966675,0.8416099842083223
243,2,/home/nabizadz/Projects/Mahsa/datasets/grid/test/s32/lbit5p.mpg,24,56,3.0144124031066895,0.9562300566969475
243,3,/home/nabizadz/Projects/Mahsa/datasets/grid/test/s32/lrwc1p.mpg,134,166,3.414005994796753,0.9611251081677998
243,4,/home/nabizadz/Projects/Mahsa/datasets/grid/test/s32/bbac1n.mpg,33,65,3.0559818744659424,0.9721868319991075
243,5,/home/nabizadz/Projects/Mahsa/datasets/grid/test/s32/lrbu7n.mpg,31,63,3.2856802940368652,0.9616489104043001
243,6,/home/nabizadz/Projects/Mahsa/datasets/grid/test/s32/srik6a.mpg,55,87,1.761960744857788,0.9642459901717726
243,7,/home/nabizadz/Projects/Mahsa/datasets/grid/test/s32/sgwnza.mpg,90,122,2.155808687210083,0.9090624837879373
243,8,/home/nabizadz/Projects/Mahsa/datasets/grid/test/s32/lwbi8a.mpg,39,71,3.9487640857696533,0.9577115474601918
243,9,/home/nabizadz/Projects/Mahsa/datasets/grid/test/s32/bwbd7n.mpg,259,291,3.954305648803711,0.8656800671479267
243,10,/home/nabizadz/Projects/Mahsa/datasets/grid/test/s32/lgwj6s.mpg,37,69,4.106173038482666,0.9170987079347607
243,11,/home/nabizadz/Projects/Mahsa/datasets/grid/test/s32/pbaz7p.mpg,74,106,2.859041690826416,0.9724013394943617
243,12,/home/nabizadz/Projects/Mahsa/datasets/grid/test/s32/bgbk9p.mpg,27,59,2.4950339794158936,0.8507705438311651
243,13,/home/nabizadz/Projects/Mahsa/datasets/grid/test/s32/pras9p.mpg,146,178,3.3350279331207275,0.9487932012152618
243,14,/home/nabizadz/Projects/Mahsa/datasets/grid/test/s32/pbil5p.mpg,11,43,4.12164831161499,0.9874658097538765
243,15,/home/nabizadz/Projects/Mahsa/datasets/grid/test/s32/prwt6s.mpg,266,298,4.117675304412842,0.9572499377020567
244,0,/home/nabizadz/Projects/Mahsa/datasets/grid/test/s32/srbl4a.mpg,141,173,2.1883175373077393,0.9565122248288084
244,1,/home/nabizadz/Projects/Mahsa/datasets/grid/test/s32/brbd4a.mpg,108,140,3.4149796962738037,0.9674817119307972
244,2,/home/nabizadz/Projects/Mahsa/datasets/grid/test/s32/lrit9n.mpg,178,210,2.1491119861602783,0.9565913609204244
244,3,/home/nabizadz/Projects/Mahsa/datasets/grid/test/s32/bbbc5n.mpg,77,109,2.7247018814086914,0.9588485017933147
244,4,/home/nabizadz/Projects/Mahsa/datasets/grid/test/s32/braj1n.mpg,52,84,2.135673999786377,0.9340436099263659
244,5,/home/nabizadz/Projects/Mahsa/datasets/grid/test/s32/lrab2s.mpg,30,62,4.2625322341918945,0.9566638280580836
244,6,/home/nabizadz/Projects/Mahsa/datasets/grid/test/s32/brbq2a.mpg,170,202,3.9525563716888428,0.9558414348328232
244,7,/home/nabizadz/Projects/Mahsa/datasets/grid/test/s32/lgai9p.mpg,224,256,4.113921642303467,0.8566906919019258
244,8,/home/nabizadz/Projects/Mahsa/datasets/grid/test/s32/lbinzs.mpg,134,166,2.9396591186523438,0.9460922213664578
244,9,/home/nabizadz/Projects/Mahsa/datasets/grid/test/s32/pbas4a.mpg,8,40,4.017885208129883,0.9999219591526965
244,10,/home/nabizadz/Projects/Mahsa/datasets/grid/test/s32/bbwj5p.mpg,210,242,4.289761066436768,0.8882812688673584
244,11,/home/nabizadz/Projects/Mahsa/datasets/grid/test/s32/bgaq8s.mpg,240,272,4.309183120727539,0.883208980365949
244,12,/home/nabizadz/Projects/Mahsa/datasets/grid/test/s32/swiy7n.mpg,73,105,3.3125643730163574,0.9660952129194842
244,13,/home/nabizadz/Projects/Mahsa/datasets/grid/test/s32/bbbp5p.mpg,268,300,4.203667640686035,0.9508735943369886
244,14,/home/nabizadz/Projects/Mahsa/datasets/grid/test/s32/sbwy8s.mpg,139,171,3.6268467903137207,0.9618987501192552
244,15,/home/nabizadz/Projects/Mahsa/datasets/grid/test/s32/brip4a.mpg,89,121,3.2889292240142822,0.9397390668377631
245,0,/home/nabizadz/Projects/Mahsa/datasets/grid/test/s32/bbwx3p.mpg,135,167,2.793285846710205,0.9397359375993931
245,1,/home/nabizadz/Projects/Mahsa/datasets/grid/test/s32/bbbc6s.mpg,207,239,4.09680700302124,0.9314416848936847
245,2,/home/nabizadz/Projects/Mahsa/datasets/grid/test/s32/lbaa6s.mpg,190,222,3.410440444946289,0.9431315418746365
245,3,/home/nabizadz/Projects/Mahsa/datasets/grid/test/s32/lwbo9n.mpg,124,156,2.3954427242279053,0.9508743734137346
245,4,/home/nabizadz/Projects/Mahsa/datasets/grid/test/s32/lwai2s.mpg,65,97,3.099442481994629,0.9600812822455337
245,5,/home/nabizadz/Projects/Mahsa/datasets/grid/test/s32/brap5n.mpg,182,214,4.24703311920166,0.964041929042782
245,6,/home/nabizadz/Projects/Mahsa/datasets/grid/test/s32/sgamzs.mpg,99,131,2.9688310623168945,0.9476400452432496
245,7,/home/nabizadz/Projects/Mahsa/datasets/grid/test/s32/lwai3p.mpg,132,164,3.4331209659576416,0.9555117720394933
245,8,/home/nabizadz/Projects/Mahsa/datasets/grid/test/s32/srwf2s.mpg,59,91,3.3742527961730957,0.9522722601954832
245,9,/home/nabizadz/Projects/Mahsa/datasets/grid/test/s32/brap8a.mpg,195,227,4.129823684692383,0.9164096709776668
245,10,/home/nabizadz/Projects/Mahsa/datasets/grid/test/s32/sbwlzs.mpg,228,260,3.851835250854492,0.8795695725942866
245,11,/home/nabizadz/Projects/Mahsa/datasets/grid/test/s32/bwid1p.mpg,116,148,3.063537359237671,0.9650896013256484
245,12,/home/nabizadz/Projects/Mahsa/datasets/grid/test/s32/pgwu7n.mpg,91,123,2.9601893424987793,0.9444587279382943
245,13,/home/nabizadz/Projects/Mahsa/datasets/grid/test/s32/pbbf7n.mpg,5,37,4.289729118347168,0.9323837890313776
245,14,/home/nabizadz/Projects/Mahsa/datasets/grid/test/s32/bgbk7n.mpg,225,257,4.283795356750488,0.9038569649595476
245,15,/home/nabizadz/Projects/Mahsa/datasets/grid/test/s32/sgbs7n.mpg,10,42,4.36433219909668,0.9804467431401592
246,0,/home/nabizadz/Projects/Mahsa/datasets/grid/test/s32/bbwp8s.mpg,165,197,2.895603656768799,0.9594600870265166
246,1,/home/nabizadz/Projects/Mahsa/datasets/grid/test/s32/srar2s.mpg,225,257,4.227637767791748,0.964293182230459
246,2,/home/nabizadz/Projects/Mahsa/datasets/grid/test/s32/lrin7p.mpg,253,285,3.9304921627044678,0.8690639907187682
246,3,/home/nabizadz/Projects/Mahsa/datasets/grid/test/s32/pgau2a.mpg,119,151,3.2361838817596436,0.9631544084644333
246,4,/home/nabizadz/Projects/Mahsa/datasets/grid/test/s32/bgbr3p.mpg,130,162,2.9725959300994873,0.9583103945963033
246,5,/home/nabizadz/Projects/Mahsa/datasets/grid/test/s32/prwa4s.mpg,200,232,4.163768768310547,0.9490146599628938
246,6,/home/nabizadz/Projects/Mahsa/datasets/grid/test/s32/bgiq3n.mpg,74,106,2.7182960510253906,0.937941880434458
246,7,/home/nabizadz/Projects/Mahsa/datasets/grid/test/s32/lwai4a.mpg,158,190,2.2097997665405273,0.9191333170169095
246,8,/home/nabizadz/Projects/Mahsa/datasets/grid/test/s32/pbbs5n.mpg,94,126,3.0873303413391113,0.9534248481379192
246,9,/home/nabizadz/Projects/Mahsa/datasets/grid/test/s32/bbav5p.mpg,152,184,2.8048713207244873,0.9426383124258378
246,10,/home/nabizadz/Projects/Mahsa/datasets/grid/test/s32/lgav7p.mpg,236,268,4.123213768005371,0.8255157216070081
246,11,/home/nabizadz/Projects/Mahsa/datasets/grid/test/s32/brbq1p.mpg,116,148,3.0064780712127686,0.9605933070212295
246,12,/home/nabizadz/Projects/Mahsa/datasets/grid/test/s32/lgwd4a.mpg,173,205,3.0611839294433594,0.9489843752816665
246,13,/home/nabizadz/Projects/Mahsa/datasets/grid/test/s32/bwbq6s.mpg,52,84,2.8465933799743652,0.9451836006374928
246,14,/home/nabizadz/Projects/Mahsa/datasets/grid/test/s32/bbio5n.mpg,46,78,3.4437806606292725,0.9574418126890367
246,15,/home/nabizadz/Projects/Mahsa/datasets/grid/test/s32/bbap1p.mpg,236,268,4.243984699249268,0.8473699812110995
247,0,/home/nabizadz/Projects/Mahsa/datasets/grid/test/s32/pbir9p.mpg,20,52,3.4274981021881104,0.9771594961874085
247,1,/home/nabizadz/Projects/Mahsa/datasets/grid/test/s32/bbiu9n.mpg,67,99,2.581012725830078,0.9258545702198433
247,2,/home/nabizadz/Projects/Mahsa/datasets/grid/test/s32/pbwt2a.mpg,47,79,1.4809153079986572,0.9547841619886964
247,3,/home/nabizadz/Projects/Mahsa/datasets/grid/test/s32/brax2a.mpg,124,156,1.7681527137756348,0.9604980705318948
247,4,/home/nabizadz/Projects/Mahsa/datasets/grid/test/s32/swwgza.mpg,21,53,4.169013500213623,0.9314933269230709
247,5,/home/nabizadz/Projects/Mahsa/datasets/grid/test/s32/pgit6s.mpg,240,272,4.149507999420166,0.8765573476054348
247,6,/home/nabizadz/Projects/Mahsa/datasets/grid/test/s32/lbia4a.mpg,127,159,2.6813974380493164,0.9513080326683963
247,7,/home/nabizadz/Projects/Mahsa/datasets/grid/test/s32/pris3n.mpg,106,138,3.0151164531707764,0.9692150990577487
247,8,/home/nabizadz/Projects/Mahsa/datasets/grid/test/s32/bbii3p.mpg,255,287,4.377726078033447,0.9166954433837213
247,9,/home/nabizadz/Projects/Mahsa/datasets/grid/test/s32/sriy3p.mpg,253,285,4.220573425292969,0.8456449619302298
247,10,/home/nabizadz/Projects/Mahsa/datasets/grid/test/s32/pwwb1p.mpg,182,214,4.152355194091797,0.9492848241411759
247,11,/home/nabizadz/Projects/Mahsa/datasets/grid/test/s32/bgix7n.mpg,203,235,4.240271091461182,0.9122318637103821
247,12,/home/nabizadz/Projects/Mahsa/datasets/grid/test/s32/lgbc9p.mpg,216,248,3.8335046768188477,0.8389463814590813
247,13,/home/nabizadz/Projects/Mahsa/datasets/grid/test/s32/pwwu4a.mpg,28,60,4.2195353507995605,0.9484809295735528
247,14,/home/nabizadz/Projects/Mahsa/datasets/grid/test/s32/lgbj2s.mpg,249,281,4.234935283660889,0.8680235864953852
247,15,/home/nabizadz/Projects/Mahsa/datasets/grid/test/s32/sbbk7p.mpg,143,175,3.196774482727051,0.9609737138316814
248,0,/home/nabizadz/Projects/Mahsa/datasets/grid/test/s32/brwx7n.mpg,178,210,2.7845799922943115,0.9404115914776199
248,1,/home/nabizadz/Projects/Mahsa/datasets/grid/test/s32/lgbj4a.mpg,240,272,4.270461559295654,0.9106678693818433
248,2,/home/nabizadz/Projects/Mahsa/datasets/grid/test/s32/sriy4a.mpg,216,248,4.175555229187012,0.8075853654990633
248,3,/home/nabizadz/Projects/Mahsa/datasets/grid/test/s32/pwwu2s.mpg,3,35,4.458461761474609,0.9951038241972858
248,4,/home/nabizadz/Projects/Mahsa/datasets/grid/test/s32/swwm2s.mpg,36,68,4.110942840576172,0.9425056121116533
248,5,/home/nabizadz/Projects/Mahsa/datasets/grid/test/s32/pbwt1p.mpg,11,43,3.975025177001953,0.9749427383782956
248,6,/home/nabizadz/Projects/Mahsa/datasets/grid/test/s32/pgwo5p.mpg,173,205,3.763054609298706,0.9432377339640121
248,7,/home/nabizadz/Projects/Mahsa/datasets/grid/test/s32/lrbu8s.mpg,257,289,4.25166130065918,0.8877840990150864
248,8,/home/nabizadz/Projects/Mahsa/datasets/grid/test/s32/sbwl1p.mpg,141,173,3.218625068664551,0.9462739654802481
248,9,/home/nabizadz/Projects/Mahsa/datasets/grid/test/s32/lwib4s.mpg,7,39,4.1869893074035645,0.9249316776380387
248,10,/home/nabizadz/Projects/Mahsa/datasets/grid/test/s32/bwakza.mpg,204,236,4.312449932098389,0.9633349129393595
248,11,/home/nabizadz/Projects/Mahsa/datasets/grid/test/s32/pgbo2a.mpg,246,278,4.285928726196289,0.878486542879853
248,12,/home/nabizadz/Projects/Mahsa/datasets/grid/test/s32/sbid6a.mpg,131,163,3.282365322113037,0.9595020111961006
248,13,/home/nabizadz/Projects/Mahsa/datasets/grid/test/s32/lgii6a.mpg,154,186,2.796725273132324,0.9620264904669812
248,14,/home/nabizadz/Projects/Mahsa/datasets/grid/test/s32/sriy1n.mpg,221,253,4.0459208488464355,0.8119731553677687
248,15,/home/nabizadz/Projects/Mahsa/datasets/grid/test/s32/swbf6a.mpg,242,274,3.9479446411132812,0.8321818815892432
249,0,/home/nabizadz/Projects/Mahsa/datasets/grid/test/s32/sbwe8a.mpg,115,147,3.202305316925049,0.9350772789570526
249,1,/home/nabizadz/Projects/Mahsa/datasets/grid/test/s32/srwl7p.mpg,48,80,3.071713447570801,0.9459001067625686
249,2,/home/nabizadz/Projects/Mahsa/datasets/grid/test/s32/bbac4a.mpg,226,258,4.227263927459717,0.8313097816079824
249,3,/home/nabizadz/Projects/Mahsa/datasets/grid/test/s32/lbag9n.mpg,94,126,2.8531386852264404,0.9649715514393222
249,4,/home/nabizadz/Projects/Mahsa/datasets/grid/test/s32/srbz1p.mpg,93,125,2.884340524673462,0.9497670530948585
249,5,/home/nabizadz/Projects/Mahsa/datasets/grid/test/s32/lbit4s.mpg,95,127,3.0380358695983887,0.9556177079866027
249,6,/home/nabizadz/Projects/Mahsa/datasets/grid/test/s32/pbif1p.mpg,173,205,3.669290781021118,0.8741924546371088
249,7,/home/nabizadz/Projects/Mahsa/datasets/grid/test/s32/sgas4s.mpg,187,219,4.013959884643555,0.9071198019722717
249,8,/home/nabizadz/Projects/Mahsa/datasets/grid/test/s32/lwbv5p.mpg,177,209,3.468982219696045,0.9494370948931974
249,9,/home/nabizadz/Projects/Mahsa/datasets/grid/test/s32/bgaq9p.mpg,3,35,4.389986038208008,0.9942726948993289
249,10,/home/nabizadz/Projects/Mahsa/datasets/grid/test/s32/sbayzs.mpg,172,204,3.3298757076263428,0.9348153545234497
249,11,/home/nabizadz/Projects/Mahsa/datasets/grid/test/s32/bgwfza.mpg,107,139,2.943601608276367,0.9424783253268318
249,12,/home/nabizadz/Projects/Mahsa/datasets/grid/test/s32/sbaeza.mpg,261,293,4.338379383087158,0.9101424309543996
249,13,/home/nabizadz/Projects/Mahsa/datasets/grid/test/s32/brbj7p.mpg,58,90,3.4433813095092773,0.9743750607578936
249,14,/home/nabizadz/Projects/Mahsa/datasets/grid/test/s32/bwbq5n.mpg,7,39,4.261935234069824,0.9594331995929261
249,15,/home/nabizadz/Projects/Mahsa/datasets/grid/test/s32/bbwx1n.mpg,11,43,4.315485954284668,0.9580408438229009
