batch_idx,sample_in_batch,video_path,gap_start_frame,gap_end_frame,pesq,stoi
0,0,/home/nabizadz/Projects/Mahsa/datasets/lrs2/lrs2_v1/mvlrs_v1/main/6330311066473698535/00011.mp4,234,242,3.67230224609375,0.9931135788532579
0,1,/home/nabizadz/Projects/Mahsa/datasets/lrs2/lrs2_v1/mvlrs_v1/main/6330311066473698535/00018.mp4,119,127,4.2375688552856445,0.9999999999999998
0,2,/home/nabizadz/Projects/Mahsa/datasets/lrs2/lrs2_v1/mvlrs_v1/main/6331559613336179781/00038.mp4,29,37,3.2152180671691895,0.9894221812379637
0,3,/home/nabizadz/Projects/Mahsa/datasets/lrs2/lrs2_v1/mvlrs_v1/main/6337160680186960682/00038.mp4,121,129,3.5409157276153564,0.991052188375298
0,4,/home/nabizadz/Projects/Mahsa/datasets/lrs2/lrs2_v1/mvlrs_v1/main/6337160680186960682/00051.mp4,221,229,4.643888473510742,0.9999999999999997
0,5,/home/nabizadz/Projects/Mahsa/datasets/lrs2/lrs2_v1/mvlrs_v1/main/6337160680186960682/00054.mp4,199,207,4.025346755981445,0.9935979043685227
0,6,/home/nabizadz/Projects/Mahsa/datasets/lrs2/lrs2_v1/mvlrs_v1/main/6337160680186960682/00060.mp4,283,291,4.643888473510742,0.9999999999999998
0,7,/home/nabizadz/Projects/Mahsa/datasets/lrs2/lrs2_v1/mvlrs_v1/main/6337160680186960682/00078.mp4,10,18,3.740422487258911,0.9759412790268708
1,0,/home/nabizadz/Projects/Mahsa/datasets/lrs2/lrs2_v1/mvlrs_v1/main/6337230258657094880/00029.mp4,32,40,3.2757813930511475,0.9832418125225807
1,1,/home/nabizadz/Projects/Mahsa/datasets/lrs2/lrs2_v1/mvlrs_v1/main/6337531765361335111/00008.mp4,221,229,4.643888473510742,0.9999999999999998
1,2,/home/nabizadz/Projects/Mahsa/datasets/lrs2/lrs2_v1/mvlrs_v1/main/6337531765361335111/00018.mp4,138,146,3.7828850746154785,0.9778876479939395
1,3,/home/nabizadz/Projects/Mahsa/datasets/lrs2/lrs2_v1/mvlrs_v1/main/6337531765361335111/00019.mp4,275,283,4.643888473510742,0.9999999999999999
1,4,/home/nabizadz/Projects/Mahsa/datasets/lrs2/lrs2_v1/mvlrs_v1/main/6337531765361335111/00022.mp4,182,190,4.643888473510742,0.9999999999999998
1,5,/home/nabizadz/Projects/Mahsa/datasets/lrs2/lrs2_v1/mvlrs_v1/main/6331559613336179781/00039.mp4,160,168,4.643888473510742,0.9999999999999997
1,6,/home/nabizadz/Projects/Mahsa/datasets/lrs2/lrs2_v1/mvlrs_v1/main/6337531765361335111/00029.mp4,272,280,4.643888473510742,0.9999999999999998
1,7,/home/nabizadz/Projects/Mahsa/datasets/lrs2/lrs2_v1/mvlrs_v1/main/6337531765361335111/00037.mp4,134,142,3.17124342918396,0.9840442579237495
2,0,/home/nabizadz/Projects/Mahsa/datasets/lrs2/lrs2_v1/mvlrs_v1/main/6337531765361335111/00069.mp4,261,269,4.643888473510742,1.0
2,1,/home/nabizadz/Projects/Mahsa/datasets/lrs2/lrs2_v1/mvlrs_v1/main/6337531765361335111/00073.mp4,235,243,4.643888473510742,0.9999999999999999
2,2,/home/nabizadz/Projects/Mahsa/datasets/lrs2/lrs2_v1/mvlrs_v1/main/6337902850535709539/00015.mp4,1,9,4.443808078765869,0.999996265297124
2,3,/home/nabizadz/Projects/Mahsa/datasets/lrs2/lrs2_v1/mvlrs_v1/main/6337902850535709539/00027.mp4,106,114,3.493807315826416,0.9995432346862162
2,4,/home/nabizadz/Projects/Mahsa/datasets/lrs2/lrs2_v1/mvlrs_v1/main/6337902850535709539/00038.mp4,119,127,4.191734790802002,0.9999999999999999
2,5,/home/nabizadz/Projects/Mahsa/datasets/lrs2/lrs2_v1/mvlrs_v1/main/6337902850535709539/00065.mp4,289,297,4.643888473510742,0.9999999999999998
2,6,/home/nabizadz/Projects/Mahsa/datasets/lrs2/lrs2_v1/mvlrs_v1/main/6337902850535709539/00068.mp4,99,107,3.6460752487182617,0.9656791268721809
2,7,/home/nabizadz/Projects/Mahsa/datasets/lrs2/lrs2_v1/mvlrs_v1/main/6337902850535709539/00074.mp4,113,121,3.793907403945923,0.9939261169568092
3,0,/home/nabizadz/Projects/Mahsa/datasets/lrs2/lrs2_v1/mvlrs_v1/main/6331733559511729306/00011.mp4,49,57,2.6376285552978516,0.9279944541449457
3,1,/home/nabizadz/Projects/Mahsa/datasets/lrs2/lrs2_v1/mvlrs_v1/main/6337902850535709539/00077.mp4,142,150,3.674684524536133,0.9901671441934519
3,2,/home/nabizadz/Projects/Mahsa/datasets/lrs2/lrs2_v1/mvlrs_v1/main/6338130913429528164/00002.mp4,238,246,4.643888473510742,1.0
3,3,/home/nabizadz/Projects/Mahsa/datasets/lrs2/lrs2_v1/mvlrs_v1/main/6338130913429528164/00003.mp4,198,206,4.643888473510742,1.0
3,4,/home/nabizadz/Projects/Mahsa/datasets/lrs2/lrs2_v1/mvlrs_v1/main/6338130913429528164/00028.mp4,286,294,4.643888473510742,1.0
3,5,/home/nabizadz/Projects/Mahsa/datasets/lrs2/lrs2_v1/mvlrs_v1/main/6338130913429528164/00037.mp4,60,68,3.6429457664489746,0.9824968682246396
3,6,/home/nabizadz/Projects/Mahsa/datasets/lrs2/lrs2_v1/mvlrs_v1/main/6338130913429528164/00046.mp4,169,177,4.643888473510742,1.0
3,7,/home/nabizadz/Projects/Mahsa/datasets/lrs2/lrs2_v1/mvlrs_v1/main/6338273935710083967/00003.mp4,206,214,3.704267978668213,0.9884411200158388
4,0,/home/nabizadz/Projects/Mahsa/datasets/lrs2/lrs2_v1/mvlrs_v1/main/6338273935710083967/00004.mp4,187,195,4.643888473510742,0.9999999999999999
4,1,/home/nabizadz/Projects/Mahsa/datasets/lrs2/lrs2_v1/mvlrs_v1/main/6338273935710083967/00021.mp4,86,94,3.843200922012329,0.9841728926703666
4,2,/home/nabizadz/Projects/Mahsa/datasets/lrs2/lrs2_v1/mvlrs_v1/main/6338273935710083967/00038.mp4,167,175,3.6979236602783203,0.9942147520780231
4,3,/home/nabizadz/Projects/Mahsa/datasets/lrs2/lrs2_v1/mvlrs_v1/main/6331733559511729306/00025.mp4,218,226,4.643888473510742,1.0
4,4,/home/nabizadz/Projects/Mahsa/datasets/lrs2/lrs2_v1/mvlrs_v1/main/6338273935710083967/00047.mp4,181,189,4.643888473510742,0.9999999999999998
4,5,/home/nabizadz/Projects/Mahsa/datasets/lrs2/lrs2_v1/mvlrs_v1/main/6338273935710083967/00059.mp4,128,136,4.250425338745117,1.0
4,6,/home/nabizadz/Projects/Mahsa/datasets/lrs2/lrs2_v1/mvlrs_v1/main/6338273935710083967/00076.mp4,78,86,3.3265581130981445,0.9868550377544657
4,7,/home/nabizadz/Projects/Mahsa/datasets/lrs2/lrs2_v1/mvlrs_v1/main/6338645020884458400/00016.mp4,212,220,4.643888473510742,0.9999999999999999
5,0,/home/nabizadz/Projects/Mahsa/datasets/lrs2/lrs2_v1/mvlrs_v1/main/6338645020884458400/00032.mp4,23,31,3.299405574798584,0.9836204164174193
5,1,/home/nabizadz/Projects/Mahsa/datasets/lrs2/lrs2_v1/mvlrs_v1/main/6338645020884458400/00046.mp4,181,189,4.643888473510742,0.9999999999999999
5,2,/home/nabizadz/Projects/Mahsa/datasets/lrs2/lrs2_v1/mvlrs_v1/main/6338645020884458400/00057.mp4,130,138,4.220771789550781,1.0
5,3,/home/nabizadz/Projects/Mahsa/datasets/lrs2/lrs2_v1/mvlrs_v1/main/6338645020884458400/00071.mp4,284,292,4.643888473510742,0.9999999999999999
5,4,/home/nabizadz/Projects/Mahsa/datasets/lrs2/lrs2_v1/mvlrs_v1/main/6338807370648247218/00020.mp4,167,175,4.643888473510742,0.9999999999999998
5,5,/home/nabizadz/Projects/Mahsa/datasets/lrs2/lrs2_v1/mvlrs_v1/main/6338807370648247218/00022.mp4,220,228,4.643888473510742,0.9999999999999998
5,6,/home/nabizadz/Projects/Mahsa/datasets/lrs2/lrs2_v1/mvlrs_v1/main/6331733559511729306/00026.mp4,234,242,4.643888473510742,1.0
5,7,/home/nabizadz/Projects/Mahsa/datasets/lrs2/lrs2_v1/mvlrs_v1/main/6339077953587836416/00002.mp4,112,120,3.679086685180664,0.9907277720251891
6,0,/home/nabizadz/Projects/Mahsa/datasets/lrs2/lrs2_v1/mvlrs_v1/main/6339077953587836416/00003.mp4,231,239,4.643888473510742,0.9999999999999996
6,1,/home/nabizadz/Projects/Mahsa/datasets/lrs2/lrs2_v1/mvlrs_v1/main/6339077953587836416/00004.mp4,146,154,4.229969501495361,1.0
6,2,/home/nabizadz/Projects/Mahsa/datasets/lrs2/lrs2_v1/mvlrs_v1/main/6339077953587836416/00017.mp4,251,259,4.643888473510742,0.9999999999999998
6,3,/home/nabizadz/Projects/Mahsa/datasets/lrs2/lrs2_v1/mvlrs_v1/main/6339077953587836416/00018.mp4,17,25,4.1282057762146,0.9990497173223547
6,4,/home/nabizadz/Projects/Mahsa/datasets/lrs2/lrs2_v1/mvlrs_v1/main/6339077953587836416/00025.mp4,75,83,4.132015705108643,0.9906715355708526
6,5,/home/nabizadz/Projects/Mahsa/datasets/lrs2/lrs2_v1/mvlrs_v1/main/6339077953587836416/00029.mp4,143,151,3.9892687797546387,0.9882183959934654
6,6,/home/nabizadz/Projects/Mahsa/datasets/lrs2/lrs2_v1/mvlrs_v1/main/6339077953587836416/00031.mp4,26,34,4.148908615112305,0.9974686738430928
6,7,/home/nabizadz/Projects/Mahsa/datasets/lrs2/lrs2_v1/mvlrs_v1/main/6339356267468615354/00018.mp4,133,141,3.060671806335449,0.9799076141862981
7,0,/home/nabizadz/Projects/Mahsa/datasets/lrs2/lrs2_v1/mvlrs_v1/main/6339356267468615354/00024.mp4,273,281,4.643888473510742,1.0
7,1,/home/nabizadz/Projects/Mahsa/datasets/lrs2/lrs2_v1/mvlrs_v1/main/6331733559511729306/00031.mp4,90,98,3.467179536819458,0.9804972145628447
7,2,/home/nabizadz/Projects/Mahsa/datasets/lrs2/lrs2_v1/mvlrs_v1/main/6339356267468615354/00035.mp4,260,268,4.643888473510742,0.9999999999999999
7,3,/home/nabizadz/Projects/Mahsa/datasets/lrs2/lrs2_v1/mvlrs_v1/main/6339356267468615354/00046.mp4,102,110,4.252243518829346,0.9999999999999998
7,4,/home/nabizadz/Projects/Mahsa/datasets/lrs2/lrs2_v1/mvlrs_v1/main/6339077953587836416/00035.mp4,126,134,2.6136813163757324,0.9776763240373161
7,5,/home/nabizadz/Projects/Mahsa/datasets/lrs2/lrs2_v1/mvlrs_v1/main/6339356267468615354/00006.mp4,101,109,4.126018047332764,0.9983760337930048
7,6,/home/nabizadz/Projects/Mahsa/datasets/lrs2/lrs2_v1/mvlrs_v1/main/6339356267468615354/00010.mp4,32,40,3.9392025470733643,0.9913021802285601
7,7,/home/nabizadz/Projects/Mahsa/datasets/lrs2/lrs2_v1/mvlrs_v1/main/6339356267468615354/00011.mp4,208,216,3.9779112339019775,0.9959194423568192
8,0,/home/nabizadz/Projects/Mahsa/datasets/lrs2/lrs2_v1/mvlrs_v1/main/6339464500644477822/00008.mp4,241,249,4.643888473510742,1.0
8,1,/home/nabizadz/Projects/Mahsa/datasets/lrs2/lrs2_v1/mvlrs_v1/main/6339464500644477822/00020.mp4,35,43,3.407390832901001,0.9785376380445163
8,2,/home/nabizadz/Projects/Mahsa/datasets/lrs2/lrs2_v1/mvlrs_v1/main/6339464500644477822/00021.mp4,212,220,4.643888473510742,0.9999999999999997
8,3,/home/nabizadz/Projects/Mahsa/datasets/lrs2/lrs2_v1/mvlrs_v1/main/6339464500644477822/00030.mp4,131,139,3.42753005027771,0.9854828022676716
8,4,/home/nabizadz/Projects/Mahsa/datasets/lrs2/lrs2_v1/mvlrs_v1/main/6332062124509813446/00015.mp4,68,76,3.034109115600586,0.9121132290336347
8,5,/home/nabizadz/Projects/Mahsa/datasets/lrs2/lrs2_v1/mvlrs_v1/main/6339464500644477822/00032.mp4,209,217,4.643888473510742,0.9999999999999999
8,6,/home/nabizadz/Projects/Mahsa/datasets/lrs2/lrs2_v1/mvlrs_v1/main/6339526348173538836/00014.mp4,34,42,3.1611685752868652,0.9736922237800374
8,7,/home/nabizadz/Projects/Mahsa/datasets/lrs2/lrs2_v1/mvlrs_v1/main/6339615254127026753/00009.mp4,186,194,3.898268938064575,0.9936819385076906
9,0,/home/nabizadz/Projects/Mahsa/datasets/lrs2/lrs2_v1/mvlrs_v1/main/6339615254127026753/00011.mp4,92,100,3.3940563201904297,0.992977803664047
9,1,/home/nabizadz/Projects/Mahsa/datasets/lrs2/lrs2_v1/mvlrs_v1/main/6339615254127026753/00012.mp4,103,111,3.7674660682678223,0.9920291570007446
9,2,/home/nabizadz/Projects/Mahsa/datasets/lrs2/lrs2_v1/mvlrs_v1/main/6339615254127026753/00015.mp4,241,249,4.643888473510742,0.9999999999999998
9,3,/home/nabizadz/Projects/Mahsa/datasets/lrs2/lrs2_v1/mvlrs_v1/main/6339758276407584924/00015.mp4,201,209,4.643888473510742,0.9999999999999997
9,4,/home/nabizadz/Projects/Mahsa/datasets/lrs2/lrs2_v1/mvlrs_v1/main/6339758276407584924/00030.mp4,32,40,3.2181906700134277,0.9565525457338676
9,5,/home/nabizadz/Projects/Mahsa/datasets/lrs2/lrs2_v1/mvlrs_v1/main/6339758276407584924/00036.mp4,78,86,3.0645482540130615,0.9644979825555785
9,6,/home/nabizadz/Projects/Mahsa/datasets/lrs2/lrs2_v1/mvlrs_v1/main/6339758276407584924/00038.mp4,186,194,3.917203903198242,0.98848738112441
9,7,/home/nabizadz/Projects/Mahsa/datasets/lrs2/lrs2_v1/mvlrs_v1/main/6332062124509813446/00016.mp4,41,49,3.347886562347412,0.9630530089848044
10,0,/home/nabizadz/Projects/Mahsa/datasets/lrs2/lrs2_v1/mvlrs_v1/main/6339758276407584924/00062.mp4,198,206,4.643888473510742,0.9999999999999998
10,1,/home/nabizadz/Projects/Mahsa/datasets/lrs2/lrs2_v1/mvlrs_v1/main/6339758276407584924/00065.mp4,83,91,3.1651763916015625,0.9558524823300101
10,2,/home/nabizadz/Projects/Mahsa/datasets/lrs2/lrs2_v1/mvlrs_v1/main/6339758276407584924/00081.mp4,47,55,3.1755990982055664,0.9708420230130419
10,3,/home/nabizadz/Projects/Mahsa/datasets/lrs2/lrs2_v1/mvlrs_v1/main/6339758276407584924/00082.mp4,48,56,3.383754253387451,0.9887970882918817
10,4,/home/nabizadz/Projects/Mahsa/datasets/lrs2/lrs2_v1/mvlrs_v1/main/6339758276407584924/00089.mp4,185,193,4.080436706542969,0.9979316168452178
10,5,/home/nabizadz/Projects/Mahsa/datasets/lrs2/lrs2_v1/mvlrs_v1/main/6339758276407584924/00098.mp4,22,30,3.6349070072174072,0.9898742811482355
10,6,/home/nabizadz/Projects/Mahsa/datasets/lrs2/lrs2_v1/mvlrs_v1/main/6340129361581959353/00022.mp4,116,124,3.7586770057678223,0.9915870123290309
10,7,/home/nabizadz/Projects/Mahsa/datasets/lrs2/lrs2_v1/mvlrs_v1/main/6340299442417279404/00006.mp4,169,177,3.7975385189056396,0.9823060393138956
11,0,/home/nabizadz/Projects/Mahsa/datasets/lrs2/lrs2_v1/mvlrs_v1/main/6340299442417279404/00019.mp4,228,236,4.287590503692627,0.9908118872637992
11,1,/home/nabizadz/Projects/Mahsa/datasets/lrs2/lrs2_v1/mvlrs_v1/main/6340299442417279404/00023.mp4,92,100,3.264301061630249,0.9760912156173569
11,2,/home/nabizadz/Projects/Mahsa/datasets/lrs2/lrs2_v1/mvlrs_v1/main/6332062124509813446/00018.mp4,95,103,3.578453779220581,0.9867375810055965
11,3,/home/nabizadz/Projects/Mahsa/datasets/lrs2/lrs2_v1/mvlrs_v1/main/6340500446756333781/00007.mp4,290,298,4.643888473510742,1.0
11,4,/home/nabizadz/Projects/Mahsa/datasets/lrs2/lrs2_v1/mvlrs_v1/main/6340500446756333781/00031.mp4,103,111,4.266794681549072,0.9999999999999998
11,5,/home/nabizadz/Projects/Mahsa/datasets/lrs2/lrs2_v1/mvlrs_v1/main/6340500446756333781/00034.mp4,167,175,2.917745590209961,0.9985494223974003
11,6,/home/nabizadz/Projects/Mahsa/datasets/lrs2/lrs2_v1/mvlrs_v1/main/6340500446756333781/00058.mp4,202,210,4.643888473510742,1.0
11,7,/home/nabizadz/Projects/Mahsa/datasets/lrs2/lrs2_v1/mvlrs_v1/main/6340500446756333781/00059.mp4,16,24,3.7371976375579834,0.9899283372044883
12,0,/home/nabizadz/Projects/Mahsa/datasets/lrs2/lrs2_v1/mvlrs_v1/main/6340871531930708209/00025.mp4,152,160,3.9402103424072266,0.99401204233532
12,1,/home/nabizadz/Projects/Mahsa/datasets/lrs2/lrs2_v1/mvlrs_v1/main/6340871531930708209/00031.mp4,156,164,4.024424076080322,0.9931228407692845
12,2,/home/nabizadz/Projects/Mahsa/datasets/lrs2/lrs2_v1/mvlrs_v1/main/6340871531930708209/00037.mp4,16,24,3.5646932125091553,0.9847343917215657
12,3,/home/nabizadz/Projects/Mahsa/datasets/lrs2/lrs2_v1/mvlrs_v1/main/6340871531930708209/00057.mp4,39,47,3.6517977714538574,0.9463473498948557
12,4,/home/nabizadz/Projects/Mahsa/datasets/lrs2/lrs2_v1/mvlrs_v1/main/6340871531930708209/00058.mp4,247,255,4.643888473510742,0.9999999999999999
12,5,/home/nabizadz/Projects/Mahsa/datasets/lrs2/lrs2_v1/mvlrs_v1/main/6332062124509813446/00059.mp4,241,249,4.264328479766846,0.9983528420449471
12,6,/home/nabizadz/Projects/Mahsa/datasets/lrs2/lrs2_v1/mvlrs_v1/main/6340871531930708209/00073.mp4,72,80,4.141285419464111,0.9944026854641761
12,7,/home/nabizadz/Projects/Mahsa/datasets/lrs2/lrs2_v1/mvlrs_v1/main/6340871531930708209/00092.mp4,254,262,4.643888473510742,0.9999999999999999
13,0,/home/nabizadz/Projects/Mahsa/datasets/lrs2/lrs2_v1/mvlrs_v1/main/6340871531930708209/00094.mp4,201,209,4.643888473510742,0.9999999999999999
13,1,/home/nabizadz/Projects/Mahsa/datasets/lrs2/lrs2_v1/mvlrs_v1/main/6340871531930708209/00102.mp4,136,144,3.7328526973724365,0.9828846918416154
13,2,/home/nabizadz/Projects/Mahsa/datasets/lrs2/lrs2_v1/mvlrs_v1/main/6340871531930708209/00106.mp4,190,198,4.643888473510742,0.9999999999999999
13,3,/home/nabizadz/Projects/Mahsa/datasets/lrs2/lrs2_v1/mvlrs_v1/main/6341242617105082637/00016.mp4,125,133,3.9927690029144287,0.9933566949636146
13,4,/home/nabizadz/Projects/Mahsa/datasets/lrs2/lrs2_v1/mvlrs_v1/main/6341242617105082637/00022.mp4,115,123,4.172935485839844,0.9856838762010255
13,5,/home/nabizadz/Projects/Mahsa/datasets/lrs2/lrs2_v1/mvlrs_v1/main/6341242617105082637/00032.mp4,163,171,4.643888473510742,0.9999999999999998
13,6,/home/nabizadz/Projects/Mahsa/datasets/lrs2/lrs2_v1/mvlrs_v1/main/6341242617105082637/00049.mp4,21,29,4.323031425476074,0.9986858919383282
13,7,/home/nabizadz/Projects/Mahsa/datasets/lrs2/lrs2_v1/mvlrs_v1/main/6341242617105082637/00071.mp4,250,258,4.643888473510742,0.9999999999999998
14,0,/home/nabizadz/Projects/Mahsa/datasets/lrs2/lrs2_v1/mvlrs_v1/main/6330311066473698535/00022.mp4,111,119,4.169473171234131,0.9999999999999999
14,1,/home/nabizadz/Projects/Mahsa/datasets/lrs2/lrs2_v1/mvlrs_v1/main/6332062124509813446/00063.mp4,160,168,4.643888473510742,0.9999999999999998
14,2,/home/nabizadz/Projects/Mahsa/datasets/lrs2/lrs2_v1/mvlrs_v1/main/6341242617105082637/00095.mp4,217,225,4.643888473510742,1.0
14,3,/home/nabizadz/Projects/Mahsa/datasets/lrs2/lrs2_v1/mvlrs_v1/main/6341242617105082637/00110.mp4,99,107,3.453322649002075,0.9889586766477686
14,4,/home/nabizadz/Projects/Mahsa/datasets/lrs2/lrs2_v1/mvlrs_v1/main/6341242617105082637/00112.mp4,230,238,3.782864809036255,0.9731750739849162
14,5,/home/nabizadz/Projects/Mahsa/datasets/lrs2/lrs2_v1/mvlrs_v1/main/6341381774045411442/00010.mp4,104,112,3.12347149848938,0.9881606073807168
14,6,/home/nabizadz/Projects/Mahsa/datasets/lrs2/lrs2_v1/mvlrs_v1/main/6341949998218671745/00019.mp4,208,216,4.643888473510742,0.9999999999999999
14,7,/home/nabizadz/Projects/Mahsa/datasets/lrs2/lrs2_v1/mvlrs_v1/main/6341949998218671745/00022.mp4,48,56,2.6964755058288574,0.9684014570860267
15,0,/home/nabizadz/Projects/Mahsa/datasets/lrs2/lrs2_v1/mvlrs_v1/main/6341949998218671745/00025.mp4,109,117,4.213296413421631,0.9999999999999999
15,1,/home/nabizadz/Projects/Mahsa/datasets/lrs2/lrs2_v1/mvlrs_v1/main/6341949998218671745/00028.mp4,255,263,4.643888473510742,1.0
15,2,/home/nabizadz/Projects/Mahsa/datasets/lrs2/lrs2_v1/mvlrs_v1/main/6341404966868871455/00002.mp4,84,92,4.13474178314209,0.9975775610132337
15,3,/home/nabizadz/Projects/Mahsa/datasets/lrs2/lrs2_v1/mvlrs_v1/main/6341404966868871455/00005.mp4,232,240,4.643888473510742,0.9999999999999999
15,4,/home/nabizadz/Projects/Mahsa/datasets/lrs2/lrs2_v1/mvlrs_v1/main/6332491191742745853/00011.mp4,61,69,2.951094388961792,0.9852226056939967
15,5,/home/nabizadz/Projects/Mahsa/datasets/lrs2/lrs2_v1/mvlrs_v1/main/6341404966868871455/00014.mp4,108,116,4.2239603996276855,0.9999999999999999
15,6,/home/nabizadz/Projects/Mahsa/datasets/lrs2/lrs2_v1/mvlrs_v1/main/6341404966868871455/00015.mp4,169,177,4.643888473510742,0.9999999999999998
15,7,/home/nabizadz/Projects/Mahsa/datasets/lrs2/lrs2_v1/mvlrs_v1/main/6341949998218671745/00030.mp4,157,165,4.643888473510742,0.9999999999999996
16,0,/home/nabizadz/Projects/Mahsa/datasets/lrs2/lrs2_v1/mvlrs_v1/main/6341949998218671745/00031.mp4,106,114,3.479086399078369,0.9929988004336118
16,1,/home/nabizadz/Projects/Mahsa/datasets/lrs2/lrs2_v1/mvlrs_v1/main/6342112347982522696/00001.mp4,25,33,3.5964527130126953,0.9826110195496358
16,2,/home/nabizadz/Projects/Mahsa/datasets/lrs2/lrs2_v1/mvlrs_v1/main/6342112347982522696/00004.mp4,75,83,2.2502708435058594,0.9853632922013883
16,3,/home/nabizadz/Projects/Mahsa/datasets/lrs2/lrs2_v1/mvlrs_v1/main/6342112347982522696/00008.mp4,54,62,3.9093129634857178,0.9892495456445942
16,4,/home/nabizadz/Projects/Mahsa/datasets/lrs2/lrs2_v1/mvlrs_v1/main/6342112347982522696/00020.mp4,153,161,4.6253485679626465,1.0
16,5,/home/nabizadz/Projects/Mahsa/datasets/lrs2/lrs2_v1/mvlrs_v1/main/6342112347982522696/00026.mp4,12,20,3.341521739959717,0.9928087079838341
16,6,/home/nabizadz/Projects/Mahsa/datasets/lrs2/lrs2_v1/mvlrs_v1/main/6342440912980576694/00002.mp4,181,189,4.643888473510742,0.9999999999999998
16,7,/home/nabizadz/Projects/Mahsa/datasets/lrs2/lrs2_v1/mvlrs_v1/main/6332491191742745853/00014.mp4,136,144,4.357089042663574,0.9996214591720499
17,0,/home/nabizadz/Projects/Mahsa/datasets/lrs2/lrs2_v1/mvlrs_v1/main/6343252661930009508/00006.mp4,139,147,2.9065003395080566,0.9924148389441381
17,1,/home/nabizadz/Projects/Mahsa/datasets/lrs2/lrs2_v1/mvlrs_v1/main/6343252661930009508/00008.mp4,184,192,4.643888473510742,0.9999999999999998
17,2,/home/nabizadz/Projects/Mahsa/datasets/lrs2/lrs2_v1/mvlrs_v1/main/6343252661930009508/00020.mp4,173,181,4.643888473510742,1.0
17,3,/home/nabizadz/Projects/Mahsa/datasets/lrs2/lrs2_v1/mvlrs_v1/main/6343252661930009508/00021.mp4,71,79,3.7699601650238037,0.9918089956137395
17,4,/home/nabizadz/Projects/Mahsa/datasets/lrs2/lrs2_v1/mvlrs_v1/main/6343252661930009508/00030.mp4,84,92,2.2576560974121094,0.9932021915761968
17,5,/home/nabizadz/Projects/Mahsa/datasets/lrs2/lrs2_v1/mvlrs_v1/main/6343252661930009508/00032.mp4,68,76,3.610968828201294,0.9801622135768594
17,6,/home/nabizadz/Projects/Mahsa/datasets/lrs2/lrs2_v1/mvlrs_v1/main/6343252661930009508/00035.mp4,10,18,4.042660713195801,0.9948726462935449
17,7,/home/nabizadz/Projects/Mahsa/datasets/lrs2/lrs2_v1/mvlrs_v1/main/6343252661930009508/00051.mp4,288,296,4.643888473510742,1.0
18,0,/home/nabizadz/Projects/Mahsa/datasets/lrs2/lrs2_v1/mvlrs_v1/main/6343252661930009508/00055.mp4,48,56,3.799023151397705,0.9903784187204209
18,1,/home/nabizadz/Projects/Mahsa/datasets/lrs2/lrs2_v1/mvlrs_v1/main/6343252661930009508/00061.mp4,201,209,4.643888473510742,1.0
18,2,/home/nabizadz/Projects/Mahsa/datasets/lrs2/lrs2_v1/mvlrs_v1/main/6332804294858562278/00009.mp4,195,203,4.643888473510742,0.9999999999999999
18,3,/home/nabizadz/Projects/Mahsa/datasets/lrs2/lrs2_v1/mvlrs_v1/main/6343252661930009508/00067.mp4,292,300,4.643888473510742,1.0
18,4,/home/nabizadz/Projects/Mahsa/datasets/lrs2/lrs2_v1/mvlrs_v1/main/6343252661930009508/00073.mp4,188,196,4.092617034912109,0.9972942611657234
18,5,/home/nabizadz/Projects/Mahsa/datasets/lrs2/lrs2_v1/mvlrs_v1/main/6343252661930009508/00092.mp4,195,203,3.9049036502838135,0.9865385309433107
18,6,/home/nabizadz/Projects/Mahsa/datasets/lrs2/lrs2_v1/mvlrs_v1/main/6343252661930009508/00094.mp4,204,212,4.643888473510742,0.9999999999999999
18,7,/home/nabizadz/Projects/Mahsa/datasets/lrs2/lrs2_v1/mvlrs_v1/main/6343252661930009508/00095.mp4,152,160,4.081538677215576,0.9992959862889806
19,0,/home/nabizadz/Projects/Mahsa/datasets/lrs2/lrs2_v1/mvlrs_v1/main/6343252661930009508/00111.mp4,281,289,4.643888473510742,0.9999999999999998
19,1,/home/nabizadz/Projects/Mahsa/datasets/lrs2/lrs2_v1/mvlrs_v1/main/6343252661930009508/00113.mp4,159,167,4.643888473510742,1.0
19,2,/home/nabizadz/Projects/Mahsa/datasets/lrs2/lrs2_v1/mvlrs_v1/main/6343252661930009508/00117.mp4,43,51,2.8580853939056396,0.9805355924939425
19,3,/home/nabizadz/Projects/Mahsa/datasets/lrs2/lrs2_v1/mvlrs_v1/main/6343252661930009508/00121.mp4,222,230,4.643888473510742,1.0
19,4,/home/nabizadz/Projects/Mahsa/datasets/lrs2/lrs2_v1/mvlrs_v1/main/6343608285091658983/00001.mp4,114,122,3.6089866161346436,0.991664007887364
19,5,/home/nabizadz/Projects/Mahsa/datasets/lrs2/lrs2_v1/mvlrs_v1/main/6332804294858562278/00020.mp4,107,115,3.6726033687591553,0.9997773996387507
19,6,/home/nabizadz/Projects/Mahsa/datasets/lrs2/lrs2_v1/mvlrs_v1/main/6343608285091658983/00003.mp4,122,130,3.4343929290771484,0.9998719434914184
19,7,/home/nabizadz/Projects/Mahsa/datasets/lrs2/lrs2_v1/mvlrs_v1/main/6343979370266033402/00001.mp4,193,201,4.643888473510742,0.9999999999999998
20,0,/home/nabizadz/Projects/Mahsa/datasets/lrs2/lrs2_v1/mvlrs_v1/main/6344002563089494087/00006.mp4,166,174,3.9718806743621826,0.9862609195779165
20,1,/home/nabizadz/Projects/Mahsa/datasets/lrs2/lrs2_v1/mvlrs_v1/main/6344002563089494087/00012.mp4,156,164,4.643888473510742,0.9999999999999998
20,2,/home/nabizadz/Projects/Mahsa/datasets/lrs2/lrs2_v1/mvlrs_v1/main/6344002563089494087/00015.mp4,41,49,3.294684886932373,0.9842201407074312
20,3,/home/nabizadz/Projects/Mahsa/datasets/lrs2/lrs2_v1/mvlrs_v1/main/6344002563089494087/00016.mp4,199,207,4.643888473510742,0.9999999999999997
20,4,/home/nabizadz/Projects/Mahsa/datasets/lrs2/lrs2_v1/mvlrs_v1/main/6344350455440407821/00014.mp4,198,206,4.497262001037598,0.9999995425412017
20,5,/home/nabizadz/Projects/Mahsa/datasets/lrs2/lrs2_v1/mvlrs_v1/main/6344350455440407821/00030.mp4,30,38,3.2298450469970703,0.9783112980495151
20,6,/home/nabizadz/Projects/Mahsa/datasets/lrs2/lrs2_v1/mvlrs_v1/main/6344350455440407821/00032.mp4,185,193,4.643888473510742,0.9999999999999997
20,7,/home/nabizadz/Projects/Mahsa/datasets/lrs2/lrs2_v1/mvlrs_v1/main/6344350455440407821/00047.mp4,239,247,4.643888473510742,1.0
21,0,/home/nabizadz/Projects/Mahsa/datasets/lrs2/lrs2_v1/mvlrs_v1/main/6332804294858562278/00026.mp4,135,143,4.249324321746826,0.9999999999999998
21,1,/home/nabizadz/Projects/Mahsa/datasets/lrs2/lrs2_v1/mvlrs_v1/main/6344547594439294233/00037.mp4,15,23,2.995128870010376,0.9510127053646817
21,2,/home/nabizadz/Projects/Mahsa/datasets/lrs2/lrs2_v1/mvlrs_v1/main/6344709944203120665/00011.mp4,254,262,4.643888473510742,0.9999999999999998
21,3,/home/nabizadz/Projects/Mahsa/datasets/lrs2/lrs2_v1/mvlrs_v1/main/6344709944203120665/00030.mp4,274,282,4.643888473510742,0.9999999999999999
21,4,/home/nabizadz/Projects/Mahsa/datasets/lrs2/lrs2_v1/mvlrs_v1/main/6344737002497020519/00001.mp4,275,283,4.643888473510742,0.9999999999999999
21,5,/home/nabizadz/Projects/Mahsa/datasets/lrs2/lrs2_v1/mvlrs_v1/main/6344737002497020519/00005.mp4,29,37,3.348823070526123,0.9728583673453254
21,6,/home/nabizadz/Projects/Mahsa/datasets/lrs2/lrs2_v1/mvlrs_v1/main/6345541020505319391/00007.mp4,126,134,3.6009292602539062,0.9910327178866661
21,7,/home/nabizadz/Projects/Mahsa/datasets/lrs2/lrs2_v1/mvlrs_v1/main/6345541020505319391/00015.mp4,87,95,3.65155291557312,0.975304750812768
22,0,/home/nabizadz/Projects/Mahsa/datasets/lrs2/lrs2_v1/mvlrs_v1/main/6345850258020171127/00006.mp4,172,180,3.5482449531555176,0.9881349557693638
22,1,/home/nabizadz/Projects/Mahsa/datasets/lrs2/lrs2_v1/mvlrs_v1/main/6346600159310117136/00014.mp4,139,147,4.15794038772583,0.9999999999999998
22,2,/home/nabizadz/Projects/Mahsa/datasets/lrs2/lrs2_v1/mvlrs_v1/main/6347195441777342774/00010.mp4,169,177,4.643888473510742,0.9999999999999999
22,3,/home/nabizadz/Projects/Mahsa/datasets/lrs2/lrs2_v1/mvlrs_v1/main/6332804294858562278/00034.mp4,207,215,4.643888473510742,1.0
22,4,/home/nabizadz/Projects/Mahsa/datasets/lrs2/lrs2_v1/mvlrs_v1/main/6347195441777342774/00023.mp4,41,49,2.4872729778289795,0.9522668542967608
22,5,/home/nabizadz/Projects/Mahsa/datasets/lrs2/lrs2_v1/mvlrs_v1/main/6347195441777342774/00036.mp4,172,180,4.154578685760498,0.9997282556739647
22,6,/home/nabizadz/Projects/Mahsa/datasets/lrs2/lrs2_v1/mvlrs_v1/main/6347195441777342774/00052.mp4,147,155,3.372511863708496,0.9821545877074401
22,7,/home/nabizadz/Projects/Mahsa/datasets/lrs2/lrs2_v1/mvlrs_v1/main/6347195441777342774/00054.mp4,7,15,3.8131961822509766,0.9907460128033835
23,0,/home/nabizadz/Projects/Mahsa/datasets/lrs2/lrs2_v1/mvlrs_v1/main/6347195441777342774/00074.mp4,29,37,2.8845973014831543,0.9789085688919374
23,1,/home/nabizadz/Projects/Mahsa/datasets/lrs2/lrs2_v1/mvlrs_v1/main/6347195441777342774/00083.mp4,255,263,4.643888473510742,0.9999999999999997
23,2,/home/nabizadz/Projects/Mahsa/datasets/lrs2/lrs2_v1/mvlrs_v1/main/6347195441777342774/00098.mp4,258,266,4.643888473510742,0.9999999999999998
23,3,/home/nabizadz/Projects/Mahsa/datasets/lrs2/lrs2_v1/mvlrs_v1/main/6347195441777342774/00103.mp4,242,250,4.643888473510742,0.9999999999999999
23,4,/home/nabizadz/Projects/Mahsa/datasets/lrs2/lrs2_v1/mvlrs_v1/main/6347195441777342774/00105.mp4,113,121,4.010668754577637,0.9929412721428027
23,5,/home/nabizadz/Projects/Mahsa/datasets/lrs2/lrs2_v1/mvlrs_v1/main/6347195441777342774/00129.mp4,177,185,4.643888473510742,0.9999999999999997
23,6,/home/nabizadz/Projects/Mahsa/datasets/lrs2/lrs2_v1/mvlrs_v1/main/6333175380032936690/00012.mp4,190,198,4.643888473510742,0.9999999999999998
23,7,/home/nabizadz/Projects/Mahsa/datasets/lrs2/lrs2_v1/mvlrs_v1/main/6347195441777342774/00130.mp4,16,24,2.5220632553100586,0.9904419580149324
24,0,/home/nabizadz/Projects/Mahsa/datasets/lrs2/lrs2_v1/mvlrs_v1/main/6347195441777342774/00139.mp4,153,161,4.631494522094727,0.9999999999999998
24,1,/home/nabizadz/Projects/Mahsa/datasets/lrs2/lrs2_v1/mvlrs_v1/main/6347195441777342774/00160.mp4,173,181,4.061684608459473,0.9960260518548653
24,2,/home/nabizadz/Projects/Mahsa/datasets/lrs2/lrs2_v1/mvlrs_v1/main/6347195441777342774/00180.mp4,165,173,4.643888473510742,0.9999999999999997
24,3,/home/nabizadz/Projects/Mahsa/datasets/lrs2/lrs2_v1/mvlrs_v1/main/6347195441777342774/00188.mp4,94,102,3.465581178665161,0.9729485321285485
24,4,/home/nabizadz/Projects/Mahsa/datasets/lrs2/lrs2_v1/mvlrs_v1/main/6347195441777342774/00194.mp4,57,65,2.735804319381714,0.9760045898044579
24,5,/home/nabizadz/Projects/Mahsa/datasets/lrs2/lrs2_v1/mvlrs_v1/main/6347271462698456331/00003.mp4,80,88,2.8867263793945312,0.9483167009197828
24,6,/home/nabizadz/Projects/Mahsa/datasets/lrs2/lrs2_v1/mvlrs_v1/main/6347271462698456331/00005.mp4,132,140,4.090750217437744,0.9922726565322985
24,7,/home/nabizadz/Projects/Mahsa/datasets/lrs2/lrs2_v1/mvlrs_v1/main/6347271462698456331/00006.mp4,256,264,4.643888473510742,0.9999999999999998
25,0,/home/nabizadz/Projects/Mahsa/datasets/lrs2/lrs2_v1/mvlrs_v1/main/6347271462698456331/00026.mp4,36,44,2.9447903633117676,0.9045467763995833
25,1,/home/nabizadz/Projects/Mahsa/datasets/lrs2/lrs2_v1/mvlrs_v1/main/6333175380032936690/00015.mp4,47,55,4.055078506469727,0.9957402229933799
25,2,/home/nabizadz/Projects/Mahsa/datasets/lrs2/lrs2_v1/mvlrs_v1/main/6347271462698456331/00028.mp4,177,185,4.643888473510742,0.9999999999999998
25,3,/home/nabizadz/Projects/Mahsa/datasets/lrs2/lrs2_v1/mvlrs_v1/main/6347338464188272871/00011.mp4,60,68,3.6450088024139404,0.9969035841272361
25,4,/home/nabizadz/Projects/Mahsa/datasets/lrs2/lrs2_v1/mvlrs_v1/main/6347350060599908703/00005.mp4,211,219,4.643888473510742,1.0
25,5,/home/nabizadz/Projects/Mahsa/datasets/lrs2/lrs2_v1/mvlrs_v1/main/6347350060599908703/00007.mp4,75,83,3.1837918758392334,0.954559405314717
25,6,/home/nabizadz/Projects/Mahsa/datasets/lrs2/lrs2_v1/mvlrs_v1/main/6347524006775395501/00006.mp4,237,245,4.643888473510742,0.9999999999999997
25,7,/home/nabizadz/Projects/Mahsa/datasets/lrs2/lrs2_v1/mvlrs_v1/main/6347524006775395501/00020.mp4,261,269,4.643888473510742,0.9999999999999998
26,0,/home/nabizadz/Projects/Mahsa/datasets/lrs2/lrs2_v1/mvlrs_v1/main/6347667029186417939/00010.mp4,257,265,4.643888473510742,0.9999999999999998
26,1,/home/nabizadz/Projects/Mahsa/datasets/lrs2/lrs2_v1/mvlrs_v1/main/6347667029186417939/00011.mp4,231,239,4.643888473510742,0.9999999999999998
26,2,/home/nabizadz/Projects/Mahsa/datasets/lrs2/lrs2_v1/mvlrs_v1/main/6347667029186417939/00030.mp4,69,77,3.6128182411193848,0.9814110076373965
26,3,/home/nabizadz/Projects/Mahsa/datasets/lrs2/lrs2_v1/mvlrs_v1/main/6347667029186417939/00035.mp4,28,36,2.596564531326294,0.9304938309679611
26,4,/home/nabizadz/Projects/Mahsa/datasets/lrs2/lrs2_v1/mvlrs_v1/main/6333604447265869137/00003.mp4,139,147,3.071533441543579,0.9869818316887049
26,5,/home/nabizadz/Projects/Mahsa/datasets/lrs2/lrs2_v1/mvlrs_v1/main/6348038114360790454/00004.mp4,194,202,4.643888473510742,0.9999999999999999
26,6,/home/nabizadz/Projects/Mahsa/datasets/lrs2/lrs2_v1/mvlrs_v1/main/6348038114360790454/00012.mp4,279,287,4.643888473510742,0.9999999999999998
26,7,/home/nabizadz/Projects/Mahsa/datasets/lrs2/lrs2_v1/mvlrs_v1/main/6348409199535164855/00011.mp4,185,193,4.643888473510742,0.9999999999999998
27,0,/home/nabizadz/Projects/Mahsa/datasets/lrs2/lrs2_v1/mvlrs_v1/main/6348409199535164855/00022.mp4,238,246,4.643888473510742,0.9999999999999999
27,1,/home/nabizadz/Projects/Mahsa/datasets/lrs2/lrs2_v1/mvlrs_v1/main/6348409199535164855/00054.mp4,210,218,4.643888473510742,0.9999999999999999
27,2,/home/nabizadz/Projects/Mahsa/datasets/lrs2/lrs2_v1/mvlrs_v1/main/6348440123299631026/00021.mp4,127,135,4.112652778625488,0.9999999999999997
27,3,/home/nabizadz/Projects/Mahsa/datasets/lrs2/lrs2_v1/mvlrs_v1/main/6348463316123031920/00004.mp4,121,129,3.3911139965057373,0.9856242209838013
27,4,/home/nabizadz/Projects/Mahsa/datasets/lrs2/lrs2_v1/mvlrs_v1/main/6348463316123031920/00014.mp4,280,288,4.643888473510742,0.9999999999999999
27,5,/home/nabizadz/Projects/Mahsa/datasets/lrs2/lrs2_v1/mvlrs_v1/main/6348463316123031920/00020.mp4,202,210,4.643888473510742,0.9999999999999997
27,6,/home/nabizadz/Projects/Mahsa/datasets/lrs2/lrs2_v1/mvlrs_v1/main/6348463316123031920/00027.mp4,283,291,4.643888473510742,1.0
27,7,/home/nabizadz/Projects/Mahsa/datasets/lrs2/lrs2_v1/mvlrs_v1/main/6330311066473698535/00025.mp4,135,143,4.228843688964844,1.0
28,0,/home/nabizadz/Projects/Mahsa/datasets/lrs2/lrs2_v1/mvlrs_v1/main/6333604447265869137/00005.mp4,269,277,4.643888473510742,0.9999999999999998
28,1,/home/nabizadz/Projects/Mahsa/datasets/lrs2/lrs2_v1/mvlrs_v1/main/6348714571709909926/00001.mp4,164,172,4.107844829559326,0.9999999999999999
28,2,/home/nabizadz/Projects/Mahsa/datasets/lrs2/lrs2_v1/mvlrs_v1/main/6348714571709909926/00011.mp4,286,294,4.643888473510742,0.9999999999999999
28,3,/home/nabizadz/Projects/Mahsa/datasets/lrs2/lrs2_v1/mvlrs_v1/main/6348780284709539256/00003.mp4,61,69,3.49873948097229,0.9913433896195858
28,4,/home/nabizadz/Projects/Mahsa/datasets/lrs2/lrs2_v1/mvlrs_v1/main/6348780284709539256/00016.mp4,188,196,4.129630088806152,0.9948316868612985
28,5,/home/nabizadz/Projects/Mahsa/datasets/lrs2/lrs2_v1/mvlrs_v1/main/6348780284709539256/00019.mp4,179,187,4.643888473510742,0.9999999999999999
28,6,/home/nabizadz/Projects/Mahsa/datasets/lrs2/lrs2_v1/mvlrs_v1/main/6348780284709539256/00026.mp4,51,59,4.0172929763793945,0.9882585492680748
28,7,/home/nabizadz/Projects/Mahsa/datasets/lrs2/lrs2_v1/mvlrs_v1/main/6348834401297406331/00002.mp4,130,138,3.217750310897827,0.9709843731823201
29,0,/home/nabizadz/Projects/Mahsa/datasets/lrs2/lrs2_v1/mvlrs_v1/main/6348834401297406331/00006.mp4,135,143,4.094137668609619,0.9982390998353549
29,1,/home/nabizadz/Projects/Mahsa/datasets/lrs2/lrs2_v1/mvlrs_v1/main/6348834401297406331/00023.mp4,188,196,2.709804058074951,0.9806015826506987
29,2,/home/nabizadz/Projects/Mahsa/datasets/lrs2/lrs2_v1/mvlrs_v1/main/6348834401297406331/00046.mp4,79,87,2.9629909992218018,0.9883852293102419
29,3,/home/nabizadz/Projects/Mahsa/datasets/lrs2/lrs2_v1/mvlrs_v1/main/6334149478615670679/00004.mp4,157,165,4.643888473510742,0.9999999999999998
29,4,/home/nabizadz/Projects/Mahsa/datasets/lrs2/lrs2_v1/mvlrs_v1/main/6348834401297406331/00051.mp4,31,39,2.832947015762329,0.9837746554217717
29,5,/home/nabizadz/Projects/Mahsa/datasets/lrs2/lrs2_v1/mvlrs_v1/main/6348834401427892766/00009.mp4,244,252,4.643888473510742,0.9999999999999999
29,6,/home/nabizadz/Projects/Mahsa/datasets/lrs2/lrs2_v1/mvlrs_v1/main/6348834401427892766/00015.mp4,91,99,3.0866358280181885,0.9644883757155357
29,7,/home/nabizadz/Projects/Mahsa/datasets/lrs2/lrs2_v1/mvlrs_v1/main/6348834401427892766/00029.mp4,49,57,3.00075364112854,0.9619701991045515
30,0,/home/nabizadz/Projects/Mahsa/datasets/lrs2/lrs2_v1/mvlrs_v1/main/6348834401427892766/00043.mp4,76,84,2.9077038764953613,0.9681571694894899
30,1,/home/nabizadz/Projects/Mahsa/datasets/lrs2/lrs2_v1/mvlrs_v1/main/6348834401427892766/00045.mp4,174,182,3.8778576850891113,0.998492434390381
30,2,/home/nabizadz/Projects/Mahsa/datasets/lrs2/lrs2_v1/mvlrs_v1/main/6348834401427892766/00048.mp4,183,191,4.314564228057861,0.9910974679529558
30,3,/home/nabizadz/Projects/Mahsa/datasets/lrs2/lrs2_v1/mvlrs_v1/main/6349108849707618270/00007.mp4,93,101,2.7933239936828613,0.9432555190338588
30,4,/home/nabizadz/Projects/Mahsa/datasets/lrs2/lrs2_v1/mvlrs_v1/main/6349174562707247076/00008.mp4,202,210,4.643888473510742,0.9999999999999997
30,5,/home/nabizadz/Projects/Mahsa/datasets/lrs2/lrs2_v1/mvlrs_v1/main/6349174562707247076/00010.mp4,73,81,3.5371060371398926,0.9686368778026856
30,6,/home/nabizadz/Projects/Mahsa/datasets/lrs2/lrs2_v1/mvlrs_v1/main/6334149478615670679/00008.mp4,178,186,4.194192886352539,0.9999393474700613
30,7,/home/nabizadz/Projects/Mahsa/datasets/lrs2/lrs2_v1/mvlrs_v1/main/6349174562707247076/00019.mp4,113,121,3.3274986743927,0.9784077704197338
31,0,/home/nabizadz/Projects/Mahsa/datasets/lrs2/lrs2_v1/mvlrs_v1/main/6349190024589512678/00006.mp4,134,142,4.194695472717285,0.9999999999999997
31,1,/home/nabizadz/Projects/Mahsa/datasets/lrs2/lrs2_v1/mvlrs_v1/main/6349213217412979095/00007.mp4,135,143,2.846325397491455,0.9917407721236934
31,2,/home/nabizadz/Projects/Mahsa/datasets/lrs2/lrs2_v1/mvlrs_v1/main/6349213217412979095/00010.mp4,166,174,4.643888473510742,0.9999999999999994
31,3,/home/nabizadz/Projects/Mahsa/datasets/lrs2/lrs2_v1/mvlrs_v1/main/6349228679295241171/00016.mp4,85,93,2.9424753189086914,0.959226533689517
31,4,/home/nabizadz/Projects/Mahsa/datasets/lrs2/lrs2_v1/mvlrs_v1/main/6349420664333310663/00012.mp4,169,177,4.643888473510742,0.9999999999999998
31,5,/home/nabizadz/Projects/Mahsa/datasets/lrs2/lrs2_v1/mvlrs_v1/main/6349559821273762790/00002.mp4,36,44,3.3845512866973877,0.9742889970980337
31,6,/home/nabizadz/Projects/Mahsa/datasets/lrs2/lrs2_v1/mvlrs_v1/main/6349559821273762790/00010.mp4,102,110,4.043370723724365,0.9987354269515794
31,7,/home/nabizadz/Projects/Mahsa/datasets/lrs2/lrs2_v1/mvlrs_v1/main/6349793037997935601/00008.mp4,252,260,3.7693073749542236,0.9792694604116121
32,0,/home/nabizadz/Projects/Mahsa/datasets/lrs2/lrs2_v1/mvlrs_v1/main/6349793037997935601/00025.mp4,204,212,4.018212795257568,0.9857917570418254
32,1,/home/nabizadz/Projects/Mahsa/datasets/lrs2/lrs2_v1/mvlrs_v1/main/6334149478615670679/00015.mp4,98,106,3.3868918418884277,0.9999455282326816
32,2,/home/nabizadz/Projects/Mahsa/datasets/lrs2/lrs2_v1/mvlrs_v1/main/6349793037997935601/00029.mp4,227,235,4.643888473510742,0.9999999999999998
32,3,/home/nabizadz/Projects/Mahsa/datasets/lrs2/lrs2_v1/mvlrs_v1/main/6349793037997935601/00062.mp4,148,156,4.255114555358887,1.0
32,4,/home/nabizadz/Projects/Mahsa/datasets/lrs2/lrs2_v1/mvlrs_v1/main/6349793037997935601/00067.mp4,5,13,3.6474575996398926,0.9856286642681299
32,5,/home/nabizadz/Projects/Mahsa/datasets/lrs2/lrs2_v1/mvlrs_v1/main/6349793037997935601/00076.mp4,147,155,3.9023728370666504,0.9873075343169233
32,6,/home/nabizadz/Projects/Mahsa/datasets/lrs2/lrs2_v1/mvlrs_v1/main/6349793037997935601/00098.mp4,77,85,3.1238596439361572,0.9736020756137463
32,7,/home/nabizadz/Projects/Mahsa/datasets/lrs2/lrs2_v1/mvlrs_v1/main/6349793037997935601/00118.mp4,102,110,3.934265613555908,0.9909052090179942
33,0,/home/nabizadz/Projects/Mahsa/datasets/lrs2/lrs2_v1/mvlrs_v1/main/6349793037997935601/00128.mp4,123,131,3.6571784019470215,0.9813146820072005
33,1,/home/nabizadz/Projects/Mahsa/datasets/lrs2/lrs2_v1/mvlrs_v1/main/6349793037997935601/00138.mp4,20,28,3.518310785293579,0.9805120485902119
33,2,/home/nabizadz/Projects/Mahsa/datasets/lrs2/lrs2_v1/mvlrs_v1/main/6349793037997935601/00163.mp4,266,274,4.643888473510742,1.0
33,3,/home/nabizadz/Projects/Mahsa/datasets/lrs2/lrs2_v1/mvlrs_v1/main/6349793037997935601/00183.mp4,243,251,4.643888473510742,0.9999999999999996
33,4,/home/nabizadz/Projects/Mahsa/datasets/lrs2/lrs2_v1/mvlrs_v1/main/6334149478615670679/00025.mp4,259,267,4.643888473510742,0.9999999999999999
33,5,/home/nabizadz/Projects/Mahsa/datasets/lrs2/lrs2_v1/mvlrs_v1/main/6349847154585871175/00007.mp4,109,117,3.8164405822753906,0.9909923145480449
33,6,/home/nabizadz/Projects/Mahsa/datasets/lrs2/lrs2_v1/mvlrs_v1/main/6349847154585871175/00014.mp4,247,255,4.643888473510742,0.9999999999999996
33,7,/home/nabizadz/Projects/Mahsa/datasets/lrs2/lrs2_v1/mvlrs_v1/main/6349847154585871175/00018.mp4,244,252,4.643888473510742,0.9999999999999998
34,0,/home/nabizadz/Projects/Mahsa/datasets/lrs2/lrs2_v1/mvlrs_v1/main/6349847154585871175/00027.mp4,36,44,3.385514497756958,0.9637938577959551
34,1,/home/nabizadz/Projects/Mahsa/datasets/lrs2/lrs2_v1/mvlrs_v1/main/6349847154585871175/00028.mp4,24,32,3.638151168823242,0.9575979303682363
34,2,/home/nabizadz/Projects/Mahsa/datasets/lrs2/lrs2_v1/mvlrs_v1/main/6349847154585871175/00035.mp4,13,21,4.120987415313721,0.9999846626886335
34,3,/home/nabizadz/Projects/Mahsa/datasets/lrs2/lrs2_v1/mvlrs_v1/main/6349847154585871175/00037.mp4,222,230,4.643888473510742,0.9999999999999998
34,4,/home/nabizadz/Projects/Mahsa/datasets/lrs2/lrs2_v1/mvlrs_v1/main/6349847154585871175/00039.mp4,207,215,4.643888473510742,0.9999999999999996
34,5,/home/nabizadz/Projects/Mahsa/datasets/lrs2/lrs2_v1/mvlrs_v1/main/6350152526760616781/00013.mp4,134,142,4.2098307609558105,0.9939330708509142
34,6,/home/nabizadz/Projects/Mahsa/datasets/lrs2/lrs2_v1/mvlrs_v1/main/6350152526760616781/00016.mp4,115,123,3.716942310333252,0.9886743338400227
34,7,/home/nabizadz/Projects/Mahsa/datasets/lrs2/lrs2_v1/mvlrs_v1/main/6334331155732352379/00002.mp4,163,171,4.643888473510742,0.9999999999999996
35,0,/home/nabizadz/Projects/Mahsa/datasets/lrs2/lrs2_v1/mvlrs_v1/main/6350152526760616781/00052.mp4,7,15,3.972902774810791,0.9922703878619933
35,1,/home/nabizadz/Projects/Mahsa/datasets/lrs2/lrs2_v1/mvlrs_v1/main/6350152526760616781/00059.mp4,251,259,4.643888473510742,0.9999999999999997
35,2,/home/nabizadz/Projects/Mahsa/datasets/lrs2/lrs2_v1/mvlrs_v1/main/6349916733056066377/00018.mp4,98,106,3.938108444213867,0.9826046316970561
35,3,/home/nabizadz/Projects/Mahsa/datasets/lrs2/lrs2_v1/mvlrs_v1/main/6349947656820532043/00016.mp4,93,101,3.021433115005493,0.980784770959297
35,4,/home/nabizadz/Projects/Mahsa/datasets/lrs2/lrs2_v1/mvlrs_v1/main/6350152526760616781/00008.mp4,6,14,4.0960845947265625,0.9974369246182225
35,5,/home/nabizadz/Projects/Mahsa/datasets/lrs2/lrs2_v1/mvlrs_v1/main/6350152526760616781/00009.mp4,133,141,4.1962504386901855,0.9950311478498647
35,6,/home/nabizadz/Projects/Mahsa/datasets/lrs2/lrs2_v1/mvlrs_v1/main/6350152526760616781/00067.mp4,119,127,4.308795928955078,1.0
35,7,/home/nabizadz/Projects/Mahsa/datasets/lrs2/lrs2_v1/mvlrs_v1/main/6350222105230808621/00007.mp4,222,230,4.643888473510742,0.9999999999999999
36,0,/home/nabizadz/Projects/Mahsa/datasets/lrs2/lrs2_v1/mvlrs_v1/main/6350222105230808621/00008.mp4,202,210,4.643888473510742,0.9999999999999996
36,1,/home/nabizadz/Projects/Mahsa/datasets/lrs2/lrs2_v1/mvlrs_v1/main/6350222105230808621/00012.mp4,3,11,4.347987174987793,0.9987407923562058
36,2,/home/nabizadz/Projects/Mahsa/datasets/lrs2/lrs2_v1/mvlrs_v1/main/6334563083966338309/00004.mp4,122,130,3.800265312194824,0.9812778043800245
36,3,/home/nabizadz/Projects/Mahsa/datasets/lrs2/lrs2_v1/mvlrs_v1/main/6350264625407039025/00015.mp4,119,127,4.1790032386779785,0.9999999999999999
36,4,/home/nabizadz/Projects/Mahsa/datasets/lrs2/lrs2_v1/mvlrs_v1/main/6350295549171504559/00001.mp4,104,112,3.207240343093872,0.99080821452343
36,5,/home/nabizadz/Projects/Mahsa/datasets/lrs2/lrs2_v1/mvlrs_v1/main/6350295549171504559/00004.mp4,10,18,4.413496017456055,0.9997335711237318
36,6,/home/nabizadz/Projects/Mahsa/datasets/lrs2/lrs2_v1/mvlrs_v1/main/6350295549171504559/00006.mp4,238,246,4.643888473510742,0.9999999999999998
36,7,/home/nabizadz/Projects/Mahsa/datasets/lrs2/lrs2_v1/mvlrs_v1/main/6350295549171504559/00016.mp4,148,156,3.6482741832733154,0.985736065360179
37,0,/home/nabizadz/Projects/Mahsa/datasets/lrs2/lrs2_v1/mvlrs_v1/main/6350523611934991188/00008.mp4,182,190,4.643888473510742,0.9999999999999996
37,1,/home/nabizadz/Projects/Mahsa/datasets/lrs2/lrs2_v1/mvlrs_v1/main/6350523611934991188/00013.mp4,32,40,3.251704454421997,0.9914911304413605
37,2,/home/nabizadz/Projects/Mahsa/datasets/lrs2/lrs2_v1/mvlrs_v1/main/6350523611934991188/00015.mp4,174,182,4.095630168914795,0.9957265692323906
37,3,/home/nabizadz/Projects/Mahsa/datasets/lrs2/lrs2_v1/mvlrs_v1/main/6350523611934991188/00016.mp4,115,123,4.233922004699707,0.9999999999999999
37,4,/home/nabizadz/Projects/Mahsa/datasets/lrs2/lrs2_v1/mvlrs_v1/main/6350523611934991188/00021.mp4,250,258,4.643888473510742,0.9999999999999999
37,5,/home/nabizadz/Projects/Mahsa/datasets/lrs2/lrs2_v1/mvlrs_v1/main/6334563083966338309/00024.mp4,209,217,4.643888473510742,0.9999999999999998
37,6,/home/nabizadz/Projects/Mahsa/datasets/lrs2/lrs2_v1/mvlrs_v1/main/6350523611934991188/00027.mp4,70,78,3.0644564628601074,0.9529109317951283
37,7,/home/nabizadz/Projects/Mahsa/datasets/lrs2/lrs2_v1/mvlrs_v1/main/6350523611934991188/00060.mp4,114,122,3.91872239112854,0.987100981065546
38,0,/home/nabizadz/Projects/Mahsa/datasets/lrs2/lrs2_v1/mvlrs_v1/main/6350523611934991188/00061.mp4,134,142,4.291987419128418,1.0
38,1,/home/nabizadz/Projects/Mahsa/datasets/lrs2/lrs2_v1/mvlrs_v1/main/6350523611934991188/00067.mp4,169,177,4.643888473510742,1.0
38,2,/home/nabizadz/Projects/Mahsa/datasets/lrs2/lrs2_v1/mvlrs_v1/main/6350666634345878987/00013.mp4,13,21,3.796938419342041,0.9991611869707532
38,3,/home/nabizadz/Projects/Mahsa/datasets/lrs2/lrs2_v1/mvlrs_v1/main/6350921755403330389/00027.mp4,55,63,3.9771320819854736,0.9910803483319006
38,4,/home/nabizadz/Projects/Mahsa/datasets/lrs2/lrs2_v1/mvlrs_v1/main/6350921755403330389/00030.mp4,75,83,3.7404837608337402,0.9885568009344607
38,5,/home/nabizadz/Projects/Mahsa/datasets/lrs2/lrs2_v1/mvlrs_v1/main/6350921755403330389/00041.mp4,211,219,4.643888473510742,0.9999999999999999
38,6,/home/nabizadz/Projects/Mahsa/datasets/lrs2/lrs2_v1/mvlrs_v1/main/6350921755403330389/00056.mp4,207,215,4.057973384857178,0.9930038418058457
38,7,/home/nabizadz/Projects/Mahsa/datasets/lrs2/lrs2_v1/mvlrs_v1/main/6350921755403330389/00058.mp4,259,267,3.6066668033599854,0.9983650134210922
39,0,/home/nabizadz/Projects/Mahsa/datasets/lrs2/lrs2_v1/mvlrs_v1/main/6334563083966338309/00057.mp4,131,139,4.069738388061523,0.9999992548341883
39,1,/home/nabizadz/Projects/Mahsa/datasets/lrs2/lrs2_v1/mvlrs_v1/main/6350921755403330389/00062.mp4,134,142,3.009291648864746,0.99965419021446
39,2,/home/nabizadz/Projects/Mahsa/datasets/lrs2/lrs2_v1/mvlrs_v1/main/6351037719520253414/00001.mp4,154,162,3.5454535484313965,0.9569266808867891
39,3,/home/nabizadz/Projects/Mahsa/datasets/lrs2/lrs2_v1/mvlrs_v1/main/6351037719520253414/00003.mp4,14,22,3.896916151046753,0.9945204552144137
39,4,/home/nabizadz/Projects/Mahsa/datasets/lrs2/lrs2_v1/mvlrs_v1/main/6351234858519149621/00007.mp4,25,33,3.945659637451172,0.9939411629615886
39,5,/home/nabizadz/Projects/Mahsa/datasets/lrs2/lrs2_v1/mvlrs_v1/main/6351234858519149621/00044.mp4,232,240,4.643888473510742,1.0
39,6,/home/nabizadz/Projects/Mahsa/datasets/lrs2/lrs2_v1/mvlrs_v1/main/6351265782283739990/00001.mp4,176,184,4.643888473510742,0.9999999999999999
39,7,/home/nabizadz/Projects/Mahsa/datasets/lrs2/lrs2_v1/mvlrs_v1/main/6351265782283739990/00008.mp4,152,160,4.332101345062256,1.0
40,0,/home/nabizadz/Projects/Mahsa/datasets/lrs2/lrs2_v1/mvlrs_v1/main/6351265782283739990/00030.mp4,21,29,3.856877326965332,0.9971301399057064
40,1,/home/nabizadz/Projects/Mahsa/datasets/lrs2/lrs2_v1/mvlrs_v1/main/6351265782283739990/00032.mp4,250,258,4.643888473510742,1.0000000000000002
40,2,/home/nabizadz/Projects/Mahsa/datasets/lrs2/lrs2_v1/mvlrs_v1/main/6351265782283739990/00033.mp4,8,16,3.667868137359619,0.9972042319557596
40,3,/home/nabizadz/Projects/Mahsa/datasets/lrs2/lrs2_v1/mvlrs_v1/main/6334563083966338309/00081.mp4,10,18,3.494131565093994,0.9838549008463117
40,4,/home/nabizadz/Projects/Mahsa/datasets/lrs2/lrs2_v1/mvlrs_v1/main/6351424266576959115/00013.mp4,93,101,4.1871657371521,0.9997248608641162
40,5,/home/nabizadz/Projects/Mahsa/datasets/lrs2/lrs2_v1/mvlrs_v1/main/6351424266576959115/00014.mp4,52,60,3.3133175373077393,0.988511566800153
40,6,/home/nabizadz/Projects/Mahsa/datasets/lrs2/lrs2_v1/mvlrs_v1/main/6351424266576959115/00015.mp4,24,32,3.6916115283966064,0.9954052597001015
40,7,/home/nabizadz/Projects/Mahsa/datasets/lrs2/lrs2_v1/mvlrs_v1/main/6351431997518095202/00003.mp4,10,18,3.2777304649353027,0.9697812825937991
41,0,/home/nabizadz/Projects/Mahsa/datasets/lrs2/lrs2_v1/mvlrs_v1/main/6351431997518095202/00008.mp4,238,246,4.643888473510742,0.9999999999999997
41,1,/home/nabizadz/Projects/Mahsa/datasets/lrs2/lrs2_v1/mvlrs_v1/main/6351431997518095202/00009.mp4,38,46,3.353377103805542,0.9904978237324004
41,2,/home/nabizadz/Projects/Mahsa/datasets/lrs2/lrs2_v1/mvlrs_v1/main/6351431997518095202/00017.mp4,29,37,3.059645891189575,0.9917482864094019
41,3,/home/nabizadz/Projects/Mahsa/datasets/lrs2/lrs2_v1/mvlrs_v1/main/6351431997518095202/00019.mp4,75,83,3.3861589431762695,0.9932960309769535
41,4,/home/nabizadz/Projects/Mahsa/datasets/lrs2/lrs2_v1/mvlrs_v1/main/6351636867458114391/00002.mp4,138,146,3.735861301422119,0.9925178348328935
41,5,/home/nabizadz/Projects/Mahsa/datasets/lrs2/lrs2_v1/mvlrs_v1/main/6351636867458114391/00004.mp4,97,105,3.5905354022979736,0.9599901753851273
41,6,/home/nabizadz/Projects/Mahsa/datasets/lrs2/lrs2_v1/mvlrs_v1/main/6331559613336179781/00019.mp4,19,27,3.6201465129852295,0.9919648732609261
41,7,/home/nabizadz/Projects/Mahsa/datasets/lrs2/lrs2_v1/mvlrs_v1/main/6334563083966338309/00089.mp4,209,217,3.9667909145355225,0.9819070025034742
42,0,/home/nabizadz/Projects/Mahsa/datasets/lrs2/lrs2_v1/mvlrs_v1/main/6351636867458114391/00005.mp4,0,8,3.76505184173584,0.9958599068583555
42,1,/home/nabizadz/Projects/Mahsa/datasets/lrs2/lrs2_v1/mvlrs_v1/main/6351636867458114391/00010.mp4,164,172,3.6447837352752686,0.9790743366652114
42,2,/home/nabizadz/Projects/Mahsa/datasets/lrs2/lrs2_v1/mvlrs_v1/main/6351636867458114391/00033.mp4,281,289,4.643888473510742,0.9999999999999998
42,3,/home/nabizadz/Projects/Mahsa/datasets/lrs2/lrs2_v1/mvlrs_v1/main/6351636867458114391/00037.mp4,56,64,3.4532015323638916,0.9857999804342719
42,4,/home/nabizadz/Projects/Mahsa/datasets/lrs2/lrs2_v1/mvlrs_v1/main/6351636867458114391/00040.mp4,268,276,4.643888473510742,0.9999999999999999
42,5,/home/nabizadz/Projects/Mahsa/datasets/lrs2/lrs2_v1/mvlrs_v1/main/6351714176869448803/00001.mp4,89,97,3.060603380203247,0.9541381996195203
42,6,/home/nabizadz/Projects/Mahsa/datasets/lrs2/lrs2_v1/mvlrs_v1/main/6351714176869448803/00004.mp4,291,299,4.643888473510742,0.9999999999999998
42,7,/home/nabizadz/Projects/Mahsa/datasets/lrs2/lrs2_v1/mvlrs_v1/main/6351714176869448803/00010.mp4,281,289,4.643888473510742,1.0
43,0,/home/nabizadz/Projects/Mahsa/datasets/lrs2/lrs2_v1/mvlrs_v1/main/6351772158927869467/00029.mp4,128,136,2.6138200759887695,0.9972662768953465
43,1,/home/nabizadz/Projects/Mahsa/datasets/lrs2/lrs2_v1/mvlrs_v1/main/6351772158927869467/00035.mp4,139,147,3.3348915576934814,0.9950463343485602
43,2,/home/nabizadz/Projects/Mahsa/datasets/lrs2/lrs2_v1/mvlrs_v1/main/6334563083966338309/00103.mp4,66,74,4.294238090515137,0.9984460185794397
43,3,/home/nabizadz/Projects/Mahsa/datasets/lrs2/lrs2_v1/mvlrs_v1/main/6351810813633601326/00001.mp4,176,184,4.643888473510742,0.9999999999999998
43,4,/home/nabizadz/Projects/Mahsa/datasets/lrs2/lrs2_v1/mvlrs_v1/main/6351810813633601326/00002.mp4,165,173,4.081995964050293,0.9858313131320843
43,5,/home/nabizadz/Projects/Mahsa/datasets/lrs2/lrs2_v1/mvlrs_v1/main/6351810813633601326/00006.mp4,33,41,3.683272361755371,0.9878783125012134
43,6,/home/nabizadz/Projects/Mahsa/datasets/lrs2/lrs2_v1/mvlrs_v1/main/6351810813633601326/00007.mp4,129,137,3.9515066146850586,0.9933526367813035
43,7,/home/nabizadz/Projects/Mahsa/datasets/lrs2/lrs2_v1/mvlrs_v1/main/6351810813633601326/00013.mp4,177,185,4.643888473510742,0.9999999999999999
44,0,/home/nabizadz/Projects/Mahsa/datasets/lrs2/lrs2_v1/mvlrs_v1/main/6351810813633601326/00014.mp4,69,77,2.5911881923675537,0.9765108063764846
44,1,/home/nabizadz/Projects/Mahsa/datasets/lrs2/lrs2_v1/mvlrs_v1/main/6351810813633601326/00016.mp4,154,162,3.5880842208862305,0.9747446148030958
44,2,/home/nabizadz/Projects/Mahsa/datasets/lrs2/lrs2_v1/mvlrs_v1/main/6351810813633601326/00020.mp4,90,98,3.1638991832733154,0.9809638838670407
44,3,/home/nabizadz/Projects/Mahsa/datasets/lrs2/lrs2_v1/mvlrs_v1/main/6351826275515864748/00006.mp4,272,280,4.25518274307251,0.999973818559192
44,4,/home/nabizadz/Projects/Mahsa/datasets/lrs2/lrs2_v1/mvlrs_v1/main/6351841737398064668/00004.mp4,286,294,4.643888473510742,0.9999999999999998
44,5,/home/nabizadz/Projects/Mahsa/datasets/lrs2/lrs2_v1/mvlrs_v1/main/6334563083966338309/00106.mp4,249,257,3.6236355304718018,0.9749600032338415
44,6,/home/nabizadz/Projects/Mahsa/datasets/lrs2/lrs2_v1/mvlrs_v1/main/6352157417494386368/00027.mp4,83,91,3.877509117126465,0.9903686318527849
44,7,/home/nabizadz/Projects/Mahsa/datasets/lrs2/lrs2_v1/mvlrs_v1/main/6352157417494386368/00030.mp4,151,159,4.3634867668151855,0.9999999999999998
45,0,/home/nabizadz/Projects/Mahsa/datasets/lrs2/lrs2_v1/mvlrs_v1/main/6352157417494386368/00043.mp4,212,220,4.643888473510742,0.9999999999999998
45,1,/home/nabizadz/Projects/Mahsa/datasets/lrs2/lrs2_v1/mvlrs_v1/main/6352157417494386368/00050.mp4,205,213,4.643888473510742,0.9999999999999998
45,2,/home/nabizadz/Projects/Mahsa/datasets/lrs2/lrs2_v1/mvlrs_v1/main/6352157417494386368/00051.mp4,73,81,3.582751989364624,0.9977231262034844
45,3,/home/nabizadz/Projects/Mahsa/datasets/lrs2/lrs2_v1/mvlrs_v1/main/6352498867394358158/00018.mp4,181,189,4.643888473510742,0.9999999999999998
45,4,/home/nabizadz/Projects/Mahsa/datasets/lrs2/lrs2_v1/mvlrs_v1/main/6352498867394358158/00019.mp4,131,139,3.4773311614990234,0.9998829460917531
45,5,/home/nabizadz/Projects/Mahsa/datasets/lrs2/lrs2_v1/mvlrs_v1/main/6352498867394358158/00027.mp4,220,228,4.643888473510742,0.9999999999999998
45,6,/home/nabizadz/Projects/Mahsa/datasets/lrs2/lrs2_v1/mvlrs_v1/main/6352533656629519062/00002.mp4,249,257,4.643888473510742,1.0
45,7,/home/nabizadz/Projects/Mahsa/datasets/lrs2/lrs2_v1/mvlrs_v1/main/6352533656629519062/00006.mp4,94,102,4.154917240142822,0.9999999999999998
46,0,/home/nabizadz/Projects/Mahsa/datasets/lrs2/lrs2_v1/mvlrs_v1/main/6334934169140712754/00001.mp4,123,131,2.975222110748291,0.976214617215906
46,1,/home/nabizadz/Projects/Mahsa/datasets/lrs2/lrs2_v1/mvlrs_v1/main/6352533656629519062/00013.mp4,155,163,4.643888473510742,0.9999999999999998
46,2,/home/nabizadz/Projects/Mahsa/datasets/lrs2/lrs2_v1/mvlrs_v1/main/6352815835980800496/00002.mp4,7,15,3.9378700256347656,0.9917470572237839
46,3,/home/nabizadz/Projects/Mahsa/datasets/lrs2/lrs2_v1/mvlrs_v1/main/6352815835980800496/00005.mp4,188,196,4.643888473510742,0.9999999999999998
46,4,/home/nabizadz/Projects/Mahsa/datasets/lrs2/lrs2_v1/mvlrs_v1/main/6352815835980800496/00007.mp4,107,115,2.6099963188171387,0.9475468656089044
46,5,/home/nabizadz/Projects/Mahsa/datasets/lrs2/lrs2_v1/mvlrs_v1/main/6352893145392128503/00008.mp4,192,200,4.643888473510742,1.0
46,6,/home/nabizadz/Projects/Mahsa/datasets/lrs2/lrs2_v1/mvlrs_v1/main/6352893145392128503/00013.mp4,87,95,3.3364808559417725,0.9702193069420922
46,7,/home/nabizadz/Projects/Mahsa/datasets/lrs2/lrs2_v1/mvlrs_v1/main/6352893145392128503/00014.mp4,216,224,4.643888473510742,0.9999999999999996
47,0,/home/nabizadz/Projects/Mahsa/datasets/lrs2/lrs2_v1/mvlrs_v1/main/6352893145392128503/00017.mp4,240,248,4.643888473510742,0.9999999999999998
47,1,/home/nabizadz/Projects/Mahsa/datasets/lrs2/lrs2_v1/mvlrs_v1/main/6352893145392128503/00020.mp4,36,44,3.195841073989868,0.9708012764511318
47,2,/home/nabizadz/Projects/Mahsa/datasets/lrs2/lrs2_v1/mvlrs_v1/main/6352893145392128503/00036.mp4,54,62,3.164806604385376,0.9663948099353827
47,3,/home/nabizadz/Projects/Mahsa/datasets/lrs2/lrs2_v1/mvlrs_v1/main/6334934169140712754/00002.mp4,7,15,3.884772300720215,0.9904141017776925
47,4,/home/nabizadz/Projects/Mahsa/datasets/lrs2/lrs2_v1/mvlrs_v1/main/6352916338215591806/00003.mp4,219,227,4.643888473510742,1.0
47,5,/home/nabizadz/Projects/Mahsa/datasets/lrs2/lrs2_v1/mvlrs_v1/main/6353179190214044575/00010.mp4,57,65,4.0599470138549805,0.9913331855204667
47,6,/home/nabizadz/Projects/Mahsa/datasets/lrs2/lrs2_v1/mvlrs_v1/main/6353179190214044575/00019.mp4,151,159,4.292088508605957,0.9999999999999998
47,7,/home/nabizadz/Projects/Mahsa/datasets/lrs2/lrs2_v1/mvlrs_v1/main/6353179190214044575/00020.mp4,101,109,3.5132014751434326,0.9376402741797615
48,0,/home/nabizadz/Projects/Mahsa/datasets/lrs2/lrs2_v1/mvlrs_v1/main/6353190786625806236/00012.mp4,9,17,4.001752853393555,0.9938237116468629
48,1,/home/nabizadz/Projects/Mahsa/datasets/lrs2/lrs2_v1/mvlrs_v1/main/6353233306802036640/00005.mp4,80,88,3.287959337234497,0.9824133041645464
48,2,/home/nabizadz/Projects/Mahsa/datasets/lrs2/lrs2_v1/mvlrs_v1/main/6353233306802036640/00017.mp4,72,80,3.425201892852783,0.9840225752546848
48,3,/home/nabizadz/Projects/Mahsa/datasets/lrs2/lrs2_v1/mvlrs_v1/main/6353233306802036640/00019.mp4,54,62,3.696215867996216,0.9913223090517473
48,4,/home/nabizadz/Projects/Mahsa/datasets/lrs2/lrs2_v1/mvlrs_v1/main/6353233306802036640/00024.mp4,230,238,4.643888473510742,0.9999999999999996
48,5,/home/nabizadz/Projects/Mahsa/datasets/lrs2/lrs2_v1/mvlrs_v1/main/6353233306802036640/00037.mp4,186,194,4.643888473510742,0.9999999999999998
48,6,/home/nabizadz/Projects/Mahsa/datasets/lrs2/lrs2_v1/mvlrs_v1/main/6334934169140712754/00013.mp4,160,168,4.643888473510742,0.9999999999999997
48,7,/home/nabizadz/Projects/Mahsa/datasets/lrs2/lrs2_v1/mvlrs_v1/main/6353233306802036640/00038.mp4,276,284,4.643888473510742,0.9999999999999996
49,0,/home/nabizadz/Projects/Mahsa/datasets/lrs2/lrs2_v1/mvlrs_v1/main/6353233306802036640/00039.mp4,20,28,3.0743143558502197,0.974068552616294
49,1,/home/nabizadz/Projects/Mahsa/datasets/lrs2/lrs2_v1/mvlrs_v1/main/6353264230566502930/00013.mp4,286,294,4.643888473510742,0.9999999999999997
49,2,/home/nabizadz/Projects/Mahsa/datasets/lrs2/lrs2_v1/mvlrs_v1/main/6353264230566502930/00014.mp4,67,75,3.600674867630005,0.9912151186361522
49,3,/home/nabizadz/Projects/Mahsa/datasets/lrs2/lrs2_v1/mvlrs_v1/main/6353561871800180662/00005.mp4,66,74,3.789431571960449,0.9869871960585067
49,4,/home/nabizadz/Projects/Mahsa/datasets/lrs2/lrs2_v1/mvlrs_v1/main/6353561871800180662/00014.mp4,281,289,4.643888473510742,0.9999999999999999
49,5,/home/nabizadz/Projects/Mahsa/datasets/lrs2/lrs2_v1/mvlrs_v1/main/6353561871800180662/00019.mp4,33,41,3.315112829208374,0.9789207113564787
49,6,/home/nabizadz/Projects/Mahsa/datasets/lrs2/lrs2_v1/mvlrs_v1/main/6353561871800180662/00024.mp4,74,82,2.8983938694000244,0.9631577766727183
49,7,/home/nabizadz/Projects/Mahsa/datasets/lrs2/lrs2_v1/mvlrs_v1/main/6353604391976411066/00001.mp4,181,189,4.643888473510742,0.9999999999999998
50,0,/home/nabizadz/Projects/Mahsa/datasets/lrs2/lrs2_v1/mvlrs_v1/main/6353604391976411066/00014.mp4,149,157,4.267813682556152,0.9999999999999998
50,1,/home/nabizadz/Projects/Mahsa/datasets/lrs2/lrs2_v1/mvlrs_v1/main/6334934169140712754/00059.mp4,31,39,2.6043999195098877,0.9656360500212599
50,2,/home/nabizadz/Projects/Mahsa/datasets/lrs2/lrs2_v1/mvlrs_v1/main/6353635315740877357/00003.mp4,9,17,3.6587724685668945,0.9613486014943421
50,3,/home/nabizadz/Projects/Mahsa/datasets/lrs2/lrs2_v1/mvlrs_v1/main/6353635315740877357/00006.mp4,207,215,4.643888473510742,0.9999999999999996
50,4,/home/nabizadz/Projects/Mahsa/datasets/lrs2/lrs2_v1/mvlrs_v1/main/6353909764151156687/00001.mp4,287,295,4.643888473510742,0.9999999999999997
50,5,/home/nabizadz/Projects/Mahsa/datasets/lrs2/lrs2_v1/mvlrs_v1/main/6353909764151156687/00005.mp4,59,67,2.909395456314087,0.9821066603824994
50,6,/home/nabizadz/Projects/Mahsa/datasets/lrs2/lrs2_v1/mvlrs_v1/main/6353932956974555090/00007.mp4,9,17,2.151017904281616,0.9798279860648262
50,7,/home/nabizadz/Projects/Mahsa/datasets/lrs2/lrs2_v1/mvlrs_v1/main/6353975477150785494/00008.mp4,167,175,4.087131977081299,0.9793962844422697
51,0,/home/nabizadz/Projects/Mahsa/datasets/lrs2/lrs2_v1/mvlrs_v1/main/6353975477150785494/00019.mp4,175,183,3.9154052734375,0.9920436586427369
51,1,/home/nabizadz/Projects/Mahsa/datasets/lrs2/lrs2_v1/mvlrs_v1/main/6353975477150785494/00030.mp4,51,59,3.73970890045166,0.9604335054275706
51,2,/home/nabizadz/Projects/Mahsa/datasets/lrs2/lrs2_v1/mvlrs_v1/main/6354006400915251783/00006.mp4,143,151,4.144064903259277,0.9999999999999998
51,3,/home/nabizadz/Projects/Mahsa/datasets/lrs2/lrs2_v1/mvlrs_v1/main/6354006400915251783/00007.mp4,128,136,4.138637542724609,1.0
51,4,/home/nabizadz/Projects/Mahsa/datasets/lrs2/lrs2_v1/mvlrs_v1/main/6334934169140712754/00068.mp4,271,279,4.643888473510742,0.9999999999999998
51,5,/home/nabizadz/Projects/Mahsa/datasets/lrs2/lrs2_v1/mvlrs_v1/main/6354304042148929518/00013.mp4,237,245,4.643888473510742,0.9999999999999998
51,6,/home/nabizadz/Projects/Mahsa/datasets/lrs2/lrs2_v1/mvlrs_v1/main/6354346562325159922/00004.mp4,33,41,2.9193532466888428,0.89756664549462
51,7,/home/nabizadz/Projects/Mahsa/datasets/lrs2/lrs2_v1/mvlrs_v1/main/6354346562325159922/00011.mp4,134,142,3.522463083267212,0.9805544810688285
52,0,/home/nabizadz/Projects/Mahsa/datasets/lrs2/lrs2_v1/mvlrs_v1/main/6354346562325159922/00021.mp4,251,259,4.643888473510742,0.9999999999999998
52,1,/home/nabizadz/Projects/Mahsa/datasets/lrs2/lrs2_v1/mvlrs_v1/main/6354346562325159922/00029.mp4,73,81,3.030911922454834,0.9528930496379302
52,2,/home/nabizadz/Projects/Mahsa/datasets/lrs2/lrs2_v1/mvlrs_v1/main/6354346562325159922/00032.mp4,262,270,4.643888473510742,0.9999999999999998
52,3,/home/nabizadz/Projects/Mahsa/datasets/lrs2/lrs2_v1/mvlrs_v1/main/6354346562325159922/00040.mp4,143,151,3.8417327404022217,0.9856280601361684
52,4,/home/nabizadz/Projects/Mahsa/datasets/lrs2/lrs2_v1/mvlrs_v1/main/6354346562325159922/00052.mp4,25,33,2.957347869873047,0.9801002421872912
52,5,/home/nabizadz/Projects/Mahsa/datasets/lrs2/lrs2_v1/mvlrs_v1/main/6354369755148493407/00019.mp4,35,43,3.619075059890747,0.987100758343524
52,6,/home/nabizadz/Projects/Mahsa/datasets/lrs2/lrs2_v1/mvlrs_v1/main/6354369755148493407/00023.mp4,5,13,4.015857219696045,0.9942875497768852
52,7,/home/nabizadz/Projects/Mahsa/datasets/lrs2/lrs2_v1/mvlrs_v1/main/6334934169140712754/00070.mp4,259,267,4.643888473510742,0.9999999999999998
53,0,/home/nabizadz/Projects/Mahsa/datasets/lrs2/lrs2_v1/mvlrs_v1/main/6354369755148493407/00028.mp4,130,138,4.052498817443848,0.9908064434617182
53,1,/home/nabizadz/Projects/Mahsa/datasets/lrs2/lrs2_v1/mvlrs_v1/main/6354369755148493407/00048.mp4,206,214,4.643888473510742,1.0
53,2,/home/nabizadz/Projects/Mahsa/datasets/lrs2/lrs2_v1/mvlrs_v1/main/6354369755148493407/00051.mp4,128,136,4.192402362823486,0.9999999999999999
53,3,/home/nabizadz/Projects/Mahsa/datasets/lrs2/lrs2_v1/mvlrs_v1/main/6354369755148493407/00055.mp4,240,248,4.643888473510742,1.0
53,4,/home/nabizadz/Projects/Mahsa/datasets/lrs2/lrs2_v1/mvlrs_v1/main/6354617145264744350/00007.mp4,246,254,4.643888473510742,0.9999999999999997
53,5,/home/nabizadz/Projects/Mahsa/datasets/lrs2/lrs2_v1/mvlrs_v1/main/6354755013715009552/00005.mp4,246,254,4.643888473510742,0.9999999999999999
53,6,/home/nabizadz/Projects/Mahsa/datasets/lrs2/lrs2_v1/mvlrs_v1/main/6354988230439182363/00027.mp4,95,103,2.65289044380188,0.994154404836353
53,7,/home/nabizadz/Projects/Mahsa/datasets/lrs2/lrs2_v1/mvlrs_v1/main/6354988230439182363/00032.mp4,216,224,4.643888473510742,0.9999999999999998
54,0,/home/nabizadz/Projects/Mahsa/datasets/lrs2/lrs2_v1/mvlrs_v1/main/6354988230439182363/00053.mp4,228,236,3.902517795562744,0.9883891172185851
54,1,/home/nabizadz/Projects/Mahsa/datasets/lrs2/lrs2_v1/mvlrs_v1/main/6354988230439182363/00062.mp4,136,144,3.7440285682678223,0.9858286150991573
54,2,/home/nabizadz/Projects/Mahsa/datasets/lrs2/lrs2_v1/mvlrs_v1/main/6334934169140712754/00073.mp4,96,104,3.4160759449005127,0.9913395425638623
54,3,/home/nabizadz/Projects/Mahsa/datasets/lrs2/lrs2_v1/mvlrs_v1/main/6354988230439182363/00070.mp4,234,242,4.643888473510742,0.9999999999999999
54,4,/home/nabizadz/Projects/Mahsa/datasets/lrs2/lrs2_v1/mvlrs_v1/main/6354988230439182363/00085.mp4,181,189,4.643888473510742,0.9999999999999997
54,5,/home/nabizadz/Projects/Mahsa/datasets/lrs2/lrs2_v1/mvlrs_v1/main/6354988230439182363/00099.mp4,234,242,4.643888473510742,0.9999999999999997
54,6,/home/nabizadz/Projects/Mahsa/datasets/lrs2/lrs2_v1/mvlrs_v1/main/6354988230439182363/00107.mp4,276,284,4.643888473510742,0.9999999999999998
54,7,/home/nabizadz/Projects/Mahsa/datasets/lrs2/lrs2_v1/mvlrs_v1/main/6354988230439182363/00141.mp4,32,40,3.415208339691162,0.9421070968699803
55,0,/home/nabizadz/Projects/Mahsa/datasets/lrs2/lrs2_v1/mvlrs_v1/main/6354988230439182363/00179.mp4,257,265,4.643888473510742,0.9999999999999996
55,1,/home/nabizadz/Projects/Mahsa/datasets/lrs2/lrs2_v1/mvlrs_v1/main/6355115790967873574/00016.mp4,280,288,4.643888473510742,0.9999999999999997
55,2,/home/nabizadz/Projects/Mahsa/datasets/lrs2/lrs2_v1/mvlrs_v1/main/6355115790967873574/00020.mp4,9,17,3.226606845855713,0.9628139191818289
55,3,/home/nabizadz/Projects/Mahsa/datasets/lrs2/lrs2_v1/mvlrs_v1/main/6355115790967873574/00021.mp4,164,172,4.643888473510742,1.0
55,4,/home/nabizadz/Projects/Mahsa/datasets/lrs2/lrs2_v1/mvlrs_v1/main/6355115790967873574/00022.mp4,285,293,4.643888473510742,1.0
55,5,/home/nabizadz/Projects/Mahsa/datasets/lrs2/lrs2_v1/mvlrs_v1/main/6331559613336179781/00020.mp4,143,151,3.6795685291290283,0.991574105810223
55,6,/home/nabizadz/Projects/Mahsa/datasets/lrs2/lrs2_v1/mvlrs_v1/main/6334934169140712754/00082.mp4,116,124,3.64302921295166,0.9892668089875671
55,7,/home/nabizadz/Projects/Mahsa/datasets/lrs2/lrs2_v1/mvlrs_v1/main/6354988230439182363/00181.mp4,114,122,3.441303253173828,0.9632513242629576
56,0,/home/nabizadz/Projects/Mahsa/datasets/lrs2/lrs2_v1/mvlrs_v1/main/6354988230439182363/00182.mp4,0,8,4.393352508544922,0.9999871301248404
56,1,/home/nabizadz/Projects/Mahsa/datasets/lrs2/lrs2_v1/mvlrs_v1/main/6355115790967873574/00006.mp4,187,195,3.933014392852783,0.9776743562680055
56,2,/home/nabizadz/Projects/Mahsa/datasets/lrs2/lrs2_v1/mvlrs_v1/main/6355115790967873574/00012.mp4,32,40,3.1619975566864014,0.9864364705547831
56,3,/home/nabizadz/Projects/Mahsa/datasets/lrs2/lrs2_v1/mvlrs_v1/main/6355115790967873574/00029.mp4,80,88,3.807760238647461,0.9830345925570199
56,4,/home/nabizadz/Projects/Mahsa/datasets/lrs2/lrs2_v1/mvlrs_v1/main/6355115790967873574/00035.mp4,89,97,3.5457253456115723,0.9974009966389079
56,5,/home/nabizadz/Projects/Mahsa/datasets/lrs2/lrs2_v1/mvlrs_v1/main/6355193100379206640/00008.mp4,34,42,3.2388885021209717,0.9703561868661602
56,6,/home/nabizadz/Projects/Mahsa/datasets/lrs2/lrs2_v1/mvlrs_v1/main/6355414720691614656/00013.mp4,282,290,4.643888473510742,0.9999999999999996
56,7,/home/nabizadz/Projects/Mahsa/datasets/lrs2/lrs2_v1/mvlrs_v1/main/6355459817848285433/00004.mp4,159,167,3.6114108562469482,0.9859819703064152
57,0,/home/nabizadz/Projects/Mahsa/datasets/lrs2/lrs2_v1/mvlrs_v1/main/6355459817848285433/00007.mp4,95,103,3.4798665046691895,0.9926091893764853
57,1,/home/nabizadz/Projects/Mahsa/datasets/lrs2/lrs2_v1/mvlrs_v1/main/6335003747610845928/00004.mp4,195,203,4.031538486480713,0.9986741020924621
57,2,/home/nabizadz/Projects/Mahsa/datasets/lrs2/lrs2_v1/mvlrs_v1/main/6355544858200683461/00002.mp4,278,286,4.643888473510742,0.9999999999999996
57,3,/home/nabizadz/Projects/Mahsa/datasets/lrs2/lrs2_v1/mvlrs_v1/main/6355556454612448247/00010.mp4,182,190,3.977451801300049,0.9820949112731527
57,4,/home/nabizadz/Projects/Mahsa/datasets/lrs2/lrs2_v1/mvlrs_v1/main/6355556454612448247/00016.mp4,101,109,3.7735843658447266,0.9701475861216107
57,5,/home/nabizadz/Projects/Mahsa/datasets/lrs2/lrs2_v1/mvlrs_v1/main/6355556454612448247/00018.mp4,5,13,4.29044771194458,0.9967083319423409
57,6,/home/nabizadz/Projects/Mahsa/datasets/lrs2/lrs2_v1/mvlrs_v1/main/6355568051024147448/00003.mp4,188,196,3.642589569091797,0.9920957579023953
57,7,/home/nabizadz/Projects/Mahsa/datasets/lrs2/lrs2_v1/mvlrs_v1/main/6355568051024147448/00012.mp4,268,276,4.643888473510742,0.9999999999999997
58,0,/home/nabizadz/Projects/Mahsa/datasets/lrs2/lrs2_v1/mvlrs_v1/main/6355568051024147448/00016.mp4,30,38,3.6061978340148926,0.9882235648122278
58,1,/home/nabizadz/Projects/Mahsa/datasets/lrs2/lrs2_v1/mvlrs_v1/main/6355788382846429521/00004.mp4,75,83,3.2517147064208984,0.9854461986723521
58,2,/home/nabizadz/Projects/Mahsa/datasets/lrs2/lrs2_v1/mvlrs_v1/main/6355788382846429521/00005.mp4,191,199,4.643888473510742,1.0
58,3,/home/nabizadz/Projects/Mahsa/datasets/lrs2/lrs2_v1/mvlrs_v1/main/6355788382846429521/00010.mp4,63,71,3.6842827796936035,0.9835868778387922
58,4,/home/nabizadz/Projects/Mahsa/datasets/lrs2/lrs2_v1/mvlrs_v1/main/6335003747610845928/00009.mp4,174,182,3.971008539199829,0.9961500973563193
58,5,/home/nabizadz/Projects/Mahsa/datasets/lrs2/lrs2_v1/mvlrs_v1/main/6355830903022659925/00014.mp4,114,122,3.75907826423645,0.9445570420646525
58,6,/home/nabizadz/Projects/Mahsa/datasets/lrs2/lrs2_v1/mvlrs_v1/main/6355861826787125225/00006.mp4,211,219,3.5947418212890625,0.9788428586694404
58,7,/home/nabizadz/Projects/Mahsa/datasets/lrs2/lrs2_v1/mvlrs_v1/main/6355861826787125225/00010.mp4,178,186,4.643888473510742,0.9999999999999999
59,0,/home/nabizadz/Projects/Mahsa/datasets/lrs2/lrs2_v1/mvlrs_v1/main/6355861826787125225/00011.mp4,63,71,3.3881099224090576,0.9482385189902667
59,1,/home/nabizadz/Projects/Mahsa/datasets/lrs2/lrs2_v1/mvlrs_v1/main/6355861826787125225/00019.mp4,206,214,3.554572105407715,0.9890348829636487
59,2,/home/nabizadz/Projects/Mahsa/datasets/lrs2/lrs2_v1/mvlrs_v1/main/6355861826787125225/00037.mp4,6,14,3.6594972610473633,0.9803152919291462
59,3,/home/nabizadz/Projects/Mahsa/datasets/lrs2/lrs2_v1/mvlrs_v1/main/6356201988197034394/00007.mp4,200,208,4.643888473510742,0.9999999999999998
59,4,/home/nabizadz/Projects/Mahsa/datasets/lrs2/lrs2_v1/mvlrs_v1/main/6356201988197034394/00018.mp4,180,188,4.643888473510742,0.9999999999999999
59,5,/home/nabizadz/Projects/Mahsa/datasets/lrs2/lrs2_v1/mvlrs_v1/main/6356201988197034394/00026.mp4,226,234,4.643888473510742,0.9999999999999997
59,6,/home/nabizadz/Projects/Mahsa/datasets/lrs2/lrs2_v1/mvlrs_v1/main/6356201988197034394/00031.mp4,168,176,3.9613265991210938,0.9998529438298325
59,7,/home/nabizadz/Projects/Mahsa/datasets/lrs2/lrs2_v1/mvlrs_v1/main/6335003747610845928/00022.mp4,238,246,4.643888473510742,1.0
60,0,/home/nabizadz/Projects/Mahsa/datasets/lrs2/lrs2_v1/mvlrs_v1/main/6356201988197034394/00034.mp4,140,148,4.136953830718994,0.9999999999999996
60,1,/home/nabizadz/Projects/Mahsa/datasets/lrs2/lrs2_v1/mvlrs_v1/main/6356201988197034394/00044.mp4,60,68,2.9524219036102295,0.954123273910475
60,2,/home/nabizadz/Projects/Mahsa/datasets/lrs2/lrs2_v1/mvlrs_v1/main/6356232911961499649/00017.mp4,283,291,4.643888473510742,0.9999999999999996
60,3,/home/nabizadz/Projects/Mahsa/datasets/lrs2/lrs2_v1/mvlrs_v1/main/6356232911961499649/00026.mp4,167,175,4.643888473510742,1.0
60,4,/home/nabizadz/Projects/Mahsa/datasets/lrs2/lrs2_v1/mvlrs_v1/main/6356530553195113872/00001.mp4,178,186,4.643888473510742,0.9999999999999998
60,5,/home/nabizadz/Projects/Mahsa/datasets/lrs2/lrs2_v1/mvlrs_v1/main/6356530553195178439/00012.mp4,134,142,3.255058765411377,0.9999926880863484
60,6,/home/nabizadz/Projects/Mahsa/datasets/lrs2/lrs2_v1/mvlrs_v1/main/6356530553195178439/00014.mp4,247,255,4.643888473510742,1.0
60,7,/home/nabizadz/Projects/Mahsa/datasets/lrs2/lrs2_v1/mvlrs_v1/main/6356573073371408843/00023.mp4,216,224,4.643888473510742,0.9999999999999998
61,0,/home/nabizadz/Projects/Mahsa/datasets/lrs2/lrs2_v1/mvlrs_v1/main/6356573073371408843/00033.mp4,184,192,4.643888473510742,0.9999999999999994
61,1,/home/nabizadz/Projects/Mahsa/datasets/lrs2/lrs2_v1/mvlrs_v1/main/6356573073371408843/00041.mp4,148,156,4.2378458976745605,0.9999999999999998
61,2,/home/nabizadz/Projects/Mahsa/datasets/lrs2/lrs2_v1/mvlrs_v1/main/6335003747610845928/00045.mp4,122,130,2.974503517150879,0.9862103484173476
61,3,/home/nabizadz/Projects/Mahsa/datasets/lrs2/lrs2_v1/mvlrs_v1/main/6356573073371408843/00045.mp4,117,125,4.148652076721191,0.9761130413961427
61,4,/home/nabizadz/Projects/Mahsa/datasets/lrs2/lrs2_v1/mvlrs_v1/main/6356603997135874072/00027.mp4,119,127,3.0285122394561768,0.9997964607420345
61,5,/home/nabizadz/Projects/Mahsa/datasets/lrs2/lrs2_v1/mvlrs_v1/main/6356619459018205648/00002.mp4,222,230,4.643888473510742,0.9999999999999999
61,6,/home/nabizadz/Projects/Mahsa/datasets/lrs2/lrs2_v1/mvlrs_v1/main/6356619459018205648/00015.mp4,276,284,4.056944370269775,0.9957191577484432
61,7,/home/nabizadz/Projects/Mahsa/datasets/lrs2/lrs2_v1/mvlrs_v1/main/6356878445546153116/00001.mp4,158,166,4.643888473510742,0.9999999999999998
62,0,/home/nabizadz/Projects/Mahsa/datasets/lrs2/lrs2_v1/mvlrs_v1/main/6356878445546153116/00004.mp4,101,109,3.8301963806152344,0.990459666476599
62,1,/home/nabizadz/Projects/Mahsa/datasets/lrs2/lrs2_v1/mvlrs_v1/main/6356878445546153116/00008.mp4,275,283,4.643888473510742,0.9999999999999998
62,2,/home/nabizadz/Projects/Mahsa/datasets/lrs2/lrs2_v1/mvlrs_v1/main/6356878445546153116/00011.mp4,249,257,3.74342942237854,0.9649815445349493
62,3,/home/nabizadz/Projects/Mahsa/datasets/lrs2/lrs2_v1/mvlrs_v1/main/6356878445546153116/00012.mp4,167,175,4.643888473510742,1.0
62,4,/home/nabizadz/Projects/Mahsa/datasets/lrs2/lrs2_v1/mvlrs_v1/main/6356901638369488289/00018.mp4,163,171,4.643888473510742,0.9999999999999998
62,5,/home/nabizadz/Projects/Mahsa/datasets/lrs2/lrs2_v1/mvlrs_v1/main/6335305254315087182/00011.mp4,2,10,3.949037551879883,0.9985244739256702
62,6,/home/nabizadz/Projects/Mahsa/datasets/lrs2/lrs2_v1/mvlrs_v1/main/6356998275133646895/00004.mp4,235,243,4.643888473510742,0.9999999999999999
62,7,/home/nabizadz/Projects/Mahsa/datasets/lrs2/lrs2_v1/mvlrs_v1/main/6356998275133646895/00005.mp4,2,10,4.377384662628174,0.9999932347551196
63,0,/home/nabizadz/Projects/Mahsa/datasets/lrs2/lrs2_v1/mvlrs_v1/main/6357006006074844331/00003.mp4,274,282,4.643888473510742,0.9999999999999997
63,1,/home/nabizadz/Projects/Mahsa/datasets/lrs2/lrs2_v1/mvlrs_v1/main/6357006006074844331/00008.mp4,196,204,4.643888473510742,0.9999999999999999
63,2,/home/nabizadz/Projects/Mahsa/datasets/lrs2/lrs2_v1/mvlrs_v1/main/6357006006074844331/00011.mp4,145,153,4.220085620880127,0.999999999999999
63,3,/home/nabizadz/Projects/Mahsa/datasets/lrs2/lrs2_v1/mvlrs_v1/main/6357006006074844331/00013.mp4,213,221,4.643888473510742,0.9999999999999998
63,4,/home/nabizadz/Projects/Mahsa/datasets/lrs2/lrs2_v1/mvlrs_v1/main/6357006006074844331/00015.mp4,144,152,2.7343950271606445,0.9974789877223798
63,5,/home/nabizadz/Projects/Mahsa/datasets/lrs2/lrs2_v1/mvlrs_v1/main/6357353898425821669/00007.mp4,190,198,4.643888473510742,0.9999999999999997
63,6,/home/nabizadz/Projects/Mahsa/datasets/lrs2/lrs2_v1/mvlrs_v1/main/6357353898425821669/00020.mp4,281,289,4.643888473510742,0.9999999999999998
63,7,/home/nabizadz/Projects/Mahsa/datasets/lrs2/lrs2_v1/mvlrs_v1/main/6357353898425821669/00021.mp4,120,128,2.761153221130371,0.9948589078331362
64,0,/home/nabizadz/Projects/Mahsa/datasets/lrs2/lrs2_v1/mvlrs_v1/main/6335305254315087182/00012.mp4,145,153,3.6847455501556396,0.9842674047921922
64,1,/home/nabizadz/Projects/Mahsa/datasets/lrs2/lrs2_v1/mvlrs_v1/main/6357353898425821669/00030.mp4,63,71,3.2674853801727295,0.9780482228590757
64,2,/home/nabizadz/Projects/Mahsa/datasets/lrs2/lrs2_v1/mvlrs_v1/main/6357353898425821669/00040.mp4,6,14,3.7981996536254883,0.9863851610421642
64,3,/home/nabizadz/Projects/Mahsa/datasets/lrs2/lrs2_v1/mvlrs_v1/main/6357353898425821669/00042.mp4,79,87,3.4507689476013184,0.9571505633502342
64,4,/home/nabizadz/Projects/Mahsa/datasets/lrs2/lrs2_v1/mvlrs_v1/main/6357353898425821669/00043.mp4,36,44,3.6945204734802246,0.9767427460977925
64,5,/home/nabizadz/Projects/Mahsa/datasets/lrs2/lrs2_v1/mvlrs_v1/main/6357701790776745251/00005.mp4,77,85,4.009789943695068,0.9948449068110592
64,6,/home/nabizadz/Projects/Mahsa/datasets/lrs2/lrs2_v1/mvlrs_v1/main/6357701790776745251/00011.mp4,144,152,3.5969061851501465,0.9990421810644331
64,7,/home/nabizadz/Projects/Mahsa/datasets/lrs2/lrs2_v1/mvlrs_v1/main/6357701790776745251/00013.mp4,192,200,4.643888473510742,0.9999999999999999
65,0,/home/nabizadz/Projects/Mahsa/datasets/lrs2/lrs2_v1/mvlrs_v1/main/6357701790776745251/00016.mp4,64,72,3.382561683654785,0.9908947414248662
65,1,/home/nabizadz/Projects/Mahsa/datasets/lrs2/lrs2_v1/mvlrs_v1/main/6357701790776745251/00017.mp4,197,205,4.643888473510742,0.9999999999999997
65,2,/home/nabizadz/Projects/Mahsa/datasets/lrs2/lrs2_v1/mvlrs_v1/main/6357701790776745251/00021.mp4,221,229,4.643888473510742,0.9999999999999999
65,3,/home/nabizadz/Projects/Mahsa/datasets/lrs2/lrs2_v1/mvlrs_v1/main/6335305254315087182/00014.mp4,92,100,3.8295905590057373,0.9884326631337361
65,4,/home/nabizadz/Projects/Mahsa/datasets/lrs2/lrs2_v1/mvlrs_v1/main/6357714675678689620/00002.mp4,2,10,4.314955234527588,0.996609092860436
65,5,/home/nabizadz/Projects/Mahsa/datasets/lrs2/lrs2_v1/mvlrs_v1/main/6357714675678689620/00010.mp4,32,40,3.2463440895080566,0.9862335875866881
65,6,/home/nabizadz/Projects/Mahsa/datasets/lrs2/lrs2_v1/mvlrs_v1/main/6357714675678689620/00025.mp4,68,76,4.225977897644043,0.9974862891421555
65,7,/home/nabizadz/Projects/Mahsa/datasets/lrs2/lrs2_v1/mvlrs_v1/main/6357714675678689620/00029.mp4,52,60,3.4011387825012207,0.9743425174721755
66,0,/home/nabizadz/Projects/Mahsa/datasets/lrs2/lrs2_v1/mvlrs_v1/main/6357714675678689620/00030.mp4,6,14,4.103879451751709,0.9975541651271334
66,1,/home/nabizadz/Projects/Mahsa/datasets/lrs2/lrs2_v1/mvlrs_v1/main/6357798427540961623/00008.mp4,134,142,3.624628782272339,0.9861985013565193
66,2,/home/nabizadz/Projects/Mahsa/datasets/lrs2/lrs2_v1/mvlrs_v1/main/6357798427540961623/00014.mp4,191,199,4.643888473510742,0.9999999999999998
66,3,/home/nabizadz/Projects/Mahsa/datasets/lrs2/lrs2_v1/mvlrs_v1/main/6357798427540961623/00015.mp4,51,59,3.005155324935913,0.9950952677613866
66,4,/home/nabizadz/Projects/Mahsa/datasets/lrs2/lrs2_v1/mvlrs_v1/main/6358014893892677091/00008.mp4,114,122,3.7019989490509033,0.9885768836569626
66,5,/home/nabizadz/Projects/Mahsa/datasets/lrs2/lrs2_v1/mvlrs_v1/main/6358057414068907495/00002.mp4,148,156,4.223191261291504,0.9999999999999998
66,6,/home/nabizadz/Projects/Mahsa/datasets/lrs2/lrs2_v1/mvlrs_v1/main/6335305254315087182/00017.mp4,279,287,4.643888473510742,0.9999999999999998
66,7,/home/nabizadz/Projects/Mahsa/datasets/lrs2/lrs2_v1/mvlrs_v1/main/6358057414068907495/00013.mp4,31,39,3.6478397846221924,0.9863601836574212
67,0,/home/nabizadz/Projects/Mahsa/datasets/lrs2/lrs2_v1/mvlrs_v1/main/6358088337833374405/00011.mp4,123,131,4.001543998718262,0.9958515119614755
67,1,/home/nabizadz/Projects/Mahsa/datasets/lrs2/lrs2_v1/mvlrs_v1/main/6358088337833374405/00015.mp4,143,151,3.9696953296661377,0.9996775514347965
67,2,/home/nabizadz/Projects/Mahsa/datasets/lrs2/lrs2_v1/mvlrs_v1/main/6358111530656837102/00002.mp4,211,219,4.643888473510742,0.9999999999999997
67,3,/home/nabizadz/Projects/Mahsa/datasets/lrs2/lrs2_v1/mvlrs_v1/main/6358428499243281970/00022.mp4,81,89,3.0063233375549316,0.9790505526457053
67,4,/home/nabizadz/Projects/Mahsa/datasets/lrs2/lrs2_v1/mvlrs_v1/main/6358428499243281970/00024.mp4,56,64,4.142099380493164,0.9962540899795275
67,5,/home/nabizadz/Projects/Mahsa/datasets/lrs2/lrs2_v1/mvlrs_v1/main/6358428499243281970/00026.mp4,282,290,4.643888473510742,0.9999999999999996
67,6,/home/nabizadz/Projects/Mahsa/datasets/lrs2/lrs2_v1/mvlrs_v1/main/6358428499243281970/00028.mp4,6,14,4.015206336975098,0.99500531499556
67,7,/home/nabizadz/Projects/Mahsa/datasets/lrs2/lrs2_v1/mvlrs_v1/main/6358428499243281970/00032.mp4,287,295,4.643888473510742,0.9999999999999998
68,0,/home/nabizadz/Projects/Mahsa/datasets/lrs2/lrs2_v1/mvlrs_v1/main/6358459423007748830/00001.mp4,190,198,4.643888473510742,0.9999999999999997
68,1,/home/nabizadz/Projects/Mahsa/datasets/lrs2/lrs2_v1/mvlrs_v1/main/6335305254315087182/00028.mp4,80,88,3.5401997566223145,0.981834659212963
68,2,/home/nabizadz/Projects/Mahsa/datasets/lrs2/lrs2_v1/mvlrs_v1/main/6358474884890078775/00004.mp4,199,207,4.643888473510742,0.9999999999999999
68,3,/home/nabizadz/Projects/Mahsa/datasets/lrs2/lrs2_v1/mvlrs_v1/main/6358474884890078775/00013.mp4,44,52,3.1319220066070557,0.9763078041680782
68,4,/home/nabizadz/Projects/Mahsa/datasets/lrs2/lrs2_v1/mvlrs_v1/main/6358757064241425994/00003.mp4,54,62,3.3864657878875732,0.972836592427507
68,5,/home/nabizadz/Projects/Mahsa/datasets/lrs2/lrs2_v1/mvlrs_v1/main/6358830508182123252/00005.mp4,265,273,4.643888473510742,0.9999999999999998
68,6,/home/nabizadz/Projects/Mahsa/datasets/lrs2/lrs2_v1/mvlrs_v1/main/6358830508182123252/00017.mp4,202,210,4.643888473510742,1.0
68,7,/home/nabizadz/Projects/Mahsa/datasets/lrs2/lrs2_v1/mvlrs_v1/main/6358830508182123252/00029.mp4,144,152,4.209933757781982,0.9999999999999999
69,0,/home/nabizadz/Projects/Mahsa/datasets/lrs2/lrs2_v1/mvlrs_v1/main/6359128149415800422/00006.mp4,292,300,4.643888473510742,1.0
69,1,/home/nabizadz/Projects/Mahsa/datasets/lrs2/lrs2_v1/mvlrs_v1/main/6359201593356497677/00023.mp4,38,46,2.5845119953155518,0.9915056994685707
69,2,/home/nabizadz/Projects/Mahsa/datasets/lrs2/lrs2_v1/mvlrs_v1/main/6359499234590174850/00009.mp4,123,131,4.172878742218018,1.0
69,3,/home/nabizadz/Projects/Mahsa/datasets/lrs2/lrs2_v1/mvlrs_v1/main/6359541754766405254/00018.mp4,4,12,3.984382390975952,0.9970589777269016
69,4,/home/nabizadz/Projects/Mahsa/datasets/lrs2/lrs2_v1/mvlrs_v1/main/6331559613336179781/00021.mp4,83,91,4.035853385925293,0.9798785170776249
69,5,/home/nabizadz/Projects/Mahsa/datasets/lrs2/lrs2_v1/mvlrs_v1/main/6335305254315087182/00032.mp4,268,276,3.788749933242798,0.9970960101255038
69,6,/home/nabizadz/Projects/Mahsa/datasets/lrs2/lrs2_v1/mvlrs_v1/main/6359541754766405254/00020.mp4,137,145,4.149186134338379,0.9999999999999996
69,7,/home/nabizadz/Projects/Mahsa/datasets/lrs2/lrs2_v1/mvlrs_v1/main/6359564947589739760/00035.mp4,66,74,4.09967565536499,0.9982461017230264
70,0,/home/nabizadz/Projects/Mahsa/datasets/lrs2/lrs2_v1/mvlrs_v1/main/6359564947589739760/00043.mp4,60,68,2.4323012828826904,0.9459993050005621
70,1,/home/nabizadz/Projects/Mahsa/datasets/lrs2/lrs2_v1/mvlrs_v1/main/6359580409472005362/00001.mp4,107,115,4.003530025482178,0.9966130527449041
70,2,/home/nabizadz/Projects/Mahsa/datasets/lrs2/lrs2_v1/mvlrs_v1/main/6359580409472005362/00002.mp4,46,54,3.8369386196136475,0.9845151257855285
70,3,/home/nabizadz/Projects/Mahsa/datasets/lrs2/lrs2_v1/mvlrs_v1/main/6359580409472005362/00006.mp4,113,121,4.2488298416137695,1.0
70,4,/home/nabizadz/Projects/Mahsa/datasets/lrs2/lrs2_v1/mvlrs_v1/main/6359580409472005362/00011.mp4,141,149,4.151745796203613,0.9999999999999999
70,5,/home/nabizadz/Projects/Mahsa/datasets/lrs2/lrs2_v1/mvlrs_v1/main/6359588140413215496/00004.mp4,19,27,3.1194169521331787,0.9604260690545934
70,6,/home/nabizadz/Projects/Mahsa/datasets/lrs2/lrs2_v1/mvlrs_v1/main/6359603602295467662/00003.mp4,49,57,2.2206859588623047,0.9717419684754136
70,7,/home/nabizadz/Projects/Mahsa/datasets/lrs2/lrs2_v1/mvlrs_v1/main/6359603602295467662/00006.mp4,131,139,4.225591659545898,1.0
71,0,/home/nabizadz/Projects/Mahsa/datasets/lrs2/lrs2_v1/mvlrs_v1/main/6335305254315087182/00035.mp4,138,146,3.9468774795532227,0.9997976866473814
71,1,/home/nabizadz/Projects/Mahsa/datasets/lrs2/lrs2_v1/mvlrs_v1/main/6359603602295467662/00012.mp4,12,20,3.1386871337890625,0.9607681867325363
71,2,/home/nabizadz/Projects/Mahsa/datasets/lrs2/lrs2_v1/mvlrs_v1/main/6359951494646443684/00007.mp4,62,70,3.3201797008514404,0.9801586182936417
71,3,/home/nabizadz/Projects/Mahsa/datasets/lrs2/lrs2_v1/mvlrs_v1/main/6359982418410974886/00001.mp4,70,78,2.739457845687866,0.9209471168238919
71,4,/home/nabizadz/Projects/Mahsa/datasets/lrs2/lrs2_v1/mvlrs_v1/main/6359982418410974886/00003.mp4,123,131,3.5428335666656494,0.9634461836847211
71,5,/home/nabizadz/Projects/Mahsa/datasets/lrs2/lrs2_v1/mvlrs_v1/main/6360322579951237696/00001.mp4,149,157,4.298650741577148,1.0
71,6,/home/nabizadz/Projects/Mahsa/datasets/lrs2/lrs2_v1/mvlrs_v1/main/6360322579951237696/00002.mp4,178,186,4.643888473510742,0.9999999999999999
71,7,/home/nabizadz/Projects/Mahsa/datasets/lrs2/lrs2_v1/mvlrs_v1/main/6360322579951237696/00023.mp4,23,31,3.3399455547332764,0.987768970109427
72,0,/home/nabizadz/Projects/Mahsa/datasets/lrs2/lrs2_v1/mvlrs_v1/main/6360322579951237696/00025.mp4,204,212,4.643888473510742,0.9999999999999997
72,1,/home/nabizadz/Projects/Mahsa/datasets/lrs2/lrs2_v1/mvlrs_v1/main/6360322579951237696/00027.mp4,1,9,4.2680158615112305,0.999488516559778
72,2,/home/nabizadz/Projects/Mahsa/datasets/lrs2/lrs2_v1/mvlrs_v1/main/6360327733781577947/00015.mp4,222,230,4.643888473510742,0.9999999999999999
72,3,/home/nabizadz/Projects/Mahsa/datasets/lrs2/lrs2_v1/mvlrs_v1/main/6335305254315087182/00036.mp4,243,251,3.990098714828491,0.9963119947062602
72,4,/home/nabizadz/Projects/Mahsa/datasets/lrs2/lrs2_v1/mvlrs_v1/main/6360322579951237696/00004.mp4,279,287,4.125311851501465,0.998285271081661
72,5,/home/nabizadz/Projects/Mahsa/datasets/lrs2/lrs2_v1/mvlrs_v1/main/6360322579951237696/00006.mp4,255,263,3.9490697383880615,0.9975527866898307
72,6,/home/nabizadz/Projects/Mahsa/datasets/lrs2/lrs2_v1/mvlrs_v1/main/6360322579951237696/00016.mp4,81,89,3.819929599761963,0.9944901344064503
72,7,/home/nabizadz/Projects/Mahsa/datasets/lrs2/lrs2_v1/mvlrs_v1/main/6360322579951237696/00017.mp4,51,59,3.7751624584198,0.9862462008035944
73,0,/home/nabizadz/Projects/Mahsa/datasets/lrs2/lrs2_v1/mvlrs_v1/main/6360393446781206759/00013.mp4,10,18,3.2507822513580322,0.9893282162180529
73,1,/home/nabizadz/Projects/Mahsa/datasets/lrs2/lrs2_v1/mvlrs_v1/main/6360393446781206759/00015.mp4,276,284,4.643888473510742,0.9999999999999997
73,2,/home/nabizadz/Projects/Mahsa/datasets/lrs2/lrs2_v1/mvlrs_v1/main/6360393446781206759/00017.mp4,144,152,4.117147445678711,1.0
73,3,/home/nabizadz/Projects/Mahsa/datasets/lrs2/lrs2_v1/mvlrs_v1/main/6360612490113299870/00013.mp4,9,17,3.8938329219818115,0.9865777899781771
73,4,/home/nabizadz/Projects/Mahsa/datasets/lrs2/lrs2_v1/mvlrs_v1/main/6360327733781577947/00016.mp4,209,217,4.643888473510742,0.9999999999999997
73,5,/home/nabizadz/Projects/Mahsa/datasets/lrs2/lrs2_v1/mvlrs_v1/main/6360327733781577947/00020.mp4,280,288,4.643888473510742,1.0
73,6,/home/nabizadz/Projects/Mahsa/datasets/lrs2/lrs2_v1/mvlrs_v1/main/6335305254315087182/00057.mp4,18,26,3.9139909744262695,0.9939106466173747
73,7,/home/nabizadz/Projects/Mahsa/datasets/lrs2/lrs2_v1/mvlrs_v1/main/6360393446781206759/00004.mp4,16,24,3.6826159954071045,0.9957810809513719
74,0,/home/nabizadz/Projects/Mahsa/datasets/lrs2/lrs2_v1/mvlrs_v1/main/6360393446781206759/00011.mp4,185,193,3.651094913482666,0.9998795121280909
74,1,/home/nabizadz/Projects/Mahsa/datasets/lrs2/lrs2_v1/mvlrs_v1/main/6360612490113299870/00017.mp4,56,64,3.742149829864502,0.987420404420418
74,2,/home/nabizadz/Projects/Mahsa/datasets/lrs2/lrs2_v1/mvlrs_v1/main/6360685934053997353/00007.mp4,0,8,3.970521926879883,0.9957817166531032
74,3,/home/nabizadz/Projects/Mahsa/datasets/lrs2/lrs2_v1/mvlrs_v1/main/6360709126877459881/00008.mp4,158,166,4.643888473510742,0.9999999999999999
74,4,/home/nabizadz/Projects/Mahsa/datasets/lrs2/lrs2_v1/mvlrs_v1/main/6360709126877459881/00010.mp4,173,181,4.643888473510742,1.0
74,5,/home/nabizadz/Projects/Mahsa/datasets/lrs2/lrs2_v1/mvlrs_v1/main/6360709126877459881/00011.mp4,72,80,3.5729215145111084,0.9916065545276518
74,6,/home/nabizadz/Projects/Mahsa/datasets/lrs2/lrs2_v1/mvlrs_v1/main/6360740050641926958/00002.mp4,176,184,4.643888473510742,0.9999999999999998
74,7,/home/nabizadz/Projects/Mahsa/datasets/lrs2/lrs2_v1/mvlrs_v1/main/6360740050641926958/00004.mp4,230,238,4.643888473510742,0.9999999999999996
75,0,/home/nabizadz/Projects/Mahsa/datasets/lrs2/lrs2_v1/mvlrs_v1/main/6360983575287674299/00011.mp4,78,86,2.9130964279174805,0.9786168685441049
75,1,/home/nabizadz/Projects/Mahsa/datasets/lrs2/lrs2_v1/mvlrs_v1/main/6335305254315087182/00058.mp4,32,40,2.4737513065338135,0.9478467933339944
75,2,/home/nabizadz/Projects/Mahsa/datasets/lrs2/lrs2_v1/mvlrs_v1/main/6361354660462048727/00006.mp4,292,300,4.643888473510742,0.9999999999999999
75,3,/home/nabizadz/Projects/Mahsa/datasets/lrs2/lrs2_v1/mvlrs_v1/main/6361354660462048727/00012.mp4,222,230,4.643888473510742,0.9999999999999997
75,4,/home/nabizadz/Projects/Mahsa/datasets/lrs2/lrs2_v1/mvlrs_v1/main/6361428104402746195/00007.mp4,92,100,3.513410806655884,0.9999999663154877
75,5,/home/nabizadz/Projects/Mahsa/datasets/lrs2/lrs2_v1/mvlrs_v1/main/6361725745636423155/00006.mp4,243,251,4.643888473510742,0.9999999999999998
75,6,/home/nabizadz/Projects/Mahsa/datasets/lrs2/lrs2_v1/mvlrs_v1/main/6361028672444286629/00005.mp4,244,252,4.213461875915527,0.9977749041457078
75,7,/home/nabizadz/Projects/Mahsa/datasets/lrs2/lrs2_v1/mvlrs_v1/main/6361028672444286629/00010.mp4,272,280,4.643888473510742,0.9999999999999996
76,0,/home/nabizadz/Projects/Mahsa/datasets/lrs2/lrs2_v1/mvlrs_v1/main/6361028672444286629/00023.mp4,55,63,3.5830273628234863,0.9759427350797187
76,1,/home/nabizadz/Projects/Mahsa/datasets/lrs2/lrs2_v1/mvlrs_v1/main/6361028672444286629/00026.mp4,119,127,2.9026505947113037,0.954563061801685
76,2,/home/nabizadz/Projects/Mahsa/datasets/lrs2/lrs2_v1/mvlrs_v1/main/6361725745636423155/00010.mp4,135,143,3.724064588546753,0.9821014659156087
76,3,/home/nabizadz/Projects/Mahsa/datasets/lrs2/lrs2_v1/mvlrs_v1/main/6361725745636423155/00012.mp4,160,168,3.607124090194702,0.9885450555967733
76,4,/home/nabizadz/Projects/Mahsa/datasets/lrs2/lrs2_v1/mvlrs_v1/main/6335676339489461610/00002.mp4,1,9,4.068560600280762,0.9949418112575602
76,5,/home/nabizadz/Projects/Mahsa/datasets/lrs2/lrs2_v1/mvlrs_v1/main/6361725745636423155/00013.mp4,266,274,4.643888473510742,1.0
76,6,/home/nabizadz/Projects/Mahsa/datasets/lrs2/lrs2_v1/mvlrs_v1/main/6361799189577120616/00001.mp4,37,45,3.82244873046875,0.9870993317516026
76,7,/home/nabizadz/Projects/Mahsa/datasets/lrs2/lrs2_v1/mvlrs_v1/main/6361799189577120616/00005.mp4,60,68,4.161835193634033,0.9933579314675813
77,0,/home/nabizadz/Projects/Mahsa/datasets/lrs2/lrs2_v1/mvlrs_v1/main/6361814651459450364/00025.mp4,186,194,4.643888473510742,0.9999999999999999
77,1,/home/nabizadz/Projects/Mahsa/datasets/lrs2/lrs2_v1/mvlrs_v1/main/6361822382531000645/00001.mp4,50,58,2.683195114135742,0.9141435543524611
77,2,/home/nabizadz/Projects/Mahsa/datasets/lrs2/lrs2_v1/mvlrs_v1/main/6361822382531000645/00004.mp4,245,253,4.643888473510742,0.9999999999999999
77,3,/home/nabizadz/Projects/Mahsa/datasets/lrs2/lrs2_v1/mvlrs_v1/main/6361822382531000645/00005.mp4,13,21,3.2440545558929443,0.9821730988326748
77,4,/home/nabizadz/Projects/Mahsa/datasets/lrs2/lrs2_v1/mvlrs_v1/main/6362096830810797583/00018.mp4,74,82,2.756861925125122,0.9489707307749413
77,5,/home/nabizadz/Projects/Mahsa/datasets/lrs2/lrs2_v1/mvlrs_v1/main/6362096830810797583/00021.mp4,96,104,2.6686818599700928,0.9708869804578033
77,6,/home/nabizadz/Projects/Mahsa/datasets/lrs2/lrs2_v1/mvlrs_v1/main/6362143216457594387/00003.mp4,175,183,4.643888473510742,0.9999999999999999
77,7,/home/nabizadz/Projects/Mahsa/datasets/lrs2/lrs2_v1/mvlrs_v1/main/6335676339489461610/00011.mp4,107,115,3.456645965576172,0.9866071551397044
78,0,/home/nabizadz/Projects/Mahsa/datasets/lrs2/lrs2_v1/mvlrs_v1/main/6362143216457594387/00008.mp4,214,222,4.643888473510742,0.9999999999999998
78,1,/home/nabizadz/Projects/Mahsa/datasets/lrs2/lrs2_v1/mvlrs_v1/main/6362143216457594387/00021.mp4,22,30,3.5624334812164307,0.9906660081761994
78,2,/home/nabizadz/Projects/Mahsa/datasets/lrs2/lrs2_v1/mvlrs_v1/main/6362143216457594387/00025.mp4,183,191,4.643888473510742,0.9999999999999998
78,3,/home/nabizadz/Projects/Mahsa/datasets/lrs2/lrs2_v1/mvlrs_v1/main/6362162543810362236/00006.mp4,136,144,3.056580066680908,0.9851515811992521
78,4,/home/nabizadz/Projects/Mahsa/datasets/lrs2/lrs2_v1/mvlrs_v1/main/6362193467574893437/00002.mp4,174,182,3.752614974975586,0.9838807840214594
78,5,/home/nabizadz/Projects/Mahsa/datasets/lrs2/lrs2_v1/mvlrs_v1/main/6362193467574893437/00007.mp4,151,159,4.290274620056152,0.9999999999999998
78,6,/home/nabizadz/Projects/Mahsa/datasets/lrs2/lrs2_v1/mvlrs_v1/main/6362460185044046481/00014.mp4,64,72,3.1030642986297607,0.9755485788794587
78,7,/home/nabizadz/Projects/Mahsa/datasets/lrs2/lrs2_v1/mvlrs_v1/main/6362460185044046481/00024.mp4,6,14,3.8207995891571045,0.9943165803539092
79,0,/home/nabizadz/Projects/Mahsa/datasets/lrs2/lrs2_v1/mvlrs_v1/main/6362162543810362236/00008.mp4,56,64,3.658951997756958,0.9708921066416469
79,1,/home/nabizadz/Projects/Mahsa/datasets/lrs2/lrs2_v1/mvlrs_v1/main/6362162543810362236/00034.mp4,242,250,4.643888473510742,0.9999999999999998
79,2,/home/nabizadz/Projects/Mahsa/datasets/lrs2/lrs2_v1/mvlrs_v1/main/6335676339489461610/00014.mp4,174,182,4.643888473510742,0.9999999999999999
79,3,/home/nabizadz/Projects/Mahsa/datasets/lrs2/lrs2_v1/mvlrs_v1/main/6362162543810362236/00046.mp4,161,169,3.827045440673828,0.9828967540775261
79,4,/home/nabizadz/Projects/Mahsa/datasets/lrs2/lrs2_v1/mvlrs_v1/main/6362162543810362236/00053.mp4,111,119,3.047020673751831,0.9452257151181083
79,5,/home/nabizadz/Projects/Mahsa/datasets/lrs2/lrs2_v1/mvlrs_v1/main/6362460185044046481/00028.mp4,160,168,3.848792552947998,0.9990006574643736
79,6,/home/nabizadz/Projects/Mahsa/datasets/lrs2/lrs2_v1/mvlrs_v1/main/6362546513886688816/00002.mp4,21,29,3.4099695682525635,0.9940030342164684
79,7,/home/nabizadz/Projects/Mahsa/datasets/lrs2/lrs2_v1/mvlrs_v1/main/6362546513886688816/00003.mp4,261,269,4.643888473510742,0.9999999999999999
80,0,/home/nabizadz/Projects/Mahsa/datasets/lrs2/lrs2_v1/mvlrs_v1/main/6362546513886688816/00004.mp4,186,194,4.643888473510742,0.9999999999999999
80,1,/home/nabizadz/Projects/Mahsa/datasets/lrs2/lrs2_v1/mvlrs_v1/main/6362546513886688816/00008.mp4,99,107,3.654660701751709,0.9575689256998611
80,2,/home/nabizadz/Projects/Mahsa/datasets/lrs2/lrs2_v1/mvlrs_v1/main/6362726902513062509/00003.mp4,75,83,3.133617401123047,0.9917572463500863
80,3,/home/nabizadz/Projects/Mahsa/datasets/lrs2/lrs2_v1/mvlrs_v1/main/6362726902513062509/00014.mp4,218,226,4.643888473510742,0.9999999999999998
80,4,/home/nabizadz/Projects/Mahsa/datasets/lrs2/lrs2_v1/mvlrs_v1/main/6362913733590438579/00001.mp4,36,44,3.1591715812683105,0.9731633911530139
80,5,/home/nabizadz/Projects/Mahsa/datasets/lrs2/lrs2_v1/mvlrs_v1/main/6335676339489461610/00030.mp4,56,64,3.7260031700134277,0.9784459668277683
80,6,/home/nabizadz/Projects/Mahsa/datasets/lrs2/lrs2_v1/mvlrs_v1/main/6362913733590438579/00002.mp4,92,100,3.7548749446868896,0.9813638519891668
80,7,/home/nabizadz/Projects/Mahsa/datasets/lrs2/lrs2_v1/mvlrs_v1/main/6362913733590438579/00010.mp4,6,14,3.8827712535858154,0.9992083884836843
81,0,/home/nabizadz/Projects/Mahsa/datasets/lrs2/lrs2_v1/mvlrs_v1/main/6362913733590438579/00044.mp4,291,299,4.643888473510742,0.9999999999999999
81,1,/home/nabizadz/Projects/Mahsa/datasets/lrs2/lrs2_v1/mvlrs_v1/main/6362913733590438579/00048.mp4,184,192,4.046298027038574,0.9992695725081545
81,2,/home/nabizadz/Projects/Mahsa/datasets/lrs2/lrs2_v1/mvlrs_v1/main/6362913733590438579/00051.mp4,250,258,4.643888473510742,0.9999999999999998
81,3,/home/nabizadz/Projects/Mahsa/datasets/lrs2/lrs2_v1/mvlrs_v1/main/6362913733590438579/00055.mp4,246,254,4.643888473510742,0.9999999999999998
81,4,/home/nabizadz/Projects/Mahsa/datasets/lrs2/lrs2_v1/mvlrs_v1/main/6362913733590438579/00057.mp4,90,98,3.439593553543091,0.9786867928691577
81,5,/home/nabizadz/Projects/Mahsa/datasets/lrs2/lrs2_v1/mvlrs_v1/main/6362913733590438579/00065.mp4,152,160,4.286357879638672,1.0
81,6,/home/nabizadz/Projects/Mahsa/datasets/lrs2/lrs2_v1/mvlrs_v1/main/6362913733590438579/00105.mp4,33,41,3.0382721424102783,0.94133977719848
81,7,/home/nabizadz/Projects/Mahsa/datasets/lrs2/lrs2_v1/mvlrs_v1/main/6362913733590438579/00107.mp4,285,293,4.643888473510742,0.9999999999999999
82,0,/home/nabizadz/Projects/Mahsa/datasets/lrs2/lrs2_v1/mvlrs_v1/main/6335676339489461610/00031.mp4,19,27,2.9749083518981934,0.983711324701268
82,1,/home/nabizadz/Projects/Mahsa/datasets/lrs2/lrs2_v1/mvlrs_v1/main/6362913733590438579/00110.mp4,226,234,4.643888473510742,0.9999999999999999
82,2,/home/nabizadz/Projects/Mahsa/datasets/lrs2/lrs2_v1/mvlrs_v1/main/6362913733590438579/00125.mp4,194,202,4.643888473510742,0.9999999999999998
82,3,/home/nabizadz/Projects/Mahsa/datasets/lrs2/lrs2_v1/mvlrs_v1/main/6362913733590438579/00078.mp4,196,204,3.9610793590545654,0.9850618047680658
82,4,/home/nabizadz/Projects/Mahsa/datasets/lrs2/lrs2_v1/mvlrs_v1/main/6362913733590438579/00082.mp4,84,92,3.971642255783081,0.9921275902994076
82,5,/home/nabizadz/Projects/Mahsa/datasets/lrs2/lrs2_v1/mvlrs_v1/main/6362913733590438579/00092.mp4,236,244,4.643888473510742,0.9999999999999999
82,6,/home/nabizadz/Projects/Mahsa/datasets/lrs2/lrs2_v1/mvlrs_v1/main/6362913733590438579/00099.mp4,247,255,4.643888473510742,0.9999999999999998
82,7,/home/nabizadz/Projects/Mahsa/datasets/lrs2/lrs2_v1/mvlrs_v1/main/6362913733590438579/00132.mp4,167,175,3.335482597351074,0.9877757319125776
83,0,/home/nabizadz/Projects/Mahsa/datasets/lrs2/lrs2_v1/mvlrs_v1/main/6362913733590438579/00134.mp4,29,37,2.9551243782043457,0.9955596865054116
83,1,/home/nabizadz/Projects/Mahsa/datasets/lrs2/lrs2_v1/mvlrs_v1/main/6362913733590438579/00138.mp4,126,134,3.5494096279144287,0.9752266832474359
83,2,/home/nabizadz/Projects/Mahsa/datasets/lrs2/lrs2_v1/mvlrs_v1/main/6362913733590438579/00142.mp4,28,36,2.834563970565796,0.9744687978527443
83,3,/home/nabizadz/Projects/Mahsa/datasets/lrs2/lrs2_v1/mvlrs_v1/main/6331559613336179781/00027.mp4,16,24,4.083048343658447,0.9945574357911875
83,4,/home/nabizadz/Projects/Mahsa/datasets/lrs2/lrs2_v1/mvlrs_v1/main/6335676339489461610/00038.mp4,25,33,2.9028820991516113,0.9635439507151691
83,5,/home/nabizadz/Projects/Mahsa/datasets/lrs2/lrs2_v1/mvlrs_v1/main/6362913733590438579/00145.mp4,99,107,2.910259246826172,0.9903972693844999
83,6,/home/nabizadz/Projects/Mahsa/datasets/lrs2/lrs2_v1/mvlrs_v1/main/6362913733590438579/00146.mp4,83,91,3.1984269618988037,0.9863795580853985
83,7,/home/nabizadz/Projects/Mahsa/datasets/lrs2/lrs2_v1/mvlrs_v1/main/6362913733590438579/00147.mp4,36,44,3.3272783756256104,0.9780730717366726
84,0,/home/nabizadz/Projects/Mahsa/datasets/lrs2/lrs2_v1/mvlrs_v1/main/6362913733590438579/00153.mp4,107,115,3.03177809715271,0.9884108542843817
84,1,/home/nabizadz/Projects/Mahsa/datasets/lrs2/lrs2_v1/mvlrs_v1/main/6362913733590438579/00185.mp4,233,241,4.643888473510742,0.9999999999999998
84,2,/home/nabizadz/Projects/Mahsa/datasets/lrs2/lrs2_v1/mvlrs_v1/main/6362913733590438579/00193.mp4,165,173,4.643888473510742,0.9999999999999998
84,3,/home/nabizadz/Projects/Mahsa/datasets/lrs2/lrs2_v1/mvlrs_v1/main/6362913733590438579/00196.mp4,93,101,3.7679522037506104,0.9900774368284203
84,4,/home/nabizadz/Projects/Mahsa/datasets/lrs2/lrs2_v1/mvlrs_v1/main/6362913733590438579/00199.mp4,147,155,4.240652561187744,0.9999999999999999
84,5,/home/nabizadz/Projects/Mahsa/datasets/lrs2/lrs2_v1/mvlrs_v1/main/6362913733590438579/00156.mp4,8,16,4.329619884490967,0.9922232725933448
84,6,/home/nabizadz/Projects/Mahsa/datasets/lrs2/lrs2_v1/mvlrs_v1/main/6362913733590438579/00158.mp4,170,178,3.4060704708099365,0.9851446417778811
84,7,/home/nabizadz/Projects/Mahsa/datasets/lrs2/lrs2_v1/mvlrs_v1/main/6335676339489461610/00042.mp4,176,184,4.643888473510742,0.9999999999999998
85,0,/home/nabizadz/Projects/Mahsa/datasets/lrs2/lrs2_v1/mvlrs_v1/main/6362913733590438579/00172.mp4,112,120,2.652846336364746,0.9859320789887216
85,1,/home/nabizadz/Projects/Mahsa/datasets/lrs2/lrs2_v1/mvlrs_v1/main/6362913733590438579/00174.mp4,232,240,4.643888473510742,0.9999999999999999
85,2,/home/nabizadz/Projects/Mahsa/datasets/lrs2/lrs2_v1/mvlrs_v1/main/6362913733590438579/00204.mp4,30,38,3.540172815322876,0.9906527150675662
85,3,/home/nabizadz/Projects/Mahsa/datasets/lrs2/lrs2_v1/mvlrs_v1/main/6362913733590438579/00207.mp4,58,66,3.7048823833465576,0.9923509142513834
85,4,/home/nabizadz/Projects/Mahsa/datasets/lrs2/lrs2_v1/mvlrs_v1/main/6362913733590438579/00213.mp4,235,243,4.643888473510742,0.9999999999999999
85,5,/home/nabizadz/Projects/Mahsa/datasets/lrs2/lrs2_v1/mvlrs_v1/main/6362913733590438579/00221.mp4,156,164,4.643888473510742,0.9999999999999999
85,6,/home/nabizadz/Projects/Mahsa/datasets/lrs2/lrs2_v1/mvlrs_v1/main/6362913733590438579/00224.mp4,195,203,4.643888473510742,0.9999999999999999
85,7,/home/nabizadz/Projects/Mahsa/datasets/lrs2/lrs2_v1/mvlrs_v1/main/6362925330002196038/00013.mp4,121,129,3.8592448234558105,0.9750408661732984
86,0,/home/nabizadz/Projects/Mahsa/datasets/lrs2/lrs2_v1/mvlrs_v1/main/6362925330002196038/00014.mp4,193,201,4.643888473510742,0.9999999999999997
86,1,/home/nabizadz/Projects/Mahsa/datasets/lrs2/lrs2_v1/mvlrs_v1/main/6362925330002196038/00021.mp4,214,222,4.643888473510742,1.0
86,2,/home/nabizadz/Projects/Mahsa/datasets/lrs2/lrs2_v1/mvlrs_v1/main/6335676339489461610/00070.mp4,199,207,4.643888473510742,0.9999999999999998
86,3,/home/nabizadz/Projects/Mahsa/datasets/lrs2/lrs2_v1/mvlrs_v1/main/6362958830877522951/00003.mp4,190,198,4.53038215637207,0.9999987126693037
86,4,/home/nabizadz/Projects/Mahsa/datasets/lrs2/lrs2_v1/mvlrs_v1/main/6362958830877522951/00005.mp4,185,193,4.044930934906006,0.9977331041344294
86,5,/home/nabizadz/Projects/Mahsa/datasets/lrs2/lrs2_v1/mvlrs_v1/main/6362958830877522951/00007.mp4,247,255,4.643888473510742,0.9999999999999999
86,6,/home/nabizadz/Projects/Mahsa/datasets/lrs2/lrs2_v1/mvlrs_v1/main/6362958830877522951/00008.mp4,267,275,4.643888473510742,1.0
86,7,/home/nabizadz/Projects/Mahsa/datasets/lrs2/lrs2_v1/mvlrs_v1/main/6362993619982210246/00002.mp4,268,276,4.643888473510742,0.9999999999999998
87,0,/home/nabizadz/Projects/Mahsa/datasets/lrs2/lrs2_v1/mvlrs_v1/main/6363210086333922442/00011.mp4,92,100,3.5899505615234375,0.9916824589959954
87,1,/home/nabizadz/Projects/Mahsa/datasets/lrs2/lrs2_v1/mvlrs_v1/main/6363283530274620169/00005.mp4,120,128,3.557762384414673,0.9777325875510479
87,2,/home/nabizadz/Projects/Mahsa/datasets/lrs2/lrs2_v1/mvlrs_v1/main/6363283530274620169/00012.mp4,253,261,4.643888473510742,0.9999999999999999
87,3,/home/nabizadz/Projects/Mahsa/datasets/lrs2/lrs2_v1/mvlrs_v1/main/6363283530274620169/00014.mp4,247,255,4.643888473510742,0.9999999999999997
87,4,/home/nabizadz/Projects/Mahsa/datasets/lrs2/lrs2_v1/mvlrs_v1/main/6363306723098082453/00001.mp4,220,228,4.643888473510742,1.0
87,5,/home/nabizadz/Projects/Mahsa/datasets/lrs2/lrs2_v1/mvlrs_v1/main/6335676339489461610/00071.mp4,131,139,3.2234957218170166,0.9645209874029796
87,6,/home/nabizadz/Projects/Mahsa/datasets/lrs2/lrs2_v1/mvlrs_v1/main/6363581171508296879/00005.mp4,44,52,2.4275403022766113,0.9247097837532939
87,7,/home/nabizadz/Projects/Mahsa/datasets/lrs2/lrs2_v1/mvlrs_v1/main/6363581171508296879/00006.mp4,118,126,4.117988109588623,0.9999999999999996
88,0,/home/nabizadz/Projects/Mahsa/datasets/lrs2/lrs2_v1/mvlrs_v1/main/6363654615448994597/00012.mp4,87,95,2.8691816329956055,0.9497533392643495
88,1,/home/nabizadz/Projects/Mahsa/datasets/lrs2/lrs2_v1/mvlrs_v1/main/6363654615448994597/00013.mp4,34,42,3.7648186683654785,0.9796510515310625
88,2,/home/nabizadz/Projects/Mahsa/datasets/lrs2/lrs2_v1/mvlrs_v1/main/6363654615448994597/00015.mp4,113,121,4.013142108917236,0.9879089010704943
88,3,/home/nabizadz/Projects/Mahsa/datasets/lrs2/lrs2_v1/mvlrs_v1/main/6363654615448994597/00046.mp4,22,30,3.8944404125213623,0.9898874896564179
88,4,/home/nabizadz/Projects/Mahsa/datasets/lrs2/lrs2_v1/mvlrs_v1/main/6363948391212041701/00004.mp4,138,146,4.162546157836914,0.9999999999999996
88,5,/home/nabizadz/Projects/Mahsa/datasets/lrs2/lrs2_v1/mvlrs_v1/main/6363952256682671319/00003.mp4,132,140,4.26330041885376,1.0
88,6,/home/nabizadz/Projects/Mahsa/datasets/lrs2/lrs2_v1/mvlrs_v1/main/6363952256682671319/00004.mp4,210,218,4.643888473510742,0.9999999999999999
88,7,/home/nabizadz/Projects/Mahsa/datasets/lrs2/lrs2_v1/mvlrs_v1/main/6363952256682671319/00010.mp4,227,235,4.643888473510742,1.0
89,0,/home/nabizadz/Projects/Mahsa/datasets/lrs2/lrs2_v1/mvlrs_v1/main/6335676339489461610/00079.mp4,49,57,3.836531400680542,0.9817970521419755
89,1,/home/nabizadz/Projects/Mahsa/datasets/lrs2/lrs2_v1/mvlrs_v1/main/6363952256682671319/00015.mp4,160,168,4.643888473510742,0.9999999999999998
89,2,/home/nabizadz/Projects/Mahsa/datasets/lrs2/lrs2_v1/mvlrs_v1/main/6363952256682671319/00016.mp4,268,276,4.643888473510742,0.9999999999999999
89,3,/home/nabizadz/Projects/Mahsa/datasets/lrs2/lrs2_v1/mvlrs_v1/main/6363956122153173818/00006.mp4,50,58,3.3924927711486816,0.9460748311360296
89,4,/home/nabizadz/Projects/Mahsa/datasets/lrs2/lrs2_v1/mvlrs_v1/main/6363956122153173818/00007.mp4,61,69,2.697573184967041,0.9278314003018874
89,5,/home/nabizadz/Projects/Mahsa/datasets/lrs2/lrs2_v1/mvlrs_v1/main/6363956122153173818/00014.mp4,252,260,4.643888473510742,0.9999999999999993
89,6,/home/nabizadz/Projects/Mahsa/datasets/lrs2/lrs2_v1/mvlrs_v1/main/6363956122153173818/00036.mp4,51,59,3.1702232360839844,0.9460472977338578
89,7,/home/nabizadz/Projects/Mahsa/datasets/lrs2/lrs2_v1/mvlrs_v1/main/6363997353839279323/00010.mp4,170,178,3.6399993896484375,0.9827713777371125
90,0,/home/nabizadz/Projects/Mahsa/datasets/lrs2/lrs2_v1/mvlrs_v1/main/6363997353839279323/00023.mp4,29,37,2.900216817855835,0.9733872920263864
90,1,/home/nabizadz/Projects/Mahsa/datasets/lrs2/lrs2_v1/mvlrs_v1/main/6364025700623369025/00016.mp4,273,281,4.643888473510742,1.0
90,2,/home/nabizadz/Projects/Mahsa/datasets/lrs2/lrs2_v1/mvlrs_v1/main/6364025700623369025/00022.mp4,286,294,4.643888473510742,0.9999999999999998
90,3,/home/nabizadz/Projects/Mahsa/datasets/lrs2/lrs2_v1/mvlrs_v1/main/6336047424663836038/00001.mp4,144,152,4.219052791595459,0.9999999999999998
90,4,/home/nabizadz/Projects/Mahsa/datasets/lrs2/lrs2_v1/mvlrs_v1/main/6364319476386415444/00005.mp4,190,198,4.643888473510742,1.0
90,5,/home/nabizadz/Projects/Mahsa/datasets/lrs2/lrs2_v1/mvlrs_v1/main/6364319476386415444/00009.mp4,92,100,4.115393161773682,0.9917267159037579
90,6,/home/nabizadz/Projects/Mahsa/datasets/lrs2/lrs2_v1/mvlrs_v1/main/6364327207327548190/00025.mp4,35,43,3.392516613006592,0.9765629819443642
90,7,/home/nabizadz/Projects/Mahsa/datasets/lrs2/lrs2_v1/mvlrs_v1/main/6364327207327548190/00036.mp4,254,262,4.643888473510742,0.9999999999999997
91,0,/home/nabizadz/Projects/Mahsa/datasets/lrs2/lrs2_v1/mvlrs_v1/main/6364396785797743449/00020.mp4,113,121,4.272233486175537,0.9999999999999997
91,1,/home/nabizadz/Projects/Mahsa/datasets/lrs2/lrs2_v1/mvlrs_v1/main/6364760140030989000/00017.mp4,263,271,4.643888473510742,0.9999999999999999
91,2,/home/nabizadz/Projects/Mahsa/datasets/lrs2/lrs2_v1/mvlrs_v1/main/6364760140030989000/00021.mp4,202,210,4.643888473510742,0.9999999999999998
91,3,/home/nabizadz/Projects/Mahsa/datasets/lrs2/lrs2_v1/mvlrs_v1/main/6364791063795516278/00004.mp4,68,76,4.000532627105713,0.9876327372316032
91,4,/home/nabizadz/Projects/Mahsa/datasets/lrs2/lrs2_v1/mvlrs_v1/main/6364791063795516278/00005.mp4,245,253,4.643888473510742,0.9999999999999998
91,5,/home/nabizadz/Projects/Mahsa/datasets/lrs2/lrs2_v1/mvlrs_v1/main/6364791063795516278/00010.mp4,157,165,4.643888473510742,1.0
91,6,/home/nabizadz/Projects/Mahsa/datasets/lrs2/lrs2_v1/mvlrs_v1/main/6336047424663836038/00006.mp4,110,118,3.794130563735962,0.9914584965709471
91,7,/home/nabizadz/Projects/Mahsa/datasets/lrs2/lrs2_v1/mvlrs_v1/main/6364791063795580193/00005.mp4,157,165,4.643888473510742,0.9999999999999997
92,0,/home/nabizadz/Projects/Mahsa/datasets/lrs2/lrs2_v1/mvlrs_v1/main/6364791063795580193/00006.mp4,100,108,2.9911398887634277,0.9710060119555826
92,1,/home/nabizadz/Projects/Mahsa/datasets/lrs2/lrs2_v1/mvlrs_v1/main/6364798794736649079/00001.mp4,284,292,4.643888473510742,1.0
92,2,/home/nabizadz/Projects/Mahsa/datasets/lrs2/lrs2_v1/mvlrs_v1/main/6364798794736712994/00008.mp4,144,152,4.103621482849121,0.990959580044574
92,3,/home/nabizadz/Projects/Mahsa/datasets/lrs2/lrs2_v1/mvlrs_v1/main/6364798794736712994/00010.mp4,106,114,2.962458610534668,0.9792616745718921
92,4,/home/nabizadz/Projects/Mahsa/datasets/lrs2/lrs2_v1/mvlrs_v1/main/6364798794736712994/00012.mp4,14,22,3.5529980659484863,0.9833415016736003
92,5,/home/nabizadz/Projects/Mahsa/datasets/lrs2/lrs2_v1/mvlrs_v1/main/6365141533126941637/00012.mp4,171,179,4.643888473510742,0.9999999999999998
92,6,/home/nabizadz/Projects/Mahsa/datasets/lrs2/lrs2_v1/mvlrs_v1/main/6365141533126941637/00013.mp4,77,85,4.119107723236084,0.9904163094634102
92,7,/home/nabizadz/Projects/Mahsa/datasets/lrs2/lrs2_v1/mvlrs_v1/main/6365141533126941637/00051.mp4,9,17,3.8734655380249023,0.9912955042453909
93,0,/home/nabizadz/Projects/Mahsa/datasets/lrs2/lrs2_v1/mvlrs_v1/main/6365141533126941637/00056.mp4,289,297,4.643888473510742,0.9999999999999998
93,1,/home/nabizadz/Projects/Mahsa/datasets/lrs2/lrs2_v1/mvlrs_v1/main/6336047424663836038/00008.mp4,2,10,4.418518543243408,0.9999927634820565
93,2,/home/nabizadz/Projects/Mahsa/datasets/lrs2/lrs2_v1/mvlrs_v1/main/6365141533126941637/00057.mp4,171,179,4.643888473510742,0.9999999999999998
93,3,/home/nabizadz/Projects/Mahsa/datasets/lrs2/lrs2_v1/mvlrs_v1/main/6365141533126941637/00060.mp4,45,53,3.891207456588745,0.9807552914188137
93,4,/home/nabizadz/Projects/Mahsa/datasets/lrs2/lrs2_v1/mvlrs_v1/main/6365413404556770633/00013.mp4,177,185,4.643888473510742,0.9999999999999999
93,5,/home/nabizadz/Projects/Mahsa/datasets/lrs2/lrs2_v1/mvlrs_v1/main/6365413404556770633/00023.mp4,79,87,3.6589481830596924,0.9813364603376705
93,6,/home/nabizadz/Projects/Mahsa/datasets/lrs2/lrs2_v1/mvlrs_v1/main/6365413404556770633/00036.mp4,230,238,4.643888473510742,1.0
93,7,/home/nabizadz/Projects/Mahsa/datasets/lrs2/lrs2_v1/mvlrs_v1/main/6365888857436445152/00005.mp4,234,242,4.643888473510742,0.9999999999999998
94,0,/home/nabizadz/Projects/Mahsa/datasets/lrs2/lrs2_v1/mvlrs_v1/main/6365888857436445152/00006.mp4,57,65,3.5204992294311523,0.9815433367580388
94,1,/home/nabizadz/Projects/Mahsa/datasets/lrs2/lrs2_v1/mvlrs_v1/main/6365888857436445152/00009.mp4,51,59,3.048719644546509,0.974874650073452
94,2,/home/nabizadz/Projects/Mahsa/datasets/lrs2/lrs2_v1/mvlrs_v1/main/6365888857436445152/00011.mp4,51,59,3.283690929412842,0.9872521083128375
94,3,/home/nabizadz/Projects/Mahsa/datasets/lrs2/lrs2_v1/mvlrs_v1/main/6365904319318706417/00012.mp4,234,242,4.643888473510742,0.9999999999999999
94,4,/home/nabizadz/Projects/Mahsa/datasets/lrs2/lrs2_v1/mvlrs_v1/main/6336047424663836038/00061.mp4,271,279,4.643888473510742,1.0
94,5,/home/nabizadz/Projects/Mahsa/datasets/lrs2/lrs2_v1/mvlrs_v1/main/6365935243083171934/00003.mp4,182,190,4.643888473510742,0.9999999999999999
94,6,/home/nabizadz/Projects/Mahsa/datasets/lrs2/lrs2_v1/mvlrs_v1/main/6366259942610819561/00005.mp4,218,226,4.643888473510742,0.9999999999999998
94,7,/home/nabizadz/Projects/Mahsa/datasets/lrs2/lrs2_v1/mvlrs_v1/main/6366259942610819561/00025.mp4,133,141,4.238578796386719,0.9999999999999997
95,0,/home/nabizadz/Projects/Mahsa/datasets/lrs2/lrs2_v1/mvlrs_v1/main/6366267673551948044/00001.mp4,42,50,2.7222297191619873,0.942160319050175
95,1,/home/nabizadz/Projects/Mahsa/datasets/lrs2/lrs2_v1/mvlrs_v1/main/6366267673551948044/00008.mp4,61,69,2.935508966445923,0.9864599692260942
95,2,/home/nabizadz/Projects/Mahsa/datasets/lrs2/lrs2_v1/mvlrs_v1/main/6366267673551948044/00009.mp4,272,280,4.643888473510742,0.9999999999999999
95,3,/home/nabizadz/Projects/Mahsa/datasets/lrs2/lrs2_v1/mvlrs_v1/main/6366631027785194041/00016.mp4,92,100,4.419943809509277,0.99561592313282
95,4,/home/nabizadz/Projects/Mahsa/datasets/lrs2/lrs2_v1/mvlrs_v1/main/6366631027785194041/00018.mp4,174,182,4.643888473510742,0.9999999999999998
95,5,/home/nabizadz/Projects/Mahsa/datasets/lrs2/lrs2_v1/mvlrs_v1/main/6366944130901006716/00005.mp4,59,67,3.161776065826416,0.9828221584346793
95,6,/home/nabizadz/Projects/Mahsa/datasets/lrs2/lrs2_v1/mvlrs_v1/main/6366944130901006716/00007.mp4,205,213,4.0774078369140625,0.9984628523090197
95,7,/home/nabizadz/Projects/Mahsa/datasets/lrs2/lrs2_v1/mvlrs_v1/main/6336047424663836038/00076.mp4,35,43,3.741131067276001,0.9841138724830455
96,0,/home/nabizadz/Projects/Mahsa/datasets/lrs2/lrs2_v1/mvlrs_v1/main/6366944130901006716/00010.mp4,116,124,3.6192233562469482,0.9966072790358436
96,1,/home/nabizadz/Projects/Mahsa/datasets/lrs2/lrs2_v1/mvlrs_v1/main/6366944130901006716/00015.mp4,44,52,4.063948154449463,0.9964158795176057
96,2,/home/nabizadz/Projects/Mahsa/datasets/lrs2/lrs2_v1/mvlrs_v1/main/6367002112959568594/00006.mp4,290,298,4.643888473510742,0.9999999999999999
96,3,/home/nabizadz/Projects/Mahsa/datasets/lrs2/lrs2_v1/mvlrs_v1/main/6367002112959568594/00011.mp4,259,267,4.643888473510742,0.9999999999999998
96,4,/home/nabizadz/Projects/Mahsa/datasets/lrs2/lrs2_v1/mvlrs_v1/main/6367002112959568594/00014.mp4,272,280,4.643888473510742,0.9999999999999998
96,5,/home/nabizadz/Projects/Mahsa/datasets/lrs2/lrs2_v1/mvlrs_v1/main/6367373198133943465/00014.mp4,290,298,4.643888473510742,1.0
96,6,/home/nabizadz/Projects/Mahsa/datasets/lrs2/lrs2_v1/mvlrs_v1/main/6367373198133943465/00022.mp4,146,154,3.6858205795288086,0.9996345716102927
96,7,/home/nabizadz/Projects/Mahsa/datasets/lrs2/lrs2_v1/mvlrs_v1/main/6367373198133943465/00025.mp4,149,157,4.395750045776367,0.9954317198697309
97,0,/home/nabizadz/Projects/Mahsa/datasets/lrs2/lrs2_v1/mvlrs_v1/main/6367373198133943465/00042.mp4,256,264,4.643888473510742,1.0
97,1,/home/nabizadz/Projects/Mahsa/datasets/lrs2/lrs2_v1/mvlrs_v1/main/6367373198133943465/00046.mp4,74,82,3.4894542694091797,0.9771428653395731
97,2,/home/nabizadz/Projects/Mahsa/datasets/lrs2/lrs2_v1/mvlrs_v1/main/6331559613336179781/00029.mp4,209,217,4.643888473510742,0.9999999999999997
97,3,/home/nabizadz/Projects/Mahsa/datasets/lrs2/lrs2_v1/mvlrs_v1/main/6336117003133970558/00003.mp4,85,93,4.284019947052002,0.9963905183069793
97,4,/home/nabizadz/Projects/Mahsa/datasets/lrs2/lrs2_v1/mvlrs_v1/main/6367373198133943465/00054.mp4,156,164,4.643888473510742,1.0
97,5,/home/nabizadz/Projects/Mahsa/datasets/lrs2/lrs2_v1/mvlrs_v1/main/6367373198133943465/00058.mp4,170,178,4.643888473510742,1.0
97,6,/home/nabizadz/Projects/Mahsa/datasets/lrs2/lrs2_v1/mvlrs_v1/main/6367373198133943465/00065.mp4,231,239,4.643888473510742,0.9999999999999999
97,7,/home/nabizadz/Projects/Mahsa/datasets/lrs2/lrs2_v1/mvlrs_v1/main/6367373198133943465/00073.mp4,79,87,3.7100815773010254,0.9863668982231396
98,0,/home/nabizadz/Projects/Mahsa/datasets/lrs2/lrs2_v1/mvlrs_v1/main/6367373198133943465/00076.mp4,249,257,4.643888473510742,1.0
98,1,/home/nabizadz/Projects/Mahsa/datasets/lrs2/lrs2_v1/mvlrs_v1/main/6367373198133943465/00086.mp4,14,22,2.26633882522583,0.9875365496375799
98,2,/home/nabizadz/Projects/Mahsa/datasets/lrs2/lrs2_v1/mvlrs_v1/main/6367373198133943465/00090.mp4,25,33,3.867621898651123,0.985985326720555
98,3,/home/nabizadz/Projects/Mahsa/datasets/lrs2/lrs2_v1/mvlrs_v1/main/6367373198133943465/00098.mp4,247,255,4.643888473510742,0.9999999999999998
98,4,/home/nabizadz/Projects/Mahsa/datasets/lrs2/lrs2_v1/mvlrs_v1/main/6367373198133943465/00103.mp4,271,279,4.643888473510742,1.0
98,5,/home/nabizadz/Projects/Mahsa/datasets/lrs2/lrs2_v1/mvlrs_v1/main/6367373198133943465/00113.mp4,248,256,4.643888473510742,1.0
98,6,/home/nabizadz/Projects/Mahsa/datasets/lrs2/lrs2_v1/mvlrs_v1/main/6336117003133970558/00018.mp4,262,270,4.643888473510742,0.9999999999999997
98,7,/home/nabizadz/Projects/Mahsa/datasets/lrs2/lrs2_v1/mvlrs_v1/main/6367373198133943465/00127.mp4,27,35,3.9111151695251465,0.9926368947940168
99,0,/home/nabizadz/Projects/Mahsa/datasets/lrs2/lrs2_v1/mvlrs_v1/main/6367373198133943465/00128.mp4,94,102,3.2895097732543945,0.982056791629892
99,1,/home/nabizadz/Projects/Mahsa/datasets/lrs2/lrs2_v1/mvlrs_v1/main/6367373198133943465/00134.mp4,22,30,3.015087127685547,0.9595995959338294
99,2,/home/nabizadz/Projects/Mahsa/datasets/lrs2/lrs2_v1/mvlrs_v1/main/6367373198133943465/00138.mp4,121,129,4.187800407409668,1.0
99,3,/home/nabizadz/Projects/Mahsa/datasets/lrs2/lrs2_v1/mvlrs_v1/main/6367373198133943465/00139.mp4,124,132,3.5429255962371826,0.9904084536512044
99,4,/home/nabizadz/Projects/Mahsa/datasets/lrs2/lrs2_v1/mvlrs_v1/main/6367373198133943465/00141.mp4,83,91,4.137423038482666,0.9895306305327771
99,5,/home/nabizadz/Projects/Mahsa/datasets/lrs2/lrs2_v1/mvlrs_v1/main/6367373198133943465/00143.mp4,224,232,4.643888473510742,0.9999999999999999
99,6,/home/nabizadz/Projects/Mahsa/datasets/lrs2/lrs2_v1/mvlrs_v1/main/6367373198133943465/00144.mp4,281,289,4.643888473510742,0.9999999999999998
99,7,/home/nabizadz/Projects/Mahsa/datasets/lrs2/lrs2_v1/mvlrs_v1/main/6367373198133943465/00158.mp4,273,281,4.643888473510742,0.9999999999999998
100,0,/home/nabizadz/Projects/Mahsa/datasets/lrs2/lrs2_v1/mvlrs_v1/main/6367373198133943465/00163.mp4,213,221,4.643888473510742,0.9999999999999999
100,1,/home/nabizadz/Projects/Mahsa/datasets/lrs2/lrs2_v1/mvlrs_v1/main/6336117003133970558/00062.mp4,81,89,4.313469886779785,0.9999436667722312
100,2,/home/nabizadz/Projects/Mahsa/datasets/lrs2/lrs2_v1/mvlrs_v1/main/6367373198133943465/00171.mp4,263,271,4.643888473510742,0.9999999999999998
100,3,/home/nabizadz/Projects/Mahsa/datasets/lrs2/lrs2_v1/mvlrs_v1/main/6367396390957341434/00008.mp4,75,83,2.9733009338378906,0.9701668428721095
100,4,/home/nabizadz/Projects/Mahsa/datasets/lrs2/lrs2_v1/mvlrs_v1/main/6367396390957341434/00011.mp4,143,151,4.134579181671143,0.9999999999999998
100,5,/home/nabizadz/Projects/Mahsa/datasets/lrs2/lrs2_v1/mvlrs_v1/main/6367396390957341434/00013.mp4,252,260,4.643888473510742,0.9999999999999997
100,6,/home/nabizadz/Projects/Mahsa/datasets/lrs2/lrs2_v1/mvlrs_v1/main/6367396390957341434/00014.mp4,193,201,4.643888473510742,0.9999999999999998
100,7,/home/nabizadz/Projects/Mahsa/datasets/lrs2/lrs2_v1/mvlrs_v1/main/6367744283308252235/00011.mp4,71,79,3.8859012126922607,0.9848822311820494
101,0,/home/nabizadz/Projects/Mahsa/datasets/lrs2/lrs2_v1/mvlrs_v1/main/6367813861908922495/00003.mp4,142,150,4.153548717498779,0.9999999999999998
101,1,/home/nabizadz/Projects/Mahsa/datasets/lrs2/lrs2_v1/mvlrs_v1/main/6367813861908922495/00004.mp4,109,117,3.6310489177703857,0.9999657754198594
101,2,/home/nabizadz/Projects/Mahsa/datasets/lrs2/lrs2_v1/mvlrs_v1/main/6367813861908922495/00010.mp4,254,262,4.643888473510742,1.0
101,3,/home/nabizadz/Projects/Mahsa/datasets/lrs2/lrs2_v1/mvlrs_v1/main/6367813861908922495/00035.mp4,153,161,4.634631156921387,0.9999999999999999
101,4,/home/nabizadz/Projects/Mahsa/datasets/lrs2/lrs2_v1/mvlrs_v1/main/6336117003133970558/00067.mp4,226,234,4.643888473510742,0.9999999999999993
101,5,/home/nabizadz/Projects/Mahsa/datasets/lrs2/lrs2_v1/mvlrs_v1/main/6368096041129860047/00002.mp4,16,24,3.0365538597106934,0.9802843654928712
101,6,/home/nabizadz/Projects/Mahsa/datasets/lrs2/lrs2_v1/mvlrs_v1/main/6368111503012125648/00004.mp4,180,188,4.643888473510742,0.9999999999999991
101,7,/home/nabizadz/Projects/Mahsa/datasets/lrs2/lrs2_v1/mvlrs_v1/main/6368111503012125648/00018.mp4,186,194,3.6712937355041504,0.9744214287489047
102,0,/home/nabizadz/Projects/Mahsa/datasets/lrs2/lrs2_v1/mvlrs_v1/main/6368111503012125648/00025.mp4,78,86,3.7877190113067627,0.9737830362361111
102,1,/home/nabizadz/Projects/Mahsa/datasets/lrs2/lrs2_v1/mvlrs_v1/main/6368111503012125648/00051.mp4,276,284,4.643888473510742,0.9999999999999996
102,2,/home/nabizadz/Projects/Mahsa/datasets/lrs2/lrs2_v1/mvlrs_v1/main/6368154023188356050/00008.mp4,202,210,4.643888473510742,0.9999999999999999
102,3,/home/nabizadz/Projects/Mahsa/datasets/lrs2/lrs2_v1/mvlrs_v1/main/6368177216011755289/00003.mp4,271,279,4.643888473510742,0.9999999999999998
102,4,/home/nabizadz/Projects/Mahsa/datasets/lrs2/lrs2_v1/mvlrs_v1/main/6368177216011755289/00005.mp4,165,173,4.643888473510742,0.9999999999999996
102,5,/home/nabizadz/Projects/Mahsa/datasets/lrs2/lrs2_v1/mvlrs_v1/main/6368177216011755289/00012.mp4,240,248,4.643888473510742,0.9999999999999997
102,6,/home/nabizadz/Projects/Mahsa/datasets/lrs2/lrs2_v1/mvlrs_v1/main/6368177216011755289/00013.mp4,179,187,3.9222564697265625,0.9898540755321055
102,7,/home/nabizadz/Projects/Mahsa/datasets/lrs2/lrs2_v1/mvlrs_v1/main/6336739343895160063/00006.mp4,245,253,4.643888473510742,0.9999999999999996
103,0,/home/nabizadz/Projects/Mahsa/datasets/lrs2/lrs2_v1/mvlrs_v1/main/6368177216011755289/00016.mp4,37,45,2.0915486812591553,0.928099870680998
103,1,/home/nabizadz/Projects/Mahsa/datasets/lrs2/lrs2_v1/mvlrs_v1/main/6368494184598133861/00007.mp4,262,270,4.041324615478516,0.9944721211484142
103,2,/home/nabizadz/Projects/Mahsa/datasets/lrs2/lrs2_v1/mvlrs_v1/main/6368494184598133861/00017.mp4,257,265,4.643886566162109,0.9999999999999997
103,3,/home/nabizadz/Projects/Mahsa/datasets/lrs2/lrs2_v1/mvlrs_v1/main/6368494184598133861/00030.mp4,221,229,4.155638217926025,0.9987706312693065
103,4,/home/nabizadz/Projects/Mahsa/datasets/lrs2/lrs2_v1/mvlrs_v1/main/6368494184598133861/00041.mp4,49,57,4.010984897613525,0.9885815026086084
103,5,/home/nabizadz/Projects/Mahsa/datasets/lrs2/lrs2_v1/mvlrs_v1/main/6368494184598133861/00046.mp4,147,155,4.289714336395264,0.9999999999999998
103,6,/home/nabizadz/Projects/Mahsa/datasets/lrs2/lrs2_v1/mvlrs_v1/main/6368525108362665063/00017.mp4,79,87,3.6522374153137207,0.9941485131299174
103,7,/home/nabizadz/Projects/Mahsa/datasets/lrs2/lrs2_v1/mvlrs_v1/main/6368525108362665063/00019.mp4,185,193,4.643888473510742,0.9999999999999997
104,0,/home/nabizadz/Projects/Mahsa/datasets/lrs2/lrs2_v1/mvlrs_v1/main/6368525108362665063/00029.mp4,163,171,4.36025857925415,0.9999978239461159
104,1,/home/nabizadz/Projects/Mahsa/datasets/lrs2/lrs2_v1/mvlrs_v1/main/6368525108362665063/00045.mp4,45,53,3.1160526275634766,0.9684643824832916
104,2,/home/nabizadz/Projects/Mahsa/datasets/lrs2/lrs2_v1/mvlrs_v1/main/6336739343895160063/00016.mp4,51,59,2.4281773567199707,0.9300629912843523
104,3,/home/nabizadz/Projects/Mahsa/datasets/lrs2/lrs2_v1/mvlrs_v1/main/6368525108362665063/00053.mp4,53,61,2.826892137527466,0.9722325077039048
104,4,/home/nabizadz/Projects/Mahsa/datasets/lrs2/lrs2_v1/mvlrs_v1/main/6368525108362665063/00055.mp4,239,247,4.643888473510742,0.9999999999999997
104,5,/home/nabizadz/Projects/Mahsa/datasets/lrs2/lrs2_v1/mvlrs_v1/main/6368525108362665063/00061.mp4,271,279,4.643888473510742,0.9999999999999996
104,6,/home/nabizadz/Projects/Mahsa/datasets/lrs2/lrs2_v1/mvlrs_v1/main/6368525108362665063/00064.mp4,94,102,3.407362937927246,0.9989483618021024
104,7,/home/nabizadz/Projects/Mahsa/datasets/lrs2/lrs2_v1/mvlrs_v1/main/6368525108362665063/00067.mp4,278,286,4.643888473510742,0.9999999999999997
105,0,/home/nabizadz/Projects/Mahsa/datasets/lrs2/lrs2_v1/mvlrs_v1/main/6368525108362665063/00068.mp4,240,248,4.643888473510742,0.9999999999999998
105,1,/home/nabizadz/Projects/Mahsa/datasets/lrs2/lrs2_v1/mvlrs_v1/main/6368525108362665063/00069.mp4,246,254,4.643888473510742,1.0
105,2,/home/nabizadz/Projects/Mahsa/datasets/lrs2/lrs2_v1/mvlrs_v1/main/6368857538831442335/00028.mp4,153,161,4.6255621910095215,0.9999999999999996
105,3,/home/nabizadz/Projects/Mahsa/datasets/lrs2/lrs2_v1/mvlrs_v1/main/6368903924478172740/00007.mp4,232,240,4.643888473510742,1.0
105,4,/home/nabizadz/Projects/Mahsa/datasets/lrs2/lrs2_v1/mvlrs_v1/main/6369220893064682263/00003.mp4,44,52,3.4620442390441895,0.9731971346216958
105,5,/home/nabizadz/Projects/Mahsa/datasets/lrs2/lrs2_v1/mvlrs_v1/main/6336739343895160063/00021.mp4,278,286,4.643888473510742,0.9999999999999999
105,6,/home/nabizadz/Projects/Mahsa/datasets/lrs2/lrs2_v1/mvlrs_v1/main/6369220893064682263/00007.mp4,252,260,4.643888473510742,0.9999999999999997
105,7,/home/nabizadz/Projects/Mahsa/datasets/lrs2/lrs2_v1/mvlrs_v1/main/6369220893064682263/00023.mp4,54,62,3.2129156589508057,0.9487238726854585
106,0,/home/nabizadz/Projects/Mahsa/datasets/lrs2/lrs2_v1/mvlrs_v1/main/6369220893064682263/00033.mp4,214,222,4.643888473510742,0.9999999999999998
106,1,/home/nabizadz/Projects/Mahsa/datasets/lrs2/lrs2_v1/mvlrs_v1/main/6369220893064682263/00035.mp4,148,156,3.552307367324829,0.9995033186818721
106,2,/home/nabizadz/Projects/Mahsa/datasets/lrs2/lrs2_v1/mvlrs_v1/main/6369259547770281088/00011.mp4,254,262,3.2293355464935303,0.9779248240869883
106,3,/home/nabizadz/Projects/Mahsa/datasets/lrs2/lrs2_v1/mvlrs_v1/main/6369259547770281088/00020.mp4,200,208,4.441004276275635,0.9991785977336382
106,4,/home/nabizadz/Projects/Mahsa/datasets/lrs2/lrs2_v1/mvlrs_v1/main/6369259547770281088/00021.mp4,7,15,3.6290576457977295,0.9883495982063784
106,5,/home/nabizadz/Projects/Mahsa/datasets/lrs2/lrs2_v1/mvlrs_v1/main/6369259547770346264/00010.mp4,6,14,4.173026084899902,0.9989810034420874
106,6,/home/nabizadz/Projects/Mahsa/datasets/lrs2/lrs2_v1/mvlrs_v1/main/6369259547770346264/00016.mp4,259,267,4.643888473510742,0.9999999999999999
106,7,/home/nabizadz/Projects/Mahsa/datasets/lrs2/lrs2_v1/mvlrs_v1/main/6369599709180191149/00011.mp4,90,98,3.8562941551208496,0.9937618101277836
107,0,/home/nabizadz/Projects/Mahsa/datasets/lrs2/lrs2_v1/mvlrs_v1/main/6336739343895160063/00027.mp4,216,224,4.643888473510742,1.0
107,1,/home/nabizadz/Projects/Mahsa/datasets/lrs2/lrs2_v1/mvlrs_v1/main/6369599709180191149/00013.mp4,120,128,4.348248481750488,0.9983583188402484
107,2,/home/nabizadz/Projects/Mahsa/datasets/lrs2/lrs2_v1/mvlrs_v1/main/6369599709180191149/00014.mp4,175,183,4.643888473510742,0.9999999999999998
107,3,/home/nabizadz/Projects/Mahsa/datasets/lrs2/lrs2_v1/mvlrs_v1/main/6369599709180191149/00017.mp4,0,8,4.0911173820495605,0.9947812044759949
107,4,/home/nabizadz/Projects/Mahsa/datasets/lrs2/lrs2_v1/mvlrs_v1/main/6369599709180191149/00021.mp4,98,106,4.128955364227295,0.9894225649284097
107,5,/home/nabizadz/Projects/Mahsa/datasets/lrs2/lrs2_v1/mvlrs_v1/main/6369599709180191149/00030.mp4,19,27,2.95625376701355,0.9923671271079438
107,6,/home/nabizadz/Projects/Mahsa/datasets/lrs2/lrs2_v1/mvlrs_v1/main/6369607440121317877/00006.mp4,18,26,4.073853492736816,0.9840872832391592
107,7,/home/nabizadz/Projects/Mahsa/datasets/lrs2/lrs2_v1/mvlrs_v1/main/6369912812296002056/00001.mp4,219,227,3.2316198348999023,0.9922485336226988
108,0,/home/nabizadz/Projects/Mahsa/datasets/lrs2/lrs2_v1/mvlrs_v1/main/6369912812296002056/00009.mp4,247,255,4.643888473510742,0.9999999999999997
108,1,/home/nabizadz/Projects/Mahsa/datasets/lrs2/lrs2_v1/mvlrs_v1/main/6369912812296002056/00016.mp4,61,69,3.8692760467529297,0.9948441811870434
108,2,/home/nabizadz/Projects/Mahsa/datasets/lrs2/lrs2_v1/mvlrs_v1/main/6369912812296002056/00019.mp4,26,34,3.6969614028930664,0.991064669305235
108,3,/home/nabizadz/Projects/Mahsa/datasets/lrs2/lrs2_v1/mvlrs_v1/main/6336739343895160063/00040.mp4,130,138,3.75588059425354,0.9828757472338531
108,4,/home/nabizadz/Projects/Mahsa/datasets/lrs2/lrs2_v1/mvlrs_v1/main/6369970794354565537/00002.mp4,155,163,3.3841028213500977,0.9720841520960085
108,5,/home/nabizadz/Projects/Mahsa/datasets/lrs2/lrs2_v1/mvlrs_v1/main/6369970794354565537/00003.mp4,246,254,4.643888473510742,0.9999999999999993
108,6,/home/nabizadz/Projects/Mahsa/datasets/lrs2/lrs2_v1/mvlrs_v1/main/6369986256236764320/00003.mp4,88,96,2.7876200675964355,0.9475813032448935
108,7,/home/nabizadz/Projects/Mahsa/datasets/lrs2/lrs2_v1/mvlrs_v1/main/6369986256236764320/00005.mp4,261,269,4.643888473510742,1.0
109,0,/home/nabizadz/Projects/Mahsa/datasets/lrs2/lrs2_v1/mvlrs_v1/main/6369912812296002056/00022.mp4,55,63,3.5868709087371826,0.9780472334067625
109,1,/home/nabizadz/Projects/Mahsa/datasets/lrs2/lrs2_v1/mvlrs_v1/main/6369912812296002056/00023.mp4,157,165,3.9607224464416504,0.9879018470556036
109,2,/home/nabizadz/Projects/Mahsa/datasets/lrs2/lrs2_v1/mvlrs_v1/main/6369912812296002056/00024.mp4,16,24,3.99896502494812,0.9928892040718882
109,3,/home/nabizadz/Projects/Mahsa/datasets/lrs2/lrs2_v1/mvlrs_v1/main/6369912812296002056/00025.mp4,76,84,3.042865514755249,0.955827929882154
109,4,/home/nabizadz/Projects/Mahsa/datasets/lrs2/lrs2_v1/mvlrs_v1/main/6369986256236764320/00025.mp4,14,22,3.554170846939087,0.9889221072809458
109,5,/home/nabizadz/Projects/Mahsa/datasets/lrs2/lrs2_v1/mvlrs_v1/main/6369986256236764320/00026.mp4,183,191,4.643888473510742,0.9999999999999998
109,6,/home/nabizadz/Projects/Mahsa/datasets/lrs2/lrs2_v1/mvlrs_v1/main/6336739343895160063/00042.mp4,47,55,2.970268964767456,0.9728032295070121
109,7,/home/nabizadz/Projects/Mahsa/datasets/lrs2/lrs2_v1/mvlrs_v1/main/6369986256236764320/00031.mp4,254,262,4.643888473510742,0.9999999999999998
110,0,/home/nabizadz/Projects/Mahsa/datasets/lrs2/lrs2_v1/mvlrs_v1/main/6369986256236764320/00041.mp4,163,171,4.643888473510742,1.0
110,1,/home/nabizadz/Projects/Mahsa/datasets/lrs2/lrs2_v1/mvlrs_v1/main/6369986256236764320/00006.mp4,37,45,3.7153964042663574,0.9769418447713262
110,2,/home/nabizadz/Projects/Mahsa/datasets/lrs2/lrs2_v1/mvlrs_v1/main/6369986256236764320/00008.mp4,173,181,4.643888473510742,0.9999999999999994
110,3,/home/nabizadz/Projects/Mahsa/datasets/lrs2/lrs2_v1/mvlrs_v1/main/6369986256236764320/00018.mp4,39,47,3.9428634643554688,0.9852492724921457
110,4,/home/nabizadz/Projects/Mahsa/datasets/lrs2/lrs2_v1/mvlrs_v1/main/6369986256236764320/00022.mp4,288,296,4.643888473510742,0.9999999999999997
110,5,/home/nabizadz/Projects/Mahsa/datasets/lrs2/lrs2_v1/mvlrs_v1/main/6369986256236764320/00042.mp4,260,268,4.643888473510742,1.0000000000000002
110,6,/home/nabizadz/Projects/Mahsa/datasets/lrs2/lrs2_v1/mvlrs_v1/main/6370331571607430336/00003.mp4,183,191,4.643888473510742,0.9999999999999997
110,7,/home/nabizadz/Projects/Mahsa/datasets/lrs2/lrs2_v1/mvlrs_v1/main/6370331571607430336/00009.mp4,278,286,4.643888473510742,0.9999999999999998
111,0,/home/nabizadz/Projects/Mahsa/datasets/lrs2/lrs2_v1/mvlrs_v1/main/6370331571607430336/00016.mp4,280,288,4.643888473510742,0.9999999999999999
111,1,/home/nabizadz/Projects/Mahsa/datasets/lrs2/lrs2_v1/mvlrs_v1/main/6331559613336179781/00036.mp4,183,191,4.643888473510742,0.9999999999999998
111,2,/home/nabizadz/Projects/Mahsa/datasets/lrs2/lrs2_v1/mvlrs_v1/main/6336739343895160063/00046.mp4,176,184,4.643888473510742,0.9999999999999999
111,3,/home/nabizadz/Projects/Mahsa/datasets/lrs2/lrs2_v1/mvlrs_v1/main/6370331571607430336/00019.mp4,7,15,3.4456019401550293,0.9912167549047631
111,4,/home/nabizadz/Projects/Mahsa/datasets/lrs2/lrs2_v1/mvlrs_v1/main/6370331571607430336/00020.mp4,158,166,4.643888473510742,0.9999999999999999
111,5,/home/nabizadz/Projects/Mahsa/datasets/lrs2/lrs2_v1/mvlrs_v1/main/6370331571607430336/00033.mp4,8,16,3.3450868129730225,0.9708666773658807
111,6,/home/nabizadz/Projects/Mahsa/datasets/lrs2/lrs2_v1/mvlrs_v1/main/6370366360842521130/00001.mp4,181,189,4.643888473510742,0.9999999999999998
111,7,/home/nabizadz/Projects/Mahsa/datasets/lrs2/lrs2_v1/mvlrs_v1/main/6370366360842521130/00006.mp4,248,256,4.643888473510742,0.9999999999999998
112,0,/home/nabizadz/Projects/Mahsa/datasets/lrs2/lrs2_v1/mvlrs_v1/main/6370728426585516325/00006.mp4,213,221,4.643888473510742,1.0
112,1,/home/nabizadz/Projects/Mahsa/datasets/lrs2/lrs2_v1/mvlrs_v1/main/6370728426585516325/00008.mp4,253,261,4.643888473510742,0.9999999999999999
112,2,/home/nabizadz/Projects/Mahsa/datasets/lrs2/lrs2_v1/mvlrs_v1/main/6370728426585516325/00012.mp4,291,299,4.643888473510742,1.0
112,3,/home/nabizadz/Projects/Mahsa/datasets/lrs2/lrs2_v1/mvlrs_v1/main/6370728426585516325/00013.mp4,159,167,4.643888473510742,0.9999999999999998
112,4,/home/nabizadz/Projects/Mahsa/datasets/lrs2/lrs2_v1/mvlrs_v1/main/6370728426585516325/00014.mp4,242,250,4.643888473510742,1.0
112,5,/home/nabizadz/Projects/Mahsa/datasets/lrs2/lrs2_v1/mvlrs_v1/main/6336739343895160063/00052.mp4,44,52,3.4557933807373047,0.9732828492579472
112,6,/home/nabizadz/Projects/Mahsa/datasets/lrs2/lrs2_v1/mvlrs_v1/main/6370728426585516325/00018.mp4,3,11,4.369258880615234,0.9999713400717157
112,7,/home/nabizadz/Projects/Mahsa/datasets/lrs2/lrs2_v1/mvlrs_v1/main/6370997721034975856/00008.mp4,256,264,4.643888473510742,0.9999999999999994
113,0,/home/nabizadz/Projects/Mahsa/datasets/lrs2/lrs2_v1/mvlrs_v1/main/6371091780818822750/00005.mp4,264,272,4.643888473510742,0.9999999999999997
113,1,/home/nabizadz/Projects/Mahsa/datasets/lrs2/lrs2_v1/mvlrs_v1/main/6371091780818822750/00006.mp4,101,109,3.059901714324951,0.9878751060690603
113,2,/home/nabizadz/Projects/Mahsa/datasets/lrs2/lrs2_v1/mvlrs_v1/main/6371091780818822750/00018.mp4,235,243,4.643888473510742,0.9999999999999998
113,3,/home/nabizadz/Projects/Mahsa/datasets/lrs2/lrs2_v1/mvlrs_v1/main/6371114973642156346/00011.mp4,280,288,4.643888473510742,0.9999999999999997
113,4,/home/nabizadz/Projects/Mahsa/datasets/lrs2/lrs2_v1/mvlrs_v1/main/6371114973642156346/00014.mp4,190,198,4.643888473510742,0.9999999999999996
113,5,/home/nabizadz/Projects/Mahsa/datasets/lrs2/lrs2_v1/mvlrs_v1/main/6371114973642156346/00017.mp4,39,47,4.0529303550720215,0.9955974829111942
113,6,/home/nabizadz/Projects/Mahsa/datasets/lrs2/lrs2_v1/mvlrs_v1/main/6371114973642156346/00018.mp4,180,188,4.643888473510742,0.9999999999999997
113,7,/home/nabizadz/Projects/Mahsa/datasets/lrs2/lrs2_v1/mvlrs_v1/main/6371114973642156346/00019.mp4,198,206,4.643888473510742,0.9999999999999996
114,0,/home/nabizadz/Projects/Mahsa/datasets/lrs2/lrs2_v1/mvlrs_v1/main/6336739343895160063/00053.mp4,5,13,3.924473285675049,0.9945027570119533
114,1,/home/nabizadz/Projects/Mahsa/datasets/lrs2/lrs2_v1/mvlrs_v1/main/6371114973642156346/00024.mp4,20,28,3.3881590366363525,0.9845718965315534
114,2,/home/nabizadz/Projects/Mahsa/datasets/lrs2/lrs2_v1/mvlrs_v1/main/6371114973642221152/00004.mp4,29,37,3.3648078441619873,0.9613781859089868
114,3,/home/nabizadz/Projects/Mahsa/datasets/lrs2/lrs2_v1/mvlrs_v1/main/6371114973642221152/00010.mp4,80,88,3.196498394012451,0.9748828063623416
114,4,/home/nabizadz/Projects/Mahsa/datasets/lrs2/lrs2_v1/mvlrs_v1/main/6371389422052370754/00011.mp4,34,42,3.3547496795654297,0.9181073038953154
114,5,/home/nabizadz/Projects/Mahsa/datasets/lrs2/lrs2_v1/mvlrs_v1/main/6371462865993190004/00012.mp4,184,192,4.643888473510742,0.9999999999999999
114,6,/home/nabizadz/Projects/Mahsa/datasets/lrs2/lrs2_v1/mvlrs_v1/main/6371470597064737331/00015.mp4,237,245,4.643888473510742,0.9999999999999997
114,7,/home/nabizadz/Projects/Mahsa/datasets/lrs2/lrs2_v1/mvlrs_v1/main/6371470597064737331/00017.mp4,65,73,3.1514875888824463,0.9652955394885431
115,0,/home/nabizadz/Projects/Mahsa/datasets/lrs2/lrs2_v1/mvlrs_v1/main/6371470597064737331/00018.mp4,27,35,3.1095547676086426,0.9747551468605329
115,1,/home/nabizadz/Projects/Mahsa/datasets/lrs2/lrs2_v1/mvlrs_v1/main/6371470597064737331/00027.mp4,269,277,4.643888473510742,0.9999999999999998
115,2,/home/nabizadz/Projects/Mahsa/datasets/lrs2/lrs2_v1/mvlrs_v1/main/6371470597064737331/00028.mp4,51,59,4.146988868713379,0.996576564675346
115,3,/home/nabizadz/Projects/Mahsa/datasets/lrs2/lrs2_v1/mvlrs_v1/main/6336739343895160063/00056.mp4,172,180,4.643888473510742,1.0
115,4,/home/nabizadz/Projects/Mahsa/datasets/lrs2/lrs2_v1/mvlrs_v1/main/6371470597064737331/00032.mp4,212,220,4.643888473510742,0.9999999999999999
115,5,/home/nabizadz/Projects/Mahsa/datasets/lrs2/lrs2_v1/mvlrs_v1/main/6372918859906543042/00019.mp4,228,236,4.643888473510742,0.9999999999999998
115,6,/home/nabizadz/Projects/Mahsa/datasets/lrs2/lrs2_v1/mvlrs_v1/main/6373112133434795034/00002.mp4,65,73,4.276248455047607,0.9966947381128093
115,7,/home/nabizadz/Projects/Mahsa/datasets/lrs2/lrs2_v1/mvlrs_v1/main/6373112133434795034/00005.mp4,240,248,4.643888473510742,0.9999999999999996
116,0,/home/nabizadz/Projects/Mahsa/datasets/lrs2/lrs2_v1/mvlrs_v1/main/6373112133434795034/00007.mp4,161,169,4.643888473510742,0.9999999999999998
116,1,/home/nabizadz/Projects/Mahsa/datasets/lrs2/lrs2_v1/mvlrs_v1/main/6373202327748070121/00011.mp4,179,187,4.643888473510742,0.9999999999999996
116,2,/home/nabizadz/Projects/Mahsa/datasets/lrs2/lrs2_v1/mvlrs_v1/main/6373318291865072119/00019.mp4,104,112,4.000476837158203,0.9940861899861966
116,3,/home/nabizadz/Projects/Mahsa/datasets/lrs2/lrs2_v1/mvlrs_v1/main/6373318291865072119/00024.mp4,292,300,4.643888473510742,0.9999999999999998
116,4,/home/nabizadz/Projects/Mahsa/datasets/lrs2/lrs2_v1/mvlrs_v1/main/6373318291865072119/00030.mp4,267,275,4.643888473510742,0.9999999999999998
116,5,/home/nabizadz/Projects/Mahsa/datasets/lrs2/lrs2_v1/mvlrs_v1/main/6373318291865072119/00043.mp4,91,99,3.845273017883301,0.9975491666689148
116,6,/home/nabizadz/Projects/Mahsa/datasets/lrs2/lrs2_v1/mvlrs_v1/main/6336851442541654996/00001.mp4,1,9,4.157960891723633,0.9990974305611477
116,7,/home/nabizadz/Projects/Mahsa/datasets/lrs2/lrs2_v1/mvlrs_v1/main/6373326022806137973/00005.mp4,43,51,2.503113269805908,0.9874462772061438
117,0,/home/nabizadz/Projects/Mahsa/datasets/lrs2/lrs2_v1/mvlrs_v1/main/6373326022806137973/00014.mp4,252,260,4.643888473510742,1.0
117,1,/home/nabizadz/Projects/Mahsa/datasets/lrs2/lrs2_v1/mvlrs_v1/main/6373326022806137973/00015.mp4,160,168,4.643888473510742,0.9999999999999998
117,2,/home/nabizadz/Projects/Mahsa/datasets/lrs2/lrs2_v1/mvlrs_v1/main/6373627529510317190/00002.mp4,4,12,3.9950664043426514,0.990936170028713
117,3,/home/nabizadz/Projects/Mahsa/datasets/lrs2/lrs2_v1/mvlrs_v1/main/6373627529510317190/00004.mp4,104,112,2.473233699798584,0.965979084224178
117,4,/home/nabizadz/Projects/Mahsa/datasets/lrs2/lrs2_v1/mvlrs_v1/main/6373627529510317190/00005.mp4,97,105,3.817793607711792,0.9775361559018548
117,5,/home/nabizadz/Projects/Mahsa/datasets/lrs2/lrs2_v1/mvlrs_v1/main/6374060462213818017/00007.mp4,275,283,4.643888473510742,0.9999999999999998
117,6,/home/nabizadz/Projects/Mahsa/datasets/lrs2/lrs2_v1/mvlrs_v1/main/6374060462213818017/00008.mp4,126,134,2.988832473754883,0.9704366471894236
117,7,/home/nabizadz/Projects/Mahsa/datasets/lrs2/lrs2_v1/mvlrs_v1/main/6374083655037216420/00004.mp4,122,130,2.533278226852417,0.9866200311092201
118,0,/home/nabizadz/Projects/Mahsa/datasets/lrs2/lrs2_v1/mvlrs_v1/main/6374083655167624227/00010.mp4,235,243,4.187709808349609,0.9999053945086331
118,1,/home/nabizadz/Projects/Mahsa/datasets/lrs2/lrs2_v1/mvlrs_v1/main/6336917155541276097/00004.mp4,74,82,3.935380697250366,0.9939491420719787
118,2,/home/nabizadz/Projects/Mahsa/datasets/lrs2/lrs2_v1/mvlrs_v1/main/6374083655167624227/00018.mp4,190,198,3.4177165031433105,0.9837794819988945
118,3,/home/nabizadz/Projects/Mahsa/datasets/lrs2/lrs2_v1/mvlrs_v1/main/6374083655167624227/00022.mp4,177,185,4.643888473510742,0.9999999999999997
118,4,/home/nabizadz/Projects/Mahsa/datasets/lrs2/lrs2_v1/mvlrs_v1/main/6374083655167624227/00037.mp4,34,42,3.5584022998809814,0.9821974262690102
118,5,/home/nabizadz/Projects/Mahsa/datasets/lrs2/lrs2_v1/mvlrs_v1/main/6374083655167624227/00045.mp4,285,293,4.643888473510742,1.0
118,6,/home/nabizadz/Projects/Mahsa/datasets/lrs2/lrs2_v1/mvlrs_v1/main/6374083655167624227/00053.mp4,206,214,4.643888473510742,1.0
118,7,/home/nabizadz/Projects/Mahsa/datasets/lrs2/lrs2_v1/mvlrs_v1/main/6374083655167624227/00057.mp4,89,97,3.7089273929595947,0.9883295602328981
119,0,/home/nabizadz/Projects/Mahsa/datasets/lrs2/lrs2_v1/mvlrs_v1/main/6374083655167624227/00058.mp4,173,181,4.643888473510742,0.9999999999999999
119,1,/home/nabizadz/Projects/Mahsa/datasets/lrs2/lrs2_v1/mvlrs_v1/main/6374083655167624227/00059.mp4,262,270,4.643888473510742,0.9999999999999997
119,2,/home/nabizadz/Projects/Mahsa/datasets/lrs2/lrs2_v1/mvlrs_v1/main/6374083655167624227/00079.mp4,83,91,3.6259608268737793,0.9889040776271423
119,3,/home/nabizadz/Projects/Mahsa/datasets/lrs2/lrs2_v1/mvlrs_v1/main/6374083655167624227/00083.mp4,224,232,4.643888473510742,0.9999999999999998
119,4,/home/nabizadz/Projects/Mahsa/datasets/lrs2/lrs2_v1/mvlrs_v1/main/6336917155541276097/00005.mp4,36,44,4.20506477355957,0.9962911159137959
119,5,/home/nabizadz/Projects/Mahsa/datasets/lrs2/lrs2_v1/mvlrs_v1/main/6374083655167624227/00085.mp4,273,281,4.643888473510742,0.9999999999999998
119,6,/home/nabizadz/Projects/Mahsa/datasets/lrs2/lrs2_v1/mvlrs_v1/main/6374083655167624227/00102.mp4,195,203,4.643888473510742,1.0
119,7,/home/nabizadz/Projects/Mahsa/datasets/lrs2/lrs2_v1/mvlrs_v1/main/6374083655167624227/00105.mp4,198,206,4.643888473510742,1.0
120,0,/home/nabizadz/Projects/Mahsa/datasets/lrs2/lrs2_v1/mvlrs_v1/main/6374083655167624227/00107.mp4,202,210,4.643888473510742,0.9999999999999999
120,1,/home/nabizadz/Projects/Mahsa/datasets/lrs2/lrs2_v1/mvlrs_v1/main/6374083655167624227/00119.mp4,51,59,3.235400438308716,0.974199267363598
120,2,/home/nabizadz/Projects/Mahsa/datasets/lrs2/lrs2_v1/mvlrs_v1/main/6374454740211592999/00010.mp4,208,216,4.643888473510742,1.0
120,3,/home/nabizadz/Projects/Mahsa/datasets/lrs2/lrs2_v1/mvlrs_v1/main/6374802632562566873/00011.mp4,164,172,3.6375174522399902,0.9872771305603243
120,4,/home/nabizadz/Projects/Mahsa/datasets/lrs2/lrs2_v1/mvlrs_v1/main/6374802632562566873/00024.mp4,71,79,4.041250228881836,0.9997510409309471
120,5,/home/nabizadz/Projects/Mahsa/datasets/lrs2/lrs2_v1/mvlrs_v1/main/6375181448678007969/00005.mp4,285,293,4.643888473510742,1.0
120,6,/home/nabizadz/Projects/Mahsa/datasets/lrs2/lrs2_v1/mvlrs_v1/main/6375181448678076214/00002.mp4,198,206,4.643888473510742,0.9999999999999999
120,7,/home/nabizadz/Projects/Mahsa/datasets/lrs2/lrs2_v1/mvlrs_v1/main/6336917155541276097/00007.mp4,225,233,4.643888473510742,0.9999999999999996
121,0,/home/nabizadz/Projects/Mahsa/datasets/lrs2/lrs2_v1/mvlrs_v1/main/6375448166147161013/00031.mp4,58,66,2.988805055618286,0.9587598370698621
121,1,/home/nabizadz/Projects/Mahsa/datasets/lrs2/lrs2_v1/mvlrs_v1/main/6375480378401815497/00001.mp4,269,277,4.643888473510742,0.9999999999999998
121,2,/home/nabizadz/Projects/Mahsa/datasets/lrs2/lrs2_v1/mvlrs_v1/main/6375480378401815497/00004.mp4,145,153,4.228179454803467,1.0
121,3,/home/nabizadz/Projects/Mahsa/datasets/lrs2/lrs2_v1/mvlrs_v1/main/6375480378401815497/00011.mp4,224,232,4.643888473510742,1.0
121,4,/home/nabizadz/Projects/Mahsa/datasets/lrs2/lrs2_v1/mvlrs_v1/main/6375480378401815497/00024.mp4,260,268,4.643888473510742,0.9999999999999999
121,5,/home/nabizadz/Projects/Mahsa/datasets/lrs2/lrs2_v1/mvlrs_v1/main/6375516456127164915/00004.mp4,79,87,3.6539950370788574,0.976963165805577
121,6,/home/nabizadz/Projects/Mahsa/datasets/lrs2/lrs2_v1/mvlrs_v1/main/6375516456127164915/00006.mp4,258,266,4.643888473510742,0.9999999999999997
121,7,/home/nabizadz/Projects/Mahsa/datasets/lrs2/lrs2_v1/mvlrs_v1/main/6375516456127164915/00014.mp4,5,13,3.798936128616333,0.995770483811732
122,0,/home/nabizadz/Projects/Mahsa/datasets/lrs2/lrs2_v1/mvlrs_v1/main/6375915888085690147/00005.mp4,161,169,4.643888473510742,0.9999999999999999
122,1,/home/nabizadz/Projects/Mahsa/datasets/lrs2/lrs2_v1/mvlrs_v1/main/6375915888085690147/00015.mp4,53,61,4.027743816375732,0.9980679965833875
122,2,/home/nabizadz/Projects/Mahsa/datasets/lrs2/lrs2_v1/mvlrs_v1/main/6336917155541276097/00022.mp4,243,251,4.643888473510742,0.9999999999999999
122,3,/home/nabizadz/Projects/Mahsa/datasets/lrs2/lrs2_v1/mvlrs_v1/main/6375915888085690147/00022.mp4,8,16,4.307385444641113,0.9982844659703317
122,4,/home/nabizadz/Projects/Mahsa/datasets/lrs2/lrs2_v1/mvlrs_v1/main/6375915888085690147/00023.mp4,54,62,3.0008397102355957,0.9253363038334244
122,5,/home/nabizadz/Projects/Mahsa/datasets/lrs2/lrs2_v1/mvlrs_v1/main/6375915888085690147/00033.mp4,43,51,2.8902688026428223,0.9534579003939052
122,6,/home/nabizadz/Projects/Mahsa/datasets/lrs2/lrs2_v1/mvlrs_v1/main/6375915888085690147/00041.mp4,41,49,3.618159055709839,0.9936208893525608
122,7,/home/nabizadz/Projects/Mahsa/datasets/lrs2/lrs2_v1/mvlrs_v1/main/6375915888085690147/00045.mp4,251,259,4.643888473510742,0.9999999999999998
123,0,/home/nabizadz/Projects/Mahsa/datasets/lrs2/lrs2_v1/mvlrs_v1/main/6375915888085690147/00047.mp4,19,27,2.9731199741363525,0.9811402283255591
123,1,/home/nabizadz/Projects/Mahsa/datasets/lrs2/lrs2_v1/mvlrs_v1/main/6375915888085690147/00048.mp4,149,157,3.843886375427246,0.9969882612130155
123,2,/home/nabizadz/Projects/Mahsa/datasets/lrs2/lrs2_v1/mvlrs_v1/main/6375923619026758902/00014.mp4,76,84,3.127469062805176,0.9903222878402815
123,3,/home/nabizadz/Projects/Mahsa/datasets/lrs2/lrs2_v1/mvlrs_v1/main/6375923619026758902/00015.mp4,48,56,3.6720011234283447,0.9920385124141613
123,4,/home/nabizadz/Projects/Mahsa/datasets/lrs2/lrs2_v1/mvlrs_v1/main/6375923619026758902/00020.mp4,7,15,4.264148235321045,0.9973531489835586
123,5,/home/nabizadz/Projects/Mahsa/datasets/lrs2/lrs2_v1/mvlrs_v1/main/6336917155541276097/00037.mp4,25,33,2.782217264175415,0.8274390754103806
123,6,/home/nabizadz/Projects/Mahsa/datasets/lrs2/lrs2_v1/mvlrs_v1/main/6376310166083398929/00004.mp4,67,75,3.6144726276397705,0.9943805233473113
123,7,/home/nabizadz/Projects/Mahsa/datasets/lrs2/lrs2_v1/mvlrs_v1/main/6376623269199281113/00006.mp4,187,195,4.643888473510742,0.9999999999999997
124,0,/home/nabizadz/Projects/Mahsa/datasets/lrs2/lrs2_v1/mvlrs_v1/main/6376623269199281113/00008.mp4,175,183,3.730006217956543,0.9868154668965595
124,1,/home/nabizadz/Projects/Mahsa/datasets/lrs2/lrs2_v1/mvlrs_v1/main/6376623269199281113/00012.mp4,155,163,3.8310799598693848,0.9867058566538365
124,2,/home/nabizadz/Projects/Mahsa/datasets/lrs2/lrs2_v1/mvlrs_v1/main/6377052336432217027/00002.mp4,5,13,4.232059478759766,0.9986208230342222
124,3,/home/nabizadz/Projects/Mahsa/datasets/lrs2/lrs2_v1/mvlrs_v1/main/6377052336432217027/00006.mp4,153,161,3.677276134490967,0.9969025052948456
124,4,/home/nabizadz/Projects/Mahsa/datasets/lrs2/lrs2_v1/mvlrs_v1/main/6377052336432217027/00008.mp4,273,281,4.643888473510742,0.9999999999999998
124,5,/home/nabizadz/Projects/Mahsa/datasets/lrs2/lrs2_v1/mvlrs_v1/main/6377365439548029922/00007.mp4,102,110,3.813613176345825,0.9835224964170755
124,6,/home/nabizadz/Projects/Mahsa/datasets/lrs2/lrs2_v1/mvlrs_v1/main/6377365439548029922/00009.mp4,42,50,3.1733884811401367,0.9494141815273568
124,7,/home/nabizadz/Projects/Mahsa/datasets/lrs2/lrs2_v1/mvlrs_v1/main/6377365439548029922/00022.mp4,215,223,4.643888473510742,0.9999999999999999
125,0,/home/nabizadz/Projects/Mahsa/datasets/lrs2/lrs2_v1/mvlrs_v1/main/6377365439548029922/00024.mp4,61,69,3.3305020332336426,0.988858746162644
125,1,/home/nabizadz/Projects/Mahsa/datasets/lrs2/lrs2_v1/mvlrs_v1/main/6377365439548029922/00025.mp4,137,145,4.140698432922363,0.9999999999999999
125,2,/home/nabizadz/Projects/Mahsa/datasets/lrs2/lrs2_v1/mvlrs_v1/main/6377365439548029922/00026.mp4,44,52,3.7486484050750732,0.9906204081798493
125,3,/home/nabizadz/Projects/Mahsa/datasets/lrs2/lrs2_v1/mvlrs_v1/main/6377365439548029922/00031.mp4,117,125,4.1959919929504395,0.9999999999999999
125,4,/home/nabizadz/Projects/Mahsa/datasets/lrs2/lrs2_v1/mvlrs_v1/main/6377365439548029922/00039.mp4,265,273,4.643888473510742,0.9999999999999998
125,5,/home/nabizadz/Projects/Mahsa/datasets/lrs2/lrs2_v1/mvlrs_v1/main/6377400228783189968/00001.mp4,264,272,4.643888473510742,0.9999999999999997
125,6,/home/nabizadz/Projects/Mahsa/datasets/lrs2/lrs2_v1/mvlrs_v1/main/6377400228783189968/00015.mp4,45,53,2.365830183029175,0.9306229500460224
125,7,/home/nabizadz/Projects/Mahsa/datasets/lrs2/lrs2_v1/mvlrs_v1/main/6377779044898631026/00001.mp4,252,260,4.643888473510742,1.0
126,0,/home/nabizadz/Projects/Mahsa/datasets/lrs2/lrs2_v1/mvlrs_v1/main/6377794506780964609/00004.mp4,239,247,4.643888473510742,0.9999999999999999
126,1,/home/nabizadz/Projects/Mahsa/datasets/lrs2/lrs2_v1/mvlrs_v1/main/6377794506780964609/00009.mp4,2,10,4.274953365325928,0.9992439613207528
126,2,/home/nabizadz/Projects/Mahsa/datasets/lrs2/lrs2_v1/mvlrs_v1/main/6377794506780964609/00010.mp4,228,236,4.643888473510742,0.9999999999999997
126,3,/home/nabizadz/Projects/Mahsa/datasets/lrs2/lrs2_v1/mvlrs_v1/main/6377794506780964609/00012.mp4,174,182,4.643888473510742,0.9999999999999994
126,4,/home/nabizadz/Projects/Mahsa/datasets/lrs2/lrs2_v1/mvlrs_v1/main/6377794506780964609/00013.mp4,119,127,4.206073760986328,0.9999999999999999
126,5,/home/nabizadz/Projects/Mahsa/datasets/lrs2/lrs2_v1/mvlrs_v1/main/6378096013485054233/00006.mp4,281,289,4.643888473510742,0.9999999999999998
126,6,/home/nabizadz/Projects/Mahsa/datasets/lrs2/lrs2_v1/mvlrs_v1/main/6378324076248495598/00012.mp4,206,214,4.643888473510742,0.9999999999999998
126,7,/home/nabizadz/Projects/Mahsa/datasets/lrs2/lrs2_v1/mvlrs_v1/main/6378795663657663776/00003.mp4,260,268,4.643888473510742,0.9999999999999998
127,0,/home/nabizadz/Projects/Mahsa/datasets/lrs2/lrs2_v1/mvlrs_v1/main/6378795663657663776/00004.mp4,125,133,4.188223361968994,1.0
127,1,/home/nabizadz/Projects/Mahsa/datasets/lrs2/lrs2_v1/mvlrs_v1/main/6378795663657663776/00006.mp4,46,54,3.2981526851654053,0.9768248075445395
127,2,/home/nabizadz/Projects/Mahsa/datasets/lrs2/lrs2_v1/mvlrs_v1/main/6378853645716094465/00004.mp4,275,283,4.643888473510742,0.9999999999999999
127,3,/home/nabizadz/Projects/Mahsa/datasets/lrs2/lrs2_v1/mvlrs_v1/main/6378853645716094465/00007.mp4,3,11,4.1831746101379395,0.9987921045635552
127,4,/home/nabizadz/Projects/Mahsa/datasets/lrs2/lrs2_v1/mvlrs_v1/main/6378907762304088259/00004.mp4,63,71,3.220884084701538,0.9648830402046247
127,5,/home/nabizadz/Projects/Mahsa/datasets/lrs2/lrs2_v1/mvlrs_v1/main/6378907762304088259/00008.mp4,160,168,3.5344786643981934,0.9776113750601123
127,6,/home/nabizadz/Projects/Mahsa/datasets/lrs2/lrs2_v1/mvlrs_v1/main/6379224730890468911/00024.mp4,217,225,4.643888473510742,0.9999999999999997
127,7,/home/nabizadz/Projects/Mahsa/datasets/lrs2/lrs2_v1/mvlrs_v1/main/6379224730890468911/00025.mp4,246,254,4.643888473510742,1.0
128,0,/home/nabizadz/Projects/Mahsa/datasets/lrs2/lrs2_v1/mvlrs_v1/main/6379537834006412580/00008.mp4,27,35,2.739224433898926,0.9367814481328907
128,1,/home/nabizadz/Projects/Mahsa/datasets/lrs2/lrs2_v1/mvlrs_v1/main/6379537834006412580/00010.mp4,291,299,4.643888473510742,0.9999999999999999
128,2,/home/nabizadz/Projects/Mahsa/datasets/lrs2/lrs2_v1/mvlrs_v1/main/6379537834006412580/00017.mp4,97,105,3.5480527877807617,0.9783717397005516
128,3,/home/nabizadz/Projects/Mahsa/datasets/lrs2/lrs2_v1/mvlrs_v1/main/6379537834006412580/00020.mp4,281,289,4.643888473510742,1.0
128,4,/home/nabizadz/Projects/Mahsa/datasets/lrs2/lrs2_v1/mvlrs_v1/main/6379595816064843367/00017.mp4,264,272,4.643888473510742,0.9999999999999999
128,5,/home/nabizadz/Projects/Mahsa/datasets/lrs2/lrs2_v1/mvlrs_v1/main/6379649932652838513/00008.mp4,67,75,3.2429256439208984,0.9872037996509033
128,6,/home/nabizadz/Projects/Mahsa/datasets/lrs2/lrs2_v1/mvlrs_v1/main/6379649932652838513/00016.mp4,43,51,3.2615129947662354,0.9838107360887222
128,7,/home/nabizadz/Projects/Mahsa/datasets/lrs2/lrs2_v1/mvlrs_v1/main/6379908919180786981/00001.mp4,100,108,3.904646873474121,0.9995547028865923
129,0,/home/nabizadz/Projects/Mahsa/datasets/lrs2/lrs2_v1/mvlrs_v1/main/6379908919180786981/00003.mp4,212,220,4.643888473510742,1.0
129,1,/home/nabizadz/Projects/Mahsa/datasets/lrs2/lrs2_v1/mvlrs_v1/main/6379908919180786981/00007.mp4,285,293,4.643888473510742,0.9999999999999997
129,2,/home/nabizadz/Projects/Mahsa/datasets/lrs2/lrs2_v1/mvlrs_v1/main/6380021017827118123/00015.mp4,250,258,4.643888473510742,0.9999999999999996
129,3,/home/nabizadz/Projects/Mahsa/datasets/lrs2/lrs2_v1/mvlrs_v1/main/6380021017957616097/00018.mp4,249,257,4.643888473510742,0.9999999999999997
129,4,/home/nabizadz/Projects/Mahsa/datasets/lrs2/lrs2_v1/mvlrs_v1/main/6380021017957616097/00021.mp4,219,227,4.643888473510742,0.9999999999999998
129,5,/home/nabizadz/Projects/Mahsa/datasets/lrs2/lrs2_v1/mvlrs_v1/main/6380021017957616097/00030.mp4,84,92,3.8819313049316406,0.9904004116172531
129,6,/home/nabizadz/Projects/Mahsa/datasets/lrs2/lrs2_v1/mvlrs_v1/main/6380036479839881698/00007.mp4,93,101,3.33870792388916,0.9968725687447461
129,7,/home/nabizadz/Projects/Mahsa/datasets/lrs2/lrs2_v1/mvlrs_v1/main/6380036479839881698/00012.mp4,146,154,4.239471435546875,0.9999999999999997
130,0,/home/nabizadz/Projects/Mahsa/datasets/lrs2/lrs2_v1/mvlrs_v1/main/6380036479839881698/00027.mp4,230,238,3.575418472290039,0.9893717549334429
130,1,/home/nabizadz/Projects/Mahsa/datasets/lrs2/lrs2_v1/mvlrs_v1/main/6380036479839881698/00029.mp4,204,212,4.643888473510742,0.9999999999999998
130,2,/home/nabizadz/Projects/Mahsa/datasets/lrs2/lrs2_v1/mvlrs_v1/main/6380036479839881698/00036.mp4,247,255,4.643887996673584,0.9999999999999998
130,3,/home/nabizadz/Projects/Mahsa/datasets/lrs2/lrs2_v1/mvlrs_v1/main/6380036479839881698/00047.mp4,21,29,3.5030806064605713,0.9803522935388703
130,4,/home/nabizadz/Projects/Mahsa/datasets/lrs2/lrs2_v1/mvlrs_v1/main/6380036479839881698/00049.mp4,38,46,3.2132809162139893,0.9886816034255224
130,5,/home/nabizadz/Projects/Mahsa/datasets/lrs2/lrs2_v1/mvlrs_v1/main/6380280004355161382/00011.mp4,20,28,3.6004388332366943,0.9871828142818573
130,6,/home/nabizadz/Projects/Mahsa/datasets/lrs2/lrs2_v1/mvlrs_v1/main/6380280004355161382/00018.mp4,177,185,4.643888473510742,0.9999999999999998
130,7,/home/nabizadz/Projects/Mahsa/datasets/lrs2/lrs2_v1/mvlrs_v1/main/6380921672469118671/00002.mp4,51,59,4.040520191192627,0.995863207560165
131,0,/home/nabizadz/Projects/Mahsa/datasets/lrs2/lrs2_v1/mvlrs_v1/main/6381381663466492945/00005.mp4,126,134,2.9063708782196045,0.9999508379853023
131,1,/home/nabizadz/Projects/Mahsa/datasets/lrs2/lrs2_v1/mvlrs_v1/main/6381381663466492945/00031.mp4,260,268,4.643888473510742,0.9999999999999998
131,2,/home/nabizadz/Projects/Mahsa/datasets/lrs2/lrs2_v1/mvlrs_v1/main/6381381663466492945/00032.mp4,157,165,3.6901888847351074,0.9792237939376893
131,3,/home/nabizadz/Projects/Mahsa/datasets/lrs2/lrs2_v1/mvlrs_v1/main/6381395836858569746/00005.mp4,264,272,4.643888473510742,0.9999999999999998
131,4,/home/nabizadz/Projects/Mahsa/datasets/lrs2/lrs2_v1/mvlrs_v1/main/6381395836858569746/00009.mp4,213,221,4.643888473510742,1.0
131,5,/home/nabizadz/Projects/Mahsa/datasets/lrs2/lrs2_v1/mvlrs_v1/main/6381766922032944158/00007.mp4,160,168,4.643888473510742,0.9999999999999998
131,6,/home/nabizadz/Projects/Mahsa/datasets/lrs2/lrs2_v1/mvlrs_v1/main/6381766922032944158/00011.mp4,220,228,4.176655292510986,0.9999329960623269
131,7,/home/nabizadz/Projects/Mahsa/datasets/lrs2/lrs2_v1/mvlrs_v1/main/6381766922032944158/00020.mp4,275,283,4.643888473510742,0.9999999999999997
132,0,/home/nabizadz/Projects/Mahsa/datasets/lrs2/lrs2_v1/mvlrs_v1/main/6381853250875656673/00019.mp4,201,209,4.643888473510742,0.9999999999999999
132,1,/home/nabizadz/Projects/Mahsa/datasets/lrs2/lrs2_v1/mvlrs_v1/main/6381853250875656673/00027.mp4,274,282,4.643888473510742,0.9999999999999997
132,2,/home/nabizadz/Projects/Mahsa/datasets/lrs2/lrs2_v1/mvlrs_v1/main/6382138007207318567/00010.mp4,128,136,3.6467180252075195,0.9893249103629784
132,3,/home/nabizadz/Projects/Mahsa/datasets/lrs2/lrs2_v1/mvlrs_v1/main/6382189546814897943/00006.mp4,173,181,4.643888473510742,0.9999999999999998
132,4,/home/nabizadz/Projects/Mahsa/datasets/lrs2/lrs2_v1/mvlrs_v1/main/6382189546814897943/00013.mp4,22,30,3.367103099822998,0.9736069169098484
132,5,/home/nabizadz/Projects/Mahsa/datasets/lrs2/lrs2_v1/mvlrs_v1/main/6382189546814897943/00014.mp4,30,38,3.1233747005462646,0.9776298802221864
132,6,/home/nabizadz/Projects/Mahsa/datasets/lrs2/lrs2_v1/mvlrs_v1/main/6382189546814897943/00018.mp4,4,12,4.078006267547607,0.9995442295172244
132,7,/home/nabizadz/Projects/Mahsa/datasets/lrs2/lrs2_v1/mvlrs_v1/main/6382189546814897943/00019.mp4,78,86,3.764014720916748,0.98754762247479
133,0,/home/nabizadz/Projects/Mahsa/datasets/lrs2/lrs2_v1/mvlrs_v1/main/6382232067121597643/00009.mp4,185,193,4.643888473510742,0.9999999999999997
133,1,/home/nabizadz/Projects/Mahsa/datasets/lrs2/lrs2_v1/mvlrs_v1/main/6382232067121597643/00013.mp4,26,34,2.848690986633301,0.9650142860038821
133,2,/home/nabizadz/Projects/Mahsa/datasets/lrs2/lrs2_v1/mvlrs_v1/main/6382247528873432347/00016.mp4,161,169,4.643888473510742,0.9999999999999999
133,3,/home/nabizadz/Projects/Mahsa/datasets/lrs2/lrs2_v1/mvlrs_v1/main/6382247528873432347/00020.mp4,204,212,4.643888473510742,0.9999999999999999
133,4,/home/nabizadz/Projects/Mahsa/datasets/lrs2/lrs2_v1/mvlrs_v1/main/6382189546814897943/00023.mp4,196,204,4.643888473510742,0.9999999999999998
133,5,/home/nabizadz/Projects/Mahsa/datasets/lrs2/lrs2_v1/mvlrs_v1/main/6382189546814897943/00024.mp4,264,272,4.643888473510742,0.9999999999999999
133,6,/home/nabizadz/Projects/Mahsa/datasets/lrs2/lrs2_v1/mvlrs_v1/main/6382189546814897943/00026.mp4,55,63,2.953758955001831,0.9392998189458354
133,7,/home/nabizadz/Projects/Mahsa/datasets/lrs2/lrs2_v1/mvlrs_v1/main/6382189546814897943/00036.mp4,276,284,4.643888473510742,1.0
134,0,/home/nabizadz/Projects/Mahsa/datasets/lrs2/lrs2_v1/mvlrs_v1/main/6382506515401378320/00001.mp4,150,158,4.152712345123291,0.9999999999999999
134,1,/home/nabizadz/Projects/Mahsa/datasets/lrs2/lrs2_v1/mvlrs_v1/main/6382595421224405529/00009.mp4,184,192,4.643888473510742,0.9999999999999999
134,2,/home/nabizadz/Projects/Mahsa/datasets/lrs2/lrs2_v1/mvlrs_v1/main/6382595421224405529/00020.mp4,165,173,4.643888473510742,0.9999999999999998
134,3,/home/nabizadz/Projects/Mahsa/datasets/lrs2/lrs2_v1/mvlrs_v1/main/6382618614178237455/00003.mp4,105,113,3.4423298835754395,0.9844473800287598
134,4,/home/nabizadz/Projects/Mahsa/datasets/lrs2/lrs2_v1/mvlrs_v1/main/6382618614178237455/00013.mp4,235,243,3.3559694290161133,0.9951642783983375
134,5,/home/nabizadz/Projects/Mahsa/datasets/lrs2/lrs2_v1/mvlrs_v1/main/6382618614178237455/00014.mp4,107,115,3.5058629512786865,0.9732646116175119
134,6,/home/nabizadz/Projects/Mahsa/datasets/lrs2/lrs2_v1/mvlrs_v1/main/6382618614178237455/00017.mp4,158,166,3.175361394882202,0.9761813075594319
134,7,/home/nabizadz/Projects/Mahsa/datasets/lrs2/lrs2_v1/mvlrs_v1/main/6382618614178237455/00020.mp4,292,300,4.643888473510742,0.9999999999999998
135,0,/home/nabizadz/Projects/Mahsa/datasets/lrs2/lrs2_v1/mvlrs_v1/main/6382618614178237455/00024.mp4,45,53,3.9427504539489746,0.9907298265257738
135,1,/home/nabizadz/Projects/Mahsa/datasets/lrs2/lrs2_v1/mvlrs_v1/main/6382618614178237455/00026.mp4,206,214,4.230436325073242,0.9999624598365272
135,2,/home/nabizadz/Projects/Mahsa/datasets/lrs2/lrs2_v1/mvlrs_v1/main/6382618614178237455/00029.mp4,216,224,2.956653594970703,0.9854464796332965
135,3,/home/nabizadz/Projects/Mahsa/datasets/lrs2/lrs2_v1/mvlrs_v1/main/6382618614178237455/00033.mp4,121,129,3.996166467666626,0.9978641537968175
135,4,/home/nabizadz/Projects/Mahsa/datasets/lrs2/lrs2_v1/mvlrs_v1/main/6382618614178237455/00035.mp4,141,149,4.116330146789551,0.9999999999999999
135,5,/home/nabizadz/Projects/Mahsa/datasets/lrs2/lrs2_v1/mvlrs_v1/main/6382618614178237455/00036.mp4,19,27,3.6461150646209717,0.9934480722918214
135,6,/home/nabizadz/Projects/Mahsa/datasets/lrs2/lrs2_v1/mvlrs_v1/main/6382618614178237455/00037.mp4,115,123,4.1307830810546875,0.9999999999999996
135,7,/home/nabizadz/Projects/Mahsa/datasets/lrs2/lrs2_v1/mvlrs_v1/main/6382618614178237455/00045.mp4,128,136,4.135252952575684,0.9993731373853788
136,0,/home/nabizadz/Projects/Mahsa/datasets/lrs2/lrs2_v1/mvlrs_v1/main/6382866004163990600/00003.mp4,235,243,4.643888473510742,0.9999999999999998
136,1,/home/nabizadz/Projects/Mahsa/datasets/lrs2/lrs2_v1/mvlrs_v1/main/6382877600575782419/00001.mp4,196,204,4.643888473510742,1.0
136,2,/home/nabizadz/Projects/Mahsa/datasets/lrs2/lrs2_v1/mvlrs_v1/main/6382880177556067401/00003.mp4,70,78,3.0025970935821533,0.9317916095555484
136,3,/home/nabizadz/Projects/Mahsa/datasets/lrs2/lrs2_v1/mvlrs_v1/main/6382880177556067401/00006.mp4,64,72,3.294999122619629,0.9528309357567468
136,4,/home/nabizadz/Projects/Mahsa/datasets/lrs2/lrs2_v1/mvlrs_v1/main/6382880177556067401/00009.mp4,141,149,3.695854902267456,0.9895278648027289
136,5,/home/nabizadz/Projects/Mahsa/datasets/lrs2/lrs2_v1/mvlrs_v1/main/6382880177556067401/00014.mp4,220,228,4.643888473510742,1.0
136,6,/home/nabizadz/Projects/Mahsa/datasets/lrs2/lrs2_v1/mvlrs_v1/main/6382880177556067401/00020.mp4,81,89,4.306753635406494,0.9863066209340053
136,7,/home/nabizadz/Projects/Mahsa/datasets/lrs2/lrs2_v1/mvlrs_v1/main/6382931717163617970/00008.mp4,182,190,4.643888473510742,1.0
137,0,/home/nabizadz/Projects/Mahsa/datasets/lrs2/lrs2_v1/mvlrs_v1/main/6382931717163617970/00017.mp4,215,223,4.643888473510742,0.9999999999999997
137,1,/home/nabizadz/Projects/Mahsa/datasets/lrs2/lrs2_v1/mvlrs_v1/main/6382931717163617970/00025.mp4,37,45,3.4538156986236572,0.9625317166654671
137,2,/home/nabizadz/Projects/Mahsa/datasets/lrs2/lrs2_v1/mvlrs_v1/main/6382974237339848372/00005.mp4,92,100,4.109946250915527,0.9999999999999998
137,3,/home/nabizadz/Projects/Mahsa/datasets/lrs2/lrs2_v1/mvlrs_v1/main/6383596578101103163/00010.mp4,285,293,4.643888473510742,0.9999999999999997
137,4,/home/nabizadz/Projects/Mahsa/datasets/lrs2/lrs2_v1/mvlrs_v1/main/6383716407688597209/00001.mp4,74,82,3.5235791206359863,0.989662748047736
137,5,/home/nabizadz/Projects/Mahsa/datasets/lrs2/lrs2_v1/mvlrs_v1/main/6383716407688597209/00006.mp4,265,273,4.643888473510742,1.0
137,6,/home/nabizadz/Projects/Mahsa/datasets/lrs2/lrs2_v1/mvlrs_v1/main/6383716407688597209/00011.mp4,190,198,4.643888473510742,0.9999999999999998
137,7,/home/nabizadz/Projects/Mahsa/datasets/lrs2/lrs2_v1/mvlrs_v1/main/6383716407688597209/00018.mp4,115,123,3.3560805320739746,0.9998637703205081
138,0,/home/nabizadz/Projects/Mahsa/datasets/lrs2/lrs2_v1/mvlrs_v1/main/6383716407688597209/00020.mp4,156,164,4.643888473510742,0.9999999999999998
138,1,/home/nabizadz/Projects/Mahsa/datasets/lrs2/lrs2_v1/mvlrs_v1/main/6383716407688597209/00024.mp4,102,110,3.3130569458007812,0.956500993316427
138,2,/home/nabizadz/Projects/Mahsa/datasets/lrs2/lrs2_v1/mvlrs_v1/main/6383716407688597209/00025.mp4,209,217,4.643888473510742,0.9999999999999997
138,3,/home/nabizadz/Projects/Mahsa/datasets/lrs2/lrs2_v1/mvlrs_v1/main/6383716407688597209/00035.mp4,213,221,3.6260364055633545,0.9835982371813251
138,4,/home/nabizadz/Projects/Mahsa/datasets/lrs2/lrs2_v1/mvlrs_v1/main/6383716407688597209/00036.mp4,147,155,2.658106803894043,0.983195823678891
138,5,/home/nabizadz/Projects/Mahsa/datasets/lrs2/lrs2_v1/mvlrs_v1/main/6383990856098877828/00004.mp4,66,74,3.0172581672668457,0.9675177630188644
138,6,/home/nabizadz/Projects/Mahsa/datasets/lrs2/lrs2_v1/mvlrs_v1/main/6383990856098877828/00005.mp4,57,65,3.210780382156372,0.9437903928714858
138,7,/home/nabizadz/Projects/Mahsa/datasets/lrs2/lrs2_v1/mvlrs_v1/main/6383993433079191521/00008.mp4,12,20,3.9148166179656982,0.9866519887533042
139,0,/home/nabizadz/Projects/Mahsa/datasets/lrs2/lrs2_v1/mvlrs_v1/main/6384102954745239874/00014.mp4,55,63,3.145141124725342,0.9711897739967376
139,1,/home/nabizadz/Projects/Mahsa/datasets/lrs2/lrs2_v1/mvlrs_v1/main/6384102954745239874/00019.mp4,274,282,4.643888473510742,1.0
139,2,/home/nabizadz/Projects/Mahsa/datasets/lrs2/lrs2_v1/mvlrs_v1/main/6384361941273252259/00010.mp4,112,120,4.020849227905273,0.9999999999999999
139,3,/home/nabizadz/Projects/Mahsa/datasets/lrs2/lrs2_v1/mvlrs_v1/main/6384361941273252259/00012.mp4,114,122,4.189146995544434,1.0
139,4,/home/nabizadz/Projects/Mahsa/datasets/lrs2/lrs2_v1/mvlrs_v1/main/6384044972686741229/00003.mp4,183,191,3.778418779373169,0.9803008402917646
139,5,/home/nabizadz/Projects/Mahsa/datasets/lrs2/lrs2_v1/mvlrs_v1/main/6384044972686741229/00013.mp4,38,46,4.120654106140137,0.9957402508263519
139,6,/home/nabizadz/Projects/Mahsa/datasets/lrs2/lrs2_v1/mvlrs_v1/main/6384044972686741229/00035.mp4,225,233,3.616302967071533,0.9808907122612535
139,7,/home/nabizadz/Projects/Mahsa/datasets/lrs2/lrs2_v1/mvlrs_v1/main/6384102954745239874/00007.mp4,155,163,4.643888473510742,1.0
140,0,/home/nabizadz/Projects/Mahsa/datasets/lrs2/lrs2_v1/mvlrs_v1/main/6384364518253565937/00001.mp4,215,223,4.643888473510742,0.9999999999999998
140,1,/home/nabizadz/Projects/Mahsa/datasets/lrs2/lrs2_v1/mvlrs_v1/main/6384364518253565937/00011.mp4,184,192,4.114605903625488,0.9981017334940561
140,2,/home/nabizadz/Projects/Mahsa/datasets/lrs2/lrs2_v1/mvlrs_v1/main/6384364518253565937/00017.mp4,115,123,4.199843883514404,0.9999999999999999
140,3,/home/nabizadz/Projects/Mahsa/datasets/lrs2/lrs2_v1/mvlrs_v1/main/6384787143035490080/00002.mp4,101,109,3.788893699645996,0.9859579151947526
140,4,/home/nabizadz/Projects/Mahsa/datasets/lrs2/lrs2_v1/mvlrs_v1/main/6384787143035490080/00008.mp4,267,275,4.643888473510742,1.0
140,5,/home/nabizadz/Projects/Mahsa/datasets/lrs2/lrs2_v1/mvlrs_v1/main/6384787143035490080/00011.mp4,10,18,3.0485217571258545,0.9683566920934061
140,6,/home/nabizadz/Projects/Mahsa/datasets/lrs2/lrs2_v1/mvlrs_v1/main/6384829663342218937/00003.mp4,220,228,4.643888473510742,0.9999999999999998
140,7,/home/nabizadz/Projects/Mahsa/datasets/lrs2/lrs2_v1/mvlrs_v1/main/6384829663342218937/00011.mp4,267,275,4.530325412750244,0.9999999975343142
141,0,/home/nabizadz/Projects/Mahsa/datasets/lrs2/lrs2_v1/mvlrs_v1/main/6384829663342218937/00013.mp4,161,169,4.643888473510742,0.9999999999999997
141,1,/home/nabizadz/Projects/Mahsa/datasets/lrs2/lrs2_v1/mvlrs_v1/main/6384829663342218937/00026.mp4,202,210,4.643888473510742,0.9999999999999998
141,2,/home/nabizadz/Projects/Mahsa/datasets/lrs2/lrs2_v1/mvlrs_v1/main/6384829663342218937/00028.mp4,240,248,4.643888473510742,0.9999999999999998
141,3,/home/nabizadz/Projects/Mahsa/datasets/lrs2/lrs2_v1/mvlrs_v1/main/6384829663342218937/00034.mp4,105,113,3.456868886947632,0.9896988132491883
141,4,/home/nabizadz/Projects/Mahsa/datasets/lrs2/lrs2_v1/mvlrs_v1/main/6384829663342218937/00039.mp4,35,43,3.637497901916504,0.985349962106837
141,5,/home/nabizadz/Projects/Mahsa/datasets/lrs2/lrs2_v1/mvlrs_v1/main/6385104111622001114/00002.mp4,145,153,4.217340469360352,1.0
141,6,/home/nabizadz/Projects/Mahsa/datasets/lrs2/lrs2_v1/mvlrs_v1/main/6385104111622001114/00007.mp4,128,136,4.099483966827393,0.9897821952692861
141,7,/home/nabizadz/Projects/Mahsa/datasets/lrs2/lrs2_v1/mvlrs_v1/main/6385106688602316013/00004.mp4,289,297,4.643888473510742,0.9999999999999997
142,0,/home/nabizadz/Projects/Mahsa/datasets/lrs2/lrs2_v1/mvlrs_v1/main/6385106688602316013/00005.mp4,28,36,3.505446672439575,0.9834980597023271
142,1,/home/nabizadz/Projects/Mahsa/datasets/lrs2/lrs2_v1/mvlrs_v1/main/6385106688602316013/00013.mp4,232,240,4.109817981719971,0.9965697782346026
142,2,/home/nabizadz/Projects/Mahsa/datasets/lrs2/lrs2_v1/mvlrs_v1/main/6385106688602316013/00026.mp4,196,204,4.643888473510742,0.9999999999999997
142,3,/home/nabizadz/Projects/Mahsa/datasets/lrs2/lrs2_v1/mvlrs_v1/main/6385106688602316013/00028.mp4,110,118,4.033071041107178,0.9999999999999999
142,4,/home/nabizadz/Projects/Mahsa/datasets/lrs2/lrs2_v1/mvlrs_v1/main/6385106688602316013/00040.mp4,49,57,3.6779184341430664,0.9779582731906521
142,5,/home/nabizadz/Projects/Mahsa/datasets/lrs2/lrs2_v1/mvlrs_v1/main/6385106688602316013/00041.mp4,281,289,4.643888473510742,0.9999999999999998
142,6,/home/nabizadz/Projects/Mahsa/datasets/lrs2/lrs2_v1/mvlrs_v1/main/6385158228209864505/00003.mp4,39,47,3.8107833862304688,0.980076108960834
142,7,/home/nabizadz/Projects/Mahsa/datasets/lrs2/lrs2_v1/mvlrs_v1/main/6385158228209864505/00005.mp4,148,156,4.17097282409668,0.9999999999999999
143,0,/home/nabizadz/Projects/Mahsa/datasets/lrs2/lrs2_v1/mvlrs_v1/main/6385158228209864505/00020.mp4,225,233,4.643888473510742,0.9999999999999997
143,1,/home/nabizadz/Projects/Mahsa/datasets/lrs2/lrs2_v1/mvlrs_v1/main/6385158228209864505/00028.mp4,48,56,2.9668333530426025,0.9475521714142018
143,2,/home/nabizadz/Projects/Mahsa/datasets/lrs2/lrs2_v1/mvlrs_v1/main/6385158228209864505/00031.mp4,150,158,3.5506415367126465,0.9928369662210903
143,3,/home/nabizadz/Projects/Mahsa/datasets/lrs2/lrs2_v1/mvlrs_v1/main/6385216210398859008/00005.mp4,180,188,4.643888473510742,0.9999999999999999
143,4,/home/nabizadz/Projects/Mahsa/datasets/lrs2/lrs2_v1/mvlrs_v1/main/6385216210398859008/00007.mp4,259,267,4.643888473510742,0.9999999999999998
143,5,/home/nabizadz/Projects/Mahsa/datasets/lrs2/lrs2_v1/mvlrs_v1/main/6385216210398859008/00009.mp4,34,42,3.8668737411499023,0.9849954249837393
143,6,/home/nabizadz/Projects/Mahsa/datasets/lrs2/lrs2_v1/mvlrs_v1/main/6385475196796375542/00001.mp4,49,57,3.604311227798462,0.9883719441118862
143,7,/home/nabizadz/Projects/Mahsa/datasets/lrs2/lrs2_v1/mvlrs_v1/main/6385571833560469334/00009.mp4,65,73,2.911034107208252,0.982398335611986
144,0,/home/nabizadz/Projects/Mahsa/datasets/lrs2/lrs2_v1/mvlrs_v1/main/6386314003909220420/00006.mp4,128,136,4.17087459564209,0.9999999999999999
144,1,/home/nabizadz/Projects/Mahsa/datasets/lrs2/lrs2_v1/mvlrs_v1/main/6386588452319500723/00008.mp4,39,47,3.467562675476074,0.9931796568258953
144,2,/home/nabizadz/Projects/Mahsa/datasets/lrs2/lrs2_v1/mvlrs_v1/main/6386588452319500723/00009.mp4,22,30,2.8947317600250244,0.9843999494282278
144,3,/home/nabizadz/Projects/Mahsa/datasets/lrs2/lrs2_v1/mvlrs_v1/main/6386588452319500723/00014.mp4,60,68,3.0680508613586426,0.9558063436161124
144,4,/home/nabizadz/Projects/Mahsa/datasets/lrs2/lrs2_v1/mvlrs_v1/main/6386700550965861901/00001.mp4,140,148,4.120358943939209,0.9999999999999998
144,5,/home/nabizadz/Projects/Mahsa/datasets/lrs2/lrs2_v1/mvlrs_v1/main/6386700550965861901/00013.mp4,238,246,4.643888473510742,0.9999999999999999
144,6,/home/nabizadz/Projects/Mahsa/datasets/lrs2/lrs2_v1/mvlrs_v1/main/6386700550965861901/00019.mp4,48,56,4.100308895111084,0.9930515764316336
144,7,/home/nabizadz/Projects/Mahsa/datasets/lrs2/lrs2_v1/mvlrs_v1/main/6386700550965861901/00030.mp4,255,263,4.643888473510742,0.9999999999999998
145,0,/home/nabizadz/Projects/Mahsa/datasets/lrs2/lrs2_v1/mvlrs_v1/main/6386959537493875163/00003.mp4,279,287,4.643888473510742,0.9999999999999996
145,1,/home/nabizadz/Projects/Mahsa/datasets/lrs2/lrs2_v1/mvlrs_v1/main/6386959537493875163/00004.mp4,91,99,3.396681785583496,0.9831579363760578
145,2,/home/nabizadz/Projects/Mahsa/datasets/lrs2/lrs2_v1/mvlrs_v1/main/6386959537493875163/00006.mp4,165,173,4.643888473510742,0.9999999999999998
145,3,/home/nabizadz/Projects/Mahsa/datasets/lrs2/lrs2_v1/mvlrs_v1/main/6386959537493875163/00014.mp4,37,45,3.231691837310791,0.9785026058220616
145,4,/home/nabizadz/Projects/Mahsa/datasets/lrs2/lrs2_v1/mvlrs_v1/main/6387319026256487668/00008.mp4,237,245,4.643888473510742,0.9999999999999998
145,5,/home/nabizadz/Projects/Mahsa/datasets/lrs2/lrs2_v1/mvlrs_v1/main/6387319026256487668/00016.mp4,172,180,4.643888473510742,0.9999999999999999
145,6,/home/nabizadz/Projects/Mahsa/datasets/lrs2/lrs2_v1/mvlrs_v1/main/6387330622668248413/00008.mp4,91,99,3.626540184020996,0.9996415287221438
145,7,/home/nabizadz/Projects/Mahsa/datasets/lrs2/lrs2_v1/mvlrs_v1/main/6387701707842623991/00004.mp4,95,103,2.4339287281036377,0.92316858196842
146,0,/home/nabizadz/Projects/Mahsa/datasets/lrs2/lrs2_v1/mvlrs_v1/main/6387701707842623991/00010.mp4,27,35,3.3162004947662354,0.9818782613119724
146,1,/home/nabizadz/Projects/Mahsa/datasets/lrs2/lrs2_v1/mvlrs_v1/main/6387705573313124513/00008.mp4,0,8,4.417128086090088,0.9999496399334862
146,2,/home/nabizadz/Projects/Mahsa/datasets/lrs2/lrs2_v1/mvlrs_v1/main/6387705573313124513/00019.mp4,4,12,3.937509536743164,0.9948048832441411
146,3,/home/nabizadz/Projects/Mahsa/datasets/lrs2/lrs2_v1/mvlrs_v1/main/6387755824430487717/00016.mp4,239,247,4.643888473510742,1.0
146,4,/home/nabizadz/Projects/Mahsa/datasets/lrs2/lrs2_v1/mvlrs_v1/main/6388072793016998420/00001.mp4,264,272,4.643888473510742,1.0
146,5,/home/nabizadz/Projects/Mahsa/datasets/lrs2/lrs2_v1/mvlrs_v1/main/6388072793016998420/00005.mp4,15,23,2.9707770347595215,0.9858458745677362
146,6,/home/nabizadz/Projects/Mahsa/datasets/lrs2/lrs2_v1/mvlrs_v1/main/6388072793016998420/00007.mp4,181,189,4.643888473510742,1.0
146,7,/home/nabizadz/Projects/Mahsa/datasets/lrs2/lrs2_v1/mvlrs_v1/main/6388072793016998420/00013.mp4,207,215,4.643888473510742,0.9999999999999999
147,0,/home/nabizadz/Projects/Mahsa/datasets/lrs2/lrs2_v1/mvlrs_v1/main/6388076658487498938/00016.mp4,115,123,4.191378116607666,0.9999999999999997
147,1,/home/nabizadz/Projects/Mahsa/datasets/lrs2/lrs2_v1/mvlrs_v1/main/6388076658487498938/00021.mp4,108,116,3.5180046558380127,0.9889927063216616
147,2,/home/nabizadz/Projects/Mahsa/datasets/lrs2/lrs2_v1/mvlrs_v1/main/6388126909604862142/00007.mp4,259,267,4.643888473510742,0.9999999999999999
147,3,/home/nabizadz/Projects/Mahsa/datasets/lrs2/lrs2_v1/mvlrs_v1/main/6388126909604862142/00013.mp4,145,153,4.20632791519165,1.0
147,4,/home/nabizadz/Projects/Mahsa/datasets/lrs2/lrs2_v1/mvlrs_v1/main/6388126909604862142/00020.mp4,86,94,3.78147554397583,0.9999446667727905
147,5,/home/nabizadz/Projects/Mahsa/datasets/lrs2/lrs2_v1/mvlrs_v1/main/6388126909604862142/00022.mp4,190,198,4.643888473510742,1.0
147,6,/home/nabizadz/Projects/Mahsa/datasets/lrs2/lrs2_v1/mvlrs_v1/main/6388126909604862142/00032.mp4,130,138,3.987100601196289,0.9876803838795959
147,7,/home/nabizadz/Projects/Mahsa/datasets/lrs2/lrs2_v1/mvlrs_v1/main/6388126909604862142/00033.mp4,18,26,3.985300302505493,0.9937152618680551
148,0,/home/nabizadz/Projects/Mahsa/datasets/lrs2/lrs2_v1/mvlrs_v1/main/6388126909604862142/00035.mp4,10,18,3.5485310554504395,0.9702970716874966
148,1,/home/nabizadz/Projects/Mahsa/datasets/lrs2/lrs2_v1/mvlrs_v1/main/6388126909604862142/00038.mp4,30,38,3.201870918273926,0.9767980169355197
148,2,/home/nabizadz/Projects/Mahsa/datasets/lrs2/lrs2_v1/mvlrs_v1/main/6388726057542659435/00015.mp4,287,295,4.643888473510742,1.0
148,3,/home/nabizadz/Projects/Mahsa/datasets/lrs2/lrs2_v1/mvlrs_v1/main/6388726057542659435/00028.mp4,111,119,3.50395131111145,0.9992983029247144
148,4,/home/nabizadz/Projects/Mahsa/datasets/lrs2/lrs2_v1/mvlrs_v1/main/6388772443189516866/00002.mp4,41,49,3.3996071815490723,0.9752271167579757
148,5,/home/nabizadz/Projects/Mahsa/datasets/lrs2/lrs2_v1/mvlrs_v1/main/6388911600129842790/00013.mp4,86,94,4.002910137176514,0.996143590784554
148,6,/home/nabizadz/Projects/Mahsa/datasets/lrs2/lrs2_v1/mvlrs_v1/main/6389545537302735360/00003.mp4,39,47,3.656521797180176,0.9803720925077657
148,7,/home/nabizadz/Projects/Mahsa/datasets/lrs2/lrs2_v1/mvlrs_v1/main/6389599653890730492/00015.mp4,50,58,4.050442695617676,0.9977677714072238
149,0,/home/nabizadz/Projects/Mahsa/datasets/lrs2/lrs2_v1/mvlrs_v1/main/6389599653890730492/00017.mp4,180,188,4.643888473510742,1.0
149,1,/home/nabizadz/Projects/Mahsa/datasets/lrs2/lrs2_v1/mvlrs_v1/main/6389599653890730492/00020.mp4,165,173,4.643888473510742,1.0
149,2,/home/nabizadz/Projects/Mahsa/datasets/lrs2/lrs2_v1/mvlrs_v1/main/6389599653890730492/00030.mp4,244,252,3.7278151512145996,0.9808283398848314
149,3,/home/nabizadz/Projects/Mahsa/datasets/lrs2/lrs2_v1/mvlrs_v1/main/6389599653890730492/00034.mp4,86,94,3.2190821170806885,0.9773762677078778
149,4,/home/nabizadz/Projects/Mahsa/datasets/lrs2/lrs2_v1/mvlrs_v1/main/6389599653890730492/00036.mp4,83,91,3.658188819885254,0.9943826968620445
149,5,/home/nabizadz/Projects/Mahsa/datasets/lrs2/lrs2_v1/mvlrs_v1/main/6389599653890730492/00051.mp4,274,282,4.643888473510742,0.9999999999999996
149,6,/home/nabizadz/Projects/Mahsa/datasets/lrs2/lrs2_v1/mvlrs_v1/main/6389684694243125765/00017.mp4,128,136,2.7382893562316895,0.964676289406014
149,7,/home/nabizadz/Projects/Mahsa/datasets/lrs2/lrs2_v1/mvlrs_v1/main/6389933372849561261/00002.mp4,85,93,3.686814546585083,0.9884250228295155
150,0,/home/nabizadz/Projects/Mahsa/datasets/lrs2/lrs2_v1/mvlrs_v1/main/6389970739065104229/00029.mp4,140,148,4.165380477905273,0.9999999999999999
150,1,/home/nabizadz/Projects/Mahsa/datasets/lrs2/lrs2_v1/mvlrs_v1/main/6390299304063246834/00003.mp4,260,268,4.643888473510742,0.9999999999999998
150,2,/home/nabizadz/Projects/Mahsa/datasets/lrs2/lrs2_v1/mvlrs_v1/main/6390301881043558087/00005.mp4,22,30,2.02553129196167,0.9530005490084227
150,3,/home/nabizadz/Projects/Mahsa/datasets/lrs2/lrs2_v1/mvlrs_v1/main/6390301881043558087/00009.mp4,238,246,4.643888473510742,0.9999999999999998
150,4,/home/nabizadz/Projects/Mahsa/datasets/lrs2/lrs2_v1/mvlrs_v1/main/6389933372849561261/00016.mp4,128,136,3.221709728240967,0.9936677061031625
150,5,/home/nabizadz/Projects/Mahsa/datasets/lrs2/lrs2_v1/mvlrs_v1/main/6389933372849561261/00020.mp4,285,293,4.643888473510742,0.9999999999999997
150,6,/home/nabizadz/Projects/Mahsa/datasets/lrs2/lrs2_v1/mvlrs_v1/main/6389933372849561261/00027.mp4,106,114,4.167812347412109,1.0
150,7,/home/nabizadz/Projects/Mahsa/datasets/lrs2/lrs2_v1/mvlrs_v1/main/6389933372849561261/00028.mp4,101,109,4.198330879211426,0.9938552648538568
151,0,/home/nabizadz/Projects/Mahsa/datasets/lrs2/lrs2_v1/mvlrs_v1/main/6390301881043558087/00023.mp4,163,171,3.3792920112609863,0.9993636990350742
151,1,/home/nabizadz/Projects/Mahsa/datasets/lrs2/lrs2_v1/mvlrs_v1/main/6390301881043558087/00025.mp4,263,271,4.643888473510742,0.9999999999999998
151,2,/home/nabizadz/Projects/Mahsa/datasets/lrs2/lrs2_v1/mvlrs_v1/main/6390670389237621263/00005.mp4,35,43,3.8286449909210205,0.9867701121224169
151,3,/home/nabizadz/Projects/Mahsa/datasets/lrs2/lrs2_v1/mvlrs_v1/main/6390670389237621263/00007.mp4,181,189,4.643888473510742,0.9999999999999998
151,4,/home/nabizadz/Projects/Mahsa/datasets/lrs2/lrs2_v1/mvlrs_v1/main/6390670389237621263/00012.mp4,190,198,3.9983179569244385,0.9991375966008397
151,5,/home/nabizadz/Projects/Mahsa/datasets/lrs2/lrs2_v1/mvlrs_v1/main/6390672966217932513/00002.mp4,142,150,4.067384719848633,0.996830261198769
151,6,/home/nabizadz/Projects/Mahsa/datasets/lrs2/lrs2_v1/mvlrs_v1/main/6390672966217932513/00050.mp4,148,156,3.584054470062256,0.9946464663070924
151,7,/home/nabizadz/Projects/Mahsa/datasets/lrs2/lrs2_v1/mvlrs_v1/main/6390672966217932513/00052.mp4,112,120,3.279076099395752,0.9888887556989463
152,0,/home/nabizadz/Projects/Mahsa/datasets/lrs2/lrs2_v1/mvlrs_v1/main/6390672966217932513/00055.mp4,21,29,3.131192207336426,0.9766020802606067
152,1,/home/nabizadz/Projects/Mahsa/datasets/lrs2/lrs2_v1/mvlrs_v1/main/6390672966217932513/00056.mp4,222,230,4.643888473510742,0.9999999999999999
152,2,/home/nabizadz/Projects/Mahsa/datasets/lrs2/lrs2_v1/mvlrs_v1/main/6390767026001714921/00009.mp4,20,28,3.6955299377441406,0.9717615912072582
152,3,/home/nabizadz/Projects/Mahsa/datasets/lrs2/lrs2_v1/mvlrs_v1/main/6391420290527506887/00001.mp4,198,206,3.946230173110962,0.9806490052812906
152,4,/home/nabizadz/Projects/Mahsa/datasets/lrs2/lrs2_v1/mvlrs_v1/main/6391420290527506887/00023.mp4,278,286,4.643888473510742,0.9999999999999999
152,5,/home/nabizadz/Projects/Mahsa/datasets/lrs2/lrs2_v1/mvlrs_v1/main/6391420290527506887/00024.mp4,57,65,2.780860185623169,0.9627557471238872
152,6,/home/nabizadz/Projects/Mahsa/datasets/lrs2/lrs2_v1/mvlrs_v1/main/6391420290527506887/00036.mp4,1,9,3.443347930908203,0.9939367822481986
152,7,/home/nabizadz/Projects/Mahsa/datasets/lrs2/lrs2_v1/mvlrs_v1/main/6391783644760745881/00012.mp4,178,186,4.643888473510742,0.9999999999999999
153,0,/home/nabizadz/Projects/Mahsa/datasets/lrs2/lrs2_v1/mvlrs_v1/main/6392282290463747809/00018.mp4,143,151,4.265127182006836,1.0
153,1,/home/nabizadz/Projects/Mahsa/datasets/lrs2/lrs2_v1/mvlrs_v1/main/6392282290463747809/00025.mp4,150,158,4.269362449645996,1.0
153,2,/home/nabizadz/Projects/Mahsa/datasets/lrs2/lrs2_v1/mvlrs_v1/main/6392525815109495392/00001.mp4,185,193,4.060450077056885,0.9884635024018881
153,3,/home/nabizadz/Projects/Mahsa/datasets/lrs2/lrs2_v1/mvlrs_v1/main/6392525815109495392/00004.mp4,191,199,4.643888473510742,0.9999999999999998
153,4,/home/nabizadz/Projects/Mahsa/datasets/lrs2/lrs2_v1/mvlrs_v1/main/6392197250111351363/00002.mp4,166,174,4.643888473510742,0.9999999999999999
153,5,/home/nabizadz/Projects/Mahsa/datasets/lrs2/lrs2_v1/mvlrs_v1/main/6392197250111351363/00010.mp4,9,17,3.8890795707702637,0.9962270014108622
153,6,/home/nabizadz/Projects/Mahsa/datasets/lrs2/lrs2_v1/mvlrs_v1/main/6392197250111351363/00024.mp4,270,278,3.787473440170288,0.9910766951359846
153,7,/home/nabizadz/Projects/Mahsa/datasets/lrs2/lrs2_v1/mvlrs_v1/main/6392282290463747809/00003.mp4,196,204,4.643888473510742,0.9999999999999997
154,0,/home/nabizadz/Projects/Mahsa/datasets/lrs2/lrs2_v1/mvlrs_v1/main/6392525815109495392/00008.mp4,222,230,4.643888473510742,1.0
154,1,/home/nabizadz/Projects/Mahsa/datasets/lrs2/lrs2_v1/mvlrs_v1/main/6392525815109495392/00010.mp4,184,192,4.643888473510742,1.0
154,2,/home/nabizadz/Projects/Mahsa/datasets/lrs2/lrs2_v1/mvlrs_v1/main/6392525815109495392/00011.mp4,172,180,4.643888473510742,0.9999999999999999
154,3,/home/nabizadz/Projects/Mahsa/datasets/lrs2/lrs2_v1/mvlrs_v1/main/6392568335285725796/00003.mp4,254,262,4.643888473510742,0.9999999999999998
154,4,/home/nabizadz/Projects/Mahsa/datasets/lrs2/lrs2_v1/mvlrs_v1/main/6392568335285725796/00011.mp4,270,278,4.643888473510742,0.9999999999999998
154,5,/home/nabizadz/Projects/Mahsa/datasets/lrs2/lrs2_v1/mvlrs_v1/main/6392568335285725796/00013.mp4,189,197,4.209441184997559,0.9988890572493322
154,6,/home/nabizadz/Projects/Mahsa/datasets/lrs2/lrs2_v1/mvlrs_v1/main/6392568335285725796/00016.mp4,272,280,4.029254913330078,0.9960140352597796
154,7,/home/nabizadz/Projects/Mahsa/datasets/lrs2/lrs2_v1/mvlrs_v1/main/6392568335285725796/00017.mp4,269,277,4.643888473510742,0.9999999999999997
155,0,/home/nabizadz/Projects/Mahsa/datasets/lrs2/lrs2_v1/mvlrs_v1/main/6392896900283869820/00003.mp4,247,255,4.643888473510742,0.9999999999999998
155,1,/home/nabizadz/Projects/Mahsa/datasets/lrs2/lrs2_v1/mvlrs_v1/main/6393267985458244248/00006.mp4,228,236,4.643888473510742,0.9999999999999998
155,2,/home/nabizadz/Projects/Mahsa/datasets/lrs2/lrs2_v1/mvlrs_v1/main/6393267985458244248/00017.mp4,148,156,4.26329231262207,1.0
