batch_idx,sample_in_batch,video_path,gap_start_frame,gap_end_frame,pesq,stoi
0,0,/home/nabizadz/Projects/Mahsa/datasets/grid/test/s33/brbd3a.mpg,221,223,4.3707804679870605,0.8736475840168522
0,1,/home/nabizadz/Projects/Mahsa/datasets/grid/test/s33/lrbh8n.mpg,86,88,4.432746887207031,0.9999789739384728
0,2,/home/nabizadz/Projects/Mahsa/datasets/grid/test/s33/srak9a.mpg,57,59,4.117720603942871,0.9988372965713497
0,3,/home/nabizadz/Projects/Mahsa/datasets/grid/test/s33/srbl3a.mpg,193,195,4.46611213684082,0.9976691993647611
0,4,/home/nabizadz/Projects/Mahsa/datasets/grid/test/s33/sgil5s.mpg,285,287,4.347561836242676,0.991724390458637
0,5,/home/nabizadz/Projects/Mahsa/datasets/grid/test/s33/sgas2n.mpg,211,213,4.368657112121582,0.8897028723534903
0,6,/home/nabizadz/Projects/Mahsa/datasets/grid/test/s33/swwf9a.mpg,124,126,4.377675533294678,0.9998613447571163
0,7,/home/nabizadz/Projects/Mahsa/datasets/grid/test/s33/bgak2n.mpg,87,89,4.184267997741699,0.9966679261507181
0,8,/home/nabizadz/Projects/Mahsa/datasets/grid/test/s33/sbix5s.mpg,277,279,4.393517017364502,0.9551232414222751
0,9,/home/nabizadz/Projects/Mahsa/datasets/grid/test/s33/bgij8n.mpg,89,91,4.251062870025635,0.9949357325210635
0,10,/home/nabizadz/Projects/Mahsa/datasets/grid/test/s33/lrbh9s.mpg,87,89,4.332634925842285,0.9997226071889037
0,11,/home/nabizadz/Projects/Mahsa/datasets/grid/test/s33/sbix7a.mpg,103,105,4.367603778839111,0.9985920524605714
0,12,/home/nabizadz/Projects/Mahsa/datasets/grid/test/s33/lbaa5s.mpg,291,293,4.395847320556641,0.9967469666129624
0,13,/home/nabizadz/Projects/Mahsa/datasets/grid/test/s33/bbio4n.mpg,69,71,4.2024641036987305,0.9976579048714924
0,14,/home/nabizadz/Projects/Mahsa/datasets/grid/test/s33/lgbxzp.mpg,142,144,4.170743465423584,0.9917398324178378
0,15,/home/nabizadz/Projects/Mahsa/datasets/grid/test/s33/pgbbzn.mpg,212,214,4.4950995445251465,0.9951457404177201
1,0,/home/nabizadz/Projects/Mahsa/datasets/grid/test/s33/lrwi2n.mpg,262,264,4.431779384613037,0.9999999999999988
1,1,/home/nabizadz/Projects/Mahsa/datasets/grid/test/s33/lwwv9a.mpg,83,85,4.42767858505249,0.9979685018141514
1,2,/home/nabizadz/Projects/Mahsa/datasets/grid/test/s33/bbwx1s.mpg,211,213,4.308102130889893,0.910734746567589
1,3,/home/nabizadz/Projects/Mahsa/datasets/grid/test/s33/pwwa8n.mpg,239,241,4.4015727043151855,0.9999999999999929
1,4,/home/nabizadz/Projects/Mahsa/datasets/grid/test/s33/bgby4n.mpg,41,43,3.552673816680908,0.9756014411393368
1,5,/home/nabizadz/Projects/Mahsa/datasets/grid/test/s33/sgwa1a.mpg,298,300,4.6138916015625,0.9999911032065021
1,6,/home/nabizadz/Projects/Mahsa/datasets/grid/test/s33/prif5s.mpg,246,248,4.342402935028076,0.9602164056952913
1,7,/home/nabizadz/Projects/Mahsa/datasets/grid/test/s33/sbby3s.mpg,105,107,4.2114057540893555,0.9981573875780597
1,8,/home/nabizadz/Projects/Mahsa/datasets/grid/test/s33/lwih9a.mpg,73,75,3.9227006435394287,0.9936221769263966
1,9,/home/nabizadz/Projects/Mahsa/datasets/grid/test/s33/lgai9a.mpg,214,216,4.236246585845947,0.9166642455535523
1,10,/home/nabizadz/Projects/Mahsa/datasets/grid/test/s33/lgbj1s.mpg,133,135,3.7550275325775146,0.9891740639902207
1,11,/home/nabizadz/Projects/Mahsa/datasets/grid/test/s33/lrwi3s.mpg,257,259,4.33161735534668,0.8911278699839164
1,12,/home/nabizadz/Projects/Mahsa/datasets/grid/test/s33/lbbh5a.mpg,67,69,3.793081521987915,0.9756418385139655
1,13,/home/nabizadz/Projects/Mahsa/datasets/grid/test/s33/lgbc9a.mpg,129,131,3.885343074798584,0.9930804928318517
1,14,/home/nabizadz/Projects/Mahsa/datasets/grid/test/s33/lwaizn.mpg,169,171,4.457962512969971,0.9966090207325419
1,15,/home/nabizadz/Projects/Mahsa/datasets/grid/test/s33/pwwuzn.mpg,185,187,4.404055118560791,0.9798037561675531
2,0,/home/nabizadz/Projects/Mahsa/datasets/grid/test/s33/swal5a.mpg,288,290,4.495997905731201,0.99744827425464
2,1,/home/nabizadz/Projects/Mahsa/datasets/grid/test/s33/sriyzn.mpg,58,60,3.6373398303985596,0.9888626122929978
2,2,/home/nabizadz/Projects/Mahsa/datasets/grid/test/s33/lbaa4n.mpg,246,248,4.383506774902344,0.9099937264607137
2,3,/home/nabizadz/Projects/Mahsa/datasets/grid/test/s33/lrwo6n.mpg,249,251,4.356234550476074,0.8547796372705003
2,4,/home/nabizadz/Projects/Mahsa/datasets/grid/test/s33/lwbc3a.mpg,30,32,4.311366081237793,0.9989904585403104
2,5,/home/nabizadz/Projects/Mahsa/datasets/grid/test/s33/brap4n.mpg,117,119,3.8535361289978027,0.992124372311133
2,6,/home/nabizadz/Projects/Mahsa/datasets/grid/test/s33/sgbf9s.mpg,190,192,4.396467208862305,0.9913084960689272
2,7,/home/nabizadz/Projects/Mahsa/datasets/grid/test/s33/lrwv1s.mpg,25,27,4.415488243103027,0.9999898330533475
2,8,/home/nabizadz/Projects/Mahsa/datasets/grid/test/s33/pras6n.mpg,53,55,4.304514408111572,0.9997055824660612
2,9,/home/nabizadz/Projects/Mahsa/datasets/grid/test/s33/sgwazp.mpg,117,119,3.7877321243286133,0.975609046509554
2,10,/home/nabizadz/Projects/Mahsa/datasets/grid/test/s33/bbaczn.mpg,119,121,4.188490867614746,0.9856598703379075
2,11,/home/nabizadz/Projects/Mahsa/datasets/grid/test/s33/prwt6p.mpg,160,162,3.519881248474121,0.98690043832806
2,12,/home/nabizadz/Projects/Mahsa/datasets/grid/test/s33/pgin1s.mpg,191,193,4.182531833648682,0.9925079749401784
2,13,/home/nabizadz/Projects/Mahsa/datasets/grid/test/s33/bbib8p.mpg,35,37,4.354977607727051,0.9999869615431399
2,14,/home/nabizadz/Projects/Mahsa/datasets/grid/test/s33/bwbk2p.mpg,219,221,4.30911922454834,0.9076929054140817
2,15,/home/nabizadz/Projects/Mahsa/datasets/grid/test/s33/pbbf8p.mpg,240,242,4.520101547241211,0.9452561279891537
3,0,/home/nabizadz/Projects/Mahsa/datasets/grid/test/s33/bwwrzp.mpg,223,225,4.3274641036987305,0.9482874201099808
3,1,/home/nabizadz/Projects/Mahsa/datasets/grid/test/s33/bwwe2p.mpg,152,154,4.283365249633789,0.9932567255463964
3,2,/home/nabizadz/Projects/Mahsa/datasets/grid/test/s33/pwim6p.mpg,150,152,3.8456108570098877,0.9858471764159675
3,3,/home/nabizadz/Projects/Mahsa/datasets/grid/test/s33/lwbv3s.mpg,215,217,1.8037827014923096,0.8478699830183154
3,4,/home/nabizadz/Projects/Mahsa/datasets/grid/test/s33/swbf2n.mpg,279,281,4.358283996582031,0.9473530937889636
3,5,/home/nabizadz/Projects/Mahsa/datasets/grid/test/s33/swwf7s.mpg,240,242,4.3729119300842285,0.975421631734088
3,6,/home/nabizadz/Projects/Mahsa/datasets/grid/test/s33/lrbizp.mpg,72,74,3.6225171089172363,0.9741309546944101
3,7,/home/nabizadz/Projects/Mahsa/datasets/grid/test/s33/pgwh9s.mpg,90,92,3.7619948387145996,0.9721772711856526
3,8,/home/nabizadz/Projects/Mahsa/datasets/grid/test/s33/pgan6p.mpg,144,146,4.261878490447998,0.9998708384751359
3,9,/home/nabizadz/Projects/Mahsa/datasets/grid/test/s33/sgif1s.mpg,141,143,4.291389465332031,0.9984354439453175
3,10,/home/nabizadz/Projects/Mahsa/datasets/grid/test/s33/bbbc4n.mpg,95,97,3.8324930667877197,0.9855264864586937
3,11,/home/nabizadz/Projects/Mahsa/datasets/grid/test/s33/prif7a.mpg,48,50,4.236593246459961,0.9983498942865192
3,12,/home/nabizadz/Projects/Mahsa/datasets/grid/test/s33/pwwh4p.mpg,164,166,4.248273849487305,0.9912647540693891
3,13,/home/nabizadz/Projects/Mahsa/datasets/grid/test/s33/pgaa8p.mpg,189,191,4.522232532501221,0.9981669330777801
3,14,/home/nabizadz/Projects/Mahsa/datasets/grid/test/s33/bgiq2n.mpg,205,207,3.8387691974639893,0.9936268057335381
3,15,/home/nabizadz/Projects/Mahsa/datasets/grid/test/s33/pgwb4n.mpg,86,88,3.623120069503784,0.9950021658704069
4,0,/home/nabizadz/Projects/Mahsa/datasets/grid/test/s33/bwij2n.mpg,205,207,4.329916477203369,0.9463027488520337
4,1,/home/nabizadz/Projects/Mahsa/datasets/grid/test/s33/sbwe5s.mpg,149,151,2.4981253147125244,0.9781976723208176
4,2,/home/nabizadz/Projects/Mahsa/datasets/grid/test/s33/sbad9a.mpg,131,133,3.9175360202789307,0.9855557178962522
4,3,/home/nabizadz/Projects/Mahsa/datasets/grid/test/s33/sgwm9a.mpg,159,161,4.271378517150879,0.9963467444086134
4,4,/home/nabizadz/Projects/Mahsa/datasets/grid/test/s33/swwm2p.mpg,276,278,4.364259719848633,0.9978311488446603
4,5,/home/nabizadz/Projects/Mahsa/datasets/grid/test/s33/prwt5s.mpg,196,198,4.398233890533447,0.9513246215662912
4,6,/home/nabizadz/Projects/Mahsa/datasets/grid/test/s33/swwf8p.mpg,4,6,4.469436168670654,0.9957519691304062
4,7,/home/nabizadz/Projects/Mahsa/datasets/grid/test/s33/bbwj5a.mpg,270,272,4.512757778167725,0.9644324677458047
4,8,/home/nabizadz/Projects/Mahsa/datasets/grid/test/s33/pgwu7s.mpg,250,252,4.420321941375732,0.9096600562199966
4,9,/home/nabizadz/Projects/Mahsa/datasets/grid/test/s33/sgiz3s.mpg,17,19,4.4974684715271,0.9999818618594476
4,10,/home/nabizadz/Projects/Mahsa/datasets/grid/test/s33/bwaj8p.mpg,131,133,4.127487659454346,0.9874713658826901
4,11,/home/nabizadz/Projects/Mahsa/datasets/grid/test/s33/lria7s.mpg,163,165,4.054873943328857,0.9697897636338819
4,12,/home/nabizadz/Projects/Mahsa/datasets/grid/test/s33/bwip6n.mpg,16,18,4.46484899520874,0.9963137613063048
4,13,/home/nabizadz/Projects/Mahsa/datasets/grid/test/s33/swws4n.mpg,53,55,4.1257243156433105,0.9984756986445318
4,14,/home/nabizadz/Projects/Mahsa/datasets/grid/test/s33/bwij3s.mpg,11,13,4.499420642852783,0.9999775546205735
4,15,/home/nabizadz/Projects/Mahsa/datasets/grid/test/s33/lgwq1a.mpg,165,167,4.478313446044922,0.9999354343470618
5,0,/home/nabizadz/Projects/Mahsa/datasets/grid/test/s33/bbib7s.mpg,298,300,4.643888473510742,0.9999999999999987
5,1,/home/nabizadz/Projects/Mahsa/datasets/grid/test/s33/lgiv2p.mpg,44,46,3.9575932025909424,0.9940768207186887
5,2,/home/nabizadz/Projects/Mahsa/datasets/grid/test/s33/lbim9s.mpg,237,239,4.4363813400268555,0.9179117381866879
5,3,/home/nabizadz/Projects/Mahsa/datasets/grid/test/s33/pgaa6n.mpg,93,95,4.07655668258667,0.9986316721089354
5,4,/home/nabizadz/Projects/Mahsa/datasets/grid/test/s33/pgig9a.mpg,182,184,4.390012741088867,0.9911927337319796
5,5,/home/nabizadz/Projects/Mahsa/datasets/grid/test/s33/srbe6n.mpg,182,184,4.16789436340332,0.9993768787676217
5,6,/home/nabizadz/Projects/Mahsa/datasets/grid/test/s33/sbiq2p.mpg,242,244,4.430671691894531,0.9340533767858848
5,7,/home/nabizadz/Projects/Mahsa/datasets/grid/test/s33/bgak5a.mpg,36,38,4.421360969543457,0.999903222483929
5,8,/home/nabizadz/Projects/Mahsa/datasets/grid/test/s33/prbtzn.mpg,91,93,3.8664934635162354,0.9907262977294281
5,9,/home/nabizadz/Projects/Mahsa/datasets/grid/test/s33/lgbp5s.mpg,156,158,4.263108730316162,0.9845343242924526
5,10,/home/nabizadz/Projects/Mahsa/datasets/grid/test/s33/brii6n.mpg,21,23,4.520117282867432,0.9999999999999991
5,11,/home/nabizadz/Projects/Mahsa/datasets/grid/test/s33/pgbb1s.mpg,115,117,3.6693594455718994,0.9902152518491026
5,12,/home/nabizadz/Projects/Mahsa/datasets/grid/test/s33/pgwb6p.mpg,167,169,4.349918842315674,0.9989164392640176
5,13,/home/nabizadz/Projects/Mahsa/datasets/grid/test/s33/lbig7a.mpg,181,183,4.473598480224609,0.9980802029683055
5,14,/home/nabizadz/Projects/Mahsa/datasets/grid/test/s33/lgwd1s.mpg,271,273,4.532042980194092,0.9857551596164299
5,15,/home/nabizadz/Projects/Mahsa/datasets/grid/test/s33/pbir7s.mpg,114,116,4.381643772125244,0.9993160691904347
6,0,/home/nabizadz/Projects/Mahsa/datasets/grid/test/s33/lbwh9a.mpg,75,77,3.83654522895813,0.9749777031939787
6,1,/home/nabizadz/Projects/Mahsa/datasets/grid/test/s33/pbir8p.mpg,102,104,3.7681527137756348,0.9915343596487507
6,2,/home/nabizadz/Projects/Mahsa/datasets/grid/test/s33/brac7s.mpg,173,175,4.055842399597168,0.9792810239262026
6,3,/home/nabizadz/Projects/Mahsa/datasets/grid/test/s33/bgwe8p.mpg,38,40,4.386977195739746,0.9999340326125491
6,4,/home/nabizadz/Projects/Mahsa/datasets/grid/test/s33/lwwi8n.mpg,203,205,4.541402816772461,0.9949768423821886
6,5,/home/nabizadz/Projects/Mahsa/datasets/grid/test/s33/pwbhzp.mpg,187,189,4.34128475189209,0.9957945701187857
6,6,/home/nabizadz/Projects/Mahsa/datasets/grid/test/s33/bbao8n.mpg,126,128,4.350257873535156,0.9999068969880571
6,7,/home/nabizadz/Projects/Mahsa/datasets/grid/test/s33/lbwu6p.mpg,64,66,3.5922179222106934,0.9721399562505952
6,8,/home/nabizadz/Projects/Mahsa/datasets/grid/test/s33/pgig7s.mpg,185,187,3.669161796569824,0.9769492859052564
6,9,/home/nabizadz/Projects/Mahsa/datasets/grid/test/s33/bgwy9s.mpg,178,180,4.301151275634766,0.9854414540249004
6,10,/home/nabizadz/Projects/Mahsa/datasets/grid/test/s33/bbib9a.mpg,130,132,4.21050500869751,0.9881274510559215
6,11,/home/nabizadz/Projects/Mahsa/datasets/grid/test/s33/lgwx2n.mpg,243,245,4.534428119659424,0.9822914321273285
6,12,/home/nabizadz/Projects/Mahsa/datasets/grid/test/s33/swie5s.mpg,51,53,4.355506420135498,0.9805693216064689
6,13,/home/nabizadz/Projects/Mahsa/datasets/grid/test/s33/srbr5s.mpg,203,205,4.434749603271484,0.995515255299223
6,14,/home/nabizadz/Projects/Mahsa/datasets/grid/test/s33/brbx2n.mpg,249,251,4.391391754150391,0.9034501936685483
6,15,/home/nabizadz/Projects/Mahsa/datasets/grid/test/s33/pwwn7s.mpg,152,154,4.355483055114746,0.9784538695255599
7,0,/home/nabizadz/Projects/Mahsa/datasets/grid/test/s33/lrin5s.mpg,170,172,4.498941898345947,0.9917352484984395
7,1,/home/nabizadz/Projects/Mahsa/datasets/grid/test/s33/sgiszp.mpg,81,83,4.104376792907715,0.9949566184290547
7,2,/home/nabizadz/Projects/Mahsa/datasets/grid/test/s33/pbbf7s.mpg,149,151,3.6189017295837402,0.9838488775686945
7,3,/home/nabizadz/Projects/Mahsa/datasets/grid/test/s33/pwbn2n.mpg,240,242,4.282063961029053,0.90535154903533
7,4,/home/nabizadz/Projects/Mahsa/datasets/grid/test/s33/srbzzp.mpg,237,239,4.240440368652344,0.8963959891951487
7,5,/home/nabizadz/Projects/Mahsa/datasets/grid/test/s33/pwag5s.mpg,296,298,4.575983047485352,0.9998228491123701
7,6,/home/nabizadz/Projects/Mahsa/datasets/grid/test/s33/swbs2p.mpg,138,140,3.429342269897461,0.977298162086218
7,7,/home/nabizadz/Projects/Mahsa/datasets/grid/test/s33/sgiz5a.mpg,274,276,4.27850341796875,0.9447714683671172
7,8,/home/nabizadz/Projects/Mahsa/datasets/grid/test/s33/pbwm4n.mpg,138,140,4.04908561706543,0.9907542604897348
7,9,/home/nabizadz/Projects/Mahsa/datasets/grid/test/s33/lwiu4n.mpg,125,127,3.998317003250122,0.9908054969746517
7,10,/home/nabizadz/Projects/Mahsa/datasets/grid/test/s33/lgbj3a.mpg,276,278,4.420779705047607,0.9354213088942124
7,11,/home/nabizadz/Projects/Mahsa/datasets/grid/test/s33/sgwm6n.mpg,151,153,4.31411600112915,0.9993459703236807
7,12,/home/nabizadz/Projects/Mahsa/datasets/grid/test/s33/lgap3a.mpg,207,209,4.429840087890625,0.9941139316646083
7,13,/home/nabizadz/Projects/Mahsa/datasets/grid/test/s33/swal4p.mpg,274,276,4.308712482452393,0.9225723611399692
7,14,/home/nabizadz/Projects/Mahsa/datasets/grid/test/s33/bwbd7s.mpg,43,45,4.208512306213379,0.9885022452192631
7,15,/home/nabizadz/Projects/Mahsa/datasets/grid/test/s33/sgaf7a.mpg,227,229,3.913888454437256,0.8583913004265756
8,0,/home/nabizadz/Projects/Mahsa/datasets/grid/test/s33/lbim8n.mpg,240,242,4.540820121765137,0.9645694193345729
8,1,/home/nabizadz/Projects/Mahsa/datasets/grid/test/s33/lwih6n.mpg,109,111,4.41664981842041,0.9998864935240109
8,2,/home/nabizadz/Projects/Mahsa/datasets/grid/test/s33/lgwd2p.mpg,180,182,4.337337970733643,0.992229943856616
8,3,/home/nabizadz/Projects/Mahsa/datasets/grid/test/s33/srbr6p.mpg,108,110,4.1548075675964355,0.9984161653777193
8,4,/home/nabizadz/Projects/Mahsa/datasets/grid/test/s33/bbbi8n.mpg,48,50,3.473541736602783,0.9859584990922036
8,5,/home/nabizadz/Projects/Mahsa/datasets/grid/test/s33/lrbo2n.mpg,203,205,4.401143550872803,0.9593716008490097
8,6,/home/nabizadz/Projects/Mahsa/datasets/grid/test/s33/srblzn.mpg,90,92,4.098081111907959,0.9902590214069281
8,7,/home/nabizadz/Projects/Mahsa/datasets/grid/test/s33/sbax9s.mpg,165,167,4.242592811584473,0.9927205863213647
8,8,/home/nabizadz/Projects/Mahsa/datasets/grid/test/s33/pgin2p.mpg,33,35,4.356837749481201,0.9999835635039053
8,9,/home/nabizadz/Projects/Mahsa/datasets/grid/test/s33/bgbk8p.mpg,43,45,3.6669602394104004,0.9861745554828436
8,10,/home/nabizadz/Projects/Mahsa/datasets/grid/test/s33/srarzn.mpg,144,146,3.9052276611328125,0.983383002010124
8,11,/home/nabizadz/Projects/Mahsa/datasets/grid/test/s33/sgal9s.mpg,198,200,4.393591403961182,0.9487125891510326
8,12,/home/nabizadz/Projects/Mahsa/datasets/grid/test/s33/sbij9a.mpg,2,4,4.4869890213012695,0.9998719090875471
8,13,/home/nabizadz/Projects/Mahsa/datasets/grid/test/s33/pwim5s.mpg,143,145,4.451169967651367,0.9985852026193685
8,14,/home/nabizadz/Projects/Mahsa/datasets/grid/test/s33/lrbb4n.mpg,84,86,3.8938419818878174,0.9922866534993922
8,15,/home/nabizadz/Projects/Mahsa/datasets/grid/test/s33/brwj9s.mpg,187,189,4.3949151039123535,0.9798578131744313
9,0,/home/nabizadz/Projects/Mahsa/datasets/grid/test/s33/brii7s.mpg,46,48,3.5463593006134033,0.9917569646493865
9,1,/home/nabizadz/Projects/Mahsa/datasets/grid/test/s33/bgwr5s.mpg,57,59,3.4873063564300537,0.9802836401373491
9,2,/home/nabizadz/Projects/Mahsa/datasets/grid/test/s33/bwax4n.mpg,104,106,4.383127689361572,0.9996498443438003
9,3,/home/nabizadz/Projects/Mahsa/datasets/grid/test/s33/swbl8p.mpg,23,25,4.401891231536865,0.9986590544137407
9,4,/home/nabizadz/Projects/Mahsa/datasets/grid/test/s33/sgam1a.mpg,273,275,4.375939846038818,0.9486093823457421
9,5,/home/nabizadz/Projects/Mahsa/datasets/grid/test/s33/pwaa2p.mpg,23,25,4.4004645347595215,0.9991433028994346
9,6,/home/nabizadz/Projects/Mahsa/datasets/grid/test/s33/sbid3s.mpg,167,169,3.9908525943756104,0.9391115007892635
9,7,/home/nabizadz/Projects/Mahsa/datasets/grid/test/s33/prbm9a.mpg,209,211,4.346958637237549,0.9421563087429317
9,8,/home/nabizadz/Projects/Mahsa/datasets/grid/test/s33/lbbn8p.mpg,9,11,4.5455121994018555,0.9999895982250295
9,9,/home/nabizadz/Projects/Mahsa/datasets/grid/test/s33/bbivzp.mpg,87,89,3.674896717071533,0.9700267487612262
9,10,/home/nabizadz/Projects/Mahsa/datasets/grid/test/s33/pram2n.mpg,197,199,4.367617607116699,0.9206207775669947
9,11,/home/nabizadz/Projects/Mahsa/datasets/grid/test/s33/sgal8n.mpg,197,199,4.173993110656738,0.9970982635698218
9,12,/home/nabizadz/Projects/Mahsa/datasets/grid/test/s33/sbad8p.mpg,117,119,3.6299808025360107,0.9812015248404554
9,13,/home/nabizadz/Projects/Mahsa/datasets/grid/test/s33/priz6n.mpg,269,271,4.4916510581970215,0.9254566729575436
9,14,/home/nabizadz/Projects/Mahsa/datasets/grid/test/s33/swws7a.mpg,223,225,4.416266918182373,0.9704504673378213
9,15,/home/nabizadz/Projects/Mahsa/datasets/grid/test/s33/sbix4n.mpg,30,32,4.361856460571289,0.9998343521173163
10,0,/home/nabizadz/Projects/Mahsa/datasets/grid/test/s33/lbag9s.mpg,194,196,4.361709117889404,0.9014570823954908
10,1,/home/nabizadz/Projects/Mahsa/datasets/grid/test/s33/pbal9a.mpg,2,4,4.599242210388184,0.9998889974879962
10,2,/home/nabizadz/Projects/Mahsa/datasets/grid/test/s33/pgbb2p.mpg,56,58,3.6012213230133057,0.9807280269881326
10,3,/home/nabizadz/Projects/Mahsa/datasets/grid/test/s33/swbs1s.mpg,9,11,4.5034050941467285,0.9999809162504264
10,4,/home/nabizadz/Projects/Mahsa/datasets/grid/test/s33/pgaa9a.mpg,5,7,4.480825901031494,0.9999782976862075
10,5,/home/nabizadz/Projects/Mahsa/datasets/grid/test/s33/lbiazn.mpg,138,140,4.193099498748779,0.994080244073398
10,6,/home/nabizadz/Projects/Mahsa/datasets/grid/test/s33/srby9s.mpg,10,12,4.462000846862793,0.9998823095501843
10,7,/home/nabizadz/Projects/Mahsa/datasets/grid/test/s33/brbp8n.mpg,176,178,4.518533229827881,0.993878661796226
10,8,/home/nabizadz/Projects/Mahsa/datasets/grid/test/s33/swws6p.mpg,234,236,4.419004440307617,0.9200714353105742
10,9,/home/nabizadz/Projects/Mahsa/datasets/grid/test/s33/pbws9s.mpg,59,61,4.464672565460205,0.9992136664969534
10,10,/home/nabizadz/Projects/Mahsa/datasets/grid/test/s33/lgwj6p.mpg,117,119,4.33872127532959,0.9999530161801256
10,11,/home/nabizadz/Projects/Mahsa/datasets/grid/test/s33/prwa5a.mpg,2,4,4.589951992034912,0.9994077492616066
10,12,/home/nabizadz/Projects/Mahsa/datasets/grid/test/s33/pwwu3a.mpg,246,248,4.42122220993042,0.9814169587058398
10,13,/home/nabizadz/Projects/Mahsa/datasets/grid/test/s33/swie7a.mpg,177,179,4.411625385284424,0.991073125301017
10,14,/home/nabizadz/Projects/Mahsa/datasets/grid/test/s33/bwbyzp.mpg,280,282,4.173184394836426,0.9453310124013327
10,15,/home/nabizadz/Projects/Mahsa/datasets/grid/test/s33/pbaz4n.mpg,295,297,4.434384822845459,0.9991935597842176
11,0,/home/nabizadz/Projects/Mahsa/datasets/grid/test/s33/sbbk5s.mpg,240,242,4.404086112976074,0.9487729889769471
11,1,/home/nabizadz/Projects/Mahsa/datasets/grid/test/s33/swal3s.mpg,225,227,4.311262607574463,0.92912587756285
11,2,/home/nabizadz/Projects/Mahsa/datasets/grid/test/s33/sbak1s.mpg,68,70,3.9183614253997803,0.9996202186640032
11,3,/home/nabizadz/Projects/Mahsa/datasets/grid/test/s33/lrihzn.mpg,98,100,3.8597888946533203,0.9711754387091517
11,4,/home/nabizadz/Projects/Mahsa/datasets/grid/test/s33/bgid6p.mpg,66,68,4.030838966369629,0.982106355278002
11,5,/home/nabizadz/Projects/Mahsa/datasets/grid/test/s33/bgad9s.mpg,120,122,3.872131824493408,0.9918531401242215
11,6,/home/nabizadz/Projects/Mahsa/datasets/grid/test/s33/lgio7s.mpg,147,149,4.3762688636779785,0.9956227454932703
11,7,/home/nabizadz/Projects/Mahsa/datasets/grid/test/s33/prim1a.mpg,17,19,4.379507541656494,0.9978895200937322
11,8,/home/nabizadz/Projects/Mahsa/datasets/grid/test/s33/lwav1a.mpg,139,141,4.188767910003662,0.9917679685496095
11,9,/home/nabizadz/Projects/Mahsa/datasets/grid/test/s33/bwbk3a.mpg,269,271,4.214989185333252,0.9303230599691742
11,10,/home/nabizadz/Projects/Mahsa/datasets/grid/test/s33/sbad6n.mpg,201,203,4.2892231941223145,0.8925328252813732
11,11,/home/nabizadz/Projects/Mahsa/datasets/grid/test/s33/bwwr1a.mpg,13,15,4.470439910888672,0.9999470819483637
11,12,/home/nabizadz/Projects/Mahsa/datasets/grid/test/s33/lrin7a.mpg,80,82,2.153864860534668,0.9908776728954056
11,13,/home/nabizadz/Projects/Mahsa/datasets/grid/test/s33/srwz5a.mpg,234,236,4.474081993103027,0.995186250864505
11,14,/home/nabizadz/Projects/Mahsa/datasets/grid/test/s33/swbz7a.mpg,16,18,4.142298698425293,0.9939051007570865
11,15,/home/nabizadz/Projects/Mahsa/datasets/grid/test/s33/bbai4n.mpg,111,113,4.415454864501953,0.9993922586727852
12,0,/home/nabizadz/Projects/Mahsa/datasets/grid/test/s33/pras9a.mpg,114,116,4.002526760101318,0.9921631461168334
12,1,/home/nabizadz/Projects/Mahsa/datasets/grid/test/s33/pwigzn.mpg,229,231,4.4242844581604,0.9590556379019756
12,2,/home/nabizadz/Projects/Mahsa/datasets/grid/test/s33/sriq9a.mpg,71,73,3.5581979751586914,0.9884635001678374
12,3,/home/nabizadz/Projects/Mahsa/datasets/grid/test/s33/sray5s.mpg,99,101,2.389563798904419,0.9979794761370767
12,4,/home/nabizadz/Projects/Mahsa/datasets/grid/test/s33/bbwdzp.mpg,245,247,4.396346092224121,0.9547039109429277
12,5,/home/nabizadz/Projects/Mahsa/datasets/grid/test/s33/lbwo2p.mpg,128,130,4.412586212158203,0.9999723972228711
12,6,/home/nabizadz/Projects/Mahsa/datasets/grid/test/s33/srws1a.mpg,153,155,3.6198205947875977,0.9866613807522463
12,7,/home/nabizadz/Projects/Mahsa/datasets/grid/test/s33/lgac4p.mpg,69,71,4.377283573150635,0.9998859010314943
12,8,/home/nabizadz/Projects/Mahsa/datasets/grid/test/s33/pbwg2p.mpg,105,107,4.337048053741455,0.999461177897375
12,9,/home/nabizadz/Projects/Mahsa/datasets/grid/test/s33/pwwh3s.mpg,289,291,4.479784965515137,0.9835814719852852
12,10,/home/nabizadz/Projects/Mahsa/datasets/grid/test/s33/bwij5a.mpg,297,299,4.635560512542725,0.9999999999999911
12,11,/home/nabizadz/Projects/Mahsa/datasets/grid/test/s33/lgwx5a.mpg,143,145,3.953498125076294,0.9962705091826596
12,12,/home/nabizadz/Projects/Mahsa/datasets/grid/test/s33/sbwy9a.mpg,123,125,3.965040445327759,0.9929270029813264
12,13,/home/nabizadz/Projects/Mahsa/datasets/grid/test/s33/pwwu1s.mpg,124,126,3.669705629348755,0.9962670857344037
12,14,/home/nabizadz/Projects/Mahsa/datasets/grid/test/s33/bbap1a.mpg,63,65,3.5947413444519043,0.9785402351330789
12,15,/home/nabizadz/Projects/Mahsa/datasets/grid/test/s33/pgwu9a.mpg,97,99,3.35681414604187,0.9649876965350236
13,0,/home/nabizadz/Projects/Mahsa/datasets/grid/test/s33/bgbr2p.mpg,213,215,4.449904441833496,0.9683158526752449
13,1,/home/nabizadz/Projects/Mahsa/datasets/grid/test/s33/lwbi6p.mpg,124,126,4.057225704193115,0.9922019273290691
13,2,/home/nabizadz/Projects/Mahsa/datasets/grid/test/s33/swwmzn.mpg,109,111,4.102839469909668,0.9939489914423567
13,3,/home/nabizadz/Projects/Mahsa/datasets/grid/test/s33/pgbo1a.mpg,47,49,4.156612873077393,0.9950917842250014
13,4,/home/nabizadz/Projects/Mahsa/datasets/grid/test/s33/swwz9s.mpg,83,85,4.285385608673096,0.9980808833222771
13,5,/home/nabizadz/Projects/Mahsa/datasets/grid/test/s33/sriy1s.mpg,183,185,3.990051507949829,0.9867752892431807
13,6,/home/nabizadz/Projects/Mahsa/datasets/grid/test/s33/lbbu1s.mpg,191,193,4.411929130554199,0.949045618560834
13,7,/home/nabizadz/Projects/Mahsa/datasets/grid/test/s33/lrih2p.mpg,124,126,4.231013774871826,0.9905770487916216
13,8,/home/nabizadz/Projects/Mahsa/datasets/grid/test/s33/brax1a.mpg,270,272,4.326237678527832,0.9999999999999992
13,9,/home/nabizadz/Projects/Mahsa/datasets/grid/test/s33/bgwe6n.mpg,104,106,3.9730935096740723,0.983031543787751
13,10,/home/nabizadz/Projects/Mahsa/datasets/grid/test/s33/bgwr4n.mpg,168,170,4.383122444152832,0.9845853329389809
13,11,/home/nabizadz/Projects/Mahsa/datasets/grid/test/s33/lrbo5a.mpg,267,269,4.393807411193848,0.9338155910740962
13,12,/home/nabizadz/Projects/Mahsa/datasets/grid/test/s33/prwg9a.mpg,270,272,4.383396625518799,0.9657611174233273
13,13,/home/nabizadz/Projects/Mahsa/datasets/grid/test/s33/lbwb3s.mpg,127,129,3.490396499633789,0.951254705180097
13,14,/home/nabizadz/Projects/Mahsa/datasets/grid/test/s33/lwao5s.mpg,203,205,4.283725738525391,0.8959505875743149
13,15,/home/nabizadz/Projects/Mahsa/datasets/grid/test/s33/lbbbzp.mpg,133,135,3.6986289024353027,0.9797037437461882
14,0,/home/nabizadz/Projects/Mahsa/datasets/grid/test/s33/lwwp5a.mpg,138,140,4.2029194831848145,0.9922297266521816
14,1,/home/nabizadz/Projects/Mahsa/datasets/grid/test/s33/sgas5a.mpg,270,272,4.362447738647461,0.9415946877655886
14,2,/home/nabizadz/Projects/Mahsa/datasets/grid/test/s33/brajzn.mpg,273,275,4.398035049438477,0.9999999999999998
14,3,/home/nabizadz/Projects/Mahsa/datasets/grid/test/s33/lbig4n.mpg,156,158,4.361108303070068,0.9991479647258711
14,4,/home/nabizadz/Projects/Mahsa/datasets/grid/test/s33/bgiq4p.mpg,271,273,4.500208854675293,0.9993439394085047
14,5,/home/nabizadz/Projects/Mahsa/datasets/grid/test/s33/sgbm2n.mpg,159,161,4.092790603637695,0.9963703870220335
14,6,/home/nabizadz/Projects/Mahsa/datasets/grid/test/s33/lwio1s.mpg,66,68,2.921924591064453,0.992502491668062
14,7,/home/nabizadz/Projects/Mahsa/datasets/grid/test/s33/pbaz6p.mpg,250,252,4.488397121429443,0.9810813264273398
14,8,/home/nabizadz/Projects/Mahsa/datasets/grid/test/s33/lrbu6n.mpg,216,218,4.371160507202148,0.9599746083803944
14,9,/home/nabizadz/Projects/Mahsa/datasets/grid/test/s33/sgaz6n.mpg,27,29,4.41240119934082,0.9999473638044503
14,10,/home/nabizadz/Projects/Mahsa/datasets/grid/test/s33/lrah4n.mpg,155,157,4.4110589027404785,0.9946484081370476
14,11,/home/nabizadz/Projects/Mahsa/datasets/grid/test/s33/lbwu5s.mpg,49,51,3.505495309829712,0.976549503025884
14,12,/home/nabizadz/Projects/Mahsa/datasets/grid/test/s33/pbwm7a.mpg,153,155,4.139914512634277,0.9929177055807953
14,13,/home/nabizadz/Projects/Mahsa/datasets/grid/test/s33/sgas4p.mpg,53,55,4.351800918579102,0.9998835664492304
14,14,/home/nabizadz/Projects/Mahsa/datasets/grid/test/s33/priz8p.mpg,135,137,4.540534496307373,0.999997092536347
14,15,/home/nabizadz/Projects/Mahsa/datasets/grid/test/s33/swbl7s.mpg,185,187,3.6678009033203125,0.9718443955240389
15,0,/home/nabizadz/Projects/Mahsa/datasets/grid/test/s33/sgbm3s.mpg,33,35,4.402310371398926,0.9908351444041754
15,1,/home/nabizadz/Projects/Mahsa/datasets/grid/test/s33/sbax8n.mpg,277,279,4.462019920349121,0.9983747049881347
15,2,/home/nabizadz/Projects/Mahsa/datasets/grid/test/s33/srbl2p.mpg,91,93,4.293443202972412,0.999983583392836
15,3,/home/nabizadz/Projects/Mahsa/datasets/grid/test/s33/pbie8n.mpg,18,20,4.509236812591553,0.999958608952122
15,4,/home/nabizadz/Projects/Mahsa/datasets/grid/test/s33/prwt4n.mpg,189,191,3.6386959552764893,0.9913501180465613
15,5,/home/nabizadz/Projects/Mahsa/datasets/grid/test/s33/lwab8p.mpg,184,186,4.402398586273193,0.9888603380338571
15,6,/home/nabizadz/Projects/Mahsa/datasets/grid/test/s33/swbszn.mpg,42,44,3.734977960586548,0.9930820869750916
15,7,/home/nabizadz/Projects/Mahsa/datasets/grid/test/s33/srak8p.mpg,160,162,3.500847578048706,0.9809035831198157
15,8,/home/nabizadz/Projects/Mahsa/datasets/grid/test/s33/bwwe3a.mpg,249,251,4.4282708168029785,0.9969039789211012
15,9,/home/nabizadz/Projects/Mahsa/datasets/grid/test/s33/sgwt3a.mpg,219,221,4.209982872009277,0.8888522314576199
15,10,/home/nabizadz/Projects/Mahsa/datasets/grid/test/s33/lgai8p.mpg,207,209,4.423732280731201,0.9480932490691507
15,11,/home/nabizadz/Projects/Mahsa/datasets/grid/test/s33/pgit4n.mpg,158,160,2.748137950897217,0.9960210392882465
15,12,/home/nabizadz/Projects/Mahsa/datasets/grid/test/s33/bbiu9s.mpg,258,260,4.341702938079834,0.8825109850282904
15,13,/home/nabizadz/Projects/Mahsa/datasets/grid/test/s33/sbak2p.mpg,82,84,3.6076877117156982,0.9718110330904662
15,14,/home/nabizadz/Projects/Mahsa/datasets/grid/test/s33/pgbn8n.mpg,283,285,4.600499153137207,0.9943507525031944
15,15,/home/nabizadz/Projects/Mahsa/datasets/grid/test/s33/sbay1a.mpg,251,253,4.410153388977051,0.9798235639174576
16,0,/home/nabizadz/Projects/Mahsa/datasets/grid/test/s33/lgwx4p.mpg,220,222,4.4691596031188965,0.9590746850957133
16,1,/home/nabizadz/Projects/Mahsa/datasets/grid/test/s33/lwbi7a.mpg,95,97,4.309759616851807,0.9968542527754917
16,2,/home/nabizadz/Projects/Mahsa/datasets/grid/test/s33/primzp.mpg,21,23,4.321051120758057,0.9999541528434026
16,3,/home/nabizadz/Projects/Mahsa/datasets/grid/test/s33/lgwj5s.mpg,19,21,4.367303848266602,0.9937938710084734
16,4,/home/nabizadz/Projects/Mahsa/datasets/grid/test/s33/srwf3a.mpg,106,108,4.4957275390625,0.9998107072363739
16,5,/home/nabizadz/Projects/Mahsa/datasets/grid/test/s33/pris5a.mpg,157,159,4.319678783416748,0.9976632994631855
16,6,/home/nabizadz/Projects/Mahsa/datasets/grid/test/s33/brwd7a.mpg,204,206,4.429213047027588,0.9812431917940272
16,7,/home/nabizadz/Projects/Mahsa/datasets/grid/test/s33/bbav4p.mpg,282,284,4.437170505523682,0.9688084663113763
16,8,/home/nabizadz/Projects/Mahsa/datasets/grid/test/s33/pbbm1s.mpg,109,111,4.032634258270264,0.9926050456544057
16,9,/home/nabizadz/Projects/Mahsa/datasets/grid/test/s33/brwd4n.mpg,283,285,4.368666172027588,0.9913146384628655
16,10,/home/nabizadz/Projects/Mahsa/datasets/grid/test/s33/pwbn5a.mpg,281,283,4.51741886138916,0.9940588542436168
16,11,/home/nabizadz/Projects/Mahsa/datasets/grid/test/s33/bbiu8n.mpg,122,124,4.101441860198975,0.997881957718822
16,12,/home/nabizadz/Projects/Mahsa/datasets/grid/test/s33/sbwl1a.mpg,281,283,4.411270618438721,0.9693269426768127
16,13,/home/nabizadz/Projects/Mahsa/datasets/grid/test/s33/brwd5s.mpg,277,279,4.3072285652160645,0.9552019910273877
16,14,/home/nabizadz/Projects/Mahsa/datasets/grid/test/s33/bgid7a.mpg,97,99,3.9198007583618164,0.9915035842554948
16,15,/home/nabizadz/Projects/Mahsa/datasets/grid/test/s33/sray7a.mpg,40,42,4.30099630355835,0.996786640866347
17,0,/home/nabizadz/Projects/Mahsa/datasets/grid/test/s33/prbg5a.mpg,14,16,4.489225387573242,0.9999993933573604
17,1,/home/nabizadz/Projects/Mahsa/datasets/grid/test/s33/bbbv8p.mpg,222,224,4.388304233551025,0.898677834605285
17,2,/home/nabizadz/Projects/Mahsa/datasets/grid/test/s33/sbwe4n.mpg,298,300,4.6341872215271,0.9999999999999941
17,3,/home/nabizadz/Projects/Mahsa/datasets/grid/test/s33/sbwr3s.mpg,298,300,4.614121913909912,0.9999999999999957
17,4,/home/nabizadz/Projects/Mahsa/datasets/grid/test/s33/bbio6p.mpg,79,81,3.557596445083618,0.9711449439422747
17,5,/home/nabizadz/Projects/Mahsa/datasets/grid/test/s33/swbl9a.mpg,112,114,4.067748546600342,0.9977720242745001
17,6,/home/nabizadz/Projects/Mahsa/datasets/grid/test/s33/srwfzn.mpg,63,65,4.524471282958984,0.9906306641025308
17,7,/home/nabizadz/Projects/Mahsa/datasets/grid/test/s33/pram4p.mpg,259,261,4.568824768066406,0.9835486862823112
17,8,/home/nabizadz/Projects/Mahsa/datasets/grid/test/s33/bgwe7s.mpg,196,198,4.508754730224609,0.9962970512942013
17,9,/home/nabizadz/Projects/Mahsa/datasets/grid/test/s33/lwavzp.mpg,120,122,4.035818576812744,0.9832872093586654
17,10,/home/nabizadz/Projects/Mahsa/datasets/grid/test/s33/bgbe3s.mpg,239,241,4.455382347106934,0.971835859357771
17,11,/home/nabizadz/Projects/Mahsa/datasets/grid/test/s33/srbr4n.mpg,148,150,3.497345209121704,0.9861430918888434
17,12,/home/nabizadz/Projects/Mahsa/datasets/grid/test/s33/brwq3s.mpg,18,20,4.417860507965088,0.9939330680632864
17,13,/home/nabizadz/Projects/Mahsa/datasets/grid/test/s33/lwai2p.mpg,181,183,4.2625908851623535,0.9869913012407937
17,14,/home/nabizadz/Projects/Mahsa/datasets/grid/test/s33/sbid4p.mpg,153,155,3.8474345207214355,0.975322394808051
17,15,/home/nabizadz/Projects/Mahsa/datasets/grid/test/s33/prwn2p.mpg,141,143,3.716738700866699,0.9828820746674884
18,0,/home/nabizadz/Projects/Mahsa/datasets/grid/test/s33/pwbg9s.mpg,192,194,4.331589221954346,0.9858668953176306
18,1,/home/nabizadz/Projects/Mahsa/datasets/grid/test/s33/lgbj2p.mpg,260,262,4.37537956237793,0.9742218327816504
18,2,/home/nabizadz/Projects/Mahsa/datasets/grid/test/s33/sbby5a.mpg,241,243,4.489243507385254,0.9567012112908388
18,3,/home/nabizadz/Projects/Mahsa/datasets/grid/test/s33/bgay1s.mpg,211,213,4.415043830871582,0.9858997134528088
18,4,/home/nabizadz/Projects/Mahsa/datasets/grid/test/s33/sgbs8p.mpg,55,57,4.207805633544922,0.9935143975872418
18,5,/home/nabizadz/Projects/Mahsa/datasets/grid/test/s33/pgbozp.mpg,190,192,4.331821441650391,0.9875468166107013
18,6,/home/nabizadz/Projects/Mahsa/datasets/grid/test/s33/sgwg3s.mpg,81,83,4.067415237426758,0.9957709618470795
18,7,/home/nabizadz/Projects/Mahsa/datasets/grid/test/s33/pgwo5a.mpg,188,190,4.52526330947876,0.9561874442098003
18,8,/home/nabizadz/Projects/Mahsa/datasets/grid/test/s33/bric3s.mpg,172,174,4.480841636657715,0.9914235448230035
18,9,/home/nabizadz/Projects/Mahsa/datasets/grid/test/s33/lwwc7a.mpg,148,150,4.2651448249816895,0.999652427461095
18,10,/home/nabizadz/Projects/Mahsa/datasets/grid/test/s33/bgwr7a.mpg,105,107,3.6913459300994873,0.9891120034007922
18,11,/home/nabizadz/Projects/Mahsa/datasets/grid/test/s33/lgbjzn.mpg,72,74,3.8233141899108887,0.9800421945334222
18,12,/home/nabizadz/Projects/Mahsa/datasets/grid/test/s33/lrwo9a.mpg,58,60,2.6214678287506104,0.9832424725281439
18,13,/home/nabizadz/Projects/Mahsa/datasets/grid/test/s33/pwanzp.mpg,166,168,4.240610599517822,0.9930276501206853
18,14,/home/nabizadz/Projects/Mahsa/datasets/grid/test/s33/srik2n.mpg,43,45,4.2372212409973145,0.9994737285262435
18,15,/home/nabizadz/Projects/Mahsa/datasets/grid/test/s33/bwaj6n.mpg,121,123,3.6622567176818848,0.9733922171137251
19,0,/home/nabizadz/Projects/Mahsa/datasets/grid/test/s33/bgbe5a.mpg,238,240,4.342745304107666,0.9521460163205253
19,1,/home/nabizadz/Projects/Mahsa/datasets/grid/test/s33/pwbn4p.mpg,19,21,4.320126056671143,0.9999313109118182
19,2,/home/nabizadz/Projects/Mahsa/datasets/grid/test/s33/lwiu7a.mpg,186,188,4.4766764640808105,0.9999999999999982
19,3,/home/nabizadz/Projects/Mahsa/datasets/grid/test/s33/bbbjzp.mpg,86,88,3.960118532180786,0.9907607961780639
19,4,/home/nabizadz/Projects/Mahsa/datasets/grid/test/s33/pwit1a.mpg,48,50,3.2788217067718506,0.9796423138158429
19,5,/home/nabizadz/Projects/Mahsa/datasets/grid/test/s33/prbm8p.mpg,91,93,4.16905403137207,0.9892345508203403
19,6,/home/nabizadz/Projects/Mahsa/datasets/grid/test/s33/bgwz1a.mpg,243,245,4.2342209815979,0.9416473887877823
19,7,/home/nabizadz/Projects/Mahsa/datasets/grid/test/s33/bgix8p.mpg,123,125,4.053116321563721,0.9995732425069253
19,8,/home/nabizadz/Projects/Mahsa/datasets/grid/test/s33/pgig8p.mpg,152,154,4.25949239730835,0.9962536210053269
19,9,/home/nabizadz/Projects/Mahsa/datasets/grid/test/s33/bgae1a.mpg,209,211,4.295601844787598,0.8773099111287337
19,10,/home/nabizadz/Projects/Mahsa/datasets/grid/test/s33/sbbk4n.mpg,90,92,4.386586666107178,0.9997989199005806
19,11,/home/nabizadz/Projects/Mahsa/datasets/grid/test/s33/sriq7s.mpg,211,213,4.384496688842773,0.9674487241443073
19,12,/home/nabizadz/Projects/Mahsa/datasets/grid/test/s33/bbwc8n.mpg,115,117,4.213006496429443,0.9906915706575596
19,13,/home/nabizadz/Projects/Mahsa/datasets/grid/test/s33/brac9a.mpg,232,234,4.320501327514648,0.8986550074095419
19,14,/home/nabizadz/Projects/Mahsa/datasets/grid/test/s33/brac8p.mpg,126,128,4.351193428039551,0.9998388803883965
19,15,/home/nabizadz/Projects/Mahsa/datasets/grid/test/s33/bgad8n.mpg,138,140,4.3809309005737305,0.9999820295611392
20,0,/home/nabizadz/Projects/Mahsa/datasets/grid/test/s33/lbinzp.mpg,135,137,4.289615631103516,0.9997731440224138
20,1,/home/nabizadz/Projects/Mahsa/datasets/grid/test/s33/lgbp4n.mpg,281,283,4.339519023895264,0.9604451893397034
20,2,/home/nabizadz/Projects/Mahsa/datasets/grid/test/s33/lrih3a.mpg,87,89,4.447649955749512,0.9938194619430402
20,3,/home/nabizadz/Projects/Mahsa/datasets/grid/test/s33/lwwjzp.mpg,10,12,4.462518215179443,0.9999407952650674
20,4,/home/nabizadz/Projects/Mahsa/datasets/grid/test/s33/pgwo2n.mpg,167,169,4.12515115737915,0.9905153974951296
20,5,/home/nabizadz/Projects/Mahsa/datasets/grid/test/s33/sbid2n.mpg,273,275,4.4495768547058105,0.9463430494483605
20,6,/home/nabizadz/Projects/Mahsa/datasets/grid/test/s33/lran9s.mpg,30,32,4.3308281898498535,0.9999168589956122
20,7,/home/nabizadz/Projects/Mahsa/datasets/grid/test/s33/prwg8p.mpg,47,49,3.2409303188323975,0.9709685817931758
20,8,/home/nabizadz/Projects/Mahsa/datasets/grid/test/s33/prbg3s.mpg,213,215,4.406332969665527,0.9190949288302406
20,9,/home/nabizadz/Projects/Mahsa/datasets/grid/test/s33/pbwgzn.mpg,232,234,4.4339919090271,0.9355314739730335
20,10,/home/nabizadz/Projects/Mahsa/datasets/grid/test/s33/lwih7s.mpg,165,167,4.14607572555542,0.9878126296001745
20,11,/home/nabizadz/Projects/Mahsa/datasets/grid/test/s33/sgaf6p.mpg,57,59,4.075724124908447,0.9959944096212758
20,12,/home/nabizadz/Projects/Mahsa/datasets/grid/test/s33/bbai6p.mpg,144,146,4.316221714019775,0.9997911549928877
20,13,/home/nabizadz/Projects/Mahsa/datasets/grid/test/s33/swazzn.mpg,50,52,4.112897872924805,0.9997177660314465
20,14,/home/nabizadz/Projects/Mahsa/datasets/grid/test/s33/lrbu9a.mpg,265,267,4.545164585113525,0.9999999999999137
20,15,/home/nabizadz/Projects/Mahsa/datasets/grid/test/s33/pbir9a.mpg,55,57,3.7499427795410156,0.9819821655168379
21,0,/home/nabizadz/Projects/Mahsa/datasets/grid/test/s33/sbbq8n.mpg,74,76,4.35403299331665,0.9998696591828382
21,1,/home/nabizadz/Projects/Mahsa/datasets/grid/test/s33/pgwu8p.mpg,189,191,4.40968132019043,0.9891726368471365
21,2,/home/nabizadz/Projects/Mahsa/datasets/grid/test/s33/pwig1s.mpg,252,254,4.527137756347656,0.9998972376650545
21,3,/home/nabizadz/Projects/Mahsa/datasets/grid/test/s33/bbai7a.mpg,151,153,4.213886260986328,0.9940662849865043
21,4,/home/nabizadz/Projects/Mahsa/datasets/grid/test/s33/bwwq9s.mpg,172,174,4.317053318023682,0.995218799036863
21,5,/home/nabizadz/Projects/Mahsa/datasets/grid/test/s33/lwao7a.mpg,22,24,4.39079475402832,0.9999463686287935
21,6,/home/nabizadz/Projects/Mahsa/datasets/grid/test/s33/brbx4p.mpg,105,107,4.3446044921875,0.9994104141301177
21,7,/home/nabizadz/Projects/Mahsa/datasets/grid/test/s33/srar1s.mpg,237,239,4.377205848693848,0.9580370594858346
21,8,/home/nabizadz/Projects/Mahsa/datasets/grid/test/s33/bwwq8n.mpg,271,273,4.272636890411377,0.9040080149394167
21,9,/home/nabizadz/Projects/Mahsa/datasets/grid/test/s33/lbaa6p.mpg,262,264,4.3911309242248535,0.9887283182392694
21,10,/home/nabizadz/Projects/Mahsa/datasets/grid/test/s33/lwau9s.mpg,49,51,3.4164397716522217,0.9723151313428424
21,11,/home/nabizadz/Projects/Mahsa/datasets/grid/test/s33/pgauzp.mpg,271,273,4.195032119750977,0.9107087907015985
21,12,/home/nabizadz/Projects/Mahsa/datasets/grid/test/s33/lrah6p.mpg,92,94,4.362731456756592,0.9979282494047481
21,13,/home/nabizadz/Projects/Mahsa/datasets/grid/test/s33/lgio6n.mpg,43,45,3.9993069171905518,0.9858734674306125
21,14,/home/nabizadz/Projects/Mahsa/datasets/grid/test/s33/lrau5a.mpg,294,296,4.440934181213379,0.9999999999999966
21,15,/home/nabizadz/Projects/Mahsa/datasets/grid/test/s33/prbt1s.mpg,82,84,4.308300018310547,0.9999671626945636
22,0,/home/nabizadz/Projects/Mahsa/datasets/grid/test/s33/sgif2p.mpg,268,270,4.597977161407471,0.9957162119885069
22,1,/home/nabizadz/Projects/Mahsa/datasets/grid/test/s33/bgwl1s.mpg,113,115,3.842982053756714,0.9908386312907614
22,2,/home/nabizadz/Projects/Mahsa/datasets/grid/test/s33/sbwy7s.mpg,224,226,4.30164098739624,0.9183330389699744
22,3,/home/nabizadz/Projects/Mahsa/datasets/grid/test/s33/brwkzp.mpg,208,210,4.4278178215026855,0.9875267053600815
22,4,/home/nabizadz/Projects/Mahsa/datasets/grid/test/s33/sbby2n.mpg,117,119,3.3402106761932373,0.9931768190145155
22,5,/home/nabizadz/Projects/Mahsa/datasets/grid/test/s33/sray4n.mpg,277,279,4.311500072479248,0.9454647140155568
22,6,/home/nabizadz/Projects/Mahsa/datasets/grid/test/s33/bwip8p.mpg,259,261,4.390841960906982,0.9283604399674061
22,7,/home/nabizadz/Projects/Mahsa/datasets/grid/test/s33/bbbp3s.mpg,50,52,3.6717779636383057,0.9744136408764468
22,8,/home/nabizadz/Projects/Mahsa/datasets/grid/test/s33/pbaszn.mpg,88,90,3.867004156112671,0.9925164127365325
22,9,/home/nabizadz/Projects/Mahsa/datasets/grid/test/s33/bbac3a.mpg,58,60,3.887409210205078,0.9926731052849711
22,10,/home/nabizadz/Projects/Mahsa/datasets/grid/test/s33/pwim4n.mpg,129,131,3.484034299850464,0.9876439573585489
22,11,/home/nabizadz/Projects/Mahsa/datasets/grid/test/s33/lbwb2n.mpg,171,173,4.378476142883301,0.9977367046465363
22,12,/home/nabizadz/Projects/Mahsa/datasets/grid/test/s33/bbib6n.mpg,10,12,4.47455358505249,0.9999912658181087
22,13,/home/nabizadz/Projects/Mahsa/datasets/grid/test/s33/srae2n.mpg,31,33,4.462144374847412,0.9967164731969865
22,14,/home/nabizadz/Projects/Mahsa/datasets/grid/test/s33/sbbezn.mpg,295,297,4.401659965515137,0.9989132813155209
22,15,/home/nabizadz/Projects/Mahsa/datasets/grid/test/s33/swwz8n.mpg,134,136,4.113879203796387,0.9988983682649438
23,0,/home/nabizadz/Projects/Mahsa/datasets/grid/test/s33/pbbf9a.mpg,151,153,4.115352630615234,0.9887969210834306
23,1,/home/nabizadz/Projects/Mahsa/datasets/grid/test/s33/pgbu3s.mpg,6,8,4.550723075866699,0.9994557358475994
23,2,/home/nabizadz/Projects/Mahsa/datasets/grid/test/s33/pwis8n.mpg,98,100,3.887606620788574,0.9896236451121864
23,3,/home/nabizadz/Projects/Mahsa/datasets/grid/test/s33/sbiq3a.mpg,197,199,4.557214736938477,0.9971899088065034
23,4,/home/nabizadz/Projects/Mahsa/datasets/grid/test/s33/lban2n.mpg,74,76,4.52947473526001,0.9999402134663091
23,5,/home/nabizadz/Projects/Mahsa/datasets/grid/test/s33/pgbh4n.mpg,253,255,4.329584121704102,0.8682618658755553
23,6,/home/nabizadz/Projects/Mahsa/datasets/grid/test/s33/bbwc9s.mpg,168,170,3.781327486038208,0.982246063059672
23,7,/home/nabizadz/Projects/Mahsa/datasets/grid/test/s33/sbij8p.mpg,56,58,4.375314712524414,0.9999862172151547
23,8,/home/nabizadz/Projects/Mahsa/datasets/grid/test/s33/pwbt6n.mpg,194,196,4.100348472595215,0.9929187008449336
23,9,/home/nabizadz/Projects/Mahsa/datasets/grid/test/s33/pbbs7a.mpg,268,270,4.463897228240967,0.9588224200656993
23,10,/home/nabizadz/Projects/Mahsa/datasets/grid/test/s33/lraozp.mpg,13,15,4.39700174331665,0.9999361897355461
23,11,/home/nabizadz/Projects/Mahsa/datasets/grid/test/s33/lwwc6p.mpg,53,55,3.558835744857788,0.9710953094408923
23,12,/home/nabizadz/Projects/Mahsa/datasets/grid/test/s33/bwwy3s.mpg,187,189,4.377048492431641,0.990622578375339
23,13,/home/nabizadz/Projects/Mahsa/datasets/grid/test/s33/prwt7a.mpg,236,238,4.40146017074585,0.9680672051052016
23,14,/home/nabizadz/Projects/Mahsa/datasets/grid/test/s33/pgbu5a.mpg,154,156,4.1214704513549805,0.9914881527150314
23,15,/home/nabizadz/Projects/Mahsa/datasets/grid/test/s33/swbz4n.mpg,191,193,4.436694622039795,0.9933877312136125
24,0,/home/nabizadz/Projects/Mahsa/datasets/grid/test/s33/bwad5a.mpg,236,238,4.388598918914795,0.9431239667888747
24,1,/home/nabizadz/Projects/Mahsa/datasets/grid/test/s33/sgwg4p.mpg,266,268,4.357996463775635,0.959574268267906
24,2,/home/nabizadz/Projects/Mahsa/datasets/grid/test/s33/srbz1a.mpg,105,107,3.922696590423584,0.9930513566019054
24,3,/home/nabizadz/Projects/Mahsa/datasets/grid/test/s33/pwaa3a.mpg,143,145,3.9532322883605957,0.9925579193772837
24,4,/home/nabizadz/Projects/Mahsa/datasets/grid/test/s33/lrab2p.mpg,144,146,4.3936238288879395,0.9991491522223054
24,5,/home/nabizadz/Projects/Mahsa/datasets/grid/test/s33/lbia2p.mpg,281,283,4.440866470336914,0.9855010981525989
24,6,/home/nabizadz/Projects/Mahsa/datasets/grid/test/s33/swir4p.mpg,10,12,4.6086835861206055,0.9999332261548911
24,7,/home/nabizadz/Projects/Mahsa/datasets/grid/test/s33/sriq6n.mpg,263,265,4.389026641845703,0.9282966293630998
24,8,/home/nabizadz/Projects/Mahsa/datasets/grid/test/s33/swar9a.mpg,285,287,4.153575420379639,0.9728027864163296
24,9,/home/nabizadz/Projects/Mahsa/datasets/grid/test/s33/bgwl2p.mpg,95,97,3.8893191814422607,0.9906411642707467
24,10,/home/nabizadz/Projects/Mahsa/datasets/grid/test/s33/brwx8p.mpg,125,127,4.312244892120361,0.9953438778294673
24,11,/home/nabizadz/Projects/Mahsa/datasets/grid/test/s33/srwf1s.mpg,295,297,4.383636474609375,0.9960967898495207
24,12,/home/nabizadz/Projects/Mahsa/datasets/grid/test/s33/lgib9s.mpg,29,31,4.478299140930176,0.9999795834998546
24,13,/home/nabizadz/Projects/Mahsa/datasets/grid/test/s33/lrwo8p.mpg,85,87,3.609025478363037,0.9737194237824821
24,14,/home/nabizadz/Projects/Mahsa/datasets/grid/test/s33/lbbn6n.mpg,184,186,4.300299644470215,0.9748649907392503
24,15,/home/nabizadz/Projects/Mahsa/datasets/grid/test/s33/pgbu4p.mpg,119,121,4.342639923095703,0.9984248614304247
25,0,/home/nabizadz/Projects/Mahsa/datasets/grid/test/s33/pris3s.mpg,191,193,3.25443434715271,0.9446925971901015
25,1,/home/nabizadz/Projects/Mahsa/datasets/grid/test/s33/swbz6p.mpg,74,76,3.909841537475586,0.9947251089415081
25,2,/home/nabizadz/Projects/Mahsa/datasets/grid/test/s33/lbwh8p.mpg,238,240,4.425587177276611,0.9440531393204428
25,3,/home/nabizadz/Projects/Mahsa/datasets/grid/test/s33/pgah2p.mpg,32,34,4.336044788360596,0.9999982962908494
25,4,/home/nabizadz/Projects/Mahsa/datasets/grid/test/s33/lwbo9s.mpg,280,282,4.544617652893066,1.0
25,5,/home/nabizadz/Projects/Mahsa/datasets/grid/test/s33/pbws8n.mpg,88,90,4.123204231262207,0.9944189470684967
25,6,/home/nabizadz/Projects/Mahsa/datasets/grid/test/s33/bgak3s.mpg,183,185,4.496720790863037,0.9998609486871597
25,7,/home/nabizadz/Projects/Mahsa/datasets/grid/test/s33/srik4p.mpg,79,81,3.8513336181640625,0.9930097995222342
25,8,/home/nabizadz/Projects/Mahsa/datasets/grid/test/s33/bric5a.mpg,116,118,4.368472576141357,0.999894168099885
25,9,/home/nabizadz/Projects/Mahsa/datasets/grid/test/s33/lgbc6n.mpg,275,277,4.4022135734558105,0.9874379128133192
25,10,/home/nabizadz/Projects/Mahsa/datasets/grid/test/s33/lrwo7s.mpg,228,230,4.500523567199707,0.9926862168150987
25,11,/home/nabizadz/Projects/Mahsa/datasets/grid/test/s33/bgid4n.mpg,272,274,4.350605010986328,0.97213780196742
25,12,/home/nabizadz/Projects/Mahsa/datasets/grid/test/s33/swwf6n.mpg,279,281,4.556405544281006,0.9889110620579388
25,13,/home/nabizadz/Projects/Mahsa/datasets/grid/test/s33/sbaq7a.mpg,197,199,4.284763813018799,0.9454389002074411
25,14,/home/nabizadz/Projects/Mahsa/datasets/grid/test/s33/swal2n.mpg,44,46,3.9609694480895996,0.9914575448134353
25,15,/home/nabizadz/Projects/Mahsa/datasets/grid/test/s33/sgbs9a.mpg,74,76,4.271946430206299,0.9988045089311727
26,0,/home/nabizadz/Projects/Mahsa/datasets/grid/test/s33/pbil5a.mpg,142,144,4.354335308074951,0.9999685953157246
26,1,/home/nabizadz/Projects/Mahsa/datasets/grid/test/s33/lbba8n.mpg,104,106,3.6397597789764404,0.9879728422897057
26,2,/home/nabizadz/Projects/Mahsa/datasets/grid/test/s33/lrbi1a.mpg,248,250,4.377068996429443,0.9892059579369556
26,3,/home/nabizadz/Projects/Mahsa/datasets/grid/test/s33/pgbh7a.mpg,270,272,4.389663219451904,0.9856583619813599
26,4,/home/nabizadz/Projects/Mahsa/datasets/grid/test/s33/pbbs4n.mpg,128,130,4.299483299255371,0.999585057057117
26,5,/home/nabizadz/Projects/Mahsa/datasets/grid/test/s33/pwba6p.mpg,97,99,3.836973190307617,0.9918668805014684
26,6,/home/nabizadz/Projects/Mahsa/datasets/grid/test/s33/pgbh6p.mpg,18,20,4.401780128479004,0.9999202878512442
26,7,/home/nabizadz/Projects/Mahsa/datasets/grid/test/s33/bgwe9a.mpg,255,257,4.248101711273193,0.8551023241921477
26,8,/home/nabizadz/Projects/Mahsa/datasets/grid/test/s33/bbapzp.mpg,90,92,4.4223246574401855,0.9985639721741153
26,9,/home/nabizadz/Projects/Mahsa/datasets/grid/test/s33/bwic9s.mpg,172,174,4.276148796081543,0.9960632536720432
26,10,/home/nabizadz/Projects/Mahsa/datasets/grid/test/s33/sgif3a.mpg,134,136,3.613767147064209,0.9818081680406614
26,11,/home/nabizadz/Projects/Mahsa/datasets/grid/test/s33/srie1a.mpg,158,160,4.367063045501709,0.9945326909161281
26,12,/home/nabizadz/Projects/Mahsa/datasets/grid/test/s33/swwm3a.mpg,151,153,4.171188831329346,0.9964336241956637
26,13,/home/nabizadz/Projects/Mahsa/datasets/grid/test/s33/sbbq9s.mpg,286,288,4.52571439743042,0.9952004911891984
26,14,/home/nabizadz/Projects/Mahsa/datasets/grid/test/s33/swir2n.mpg,26,28,4.507242679595947,0.9993160088187588
26,15,/home/nabizadz/Projects/Mahsa/datasets/grid/test/s33/bwbq4n.mpg,266,268,4.499149322509766,0.9533732275715465
27,0,/home/nabizadz/Projects/Mahsa/datasets/grid/test/s33/pwba4n.mpg,211,213,4.3774094581604,0.9365683878582629
27,1,/home/nabizadz/Projects/Mahsa/datasets/grid/test/s33/bgbe4p.mpg,282,284,4.465482711791992,0.997483118039627
27,2,/home/nabizadz/Projects/Mahsa/datasets/grid/test/s33/bgij9s.mpg,191,193,4.5162506103515625,0.9946303866905282
27,3,/home/nabizadz/Projects/Mahsa/datasets/grid/test/s33/lrbu7s.mpg,80,82,4.405312538146973,0.9978466009635135
27,4,/home/nabizadz/Projects/Mahsa/datasets/grid/test/s33/swie6p.mpg,9,11,4.396720886230469,0.9982873442760255
27,5,/home/nabizadz/Projects/Mahsa/datasets/grid/test/s33/pwam9s.mpg,273,275,4.154264450073242,0.9348833090115188
27,6,/home/nabizadz/Projects/Mahsa/datasets/grid/test/s33/lrbu8p.mpg,14,16,4.483922004699707,0.9941924498834621
27,7,/home/nabizadz/Projects/Mahsa/datasets/grid/test/s33/sgiz4p.mpg,174,176,3.934255599975586,0.993820115217737
27,8,/home/nabizadz/Projects/Mahsa/datasets/grid/test/s33/lgapzn.mpg,33,35,4.365900039672852,0.9988456460486184
27,9,/home/nabizadz/Projects/Mahsa/datasets/grid/test/s33/srwr9s.mpg,59,61,3.8150265216827393,0.9974688202019557
27,10,/home/nabizadz/Projects/Mahsa/datasets/grid/test/s33/lrau2n.mpg,85,87,4.397042751312256,0.999934470507233
27,11,/home/nabizadz/Projects/Mahsa/datasets/grid/test/s33/lbat8p.mpg,14,16,4.448977947235107,0.9999888454777018
27,12,/home/nabizadz/Projects/Mahsa/datasets/grid/test/s33/bgay3a.mpg,21,23,4.487807750701904,0.9999066185934314
27,13,/home/nabizadz/Projects/Mahsa/datasets/grid/test/s33/bbbp4p.mpg,284,286,4.4384284019470215,0.963008743919057
27,14,/home/nabizadz/Projects/Mahsa/datasets/grid/test/s33/pwaa1s.mpg,197,199,4.298047065734863,0.8630199730782262
27,15,/home/nabizadz/Projects/Mahsa/datasets/grid/test/s33/lrab3a.mpg,44,46,3.338589668273926,0.9672521295234042
28,0,/home/nabizadz/Projects/Mahsa/datasets/grid/test/s33/pbbm2p.mpg,298,300,4.619558811187744,0.9999999999999996
28,1,/home/nabizadz/Projects/Mahsa/datasets/grid/test/s33/swar6n.mpg,278,280,4.172445774078369,0.9270979314696102
28,2,/home/nabizadz/Projects/Mahsa/datasets/grid/test/s33/bwid1a.mpg,268,270,4.36469841003418,0.943066836144039
28,3,/home/nabizadz/Projects/Mahsa/datasets/grid/test/s33/swwm1s.mpg,167,169,3.9352784156799316,0.9735740983703834
28,4,/home/nabizadz/Projects/Mahsa/datasets/grid/test/s33/brwq5a.mpg,20,22,4.302243232727051,0.9998918997047685
28,5,/home/nabizadz/Projects/Mahsa/datasets/grid/test/s33/lwwv7s.mpg,83,85,2.8050410747528076,0.9973622562620441
28,6,/home/nabizadz/Projects/Mahsa/datasets/grid/test/s33/praf8n.mpg,278,280,4.381791114807129,0.961071487916846
28,7,/home/nabizadz/Projects/Mahsa/datasets/grid/test/s33/lwio3a.mpg,68,70,2.9408581256866455,0.99608812798546
28,8,/home/nabizadz/Projects/Mahsa/datasets/grid/test/s33/lgii4p.mpg,123,125,4.031945705413818,0.9909285469076579
28,9,/home/nabizadz/Projects/Mahsa/datasets/grid/test/s33/brwx7s.mpg,178,180,4.460402488708496,0.9932221066688431
28,10,/home/nabizadz/Projects/Mahsa/datasets/grid/test/s33/bbav3s.mpg,293,295,4.450377464294434,0.9996699277266283
28,11,/home/nabizadz/Projects/Mahsa/datasets/grid/test/s33/swbf3s.mpg,121,123,4.1850152015686035,0.9975607470105884
28,12,/home/nabizadz/Projects/Mahsa/datasets/grid/test/s33/pgan7a.mpg,246,248,4.3497114181518555,0.883917975593942
28,13,/home/nabizadz/Projects/Mahsa/datasets/grid/test/s33/bbwj2n.mpg,35,37,4.4699249267578125,0.9999991365092338
28,14,/home/nabizadz/Projects/Mahsa/datasets/grid/test/s33/lrwi5a.mpg,190,192,4.527912616729736,0.9711218931227826
28,15,/home/nabizadz/Projects/Mahsa/datasets/grid/test/s33/srwr8n.mpg,113,115,3.7244508266448975,0.9925590176287
29,0,/home/nabizadz/Projects/Mahsa/datasets/grid/test/s33/lrah7a.mpg,39,41,4.1368913650512695,0.992066075958102
29,1,/home/nabizadz/Projects/Mahsa/datasets/grid/test/s33/sbbe3a.mpg,14,16,4.485369682312012,0.9999789117928973
29,2,/home/nabizadz/Projects/Mahsa/datasets/grid/test/s33/lwbc1s.mpg,249,251,4.518868446350098,0.9999999999999989
29,3,/home/nabizadz/Projects/Mahsa/datasets/grid/test/s33/lwbv4p.mpg,268,270,4.373600482940674,0.9773469502833481
29,4,/home/nabizadz/Projects/Mahsa/datasets/grid/test/s33/bgid5s.mpg,2,4,4.52510404586792,0.999999996960623
29,5,/home/nabizadz/Projects/Mahsa/datasets/grid/test/s33/bgay2p.mpg,171,173,4.313879489898682,0.9981049331445845
29,6,/home/nabizadz/Projects/Mahsa/datasets/grid/test/s33/prbm6n.mpg,118,120,4.186816215515137,0.9989492511920891
29,7,/home/nabizadz/Projects/Mahsa/datasets/grid/test/s33/sbix6p.mpg,103,105,3.427626848220825,0.9746588566203385
29,8,/home/nabizadz/Projects/Mahsa/datasets/grid/test/s33/lbahzp.mpg,76,78,3.7798478603363037,0.9742319756551645
29,9,/home/nabizadz/Projects/Mahsa/datasets/grid/test/s33/bbbv7s.mpg,4,6,4.474389553070068,0.9999932386207528
29,10,/home/nabizadz/Projects/Mahsa/datasets/grid/test/s33/pgbh5s.mpg,261,263,4.310790061950684,0.8728171322803611
29,11,/home/nabizadz/Projects/Mahsa/datasets/grid/test/s33/sgbm4p.mpg,11,13,4.525668621063232,0.9992888131264613
29,12,/home/nabizadz/Projects/Mahsa/datasets/grid/test/s33/bric2n.mpg,21,23,4.507185459136963,0.9990825651302989
29,13,/home/nabizadz/Projects/Mahsa/datasets/grid/test/s33/lrit8n.mpg,127,129,4.0987548828125,0.9963330730619856
29,14,/home/nabizadz/Projects/Mahsa/datasets/grid/test/s33/pbaz5s.mpg,192,194,4.351603031158447,0.9479938557855735
29,15,/home/nabizadz/Projects/Mahsa/datasets/grid/test/s33/bbac2p.mpg,199,201,4.466145038604736,0.9714899567942306
30,0,/home/nabizadz/Projects/Mahsa/datasets/grid/test/s33/brap5s.mpg,179,181,4.398950099945068,0.9860311944195904
30,1,/home/nabizadz/Projects/Mahsa/datasets/grid/test/s33/lrbb5s.mpg,182,184,4.152431011199951,0.9765347534798013
30,2,/home/nabizadz/Projects/Mahsa/datasets/grid/test/s33/bgaezp.mpg,191,193,4.35160493850708,0.9610637024809973
30,3,/home/nabizadz/Projects/Mahsa/datasets/grid/test/s33/bwixzn.mpg,202,204,4.214804649353027,0.9312165609101912
30,4,/home/nabizadz/Projects/Mahsa/datasets/grid/test/s33/brwx6n.mpg,127,129,3.9982614517211914,0.9914199173539604
30,5,/home/nabizadz/Projects/Mahsa/datasets/grid/test/s33/lbwb4p.mpg,101,103,3.786855459213257,0.9751002438773948
30,6,/home/nabizadz/Projects/Mahsa/datasets/grid/test/s33/sgis1a.mpg,210,212,4.397846221923828,0.98624593592549
30,7,/home/nabizadz/Projects/Mahsa/datasets/grid/test/s33/lrbb6p.mpg,229,231,4.523237705230713,0.9999999999999996
30,8,/home/nabizadz/Projects/Mahsa/datasets/grid/test/s33/lbbu3a.mpg,263,265,4.43900203704834,0.9286228896250724
30,9,/home/nabizadz/Projects/Mahsa/datasets/grid/test/s33/lwao4n.mpg,219,221,4.425981044769287,0.9647969606693135
30,10,/home/nabizadz/Projects/Mahsa/datasets/grid/test/s33/bgikzp.mpg,41,43,3.656074285507202,0.9876881037093961
30,11,/home/nabizadz/Projects/Mahsa/datasets/grid/test/s33/lbat6n.mpg,209,211,4.5346360206604,0.9548315373463222
30,12,/home/nabizadz/Projects/Mahsa/datasets/grid/test/s33/pbifzp.mpg,256,258,4.397532939910889,0.9567028711752306
30,13,/home/nabizadz/Projects/Mahsa/datasets/grid/test/s33/pbwm6p.mpg,273,275,4.300063133239746,0.9759421686672335
30,14,/home/nabizadz/Projects/Mahsa/datasets/grid/test/s33/bbwp7s.mpg,40,42,4.482645511627197,0.9993413775119221
30,15,/home/nabizadz/Projects/Mahsa/datasets/grid/test/s33/sbbk7a.mpg,109,111,3.581926107406616,0.976434597314585
31,0,/home/nabizadz/Projects/Mahsa/datasets/grid/test/s33/lrabzn.mpg,83,85,4.161610126495361,0.9995595794313741
31,1,/home/nabizadz/Projects/Mahsa/datasets/grid/test/s33/sgwg2n.mpg,238,240,4.586040019989014,0.9962143691459342
31,2,/home/nabizadz/Projects/Mahsa/datasets/grid/test/s33/lwih8p.mpg,104,106,4.085317611694336,0.9912100901707277
31,3,/home/nabizadz/Projects/Mahsa/datasets/grid/test/s33/bgaq7s.mpg,239,241,4.4869184494018555,0.9515549498822469
31,4,/home/nabizadz/Projects/Mahsa/datasets/grid/test/s33/bwwk6p.mpg,296,298,4.392979145050049,0.9999999999999982
31,5,/home/nabizadz/Projects/Mahsa/datasets/grid/test/s33/lwab7s.mpg,94,96,4.38314151763916,0.9999494887144595
31,6,/home/nabizadz/Projects/Mahsa/datasets/grid/test/s33/lgav5s.mpg,135,137,4.128722190856934,0.9940942955558044
31,7,/home/nabizadz/Projects/Mahsa/datasets/grid/test/s33/sgwg5a.mpg,8,10,4.371025562286377,0.9989559704125179
31,8,/home/nabizadz/Projects/Mahsa/datasets/grid/test/s33/bgik1a.mpg,219,221,4.442118167877197,0.9794961621131069
31,9,/home/nabizadz/Projects/Mahsa/datasets/grid/test/s33/lrbo3s.mpg,246,248,4.53861665725708,0.9999999999999969
31,10,/home/nabizadz/Projects/Mahsa/datasets/grid/test/s33/bwad4p.mpg,273,275,4.310601234436035,0.9660494408429905
31,11,/home/nabizadz/Projects/Mahsa/datasets/grid/test/s33/sriq8p.mpg,107,109,4.332162857055664,0.9986955476395234
31,12,/home/nabizadz/Projects/Mahsa/datasets/grid/test/s33/pgia4p.mpg,173,175,4.531435012817383,0.9952551095887888
31,13,/home/nabizadz/Projects/Mahsa/datasets/grid/test/s33/bripzn.mpg,173,175,4.117189884185791,0.9950239781459205
31,14,/home/nabizadz/Projects/Mahsa/datasets/grid/test/s33/sbbrzp.mpg,172,174,4.313374996185303,0.9936540414185755
31,15,/home/nabizadz/Projects/Mahsa/datasets/grid/test/s33/pwwbzp.mpg,120,122,4.240026473999023,0.9927974582434241
32,0,/home/nabizadz/Projects/Mahsa/datasets/grid/test/s33/pgwb5s.mpg,3,5,4.487393856048584,0.9999969581397089
32,1,/home/nabizadz/Projects/Mahsa/datasets/grid/test/s33/bgby7a.mpg,197,199,4.157179832458496,0.8332608239203144
32,2,/home/nabizadz/Projects/Mahsa/datasets/grid/test/s33/brwd6p.mpg,148,150,4.180465221405029,0.9894874211070274
32,3,/home/nabizadz/Projects/Mahsa/datasets/grid/test/s33/pbal6n.mpg,171,173,4.415351867675781,0.9924915255493517
32,4,/home/nabizadz/Projects/Mahsa/datasets/grid/test/s33/lgiv1s.mpg,124,126,2.7658019065856934,0.9971406909265282
32,5,/home/nabizadz/Projects/Mahsa/datasets/grid/test/s33/pbaf3s.mpg,205,207,4.295702934265137,0.9370893597280852
32,6,/home/nabizadz/Projects/Mahsa/datasets/grid/test/s33/brwx9a.mpg,136,138,2.83111310005188,0.9166138575230172
32,7,/home/nabizadz/Projects/Mahsa/datasets/grid/test/s33/pbaz7a.mpg,98,100,3.8465421199798584,0.989859424864783
32,8,/home/nabizadz/Projects/Mahsa/datasets/grid/test/s33/pwat2n.mpg,78,80,3.6124212741851807,0.9925186644772326
32,9,/home/nabizadz/Projects/Mahsa/datasets/grid/test/s33/lbit5a.mpg,89,91,4.143098831176758,0.9846529194668734
32,10,/home/nabizadz/Projects/Mahsa/datasets/grid/test/s33/lbbb1a.mpg,101,103,3.8162193298339844,0.985441854325018
32,11,/home/nabizadz/Projects/Mahsa/datasets/grid/test/s33/bbac1s.mpg,192,194,4.295046329498291,0.9270754217742588
32,12,/home/nabizadz/Projects/Mahsa/datasets/grid/test/s33/pbif1a.mpg,75,77,3.632960319519043,0.9711109547326777
32,13,/home/nabizadz/Projects/Mahsa/datasets/grid/test/s33/brbd1s.mpg,137,139,3.5451064109802246,0.9837135416799815
32,14,/home/nabizadz/Projects/Mahsa/datasets/grid/test/s33/lrih1s.mpg,251,253,4.36466121673584,0.9272624961963112
32,15,/home/nabizadz/Projects/Mahsa/datasets/grid/test/s33/pbbz9s.mpg,285,287,4.39790678024292,0.984682200812345
33,0,/home/nabizadz/Projects/Mahsa/datasets/grid/test/s33/swiy7s.mpg,84,86,4.285400390625,0.9999680959684901
33,1,/home/nabizadz/Projects/Mahsa/datasets/grid/test/s33/lwbv5a.mpg,252,254,4.353314399719238,0.97058549477679
33,2,/home/nabizadz/Projects/Mahsa/datasets/grid/test/s33/pbie9s.mpg,253,255,4.422399044036865,0.9053424380118393
33,3,/home/nabizadz/Projects/Mahsa/datasets/grid/test/s33/pragzp.mpg,8,10,4.309196949005127,0.9985392254452028
33,4,/home/nabizadz/Projects/Mahsa/datasets/grid/test/s33/bwbk1s.mpg,177,179,4.347270965576172,0.9990866482618952
33,5,/home/nabizadz/Projects/Mahsa/datasets/grid/test/s33/bgbr1s.mpg,161,163,4.234309673309326,0.9899352776755066
33,6,/home/nabizadz/Projects/Mahsa/datasets/grid/test/s33/bwwk7a.mpg,151,153,4.340731143951416,0.9987127446488557
33,7,/home/nabizadz/Projects/Mahsa/datasets/grid/test/s33/srar2p.mpg,23,25,4.5433244705200195,0.9995838855068642
33,8,/home/nabizadz/Projects/Mahsa/datasets/grid/test/s33/pbaf4p.mpg,130,132,3.781822443008423,0.9896133020694795
33,9,/home/nabizadz/Projects/Mahsa/datasets/grid/test/s33/lwau8n.mpg,90,92,4.241072177886963,0.9951841621413716
33,10,/home/nabizadz/Projects/Mahsa/datasets/grid/test/s33/bwwe1s.mpg,91,93,3.9004902839660645,0.9947717634314421
33,11,/home/nabizadz/Projects/Mahsa/datasets/grid/test/s33/bbii1s.mpg,240,242,4.35795259475708,0.8843082076048453
33,12,/home/nabizadz/Projects/Mahsa/datasets/grid/test/s33/briv5s.mpg,173,175,4.401307582855225,0.9962423627009995
33,13,/home/nabizadz/Projects/Mahsa/datasets/grid/test/s33/lbia1s.mpg,81,83,3.2370030879974365,0.9720431370382296
33,14,/home/nabizadz/Projects/Mahsa/datasets/grid/test/s33/pbiz1s.mpg,169,171,4.372134208679199,0.9893645621862062
33,15,/home/nabizadz/Projects/Mahsa/datasets/grid/test/s33/sbij7s.mpg,231,233,4.579879283905029,0.972050086541329
34,0,/home/nabizadz/Projects/Mahsa/datasets/grid/test/s33/brbp9s.mpg,124,126,3.954838275909424,0.99298390874072
34,1,/home/nabizadz/Projects/Mahsa/datasets/grid/test/s33/lwbv2n.mpg,186,188,4.4926676750183105,0.9634362682693428
34,2,/home/nabizadz/Projects/Mahsa/datasets/grid/test/s33/pgwu6n.mpg,141,143,4.407607555389404,0.9988130870105483
34,3,/home/nabizadz/Projects/Mahsa/datasets/grid/test/s33/lrwi4p.mpg,28,30,4.484699249267578,0.9999988012538719
34,4,/home/nabizadz/Projects/Mahsa/datasets/grid/test/s33/bwwy5a.mpg,234,236,4.368913173675537,0.935156801165698
34,5,/home/nabizadz/Projects/Mahsa/datasets/grid/test/s33/lbin1a.mpg,40,42,4.37059211730957,0.9998760812721048
34,6,/home/nabizadz/Projects/Mahsa/datasets/grid/test/s33/lbwh6n.mpg,195,197,4.489157199859619,0.9937257424617716
34,7,/home/nabizadz/Projects/Mahsa/datasets/grid/test/s33/lwbpzp.mpg,242,244,4.373984336853027,0.8759204082449789
34,8,/home/nabizadz/Projects/Mahsa/datasets/grid/test/s33/pbwtzp.mpg,140,142,3.445631742477417,0.9674478446932194
34,9,/home/nabizadz/Projects/Mahsa/datasets/grid/test/s33/lrbo4p.mpg,250,252,4.371143817901611,0.8948971611395595
34,10,/home/nabizadz/Projects/Mahsa/datasets/grid/test/s33/brwj8n.mpg,273,275,4.428797721862793,0.9999999999999938
34,11,/home/nabizadz/Projects/Mahsa/datasets/grid/test/s33/lgai6n.mpg,282,284,4.516664981842041,0.9973162372285003
34,12,/home/nabizadz/Projects/Mahsa/datasets/grid/test/s33/lgbv8n.mpg,123,125,4.103518486022949,0.9975580585257251
34,13,/home/nabizadz/Projects/Mahsa/datasets/grid/test/s33/bbwj4p.mpg,220,222,4.521420478820801,0.9894780714870971
34,14,/home/nabizadz/Projects/Mahsa/datasets/grid/test/s33/pwwu2p.mpg,259,261,4.4054436683654785,0.9999999999997149
34,15,/home/nabizadz/Projects/Mahsa/datasets/grid/test/s33/lwab6n.mpg,100,102,3.9774422645568848,0.9887655183533216
35,0,/home/nabizadz/Projects/Mahsa/datasets/grid/test/s33/bwax7a.mpg,186,188,4.074368953704834,0.9885170579481996
35,1,/home/nabizadz/Projects/Mahsa/datasets/grid/test/s33/lria8p.mpg,260,262,4.423623561859131,0.9241890876592087
35,2,/home/nabizadz/Projects/Mahsa/datasets/grid/test/s33/brbx5a.mpg,8,10,4.537624359130859,0.9999940207703767
35,3,/home/nabizadz/Projects/Mahsa/datasets/grid/test/s33/brip1s.mpg,254,256,4.403747081756592,0.9562499978360497
35,4,/home/nabizadz/Projects/Mahsa/datasets/grid/test/s33/sbbe2p.mpg,113,115,3.3220725059509277,0.9766228217908025
35,5,/home/nabizadz/Projects/Mahsa/datasets/grid/test/s33/swar7s.mpg,58,60,3.889484167098999,0.99906118210328
35,6,/home/nabizadz/Projects/Mahsa/datasets/grid/test/s33/brii9a.mpg,133,135,4.252625942230225,0.9937579744222751
35,7,/home/nabizadz/Projects/Mahsa/datasets/grid/test/s33/bbwp6n.mpg,72,74,3.791945695877075,0.9909441597319473
35,8,/home/nabizadz/Projects/Mahsa/datasets/grid/test/s33/lwib3s.mpg,115,117,4.349960803985596,0.994767873489135
35,9,/home/nabizadz/Projects/Mahsa/datasets/grid/test/s33/lrau3s.mpg,256,258,4.351318359375,0.9375493244547597
35,10,/home/nabizadz/Projects/Mahsa/datasets/grid/test/s33/lwwj1a.mpg,272,274,4.318988800048828,0.9364917740192478
35,11,/home/nabizadz/Projects/Mahsa/datasets/grid/test/s33/bbbi9s.mpg,288,290,4.247851371765137,0.9774592848529718
35,12,/home/nabizadz/Projects/Mahsa/datasets/grid/test/s33/prbazp.mpg,24,26,3.767550230026245,0.9996779026674817
35,13,/home/nabizadz/Projects/Mahsa/datasets/grid/test/s33/pwbg8n.mpg,162,164,3.6430492401123047,0.9800634126529049
35,14,/home/nabizadz/Projects/Mahsa/datasets/grid/test/s33/pbiz3a.mpg,243,245,4.447968006134033,0.9999999999999988
35,15,/home/nabizadz/Projects/Mahsa/datasets/grid/test/s33/pgaa7s.mpg,84,86,3.7482001781463623,0.9817575832749225
36,0,/home/nabizadz/Projects/Mahsa/datasets/grid/test/s33/pbbmzn.mpg,155,157,3.593862533569336,0.969793302821895
36,1,/home/nabizadz/Projects/Mahsa/datasets/grid/test/s33/lbaa7a.mpg,174,176,4.502948760986328,0.9983168032409487
36,2,/home/nabizadz/Projects/Mahsa/datasets/grid/test/s33/lwiu6p.mpg,64,66,3.4091763496398926,0.9660142462640597
36,3,/home/nabizadz/Projects/Mahsa/datasets/grid/test/s33/lwwp2n.mpg,236,238,4.270415782928467,0.8590736490878094
36,4,/home/nabizadz/Projects/Mahsa/datasets/grid/test/s33/pwwn8p.mpg,153,155,4.027688980102539,0.9863855725225794
36,5,/home/nabizadz/Projects/Mahsa/datasets/grid/test/s33/lwwv6n.mpg,172,174,4.101497650146484,0.9940833203212969
36,6,/home/nabizadz/Projects/Mahsa/datasets/grid/test/s33/lbat7s.mpg,215,217,4.387670040130615,0.9356639075605643
36,7,/home/nabizadz/Projects/Mahsa/datasets/grid/test/s33/sbid5a.mpg,128,130,4.049722194671631,0.9973121112473023
36,8,/home/nabizadz/Projects/Mahsa/datasets/grid/test/s33/sgir9s.mpg,206,208,4.401313304901123,0.9843776125316136
36,9,/home/nabizadz/Projects/Mahsa/datasets/grid/test/s33/swae9s.mpg,52,54,4.259979248046875,0.9999055070593171
36,10,/home/nabizadz/Projects/Mahsa/datasets/grid/test/s33/bwix3a.mpg,86,88,4.495854377746582,0.9996916460883923
36,11,/home/nabizadz/Projects/Mahsa/datasets/grid/test/s33/bwwk4n.mpg,287,289,4.325616836547852,0.9726051775722667
36,12,/home/nabizadz/Projects/Mahsa/datasets/grid/test/s33/brwq4p.mpg,268,270,4.373664379119873,0.9662012737628316
36,13,/home/nabizadz/Projects/Mahsa/datasets/grid/test/s33/bgaq6n.mpg,89,91,4.194546222686768,0.9941850801083556
36,14,/home/nabizadz/Projects/Mahsa/datasets/grid/test/s33/bwwy2n.mpg,232,234,4.421276569366455,0.9440381363102852
36,15,/home/nabizadz/Projects/Mahsa/datasets/grid/test/s33/lgwx3s.mpg,2,4,4.586556434631348,0.9944346561041649
37,0,/home/nabizadz/Projects/Mahsa/datasets/grid/test/s33/bwwezn.mpg,226,228,4.388373851776123,0.8653753419418377
37,1,/home/nabizadz/Projects/Mahsa/datasets/grid/test/s33/bbbc7a.mpg,82,84,4.330505847930908,0.9999426711431109
37,2,/home/nabizadz/Projects/Mahsa/datasets/grid/test/s33/bbbp5a.mpg,145,147,4.396857738494873,0.9998789372071824
37,3,/home/nabizadz/Projects/Mahsa/datasets/grid/test/s33/sbwe7a.mpg,58,60,4.512042999267578,0.9999769643508667
37,4,/home/nabizadz/Projects/Mahsa/datasets/grid/test/s33/pgia3s.mpg,283,285,4.327047824859619,0.9715347941476271
37,5,/home/nabizadz/Projects/Mahsa/datasets/grid/test/s33/lgiv3a.mpg,83,85,4.058403968811035,0.9917172415626364
37,6,/home/nabizadz/Projects/Mahsa/datasets/grid/test/s33/bwaqzn.mpg,233,235,4.212658405303955,0.8468740900977797
37,7,/home/nabizadz/Projects/Mahsa/datasets/grid/test/s33/pbwm5s.mpg,295,297,4.351733684539795,0.9917557132058756
37,8,/home/nabizadz/Projects/Mahsa/datasets/grid/test/s33/pwba7a.mpg,182,184,4.419865608215332,0.9831604917050408
37,9,/home/nabizadz/Projects/Mahsa/datasets/grid/test/s33/srae5a.mpg,288,290,4.203414440155029,0.9809004026441628
37,10,/home/nabizadz/Projects/Mahsa/datasets/grid/test/s33/prwn1s.mpg,148,150,4.274659633636475,0.9994882062702113
37,11,/home/nabizadz/Projects/Mahsa/datasets/grid/test/s33/pbbz8n.mpg,211,213,4.089395523071289,0.8876913567472718
37,12,/home/nabizadz/Projects/Mahsa/datasets/grid/test/s33/brac6n.mpg,198,200,4.282976150512695,0.9204238674457773
37,13,/home/nabizadz/Projects/Mahsa/datasets/grid/test/s33/sbij6n.mpg,191,193,4.491134166717529,0.9963596628722997
37,14,/home/nabizadz/Projects/Mahsa/datasets/grid/test/s33/lrbb7a.mpg,61,63,3.6338658332824707,0.9850155980784733
37,15,/home/nabizadz/Projects/Mahsa/datasets/grid/test/s33/pbil4p.mpg,57,59,3.971984386444092,0.9852379701619808
38,0,/home/nabizadz/Projects/Mahsa/datasets/grid/test/s33/lrin6p.mpg,238,240,4.405891418457031,0.9722263878934155
38,1,/home/nabizadz/Projects/Mahsa/datasets/grid/test/s33/swbs3a.mpg,122,124,4.25501823425293,0.9986672421626551
38,2,/home/nabizadz/Projects/Mahsa/datasets/grid/test/s33/lgwj7a.mpg,268,270,4.472325801849365,0.9999999999999996
38,3,/home/nabizadz/Projects/Mahsa/datasets/grid/test/s33/sbwr2n.mpg,123,125,4.312279224395752,0.9996734573235534
38,4,/home/nabizadz/Projects/Mahsa/datasets/grid/test/s33/srae4p.mpg,49,51,4.150958061218262,0.9998753055643299
38,5,/home/nabizadz/Projects/Mahsa/datasets/grid/test/s33/bwbd8p.mpg,27,29,4.397513389587402,0.9999995958798147
38,6,/home/nabizadz/Projects/Mahsa/datasets/grid/test/s33/bbiv1a.mpg,110,112,4.142271995544434,0.9972586366863706
38,7,/home/nabizadz/Projects/Mahsa/datasets/grid/test/s33/swbl6n.mpg,197,199,4.362667083740234,0.9631150513317257
38,8,/home/nabizadz/Projects/Mahsa/datasets/grid/test/s33/pwwn6n.mpg,20,22,4.355596542358398,0.9995410168597186
38,9,/home/nabizadz/Projects/Mahsa/datasets/grid/test/s33/bwic8n.mpg,162,164,4.458532333374023,0.9941607709865414
38,10,/home/nabizadz/Projects/Mahsa/datasets/grid/test/s33/pwam8n.mpg,94,96,3.833911895751953,0.9981867194223204
38,11,/home/nabizadz/Projects/Mahsa/datasets/grid/test/s33/lbwo3a.mpg,165,167,3.944911241531372,0.9834450272672385
38,12,/home/nabizadz/Projects/Mahsa/datasets/grid/test/s33/pras7s.mpg,54,56,4.427938938140869,0.9987298620661652
38,13,/home/nabizadz/Projects/Mahsa/datasets/grid/test/s33/briv4n.mpg,226,228,4.587798595428467,0.9999999999999941
38,14,/home/nabizadz/Projects/Mahsa/datasets/grid/test/s33/pwaazn.mpg,221,223,4.102845668792725,0.9891063719431933
38,15,/home/nabizadz/Projects/Mahsa/datasets/grid/test/s33/sgbs7s.mpg,204,206,4.22646427154541,0.9932449545116852
39,0,/home/nabizadz/Projects/Mahsa/datasets/grid/test/s33/sgiz2n.mpg,258,260,4.424909591674805,0.9236515547071724
39,1,/home/nabizadz/Projects/Mahsa/datasets/grid/test/s33/pgahzn.mpg,134,136,4.220292568206787,0.9969641155783905
39,2,/home/nabizadz/Projects/Mahsa/datasets/grid/test/s33/sgaf5s.mpg,201,203,4.424809455871582,0.9545393465180814
39,3,/home/nabizadz/Projects/Mahsa/datasets/grid/test/s33/lbah1a.mpg,49,51,4.168914794921875,0.999942514919157
39,4,/home/nabizadz/Projects/Mahsa/datasets/grid/test/s33/bbwx2p.mpg,73,75,3.6681737899780273,0.9912970532841359
39,5,/home/nabizadz/Projects/Mahsa/datasets/grid/test/s33/bbio7a.mpg,273,275,4.232629776000977,0.9289086398442883
39,6,/home/nabizadz/Projects/Mahsa/datasets/grid/test/s33/srwl6p.mpg,29,31,4.462424278259277,0.9999847966329115
39,7,/home/nabizadz/Projects/Mahsa/datasets/grid/test/s33/sgaf4n.mpg,102,104,4.326303958892822,0.9994361236882556
39,8,/home/nabizadz/Projects/Mahsa/datasets/grid/test/s33/sgaz7s.mpg,283,285,3.9796643257141113,0.9465139264321861
39,9,/home/nabizadz/Projects/Mahsa/datasets/grid/test/s33/pras8p.mpg,20,22,4.403990745544434,0.9998878520965692
39,10,/home/nabizadz/Projects/Mahsa/datasets/grid/test/s33/braj3a.mpg,120,122,3.6647722721099854,0.9929634750942117
39,11,/home/nabizadz/Projects/Mahsa/datasets/grid/test/s33/bgbrzn.mpg,118,120,3.7859108448028564,0.9867358615066512
39,12,/home/nabizadz/Projects/Mahsa/datasets/grid/test/s33/prwa4p.mpg,191,193,4.507749080657959,0.9995113430571985
39,13,/home/nabizadz/Projects/Mahsa/datasets/grid/test/s33/pwbt8p.mpg,7,9,4.391232490539551,0.9999815733671792
39,14,/home/nabizadz/Projects/Mahsa/datasets/grid/test/s33/braj2p.mpg,275,277,4.388236045837402,0.9789946598617782
39,15,/home/nabizadz/Projects/Mahsa/datasets/grid/test/s33/pbiz2p.mpg,285,287,4.5763702392578125,0.9865214209291848
40,0,/home/nabizadz/Projects/Mahsa/datasets/grid/test/s33/srbe7s.mpg,140,142,4.148687839508057,0.9970902778957836
40,1,/home/nabizadz/Projects/Mahsa/datasets/grid/test/s33/bwbq7a.mpg,133,135,4.091483116149902,0.9943872188348862
40,2,/home/nabizadz/Projects/Mahsa/datasets/grid/test/s33/swiy6n.mpg,261,263,4.481251239776611,0.9500781193173334
40,3,/home/nabizadz/Projects/Mahsa/datasets/grid/test/s33/bwix1s.mpg,272,274,4.310049533843994,0.9338616893709429
40,4,/home/nabizadz/Projects/Mahsa/datasets/grid/test/s33/pwwh2n.mpg,51,53,3.9585187435150146,0.9947663825065816
40,5,/home/nabizadz/Projects/Mahsa/datasets/grid/test/s33/pwbt7s.mpg,71,73,4.166500568389893,0.9924550317404076
40,6,/home/nabizadz/Projects/Mahsa/datasets/grid/test/s33/sgbm5a.mpg,195,197,4.319267749786377,0.9987222850075567
40,7,/home/nabizadz/Projects/Mahsa/datasets/grid/test/s33/sgamzp.mpg,297,299,4.495430946350098,0.9983195377015726
40,8,/home/nabizadz/Projects/Mahsa/datasets/grid/test/s33/lbit2n.mpg,75,77,3.731543779373169,0.9860432343133592
40,9,/home/nabizadz/Projects/Mahsa/datasets/grid/test/s33/bwaj7s.mpg,189,191,4.415651321411133,0.9937534194641284
40,10,/home/nabizadz/Projects/Mahsa/datasets/grid/test/s33/pwig2p.mpg,213,215,4.5089216232299805,0.949065593192411
40,11,/home/nabizadz/Projects/Mahsa/datasets/grid/test/s33/pgbb3a.mpg,279,281,4.42836332321167,0.9872774316297914
40,12,/home/nabizadz/Projects/Mahsa/datasets/grid/test/s33/lwai3a.mpg,248,250,4.363905906677246,0.9867698194428216
40,13,/home/nabizadz/Projects/Mahsa/datasets/grid/test/s33/bgbr3a.mpg,5,7,4.389049053192139,0.995589553004893
40,14,/home/nabizadz/Projects/Mahsa/datasets/grid/test/s33/pgbn9s.mpg,131,133,4.266627788543701,0.9998671992026336
40,15,/home/nabizadz/Projects/Mahsa/datasets/grid/test/s33/bgwy8n.mpg,50,52,3.494670867919922,0.9659065652678476
41,0,/home/nabizadz/Projects/Mahsa/datasets/grid/test/s33/lwbczn.mpg,271,273,4.354518890380859,0.9292620853686999
41,1,/home/nabizadz/Projects/Mahsa/datasets/grid/test/s33/bwidzp.mpg,221,223,4.172689914703369,0.8776721025988763
41,2,/home/nabizadz/Projects/Mahsa/datasets/grid/test/s33/bgbk7s.mpg,141,143,3.8938329219818115,0.994216057541285
41,3,/home/nabizadz/Projects/Mahsa/datasets/grid/test/s33/prwa2n.mpg,174,176,2.3403027057647705,0.8818779995136219
41,4,/home/nabizadz/Projects/Mahsa/datasets/grid/test/s33/prbg4p.mpg,231,233,4.448589324951172,0.9854432731642174
41,5,/home/nabizadz/Projects/Mahsa/datasets/grid/test/s33/sbbe1s.mpg,114,116,3.619528293609619,0.9886184560501806
41,6,/home/nabizadz/Projects/Mahsa/datasets/grid/test/s33/lgio9a.mpg,246,248,4.41803503036499,0.960348400450636
41,7,/home/nabizadz/Projects/Mahsa/datasets/grid/test/s33/lran8n.mpg,89,91,2.7622668743133545,0.9881783670291835
41,8,/home/nabizadz/Projects/Mahsa/datasets/grid/test/s33/bbwxzn.mpg,132,134,3.7681033611297607,0.9870695702557785
41,9,/home/nabizadz/Projects/Mahsa/datasets/grid/test/s33/swbf4p.mpg,164,166,4.335562705993652,0.9985700542807359
41,10,/home/nabizadz/Projects/Mahsa/datasets/grid/test/s33/srwz4p.mpg,235,237,4.343367099761963,0.973826144578754
41,11,/home/nabizadz/Projects/Mahsa/datasets/grid/test/s33/swir5a.mpg,151,153,4.149398326873779,0.9974399040052551
41,12,/home/nabizadz/Projects/Mahsa/datasets/grid/test/s33/praf9s.mpg,232,234,4.425447940826416,0.9813626858327898
41,13,/home/nabizadz/Projects/Mahsa/datasets/grid/test/s33/swilzp.mpg,69,71,3.897524118423462,0.997282236714856
41,14,/home/nabizadz/Projects/Mahsa/datasets/grid/test/s33/pril8n.mpg,244,246,4.3137311935424805,0.8744281123848794
41,15,/home/nabizadz/Projects/Mahsa/datasets/grid/test/s33/bbbj1a.mpg,109,111,3.6028006076812744,0.9841095994628969
42,0,/home/nabizadz/Projects/Mahsa/datasets/grid/test/s33/pgah1s.mpg,250,252,4.3555498123168945,0.9230385401455139
42,1,/home/nabizadz/Projects/Mahsa/datasets/grid/test/s33/bwby1a.mpg,201,203,4.424326419830322,0.9972448670624633
42,2,/home/nabizadz/Projects/Mahsa/datasets/grid/test/s33/lwwc4n.mpg,249,251,4.354248046875,0.9440150219765344
42,3,/home/nabizadz/Projects/Mahsa/datasets/grid/test/s33/sbiqzn.mpg,58,60,4.3636651039123535,0.9998255756625571
42,4,/home/nabizadz/Projects/Mahsa/datasets/grid/test/s33/pgin3a.mpg,184,186,4.4112629890441895,0.9995555949469458
42,5,/home/nabizadz/Projects/Mahsa/datasets/grid/test/s33/lrau4p.mpg,288,290,4.337396144866943,0.9761162517480945
42,6,/home/nabizadz/Projects/Mahsa/datasets/grid/test/s33/lbbuzn.mpg,15,17,4.56404447555542,0.9999910233099263
42,7,/home/nabizadz/Projects/Mahsa/datasets/grid/test/s33/priz7s.mpg,34,36,4.383396148681641,0.9999999999999964
42,8,/home/nabizadz/Projects/Mahsa/datasets/grid/test/s33/pwan1a.mpg,155,157,3.8590803146362305,0.9906539404759144
42,9,/home/nabizadz/Projects/Mahsa/datasets/grid/test/s33/pgat8n.mpg,106,108,4.106183052062988,0.9970148868028078
42,10,/home/nabizadz/Projects/Mahsa/datasets/grid/test/s33/lgai7s.mpg,227,229,4.38562536239624,0.9411688463270595
42,11,/home/nabizadz/Projects/Mahsa/datasets/grid/test/s33/brip2p.mpg,46,48,3.6002156734466553,0.9901072100263933
42,12,/home/nabizadz/Projects/Mahsa/datasets/grid/test/s33/lrwv2p.mpg,135,137,4.210234642028809,0.998378723664089
42,13,/home/nabizadz/Projects/Mahsa/datasets/grid/test/s33/sgaz8p.mpg,277,279,4.418363094329834,0.9681175721098417
42,14,/home/nabizadz/Projects/Mahsa/datasets/grid/test/s33/lbwh7s.mpg,24,26,4.319664478302002,0.9999587083508199
42,15,/home/nabizadz/Projects/Mahsa/datasets/grid/test/s33/pgia2n.mpg,296,298,4.592657566070557,0.9999543045457256
43,0,/home/nabizadz/Projects/Mahsa/datasets/grid/test/s33/bgwl3a.mpg,212,214,4.38476037979126,0.8851737248900718
43,1,/home/nabizadz/Projects/Mahsa/datasets/grid/test/s33/bgby5s.mpg,268,270,4.391687393188477,0.902326322364428
43,2,/home/nabizadz/Projects/Mahsa/datasets/grid/test/s33/brap7a.mpg,147,149,4.06467342376709,0.9933417589291517
43,3,/home/nabizadz/Projects/Mahsa/datasets/grid/test/s33/pbas3a.mpg,80,82,3.560959815979004,0.9804173396601872
43,4,/home/nabizadz/Projects/Mahsa/datasets/grid/test/s33/brbj4n.mpg,118,120,3.2031350135803223,0.9851532087721849
43,5,/home/nabizadz/Projects/Mahsa/datasets/grid/test/s33/bwbq5s.mpg,216,218,4.438664436340332,0.935719956485985
43,6,/home/nabizadz/Projects/Mahsa/datasets/grid/test/s33/lgap1s.mpg,106,108,4.399405002593994,0.9999565395060956
43,7,/home/nabizadz/Projects/Mahsa/datasets/grid/test/s33/lgic1a.mpg,243,245,4.377589702606201,0.9020777929058261
43,8,/home/nabizadz/Projects/Mahsa/datasets/grid/test/s33/bwaj9a.mpg,80,82,3.542651891708374,0.9954971470316027
43,9,/home/nabizadz/Projects/Mahsa/datasets/grid/test/s33/pbal7s.mpg,14,16,4.481424808502197,0.9991241692958592
43,10,/home/nabizadz/Projects/Mahsa/datasets/grid/test/s33/lgii2n.mpg,213,215,4.386970520019531,0.9985778260361242
43,11,/home/nabizadz/Projects/Mahsa/datasets/grid/test/s33/pgau1a.mpg,115,117,3.8461999893188477,0.9956618373160171
43,12,/home/nabizadz/Projects/Mahsa/datasets/grid/test/s33/sbbk6p.mpg,104,106,3.521740674972534,0.9784158374091174
43,13,/home/nabizadz/Projects/Mahsa/datasets/grid/test/s33/lbbn9a.mpg,260,262,4.3451313972473145,0.9405759368679244
43,14,/home/nabizadz/Projects/Mahsa/datasets/grid/test/s33/bwbd6n.mpg,174,176,4.361222267150879,0.9892120015348683
43,15,/home/nabizadz/Projects/Mahsa/datasets/grid/test/s33/brav9s.mpg,265,267,4.382256507873535,0.9471648972563689
44,0,/home/nabizadz/Projects/Mahsa/datasets/grid/test/s33/srid8n.mpg,131,133,4.156854152679443,0.9994535784574086
44,1,/home/nabizadz/Projects/Mahsa/datasets/grid/test/s33/pbil2n.mpg,243,245,4.3694682121276855,0.9053860808609436
44,2,/home/nabizadz/Projects/Mahsa/datasets/grid/test/s33/bgbk6n.mpg,10,12,4.591196537017822,0.9999999950067857
44,3,/home/nabizadz/Projects/Mahsa/datasets/grid/test/s33/srbr7a.mpg,80,82,3.64357590675354,0.996241791767435
44,4,/home/nabizadz/Projects/Mahsa/datasets/grid/test/s33/lgib8n.mpg,207,209,4.485065460205078,0.9957378071544764
44,5,/home/nabizadz/Projects/Mahsa/datasets/grid/test/s33/swik9s.mpg,88,90,3.9383537769317627,0.9973648804384522
44,6,/home/nabizadz/Projects/Mahsa/datasets/grid/test/s33/pgah3a.mpg,296,298,4.596909046173096,0.9993868353239782
44,7,/home/nabizadz/Projects/Mahsa/datasets/grid/test/s33/lrao1a.mpg,198,200,4.110635757446289,0.9936838938651059
44,8,/home/nabizadz/Projects/Mahsa/datasets/grid/test/s33/lgio8p.mpg,130,132,4.006075859069824,0.9859992239553851
44,9,/home/nabizadz/Projects/Mahsa/datasets/grid/test/s33/srwz3s.mpg,210,212,4.4545416831970215,0.9755436093279437
44,10,/home/nabizadz/Projects/Mahsa/datasets/grid/test/s33/lgbp6p.mpg,272,274,4.356783390045166,0.9956680687994277
44,11,/home/nabizadz/Projects/Mahsa/datasets/grid/test/s33/lwib2n.mpg,111,113,4.347412109375,0.9996322309990165
44,12,/home/nabizadz/Projects/Mahsa/datasets/grid/test/s33/pbal8p.mpg,218,220,4.3544721603393555,0.8724516982615969
44,13,/home/nabizadz/Projects/Mahsa/datasets/grid/test/s33/brbj5s.mpg,87,89,3.915912389755249,0.9959010827639965
44,14,/home/nabizadz/Projects/Mahsa/datasets/grid/test/s33/bbbp2n.mpg,215,217,4.400374889373779,0.8928616545501666
44,15,/home/nabizadz/Projects/Mahsa/datasets/grid/test/s33/lban4p.mpg,49,51,3.541689872741699,0.9621726047959676
45,0,/home/nabizadz/Projects/Mahsa/datasets/grid/test/s33/bbbc6p.mpg,261,263,4.443615913391113,0.9911565666629549
45,1,/home/nabizadz/Projects/Mahsa/datasets/grid/test/s33/sgil7a.mpg,233,235,2.6688642501831055,0.8573619587894074
45,2,/home/nabizadz/Projects/Mahsa/datasets/grid/test/s33/lwiu5s.mpg,183,185,4.403719425201416,0.9703228396594393
45,3,/home/nabizadz/Projects/Mahsa/datasets/grid/test/s33/lwwi9s.mpg,17,19,4.303036212921143,0.9998300461105254
45,4,/home/nabizadz/Projects/Mahsa/datasets/grid/test/s33/lria9a.mpg,146,148,4.268923759460449,0.9935934089172049
45,5,/home/nabizadz/Projects/Mahsa/datasets/grid/test/s33/sriy3a.mpg,104,106,3.728168249130249,0.9916242955447525
45,6,/home/nabizadz/Projects/Mahsa/datasets/grid/test/s33/lgiczp.mpg,258,260,4.398301124572754,0.9134158061551142
45,7,/home/nabizadz/Projects/Mahsa/datasets/grid/test/s33/bwaq1s.mpg,154,156,2.118762493133545,0.9428914579521236
45,8,/home/nabizadz/Projects/Mahsa/datasets/grid/test/s33/bbbc5s.mpg,18,20,4.1770710945129395,0.9999167326410017
45,9,/home/nabizadz/Projects/Mahsa/datasets/grid/test/s33/sgir8n.mpg,68,70,2.1486589908599854,0.9911337484128483
45,10,/home/nabizadz/Projects/Mahsa/datasets/grid/test/s33/prba1a.mpg,21,23,4.380215644836426,0.9997228716253157
45,11,/home/nabizadz/Projects/Mahsa/datasets/grid/test/s33/swaz2p.mpg,214,216,4.321547031402588,0.93590306088744
45,12,/home/nabizadz/Projects/Mahsa/datasets/grid/test/s33/pwbh1a.mpg,162,164,3.9336111545562744,0.9889053671300249
45,13,/home/nabizadz/Projects/Mahsa/datasets/grid/test/s33/pbaf5a.mpg,287,289,4.31660795211792,0.9682675967723094
45,14,/home/nabizadz/Projects/Mahsa/datasets/grid/test/s33/prwnzn.mpg,87,89,4.214337348937988,0.9995439820130907
45,15,/home/nabizadz/Projects/Mahsa/datasets/grid/test/s33/pwwa9s.mpg,143,145,4.406572341918945,0.9988986309892777
46,0,/home/nabizadz/Projects/Mahsa/datasets/grid/test/s33/sbby4p.mpg,6,8,4.529233455657959,0.9993655483330219
46,1,/home/nabizadz/Projects/Mahsa/datasets/grid/test/s33/bgwr6p.mpg,173,175,4.454702854156494,0.9989932669562471
46,2,/home/nabizadz/Projects/Mahsa/datasets/grid/test/s33/bbbv6n.mpg,206,208,4.114002227783203,0.8832074285175525
46,3,/home/nabizadz/Projects/Mahsa/datasets/grid/test/s33/bwad2n.mpg,17,19,4.348628997802734,0.9972459944983704
46,4,/home/nabizadz/Projects/Mahsa/datasets/grid/test/s33/lbwozn.mpg,270,272,4.239638805389404,0.9475383710560942
46,5,/home/nabizadz/Projects/Mahsa/datasets/grid/test/s33/bgwzzp.mpg,99,101,4.38348913192749,0.9994977205626197
46,6,/home/nabizadz/Projects/Mahsa/datasets/grid/test/s33/pris2n.mpg,248,250,4.316178798675537,0.8893093392174399
46,7,/home/nabizadz/Projects/Mahsa/datasets/grid/test/s33/lgwd3a.mpg,160,162,3.6216588020324707,0.991137439674572
46,8,/home/nabizadz/Projects/Mahsa/datasets/grid/test/s33/sgbf8n.mpg,119,121,4.309055805206299,0.9994237375326195
46,9,/home/nabizadz/Projects/Mahsa/datasets/grid/test/s33/bbwp9a.mpg,53,55,3.92807674407959,0.9931827310662251
46,10,/home/nabizadz/Projects/Mahsa/datasets/grid/test/s33/bwbx8n.mpg,233,235,4.3607096672058105,0.8765621050255532
46,11,/home/nabizadz/Projects/Mahsa/datasets/grid/test/s33/pwwn9a.mpg,71,73,4.147610664367676,0.9993127408960691
46,12,/home/nabizadz/Projects/Mahsa/datasets/grid/test/s33/srar3a.mpg,15,17,4.49039363861084,0.9982097306226336
46,13,/home/nabizadz/Projects/Mahsa/datasets/grid/test/s33/sriy2p.mpg,293,295,4.476805686950684,0.9999265524416177
46,14,/home/nabizadz/Projects/Mahsa/datasets/grid/test/s33/sgil4n.mpg,265,267,4.3409905433654785,0.9298851783699549
46,15,/home/nabizadz/Projects/Mahsa/datasets/grid/test/s33/pgit6p.mpg,152,154,4.321927547454834,0.9999241839944562
47,0,/home/nabizadz/Projects/Mahsa/datasets/grid/test/s33/lwbc2p.mpg,67,69,3.5489540100097656,0.9892480394977623
47,1,/home/nabizadz/Projects/Mahsa/datasets/grid/test/s33/sgifzn.mpg,263,265,4.22015380859375,0.8768058268602125
47,2,/home/nabizadz/Projects/Mahsa/datasets/grid/test/s33/sgaz9a.mpg,216,218,4.383282661437988,0.919321620165522
47,3,/home/nabizadz/Projects/Mahsa/datasets/grid/test/s33/pwba5s.mpg,72,74,3.6290502548217773,0.9900679726409608
47,4,/home/nabizadz/Projects/Mahsa/datasets/grid/test/s33/pwag4n.mpg,231,233,4.479601860046387,0.9999998110272158
47,5,/home/nabizadz/Projects/Mahsa/datasets/grid/test/s33/lbbh4p.mpg,134,136,4.097581386566162,0.9920714527848381
47,6,/home/nabizadz/Projects/Mahsa/datasets/grid/test/s33/srbe9a.mpg,201,203,4.406146049499512,0.9135102529996489
47,7,/home/nabizadz/Projects/Mahsa/datasets/grid/test/s33/srwz2n.mpg,150,152,3.9346697330474854,0.9952019226214058
47,8,/home/nabizadz/Projects/Mahsa/datasets/grid/test/s33/sbiq1s.mpg,120,122,3.777553081512451,0.9941024052691845
47,9,/home/nabizadz/Projects/Mahsa/datasets/grid/test/s33/lgav4n.mpg,56,58,2.3240952491760254,0.9872720021698536
47,10,/home/nabizadz/Projects/Mahsa/datasets/grid/test/s33/bgayzn.mpg,238,240,4.431511402130127,0.9322704540915483
47,11,/home/nabizadz/Projects/Mahsa/datasets/grid/test/s33/srwl4n.mpg,251,253,4.444616317749023,0.9534329123153028
47,12,/home/nabizadz/Projects/Mahsa/datasets/grid/test/s33/lgap2p.mpg,181,183,4.4224724769592285,0.992389107644696
47,13,/home/nabizadz/Projects/Mahsa/datasets/grid/test/s33/lbbh2n.mpg,153,155,4.234672546386719,0.9978433648498617
47,14,/home/nabizadz/Projects/Mahsa/datasets/grid/test/s33/lgbx1a.mpg,119,121,4.243682384490967,0.9965558160444191
47,15,/home/nabizadz/Projects/Mahsa/datasets/grid/test/s33/brav8n.mpg,239,241,4.382638931274414,0.8953016251260245
48,0,/home/nabizadz/Projects/Mahsa/datasets/grid/test/s33/brbqzp.mpg,114,116,4.446645736694336,0.9983653504036866
48,1,/home/nabizadz/Projects/Mahsa/datasets/grid/test/s33/swik8n.mpg,254,256,4.327735424041748,0.8734520542659445
48,2,/home/nabizadz/Projects/Mahsa/datasets/grid/test/s33/bwix2p.mpg,152,154,4.326808929443359,0.9998896021364798
48,3,/home/nabizadz/Projects/Mahsa/datasets/grid/test/s33/brwq2n.mpg,210,212,4.490065574645996,0.9512858308246397
48,4,/home/nabizadz/Projects/Mahsa/datasets/grid/test/s33/lwib5a.mpg,69,71,4.000992298126221,0.9983084975453403
48,5,/home/nabizadz/Projects/Mahsa/datasets/grid/test/s33/pram5a.mpg,131,133,3.70951509475708,0.9909100755506474
48,6,/home/nabizadz/Projects/Mahsa/datasets/grid/test/s33/bgix7s.mpg,15,17,4.4045329093933105,0.9999695072871037
48,7,/home/nabizadz/Projects/Mahsa/datasets/grid/test/s33/lgwp9s.mpg,142,144,4.261274337768555,0.9971950315576398
48,8,/home/nabizadz/Projects/Mahsa/datasets/grid/test/s33/lgii3s.mpg,24,26,4.4651923179626465,0.999986484545955
48,9,/home/nabizadz/Projects/Mahsa/datasets/grid/test/s33/bgix6n.mpg,116,118,3.743342638015747,0.9823686654123358
48,10,/home/nabizadz/Projects/Mahsa/datasets/grid/test/s33/sgwm7s.mpg,269,271,4.076569557189941,0.937306307825899
48,11,/home/nabizadz/Projects/Mahsa/datasets/grid/test/s33/pbbf6n.mpg,104,106,4.39003324508667,0.9999259411214919
48,12,/home/nabizadz/Projects/Mahsa/datasets/grid/test/s33/pwim7a.mpg,104,106,3.6685588359832764,0.9898861404809826
48,13,/home/nabizadz/Projects/Mahsa/datasets/grid/test/s33/sgil6p.mpg,117,119,3.809920310974121,0.9942729370625113
48,14,/home/nabizadz/Projects/Mahsa/datasets/grid/test/s33/bbwp8p.mpg,270,272,4.24832820892334,0.9074096271629551
48,15,/home/nabizadz/Projects/Mahsa/datasets/grid/test/s33/swae8n.mpg,62,64,3.458895206451416,0.9917905753826282
49,0,/home/nabizadz/Projects/Mahsa/datasets/grid/test/s33/braj1s.mpg,185,187,4.313748836517334,0.998443557770976
49,1,/home/nabizadz/Projects/Mahsa/datasets/grid/test/s33/prwn3a.mpg,52,54,3.9910500049591064,0.990527577235407
49,2,/home/nabizadz/Projects/Mahsa/datasets/grid/test/s33/bwbq6p.mpg,118,120,3.6065804958343506,0.9965025807433612
49,3,/home/nabizadz/Projects/Mahsa/datasets/grid/test/s33/lban3s.mpg,268,270,4.521911144256592,0.972458708800717
49,4,/home/nabizadz/Projects/Mahsa/datasets/grid/test/s33/bwax5s.mpg,185,187,4.3687052726745605,0.9633827036526803
49,5,/home/nabizadz/Projects/Mahsa/datasets/grid/test/s33/lbit4p.mpg,195,197,4.17211389541626,0.9308853630812781
49,6,/home/nabizadz/Projects/Mahsa/datasets/grid/test/s33/brii8p.mpg,99,101,4.014214038848877,0.9952521667258756
49,7,/home/nabizadz/Projects/Mahsa/datasets/grid/test/s33/pbil3s.mpg,174,176,4.359438419342041,0.9675037904162256
49,8,/home/nabizadz/Projects/Mahsa/datasets/grid/test/s33/lwbi5s.mpg,101,103,4.437912464141846,0.9999441209131137
49,9,/home/nabizadz/Projects/Mahsa/datasets/grid/test/s33/lwbp1a.mpg,149,151,4.428646564483643,0.9958821693437367
49,10,/home/nabizadz/Projects/Mahsa/datasets/grid/test/s33/prwa3s.mpg,272,274,4.102728843688965,0.930839660988201
49,11,/home/nabizadz/Projects/Mahsa/datasets/grid/test/s33/sbakzn.mpg,295,297,4.4184064865112305,0.9939153198362765
49,12,/home/nabizadz/Projects/Mahsa/datasets/grid/test/s33/lwwp4p.mpg,132,134,4.355860233306885,0.999121301488152
49,13,/home/nabizadz/Projects/Mahsa/datasets/grid/test/s33/srak6n.mpg,55,57,4.343495845794678,0.9999353695391086
49,14,/home/nabizadz/Projects/Mahsa/datasets/grid/test/s33/swaf1a.mpg,285,287,4.489719867706299,0.9783494002823206
49,15,/home/nabizadz/Projects/Mahsa/datasets/grid/test/s33/pbwg3a.mpg,175,177,4.353061676025391,0.9980726925887643
50,0,/home/nabizadz/Projects/Mahsa/datasets/grid/test/s33/bwip7s.mpg,173,175,4.108753204345703,0.988874333099518
50,1,/home/nabizadz/Projects/Mahsa/datasets/grid/test/s33/lrwb9s.mpg,71,73,4.207764148712158,0.9958123119148732
50,2,/home/nabizadz/Projects/Mahsa/datasets/grid/test/s33/bgaq8p.mpg,223,225,4.407729148864746,0.9474230289472554
50,3,/home/nabizadz/Projects/Mahsa/datasets/grid/test/s33/pginzn.mpg,180,182,4.392475605010986,0.9684308031037703
50,4,/home/nabizadz/Projects/Mahsa/datasets/grid/test/s33/srbl1s.mpg,28,30,4.320831298828125,0.9974793364442278
50,5,/home/nabizadz/Projects/Mahsa/datasets/grid/test/s33/swiy9a.mpg,41,43,4.277642726898193,0.9979153546150831
50,6,/home/nabizadz/Projects/Mahsa/datasets/grid/test/s33/bwax6p.mpg,76,78,4.03837776184082,0.9915770057085629
50,7,/home/nabizadz/Projects/Mahsa/datasets/grid/test/s33/sbwr5a.mpg,231,233,4.420861721038818,0.9584650447855191
50,8,/home/nabizadz/Projects/Mahsa/datasets/grid/test/s33/sbaq4n.mpg,95,97,4.264388561248779,0.9964344006781958
50,9,/home/nabizadz/Projects/Mahsa/datasets/grid/test/s33/briv7a.mpg,53,55,3.4627363681793213,0.9790742426660627
50,10,/home/nabizadz/Projects/Mahsa/datasets/grid/test/s33/lgbc8p.mpg,255,257,4.429224967956543,0.9715878424980189
50,11,/home/nabizadz/Projects/Mahsa/datasets/grid/test/s33/lbig5s.mpg,291,293,4.423928260803223,0.9964224481086049
50,12,/home/nabizadz/Projects/Mahsa/datasets/grid/test/s33/sbwlzp.mpg,76,78,3.6396498680114746,0.987832516951329
50,13,/home/nabizadz/Projects/Mahsa/datasets/grid/test/s33/pram3s.mpg,177,179,4.1476335525512695,0.9569416474522044
50,14,/home/nabizadz/Projects/Mahsa/datasets/grid/test/s33/pbbs5s.mpg,220,222,4.372133255004883,0.8918778647172988
50,15,/home/nabizadz/Projects/Mahsa/datasets/grid/test/s33/prag1a.mpg,101,103,3.681443214416504,0.9835690936173859
51,0,/home/nabizadz/Projects/Mahsa/datasets/grid/test/s33/bgix9a.mpg,179,181,4.383872032165527,0.9934776377259112
51,1,/home/nabizadz/Projects/Mahsa/datasets/grid/test/s33/pgia5a.mpg,6,8,4.487908363342285,0.9968845227692841
51,2,/home/nabizadz/Projects/Mahsa/datasets/grid/test/s33/lgbv9s.mpg,6,8,4.497316837310791,0.9999992339621816
51,3,/home/nabizadz/Projects/Mahsa/datasets/grid/test/s33/srwl5s.mpg,245,247,4.389387130737305,0.9192044796797647
51,4,/home/nabizadz/Projects/Mahsa/datasets/grid/test/s33/pbwt1a.mpg,244,246,4.307244777679443,0.8334302287024078
51,5,/home/nabizadz/Projects/Mahsa/datasets/grid/test/s33/lgivzn.mpg,179,181,4.52488899230957,0.9954839868053204
51,6,/home/nabizadz/Projects/Mahsa/datasets/grid/test/s33/brbx3s.mpg,172,174,4.401273250579834,0.9857690124292621
51,7,/home/nabizadz/Projects/Mahsa/datasets/grid/test/s33/swil1a.mpg,18,20,3.7442514896392822,0.9976315205957521
51,8,/home/nabizadz/Projects/Mahsa/datasets/grid/test/s33/lban5a.mpg,225,227,4.362762928009033,0.8879735069360791
51,9,/home/nabizadz/Projects/Mahsa/datasets/grid/test/s33/bwij4p.mpg,18,20,4.165180683135986,0.9997972537214252
51,10,/home/nabizadz/Projects/Mahsa/datasets/grid/test/s33/bbii2p.mpg,196,198,3.964846134185791,0.9914930678283055
51,11,/home/nabizadz/Projects/Mahsa/datasets/grid/test/s33/pgan4n.mpg,197,199,4.1541748046875,0.9951416420514994
51,12,/home/nabizadz/Projects/Mahsa/datasets/grid/test/s33/brbdzn.mpg,78,80,4.372003078460693,0.9999818199102428
51,13,/home/nabizadz/Projects/Mahsa/datasets/grid/test/s33/pbizzn.mpg,183,185,4.430269241333008,0.9991331261043351
51,14,/home/nabizadz/Projects/Mahsa/datasets/grid/test/s33/lrwv3a.mpg,229,231,4.4003520011901855,0.9871201321025223
51,15,/home/nabizadz/Projects/Mahsa/datasets/grid/test/s33/brap6p.mpg,207,209,4.446113109588623,0.9933970887527235
52,0,/home/nabizadz/Projects/Mahsa/datasets/grid/test/s33/lrit9s.mpg,172,174,4.4187235832214355,0.9693571545466564
52,1,/home/nabizadz/Projects/Mahsa/datasets/grid/test/s33/pwwb1a.mpg,244,246,4.277714729309082,0.8896824505430128
52,2,/home/nabizadz/Projects/Mahsa/datasets/grid/test/s33/sbaq5s.mpg,42,44,4.27767276763916,0.998724276988535
52,3,/home/nabizadz/Projects/Mahsa/datasets/grid/test/s33/prbg2n.mpg,170,172,4.415549278259277,0.9887259236042543
52,4,/home/nabizadz/Projects/Mahsa/datasets/grid/test/s33/lbwb5a.mpg,166,168,4.394568920135498,0.9854778153033701
52,5,/home/nabizadz/Projects/Mahsa/datasets/grid/test/s33/bgiq3s.mpg,64,66,4.059813499450684,0.9964351588944153
52,6,/home/nabizadz/Projects/Mahsa/datasets/grid/test/s33/bbbv9a.mpg,147,149,3.9400811195373535,0.9897846883729735
52,7,/home/nabizadz/Projects/Mahsa/datasets/grid/test/s33/sbwy8p.mpg,179,181,4.265383243560791,0.9927170826134692
52,8,/home/nabizadz/Projects/Mahsa/datasets/grid/test/s33/swie4n.mpg,260,262,4.483086109161377,0.9721537620842373
52,9,/home/nabizadz/Projects/Mahsa/datasets/grid/test/s33/sgbg1a.mpg,98,100,4.349093437194824,0.9988875506484513
52,10,/home/nabizadz/Projects/Mahsa/datasets/grid/test/s33/prbm7s.mpg,97,99,4.189183712005615,0.9970438724241123
52,11,/home/nabizadz/Projects/Mahsa/datasets/grid/test/s33/lgav7a.mpg,175,177,4.414239406585693,0.9581775062817292
52,12,/home/nabizadz/Projects/Mahsa/datasets/grid/test/s33/lwab9a.mpg,8,10,4.485599517822266,0.9999999999999968
52,13,/home/nabizadz/Projects/Mahsa/datasets/grid/test/s33/bbiizn.mpg,55,57,3.6511423587799072,0.9784785144057865
52,14,/home/nabizadz/Projects/Mahsa/datasets/grid/test/s33/sgbs6n.mpg,38,40,4.307178974151611,0.9981780375884192
52,15,/home/nabizadz/Projects/Mahsa/datasets/grid/test/s33/bbwj3s.mpg,172,174,4.21566104888916,0.9941412378533542
53,0,/home/nabizadz/Projects/Mahsa/datasets/grid/test/s33/sray6p.mpg,233,235,1.6414999961853027,0.8510807645990544
53,1,/home/nabizadz/Projects/Mahsa/datasets/grid/test/s33/bgby6p.mpg,138,140,4.276998996734619,0.9995589802462601
53,2,/home/nabizadz/Projects/Mahsa/datasets/grid/test/s33/srik5a.mpg,246,248,4.587713241577148,0.9904631377768368
53,3,/home/nabizadz/Projects/Mahsa/datasets/grid/test/s33/lgwp8n.mpg,78,80,3.644516706466675,0.9720986250831558
53,4,/home/nabizadz/Projects/Mahsa/datasets/grid/test/s33/lrwb8n.mpg,257,259,4.313003063201904,0.8814014890297275
53,5,/home/nabizadz/Projects/Mahsa/datasets/grid/test/s33/prwg7s.mpg,283,285,4.381284713745117,0.9615028837257901
53,6,/home/nabizadz/Projects/Mahsa/datasets/grid/test/s33/sbayzp.mpg,134,136,3.973423719406128,0.9939391490151721
53,7,/home/nabizadz/Projects/Mahsa/datasets/grid/test/s33/lrwc1a.mpg,130,132,3.639085292816162,0.9809432580602532
53,8,/home/nabizadz/Projects/Mahsa/datasets/grid/test/s33/swar8p.mpg,254,256,4.223840236663818,0.8826117721583681
53,9,/home/nabizadz/Projects/Mahsa/datasets/grid/test/s33/pgbu2n.mpg,234,236,4.479403972625732,0.9505411907151643
53,10,/home/nabizadz/Projects/Mahsa/datasets/grid/test/s33/lgwj4n.mpg,288,290,4.4007134437561035,0.9768039141467603
53,11,/home/nabizadz/Projects/Mahsa/datasets/grid/test/s33/bbwd1a.mpg,142,144,4.379608154296875,0.9924673538028167
53,12,/home/nabizadz/Projects/Mahsa/datasets/grid/test/s33/lrab1s.mpg,31,33,4.277830123901367,0.9995606995905773
53,13,/home/nabizadz/Projects/Mahsa/datasets/grid/test/s33/bgak4p.mpg,211,213,4.369879722595215,0.9229833384827223
53,14,/home/nabizadz/Projects/Mahsa/datasets/grid/test/s33/sgwt2p.mpg,66,68,4.223949909210205,0.9954748306985398
53,15,/home/nabizadz/Projects/Mahsa/datasets/grid/test/s33/lwwv8p.mpg,159,161,4.490532398223877,0.9999945871183403
54,0,/home/nabizadz/Projects/Mahsa/datasets/grid/test/s33/lbba9s.mpg,174,176,4.30403995513916,0.9501408037621288
54,1,/home/nabizadz/Projects/Mahsa/datasets/grid/test/s33/bwaq2p.mpg,51,53,3.6561930179595947,0.9811480478011693
54,2,/home/nabizadz/Projects/Mahsa/datasets/grid/test/s33/lwiozn.mpg,135,137,3.9419548511505127,0.973996235131062
54,3,/home/nabizadz/Projects/Mahsa/datasets/grid/test/s33/pbbm3a.mpg,99,101,4.152827262878418,0.9934484182097372
54,4,/home/nabizadz/Projects/Mahsa/datasets/grid/test/s33/sbwe6p.mpg,241,243,4.5680012702941895,0.9708889993805637
54,5,/home/nabizadz/Projects/Mahsa/datasets/grid/test/s33/bwaq3a.mpg,58,60,3.5397262573242188,0.9924255624909324
54,6,/home/nabizadz/Projects/Mahsa/datasets/grid/test/s33/lbwo1s.mpg,215,217,4.42355489730835,0.9532137482544338
54,7,/home/nabizadz/Projects/Mahsa/datasets/grid/test/s33/pwbn3s.mpg,131,133,4.025811672210693,0.9991865241717426
54,8,/home/nabizadz/Projects/Mahsa/datasets/grid/test/s33/sbwk8n.mpg,239,241,4.3664631843566895,0.9481498925423142
54,9,/home/nabizadz/Projects/Mahsa/datasets/grid/test/s33/lwib4p.mpg,254,256,4.241286754608154,0.9041412038844708
54,10,/home/nabizadz/Projects/Mahsa/datasets/grid/test/s33/prif6p.mpg,280,282,4.378849029541016,0.9985340714145822
54,11,/home/nabizadz/Projects/Mahsa/datasets/grid/test/s33/lwbi4n.mpg,239,241,4.549391746520996,0.996910687809485
54,12,/home/nabizadz/Projects/Mahsa/datasets/grid/test/s33/lbbu2p.mpg,70,72,3.915811061859131,0.9891057108125079
54,13,/home/nabizadz/Projects/Mahsa/datasets/grid/test/s33/swir3s.mpg,123,125,3.6034889221191406,0.9903239948600814
54,14,/home/nabizadz/Projects/Mahsa/datasets/grid/test/s33/swws5s.mpg,89,91,2.3750202655792236,0.9907634059899656
54,15,/home/nabizadz/Projects/Mahsa/datasets/grid/test/s33/swaz1s.mpg,148,150,4.138180732727051,0.9978713558692021
55,0,/home/nabizadz/Projects/Mahsa/datasets/grid/test/s33/lwao6p.mpg,149,151,4.206146717071533,0.999325332345284
55,1,/home/nabizadz/Projects/Mahsa/datasets/grid/test/s33/pris4p.mpg,73,75,3.6441967487335205,0.9918108104853732
55,2,/home/nabizadz/Projects/Mahsa/datasets/grid/test/s33/pwitzp.mpg,154,156,4.246211528778076,0.9998396781017246
55,3,/home/nabizadz/Projects/Mahsa/datasets/grid/test/s33/pgwb7a.mpg,188,190,4.395481586456299,0.9873997548870391
55,4,/home/nabizadz/Projects/Mahsa/datasets/grid/test/s33/pwat3s.mpg,57,59,4.232291221618652,0.9998193292382723
55,5,/home/nabizadz/Projects/Mahsa/datasets/grid/test/s33/pril9s.mpg,83,85,3.852104663848877,0.9984219244439361
55,6,/home/nabizadz/Projects/Mahsa/datasets/grid/test/s33/bgwlzn.mpg,61,63,3.51725697517395,0.9744716902525679
55,7,/home/nabizadz/Projects/Mahsa/datasets/grid/test/s33/sbwr4p.mpg,95,97,4.089633464813232,0.9957558017427068
55,8,/home/nabizadz/Projects/Mahsa/datasets/grid/test/s33/bbai5s.mpg,185,187,4.4675211906433105,0.9780719285792744
55,9,/home/nabizadz/Projects/Mahsa/datasets/grid/test/s33/swbf5a.mpg,262,264,4.464775562286377,0.9396724256399764
55,10,/home/nabizadz/Projects/Mahsa/datasets/grid/test/s33/brbj6p.mpg,58,60,3.4127931594848633,0.9815307225019676
55,11,/home/nabizadz/Projects/Mahsa/datasets/grid/test/s33/lwwc5s.mpg,87,89,4.318004608154297,0.99910873046599
55,12,/home/nabizadz/Projects/Mahsa/datasets/grid/test/s33/srik3s.mpg,294,296,4.264467239379883,0.9900328986039995
55,13,/home/nabizadz/Projects/Mahsa/datasets/grid/test/s33/bwbx9s.mpg,262,264,4.262724876403809,0.8803623363096126
55,14,/home/nabizadz/Projects/Mahsa/datasets/grid/test/s33/brbq1a.mpg,12,14,4.532983303070068,0.999994836548602
55,15,/home/nabizadz/Projects/Mahsa/datasets/grid/test/s33/sgas3s.mpg,232,234,4.395754337310791,0.8784443037788471
56,0,/home/nabizadz/Projects/Mahsa/datasets/grid/test/s33/briv6p.mpg,99,101,3.6769933700561523,0.9893530152920567
56,1,/home/nabizadz/Projects/Mahsa/datasets/grid/test/s33/pwag7a.mpg,49,51,3.3350613117218018,0.9828372039672424
56,2,/home/nabizadz/Projects/Mahsa/datasets/grid/test/s33/pgwizp.mpg,65,67,4.137319087982178,0.9939333955969258
56,3,/home/nabizadz/Projects/Mahsa/datasets/grid/test/s33/brip3a.mpg,29,31,4.367558479309082,0.999932196829291
56,4,/home/nabizadz/Projects/Mahsa/datasets/grid/test/s33/pgig6n.mpg,136,138,4.284633159637451,0.9963918222204161
56,5,/home/nabizadz/Projects/Mahsa/datasets/grid/test/s33/lgwdzn.mpg,212,214,4.3684163093566895,0.9964464817201698
56,6,/home/nabizadz/Projects/Mahsa/datasets/grid/test/s33/pbwg1s.mpg,135,137,4.0890350341796875,0.9943400344362312
56,7,/home/nabizadz/Projects/Mahsa/datasets/grid/test/s33/lbat9a.mpg,98,100,3.6415350437164307,0.9806633377203191
56,8,/home/nabizadz/Projects/Mahsa/datasets/grid/test/s33/lrin4n.mpg,277,279,4.453202247619629,0.999999481106539
56,9,/home/nabizadz/Projects/Mahsa/datasets/grid/test/s33/lwwp3s.mpg,70,72,4.254887580871582,0.9992043158999085
56,10,/home/nabizadz/Projects/Mahsa/datasets/grid/test/s33/brbd2p.mpg,66,68,3.7871837615966797,0.9885972976821162
56,11,/home/nabizadz/Projects/Mahsa/datasets/grid/test/s33/bwbkzn.mpg,229,231,4.536055564880371,0.9989038611578704
56,12,/home/nabizadz/Projects/Mahsa/datasets/grid/test/s33/priz9a.mpg,102,104,3.7245070934295654,0.988540625252781
56,13,/home/nabizadz/Projects/Mahsa/datasets/grid/test/s33/bgaq9a.mpg,164,166,4.299107074737549,0.9944300208959187
56,14,/home/nabizadz/Projects/Mahsa/datasets/grid/test/s33/prbt2p.mpg,64,66,4.171288013458252,0.9970924379001905
56,15,/home/nabizadz/Projects/Mahsa/datasets/grid/test/s33/pbir6n.mpg,211,213,4.389453887939453,0.9931337627404428
57,0,/home/nabizadz/Projects/Mahsa/datasets/grid/test/s33/sgwtzn.mpg,216,218,4.36587381362915,0.9798780813737086
57,1,/home/nabizadz/Projects/Mahsa/datasets/grid/test/s33/srak7s.mpg,116,118,3.603508472442627,0.9877265990697949
57,2,/home/nabizadz/Projects/Mahsa/datasets/grid/test/s33/sbwy6n.mpg,292,294,4.3805832862854,0.9895552834013515
57,3,/home/nabizadz/Projects/Mahsa/datasets/grid/test/s33/bbwx3a.mpg,95,97,4.21561861038208,0.9981999484797442
57,4,/home/nabizadz/Projects/Mahsa/datasets/grid/test/s33/lwai1s.mpg,104,106,4.174490451812744,0.988415649869979
57,5,/home/nabizadz/Projects/Mahsa/datasets/grid/test/s33/sgwm8p.mpg,233,235,4.349064826965332,0.9278653369328698
57,6,/home/nabizadz/Projects/Mahsa/datasets/grid/test/s33/pwis9s.mpg,201,203,4.428210258483887,0.9999999999990612
57,7,/home/nabizadz/Projects/Mahsa/datasets/grid/test/s33/bgbe2n.mpg,121,123,4.339509963989258,0.9999618599589122
57,8,/home/nabizadz/Projects/Mahsa/datasets/grid/test/s33/lbbn7s.mpg,168,170,4.272489070892334,0.9914385745074986
57,9,/home/nabizadz/Projects/Mahsa/datasets/grid/test/s33/lbag8n.mpg,173,175,4.476349830627441,0.9943900630225551
57,10,/home/nabizadz/Projects/Mahsa/datasets/grid/test/s33/pbbs6p.mpg,183,185,4.419897079467773,0.9999977630887662
57,11,/home/nabizadz/Projects/Mahsa/datasets/grid/test/s33/pwig3a.mpg,2,4,4.404168605804443,0.99876940783325
57,12,/home/nabizadz/Projects/Mahsa/datasets/grid/test/s33/pgwo4p.mpg,280,282,4.3721723556518555,0.9842653923348749
57,13,/home/nabizadz/Projects/Mahsa/datasets/grid/test/s33/braxzp.mpg,193,195,4.402611255645752,0.9967294813820204
57,14,/home/nabizadz/Projects/Mahsa/datasets/grid/test/s33/swiy8p.mpg,113,115,3.5753602981567383,0.9903413826688715
57,15,/home/nabizadz/Projects/Mahsa/datasets/grid/test/s33/lgbp7a.mpg,182,184,4.234271049499512,0.9970085435813004
58,0,/home/nabizadz/Projects/Mahsa/datasets/grid/test/s33/pwwh5a.mpg,104,106,3.6040756702423096,0.9812543873981525
58,1,/home/nabizadz/Projects/Mahsa/datasets/grid/test/s33/pbaf2n.mpg,257,259,4.045070648193359,0.8764283114943359
58,2,/home/nabizadz/Projects/Mahsa/datasets/grid/test/s33/lbia3a.mpg,21,23,4.394844055175781,0.9999563637245042
58,3,/home/nabizadz/Projects/Mahsa/datasets/grid/test/s33/lgii5a.mpg,246,248,4.364498138427734,0.9321514941244592
58,4,/home/nabizadz/Projects/Mahsa/datasets/grid/test/s33/lbwu7a.mpg,254,256,4.387503623962402,0.8743325580227271
58,5,/home/nabizadz/Projects/Mahsa/datasets/grid/test/s33/srid9s.mpg,259,261,4.379659652709961,0.8945210841685752
58,6,/home/nabizadz/Projects/Mahsa/datasets/grid/test/s33/lrwvzn.mpg,67,69,3.997154951095581,0.9943020838453704
58,7,/home/nabizadz/Projects/Mahsa/datasets/grid/test/s33/lrah5s.mpg,197,199,4.442019939422607,0.9229919548474651
58,8,/home/nabizadz/Projects/Mahsa/datasets/grid/test/s33/srwf2p.mpg,172,174,4.5541090965271,0.9985683412847285
58,9,/home/nabizadz/Projects/Mahsa/datasets/grid/test/s33/lbig6p.mpg,100,102,3.953455686569214,0.9805669811931284
58,10,/home/nabizadz/Projects/Mahsa/datasets/grid/test/s33/pwat4p.mpg,153,155,3.9575071334838867,0.9778617995068131
58,11,/home/nabizadz/Projects/Mahsa/datasets/grid/test/s33/bbio5s.mpg,90,92,3.756632089614868,0.9785377518608277
58,12,/home/nabizadz/Projects/Mahsa/datasets/grid/test/s33/srwl7a.mpg,158,160,3.913883924484253,0.9962020622191133
58,13,/home/nabizadz/Projects/Mahsa/datasets/grid/test/s33/bwwy4p.mpg,278,280,4.311161994934082,0.9598495347574921
58,14,/home/nabizadz/Projects/Mahsa/datasets/grid/test/s33/sgbgzp.mpg,22,24,4.3707756996154785,0.9989697480810931
58,15,/home/nabizadz/Projects/Mahsa/datasets/grid/test/s33/swafzp.mpg,42,44,3.95283579826355,0.9876024431163415
59,0,/home/nabizadz/Projects/Mahsa/datasets/grid/test/s33/pwbt9a.mpg,235,237,4.419763088226318,0.9436803869256758
59,1,/home/nabizadz/Projects/Mahsa/datasets/grid/test/s33/bwwk5s.mpg,74,76,4.300258636474609,0.9962764331247119
59,2,/home/nabizadz/Projects/Mahsa/datasets/grid/test/s33/swbz5s.mpg,112,114,4.347491264343262,0.9998443064733906
59,3,/home/nabizadz/Projects/Mahsa/datasets/grid/test/s33/sbbr1a.mpg,221,223,4.2931623458862305,0.8902370041339813
59,4,/home/nabizadz/Projects/Mahsa/datasets/grid/test/s33/pgwh8n.mpg,81,83,3.562159776687622,0.9762535438532879
59,5,/home/nabizadz/Projects/Mahsa/datasets/grid/test/s33/swaz3a.mpg,264,266,4.529949188232422,0.9594232033065978
59,6,/home/nabizadz/Projects/Mahsa/datasets/grid/test/s33/bbao9s.mpg,58,60,4.310360431671143,0.9980893836186424
59,7,/home/nabizadz/Projects/Mahsa/datasets/grid/test/s33/bwip9a.mpg,110,112,3.65898060798645,0.9804899496544696
59,8,/home/nabizadz/Projects/Mahsa/datasets/grid/test/s33/lgac2n.mpg,37,39,4.31754732131958,0.9910658511932863
59,9,/home/nabizadz/Projects/Mahsa/datasets/grid/test/s33/bwbd9a.mpg,169,171,4.167858123779297,0.9966522216984498
59,10,/home/nabizadz/Projects/Mahsa/datasets/grid/test/s33/pgit7a.mpg,131,133,3.7086362838745117,0.9922390520408565
59,11,/home/nabizadz/Projects/Mahsa/datasets/grid/test/s33/prwg6n.mpg,114,116,4.39339542388916,0.9996642544596916
59,12,/home/nabizadz/Projects/Mahsa/datasets/grid/test/s33/pwag6p.mpg,198,200,4.314677715301514,0.9863483761145021
59,13,/home/nabizadz/Projects/Mahsa/datasets/grid/test/s33/sbaq6p.mpg,20,22,4.395871162414551,0.998738864980813
59,14,/home/nabizadz/Projects/Mahsa/datasets/grid/test/s33/bbav2n.mpg,120,122,4.326740264892578,0.9992019378699724
59,15,/home/nabizadz/Projects/Mahsa/datasets/grid/test/s33/srwszp.mpg,209,211,4.43432092666626,0.9828847785091375
60,0,/home/nabizadz/Projects/Mahsa/datasets/grid/test/s33/sriezp.mpg,122,124,3.7835614681243896,0.986033156294295
60,1,/home/nabizadz/Projects/Mahsa/datasets/grid/test/s33/lgbc7s.mpg,181,183,4.355762481689453,0.9913257649886931
60,2,/home/nabizadz/Projects/Mahsa/datasets/grid/test/s33/pgwi1a.mpg,232,234,4.367906093597412,0.903466443652905
60,3,/home/nabizadz/Projects/Mahsa/datasets/grid/test/s33/srbe8p.mpg,145,147,4.373294830322266,0.9998683285684331
60,4,/home/nabizadz/Projects/Mahsa/datasets/grid/test/s33/pgit5s.mpg,159,161,3.902674913406372,0.9951349247747018
60,5,/home/nabizadz/Projects/Mahsa/datasets/grid/test/s33/lrwczp.mpg,229,231,4.41079044342041,0.958952113163616
60,6,/home/nabizadz/Projects/Mahsa/datasets/grid/test/s33/lbwu4n.mpg,23,25,4.3494086265563965,0.9998410323310206
60,7,/home/nabizadz/Projects/Mahsa/datasets/grid/test/s33/pgan5s.mpg,187,189,4.407617092132568,0.9835179947321674
60,8,/home/nabizadz/Projects/Mahsa/datasets/grid/test/s33/lgwqzp.mpg,145,147,3.954341411590576,0.9882889793278632
60,9,/home/nabizadz/Projects/Mahsa/datasets/grid/test/s33/bric4p.mpg,178,180,4.286331653594971,0.9962111804691454
60,10,/home/nabizadz/Projects/Mahsa/datasets/grid/test/s33/bbii3a.mpg,260,262,4.503077983856201,0.9969954943301136
60,11,/home/nabizadz/Projects/Mahsa/datasets/grid/test/s33/lwio2p.mpg,142,144,3.7756714820861816,0.9765819266607525
60,12,/home/nabizadz/Projects/Mahsa/datasets/grid/test/s33/pbas1s.mpg,115,117,4.243000030517578,0.9988721670927596
60,13,/home/nabizadz/Projects/Mahsa/datasets/grid/test/s33/pgat9s.mpg,137,139,4.273918151855469,0.9911061606088302
60,14,/home/nabizadz/Projects/Mahsa/datasets/grid/test/s33/brbj7a.mpg,92,94,4.321951389312744,0.999997498837499
60,15,/home/nabizadz/Projects/Mahsa/datasets/grid/test/s33/sbad7s.mpg,53,55,4.050395965576172,0.9963571924284308
61,0,/home/nabizadz/Projects/Mahsa/datasets/grid/test/s33/brwk1a.mpg,180,182,4.442821025848389,0.997399726099897
61,1,/home/nabizadz/Projects/Mahsa/datasets/grid/test/s33/sgwt1s.mpg,70,72,4.325359344482422,0.9999731268791396
61,2,/home/nabizadz/Projects/Mahsa/datasets/grid/test/s33/lriuzp.mpg,175,177,4.426023483276367,0.9982141432428809
61,3,/home/nabizadz/Projects/Mahsa/datasets/grid/test/s33/pwat5a.mpg,249,251,4.387872219085693,0.9549952090508502
61,4,/home/nabizadz/Projects/Mahsa/datasets/grid/test/s33/lriu1a.mpg,133,135,4.225882053375244,0.9918524229129793
61,5,/home/nabizadz/Projects/Mahsa/datasets/grid/test/s33/lria6n.mpg,257,259,4.55161190032959,0.9883005447492224
61,6,/home/nabizadz/Projects/Mahsa/datasets/grid/test/s33/pgwo3s.mpg,232,234,4.25754451751709,0.8525232574888933
61,7,/home/nabizadz/Projects/Mahsa/datasets/grid/test/s33/srby8n.mpg,159,161,4.227235317230225,0.9942757377931032
61,8,/home/nabizadz/Projects/Mahsa/datasets/grid/test/s33/lwbo8n.mpg,293,295,4.539782524108887,0.999111633098654
61,9,/home/nabizadz/Projects/Mahsa/datasets/grid/test/s33/lgac5a.mpg,22,24,4.414253234863281,0.999965516690555
61,10,/home/nabizadz/Projects/Mahsa/datasets/grid/test/s33/prbt3a.mpg,240,242,4.577484607696533,0.9678045514795531
61,11,/home/nabizadz/Projects/Mahsa/datasets/grid/test/s33/lgac3s.mpg,282,284,4.3722310066223145,0.986014754813441
61,12,/home/nabizadz/Projects/Mahsa/datasets/grid/test/s33/lgav6p.mpg,135,137,4.283113956451416,0.9990006434059158
61,13,/home/nabizadz/Projects/Mahsa/datasets/grid/test/s33/lbit3s.mpg,127,129,3.7631478309631348,0.969886222162764
61,14,/home/nabizadz/Projects/Mahsa/datasets/grid/test/s33/bbav5a.mpg,11,13,4.439310550689697,0.9999690059226995
61,15,/home/nabizadz/Projects/Mahsa/datasets/grid/test/s33/bwad3s.mpg,132,134,4.370762825012207,0.9976014623328514
62,0,/home/nabizadz/Projects/Mahsa/datasets/grid/test/s33/lbbh3s.mpg,54,56,4.334806442260742,0.9999682787720181
62,1,/home/nabizadz/Projects/Mahsa/datasets/grid/test/s33/prif4n.mpg,182,184,4.219318389892578,0.9938943942248609
62,2,/home/nabizadz/Projects/Mahsa/datasets/grid/test/s33/bgiq5a.mpg,68,70,3.8028404712677,0.9903989774834974
62,3,/home/nabizadz/Projects/Mahsa/datasets/grid/test/s33/pbas2p.mpg,80,82,3.9145684242248535,0.9923017472446357
62,4,/home/nabizadz/Projects/Mahsa/datasets/grid/test/s33/sbak3a.mpg,64,66,4.225548267364502,0.9998977704159383
62,5,/home/nabizadz/Projects/Mahsa/datasets/grid/test/s33/sbwk9s.mpg,255,257,4.2972636222839355,0.8833195935649041
62,6,/home/nabizadz/Projects/Mahsa/datasets/grid/test/s33/srae3s.mpg,239,241,4.137635231018066,0.8549619292108247
62,7,/home/nabizadz/Projects/Mahsa/datasets/grid/test/s33/bgbk9a.mpg,245,247,4.393105506896973,0.9163585667631396
62,8,/home/nabizadz/Projects/Mahsa/datasets/grid/test/s30/bwax9p.mpg,71,73,4.0916876792907715,0.9968761605795616
62,9,/home/nabizadz/Projects/Mahsa/datasets/grid/test/s30/bbai9p.mpg,269,271,4.395948886871338,0.9184485073327092
62,10,/home/nabizadz/Projects/Mahsa/datasets/grid/test/s30/bgbr5p.mpg,4,6,4.557745933532715,0.9999999999999963
62,11,/home/nabizadz/Projects/Mahsa/datasets/grid/test/s30/swas1p.mpg,156,158,4.25067663192749,0.9994248052564355
62,12,/home/nabizadz/Projects/Mahsa/datasets/grid/test/s30/srbl5p.mpg,66,68,4.302206993103027,0.9999958221968867
62,13,/home/nabizadz/Projects/Mahsa/datasets/grid/test/s30/bbwd2s.mpg,117,119,3.6429028511047363,0.989486157289807
62,14,/home/nabizadz/Projects/Mahsa/datasets/grid/test/s30/srae7p.mpg,172,174,4.457890510559082,0.9965566246846241
62,15,/home/nabizadz/Projects/Mahsa/datasets/grid/test/s30/lbauzs.mpg,191,193,4.366858005523682,0.9864340869041777
63,0,/home/nabizadz/Projects/Mahsa/datasets/grid/test/s30/pgwb8s.mpg,129,131,3.6637277603149414,0.9828519875600618
63,1,/home/nabizadz/Projects/Mahsa/datasets/grid/test/s30/pbwnza.mpg,66,68,4.340755939483643,0.9988603981524491
63,2,/home/nabizadz/Projects/Mahsa/datasets/grid/test/s30/pwwu5p.mpg,135,137,4.30061674118042,0.9992097766886053
63,3,/home/nabizadz/Projects/Mahsa/datasets/grid/test/s30/bgieza.mpg,284,286,4.390045166015625,0.9894092024617225
63,4,/home/nabizadz/Projects/Mahsa/datasets/grid/test/s30/lgic4a.mpg,22,24,4.1243367195129395,0.9684153692333791
63,5,/home/nabizadz/Projects/Mahsa/datasets/grid/test/s30/pwbh1n.mpg,150,152,4.004810810089111,0.9963667291867232
63,6,/home/nabizadz/Projects/Mahsa/datasets/grid/test/s30/swifza.mpg,130,132,4.323591709136963,0.9996833584569177
63,7,/home/nabizadz/Projects/Mahsa/datasets/grid/test/s30/lriu2s.mpg,20,22,4.476775646209717,0.9999999999999998
63,8,/home/nabizadz/Projects/Mahsa/datasets/grid/test/s30/lwib8a.mpg,127,129,4.079401016235352,0.9998421515078161
63,9,/home/nabizadz/Projects/Mahsa/datasets/grid/test/s30/bwby4a.mpg,257,259,4.555902004241943,0.9994236258599426
63,10,/home/nabizadz/Projects/Mahsa/datasets/grid/test/s30/sgaf7n.mpg,216,218,4.449943542480469,0.9999516938662741
63,11,/home/nabizadz/Projects/Mahsa/datasets/grid/test/s30/lgwq4a.mpg,35,37,3.651350259780884,0.9955115189375383
63,12,/home/nabizadz/Projects/Mahsa/datasets/grid/test/s30/pwwb3p.mpg,129,131,4.228078842163086,0.9987909026371169
63,13,/home/nabizadz/Projects/Mahsa/datasets/grid/test/s30/bwij6s.mpg,163,165,4.423263072967529,0.9990248418333728
63,14,/home/nabizadz/Projects/Mahsa/datasets/grid/test/s30/bwip9n.mpg,157,159,4.105982303619385,0.9978296914242932
63,15,/home/nabizadz/Projects/Mahsa/datasets/grid/test/s30/srie1n.mpg,28,30,4.486042499542236,0.9992537404491573
64,0,/home/nabizadz/Projects/Mahsa/datasets/grid/test/s30/lbbo1p.mpg,202,204,4.165532112121582,0.9945010821719783
64,1,/home/nabizadz/Projects/Mahsa/datasets/grid/test/s30/sgwm9n.mpg,280,282,4.367318630218506,0.9842064627282904
64,2,/home/nabizadz/Projects/Mahsa/datasets/grid/test/s30/swws7n.mpg,173,175,4.2934722900390625,0.9958434638131626
64,3,/home/nabizadz/Projects/Mahsa/datasets/grid/test/s30/brbkza.mpg,221,223,4.235109806060791,0.9961113339989192
64,4,/home/nabizadz/Projects/Mahsa/datasets/grid/test/s30/srik7p.mpg,171,173,3.9137022495269775,0.9984130471744954
64,5,/home/nabizadz/Projects/Mahsa/datasets/grid/test/s30/lbig7n.mpg,163,165,4.207758903503418,0.9996534831582585
64,6,/home/nabizadz/Projects/Mahsa/datasets/grid/test/s30/pgbu7p.mpg,213,215,4.533893585205078,0.9990591232452019
64,7,/home/nabizadz/Projects/Mahsa/datasets/grid/test/s30/lgwq2s.mpg,233,235,4.156791687011719,0.9977286988239474
64,8,/home/nabizadz/Projects/Mahsa/datasets/grid/test/s30/swbs6a.mpg,20,22,4.429058074951172,0.9844677595525608
64,9,/home/nabizadz/Projects/Mahsa/datasets/grid/test/s30/sbix9p.mpg,215,217,4.399960041046143,0.9201588468464099
64,10,/home/nabizadz/Projects/Mahsa/datasets/grid/test/s30/sral1p.mpg,31,33,4.4104743003845215,0.9999999689037519
64,11,/home/nabizadz/Projects/Mahsa/datasets/grid/test/s30/pwwb4a.mpg,103,105,3.7685604095458984,0.997185943462388
64,12,/home/nabizadz/Projects/Mahsa/datasets/grid/test/s30/sriy4s.mpg,15,17,4.544360160827637,0.9977265829981964
64,13,/home/nabizadz/Projects/Mahsa/datasets/grid/test/s30/pbbm5p.mpg,240,242,4.471568584442139,0.9999999999999998
64,14,/home/nabizadz/Projects/Mahsa/datasets/grid/test/s30/pbwg3n.mpg,119,121,3.9518489837646484,0.9918306338877232
64,15,/home/nabizadz/Projects/Mahsa/datasets/grid/test/s30/lgwj8s.mpg,100,102,4.000471591949463,0.9971654411496179
65,0,/home/nabizadz/Projects/Mahsa/datasets/grid/test/s30/lgaj2a.mpg,281,283,4.412696361541748,0.9755033194414767
65,1,/home/nabizadz/Projects/Mahsa/datasets/grid/test/s30/lwbi7n.mpg,9,11,4.554550647735596,0.9956232094442631
65,2,/home/nabizadz/Projects/Mahsa/datasets/grid/test/s30/bbav5n.mpg,179,181,4.078883171081543,0.9964513587701361
65,3,/home/nabizadz/Projects/Mahsa/datasets/grid/test/s30/brap9p.mpg,290,292,4.511290550231934,0.9997585414054998
65,4,/home/nabizadz/Projects/Mahsa/datasets/grid/test/s30/swas2a.mpg,159,161,4.536341190338135,0.9988261870010624
65,5,/home/nabizadz/Projects/Mahsa/datasets/grid/test/s30/prwhzs.mpg,232,234,4.34265661239624,0.9999999999999997
65,6,/home/nabizadz/Projects/Mahsa/datasets/grid/test/s30/pbil8a.mpg,205,207,4.349165439605713,0.9867679732268447
65,7,/home/nabizadz/Projects/Mahsa/datasets/grid/test/s30/srbfzs.mpg,284,286,4.459958076477051,0.9993889095571781
65,8,/home/nabizadz/Projects/Mahsa/datasets/grid/test/s30/lgac7p.mpg,120,122,4.37628173828125,0.9988721353607328
65,9,/home/nabizadz/Projects/Mahsa/datasets/grid/test/s30/sbaq8s.mpg,71,73,3.8709847927093506,0.9934582006212589
65,10,/home/nabizadz/Projects/Mahsa/datasets/grid/test/s30/prbn2a.mpg,66,68,4.408363342285156,0.999999436765622
65,11,/home/nabizadz/Projects/Mahsa/datasets/grid/test/s30/lbbh6s.mpg,227,229,4.5541887283325195,0.971443477279322
65,12,/home/nabizadz/Projects/Mahsa/datasets/grid/test/s30/pwit2s.mpg,243,245,4.415868759155273,0.9999999999999997
65,13,/home/nabizadz/Projects/Mahsa/datasets/grid/test/s30/swwg1p.mpg,174,176,3.5749032497406006,0.975160800387053
65,14,/home/nabizadz/Projects/Mahsa/datasets/grid/test/s30/bwix4s.mpg,242,244,4.513976097106934,0.9919278920993605
65,15,/home/nabizadz/Projects/Mahsa/datasets/grid/test/s30/sbbr3p.mpg,31,33,4.560164928436279,0.9999999850975625
66,0,/home/nabizadz/Projects/Mahsa/datasets/grid/test/s30/lrbi1n.mpg,129,131,4.543441295623779,0.9981640140036017
66,1,/home/nabizadz/Projects/Mahsa/datasets/grid/test/s30/pbbgzs.mpg,54,56,4.450089931488037,0.9998180551258276
66,2,/home/nabizadz/Projects/Mahsa/datasets/grid/test/s30/pris7p.mpg,186,188,4.256584167480469,0.9927541517643405
66,3,/home/nabizadz/Projects/Mahsa/datasets/grid/test/s30/brax1n.mpg,236,238,4.446712017059326,0.9527202761900017
66,4,/home/nabizadz/Projects/Mahsa/datasets/grid/test/s30/lwii1p.mpg,89,91,4.2189412117004395,0.9998169329075418
66,5,/home/nabizadz/Projects/Mahsa/datasets/grid/test/s30/sgbs9n.mpg,241,243,4.320773124694824,0.9999999999999989
66,6,/home/nabizadz/Projects/Mahsa/datasets/grid/test/s30/lgii7p.mpg,7,9,4.46818208694458,0.9999978524534958
66,7,/home/nabizadz/Projects/Mahsa/datasets/grid/test/s30/srae6s.mpg,9,11,4.5825300216674805,0.9991673050581598
66,8,/home/nabizadz/Projects/Mahsa/datasets/grid/test/s30/lwav1n.mpg,179,181,4.134424686431885,0.9947038704804467
66,9,/home/nabizadz/Projects/Mahsa/datasets/grid/test/s30/pbif3p.mpg,32,34,4.340393543243408,0.9953572584289094
66,10,/home/nabizadz/Projects/Mahsa/datasets/grid/test/s30/pwag7n.mpg,126,128,4.3953375816345215,0.9983489333228996
66,11,/home/nabizadz/Projects/Mahsa/datasets/grid/test/s30/lgio9n.mpg,199,201,4.376496315002441,0.9972642356628911
66,12,/home/nabizadz/Projects/Mahsa/datasets/grid/test/s30/bbap1n.mpg,246,248,4.34622049331665,0.9477293782809115
66,13,/home/nabizadz/Projects/Mahsa/datasets/grid/test/s30/lbia5p.mpg,173,175,4.291153430938721,0.999789821972501
66,14,/home/nabizadz/Projects/Mahsa/datasets/grid/test/s30/sbbr4a.mpg,125,127,4.046201705932617,0.9986664378150338
66,15,/home/nabizadz/Projects/Mahsa/datasets/grid/test/s30/pgabzs.mpg,83,85,3.654989004135132,0.9973174192082066
67,0,/home/nabizadz/Projects/Mahsa/datasets/grid/test/s30/pgwo7p.mpg,43,45,4.434437274932861,0.9999999999999998
67,1,/home/nabizadz/Projects/Mahsa/datasets/grid/test/s30/brii9n.mpg,197,199,4.380274772644043,0.9540679091474
67,2,/home/nabizadz/Projects/Mahsa/datasets/grid/test/s30/lbwo6a.mpg,78,80,3.5327866077423096,0.9777810854135817
67,3,/home/nabizadz/Projects/Mahsa/datasets/grid/test/s30/lbbn9n.mpg,151,153,3.896777391433716,0.9902633159721903
67,4,/home/nabizadz/Projects/Mahsa/datasets/grid/test/s30/sgwa3p.mpg,100,102,3.7703285217285156,0.9906839100816835
67,5,/home/nabizadz/Projects/Mahsa/datasets/grid/test/s30/pbas5p.mpg,239,241,4.366313457489014,0.9989654413097899
67,6,/home/nabizadz/Projects/Mahsa/datasets/grid/test/s30/pwat7p.mpg,208,210,4.2907586097717285,0.9934512028975736
67,7,/home/nabizadz/Projects/Mahsa/datasets/grid/test/s30/bwij5n.mpg,86,88,4.174098014831543,0.9992216904667118
67,8,/home/nabizadz/Projects/Mahsa/datasets/grid/test/s30/brweza.mpg,204,206,3.8238117694854736,0.9878107927352866
67,9,/home/nabizadz/Projects/Mahsa/datasets/grid/test/s30/srws1n.mpg,164,166,4.255202770233154,0.9902086484126582
67,10,/home/nabizadz/Projects/Mahsa/datasets/grid/test/s30/sral2a.mpg,10,12,4.48659610748291,0.9933007552905583
67,11,/home/nabizadz/Projects/Mahsa/datasets/grid/test/s30/pwbbza.mpg,91,93,4.244671821594238,0.9984829262760813
67,12,/home/nabizadz/Projects/Mahsa/datasets/grid/test/s30/pbbs9p.mpg,174,176,4.220906734466553,0.994135396341522
67,13,/home/nabizadz/Projects/Mahsa/datasets/grid/test/s30/pbwazs.mpg,285,287,4.513809680938721,0.9999983079214599
67,14,/home/nabizadz/Projects/Mahsa/datasets/grid/test/s30/brbj8s.mpg,153,155,4.352978706359863,0.9987181531121021
67,15,/home/nabizadz/Projects/Mahsa/datasets/grid/test/s30/bwbq8s.mpg,173,175,4.3876800537109375,0.9996878712850593
68,0,/home/nabizadz/Projects/Mahsa/datasets/grid/test/s30/lgbx1n.mpg,53,55,4.387158393859863,0.9993847232706827
68,1,/home/nabizadz/Projects/Mahsa/datasets/grid/test/s30/lwapza.mpg,165,167,4.3768720626831055,0.9977598856950456
68,2,/home/nabizadz/Projects/Mahsa/datasets/grid/test/s30/pbaz7n.mpg,242,244,4.593050956726074,0.9991092190362156
68,3,/home/nabizadz/Projects/Mahsa/datasets/grid/test/s30/pbas4s.mpg,219,221,4.380526065826416,0.9999999999999847
68,4,/home/nabizadz/Projects/Mahsa/datasets/grid/test/s30/lrwo9n.mpg,272,274,4.528530120849609,0.9623215244613494
68,5,/home/nabizadz/Projects/Mahsa/datasets/grid/test/s30/lrbb9p.mpg,73,75,3.886275053024292,0.9939929634826289
68,6,/home/nabizadz/Projects/Mahsa/datasets/grid/test/s30/lrwi6s.mpg,31,33,4.54386043548584,0.9992129097322504
68,7,/home/nabizadz/Projects/Mahsa/datasets/grid/test/s30/pgit8s.mpg,57,59,3.8757481575012207,0.9966835850815928
68,8,/home/nabizadz/Projects/Mahsa/datasets/grid/test/s30/bgik2s.mpg,254,256,4.269287586212158,0.9629490162196181
68,9,/home/nabizadz/Projects/Mahsa/datasets/grid/test/s30/sgbm7p.mpg,240,242,4.133631706237793,0.9242659104313474
68,10,/home/nabizadz/Projects/Mahsa/datasets/grid/test/s30/brbd3n.mpg,170,172,4.442608833312988,0.9890321810761503
68,11,/home/nabizadz/Projects/Mahsa/datasets/grid/test/s30/sbiq6a.mpg,218,220,4.406990051269531,0.9999999999999976
68,12,/home/nabizadz/Projects/Mahsa/datasets/grid/test/s30/bbwd3p.mpg,70,72,4.136096000671387,0.9992001925458821
68,13,/home/nabizadz/Projects/Mahsa/datasets/grid/test/s30/prim4a.mpg,226,228,4.422842502593994,0.9999970446923473
68,14,/home/nabizadz/Projects/Mahsa/datasets/grid/test/s30/swaszs.mpg,149,151,4.115035533905029,0.9960834751731369
68,15,/home/nabizadz/Projects/Mahsa/datasets/grid/test/s30/swaz3n.mpg,88,90,3.998180866241455,0.9971887299405616
69,0,/home/nabizadz/Projects/Mahsa/datasets/grid/test/s30/pwbuzs.mpg,282,284,4.23451566696167,0.952402014245938
69,1,/home/nabizadz/Projects/Mahsa/datasets/grid/test/s30/bwid1n.mpg,50,52,4.298611640930176,0.9963998345114995
69,2,/home/nabizadz/Projects/Mahsa/datasets/grid/test/s30/srbz4a.mpg,37,39,4.245639324188232,0.9877786043975973
69,3,/home/nabizadz/Projects/Mahsa/datasets/grid/test/s30/pbaz9p.mpg,250,252,4.505090236663818,0.9999999999999972
69,4,/home/nabizadz/Projects/Mahsa/datasets/grid/test/s30/lgwkza.mpg,4,6,4.552536964416504,0.9999999771092015
69,5,/home/nabizadz/Projects/Mahsa/datasets/grid/test/s30/swaf4a.mpg,18,20,4.5077619552612305,0.9999999999999936
69,6,/home/nabizadz/Projects/Mahsa/datasets/grid/test/s30/sgas8a.mpg,188,190,3.949852466583252,0.9781056351131151
69,7,/home/nabizadz/Projects/Mahsa/datasets/grid/test/s30/pwba9p.mpg,286,288,4.566247940063477,0.9984911953824205
69,8,/home/nabizadz/Projects/Mahsa/datasets/grid/test/s30/prbt6a.mpg,260,262,4.473317623138428,0.975432366380663
69,9,/home/nabizadz/Projects/Mahsa/datasets/grid/test/s30/pwwo2a.mpg,136,138,4.318253993988037,0.9988853081077769
69,10,/home/nabizadz/Projects/Mahsa/datasets/grid/test/s30/sriy5p.mpg,122,124,4.038612365722656,0.998116475860586
69,11,/home/nabizadz/Projects/Mahsa/datasets/grid/test/s30/swws9p.mpg,80,82,3.311469793319702,0.9953040070826461
69,12,/home/nabizadz/Projects/Mahsa/datasets/grid/test/s30/lrin9p.mpg,224,226,4.306742191314697,0.9209792869300879
69,13,/home/nabizadz/Projects/Mahsa/datasets/grid/test/s30/bwbq9p.mpg,256,258,4.366764545440674,0.9889429638495422
69,14,/home/nabizadz/Projects/Mahsa/datasets/grid/test/s30/lgbj3n.mpg,282,284,4.446135520935059,0.9999999999999993
69,15,/home/nabizadz/Projects/Mahsa/datasets/grid/test/s30/bgwf1p.mpg,79,81,4.22344970703125,0.9997401989222044
70,0,/home/nabizadz/Projects/Mahsa/datasets/grid/test/s30/bgiy1p.mpg,44,46,4.550055027008057,0.9984999544754014
70,1,/home/nabizadz/Projects/Mahsa/datasets/grid/test/s30/lrih5p.mpg,224,226,4.215694904327393,0.9407242874323324
70,2,/home/nabizadz/Projects/Mahsa/datasets/grid/test/s30/lwio4s.mpg,77,79,4.172298431396484,0.997315868665842
70,3,/home/nabizadz/Projects/Mahsa/datasets/grid/test/s30/bgar1p.mpg,116,118,3.9266200065612793,0.983246356082299
70,4,/home/nabizadz/Projects/Mahsa/datasets/grid/test/s30/pgih2a.mpg,261,263,4.407946586608887,0.993157067172356
70,5,/home/nabizadz/Projects/Mahsa/datasets/grid/test/s30/sgwa1n.mpg,193,195,4.549063682556152,0.9744432272690859
70,6,/home/nabizadz/Projects/Mahsa/datasets/grid/test/s30/brwd9p.mpg,298,300,4.605222225189209,0.9999999999999979
70,7,/home/nabizadz/Projects/Mahsa/datasets/grid/test/s30/bgiq6s.mpg,251,253,4.403942584991455,0.9999453085195619
70,8,/home/nabizadz/Projects/Mahsa/datasets/grid/test/s30/pwbu2a.mpg,98,100,3.7411253452301025,0.9971738064439845
70,9,/home/nabizadz/Projects/Mahsa/datasets/grid/test/s30/brij1p.mpg,102,104,4.248641490936279,0.9999644534504982
70,10,/home/nabizadz/Projects/Mahsa/datasets/grid/test/s30/swbf8a.mpg,74,76,3.8341548442840576,0.9943405975146984
70,11,/home/nabizadz/Projects/Mahsa/datasets/grid/test/s30/brwk4a.mpg,76,78,4.203774929046631,0.9958577892200885
70,12,/home/nabizadz/Projects/Mahsa/datasets/grid/test/s30/lwbc3n.mpg,24,26,3.6562275886535645,0.9978930108633244
70,13,/home/nabizadz/Projects/Mahsa/datasets/grid/test/s30/pgab2a.mpg,281,283,4.438394069671631,0.9723281171343758
70,14,/home/nabizadz/Projects/Mahsa/datasets/grid/test/s30/sbbk9p.mpg,49,51,4.085935592651367,0.9941911609945062
70,15,/home/nabizadz/Projects/Mahsa/datasets/grid/test/s30/pgwo6s.mpg,6,8,4.554392337799072,0.9999999907196225
71,0,/home/nabizadz/Projects/Mahsa/datasets/grid/test/s30/pgbu8a.mpg,198,200,4.218507766723633,0.9976311049024655
71,1,/home/nabizadz/Projects/Mahsa/datasets/grid/test/s30/bbbp7p.mpg,117,119,4.493010520935059,0.9999920838937314
71,2,/home/nabizadz/Projects/Mahsa/datasets/grid/test/s30/bgbr6a.mpg,76,78,3.991201162338257,0.9943087387824374
71,3,/home/nabizadz/Projects/Mahsa/datasets/grid/test/s30/pgwv1p.mpg,90,92,4.0193772315979,0.9953231098754731
71,4,/home/nabizadz/Projects/Mahsa/datasets/grid/test/s30/swil1n.mpg,119,121,4.367392539978027,0.9987396055375322
71,5,/home/nabizadz/Projects/Mahsa/datasets/grid/test/s30/bwad7p.mpg,83,85,3.549867630004883,0.9984951565446566
71,6,/home/nabizadz/Projects/Mahsa/datasets/grid/test/s30/prwt7n.mpg,196,198,4.024191379547119,0.979442979877953
71,7,/home/nabizadz/Projects/Mahsa/datasets/grid/test/s30/sgbg4a.mpg,288,290,4.351931571960449,0.9987051483691262
71,8,/home/nabizadz/Projects/Mahsa/datasets/grid/test/s30/lrbo8a.mpg,294,296,4.439198017120361,0.9999999999999998
71,9,/home/nabizadz/Projects/Mahsa/datasets/grid/test/s30/bgbe5n.mpg,131,133,3.933382987976074,0.9974266880296946
71,10,/home/nabizadz/Projects/Mahsa/datasets/grid/test/s30/bgbl1p.mpg,240,242,3.9838905334472656,0.992683521386516
71,11,/home/nabizadz/Projects/Mahsa/datasets/grid/test/s30/swal5n.mpg,115,117,4.27728271484375,0.9966778938555056
71,12,/home/nabizadz/Projects/Mahsa/datasets/grid/test/s30/lbwo3n.mpg,151,153,4.283515453338623,0.9938778169428863
71,13,/home/nabizadz/Projects/Mahsa/datasets/grid/test/s30/sbaq9p.mpg,15,17,4.487855434417725,0.9997213589015445
71,14,/home/nabizadz/Projects/Mahsa/datasets/grid/test/s30/brip3n.mpg,2,4,4.442066669464111,0.9999999999999997
71,15,/home/nabizadz/Projects/Mahsa/datasets/grid/test/s30/pbamzs.mpg,246,248,4.460628032684326,0.9999999999999898
72,0,/home/nabizadz/Projects/Mahsa/datasets/grid/test/s30/lrwc2s.mpg,267,269,4.359781265258789,0.9878939573892774
72,1,/home/nabizadz/Projects/Mahsa/datasets/grid/test/s30/srazza.mpg,223,225,4.447305202484131,0.9970099294573823
72,2,/home/nabizadz/Projects/Mahsa/datasets/grid/test/s30/lbwo4s.mpg,143,145,4.465398788452148,0.9992609426756347
72,3,/home/nabizadz/Projects/Mahsa/datasets/grid/test/s30/bbwj6s.mpg,293,295,4.5169525146484375,0.9997029163557389
72,4,/home/nabizadz/Projects/Mahsa/datasets/grid/test/s30/brbq1n.mpg,295,297,4.601782321929932,0.9997147330285786
72,5,/home/nabizadz/Projects/Mahsa/datasets/grid/test/s30/brij2a.mpg,229,231,4.423260688781738,0.9410735280703606
72,6,/home/nabizadz/Projects/Mahsa/datasets/grid/test/s30/lrwv5p.mpg,124,126,4.029458045959473,0.9889689333315254
72,7,/home/nabizadz/Projects/Mahsa/datasets/grid/test/s30/sriy6a.mpg,201,203,4.363280296325684,0.9780941057612319
72,8,/home/nabizadz/Projects/Mahsa/datasets/grid/test/s30/srar5p.mpg,269,271,4.367809295654297,0.9847813808827088
72,9,/home/nabizadz/Projects/Mahsa/datasets/grid/test/s30/brax4a.mpg,111,113,3.609553098678589,0.997140979209913
72,10,/home/nabizadz/Projects/Mahsa/datasets/grid/test/s30/sbwz1p.mpg,161,163,4.298116207122803,0.9988161408510466
72,11,/home/nabizadz/Projects/Mahsa/datasets/grid/test/s30/bgwr7n.mpg,206,208,3.9679653644561768,0.9894128529638115
72,12,/home/nabizadz/Projects/Mahsa/datasets/grid/test/s30/bgae3p.mpg,210,212,4.237242221832275,0.977238954176605
72,13,/home/nabizadz/Projects/Mahsa/datasets/grid/test/s30/swaz6a.mpg,46,48,4.1776299476623535,0.9794917355288651
72,14,/home/nabizadz/Projects/Mahsa/datasets/grid/test/s30/pgah4s.mpg,235,237,4.343989849090576,0.9999999999999998
72,15,/home/nabizadz/Projects/Mahsa/datasets/grid/test/s30/bgby8s.mpg,250,252,4.397657871246338,0.9986129926333294
73,0,/home/nabizadz/Projects/Mahsa/datasets/grid/test/s30/lrin8s.mpg,100,102,4.183983325958252,0.9981189756643216
73,1,/home/nabizadz/Projects/Mahsa/datasets/grid/test/s30/lgav8s.mpg,203,205,4.248048305511475,0.9281516793464899
73,2,/home/nabizadz/Projects/Mahsa/datasets/grid/test/s30/lwav2s.mpg,102,104,4.03579568862915,0.9980952918271527
73,3,/home/nabizadz/Projects/Mahsa/datasets/grid/test/s30/lwib5n.mpg,285,287,4.434192657470703,1.0
73,4,/home/nabizadz/Projects/Mahsa/datasets/grid/test/s30/sbix7n.mpg,280,282,4.436979293823242,0.999322753361336
73,5,/home/nabizadz/Projects/Mahsa/datasets/grid/test/s30/bgik1n.mpg,133,135,4.025451183319092,0.9962397600928722
73,6,/home/nabizadz/Projects/Mahsa/datasets/grid/test/s30/pbwm9p.mpg,110,112,3.534435987472534,0.9934827078659423
73,7,/home/nabizadz/Projects/Mahsa/datasets/grid/test/s30/bwiq2a.mpg,99,101,3.753767728805542,0.9976419536471518
73,8,/home/nabizadz/Projects/Mahsa/datasets/grid/test/s30/sbae2a.mpg,298,300,4.535818576812744,0.9999999999999971
73,9,/home/nabizadz/Projects/Mahsa/datasets/grid/test/s30/bbav7p.mpg,33,35,4.509614944458008,0.999999806854461
73,10,/home/nabizadz/Projects/Mahsa/datasets/grid/test/s30/sbij9n.mpg,34,36,4.534939765930176,0.9999999999999977
73,11,/home/nabizadz/Projects/Mahsa/datasets/grid/test/s30/bbii4s.mpg,130,132,4.229945182800293,0.9950929912344204
73,12,/home/nabizadz/Projects/Mahsa/datasets/grid/test/s30/lbwo5p.mpg,197,199,4.3494462966918945,0.9885748788018293
73,13,/home/nabizadz/Projects/Mahsa/datasets/grid/test/s30/bric6s.mpg,208,210,4.052471160888672,0.998322165167932
73,14,/home/nabizadz/Projects/Mahsa/datasets/grid/test/s30/brwx9n.mpg,265,267,4.531128883361816,0.995176006732222
73,15,/home/nabizadz/Projects/Mahsa/datasets/grid/test/s30/lrbi4a.mpg,253,255,4.401615142822266,0.9999999999999969
74,0,/home/nabizadz/Projects/Mahsa/datasets/grid/test/s30/sbay2s.mpg,115,117,4.212301254272461,0.9979292666161338
74,1,/home/nabizadz/Projects/Mahsa/datasets/grid/test/s30/lbau1p.mpg,195,197,4.053686141967773,0.9903242734928996
74,2,/home/nabizadz/Projects/Mahsa/datasets/grid/test/s30/lwwdza.mpg,260,262,4.5674896240234375,0.9981899402719837
74,3,/home/nabizadz/Projects/Mahsa/datasets/grid/test/s30/swil4a.mpg,1,3,4.592588424682617,0.9999999853967789
74,4,/home/nabizadz/Projects/Mahsa/datasets/grid/test/s30/bbap4a.mpg,4,6,4.602475643157959,0.9997095929414916
74,5,/home/nabizadz/Projects/Mahsa/datasets/grid/test/s30/lgiv6a.mpg,262,264,4.371397018432617,0.9733597829810979
74,6,/home/nabizadz/Projects/Mahsa/datasets/grid/test/s30/prbg6s.mpg,190,192,4.40089225769043,0.9999776019170136
74,7,/home/nabizadz/Projects/Mahsa/datasets/grid/test/s30/sgil7n.mpg,166,168,4.36214542388916,0.9988699161766205
74,8,/home/nabizadz/Projects/Mahsa/datasets/grid/test/s30/bbbc9p.mpg,163,165,3.77571964263916,0.994279671377829
74,9,/home/nabizadz/Projects/Mahsa/datasets/grid/test/s30/braj3n.mpg,54,56,4.216579437255859,0.9998694992686668
74,10,/home/nabizadz/Projects/Mahsa/datasets/grid/test/s30/pbwt3p.mpg,195,197,3.8655991554260254,0.9818177364220501
74,11,/home/nabizadz/Projects/Mahsa/datasets/grid/test/s30/swil2s.mpg,18,20,4.5737409591674805,0.9999989662176345
74,12,/home/nabizadz/Projects/Mahsa/datasets/grid/test/s30/lgwd4s.mpg,150,152,4.34783411026001,0.9967798258969781
74,13,/home/nabizadz/Projects/Mahsa/datasets/grid/test/s30/lwai5p.mpg,223,225,4.552400588989258,0.9976273769251314
74,14,/home/nabizadz/Projects/Mahsa/datasets/grid/test/s30/bgiq5n.mpg,221,223,4.544517517089844,0.9999999999999929
74,15,/home/nabizadz/Projects/Mahsa/datasets/grid/test/s30/lwao8s.mpg,99,101,4.307908058166504,0.9990963282297532
75,0,/home/nabizadz/Projects/Mahsa/datasets/grid/test/s30/pwit3p.mpg,100,102,3.499946355819702,0.9930245354217213
75,1,/home/nabizadz/Projects/Mahsa/datasets/grid/test/s30/lrbo5n.mpg,172,174,4.124457359313965,0.9958924351057025
75,2,/home/nabizadz/Projects/Mahsa/datasets/grid/test/s30/pbwt1n.mpg,189,191,4.112553119659424,0.9933014231419647
75,3,/home/nabizadz/Projects/Mahsa/datasets/grid/test/s30/pbas3n.mpg,277,279,4.377443313598633,0.9998981579189512
75,4,/home/nabizadz/Projects/Mahsa/datasets/grid/test/s30/bbib9n.mpg,187,189,4.451422214508057,0.9826985111310906
75,5,/home/nabizadz/Projects/Mahsa/datasets/grid/test/s30/pwig4s.mpg,166,168,4.050573348999023,0.9956160422936372
75,6,/home/nabizadz/Projects/Mahsa/datasets/grid/test/s30/swaf2s.mpg,231,233,4.555851459503174,0.9998071247248659
75,7,/home/nabizadz/Projects/Mahsa/datasets/grid/test/s30/lbwb7p.mpg,264,266,4.482464790344238,0.997452797314881
75,8,/home/nabizadz/Projects/Mahsa/datasets/grid/test/s30/lrbcza.mpg,159,161,3.9727377891540527,0.9967235817766625
75,9,/home/nabizadz/Projects/Mahsa/datasets/grid/test/s30/sgbt1p.mpg,43,45,4.4987406730651855,0.9998254225326021
75,10,/home/nabizadz/Projects/Mahsa/datasets/grid/test/s30/lrah8s.mpg,137,139,4.1743550300598145,0.9936058772020558
75,11,/home/nabizadz/Projects/Mahsa/datasets/grid/test/s30/bwiqzs.mpg,256,258,4.530196666717529,0.9854527792494255
75,12,/home/nabizadz/Projects/Mahsa/datasets/grid/test/s30/srwl9p.mpg,121,123,4.270333766937256,0.9921803674847097
75,13,/home/nabizadz/Projects/Mahsa/datasets/grid/test/s30/lgac8a.mpg,44,46,4.438146591186523,0.9990004976729404
75,14,/home/nabizadz/Projects/Mahsa/datasets/grid/test/s30/sgam4a.mpg,58,60,4.306161403656006,0.9998815411280342
75,15,/home/nabizadz/Projects/Mahsa/datasets/grid/test/s30/lrih6a.mpg,263,265,4.576601982116699,0.9751453534225122
76,0,/home/nabizadz/Projects/Mahsa/datasets/grid/test/s30/lgbdzs.mpg,235,237,4.466660976409912,0.999972691455203
76,1,/home/nabizadz/Projects/Mahsa/datasets/grid/test/s30/pgbu6s.mpg,108,110,3.4689109325408936,0.9758752992861258
76,2,/home/nabizadz/Projects/Mahsa/datasets/grid/test/s30/pwwh7p.mpg,142,144,4.235785007476807,0.9999635619224599
76,3,/home/nabizadz/Projects/Mahsa/datasets/grid/test/s30/brwq7p.mpg,226,228,4.5759758949279785,0.9857013092061193
76,4,/home/nabizadz/Projects/Mahsa/datasets/grid/test/s30/lgbqza.mpg,184,186,4.151282787322998,0.9928823342524102
76,5,/home/nabizadz/Projects/Mahsa/datasets/grid/test/s30/sbarza.mpg,143,145,4.343292713165283,0.9955189876419818
76,6,/home/nabizadz/Projects/Mahsa/datasets/grid/test/s30/bgwfzs.mpg,5,7,4.500046253204346,0.9958018192427172
76,7,/home/nabizadz/Projects/Mahsa/datasets/grid/test/s30/srbz3p.mpg,160,162,4.322760581970215,0.9978453013860612
76,8,/home/nabizadz/Projects/Mahsa/datasets/grid/test/s30/swbf6s.mpg,221,223,4.347219467163086,0.9974205033861393
76,9,/home/nabizadz/Projects/Mahsa/datasets/grid/test/s30/sbwr6s.mpg,145,147,4.324267864227295,0.9996668796346544
76,10,/home/nabizadz/Projects/Mahsa/datasets/grid/test/s30/srwl8s.mpg,45,47,4.429914474487305,0.9986045085966693
76,11,/home/nabizadz/Projects/Mahsa/datasets/grid/test/s30/pgih1p.mpg,110,112,3.887812614440918,0.9915479803455801
76,12,/home/nabizadz/Projects/Mahsa/datasets/grid/test/s30/prba4a.mpg,290,292,4.438934803009033,0.9984835980134249
76,13,/home/nabizadz/Projects/Mahsa/datasets/grid/test/s30/lrah9p.mpg,154,156,4.173112869262695,0.9974977036059354
76,14,/home/nabizadz/Projects/Mahsa/datasets/grid/test/s30/sbikzs.mpg,103,105,4.22715425491333,0.9999736270792365
76,15,/home/nabizadz/Projects/Mahsa/datasets/grid/test/s30/bbbj3p.mpg,119,121,3.6122019290924072,0.9866319750143921
77,0,/home/nabizadz/Projects/Mahsa/datasets/grid/test/s30/sgif4s.mpg,249,251,4.469695568084717,0.9566736593937347
77,1,/home/nabizadz/Projects/Mahsa/datasets/grid/test/s30/lrab6a.mpg,246,248,4.490755558013916,0.960333994689368
77,2,/home/nabizadz/Projects/Mahsa/datasets/grid/test/s30/sgwt5p.mpg,40,42,4.4705634117126465,0.9999995269460625
77,3,/home/nabizadz/Projects/Mahsa/datasets/grid/test/s30/bbwj5n.mpg,29,31,4.22354793548584,0.9991176412543339
77,4,/home/nabizadz/Projects/Mahsa/datasets/grid/test/s30/sgagza.mpg,187,189,4.383035659790039,0.958451428273321
77,5,/home/nabizadz/Projects/Mahsa/datasets/grid/test/s30/pgbh7n.mpg,40,42,4.428866386413574,0.9999999067048901
77,6,/home/nabizadz/Projects/Mahsa/datasets/grid/test/s30/pgwu9n.mpg,137,139,4.098532199859619,0.9967978755468555
77,7,/home/nabizadz/Projects/Mahsa/datasets/grid/test/s30/srbsza.mpg,81,83,3.9986681938171387,0.9998061817229752
77,8,/home/nabizadz/Projects/Mahsa/datasets/grid/test/s30/bwwy5n.mpg,36,38,4.3619208335876465,0.9845898807461686
77,9,/home/nabizadz/Projects/Mahsa/datasets/grid/test/s30/bwwe6a.mpg,234,236,4.388362407684326,0.9049851982114
77,10,/home/nabizadz/Projects/Mahsa/datasets/grid/test/s30/bric5n.mpg,254,256,4.5665669441223145,0.9941141275656241
77,11,/home/nabizadz/Projects/Mahsa/datasets/grid/test/s30/lbwvza.mpg,295,297,4.421210289001465,0.9999999999999998
77,12,/home/nabizadz/Projects/Mahsa/datasets/grid/test/s30/lrwpzs.mpg,263,265,4.538254737854004,0.974474439701268
77,13,/home/nabizadz/Projects/Mahsa/datasets/grid/test/s30/prag4a.mpg,231,233,4.448819637298584,0.9999999936718201
77,14,/home/nabizadz/Projects/Mahsa/datasets/grid/test/s30/pgwb9p.mpg,168,170,4.21983003616333,0.989543266059784
77,15,/home/nabizadz/Projects/Mahsa/datasets/grid/test/s30/bwid2s.mpg,276,278,4.497524738311768,0.9999982968877253
78,0,/home/nabizadz/Projects/Mahsa/datasets/grid/test/s30/lwac2a.mpg,9,11,4.480326175689697,0.9999999999999978
78,1,/home/nabizadz/Projects/Mahsa/datasets/grid/test/s30/lrib1p.mpg,123,125,4.402657985687256,0.9969699548536749
78,2,/home/nabizadz/Projects/Mahsa/datasets/grid/test/s30/sgbm8a.mpg,193,195,4.0892438888549805,0.9965460870814422
78,3,/home/nabizadz/Projects/Mahsa/datasets/grid/test/s30/pwbn6s.mpg,109,111,3.8251595497131348,0.9958250625050595
78,4,/home/nabizadz/Projects/Mahsa/datasets/grid/test/s30/pbbm3n.mpg,109,111,4.412958145141602,0.9999993858072058
78,5,/home/nabizadz/Projects/Mahsa/datasets/grid/test/s30/pgwvzs.mpg,200,202,4.497707366943359,0.9945001746202318
78,6,/home/nabizadz/Projects/Mahsa/datasets/grid/test/s30/lrao3p.mpg,77,79,3.60325288772583,0.9923028260478584
78,7,/home/nabizadz/Projects/Mahsa/datasets/grid/test/s30/bgid7n.mpg,107,109,3.6464831829071045,0.9811469035845565
78,8,/home/nabizadz/Projects/Mahsa/datasets/grid/test/s30/bwax8s.mpg,129,131,4.275763988494873,0.9999828374213692
78,9,/home/nabizadz/Projects/Mahsa/datasets/grid/test/s30/pbis1p.mpg,6,8,4.453640937805176,0.9999986060044994
78,10,/home/nabizadz/Projects/Mahsa/datasets/grid/test/s30/lbbo2a.mpg,257,259,4.414440631866455,0.991651338919834
78,11,/home/nabizadz/Projects/Mahsa/datasets/grid/test/s30/pgit7n.mpg,59,61,3.534513235092163,0.9924950936580161
78,12,/home/nabizadz/Projects/Mahsa/datasets/grid/test/s30/sbid8a.mpg,91,93,3.6457901000976562,0.9905105820536927
78,13,/home/nabizadz/Projects/Mahsa/datasets/grid/test/s30/bgwl5p.mpg,246,248,4.442261695861816,0.9739194038355892
78,14,/home/nabizadz/Projects/Mahsa/datasets/grid/test/s30/briv8s.mpg,38,40,4.412110805511475,0.9999931058019956
78,15,/home/nabizadz/Projects/Mahsa/datasets/grid/test/s30/lbin2s.mpg,106,108,4.211195468902588,0.9968787628378197
79,0,/home/nabizadz/Projects/Mahsa/datasets/grid/test/s30/prwt8s.mpg,271,273,4.551990985870361,0.9997665227830232
79,1,/home/nabizadz/Projects/Mahsa/datasets/grid/test/s30/lwaczs.mpg,43,45,4.394589900970459,0.9799333252408844
79,2,/home/nabizadz/Projects/Mahsa/datasets/grid/test/s30/sralzs.mpg,216,218,4.437113285064697,0.9951340010859113
79,3,/home/nabizadz/Projects/Mahsa/datasets/grid/test/s30/pbiz6a.mpg,166,168,4.343545913696289,0.9975611568972168
79,4,/home/nabizadz/Projects/Mahsa/datasets/grid/test/s30/bwid4a.mpg,243,245,4.397191047668457,0.9183279951599018
79,5,/home/nabizadz/Projects/Mahsa/datasets/grid/test/s30/lrbu9n.mpg,276,278,4.353442668914795,0.9634803987512084
79,6,/home/nabizadz/Projects/Mahsa/datasets/grid/test/s30/pwahza.mpg,176,178,4.367790699005127,0.9999999999999999
79,7,/home/nabizadz/Projects/Mahsa/datasets/grid/test/s30/srak9n.mpg,63,65,3.725324869155884,0.9933062088434698
79,8,/home/nabizadz/Projects/Mahsa/datasets/grid/test/s30/bbac3n.mpg,149,151,4.545051574707031,0.9996626929625837
79,9,/home/nabizadz/Projects/Mahsa/datasets/grid/test/s30/pbif1n.mpg,108,110,4.3041815757751465,0.9980030011181129
79,10,/home/nabizadz/Projects/Mahsa/datasets/grid/test/s30/brwd7n.mpg,137,139,4.180279731750488,0.9944721933599124
79,11,/home/nabizadz/Projects/Mahsa/datasets/grid/test/s30/lgai9n.mpg,271,273,4.216214179992676,0.9197740410617189
79,12,/home/nabizadz/Projects/Mahsa/datasets/grid/test/s30/lbabza.mpg,207,209,4.436499118804932,0.9981900889926094
79,13,/home/nabizadz/Projects/Mahsa/datasets/grid/test/s30/swal7p.mpg,288,290,4.2375168800354,0.9753791587358905
79,14,/home/nabizadz/Projects/Mahsa/datasets/grid/test/s30/sbwy9n.mpg,31,33,4.4100518226623535,0.9976267158351675
79,15,/home/nabizadz/Projects/Mahsa/datasets/grid/test/s30/bwbk3n.mpg,56,58,3.8865537643432617,0.9996439417413117
80,0,/home/nabizadz/Projects/Mahsa/datasets/grid/test/s30/swbm2a.mpg,195,197,4.1017351150512695,0.993984490392883
80,1,/home/nabizadz/Projects/Mahsa/datasets/grid/test/s30/sbiq5p.mpg,147,149,4.302870273590088,0.9994896371899188
80,2,/home/nabizadz/Projects/Mahsa/datasets/grid/test/s30/swir5n.mpg,85,87,3.6155896186828613,0.9960068620558634
80,3,/home/nabizadz/Projects/Mahsa/datasets/grid/test/s30/sgbg1n.mpg,284,286,4.435671806335449,0.9861254926766434
80,4,/home/nabizadz/Projects/Mahsa/datasets/grid/test/s30/bgbk9n.mpg,107,109,3.8616385459899902,0.9938999650875224
80,5,/home/nabizadz/Projects/Mahsa/datasets/grid/test/s30/praaza.mpg,89,91,4.19218111038208,0.9996543855882455
80,6,/home/nabizadz/Projects/Mahsa/datasets/grid/test/s30/brwq8a.mpg,167,169,3.9293453693389893,0.9853017549275751
80,7,/home/nabizadz/Projects/Mahsa/datasets/grid/test/s30/lgwx7p.mpg,72,74,3.988534927368164,0.9961698696426486
80,8,/home/nabizadz/Projects/Mahsa/datasets/grid/test/s30/pwwozs.mpg,276,278,4.440664291381836,0.9728542085298318
80,9,/home/nabizadz/Projects/Mahsa/datasets/grid/test/s30/swbz8s.mpg,28,30,4.467717170715332,0.9966196993850309
80,10,/home/nabizadz/Projects/Mahsa/datasets/grid/test/s30/bgbl2a.mpg,130,132,4.402685165405273,0.9988825414599523
80,11,/home/nabizadz/Projects/Mahsa/datasets/grid/test/s30/pbiz4s.mpg,80,82,4.271122932434082,0.9989199527258351
80,12,/home/nabizadz/Projects/Mahsa/datasets/grid/test/s30/pbbf9n.mpg,236,238,4.42315149307251,0.9970599308119767
80,13,/home/nabizadz/Projects/Mahsa/datasets/grid/test/s30/lgwx6s.mpg,176,178,4.351700782775879,0.9994456692728858
80,14,/home/nabizadz/Projects/Mahsa/datasets/grid/test/s30/lgii5n.mpg,108,110,4.4083380699157715,0.9987516598582493
80,15,/home/nabizadz/Projects/Mahsa/datasets/grid/test/s30/bgwr9p.mpg,238,240,4.349738121032715,0.9952175251071552
81,0,/home/nabizadz/Projects/Mahsa/datasets/grid/test/s30/pbir9n.mpg,204,206,4.287135124206543,0.9968400307508043
81,1,/home/nabizadz/Projects/Mahsa/datasets/grid/test/s30/lwio3n.mpg,192,194,4.3153815269470215,0.8995199868587721
81,2,/home/nabizadz/Projects/Mahsa/datasets/grid/test/s30/pgwo5n.mpg,270,272,4.4731879234313965,0.9806661509400645
81,3,/home/nabizadz/Projects/Mahsa/datasets/grid/test/s30/pgbb4s.mpg,215,217,4.377272129058838,0.9999385654057064
81,4,/home/nabizadz/Projects/Mahsa/datasets/grid/test/s30/prif9p.mpg,200,202,4.268377780914307,0.9953496478298786
81,5,/home/nabizadz/Projects/Mahsa/datasets/grid/test/s30/pwia1p.mpg,283,285,4.339545726776123,0.979153189599016
81,6,/home/nabizadz/Projects/Mahsa/datasets/grid/test/s30/pwba8s.mpg,230,232,4.37752103805542,0.9999914618874265
81,7,/home/nabizadz/Projects/Mahsa/datasets/grid/test/s30/prbt3n.mpg,130,132,4.4183855056762695,0.9999914138290974
81,8,/home/nabizadz/Projects/Mahsa/datasets/grid/test/s30/srwl7n.mpg,214,216,4.301112174987793,0.9664056224411206
81,9,/home/nabizadz/Projects/Mahsa/datasets/grid/test/s30/lwai6a.mpg,250,252,4.227631092071533,0.8782963663536407
81,10,/home/nabizadz/Projects/Mahsa/datasets/grid/test/s30/lwbc6a.mpg,23,25,4.5383806228637695,0.9984010680597426
81,11,/home/nabizadz/Projects/Mahsa/datasets/grid/test/s30/bwbq7n.mpg,168,170,3.8912720680236816,0.9951745196893931
81,12,/home/nabizadz/Projects/Mahsa/datasets/grid/test/s30/lbah4a.mpg,116,118,4.298366546630859,0.9981998010113774
81,13,/home/nabizadz/Projects/Mahsa/datasets/grid/test/s30/lbbh7p.mpg,141,143,4.332930564880371,0.9993366615328985
81,14,/home/nabizadz/Projects/Mahsa/datasets/grid/test/s30/lbit8a.mpg,109,111,3.784038543701172,0.9844625871590257
81,15,/home/nabizadz/Projects/Mahsa/datasets/grid/test/s30/bbio8s.mpg,16,18,4.479575157165527,0.9999997179022047
82,0,/home/nabizadz/Projects/Mahsa/datasets/grid/test/s30/bwby2s.mpg,118,120,4.454166889190674,0.9999990027403454
82,1,/home/nabizadz/Projects/Mahsa/datasets/grid/test/s30/lgwx8a.mpg,88,90,3.517639398574829,0.9835021652047928
82,2,/home/nabizadz/Projects/Mahsa/datasets/grid/test/s30/bwakzs.mpg,270,272,4.336885929107666,0.948472625519316
82,3,/home/nabizadz/Projects/Mahsa/datasets/grid/test/s30/sbbe5p.mpg,161,163,4.234163761138916,0.9989911080116586
82,4,/home/nabizadz/Projects/Mahsa/datasets/grid/test/s30/sbak6a.mpg,256,258,4.254597187042236,0.9999999999999997
82,5,/home/nabizadz/Projects/Mahsa/datasets/grid/test/s30/lrao4a.mpg,280,282,4.397953033447266,0.9712795594026497
82,6,/home/nabizadz/Projects/Mahsa/datasets/grid/test/s30/sbaezs.mpg,68,70,4.108043193817139,0.9999574843275937
82,7,/home/nabizadz/Projects/Mahsa/datasets/grid/test/s30/bbap2s.mpg,145,147,4.137564182281494,0.9996438953582795
82,8,/home/nabizadz/Projects/Mahsa/datasets/grid/test/s30/bwiq1p.mpg,240,242,4.302045822143555,0.958381789929952
82,9,/home/nabizadz/Projects/Mahsa/datasets/grid/test/s30/swil3p.mpg,162,164,3.9179704189300537,0.9894142443334866
82,10,/home/nabizadz/Projects/Mahsa/datasets/grid/test/s30/lwao7n.mpg,68,70,4.240120887756348,0.9987871709554303
82,11,/home/nabizadz/Projects/Mahsa/datasets/grid/test/s30/pratzs.mpg,245,247,4.21072244644165,0.8597894794759894
82,12,/home/nabizadz/Projects/Mahsa/datasets/grid/test/s30/bwbezs.mpg,230,232,4.47691535949707,0.9935103945655875
82,13,/home/nabizadz/Projects/Mahsa/datasets/grid/test/s30/prim3p.mpg,19,21,4.260286331176758,0.9933549681037894
82,14,/home/nabizadz/Projects/Mahsa/datasets/grid/test/s30/sgis2s.mpg,174,176,4.408510684967041,0.9944286767130193
82,15,/home/nabizadz/Projects/Mahsa/datasets/grid/test/s30/swizzs.mpg,225,227,4.429391860961914,0.9579414375900711
83,0,/home/nabizadz/Projects/Mahsa/datasets/grid/test/s30/pbam2a.mpg,117,119,4.297253608703613,0.9994421597106964
83,1,/home/nabizadz/Projects/Mahsa/datasets/grid/test/s30/sgwg7p.mpg,260,262,4.474013328552246,0.9999826490182834
83,2,/home/nabizadz/Projects/Mahsa/datasets/grid/test/s30/lgbd2a.mpg,60,62,3.5473499298095703,0.9909092978046089
83,3,/home/nabizadz/Projects/Mahsa/datasets/grid/test/s30/pgbo2s.mpg,157,159,4.406368732452393,0.9988290944442145
83,4,/home/nabizadz/Projects/Mahsa/datasets/grid/test/s30/lbbb2s.mpg,221,223,4.273160457611084,0.8366697444278602
83,5,/home/nabizadz/Projects/Mahsa/datasets/grid/test/s30/pgaa9n.mpg,166,168,4.045688629150391,0.9938653899833966
83,6,/home/nabizadz/Projects/Mahsa/datasets/grid/test/s30/pbil5n.mpg,192,194,4.080775737762451,0.994303517256546
83,7,/home/nabizadz/Projects/Mahsa/datasets/grid/test/s30/lbin4a.mpg,25,27,4.1529059410095215,0.9997478906705347
83,8,/home/nabizadz/Projects/Mahsa/datasets/grid/test/s30/lbwb8a.mpg,255,257,4.581329345703125,0.9999999999999986
83,9,/home/nabizadz/Projects/Mahsa/datasets/grid/test/s30/sbbr2s.mpg,139,141,3.6674230098724365,0.9942841525207273
83,10,/home/nabizadz/Projects/Mahsa/datasets/grid/test/s30/lbwb6s.mpg,168,170,4.285092830657959,0.9982984340479493
83,11,/home/nabizadz/Projects/Mahsa/datasets/grid/test/s30/srbf1p.mpg,11,13,4.457866191864014,0.9987723263817845
83,12,/home/nabizadz/Projects/Mahsa/datasets/grid/test/s30/braj4s.mpg,242,244,4.225746154785156,0.9948959645934679
83,13,/home/nabizadz/Projects/Mahsa/datasets/grid/test/s30/prbt4s.mpg,221,223,4.330798149108887,0.9921266570374603
83,14,/home/nabizadz/Projects/Mahsa/datasets/grid/test/s30/bwwy8a.mpg,145,147,4.020261287689209,0.9957523190512019
83,15,/home/nabizadz/Projects/Mahsa/datasets/grid/test/s30/lwav3p.mpg,245,247,4.358422756195068,0.9314250821329512
84,0,/home/nabizadz/Projects/Mahsa/datasets/grid/test/s30/lban6s.mpg,136,138,4.303232669830322,0.9996035406026026
84,1,/home/nabizadz/Projects/Mahsa/datasets/grid/test/s30/pbwm7n.mpg,286,288,4.401927471160889,0.9739915972574276
84,2,/home/nabizadz/Projects/Mahsa/datasets/grid/test/s30/swar9n.mpg,163,165,4.164433479309082,0.9876985884145288
84,3,/home/nabizadz/Projects/Mahsa/datasets/grid/test/s30/lrin7n.mpg,25,27,4.49699068069458,0.9999984303454929
84,4,/home/nabizadz/Projects/Mahsa/datasets/grid/test/s30/sgwn1p.mpg,210,212,4.439812183380127,0.9590187325042916
84,5,/home/nabizadz/Projects/Mahsa/datasets/grid/test/s30/prwa5n.mpg,200,202,4.3815460205078125,0.996145318042658
84,6,/home/nabizadz/Projects/Mahsa/datasets/grid/test/s30/lgwq1n.mpg,266,268,4.424994468688965,0.952839571886376
84,7,/home/nabizadz/Projects/Mahsa/datasets/grid/test/s30/pwig5p.mpg,61,63,3.642676591873169,0.9914767403728405
84,8,/home/nabizadz/Projects/Mahsa/datasets/grid/test/s30/pgab1p.mpg,130,132,4.3110809326171875,0.9992374640455756
84,9,/home/nabizadz/Projects/Mahsa/datasets/grid/test/s30/lrbo6s.mpg,136,138,4.030872821807861,0.9967046644538031
84,10,/home/nabizadz/Projects/Mahsa/datasets/grid/test/s30/pwbn7p.mpg,60,62,3.6343185901641846,0.9943612890959916
84,11,/home/nabizadz/Projects/Mahsa/datasets/grid/test/s30/pwig6a.mpg,280,282,4.523454189300537,0.9999791726321262
84,12,/home/nabizadz/Projects/Mahsa/datasets/grid/test/s30/lwbc5p.mpg,65,67,3.961987018585205,0.9979740191920601
84,13,/home/nabizadz/Projects/Mahsa/datasets/grid/test/s30/swbmzs.mpg,208,210,4.2612481117248535,0.9971938799798368
84,14,/home/nabizadz/Projects/Mahsa/datasets/grid/test/s30/lgiv4s.mpg,273,275,4.414375305175781,0.9467984389094678
84,15,/home/nabizadz/Projects/Mahsa/datasets/grid/test/s30/lgwd6a.mpg,55,57,3.846041679382324,0.995562200835095
85,0,/home/nabizadz/Projects/Mahsa/datasets/grid/test/s30/bwbd9n.mpg,204,206,4.172536849975586,0.9927557309534729
85,1,/home/nabizadz/Projects/Mahsa/datasets/grid/test/s30/sbbk8s.mpg,173,175,4.13772439956665,0.9952713447214382
85,2,/home/nabizadz/Projects/Mahsa/datasets/grid/test/s30/sbblza.mpg,294,296,4.434069633483887,1.0
85,3,/home/nabizadz/Projects/Mahsa/datasets/grid/test/s30/lrwi7p.mpg,182,184,4.233212471008301,0.9918398924941957
85,4,/home/nabizadz/Projects/Mahsa/datasets/grid/test/s30/sriq9n.mpg,179,181,4.298880100250244,0.9960483821883421
85,5,/home/nabizadz/Projects/Mahsa/datasets/grid/test/s30/bbav6s.mpg,50,52,4.402444839477539,0.9994329508983695
85,6,/home/nabizadz/Projects/Mahsa/datasets/grid/test/s30/bwwy7p.mpg,130,132,4.062869548797607,0.9917085536658643
85,7,/home/nabizadz/Projects/Mahsa/datasets/grid/test/s30/lbia3n.mpg,66,68,4.253971576690674,0.9995477226686232
85,8,/home/nabizadz/Projects/Mahsa/datasets/grid/test/s30/sbwz2a.mpg,172,174,4.393848419189453,0.9999918686043638
85,9,/home/nabizadz/Projects/Mahsa/datasets/grid/test/s30/brijzs.mpg,64,66,3.5469539165496826,0.9896656346684714
85,10,/home/nabizadz/Projects/Mahsa/datasets/grid/test/s30/sgbt2a.mpg,156,158,4.136063098907471,0.9961379019074879
85,11,/home/nabizadz/Projects/Mahsa/datasets/grid/test/s30/bbwx5p.mpg,83,85,4.097855091094971,0.999801089839039
85,12,/home/nabizadz/Projects/Mahsa/datasets/grid/test/s30/sgwa4a.mpg,7,9,4.44293212890625,0.9853295358202525
85,13,/home/nabizadz/Projects/Mahsa/datasets/grid/test/s30/prwa8a.mpg,281,283,4.369854927062988,0.9639761397536362
85,14,/home/nabizadz/Projects/Mahsa/datasets/grid/test/s30/lwao9p.mpg,6,8,4.483951091766357,0.9991479952406446
85,15,/home/nabizadz/Projects/Mahsa/datasets/grid/test/s30/bgiy2a.mpg,93,95,4.067282199859619,0.9993551637498267
86,0,/home/nabizadz/Projects/Mahsa/datasets/grid/test/s30/swwtza.mpg,279,281,4.444262504577637,0.9996313940033545
86,1,/home/nabizadz/Projects/Mahsa/datasets/grid/test/s30/pras9n.mpg,15,17,4.59718656539917,0.9999998279161317
86,2,/home/nabizadz/Projects/Mahsa/datasets/grid/test/s30/sgiz8a.mpg,115,117,4.084656715393066,0.9953854810849839
86,3,/home/nabizadz/Projects/Mahsa/datasets/grid/test/s30/lgwd3n.mpg,45,47,4.104201316833496,0.974095493523767
86,4,/home/nabizadz/Projects/Mahsa/datasets/grid/test/s30/bgar2a.mpg,28,30,4.3727126121521,0.991314399008371
86,5,/home/nabizadz/Projects/Mahsa/datasets/grid/test/s30/srik6s.mpg,16,18,4.4250640869140625,0.9763781507369489
86,6,/home/nabizadz/Projects/Mahsa/datasets/grid/test/s30/bwix5p.mpg,238,240,4.318632125854492,0.9929321092728728
86,7,/home/nabizadz/Projects/Mahsa/datasets/grid/test/s30/pwba7n.mpg,275,277,4.539224624633789,0.9991082568878734
86,8,/home/nabizadz/Projects/Mahsa/datasets/grid/test/s30/pgah3n.mpg,88,90,3.635134220123291,0.9725186793388892
86,9,/home/nabizadz/Projects/Mahsa/datasets/grid/test/s30/lrau6s.mpg,73,75,3.927401065826416,0.9972739288300253
86,10,/home/nabizadz/Projects/Mahsa/datasets/grid/test/s30/bgay6a.mpg,71,73,3.599128007888794,0.9798367446467576
86,11,/home/nabizadz/Projects/Mahsa/datasets/grid/test/s30/lgbc9n.mpg,195,197,4.316373825073242,0.9980195398985335
86,12,/home/nabizadz/Projects/Mahsa/datasets/grid/test/s30/sbby5n.mpg,102,104,4.478932857513428,0.9999998402703745
86,13,/home/nabizadz/Projects/Mahsa/datasets/grid/test/s30/lwwc9p.mpg,168,170,4.351983547210693,0.999919539837301
86,14,/home/nabizadz/Projects/Mahsa/datasets/grid/test/s30/srbe9n.mpg,279,281,4.447263717651367,0.9999999278347118
86,15,/home/nabizadz/Projects/Mahsa/datasets/grid/test/s30/lgap5p.mpg,158,160,4.466965675354004,0.9999872000872859
87,0,/home/nabizadz/Projects/Mahsa/datasets/grid/test/s30/sbbe3n.mpg,14,16,4.534731864929199,0.9999999771599345
87,1,/home/nabizadz/Projects/Mahsa/datasets/grid/test/s30/brwy2a.mpg,174,176,4.370476245880127,0.9990672086613676
87,2,/home/nabizadz/Projects/Mahsa/datasets/grid/test/s30/pgbo1n.mpg,194,196,4.190985679626465,0.9976551909556614
87,3,/home/nabizadz/Projects/Mahsa/datasets/grid/test/s30/bbai8s.mpg,251,253,4.384456157684326,0.9985182232911718
87,4,/home/nabizadz/Projects/Mahsa/datasets/grid/test/s30/brwq5n.mpg,146,148,4.371284484863281,0.999692783526434
87,5,/home/nabizadz/Projects/Mahsa/datasets/grid/test/s30/prwg9n.mpg,213,215,4.358143329620361,0.9715227924083559
87,6,/home/nabizadz/Projects/Mahsa/datasets/grid/test/s30/prba3p.mpg,261,263,4.500229835510254,0.9999999999999996
87,7,/home/nabizadz/Projects/Mahsa/datasets/grid/test/s30/bgby7n.mpg,163,165,3.820460557937622,0.9945996782566469
87,8,/home/nabizadz/Projects/Mahsa/datasets/grid/test/s30/pgwcza.mpg,298,300,4.630335330963135,0.9999999999999984
87,9,/home/nabizadz/Projects/Mahsa/datasets/grid/test/s30/bwak2a.mpg,216,218,4.3090338706970215,0.9291325116479912
87,10,/home/nabizadz/Projects/Mahsa/datasets/grid/test/s30/lgbj4s.mpg,245,247,4.353546619415283,0.9188728893015284
87,11,/home/nabizadz/Projects/Mahsa/datasets/grid/test/s30/sgis4a.mpg,39,41,4.53689432144165,0.9999259146780257
87,12,/home/nabizadz/Projects/Mahsa/datasets/grid/test/s30/lgap3n.mpg,285,287,4.361644744873047,0.9864105662764838
87,13,/home/nabizadz/Projects/Mahsa/datasets/grid/test/s30/sgwt6a.mpg,142,144,3.8869857788085938,0.9940075496568662
87,14,/home/nabizadz/Projects/Mahsa/datasets/grid/test/s30/lgaxza.mpg,58,60,4.3722615242004395,0.9951855239740706
87,15,/home/nabizadz/Projects/Mahsa/datasets/grid/test/s30/lwac1p.mpg,13,15,4.3105974197387695,0.9768055350708019
88,0,/home/nabizadz/Projects/Mahsa/datasets/grid/test/s30/pbwt4a.mpg,236,238,4.382014274597168,0.9507051634881485
88,1,/home/nabizadz/Projects/Mahsa/datasets/grid/test/s30/lbwi1p.mpg,95,97,4.182956695556641,0.9939029570179486
88,2,/home/nabizadz/Projects/Mahsa/datasets/grid/test/s30/pgwi1n.mpg,265,267,4.365845203399658,0.9538220885579574
88,3,/home/nabizadz/Projects/Mahsa/datasets/grid/test/s30/brbq2s.mpg,120,122,4.13320255279541,0.9966057951310519
88,4,/home/nabizadz/Projects/Mahsa/datasets/grid/test/s30/lbah1n.mpg,114,116,4.398225784301758,0.9991470466626821
88,5,/home/nabizadz/Projects/Mahsa/datasets/grid/test/s30/sgis3p.mpg,15,17,4.441163539886475,0.9999999913056842
88,6,/home/nabizadz/Projects/Mahsa/datasets/grid/test/s30/sgas6s.mpg,163,165,4.173095226287842,0.996362897516857
88,7,/home/nabizadz/Projects/Mahsa/datasets/grid/test/s30/bwwe3n.mpg,45,47,4.363797664642334,0.9986511105045767
88,8,/home/nabizadz/Projects/Mahsa/datasets/grid/test/s30/pbas6a.mpg,212,214,4.566120624542236,0.9999999999999993
88,9,/home/nabizadz/Projects/Mahsa/datasets/grid/test/s30/lbwu9p.mpg,112,114,4.190232753753662,0.9960235827183135
88,10,/home/nabizadz/Projects/Mahsa/datasets/grid/test/s30/brap8s.mpg,273,275,4.391745567321777,0.9730966889865316
88,11,/home/nabizadz/Projects/Mahsa/datasets/grid/test/s30/pbbtza.mpg,42,44,4.36873722076416,0.9964695746743963
88,12,/home/nabizadz/Projects/Mahsa/datasets/grid/test/s30/bwwe5p.mpg,58,60,4.0325236320495605,0.9948107518544326
88,13,/home/nabizadz/Projects/Mahsa/datasets/grid/test/s30/bbac6a.mpg,253,255,4.413125991821289,0.9876079804745717
88,14,/home/nabizadz/Projects/Mahsa/datasets/grid/test/s30/pwit1n.mpg,207,209,4.41566801071167,0.9968508698645603
88,15,/home/nabizadz/Projects/Mahsa/datasets/grid/test/s30/lria9n.mpg,292,294,4.473516941070557,0.9998937398200376
89,0,/home/nabizadz/Projects/Mahsa/datasets/grid/test/s30/sbwe7n.mpg,235,237,4.555161476135254,0.9905881616046271
89,1,/home/nabizadz/Projects/Mahsa/datasets/grid/test/s30/sgwt4s.mpg,211,213,4.515805244445801,0.999071643227842
89,2,/home/nabizadz/Projects/Mahsa/datasets/grid/test/s30/pbil6s.mpg,149,151,4.212689399719238,0.9971558593213801
89,3,/home/nabizadz/Projects/Mahsa/datasets/grid/test/s30/lrbi2s.mpg,49,51,4.256639003753662,0.9998407210392679
89,4,/home/nabizadz/Projects/Mahsa/datasets/grid/test/s30/bgbzza.mpg,89,91,3.6207077503204346,0.9891213467621667
89,5,/home/nabizadz/Projects/Mahsa/datasets/grid/test/s30/bgwl6a.mpg,104,106,3.7908759117126465,0.9962319706148507
89,6,/home/nabizadz/Projects/Mahsa/datasets/grid/test/s30/pgig9n.mpg,275,277,4.368105411529541,0.9744173721731876
89,7,/home/nabizadz/Projects/Mahsa/datasets/grid/test/s30/sbaq7n.mpg,105,107,3.6705288887023926,0.9919450238229327
89,8,/home/nabizadz/Projects/Mahsa/datasets/grid/test/s30/lban5n.mpg,33,35,4.353658676147461,0.9944451094070664
89,9,/home/nabizadz/Projects/Mahsa/datasets/grid/test/s30/pwig3n.mpg,266,268,4.428287982940674,0.9881807332615693
89,10,/home/nabizadz/Projects/Mahsa/datasets/grid/test/s30/pwinza.mpg,47,49,4.253228664398193,0.9998971391667243
89,11,/home/nabizadz/Projects/Mahsa/datasets/grid/test/s30/pwan3p.mpg,232,234,4.374176979064941,0.9751809586955128
89,12,/home/nabizadz/Projects/Mahsa/datasets/grid/test/s30/brwk1n.mpg,35,37,4.5190205574035645,0.9926101689237233
89,13,/home/nabizadz/Projects/Mahsa/datasets/grid/test/s30/sgiz6s.mpg,168,170,4.305731296539307,0.9999921603698695
89,14,/home/nabizadz/Projects/Mahsa/datasets/grid/test/s30/pwim9p.mpg,159,161,4.12502908706665,0.9911080309423889
89,15,/home/nabizadz/Projects/Mahsa/datasets/grid/test/s30/sbwl4a.mpg,78,80,4.385653495788574,0.9993627192772312
90,0,/home/nabizadz/Projects/Mahsa/datasets/grid/test/s30/lribzs.mpg,201,203,4.523096561431885,0.9980876940812734
90,1,/home/nabizadz/Projects/Mahsa/datasets/grid/test/s30/lraiza.mpg,52,54,4.442232131958008,0.9996656851266598
90,2,/home/nabizadz/Projects/Mahsa/datasets/grid/test/s30/lwwp5n.mpg,59,61,4.284388065338135,0.9999785782637192
90,3,/home/nabizadz/Projects/Mahsa/datasets/grid/test/s30/lgaj1p.mpg,264,266,4.408913612365723,0.9970209658863927
90,4,/home/nabizadz/Projects/Mahsa/datasets/grid/test/s30/bgae2s.mpg,228,230,4.3087286949157715,0.9644880556443959
90,5,/home/nabizadz/Projects/Mahsa/datasets/grid/test/s30/bwwy6s.mpg,249,251,4.569223403930664,0.9857602480099559
90,6,/home/nabizadz/Projects/Mahsa/datasets/grid/test/s30/briv9p.mpg,38,40,4.37327241897583,0.999458521700093
90,7,/home/nabizadz/Projects/Mahsa/datasets/grid/test/s30/srwz8a.mpg,135,137,4.124592304229736,0.9944042137084939
90,8,/home/nabizadz/Projects/Mahsa/datasets/grid/test/s30/bbiv3p.mpg,263,265,4.382081508636475,0.9999999999999992
90,9,/home/nabizadz/Projects/Mahsa/datasets/grid/test/s30/sgwn2a.mpg,32,34,4.5619001388549805,0.9999999063713978
90,10,/home/nabizadz/Projects/Mahsa/datasets/grid/test/s30/prim2s.mpg,73,75,4.3625078201293945,0.999404231901505
90,11,/home/nabizadz/Projects/Mahsa/datasets/grid/test/s30/srbr9p.mpg,296,298,4.285912036895752,0.9954745613956333
90,12,/home/nabizadz/Projects/Mahsa/datasets/grid/test/s30/bbii6a.mpg,189,191,4.299928188323975,0.9896802512565803
90,13,/home/nabizadz/Projects/Mahsa/datasets/grid/test/s30/lwwp8a.mpg,60,62,4.341379642486572,0.9977659513049975
90,14,/home/nabizadz/Projects/Mahsa/datasets/grid/test/s30/pbaz8s.mpg,7,9,4.48316764831543,0.9999995540771722
90,15,/home/nabizadz/Projects/Mahsa/datasets/grid/test/s30/pwat8a.mpg,83,85,3.926143169403076,0.996221539965208
91,0,/home/nabizadz/Projects/Mahsa/datasets/grid/test/s30/bbajza.mpg,19,21,4.488269805908203,0.9999891198190232
91,1,/home/nabizadz/Projects/Mahsa/datasets/grid/test/s30/bbii3n.mpg,26,28,4.5967183113098145,0.999999999999996
91,2,/home/nabizadz/Projects/Mahsa/datasets/grid/test/s30/pbaf5n.mpg,157,159,4.4108052253723145,0.9998745455110571
91,3,/home/nabizadz/Projects/Mahsa/datasets/grid/test/s30/braqza.mpg,48,50,4.415002346038818,0.9999926794467231
91,4,/home/nabizadz/Projects/Mahsa/datasets/grid/test/s30/lbaa9p.mpg,10,12,4.493346691131592,0.9999998993893764
91,5,/home/nabizadz/Projects/Mahsa/datasets/grid/test/s30/sgbm5n.mpg,221,223,4.469020843505859,0.9983223835530242
91,6,/home/nabizadz/Projects/Mahsa/datasets/grid/test/s30/pwag8s.mpg,78,80,4.223575592041016,0.9987470118815913
91,7,/home/nabizadz/Projects/Mahsa/datasets/grid/test/s30/sray7n.mpg,279,281,4.452890872955322,0.9699509817843301
91,8,/home/nabizadz/Projects/Mahsa/datasets/grid/test/s30/lbaa8s.mpg,255,257,4.398590087890625,0.9923490742479779
91,9,/home/nabizadz/Projects/Mahsa/datasets/grid/test/s30/lwih9n.mpg,231,233,4.243213176727295,0.8768520428070461
91,10,/home/nabizadz/Projects/Mahsa/datasets/grid/test/s30/pwbn5n.mpg,292,294,4.413201332092285,0.9986166394682842
91,11,/home/nabizadz/Projects/Mahsa/datasets/grid/test/s30/lrau8a.mpg,155,157,4.336596965789795,0.9996418068660693
91,12,/home/nabizadz/Projects/Mahsa/datasets/grid/test/s30/bbbxzs.mpg,290,292,4.390985488891602,0.9999647572917599
91,13,/home/nabizadz/Projects/Mahsa/datasets/grid/test/s30/pbil7p.mpg,262,264,4.401858806610107,0.9926193267989546
91,14,/home/nabizadz/Projects/Mahsa/datasets/grid/test/s30/bbio9p.mpg,264,266,4.249290466308594,0.8895317190407104
91,15,/home/nabizadz/Projects/Mahsa/datasets/grid/test/s30/lbbu5p.mpg,75,77,4.097706317901611,0.9951471225035687
92,0,/home/nabizadz/Projects/Mahsa/datasets/grid/test/s30/bwayza.mpg,91,93,4.118865489959717,0.9992226481540143
92,1,/home/nabizadz/Projects/Mahsa/datasets/grid/test/s30/lriu1n.mpg,141,143,3.942190170288086,0.9886091693645938
92,2,/home/nabizadz/Projects/Mahsa/datasets/grid/test/s30/bbwq2a.mpg,84,86,4.355957508087158,0.999513975106463
92,3,/home/nabizadz/Projects/Mahsa/datasets/grid/test/s30/srbz1n.mpg,80,82,4.007894039154053,0.9990300569329058
92,4,/home/nabizadz/Projects/Mahsa/datasets/grid/test/s30/lgwq3p.mpg,95,97,4.102870941162109,0.9923519265207208
92,5,/home/nabizadz/Projects/Mahsa/datasets/grid/test/s30/lrbb7n.mpg,286,288,4.4461164474487305,0.9999999999999982
92,6,/home/nabizadz/Projects/Mahsa/datasets/grid/test/s30/lrwi8a.mpg,235,237,4.383511543273926,0.8988609846978226
92,7,/home/nabizadz/Projects/Mahsa/datasets/grid/test/s30/srar6a.mpg,226,228,4.559459209442139,0.9998813740733984
92,8,/home/nabizadz/Projects/Mahsa/datasets/grid/test/s30/bbwqzs.mpg,168,170,4.038732528686523,0.9951283601411357
92,9,/home/nabizadz/Projects/Mahsa/datasets/grid/test/s30/pbwg4s.mpg,293,295,4.416479110717773,0.9999999999999998
92,10,/home/nabizadz/Projects/Mahsa/datasets/grid/test/s30/lrih4s.mpg,92,94,4.318483829498291,0.9996249246207912
92,11,/home/nabizadz/Projects/Mahsa/datasets/grid/test/s30/brbj7n.mpg,181,183,4.096307754516602,0.9967876338412862
92,12,/home/nabizadz/Projects/Mahsa/datasets/grid/test/s30/pwaa3n.mpg,53,55,4.320918560028076,0.9993321131440789
92,13,/home/nabizadz/Projects/Mahsa/datasets/grid/test/s30/lgac5n.mpg,146,148,4.365360736846924,0.9996175292675763
92,14,/home/nabizadz/Projects/Mahsa/datasets/grid/test/s30/bgwz3p.mpg,97,99,4.346695899963379,0.9996258556217293
92,15,/home/nabizadz/Projects/Mahsa/datasets/grid/test/s30/sbay1n.mpg,247,249,4.384876251220703,0.9802729610551235
93,0,/home/nabizadz/Projects/Mahsa/datasets/grid/test/s30/pwag9p.mpg,160,162,4.54097318649292,0.9951176122307805
93,1,/home/nabizadz/Projects/Mahsa/datasets/grid/test/s30/lgav9p.mpg,184,186,4.13427209854126,0.9882389332166185
93,2,/home/nabizadz/Projects/Mahsa/datasets/grid/test/s30/bwbk5p.mpg,263,265,4.377370357513428,0.9639647697311826
93,3,/home/nabizadz/Projects/Mahsa/datasets/grid/test/s30/srar3n.mpg,95,97,4.285793304443359,0.9992953680573399
93,4,/home/nabizadz/Projects/Mahsa/datasets/grid/test/s30/bbbc8s.mpg,230,232,4.404687881469727,0.9999811441471254
93,5,/home/nabizadz/Projects/Mahsa/datasets/grid/test/s30/sgas5n.mpg,156,158,3.9306633472442627,0.9925494256051293
93,6,/home/nabizadz/Projects/Mahsa/datasets/grid/test/s30/prag3p.mpg,195,197,4.2608113288879395,0.9942090848345074
93,7,/home/nabizadz/Projects/Mahsa/datasets/grid/test/s30/lwbi8s.mpg,181,183,4.324460029602051,0.9998092689588777
93,8,/home/nabizadz/Projects/Mahsa/datasets/grid/test/s30/sbwl1n.mpg,249,251,4.4479899406433105,0.9999096301116085
93,9,/home/nabizadz/Projects/Mahsa/datasets/grid/test/s30/lwwj1n.mpg,166,168,3.662328004837036,0.9847632482334494
93,10,/home/nabizadz/Projects/Mahsa/datasets/grid/test/s30/srir1p.mpg,183,185,4.494985103607178,0.993029662111624
93,11,/home/nabizadz/Projects/Mahsa/datasets/grid/test/s30/pgwi3p.mpg,227,229,4.471517562866211,0.9966635441893933
93,12,/home/nabizadz/Projects/Mahsa/datasets/grid/test/s30/lwbv5n.mpg,193,195,4.385765075683594,0.9986531337688169
93,13,/home/nabizadz/Projects/Mahsa/datasets/grid/test/s30/prwn4s.mpg,166,168,4.416492938995361,0.9993384210272608
93,14,/home/nabizadz/Projects/Mahsa/datasets/grid/test/s30/pwaa4s.mpg,11,13,4.545060634613037,0.9999999997960959
93,15,/home/nabizadz/Projects/Mahsa/datasets/grid/test/s30/sgbg3p.mpg,25,27,4.5590739250183105,0.9999935145148067
94,0,/home/nabizadz/Projects/Mahsa/datasets/grid/test/s30/sgiz5n.mpg,167,169,4.220452308654785,0.9974994146512428
94,1,/home/nabizadz/Projects/Mahsa/datasets/grid/test/s30/lgiv5p.mpg,229,231,4.526935577392578,0.9996607509847693
94,2,/home/nabizadz/Projects/Mahsa/datasets/grid/test/s30/pwan2s.mpg,79,81,4.2403998374938965,0.9994395059478353
94,3,/home/nabizadz/Projects/Mahsa/datasets/grid/test/s30/pgia5n.mpg,2,4,4.4338788986206055,0.9999999999999997
94,4,/home/nabizadz/Projects/Mahsa/datasets/grid/test/s30/prwa6s.mpg,76,78,4.263973236083984,0.9997221753295644
94,5,/home/nabizadz/Projects/Mahsa/datasets/grid/test/s30/lrwv3n.mpg,98,100,4.414154529571533,0.9965838853654861
94,6,/home/nabizadz/Projects/Mahsa/datasets/grid/test/s30/bbac5p.mpg,48,50,3.3643012046813965,0.9932890537515323
94,7,/home/nabizadz/Projects/Mahsa/datasets/grid/test/s30/sgil8s.mpg,140,142,4.406522274017334,0.9999732998195324
94,8,/home/nabizadz/Projects/Mahsa/datasets/grid/test/s30/pbaf7p.mpg,73,75,3.9981203079223633,0.9965118952549442
94,9,/home/nabizadz/Projects/Mahsa/datasets/grid/test/s30/bgwl4s.mpg,111,113,4.113785266876221,0.997778754053981
94,10,/home/nabizadz/Projects/Mahsa/datasets/grid/test/s30/sgam1n.mpg,11,13,4.550650596618652,0.9999999447408774
94,11,/home/nabizadz/Projects/Mahsa/datasets/grid/test/s30/pwiazs.mpg,92,94,4.019434928894043,0.9975199024546479
94,12,/home/nabizadz/Projects/Mahsa/datasets/grid/test/s30/sbwr5n.mpg,118,120,4.071889877319336,0.9942571105197606
94,13,/home/nabizadz/Projects/Mahsa/datasets/grid/test/s30/prigza.mpg,13,15,4.49541711807251,0.9999999999999988
94,14,/home/nabizadz/Projects/Mahsa/datasets/grid/test/s30/bgay4s.mpg,262,264,4.3799920082092285,0.999993799293525
94,15,/home/nabizadz/Projects/Mahsa/datasets/grid/test/s30/bwby1n.mpg,200,202,4.170159339904785,0.9968132637106458
95,0,/home/nabizadz/Projects/Mahsa/datasets/grid/test/s30/pwwh6s.mpg,274,276,4.594732284545898,0.9985447257434189
95,1,/home/nabizadz/Projects/Mahsa/datasets/grid/test/s30/lgic2s.mpg,118,120,4.098521709442139,0.985710330287825
95,2,/home/nabizadz/Projects/Mahsa/datasets/grid/test/s30/bbiv1n.mpg,146,148,3.6372768878936768,0.9812312912753849
95,3,/home/nabizadz/Projects/Mahsa/datasets/grid/test/s30/priz9n.mpg,15,17,4.140221118927002,0.9875769119276783
95,4,/home/nabizadz/Projects/Mahsa/datasets/grid/test/s30/swaz5p.mpg,131,133,4.529494762420654,0.9999898772847724
95,5,/home/nabizadz/Projects/Mahsa/datasets/grid/test/s30/srws4a.mpg,270,272,4.560887813568115,0.9952992648711884
95,6,/home/nabizadz/Projects/Mahsa/datasets/grid/test/s30/bgid9p.mpg,225,227,4.430700778961182,0.9992108687578442
95,7,/home/nabizadz/Projects/Mahsa/datasets/grid/test/s30/lwiu9p.mpg,135,137,3.9298627376556396,0.9912052612635426
95,8,/home/nabizadz/Projects/Mahsa/datasets/grid/test/s30/sbak3n.mpg,71,73,4.3616766929626465,0.9998201782616287
95,9,/home/nabizadz/Projects/Mahsa/datasets/grid/test/s30/pgbh8s.mpg,122,124,4.394680976867676,0.9999965593540183
95,10,/home/nabizadz/Projects/Mahsa/datasets/grid/test/s30/pgan8s.mpg,26,28,4.5120158195495605,0.9999984821599369
95,11,/home/nabizadz/Projects/Mahsa/datasets/grid/test/s30/pwwn9n.mpg,221,223,4.3467512130737305,0.937968925734939
95,12,/home/nabizadz/Projects/Mahsa/datasets/grid/test/s30/pgia8a.mpg,89,91,4.258234024047852,0.996517283610434
95,13,/home/nabizadz/Projects/Mahsa/datasets/grid/test/s30/srws3p.mpg,246,248,4.531467914581299,0.9967820518573164
95,14,/home/nabizadz/Projects/Mahsa/datasets/grid/test/s30/pgwb7n.mpg,285,287,4.34492826461792,0.9786146759377997
95,15,/home/nabizadz/Projects/Mahsa/datasets/grid/test/s30/bbwd1n.mpg,251,253,4.41361141204834,1.0
96,0,/home/nabizadz/Projects/Mahsa/datasets/grid/test/s30/sgbtzs.mpg,58,60,4.379843235015869,0.9987117003746874
96,1,/home/nabizadz/Projects/Mahsa/datasets/grid/test/s30/lgac6s.mpg,12,14,4.47270393371582,0.9996693904766539
96,2,/home/nabizadz/Projects/Mahsa/datasets/grid/test/s30/brbx5n.mpg,159,161,4.03912878036499,0.9945104909599193
96,3,/home/nabizadz/Projects/Mahsa/datasets/grid/test/s30/sbby7p.mpg,188,190,4.101866722106934,0.9905620135919639
96,4,/home/nabizadz/Projects/Mahsa/datasets/grid/test/s30/srwf3n.mpg,93,95,3.706815242767334,0.9952516660538233
96,5,/home/nabizadz/Projects/Mahsa/datasets/grid/test/s30/lgbx3p.mpg,158,160,4.101264953613281,0.9934399339657863
96,6,/home/nabizadz/Projects/Mahsa/datasets/grid/test/s30/sbiq3n.mpg,148,150,3.663473606109619,0.9928365459243553
96,7,/home/nabizadz/Projects/Mahsa/datasets/grid/test/s30/bgby9p.mpg,235,237,4.3170576095581055,0.9920180044861504
96,8,/home/nabizadz/Projects/Mahsa/datasets/grid/test/s30/srirzs.mpg,107,109,4.325030326843262,0.9965972305090172
96,9,/home/nabizadz/Projects/Mahsa/datasets/grid/test/s30/lwbp3p.mpg,154,156,4.346667766571045,0.994249825045943
96,10,/home/nabizadz/Projects/Mahsa/datasets/grid/test/s30/pbaf6s.mpg,284,286,4.364258766174316,0.9999061799896919
96,11,/home/nabizadz/Projects/Mahsa/datasets/grid/test/s30/lrbb8s.mpg,67,69,3.634533405303955,0.9958684873249442
96,12,/home/nabizadz/Projects/Mahsa/datasets/grid/test/s30/lriu4a.mpg,96,98,3.5455100536346436,0.9904786287656215
96,13,/home/nabizadz/Projects/Mahsa/datasets/grid/test/s30/lwiizs.mpg,129,131,3.942380666732788,0.9937584383074699
96,14,/home/nabizadz/Projects/Mahsa/datasets/grid/test/s30/prat1p.mpg,290,292,4.60813045501709,0.9990455743635474
96,15,/home/nabizadz/Projects/Mahsa/datasets/grid/test/s30/sgwg5n.mpg,161,163,4.308234214782715,0.99969638625063
97,0,/home/nabizadz/Projects/Mahsa/datasets/grid/test/s30/lgbp9p.mpg,103,105,3.6905601024627686,0.9979384556582307
97,1,/home/nabizadz/Projects/Mahsa/datasets/grid/test/s30/lwib7p.mpg,198,200,4.226187705993652,0.9994049494859756
97,2,/home/nabizadz/Projects/Mahsa/datasets/grid/test/s30/bgay3n.mpg,208,210,4.135524272918701,0.9985882457416876
97,3,/home/nabizadz/Projects/Mahsa/datasets/grid/test/s30/bwaq6a.mpg,226,228,4.2835845947265625,0.9456521537150787
97,4,/home/nabizadz/Projects/Mahsa/datasets/grid/test/s30/lwbi9p.mpg,159,161,4.228847980499268,0.9953354342424793
97,5,/home/nabizadz/Projects/Mahsa/datasets/grid/test/s30/lgbp7n.mpg,56,58,4.488366603851318,0.9999998843107095
97,6,/home/nabizadz/Projects/Mahsa/datasets/grid/test/s30/lgbj5p.mpg,117,119,4.044796943664551,0.9973798569767229
97,7,/home/nabizadz/Projects/Mahsa/datasets/grid/test/s30/lrah7n.mpg,174,176,4.1793599128723145,0.9971597472794103
97,8,/home/nabizadz/Projects/Mahsa/datasets/grid/test/s30/bbwx6a.mpg,191,193,4.444819450378418,0.9996976022545485
97,9,/home/nabizadz/Projects/Mahsa/datasets/grid/test/s30/bgwe9n.mpg,83,85,3.8016250133514404,0.9948694815386618
97,10,/home/nabizadz/Projects/Mahsa/datasets/grid/test/s30/sbid7p.mpg,190,192,4.257438659667969,0.9992681976457335
97,11,/home/nabizadz/Projects/Mahsa/datasets/grid/test/s30/sgam2s.mpg,140,142,3.8345322608947754,0.9814567887851293
97,12,/home/nabizadz/Projects/Mahsa/datasets/grid/test/s30/lwiu8s.mpg,296,298,4.596821308135986,0.9999999999999981
97,13,/home/nabizadz/Projects/Mahsa/datasets/grid/test/s30/lbwb5n.mpg,87,89,4.112515926361084,0.9974348407008087
97,14,/home/nabizadz/Projects/Mahsa/datasets/grid/test/s30/bgwz2s.mpg,149,151,4.189223766326904,0.9974913819936853
97,15,/home/nabizadz/Projects/Mahsa/datasets/grid/test/s30/pwaa6a.mpg,250,252,4.379157066345215,0.9472050331308145
98,0,/home/nabizadz/Projects/Mahsa/datasets/grid/test/s30/pgia6s.mpg,213,215,4.529858112335205,0.9865708971566957
98,1,/home/nabizadz/Projects/Mahsa/datasets/grid/test/s30/lbit6s.mpg,292,294,4.436625957489014,0.9916646572885554
98,2,/home/nabizadz/Projects/Mahsa/datasets/grid/test/s30/prwa7p.mpg,93,95,4.288516521453857,0.9996815024260317
98,3,/home/nabizadz/Projects/Mahsa/datasets/grid/test/s30/pgwi2s.mpg,19,21,4.43383264541626,0.9999597372603942
98,4,/home/nabizadz/Projects/Mahsa/datasets/grid/test/s30/bgik4a.mpg,55,57,3.8428702354431152,0.9911459727611145
98,5,/home/nabizadz/Projects/Mahsa/datasets/grid/test/s30/lwwp7p.mpg,89,91,3.8648488521575928,0.9965804073072374
98,6,/home/nabizadz/Projects/Mahsa/datasets/grid/test/s30/lwivza.mpg,264,266,4.497081279754639,0.9996207196533953
98,7,/home/nabizadz/Projects/Mahsa/datasets/grid/test/s30/lrao2s.mpg,224,226,4.590295791625977,0.9982898843141043
98,8,/home/nabizadz/Projects/Mahsa/datasets/grid/test/s30/lban7p.mpg,190,192,4.201719760894775,0.9865247685515769
98,9,/home/nabizadz/Projects/Mahsa/datasets/grid/test/s30/lwav4a.mpg,278,280,4.46771764755249,0.9704977949373417
98,10,/home/nabizadz/Projects/Mahsa/datasets/grid/test/s30/srar4s.mpg,57,59,4.1439619064331055,0.9979372731684624
98,11,/home/nabizadz/Projects/Mahsa/datasets/grid/test/s30/sbby8a.mpg,48,50,4.262739181518555,0.9986363207014739
98,12,/home/nabizadz/Projects/Mahsa/datasets/grid/test/s30/sbwzzs.mpg,78,80,4.405858039855957,0.9991264865742056
98,13,/home/nabizadz/Projects/Mahsa/datasets/grid/test/s30/bbai7n.mpg,96,98,3.9926552772521973,0.9986998163469554
98,14,/home/nabizadz/Projects/Mahsa/datasets/grid/test/s30/lwwj2s.mpg,28,30,3.8703572750091553,0.9978825689349647
98,15,/home/nabizadz/Projects/Mahsa/datasets/grid/test/s30/brac9n.mpg,146,148,3.8833045959472656,0.9845213329478989
99,0,/home/nabizadz/Projects/Mahsa/datasets/grid/test/s30/bric7p.mpg,244,246,4.092374324798584,0.9780006613032253
99,1,/home/nabizadz/Projects/Mahsa/datasets/grid/test/s30/prba1n.mpg,52,54,4.496561527252197,0.9999996055834766
99,2,/home/nabizadz/Projects/Mahsa/datasets/grid/test/s30/pgau2s.mpg,144,146,4.381892681121826,0.9977971343969579
99,3,/home/nabizadz/Projects/Mahsa/datasets/grid/test/s30/bgbe7p.mpg,197,199,4.412037372589111,0.9731713196614173
99,4,/home/nabizadz/Projects/Mahsa/datasets/grid/test/s30/bgaq9n.mpg,51,53,3.5563266277313232,0.9898192762435862
99,5,/home/nabizadz/Projects/Mahsa/datasets/grid/test/s30/lwbc4s.mpg,227,229,4.172556400299072,0.9936114230289431
99,6,/home/nabizadz/Projects/Mahsa/datasets/grid/test/s30/pgan9p.mpg,68,70,3.942054033279419,0.9996639144025957
99,7,/home/nabizadz/Projects/Mahsa/datasets/grid/test/s30/sbid5n.mpg,228,230,4.494331359863281,0.9977451693166579
99,8,/home/nabizadz/Projects/Mahsa/datasets/grid/test/s30/lbin3p.mpg,238,240,4.417361259460449,0.9879883311800108
99,9,/home/nabizadz/Projects/Mahsa/datasets/grid/test/s30/bbwj7p.mpg,131,133,4.4762654304504395,0.9999441593804416
99,10,/home/nabizadz/Projects/Mahsa/datasets/grid/test/s30/sgwnzs.mpg,84,86,3.6318397521972656,0.9774089711616473
99,11,/home/nabizadz/Projects/Mahsa/datasets/grid/test/s30/bwix6a.mpg,123,125,4.491856098175049,0.9993031472071038
99,12,/home/nabizadz/Projects/Mahsa/datasets/grid/test/s30/pgwi4a.mpg,230,232,4.348385810852051,0.8648697630631124
99,13,/home/nabizadz/Projects/Mahsa/datasets/grid/test/s30/sgif6a.mpg,265,267,4.54064416885376,0.9887232264617416
99,14,/home/nabizadz/Projects/Mahsa/datasets/grid/test/s30/srae8a.mpg,40,42,4.0690460205078125,0.9977959297824104
99,15,/home/nabizadz/Projects/Mahsa/datasets/grid/test/s30/lrib2a.mpg,184,186,4.346157550811768,0.9766606442451417
100,0,/home/nabizadz/Projects/Mahsa/datasets/grid/test/s30/brwk2s.mpg,295,297,4.432771682739258,0.9999999999999973
100,1,/home/nabizadz/Projects/Mahsa/datasets/grid/test/s30/prwn6a.mpg,108,110,4.307082176208496,0.9999170498163308
100,2,/home/nabizadz/Projects/Mahsa/datasets/grid/test/s30/pbwa2a.mpg,42,44,4.3521833419799805,0.9999543266873606
100,3,/home/nabizadz/Projects/Mahsa/datasets/grid/test/s30/pbwt2s.mpg,67,69,4.4950785636901855,0.9996518081558878
100,4,/home/nabizadz/Projects/Mahsa/datasets/grid/test/s30/pwwo1p.mpg,2,4,4.57135534286499,0.9994782125263294
100,5,/home/nabizadz/Projects/Mahsa/datasets/grid/test/s30/srae5n.mpg,121,123,4.1470046043396,0.9951098596312602
100,6,/home/nabizadz/Projects/Mahsa/datasets/grid/test/s30/sbak4s.mpg,41,43,4.377369403839111,0.998696025389521
100,7,/home/nabizadz/Projects/Mahsa/datasets/grid/test/s30/bwak1p.mpg,113,115,3.5655531883239746,0.9748469384792962
100,8,/home/nabizadz/Projects/Mahsa/datasets/grid/test/s30/bwbk4s.mpg,258,260,4.398324489593506,1.0
100,9,/home/nabizadz/Projects/Mahsa/datasets/grid/test/s30/bgid8s.mpg,93,95,4.217258930206299,0.9978763643657168
100,10,/home/nabizadz/Projects/Mahsa/datasets/grid/test/s30/bwad6s.mpg,74,76,3.684732437133789,0.9972067958858493
100,11,/home/nabizadz/Projects/Mahsa/datasets/grid/test/s30/pgbiza.mpg,124,126,4.242258071899414,0.9985328099297367
100,12,/home/nabizadz/Projects/Mahsa/datasets/grid/test/s30/sgimza.mpg,240,242,4.412320613861084,0.9287047588592461
100,13,/home/nabizadz/Projects/Mahsa/datasets/grid/test/s30/bgwz4a.mpg,246,248,4.468990325927734,0.9794242987204439
100,14,/home/nabizadz/Projects/Mahsa/datasets/grid/test/s30/swwf9n.mpg,123,125,4.2910051345825195,0.9991960770512098
100,15,/home/nabizadz/Projects/Mahsa/datasets/grid/test/s30/bwwr2s.mpg,31,33,4.401584625244141,0.9999978762914918
101,0,/home/nabizadz/Projects/Mahsa/datasets/grid/test/s30/lgic1n.mpg,84,86,3.6394169330596924,0.988606973529374
101,1,/home/nabizadz/Projects/Mahsa/datasets/grid/test/s30/bbwp9n.mpg,60,62,3.6238880157470703,0.9776298981000068
101,2,/home/nabizadz/Projects/Mahsa/datasets/grid/test/s30/pgwv2a.mpg,178,180,4.126752853393555,0.9926174960779325
101,3,/home/nabizadz/Projects/Mahsa/datasets/grid/test/s30/lgwj7n.mpg,131,133,4.415532112121582,0.9983425961827421
101,4,/home/nabizadz/Projects/Mahsa/datasets/grid/test/s30/bgwsza.mpg,76,78,3.634941339492798,0.9699936281635148
101,5,/home/nabizadz/Projects/Mahsa/datasets/grid/test/s30/bbwx3n.mpg,44,46,4.421149730682373,0.9932839027587218
101,6,/home/nabizadz/Projects/Mahsa/datasets/grid/test/s30/bwwr3p.mpg,204,206,4.302819728851318,0.9998434843682634
101,7,/home/nabizadz/Projects/Mahsa/datasets/grid/test/s30/lbihza.mpg,242,244,4.403254508972168,0.9707309571804146
101,8,/home/nabizadz/Projects/Mahsa/datasets/grid/test/s30/lriu3p.mpg,72,74,4.045913219451904,0.9975236951582529
101,9,/home/nabizadz/Projects/Mahsa/datasets/grid/test/s30/bwad8a.mpg,253,255,4.398800849914551,0.9748128810914811
101,10,/home/nabizadz/Projects/Mahsa/datasets/grid/test/s30/pbbm4s.mpg,1,3,4.443163871765137,0.9999988218696103
101,11,/home/nabizadz/Projects/Mahsa/datasets/grid/test/s30/pbbs8s.mpg,206,208,4.3299384117126465,0.9975401535067507
101,12,/home/nabizadz/Projects/Mahsa/datasets/grid/test/s30/pwia2a.mpg,123,125,4.44672155380249,0.9993055817137946
101,13,/home/nabizadz/Projects/Mahsa/datasets/grid/test/s30/swwm5p.mpg,200,202,4.456014156341553,0.9963813233203466
101,14,/home/nabizadz/Projects/Mahsa/datasets/grid/test/s30/lrwv4s.mpg,122,124,3.836738109588623,0.9864586227488398
101,15,/home/nabizadz/Projects/Mahsa/datasets/grid/test/s30/bwwk8s.mpg,127,129,1.8280210494995117,0.9961084687725121
102,0,/home/nabizadz/Projects/Mahsa/datasets/grid/test/s30/lgajzs.mpg,154,156,4.206157684326172,0.9982107790362511
102,1,/home/nabizadz/Projects/Mahsa/datasets/grid/test/s30/srbf2a.mpg,219,221,4.403634548187256,0.9432745200267267
102,2,/home/nabizadz/Projects/Mahsa/datasets/grid/test/s30/pgau3p.mpg,251,253,4.294445991516113,0.9578167546935179
102,3,/home/nabizadz/Projects/Mahsa/datasets/grid/test/s30/pbal9n.mpg,21,23,4.424406051635742,0.9999998957786299
102,4,/home/nabizadz/Projects/Mahsa/datasets/grid/test/s30/lrau7p.mpg,169,171,4.055877685546875,0.974988712117356
102,5,/home/nabizadz/Projects/Mahsa/datasets/grid/test/s30/pram7p.mpg,153,155,4.286395072937012,0.9991613849556098
102,6,/home/nabizadz/Projects/Mahsa/datasets/grid/test/s30/bwwr4a.mpg,190,192,3.91890025138855,0.9913709545715873
102,7,/home/nabizadz/Projects/Mahsa/datasets/grid/test/s30/pgan7n.mpg,155,157,3.9695024490356445,0.9962495503208068
102,8,/home/nabizadz/Projects/Mahsa/datasets/grid/test/s30/lrwi5n.mpg,107,109,3.7263946533203125,0.997742791039924
102,9,/home/nabizadz/Projects/Mahsa/datasets/grid/test/s30/lgwx5n.mpg,135,137,4.207448959350586,0.9959427654547599
102,10,/home/nabizadz/Projects/Mahsa/datasets/grid/test/s30/pwbh2s.mpg,131,133,3.979682683944702,0.9978414372202551
102,11,/home/nabizadz/Projects/Mahsa/datasets/grid/test/s30/lbbh5n.mpg,180,182,4.078923225402832,0.9936797326505971
102,12,/home/nabizadz/Projects/Mahsa/datasets/grid/test/s30/pgwo8a.mpg,6,8,4.468428134918213,0.9945463559713431
102,13,/home/nabizadz/Projects/Mahsa/datasets/grid/test/s30/bwbk6a.mpg,281,283,4.393317222595215,0.9939613015783668
102,14,/home/nabizadz/Projects/Mahsa/datasets/grid/test/s30/bbbp6s.mpg,16,18,4.441694259643555,0.9999999999999998
102,15,/home/nabizadz/Projects/Mahsa/datasets/grid/test/s30/pbaf8a.mpg,235,237,4.437366485595703,0.8854347370915189
103,0,/home/nabizadz/Projects/Mahsa/datasets/grid/test/s30/brbj9p.mpg,296,298,4.552670478820801,0.9999966599483914
103,1,/home/nabizadz/Projects/Mahsa/datasets/grid/test/s30/bgarzs.mpg,265,267,4.217731952667236,0.9968517480924978
103,2,/home/nabizadz/Projects/Mahsa/datasets/grid/test/s30/sbwe9p.mpg,244,246,4.548486232757568,0.9899265086735591
103,3,/home/nabizadz/Projects/Mahsa/datasets/grid/test/s30/brwd8s.mpg,183,185,4.409301280975342,0.9999794324973632
103,4,/home/nabizadz/Projects/Mahsa/datasets/grid/test/s30/pram8a.mpg,244,246,4.437620162963867,0.9989031278866658
103,5,/home/nabizadz/Projects/Mahsa/datasets/grid/test/s30/lwwj3p.mpg,114,116,4.3718671798706055,0.9993106391111022
103,6,/home/nabizadz/Projects/Mahsa/datasets/grid/test/s30/swiz1p.mpg,62,64,4.547853946685791,0.999999093379691
103,7,/home/nabizadz/Projects/Mahsa/datasets/grid/test/s30/lrwv6a.mpg,98,100,4.107397556304932,0.9976205226373076
103,8,/home/nabizadz/Projects/Mahsa/datasets/grid/test/s30/bwij8a.mpg,118,120,4.062882900238037,0.9972081878722334
103,9,/home/nabizadz/Projects/Mahsa/datasets/grid/test/s30/sbwr8a.mpg,240,242,4.408048629760742,0.9918136663574265
103,10,/home/nabizadz/Projects/Mahsa/datasets/grid/test/s30/prbnzs.mpg,175,177,4.033894062042236,0.998912965702918
103,11,/home/nabizadz/Projects/Mahsa/datasets/grid/test/s30/lrwp1p.mpg,217,219,4.459009647369385,0.9986341246242397
103,12,/home/nabizadz/Projects/Mahsa/datasets/grid/test/s30/lgipzs.mpg,9,11,4.5632405281066895,0.9999998712894277
103,13,/home/nabizadz/Projects/Mahsa/datasets/grid/test/s30/bgbe8a.mpg,26,28,4.522444725036621,0.9958871090449497
103,14,/home/nabizadz/Projects/Mahsa/datasets/grid/test/s30/sbbe4s.mpg,226,228,4.435405731201172,0.9999999999999996
103,15,/home/nabizadz/Projects/Mahsa/datasets/grid/test/s30/sgbm6s.mpg,238,240,4.461788654327393,0.9997783677976622
104,0,/home/nabizadz/Projects/Mahsa/datasets/grid/test/s30/pbiz3n.mpg,275,277,4.389423370361328,0.9999999999999972
104,1,/home/nabizadz/Projects/Mahsa/datasets/grid/test/s30/srwf6a.mpg,157,159,4.2485527992248535,0.999628723179208
104,2,/home/nabizadz/Projects/Mahsa/datasets/grid/test/s30/lwiu7n.mpg,11,13,4.569608211517334,0.9999999379006033
104,3,/home/nabizadz/Projects/Mahsa/datasets/grid/test/s30/lgwj9p.mpg,225,227,4.419290065765381,0.9975782392450909
104,4,/home/nabizadz/Projects/Mahsa/datasets/grid/test/s30/pwwu3n.mpg,98,100,4.4644389152526855,0.9998510677809123
104,5,/home/nabizadz/Projects/Mahsa/datasets/grid/test/s30/bbav8a.mpg,224,226,4.480463981628418,0.958131121872865
104,6,/home/nabizadz/Projects/Mahsa/datasets/grid/test/s30/lgii6s.mpg,155,157,4.036402225494385,0.9879412026243526
104,7,/home/nabizadz/Projects/Mahsa/datasets/grid/test/s30/bwaj9n.mpg,267,269,4.303323745727539,0.9139589474255367
104,8,/home/nabizadz/Projects/Mahsa/datasets/grid/test/s30/sgil9p.mpg,60,62,4.424026966094971,0.9999999998814706
104,9,/home/nabizadz/Projects/Mahsa/datasets/grid/test/s30/sbad9n.mpg,173,175,3.9232420921325684,0.9927484162523513
104,10,/home/nabizadz/Projects/Mahsa/datasets/grid/test/s30/lrih3n.mpg,26,28,4.381065845489502,0.9988327698425994
104,11,/home/nabizadz/Projects/Mahsa/datasets/grid/test/s30/bgix9n.mpg,109,111,3.9431896209716797,0.9887750373368167
104,12,/home/nabizadz/Projects/Mahsa/datasets/grid/test/s30/brap7n.mpg,177,179,4.128946304321289,0.9923983108874932
104,13,/home/nabizadz/Projects/Mahsa/datasets/grid/test/s30/sriy3n.mpg,273,275,4.464011192321777,1.0
104,14,/home/nabizadz/Projects/Mahsa/datasets/grid/test/s30/lwwxzs.mpg,88,90,4.1445417404174805,0.9968137486330012
104,15,/home/nabizadz/Projects/Mahsa/datasets/grid/test/s30/bwid3p.mpg,270,272,4.24746036529541,0.9256276517612951
105,0,/home/nabizadz/Projects/Mahsa/datasets/grid/test/s30/lbah2s.mpg,219,221,4.2869086265563965,0.9777010337670499
105,1,/home/nabizadz/Projects/Mahsa/datasets/grid/test/s30/brbx8a.mpg,288,290,4.331274032592773,0.9981026234558139
105,2,/home/nabizadz/Projects/Mahsa/datasets/grid/test/s30/sbwr7p.mpg,38,40,4.4036126136779785,0.9973775249080205
105,3,/home/nabizadz/Projects/Mahsa/datasets/grid/test/s30/lbbb4a.mpg,114,116,4.143884181976318,0.997480528888597
105,4,/home/nabizadz/Projects/Mahsa/datasets/grid/test/s30/pbif4a.mpg,137,139,3.9011270999908447,0.9901452665822852
105,5,/home/nabizadz/Projects/Mahsa/datasets/grid/test/s30/bgwz1n.mpg,94,96,3.6513688564300537,0.9871733027443731
105,6,/home/nabizadz/Projects/Mahsa/datasets/grid/test/s30/bwad5n.mpg,129,131,4.521781921386719,0.9995247325956872
105,7,/home/nabizadz/Projects/Mahsa/datasets/grid/test/s30/swbf7p.mpg,30,32,4.483384609222412,0.99900500864863
105,8,/home/nabizadz/Projects/Mahsa/datasets/grid/test/s30/pgbh9p.mpg,78,80,4.335013389587402,0.9999151455609797
105,9,/home/nabizadz/Projects/Mahsa/datasets/grid/test/s30/swiz2a.mpg,50,52,3.84607195854187,0.997096043410078
105,10,/home/nabizadz/Projects/Mahsa/datasets/grid/test/s30/lrab4s.mpg,103,105,3.9413669109344482,0.9950145561190581
105,11,/home/nabizadz/Projects/Mahsa/datasets/grid/test/s30/brwyzs.mpg,119,121,4.335302829742432,0.9960442350685156
105,12,/home/nabizadz/Projects/Mahsa/datasets/grid/test/s30/brwq6s.mpg,21,23,3.96085524559021,0.9963426940578031
105,13,/home/nabizadz/Projects/Mahsa/datasets/grid/test/s30/bbii5p.mpg,240,242,4.49382209777832,0.9999071908253312
105,14,/home/nabizadz/Projects/Mahsa/datasets/grid/test/s30/pwit4a.mpg,296,298,4.438510894775391,0.9999999999999988
105,15,/home/nabizadz/Projects/Mahsa/datasets/grid/test/s30/swaz4s.mpg,12,14,4.570430278778076,0.9999998565096003
106,0,/home/nabizadz/Projects/Mahsa/datasets/grid/test/s30/pris8a.mpg,1,3,4.511814594268799,0.9999999757070241
106,1,/home/nabizadz/Projects/Mahsa/datasets/grid/test/s30/lrbo7p.mpg,251,253,4.3388495445251465,0.92429426826544
106,2,/home/nabizadz/Projects/Mahsa/datasets/grid/test/s30/swwm3n.mpg,173,175,4.149003028869629,0.994720090295184
106,3,/home/nabizadz/Projects/Mahsa/datasets/grid/test/s30/bbbj4a.mpg,21,23,4.398838043212891,0.9999931220933735
106,4,/home/nabizadz/Projects/Mahsa/datasets/grid/test/s30/sgbg2s.mpg,200,202,4.173673629760742,0.9963447055502633
106,5,/home/nabizadz/Projects/Mahsa/datasets/grid/test/s30/bwby3p.mpg,44,46,4.560822486877441,0.9999622060003799
106,6,/home/nabizadz/Projects/Mahsa/datasets/grid/test/s30/lwbv7p.mpg,281,283,4.425752639770508,0.9999949554029833
106,7,/home/nabizadz/Projects/Mahsa/datasets/grid/test/s30/bgak6s.mpg,20,22,4.493868350982666,0.9999999567712831
106,8,/home/nabizadz/Projects/Mahsa/datasets/grid/test/s30/swbs4s.mpg,217,219,4.409552097320557,0.9999999999999996
106,9,/home/nabizadz/Projects/Mahsa/datasets/grid/test/s30/lgbx4a.mpg,238,240,4.345396995544434,0.9006927769866376
106,10,/home/nabizadz/Projects/Mahsa/datasets/grid/test/s30/bgblzs.mpg,136,138,3.9787800312042236,0.9917241076573541
106,11,/home/nabizadz/Projects/Mahsa/datasets/grid/test/s30/lgbj6a.mpg,30,32,4.514971733093262,0.999943389514259
106,12,/home/nabizadz/Projects/Mahsa/datasets/grid/test/s30/bbbp5n.mpg,19,21,4.557839870452881,0.999999832007244
106,13,/home/nabizadz/Projects/Mahsa/datasets/grid/test/s30/lbwizs.mpg,295,297,4.415597915649414,0.9981890304293802
106,14,/home/nabizadz/Projects/Mahsa/datasets/grid/test/s30/swir8a.mpg,183,185,4.337677478790283,0.9960505732674942
106,15,/home/nabizadz/Projects/Mahsa/datasets/grid/test/s30/bbac4s.mpg,68,70,3.6928069591522217,0.9905770434067527
107,0,/home/nabizadz/Projects/Mahsa/datasets/grid/test/s30/prim1n.mpg,13,15,4.492833614349365,0.9998292292041626
107,1,/home/nabizadz/Projects/Mahsa/datasets/grid/test/s30/sgiz7p.mpg,152,154,3.9396798610687256,0.9969388660128412
107,2,/home/nabizadz/Projects/Mahsa/datasets/grid/test/s30/bwwk9p.mpg,135,137,4.131356239318848,0.9963210644593081
107,3,/home/nabizadz/Projects/Mahsa/datasets/grid/test/s30/bbwd4a.mpg,90,92,3.632265567779541,0.985417307926451
107,4,/home/nabizadz/Projects/Mahsa/datasets/grid/test/s30/prat2a.mpg,52,54,4.493821620941162,0.9997753767231607
107,5,/home/nabizadz/Projects/Mahsa/datasets/grid/test/s30/bwaq3n.mpg,36,38,4.490028381347656,0.9969144323995965
107,6,/home/nabizadz/Projects/Mahsa/datasets/grid/test/s30/pgau1n.mpg,255,257,4.57196569442749,0.9872485753767474
107,7,/home/nabizadz/Projects/Mahsa/datasets/grid/test/s30/swal8a.mpg,277,279,4.436555862426758,0.9999999999999959
107,8,/home/nabizadz/Projects/Mahsa/datasets/grid/test/s30/pgau4a.mpg,124,126,3.6669788360595703,0.9899937839800282
107,9,/home/nabizadz/Projects/Mahsa/datasets/grid/test/s30/srir2a.mpg,220,222,4.400659084320068,0.9655205902793447
107,10,/home/nabizadz/Projects/Mahsa/datasets/grid/test/s30/lbwu8s.mpg,42,44,3.658374071121216,0.9856998100200178
107,11,/home/nabizadz/Projects/Mahsa/datasets/grid/test/s30/lwwc7n.mpg,172,174,4.3068060874938965,0.9997419858708952
107,12,/home/nabizadz/Projects/Mahsa/datasets/grid/test/s30/pwwh5n.mpg,2,4,4.435703754425049,0.9992199792625888
107,13,/home/nabizadz/Projects/Mahsa/datasets/grid/test/s30/lrwc1n.mpg,9,11,4.475541114807129,0.9982064291518633
107,14,/home/nabizadz/Projects/Mahsa/datasets/grid/test/s30/lrwp2a.mpg,61,63,4.5874834060668945,0.999987032869078
107,15,/home/nabizadz/Projects/Mahsa/datasets/grid/test/s30/sgwg8a.mpg,131,133,4.150486946105957,0.9942987974953204
108,0,/home/nabizadz/Projects/Mahsa/datasets/grid/test/s30/pwwu6a.mpg,86,88,3.8010480403900146,0.9968429697031004
108,1,/home/nabizadz/Projects/Mahsa/datasets/grid/test/s30/swwm4s.mpg,19,21,4.547430992126465,0.9999999363363097
108,2,/home/nabizadz/Projects/Mahsa/datasets/grid/test/s30/bgae4a.mpg,0,2,4.598275184631348,0.9999999999999981
108,3,/home/nabizadz/Projects/Mahsa/datasets/grid/test/s30/pgin4s.mpg,98,100,4.391364574432373,0.9985893638422059
108,4,/home/nabizadz/Projects/Mahsa/datasets/grid/test/s30/pgin6a.mpg,38,40,4.357226848602295,0.9999652835033318
108,5,/home/nabizadz/Projects/Mahsa/datasets/grid/test/s30/pwim8s.mpg,106,108,4.137880325317383,0.9899471868331772
108,6,/home/nabizadz/Projects/Mahsa/datasets/grid/test/s30/bwbe2a.mpg,39,41,4.5479607582092285,0.997628399240761
108,7,/home/nabizadz/Projects/Mahsa/datasets/grid/test/s30/srbl6a.mpg,220,222,4.353946685791016,0.9447464531995124
108,8,/home/nabizadz/Projects/Mahsa/datasets/grid/test/s30/lgbp8s.mpg,125,127,4.188379764556885,0.9978279531117852
108,9,/home/nabizadz/Projects/Mahsa/datasets/grid/test/s30/brip4s.mpg,59,61,3.642730951309204,0.993639648682628
108,10,/home/nabizadz/Projects/Mahsa/datasets/grid/test/s30/sgam3p.mpg,141,143,3.998138904571533,0.9925770419694052
108,11,/home/nabizadz/Projects/Mahsa/datasets/grid/test/s30/pwwu4s.mpg,181,183,4.343298435211182,0.9979425294870589
108,12,/home/nabizadz/Projects/Mahsa/datasets/grid/test/s30/lwab9n.mpg,24,26,3.893242120742798,0.9988225243699158
108,13,/home/nabizadz/Projects/Mahsa/datasets/grid/test/s30/brbq3p.mpg,54,56,4.540756702423096,0.9994740645526354
108,14,/home/nabizadz/Projects/Mahsa/datasets/grid/test/s30/bbiv2s.mpg,21,23,4.527341365814209,0.9999999748775341
108,15,/home/nabizadz/Projects/Mahsa/datasets/grid/test/s30/pgbb3n.mpg,120,122,3.9075980186462402,0.9974711146770643
109,0,/home/nabizadz/Projects/Mahsa/datasets/grid/test/s30/prbg5n.mpg,139,141,4.255679607391357,0.9992221702668129
109,1,/home/nabizadz/Projects/Mahsa/datasets/grid/test/s30/pwat6s.mpg,278,280,4.423230171203613,0.9999997287376129
109,2,/home/nabizadz/Projects/Mahsa/datasets/grid/test/s30/prif7n.mpg,285,287,4.524518013000488,0.9998514938330872
109,3,/home/nabizadz/Projects/Mahsa/datasets/grid/test/s30/srie2s.mpg,274,276,4.223581790924072,0.9128198944230742
109,4,/home/nabizadz/Projects/Mahsa/datasets/grid/test/s30/srbl4s.mpg,151,153,4.312636375427246,0.9975768431566152
109,5,/home/nabizadz/Projects/Mahsa/datasets/grid/test/s30/pbwg6a.mpg,177,179,4.070050239562988,0.9957744128239048
109,6,/home/nabizadz/Projects/Mahsa/datasets/grid/test/s30/lbat9n.mpg,173,175,4.072525978088379,0.9945691641633471
109,7,/home/nabizadz/Projects/Mahsa/datasets/grid/test/s30/swal6s.mpg,165,167,4.5672712326049805,0.9981565950824945
109,8,/home/nabizadz/Projects/Mahsa/datasets/grid/test/s30/sbwl3p.mpg,141,143,4.373260021209717,0.9999770033438223
109,9,/home/nabizadz/Projects/Mahsa/datasets/grid/test/s30/brbd6a.mpg,222,224,4.419415473937988,0.9962058177741548
109,10,/home/nabizadz/Projects/Mahsa/datasets/grid/test/s30/bbic1p.mpg,225,227,4.287547588348389,0.9960094311146598
109,11,/home/nabizadz/Projects/Mahsa/datasets/grid/test/s30/braj5p.mpg,51,53,4.414178848266602,0.9998987482760257
109,12,/home/nabizadz/Projects/Mahsa/datasets/grid/test/s30/swiy9n.mpg,110,112,3.8855066299438477,0.9955814435000214
109,13,/home/nabizadz/Projects/Mahsa/datasets/grid/test/s30/bbwq1p.mpg,214,216,4.381277561187744,0.9027632412883269
109,14,/home/nabizadz/Projects/Mahsa/datasets/grid/test/s30/srbr7n.mpg,203,205,4.4168596267700195,0.9971208399766912
109,15,/home/nabizadz/Projects/Mahsa/datasets/grid/test/s30/prif8s.mpg,12,14,4.434200286865234,0.9999331398027703
110,0,/home/nabizadz/Projects/Mahsa/datasets/grid/test/s30/prwh2a.mpg,69,71,3.964804172515869,0.9962523254432765
110,1,/home/nabizadz/Projects/Mahsa/datasets/grid/test/s30/swir6s.mpg,70,72,3.6513280868530273,0.9951523439783915
110,2,/home/nabizadz/Projects/Mahsa/datasets/grid/test/s30/lgip1p.mpg,180,182,4.083330154418945,0.987169107656761
110,3,/home/nabizadz/Projects/Mahsa/datasets/grid/test/s30/sbbe6a.mpg,283,285,4.3243842124938965,0.9692995389010062
110,4,/home/nabizadz/Projects/Mahsa/datasets/grid/test/s30/bgak5n.mpg,165,167,4.422616004943848,0.9992133542962015
110,5,/home/nabizadz/Projects/Mahsa/datasets/grid/test/s30/lwib6s.mpg,253,255,4.6061506271362305,0.9794470465876463
110,6,/home/nabizadz/Projects/Mahsa/datasets/grid/test/s30/sgwt3n.mpg,179,181,4.359914779663086,0.9986274531948419
110,7,/home/nabizadz/Projects/Mahsa/datasets/grid/test/s30/brip6a.mpg,152,154,3.6678593158721924,0.9797840328924524
110,8,/home/nabizadz/Projects/Mahsa/datasets/grid/test/s30/pwaa5p.mpg,119,121,4.506534576416016,0.9992952144187242
110,9,/home/nabizadz/Projects/Mahsa/datasets/grid/test/s30/lgii8a.mpg,35,37,4.360441207885742,0.9989872992491472
110,10,/home/nabizadz/Projects/Mahsa/datasets/grid/test/s30/bwij7p.mpg,163,165,4.467097282409668,0.9986302072546236
110,11,/home/nabizadz/Projects/Mahsa/datasets/grid/test/s30/pbbm6a.mpg,145,147,4.034300327301025,0.994563766621811
110,12,/home/nabizadz/Projects/Mahsa/datasets/grid/test/s30/pgbb5p.mpg,84,86,3.756199598312378,0.9884614662100826
110,13,/home/nabizadz/Projects/Mahsa/datasets/grid/test/s30/bgbr3n.mpg,20,22,3.667494058609009,0.9863769669066179
110,14,/home/nabizadz/Projects/Mahsa/datasets/grid/test/s30/pwbt9n.mpg,76,78,3.888397216796875,0.9976683112212799
110,15,/home/nabizadz/Projects/Mahsa/datasets/grid/test/s30/prbg8a.mpg,93,95,3.6477441787719727,0.9908084945481161
111,0,/home/nabizadz/Projects/Mahsa/datasets/grid/test/s30/swbf5n.mpg,277,279,4.402437210083008,0.9825628040238051
111,1,/home/nabizadz/Projects/Mahsa/datasets/grid/test/s30/bbap3p.mpg,194,196,4.287437438964844,0.9908803088461392
111,2,/home/nabizadz/Projects/Mahsa/datasets/grid/test/s30/bwwlza.mpg,81,83,4.041688919067383,0.9960759873722366
111,3,/home/nabizadz/Projects/Mahsa/datasets/grid/test/s30/lbwu7n.mpg,147,149,4.369594097137451,0.9971200790485526
111,4,/home/nabizadz/Projects/Mahsa/datasets/grid/test/s30/lban8a.mpg,237,239,4.552059173583984,0.9999999999999633
111,5,/home/nabizadz/Projects/Mahsa/datasets/grid/test/s30/bgwf2a.mpg,173,175,4.128588676452637,0.9970410502134404
111,6,/home/nabizadz/Projects/Mahsa/datasets/grid/test/s30/sgif5p.mpg,169,171,4.275975704193115,0.9969082750382033
111,7,/home/nabizadz/Projects/Mahsa/datasets/grid/test/s30/bgiq7p.mpg,234,236,4.235180854797363,0.9949399740114045
111,8,/home/nabizadz/Projects/Mahsa/datasets/grid/test/s30/pbwa1p.mpg,25,27,4.547008991241455,0.9999998548961664
111,9,/home/nabizadz/Projects/Mahsa/datasets/grid/test/s30/brad2a.mpg,277,279,4.5005059242248535,0.9952071117297915
111,10,/home/nabizadz/Projects/Mahsa/datasets/grid/test/s30/srwmza.mpg,17,19,4.406682014465332,0.9999992644684699
111,11,/home/nabizadz/Projects/Mahsa/datasets/grid/test/s30/lrao1n.mpg,197,199,4.317960262298584,0.9365450545111323
111,12,/home/nabizadz/Projects/Mahsa/datasets/grid/test/s30/sbwl2s.mpg,77,79,3.636819839477539,0.9823837801990453
111,13,/home/nabizadz/Projects/Mahsa/datasets/grid/test/s30/srwf5p.mpg,64,66,4.091617584228516,0.9983151768429492
111,14,/home/nabizadz/Projects/Mahsa/datasets/grid/test/s30/bric8a.mpg,14,16,4.4617414474487305,0.9800802936235891
111,15,/home/nabizadz/Projects/Mahsa/datasets/grid/test/s30/sbbk7n.mpg,281,283,4.371917724609375,0.9960326260332379
112,0,/home/nabizadz/Projects/Mahsa/datasets/grid/test/s30/pbbs7n.mpg,86,88,4.4473700523376465,0.9999983623532784
112,1,/home/nabizadz/Projects/Mahsa/datasets/grid/test/s30/brwy1p.mpg,90,92,3.6968488693237305,0.9956221334534119
112,2,/home/nabizadz/Projects/Mahsa/datasets/grid/test/s30/sbay4a.mpg,193,195,3.9631924629211426,0.9918645607817081
112,3,/home/nabizadz/Projects/Mahsa/datasets/grid/test/s30/lbit5n.mpg,121,123,4.200716495513916,0.9998209321016673
112,4,/home/nabizadz/Projects/Mahsa/datasets/grid/test/s30/bwwr1n.mpg,187,189,4.286739826202393,0.990296822771402
112,5,/home/nabizadz/Projects/Mahsa/datasets/grid/test/s30/prbm9n.mpg,147,149,3.795158863067627,0.9803885424441715
112,6,/home/nabizadz/Projects/Mahsa/datasets/grid/test/s30/bbic2a.mpg,287,289,4.370863914489746,0.9823491665397812
112,7,/home/nabizadz/Projects/Mahsa/datasets/grid/test/s30/pbwg5p.mpg,237,239,4.447266101837158,0.991111671562795
112,8,/home/nabizadz/Projects/Mahsa/datasets/grid/test/s30/pgin3n.mpg,164,166,4.106114387512207,0.9970050407624889
112,9,/home/nabizadz/Projects/Mahsa/datasets/grid/test/s30/pwan1n.mpg,212,214,4.419779300689697,0.9794664090587959
112,10,/home/nabizadz/Projects/Mahsa/datasets/grid/test/s30/sbid6s.mpg,281,283,4.471527099609375,0.9999845784706419
112,11,/home/nabizadz/Projects/Mahsa/datasets/grid/test/s30/sray9p.mpg,201,203,4.546172618865967,0.9911889173059583
112,12,/home/nabizadz/Projects/Mahsa/datasets/grid/test/s30/sbwfza.mpg,253,255,4.547654628753662,0.9972973269551846
112,13,/home/nabizadz/Projects/Mahsa/datasets/grid/test/s30/lrbi3p.mpg,71,73,4.248461723327637,0.998173288802308
112,14,/home/nabizadz/Projects/Mahsa/datasets/grid/test/s30/lgap6a.mpg,189,191,4.1059980392456055,0.9936424799063186
112,15,/home/nabizadz/Projects/Mahsa/datasets/grid/test/s30/lbbb1n.mpg,206,208,4.225564002990723,0.9935641586771077
113,0,/home/nabizadz/Projects/Mahsa/datasets/grid/test/s30/srwz5n.mpg,287,289,4.472776412963867,0.9999730774923985
113,1,/home/nabizadz/Projects/Mahsa/datasets/grid/test/s30/sbik1p.mpg,182,184,3.879734992980957,0.9760841417812754
113,2,/home/nabizadz/Projects/Mahsa/datasets/grid/test/s30/pbiz5p.mpg,103,105,4.130116939544678,0.9969984592170149
113,3,/home/nabizadz/Projects/Mahsa/datasets/grid/test/s30/pwan4a.mpg,233,235,4.598156452178955,0.9999999999999977
113,4,/home/nabizadz/Projects/Mahsa/datasets/grid/test/s30/bwwe4s.mpg,1,3,4.580821514129639,0.9999999656540935
113,5,/home/nabizadz/Projects/Mahsa/datasets/grid/test/s30/prwn3n.mpg,162,164,3.8923895359039307,0.9971588518358674
113,6,/home/nabizadz/Projects/Mahsa/datasets/grid/test/s30/lbbu4s.mpg,95,97,3.911724805831909,0.9978096207311279
113,7,/home/nabizadz/Projects/Mahsa/datasets/grid/test/s30/sgis1n.mpg,24,26,4.496180057525635,0.9999999999999996
113,8,/home/nabizadz/Projects/Mahsa/datasets/grid/test/s30/bbipza.mpg,289,291,4.501740455627441,1.0
113,9,/home/nabizadz/Projects/Mahsa/datasets/grid/test/s30/sbbr1n.mpg,206,208,4.409700393676758,0.9999999999999996
113,10,/home/nabizadz/Projects/Mahsa/datasets/grid/test/s30/lbau2a.mpg,189,191,4.142157077789307,0.999658463106817
113,11,/home/nabizadz/Projects/Mahsa/datasets/grid/test/s30/srbr8s.mpg,194,196,4.2322797775268555,0.9989905549863033
113,12,/home/nabizadz/Projects/Mahsa/datasets/grid/test/s30/brbx7p.mpg,227,229,4.3196821212768555,0.997063118713529
113,13,/home/nabizadz/Projects/Mahsa/datasets/grid/test/s30/bgbr4s.mpg,100,102,4.237746715545654,0.9961374414233866
113,14,/home/nabizadz/Projects/Mahsa/datasets/grid/test/s30/pgia7p.mpg,24,26,4.407978534698486,0.9997243637192879
113,15,/home/nabizadz/Projects/Mahsa/datasets/grid/test/s30/lwai3n.mpg,165,167,4.267044544219971,0.9938779398944458
114,0,/home/nabizadz/Projects/Mahsa/datasets/grid/test/s30/lbbh8a.mpg,34,36,4.207838535308838,0.9998392938257938
114,1,/home/nabizadz/Projects/Mahsa/datasets/grid/test/s30/lgic3p.mpg,224,226,4.319585800170898,0.9645836132757469
114,2,/home/nabizadz/Projects/Mahsa/datasets/grid/test/s30/pgah6a.mpg,294,296,4.414724826812744,0.9971295117361453
114,3,/home/nabizadz/Projects/Mahsa/datasets/grid/test/s30/sbae1p.mpg,229,231,4.428511142730713,0.9898500770215883
114,4,/home/nabizadz/Projects/Mahsa/datasets/grid/test/s30/bbbp8a.mpg,229,231,4.3115034103393555,0.9951843105317438
114,5,/home/nabizadz/Projects/Mahsa/datasets/grid/test/s30/lrbvzs.mpg,31,33,4.547794342041016,0.999037921504088
114,6,/home/nabizadz/Projects/Mahsa/datasets/grid/test/s30/pbam1p.mpg,15,17,4.43963098526001,0.9930552108870573
114,7,/home/nabizadz/Projects/Mahsa/datasets/grid/test/s30/bbbdza.mpg,178,180,4.490062713623047,0.9947755124991081
114,8,/home/nabizadz/Projects/Mahsa/datasets/grid/test/s30/lbaa7n.mpg,169,171,3.9167592525482178,0.9952359729430305
114,9,/home/nabizadz/Projects/Mahsa/datasets/grid/test/s30/bwwk7n.mpg,139,141,4.234504222869873,0.999853494160421
114,10,/home/nabizadz/Projects/Mahsa/datasets/grid/test/s30/bgiyzs.mpg,160,162,4.288343906402588,0.9989380359143684
114,11,/home/nabizadz/Projects/Mahsa/datasets/grid/test/s30/lgbd1p.mpg,151,153,4.223199367523193,0.9976300013603837
114,12,/home/nabizadz/Projects/Mahsa/datasets/grid/test/s30/brwk3p.mpg,249,251,4.356805324554443,0.9553346264025597
114,13,/home/nabizadz/Projects/Mahsa/datasets/grid/test/s30/bbbj1n.mpg,257,259,4.275455474853516,0.9343910315622094
114,14,/home/nabizadz/Projects/Mahsa/datasets/grid/test/s30/pgin5p.mpg,83,85,3.643047571182251,0.9981917187314555
114,15,/home/nabizadz/Projects/Mahsa/datasets/grid/test/s30/sbix8s.mpg,175,177,3.3253121376037598,0.9673509450308077
115,0,/home/nabizadz/Projects/Mahsa/datasets/grid/test/s30/lrbv2a.mpg,128,130,4.234698295593262,0.999730384680564
115,1,/home/nabizadz/Projects/Mahsa/datasets/grid/test/s30/brbd4s.mpg,106,108,3.9301586151123047,0.9933510366107358
115,2,/home/nabizadz/Projects/Mahsa/datasets/grid/test/s30/bbbx1p.mpg,223,225,4.404465675354004,0.9266038464202973
115,3,/home/nabizadz/Projects/Mahsa/datasets/grid/test/s30/lwwp6s.mpg,68,70,3.6176788806915283,0.9868428136255469
115,4,/home/nabizadz/Projects/Mahsa/datasets/grid/test/s30/pwwb2s.mpg,137,139,4.076697826385498,0.994891906988288
115,5,/home/nabizadz/Projects/Mahsa/datasets/grid/test/s30/pgihzs.mpg,167,169,4.152482509613037,0.996128407896571
115,6,/home/nabizadz/Projects/Mahsa/datasets/grid/test/s30/lwwx1p.mpg,48,50,3.743712902069092,0.994880925106642
115,7,/home/nabizadz/Projects/Mahsa/datasets/grid/test/s30/prbn1p.mpg,211,213,4.506113529205322,0.988669662262441
115,8,/home/nabizadz/Projects/Mahsa/datasets/grid/test/s30/lbia6a.mpg,295,297,4.534940719604492,0.9999999999999983
115,9,/home/nabizadz/Projects/Mahsa/datasets/grid/test/s30/pgaoza.mpg,20,22,4.5503435134887695,0.9999999114946672
115,10,/home/nabizadz/Projects/Mahsa/datasets/grid/test/s30/bbbv9n.mpg,8,10,4.484468460083008,0.9994238516469645
115,11,/home/nabizadz/Projects/Mahsa/datasets/grid/test/s30/swws8s.mpg,119,121,4.203261375427246,0.9950406286609853
115,12,/home/nabizadz/Projects/Mahsa/datasets/grid/test/s30/prwn5p.mpg,270,272,4.2440643310546875,0.9085627187331525
115,13,/home/nabizadz/Projects/Mahsa/datasets/grid/test/s30/brbq4a.mpg,82,84,4.233226776123047,0.9982384615518164
115,14,/home/nabizadz/Projects/Mahsa/datasets/grid/test/s30/brax3p.mpg,43,45,4.352652549743652,0.9972712041403765
115,15,/home/nabizadz/Projects/Mahsa/datasets/grid/test/s30/lrioza.mpg,148,150,3.7717485427856445,0.9947587298736936
116,0,/home/nabizadz/Projects/Mahsa/datasets/grid/test/s30/sbiq4s.mpg,298,300,4.601703643798828,0.9999999999999992
116,1,/home/nabizadz/Projects/Mahsa/datasets/grid/test/s30/prba2s.mpg,205,207,4.459263324737549,0.9974395258793111
116,2,/home/nabizadz/Projects/Mahsa/datasets/grid/test/s30/pris5n.mpg,107,109,4.050729751586914,0.9980481570439831
116,3,/home/nabizadz/Projects/Mahsa/datasets/grid/test/s30/lwwx2a.mpg,151,153,4.176475524902344,0.9875986743381375
116,4,/home/nabizadz/Projects/Mahsa/datasets/grid/test/s30/lgav7n.mpg,196,198,4.172906398773193,0.9926205906958286
116,5,/home/nabizadz/Projects/Mahsa/datasets/grid/test/s30/brax2s.mpg,27,29,4.406250953674316,0.9999999999999785
116,6,/home/nabizadz/Projects/Mahsa/datasets/grid/test/s30/swbl9n.mpg,193,195,4.515815258026123,0.9975130514583614
116,7,/home/nabizadz/Projects/Mahsa/datasets/grid/test/s30/srik8a.mpg,272,274,4.3583664894104,0.9790492749996706
116,8,/home/nabizadz/Projects/Mahsa/datasets/grid/test/s30/lrab5p.mpg,74,76,4.060940265655518,0.9981318283981009
116,9,/home/nabizadz/Projects/Mahsa/datasets/grid/test/s30/lbit7p.mpg,281,283,4.413646697998047,0.999999999999998
116,10,/home/nabizadz/Projects/Mahsa/datasets/grid/test/s30/bgwr8s.mpg,70,72,4.240166187286377,0.9937748568548934
116,11,/home/nabizadz/Projects/Mahsa/datasets/grid/test/s30/lbbu3n.mpg,44,46,4.515033721923828,0.9999999999999989
116,12,/home/nabizadz/Projects/Mahsa/datasets/grid/test/s30/bbbx2a.mpg,215,217,4.40825080871582,0.9174109591508244
116,13,/home/nabizadz/Projects/Mahsa/datasets/grid/test/s30/pris6s.mpg,156,158,4.303609848022461,0.9996405192055822
116,14,/home/nabizadz/Projects/Mahsa/datasets/grid/test/s30/bwaq4s.mpg,69,71,3.9912633895874023,0.9989214817358523
116,15,/home/nabizadz/Projects/Mahsa/datasets/grid/test/s30/lgwd5p.mpg,273,275,4.347940921783447,0.9644799732394366
117,0,/home/nabizadz/Projects/Mahsa/datasets/grid/test/s30/lwai4s.mpg,133,135,4.102264881134033,0.9972320538986622
117,1,/home/nabizadz/Projects/Mahsa/datasets/grid/test/s30/pwwb1n.mpg,167,169,4.0042405128479,0.9928233831645065
117,2,/home/nabizadz/Projects/Mahsa/datasets/grid/test/s30/pgit9p.mpg,237,239,4.379075527191162,0.9733529187736067
117,3,/home/nabizadz/Projects/Mahsa/datasets/grid/test/s30/lwbp4a.mpg,3,5,4.5057501792907715,0.9993432896720428
117,4,/home/nabizadz/Projects/Mahsa/datasets/grid/test/s30/swie7n.mpg,152,154,4.35589075088501,0.9993842496839902
117,5,/home/nabizadz/Projects/Mahsa/datasets/grid/test/s30/prwt9p.mpg,120,122,3.939793825149536,0.9939912748836915
117,6,/home/nabizadz/Projects/Mahsa/datasets/grid/test/s30/brad1p.mpg,148,150,3.6356472969055176,0.9855272215940831
117,7,/home/nabizadz/Projects/Mahsa/datasets/grid/test/s30/pgah5p.mpg,129,131,4.333945274353027,0.9994504930512335
117,8,/home/nabizadz/Projects/Mahsa/datasets/grid/test/s30/swwg2a.mpg,85,87,3.7321529388427734,0.9954573854053922
117,9,/home/nabizadz/Projects/Mahsa/datasets/grid/test/s30/prag2s.mpg,262,264,4.432316780090332,0.9381509290477907
117,10,/home/nabizadz/Projects/Mahsa/datasets/grid/test/s30/bbbj2s.mpg,217,219,4.448119163513184,1.0
117,11,/home/nabizadz/Projects/Mahsa/datasets/grid/test/s30/sbiyza.mpg,261,263,4.529659748077393,0.9999999999999993
117,12,/home/nabizadz/Projects/Mahsa/datasets/grid/test/s30/swie9p.mpg,183,185,4.251020908355713,0.999503861358908
117,13,/home/nabizadz/Projects/Mahsa/datasets/grid/test/s30/pwbn8a.mpg,168,170,4.140964508056641,0.9999079894151678
117,14,/home/nabizadz/Projects/Mahsa/datasets/grid/test/s30/swir7p.mpg,111,113,3.864434242248535,0.9965847412859584
117,15,/home/nabizadz/Projects/Mahsa/datasets/grid/test/s30/pram6s.mpg,55,57,4.4110107421875,0.9441383661016989
118,0,/home/nabizadz/Projects/Mahsa/datasets/grid/test/s30/sbay3p.mpg,33,35,4.3080973625183105,0.9995343729458973
118,1,/home/nabizadz/Projects/Mahsa/datasets/grid/test/s30/lrbv1p.mpg,257,259,4.531698226928711,0.9995953836134394
118,2,/home/nabizadz/Projects/Mahsa/datasets/grid/test/s30/lwbv6s.mpg,97,99,3.9454667568206787,0.9970612031432395
118,3,/home/nabizadz/Projects/Mahsa/datasets/grid/test/s30/lgiv3n.mpg,148,150,3.9671542644500732,0.9939517402917492
118,4,/home/nabizadz/Projects/Mahsa/datasets/grid/test/s30/braj6a.mpg,171,173,4.230562686920166,0.9965639065751205
118,5,/home/nabizadz/Projects/Mahsa/datasets/grid/test/s30/bwax7n.mpg,281,283,4.422723293304443,0.999991341369539
118,6,/home/nabizadz/Projects/Mahsa/datasets/grid/test/s30/lgap4s.mpg,294,296,4.566250801086426,0.9991736334581565
118,7,/home/nabizadz/Projects/Mahsa/datasets/grid/test/s30/lrau5n.mpg,103,105,4.115551471710205,0.9988017378359888
118,8,/home/nabizadz/Projects/Mahsa/datasets/grid/test/s30/srwf4s.mpg,162,164,3.899658203125,0.9885999508655355
118,9,/home/nabizadz/Projects/Mahsa/datasets/grid/test/s30/lgip2a.mpg,66,68,3.6330678462982178,0.9737839867277728
118,10,/home/nabizadz/Projects/Mahsa/datasets/grid/test/s30/bgiq8a.mpg,160,162,3.8046820163726807,0.9996793989755586
118,11,/home/nabizadz/Projects/Mahsa/datasets/grid/test/s30/lwbp2s.mpg,177,179,4.21344518661499,0.9902112014465608
118,12,/home/nabizadz/Projects/Mahsa/datasets/grid/test/s30/srws2s.mpg,105,107,4.016786098480225,0.9987440058231353
118,13,/home/nabizadz/Projects/Mahsa/datasets/grid/test/s30/prag1n.mpg,208,210,4.395272254943848,0.9766475785681356
118,14,/home/nabizadz/Projects/Mahsa/datasets/grid/test/s30/bbbc7n.mpg,6,8,4.4884138107299805,0.9999971756000782
118,15,/home/nabizadz/Projects/Mahsa/datasets/grid/test/s30/pwbu1p.mpg,273,275,4.1297173500061035,0.9208845437605986
119,0,/home/nabizadz/Projects/Mahsa/datasets/grid/test/s30/lbig8s.mpg,146,148,3.968850612640381,0.9969201090008122
119,1,/home/nabizadz/Projects/Mahsa/datasets/grid/test/s30/lbig9p.mpg,33,35,4.4073967933654785,0.9637627216177218
119,2,/home/nabizadz/Projects/Mahsa/datasets/grid/test/s30/lbwh9n.mpg,137,139,4.3259358406066895,0.9883220201218957
119,3,/home/nabizadz/Projects/Mahsa/datasets/grid/test/s30/bradzs.mpg,152,154,4.105788707733154,0.9971859214119811
119,4,/home/nabizadz/Projects/Mahsa/datasets/grid/test/s30/sbwe8s.mpg,97,99,3.8741862773895264,0.9878281659258206
119,5,/home/nabizadz/Projects/Mahsa/datasets/grid/test/s30/prbt5p.mpg,81,83,4.159860134124756,0.9876165790697319
119,6,/home/nabizadz/Projects/Mahsa/datasets/grid/test/s30/bbiczs.mpg,255,257,4.481322288513184,0.9999999999999998
119,7,/home/nabizadz/Projects/Mahsa/datasets/grid/test/s30/lrwc3p.mpg,1,3,4.502719879150391,0.9999803353604481
119,8,/home/nabizadz/Projects/Mahsa/datasets/grid/test/s30/bwix3n.mpg,206,208,4.443143844604492,0.9998629936885374
119,9,/home/nabizadz/Projects/Mahsa/datasets/grid/test/s30/lrwc4a.mpg,37,39,4.516140937805176,0.9981369594464495
119,10,/home/nabizadz/Projects/Mahsa/datasets/grid/test/s30/sgbaza.mpg,196,198,4.356623649597168,0.9947707881451715
119,11,/home/nabizadz/Projects/Mahsa/datasets/grid/test/s30/srik5n.mpg,193,195,4.190166473388672,0.9988304535550596
119,12,/home/nabizadz/Projects/Mahsa/datasets/grid/test/s30/swwgzs.mpg,94,96,3.62355637550354,0.993773871554759
119,13,/home/nabizadz/Projects/Mahsa/datasets/grid/test/s30/srie4a.mpg,265,267,4.366238117218018,0.9999999999975409
119,14,/home/nabizadz/Projects/Mahsa/datasets/grid/test/s30/lwii2a.mpg,213,215,4.499233722686768,0.9964728300127794
119,15,/home/nabizadz/Projects/Mahsa/datasets/grid/test/s30/lbah3p.mpg,134,136,4.183255672454834,0.9993548197475531
120,0,/home/nabizadz/Projects/Mahsa/datasets/grid/test/s30/swbs3n.mpg,167,169,4.192697525024414,0.9989315305409068
120,1,/home/nabizadz/Projects/Mahsa/datasets/grid/test/s30/pbiszs.mpg,290,292,4.3816752433776855,0.9999402992868153
120,2,/home/nabizadz/Projects/Mahsa/datasets/grid/test/s30/sgas7p.mpg,247,249,4.401416778564453,0.967590875240948
120,3,/home/nabizadz/Projects/Mahsa/datasets/grid/test/s30/swaf3p.mpg,212,214,4.486793518066406,0.9866370902630596
120,4,/home/nabizadz/Projects/Mahsa/datasets/grid/test/s30/lwio5p.mpg,162,164,4.407604217529297,0.9990870726257784
120,5,/home/nabizadz/Projects/Mahsa/datasets/grid/test/s30/pgbo3p.mpg,265,267,4.487611293792725,0.9954910043204558
120,6,/home/nabizadz/Projects/Mahsa/datasets/grid/test/s30/bgik3p.mpg,7,9,4.45411491394043,0.9999995032493505
120,7,/home/nabizadz/Projects/Mahsa/datasets/grid/test/s30/lbbb3p.mpg,136,138,4.5273895263671875,0.9999852963388436
120,8,/home/nabizadz/Projects/Mahsa/datasets/grid/test/s30/sgaz9n.mpg,292,294,4.398522853851318,0.9984885942112751
120,9,/home/nabizadz/Projects/Mahsa/datasets/grid/test/s30/bgak8a.mpg,190,192,4.394472599029541,0.9999999999999954
120,10,/home/nabizadz/Projects/Mahsa/datasets/grid/test/s30/pbif2s.mpg,192,194,3.7845234870910645,0.9713021140596942
120,11,/home/nabizadz/Projects/Mahsa/datasets/grid/test/s30/sgaf8s.mpg,224,226,4.324751377105713,0.9421636715368864
120,12,/home/nabizadz/Projects/Mahsa/datasets/grid/test/s30/pbwm8s.mpg,206,208,4.438385009765625,0.9581442096706049
120,13,/home/nabizadz/Projects/Mahsa/datasets/grid/test/s30/pwim7n.mpg,60,62,3.6418979167938232,0.9938727856805285
120,14,/home/nabizadz/Projects/Mahsa/datasets/grid/test/s30/sgwg6s.mpg,194,196,4.379718780517578,0.9979336045277868
120,15,/home/nabizadz/Projects/Mahsa/datasets/grid/test/s30/bbio7n.mpg,270,272,4.433758735656738,0.9457548605140371
121,0,/home/nabizadz/Projects/Mahsa/datasets/grid/test/s30/lbwi2a.mpg,21,23,4.357639789581299,0.99942572037392
121,1,/home/nabizadz/Projects/Mahsa/datasets/grid/test/s30/sgif3n.mpg,89,91,3.635472059249878,0.9827366444489195
121,2,/home/nabizadz/Projects/Mahsa/datasets/grid/test/s30/srbz2s.mpg,99,101,3.9649531841278076,0.9973881338120247
121,3,/home/nabizadz/Projects/Mahsa/datasets/grid/test/s30/pbis2a.mpg,90,92,3.9860780239105225,0.9927106569647175
121,4,/home/nabizadz/Projects/Mahsa/datasets/grid/test/s30/lwwv9n.mpg,192,194,4.108177661895752,0.9905767625510994
121,5,/home/nabizadz/Projects/Mahsa/datasets/grid/test/s30/bwbe1p.mpg,269,271,4.491706371307373,0.9999144054916946
121,6,/home/nabizadz/Projects/Mahsa/datasets/grid/test/s30/lgbx2s.mpg,208,210,3.75150990486145,0.9740677775889083
121,7,/home/nabizadz/Projects/Mahsa/datasets/grid/test/s30/bgwl3n.mpg,186,188,4.5440545082092285,0.9973147642271126
121,8,/home/nabizadz/Projects/Mahsa/datasets/grid/test/s30/bbiv4a.mpg,228,230,4.230708599090576,0.9897361808134707
121,9,/home/nabizadz/Projects/Mahsa/datasets/grid/test/s30/sbak5p.mpg,151,153,3.3761770725250244,0.961822188345061
121,10,/home/nabizadz/Projects/Mahsa/datasets/grid/test/s30/swaf1n.mpg,170,172,4.008922100067139,0.9918015211591209
121,11,/home/nabizadz/Projects/Mahsa/datasets/grid/test/s30/bgbe6s.mpg,109,111,4.101443767547607,0.9986532194554197
121,12,/home/nabizadz/Projects/Mahsa/datasets/grid/test/s30/sray8s.mpg,262,264,4.433475017547607,0.9972945466885236
121,13,/home/nabizadz/Projects/Mahsa/datasets/grid/test/s30/pwbh3p.mpg,47,49,4.418708801269531,0.9960081508974203
121,14,/home/nabizadz/Projects/Mahsa/datasets/grid/test/s30/pgiuza.mpg,206,208,4.360846996307373,0.9973339892939568
121,15,/home/nabizadz/Projects/Mahsa/datasets/grid/test/s30/pgbo4a.mpg,155,157,4.352373123168945,0.9991551765280703
122,0,/home/nabizadz/Projects/Mahsa/datasets/grid/test/s30/srbl3n.mpg,94,96,4.443511486053467,0.999991317025476
122,1,/home/nabizadz/Projects/Mahsa/datasets/grid/test/s30/swbm1p.mpg,77,79,3.958322525024414,0.9963028845491596
122,2,/home/nabizadz/Projects/Mahsa/datasets/grid/test/s30/bgae1n.mpg,200,202,3.970527410507202,0.9952166065062508
122,3,/home/nabizadz/Projects/Mahsa/datasets/grid/test/s30/brixza.mpg,29,31,3.6668031215667725,0.999180035753192
122,4,/home/nabizadz/Projects/Mahsa/datasets/grid/test/s30/brbx6s.mpg,36,38,3.7964158058166504,0.9953068415787523
122,5,/home/nabizadz/Projects/Mahsa/datasets/grid/test/s30/swbz9p.mpg,73,75,4.316600799560547,0.999995634591053
122,6,/home/nabizadz/Projects/Mahsa/datasets/grid/test/s30/swie8s.mpg,185,187,4.355729579925537,0.994369304549293
122,7,/home/nabizadz/Projects/Mahsa/datasets/grid/test/s30/sgaf9p.mpg,246,248,4.406909465789795,0.9321359247053339
122,8,/home/nabizadz/Projects/Mahsa/datasets/grid/test/s30/pwbh4a.mpg,102,104,4.0902323722839355,0.9976549616055775
122,9,/home/nabizadz/Projects/Mahsa/datasets/grid/test/s30/lbia4s.mpg,23,25,4.413020133972168,0.9971161767941114
122,10,/home/nabizadz/Projects/Mahsa/datasets/grid/test/s30/bwaq5p.mpg,120,122,4.304438591003418,0.9982323717924118
122,11,/home/nabizadz/Projects/Mahsa/datasets/grid/test/s30/lwbv8a.mpg,295,297,4.417757511138916,0.9999443181930135
122,12,/home/nabizadz/Projects/Mahsa/datasets/grid/test/s30/lwbjza.mpg,120,122,4.086438179016113,0.9982287715201522
122,13,/home/nabizadz/Projects/Mahsa/datasets/grid/test/s30/pbbg2a.mpg,288,290,4.26810359954834,0.9714711709646431
122,14,/home/nabizadz/Projects/Mahsa/datasets/grid/test/s30/pgbu5n.mpg,88,90,3.5070536136627197,0.9761366685091776
122,15,/home/nabizadz/Projects/Mahsa/datasets/grid/test/s30/lbbozs.mpg,246,248,4.377449035644531,0.9998505959502129
123,0,/home/nabizadz/Projects/Mahsa/datasets/grid/test/s30/prbg7p.mpg,194,196,4.350099086761475,0.9935616423871179
123,1,/home/nabizadz/Projects/Mahsa/datasets/grid/test/s30/lwwc8s.mpg,204,206,4.520507335662842,0.9989456394704948
123,2,/home/nabizadz/Projects/Mahsa/datasets/grid/test/s30/pwat5n.mpg,113,115,4.447353363037109,0.9999774492467557
123,3,/home/nabizadz/Projects/Mahsa/datasets/grid/test/s30/srie3p.mpg,70,72,4.365706920623779,0.9999816740048678
123,4,/home/nabizadz/Projects/Mahsa/datasets/grid/test/s30/sgwa2s.mpg,40,42,4.407404899597168,0.9999977000610982
123,5,/home/nabizadz/Projects/Mahsa/datasets/grid/test/s30/briv7n.mpg,255,257,4.404438495635986,0.9566960311073811
123,6,/home/nabizadz/Projects/Mahsa/datasets/grid/test/s30/lbin1n.mpg,192,194,4.305393218994141,0.9850043040567653
123,7,/home/nabizadz/Projects/Mahsa/datasets/grid/test/s30/pbbg1p.mpg,254,256,4.409997940063477,0.9999415917053286
123,8,/home/nabizadz/Projects/Mahsa/datasets/grid/test/s30/bbwj8a.mpg,161,163,4.100482940673828,0.9943660323282153
123,9,/home/nabizadz/Projects/Mahsa/datasets/grid/test/s30/bgak7p.mpg,65,67,3.3946590423583984,0.973894654267943
123,10,/home/nabizadz/Projects/Mahsa/datasets/grid/test/s30/srwz6s.mpg,35,37,4.365495204925537,0.9874495800090336
123,11,/home/nabizadz/Projects/Mahsa/datasets/grid/test/s30/sbby6s.mpg,173,175,4.393160343170166,0.998740453588423
123,12,/home/nabizadz/Projects/Mahsa/datasets/grid/test/s30/lbbu6a.mpg,213,215,3.877659320831299,0.9741117505872832
123,13,/home/nabizadz/Projects/Mahsa/datasets/grid/test/s30/pram5n.mpg,224,226,4.473696708679199,0.979467487331257
123,14,/home/nabizadz/Projects/Mahsa/datasets/grid/test/s30/brip5p.mpg,137,139,4.339461803436279,0.9974292769177081
123,15,/home/nabizadz/Projects/Mahsa/datasets/grid/test/s30/srwz7p.mpg,74,76,3.802140474319458,0.9928285064110458
124,0,/home/nabizadz/Projects/Mahsa/datasets/grid/test/s30/swbs5p.mpg,137,139,4.519742965698242,0.9999969681370192
124,1,/home/nabizadz/Projects/Mahsa/datasets/grid/test/s30/lwbp1n.mpg,194,196,4.376410961151123,0.9979167425766621
124,2,/home/nabizadz/Projects/Mahsa/datasets/grid/test/s30/pgbb6a.mpg,236,238,4.429228782653809,0.955262458321869
124,3,/home/nabizadz/Projects/Mahsa/datasets/grid/test/s30/prwuza.mpg,21,23,4.4218645095825195,0.9999995956207377
124,4,/home/nabizadz/Projects/Mahsa/datasets/grid/test/s30/lrab3n.mpg,253,255,4.525654315948486,0.9978399535181683
124,5,/home/nabizadz/Projects/Mahsa/datasets/grid/test/s30/swwm6a.mpg,139,141,3.8706963062286377,0.9956501776781003
124,6,/home/nabizadz/Projects/Mahsa/datasets/grid/test/s30/bgay5p.mpg,171,173,4.134349346160889,0.9962370237461308
124,7,/home/nabizadz/Projects/Mahsa/datasets/grid/test/s30/sbik2a.mpg,243,245,4.394443035125732,0.9843150571796174
124,8,/home/nabizadz/Projects/Mahsa/datasets/grid/test/s30/pwwh8a.mpg,211,213,4.01390266418457,0.9889646920823038
124,9,/home/nabizadz/Projects/Mahsa/datasets/grid/test/s30/prwh1p.mpg,22,24,4.323431015014648,0.9999829743312761
124,10,/home/nabizadz/Projects/Mahsa/datasets/grid/test/s30/bwbrza.mpg,81,83,4.102329254150391,0.9971103982058919
124,11,/home/nabizadz/Projects/Mahsa/datasets/grid/test/s30/swbz7n.mpg,277,279,4.600728511810303,0.9999999999999986
124,12,/home/nabizadz/Projects/Mahsa/datasets/grid/test/s30/lwwj4a.mpg,228,230,4.5009918212890625,0.9811261602417173
124,13,/home/nabizadz/Projects/Mahsa/datasets/grid/test/s30/bbwx4s.mpg,148,150,4.362975120544434,0.9983035167997669
124,14,/home/nabizadz/Projects/Mahsa/datasets/grid/test/s30/brbd5p.mpg,62,64,4.38988733291626,0.9996203263084692
124,15,/home/nabizadz/Projects/Mahsa/datasets/grid/test/s30/lwio6a.mpg,129,131,3.7706451416015625,0.991794492347848
125,0,/home/nabizadz/Projects/Mahsa/datasets/grid/test/s34/lbia2a.mpg,119,121,4.602243423461914,0.9999900687096215
125,1,/home/nabizadz/Projects/Mahsa/datasets/grid/test/s34/bbio5p.mpg,146,148,3.680753469467163,0.9895960462196997
125,2,/home/nabizadz/Projects/Mahsa/datasets/grid/test/s34/pgaa8a.mpg,208,210,4.162732124328613,0.9962708668156754
125,3,/home/nabizadz/Projects/Mahsa/datasets/grid/test/s34/lrau3p.mpg,21,23,4.554788112640381,0.9999972794431955
125,4,/home/nabizadz/Projects/Mahsa/datasets/grid/test/s34/brbx1n.mpg,245,247,4.531402111053467,0.9961056814801277
125,5,/home/nabizadz/Projects/Mahsa/datasets/grid/test/s34/lgwp7n.mpg,283,285,4.426252365112305,0.9652952934627184
125,6,/home/nabizadz/Projects/Mahsa/datasets/grid/test/s34/bgby6a.mpg,232,234,4.208523750305176,0.99584798716199
125,7,/home/nabizadz/Projects/Mahsa/datasets/grid/test/s34/lrit7n.mpg,188,190,3.9360368251800537,0.9896855373152874
125,8,/home/nabizadz/Projects/Mahsa/datasets/grid/test/s34/srbe5n.mpg,135,137,4.228081226348877,0.9996792626896333
125,9,/home/nabizadz/Projects/Mahsa/datasets/grid/test/s34/swik8s.mpg,260,262,4.509105205535889,0.9879116732676476
125,10,/home/nabizadz/Projects/Mahsa/datasets/grid/test/s34/sbak2a.mpg,138,140,3.9527945518493652,0.9817832253919777
125,11,/home/nabizadz/Projects/Mahsa/datasets/grid/test/s34/brii5n.mpg,13,15,4.577839374542236,1.0
125,12,/home/nabizadz/Projects/Mahsa/datasets/grid/test/s34/lrbu5n.mpg,287,289,4.538993835449219,1.0
125,13,/home/nabizadz/Projects/Mahsa/datasets/grid/test/s34/lwiu4s.mpg,215,217,4.419270038604736,0.997850485454465
125,14,/home/nabizadz/Projects/Mahsa/datasets/grid/test/s34/bgid6a.mpg,280,282,4.439542770385742,0.982891378155977
125,15,/home/nabizadz/Projects/Mahsa/datasets/grid/test/s34/lbwb2s.mpg,65,67,3.4814789295196533,0.9862018034022192
126,0,/home/nabizadz/Projects/Mahsa/datasets/grid/test/s34/sray5p.mpg,128,130,3.445516347885132,0.9894651184815431
126,1,/home/nabizadz/Projects/Mahsa/datasets/grid/test/s34/pgah2a.mpg,181,183,4.352736473083496,0.9997722616903527
126,2,/home/nabizadz/Projects/Mahsa/datasets/grid/test/s34/bgwr6a.mpg,150,152,4.5865559577941895,0.9997706638327265
126,3,/home/nabizadz/Projects/Mahsa/datasets/grid/test/s34/prwg6s.mpg,17,19,4.580816268920898,0.9999612090408438
126,4,/home/nabizadz/Projects/Mahsa/datasets/grid/test/s34/srbzza.mpg,79,81,4.001030445098877,0.9995295947219813
126,5,/home/nabizadz/Projects/Mahsa/datasets/grid/test/s34/bwip8a.mpg,235,237,3.8622477054595947,0.9919973961667112
126,6,/home/nabizadz/Projects/Mahsa/datasets/grid/test/s34/sbbk4s.mpg,273,275,3.836721897125244,0.9807996855218123
126,7,/home/nabizadz/Projects/Mahsa/datasets/grid/test/s34/lwbi5p.mpg,37,39,4.390812397003174,0.9996065447951767
126,8,/home/nabizadz/Projects/Mahsa/datasets/grid/test/s34/pbbz7n.mpg,64,66,3.702678680419922,0.978190785867543
126,9,/home/nabizadz/Projects/Mahsa/datasets/grid/test/s34/pgan5p.mpg,72,74,4.291568279266357,0.9984508180244154
126,10,/home/nabizadz/Projects/Mahsa/datasets/grid/test/s34/swiy6s.mpg,46,48,4.314612865447998,0.9960564103338687
126,11,/home/nabizadz/Projects/Mahsa/datasets/grid/test/s34/bgiq2s.mpg,81,83,4.530312538146973,0.9891545116291931
126,12,/home/nabizadz/Projects/Mahsa/datasets/grid/test/s34/sbbezs.mpg,71,73,4.364348888397217,0.9996960313352817
126,13,/home/nabizadz/Projects/Mahsa/datasets/grid/test/s34/sbbq7n.mpg,73,75,2.296975612640381,0.9803902480114293
126,14,/home/nabizadz/Projects/Mahsa/datasets/grid/test/s34/bwwy2s.mpg,74,76,4.3180646896362305,0.997863602672395
126,15,/home/nabizadz/Projects/Mahsa/datasets/grid/test/s34/lgav5p.mpg,157,159,3.8394367694854736,0.994328038909975
127,0,/home/nabizadz/Projects/Mahsa/datasets/grid/test/s34/pwbt8a.mpg,166,168,3.5069971084594727,0.9891123146454088
127,1,/home/nabizadz/Projects/Mahsa/datasets/grid/test/s34/sgisza.mpg,54,56,4.279318809509277,0.9997710441750334
127,2,/home/nabizadz/Projects/Mahsa/datasets/grid/test/s34/swwz9p.mpg,205,207,4.504253387451172,0.9994860430837473
127,3,/home/nabizadz/Projects/Mahsa/datasets/grid/test/s34/lgwp8s.mpg,297,299,4.475528717041016,1.0
127,4,/home/nabizadz/Projects/Mahsa/datasets/grid/test/s34/lgbp6a.mpg,60,62,3.535963535308838,0.9889891349677277
127,5,/home/nabizadz/Projects/Mahsa/datasets/grid/test/s34/braxza.mpg,116,118,4.166779518127441,0.9957094185662808
127,6,/home/nabizadz/Projects/Mahsa/datasets/grid/test/s34/lwai1p.mpg,253,255,4.565306186676025,0.9999992432014938
127,7,/home/nabizadz/Projects/Mahsa/datasets/grid/test/s34/pbbm2a.mpg,260,262,4.406638145446777,0.9999348530896519
127,8,/home/nabizadz/Projects/Mahsa/datasets/grid/test/s34/priz6s.mpg,294,296,4.51625394821167,0.999999996354327
127,9,/home/nabizadz/Projects/Mahsa/datasets/grid/test/s34/pwbn4a.mpg,21,23,4.5692973136901855,0.9999712832462494
127,10,/home/nabizadz/Projects/Mahsa/datasets/grid/test/s34/sgwg2s.mpg,48,50,4.567005157470703,0.9999827538385375
127,11,/home/nabizadz/Projects/Mahsa/datasets/grid/test/s34/bbav2s.mpg,123,125,4.474059581756592,0.9998340820758402
127,12,/home/nabizadz/Projects/Mahsa/datasets/grid/test/s34/lgbjzs.mpg,41,43,4.452081680297852,0.9999196170989167
127,13,/home/nabizadz/Projects/Mahsa/datasets/grid/test/s34/brajzs.mpg,214,216,4.395534038543701,0.9990151060228111
127,14,/home/nabizadz/Projects/Mahsa/datasets/grid/test/s34/bwwy4a.mpg,190,192,3.8579964637756348,0.990791779637289
127,15,/home/nabizadz/Projects/Mahsa/datasets/grid/test/s34/pbws9p.mpg,85,87,4.101280212402344,0.9918642556224745
128,0,/home/nabizadz/Projects/Mahsa/datasets/grid/test/s34/bgbk5n.mpg,16,18,4.547418594360352,0.9999990552109621
128,1,/home/nabizadz/Projects/Mahsa/datasets/grid/test/s34/bwip5n.mpg,212,214,4.155850410461426,0.9996324321703844
128,2,/home/nabizadz/Projects/Mahsa/datasets/grid/test/s34/bwbkzs.mpg,278,280,4.43006706237793,0.9999859686925578
128,3,/home/nabizadz/Projects/Mahsa/datasets/grid/test/s34/lbwb1n.mpg,219,221,4.155957221984863,0.9954573854291269
128,4,/home/nabizadz/Projects/Mahsa/datasets/grid/test/s34/pgbu4a.mpg,229,231,3.0892724990844727,0.9949598168442307
128,5,/home/nabizadz/Projects/Mahsa/datasets/grid/test/s34/pgbh4s.mpg,282,284,4.556634426116943,0.9999832340173719
128,6,/home/nabizadz/Projects/Mahsa/datasets/grid/test/s34/lbag9p.mpg,56,58,3.720247745513916,0.9887805420094681
128,7,/home/nabizadz/Projects/Mahsa/datasets/grid/test/s34/bbii1p.mpg,227,229,4.382185459136963,0.997894101672883
128,8,/home/nabizadz/Projects/Mahsa/datasets/grid/test/s34/pbiz2a.mpg,188,190,4.528928279876709,0.9994144354215401
128,9,/home/nabizadz/Projects/Mahsa/datasets/grid/test/s34/bgiq4a.mpg,180,182,4.533367156982422,0.9999201834771201
128,10,/home/nabizadz/Projects/Mahsa/datasets/grid/test/s34/lgwx3p.mpg,143,145,2.689375162124634,0.9981661048536248
128,11,/home/nabizadz/Projects/Mahsa/datasets/grid/test/s34/bwidza.mpg,125,127,4.359768390655518,0.999967076969422
128,12,/home/nabizadz/Projects/Mahsa/datasets/grid/test/s34/pbaz6a.mpg,148,150,4.322989463806152,0.9998658572380591
128,13,/home/nabizadz/Projects/Mahsa/datasets/grid/test/s34/bwbd6s.mpg,3,5,4.478728771209717,0.9999944103290117
128,14,/home/nabizadz/Projects/Mahsa/datasets/grid/test/s34/pwig1p.mpg,292,294,4.565535545349121,0.99990719631446
128,15,/home/nabizadz/Projects/Mahsa/datasets/grid/test/s34/lwao4s.mpg,214,216,4.418177127838135,0.9995286904551263
129,0,/home/nabizadz/Projects/Mahsa/datasets/grid/test/s34/swwmzs.mpg,191,193,4.06856107711792,0.9903222469471593
129,1,/home/nabizadz/Projects/Mahsa/datasets/grid/test/s34/bwwq9p.mpg,237,239,3.9250199794769287,0.9585842050998145
129,2,/home/nabizadz/Projects/Mahsa/datasets/grid/test/s34/pril8s.mpg,191,193,4.231808662414551,0.9930303417226792
129,3,/home/nabizadz/Projects/Mahsa/datasets/grid/test/s34/bgbr2a.mpg,146,148,4.138738632202148,0.9985619461288628
129,4,/home/nabizadz/Projects/Mahsa/datasets/grid/test/s34/bwad4a.mpg,268,270,4.410675048828125,0.9670203602255759
129,5,/home/nabizadz/Projects/Mahsa/datasets/grid/test/s34/pwaazs.mpg,100,102,3.8113880157470703,0.9925746857995935
129,6,/home/nabizadz/Projects/Mahsa/datasets/grid/test/s34/sgas3p.mpg,146,148,4.284322261810303,0.9999616202510919
129,7,/home/nabizadz/Projects/Mahsa/datasets/grid/test/s34/sgwg4a.mpg,261,263,4.585995674133301,0.9999969474046672
129,8,/home/nabizadz/Projects/Mahsa/datasets/grid/test/s34/sriq7p.mpg,82,84,3.7019894123077393,0.9937921636933373
129,9,/home/nabizadz/Projects/Mahsa/datasets/grid/test/s34/pwwh4a.mpg,75,77,4.371607780456543,0.999434952510693
129,10,/home/nabizadz/Projects/Mahsa/datasets/grid/test/s34/bwwezs.mpg,49,51,4.401183605194092,0.9920089170685913
129,11,/home/nabizadz/Projects/Mahsa/datasets/grid/test/s34/pwba5p.mpg,276,278,4.441924571990967,0.9997061902972079
129,12,/home/nabizadz/Projects/Mahsa/datasets/grid/test/s34/sbad5n.mpg,150,152,3.6474809646606445,0.986476448009171
129,13,/home/nabizadz/Projects/Mahsa/datasets/grid/test/s34/brbj3n.mpg,130,132,4.433540344238281,0.9999997674787904
129,14,/home/nabizadz/Projects/Mahsa/datasets/grid/test/s34/lwio1p.mpg,212,214,4.359777450561523,0.9988592543095851
129,15,/home/nabizadz/Projects/Mahsa/datasets/grid/test/s34/sray4s.mpg,288,290,4.536760330200195,0.9999999999999998
130,0,/home/nabizadz/Projects/Mahsa/datasets/grid/test/s34/pgaa6s.mpg,81,83,4.583797454833984,0.9999945848111332
130,1,/home/nabizadz/Projects/Mahsa/datasets/grid/test/s34/lgio7p.mpg,65,67,3.7485382556915283,0.9931805865854498
130,2,/home/nabizadz/Projects/Mahsa/datasets/grid/test/s34/lbba7n.mpg,242,244,4.132511138916016,0.9934236099813832
130,3,/home/nabizadz/Projects/Mahsa/datasets/grid/test/s34/bgbe3p.mpg,54,56,3.754772424697876,0.9875021551269193
130,4,/home/nabizadz/Projects/Mahsa/datasets/grid/test/s34/sgas2s.mpg,42,44,4.455846786499023,0.9957474419006793
130,5,/home/nabizadz/Projects/Mahsa/datasets/grid/test/s34/sbwk9p.mpg,60,62,4.505183219909668,0.994377649540006
130,6,/home/nabizadz/Projects/Mahsa/datasets/grid/test/s34/brip2a.mpg,165,167,4.106403827667236,0.9945435561351984
130,7,/home/nabizadz/Projects/Mahsa/datasets/grid/test/s34/srwl6a.mpg,29,31,4.508596420288086,0.9984980093476359
130,8,/home/nabizadz/Projects/Mahsa/datasets/grid/test/s34/sbwy5n.mpg,178,180,3.9718024730682373,0.9950604566372376
130,9,/home/nabizadz/Projects/Mahsa/datasets/grid/test/s34/brwj8s.mpg,13,15,4.544049263000488,0.999990227199972
130,10,/home/nabizadz/Projects/Mahsa/datasets/grid/test/s34/bbac2a.mpg,294,296,4.422984600067139,0.9993055584839616
130,11,/home/nabizadz/Projects/Mahsa/datasets/grid/test/s34/swik7n.mpg,251,253,4.213551044464111,0.994273680460359
130,12,/home/nabizadz/Projects/Mahsa/datasets/grid/test/s34/lwwc6a.mpg,60,62,4.423470973968506,0.9952183684906567
130,13,/home/nabizadz/Projects/Mahsa/datasets/grid/test/s34/swal1n.mpg,146,148,4.521535873413086,0.9999948510062832
130,14,/home/nabizadz/Projects/Mahsa/datasets/grid/test/s34/bbbp4a.mpg,67,69,4.112895488739014,0.9972908723172001
130,15,/home/nabizadz/Projects/Mahsa/datasets/grid/test/s34/sgas1n.mpg,140,142,4.3594183921813965,0.9998804752031053
131,0,/home/nabizadz/Projects/Mahsa/datasets/grid/test/s34/bgaq5n.mpg,135,137,4.387059211730957,0.9992338769410999
131,1,/home/nabizadz/Projects/Mahsa/datasets/grid/test/s34/brwx6s.mpg,85,87,4.444938659667969,0.9999470253865315
131,2,/home/nabizadz/Projects/Mahsa/datasets/grid/test/s34/sgws9n.mpg,96,98,2.568929433822632,0.9809770053055504
131,3,/home/nabizadz/Projects/Mahsa/datasets/grid/test/s34/sgbs6s.mpg,58,60,4.2482709884643555,0.9970687782747825
131,4,/home/nabizadz/Projects/Mahsa/datasets/grid/test/s34/brwkza.mpg,238,240,4.316104888916016,0.996224241718346
131,5,/home/nabizadz/Projects/Mahsa/datasets/grid/test/s34/brai9n.mpg,235,237,3.8122334480285645,0.9782354394541559
131,6,/home/nabizadz/Projects/Mahsa/datasets/grid/test/s34/pwam8s.mpg,133,135,3.565702438354492,0.9820393982993828
131,7,/home/nabizadz/Projects/Mahsa/datasets/grid/test/s34/pwim4s.mpg,159,161,3.801241397857666,0.9843556152913905
131,8,/home/nabizadz/Projects/Mahsa/datasets/grid/test/s34/sbbrza.mpg,291,293,4.507826805114746,0.9999888717675383
131,9,/home/nabizadz/Projects/Mahsa/datasets/grid/test/s34/swal2s.mpg,33,35,4.223210334777832,0.9984841270728237
131,10,/home/nabizadz/Projects/Mahsa/datasets/grid/test/s34/bbbv7p.mpg,38,40,4.399151802062988,0.9999918171736906
131,11,/home/nabizadz/Projects/Mahsa/datasets/grid/test/s34/lriuza.mpg,182,184,2.8059208393096924,0.9827281305757655
131,12,/home/nabizadz/Projects/Mahsa/datasets/grid/test/s34/pwbn1n.mpg,67,69,4.076829433441162,0.9952676171258339
131,13,/home/nabizadz/Projects/Mahsa/datasets/grid/test/s34/sbiq2a.mpg,132,134,4.146799087524414,0.9960221022538704
131,14,/home/nabizadz/Projects/Mahsa/datasets/grid/test/s34/sgwtzs.mpg,248,250,4.176009654998779,0.9975237598202256
131,15,/home/nabizadz/Projects/Mahsa/datasets/grid/test/s34/pwwh2s.mpg,260,262,4.376612663269043,0.9988035178198091
132,0,/home/nabizadz/Projects/Mahsa/datasets/grid/test/s34/priz8a.mpg,260,262,4.470086574554443,0.9999395872224732
132,1,/home/nabizadz/Projects/Mahsa/datasets/grid/test/s34/srwe9n.mpg,63,65,4.159809112548828,0.9976481176439342
132,2,/home/nabizadz/Projects/Mahsa/datasets/grid/test/s34/lgwc9n.mpg,273,275,4.3846282958984375,0.9868722368494798
132,3,/home/nabizadz/Projects/Mahsa/datasets/grid/test/s34/lbat5n.mpg,221,223,4.2414655685424805,0.9943375664632199
132,4,/home/nabizadz/Projects/Mahsa/datasets/grid/test/s34/lgwd1p.mpg,38,40,4.557626724243164,0.9999999887509553
132,5,/home/nabizadz/Projects/Mahsa/datasets/grid/test/s34/bwic9p.mpg,77,79,3.4701852798461914,0.9882527534819395
132,6,/home/nabizadz/Projects/Mahsa/datasets/grid/test/s34/srwf2a.mpg,175,177,4.098733901977539,0.998376402999219
132,7,/home/nabizadz/Projects/Mahsa/datasets/grid/test/s34/brac8a.mpg,204,206,4.082840919494629,0.9968390788196819
132,8,/home/nabizadz/Projects/Mahsa/datasets/grid/test/s34/sbix6a.mpg,94,96,3.5990920066833496,0.979788116368712
132,9,/home/nabizadz/Projects/Mahsa/datasets/grid/test/s34/lgbj1p.mpg,195,197,3.977226734161377,0.9918415660132011
132,10,/home/nabizadz/Projects/Mahsa/datasets/grid/test/s34/lgbi9n.mpg,115,117,4.509052753448486,0.9999686035192424
132,11,/home/nabizadz/Projects/Mahsa/datasets/grid/test/s34/sgamza.mpg,224,226,4.0980095863342285,0.9973126505551274
132,12,/home/nabizadz/Projects/Mahsa/datasets/grid/test/s34/pgah1p.mpg,237,239,4.259202480316162,0.9929808102965861
132,13,/home/nabizadz/Projects/Mahsa/datasets/grid/test/s34/lria6s.mpg,266,268,4.539047718048096,0.9989045927602329
132,14,/home/nabizadz/Projects/Mahsa/datasets/grid/test/s34/bwwk6a.mpg,89,91,3.8685989379882812,0.9919282677160105
132,15,/home/nabizadz/Projects/Mahsa/datasets/grid/test/s34/lrihzs.mpg,215,217,3.8888771533966064,0.9809312361196457
133,0,/home/nabizadz/Projects/Mahsa/datasets/grid/test/s34/brii6s.mpg,19,21,4.356716156005859,0.9952137508744882
133,1,/home/nabizadz/Projects/Mahsa/datasets/grid/test/s34/sgaf3n.mpg,129,131,4.383120059967041,0.9999231764465467
133,2,/home/nabizadz/Projects/Mahsa/datasets/grid/test/s34/srik4a.mpg,121,123,2.998075246810913,0.9927512830515003
133,3,/home/nabizadz/Projects/Mahsa/datasets/grid/test/s34/sbij5n.mpg,84,86,4.488031387329102,0.9999475667876554
133,4,/home/nabizadz/Projects/Mahsa/datasets/grid/test/s34/bwbk2a.mpg,227,229,3.860501527786255,0.992369690181386
133,5,/home/nabizadz/Projects/Mahsa/datasets/grid/test/s34/pwbhza.mpg,138,140,4.116797924041748,0.999107956842769
133,6,/home/nabizadz/Projects/Mahsa/datasets/grid/test/s34/bbao9p.mpg,132,134,4.088682174682617,0.9967504921348057
133,7,/home/nabizadz/Projects/Mahsa/datasets/grid/test/s34/sriq5n.mpg,99,101,4.4241156578063965,0.9997517914353775
133,8,/home/nabizadz/Projects/Mahsa/datasets/grid/test/s34/pbaf3p.mpg,103,105,4.452798843383789,0.9995984222350025
133,9,/home/nabizadz/Projects/Mahsa/datasets/grid/test/s34/bbbc4s.mpg,0,2,4.628436088562012,0.9996590530909935
133,10,/home/nabizadz/Projects/Mahsa/datasets/grid/test/s34/lrah3n.mpg,0,2,4.629936218261719,0.9999997462038407
133,11,/home/nabizadz/Projects/Mahsa/datasets/grid/test/s34/sgaz5n.mpg,37,39,4.3084869384765625,0.9988462153138534
133,12,/home/nabizadz/Projects/Mahsa/datasets/grid/test/s34/pbaz5p.mpg,59,61,3.812751054763794,0.990533126849497
133,13,/home/nabizadz/Projects/Mahsa/datasets/grid/test/s34/lrabzs.mpg,16,18,4.374881267547607,0.9970659608687559
133,14,/home/nabizadz/Projects/Mahsa/datasets/grid/test/s34/bwij3p.mpg,175,177,4.409294128417969,0.9999537253062066
133,15,/home/nabizadz/Projects/Mahsa/datasets/grid/test/s34/bbav1n.mpg,135,137,3.750826120376587,0.9826822350468392
134,0,/home/nabizadz/Projects/Mahsa/datasets/grid/test/s34/pwbt7p.mpg,165,167,3.626077651977539,0.9845256272691744
134,1,/home/nabizadz/Projects/Mahsa/datasets/grid/test/s34/bbib6s.mpg,168,170,3.6229195594787598,0.9895602827503241
134,2,/home/nabizadz/Projects/Mahsa/datasets/grid/test/s34/pbil4a.mpg,154,156,3.7563164234161377,0.9807066872568341
134,3,/home/nabizadz/Projects/Mahsa/datasets/grid/test/s34/bwaj8a.mpg,279,281,4.384870529174805,0.9777510563887049
134,4,/home/nabizadz/Projects/Mahsa/datasets/grid/test/s34/sbip9n.mpg,214,216,3.6250228881835938,0.9807332537435468
134,5,/home/nabizadz/Projects/Mahsa/datasets/grid/test/s34/bwad3p.mpg,253,255,4.479205131530762,0.9999999999999999
134,6,/home/nabizadz/Projects/Mahsa/datasets/grid/test/s34/lwih8a.mpg,142,144,2.8460116386413574,0.9954715812288342
134,7,/home/nabizadz/Projects/Mahsa/datasets/grid/test/s34/pbwtza.mpg,127,129,2.874382734298706,0.9838769526911043
134,8,/home/nabizadz/Projects/Mahsa/datasets/grid/test/s34/pwwbza.mpg,56,58,3.5205094814300537,0.984101695345294
134,9,/home/nabizadz/Projects/Mahsa/datasets/grid/test/s34/pwam7n.mpg,93,95,4.120019435882568,0.9952100215974506
134,10,/home/nabizadz/Projects/Mahsa/datasets/grid/test/s34/pwam9p.mpg,217,219,4.126493453979492,0.9827374557944066
134,11,/home/nabizadz/Projects/Mahsa/datasets/grid/test/s34/bwbd5n.mpg,140,142,4.350834369659424,0.9999490680048522
134,12,/home/nabizadz/Projects/Mahsa/datasets/grid/test/s34/srbe6s.mpg,271,273,4.529303550720215,1.0
134,13,/home/nabizadz/Projects/Mahsa/datasets/grid/test/s34/bwic8s.mpg,176,178,3.7804129123687744,0.9955470309923821
134,14,/home/nabizadz/Projects/Mahsa/datasets/grid/test/s34/sbaq3n.mpg,94,96,3.7687416076660156,0.9911263200088473
134,15,/home/nabizadz/Projects/Mahsa/datasets/grid/test/s34/lbag8s.mpg,255,257,4.549071788787842,0.988366129312038
135,0,/home/nabizadz/Projects/Mahsa/datasets/grid/test/s34/swaz2a.mpg,150,152,3.72312068939209,0.9853016283738865
135,1,/home/nabizadz/Projects/Mahsa/datasets/grid/test/s34/sbax8s.mpg,282,284,4.488330841064453,0.9999959272028864
135,2,/home/nabizadz/Projects/Mahsa/datasets/grid/test/s34/pginzs.mpg,273,275,4.42464542388916,0.999956872488831
135,3,/home/nabizadz/Projects/Mahsa/datasets/grid/test/s34/prbt2a.mpg,259,261,4.516009330749512,0.9999999999999999
135,4,/home/nabizadz/Projects/Mahsa/datasets/grid/test/s34/brii8a.mpg,133,135,3.908402919769287,0.995679744820608
135,5,/home/nabizadz/Projects/Mahsa/datasets/grid/test/s34/bwip7p.mpg,266,268,4.59219217300415,0.9999784856580899
135,6,/home/nabizadz/Projects/Mahsa/datasets/grid/test/s34/pwba4s.mpg,235,237,4.229454517364502,0.9991842449525764
135,7,/home/nabizadz/Projects/Mahsa/datasets/grid/test/s34/pgbb1p.mpg,151,153,3.8820841312408447,0.9946422146316048
135,8,/home/nabizadz/Projects/Mahsa/datasets/grid/test/s34/lrwcza.mpg,194,196,3.824824810028076,0.9878180595251136
135,9,/home/nabizadz/Projects/Mahsa/datasets/grid/test/s34/bbbv8a.mpg,162,164,4.000892162322998,0.9941276425588987
135,10,/home/nabizadz/Projects/Mahsa/datasets/grid/test/s34/lbba9p.mpg,164,166,4.1996893882751465,0.9952397743552571
135,11,/home/nabizadz/Projects/Mahsa/datasets/grid/test/s34/srak8a.mpg,215,217,4.1841888427734375,0.9969972536817275
135,12,/home/nabizadz/Projects/Mahsa/datasets/grid/test/s34/sbwk7n.mpg,254,256,4.301962852478027,0.9997735161293215
135,13,/home/nabizadz/Projects/Mahsa/datasets/grid/test/s34/lgbv9p.mpg,223,225,4.427572250366211,0.998758351575952
135,14,/home/nabizadz/Projects/Mahsa/datasets/grid/test/s34/lbbu2a.mpg,199,201,4.320240020751953,0.9989092658800974
135,15,/home/nabizadz/Projects/Mahsa/datasets/grid/test/s34/lwavza.mpg,139,141,4.312954902648926,0.9997572688907334
136,0,/home/nabizadz/Projects/Mahsa/datasets/grid/test/s34/srar2a.mpg,283,285,4.4380669593811035,0.9999999999999998
136,1,/home/nabizadz/Projects/Mahsa/datasets/grid/test/s34/sgwm6s.mpg,65,67,4.432102680206299,0.9975210164978674
136,2,/home/nabizadz/Projects/Mahsa/datasets/grid/test/s34/lgbc6s.mpg,29,31,4.509341239929199,0.9999999975285145
136,3,/home/nabizadz/Projects/Mahsa/datasets/grid/test/s34/lgac4a.mpg,297,299,4.426002025604248,0.9999999999999997
136,4,/home/nabizadz/Projects/Mahsa/datasets/grid/test/s34/pris4a.mpg,175,177,4.053994178771973,0.9935971761835232
136,5,/home/nabizadz/Projects/Mahsa/datasets/grid/test/s34/sgbm2s.mpg,112,114,3.240150213241577,0.9843677038132841
136,6,/home/nabizadz/Projects/Mahsa/datasets/grid/test/s34/sbwlza.mpg,229,231,4.564072132110596,0.9999762073850789
136,7,/home/nabizadz/Projects/Mahsa/datasets/grid/test/s34/prwa4a.mpg,22,24,4.542555809020996,0.9999275291949801
136,8,/home/nabizadz/Projects/Mahsa/datasets/grid/test/s34/sgiz3p.mpg,166,168,4.1475348472595215,0.9936356129512781
136,9,/home/nabizadz/Projects/Mahsa/datasets/grid/test/s34/srae3p.mpg,51,53,3.81878662109375,0.9827014543196472
136,10,/home/nabizadz/Projects/Mahsa/datasets/grid/test/s34/pbaf2s.mpg,279,281,4.493513107299805,0.9999926270029702
136,11,/home/nabizadz/Projects/Mahsa/datasets/grid/test/s34/lwwv7p.mpg,40,42,4.391791820526123,0.9947678149596587
136,12,/home/nabizadz/Projects/Mahsa/datasets/grid/test/s34/lgwx1n.mpg,10,12,4.48966121673584,0.9922020515813664
136,13,/home/nabizadz/Projects/Mahsa/datasets/grid/test/s34/praf8s.mpg,217,219,4.2014617919921875,0.9982111458788999
136,14,/home/nabizadz/Projects/Mahsa/datasets/grid/test/s34/pras8a.mpg,175,177,3.9261441230773926,0.992595377620274
136,15,/home/nabizadz/Projects/Mahsa/datasets/grid/test/s34/lwbi6a.mpg,99,101,3.5344395637512207,0.986464684444348
137,0,/home/nabizadz/Projects/Mahsa/datasets/grid/test/s34/swwf6s.mpg,218,220,4.095846652984619,0.9803236474899361
137,1,/home/nabizadz/Projects/Mahsa/datasets/grid/test/s34/sgbf7n.mpg,80,82,4.348490238189697,0.999934238303775
137,2,/home/nabizadz/Projects/Mahsa/datasets/grid/test/s34/pwbt5n.mpg,97,99,3.8490781784057617,0.9926501778054542
137,3,/home/nabizadz/Projects/Mahsa/datasets/grid/test/s34/lrbu6s.mpg,19,21,4.497485160827637,0.9999999991655167
137,4,/home/nabizadz/Projects/Mahsa/datasets/grid/test/s34/bwaq2a.mpg,174,176,4.207119941711426,0.9968667472251175
137,5,/home/nabizadz/Projects/Mahsa/datasets/grid/test/s34/srbe8a.mpg,185,187,4.45595645904541,0.9999875623496925
137,6,/home/nabizadz/Projects/Mahsa/datasets/grid/test/s34/pgia1n.mpg,244,246,4.3635406494140625,0.9760130983436782
137,7,/home/nabizadz/Projects/Mahsa/datasets/grid/test/s34/srak5n.mpg,251,253,4.136557102203369,0.9953171829370486
137,8,/home/nabizadz/Projects/Mahsa/datasets/grid/test/s34/sgbm4a.mpg,176,178,2.9933035373687744,0.9744249458242588
137,9,/home/nabizadz/Projects/Mahsa/datasets/grid/test/s34/swae7n.mpg,128,130,4.271259784698486,0.9998142422171841
137,10,/home/nabizadz/Projects/Mahsa/datasets/grid/test/s34/briv5p.mpg,241,243,4.498677730560303,0.9965481084468087
137,11,/home/nabizadz/Projects/Mahsa/datasets/grid/test/s34/pgan6a.mpg,117,119,3.786229133605957,0.9922202235558026
137,12,/home/nabizadz/Projects/Mahsa/datasets/grid/test/s34/sbiqzs.mpg,79,81,4.38178825378418,0.999863883933974
137,13,/home/nabizadz/Projects/Mahsa/datasets/grid/test/s34/lria5n.mpg,133,135,4.026155471801758,0.9921362166544313
137,14,/home/nabizadz/Projects/Mahsa/datasets/grid/test/s34/lrwo7p.mpg,160,162,2.986046314239502,0.9971342127284447
137,15,/home/nabizadz/Projects/Mahsa/datasets/grid/test/s34/prif6a.mpg,47,49,4.256330966949463,0.9976834980094866
138,0,/home/nabizadz/Projects/Mahsa/datasets/grid/test/s34/bbbp2s.mpg,146,148,3.8158440589904785,0.968228147534681
138,1,/home/nabizadz/Projects/Mahsa/datasets/grid/test/s34/lrwi3p.mpg,82,84,3.531953811645508,0.9876800947654573
138,2,/home/nabizadz/Projects/Mahsa/datasets/grid/test/s34/pbil1n.mpg,283,285,4.417903423309326,0.9999779468992844
138,3,/home/nabizadz/Projects/Mahsa/datasets/grid/test/s34/lrwvzs.mpg,184,186,3.8623876571655273,0.9898523567538395
138,4,/home/nabizadz/Projects/Mahsa/datasets/grid/test/s34/lgwj4s.mpg,4,6,4.5467915534973145,0.9999984018011027
138,5,/home/nabizadz/Projects/Mahsa/datasets/grid/test/s34/pbwf9n.mpg,122,124,4.279313087463379,0.9950105883131153
138,6,/home/nabizadz/Projects/Mahsa/datasets/grid/test/s34/pgig5n.mpg,100,102,4.002002239227295,0.9913556483270904
138,7,/home/nabizadz/Projects/Mahsa/datasets/grid/test/s34/lrwv2a.mpg,255,257,4.530457973480225,0.9999999999999996
138,8,/home/nabizadz/Projects/Mahsa/datasets/grid/test/s34/lrin6a.mpg,231,233,4.038320541381836,0.9849889591911009
138,9,/home/nabizadz/Projects/Mahsa/datasets/grid/test/s34/sbix3n.mpg,265,267,4.08505392074585,0.9993134210555883
138,10,/home/nabizadz/Projects/Mahsa/datasets/grid/test/s34/lwbb9n.mpg,214,216,4.111647605895996,0.9801874791367369
138,11,/home/nabizadz/Projects/Mahsa/datasets/grid/test/s34/bbiu7n.mpg,259,261,4.018309593200684,0.9900497196468399
138,12,/home/nabizadz/Projects/Mahsa/datasets/grid/test/s34/pram4a.mpg,23,25,4.439464569091797,0.9999999999999991
138,13,/home/nabizadz/Projects/Mahsa/datasets/grid/test/s34/brbx2s.mpg,32,34,4.3811140060424805,0.9999719016276762
138,14,/home/nabizadz/Projects/Mahsa/datasets/grid/test/s34/sbix4s.mpg,200,202,4.45306921005249,0.9983963306952212
138,15,/home/nabizadz/Projects/Mahsa/datasets/grid/test/s34/sgbgza.mpg,156,158,4.285561561584473,0.9988409695544405
139,0,/home/nabizadz/Projects/Mahsa/datasets/grid/test/s34/pwwh3p.mpg,192,194,4.030993938446045,0.9963456938768716
139,1,/home/nabizadz/Projects/Mahsa/datasets/grid/test/s34/brwd5p.mpg,18,20,4.536881923675537,0.9999998002299174
139,2,/home/nabizadz/Projects/Mahsa/datasets/grid/test/s34/lbig5p.mpg,283,285,4.376224040985107,0.9999488500699496
139,3,/home/nabizadz/Projects/Mahsa/datasets/grid/test/s34/pgia3p.mpg,70,72,4.564966201782227,0.9997666603174168
139,4,/home/nabizadz/Projects/Mahsa/datasets/grid/test/s34/pbbf5n.mpg,160,162,4.433130264282227,0.9999636852440347
139,5,/home/nabizadz/Projects/Mahsa/datasets/grid/test/s34/lbwb3p.mpg,138,140,3.573101043701172,0.9784733354939371
139,6,/home/nabizadz/Projects/Mahsa/datasets/grid/test/s34/lwwv5n.mpg,205,207,4.005749702453613,0.9909036692810846
139,7,/home/nabizadz/Projects/Mahsa/datasets/grid/test/s34/brii7p.mpg,150,152,4.355905532836914,0.9998206327811435
139,8,/home/nabizadz/Projects/Mahsa/datasets/grid/test/s34/lrau2s.mpg,173,175,3.994520664215088,0.9836425498111095
139,9,/home/nabizadz/Projects/Mahsa/datasets/grid/test/s34/pgbh6a.mpg,134,136,3.7417099475860596,0.9923262197817558
139,10,/home/nabizadz/Projects/Mahsa/datasets/grid/test/s34/bric3p.mpg,174,176,3.7949392795562744,0.9923233268514724
139,11,/home/nabizadz/Projects/Mahsa/datasets/grid/test/s34/lgib7n.mpg,194,196,4.160995006561279,0.9788407849040506
139,12,/home/nabizadz/Projects/Mahsa/datasets/grid/test/s34/pwif9n.mpg,256,258,4.4678215980529785,0.9992073148526368
139,13,/home/nabizadz/Projects/Mahsa/datasets/grid/test/s34/pgwb6a.mpg,197,199,4.282153606414795,0.9946755727806782
139,14,/home/nabizadz/Projects/Mahsa/datasets/grid/test/s34/sbaj9n.mpg,18,20,4.4972310066223145,0.9964960590131371
139,15,/home/nabizadz/Projects/Mahsa/datasets/grid/test/s34/bgbe2s.mpg,71,73,3.573049783706665,0.9941931309070673
140,0,/home/nabizadz/Projects/Mahsa/datasets/grid/test/s34/lbag7n.mpg,190,192,3.9782207012176514,0.9929748269230763
140,1,/home/nabizadz/Projects/Mahsa/datasets/grid/test/s34/bgid4s.mpg,75,77,3.8626091480255127,0.9916929162495304
140,2,/home/nabizadz/Projects/Mahsa/datasets/grid/test/s34/bgwe7p.mpg,111,113,4.303102493286133,0.9999108259623296
140,3,/home/nabizadz/Projects/Mahsa/datasets/grid/test/s34/lwwv8a.mpg,7,9,4.519927024841309,0.9999886559166723
140,4,/home/nabizadz/Projects/Mahsa/datasets/grid/test/s34/lwwc5p.mpg,189,191,4.387972831726074,0.9999846391466897
140,5,/home/nabizadz/Projects/Mahsa/datasets/grid/test/s34/bwix2a.mpg,35,37,4.440525054931641,0.9937266084774045
140,6,/home/nabizadz/Projects/Mahsa/datasets/grid/test/s34/lraoza.mpg,81,83,3.6322360038757324,0.9899457325477666
140,7,/home/nabizadz/Projects/Mahsa/datasets/grid/test/s34/pgit4s.mpg,234,236,4.24635124206543,0.9944007258652261
140,8,/home/nabizadz/Projects/Mahsa/datasets/grid/test/s34/pgbn9p.mpg,277,279,4.46378755569458,0.9999999999999994
140,9,/home/nabizadz/Projects/Mahsa/datasets/grid/test/s34/lrbo1n.mpg,178,180,4.051783561706543,0.991908129206021
140,10,/home/nabizadz/Projects/Mahsa/datasets/grid/test/s34/praf7n.mpg,241,243,4.043701648712158,0.9889972912873343
140,11,/home/nabizadz/Projects/Mahsa/datasets/grid/test/s34/pgwb3n.mpg,207,209,3.083095073699951,0.9857471698642507
140,12,/home/nabizadz/Projects/Mahsa/datasets/grid/test/s34/pbal5n.mpg,208,210,3.8859670162200928,0.9950545526688032
140,13,/home/nabizadz/Projects/Mahsa/datasets/grid/test/s34/srwr9p.mpg,96,98,4.044662952423096,0.9985092553842938
140,14,/home/nabizadz/Projects/Mahsa/datasets/grid/test/s34/sbbe2a.mpg,111,113,4.338974952697754,0.9988572196550121
140,15,/home/nabizadz/Projects/Mahsa/datasets/grid/test/s34/pbbf8a.mpg,180,182,3.890500545501709,0.9942054065257997
141,0,/home/nabizadz/Projects/Mahsa/datasets/grid/test/s34/lwai2a.mpg,135,137,3.707120895385742,0.984871896398882
141,1,/home/nabizadz/Projects/Mahsa/datasets/grid/test/s34/pbwm4s.mpg,89,91,4.393032073974609,0.998983742581442
141,2,/home/nabizadz/Projects/Mahsa/datasets/grid/test/s34/priz5n.mpg,115,117,4.040626049041748,0.9945701302967153
141,3,/home/nabizadz/Projects/Mahsa/datasets/grid/test/s34/lwau7n.mpg,38,40,4.354414463043213,0.9999712350945318
141,4,/home/nabizadz/Projects/Mahsa/datasets/grid/test/s34/bwbx7n.mpg,44,46,4.382347583770752,0.9999919366596731
141,5,/home/nabizadz/Projects/Mahsa/datasets/grid/test/s34/bwax3n.mpg,45,47,4.080674648284912,0.998059830964848
141,6,/home/nabizadz/Projects/Mahsa/datasets/grid/test/s34/sbaq6a.mpg,170,172,4.3560357093811035,0.9997746564627502
141,7,/home/nabizadz/Projects/Mahsa/datasets/grid/test/s34/pgbh5p.mpg,173,175,3.928481101989746,0.9933696380047897
141,8,/home/nabizadz/Projects/Mahsa/datasets/grid/test/s34/bbio4s.mpg,70,72,3.6541593074798584,0.990642646073101
141,9,/home/nabizadz/Projects/Mahsa/datasets/grid/test/s34/lrwb7n.mpg,129,131,4.399590969085693,0.999039390052086
141,10,/home/nabizadz/Projects/Mahsa/datasets/grid/test/s34/pwaa1p.mpg,24,26,4.4146552085876465,0.9999998417063763
141,11,/home/nabizadz/Projects/Mahsa/datasets/grid/test/s34/bbac1p.mpg,292,294,4.4155097007751465,0.9997964772756132
141,12,/home/nabizadz/Projects/Mahsa/datasets/grid/test/s34/bwaq1p.mpg,183,185,3.640524387359619,0.9819369035523369
141,13,/home/nabizadz/Projects/Mahsa/datasets/grid/test/s34/sgaf5p.mpg,144,146,2.467477798461914,0.9853191360809817
141,14,/home/nabizadz/Projects/Mahsa/datasets/grid/test/s34/sgbf9p.mpg,78,80,4.151098251342773,0.9990862677529574
141,15,/home/nabizadz/Projects/Mahsa/datasets/grid/test/s34/swie5p.mpg,138,140,4.411035537719727,0.9993956365591986
142,0,/home/nabizadz/Projects/Mahsa/datasets/grid/test/s34/lwwi8s.mpg,99,101,4.349002838134766,0.99965122127354
142,1,/home/nabizadz/Projects/Mahsa/datasets/grid/test/s34/bbwp6s.mpg,106,108,4.1941237449646,0.9973907132876514
142,2,/home/nabizadz/Projects/Mahsa/datasets/grid/test/s34/lbbh2s.mpg,260,262,3.7827916145324707,0.9838812740131131
142,3,/home/nabizadz/Projects/Mahsa/datasets/grid/test/s34/bbiu9p.mpg,235,237,4.422154426574707,0.9860076237611154
142,4,/home/nabizadz/Projects/Mahsa/datasets/grid/test/s34/sbbk6a.mpg,221,223,3.95939040184021,0.9929721897444557
142,5,/home/nabizadz/Projects/Mahsa/datasets/grid/test/s34/bwwy1n.mpg,291,293,4.398848533630371,0.9991455846906199
142,6,/home/nabizadz/Projects/Mahsa/datasets/grid/test/s34/lria8a.mpg,284,286,4.518073081970215,0.9999852767984164
142,7,/home/nabizadz/Projects/Mahsa/datasets/grid/test/s34/pbaf1n.mpg,69,71,4.570644378662109,0.9997765931030549
142,8,/home/nabizadz/Projects/Mahsa/datasets/grid/test/s34/pgia2s.mpg,243,245,3.8898372650146484,0.9821658914673308
142,9,/home/nabizadz/Projects/Mahsa/datasets/grid/test/s34/bbai3n.mpg,235,237,4.112057209014893,0.9911254174475002
142,10,/home/nabizadz/Projects/Mahsa/datasets/grid/test/s34/pbaz3n.mpg,128,130,3.823345899581909,0.9889617870281209
142,11,/home/nabizadz/Projects/Mahsa/datasets/grid/test/s34/lgbc7p.mpg,297,299,4.4075517654418945,0.9999999999999997
142,12,/home/nabizadz/Projects/Mahsa/datasets/grid/test/s34/sgal8s.mpg,228,230,4.489412784576416,0.9975255824062164
142,13,/home/nabizadz/Projects/Mahsa/datasets/grid/test/s34/lwau8s.mpg,269,271,4.101239204406738,0.9978289533521224
142,14,/home/nabizadz/Projects/Mahsa/datasets/grid/test/s34/bbio3n.mpg,70,72,3.5288374423980713,0.9903937219210655
142,15,/home/nabizadz/Projects/Mahsa/datasets/grid/test/s34/bgwr3n.mpg,234,236,4.186071872711182,0.9927848535137486
143,0,/home/nabizadz/Projects/Mahsa/datasets/grid/test/s34/prbm8a.mpg,206,208,4.406119346618652,0.9999904700905657
143,1,/home/nabizadz/Projects/Mahsa/datasets/grid/test/s34/srik1n.mpg,148,150,4.0456390380859375,0.9948141398004656
143,2,/home/nabizadz/Projects/Mahsa/datasets/grid/test/s34/bgij7n.mpg,34,36,4.482018947601318,0.9999982617417095
143,3,/home/nabizadz/Projects/Mahsa/datasets/grid/test/s34/lbaa3n.mpg,204,206,3.9517786502838135,0.983478784040023
143,4,/home/nabizadz/Projects/Mahsa/datasets/grid/test/s34/bgay1p.mpg,275,277,4.419493198394775,0.9995452477497432
143,5,/home/nabizadz/Projects/Mahsa/datasets/grid/test/s34/lgbc5n.mpg,59,61,3.8002874851226807,0.9937570222238156
143,6,/home/nabizadz/Projects/Mahsa/datasets/grid/test/s34/srae1n.mpg,151,153,3.9749560356140137,0.9930408448314817
143,7,/home/nabizadz/Projects/Mahsa/datasets/grid/test/s34/lwau9p.mpg,199,201,3.927267551422119,0.9933530874418176
143,8,/home/nabizadz/Projects/Mahsa/datasets/grid/test/s34/pwwa7n.mpg,260,262,4.557762145996094,0.9999982652142845
143,9,/home/nabizadz/Projects/Mahsa/datasets/grid/test/s34/sray6a.mpg,199,201,4.183221340179443,0.9932894509635222
143,10,/home/nabizadz/Projects/Mahsa/datasets/grid/test/s34/prwg7p.mpg,244,246,4.374264717102051,0.9981226681702389
143,11,/home/nabizadz/Projects/Mahsa/datasets/grid/test/s34/lbbh4a.mpg,85,87,2.6581037044525146,0.9904329848021355
143,12,/home/nabizadz/Projects/Mahsa/datasets/grid/test/s34/lbit2s.mpg,233,235,4.227998733520508,0.9909415046569767
143,13,/home/nabizadz/Projects/Mahsa/datasets/grid/test/s34/sbby4a.mpg,10,12,4.501367568969727,0.9994525831646012
143,14,/home/nabizadz/Projects/Mahsa/datasets/grid/test/s34/lbwu5p.mpg,39,41,4.474879741668701,0.9999914355421351
143,15,/home/nabizadz/Projects/Mahsa/datasets/grid/test/s34/sgbs5n.mpg,35,37,4.300775527954102,0.9942772095740264
144,0,/home/nabizadz/Projects/Mahsa/datasets/grid/test/s34/bbwx1p.mpg,174,176,3.5220823287963867,0.9790645733345335
144,1,/home/nabizadz/Projects/Mahsa/datasets/grid/test/s34/sbij6s.mpg,189,191,4.436769485473633,0.9998004250780459
144,2,/home/nabizadz/Projects/Mahsa/datasets/grid/test/s34/sbwy6s.mpg,181,183,4.3644866943359375,0.9998809500721256
144,3,/home/nabizadz/Projects/Mahsa/datasets/grid/test/s34/bwbq3n.mpg,74,76,3.9698328971862793,0.9875952242536362
144,4,/home/nabizadz/Projects/Mahsa/datasets/grid/test/s34/bbbc6a.mpg,291,293,4.582830429077148,0.9999886100088689
144,5,/home/nabizadz/Projects/Mahsa/datasets/grid/test/s34/lbbbza.mpg,283,285,4.345318794250488,0.9998891308718701
144,6,/home/nabizadz/Projects/Mahsa/datasets/grid/test/s34/bbav4a.mpg,1,3,4.501806259155273,0.9999957177306551
144,7,/home/nabizadz/Projects/Mahsa/datasets/grid/test/s34/sbad8a.mpg,56,58,4.352072715759277,0.999839756842212
144,8,/home/nabizadz/Projects/Mahsa/datasets/grid/test/s34/bgikza.mpg,107,109,3.44515323638916,0.9860087791851179
144,9,/home/nabizadz/Projects/Mahsa/datasets/grid/test/s34/lgai6s.mpg,124,126,3.695575714111328,0.9873400477624439
144,10,/home/nabizadz/Projects/Mahsa/datasets/grid/test/s34/bbai4s.mpg,29,31,4.547050476074219,0.9932425176520367
144,11,/home/nabizadz/Projects/Mahsa/datasets/grid/test/s34/lgii1n.mpg,213,215,3.8825833797454834,0.9855810800286149
144,12,/home/nabizadz/Projects/Mahsa/datasets/grid/test/s34/sbad7p.mpg,253,255,4.256677150726318,0.9996336680960521
144,13,/home/nabizadz/Projects/Mahsa/datasets/grid/test/s34/pbaz4s.mpg,172,174,4.316849708557129,0.9974983180251346
144,14,/home/nabizadz/Projects/Mahsa/datasets/grid/test/s34/lwiu3n.mpg,103,105,3.6887717247009277,0.9894315920540134
144,15,/home/nabizadz/Projects/Mahsa/datasets/grid/test/s34/bbbp3p.mpg,154,156,3.7636451721191406,0.9819987867505053
145,0,/home/nabizadz/Projects/Mahsa/datasets/grid/test/s34/bgwe6s.mpg,155,157,3.8450069427490234,0.9924923338347298
145,1,/home/nabizadz/Projects/Mahsa/datasets/grid/test/s34/brbdzs.mpg,257,259,4.55314302444458,0.9999957062995763
145,2,/home/nabizadz/Projects/Mahsa/datasets/grid/test/s34/bric2s.mpg,95,97,3.6488022804260254,0.9922985209968741
145,3,/home/nabizadz/Projects/Mahsa/datasets/grid/test/s34/pbie9p.mpg,89,91,3.7099037170410156,0.9854054735062814
145,4,/home/nabizadz/Projects/Mahsa/datasets/grid/test/s34/lrbb4s.mpg,243,245,4.148170471191406,0.9894503878663752
145,5,/home/nabizadz/Projects/Mahsa/datasets/grid/test/s34/lwbi3n.mpg,119,121,4.365436553955078,0.9996754441244348
145,6,/home/nabizadz/Projects/Mahsa/datasets/grid/test/s34/pbar9n.mpg,239,241,3.993849277496338,0.9875737428876804
145,7,/home/nabizadz/Projects/Mahsa/datasets/grid/test/s34/lbwh8a.mpg,60,62,3.586888074874878,0.9722053914068788
145,8,/home/nabizadz/Projects/Mahsa/datasets/grid/test/s34/lrwo8a.mpg,298,300,4.62415075302124,1.0
145,9,/home/nabizadz/Projects/Mahsa/datasets/grid/test/s34/srbr4s.mpg,89,91,3.7289721965789795,0.9889745122556971
145,10,/home/nabizadz/Projects/Mahsa/datasets/grid/test/s34/pbwg2a.mpg,52,54,3.6234073638916016,0.9845327356802777
145,11,/home/nabizadz/Projects/Mahsa/datasets/grid/test/s34/bgij9p.mpg,118,120,4.371352195739746,0.9999522764852714
145,12,/home/nabizadz/Projects/Mahsa/datasets/grid/test/s34/pgwh7n.mpg,10,12,4.46779203414917,0.9982958250548213
145,13,/home/nabizadz/Projects/Mahsa/datasets/grid/test/s34/swbr9n.mpg,73,75,3.9609005451202393,0.9909290146262709
145,14,/home/nabizadz/Projects/Mahsa/datasets/grid/test/s34/pgwu7p.mpg,20,22,4.36328125,0.998133730524889
145,15,/home/nabizadz/Projects/Mahsa/datasets/grid/test/s34/sbwe3n.mpg,136,138,4.0737175941467285,0.9943440315496404
146,0,/home/nabizadz/Projects/Mahsa/datasets/grid/test/s34/bbivza.mpg,240,242,4.380384922027588,0.9999949161685022
146,1,/home/nabizadz/Projects/Mahsa/datasets/grid/test/s34/sgif2a.mpg,237,239,4.312868118286133,0.9971916480958788
146,2,/home/nabizadz/Projects/Mahsa/datasets/grid/test/s34/sgifzs.mpg,279,281,4.387436389923096,0.9998728401756846
146,3,/home/nabizadz/Projects/Mahsa/datasets/grid/test/s34/bbbp1n.mpg,48,50,3.3506600856781006,0.9900307947139598
146,4,/home/nabizadz/Projects/Mahsa/datasets/grid/test/s34/bwwk3n.mpg,15,17,4.534151554107666,0.9999999999999998
146,5,/home/nabizadz/Projects/Mahsa/datasets/grid/test/s34/lbbn5n.mpg,297,299,4.507352828979492,1.0
146,6,/home/nabizadz/Projects/Mahsa/datasets/grid/test/s34/sbwy8a.mpg,9,11,4.505645751953125,0.9996327592542201
146,7,/home/nabizadz/Projects/Mahsa/datasets/grid/test/s34/pwwa8s.mpg,293,295,4.38608455657959,0.9994374161662415
146,8,/home/nabizadz/Projects/Mahsa/datasets/grid/test/s34/sgaz6s.mpg,102,104,4.222929000854492,0.9967686919891385
146,9,/home/nabizadz/Projects/Mahsa/datasets/grid/test/s34/bbbc5p.mpg,253,255,4.381045818328857,0.998272490089275
146,10,/home/nabizadz/Projects/Mahsa/datasets/grid/test/s34/bwwk5p.mpg,15,17,4.502248764038086,0.9999824865224372
146,11,/home/nabizadz/Projects/Mahsa/datasets/grid/test/s34/lgao9n.mpg,83,85,2.614853620529175,0.9782548831639514
146,12,/home/nabizadz/Projects/Mahsa/datasets/grid/test/s34/lwbc1p.mpg,276,278,4.561665058135986,0.9999931163590393
146,13,/home/nabizadz/Projects/Mahsa/datasets/grid/test/s34/lbat8a.mpg,268,270,4.50936222076416,0.998601430877137
146,14,/home/nabizadz/Projects/Mahsa/datasets/grid/test/s34/bbwx2a.mpg,260,262,4.433796405792236,0.9825357240831509
146,15,/home/nabizadz/Projects/Mahsa/datasets/grid/test/s34/pbal7p.mpg,29,31,4.438302516937256,0.9999996485458561
147,0,/home/nabizadz/Projects/Mahsa/datasets/grid/test/s34/bbib8a.mpg,257,259,4.4011383056640625,0.998622158036027
147,1,/home/nabizadz/Projects/Mahsa/datasets/grid/test/s34/brbp8s.mpg,203,205,4.224609375,0.9954764931722081
147,2,/home/nabizadz/Projects/Mahsa/datasets/grid/test/s34/prif4s.mpg,194,196,4.328503608703613,0.9995982471131787
147,3,/home/nabizadz/Projects/Mahsa/datasets/grid/test/s34/prwt6a.mpg,65,67,3.791381359100342,0.9899952097839027
147,4,/home/nabizadz/Projects/Mahsa/datasets/grid/test/s34/brwd4s.mpg,123,125,3.7777724266052246,0.9902282295448986
147,5,/home/nabizadz/Projects/Mahsa/datasets/grid/test/s34/srak6s.mpg,119,121,4.467577934265137,0.9999911396716367
147,6,/home/nabizadz/Projects/Mahsa/datasets/grid/test/s34/lria7p.mpg,113,115,4.414311408996582,0.9986703844870526
147,7,/home/nabizadz/Projects/Mahsa/datasets/grid/test/s34/lrit9p.mpg,73,75,3.702313184738159,0.9931033166799251
147,8,/home/nabizadz/Projects/Mahsa/datasets/grid/test/s34/pwat1n.mpg,47,49,4.501490116119385,0.988334244123736
147,9,/home/nabizadz/Projects/Mahsa/datasets/grid/test/s34/prwt5p.mpg,52,54,3.1393749713897705,0.9756075836731871
147,10,/home/nabizadz/Projects/Mahsa/datasets/grid/test/s34/sbij7p.mpg,175,177,3.9521524906158447,0.9706910954080347
147,11,/home/nabizadz/Projects/Mahsa/datasets/grid/test/s34/pwbn2s.mpg,222,224,3.7205469608306885,0.9794190041581701
147,12,/home/nabizadz/Projects/Mahsa/datasets/grid/test/s34/sgal9p.mpg,49,51,2.5835213661193848,0.9962250887261379
147,13,/home/nabizadz/Projects/Mahsa/datasets/grid/test/s34/bgay2a.mpg,43,45,4.564937114715576,0.9999952493048252
147,14,/home/nabizadz/Projects/Mahsa/datasets/grid/test/s34/srwz1n.mpg,4,6,4.501593589782715,0.995277016955799
147,15,/home/nabizadz/Projects/Mahsa/datasets/grid/test/s34/pwba3n.mpg,279,281,4.571831226348877,0.9999900513704327
148,0,/home/nabizadz/Projects/Mahsa/datasets/grid/test/s34/lgii3p.mpg,106,108,3.5663833618164062,0.9839538806564232
148,1,/home/nabizadz/Projects/Mahsa/datasets/grid/test/s34/bbwj2s.mpg,65,67,3.4212865829467773,0.9839470337971084
148,2,/home/nabizadz/Projects/Mahsa/datasets/grid/test/s34/srid9p.mpg,4,6,4.4954705238342285,0.9978366780884033
148,3,/home/nabizadz/Projects/Mahsa/datasets/grid/test/s34/bgix6s.mpg,273,275,4.41023063659668,0.999013874103669
148,4,/home/nabizadz/Projects/Mahsa/datasets/grid/test/s34/pgauza.mpg,74,76,3.02524995803833,0.9916727635008947
148,5,/home/nabizadz/Projects/Mahsa/datasets/grid/test/s34/lgav3n.mpg,212,214,3.7066755294799805,0.9858909076429545
148,6,/home/nabizadz/Projects/Mahsa/datasets/grid/test/s34/sgbm1n.mpg,297,299,4.452820777893066,1.0
148,7,/home/nabizadz/Projects/Mahsa/datasets/grid/test/s34/lwib1n.mpg,55,57,4.378262042999268,0.9933508039631721
148,8,/home/nabizadz/Projects/Mahsa/datasets/grid/test/s34/pgwb4s.mpg,220,222,4.024954319000244,0.9977822265650834
148,9,/home/nabizadz/Projects/Mahsa/datasets/grid/test/s34/lgbp3n.mpg,209,211,3.481741189956665,0.9848071696325417
148,10,/home/nabizadz/Projects/Mahsa/datasets/grid/test/s34/pgag9n.mpg,224,226,4.231146335601807,0.9990520283360363
148,11,/home/nabizadz/Projects/Mahsa/datasets/grid/test/s34/bgid3n.mpg,290,292,4.516323089599609,0.9999805517289145
148,12,/home/nabizadz/Projects/Mahsa/datasets/grid/test/s34/sbbq8s.mpg,44,46,4.246504306793213,0.9942005677053457
148,13,/home/nabizadz/Projects/Mahsa/datasets/grid/test/s34/praf9p.mpg,175,177,4.099267959594727,0.997754673446643
148,14,/home/nabizadz/Projects/Mahsa/datasets/grid/test/s34/pras6s.mpg,4,6,4.541766166687012,0.9999939094544947
148,15,/home/nabizadz/Projects/Mahsa/datasets/grid/test/s34/srwl4s.mpg,267,269,4.384640216827393,0.9977481910992978
149,0,/home/nabizadz/Projects/Mahsa/datasets/grid/test/s34/pwwuzs.mpg,190,192,3.6715359687805176,0.9882214303119571
149,1,/home/nabizadz/Projects/Mahsa/datasets/grid/test/s34/bwij1n.mpg,17,19,4.408285140991211,0.9999900075215579
149,2,/home/nabizadz/Projects/Mahsa/datasets/grid/test/s34/bgaq7p.mpg,269,271,4.529120445251465,0.9999969127988676
149,3,/home/nabizadz/Projects/Mahsa/datasets/grid/test/s34/lwih5n.mpg,131,133,4.35102653503418,0.9988233371816971
149,4,/home/nabizadz/Projects/Mahsa/datasets/grid/test/s34/lbig6a.mpg,94,96,3.3251214027404785,0.9865220934669278
149,5,/home/nabizadz/Projects/Mahsa/datasets/grid/test/s34/bbbv6s.mpg,100,102,3.898883819580078,0.9951759649037711
149,6,/home/nabizadz/Projects/Mahsa/datasets/grid/test/s34/lwib3p.mpg,230,232,4.55952262878418,0.9990635546364828
149,7,/home/nabizadz/Projects/Mahsa/datasets/grid/test/s34/sgbz9n.mpg,66,68,3.9768829345703125,0.9907490953632928
149,8,/home/nabizadz/Projects/Mahsa/datasets/grid/test/s34/priz7p.mpg,232,234,4.098705291748047,0.9816788096340687
149,9,/home/nabizadz/Projects/Mahsa/datasets/grid/test/s34/swwz8s.mpg,42,44,4.405386447906494,0.9999812873261947
149,10,/home/nabizadz/Projects/Mahsa/datasets/grid/test/s34/bgij8s.mpg,188,190,4.107340335845947,0.9938536579405789
149,11,/home/nabizadz/Projects/Mahsa/datasets/grid/test/s34/lrih1p.mpg,204,206,4.383216857910156,0.9990547060507803
149,12,/home/nabizadz/Projects/Mahsa/datasets/grid/test/s34/bbbi9p.mpg,230,232,4.4375901222229,0.9874476004551831
149,13,/home/nabizadz/Projects/Mahsa/datasets/grid/test/s34/sgiz1n.mpg,182,184,2.809889316558838,0.9718922741845251
149,14,/home/nabizadz/Projects/Mahsa/datasets/grid/test/s34/bbii2a.mpg,145,147,3.724807024002075,0.9947097444120592
149,15,/home/nabizadz/Projects/Mahsa/datasets/grid/test/s34/lgwj3n.mpg,91,93,2.7644901275634766,0.9656302066135858
150,0,/home/nabizadz/Projects/Mahsa/datasets/grid/test/s34/bwaqzs.mpg,165,167,3.9704983234405518,0.9906463614416589
150,1,/home/nabizadz/Projects/Mahsa/datasets/grid/test/s34/brwx8a.mpg,160,162,3.803680658340454,0.9889206497546749
150,2,/home/nabizadz/Projects/Mahsa/datasets/grid/test/s34/brwx7p.mpg,152,154,4.3867645263671875,0.9947706189764944
150,3,/home/nabizadz/Projects/Mahsa/datasets/grid/test/s34/lbwh6s.mpg,217,219,3.931464195251465,0.9800363366060901
150,4,/home/nabizadz/Projects/Mahsa/datasets/grid/test/s34/lrbb5p.mpg,125,127,4.3590312004089355,0.9996613989560719
150,5,/home/nabizadz/Projects/Mahsa/datasets/grid/test/s34/srby8s.mpg,111,113,4.442415237426758,0.9999999999999998
150,6,/home/nabizadz/Projects/Mahsa/datasets/grid/test/s34/lrah4s.mpg,171,173,4.023284435272217,0.9835205227337026
150,7,/home/nabizadz/Projects/Mahsa/datasets/grid/test/s34/lrbu7p.mpg,84,86,3.528141498565674,0.9885021108962058
150,8,/home/nabizadz/Projects/Mahsa/datasets/grid/test/s34/sgil3n.mpg,248,250,3.846170425415039,0.9843858266589536
150,9,/home/nabizadz/Projects/Mahsa/datasets/grid/test/s34/pram2s.mpg,205,207,4.2069292068481445,0.9983142148167152
150,10,/home/nabizadz/Projects/Mahsa/datasets/grid/test/s34/lwah9n.mpg,263,265,4.4416046142578125,0.9999738068214756
150,11,/home/nabizadz/Projects/Mahsa/datasets/grid/test/s34/brwj9p.mpg,193,195,3.5559775829315186,0.9752661792970223
150,12,/home/nabizadz/Projects/Mahsa/datasets/grid/test/s34/brwq3p.mpg,72,74,3.6425564289093018,0.9972488214118927
150,13,/home/nabizadz/Projects/Mahsa/datasets/grid/test/s34/srwf1p.mpg,97,99,3.559678077697754,0.9908898343228221
150,14,/home/nabizadz/Projects/Mahsa/datasets/grid/test/s34/bbwp5n.mpg,219,221,4.441349983215332,0.996634670190663
150,15,/home/nabizadz/Projects/Mahsa/datasets/grid/test/s34/swbs1p.mpg,199,201,4.01932954788208,0.9963237758092169
151,0,/home/nabizadz/Projects/Mahsa/datasets/grid/test/s34/pwbn3p.mpg,266,268,4.472433567047119,0.9996052428848968
151,1,/home/nabizadz/Projects/Mahsa/datasets/grid/test/s34/bwip6s.mpg,112,114,3.27010440826416,0.9758005584889509
151,2,/home/nabizadz/Projects/Mahsa/datasets/grid/test/s34/lbat6s.mpg,203,205,4.477175235748291,0.9999485519266287
151,3,/home/nabizadz/Projects/Mahsa/datasets/grid/test/s34/pgahzs.mpg,275,277,4.488951206207275,0.9998780861266237
151,4,/home/nabizadz/Projects/Mahsa/datasets/grid/test/s34/srwl3n.mpg,40,42,4.339583873748779,0.999895151054092
151,5,/home/nabizadz/Projects/Mahsa/datasets/grid/test/s34/pbiy9n.mpg,293,295,4.428240776062012,0.9999237554280427
151,6,/home/nabizadz/Projects/Mahsa/datasets/grid/test/s34/bgwr4s.mpg,98,100,3.5877685546875,0.9794944577539695
151,7,/home/nabizadz/Projects/Mahsa/datasets/grid/test/s34/pwwt9n.mpg,162,164,3.4490604400634766,0.9804386974019538
151,8,/home/nabizadz/Projects/Mahsa/datasets/grid/test/s34/pgbu1n.mpg,257,259,4.199741840362549,0.9953071245232055
151,9,/home/nabizadz/Projects/Mahsa/datasets/grid/test/s34/pwwa9p.mpg,245,247,4.513456344604492,0.9988785932426758
151,10,/home/nabizadz/Projects/Mahsa/datasets/grid/test/s34/brav7n.mpg,24,26,4.45074462890625,0.9999781967284243
151,11,/home/nabizadz/Projects/Mahsa/datasets/grid/test/s34/swbf2s.mpg,199,201,3.9410712718963623,0.9861374132352118
151,12,/home/nabizadz/Projects/Mahsa/datasets/grid/test/s34/brbp9p.mpg,206,208,4.411681175231934,0.9994642783508151
151,13,/home/nabizadz/Projects/Mahsa/datasets/grid/test/s34/swiy8a.mpg,9,11,4.4718122482299805,0.9971002406440327
151,14,/home/nabizadz/Projects/Mahsa/datasets/grid/test/s34/pgat9p.mpg,224,226,4.137603759765625,0.9914538555734467
151,15,/home/nabizadz/Projects/Mahsa/datasets/grid/test/s34/pwat3p.mpg,112,114,4.218666076660156,0.998596268499462
152,0,/home/nabizadz/Projects/Mahsa/datasets/grid/test/s34/brwd6a.mpg,124,126,4.351161003112793,0.9998491913928745
152,1,/home/nabizadz/Projects/Mahsa/datasets/grid/test/s34/sbwr4a.mpg,68,70,4.357957363128662,0.9997228155416995
152,2,/home/nabizadz/Projects/Mahsa/datasets/grid/test/s34/lbim7n.mpg,98,100,3.2979886531829834,0.9736562558709273
152,3,/home/nabizadz/Projects/Mahsa/datasets/grid/test/s34/lwab7p.mpg,6,8,4.597368240356445,0.9999903950761134
152,4,/home/nabizadz/Projects/Mahsa/datasets/grid/test/s34/bbib7p.mpg,223,225,4.442275047302246,0.9998648174135842
152,5,/home/nabizadz/Projects/Mahsa/datasets/grid/test/s34/lrin4s.mpg,45,47,4.3485517501831055,0.9999288721754109
152,6,/home/nabizadz/Projects/Mahsa/datasets/grid/test/s34/prwt3n.mpg,230,232,4.206188201904297,0.9932420994772505
152,7,/home/nabizadz/Projects/Mahsa/datasets/grid/test/s34/prwa1n.mpg,195,197,2.552783489227295,0.9848349736212924
152,8,/home/nabizadz/Projects/Mahsa/datasets/grid/test/s34/swir2s.mpg,68,70,4.222879409790039,0.9982633695495275
152,9,/home/nabizadz/Projects/Mahsa/datasets/grid/test/s34/swar8a.mpg,193,195,3.999077081680298,0.9974473010180602
152,10,/home/nabizadz/Projects/Mahsa/datasets/grid/test/s34/sbid1n.mpg,57,59,4.280787467956543,0.9966915318093027
152,11,/home/nabizadz/Projects/Mahsa/datasets/grid/test/s34/lbwn9n.mpg,211,213,4.33673620223999,0.9986882697541266
152,12,/home/nabizadz/Projects/Mahsa/datasets/grid/test/s34/sgil5p.mpg,279,281,4.465493679046631,0.9998346658165324
152,13,/home/nabizadz/Projects/Mahsa/datasets/grid/test/s34/sgbs7p.mpg,181,183,3.7606608867645264,0.9950453128127056
152,14,/home/nabizadz/Projects/Mahsa/datasets/grid/test/s34/lwab6s.mpg,181,183,4.304028034210205,0.9996723498164275
152,15,/home/nabizadz/Projects/Mahsa/datasets/grid/test/s34/lgav4s.mpg,207,209,4.318227767944336,0.9993841085090434
153,0,/home/nabizadz/Projects/Mahsa/datasets/grid/test/s34/bwwd9n.mpg,181,183,3.883887529373169,0.9904992735341038
153,1,/home/nabizadz/Projects/Mahsa/datasets/grid/test/s34/pbir6s.mpg,149,151,3.585811138153076,0.9792277224242529
153,2,/home/nabizadz/Projects/Mahsa/datasets/grid/test/s34/pwwu2a.mpg,175,177,3.571884870529175,0.9754212667668545
153,3,/home/nabizadz/Projects/Mahsa/datasets/grid/test/s34/lbbh3p.mpg,54,56,2.2925572395324707,0.9850701279701934
153,4,/home/nabizadz/Projects/Mahsa/datasets/grid/test/s34/bbab9n.mpg,242,244,4.427706241607666,1.0
153,5,/home/nabizadz/Projects/Mahsa/datasets/grid/test/s34/lwbo8s.mpg,242,244,3.82732892036438,0.9642637400434145
153,6,/home/nabizadz/Projects/Mahsa/datasets/grid/test/s34/lgac2s.mpg,23,25,4.505096435546875,0.9998826675876586
153,7,/home/nabizadz/Projects/Mahsa/datasets/grid/test/s34/bgbe1n.mpg,236,238,4.0812225341796875,0.9827394272366642
153,8,/home/nabizadz/Projects/Mahsa/datasets/grid/test/s34/briv3n.mpg,82,84,3.6580843925476074,0.993434732252724
153,9,/home/nabizadz/Projects/Mahsa/datasets/grid/test/s34/lwbi4s.mpg,59,61,2.461801290512085,0.9923863010538478
153,10,/home/nabizadz/Projects/Mahsa/datasets/grid/test/s34/bbiizs.mpg,193,195,4.549411296844482,0.9997832582125772
153,11,/home/nabizadz/Projects/Mahsa/datasets/grid/test/s34/bgwlzs.mpg,234,236,4.306135177612305,0.9987820274269886
153,12,/home/nabizadz/Projects/Mahsa/datasets/grid/test/s34/lgbc8a.mpg,276,278,4.4399566650390625,0.9999598862171216
153,13,/home/nabizadz/Projects/Mahsa/datasets/grid/test/s34/lrab2a.mpg,62,64,3.532935857772827,0.9852920416039276
153,14,/home/nabizadz/Projects/Mahsa/datasets/grid/test/s34/lrin5p.mpg,38,40,4.29412317276001,0.999226260691033
153,15,/home/nabizadz/Projects/Mahsa/datasets/grid/test/s34/swiy7p.mpg,118,120,4.058465003967285,0.9979120847057694
154,0,/home/nabizadz/Projects/Mahsa/datasets/grid/test/s34/pris3p.mpg,104,106,3.5261642932891846,0.9834707227218914
154,1,/home/nabizadz/Projects/Mahsa/datasets/grid/test/s34/bgbk6s.mpg,108,110,3.662602663040161,0.988060957509907
154,2,/home/nabizadz/Projects/Mahsa/datasets/grid/test/s34/bwwq7n.mpg,186,188,3.7603182792663574,0.9895393613786959
154,3,/home/nabizadz/Projects/Mahsa/datasets/grid/test/s34/lbwu6a.mpg,66,68,4.395819664001465,0.9998506007737026
154,4,/home/nabizadz/Projects/Mahsa/datasets/grid/test/s34/lbwo2a.mpg,31,33,4.494621753692627,0.999997842482109
154,5,/home/nabizadz/Projects/Mahsa/datasets/grid/test/s34/brbc9n.mpg,106,108,4.1391801834106445,0.9941575341376807
154,6,/home/nabizadz/Projects/Mahsa/datasets/grid/test/s34/lrwv1p.mpg,182,184,4.049884796142578,0.992546222915753
154,7,/home/nabizadz/Projects/Mahsa/datasets/grid/test/s34/lrah6a.mpg,195,197,4.109957218170166,0.992674928582486
154,8,/home/nabizadz/Projects/Mahsa/datasets/grid/test/s34/pgin1p.mpg,211,213,3.9033639430999756,0.9769649274987883
154,9,/home/nabizadz/Projects/Mahsa/datasets/grid/test/s34/bbbi7n.mpg,33,35,4.411135673522949,0.9763396519094407
154,10,/home/nabizadz/Projects/Mahsa/datasets/grid/test/s34/pwbg9p.mpg,260,262,4.202914237976074,0.9961212146780838
154,11,/home/nabizadz/Projects/Mahsa/datasets/grid/test/s34/pbbs6a.mpg,140,142,3.68168306350708,0.9932591723135317
154,12,/home/nabizadz/Projects/Mahsa/datasets/grid/test/s34/swbz3n.mpg,294,296,4.572701454162598,0.9999999235655506
154,13,/home/nabizadz/Projects/Mahsa/datasets/grid/test/s34/pgbb2a.mpg,258,260,4.435590744018555,0.9979585399799173
154,14,/home/nabizadz/Projects/Mahsa/datasets/grid/test/s34/brap6a.mpg,30,32,4.486068248748779,0.9999909378664493
154,15,/home/nabizadz/Projects/Mahsa/datasets/grid/test/s34/lrbu8a.mpg,63,65,3.802699327468872,0.9916302987076944
155,0,/home/nabizadz/Projects/Mahsa/datasets/grid/test/s34/lgbp4s.mpg,25,27,4.362547397613525,0.9803481442302647
155,1,/home/nabizadz/Projects/Mahsa/datasets/grid/test/s34/brap3n.mpg,193,195,4.076667785644531,0.9916426572178418
155,2,/home/nabizadz/Projects/Mahsa/datasets/grid/test/s34/bgix5n.mpg,243,245,4.176180362701416,0.9962554420267317
155,3,/home/nabizadz/Projects/Mahsa/datasets/grid/test/s34/swbl7p.mpg,119,121,4.330855369567871,0.9997836101059463
155,4,/home/nabizadz/Projects/Mahsa/datasets/grid/test/s34/swws4s.mpg,114,116,4.297079563140869,0.99735362001377
155,5,/home/nabizadz/Projects/Mahsa/datasets/grid/test/s34/sgwaza.mpg,212,214,3.999405860900879,0.998702415740265
155,6,/home/nabizadz/Projects/Mahsa/datasets/grid/test/s34/sgil4s.mpg,147,149,2.72214674949646,0.9872142944932517
155,7,/home/nabizadz/Projects/Mahsa/datasets/grid/test/s34/brip1p.mpg,181,183,4.383180141448975,0.999484328222907
155,8,/home/nabizadz/Projects/Mahsa/datasets/grid/test/s34/sbwk8s.mpg,42,44,4.315134525299072,0.9963585862982401
155,9,/home/nabizadz/Projects/Mahsa/datasets/grid/test/s34/srwr7n.mpg,263,265,4.4874587059021,0.999999999972508
155,10,/home/nabizadz/Projects/Mahsa/datasets/grid/test/s34/braj1p.mpg,55,57,3.8574371337890625,0.9904007908157982
155,11,/home/nabizadz/Projects/Mahsa/datasets/grid/test/s34/lrwi4a.mpg,255,257,4.388315200805664,0.9765040364732321
155,12,/home/nabizadz/Projects/Mahsa/datasets/grid/test/s34/swbl6s.mpg,141,143,3.879316568374634,0.9941796959689814
155,13,/home/nabizadz/Projects/Mahsa/datasets/grid/test/s34/lbwb4a.mpg,284,286,4.588879585266113,0.9999991962479071
155,14,/home/nabizadz/Projects/Mahsa/datasets/grid/test/s34/lban3p.mpg,256,258,4.417476654052734,0.9982484971391891
155,15,/home/nabizadz/Projects/Mahsa/datasets/grid/test/s34/pbal8a.mpg,82,84,4.280159950256348,0.9998181770982589
156,0,/home/nabizadz/Projects/Mahsa/datasets/grid/test/s34/pgia4a.mpg,128,130,3.5115926265716553,0.9938759696185476
156,1,/home/nabizadz/Projects/Mahsa/datasets/grid/test/s34/prwg5n.mpg,134,136,2.4576101303100586,0.9915169386583952
156,2,/home/nabizadz/Projects/Mahsa/datasets/grid/test/s34/pgbh3n.mpg,46,48,4.190017223358154,0.9985310162726792
156,3,/home/nabizadz/Projects/Mahsa/datasets/grid/test/s34/swae8s.mpg,223,225,4.5615410804748535,0.9996465808674253
156,4,/home/nabizadz/Projects/Mahsa/datasets/grid/test/s34/lbim9p.mpg,274,276,4.4011359214782715,0.9974849086232881
156,5,/home/nabizadz/Projects/Mahsa/datasets/grid/test/s34/swir3p.mpg,35,37,4.523699760437012,0.9991816620829679
156,6,/home/nabizadz/Projects/Mahsa/datasets/grid/test/s34/swwf7p.mpg,231,233,4.348578929901123,0.9979355753229894
156,7,/home/nabizadz/Projects/Mahsa/datasets/grid/test/s34/sray3n.mpg,84,86,3.726020097732544,0.993739086713994
156,8,/home/nabizadz/Projects/Mahsa/datasets/grid/test/s34/sgwg1n.mpg,77,79,4.518702507019043,0.9999959074126615
156,9,/home/nabizadz/Projects/Mahsa/datasets/grid/test/s34/pbir8a.mpg,209,211,4.091832637786865,0.9917039419999598
156,10,/home/nabizadz/Projects/Mahsa/datasets/grid/test/s34/pwba6a.mpg,148,150,4.1781158447265625,0.9972498509704103
156,11,/home/nabizadz/Projects/Mahsa/datasets/grid/test/s34/bwwe1p.mpg,38,40,3.789776086807251,0.9817413155260858
156,12,/home/nabizadz/Projects/Mahsa/datasets/grid/test/s34/lrab1p.mpg,202,204,3.9031641483306885,0.9751055768248633
156,13,/home/nabizadz/Projects/Mahsa/datasets/grid/test/s34/srbr5p.mpg,200,202,3.811532735824585,0.989459537505791
156,14,/home/nabizadz/Projects/Mahsa/datasets/grid/test/s34/pbbs3n.mpg,192,194,3.590972661972046,0.9918006871527826
156,15,/home/nabizadz/Projects/Mahsa/datasets/grid/test/s34/prwn1p.mpg,182,184,3.4318113327026367,0.9999308814308787
157,0,/home/nabizadz/Projects/Mahsa/datasets/grid/test/s34/pbbz8s.mpg,295,297,4.579327583312988,0.9999999999999998
157,1,/home/nabizadz/Projects/Mahsa/datasets/grid/test/s34/sgaf4s.mpg,25,27,4.539347171783447,0.999987579174141
157,2,/home/nabizadz/Projects/Mahsa/datasets/grid/test/s34/pbiz1p.mpg,163,165,4.036886692047119,0.9929003680327374
157,3,/home/nabizadz/Projects/Mahsa/datasets/grid/test/s34/lrwi1n.mpg,233,235,4.134615898132324,0.9887334065596005
157,4,/home/nabizadz/Projects/Mahsa/datasets/grid/test/s34/lrit8s.mpg,236,238,4.172249794006348,0.9955055792568307
157,5,/home/nabizadz/Projects/Mahsa/datasets/grid/test/s34/srbl2a.mpg,92,94,3.736050605773926,0.9856904648226519
157,6,/home/nabizadz/Projects/Mahsa/datasets/grid/test/s34/bgwr5p.mpg,132,134,3.9122490882873535,0.9947523153838772
157,7,/home/nabizadz/Projects/Mahsa/datasets/grid/test/s34/lbia1p.mpg,281,283,4.430111408233643,0.986913933003261
157,8,/home/nabizadz/Projects/Mahsa/datasets/grid/test/s34/lbbh1n.mpg,298,300,4.632089138031006,0.9999999999999998
157,9,/home/nabizadz/Projects/Mahsa/datasets/grid/test/s34/sgwm5n.mpg,196,198,4.2187275886535645,0.9966416781883355
157,10,/home/nabizadz/Projects/Mahsa/datasets/grid/test/s34/bgbr1p.mpg,39,41,4.509602069854736,0.9999935330648194
157,11,/home/nabizadz/Projects/Mahsa/datasets/grid/test/s34/bwad1n.mpg,103,105,4.34907865524292,0.9991023823861378
157,12,/home/nabizadz/Projects/Mahsa/datasets/grid/test/s34/pbbmzs.mpg,100,102,3.940509796142578,0.9918909513870381
157,13,/home/nabizadz/Projects/Mahsa/datasets/grid/test/s34/lgwd2a.mpg,8,10,4.473470687866211,0.999987821933291
157,14,/home/nabizadz/Projects/Mahsa/datasets/grid/test/s34/lbat7p.mpg,139,141,4.600730895996094,0.999317044006378
157,15,/home/nabizadz/Projects/Mahsa/datasets/grid/test/s34/bgak3p.mpg,107,109,4.394872188568115,0.9998928222881194
158,0,/home/nabizadz/Projects/Mahsa/datasets/grid/test/s34/swbl5n.mpg,169,171,3.7282307147979736,0.9825191173156582
158,1,/home/nabizadz/Projects/Mahsa/datasets/grid/test/s34/lrwu9n.mpg,183,185,3.083325147628784,0.9850617226626446
158,2,/home/nabizadz/Projects/Mahsa/datasets/grid/test/s34/pril7n.mpg,200,202,4.2928147315979,0.9944612917287355
158,3,/home/nabizadz/Projects/Mahsa/datasets/grid/test/s34/bwax4s.mpg,55,57,3.963494300842285,0.9981818928125099
158,4,/home/nabizadz/Projects/Mahsa/datasets/grid/test/s34/pbwm3n.mpg,149,151,4.358249187469482,0.9991440668697165
158,5,/home/nabizadz/Projects/Mahsa/datasets/grid/test/s34/pwwn5n.mpg,169,171,4.364082336425781,0.9998347294726212
158,6,/home/nabizadz/Projects/Mahsa/datasets/grid/test/s34/lwih7p.mpg,176,178,4.474189758300781,0.9979841323506907
158,7,/home/nabizadz/Projects/Mahsa/datasets/grid/test/s34/pgwu5n.mpg,172,174,2.69791841506958,0.9914443799333651
158,8,/home/nabizadz/Projects/Mahsa/datasets/grid/test/s34/pbaf4a.mpg,99,101,3.484029531478882,0.9795269611788434
158,9,/home/nabizadz/Projects/Mahsa/datasets/grid/test/s34/bbbjza.mpg,192,194,3.966161012649536,0.9916101258695283
158,10,/home/nabizadz/Projects/Mahsa/datasets/grid/test/s34/brbx3p.mpg,279,281,4.535697937011719,0.9999999999999998
158,11,/home/nabizadz/Projects/Mahsa/datasets/grid/test/s34/prbaza.mpg,137,139,4.319009780883789,0.9999664693005352
158,12,/home/nabizadz/Projects/Mahsa/datasets/grid/test/s34/sraq9n.mpg,267,269,4.412557125091553,0.9999927851927448
158,13,/home/nabizadz/Projects/Mahsa/datasets/grid/test/s34/pwwh1n.mpg,87,89,4.109828472137451,0.9976989156166438
158,14,/home/nabizadz/Projects/Mahsa/datasets/grid/test/s34/lwwp4a.mpg,229,231,4.126345634460449,0.9959644376295329
158,15,/home/nabizadz/Projects/Mahsa/datasets/grid/test/s34/lgib8s.mpg,131,133,4.382878303527832,0.9999622444351028
159,0,/home/nabizadz/Projects/Mahsa/datasets/grid/test/s34/pwis8s.mpg,207,209,3.818892240524292,0.9827851490172292
159,1,/home/nabizadz/Projects/Mahsa/datasets/grid/test/s34/pgwiza.mpg,107,109,2.9899098873138428,0.9848214504049255
159,2,/home/nabizadz/Projects/Mahsa/datasets/grid/test/s34/srid7n.mpg,53,55,3.3328018188476562,0.9902977370364624
159,3,/home/nabizadz/Projects/Mahsa/datasets/grid/test/s34/srwl5p.mpg,19,21,4.4210309982299805,0.999922332170505
159,4,/home/nabizadz/Projects/Mahsa/datasets/grid/test/s34/sgie9n.mpg,27,29,4.500579833984375,0.9996283888200543
159,5,/home/nabizadz/Projects/Mahsa/datasets/grid/test/s34/swbz4s.mpg,232,234,3.9103548526763916,0.9809516929961212
159,6,/home/nabizadz/Projects/Mahsa/datasets/grid/test/s34/swie6a.mpg,114,116,4.2473554611206055,0.994108926581493
159,7,/home/nabizadz/Projects/Mahsa/datasets/grid/test/s34/bbwdza.mpg,225,227,3.9575953483581543,0.9905128996839604
159,8,/home/nabizadz/Projects/Mahsa/datasets/grid/test/s34/pgboza.mpg,14,16,3.2136905193328857,0.9959619017510771
159,9,/home/nabizadz/Projects/Mahsa/datasets/grid/test/s34/brwd3n.mpg,241,243,4.570053577423096,0.9999986880103057
159,10,/home/nabizadz/Projects/Mahsa/datasets/grid/test/s34/lwih6s.mpg,174,176,4.406641483306885,0.999880616944627
159,11,/home/nabizadz/Projects/Mahsa/datasets/grid/test/s34/lbig4s.mpg,57,59,3.84726881980896,0.9927099545280806
159,12,/home/nabizadz/Projects/Mahsa/datasets/grid/test/s34/pwim5p.mpg,32,34,4.4283833503723145,0.9999882592633055
159,13,/home/nabizadz/Projects/Mahsa/datasets/grid/test/s34/lbaa4s.mpg,4,6,4.537446022033691,1.0
159,14,/home/nabizadz/Projects/Mahsa/datasets/grid/test/s34/lwwi7n.mpg,144,146,4.454143524169922,0.9991629894113969
159,15,/home/nabizadz/Projects/Mahsa/datasets/grid/test/s34/pwwu1p.mpg,110,112,4.34195613861084,0.9996564331191905
160,0,/home/nabizadz/Projects/Mahsa/datasets/grid/test/s34/bgaeza.mpg,64,66,3.634751319885254,0.9945237591618634
160,1,/home/nabizadz/Projects/Mahsa/datasets/grid/test/s34/lwbczs.mpg,242,244,4.356074333190918,0.9999361107195885
160,2,/home/nabizadz/Projects/Mahsa/datasets/grid/test/s34/bbbc3n.mpg,105,107,4.020110130310059,0.993259887090566
160,3,/home/nabizadz/Projects/Mahsa/datasets/grid/test/s34/bgix8a.mpg,168,170,4.310147762298584,0.9999798951383434
160,4,/home/nabizadz/Projects/Mahsa/datasets/grid/test/s34/bgad7n.mpg,85,87,3.485633134841919,0.9793623065167968
160,5,/home/nabizadz/Projects/Mahsa/datasets/grid/test/s34/pwis9p.mpg,227,229,3.863595724105835,0.9720412867607189
160,6,/home/nabizadz/Projects/Mahsa/datasets/grid/test/s34/bgwe5n.mpg,41,43,4.574851989746094,0.9999984401723603
160,7,/home/nabizadz/Projects/Mahsa/datasets/grid/test/s34/bwaj5n.mpg,247,249,4.212404727935791,0.9921613044180612
160,8,/home/nabizadz/Projects/Mahsa/datasets/grid/test/s34/lgiv1p.mpg,289,291,4.493674278259277,0.9999998807803085
160,9,/home/nabizadz/Projects/Mahsa/datasets/grid/test/s34/lwbpza.mpg,91,93,3.8893892765045166,0.9939550664224958
160,10,/home/nabizadz/Projects/Mahsa/datasets/grid/test/s34/lrwi2s.mpg,195,197,3.9205663204193115,0.981108713511675
160,11,/home/nabizadz/Projects/Mahsa/datasets/grid/test/s34/lgivzs.mpg,227,229,3.5177712440490723,0.9933357119725235
160,12,/home/nabizadz/Projects/Mahsa/datasets/grid/test/s34/brap4s.mpg,2,4,4.4947943687438965,0.9999999999999959
160,13,/home/nabizadz/Projects/Mahsa/datasets/grid/test/s34/swafza.mpg,154,156,4.379271030426025,0.9995065597984807
160,14,/home/nabizadz/Projects/Mahsa/datasets/grid/test/s34/srby9p.mpg,58,60,4.150129795074463,0.9979479120887927
160,15,/home/nabizadz/Projects/Mahsa/datasets/grid/test/s34/swar6s.mpg,81,83,4.476868152618408,0.9999679131218132
161,0,/home/nabizadz/Projects/Mahsa/datasets/grid/test/s34/sbby1n.mpg,258,260,4.504281520843506,0.999999839847706
161,1,/home/nabizadz/Projects/Mahsa/datasets/grid/test/s34/swir4a.mpg,183,185,4.212814807891846,0.9925109549084096
161,2,/home/nabizadz/Projects/Mahsa/datasets/grid/test/s34/bwij2s.mpg,188,190,3.63015079498291,0.9696213903763515
161,3,/home/nabizadz/Projects/Mahsa/datasets/grid/test/s34/lbbn8a.mpg,222,224,4.359421730041504,0.9770834833596083
161,4,/home/nabizadz/Projects/Mahsa/datasets/grid/test/s34/pbbl9n.mpg,165,167,3.7249414920806885,0.9874817169303624
161,5,/home/nabizadz/Projects/Mahsa/datasets/grid/test/s34/bgby4s.mpg,15,17,4.528398036956787,0.9999879239488974
161,6,/home/nabizadz/Projects/Mahsa/datasets/grid/test/s34/brav8s.mpg,107,109,4.479199409484863,0.9983806392877621
161,7,/home/nabizadz/Projects/Mahsa/datasets/grid/test/s34/lwio2a.mpg,55,57,3.7557883262634277,0.9957515800341604
161,8,/home/nabizadz/Projects/Mahsa/datasets/grid/test/s34/sriq8a.mpg,12,14,4.594570636749268,0.9999966479140965
161,9,/home/nabizadz/Projects/Mahsa/datasets/grid/test/s34/pris2s.mpg,134,136,4.488571643829346,0.9999303577587197
161,10,/home/nabizadz/Projects/Mahsa/datasets/grid/test/s34/lbwh5n.mpg,128,130,3.629136562347412,0.9879705948129571
161,11,/home/nabizadz/Projects/Mahsa/datasets/grid/test/s34/bwbx8s.mpg,0,2,4.620052337646484,1.0
161,12,/home/nabizadz/Projects/Mahsa/datasets/grid/test/s34/sgbf8s.mpg,251,253,4.077450752258301,0.9828311317634103
161,13,/home/nabizadz/Projects/Mahsa/datasets/grid/test/s34/bgbk8a.mpg,283,285,4.474081039428711,0.9999894787809608
161,14,/home/nabizadz/Projects/Mahsa/datasets/grid/test/s34/lwab5n.mpg,235,237,4.076257228851318,0.9939266470162912
161,15,/home/nabizadz/Projects/Mahsa/datasets/grid/test/s34/lrbo4a.mpg,77,79,3.742426633834839,0.9828020450085605
162,0,/home/nabizadz/Projects/Mahsa/datasets/grid/test/s34/bbaczs.mpg,193,195,3.7806508541107178,0.9897233080949067
162,1,/home/nabizadz/Projects/Mahsa/datasets/grid/test/s34/bgby5p.mpg,45,47,4.208858966827393,0.9965416098757933
162,2,/home/nabizadz/Projects/Mahsa/datasets/grid/test/s34/lwib4a.mpg,109,111,4.0973992347717285,0.997018786342018
162,3,/home/nabizadz/Projects/Mahsa/datasets/grid/test/s34/pbbf7p.mpg,124,126,3.6969268321990967,0.9894188776434265
162,4,/home/nabizadz/Projects/Mahsa/datasets/grid/test/s34/lban4a.mpg,161,163,3.081955671310425,0.9943612797081544
162,5,/home/nabizadz/Projects/Mahsa/datasets/grid/test/s34/lrwb9p.mpg,118,120,4.522806644439697,0.9992395762193327
162,6,/home/nabizadz/Projects/Mahsa/datasets/grid/test/s34/bgak1n.mpg,272,274,4.354324817657471,0.9310382810000704
162,7,/home/nabizadz/Projects/Mahsa/datasets/grid/test/s34/pgwu8a.mpg,151,153,4.411635875701904,0.9997413763542419
162,8,/home/nabizadz/Projects/Mahsa/datasets/grid/test/s34/lwbv4a.mpg,217,219,4.139579772949219,0.9944792020956807
162,9,/home/nabizadz/Projects/Mahsa/datasets/grid/test/s34/pbas1p.mpg,27,29,4.543914794921875,0.9999994190866313
162,10,/home/nabizadz/Projects/Mahsa/datasets/grid/test/s34/pgit6a.mpg,178,180,3.7525362968444824,0.9931323231764343
162,11,/home/nabizadz/Projects/Mahsa/datasets/grid/test/s34/pram1n.mpg,94,96,4.0620503425598145,0.9955535750655368
162,12,/home/nabizadz/Projects/Mahsa/datasets/grid/test/s34/brbj6a.mpg,3,5,4.589731216430664,0.9999999999999998
162,13,/home/nabizadz/Projects/Mahsa/datasets/grid/test/s34/pgwo1n.mpg,227,229,3.835336685180664,0.9824277872164795
162,14,/home/nabizadz/Projects/Mahsa/datasets/grid/test/s34/lbiazs.mpg,174,176,3.794248580932617,0.9908328980586414
162,15,/home/nabizadz/Projects/Mahsa/datasets/grid/test/s34/sbakzs.mpg,130,132,4.366457462310791,0.9981522031283621
163,0,/home/nabizadz/Projects/Mahsa/datasets/grid/test/s34/bbai6a.mpg,60,62,3.1046783924102783,0.9815783555562817
163,1,/home/nabizadz/Projects/Mahsa/datasets/grid/test/s34/lbbuzs.mpg,195,197,3.031489849090576,0.992442624949511
163,2,/home/nabizadz/Projects/Mahsa/datasets/grid/test/s34/bwixzs.mpg,143,145,4.179681777954102,0.998745038473588
163,3,/home/nabizadz/Projects/Mahsa/datasets/grid/test/s34/srieza.mpg,139,141,4.437471389770508,0.9997469202466066
163,4,/home/nabizadz/Projects/Mahsa/datasets/grid/test/s34/lwib2s.mpg,19,21,4.428525924682617,0.9999999959120202
163,5,/home/nabizadz/Projects/Mahsa/datasets/grid/test/s34/srbr6a.mpg,218,220,4.156442642211914,0.9950717458346791
163,6,/home/nabizadz/Projects/Mahsa/datasets/grid/test/s34/lraa9n.mpg,16,18,4.556449890136719,0.9999999999999997
163,7,/home/nabizadz/Projects/Mahsa/datasets/grid/test/s34/bbwc8s.mpg,37,39,4.390207767486572,0.9997816771433818
163,8,/home/nabizadz/Projects/Mahsa/datasets/grid/test/s34/lrbh8s.mpg,176,178,3.7298672199249268,0.9941381324125297
163,9,/home/nabizadz/Projects/Mahsa/datasets/grid/test/s34/bwbx9p.mpg,290,292,4.42099666595459,0.9999972081491879
163,10,/home/nabizadz/Projects/Mahsa/datasets/grid/test/s34/sgaz7p.mpg,267,269,4.3259196281433105,0.9989322635931309
163,11,/home/nabizadz/Projects/Mahsa/datasets/grid/test/s34/pbizzs.mpg,114,116,3.8502306938171387,0.9934229833732121
163,12,/home/nabizadz/Projects/Mahsa/datasets/grid/test/s34/lbig3n.mpg,6,8,4.4925994873046875,0.9999541152520285
163,13,/home/nabizadz/Projects/Mahsa/datasets/grid/test/s34/pbir7p.mpg,114,116,4.235653877258301,0.993249711641051
163,14,/home/nabizadz/Projects/Mahsa/datasets/grid/test/s34/prbs9n.mpg,124,126,3.9247727394104004,0.9960311829304821
163,15,/home/nabizadz/Projects/Mahsa/datasets/grid/test/s34/lwbo9p.mpg,202,204,3.6739888191223145,0.9850538961763837
164,0,/home/nabizadz/Projects/Mahsa/datasets/grid/test/s34/lbit4a.mpg,234,236,4.489938735961914,0.9998410293233377
164,1,/home/nabizadz/Projects/Mahsa/datasets/grid/test/s34/srblzs.mpg,232,234,4.123955726623535,0.9908949339231374
164,2,/home/nabizadz/Projects/Mahsa/datasets/grid/test/s34/lwao5p.mpg,17,19,4.527106761932373,0.9999999999999998
164,3,/home/nabizadz/Projects/Mahsa/datasets/grid/test/s34/lgbxza.mpg,282,284,4.34615421295166,0.9980284198162124
164,4,/home/nabizadz/Projects/Mahsa/datasets/grid/test/s34/pgin2a.mpg,100,102,4.168187618255615,0.9969480506595445
164,5,/home/nabizadz/Projects/Mahsa/datasets/grid/test/s34/sbbe1p.mpg,129,131,3.7816081047058105,0.9909664801744088
164,6,/home/nabizadz/Projects/Mahsa/datasets/grid/test/s34/bwic7n.mpg,105,107,4.032588005065918,0.9911688808822698
164,7,/home/nabizadz/Projects/Mahsa/datasets/grid/test/s34/pgbu2s.mpg,23,25,4.498208045959473,0.999938520277712
164,8,/home/nabizadz/Projects/Mahsa/datasets/grid/test/s34/bbwc7n.mpg,95,97,4.105487823486328,0.99349171438491
164,9,/home/nabizadz/Projects/Mahsa/datasets/grid/test/s34/braj2a.mpg,225,227,4.520613670349121,0.996155561401052
164,10,/home/nabizadz/Projects/Mahsa/datasets/grid/test/s34/pgba9n.mpg,204,206,4.14120626449585,0.9802660688867987
164,11,/home/nabizadz/Projects/Mahsa/datasets/grid/test/s34/srwsza.mpg,193,195,4.2667646408081055,0.999467412203003
164,12,/home/nabizadz/Projects/Mahsa/datasets/grid/test/s34/primza.mpg,267,269,4.333089828491211,0.9983881961563782
164,13,/home/nabizadz/Projects/Mahsa/datasets/grid/test/s34/bgak2s.mpg,36,38,4.465524673461914,1.0
164,14,/home/nabizadz/Projects/Mahsa/datasets/grid/test/s34/prwa3p.mpg,112,114,4.2767229080200195,0.999968316692423
164,15,/home/nabizadz/Projects/Mahsa/datasets/grid/test/s34/pwbt6s.mpg,218,220,4.149216175079346,0.9894387600668947
165,0,/home/nabizadz/Projects/Mahsa/datasets/grid/test/s34/prbg3p.mpg,17,19,4.551210880279541,0.999950309618452
165,1,/home/nabizadz/Projects/Mahsa/datasets/grid/test/s34/srar1p.mpg,24,26,4.394895553588867,0.9977369830047181
165,2,/home/nabizadz/Projects/Mahsa/datasets/grid/test/s34/swal3p.mpg,107,109,4.241020202636719,0.99807086969427
165,3,/home/nabizadz/Projects/Mahsa/datasets/grid/test/s34/lwiu6a.mpg,272,274,4.363800525665283,0.9999999999999998
165,4,/home/nabizadz/Projects/Mahsa/datasets/grid/test/s34/bbbv5n.mpg,46,48,4.388695240020752,0.999868043576817
165,5,/home/nabizadz/Projects/Mahsa/datasets/grid/test/s34/swiy5n.mpg,33,35,4.385401725769043,0.9967766890577692
165,6,/home/nabizadz/Projects/Mahsa/datasets/grid/test/s34/bgwy9p.mpg,240,242,4.4211273193359375,0.986446606382495
165,7,/home/nabizadz/Projects/Mahsa/datasets/grid/test/s34/pwat4a.mpg,53,55,3.554727554321289,0.9810483094914528
165,8,/home/nabizadz/Projects/Mahsa/datasets/grid/test/s34/sbaq5p.mpg,104,106,4.302419185638428,0.9966931441769159
165,9,/home/nabizadz/Projects/Mahsa/datasets/grid/test/s34/bgiq1n.mpg,68,70,3.414371967315674,0.984844302425233
165,10,/home/nabizadz/Projects/Mahsa/datasets/grid/test/s34/srbl1p.mpg,9,11,4.503606796264648,1.0
165,11,/home/nabizadz/Projects/Mahsa/datasets/grid/test/s34/bbav3p.mpg,188,190,3.6655120849609375,0.9704986746464375
165,12,/home/nabizadz/Projects/Mahsa/datasets/grid/test/s34/bripzs.mpg,40,42,4.142765998840332,0.9663419941681031
165,13,/home/nabizadz/Projects/Mahsa/datasets/grid/test/s34/sbbq9p.mpg,46,48,2.7708699703216553,0.9912617658395906
165,14,/home/nabizadz/Projects/Mahsa/datasets/grid/test/s34/bgiq3p.mpg,84,86,4.1445746421813965,0.9950952283615019
165,15,/home/nabizadz/Projects/Mahsa/datasets/grid/test/s34/pgat7n.mpg,130,132,4.416285514831543,0.9996419720969293
166,0,/home/nabizadz/Projects/Mahsa/datasets/grid/test/s34/bwbd8a.mpg,113,115,3.2322163581848145,0.9858932181406137
166,1,/home/nabizadz/Projects/Mahsa/datasets/grid/test/s34/pgan3n.mpg,267,269,4.445967674255371,0.9952136263933641
166,2,/home/nabizadz/Projects/Mahsa/datasets/grid/test/s34/lrwb8s.mpg,250,252,4.159063339233398,0.9925464167039564
166,3,/home/nabizadz/Projects/Mahsa/datasets/grid/test/s34/swwf5n.mpg,148,150,3.7709388732910156,0.9835843690886183
166,4,/home/nabizadz/Projects/Mahsa/datasets/grid/test/s34/srid8s.mpg,42,44,4.195106506347656,0.9992668292789955
166,5,/home/nabizadz/Projects/Mahsa/datasets/grid/test/s34/bgwe8a.mpg,224,226,3.6601617336273193,0.9902868066951805
166,6,/home/nabizadz/Projects/Mahsa/datasets/grid/test/s34/pbwgzs.mpg,79,81,4.40519905090332,0.9999342973989138
166,7,/home/nabizadz/Projects/Mahsa/datasets/grid/test/s34/sbwr1n.mpg,210,212,3.839815378189087,0.9913779629499689
166,8,/home/nabizadz/Projects/Mahsa/datasets/grid/test/s34/prbg1n.mpg,57,59,3.059983253479004,0.9838892124215611
166,9,/home/nabizadz/Projects/Mahsa/datasets/grid/test/s34/sbwe5p.mpg,102,104,3.6125333309173584,0.9712249639107015
166,10,/home/nabizadz/Projects/Mahsa/datasets/grid/test/s34/bbwv9n.mpg,115,117,3.9203073978424072,0.9890674459108414
166,11,/home/nabizadz/Projects/Mahsa/datasets/grid/test/s34/sgwm8a.mpg,78,80,4.372043132781982,0.9997247628829146
166,12,/home/nabizadz/Projects/Mahsa/datasets/grid/test/s34/pbas2a.mpg,88,90,4.031289100646973,0.9906843058257875
166,13,/home/nabizadz/Projects/Mahsa/datasets/grid/test/s34/swar7p.mpg,230,232,4.236351490020752,0.9888050895747036
166,14,/home/nabizadz/Projects/Mahsa/datasets/grid/test/s34/swaz1p.mpg,86,88,4.239427089691162,0.9959596621158342
166,15,/home/nabizadz/Projects/Mahsa/datasets/grid/test/s34/sbax9p.mpg,28,30,4.470831394195557,0.9999810578218034
167,0,/home/nabizadz/Projects/Mahsa/datasets/grid/test/s34/prif3n.mpg,53,55,3.6307573318481445,0.9905522815231371
167,1,/home/nabizadz/Projects/Mahsa/datasets/grid/test/s34/sbad6s.mpg,134,136,3.6168317794799805,0.9835465294000745
167,2,/home/nabizadz/Projects/Mahsa/datasets/grid/test/s34/swbz5p.mpg,198,200,3.8186914920806885,0.9925202628391028
167,3,/home/nabizadz/Projects/Mahsa/datasets/grid/test/s34/lbit1n.mpg,0,2,4.605091571807861,0.9999955460836595
167,4,/home/nabizadz/Projects/Mahsa/datasets/grid/test/s34/sbby2s.mpg,119,121,4.231636047363281,0.9969866706549808
167,5,/home/nabizadz/Projects/Mahsa/datasets/grid/test/s34/prbg4a.mpg,39,41,4.406490325927734,0.9976129677168248
167,6,/home/nabizadz/Projects/Mahsa/datasets/grid/test/s34/lbinza.mpg,96,98,3.8706367015838623,0.993132427268469
167,7,/home/nabizadz/Projects/Mahsa/datasets/grid/test/s34/lwbv1n.mpg,201,203,2.9273321628570557,0.9881964356031667
167,8,/home/nabizadz/Projects/Mahsa/datasets/grid/test/s34/bbih9n.mpg,207,209,3.416295289993286,0.9858816868623445
167,9,/home/nabizadz/Projects/Mahsa/datasets/grid/test/s34/pgig7p.mpg,259,261,4.3705363273620605,0.998546860462385
167,10,/home/nabizadz/Projects/Mahsa/datasets/grid/test/s34/prwa2s.mpg,42,44,4.318089485168457,0.9870729612971628
167,11,/home/nabizadz/Projects/Mahsa/datasets/grid/test/s34/lgac3p.mpg,84,86,3.6110329627990723,0.9830717544796372
167,12,/home/nabizadz/Projects/Mahsa/datasets/grid/test/s34/lgbj2a.mpg,168,170,4.388546943664551,0.9997872782171792
167,13,/home/nabizadz/Projects/Mahsa/datasets/grid/test/s34/pgig6s.mpg,258,260,4.42042350769043,0.9999791399497384
167,14,/home/nabizadz/Projects/Mahsa/datasets/grid/test/s34/pwat2s.mpg,272,274,4.403608322143555,0.998626166449734
167,15,/home/nabizadz/Projects/Mahsa/datasets/grid/test/s34/sgiz4a.mpg,197,199,3.87709641456604,0.9906548809926142
168,0,/home/nabizadz/Projects/Mahsa/datasets/grid/test/s34/lgii2s.mpg,13,15,4.500686168670654,0.9999833834998986
168,1,/home/nabizadz/Projects/Mahsa/datasets/grid/test/s34/swbszs.mpg,129,131,3.29484486579895,0.9959585393679957
168,2,/home/nabizadz/Projects/Mahsa/datasets/grid/test/s34/sbwy7p.mpg,210,212,3.7799744606018066,0.9741057056024705
168,3,/home/nabizadz/Projects/Mahsa/datasets/grid/test/s34/pbws8s.mpg,223,225,4.323703289031982,0.998618229246571
168,4,/home/nabizadz/Projects/Mahsa/datasets/grid/test/s34/lban1n.mpg,219,221,3.650315046310425,0.9770324054804925
168,5,/home/nabizadz/Projects/Mahsa/datasets/grid/test/s34/lwwc3n.mpg,133,135,4.0599236488342285,0.9892086681057802
168,6,/home/nabizadz/Projects/Mahsa/datasets/grid/test/s34/sgal7n.mpg,92,94,3.1705610752105713,0.991207209696012
168,7,/home/nabizadz/Projects/Mahsa/datasets/grid/test/s34/prbt1p.mpg,63,65,4.323379993438721,0.9987797845825762
168,8,/home/nabizadz/Projects/Mahsa/datasets/grid/test/s34/lgac1n.mpg,78,80,2.6892988681793213,0.9654034904455766
168,9,/home/nabizadz/Projects/Mahsa/datasets/grid/test/s34/swws3n.mpg,134,136,4.235419273376465,0.9988185478919778
168,10,/home/nabizadz/Projects/Mahsa/datasets/grid/test/s34/lrbb3n.mpg,132,134,4.023622989654541,0.9934095898394784
168,11,/home/nabizadz/Projects/Mahsa/datasets/grid/test/s34/bwaj6s.mpg,262,264,4.432967185974121,0.9999924781270014
168,12,/home/nabizadz/Projects/Mahsa/datasets/grid/test/s34/lbwu3n.mpg,112,114,4.1677470207214355,0.9995449614180959
168,13,/home/nabizadz/Projects/Mahsa/datasets/grid/test/s34/lgwx4a.mpg,294,296,4.390624046325684,0.9999112380335263
168,14,/home/nabizadz/Projects/Mahsa/datasets/grid/test/s34/swwm2a.mpg,172,174,3.616544723510742,0.9852146145736507
168,15,/home/nabizadz/Projects/Mahsa/datasets/grid/test/s34/lgiv2a.mpg,31,33,4.447445869445801,0.9993044199285894
169,0,/home/nabizadz/Projects/Mahsa/datasets/grid/test/s34/swws6a.mpg,39,41,4.350066184997559,0.9994598093702121
169,1,/home/nabizadz/Projects/Mahsa/datasets/grid/test/s34/lwab8a.mpg,216,218,4.478762149810791,0.9999714678032229
169,2,/home/nabizadz/Projects/Mahsa/datasets/grid/test/s34/pbaszs.mpg,232,234,4.446348190307617,0.999999999999959
169,3,/home/nabizadz/Projects/Mahsa/datasets/grid/test/s34/lgio8a.mpg,290,292,4.516135215759277,0.9999294416612283
169,4,/home/nabizadz/Projects/Mahsa/datasets/grid/test/s34/lban2s.mpg,245,247,4.118862628936768,0.9897364522558916
169,5,/home/nabizadz/Projects/Mahsa/datasets/grid/test/s34/pwag4s.mpg,16,18,4.451184272766113,0.9999999995187488
169,6,/home/nabizadz/Projects/Mahsa/datasets/grid/test/s34/lrbh7n.mpg,67,69,4.118404865264893,0.9909221138971374
169,7,/home/nabizadz/Projects/Mahsa/datasets/grid/test/s34/sbiq1p.mpg,13,15,4.476646423339844,0.9981957905735859
169,8,/home/nabizadz/Projects/Mahsa/datasets/grid/test/s34/bgix7p.mpg,266,268,4.46013069152832,0.9992390723375675
169,9,/home/nabizadz/Projects/Mahsa/datasets/grid/test/s34/pras7p.mpg,58,60,3.6223273277282715,0.9840849289952946
169,10,/home/nabizadz/Projects/Mahsa/datasets/grid/test/s34/swws5p.mpg,288,290,4.318836688995361,0.9984341819012748
169,11,/home/nabizadz/Projects/Mahsa/datasets/grid/test/s34/lbahza.mpg,263,265,4.3773956298828125,0.9924223930263508
169,12,/home/nabizadz/Projects/Mahsa/datasets/grid/test/s34/bgbrzs.mpg,288,290,4.316383361816406,0.9700589716523326
169,13,/home/nabizadz/Projects/Mahsa/datasets/grid/test/s34/pbil3p.mpg,17,19,4.393111705780029,0.9952012924701754
169,14,/home/nabizadz/Projects/Mahsa/datasets/grid/test/s34/sbid2s.mpg,95,97,4.357523441314697,0.9999380211172758
169,15,/home/nabizadz/Projects/Mahsa/datasets/grid/test/s34/pwigzs.mpg,138,140,3.8882057666778564,0.9907044202932264
170,0,/home/nabizadz/Projects/Mahsa/datasets/grid/test/s34/bwwq8s.mpg,38,40,4.340335369110107,0.9833498847225385
170,1,/home/nabizadz/Projects/Mahsa/datasets/grid/test/s34/lbwo1p.mpg,65,67,4.415860652923584,0.9997532584519022
170,2,/home/nabizadz/Projects/Mahsa/datasets/grid/test/s34/sgbs8a.mpg,157,159,4.036592483520508,0.99294327325536
170,3,/home/nabizadz/Projects/Mahsa/datasets/grid/test/s34/sgwm7p.mpg,110,112,3.502594232559204,0.9793613581051225
170,4,/home/nabizadz/Projects/Mahsa/datasets/grid/test/s34/pgan4s.mpg,231,233,4.039450645446777,0.9825019322176175
170,5,/home/nabizadz/Projects/Mahsa/datasets/grid/test/s34/srik3p.mpg,138,140,3.877924919128418,0.9831574910486631
170,6,/home/nabizadz/Projects/Mahsa/datasets/grid/test/s34/srik2s.mpg,197,199,4.161169528961182,0.986408023695651
170,7,/home/nabizadz/Projects/Mahsa/datasets/grid/test/s34/swie4s.mpg,171,173,4.345211505889893,0.9996358289449575
170,8,/home/nabizadz/Projects/Mahsa/datasets/grid/test/s34/bwbyza.mpg,242,244,4.4782867431640625,0.9999909692945761
170,9,/home/nabizadz/Projects/Mahsa/datasets/grid/test/s34/pgit3n.mpg,113,115,3.365107774734497,0.9807931365410166
170,10,/home/nabizadz/Projects/Mahsa/datasets/grid/test/s34/pgit5p.mpg,37,39,4.081751346588135,0.9932087217911374
170,11,/home/nabizadz/Projects/Mahsa/datasets/grid/test/s34/bgaq8a.mpg,234,236,4.5460076332092285,1.0
170,12,/home/nabizadz/Projects/Mahsa/datasets/grid/test/s34/sgwt1p.mpg,189,191,3.9332077503204346,0.9849913206667377
170,13,/home/nabizadz/Projects/Mahsa/datasets/grid/test/s34/bwbd7p.mpg,98,100,3.9637186527252197,0.9929206796291709
170,14,/home/nabizadz/Projects/Mahsa/datasets/grid/test/s34/sgwt2a.mpg,291,293,4.228562831878662,0.9978625306494086
170,15,/home/nabizadz/Projects/Mahsa/datasets/grid/test/s34/lgiu9n.mpg,0,2,4.622032642364502,0.9999681816225556
171,0,/home/nabizadz/Projects/Mahsa/datasets/grid/test/s34/lgav6a.mpg,118,120,4.296422004699707,0.9984019164160653
171,1,/home/nabizadz/Projects/Mahsa/datasets/grid/test/s34/bgad8s.mpg,76,78,3.5180695056915283,0.9850860403515735
171,2,/home/nabizadz/Projects/Mahsa/datasets/grid/test/s34/lbwozs.mpg,209,211,3.0418686866760254,0.9847611565384249
171,3,/home/nabizadz/Projects/Mahsa/datasets/grid/test/s34/lwwp3p.mpg,204,206,3.6558408737182617,0.9874407361981505
171,4,/home/nabizadz/Projects/Mahsa/datasets/grid/test/s34/sbaq4s.mpg,226,228,4.179684162139893,0.9884922312492289
171,5,/home/nabizadz/Projects/Mahsa/datasets/grid/test/s34/pbwg1p.mpg,140,142,4.063552379608154,0.9978272533573932
171,6,/home/nabizadz/Projects/Mahsa/datasets/grid/test/s34/lwwi9p.mpg,25,27,4.453796863555908,0.9999810272235222
171,7,/home/nabizadz/Projects/Mahsa/datasets/grid/test/s34/prif5p.mpg,207,209,3.5220484733581543,0.9762539668249481
171,8,/home/nabizadz/Projects/Mahsa/datasets/grid/test/s34/srbe7p.mpg,213,215,3.9441354274749756,0.9938944892880377
171,9,/home/nabizadz/Projects/Mahsa/datasets/grid/test/s34/lgai7p.mpg,143,145,4.5093994140625,0.9999901674370847
171,10,/home/nabizadz/Projects/Mahsa/datasets/grid/test/s34/lbbn6s.mpg,258,260,4.418651580810547,0.999493977965485
171,11,/home/nabizadz/Projects/Mahsa/datasets/grid/test/s34/bwwe2a.mpg,163,165,4.256202220916748,0.9983606479556822
171,12,/home/nabizadz/Projects/Mahsa/datasets/grid/test/s34/lrau1n.mpg,231,233,4.466555118560791,0.999963138373038
171,13,/home/nabizadz/Projects/Mahsa/datasets/grid/test/s34/bwax6a.mpg,28,30,4.488410472869873,1.0
171,14,/home/nabizadz/Projects/Mahsa/datasets/grid/test/s34/bgbk7p.mpg,119,121,3.6344099044799805,0.9917295022671794
171,15,/home/nabizadz/Projects/Mahsa/datasets/grid/test/s34/lbbn7p.mpg,167,169,3.3472111225128174,0.9977865717170575
172,0,/home/nabizadz/Projects/Mahsa/datasets/grid/test/s34/swbs2a.mpg,212,214,4.15694522857666,0.9901588198815267
172,1,/home/nabizadz/Projects/Mahsa/datasets/grid/test/s34/swwm1p.mpg,255,257,4.2851643562316895,0.9916303512696131
172,2,/home/nabizadz/Projects/Mahsa/datasets/grid/test/s34/lbwu4s.mpg,283,285,4.493838310241699,0.9999980313947557
172,3,/home/nabizadz/Projects/Mahsa/datasets/grid/test/s34/srwz2s.mpg,90,92,3.048311233520508,0.9848467833810636
172,4,/home/nabizadz/Projects/Mahsa/datasets/grid/test/s34/pgim9n.mpg,240,242,4.3880767822265625,0.9999584824959132
172,5,/home/nabizadz/Projects/Mahsa/datasets/grid/test/s34/lgwx2s.mpg,185,187,2.365915536880493,0.9714600747085143
172,6,/home/nabizadz/Projects/Mahsa/datasets/grid/test/s34/sbbk5p.mpg,271,273,4.423587322235107,0.9983290365617001
172,7,/home/nabizadz/Projects/Mahsa/datasets/grid/test/s34/lwao3n.mpg,47,49,4.125673294067383,0.9949153834013789
172,8,/home/nabizadz/Projects/Mahsa/datasets/grid/test/s34/srbr3n.mpg,86,88,4.417582035064697,0.9999707358455104
172,9,/home/nabizadz/Projects/Mahsa/datasets/grid/test/s34/sbby3p.mpg,21,23,4.341399669647217,0.9891001291013519
172,10,/home/nabizadz/Projects/Mahsa/datasets/grid/test/s34/sbid4a.mpg,157,159,3.828462600708008,0.9778821461819367
172,11,/home/nabizadz/Projects/Mahsa/datasets/grid/test/s34/swbf1n.mpg,113,115,2.325641632080078,0.99334066443628
172,12,/home/nabizadz/Projects/Mahsa/datasets/grid/test/s34/pwis7n.mpg,226,228,4.0018157958984375,0.9873519399841921
172,13,/home/nabizadz/Projects/Mahsa/datasets/grid/test/s34/sbwe4s.mpg,233,235,4.279675483703613,0.9943528105207585
172,14,/home/nabizadz/Projects/Mahsa/datasets/grid/test/s34/brbj4s.mpg,247,249,4.2191243171691895,0.9878989028996162
172,15,/home/nabizadz/Projects/Mahsa/datasets/grid/test/s34/lgbv7n.mpg,153,155,4.211959362030029,0.9941729667732476
173,0,/home/nabizadz/Projects/Mahsa/datasets/grid/test/s34/lbbt9n.mpg,268,270,4.493219375610352,0.9999567703848694
173,1,/home/nabizadz/Projects/Mahsa/datasets/grid/test/s34/brbd2a.mpg,213,215,4.097809314727783,0.9940605235090334
173,2,/home/nabizadz/Projects/Mahsa/datasets/grid/test/s34/bbiu8s.mpg,196,198,3.9542222023010254,0.989748908503826
173,3,/home/nabizadz/Projects/Mahsa/datasets/grid/test/s34/sriy1p.mpg,27,29,4.4303693771362305,0.9866499304204415
173,4,/home/nabizadz/Projects/Mahsa/datasets/grid/test/s34/swae9p.mpg,261,263,4.314992427825928,0.9994690101050119
173,5,/home/nabizadz/Projects/Mahsa/datasets/grid/test/s34/brav9p.mpg,87,89,3.925687551498413,0.9902988475335505
173,6,/home/nabizadz/Projects/Mahsa/datasets/grid/test/s34/lwwp2s.mpg,92,94,3.8727238178253174,0.9948670234672793
173,7,/home/nabizadz/Projects/Mahsa/datasets/grid/test/s34/pwwn8a.mpg,63,65,4.0125250816345215,0.995617535685835
173,8,/home/nabizadz/Projects/Mahsa/datasets/grid/test/s34/lwin9n.mpg,156,158,3.1198806762695312,0.987430713120367
173,9,/home/nabizadz/Projects/Mahsa/datasets/grid/test/s34/lgib9p.mpg,152,154,3.9854366779327393,0.9964169933059999
173,10,/home/nabizadz/Projects/Mahsa/datasets/grid/test/s34/bwaj7p.mpg,214,216,3.67911696434021,0.9651362234374495
173,11,/home/nabizadz/Projects/Mahsa/datasets/grid/test/s34/pril9p.mpg,45,47,4.2180609703063965,0.995053581820251
173,12,/home/nabizadz/Projects/Mahsa/datasets/grid/test/s34/bwbq6a.mpg,278,280,4.385807514190674,0.9998035144486783
173,13,/home/nabizadz/Projects/Mahsa/datasets/grid/test/s34/brac5n.mpg,115,117,4.187291622161865,0.9925238598214247
173,14,/home/nabizadz/Projects/Mahsa/datasets/grid/test/s34/bric4a.mpg,53,55,3.7764415740966797,0.9889297875063835
173,15,/home/nabizadz/Projects/Mahsa/datasets/grid/test/s34/sgaf6a.mpg,36,38,4.478158473968506,0.99999894884739
174,0,/home/nabizadz/Projects/Mahsa/datasets/grid/test/s34/bbai5p.mpg,176,178,3.854114294052124,0.994390184549737
174,1,/home/nabizadz/Projects/Mahsa/datasets/grid/test/s34/pgbbzs.mpg,27,29,4.386626720428467,0.9991679366420574
174,2,/home/nabizadz/Projects/Mahsa/datasets/grid/test/s34/bwax5p.mpg,222,224,3.9720678329467773,0.9648823581669482
174,3,/home/nabizadz/Projects/Mahsa/datasets/grid/test/s34/sriq6s.mpg,29,31,4.493495464324951,0.9999999697386083
174,4,/home/nabizadz/Projects/Mahsa/datasets/grid/test/s34/bwix1p.mpg,107,109,3.930495500564575,0.9933580334015707
174,5,/home/nabizadz/Projects/Mahsa/datasets/grid/test/s34/lrbo3p.mpg,188,190,4.054229736328125,0.9960396743483265
174,6,/home/nabizadz/Projects/Mahsa/datasets/grid/test/s34/lgwj5p.mpg,235,237,2.325028896331787,0.9545314116030701
174,7,/home/nabizadz/Projects/Mahsa/datasets/grid/test/s34/briv4s.mpg,226,228,4.176450729370117,0.9950133979634153
174,8,/home/nabizadz/Projects/Mahsa/datasets/grid/test/s34/sgil6a.mpg,239,241,4.407408237457275,0.998178866484024
174,9,/home/nabizadz/Projects/Mahsa/datasets/grid/test/s34/bwbk1p.mpg,127,129,4.444993019104004,0.9997286254329448
174,10,/home/nabizadz/Projects/Mahsa/datasets/grid/test/s34/pram3p.mpg,107,109,4.224971294403076,0.9990611165123041
174,11,/home/nabizadz/Projects/Mahsa/datasets/grid/test/s34/bbao7n.mpg,165,167,4.272616386413574,0.9970730942312099
174,12,/home/nabizadz/Projects/Mahsa/datasets/grid/test/s34/bgayzs.mpg,137,139,4.236608505249023,0.9985393565348175
174,13,/home/nabizadz/Projects/Mahsa/datasets/grid/test/s34/lbba8s.mpg,105,107,3.601412057876587,0.9778653739892259
174,14,/home/nabizadz/Projects/Mahsa/datasets/grid/test/s34/pwbg8s.mpg,175,177,3.6989383697509766,0.9889350428868635
174,15,/home/nabizadz/Projects/Mahsa/datasets/grid/test/s34/sgwg3p.mpg,265,267,4.525864124298096,1.0
175,0,/home/nabizadz/Projects/Mahsa/datasets/grid/test/s34/pgaa7p.mpg,186,188,4.361274719238281,0.9989698716921674
175,1,/home/nabizadz/Projects/Mahsa/datasets/grid/test/s34/pwwn7p.mpg,139,141,4.067131519317627,0.9956662912981982
175,2,/home/nabizadz/Projects/Mahsa/datasets/grid/test/s34/bbib5n.mpg,201,203,4.519519805908203,0.9999808442724678
175,3,/home/nabizadz/Projects/Mahsa/datasets/grid/test/s34/lrbiza.mpg,119,121,4.383366107940674,0.9998224209772731
175,4,/home/nabizadz/Projects/Mahsa/datasets/grid/test/s34/pgwu6s.mpg,13,15,4.488587379455566,1.0
175,5,/home/nabizadz/Projects/Mahsa/datasets/grid/test/s34/sgir8s.mpg,212,214,3.691861867904663,0.9853540561182876
175,6,/home/nabizadz/Projects/Mahsa/datasets/grid/test/s34/swwz7n.mpg,192,194,4.218881130218506,0.9948707783957851
175,7,/home/nabizadz/Projects/Mahsa/datasets/grid/test/s34/praz9n.mpg,246,248,4.26119327545166,0.9974625018392117
175,8,/home/nabizadz/Projects/Mahsa/datasets/grid/test/s34/lbaa6a.mpg,296,298,4.369980812072754,1.0
175,9,/home/nabizadz/Projects/Mahsa/datasets/grid/test/s34/lgwqza.mpg,23,25,4.542909622192383,1.0
175,10,/home/nabizadz/Projects/Mahsa/datasets/grid/test/s34/lrig9n.mpg,225,227,3.655621290206909,0.986341513864011
175,11,/home/nabizadz/Projects/Mahsa/datasets/grid/test/s34/bwbq5p.mpg,15,17,4.502962112426758,0.9977980671208682
175,12,/home/nabizadz/Projects/Mahsa/datasets/grid/test/s34/pgaa5n.mpg,150,152,3.7697105407714844,0.9948936936223732
175,13,/home/nabizadz/Projects/Mahsa/datasets/grid/test/s34/lgai8a.mpg,136,138,4.274975776672363,0.9989982460179723
175,14,/home/nabizadz/Projects/Mahsa/datasets/grid/test/s34/pwim3n.mpg,95,97,3.8060035705566406,0.9910848099353531
175,15,/home/nabizadz/Projects/Mahsa/datasets/grid/test/s34/sbak1p.mpg,137,139,4.30265998840332,0.9991967046675927
176,0,/home/nabizadz/Projects/Mahsa/datasets/grid/test/s34/pwbg7n.mpg,64,66,4.274253845214844,0.9983802115239444
176,1,/home/nabizadz/Projects/Mahsa/datasets/grid/test/s34/lgwdzs.mpg,272,274,4.2714715003967285,0.9989509392845253
176,2,/home/nabizadz/Projects/Mahsa/datasets/grid/test/s34/sbwr2s.mpg,127,129,2.6548733711242676,0.9901489699171595
176,3,/home/nabizadz/Projects/Mahsa/datasets/grid/test/s34/lwiozs.mpg,298,300,4.636814594268799,0.9999999999999997
176,4,/home/nabizadz/Projects/Mahsa/datasets/grid/test/s34/srae4a.mpg,105,107,4.091610431671143,0.9957842001787821
176,5,/home/nabizadz/Projects/Mahsa/datasets/grid/test/s34/prbm6s.mpg,40,42,4.430821895599365,0.9998311459003156
176,6,/home/nabizadz/Projects/Mahsa/datasets/grid/test/s34/srae2s.mpg,56,58,3.5256834030151367,0.9876288678087581
176,7,/home/nabizadz/Projects/Mahsa/datasets/grid/test/s34/sbid3p.mpg,260,262,4.5855913162231445,0.9997069782267162
176,8,/home/nabizadz/Projects/Mahsa/datasets/grid/test/s34/pwwn6s.mpg,120,122,4.205062389373779,0.9998855888990412
176,9,/home/nabizadz/Projects/Mahsa/datasets/grid/test/s34/pbbf6s.mpg,139,141,3.199472665786743,0.9892512450990111
176,10,/home/nabizadz/Projects/Mahsa/datasets/grid/test/s34/swwl9n.mpg,35,37,4.476964950561523,0.9994079859908432
176,11,/home/nabizadz/Projects/Mahsa/datasets/grid/test/s34/lrah5p.mpg,248,250,4.253893852233887,0.9946890367317985
176,12,/home/nabizadz/Projects/Mahsa/datasets/grid/test/s34/lgwj6a.mpg,0,2,4.606617450714111,0.9999907403023702
176,13,/home/nabizadz/Projects/Mahsa/datasets/grid/test/s34/bbwj3p.mpg,171,173,4.308051586151123,0.9972966055306194
176,14,/home/nabizadz/Projects/Mahsa/datasets/grid/test/s34/brwq4a.mpg,224,226,3.907820463180542,0.9963089406606833
176,15,/home/nabizadz/Projects/Mahsa/datasets/grid/test/s34/lgap1p.mpg,161,163,3.734996795654297,0.9910246515394359
177,0,/home/nabizadz/Projects/Mahsa/datasets/grid/test/s34/srak7p.mpg,17,19,4.4556684494018555,1.0
177,1,/home/nabizadz/Projects/Mahsa/datasets/grid/test/s34/bgwl2a.mpg,289,291,4.433917045593262,0.9938049441813801
177,2,/home/nabizadz/Projects/Mahsa/datasets/grid/test/s34/prbtzs.mpg,153,155,4.023301124572754,0.9902478286411877
177,3,/home/nabizadz/Projects/Mahsa/datasets/grid/test/s34/pgbn8s.mpg,137,139,4.048225402832031,0.9964430418200944
177,4,/home/nabizadz/Projects/Mahsa/datasets/grid/test/s34/pbws7n.mpg,286,288,4.436933994293213,0.9999950887646789
177,5,/home/nabizadz/Projects/Mahsa/datasets/grid/test/s34/sbbd9n.mpg,178,180,3.8060684204101562,0.9922194606852732
177,6,/home/nabizadz/Projects/Mahsa/datasets/grid/test/s34/bwbq4s.mpg,42,44,4.416261196136475,0.9999433780684663
177,7,/home/nabizadz/Projects/Mahsa/datasets/grid/test/s34/bwwrza.mpg,120,122,3.912045955657959,0.9912835121550096
177,8,/home/nabizadz/Projects/Mahsa/datasets/grid/test/s34/bwij4a.mpg,155,157,4.4833455085754395,0.9997894101670777
177,9,/home/nabizadz/Projects/Mahsa/datasets/grid/test/s34/bbwxzs.mpg,151,153,4.196251392364502,0.9969610945451016
177,10,/home/nabizadz/Projects/Mahsa/datasets/grid/test/s34/lbaa5p.mpg,16,18,4.422158241271973,0.9843567465724213
177,11,/home/nabizadz/Projects/Mahsa/datasets/grid/test/s34/bwad2s.mpg,295,297,4.562766075134277,0.9999857070846085
177,12,/home/nabizadz/Projects/Mahsa/datasets/grid/test/s34/lran9p.mpg,74,76,2.541552782058716,0.9890634053732085
177,13,/home/nabizadz/Projects/Mahsa/datasets/grid/test/s34/lwbv3p.mpg,174,176,4.380460739135742,0.9997629581843932
177,14,/home/nabizadz/Projects/Mahsa/datasets/grid/test/s34/pbwm5p.mpg,177,179,4.395042896270752,0.9989657835905272
177,15,/home/nabizadz/Projects/Mahsa/datasets/grid/test/s34/bgid5p.mpg,175,177,3.930046319961548,0.9945831583713363
178,0,/home/nabizadz/Projects/Mahsa/datasets/grid/test/s34/sriyzs.mpg,234,236,3.7926666736602783,0.9607181409483749
178,1,/home/nabizadz/Projects/Mahsa/datasets/grid/test/s34/lgbv8s.mpg,162,164,3.7984061241149902,0.9866901983971157
178,2,/home/nabizadz/Projects/Mahsa/datasets/grid/test/s34/lrbo2s.mpg,118,120,4.349481582641602,0.9996467234996923
178,3,/home/nabizadz/Projects/Mahsa/datasets/grid/test/s34/bric1n.mpg,79,81,3.437192440032959,0.9880735456998835
178,4,/home/nabizadz/Projects/Mahsa/datasets/grid/test/s34/prwn2a.mpg,219,221,3.803499937057495,0.9834398469053147
178,5,/home/nabizadz/Projects/Mahsa/datasets/grid/test/s34/swbz6a.mpg,85,87,2.799748420715332,0.9830909275700487
178,6,/home/nabizadz/Projects/Mahsa/datasets/grid/test/s34/swik9p.mpg,13,15,4.561596870422363,0.9988427747104804
178,7,/home/nabizadz/Projects/Mahsa/datasets/grid/test/s34/lwwc4s.mpg,161,163,2.4617269039154053,0.9743245788514815
178,8,/home/nabizadz/Projects/Mahsa/datasets/grid/test/s34/brio9n.mpg,88,90,3.688826322555542,0.992924425927183
178,9,/home/nabizadz/Projects/Mahsa/datasets/grid/test/s34/bbwj4a.mpg,248,250,4.385421276092529,0.9999788160000113
178,10,/home/nabizadz/Projects/Mahsa/datasets/grid/test/s34/brac7p.mpg,144,146,3.8216781616210938,0.990902391645929
178,11,/home/nabizadz/Projects/Mahsa/datasets/grid/test/s34/pbie8s.mpg,118,120,3.8411595821380615,0.9910815397935777
178,12,/home/nabizadz/Projects/Mahsa/datasets/grid/test/s34/lwao6a.mpg,118,120,4.2983808517456055,0.9994328629077934
178,13,/home/nabizadz/Projects/Mahsa/datasets/grid/test/s34/swbl8a.mpg,295,297,4.42594051361084,0.9983762101827766
178,14,/home/nabizadz/Projects/Mahsa/datasets/grid/test/s34/lrau4a.mpg,5,7,4.493731498718262,0.999999999939142
178,15,/home/nabizadz/Projects/Mahsa/datasets/grid/test/s34/sbij8a.mpg,282,284,4.455841064453125,1.0
179,0,/home/nabizadz/Projects/Mahsa/datasets/grid/test/s34/pris1n.mpg,248,250,4.156404972076416,0.9884589053192825
179,1,/home/nabizadz/Projects/Mahsa/datasets/grid/test/s34/srarzs.mpg,264,266,4.419792175292969,0.9993910146930433
179,2,/home/nabizadz/Projects/Mahsa/datasets/grid/test/s34/swal4a.mpg,108,110,4.112366676330566,0.9962408389831553
179,3,/home/nabizadz/Projects/Mahsa/datasets/grid/test/s34/pgwo3p.mpg,1,3,4.618999004364014,0.9999585557768346
179,4,/home/nabizadz/Projects/Mahsa/datasets/grid/test/s34/swilza.mpg,155,157,4.039364814758301,0.9926387037231887
179,5,/home/nabizadz/Projects/Mahsa/datasets/grid/test/s34/lwaizs.mpg,261,263,4.527289390563965,0.9999999999999998
179,6,/home/nabizadz/Projects/Mahsa/datasets/grid/test/s34/pbbz9p.mpg,3,5,4.487834453582764,0.9999896944169798
179,7,/home/nabizadz/Projects/Mahsa/datasets/grid/test/s34/sriy2a.mpg,10,12,4.579683303833008,0.9999979440334333
179,8,/home/nabizadz/Projects/Mahsa/datasets/grid/test/s34/pgwh8s.mpg,282,284,4.368450164794922,0.9958560913717913
179,9,/home/nabizadz/Projects/Mahsa/datasets/grid/test/s34/lbit3p.mpg,170,172,4.067198276519775,0.991426951567686
179,10,/home/nabizadz/Projects/Mahsa/datasets/grid/test/s34/pwitza.mpg,172,174,2.705303907394409,0.9883046548412101
179,11,/home/nabizadz/Projects/Mahsa/datasets/grid/test/s34/pras5n.mpg,206,208,3.8887948989868164,0.9902489250861213
179,12,/home/nabizadz/Projects/Mahsa/datasets/grid/test/s34/bbwc9p.mpg,295,297,4.412938117980957,0.9998575573613989
179,13,/home/nabizadz/Projects/Mahsa/datasets/grid/test/s34/swwf8a.mpg,16,18,3.8788692951202393,0.9644420079952896
179,14,/home/nabizadz/Projects/Mahsa/datasets/grid/test/s34/brac6s.mpg,109,111,4.269516944885254,0.9998130014321548
179,15,/home/nabizadz/Projects/Mahsa/datasets/grid/test/s34/pwanza.mpg,203,205,4.231101036071777,0.9956056951385985
180,0,/home/nabizadz/Projects/Mahsa/datasets/grid/test/s34/bwbj9n.mpg,16,18,4.590713977813721,0.9999750146030221
180,1,/home/nabizadz/Projects/Mahsa/datasets/grid/test/s34/bgwy7n.mpg,202,204,3.6289730072021484,0.9871205271032806
180,2,/home/nabizadz/Projects/Mahsa/datasets/grid/test/s34/briv6a.mpg,280,282,4.412477016448975,0.9999999999999999
180,3,/home/nabizadz/Projects/Mahsa/datasets/grid/test/s34/bgwy8s.mpg,107,109,3.6413168907165527,0.9814387058320804
180,4,/home/nabizadz/Projects/Mahsa/datasets/grid/test/s34/lgbp5p.mpg,66,68,3.9005424976348877,0.995242209057778
180,5,/home/nabizadz/Projects/Mahsa/datasets/grid/test/s34/lrbb6a.mpg,121,123,3.7905664443969727,0.9937253383861878
180,6,/home/nabizadz/Projects/Mahsa/datasets/grid/test/s34/lwiu5p.mpg,286,288,4.419715404510498,0.9998610651379938
180,7,/home/nabizadz/Projects/Mahsa/datasets/grid/test/s34/brbqza.mpg,174,176,3.8995676040649414,0.9917941325812829
180,8,/home/nabizadz/Projects/Mahsa/datasets/grid/test/s34/bwiv9n.mpg,66,68,3.847527265548706,0.9909366268060206
180,9,/home/nabizadz/Projects/Mahsa/datasets/grid/test/s34/sgbm3p.mpg,152,154,4.3149919509887695,0.9999257651825972
180,10,/home/nabizadz/Projects/Mahsa/datasets/grid/test/s34/bgwk9n.mpg,88,90,3.541994571685791,0.9905525130238189
180,11,/home/nabizadz/Projects/Mahsa/datasets/grid/test/s34/pgwh9p.mpg,284,286,4.415521144866943,0.9993162558732731
180,12,/home/nabizadz/Projects/Mahsa/datasets/grid/test/s34/sgaz8a.mpg,179,181,4.008571147918701,0.9984793600800022
180,13,/home/nabizadz/Projects/Mahsa/datasets/grid/test/s34/bgak4a.mpg,244,246,4.172914981842041,0.9874943308540128
180,14,/home/nabizadz/Projects/Mahsa/datasets/grid/test/s34/pbwm6a.mpg,76,78,4.521886348724365,0.9998652224318377
180,15,/home/nabizadz/Projects/Mahsa/datasets/grid/test/s34/lgai5n.mpg,11,13,4.547048091888428,0.9999999628682432
181,0,/home/nabizadz/Projects/Mahsa/datasets/grid/test/s34/srwz4a.mpg,17,19,4.5132575035095215,0.9999617768696111
181,1,/home/nabizadz/Projects/Mahsa/datasets/grid/test/s34/srwz3p.mpg,162,164,4.130114555358887,0.998350788928259
181,2,/home/nabizadz/Projects/Mahsa/datasets/grid/test/s34/prwg8a.mpg,30,32,4.553676605224609,0.9995071773695335
181,3,/home/nabizadz/Projects/Mahsa/datasets/grid/test/s34/bwap9n.mpg,180,182,4.049142360687256,0.9859896636181548
181,4,/home/nabizadz/Projects/Mahsa/datasets/grid/test/s34/srix9n.mpg,72,74,4.512613773345947,0.9999972697326848
181,5,/home/nabizadz/Projects/Mahsa/datasets/grid/test/s34/pbbs5p.mpg,255,257,4.307894706726074,0.9994171758600157
181,6,/home/nabizadz/Projects/Mahsa/datasets/grid/test/s34/pbifza.mpg,123,125,3.6485421657562256,0.9911599452520317
181,7,/home/nabizadz/Projects/Mahsa/datasets/grid/test/s34/lgap2a.mpg,116,118,4.3947858810424805,0.9999460352056176
181,8,/home/nabizadz/Projects/Mahsa/datasets/grid/test/s34/bwwy3p.mpg,39,41,4.5673112869262695,0.9999853776624732
181,9,/home/nabizadz/Projects/Mahsa/datasets/grid/test/s34/brap5p.mpg,33,35,4.4305500984191895,0.9963269381636711
181,10,/home/nabizadz/Projects/Mahsa/datasets/grid/test/s34/lrbh9p.mpg,179,181,4.347530364990234,0.9997177362131597
181,11,/home/nabizadz/Projects/Mahsa/datasets/grid/test/s34/prwm9n.mpg,272,274,4.355621337890625,0.9999541435816032
181,12,/home/nabizadz/Projects/Mahsa/datasets/grid/test/s34/lrin3n.mpg,46,48,4.3281683921813965,0.9984832713802799
181,13,/home/nabizadz/Projects/Mahsa/datasets/grid/test/s34/swazzs.mpg,21,23,4.4993791580200195,0.9999999999999987
181,14,/home/nabizadz/Projects/Mahsa/datasets/grid/test/s34/brwq2s.mpg,186,188,4.433605670928955,0.9996353419848137
181,15,/home/nabizadz/Projects/Mahsa/datasets/grid/test/s34/lbbu1p.mpg,30,32,4.4230828285217285,0.9985838604141207
182,0,/home/nabizadz/Projects/Mahsa/datasets/grid/test/s34/swie3n.mpg,140,142,4.000044822692871,0.9899440600666891
182,1,/home/nabizadz/Projects/Mahsa/datasets/grid/test/s34/pgbu3p.mpg,52,54,4.315090179443359,0.9987641726951663
182,2,/home/nabizadz/Projects/Mahsa/datasets/grid/test/s34/srwr8s.mpg,27,29,4.451075553894043,0.9999843884337531
182,3,/home/nabizadz/Projects/Mahsa/datasets/grid/test/s34/sbbk3n.mpg,196,198,2.5982604026794434,0.9839262304353242
182,4,/home/nabizadz/Projects/Mahsa/datasets/grid/test/s34/lwbo7n.mpg,176,178,4.2962164878845215,0.9998937136162999
182,5,/home/nabizadz/Projects/Mahsa/datasets/grid/test/s34/bbwp8a.mpg,67,69,3.7413198947906494,0.9922686609887544
182,6,/home/nabizadz/Projects/Mahsa/datasets/grid/test/s34/sgir9p.mpg,280,282,4.377691745758057,0.9994594934984244
182,7,/home/nabizadz/Projects/Mahsa/datasets/grid/test/s34/swar5n.mpg,267,269,4.324891090393066,0.9964870806104997
182,8,/home/nabizadz/Projects/Mahsa/datasets/grid/test/s34/sgiz2s.mpg,59,61,3.6598587036132812,0.9885614352097752
182,9,/home/nabizadz/Projects/Mahsa/datasets/grid/test/s34/bgbe4a.mpg,277,279,4.428699016571045,0.963572856788945
182,10,/home/nabizadz/Projects/Mahsa/datasets/grid/test/s34/bgbq9n.mpg,221,223,3.9518394470214844,0.9930364631061908
182,11,/home/nabizadz/Projects/Mahsa/datasets/grid/test/s34/sgir7n.mpg,68,70,3.506355047225952,0.978032292153613
182,12,/home/nabizadz/Projects/Mahsa/datasets/grid/test/s34/brwq1n.mpg,280,282,4.386703014373779,0.9935775413300167
182,13,/home/nabizadz/Projects/Mahsa/datasets/grid/test/s34/bbwj1n.mpg,191,193,4.0257248878479,0.9914405301335851
182,14,/home/nabizadz/Projects/Mahsa/datasets/grid/test/s34/pbal6s.mpg,251,253,4.2952399253845215,0.9598556601168725
182,15,/home/nabizadz/Projects/Mahsa/datasets/grid/test/s34/brbp7n.mpg,99,101,4.296936988830566,0.9991333215283837
183,0,/home/nabizadz/Projects/Mahsa/datasets/grid/test/s34/prwnzs.mpg,29,31,4.336145401000977,0.982732444160965
183,1,/home/nabizadz/Projects/Mahsa/datasets/grid/test/s34/swbf4a.mpg,144,146,3.9213027954101562,0.995660634016511
183,2,/home/nabizadz/Projects/Mahsa/datasets/grid/test/s34/lgio6s.mpg,3,5,4.48844051361084,0.999982333420391
183,3,/home/nabizadz/Projects/Mahsa/datasets/grid/test/s34/bwwk4s.mpg,5,7,4.508368015289307,0.9985689934043449
183,4,/home/nabizadz/Projects/Mahsa/datasets/grid/test/s34/lran8s.mpg,295,297,4.221787452697754,0.9993432814938918
183,5,/home/nabizadz/Projects/Mahsa/datasets/grid/test/s34/lwwjza.mpg,165,167,4.413044452667236,0.9997516311029352
183,6,/home/nabizadz/Projects/Mahsa/datasets/grid/test/s34/pgat8s.mpg,277,279,4.009016513824463,0.993832115283759
183,7,/home/nabizadz/Projects/Mahsa/datasets/grid/test/s34/sway9n.mpg,8,10,4.495347499847412,0.9784639538136901
183,8,/home/nabizadz/Projects/Mahsa/datasets/grid/test/s34/lgio5n.mpg,268,270,4.442780017852783,0.9998390642600241
183,9,/home/nabizadz/Projects/Mahsa/datasets/grid/test/s34/sbwr3p.mpg,109,111,3.929811954498291,0.9858553013604174
183,10,/home/nabizadz/Projects/Mahsa/datasets/grid/test/s34/bgaq6s.mpg,283,285,4.316311836242676,0.9997668082836204
183,11,/home/nabizadz/Projects/Mahsa/datasets/grid/test/s34/bbao8s.mpg,178,180,3.9893195629119873,0.9926310135810528
183,12,/home/nabizadz/Projects/Mahsa/datasets/grid/test/s34/bbapza.mpg,179,181,4.240839004516602,0.9955076601848615
183,13,/home/nabizadz/Projects/Mahsa/datasets/grid/test/s34/pbbm1p.mpg,102,104,3.659578800201416,0.9909526832686173
183,14,/home/nabizadz/Projects/Mahsa/datasets/grid/test/s34/srwfzs.mpg,0,2,4.61149787902832,0.9999999773827346
183,15,/home/nabizadz/Projects/Mahsa/datasets/grid/test/s34/pgwo4a.mpg,6,8,4.5610480308532715,0.9999782159973414
184,0,/home/nabizadz/Projects/Mahsa/datasets/grid/test/s34/pbbs4s.mpg,242,244,4.110638618469238,0.9897120763306756
184,1,/home/nabizadz/Projects/Mahsa/datasets/grid/test/s34/lgwp9p.mpg,103,105,3.9330108165740967,0.9841735389554347
184,2,/home/nabizadz/Projects/Mahsa/datasets/grid/test/s34/bgwl1p.mpg,231,233,4.425902843475342,0.9985915320727048
184,3,/home/nabizadz/Projects/Mahsa/datasets/grid/test/s34/pgbn7n.mpg,279,281,4.424379825592041,0.999978081377257
184,4,/home/nabizadz/Projects/Mahsa/datasets/grid/test/s34/prbm5n.mpg,173,175,4.4412841796875,0.999839836341069
184,5,/home/nabizadz/Projects/Mahsa/datasets/grid/test/s34/brbj5p.mpg,63,65,3.5330617427825928,0.9870300331351158
184,6,/home/nabizadz/Projects/Mahsa/datasets/grid/test/s34/pwag3n.mpg,246,248,3.739420175552368,0.9930382607789533
184,7,/home/nabizadz/Projects/Mahsa/datasets/grid/test/s34/brwx5n.mpg,110,112,3.6999924182891846,0.9955476915627467
184,8,/home/nabizadz/Projects/Mahsa/datasets/grid/test/s34/prwt4s.mpg,200,202,4.164219856262207,0.9885769663632249
184,9,/home/nabizadz/Projects/Mahsa/datasets/grid/test/s34/lbim8s.mpg,214,216,3.727775812149048,0.9830788794167555
184,10,/home/nabizadz/Projects/Mahsa/datasets/grid/test/s34/pbie7n.mpg,157,159,3.6033430099487305,0.9935396328111804
184,11,/home/nabizadz/Projects/Mahsa/datasets/grid/test/s34/lwwv6s.mpg,19,21,4.534715175628662,0.9999999630868138
184,12,/home/nabizadz/Projects/Mahsa/datasets/grid/test/s34/lgii4a.mpg,73,75,3.5712199211120605,0.9821310775084457
184,13,/home/nabizadz/Projects/Mahsa/datasets/grid/test/s34/lgapzs.mpg,105,107,4.1530327796936035,0.9915458577913262
184,14,/home/nabizadz/Projects/Mahsa/datasets/grid/test/s34/bgwzza.mpg,280,282,4.468193531036377,0.9999701850777445
184,15,/home/nabizadz/Projects/Mahsa/datasets/grid/test/s34/lwbv2s.mpg,174,176,3.923586845397949,0.975573037402103
185,0,/home/nabizadz/Projects/Mahsa/datasets/grid/test/s34/lrwo5n.mpg,104,106,4.012599468231201,0.9911757423160682
185,1,/home/nabizadz/Projects/Mahsa/datasets/grid/test/s34/pgig8a.mpg,76,78,4.550534725189209,0.9999613689835133
185,2,/home/nabizadz/Projects/Mahsa/datasets/grid/test/s34/sbayza.mpg,171,173,3.97176194190979,0.9943366060582158
185,3,/home/nabizadz/Projects/Mahsa/datasets/grid/test/s34/bbio6a.mpg,112,114,3.7276461124420166,0.9896080264954413
185,4,/home/nabizadz/Projects/Mahsa/datasets/grid/test/s34/brbx4a.mpg,115,117,4.301483631134033,0.999962303012131
185,5,/home/nabizadz/Projects/Mahsa/datasets/grid/test/s34/sgas4a.mpg,210,212,4.1567816734313965,0.9989770054111278
185,6,/home/nabizadz/Projects/Mahsa/datasets/grid/test/s34/lrih2a.mpg,282,284,4.429934501647949,0.9999825715235602
185,7,/home/nabizadz/Projects/Mahsa/datasets/grid/test/s34/swir1n.mpg,6,8,4.593813419342041,0.9997765247801406
185,8,/home/nabizadz/Projects/Mahsa/datasets/grid/test/s34/pgwo2s.mpg,83,85,4.400149822235107,0.999933041599455
185,9,/home/nabizadz/Projects/Mahsa/datasets/grid/test/s34/lgicza.mpg,19,21,4.474793434143066,0.9999408443433443
185,10,/home/nabizadz/Projects/Mahsa/datasets/grid/test/s34/pbir5n.mpg,66,68,3.9254469871520996,0.9951308771419843
185,11,/home/nabizadz/Projects/Mahsa/datasets/grid/test/s34/lwwp1n.mpg,252,254,4.401275157928467,0.9872321512924952
185,12,/home/nabizadz/Projects/Mahsa/datasets/grid/test/s34/pwag6a.mpg,270,272,4.4159417152404785,0.9830724145588109
185,13,/home/nabizadz/Projects/Mahsa/datasets/grid/test/s34/bgax9n.mpg,239,241,4.398019313812256,0.9975147556336031
185,14,/home/nabizadz/Projects/Mahsa/datasets/grid/test/s34/srbk9n.mpg,153,155,4.048029899597168,0.9961747791288039
185,15,/home/nabizadz/Projects/Mahsa/datasets/grid/test/s34/pwig2a.mpg,161,163,3.3888230323791504,0.9614011292511269
186,0,/home/nabizadz/Projects/Mahsa/datasets/grid/test/s34/srby7n.mpg,243,245,4.167486667633057,0.9922851256502152
186,1,/home/nabizadz/Projects/Mahsa/datasets/grid/test/s34/sbwe6a.mpg,176,178,4.424987316131592,0.9997185283420364
186,2,/home/nabizadz/Projects/Mahsa/datasets/grid/test/s34/sgif1p.mpg,57,59,4.341257095336914,0.9965102070906935
186,3,/home/nabizadz/Projects/Mahsa/datasets/grid/test/s34/sbax7n.mpg,66,68,4.504627704620361,0.9962690606194778
186,4,/home/nabizadz/Projects/Mahsa/datasets/grid/test/s34/prbm7p.mpg,268,270,4.40744686126709,0.9972116159284775
186,5,/home/nabizadz/Projects/Mahsa/datasets/grid/test/s34/swbf3p.mpg,34,36,4.525506973266602,0.9989341435174294
186,6,/home/nabizadz/Projects/Mahsa/datasets/grid/test/s34/pwim6a.mpg,17,19,4.539778232574463,0.9999244591370922
186,7,/home/nabizadz/Projects/Mahsa/datasets/grid/test/s34/lran7n.mpg,200,202,4.072986602783203,0.9858875193976382
186,8,/home/nabizadz/Projects/Mahsa/datasets/grid/test/s34/pwaa2a.mpg,290,292,4.5683207511901855,0.9999651823499616
186,9,/home/nabizadz/Projects/Mahsa/datasets/grid/test/s34/bgby3n.mpg,278,280,4.591001510620117,0.9977061113042812
186,10,/home/nabizadz/Projects/Mahsa/datasets/grid/test/s34/pgwb5p.mpg,21,23,4.4253692626953125,0.9981983486958026
186,11,/home/nabizadz/Projects/Mahsa/datasets/grid/test/s34/bbbi8s.mpg,109,111,4.329307556152344,0.9994284362758539
186,12,/home/nabizadz/Projects/Mahsa/datasets/grid/test/s34/pbil2s.mpg,78,80,3.6498537063598633,0.9884533722373594
186,13,/home/nabizadz/Projects/Mahsa/datasets/grid/test/s34/prbg2s.mpg,123,125,4.282470703125,0.9994518265603235
186,14,/home/nabizadz/Projects/Mahsa/datasets/grid/test/s34/pragza.mpg,13,15,4.395790100097656,0.9991399472251234
186,15,/home/nabizadz/Projects/Mahsa/datasets/grid/test/s34/lwbc2a.mpg,219,221,4.206457614898682,0.9980651515321987
187,0,/home/nabizadz/Projects/Mahsa/datasets/grid/test/s34/brbd1p.mpg,149,151,4.121008396148682,0.9973967715962908
187,1,/home/nabizadz/Projects/Mahsa/datasets/grid/test/s34/pwag5p.mpg,128,130,4.268125057220459,0.997339531631612
187,2,/home/nabizadz/Projects/Mahsa/datasets/grid/test/s34/bgad9p.mpg,165,167,3.802797794342041,0.9942943096291879
187,3,/home/nabizadz/Projects/Mahsa/datasets/grid/test/s34/lrwo6s.mpg,73,75,4.19650411605835,0.9872605410889581
187,4,/home/nabizadz/Projects/Mahsa/datasets/grid/test/s34/lbwh7p.mpg,285,287,4.395925521850586,0.979143984164527
187,5,/home/nabizadz/Projects/Mahsa/datasets/grid/test/s34/bbwp7p.mpg,2,4,4.614856243133545,0.999979299305634
187,6,/home/nabizadz/Projects/Mahsa/datasets/grid/test/s34/brwj7n.mpg,123,125,4.31104850769043,0.9985046719201656
187,7,/home/nabizadz/Projects/Mahsa/datasets/grid/test/s34/sbix5p.mpg,12,14,4.501893043518066,0.9975259024977605
187,8,/home/nabizadz/Projects/Mahsa/datasets/grid/test/s32/prbazs.mpg,215,217,3.9149203300476074,0.9889425296181849
187,9,/home/nabizadz/Projects/Mahsa/datasets/grid/test/s32/bwwe3p.mpg,33,35,4.429880619049072,0.9999172458411187
187,10,/home/nabizadz/Projects/Mahsa/datasets/grid/test/s32/lgio9p.mpg,266,268,4.3463134765625,0.9349207721198654
187,11,/home/nabizadz/Projects/Mahsa/datasets/grid/test/s32/pwwh5p.mpg,199,201,4.320727825164795,0.9962238491532684
187,12,/home/nabizadz/Projects/Mahsa/datasets/grid/test/s32/lrah7p.mpg,120,122,4.082887649536133,0.9987686526425261
187,13,/home/nabizadz/Projects/Mahsa/datasets/grid/test/s32/sgis2a.mpg,233,235,4.220940589904785,0.8810656048024036
187,14,/home/nabizadz/Projects/Mahsa/datasets/grid/test/s32/pgbb3p.mpg,238,240,4.176544666290283,0.8778814505383112
187,15,/home/nabizadz/Projects/Mahsa/datasets/grid/test/s32/lrbizs.mpg,6,8,4.577178955078125,0.9990957613014103
188,0,/home/nabizadz/Projects/Mahsa/datasets/grid/test/s32/sgbm3n.mpg,10,12,4.4827752113342285,0.9975206655420825
188,1,/home/nabizadz/Projects/Mahsa/datasets/grid/test/s32/srbe7n.mpg,273,275,4.3846001625061035,0.9378360116960609
188,2,/home/nabizadz/Projects/Mahsa/datasets/grid/test/s32/swbf3n.mpg,57,59,4.424220561981201,0.988089681242867
188,3,/home/nabizadz/Projects/Mahsa/datasets/grid/test/s32/lban4s.mpg,59,61,3.6660995483398438,0.9894293761282767
188,4,/home/nabizadz/Projects/Mahsa/datasets/grid/test/s32/lwwp5p.mpg,145,147,3.8628385066986084,0.9937692626438661
188,5,/home/nabizadz/Projects/Mahsa/datasets/grid/test/s32/brwq3n.mpg,88,90,3.9680604934692383,0.9991068612930338
188,6,/home/nabizadz/Projects/Mahsa/datasets/grid/test/s32/bgwl3p.mpg,41,43,4.459386825561523,0.9944943906881772
188,7,/home/nabizadz/Projects/Mahsa/datasets/grid/test/s32/bbbv9p.mpg,262,264,4.193332672119141,0.8851266123923683
188,8,/home/nabizadz/Projects/Mahsa/datasets/grid/test/s32/lbaa7p.mpg,66,68,4.062946796417236,0.9898535750453692
188,9,/home/nabizadz/Projects/Mahsa/datasets/grid/test/s32/bgik2a.mpg,32,34,4.229737758636475,0.9905152871947738
188,10,/home/nabizadz/Projects/Mahsa/datasets/grid/test/s32/bbbjzs.mpg,14,16,4.4807024002075195,0.9793217084336566
188,11,/home/nabizadz/Projects/Mahsa/datasets/grid/test/s32/lwiu6s.mpg,212,214,4.5103068351745605,0.981942941248298
188,12,/home/nabizadz/Projects/Mahsa/datasets/grid/test/s32/bbapzs.mpg,132,134,3.9253036975860596,0.99661198809106
188,13,/home/nabizadz/Projects/Mahsa/datasets/grid/test/s32/sray8a.mpg,245,247,4.2208571434021,0.8572067475558278
188,14,/home/nabizadz/Projects/Mahsa/datasets/grid/test/s32/srwl8a.mpg,50,52,4.291214942932129,0.9946391770736619
188,15,/home/nabizadz/Projects/Mahsa/datasets/grid/test/s32/bgiq4s.mpg,88,90,3.630242347717285,0.9798776313200667
189,0,/home/nabizadz/Projects/Mahsa/datasets/grid/test/s32/bwwy5p.mpg,272,274,4.582310676574707,0.9958854747059718
189,1,/home/nabizadz/Projects/Mahsa/datasets/grid/test/s32/bbio7p.mpg,116,118,4.077260971069336,0.9957571160507873
189,2,/home/nabizadz/Projects/Mahsa/datasets/grid/test/s32/swasza.mpg,292,294,4.343137741088867,0.9780170322117065
189,3,/home/nabizadz/Projects/Mahsa/datasets/grid/test/s32/bbbj2a.mpg,172,174,4.094637870788574,0.9953681355053272
189,4,/home/nabizadz/Projects/Mahsa/datasets/grid/test/s32/lwab7n.mpg,26,28,4.126678943634033,0.9255087774684226
189,5,/home/nabizadz/Projects/Mahsa/datasets/grid/test/s32/pbbgza.mpg,181,183,4.0719895362854,0.9971026429415831
189,6,/home/nabizadz/Projects/Mahsa/datasets/grid/test/s32/sbiq2s.mpg,137,139,4.158627033233643,0.9832303472444145
189,7,/home/nabizadz/Projects/Mahsa/datasets/grid/test/s32/lgwd3p.mpg,143,145,4.008193492889404,0.9903206902314532
189,8,/home/nabizadz/Projects/Mahsa/datasets/grid/test/s32/pwwb2a.mpg,295,297,4.404348850250244,0.9947650043443796
189,9,/home/nabizadz/Projects/Mahsa/datasets/grid/test/s32/pbwg4a.mpg,164,166,4.229018688201904,0.9961729040248829
189,10,/home/nabizadz/Projects/Mahsa/datasets/grid/test/s32/pwbn4s.mpg,113,115,3.9890923500061035,0.9938614020068449
189,11,/home/nabizadz/Projects/Mahsa/datasets/grid/test/s32/lbbn8s.mpg,157,159,3.572467088699341,0.9764650807078094
189,12,/home/nabizadz/Projects/Mahsa/datasets/grid/test/s32/sbbe4a.mpg,39,41,4.566076755523682,0.989802264211892
189,13,/home/nabizadz/Projects/Mahsa/datasets/grid/test/s32/bbbj1p.mpg,243,245,4.154801368713379,0.8445479637823315
189,14,/home/nabizadz/Projects/Mahsa/datasets/grid/test/s32/pram5p.mpg,18,20,4.312368392944336,0.9990015845986101
189,15,/home/nabizadz/Projects/Mahsa/datasets/grid/test/s32/pbiz2s.mpg,147,149,4.28358793258667,0.9998698419423996
190,0,/home/nabizadz/Projects/Mahsa/datasets/grid/test/s32/bwwk7p.mpg,37,39,4.494370460510254,0.9983988775811141
190,1,/home/nabizadz/Projects/Mahsa/datasets/grid/test/s32/pgwu9p.mpg,83,85,3.4788224697113037,0.9793240054763767
190,2,/home/nabizadz/Projects/Mahsa/datasets/grid/test/s32/pwbg9n.mpg,84,86,2.265763759613037,0.9970736680636926
190,3,/home/nabizadz/Projects/Mahsa/datasets/grid/test/s32/bgak5p.mpg,33,35,4.2318243980407715,0.975492474936267
190,4,/home/nabizadz/Projects/Mahsa/datasets/grid/test/s32/bwbq7p.mpg,76,78,4.085157871246338,0.9979650655350696
190,5,/home/nabizadz/Projects/Mahsa/datasets/grid/test/s32/pwwn7n.mpg,164,166,4.128788471221924,0.9939590235537872
190,6,/home/nabizadz/Projects/Mahsa/datasets/grid/test/s32/brwd7p.mpg,286,288,4.37255334854126,0.9717321752902672
190,7,/home/nabizadz/Projects/Mahsa/datasets/grid/test/s32/sgwm8s.mpg,254,256,4.424535751342773,0.9418668548653406
190,8,/home/nabizadz/Projects/Mahsa/datasets/grid/test/s32/sbby3n.mpg,48,50,4.332910537719727,0.9991448276122481
190,9,/home/nabizadz/Projects/Mahsa/datasets/grid/test/s32/pgwi1p.mpg,28,30,4.433511257171631,0.9895554774377582
190,10,/home/nabizadz/Projects/Mahsa/datasets/grid/test/s32/srik4s.mpg,202,204,4.5324296951293945,0.9944869632237259
190,11,/home/nabizadz/Projects/Mahsa/datasets/grid/test/s32/bwwy6a.mpg,50,52,4.56014347076416,0.9986252279803872
190,12,/home/nabizadz/Projects/Mahsa/datasets/grid/test/s32/swir4s.mpg,197,199,4.269824981689453,0.9830722378283827
190,13,/home/nabizadz/Projects/Mahsa/datasets/grid/test/s32/bwwk5n.mpg,143,145,4.311079025268555,0.9999560692094519
190,14,/home/nabizadz/Projects/Mahsa/datasets/grid/test/s32/sgif3p.mpg,80,82,3.6962850093841553,0.9965655205437175
190,15,/home/nabizadz/Projects/Mahsa/datasets/grid/test/s32/brwx8s.mpg,54,56,3.0435409545898438,0.9868774682432361
191,0,/home/nabizadz/Projects/Mahsa/datasets/grid/test/s32/lwao7p.mpg,168,170,3.8643414974212646,0.9832205036991922
191,1,/home/nabizadz/Projects/Mahsa/datasets/grid/test/s32/pwaa1n.mpg,162,164,4.080448627471924,0.9856622287669996
191,2,/home/nabizadz/Projects/Mahsa/datasets/grid/test/s32/swar9p.mpg,64,66,4.323784351348877,0.9934868108007413
191,3,/home/nabizadz/Projects/Mahsa/datasets/grid/test/s32/lwao8a.mpg,83,85,3.9918229579925537,0.9957671725023652
191,4,/home/nabizadz/Projects/Mahsa/datasets/grid/test/s32/lrin5n.mpg,96,98,2.2340545654296875,0.9962574616949759
191,5,/home/nabizadz/Projects/Mahsa/datasets/grid/test/s32/bwax5n.mpg,243,245,3.7702784538269043,0.8477032200084762
191,6,/home/nabizadz/Projects/Mahsa/datasets/grid/test/s32/lgac5p.mpg,294,296,4.2494707107543945,0.9891467895688134
191,7,/home/nabizadz/Projects/Mahsa/datasets/grid/test/s32/bgwr5n.mpg,109,111,4.04093074798584,0.9972650320519714
191,8,/home/nabizadz/Projects/Mahsa/datasets/grid/test/s32/pgwo6a.mpg,18,20,4.529374599456787,0.9992801180445657
191,9,/home/nabizadz/Projects/Mahsa/datasets/grid/test/s32/brwq4s.mpg,204,206,4.365878582000732,0.9438780905651325
191,10,/home/nabizadz/Projects/Mahsa/datasets/grid/test/s32/bwwq9n.mpg,287,289,4.566142559051514,0.9979132786456063
191,11,/home/nabizadz/Projects/Mahsa/datasets/grid/test/s32/lriu2a.mpg,237,239,4.319270610809326,0.9244450740573286
191,12,/home/nabizadz/Projects/Mahsa/datasets/grid/test/s32/srar4a.mpg,245,247,4.353806972503662,0.8990114759998317
191,13,/home/nabizadz/Projects/Mahsa/datasets/grid/test/s32/prif5n.mpg,55,57,4.389309883117676,0.9974328272344745
191,14,/home/nabizadz/Projects/Mahsa/datasets/grid/test/s32/pwbh2a.mpg,130,132,4.484124660491943,0.9995435973122895
191,15,/home/nabizadz/Projects/Mahsa/datasets/grid/test/s32/bbwx2s.mpg,257,259,4.280738353729248,0.8822281423382087
192,0,/home/nabizadz/Projects/Mahsa/datasets/grid/test/s32/srwf3p.mpg,151,153,3.632923126220703,0.9842229105447057
192,1,/home/nabizadz/Projects/Mahsa/datasets/grid/test/s32/lrbi2a.mpg,207,209,4.537807941436768,0.9829572584230103
192,2,/home/nabizadz/Projects/Mahsa/datasets/grid/test/s32/lban5p.mpg,166,168,4.150370121002197,0.9858078383035263
192,3,/home/nabizadz/Projects/Mahsa/datasets/grid/test/s32/brap6s.mpg,34,36,4.347565650939941,0.9974948925168378
192,4,/home/nabizadz/Projects/Mahsa/datasets/grid/test/s32/pwbhzs.mpg,239,241,4.24174690246582,0.9223499353553118
192,5,/home/nabizadz/Projects/Mahsa/datasets/grid/test/s32/lwwc5n.mpg,157,159,3.6636977195739746,0.9836380103971089
192,6,/home/nabizadz/Projects/Mahsa/datasets/grid/test/s32/sgwg3n.mpg,110,112,3.6568450927734375,0.9971441541284145
192,7,/home/nabizadz/Projects/Mahsa/datasets/grid/test/s32/pratza.mpg,34,36,4.376946449279785,0.995460223573833
192,8,/home/nabizadz/Projects/Mahsa/datasets/grid/test/s32/lwbv4s.mpg,123,125,4.000000476837158,0.994208595149146
192,9,/home/nabizadz/Projects/Mahsa/datasets/grid/test/s32/lrbo4s.mpg,130,132,4.055187225341797,0.9905878037325381
192,10,/home/nabizadz/Projects/Mahsa/datasets/grid/test/s32/swwm1n.mpg,287,289,4.310905933380127,0.965392612578581
192,11,/home/nabizadz/Projects/Mahsa/datasets/grid/test/s32/bbbc7p.mpg,217,219,4.24219274520874,0.8955931035574489
192,12,/home/nabizadz/Projects/Mahsa/datasets/grid/test/s32/lgic1p.mpg,248,250,4.532557964324951,0.9558321713197088
192,13,/home/nabizadz/Projects/Mahsa/datasets/grid/test/s32/lbbbzs.mpg,74,76,2.740990161895752,0.9795020395668512
192,14,/home/nabizadz/Projects/Mahsa/datasets/grid/test/s32/brip2s.mpg,229,231,4.4095659255981445,0.9944715417182183
192,15,/home/nabizadz/Projects/Mahsa/datasets/grid/test/s32/bbac2s.mpg,80,82,3.6661157608032227,0.9980033994734675
193,0,/home/nabizadz/Projects/Mahsa/datasets/grid/test/s32/lrwc2a.mpg,220,222,4.5550217628479,0.9987971058984293
193,1,/home/nabizadz/Projects/Mahsa/datasets/grid/test/s32/lbbh3n.mpg,112,114,3.4706227779388428,0.9905940154114635
193,2,/home/nabizadz/Projects/Mahsa/datasets/grid/test/s32/lria8s.mpg,54,56,2.192443370819092,0.9882908600526462
193,3,/home/nabizadz/Projects/Mahsa/datasets/grid/test/s32/lbwu5n.mpg,252,254,4.165132999420166,0.8602142954852707
193,4,/home/nabizadz/Projects/Mahsa/datasets/grid/test/s32/lwavzs.mpg,161,163,4.366558074951172,0.9993296178455524
193,5,/home/nabizadz/Projects/Mahsa/datasets/grid/test/s32/swal6a.mpg,188,190,4.165517330169678,0.9935009247825735
193,6,/home/nabizadz/Projects/Mahsa/datasets/grid/test/s32/sbid4s.mpg,205,207,4.388166904449463,0.947998597306933
193,7,/home/nabizadz/Projects/Mahsa/datasets/grid/test/s32/lwwv8s.mpg,209,211,4.4817891120910645,0.9950002814447412
193,8,/home/nabizadz/Projects/Mahsa/datasets/grid/test/s32/swil2a.mpg,72,74,4.11306619644165,0.9982715890208257
193,9,/home/nabizadz/Projects/Mahsa/datasets/grid/test/s32/lrao2a.mpg,49,51,3.442122220993042,0.9780383184355196
193,10,/home/nabizadz/Projects/Mahsa/datasets/grid/test/s32/pgabza.mpg,136,138,4.295571804046631,0.9936024826808748
193,11,/home/nabizadz/Projects/Mahsa/datasets/grid/test/s32/srbe8s.mpg,45,47,4.381068229675293,0.9899950035687758
193,12,/home/nabizadz/Projects/Mahsa/datasets/grid/test/s32/pgit5n.mpg,170,172,3.9315173625946045,0.9940112232755521
193,13,/home/nabizadz/Projects/Mahsa/datasets/grid/test/s32/pbal8s.mpg,140,142,4.0400214195251465,0.9930921838138768
193,14,/home/nabizadz/Projects/Mahsa/datasets/grid/test/s32/sgif1n.mpg,184,186,4.200338840484619,0.9973210423461261
193,15,/home/nabizadz/Projects/Mahsa/datasets/grid/test/s32/bbbxza.mpg,176,178,4.1277079582214355,0.9974992711235924
194,0,/home/nabizadz/Projects/Mahsa/datasets/grid/test/s32/lbbu2s.mpg,192,194,4.27534818649292,0.9947172113129878
194,1,/home/nabizadz/Projects/Mahsa/datasets/grid/test/s32/srid9n.mpg,264,266,4.196824073791504,0.9179488492187525
194,2,/home/nabizadz/Projects/Mahsa/datasets/grid/test/s32/bgby5n.mpg,179,181,4.333969593048096,0.9998270703108442
194,3,/home/nabizadz/Projects/Mahsa/datasets/grid/test/s32/swws7p.mpg,177,179,3.7736637592315674,0.9827442909788562
194,4,/home/nabizadz/Projects/Mahsa/datasets/grid/test/s32/brbx4s.mpg,240,242,4.158748626708984,0.873544998756026
194,5,/home/nabizadz/Projects/Mahsa/datasets/grid/test/s32/srirza.mpg,270,272,4.2547783851623535,0.8970793790342031
194,6,/home/nabizadz/Projects/Mahsa/datasets/grid/test/s32/pgig9p.mpg,256,258,4.340573787689209,0.9228093332187585
194,7,/home/nabizadz/Projects/Mahsa/datasets/grid/test/s32/pras7n.mpg,288,290,4.35843563079834,0.9702342524368177
194,8,/home/nabizadz/Projects/Mahsa/datasets/grid/test/s32/swbs3p.mpg,236,238,4.429606914520264,0.8786999623977366
194,9,/home/nabizadz/Projects/Mahsa/datasets/grid/test/s32/swbf4s.mpg,101,103,3.7269039154052734,0.9960882860321166
194,10,/home/nabizadz/Projects/Mahsa/datasets/grid/test/s32/sbwe5n.mpg,140,142,4.078065395355225,0.9954767687488988
194,11,/home/nabizadz/Projects/Mahsa/datasets/grid/test/s32/primzs.mpg,218,220,4.337515354156494,0.9399582739156073
194,12,/home/nabizadz/Projects/Mahsa/datasets/grid/test/s32/sray7p.mpg,48,50,4.285910129547119,0.9993365266499054
194,13,/home/nabizadz/Projects/Mahsa/datasets/grid/test/s32/lrwb9n.mpg,283,285,4.033806800842285,0.9798159993543369
194,14,/home/nabizadz/Projects/Mahsa/datasets/grid/test/s32/lbit6a.mpg,220,222,4.355111122131348,0.9841107984296358
194,15,/home/nabizadz/Projects/Mahsa/datasets/grid/test/s32/sgwg5p.mpg,267,269,4.426234722137451,0.9782464939843718
195,0,/home/nabizadz/Projects/Mahsa/datasets/grid/test/s32/pbbf8s.mpg,136,138,3.6492817401885986,0.9671399223576054
195,1,/home/nabizadz/Projects/Mahsa/datasets/grid/test/s32/bgaezs.mpg,42,44,3.625431537628174,0.9915691604469464
195,2,/home/nabizadz/Projects/Mahsa/datasets/grid/test/s32/bgbk8s.mpg,140,142,3.7885093688964844,0.9941152694662179
195,3,/home/nabizadz/Projects/Mahsa/datasets/grid/test/s32/bgbe4s.mpg,27,29,4.236203193664551,0.9989133563375121
195,4,/home/nabizadz/Projects/Mahsa/datasets/grid/test/s32/pwwbzs.mpg,4,6,4.392795562744141,0.9787696678292231
195,5,/home/nabizadz/Projects/Mahsa/datasets/grid/test/s32/pgah4a.mpg,33,35,4.45644474029541,0.9992028422722284
195,6,/home/nabizadz/Projects/Mahsa/datasets/grid/test/s32/lribza.mpg,225,227,4.358582496643066,0.945614043237534
195,7,/home/nabizadz/Projects/Mahsa/datasets/grid/test/s32/sbwr5p.mpg,123,125,4.2708845138549805,0.9980822767294845
195,8,/home/nabizadz/Projects/Mahsa/datasets/grid/test/s32/brii8s.mpg,175,177,4.332226276397705,0.9915315821186412
195,9,/home/nabizadz/Projects/Mahsa/datasets/grid/test/s32/brwd5n.mpg,272,274,4.335427284240723,0.9349574089337872
195,10,/home/nabizadz/Projects/Mahsa/datasets/grid/test/s32/bbbc8a.mpg,196,198,4.478042125701904,0.9970891580478956
195,11,/home/nabizadz/Projects/Mahsa/datasets/grid/test/s32/lwbpzs.mpg,111,113,4.550231456756592,0.9999750091957008
195,12,/home/nabizadz/Projects/Mahsa/datasets/grid/test/s32/pbaf5p.mpg,155,157,4.168385982513428,0.9985068854380761
195,13,/home/nabizadz/Projects/Mahsa/datasets/grid/test/s32/pbifzs.mpg,130,132,4.1428542137146,0.9940129705474776
195,14,/home/nabizadz/Projects/Mahsa/datasets/grid/test/s32/lwab9p.mpg,215,217,4.432430744171143,0.962704307674686
195,15,/home/nabizadz/Projects/Mahsa/datasets/grid/test/s32/lbin2a.mpg,106,108,4.28518533706665,0.9980758284611637
196,0,/home/nabizadz/Projects/Mahsa/datasets/grid/test/s32/sbbk5n.mpg,103,105,3.8118133544921875,0.9948987220031008
196,1,/home/nabizadz/Projects/Mahsa/datasets/grid/test/s32/lran9n.mpg,151,153,4.121264457702637,0.9961498151399437
196,2,/home/nabizadz/Projects/Mahsa/datasets/grid/test/s32/bwidzs.mpg,255,257,4.436080455780029,0.8899802974868525
196,3,/home/nabizadz/Projects/Mahsa/datasets/grid/test/s32/srbl1n.mpg,33,35,4.438070297241211,0.9986470402037874
196,4,/home/nabizadz/Projects/Mahsa/datasets/grid/test/s32/brbj5n.mpg,135,137,4.326454162597656,0.9998153784147937
196,5,/home/nabizadz/Projects/Mahsa/datasets/grid/test/s32/pgwi2a.mpg,110,112,3.995631694793701,0.9988328228669109
196,6,/home/nabizadz/Projects/Mahsa/datasets/grid/test/s32/pbas3p.mpg,15,17,4.477272987365723,0.9999911847866692
196,7,/home/nabizadz/Projects/Mahsa/datasets/grid/test/s32/brac7n.mpg,103,105,4.236851692199707,0.9989250151433038
196,8,/home/nabizadz/Projects/Mahsa/datasets/grid/test/s32/pgbb4a.mpg,101,103,3.978111743927002,0.9988030490828746
196,9,/home/nabizadz/Projects/Mahsa/datasets/grid/test/s32/brip3p.mpg,101,103,4.279500961303711,0.9975654878127949
196,10,/home/nabizadz/Projects/Mahsa/datasets/grid/test/s32/bbivzs.mpg,122,124,3.989541530609131,0.9929120739828043
196,11,/home/nabizadz/Projects/Mahsa/datasets/grid/test/s32/lgbp8a.mpg,193,195,4.401670932769775,0.9948196501973839
196,12,/home/nabizadz/Projects/Mahsa/datasets/grid/test/s32/bwwe4a.mpg,210,212,4.329861164093018,0.9969906225074346
196,13,/home/nabizadz/Projects/Mahsa/datasets/grid/test/s32/pbbm1n.mpg,27,29,4.225744247436523,0.956577046353984
196,14,/home/nabizadz/Projects/Mahsa/datasets/grid/test/s32/bbap2a.mpg,179,181,3.912078380584717,0.9919229473549844
196,15,/home/nabizadz/Projects/Mahsa/datasets/grid/test/s32/brbx6a.mpg,270,272,4.393102169036865,0.9599951856986405
197,0,/home/nabizadz/Projects/Mahsa/datasets/grid/test/s32/pgia5p.mpg,88,90,3.658851146697998,0.9936625994679648
197,1,/home/nabizadz/Projects/Mahsa/datasets/grid/test/s32/bwip7n.mpg,95,97,3.907045364379883,0.996915569858953
197,2,/home/nabizadz/Projects/Mahsa/datasets/grid/test/s32/swar7n.mpg,281,283,4.407113552093506,0.9556243327736071
197,3,/home/nabizadz/Projects/Mahsa/datasets/grid/test/s32/pgin3p.mpg,242,244,4.323319435119629,0.8570822560915689
197,4,/home/nabizadz/Projects/Mahsa/datasets/grid/test/s32/pgig8s.mpg,195,197,4.357612133026123,0.9691499650045683
197,5,/home/nabizadz/Projects/Mahsa/datasets/grid/test/s32/lgwqzs.mpg,138,140,3.8024420738220215,0.9888565312006793
197,6,/home/nabizadz/Projects/Mahsa/datasets/grid/test/s32/bwij4s.mpg,145,147,4.309076309204102,0.9987873679108933
197,7,/home/nabizadz/Projects/Mahsa/datasets/grid/test/s32/sgwazs.mpg,134,136,4.352877616882324,0.9983241589188715
197,8,/home/nabizadz/Projects/Mahsa/datasets/grid/test/s32/sbaq5n.mpg,111,113,4.370208263397217,0.9982447001372641
197,9,/home/nabizadz/Projects/Mahsa/datasets/grid/test/s32/sgbf9n.mpg,79,81,3.227076530456543,0.9913117309170334
197,10,/home/nabizadz/Projects/Mahsa/datasets/grid/test/s32/sbay1p.mpg,6,8,4.42605447769165,0.9991188052623409
197,11,/home/nabizadz/Projects/Mahsa/datasets/grid/test/s32/pwwh3n.mpg,279,281,4.44374418258667,0.9977829010733619
197,12,/home/nabizadz/Projects/Mahsa/datasets/grid/test/s32/prwa5p.mpg,296,298,4.477591037750244,0.9978349771195425
197,13,/home/nabizadz/Projects/Mahsa/datasets/grid/test/s32/pgah1n.mpg,91,93,3.568700075149536,0.985779784969376
197,14,/home/nabizadz/Projects/Mahsa/datasets/grid/test/s32/pbiz1n.mpg,53,55,3.689607620239258,0.9915693352808109
197,15,/home/nabizadz/Projects/Mahsa/datasets/grid/test/s32/sriezs.mpg,219,221,2.291226387023926,0.9916908686020288
198,0,/home/nabizadz/Projects/Mahsa/datasets/grid/test/s32/lgav8a.mpg,85,87,3.6478562355041504,0.9888248260051108
198,1,/home/nabizadz/Projects/Mahsa/datasets/grid/test/s32/pwat6a.mpg,63,65,4.447880744934082,0.9998521583717388
198,2,/home/nabizadz/Projects/Mahsa/datasets/grid/test/s32/swaz2s.mpg,200,202,4.291896820068359,0.998665473507797
198,3,/home/nabizadz/Projects/Mahsa/datasets/grid/test/s32/lgwj8a.mpg,93,95,3.055487632751465,0.9858327491140789
198,4,/home/nabizadz/Projects/Mahsa/datasets/grid/test/s32/brii7n.mpg,260,262,4.535032272338867,0.9763798656146447
198,5,/home/nabizadz/Projects/Mahsa/datasets/grid/test/s32/bwad6a.mpg,74,76,3.8434195518493652,0.9959007024457559
198,6,/home/nabizadz/Projects/Mahsa/datasets/grid/test/s32/lbbb1p.mpg,93,95,3.587216377258301,0.9876788024489533
198,7,/home/nabizadz/Projects/Mahsa/datasets/grid/test/s32/lbbu1n.mpg,218,220,4.5120463371276855,0.9699474702818952
198,8,/home/nabizadz/Projects/Mahsa/datasets/grid/test/s32/sgil7p.mpg,221,223,3.956252336502075,0.9741601211986894
198,9,/home/nabizadz/Projects/Mahsa/datasets/grid/test/s32/lbwh8s.mpg,257,259,4.357028484344482,0.8798504753048886
198,10,/home/nabizadz/Projects/Mahsa/datasets/grid/test/s32/lwwv7n.mpg,0,2,4.60545539855957,0.9989823028343594
198,11,/home/nabizadz/Projects/Mahsa/datasets/grid/test/s32/srwr9n.mpg,264,266,4.431972503662109,0.9883316414318206
198,12,/home/nabizadz/Projects/Mahsa/datasets/grid/test/s32/brwj9n.mpg,278,280,4.3168044090271,0.917083680322727
198,13,/home/nabizadz/Projects/Mahsa/datasets/grid/test/s32/swbmza.mpg,2,4,4.597090244293213,0.9986744728808852
198,14,/home/nabizadz/Projects/Mahsa/datasets/grid/test/s32/sralza.mpg,15,17,4.392490863800049,0.9766320401283358
198,15,/home/nabizadz/Projects/Mahsa/datasets/grid/test/s32/sbwk9n.mpg,68,70,4.025217533111572,0.9994275491381311
199,0,/home/nabizadz/Projects/Mahsa/datasets/grid/test/s32/bwwy3n.mpg,257,259,4.424842357635498,0.9318590396173687
199,1,/home/nabizadz/Projects/Mahsa/datasets/grid/test/s32/pbwm5n.mpg,220,222,4.549947738647461,0.9753004398403573
199,2,/home/nabizadz/Projects/Mahsa/datasets/grid/test/s32/lbwu6s.mpg,234,236,4.270191669464111,0.9129647077260363
199,3,/home/nabizadz/Projects/Mahsa/datasets/grid/test/s32/bbwd1p.mpg,203,205,4.434596538543701,0.9715860873393696
199,4,/home/nabizadz/Projects/Mahsa/datasets/grid/test/s32/pwim5n.mpg,47,49,4.133853912353516,0.9897136201993099
199,5,/home/nabizadz/Projects/Mahsa/datasets/grid/test/s32/sbix6s.mpg,63,65,3.878103494644165,0.9885824413856815
199,6,/home/nabizadz/Projects/Mahsa/datasets/grid/test/s32/briv7p.mpg,36,38,4.380499362945557,0.9683638528330138
199,7,/home/nabizadz/Projects/Mahsa/datasets/grid/test/s32/bgij9n.mpg,271,273,4.556065559387207,0.9850437310960024
199,8,/home/nabizadz/Projects/Mahsa/datasets/grid/test/s32/srae4s.mpg,115,117,4.4812397956848145,0.9993550758142363
199,9,/home/nabizadz/Projects/Mahsa/datasets/grid/test/s32/bwbk2s.mpg,177,179,4.292069911956787,0.9934814224225283
199,10,/home/nabizadz/Projects/Mahsa/datasets/grid/test/s32/pgwb5n.mpg,61,63,4.35349702835083,0.9997162528643337
199,11,/home/nabizadz/Projects/Mahsa/datasets/grid/test/s32/sbaq7p.mpg,170,172,4.3613691329956055,0.9985115984709839
199,12,/home/nabizadz/Projects/Mahsa/datasets/grid/test/s32/lgajza.mpg,33,35,4.46935510635376,0.9954072639182243
199,13,/home/nabizadz/Projects/Mahsa/datasets/grid/test/s32/sbikza.mpg,275,277,4.002485275268555,0.9252618957769988
199,14,/home/nabizadz/Projects/Mahsa/datasets/grid/test/s32/lwab8s.mpg,84,86,3.9752488136291504,0.9958408085942865
199,15,/home/nabizadz/Projects/Mahsa/datasets/grid/test/s32/lgiv1n.mpg,139,141,4.033632755279541,0.988651552524606
200,0,/home/nabizadz/Projects/Mahsa/datasets/grid/test/s32/priz9p.mpg,289,291,4.429611682891846,0.9761836866327985
200,1,/home/nabizadz/Projects/Mahsa/datasets/grid/test/s32/bgby7p.mpg,141,143,2.546926975250244,0.9995801974132053
200,2,/home/nabizadz/Projects/Mahsa/datasets/grid/test/s32/lrau5p.mpg,248,250,4.355377674102783,0.9089905940559047
200,3,/home/nabizadz/Projects/Mahsa/datasets/grid/test/s32/prbm7n.mpg,39,41,4.337909698486328,0.9317228555148318
200,4,/home/nabizadz/Projects/Mahsa/datasets/grid/test/s32/sgwt2s.mpg,161,163,3.2658538818359375,0.9668501639395881
200,5,/home/nabizadz/Projects/Mahsa/datasets/grid/test/s32/lwiu8a.mpg,8,10,4.487454414367676,0.9999667352203264
200,6,/home/nabizadz/Projects/Mahsa/datasets/grid/test/s32/lria7n.mpg,186,188,4.242731094360352,0.9936698443776378
200,7,/home/nabizadz/Projects/Mahsa/datasets/grid/test/s32/lbwu8a.mpg,256,258,4.341447353363037,0.9186145150882875
200,8,/home/nabizadz/Projects/Mahsa/datasets/grid/test/s32/bwwe2s.mpg,286,288,4.281002521514893,0.9796147512425847
200,9,/home/nabizadz/Projects/Mahsa/datasets/grid/test/s32/lrin8a.mpg,233,235,4.35221004486084,0.9062296220318844
200,10,/home/nabizadz/Projects/Mahsa/datasets/grid/test/s32/brwyza.mpg,224,226,4.360202789306641,0.994969571251882
200,11,/home/nabizadz/Projects/Mahsa/datasets/grid/test/s32/bgby8a.mpg,33,35,4.2830400466918945,0.9826865839557329
200,12,/home/nabizadz/Projects/Mahsa/datasets/grid/test/s32/pwan2a.mpg,52,54,4.021739482879639,0.9841643869213601
200,13,/home/nabizadz/Projects/Mahsa/datasets/grid/test/s32/bbav6a.mpg,60,62,4.24148416519165,0.9923851485928077
200,14,/home/nabizadz/Projects/Mahsa/datasets/grid/test/s32/swaz3p.mpg,220,222,4.461062431335449,0.9742358306532792
200,15,/home/nabizadz/Projects/Mahsa/datasets/grid/test/s32/bwip9p.mpg,65,67,3.6304798126220703,0.990639080476006
201,0,/home/nabizadz/Projects/Mahsa/datasets/grid/test/s32/lrbb8a.mpg,61,63,3.896540880203247,0.9890268794334198
201,1,/home/nabizadz/Projects/Mahsa/datasets/grid/test/s32/lgap2s.mpg,163,165,3.6610939502716064,0.9920089112939505
201,2,/home/nabizadz/Projects/Mahsa/datasets/grid/test/s32/srik3n.mpg,115,117,4.2144060134887695,0.9997798809179012
201,3,/home/nabizadz/Projects/Mahsa/datasets/grid/test/s32/sbij7n.mpg,237,239,4.2217817306518555,0.9195636123976165
201,4,/home/nabizadz/Projects/Mahsa/datasets/grid/test/s32/sbid5p.mpg,258,260,4.303615570068359,0.9117865172075775
201,5,/home/nabizadz/Projects/Mahsa/datasets/grid/test/s32/lgiv2s.mpg,282,284,4.344912528991699,0.9493176953541538
201,6,/home/nabizadz/Projects/Mahsa/datasets/grid/test/s32/pgan8a.mpg,93,95,3.8411896228790283,0.9963509023788147
201,7,/home/nabizadz/Projects/Mahsa/datasets/grid/test/s32/bgae1p.mpg,92,94,3.8035082817077637,0.9920701725608202
201,8,/home/nabizadz/Projects/Mahsa/datasets/grid/test/s32/sgaz9p.mpg,130,132,4.137966632843018,0.9946676476781235
201,9,/home/nabizadz/Projects/Mahsa/datasets/grid/test/s32/lgbx1p.mpg,228,230,4.3376641273498535,0.9085036412960915
201,10,/home/nabizadz/Projects/Mahsa/datasets/grid/test/s32/sgif2s.mpg,94,96,3.9835293292999268,0.9968727176277926
201,11,/home/nabizadz/Projects/Mahsa/datasets/grid/test/s32/pbie9n.mpg,114,116,3.894627094268799,0.9841283302621273
201,12,/home/nabizadz/Projects/Mahsa/datasets/grid/test/s32/bbbp4s.mpg,192,194,3.9699912071228027,0.9888450731475803
201,13,/home/nabizadz/Projects/Mahsa/datasets/grid/test/s32/sbbk8a.mpg,124,126,3.9499247074127197,0.9906884941155106
201,14,/home/nabizadz/Projects/Mahsa/datasets/grid/test/s32/pris6a.mpg,79,81,4.3178582191467285,0.9995921518590376
201,15,/home/nabizadz/Projects/Mahsa/datasets/grid/test/s32/lrwo9p.mpg,251,253,4.315890312194824,0.8238762461041921
202,0,/home/nabizadz/Projects/Mahsa/datasets/grid/test/s32/sbiq1n.mpg,57,59,4.2725958824157715,0.998508488022961
202,1,/home/nabizadz/Projects/Mahsa/datasets/grid/test/s32/pbamza.mpg,298,300,4.61484956741333,0.9999853044721052
202,2,/home/nabizadz/Projects/Mahsa/datasets/grid/test/s32/bric4s.mpg,259,261,4.3414530754089355,0.9499927227216856
202,3,/home/nabizadz/Projects/Mahsa/datasets/grid/test/s32/pwwu3p.mpg,193,195,4.36456823348999,0.9606611219189959
202,4,/home/nabizadz/Projects/Mahsa/datasets/grid/test/s32/sbbe2s.mpg,235,237,4.339904308319092,0.8981551086142162
202,5,/home/nabizadz/Projects/Mahsa/datasets/grid/test/s32/brii9p.mpg,110,112,4.037856101989746,0.9949190868290779
202,6,/home/nabizadz/Projects/Mahsa/datasets/grid/test/s32/sgwm9p.mpg,271,273,4.361609935760498,0.9405846840624075
202,7,/home/nabizadz/Projects/Mahsa/datasets/grid/test/s32/lgai8s.mpg,295,297,4.313202381134033,0.9922773123171741
202,8,/home/nabizadz/Projects/Mahsa/datasets/grid/test/s32/pwbn5p.mpg,89,91,4.185035705566406,0.9994431744507432
202,9,/home/nabizadz/Projects/Mahsa/datasets/grid/test/s32/swafzs.mpg,4,6,4.48086404800415,0.9995373885760889
202,10,/home/nabizadz/Projects/Mahsa/datasets/grid/test/s32/pbbz9n.mpg,84,86,3.772235155105591,0.9919160336223608
202,11,/home/nabizadz/Projects/Mahsa/datasets/grid/test/s32/lrbu9p.mpg,125,127,4.200469970703125,0.9964936913568809
202,12,/home/nabizadz/Projects/Mahsa/datasets/grid/test/s32/lbbh5p.mpg,8,10,4.506513595581055,0.996372598928972
202,13,/home/nabizadz/Projects/Mahsa/datasets/grid/test/s32/lwbp2a.mpg,106,108,4.07497501373291,0.998926358142761
202,14,/home/nabizadz/Projects/Mahsa/datasets/grid/test/s32/brap7p.mpg,121,123,4.225862979888916,0.9993875775536065
202,15,/home/nabizadz/Projects/Mahsa/datasets/grid/test/s32/lwiu5n.mpg,67,69,3.7369446754455566,0.9953018414789246
203,0,/home/nabizadz/Projects/Mahsa/datasets/grid/test/s32/swbs2s.mpg,47,49,4.245805263519287,0.9790913987632825
203,1,/home/nabizadz/Projects/Mahsa/datasets/grid/test/s32/lbia1n.mpg,111,113,4.045166492462158,0.9901955151516273
203,2,/home/nabizadz/Projects/Mahsa/datasets/grid/test/s32/pwwoza.mpg,125,127,3.913581371307373,0.9953786065934402
203,3,/home/nabizadz/Projects/Mahsa/datasets/grid/test/s32/lgib9n.mpg,54,56,4.404715061187744,0.9973263235224167
203,4,/home/nabizadz/Projects/Mahsa/datasets/grid/test/s32/lwwc7p.mpg,201,203,4.315382957458496,0.992784204007272
203,5,/home/nabizadz/Projects/Mahsa/datasets/grid/test/s32/bwby1p.mpg,228,230,4.463193416595459,0.8917193940316449
203,6,/home/nabizadz/Projects/Mahsa/datasets/grid/test/s32/pbir8s.mpg,179,181,3.5360779762268066,0.9675096810066975
203,7,/home/nabizadz/Projects/Mahsa/datasets/grid/test/s32/sgiz4s.mpg,221,223,4.250300884246826,0.9122232817251356
203,8,/home/nabizadz/Projects/Mahsa/datasets/grid/test/s32/pwba7p.mpg,104,106,4.033694744110107,0.9963347433614596
203,9,/home/nabizadz/Projects/Mahsa/datasets/grid/test/s32/pgat9n.mpg,118,120,4.401183128356934,0.9997889535653334
203,10,/home/nabizadz/Projects/Mahsa/datasets/grid/test/s32/pbwm6s.mpg,278,280,4.3062944412231445,0.962488723079847
203,11,/home/nabizadz/Projects/Mahsa/datasets/grid/test/s32/lwih7n.mpg,172,174,3.7235777378082275,0.9920189009360342
203,12,/home/nabizadz/Projects/Mahsa/datasets/grid/test/s32/lrih3p.mpg,168,170,3.627354145050049,0.9664464167076926
203,13,/home/nabizadz/Projects/Mahsa/datasets/grid/test/s32/sgbg1p.mpg,34,36,4.399877071380615,0.9964024157840108
203,14,/home/nabizadz/Projects/Mahsa/datasets/grid/test/s32/sgaf6s.mpg,191,193,4.30527400970459,0.959456573459668
203,15,/home/nabizadz/Projects/Mahsa/datasets/grid/test/s32/bbai5n.mpg,118,120,4.124647617340088,0.9940660553985321
204,0,/home/nabizadz/Projects/Mahsa/datasets/grid/test/s32/srbl3p.mpg,79,81,3.865554094314575,0.9940155214945301
204,1,/home/nabizadz/Projects/Mahsa/datasets/grid/test/s32/lrwpza.mpg,125,127,3.7051095962524414,0.9806606292400348
204,2,/home/nabizadz/Projects/Mahsa/datasets/grid/test/s32/swbl9p.mpg,87,89,3.712682008743286,0.9950203292614842
204,3,/home/nabizadz/Projects/Mahsa/datasets/grid/test/s32/pgbh5n.mpg,156,158,3.7860920429229736,0.9953543198698105
204,4,/home/nabizadz/Projects/Mahsa/datasets/grid/test/s32/pgin2s.mpg,201,203,4.460643291473389,0.9976655398888516
204,5,/home/nabizadz/Projects/Mahsa/datasets/grid/test/s32/bwwe1n.mpg,219,221,4.384677410125732,0.9507212588562309
204,6,/home/nabizadz/Projects/Mahsa/datasets/grid/test/s32/prwg7n.mpg,176,178,4.1604533195495605,0.9985428868870279
204,7,/home/nabizadz/Projects/Mahsa/datasets/grid/test/s32/sbwe6s.mpg,7,9,4.565370082855225,0.9996179766283508
204,8,/home/nabizadz/Projects/Mahsa/datasets/grid/test/s32/sbbk6s.mpg,160,162,4.329112529754639,0.9999346672993897
204,9,/home/nabizadz/Projects/Mahsa/datasets/grid/test/s32/bwbk3p.mpg,112,114,4.058975696563721,0.9992886861507303
204,10,/home/nabizadz/Projects/Mahsa/datasets/grid/test/s32/sbiq3p.mpg,64,66,3.7532215118408203,0.9954277173469063
204,11,/home/nabizadz/Projects/Mahsa/datasets/grid/test/s32/swir6a.mpg,245,247,4.3739776611328125,0.9552710574289613
204,12,/home/nabizadz/Projects/Mahsa/datasets/grid/test/s32/srbz2a.mpg,233,235,4.341607093811035,0.8954543938132077
204,13,/home/nabizadz/Projects/Mahsa/datasets/grid/test/s32/pbbf9p.mpg,115,117,3.8459677696228027,0.9969127910512712
204,14,/home/nabizadz/Projects/Mahsa/datasets/grid/test/s32/prwn3p.mpg,94,96,4.198643684387207,0.9992483218726871
204,15,/home/nabizadz/Projects/Mahsa/datasets/grid/test/s32/lbwo4a.mpg,270,272,4.409914970397949,0.9648797426422581
205,0,/home/nabizadz/Projects/Mahsa/datasets/grid/test/s32/lgwj5n.mpg,285,287,4.318177223205566,0.9635316659344502
205,1,/home/nabizadz/Projects/Mahsa/datasets/grid/test/s32/bgwl2s.mpg,225,227,4.531961917877197,0.9933510800026388
205,2,/home/nabizadz/Projects/Mahsa/datasets/grid/test/s32/pwaa2s.mpg,90,92,4.022816181182861,0.9975779545159721
205,3,/home/nabizadz/Projects/Mahsa/datasets/grid/test/s32/bwaq3p.mpg,46,48,4.151857376098633,0.9779026779051283
205,4,/home/nabizadz/Projects/Mahsa/datasets/grid/test/s32/lrbvza.mpg,264,266,4.501270771026611,0.9870378127694512
205,5,/home/nabizadz/Projects/Mahsa/datasets/grid/test/s32/swiy9p.mpg,264,266,4.492264270782471,0.9806029997655719
205,6,/home/nabizadz/Projects/Mahsa/datasets/grid/test/s32/brbx5p.mpg,123,125,3.922541379928589,0.9970326449605773
205,7,/home/nabizadz/Projects/Mahsa/datasets/grid/test/s32/sgwg6a.mpg,174,176,4.409083843231201,0.9995282284885026
205,8,/home/nabizadz/Projects/Mahsa/datasets/grid/test/s32/bgwr6s.mpg,242,244,4.550450325012207,0.9938409801912883
205,9,/home/nabizadz/Projects/Mahsa/datasets/grid/test/s32/bwbk4a.mpg,245,247,4.348048210144043,0.9377431681823477
205,10,/home/nabizadz/Projects/Mahsa/datasets/grid/test/s32/pwwn9p.mpg,236,238,4.378091335296631,0.9709102483580389
205,11,/home/nabizadz/Projects/Mahsa/datasets/grid/test/s32/pgah2s.mpg,175,177,4.437230110168457,0.9993118353770297
205,12,/home/nabizadz/Projects/Mahsa/datasets/grid/test/s32/srie2a.mpg,203,205,4.2549214363098145,0.9718221871275107
205,13,/home/nabizadz/Projects/Mahsa/datasets/grid/test/s32/pbwtzs.mpg,64,66,4.394812107086182,0.9992496728409532
205,14,/home/nabizadz/Projects/Mahsa/datasets/grid/test/s32/lrab4a.mpg,73,75,3.145458936691284,0.9890342007167968
205,15,/home/nabizadz/Projects/Mahsa/datasets/grid/test/s32/srak8s.mpg,297,299,4.572469711303711,0.9999999999999943
206,0,/home/nabizadz/Projects/Mahsa/datasets/grid/test/s32/sbwl2a.mpg,6,8,4.482949256896973,0.9970005796183466
206,1,/home/nabizadz/Projects/Mahsa/datasets/grid/test/s32/prba1p.mpg,278,280,4.380348205566406,0.977803335147458
206,2,/home/nabizadz/Projects/Mahsa/datasets/grid/test/s32/braxzs.mpg,15,17,4.469435691833496,0.999972484642771
206,3,/home/nabizadz/Projects/Mahsa/datasets/grid/test/s32/sriq7n.mpg,99,101,3.9686663150787354,0.9891891127973359
206,4,/home/nabizadz/Projects/Mahsa/datasets/grid/test/s32/lgap4a.mpg,64,66,4.3999152183532715,0.9902365614199636
206,5,/home/nabizadz/Projects/Mahsa/datasets/grid/test/s32/pwat5p.mpg,53,55,4.384443759918213,0.956085090813203
206,6,/home/nabizadz/Projects/Mahsa/datasets/grid/test/s32/lbwh9p.mpg,137,139,3.7606008052825928,0.9953431621481086
206,7,/home/nabizadz/Projects/Mahsa/datasets/grid/test/s32/lrih2s.mpg,25,27,4.363072872161865,0.9963945776065294
206,8,/home/nabizadz/Projects/Mahsa/datasets/grid/test/s32/bbwp9p.mpg,90,92,3.8267126083374023,0.9981131806820109
206,9,/home/nabizadz/Projects/Mahsa/datasets/grid/test/s32/lbwiza.mpg,213,215,4.304259300231934,0.9505368638478902
206,10,/home/nabizadz/Projects/Mahsa/datasets/grid/test/s32/sbix8a.mpg,28,30,4.495019435882568,0.9946831916420212
206,11,/home/nabizadz/Projects/Mahsa/datasets/grid/test/s32/bwwr1p.mpg,117,119,3.792994737625122,0.979265583131843
206,12,/home/nabizadz/Projects/Mahsa/datasets/grid/test/s32/brijza.mpg,138,140,4.35941743850708,0.9992043637670724
206,13,/home/nabizadz/Projects/Mahsa/datasets/grid/test/s32/prbg4s.mpg,96,98,3.61385178565979,0.9956637422474874
206,14,/home/nabizadz/Projects/Mahsa/datasets/grid/test/s32/prbm8s.mpg,184,186,4.35548210144043,0.9965568299322686
206,15,/home/nabizadz/Projects/Mahsa/datasets/grid/test/s32/pgwb6s.mpg,254,256,4.270447254180908,0.8917398378601238
207,0,/home/nabizadz/Projects/Mahsa/datasets/grid/test/s32/bwax6s.mpg,248,250,2.6662051677703857,0.9941421284253206
207,1,/home/nabizadz/Projects/Mahsa/datasets/grid/test/s32/prwt7p.mpg,68,70,4.048579692840576,0.9981117978812428
207,2,/home/nabizadz/Projects/Mahsa/datasets/grid/test/s32/bwaq2s.mpg,51,53,4.321215629577637,0.9672755051824051
207,3,/home/nabizadz/Projects/Mahsa/datasets/grid/test/s32/swar8s.mpg,295,297,4.367012023925781,0.9948259453514193
207,4,/home/nabizadz/Projects/Mahsa/datasets/grid/test/s32/pwag6s.mpg,64,66,3.4171931743621826,0.9890449302867365
207,5,/home/nabizadz/Projects/Mahsa/datasets/grid/test/s32/bgad9n.mpg,167,169,4.030977249145508,0.9863346526512445
207,6,/home/nabizadz/Projects/Mahsa/datasets/grid/test/s32/lgbxzs.mpg,140,142,4.079415321350098,0.993200158712563
207,7,/home/nabizadz/Projects/Mahsa/datasets/grid/test/s32/swbl8s.mpg,200,202,4.367050647735596,0.9971599538371525
207,8,/home/nabizadz/Projects/Mahsa/datasets/grid/test/s32/lbbn7n.mpg,216,218,4.419947624206543,0.9954867896157734
207,9,/home/nabizadz/Projects/Mahsa/datasets/grid/test/s32/swbf5p.mpg,86,88,4.095911502838135,0.9996369849215235
207,10,/home/nabizadz/Projects/Mahsa/datasets/grid/test/s32/sgwg4s.mpg,293,295,4.382646560668945,0.9946487206719665
207,11,/home/nabizadz/Projects/Mahsa/datasets/grid/test/s32/prif7p.mpg,99,101,3.7082254886627197,0.9968477579304662
207,12,/home/nabizadz/Projects/Mahsa/datasets/grid/test/s32/sbwr3n.mpg,193,195,4.007307052612305,0.9931545871459726
207,13,/home/nabizadz/Projects/Mahsa/datasets/grid/test/s32/sbaq8a.mpg,231,233,4.12151575088501,0.864721001500492
207,14,/home/nabizadz/Projects/Mahsa/datasets/grid/test/s32/lwbi5n.mpg,164,166,4.322212219238281,0.9965564327863768
207,15,/home/nabizadz/Projects/Mahsa/datasets/grid/test/s32/swir3n.mpg,293,295,4.290342330932617,0.994609736999622
208,0,/home/nabizadz/Projects/Mahsa/datasets/grid/test/s32/lwib6a.mpg,20,22,4.321088790893555,0.9936786745780029
208,1,/home/nabizadz/Projects/Mahsa/datasets/grid/test/s32/lwio4a.mpg,72,74,3.6538820266723633,0.9946239737746287
208,2,/home/nabizadz/Projects/Mahsa/datasets/grid/test/s32/srbr6s.mpg,194,196,4.309910297393799,0.9989501703630503
208,3,/home/nabizadz/Projects/Mahsa/datasets/grid/test/s32/bbbp3n.mpg,84,86,4.4183220863342285,0.9878210893264816
208,4,/home/nabizadz/Projects/Mahsa/datasets/grid/test/s32/bwbeza.mpg,169,171,4.098269462585449,0.9923520439336134
208,5,/home/nabizadz/Projects/Mahsa/datasets/grid/test/s32/lrbb7p.mpg,171,173,4.308558940887451,0.9961225201352438
208,6,/home/nabizadz/Projects/Mahsa/datasets/grid/test/s32/pwbh1p.mpg,92,94,3.9016828536987305,0.9988892666624303
208,7,/home/nabizadz/Projects/Mahsa/datasets/grid/test/s32/lgwj7p.mpg,248,250,3.6429316997528076,0.8744397437199183
208,8,/home/nabizadz/Projects/Mahsa/datasets/grid/test/s32/srwl6s.mpg,148,150,2.230720281600952,0.9930817431887347
208,9,/home/nabizadz/Projects/Mahsa/datasets/grid/test/s32/prwa6a.mpg,283,285,4.291543960571289,0.9510040675849307
208,10,/home/nabizadz/Projects/Mahsa/datasets/grid/test/s32/lrbb5n.mpg,286,288,4.490766525268555,0.9964042540662098
208,11,/home/nabizadz/Projects/Mahsa/datasets/grid/test/s32/bgix8s.mpg,42,44,4.377873420715332,0.981770714107122
208,12,/home/nabizadz/Projects/Mahsa/datasets/grid/test/s32/bric3n.mpg,193,195,4.4983320236206055,0.9988531911558514
208,13,/home/nabizadz/Projects/Mahsa/datasets/grid/test/s32/bwiqza.mpg,62,64,3.5539231300354004,0.9884853469065044
208,14,/home/nabizadz/Projects/Mahsa/datasets/grid/test/s32/bgiq6a.mpg,156,158,4.24816370010376,0.998688683496718
208,15,/home/nabizadz/Projects/Mahsa/datasets/grid/test/s32/sgil5n.mpg,163,165,4.369287014007568,0.9997861489189646
209,0,/home/nabizadz/Projects/Mahsa/datasets/grid/test/s32/braj4a.mpg,196,198,4.255947113037109,0.9938479028582448
209,1,/home/nabizadz/Projects/Mahsa/datasets/grid/test/s32/bbio8a.mpg,82,84,3.2517776489257812,0.9870827975462944
209,2,/home/nabizadz/Projects/Mahsa/datasets/grid/test/s32/lrah6s.mpg,182,184,3.70593523979187,0.9750791483956703
209,3,/home/nabizadz/Projects/Mahsa/datasets/grid/test/s32/pwat4s.mpg,41,43,4.530097484588623,0.9999573106521961
209,4,/home/nabizadz/Projects/Mahsa/datasets/grid/test/s32/lbig6s.mpg,4,6,4.482802391052246,0.988239888482311
209,5,/home/nabizadz/Projects/Mahsa/datasets/grid/test/s32/bgbe5p.mpg,271,273,4.2666826248168945,0.9176990234673454
209,6,/home/nabizadz/Projects/Mahsa/datasets/grid/test/s32/sbad9p.mpg,33,35,4.492670059204102,0.9993282559960835
209,7,/home/nabizadz/Projects/Mahsa/datasets/grid/test/s32/bgay1n.mpg,78,80,3.2687017917633057,0.9834420506203326
209,8,/home/nabizadz/Projects/Mahsa/datasets/grid/test/s32/lwio2s.mpg,294,296,4.501966953277588,0.9964991248573204
209,9,/home/nabizadz/Projects/Mahsa/datasets/grid/test/s32/bwbk1n.mpg,90,92,4.244391918182373,0.9997839742386602
209,10,/home/nabizadz/Projects/Mahsa/datasets/grid/test/s32/lgio8s.mpg,268,270,4.559786796569824,0.9420124184289189
209,11,/home/nabizadz/Projects/Mahsa/datasets/grid/test/s32/bbai7p.mpg,4,6,4.500947952270508,0.9877020330807794
209,12,/home/nabizadz/Projects/Mahsa/datasets/grid/test/s32/prbm9p.mpg,236,238,4.431332588195801,0.8881461366011985
209,13,/home/nabizadz/Projects/Mahsa/datasets/grid/test/s32/lbbb2a.mpg,278,280,4.385662078857422,0.9968869989909568
209,14,/home/nabizadz/Projects/Mahsa/datasets/grid/test/s32/sbid3n.mpg,293,295,4.382943153381348,0.9999999723112917
209,15,/home/nabizadz/Projects/Mahsa/datasets/grid/test/s32/swbz5n.mpg,149,151,4.238258361816406,0.9974696835805473
210,0,/home/nabizadz/Projects/Mahsa/datasets/grid/test/s32/lria9p.mpg,15,17,4.482982635498047,0.9850210456396318
210,1,/home/nabizadz/Projects/Mahsa/datasets/grid/test/s32/sgaz7n.mpg,44,46,4.335393905639648,0.9741489117797605
210,2,/home/nabizadz/Projects/Mahsa/datasets/grid/test/s32/sgaz8s.mpg,147,149,4.199717044830322,0.997108324226575
210,3,/home/nabizadz/Projects/Mahsa/datasets/grid/test/s32/sbbe3p.mpg,162,164,4.293209552764893,0.9985774749032532
210,4,/home/nabizadz/Projects/Mahsa/datasets/grid/test/s32/bradza.mpg,20,22,4.443609714508057,0.9891358759995806
210,5,/home/nabizadz/Projects/Mahsa/datasets/grid/test/s32/bbav3n.mpg,160,162,3.464494466781616,0.9883128589835233
210,6,/home/nabizadz/Projects/Mahsa/datasets/grid/test/s32/prba2a.mpg,101,103,4.0509209632873535,0.9995843534271995
210,7,/home/nabizadz/Projects/Mahsa/datasets/grid/test/s32/pwbn6a.mpg,286,288,4.181662082672119,0.9783044408454169
210,8,/home/nabizadz/Projects/Mahsa/datasets/grid/test/s32/prbt1n.mpg,152,154,3.1741955280303955,0.9733194734478304
210,9,/home/nabizadz/Projects/Mahsa/datasets/grid/test/s32/lrwv1n.mpg,84,86,3.997898578643799,0.9882942909408219
210,10,/home/nabizadz/Projects/Mahsa/datasets/grid/test/s32/pgbb1n.mpg,167,169,4.161980628967285,0.9935417612828181
210,11,/home/nabizadz/Projects/Mahsa/datasets/grid/test/s32/srar3p.mpg,183,185,4.4115891456604,0.9973462599805939
210,12,/home/nabizadz/Projects/Mahsa/datasets/grid/test/s32/lrwo7n.mpg,119,121,4.44542121887207,0.9984800967123272
210,13,/home/nabizadz/Projects/Mahsa/datasets/grid/test/s32/bwij6a.mpg,148,150,4.210847854614258,0.9971657111494903
210,14,/home/nabizadz/Projects/Mahsa/datasets/grid/test/s32/pbws9n.mpg,27,29,4.360267639160156,0.996291879682784
210,15,/home/nabizadz/Projects/Mahsa/datasets/grid/test/s32/bbwdzs.mpg,118,120,4.066288948059082,0.9990718379179954
211,0,/home/nabizadz/Projects/Mahsa/datasets/grid/test/s32/bgblza.mpg,185,187,4.173244953155518,0.9971043799871034
211,1,/home/nabizadz/Projects/Mahsa/datasets/grid/test/s32/lrao1p.mpg,269,271,4.363558769226074,0.9113912509251052
211,2,/home/nabizadz/Projects/Mahsa/datasets/grid/test/s32/bbai8a.mpg,94,96,3.606912851333618,0.9919530221866155
211,3,/home/nabizadz/Projects/Mahsa/datasets/grid/test/s32/swbz6s.mpg,197,199,4.272500038146973,0.9919907248834507
211,4,/home/nabizadz/Projects/Mahsa/datasets/grid/test/s32/swaz1n.mpg,15,17,3.957838773727417,0.9355895169453445
211,5,/home/nabizadz/Projects/Mahsa/datasets/grid/test/s32/swws8a.mpg,110,112,4.128765106201172,0.9938079952269693
211,6,/home/nabizadz/Projects/Mahsa/datasets/grid/test/s32/pwbt7n.mpg,91,93,3.8455121517181396,0.9966730607485027
211,7,/home/nabizadz/Projects/Mahsa/datasets/grid/test/s32/pwbt8s.mpg,92,94,3.9024288654327393,0.9961812928216572
211,8,/home/nabizadz/Projects/Mahsa/datasets/grid/test/s32/brwk2a.mpg,110,112,3.895354747772217,0.9961055581080707
211,9,/home/nabizadz/Projects/Mahsa/datasets/grid/test/s32/lban6a.mpg,185,187,4.15141487121582,0.9954149638364164
211,10,/home/nabizadz/Projects/Mahsa/datasets/grid/test/s32/pgaa7n.mpg,280,282,4.382659912109375,0.955459084993686
211,11,/home/nabizadz/Projects/Mahsa/datasets/grid/test/s32/lgap1n.mpg,241,243,4.288931846618652,0.8667549770672989
211,12,/home/nabizadz/Projects/Mahsa/datasets/grid/test/s32/pgbu5p.mpg,126,128,3.5519657135009766,0.9865170528029911
211,13,/home/nabizadz/Projects/Mahsa/datasets/grid/test/s32/lgav5n.mpg,180,182,4.2527241706848145,0.9922708482092842
211,14,/home/nabizadz/Projects/Mahsa/datasets/grid/test/s32/sgis1p.mpg,278,280,4.259249687194824,0.9325129612580376
211,15,/home/nabizadz/Projects/Mahsa/datasets/grid/test/s32/lrwi5p.mpg,26,28,4.270614147186279,0.9926972759571437
212,0,/home/nabizadz/Projects/Mahsa/datasets/grid/test/s32/pgaa8s.mpg,224,226,4.535876750946045,0.9827949221881853
212,1,/home/nabizadz/Projects/Mahsa/datasets/grid/test/s32/bric5p.mpg,261,263,4.421765327453613,0.9253754038803543
212,2,/home/nabizadz/Projects/Mahsa/datasets/grid/test/s32/bwby2a.mpg,284,286,4.255085468292236,0.9480208705398325
212,3,/home/nabizadz/Projects/Mahsa/datasets/grid/test/s32/bgiyza.mpg,191,193,3.5572197437286377,0.981519565772856
212,4,/home/nabizadz/Projects/Mahsa/datasets/grid/test/s32/lriuzs.mpg,44,46,4.440867900848389,0.9923812702134035
212,5,/home/nabizadz/Projects/Mahsa/datasets/grid/test/s32/lbah2a.mpg,203,205,4.4248456954956055,0.9905581428979302
212,6,/home/nabizadz/Projects/Mahsa/datasets/grid/test/s32/bgbr4a.mpg,256,258,3.480808973312378,0.8726251932030509
212,7,/home/nabizadz/Projects/Mahsa/datasets/grid/test/s32/swizza.mpg,260,262,4.415714263916016,0.9819005096915777
212,8,/home/nabizadz/Projects/Mahsa/datasets/grid/test/s32/lbba9n.mpg,239,241,4.166469097137451,0.9934707551832628
212,9,/home/nabizadz/Projects/Mahsa/datasets/grid/test/s32/lbwb6a.mpg,44,46,4.488780498504639,0.990508759026404
212,10,/home/nabizadz/Projects/Mahsa/datasets/grid/test/s32/sgwa1p.mpg,75,77,4.241879940032959,0.9975630829197867
212,11,/home/nabizadz/Projects/Mahsa/datasets/grid/test/s32/lgbx2a.mpg,183,185,4.373845100402832,0.9947856266928647
212,12,/home/nabizadz/Projects/Mahsa/datasets/grid/test/s32/lgbv9n.mpg,265,267,4.1378583908081055,0.8994624515386148
212,13,/home/nabizadz/Projects/Mahsa/datasets/grid/test/s32/lbit3n.mpg,158,160,3.8718719482421875,0.9879808042776874
212,14,/home/nabizadz/Projects/Mahsa/datasets/grid/test/s32/lrab3p.mpg,83,85,3.696768045425415,0.9901526615285808
212,15,/home/nabizadz/Projects/Mahsa/datasets/grid/test/s32/bwic9n.mpg,53,55,3.6255178451538086,0.9825017356653006
213,0,/home/nabizadz/Projects/Mahsa/datasets/grid/test/s32/bwaq4a.mpg,292,294,4.381160736083984,0.9895157703366552
213,1,/home/nabizadz/Projects/Mahsa/datasets/grid/test/s32/prwn2s.mpg,48,50,4.124210834503174,0.9974829524864327
213,2,/home/nabizadz/Projects/Mahsa/datasets/grid/test/s32/bbii1n.mpg,192,194,4.207572937011719,0.9961843543797352
213,3,/home/nabizadz/Projects/Mahsa/datasets/grid/test/s32/pgig7n.mpg,296,298,4.347771167755127,0.9964221159557286
213,4,/home/nabizadz/Projects/Mahsa/datasets/grid/test/s32/pgwh9n.mpg,18,20,4.408613681793213,0.9973783645673239
213,5,/home/nabizadz/Projects/Mahsa/datasets/grid/test/s32/pram4s.mpg,235,237,4.369534492492676,0.8850879871176909
213,6,/home/nabizadz/Projects/Mahsa/datasets/grid/test/s32/swik9n.mpg,193,195,4.199183940887451,0.9928547902296504
213,7,/home/nabizadz/Projects/Mahsa/datasets/grid/test/s32/sbiq4a.mpg,154,156,4.131083965301514,0.9926100294310247
213,8,/home/nabizadz/Projects/Mahsa/datasets/grid/test/s32/brbx3n.mpg,252,254,4.322765827178955,0.8421729968890119
213,9,/home/nabizadz/Projects/Mahsa/datasets/grid/test/s32/swwf9p.mpg,20,22,4.451943397521973,0.9826517921127764
213,10,/home/nabizadz/Projects/Mahsa/datasets/grid/test/s32/bgae2a.mpg,287,289,4.397367477416992,0.9999999999999918
213,11,/home/nabizadz/Projects/Mahsa/datasets/grid/test/s32/bbav4s.mpg,234,236,4.4053754806518555,0.9298565597642456
213,12,/home/nabizadz/Projects/Mahsa/datasets/grid/test/s32/pgbo1p.mpg,89,91,3.870134115219116,0.9984277953886986
213,13,/home/nabizadz/Projects/Mahsa/datasets/grid/test/s32/srws1p.mpg,245,247,4.575399398803711,0.9354409172140883
213,14,/home/nabizadz/Projects/Mahsa/datasets/grid/test/s32/lwwv9p.mpg,150,152,4.090816974639893,0.9951482048788954
213,15,/home/nabizadz/Projects/Mahsa/datasets/grid/test/s32/lwau9n.mpg,137,139,3.4201838970184326,0.9886157243620544
214,0,/home/nabizadz/Projects/Mahsa/datasets/grid/test/s32/swwf8s.mpg,183,185,4.385752201080322,0.9965981755692072
214,1,/home/nabizadz/Projects/Mahsa/datasets/grid/test/s32/sgam1p.mpg,118,120,3.565385580062866,0.9968265547521412
214,2,/home/nabizadz/Projects/Mahsa/datasets/grid/test/s32/brax1p.mpg,71,73,3.9292025566101074,0.9913965046951132
214,3,/home/nabizadz/Projects/Mahsa/datasets/grid/test/s32/bbii2s.mpg,233,235,4.486046314239502,0.9817121059144219
214,4,/home/nabizadz/Projects/Mahsa/datasets/grid/test/s32/pril9n.mpg,177,179,4.255516052246094,0.9927329252554519
214,5,/home/nabizadz/Projects/Mahsa/datasets/grid/test/s32/srbr8a.mpg,215,217,4.518340110778809,0.9649035657779385
214,6,/home/nabizadz/Projects/Mahsa/datasets/grid/test/s32/bgay4a.mpg,109,111,3.945544481277466,0.9956734776370996
214,7,/home/nabizadz/Projects/Mahsa/datasets/grid/test/s32/swbs4a.mpg,267,269,4.067940711975098,0.925706139953892
214,8,/home/nabizadz/Projects/Mahsa/datasets/grid/test/s32/swie7p.mpg,263,265,4.338540077209473,0.9092659215477482
214,9,/home/nabizadz/Projects/Mahsa/datasets/grid/test/s32/lwai1n.mpg,138,140,4.079224109649658,0.9973733726241378
214,10,/home/nabizadz/Projects/Mahsa/datasets/grid/test/s32/srwszs.mpg,279,281,4.3692450523376465,0.9779194574877985
214,11,/home/nabizadz/Projects/Mahsa/datasets/grid/test/s32/pwig3p.mpg,31,33,4.512627124786377,0.9972672261910496
214,12,/home/nabizadz/Projects/Mahsa/datasets/grid/test/s32/pgia6a.mpg,235,237,4.4616522789001465,0.9886290926390195
214,13,/home/nabizadz/Projects/Mahsa/datasets/grid/test/s32/sgiz3n.mpg,294,296,4.292332649230957,0.9920979907684196
214,14,/home/nabizadz/Projects/Mahsa/datasets/grid/test/s32/lgap3p.mpg,173,175,3.971604108810425,0.9671391604429015
214,15,/home/nabizadz/Projects/Mahsa/datasets/grid/test/s32/pgin4a.mpg,114,116,4.0661725997924805,0.993134520763722
215,0,/home/nabizadz/Projects/Mahsa/datasets/grid/test/s32/sgbm5p.mpg,270,272,4.547203540802002,0.973107704961055
215,1,/home/nabizadz/Projects/Mahsa/datasets/grid/test/s32/bbiv2a.mpg,212,214,4.323136329650879,0.8818309078129316
215,2,/home/nabizadz/Projects/Mahsa/datasets/grid/test/s32/pgwb7p.mpg,96,98,3.2998147010803223,0.9836999187313326
215,3,/home/nabizadz/Projects/Mahsa/datasets/grid/test/s32/lrab1n.mpg,236,238,4.380443096160889,0.9103843649569118
215,4,/home/nabizadz/Projects/Mahsa/datasets/grid/test/s32/pgbu4s.mpg,104,106,4.019763469696045,0.9974021378799551
215,5,/home/nabizadz/Projects/Mahsa/datasets/grid/test/s32/srik5p.mpg,149,151,4.473793983459473,0.999940549877507
215,6,/home/nabizadz/Projects/Mahsa/datasets/grid/test/s32/pbas1n.mpg,112,114,3.564363956451416,0.9957134781826712
215,7,/home/nabizadz/Projects/Mahsa/datasets/grid/test/s32/lwih9p.mpg,64,66,3.735883951187134,0.9936605199581529
215,8,/home/nabizadz/Projects/Mahsa/datasets/grid/test/s32/briv8a.mpg,27,29,4.536998748779297,0.9999770424979258
215,9,/home/nabizadz/Projects/Mahsa/datasets/grid/test/s32/lbwb3n.mpg,223,225,4.538097858428955,0.9765072169348422
215,10,/home/nabizadz/Projects/Mahsa/datasets/grid/test/s32/brbp9n.mpg,218,220,4.511512756347656,0.9976978709365285
215,11,/home/nabizadz/Projects/Mahsa/datasets/grid/test/s32/pwit2a.mpg,54,56,4.555572509765625,0.999296978073639
215,12,/home/nabizadz/Projects/Mahsa/datasets/grid/test/s32/lbbh4s.mpg,258,260,4.3384690284729,0.9334532237431357
215,13,/home/nabizadz/Projects/Mahsa/datasets/grid/test/s32/bbwj3n.mpg,183,185,4.339359283447266,0.9967892487205333
215,14,/home/nabizadz/Projects/Mahsa/datasets/grid/test/s32/lbaa5n.mpg,24,26,4.319891929626465,0.9891458617243718
215,15,/home/nabizadz/Projects/Mahsa/datasets/grid/test/s32/lwbi6s.mpg,231,233,4.522109508514404,0.9621628539124243
216,0,/home/nabizadz/Projects/Mahsa/datasets/grid/test/s32/lbia3p.mpg,278,280,4.573038101196289,0.9862702087700626
216,1,/home/nabizadz/Projects/Mahsa/datasets/grid/test/s32/lgii4s.mpg,169,171,4.046813011169434,0.9826016542120429
216,2,/home/nabizadz/Projects/Mahsa/datasets/grid/test/s32/sbaq6s.mpg,217,219,3.7254438400268555,0.982974423238829
216,3,/home/nabizadz/Projects/Mahsa/datasets/grid/test/s32/braj2s.mpg,108,110,4.129850387573242,0.9936282363071717
216,4,/home/nabizadz/Projects/Mahsa/datasets/grid/test/s32/pbil6a.mpg,89,91,3.5043346881866455,0.9616214095784876
216,5,/home/nabizadz/Projects/Mahsa/datasets/grid/test/s32/lbah1p.mpg,186,188,4.017359733581543,0.9824971358550771
216,6,/home/nabizadz/Projects/Mahsa/datasets/grid/test/s32/priz7n.mpg,79,81,3.7467377185821533,0.9902173999897431
216,7,/home/nabizadz/Projects/Mahsa/datasets/grid/test/s32/pwag8a.mpg,145,147,4.369816780090332,0.9970892649106898
216,8,/home/nabizadz/Projects/Mahsa/datasets/grid/test/s32/lgbp6s.mpg,87,89,3.8249497413635254,0.9935995237735746
216,9,/home/nabizadz/Projects/Mahsa/datasets/grid/test/s32/brwd6s.mpg,83,85,3.514842987060547,0.9911541409846654
216,10,/home/nabizadz/Projects/Mahsa/datasets/grid/test/s32/lgwx6a.mpg,93,95,3.5499343872070312,0.9952919940203957
216,11,/home/nabizadz/Projects/Mahsa/datasets/grid/test/s32/swal5p.mpg,165,167,3.988720178604126,0.9874705901911555
216,12,/home/nabizadz/Projects/Mahsa/datasets/grid/test/s32/pbiz4a.mpg,118,120,4.048293590545654,0.9987149096234827
216,13,/home/nabizadz/Projects/Mahsa/datasets/grid/test/s32/prif8a.mpg,1,3,4.61113166809082,0.999994801353021
216,14,/home/nabizadz/Projects/Mahsa/datasets/grid/test/s32/sgiz5p.mpg,76,78,4.362451076507568,0.996180573835186
216,15,/home/nabizadz/Projects/Mahsa/datasets/grid/test/s32/brwk1p.mpg,167,169,4.299026966094971,0.9984106656215825
217,0,/home/nabizadz/Projects/Mahsa/datasets/grid/test/s32/prbg6a.mpg,256,258,4.4240946769714355,0.9296983101797746
217,1,/home/nabizadz/Projects/Mahsa/datasets/grid/test/s32/brac8s.mpg,129,131,4.24179220199585,0.9987125015974775
217,2,/home/nabizadz/Projects/Mahsa/datasets/grid/test/s32/pbbm3p.mpg,32,34,4.180324554443359,0.9314405716365222
217,3,/home/nabizadz/Projects/Mahsa/datasets/grid/test/s32/bwwr2a.mpg,209,211,4.418418884277344,0.9893139524266586
217,4,/home/nabizadz/Projects/Mahsa/datasets/grid/test/s32/lbat8s.mpg,206,208,4.547860622406006,0.9908732570044028
217,5,/home/nabizadz/Projects/Mahsa/datasets/grid/test/s32/priz8s.mpg,286,288,4.383877754211426,0.9933009475149502
217,6,/home/nabizadz/Projects/Mahsa/datasets/grid/test/s32/pwbn3n.mpg,99,101,3.982701063156128,0.999231395150103
217,7,/home/nabizadz/Projects/Mahsa/datasets/grid/test/s32/sbby4s.mpg,289,291,4.546998023986816,0.9936906489322765
217,8,/home/nabizadz/Projects/Mahsa/datasets/grid/test/s32/braj3p.mpg,270,272,4.305742263793945,0.9558947353684848
217,9,/home/nabizadz/Projects/Mahsa/datasets/grid/test/s32/bwid2a.mpg,297,299,4.370162010192871,0.9999999999999838
217,10,/home/nabizadz/Projects/Mahsa/datasets/grid/test/s32/pwwu1n.mpg,254,256,4.3816752433776855,0.8940345969702931
217,11,/home/nabizadz/Projects/Mahsa/datasets/grid/test/s32/lrwi3n.mpg,133,135,4.290400505065918,0.9985079301137995
217,12,/home/nabizadz/Projects/Mahsa/datasets/grid/test/s32/bgwr8a.mpg,292,294,4.3980712890625,0.9849040497544796
217,13,/home/nabizadz/Projects/Mahsa/datasets/grid/test/s32/pwig2s.mpg,177,179,4.25372838973999,0.9894262002823924
217,14,/home/nabizadz/Projects/Mahsa/datasets/grid/test/s32/lgbp5n.mpg,120,122,3.8455071449279785,0.9933806893713949
217,15,/home/nabizadz/Projects/Mahsa/datasets/grid/test/s32/bgwy9n.mpg,122,124,4.190604209899902,0.9996394287212442
218,0,/home/nabizadz/Projects/Mahsa/datasets/grid/test/s32/pgin1n.mpg,247,249,4.477257251739502,0.9846019457894898
218,1,/home/nabizadz/Projects/Mahsa/datasets/grid/test/s32/bbbv7n.mpg,151,153,4.030324459075928,0.9919305496396452
218,2,/home/nabizadz/Projects/Mahsa/datasets/grid/test/s32/pgihza.mpg,271,273,4.554034233093262,0.9982896661242033
218,3,/home/nabizadz/Projects/Mahsa/datasets/grid/test/s32/bwbd9p.mpg,27,29,4.441919326782227,0.9984480360990047
218,4,/home/nabizadz/Projects/Mahsa/datasets/grid/test/s32/pwbuza.mpg,22,24,4.505009651184082,0.9888337141543758
218,5,/home/nabizadz/Projects/Mahsa/datasets/grid/test/s32/pwaa4a.mpg,146,148,4.495950222015381,0.9998809623993216
218,6,/home/nabizadz/Projects/Mahsa/datasets/grid/test/s32/prag1p.mpg,155,157,4.2483601570129395,0.9923442884681429
218,7,/home/nabizadz/Projects/Mahsa/datasets/grid/test/s32/swal3n.mpg,11,13,4.452597141265869,0.9936922727366203
218,8,/home/nabizadz/Projects/Mahsa/datasets/grid/test/s32/pwbt9p.mpg,164,166,3.9334521293640137,0.9777437087441531
218,9,/home/nabizadz/Projects/Mahsa/datasets/grid/test/s32/bwax8a.mpg,226,228,4.463636875152588,0.9779779481532674
218,10,/home/nabizadz/Projects/Mahsa/datasets/grid/test/s32/srak9p.mpg,200,202,4.348651885986328,0.9663069220851845
218,11,/home/nabizadz/Projects/Mahsa/datasets/grid/test/s32/bgaq7n.mpg,196,198,4.176092147827148,0.9954146714530301
218,12,/home/nabizadz/Projects/Mahsa/datasets/grid/test/s32/swie6s.mpg,177,179,4.249391555786133,0.995178954829934
218,13,/home/nabizadz/Projects/Mahsa/datasets/grid/test/s32/sgbtza.mpg,104,106,4.075770854949951,0.999097164030708
218,14,/home/nabizadz/Projects/Mahsa/datasets/grid/test/s32/sbix7p.mpg,5,7,4.414270877838135,0.9949424822698041
218,15,/home/nabizadz/Projects/Mahsa/datasets/grid/test/s32/lrwi4s.mpg,260,262,4.367990493774414,0.8755032332559465
219,0,/home/nabizadz/Projects/Mahsa/datasets/grid/test/s32/lwiu7p.mpg,173,175,4.031093597412109,0.963031013164516
219,1,/home/nabizadz/Projects/Mahsa/datasets/grid/test/s32/bgiq5p.mpg,28,30,4.388698577880859,0.9811812593727395
219,2,/home/nabizadz/Projects/Mahsa/datasets/grid/test/s32/lgiv4a.mpg,212,214,4.330841541290283,0.9491941010185949
219,3,/home/nabizadz/Projects/Mahsa/datasets/grid/test/s32/prbt3p.mpg,221,223,3.7955572605133057,0.8534888989657087
219,4,/home/nabizadz/Projects/Mahsa/datasets/grid/test/s32/swbs1n.mpg,118,120,4.126270771026611,0.9961827873824429
219,5,/home/nabizadz/Projects/Mahsa/datasets/grid/test/s32/pwba8a.mpg,70,72,4.255356311798096,0.9991450318863679
219,6,/home/nabizadz/Projects/Mahsa/datasets/grid/test/s32/bbicza.mpg,275,277,4.530065059661865,0.9988998817975913
219,7,/home/nabizadz/Projects/Mahsa/datasets/grid/test/s32/pgbu6a.mpg,286,288,4.358340263366699,0.98531821915006
219,8,/home/nabizadz/Projects/Mahsa/datasets/grid/test/s32/sgbgzs.mpg,174,176,4.3655924797058105,0.997092162383216
219,9,/home/nabizadz/Projects/Mahsa/datasets/grid/test/s32/pbal9p.mpg,239,241,4.320755481719971,0.9009716864239401
219,10,/home/nabizadz/Projects/Mahsa/datasets/grid/test/s32/sgam2a.mpg,242,244,4.277859687805176,0.8805971372791661
219,11,/home/nabizadz/Projects/Mahsa/datasets/grid/test/s32/lgii5p.mpg,293,295,4.547549247741699,0.995770975964764
219,12,/home/nabizadz/Projects/Mahsa/datasets/grid/test/s32/sbwr6a.mpg,226,228,4.4092230796813965,0.8861664419667377
219,13,/home/nabizadz/Projects/Mahsa/datasets/grid/test/s32/lbwo2s.mpg,90,92,3.7233259677886963,0.984937172341018
219,14,/home/nabizadz/Projects/Mahsa/datasets/grid/test/s32/bbac3p.mpg,202,204,4.394960880279541,0.9907587645340962
219,15,/home/nabizadz/Projects/Mahsa/datasets/grid/test/s32/swie5n.mpg,226,228,4.512665271759033,0.9996363523910666
220,0,/home/nabizadz/Projects/Mahsa/datasets/grid/test/s32/bgid5n.mpg,112,114,3.3674771785736084,0.9899569907099599
220,1,/home/nabizadz/Projects/Mahsa/datasets/grid/test/s32/lrwi6a.mpg,125,127,4.4563775062561035,0.9998282973456518
220,2,/home/nabizadz/Projects/Mahsa/datasets/grid/test/s32/sgas3n.mpg,170,172,4.038041114807129,0.9914565337402033
220,3,/home/nabizadz/Projects/Mahsa/datasets/grid/test/s32/brwx9p.mpg,211,213,4.378711223602295,0.9643260248095824
220,4,/home/nabizadz/Projects/Mahsa/datasets/grid/test/s32/bwix2s.mpg,227,229,4.486148357391357,0.9752389081113669
220,5,/home/nabizadz/Projects/Mahsa/datasets/grid/test/s32/bwaq1n.mpg,148,150,4.078857898712158,0.9919636503051322
220,6,/home/nabizadz/Projects/Mahsa/datasets/grid/test/s32/lrwo8s.mpg,283,285,4.5680460929870605,0.989693620035867
220,7,/home/nabizadz/Projects/Mahsa/datasets/grid/test/s32/lgbj1n.mpg,195,197,4.510272026062012,0.9974164004414658
220,8,/home/nabizadz/Projects/Mahsa/datasets/grid/test/s32/pgwo4s.mpg,249,251,4.434453010559082,0.9542462033891104
220,9,/home/nabizadz/Projects/Mahsa/datasets/grid/test/s32/srbzzs.mpg,222,224,4.408670902252197,0.996913447151724
220,10,/home/nabizadz/Projects/Mahsa/datasets/grid/test/s32/prbt4a.mpg,207,209,4.504882335662842,0.9768378467483636
220,11,/home/nabizadz/Projects/Mahsa/datasets/grid/test/s32/sgwm7n.mpg,1,3,4.58190393447876,0.999054320763323
220,12,/home/nabizadz/Projects/Mahsa/datasets/grid/test/s32/bbbv8s.mpg,165,167,4.295921325683594,0.9983449747434293
220,13,/home/nabizadz/Projects/Mahsa/datasets/grid/test/s32/pgwu8s.mpg,83,85,3.354905605316162,0.9848583833123408
220,14,/home/nabizadz/Projects/Mahsa/datasets/grid/test/s32/lgwq2a.mpg,34,36,4.211754322052002,0.9927552205841673
220,15,/home/nabizadz/Projects/Mahsa/datasets/grid/test/s32/lbwh7n.mpg,37,39,4.258812427520752,0.9927222751268593
221,0,/home/nabizadz/Projects/Mahsa/datasets/grid/test/s32/lwih8s.mpg,233,235,4.301170349121094,0.908371619895236
221,1,/home/nabizadz/Projects/Mahsa/datasets/grid/test/s32/bbib9p.mpg,164,166,3.887632131576538,0.9933866672968198
221,2,/home/nabizadz/Projects/Mahsa/datasets/grid/test/s32/sgbg2a.mpg,20,22,4.488949298858643,0.9550785927171206
221,3,/home/nabizadz/Projects/Mahsa/datasets/grid/test/s32/pgah3p.mpg,276,278,4.3925395011901855,0.9469369152280184
221,4,/home/nabizadz/Projects/Mahsa/datasets/grid/test/s32/pragzs.mpg,44,46,4.4587931632995605,0.9962693374204532
221,5,/home/nabizadz/Projects/Mahsa/datasets/grid/test/s32/lrih1n.mpg,176,178,4.180414199829102,0.9961356090821321
221,6,/home/nabizadz/Projects/Mahsa/datasets/grid/test/s32/sgaf7p.mpg,271,273,4.219730854034424,0.953050114771591
221,7,/home/nabizadz/Projects/Mahsa/datasets/grid/test/s32/bwaj9p.mpg,208,210,4.214218616485596,0.9255167613465899
221,8,/home/nabizadz/Projects/Mahsa/datasets/grid/test/s32/sgwt3p.mpg,264,266,4.1778764724731445,0.9139353251579496
221,9,/home/nabizadz/Projects/Mahsa/datasets/grid/test/s32/srbl2s.mpg,188,190,4.3432183265686035,0.9611644896345011
221,10,/home/nabizadz/Projects/Mahsa/datasets/grid/test/s32/pbif2a.mpg,45,47,4.325448036193848,0.9981882421240794
221,11,/home/nabizadz/Projects/Mahsa/datasets/grid/test/s32/prbnza.mpg,78,80,4.369503974914551,0.9989390195813014
221,12,/home/nabizadz/Projects/Mahsa/datasets/grid/test/s32/lbia2s.mpg,226,228,4.559693813323975,0.9897281619759762
221,13,/home/nabizadz/Projects/Mahsa/datasets/grid/test/s32/pgan6s.mpg,0,2,4.617342948913574,0.9999535432146425
221,14,/home/nabizadz/Projects/Mahsa/datasets/grid/test/s32/pbal7n.mpg,229,231,4.337526321411133,0.9332417320277735
221,15,/home/nabizadz/Projects/Mahsa/datasets/grid/test/s32/pras8s.mpg,13,15,4.507637977600098,0.9984322551523315
222,0,/home/nabizadz/Projects/Mahsa/datasets/grid/test/s32/lwwp6a.mpg,207,209,4.416249752044678,0.998148927600126
222,1,/home/nabizadz/Projects/Mahsa/datasets/grid/test/s32/lwbc1n.mpg,205,207,4.395249843597412,0.9722033772232046
222,2,/home/nabizadz/Projects/Mahsa/datasets/grid/test/s32/prwg8s.mpg,132,134,4.322737693786621,0.9992684609624549
222,3,/home/nabizadz/Projects/Mahsa/datasets/grid/test/s32/bgix9p.mpg,28,30,4.515552043914795,0.999927994502422
222,4,/home/nabizadz/Projects/Mahsa/datasets/grid/test/s32/bgid8a.mpg,58,60,3.5912818908691406,0.9778933646327667
222,5,/home/nabizadz/Projects/Mahsa/datasets/grid/test/s32/srae6a.mpg,210,212,4.537811756134033,0.9983442113942558
222,6,/home/nabizadz/Projects/Mahsa/datasets/grid/test/s32/lrwczs.mpg,227,229,4.585744857788086,0.9911136523109634
222,7,/home/nabizadz/Projects/Mahsa/datasets/grid/test/s32/brbqzs.mpg,186,188,4.060084819793701,0.9917436514506903
222,8,/home/nabizadz/Projects/Mahsa/datasets/grid/test/s32/lgwd2s.mpg,258,260,4.38250207901001,0.8819146865356593
222,9,/home/nabizadz/Projects/Mahsa/datasets/grid/test/s32/swws5n.mpg,64,66,4.187032222747803,0.9982265867198916
222,10,/home/nabizadz/Projects/Mahsa/datasets/grid/test/s32/swil1p.mpg,83,85,4.058502674102783,0.9948552439494679
222,11,/home/nabizadz/Projects/Mahsa/datasets/grid/test/s32/bgbe6a.mpg,189,191,4.089364528656006,0.9903703774336944
222,12,/home/nabizadz/Projects/Mahsa/datasets/grid/test/s32/pris4s.mpg,227,229,4.381200313568115,0.8873159176740968
222,13,/home/nabizadz/Projects/Mahsa/datasets/grid/test/s32/pram6a.mpg,108,110,4.182798862457275,0.9992457820897865
222,14,/home/nabizadz/Projects/Mahsa/datasets/grid/test/s32/lwiiza.mpg,279,281,4.30619478225708,0.9427778196410147
222,15,/home/nabizadz/Projects/Mahsa/datasets/grid/test/s32/brwq5p.mpg,238,240,4.4009857177734375,0.9774197459917154
223,0,/home/nabizadz/Projects/Mahsa/datasets/grid/test/s32/lwao6s.mpg,45,47,4.307258605957031,0.9959355645733798
223,1,/home/nabizadz/Projects/Mahsa/datasets/grid/test/s32/lwacza.mpg,202,204,3.8901288509368896,0.9917467669629487
223,2,/home/nabizadz/Projects/Mahsa/datasets/grid/test/s32/pbaf3n.mpg,292,294,4.370507717132568,0.9956770883865714
223,3,/home/nabizadz/Projects/Mahsa/datasets/grid/test/s32/brav9n.mpg,242,244,4.158154487609863,0.8520936969201014
223,4,/home/nabizadz/Projects/Mahsa/datasets/grid/test/s32/bbwd2a.mpg,151,153,3.6036267280578613,0.973089346925599
223,5,/home/nabizadz/Projects/Mahsa/datasets/grid/test/s32/bwaj8s.mpg,145,147,4.1207427978515625,0.9884655149805696
223,6,/home/nabizadz/Projects/Mahsa/datasets/grid/test/s32/lraozs.mpg,116,118,4.057136535644531,0.995272944471515
223,7,/home/nabizadz/Projects/Mahsa/datasets/grid/test/s32/sbay2a.mpg,119,121,4.163695812225342,0.9996218021289729
223,8,/home/nabizadz/Projects/Mahsa/datasets/grid/test/s32/bgay3p.mpg,13,15,4.299650192260742,0.9668319325543996
223,9,/home/nabizadz/Projects/Mahsa/datasets/grid/test/s32/bgak6a.mpg,139,141,4.388730049133301,0.9997573147818436
223,10,/home/nabizadz/Projects/Mahsa/datasets/grid/test/s32/brac9p.mpg,269,271,4.365099906921387,0.9065832966185027
223,11,/home/nabizadz/Projects/Mahsa/datasets/grid/test/s32/lgic2a.mpg,184,186,4.162430286407471,0.9958856394874926
223,12,/home/nabizadz/Projects/Mahsa/datasets/grid/test/s32/pwis9n.mpg,291,293,4.293265342712402,0.9835205409931432
223,13,/home/nabizadz/Projects/Mahsa/datasets/grid/test/s32/prwn4a.mpg,137,139,3.8192670345306396,0.9991150002936051
223,14,/home/nabizadz/Projects/Mahsa/datasets/grid/test/s32/bgik1p.mpg,154,156,3.792060375213623,0.984336553888359
223,15,/home/nabizadz/Projects/Mahsa/datasets/grid/test/s32/pwwa9n.mpg,138,140,3.6614770889282227,0.9900158389296769
224,0,/home/nabizadz/Projects/Mahsa/datasets/grid/test/s32/swwm4a.mpg,177,179,2.573746681213379,0.99656060749368
224,1,/home/nabizadz/Projects/Mahsa/datasets/grid/test/s32/brbj6s.mpg,59,61,3.653688669204712,0.9886903232454893
224,2,/home/nabizadz/Projects/Mahsa/datasets/grid/test/s32/lrih4a.mpg,291,293,4.411590099334717,0.9826228712453857
224,3,/home/nabizadz/Projects/Mahsa/datasets/grid/test/s32/lgbdza.mpg,87,89,2.7389652729034424,0.9988897468942015
224,4,/home/nabizadz/Projects/Mahsa/datasets/grid/test/s32/pbaz6s.mpg,180,182,4.156576156616211,0.9802232731674755
224,5,/home/nabizadz/Projects/Mahsa/datasets/grid/test/s32/bbwp7n.mpg,183,185,4.331171989440918,0.9974600238888814
224,6,/home/nabizadz/Projects/Mahsa/datasets/grid/test/s32/lbwu7p.mpg,31,33,4.566929817199707,0.9953726369780239
224,7,/home/nabizadz/Projects/Mahsa/datasets/grid/test/s32/bwij3n.mpg,275,277,4.41495943069458,0.9876869279884942
224,8,/home/nabizadz/Projects/Mahsa/datasets/grid/test/s32/pbaf4s.mpg,139,141,4.2858076095581055,0.9984581620048399
224,9,/home/nabizadz/Projects/Mahsa/datasets/grid/test/s32/pbbs8a.mpg,190,192,4.394744396209717,0.9962012589622132
224,10,/home/nabizadz/Projects/Mahsa/datasets/grid/test/s32/pwag5n.mpg,267,269,4.34679651260376,0.9336322682731408
224,11,/home/nabizadz/Projects/Mahsa/datasets/grid/test/s32/bgwe7n.mpg,289,291,4.171921253204346,0.9697486473022616
224,12,/home/nabizadz/Projects/Mahsa/datasets/grid/test/s32/bwaj7n.mpg,191,193,4.284872531890869,0.9926148847902458
224,13,/home/nabizadz/Projects/Mahsa/datasets/grid/test/s32/lbig7p.mpg,96,98,3.8250572681427,0.9891444820569688
224,14,/home/nabizadz/Projects/Mahsa/datasets/grid/test/s32/bgby6s.mpg,42,44,4.355256080627441,0.9993996018737079
224,15,/home/nabizadz/Projects/Mahsa/datasets/grid/test/s32/bgwz2a.mpg,41,43,4.242866039276123,0.9907054261292357
225,0,/home/nabizadz/Projects/Mahsa/datasets/grid/test/s32/bbwj4s.mpg,2,4,4.381809711456299,0.9978296216701757
225,1,/home/nabizadz/Projects/Mahsa/datasets/grid/test/s32/briv5n.mpg,99,101,4.101681709289551,0.9960940014026538
225,2,/home/nabizadz/Projects/Mahsa/datasets/grid/test/s32/pgia4s.mpg,159,161,4.489378929138184,0.9991836216880307
225,3,/home/nabizadz/Projects/Mahsa/datasets/grid/test/s32/sgas6a.mpg,1,3,4.483993053436279,0.9992462665524462
225,4,/home/nabizadz/Projects/Mahsa/datasets/grid/test/s32/pram3n.mpg,139,141,4.224294185638428,0.9954375478285414
225,5,/home/nabizadz/Projects/Mahsa/datasets/grid/test/s32/sgil6s.mpg,231,233,4.106334209442139,0.9872193654260156
225,6,/home/nabizadz/Projects/Mahsa/datasets/grid/test/s32/lrin6s.mpg,165,167,4.127665042877197,0.9992342246131187
225,7,/home/nabizadz/Projects/Mahsa/datasets/grid/test/s32/swbl7n.mpg,157,159,4.0159783363342285,0.988472650798289
225,8,/home/nabizadz/Projects/Mahsa/datasets/grid/test/s32/srar1n.mpg,154,156,4.133650779724121,0.9912637770645817
225,9,/home/nabizadz/Projects/Mahsa/datasets/grid/test/s32/lgbc8s.mpg,39,41,4.544576168060303,0.9960390226450512
225,10,/home/nabizadz/Projects/Mahsa/datasets/grid/test/s32/lwbp1p.mpg,294,296,4.165313243865967,0.9902752108405747
225,11,/home/nabizadz/Projects/Mahsa/datasets/grid/test/s32/lbaa8a.mpg,8,10,4.445211887359619,0.9883751815764668
225,12,/home/nabizadz/Projects/Mahsa/datasets/grid/test/s32/lwbv6a.mpg,203,205,4.366897106170654,0.961940138547343
225,13,/home/nabizadz/Projects/Mahsa/datasets/grid/test/s32/brbd2s.mpg,76,78,2.9803006649017334,0.9839138655342475
225,14,/home/nabizadz/Projects/Mahsa/datasets/grid/test/s32/lbwb4s.mpg,180,182,4.228506565093994,0.9988125213189062
225,15,/home/nabizadz/Projects/Mahsa/datasets/grid/test/s32/lwbc3p.mpg,122,124,4.454658508300781,0.9994206665338896
226,0,/home/nabizadz/Projects/Mahsa/datasets/grid/test/s32/swaf1p.mpg,62,64,2.8378751277923584,0.9998720029075207
226,1,/home/nabizadz/Projects/Mahsa/datasets/grid/test/s32/pgit7p.mpg,104,106,4.11956262588501,0.9946156752910326
226,2,/home/nabizadz/Projects/Mahsa/datasets/grid/test/s32/pgbh6s.mpg,167,169,4.252241134643555,0.9993954857348711
226,3,/home/nabizadz/Projects/Mahsa/datasets/grid/test/s32/bwwy4s.mpg,258,260,4.466745376586914,0.9966144562229697
226,4,/home/nabizadz/Projects/Mahsa/datasets/grid/test/s32/sriy2s.mpg,278,280,4.4007110595703125,0.9575981752405203
226,5,/home/nabizadz/Projects/Mahsa/datasets/grid/test/s32/pwwh6a.mpg,256,258,4.082953929901123,0.8603594915788159
226,6,/home/nabizadz/Projects/Mahsa/datasets/grid/test/s32/bbwc9n.mpg,263,265,4.3886332511901855,0.8949724271830833
226,7,/home/nabizadz/Projects/Mahsa/datasets/grid/test/s32/lgipza.mpg,19,21,4.369482040405273,0.9999976859756334
226,8,/home/nabizadz/Projects/Mahsa/datasets/grid/test/s32/bbwx4a.mpg,56,58,3.521116018295288,0.9790514501153966
226,9,/home/nabizadz/Projects/Mahsa/datasets/grid/test/s32/pgwb8a.mpg,73,75,4.252981662750244,0.9987791282234327
226,10,/home/nabizadz/Projects/Mahsa/datasets/grid/test/s32/lgiv3p.mpg,8,10,4.36482048034668,0.9743779197932146
226,11,/home/nabizadz/Projects/Mahsa/datasets/grid/test/s32/pgau1p.mpg,158,160,4.089142799377441,0.997485763365084
226,12,/home/nabizadz/Projects/Mahsa/datasets/grid/test/s32/bwwk8a.mpg,11,13,4.414882183074951,0.9938263761346319
226,13,/home/nabizadz/Projects/Mahsa/datasets/grid/test/s32/pwig1n.mpg,207,209,4.3814473152160645,0.9932415804698239
226,14,/home/nabizadz/Projects/Mahsa/datasets/grid/test/s32/lgii3n.mpg,155,157,3.6795289516448975,0.9853241729347484
226,15,/home/nabizadz/Projects/Mahsa/datasets/grid/test/s32/lrbh9n.mpg,175,177,4.4532647132873535,0.9977587005445515
227,0,/home/nabizadz/Projects/Mahsa/datasets/grid/test/s32/lwwxza.mpg,97,99,4.122882843017578,0.9986641050562469
227,1,/home/nabizadz/Projects/Mahsa/datasets/grid/test/s32/lban3n.mpg,99,101,3.6273324489593506,0.9905991174314731
227,2,/home/nabizadz/Projects/Mahsa/datasets/grid/test/s32/lbwo3p.mpg,156,158,3.736273765563965,0.9759039965850385
227,3,/home/nabizadz/Projects/Mahsa/datasets/grid/test/s32/srwz3n.mpg,71,73,3.054619312286377,0.9998521890667469
227,4,/home/nabizadz/Projects/Mahsa/datasets/grid/test/s32/pwim6s.mpg,11,13,4.481338024139404,0.999519048565154
227,5,/home/nabizadz/Projects/Mahsa/datasets/grid/test/s32/sbby5p.mpg,137,139,3.3160593509674072,0.9963697970179375
227,6,/home/nabizadz/Projects/Mahsa/datasets/grid/test/s32/lbat7n.mpg,223,225,4.3082194328308105,0.9402326189563259
227,7,/home/nabizadz/Projects/Mahsa/datasets/grid/test/s32/pbaz8a.mpg,217,219,4.351271152496338,0.9588387919490521
227,8,/home/nabizadz/Projects/Mahsa/datasets/grid/test/s32/swbz8a.mpg,60,62,4.294087886810303,0.9981193358223022
227,9,/home/nabizadz/Projects/Mahsa/datasets/grid/test/s32/pwba6s.mpg,220,222,2.265388011932373,0.97885428294598
227,10,/home/nabizadz/Projects/Mahsa/datasets/grid/test/s32/lbig8a.mpg,261,263,4.435464382171631,0.9149134844977181
227,11,/home/nabizadz/Projects/Mahsa/datasets/grid/test/s32/prag2a.mpg,165,167,4.413094520568848,0.9989974175767027
227,12,/home/nabizadz/Projects/Mahsa/datasets/grid/test/s32/bwwk6s.mpg,181,183,3.7131009101867676,0.9741642728914889
227,13,/home/nabizadz/Projects/Mahsa/datasets/grid/test/s32/pbir7n.mpg,289,291,4.531426429748535,0.9982009157150076
227,14,/home/nabizadz/Projects/Mahsa/datasets/grid/test/s32/pwwh4s.mpg,250,252,4.421244144439697,0.9207837884735706
227,15,/home/nabizadz/Projects/Mahsa/datasets/grid/test/s32/sgas5p.mpg,34,36,4.405335426330566,0.9987722971741065
228,0,/home/nabizadz/Projects/Mahsa/datasets/grid/test/s32/pgbu3n.mpg,90,92,4.226888656616211,0.9980624369020272
228,1,/home/nabizadz/Projects/Mahsa/datasets/grid/test/s32/sgbm4s.mpg,258,260,4.545778751373291,0.9902929822161872
228,2,/home/nabizadz/Projects/Mahsa/datasets/grid/test/s32/lrau6a.mpg,185,187,4.416433811187744,0.997448079294026
228,3,/home/nabizadz/Projects/Mahsa/datasets/grid/test/s32/sbbr2a.mpg,176,178,4.16437292098999,0.9932169302943487
228,4,/home/nabizadz/Projects/Mahsa/datasets/grid/test/s32/prbt2s.mpg,275,277,4.372583389282227,0.9486883322624018
228,5,/home/nabizadz/Projects/Mahsa/datasets/grid/test/s32/sbwzza.mpg,77,79,2.598891496658325,0.9999013863391394
228,6,/home/nabizadz/Projects/Mahsa/datasets/grid/test/s32/lwwjzs.mpg,265,267,4.62005615234375,0.9939640558097981
228,7,/home/nabizadz/Projects/Mahsa/datasets/grid/test/s32/pbbm2s.mpg,161,163,4.30485200881958,0.9986508052387156
228,8,/home/nabizadz/Projects/Mahsa/datasets/grid/test/s32/sgal9n.mpg,79,81,3.430608034133911,0.9912325696587063
228,9,/home/nabizadz/Projects/Mahsa/datasets/grid/test/s32/srby9n.mpg,43,45,4.3899688720703125,0.9976796443993775
228,10,/home/nabizadz/Projects/Mahsa/datasets/grid/test/s32/sgbm6a.mpg,1,3,4.581386089324951,0.9998957268882197
228,11,/home/nabizadz/Projects/Mahsa/datasets/grid/test/s32/lbbn9p.mpg,180,182,4.240898609161377,0.9950996863389284
228,12,/home/nabizadz/Projects/Mahsa/datasets/grid/test/s32/pwim8a.mpg,136,138,4.26373815536499,0.997244059471142
228,13,/home/nabizadz/Projects/Mahsa/datasets/grid/test/s32/pgbb2s.mpg,244,246,4.526951789855957,0.9895551427561078
228,14,/home/nabizadz/Projects/Mahsa/datasets/grid/test/s32/lgwx4s.mpg,159,161,4.263105392456055,0.9999546850511316
228,15,/home/nabizadz/Projects/Mahsa/datasets/grid/test/s32/pgwvza.mpg,198,200,3.7580759525299072,0.9880741384736496
229,0,/home/nabizadz/Projects/Mahsa/datasets/grid/test/s32/bgikzs.mpg,122,124,4.266005516052246,0.9940197975796805
229,1,/home/nabizadz/Projects/Mahsa/datasets/grid/test/s32/lwio1n.mpg,108,110,4.181234836578369,0.9950160911519627
229,2,/home/nabizadz/Projects/Mahsa/datasets/grid/test/s32/pgbn9n.mpg,37,39,4.4623637199401855,0.9972990857288336
229,3,/home/nabizadz/Projects/Mahsa/datasets/grid/test/s32/lgbp7p.mpg,120,122,4.259188175201416,0.99993883874878
229,4,/home/nabizadz/Projects/Mahsa/datasets/grid/test/s32/lwav2a.mpg,143,145,3.9683473110198975,0.9857643493228736
229,5,/home/nabizadz/Projects/Mahsa/datasets/grid/test/s32/sray6s.mpg,10,12,4.466329574584961,0.980715706506443
229,6,/home/nabizadz/Projects/Mahsa/datasets/grid/test/s32/prbg5p.mpg,287,289,4.21215295791626,0.966365377817205
229,7,/home/nabizadz/Projects/Mahsa/datasets/grid/test/s32/brbj8a.mpg,125,127,3.992518663406372,0.9878536140566815
229,8,/home/nabizadz/Projects/Mahsa/datasets/grid/test/s32/lgbc7n.mpg,282,284,4.4379048347473145,0.9997481200084621
229,9,/home/nabizadz/Projects/Mahsa/datasets/grid/test/s32/pgbh7p.mpg,279,281,4.240109920501709,0.9196204357111734
229,10,/home/nabizadz/Projects/Mahsa/datasets/grid/test/s32/lbahzs.mpg,204,206,4.216304302215576,0.9938249592876307
229,11,/home/nabizadz/Projects/Mahsa/datasets/grid/test/s32/bwad5p.mpg,46,48,4.338204383850098,0.991938255735716
229,12,/home/nabizadz/Projects/Mahsa/datasets/grid/test/s32/lwwp3n.mpg,150,152,3.591017723083496,0.9891160261075721
229,13,/home/nabizadz/Projects/Mahsa/datasets/grid/test/s32/lgac3n.mpg,217,219,4.116131782531738,0.9047548831861936
229,14,/home/nabizadz/Projects/Mahsa/datasets/grid/test/s32/bwix4a.mpg,77,79,3.5205671787261963,0.9912594525332459
229,15,/home/nabizadz/Projects/Mahsa/datasets/grid/test/s32/bwij5p.mpg,117,119,4.343108654022217,0.9985434861830672
230,0,/home/nabizadz/Projects/Mahsa/datasets/grid/test/s32/pgbh8a.mpg,79,81,4.227348804473877,0.9990092594542969
230,1,/home/nabizadz/Projects/Mahsa/datasets/grid/test/s32/lgwq1p.mpg,120,122,3.530496120452881,0.9840692359002123
230,2,/home/nabizadz/Projects/Mahsa/datasets/grid/test/s32/swilzs.mpg,139,141,4.245235919952393,0.9972408180688583
230,3,/home/nabizadz/Projects/Mahsa/datasets/grid/test/s32/pbisza.mpg,194,196,4.123673439025879,0.991457079486902
230,4,/home/nabizadz/Projects/Mahsa/datasets/grid/test/s32/sgir9n.mpg,114,116,4.112497806549072,0.9889003127675324
230,5,/home/nabizadz/Projects/Mahsa/datasets/grid/test/s32/pwam9n.mpg,249,251,4.39231538772583,0.8894410016665141
230,6,/home/nabizadz/Projects/Mahsa/datasets/grid/test/s32/lgwd1n.mpg,18,20,4.395042419433594,0.9836171273901715
230,7,/home/nabizadz/Projects/Mahsa/datasets/grid/test/s32/sbak1n.mpg,254,256,4.295921325683594,0.9315651487921143
230,8,/home/nabizadz/Projects/Mahsa/datasets/grid/test/s32/bbwqza.mpg,159,161,3.4706249237060547,0.9779994092083517
230,9,/home/nabizadz/Projects/Mahsa/datasets/grid/test/s32/sgwt4a.mpg,31,33,4.513659477233887,0.9980668048890672
230,10,/home/nabizadz/Projects/Mahsa/datasets/grid/test/s32/lbin1p.mpg,152,154,4.202286720275879,0.9983235915214446
230,11,/home/nabizadz/Projects/Mahsa/datasets/grid/test/s32/bgak4s.mpg,204,206,4.525953769683838,0.9967794787515496
230,12,/home/nabizadz/Projects/Mahsa/datasets/grid/test/s32/srie1p.mpg,257,259,4.331666469573975,0.8838204014255451
230,13,/home/nabizadz/Projects/Mahsa/datasets/grid/test/s32/pwwn8s.mpg,180,182,4.416694164276123,0.9988055246653308
230,14,/home/nabizadz/Projects/Mahsa/datasets/grid/test/s32/sgaf8a.mpg,6,8,4.46396017074585,0.994749439017182
230,15,/home/nabizadz/Projects/Mahsa/datasets/grid/test/s32/lgwx3n.mpg,242,244,4.533310890197754,0.9932676164742265
231,0,/home/nabizadz/Projects/Mahsa/datasets/grid/test/s32/bbbi9n.mpg,226,228,4.553426742553711,0.9979412327108186
231,1,/home/nabizadz/Projects/Mahsa/datasets/grid/test/s32/sbad8s.mpg,265,267,4.572103023529053,0.9787063389082725
231,2,/home/nabizadz/Projects/Mahsa/datasets/grid/test/s32/pgan5n.mpg,277,279,4.331770896911621,0.966099256104412
231,3,/home/nabizadz/Projects/Mahsa/datasets/grid/test/s32/pwat3n.mpg,262,264,4.201142311096191,0.8831441145228249
231,4,/home/nabizadz/Projects/Mahsa/datasets/grid/test/s32/brwq6a.mpg,5,7,4.539159297943115,0.9928684795171019
231,5,/home/nabizadz/Projects/Mahsa/datasets/grid/test/s32/bwwrzs.mpg,8,10,4.350160598754883,0.9757182616930463
231,6,/home/nabizadz/Projects/Mahsa/datasets/grid/test/s32/srae3n.mpg,63,65,4.063864231109619,0.9967926380719121
231,7,/home/nabizadz/Projects/Mahsa/datasets/grid/test/s32/pbwm7p.mpg,217,219,4.548009872436523,0.9968264881038258
231,8,/home/nabizadz/Projects/Mahsa/datasets/grid/test/s32/bric6a.mpg,48,50,3.5998330116271973,0.995631092640881
231,9,/home/nabizadz/Projects/Mahsa/datasets/grid/test/s32/bbib8s.mpg,130,132,4.0896315574646,0.9824261689420638
231,10,/home/nabizadz/Projects/Mahsa/datasets/grid/test/s32/sgil8a.mpg,26,28,4.382615089416504,0.9975841061851166
231,11,/home/nabizadz/Projects/Mahsa/datasets/grid/test/s32/bbao9n.mpg,289,291,4.555201530456543,0.9906719718810897
231,12,/home/nabizadz/Projects/Mahsa/datasets/grid/test/s32/sbak4a.mpg,147,149,4.341875076293945,0.9995274899160631
231,13,/home/nabizadz/Projects/Mahsa/datasets/grid/test/s32/sgbs9p.mpg,124,126,4.043915748596191,0.9973674791831832
231,14,/home/nabizadz/Projects/Mahsa/datasets/grid/test/s32/lrwv2s.mpg,81,83,3.71797513961792,0.9888600975523137
231,15,/home/nabizadz/Projects/Mahsa/datasets/grid/test/s32/lbbu3p.mpg,161,163,4.253434181213379,0.9998658952046
232,0,/home/nabizadz/Projects/Mahsa/datasets/grid/test/s32/brbd3p.mpg,287,289,4.33721923828125,0.9715076614018329
232,1,/home/nabizadz/Projects/Mahsa/datasets/grid/test/s32/pwig4a.mpg,72,74,4.250965118408203,0.9995717060211794
232,2,/home/nabizadz/Projects/Mahsa/datasets/grid/test/s32/bwbd8s.mpg,102,104,3.853630781173706,0.9987165032718504
232,3,/home/nabizadz/Projects/Mahsa/datasets/grid/test/s32/bbio6s.mpg,61,63,3.1498677730560303,0.9737392839622854
232,4,/home/nabizadz/Projects/Mahsa/datasets/grid/test/s32/lwib5p.mpg,150,152,4.03000545501709,0.9954893781363549
232,5,/home/nabizadz/Projects/Mahsa/datasets/grid/test/s32/pbwg2s.mpg,221,223,4.421990394592285,0.9528896788536038
232,6,/home/nabizadz/Projects/Mahsa/datasets/grid/test/s32/swae9n.mpg,143,145,3.62069034576416,0.9919456296884238
232,7,/home/nabizadz/Projects/Mahsa/datasets/grid/test/s32/bwad4s.mpg,285,287,4.085202693939209,0.9534662801870321
232,8,/home/nabizadz/Projects/Mahsa/datasets/grid/test/s32/bbiv1p.mpg,41,43,4.343756198883057,0.9648925119239599
232,9,/home/nabizadz/Projects/Mahsa/datasets/grid/test/s32/pris5p.mpg,19,21,4.405916213989258,0.9966954170734272
232,10,/home/nabizadz/Projects/Mahsa/datasets/grid/test/s32/brbd1n.mpg,1,3,4.461531162261963,0.9988239064422181
232,11,/home/nabizadz/Projects/Mahsa/datasets/grid/test/s32/srws2a.mpg,134,136,3.6658833026885986,0.9874796760839372
232,12,/home/nabizadz/Projects/Mahsa/datasets/grid/test/s32/srwz6a.mpg,53,55,4.569527626037598,0.9840217670198876
232,13,/home/nabizadz/Projects/Mahsa/datasets/grid/test/s32/lgav6s.mpg,155,157,4.126149654388428,0.9989727891342752
232,14,/home/nabizadz/Projects/Mahsa/datasets/grid/test/s32/lwbc2s.mpg,260,262,4.303534030914307,0.9014628352127678
232,15,/home/nabizadz/Projects/Mahsa/datasets/grid/test/s32/bgwr7p.mpg,239,241,4.41895055770874,0.9981870451652239
233,0,/home/nabizadz/Projects/Mahsa/datasets/grid/test/s32/lwbv3n.mpg,114,116,3.8624489307403564,0.9900904955409662
233,1,/home/nabizadz/Projects/Mahsa/datasets/grid/test/s32/pbwg3p.mpg,183,185,4.20674991607666,0.9899473422727505
233,2,/home/nabizadz/Projects/Mahsa/datasets/grid/test/s32/swbz7p.mpg,211,213,4.348863124847412,0.9949383281508523
233,3,/home/nabizadz/Projects/Mahsa/datasets/grid/test/s32/swiy8s.mpg,202,204,4.407102108001709,0.9825461469949749
233,4,/home/nabizadz/Projects/Mahsa/datasets/grid/test/s32/brwkzs.mpg,46,48,4.349928855895996,0.9990411866289775
233,5,/home/nabizadz/Projects/Mahsa/datasets/grid/test/s32/pgia3n.mpg,42,44,4.353220462799072,0.9695782900177031
233,6,/home/nabizadz/Projects/Mahsa/datasets/grid/test/s32/bgwe8s.mpg,284,286,4.497325897216797,0.9854046033700771
233,7,/home/nabizadz/Projects/Mahsa/datasets/grid/test/s32/lbim9n.mpg,14,16,4.466889381408691,0.9783977295282046
233,8,/home/nabizadz/Projects/Mahsa/datasets/grid/test/s32/prbg3n.mpg,89,91,4.17909574508667,0.9997410806351861
233,9,/home/nabizadz/Projects/Mahsa/datasets/grid/test/s32/lbat9p.mpg,117,119,4.251298904418945,0.9979581209122425
233,10,/home/nabizadz/Projects/Mahsa/datasets/grid/test/s32/sray5n.mpg,69,71,3.6888999938964844,0.9935605027916041
233,11,/home/nabizadz/Projects/Mahsa/datasets/grid/test/s32/bgid6s.mpg,36,38,4.36710262298584,0.9693888056004087
233,12,/home/nabizadz/Projects/Mahsa/datasets/grid/test/s32/swwz9n.mpg,92,94,2.5176854133605957,0.9985489781524356
233,13,/home/nabizadz/Projects/Mahsa/datasets/grid/test/s32/lrbo3n.mpg,43,45,4.376378059387207,0.9893412917830039
233,14,/home/nabizadz/Projects/Mahsa/datasets/grid/test/s32/sriq9p.mpg,95,97,3.795071840286255,0.9941517110927562
233,15,/home/nabizadz/Projects/Mahsa/datasets/grid/test/s32/pbaz5n.mpg,127,129,4.458466053009033,0.9998434816322298
234,0,/home/nabizadz/Projects/Mahsa/datasets/grid/test/s32/srwf4a.mpg,210,212,4.433529376983643,0.9652129298366094
234,1,/home/nabizadz/Projects/Mahsa/datasets/grid/test/s32/lrau3n.mpg,19,21,4.122600555419922,0.9567020432089085
234,2,/home/nabizadz/Projects/Mahsa/datasets/grid/test/s32/lbbh6a.mpg,6,8,4.475426197052002,0.9983106141324838
234,3,/home/nabizadz/Projects/Mahsa/datasets/grid/test/s32/sriq8s.mpg,24,26,4.3758673667907715,0.9682284722130687
234,4,/home/nabizadz/Projects/Mahsa/datasets/grid/test/s32/prim2a.mpg,296,298,3.743920087814331,0.9921408053900332
234,5,/home/nabizadz/Projects/Mahsa/datasets/grid/test/s32/lwao5n.mpg,265,267,4.414242744445801,0.9131178447414362
234,6,/home/nabizadz/Projects/Mahsa/datasets/grid/test/s32/lbauza.mpg,79,81,4.017844200134277,0.999540448039284
234,7,/home/nabizadz/Projects/Mahsa/datasets/grid/test/s32/pgwo3n.mpg,135,137,4.301170349121094,0.9983266904245035
234,8,/home/nabizadz/Projects/Mahsa/datasets/grid/test/s32/lgwp9n.mpg,78,80,4.015509128570557,0.9977512603208022
234,9,/home/nabizadz/Projects/Mahsa/datasets/grid/test/s32/bgay2s.mpg,153,155,4.377037525177002,0.9976345298637003
234,10,/home/nabizadz/Projects/Mahsa/datasets/grid/test/s32/pgan7p.mpg,170,172,4.304162502288818,0.9979733661285433
234,11,/home/nabizadz/Projects/Mahsa/datasets/grid/test/s32/pbwm8a.mpg,94,96,3.668783664703369,0.9818102757120529
234,12,/home/nabizadz/Projects/Mahsa/datasets/grid/test/s32/sgaf5n.mpg,217,219,4.5144147872924805,0.9812334697222335
234,13,/home/nabizadz/Projects/Mahsa/datasets/grid/test/s32/srbfza.mpg,47,49,4.290468692779541,0.9724621017899034
234,14,/home/nabizadz/Projects/Mahsa/datasets/grid/test/s32/bwbx9n.mpg,129,131,4.417757511138916,0.9995593448485851
234,15,/home/nabizadz/Projects/Mahsa/datasets/grid/test/s32/lbwb5p.mpg,83,85,3.6319377422332764,0.9813253774068853
235,0,/home/nabizadz/Projects/Mahsa/datasets/grid/test/s32/lgbj3p.mpg,215,217,4.392173767089844,0.9967506771913248
235,1,/home/nabizadz/Projects/Mahsa/datasets/grid/test/s32/bgbr2s.mpg,171,173,3.6692590713500977,0.971368576209253
235,2,/home/nabizadz/Projects/Mahsa/datasets/grid/test/s32/lgai7n.mpg,8,10,4.505491733551025,0.9974847143153086
235,3,/home/nabizadz/Projects/Mahsa/datasets/grid/test/s32/pgauzs.mpg,133,135,3.7815115451812744,0.9886879181575925
235,4,/home/nabizadz/Projects/Mahsa/datasets/grid/test/s32/lrah8a.mpg,41,43,4.53235387802124,0.9956181332108788
235,5,/home/nabizadz/Projects/Mahsa/datasets/grid/test/s32/pbwaza.mpg,256,258,4.228618621826172,0.9124188349362521
235,6,/home/nabizadz/Projects/Mahsa/datasets/grid/test/s32/lbbu4a.mpg,43,45,4.3972487449646,0.9851400788578316
235,7,/home/nabizadz/Projects/Mahsa/datasets/grid/test/s32/brwd8a.mpg,187,189,4.167995929718018,0.9895097043590303
235,8,/home/nabizadz/Projects/Mahsa/datasets/grid/test/s32/prif6s.mpg,150,152,3.927394151687622,0.9987111085135296
235,9,/home/nabizadz/Projects/Mahsa/datasets/grid/test/s32/bwip8s.mpg,280,282,4.101462364196777,0.936651780337445
235,10,/home/nabizadz/Projects/Mahsa/datasets/grid/test/s32/swir5p.mpg,157,159,2.4430603981018066,0.9977361539371038
235,11,/home/nabizadz/Projects/Mahsa/datasets/grid/test/s32/srbe9p.mpg,274,276,4.219351291656494,0.9238666153750964
235,12,/home/nabizadz/Projects/Mahsa/datasets/grid/test/s32/lbig5n.mpg,160,162,3.8374035358428955,0.9953927012408174
235,13,/home/nabizadz/Projects/Mahsa/datasets/grid/test/s32/sbak3p.mpg,19,21,4.430502414703369,0.999822775515827
235,14,/home/nabizadz/Projects/Mahsa/datasets/grid/test/s32/lrwv4a.mpg,135,137,4.2990336418151855,0.9976059964639827
235,15,/home/nabizadz/Projects/Mahsa/datasets/grid/test/s32/sbbr1p.mpg,176,178,4.135290622711182,0.9888012948883016
236,0,/home/nabizadz/Projects/Mahsa/datasets/grid/test/s32/lwbc4a.mpg,190,192,4.2604899406433105,0.9952162768762965
236,1,/home/nabizadz/Projects/Mahsa/datasets/grid/test/s32/prwg9p.mpg,57,59,4.34450626373291,0.9517770043578482
236,2,/home/nabizadz/Projects/Mahsa/datasets/grid/test/s32/sbbrzs.mpg,158,160,3.7918143272399902,0.983198721428607
236,3,/home/nabizadz/Projects/Mahsa/datasets/grid/test/s32/lwwj2a.mpg,161,163,4.141941547393799,0.9941020962848939
236,4,/home/nabizadz/Projects/Mahsa/datasets/grid/test/s32/pwaa3p.mpg,76,78,4.331294059753418,0.9994730801839687
236,5,/home/nabizadz/Projects/Mahsa/datasets/grid/test/s32/pgaa9p.mpg,292,294,4.365355491638184,0.9792350267623324
236,6,/home/nabizadz/Projects/Mahsa/datasets/grid/test/s32/lrau4s.mpg,5,7,4.474081516265869,0.999999719198956
236,7,/home/nabizadz/Projects/Mahsa/datasets/grid/test/s32/sbij9p.mpg,282,284,4.3261823654174805,0.9551782622768721
236,8,/home/nabizadz/Projects/Mahsa/datasets/grid/test/s32/pwan1p.mpg,257,259,4.3424201011657715,0.8896840867926622
236,9,/home/nabizadz/Projects/Mahsa/datasets/grid/test/s32/lwwj1p.mpg,153,155,4.263790607452393,0.9963716120343991
236,10,/home/nabizadz/Projects/Mahsa/datasets/grid/test/s32/prim1p.mpg,28,30,4.508671283721924,0.9979960906154612
236,11,/home/nabizadz/Projects/Mahsa/datasets/grid/test/s32/pbbs6s.mpg,14,16,4.565977573394775,0.9965750246922584
236,12,/home/nabizadz/Projects/Mahsa/datasets/grid/test/s32/pbaf6a.mpg,171,173,4.146491050720215,0.9933834854280623
236,13,/home/nabizadz/Projects/Mahsa/datasets/grid/test/s32/pgit8a.mpg,186,188,4.285482883453369,0.9962564428128625
236,14,/home/nabizadz/Projects/Mahsa/datasets/grid/test/s32/prwhza.mpg,246,248,4.528628349304199,0.9908170215602057
236,15,/home/nabizadz/Projects/Mahsa/datasets/grid/test/s32/srae5p.mpg,83,85,3.757737398147583,0.9933012867529971
237,0,/home/nabizadz/Projects/Mahsa/datasets/grid/test/s32/lrwv3p.mpg,7,9,4.598748207092285,0.9960345578225457
237,1,/home/nabizadz/Projects/Mahsa/datasets/grid/test/s32/bwad3n.mpg,46,48,4.200775623321533,0.9550532606747589
237,2,/home/nabizadz/Projects/Mahsa/datasets/grid/test/s32/bgwz1p.mpg,54,56,3.8486430644989014,0.9946260930162153
237,3,/home/nabizadz/Projects/Mahsa/datasets/grid/test/s32/sbby6a.mpg,222,224,4.38127326965332,0.9648787567711079
237,4,/home/nabizadz/Projects/Mahsa/datasets/grid/test/s32/lgwx5p.mpg,222,224,4.141651153564453,0.9229404455593109
237,5,/home/nabizadz/Projects/Mahsa/datasets/grid/test/s32/lwwc8a.mpg,175,177,3.9024291038513184,0.9792432526899517
237,6,/home/nabizadz/Projects/Mahsa/datasets/grid/test/s32/lrbb6s.mpg,174,176,4.338016986846924,0.9982728638797334
237,7,/home/nabizadz/Projects/Mahsa/datasets/grid/test/s32/prwn1n.mpg,184,186,4.372028827667236,0.995287917937783
237,8,/home/nabizadz/Projects/Mahsa/datasets/grid/test/s32/srak7n.mpg,240,242,4.3297929763793945,0.9079342904079581
237,9,/home/nabizadz/Projects/Mahsa/datasets/grid/test/s32/pbbs7p.mpg,267,269,4.167189598083496,0.9004552070970852
237,10,/home/nabizadz/Projects/Mahsa/datasets/grid/test/s32/bgarza.mpg,88,90,3.7815306186676025,0.9906550944841634
237,11,/home/nabizadz/Projects/Mahsa/datasets/grid/test/s32/briv6s.mpg,260,262,4.362900257110596,0.8543021945430541
237,12,/home/nabizadz/Projects/Mahsa/datasets/grid/test/s32/srbr5n.mpg,123,125,4.302775859832764,0.9995953769573038
237,13,/home/nabizadz/Projects/Mahsa/datasets/grid/test/s32/lrbi1p.mpg,262,264,4.357530117034912,0.9345754213785213
237,14,/home/nabizadz/Projects/Mahsa/datasets/grid/test/s32/lgiczs.mpg,155,157,3.9448184967041016,0.9940663105349548
237,15,/home/nabizadz/Projects/Mahsa/datasets/grid/test/s32/swaf2a.mpg,17,19,4.480470657348633,0.9975868815771904
238,0,/home/nabizadz/Projects/Mahsa/datasets/grid/test/s32/bbib7n.mpg,270,272,4.372155666351318,0.9331183561742736
238,1,/home/nabizadz/Projects/Mahsa/datasets/grid/test/s32/sbij8s.mpg,204,206,4.570204734802246,0.9963024069933334
238,2,/home/nabizadz/Projects/Mahsa/datasets/grid/test/s32/lrbo5p.mpg,244,246,4.51950216293335,0.93620664510715
238,3,/home/nabizadz/Projects/Mahsa/datasets/grid/test/s32/lwwc6s.mpg,270,272,4.533060073852539,0.9666497167563705
238,4,/home/nabizadz/Projects/Mahsa/datasets/grid/test/s32/pwanzs.mpg,180,182,4.00190544128418,0.9798289390770927
238,5,/home/nabizadz/Projects/Mahsa/datasets/grid/test/s32/pwim7p.mpg,190,192,4.351709842681885,0.9981655244688721
238,6,/home/nabizadz/Projects/Mahsa/datasets/grid/test/s32/sbwy9p.mpg,255,257,4.328547954559326,0.9400144337276851
238,7,/home/nabizadz/Projects/Mahsa/datasets/grid/test/s32/prwa3n.mpg,90,92,3.9749255180358887,0.992685371454025
238,8,/home/nabizadz/Projects/Mahsa/datasets/grid/test/s32/sbwy7n.mpg,287,289,4.385448932647705,0.9855867100015836
238,9,/home/nabizadz/Projects/Mahsa/datasets/grid/test/s32/prwt5n.mpg,1,3,4.449644565582275,0.9978441884476337
238,10,/home/nabizadz/Projects/Mahsa/datasets/grid/test/s32/swie8a.mpg,37,39,3.6332809925079346,0.996366308046661
238,11,/home/nabizadz/Projects/Mahsa/datasets/grid/test/s32/pbas2s.mpg,282,284,4.1953125,0.9500707160851712
238,12,/home/nabizadz/Projects/Mahsa/datasets/grid/test/s32/lbwo1n.mpg,193,195,4.393303394317627,0.9916929694983859
238,13,/home/nabizadz/Projects/Mahsa/datasets/grid/test/s32/bwax7p.mpg,24,26,4.527409076690674,0.999793218466961
238,14,/home/nabizadz/Projects/Mahsa/datasets/grid/test/s32/lriu1p.mpg,286,288,4.254321098327637,0.958495326581708
238,15,/home/nabizadz/Projects/Mahsa/datasets/grid/test/s32/bwix1n.mpg,150,152,2.3460583686828613,0.9909425231296222
239,0,/home/nabizadz/Projects/Mahsa/datasets/grid/test/s32/bgid7p.mpg,221,223,4.3972578048706055,0.9403862691024227
239,1,/home/nabizadz/Projects/Mahsa/datasets/grid/test/s32/lwav1p.mpg,3,5,4.398959159851074,0.9980746702234282
239,2,/home/nabizadz/Projects/Mahsa/datasets/grid/test/s32/lgac6a.mpg,46,48,4.078434944152832,0.9416098114945652
239,3,/home/nabizadz/Projects/Mahsa/datasets/grid/test/s32/srwz5p.mpg,147,149,3.3654773235321045,0.9919946581415064
239,4,/home/nabizadz/Projects/Mahsa/datasets/grid/test/s32/sbwr4s.mpg,19,21,4.3542327880859375,0.997746359260419
239,5,/home/nabizadz/Projects/Mahsa/datasets/grid/test/s32/sgwa2a.mpg,21,23,4.257030010223389,0.991365266263826
239,6,/home/nabizadz/Projects/Mahsa/datasets/grid/test/s32/swwm3p.mpg,41,43,4.475522994995117,0.9952541522889484
239,7,/home/nabizadz/Projects/Mahsa/datasets/grid/test/s32/swal4s.mpg,213,215,4.424749374389648,0.9656639561585542
239,8,/home/nabizadz/Projects/Mahsa/datasets/grid/test/s32/sbak2s.mpg,187,189,4.362066745758057,0.9971736873124843
239,9,/home/nabizadz/Projects/Mahsa/datasets/grid/test/s32/sgwt1n.mpg,69,71,3.6427712440490723,0.9983899914578165
239,10,/home/nabizadz/Projects/Mahsa/datasets/grid/test/s32/sbad7n.mpg,55,57,4.316298961639404,0.9959456963327459
239,11,/home/nabizadz/Projects/Mahsa/datasets/grid/test/s32/pwba5n.mpg,126,128,4.190228462219238,0.997043531121804
239,12,/home/nabizadz/Projects/Mahsa/datasets/grid/test/s32/sgiszs.mpg,64,66,4.315194606781006,0.9973600473982401
239,13,/home/nabizadz/Projects/Mahsa/datasets/grid/test/s32/lwbi7p.mpg,172,174,4.4692487716674805,0.9996976317865474
239,14,/home/nabizadz/Projects/Mahsa/datasets/grid/test/s32/prwt8a.mpg,121,123,3.481508493423462,0.9702323971456874
239,15,/home/nabizadz/Projects/Mahsa/datasets/grid/test/s32/lwib3n.mpg,296,298,4.497481346130371,0.9983008915774951
240,0,/home/nabizadz/Projects/Mahsa/datasets/grid/test/s32/pbbm4a.mpg,241,243,4.236771106719971,0.9163548830758261
240,1,/home/nabizadz/Projects/Mahsa/datasets/grid/test/s32/lwwi9n.mpg,72,74,3.496591091156006,0.9924857257427977
240,2,/home/nabizadz/Projects/Mahsa/datasets/grid/test/s32/lgac4s.mpg,63,65,3.9291586875915527,0.9988837437343598
240,3,/home/nabizadz/Projects/Mahsa/datasets/grid/test/s32/lgio7n.mpg,144,146,4.070868968963623,0.9962248241384983
240,4,/home/nabizadz/Projects/Mahsa/datasets/grid/test/s32/lwio3p.mpg,59,61,3.5219614505767822,0.9862528037973328
240,5,/home/nabizadz/Projects/Mahsa/datasets/grid/test/s32/pbwg1n.mpg,174,176,4.348840236663818,0.9852370553068381
240,6,/home/nabizadz/Projects/Mahsa/datasets/grid/test/s32/bbai6s.mpg,236,238,4.353426933288574,0.8803540607353468
240,7,/home/nabizadz/Projects/Mahsa/datasets/grid/test/s32/bwbq8a.mpg,193,195,4.307490825653076,0.9768858691321161
240,8,/home/nabizadz/Projects/Mahsa/datasets/grid/test/s32/brip1n.mpg,106,108,4.135837078094482,0.9948550348275309
240,9,/home/nabizadz/Projects/Mahsa/datasets/grid/test/s32/sbbq9n.mpg,54,56,4.305276870727539,0.9976648498448835
240,10,/home/nabizadz/Projects/Mahsa/datasets/grid/test/s32/praf9n.mpg,143,145,3.638286590576172,0.9913050724771928
240,11,/home/nabizadz/Projects/Mahsa/datasets/grid/test/s32/bwbyzs.mpg,126,128,2.341250419616699,0.9898902418060481
240,12,/home/nabizadz/Projects/Mahsa/datasets/grid/test/s32/bgbe3n.mpg,116,118,3.6282544136047363,0.989216812028138
240,13,/home/nabizadz/Projects/Mahsa/datasets/grid/test/s32/bbbp6a.mpg,247,249,4.328174591064453,0.8903011081246429
240,14,/home/nabizadz/Projects/Mahsa/datasets/grid/test/s32/pbil3n.mpg,190,192,4.516763210296631,0.9763240294747477
240,15,/home/nabizadz/Projects/Mahsa/datasets/grid/test/s32/srbr7p.mpg,71,73,4.210345268249512,0.9944643869968052
241,0,/home/nabizadz/Projects/Mahsa/datasets/grid/test/s32/sbax9n.mpg,36,38,4.52273416519165,0.9999999999999979
241,1,/home/nabizadz/Projects/Mahsa/datasets/grid/test/s32/lrbo6a.mpg,236,238,4.489189147949219,0.9723939314795677
241,2,/home/nabizadz/Projects/Mahsa/datasets/grid/test/s32/sbix5n.mpg,119,121,4.395864486694336,0.9997832653372964
241,3,/home/nabizadz/Projects/Mahsa/datasets/grid/test/s32/swws6s.mpg,238,240,4.345649719238281,0.9063241989287587
241,4,/home/nabizadz/Projects/Mahsa/datasets/grid/test/s32/pwitzs.mpg,28,30,4.326174259185791,0.9688729329305495
241,5,/home/nabizadz/Projects/Mahsa/datasets/grid/test/s32/pgbozs.mpg,21,23,4.260855197906494,0.9914730175396056
241,6,/home/nabizadz/Projects/Mahsa/datasets/grid/test/s32/lwwp4s.mpg,142,144,4.316629886627197,0.9988302890259366
241,7,/home/nabizadz/Projects/Mahsa/datasets/grid/test/s32/swaz4a.mpg,227,229,4.413939476013184,0.9720688696223098
241,8,/home/nabizadz/Projects/Mahsa/datasets/grid/test/s32/sbwe7p.mpg,102,104,4.071109771728516,0.9966290798184634
241,9,/home/nabizadz/Projects/Mahsa/datasets/grid/test/s32/pbiz3p.mpg,24,26,4.380795001983643,0.9916107348644737
241,10,/home/nabizadz/Projects/Mahsa/datasets/grid/test/s32/bwix3p.mpg,91,93,4.146464824676514,0.9977049277226911
241,11,/home/nabizadz/Projects/Mahsa/datasets/grid/test/s32/srwl5n.mpg,207,209,4.415063858032227,0.9834696948092188
241,12,/home/nabizadz/Projects/Mahsa/datasets/grid/test/s32/lrah5n.mpg,36,38,4.2312092781066895,0.9852418956588713
241,13,/home/nabizadz/Projects/Mahsa/datasets/grid/test/s32/bgak3n.mpg,263,265,4.23041296005249,0.9309363741378714
241,14,/home/nabizadz/Projects/Mahsa/datasets/grid/test/s32/sbbe1n.mpg,129,131,2.9106149673461914,0.9899333725154483
241,15,/home/nabizadz/Projects/Mahsa/datasets/grid/test/s32/pbil4s.mpg,287,289,4.423349380493164,0.9852789801867594
242,0,/home/nabizadz/Projects/Mahsa/datasets/grid/test/s32/bbii4a.mpg,122,124,4.118778705596924,0.9958385407738746
242,1,/home/nabizadz/Projects/Mahsa/datasets/grid/test/s32/bgwl1n.mpg,216,218,4.324069499969482,0.9644090802785144
242,2,/home/nabizadz/Projects/Mahsa/datasets/grid/test/s32/sgif4a.mpg,277,279,4.407998561859131,0.9664413547650318
242,3,/home/nabizadz/Projects/Mahsa/datasets/grid/test/s32/bgbr1n.mpg,282,284,4.419022560119629,0.9754344527584229
242,4,/home/nabizadz/Projects/Mahsa/datasets/grid/test/s32/swwf7n.mpg,288,290,4.344176292419434,0.981149934630178
242,5,/home/nabizadz/Projects/Mahsa/datasets/grid/test/s32/bbwj6a.mpg,138,140,4.530118465423584,0.9997795092743479
242,6,/home/nabizadz/Projects/Mahsa/datasets/grid/test/s32/lbboza.mpg,123,125,4.313150882720947,0.9995780594182961
242,7,/home/nabizadz/Projects/Mahsa/datasets/grid/test/s32/bgwzzs.mpg,233,235,4.396790981292725,0.946542215353068
242,8,/home/nabizadz/Projects/Mahsa/datasets/grid/test/s32/bgwl4a.mpg,141,143,4.012570858001709,0.9952370626466938
242,9,/home/nabizadz/Projects/Mahsa/datasets/grid/test/s32/srwz4s.mpg,254,256,4.431726455688477,0.9141643696970366
242,10,/home/nabizadz/Projects/Mahsa/datasets/grid/test/s32/pgwizs.mpg,9,11,4.466342449188232,0.9737081090301061
242,11,/home/nabizadz/Projects/Mahsa/datasets/grid/test/s32/pwiaza.mpg,169,171,4.130094528198242,0.9913674923370653
242,12,/home/nabizadz/Projects/Mahsa/datasets/grid/test/s32/sgiz6a.mpg,131,133,4.346245765686035,0.9997375278128777
242,13,/home/nabizadz/Projects/Mahsa/datasets/grid/test/s32/srwf1n.mpg,139,141,4.227490425109863,0.99698143192081
242,14,/home/nabizadz/Projects/Mahsa/datasets/grid/test/s32/pwit1p.mpg,28,30,4.415587425231934,0.9871716283214106
242,15,/home/nabizadz/Projects/Mahsa/datasets/grid/test/s32/sgbs8s.mpg,257,259,4.31536340713501,0.8932038279174958
243,0,/home/nabizadz/Projects/Mahsa/datasets/grid/test/s32/pwag7p.mpg,94,96,4.1039533615112305,0.9999581671445809
243,1,/home/nabizadz/Projects/Mahsa/datasets/grid/test/s32/bgwe9p.mpg,201,203,4.49022912979126,0.9933386707229791
243,2,/home/nabizadz/Projects/Mahsa/datasets/grid/test/s32/lbit5p.mpg,262,264,4.451455116271973,0.9411232090708492
243,3,/home/nabizadz/Projects/Mahsa/datasets/grid/test/s32/lrwc1p.mpg,267,269,4.568159580230713,0.9728873474041634
243,4,/home/nabizadz/Projects/Mahsa/datasets/grid/test/s32/bbac1n.mpg,102,104,3.8089969158172607,0.9875265858696746
243,5,/home/nabizadz/Projects/Mahsa/datasets/grid/test/s32/lrbu7n.mpg,284,286,4.392592430114746,0.9642765300665841
243,6,/home/nabizadz/Projects/Mahsa/datasets/grid/test/s32/srik6a.mpg,185,187,2.027019739151001,0.9965635189669043
243,7,/home/nabizadz/Projects/Mahsa/datasets/grid/test/s32/sgwnza.mpg,258,260,4.35602331161499,0.9339852653942984
243,8,/home/nabizadz/Projects/Mahsa/datasets/grid/test/s32/lwbi8a.mpg,282,284,4.447396278381348,0.9826630270796444
243,9,/home/nabizadz/Projects/Mahsa/datasets/grid/test/s32/bwbd7n.mpg,76,78,3.6078052520751953,0.9907275912647884
243,10,/home/nabizadz/Projects/Mahsa/datasets/grid/test/s32/lgwj6s.mpg,291,293,4.54180908203125,0.9985848006980824
243,11,/home/nabizadz/Projects/Mahsa/datasets/grid/test/s32/pbaz7p.mpg,179,181,3.8071370124816895,0.9832128280581942
243,12,/home/nabizadz/Projects/Mahsa/datasets/grid/test/s32/bgbk9p.mpg,197,199,4.199155807495117,0.990601555738068
243,13,/home/nabizadz/Projects/Mahsa/datasets/grid/test/s32/pras9p.mpg,255,257,3.8978984355926514,0.8889224589150945
243,14,/home/nabizadz/Projects/Mahsa/datasets/grid/test/s32/pbil5p.mpg,42,44,4.381106853485107,0.9942335345860989
243,15,/home/nabizadz/Projects/Mahsa/datasets/grid/test/s32/prwt6s.mpg,279,281,4.44405460357666,0.9783202991580617
244,0,/home/nabizadz/Projects/Mahsa/datasets/grid/test/s32/srbl4a.mpg,230,232,4.575254917144775,0.9946004484833588
244,1,/home/nabizadz/Projects/Mahsa/datasets/grid/test/s32/brbd4a.mpg,31,33,4.406599998474121,0.9944968297720833
244,2,/home/nabizadz/Projects/Mahsa/datasets/grid/test/s32/lrit9n.mpg,131,133,2.264770984649658,0.9904727122777045
244,3,/home/nabizadz/Projects/Mahsa/datasets/grid/test/s32/bbbc5n.mpg,107,109,4.185059547424316,0.9986292609348637
244,4,/home/nabizadz/Projects/Mahsa/datasets/grid/test/s32/braj1n.mpg,215,217,4.338851451873779,0.9748655767480909
244,5,/home/nabizadz/Projects/Mahsa/datasets/grid/test/s32/lrab2s.mpg,110,112,3.543886423110962,0.9830283739653506
244,6,/home/nabizadz/Projects/Mahsa/datasets/grid/test/s32/brbq2a.mpg,9,11,4.476956367492676,0.9960975786481735
244,7,/home/nabizadz/Projects/Mahsa/datasets/grid/test/s32/lgai9p.mpg,159,161,4.2809247970581055,0.9986614398926554
244,8,/home/nabizadz/Projects/Mahsa/datasets/grid/test/s32/lbinzs.mpg,141,143,4.010563373565674,0.9959028516147254
244,9,/home/nabizadz/Projects/Mahsa/datasets/grid/test/s32/pbas4a.mpg,0,2,4.599117279052734,0.9999995713265478
244,10,/home/nabizadz/Projects/Mahsa/datasets/grid/test/s32/bbwj5p.mpg,154,156,4.166707992553711,0.9959168611076521
244,11,/home/nabizadz/Projects/Mahsa/datasets/grid/test/s32/bgaq8s.mpg,295,297,4.176845550537109,0.9919928602384122
244,12,/home/nabizadz/Projects/Mahsa/datasets/grid/test/s32/swiy7n.mpg,34,36,4.394986629486084,0.995577119968118
244,13,/home/nabizadz/Projects/Mahsa/datasets/grid/test/s32/bbbp5p.mpg,71,73,3.7617714405059814,0.9906993085665395
244,14,/home/nabizadz/Projects/Mahsa/datasets/grid/test/s32/sbwy8s.mpg,226,228,4.367428302764893,0.9452186702567895
244,15,/home/nabizadz/Projects/Mahsa/datasets/grid/test/s32/brip4a.mpg,51,53,4.381641864776611,0.9757978517070026
245,0,/home/nabizadz/Projects/Mahsa/datasets/grid/test/s32/bbwx3p.mpg,66,68,3.560826063156128,0.9916122809675119
245,1,/home/nabizadz/Projects/Mahsa/datasets/grid/test/s32/bbbc6s.mpg,142,144,4.364330291748047,0.9992293231664909
245,2,/home/nabizadz/Projects/Mahsa/datasets/grid/test/s32/lbaa6s.mpg,280,282,4.388139247894287,0.9707816841043555
245,3,/home/nabizadz/Projects/Mahsa/datasets/grid/test/s32/lwbo9n.mpg,259,261,4.427430152893066,0.9899293650073473
245,4,/home/nabizadz/Projects/Mahsa/datasets/grid/test/s32/lwai2s.mpg,31,33,4.388503551483154,0.9864966080270436
245,5,/home/nabizadz/Projects/Mahsa/datasets/grid/test/s32/brap5n.mpg,91,93,4.151298522949219,0.9982687735044138
245,6,/home/nabizadz/Projects/Mahsa/datasets/grid/test/s32/sgamzs.mpg,270,272,4.407979488372803,0.9999996931393409
245,7,/home/nabizadz/Projects/Mahsa/datasets/grid/test/s32/lwai3p.mpg,238,240,4.292051792144775,0.8746441699867465
245,8,/home/nabizadz/Projects/Mahsa/datasets/grid/test/s32/srwf2s.mpg,220,222,4.388657569885254,0.9764493429389467
245,9,/home/nabizadz/Projects/Mahsa/datasets/grid/test/s32/brap8a.mpg,67,69,3.629965305328369,0.9955704445194898
245,10,/home/nabizadz/Projects/Mahsa/datasets/grid/test/s32/sbwlzs.mpg,274,276,4.473908424377441,0.9808794060149869
245,11,/home/nabizadz/Projects/Mahsa/datasets/grid/test/s32/bwid1p.mpg,70,72,3.6676602363586426,0.9928525053101879
245,12,/home/nabizadz/Projects/Mahsa/datasets/grid/test/s32/pgwu7n.mpg,143,145,3.979869842529297,0.997783728846605
245,13,/home/nabizadz/Projects/Mahsa/datasets/grid/test/s32/pbbf7n.mpg,198,200,4.330512046813965,0.9980390247184224
245,14,/home/nabizadz/Projects/Mahsa/datasets/grid/test/s32/bgbk7n.mpg,200,202,4.2617316246032715,0.996911422186722
245,15,/home/nabizadz/Projects/Mahsa/datasets/grid/test/s32/sgbs7n.mpg,164,166,3.594783306121826,0.9849148509154401
246,0,/home/nabizadz/Projects/Mahsa/datasets/grid/test/s32/bbwp8s.mpg,207,209,2.3451712131500244,0.980509263488752
246,1,/home/nabizadz/Projects/Mahsa/datasets/grid/test/s32/srar2s.mpg,0,2,4.628322601318359,0.9993923948608462
246,2,/home/nabizadz/Projects/Mahsa/datasets/grid/test/s32/lrin7p.mpg,208,210,4.316605567932129,0.9729783542195347
246,3,/home/nabizadz/Projects/Mahsa/datasets/grid/test/s32/pgau2a.mpg,194,196,4.242027759552002,0.9675209418017332
246,4,/home/nabizadz/Projects/Mahsa/datasets/grid/test/s32/bgbr3p.mpg,196,198,4.40082311630249,0.9941557245260807
246,5,/home/nabizadz/Projects/Mahsa/datasets/grid/test/s32/prwa4s.mpg,104,106,4.119267463684082,0.9981491962745641
246,6,/home/nabizadz/Projects/Mahsa/datasets/grid/test/s32/bgiq3n.mpg,28,30,4.351272106170654,0.9823809296162632
246,7,/home/nabizadz/Projects/Mahsa/datasets/grid/test/s32/lwai4a.mpg,52,54,4.291292667388916,0.9997601440415852
246,8,/home/nabizadz/Projects/Mahsa/datasets/grid/test/s32/pbbs5n.mpg,125,127,3.9094126224517822,0.9932604760745112
246,9,/home/nabizadz/Projects/Mahsa/datasets/grid/test/s32/bbav5p.mpg,101,103,3.632037401199341,0.9938852976353619
246,10,/home/nabizadz/Projects/Mahsa/datasets/grid/test/s32/lgav7p.mpg,269,271,4.39231014251709,0.9354258122551755
246,11,/home/nabizadz/Projects/Mahsa/datasets/grid/test/s32/brbq1p.mpg,146,148,3.6617848873138428,0.989452649601045
246,12,/home/nabizadz/Projects/Mahsa/datasets/grid/test/s32/lgwd4a.mpg,270,272,4.516292095184326,0.9659404493961038
246,13,/home/nabizadz/Projects/Mahsa/datasets/grid/test/s32/bwbq6s.mpg,127,129,4.362681865692139,0.9990362317092234
246,14,/home/nabizadz/Projects/Mahsa/datasets/grid/test/s32/bbio5n.mpg,283,285,4.405680179595947,0.9762527490828359
246,15,/home/nabizadz/Projects/Mahsa/datasets/grid/test/s32/bbap1p.mpg,284,286,4.503584384918213,0.9688599056645792
247,0,/home/nabizadz/Projects/Mahsa/datasets/grid/test/s32/pbir9p.mpg,173,175,2.5069539546966553,0.9751746755948107
247,1,/home/nabizadz/Projects/Mahsa/datasets/grid/test/s32/bbiu9n.mpg,26,28,4.340769290924072,0.9970247897766974
247,2,/home/nabizadz/Projects/Mahsa/datasets/grid/test/s32/pbwt2a.mpg,248,250,4.184709072113037,0.9268371921553423
247,3,/home/nabizadz/Projects/Mahsa/datasets/grid/test/s32/brax2a.mpg,156,158,2.223346471786499,0.9978548069161516
247,4,/home/nabizadz/Projects/Mahsa/datasets/grid/test/s32/swwgza.mpg,268,270,4.364673614501953,0.9319787411466328
247,5,/home/nabizadz/Projects/Mahsa/datasets/grid/test/s32/pgit6s.mpg,97,99,3.6026761531829834,0.9945358292522537
247,6,/home/nabizadz/Projects/Mahsa/datasets/grid/test/s32/lbia4a.mpg,198,200,4.378055572509766,0.9780009892375527
247,7,/home/nabizadz/Projects/Mahsa/datasets/grid/test/s32/pris3n.mpg,254,256,4.441442489624023,0.995289177893436
247,8,/home/nabizadz/Projects/Mahsa/datasets/grid/test/s32/bbii3p.mpg,105,107,4.142500877380371,0.99870691107959
247,9,/home/nabizadz/Projects/Mahsa/datasets/grid/test/s32/sriy3p.mpg,229,231,4.295358657836914,0.8847672936567578
247,10,/home/nabizadz/Projects/Mahsa/datasets/grid/test/s32/pwwb1p.mpg,89,91,3.641777515411377,0.9913508666624745
247,11,/home/nabizadz/Projects/Mahsa/datasets/grid/test/s32/bgix7n.mpg,127,129,4.422143936157227,0.9995724067510103
247,12,/home/nabizadz/Projects/Mahsa/datasets/grid/test/s32/lgbc9p.mpg,179,181,4.360989093780518,0.9966497027169259
247,13,/home/nabizadz/Projects/Mahsa/datasets/grid/test/s32/pwwu4a.mpg,26,28,4.407173156738281,0.978285383180571
247,14,/home/nabizadz/Projects/Mahsa/datasets/grid/test/s32/lgbj2s.mpg,227,229,4.161839008331299,0.917970959785441
247,15,/home/nabizadz/Projects/Mahsa/datasets/grid/test/s32/sbbk7p.mpg,264,266,4.585491180419922,0.9920224134169848
248,0,/home/nabizadz/Projects/Mahsa/datasets/grid/test/s32/brwx7n.mpg,136,138,4.378350734710693,0.999730930742632
248,1,/home/nabizadz/Projects/Mahsa/datasets/grid/test/s32/lgbj4a.mpg,194,196,4.4100141525268555,0.9916788699946893
248,2,/home/nabizadz/Projects/Mahsa/datasets/grid/test/s32/sriy4a.mpg,122,124,4.295921325683594,0.9979377768491782
248,3,/home/nabizadz/Projects/Mahsa/datasets/grid/test/s32/pwwu2s.mpg,86,88,3.7166922092437744,0.9953643381926368
248,4,/home/nabizadz/Projects/Mahsa/datasets/grid/test/s32/swwm2s.mpg,242,244,4.399806499481201,0.9605572962340552
248,5,/home/nabizadz/Projects/Mahsa/datasets/grid/test/s32/pbwt1p.mpg,43,45,4.205292224884033,0.9962976916572757
248,6,/home/nabizadz/Projects/Mahsa/datasets/grid/test/s32/pgwo5p.mpg,95,97,3.7216668128967285,0.9912189044828146
248,7,/home/nabizadz/Projects/Mahsa/datasets/grid/test/s32/lrbu8s.mpg,58,60,2.3531079292297363,0.997768856187385
248,8,/home/nabizadz/Projects/Mahsa/datasets/grid/test/s32/sbwl1p.mpg,289,291,4.171387672424316,0.9712238910118047
248,9,/home/nabizadz/Projects/Mahsa/datasets/grid/test/s32/lwib4s.mpg,227,229,4.560100078582764,0.9941043729235984
248,10,/home/nabizadz/Projects/Mahsa/datasets/grid/test/s32/bwakza.mpg,217,219,4.512758731842041,0.9947433561009016
248,11,/home/nabizadz/Projects/Mahsa/datasets/grid/test/s32/pgbo2a.mpg,35,37,4.438830852508545,0.9953881100310017
248,12,/home/nabizadz/Projects/Mahsa/datasets/grid/test/s32/sbid6a.mpg,173,175,4.085230350494385,0.9947972325155982
248,13,/home/nabizadz/Projects/Mahsa/datasets/grid/test/s32/lgii6a.mpg,263,265,4.288834095001221,0.8929053971664225
248,14,/home/nabizadz/Projects/Mahsa/datasets/grid/test/s32/sriy1n.mpg,217,219,4.414941787719727,0.922138345767762
248,15,/home/nabizadz/Projects/Mahsa/datasets/grid/test/s32/swbf6a.mpg,234,236,4.190661907196045,0.8827498219980026
249,0,/home/nabizadz/Projects/Mahsa/datasets/grid/test/s32/sbwe8a.mpg,144,146,3.712097406387329,0.988196986041059
249,1,/home/nabizadz/Projects/Mahsa/datasets/grid/test/s32/srwl7p.mpg,221,223,4.320374965667725,0.9239485171045418
249,2,/home/nabizadz/Projects/Mahsa/datasets/grid/test/s32/bbac4a.mpg,16,18,4.362671375274658,0.9616211234924043
249,3,/home/nabizadz/Projects/Mahsa/datasets/grid/test/s32/lbag9n.mpg,65,67,3.40920090675354,0.9941358161879733
249,4,/home/nabizadz/Projects/Mahsa/datasets/grid/test/s32/srbz1p.mpg,110,112,4.030575275421143,0.996081590219696
249,5,/home/nabizadz/Projects/Mahsa/datasets/grid/test/s32/lbit4s.mpg,99,101,4.016044616699219,0.9984057167052719
249,6,/home/nabizadz/Projects/Mahsa/datasets/grid/test/s32/pbif1p.mpg,110,112,2.1873295307159424,0.9961083732478709
249,7,/home/nabizadz/Projects/Mahsa/datasets/grid/test/s32/sgas4s.mpg,132,134,3.868096351623535,0.9932137444302385
249,8,/home/nabizadz/Projects/Mahsa/datasets/grid/test/s32/lwbv5p.mpg,169,171,4.262668132781982,0.999269806060581
249,9,/home/nabizadz/Projects/Mahsa/datasets/grid/test/s32/bgaq9p.mpg,40,42,4.330219268798828,0.9930688031770196
249,10,/home/nabizadz/Projects/Mahsa/datasets/grid/test/s32/sbayzs.mpg,102,104,3.529181718826294,0.9907253590938103
249,11,/home/nabizadz/Projects/Mahsa/datasets/grid/test/s32/bgwfza.mpg,1,3,4.453343868255615,0.9973746582804821
249,12,/home/nabizadz/Projects/Mahsa/datasets/grid/test/s32/sbaeza.mpg,182,184,4.0712714195251465,0.9882714526815529
249,13,/home/nabizadz/Projects/Mahsa/datasets/grid/test/s32/brbj7p.mpg,174,176,4.118349075317383,0.9983721710870042
249,14,/home/nabizadz/Projects/Mahsa/datasets/grid/test/s32/bwbq5n.mpg,110,112,3.814434766769409,0.998444421882232
249,15,/home/nabizadz/Projects/Mahsa/datasets/grid/test/s32/bbwx1n.mpg,30,32,4.077701568603516,0.9423517737533945
