batch_idx,sample_in_batch,video_path,gap_start_frame,gap_end_frame,pesq,stoi
0,0,/home/nabizadz/Projects/Mahsa/datasets/grid/test/s33/brbd3a.mpg,92,96,3.8819735050201416,0.9936700426853134
0,1,/home/nabizadz/Projects/Mahsa/datasets/grid/test/s33/lrbh8n.mpg,42,46,3.609811544418335,0.9918432560653986
0,2,/home/nabizadz/Projects/Mahsa/datasets/grid/test/s33/srak9a.mpg,240,244,4.35816764831543,0.9534151738847527
0,3,/home/nabizadz/Projects/Mahsa/datasets/grid/test/s33/srbl3a.mpg,150,154,3.7153258323669434,0.9852710760391359
0,4,/home/nabizadz/Projects/Mahsa/datasets/grid/test/s33/sgil5s.mpg,171,175,4.409799098968506,0.9942440855806813
0,5,/home/nabizadz/Projects/Mahsa/datasets/grid/test/s33/sgas2n.mpg,291,295,4.393129348754883,0.9916318090752491
0,6,/home/nabizadz/Projects/Mahsa/datasets/grid/test/s33/swwf9a.mpg,162,166,4.0684309005737305,0.9923225791601167
0,7,/home/nabizadz/Projects/Mahsa/datasets/grid/test/s33/bgak2n.mpg,202,206,4.335582733154297,0.9119464871067794
0,8,/home/nabizadz/Projects/Mahsa/datasets/grid/test/s33/sbix5s.mpg,189,193,4.3253655433654785,0.9828098721127648
0,9,/home/nabizadz/Projects/Mahsa/datasets/grid/test/s33/bgij8n.mpg,234,238,4.4457011222839355,0.9462562645549509
0,10,/home/nabizadz/Projects/Mahsa/datasets/grid/test/s33/lrbh9s.mpg,108,112,3.947127103805542,0.9937994404179415
0,11,/home/nabizadz/Projects/Mahsa/datasets/grid/test/s33/sbix7a.mpg,96,100,4.208828449249268,0.999785209351597
0,12,/home/nabizadz/Projects/Mahsa/datasets/grid/test/s33/lbaa5s.mpg,276,280,4.415282726287842,0.9608059226993164
0,13,/home/nabizadz/Projects/Mahsa/datasets/grid/test/s33/bbio4n.mpg,127,131,3.7879796028137207,0.9822292665114418
0,14,/home/nabizadz/Projects/Mahsa/datasets/grid/test/s33/lgbxzp.mpg,56,60,4.219944000244141,0.9966117081577046
0,15,/home/nabizadz/Projects/Mahsa/datasets/grid/test/s33/pgbbzn.mpg,212,216,4.3947038650512695,0.9437270149538253
1,0,/home/nabizadz/Projects/Mahsa/datasets/grid/test/s33/lrwi2n.mpg,40,44,4.428020477294922,0.9999037811972885
1,1,/home/nabizadz/Projects/Mahsa/datasets/grid/test/s33/lwwv9a.mpg,205,209,4.371764659881592,0.9562453804952635
1,2,/home/nabizadz/Projects/Mahsa/datasets/grid/test/s33/bbwx1s.mpg,199,203,4.416161060333252,0.968511043649103
1,3,/home/nabizadz/Projects/Mahsa/datasets/grid/test/s33/pwwa8n.mpg,209,213,4.326331615447998,0.8801295380969899
1,4,/home/nabizadz/Projects/Mahsa/datasets/grid/test/s33/bgby4n.mpg,247,251,4.406487941741943,0.9478759884614775
1,5,/home/nabizadz/Projects/Mahsa/datasets/grid/test/s33/sgwa1a.mpg,158,162,4.251129627227783,0.9977089818656355
1,6,/home/nabizadz/Projects/Mahsa/datasets/grid/test/s33/prif5s.mpg,225,229,4.401006698608398,0.9551156926190572
1,7,/home/nabizadz/Projects/Mahsa/datasets/grid/test/s33/sbby3s.mpg,294,298,4.360673904418945,0.9999999999999936
1,8,/home/nabizadz/Projects/Mahsa/datasets/grid/test/s33/lwih9a.mpg,98,102,3.916609048843384,0.9893725353368341
1,9,/home/nabizadz/Projects/Mahsa/datasets/grid/test/s33/lgai9a.mpg,254,258,4.355324745178223,0.9648148298130926
1,10,/home/nabizadz/Projects/Mahsa/datasets/grid/test/s33/lgbj1s.mpg,256,260,4.408567428588867,0.9404747937497648
1,11,/home/nabizadz/Projects/Mahsa/datasets/grid/test/s33/lrwi3s.mpg,24,28,4.182790756225586,0.9997520856632638
1,12,/home/nabizadz/Projects/Mahsa/datasets/grid/test/s33/lbbh5a.mpg,238,242,4.387383460998535,0.9634946649821693
1,13,/home/nabizadz/Projects/Mahsa/datasets/grid/test/s33/lgbc9a.mpg,188,192,4.478366374969482,0.9999999999998114
1,14,/home/nabizadz/Projects/Mahsa/datasets/grid/test/s33/lwaizn.mpg,63,67,4.072610855102539,0.9931159155762451
1,15,/home/nabizadz/Projects/Mahsa/datasets/grid/test/s33/pwwuzn.mpg,250,254,4.4321675300598145,0.9749290913468108
2,0,/home/nabizadz/Projects/Mahsa/datasets/grid/test/s33/swal5a.mpg,223,227,4.427046775817871,0.9395000163055982
2,1,/home/nabizadz/Projects/Mahsa/datasets/grid/test/s33/sriyzn.mpg,287,291,4.387270450592041,0.9811508407662884
2,2,/home/nabizadz/Projects/Mahsa/datasets/grid/test/s33/lbaa4n.mpg,99,103,2.370610475540161,0.987541465955669
2,3,/home/nabizadz/Projects/Mahsa/datasets/grid/test/s33/lrwo6n.mpg,46,50,2.2918474674224854,0.9731373261585692
2,4,/home/nabizadz/Projects/Mahsa/datasets/grid/test/s33/lwbc3a.mpg,147,151,3.721198320388794,0.9948138929506388
2,5,/home/nabizadz/Projects/Mahsa/datasets/grid/test/s33/brap4n.mpg,244,248,4.465702056884766,0.9739384649431695
2,6,/home/nabizadz/Projects/Mahsa/datasets/grid/test/s33/sgbf9s.mpg,164,168,4.036443710327148,0.989821841781767
2,7,/home/nabizadz/Projects/Mahsa/datasets/grid/test/s33/lrwv1s.mpg,99,103,2.6786980628967285,0.98281250653713
2,8,/home/nabizadz/Projects/Mahsa/datasets/grid/test/s33/pras6n.mpg,237,241,4.34901237487793,0.8613667278638066
2,9,/home/nabizadz/Projects/Mahsa/datasets/grid/test/s33/sgwazp.mpg,88,92,3.619086980819702,0.9634882254016165
2,10,/home/nabizadz/Projects/Mahsa/datasets/grid/test/s33/bbaczn.mpg,128,132,3.556454658508301,0.96047551411268
2,11,/home/nabizadz/Projects/Mahsa/datasets/grid/test/s33/prwt6p.mpg,249,253,4.073524475097656,0.9912934981507547
2,12,/home/nabizadz/Projects/Mahsa/datasets/grid/test/s33/pgin1s.mpg,142,146,3.836121082305908,0.9883868863828847
2,13,/home/nabizadz/Projects/Mahsa/datasets/grid/test/s33/bbib8p.mpg,164,168,4.364494323730469,0.9946537939997478
2,14,/home/nabizadz/Projects/Mahsa/datasets/grid/test/s33/bwbk2p.mpg,172,176,4.460516929626465,0.9974222302894704
2,15,/home/nabizadz/Projects/Mahsa/datasets/grid/test/s33/pbbf8p.mpg,122,126,4.3714165687561035,0.9989678723447988
3,0,/home/nabizadz/Projects/Mahsa/datasets/grid/test/s33/bwwrzp.mpg,239,243,4.274490833282471,0.8799157915701331
3,1,/home/nabizadz/Projects/Mahsa/datasets/grid/test/s33/bwwe2p.mpg,213,217,4.315871715545654,0.9293045845685817
3,2,/home/nabizadz/Projects/Mahsa/datasets/grid/test/s33/pwim6p.mpg,180,184,4.380455493927002,0.9961983671569606
3,3,/home/nabizadz/Projects/Mahsa/datasets/grid/test/s33/lwbv3s.mpg,103,107,4.2876152992248535,0.9980944139580494
3,4,/home/nabizadz/Projects/Mahsa/datasets/grid/test/s33/swbf2n.mpg,262,266,4.412660598754883,0.931612134354615
3,5,/home/nabizadz/Projects/Mahsa/datasets/grid/test/s33/swwf7s.mpg,296,300,4.324028968811035,0.9999999999999992
3,6,/home/nabizadz/Projects/Mahsa/datasets/grid/test/s33/lrbizp.mpg,292,296,4.381844997406006,0.998793225523065
3,7,/home/nabizadz/Projects/Mahsa/datasets/grid/test/s33/pgwh9s.mpg,129,133,4.2709431648254395,0.9990295846799153
3,8,/home/nabizadz/Projects/Mahsa/datasets/grid/test/s33/pgan6p.mpg,244,248,4.4231953620910645,0.9356400190994563
3,9,/home/nabizadz/Projects/Mahsa/datasets/grid/test/s33/sgif1s.mpg,33,37,3.782489538192749,0.9911763533944282
3,10,/home/nabizadz/Projects/Mahsa/datasets/grid/test/s33/bbbc4n.mpg,49,53,3.2918198108673096,0.9488798762338804
3,11,/home/nabizadz/Projects/Mahsa/datasets/grid/test/s33/prif7a.mpg,57,61,3.570648431777954,0.9891398633587
3,12,/home/nabizadz/Projects/Mahsa/datasets/grid/test/s33/pwwh4p.mpg,142,146,4.4863057136535645,0.9922971925672105
3,13,/home/nabizadz/Projects/Mahsa/datasets/grid/test/s33/pgaa8p.mpg,236,240,4.331316947937012,0.9888059682381808
3,14,/home/nabizadz/Projects/Mahsa/datasets/grid/test/s33/bgiq2n.mpg,250,254,4.279669761657715,0.9754348293287871
3,15,/home/nabizadz/Projects/Mahsa/datasets/grid/test/s33/pgwb4n.mpg,291,295,4.340317249298096,0.9867161614353421
4,0,/home/nabizadz/Projects/Mahsa/datasets/grid/test/s33/bwij2n.mpg,119,123,3.636702537536621,0.9725753773310736
4,1,/home/nabizadz/Projects/Mahsa/datasets/grid/test/s33/sbwe5s.mpg,207,211,4.465973377227783,0.9347700059281044
4,2,/home/nabizadz/Projects/Mahsa/datasets/grid/test/s33/sbad9a.mpg,173,177,4.401349067687988,0.989617969592872
4,3,/home/nabizadz/Projects/Mahsa/datasets/grid/test/s33/sgwm9a.mpg,209,213,4.378841400146484,0.9175151793279475
4,4,/home/nabizadz/Projects/Mahsa/datasets/grid/test/s33/swwm2p.mpg,122,126,3.610379219055176,0.9862810612236008
4,5,/home/nabizadz/Projects/Mahsa/datasets/grid/test/s33/prwt5s.mpg,187,191,4.368849277496338,0.9482589945989288
4,6,/home/nabizadz/Projects/Mahsa/datasets/grid/test/s33/swwf8p.mpg,248,252,4.4608612060546875,0.9496846184858186
4,7,/home/nabizadz/Projects/Mahsa/datasets/grid/test/s33/bbwj5a.mpg,72,76,4.105996608734131,0.9868298748679428
4,8,/home/nabizadz/Projects/Mahsa/datasets/grid/test/s33/pgwu7s.mpg,157,161,3.745990514755249,0.9780773317804984
4,9,/home/nabizadz/Projects/Mahsa/datasets/grid/test/s33/sgiz3s.mpg,71,75,3.4117257595062256,0.9974090172629432
4,10,/home/nabizadz/Projects/Mahsa/datasets/grid/test/s33/bwaj8p.mpg,66,70,3.595822811126709,0.9679239433669422
4,11,/home/nabizadz/Projects/Mahsa/datasets/grid/test/s33/lria7s.mpg,96,100,4.117239952087402,0.9878411063589676
4,12,/home/nabizadz/Projects/Mahsa/datasets/grid/test/s33/bwip6n.mpg,272,276,4.367166519165039,0.9404593966628552
4,13,/home/nabizadz/Projects/Mahsa/datasets/grid/test/s33/swws4n.mpg,258,262,4.384467601776123,0.9041170087542849
4,14,/home/nabizadz/Projects/Mahsa/datasets/grid/test/s33/bwij3s.mpg,209,213,4.393424034118652,0.962581626749023
4,15,/home/nabizadz/Projects/Mahsa/datasets/grid/test/s33/lgwq1a.mpg,253,257,4.227513313293457,0.960831500642108
5,0,/home/nabizadz/Projects/Mahsa/datasets/grid/test/s33/bbib7s.mpg,212,216,4.340473651885986,0.9530190626992255
5,1,/home/nabizadz/Projects/Mahsa/datasets/grid/test/s33/lgiv2p.mpg,121,125,4.101110935211182,0.9753663908953343
5,2,/home/nabizadz/Projects/Mahsa/datasets/grid/test/s33/lbim9s.mpg,99,103,4.231701374053955,0.9894601081295455
5,3,/home/nabizadz/Projects/Mahsa/datasets/grid/test/s33/pgaa6n.mpg,65,69,4.038684844970703,0.9840045421271574
5,4,/home/nabizadz/Projects/Mahsa/datasets/grid/test/s33/pgig9a.mpg,228,232,4.542383670806885,0.9773403438174599
5,5,/home/nabizadz/Projects/Mahsa/datasets/grid/test/s33/srbe6n.mpg,223,227,4.351433277130127,0.990780315896179
5,6,/home/nabizadz/Projects/Mahsa/datasets/grid/test/s33/sbiq2p.mpg,72,76,3.629469156265259,0.9782924952569388
5,7,/home/nabizadz/Projects/Mahsa/datasets/grid/test/s33/bgak5a.mpg,118,122,4.157365798950195,0.993437399550731
5,8,/home/nabizadz/Projects/Mahsa/datasets/grid/test/s33/prbtzn.mpg,124,128,3.666635274887085,0.967373698621817
5,9,/home/nabizadz/Projects/Mahsa/datasets/grid/test/s33/lgbp5s.mpg,92,96,4.218070030212402,0.9999201814123406
5,10,/home/nabizadz/Projects/Mahsa/datasets/grid/test/s33/brii6n.mpg,18,22,4.176957607269287,0.9999999999999991
5,11,/home/nabizadz/Projects/Mahsa/datasets/grid/test/s33/pgbb1s.mpg,234,238,4.423696517944336,0.8453683358465048
5,12,/home/nabizadz/Projects/Mahsa/datasets/grid/test/s33/pgwb6p.mpg,93,97,3.2706196308135986,0.9741462151678367
5,13,/home/nabizadz/Projects/Mahsa/datasets/grid/test/s33/lbig7a.mpg,139,143,4.19789981842041,0.9942434579489454
5,14,/home/nabizadz/Projects/Mahsa/datasets/grid/test/s33/lgwd1s.mpg,280,284,4.527667045593262,0.9938331661393549
5,15,/home/nabizadz/Projects/Mahsa/datasets/grid/test/s33/pbir7s.mpg,113,117,4.22028923034668,0.9987446444634184
6,0,/home/nabizadz/Projects/Mahsa/datasets/grid/test/s33/lbwh9a.mpg,14,18,4.213277339935303,0.9999984436735327
6,1,/home/nabizadz/Projects/Mahsa/datasets/grid/test/s33/pbir8p.mpg,36,40,4.2906575202941895,0.9982283888001887
6,2,/home/nabizadz/Projects/Mahsa/datasets/grid/test/s33/brac7s.mpg,207,211,4.31478214263916,0.9378888087354302
6,3,/home/nabizadz/Projects/Mahsa/datasets/grid/test/s33/bgwe8p.mpg,259,263,4.382985591888428,0.9500434649405874
6,4,/home/nabizadz/Projects/Mahsa/datasets/grid/test/s33/lwwi8n.mpg,218,222,4.446702480316162,0.9895635397787753
6,5,/home/nabizadz/Projects/Mahsa/datasets/grid/test/s33/pwbhzp.mpg,96,100,3.8744943141937256,0.9926513420522655
6,6,/home/nabizadz/Projects/Mahsa/datasets/grid/test/s33/bbao8n.mpg,180,184,4.430459499359131,0.9192507048575808
6,7,/home/nabizadz/Projects/Mahsa/datasets/grid/test/s33/lbwu6p.mpg,231,235,4.378414630889893,0.9621518202434303
6,8,/home/nabizadz/Projects/Mahsa/datasets/grid/test/s33/pgig7s.mpg,176,180,4.121633529663086,0.9827488709924017
6,9,/home/nabizadz/Projects/Mahsa/datasets/grid/test/s33/bgwy9s.mpg,203,207,4.446254730224609,0.969100364471033
6,10,/home/nabizadz/Projects/Mahsa/datasets/grid/test/s33/bbib9a.mpg,172,176,4.416097164154053,0.999964421037463
6,11,/home/nabizadz/Projects/Mahsa/datasets/grid/test/s33/lgwx2n.mpg,213,217,4.394006252288818,0.9878000984074791
6,12,/home/nabizadz/Projects/Mahsa/datasets/grid/test/s33/swie5s.mpg,55,59,4.420760154724121,0.9913971029735076
6,13,/home/nabizadz/Projects/Mahsa/datasets/grid/test/s33/srbr5s.mpg,245,249,4.3750433921813965,0.8953308620536571
6,14,/home/nabizadz/Projects/Mahsa/datasets/grid/test/s33/brbx2n.mpg,88,92,3.6433064937591553,0.9849580293065207
6,15,/home/nabizadz/Projects/Mahsa/datasets/grid/test/s33/pwwn7s.mpg,117,121,4.234518051147461,0.9976107188437695
7,0,/home/nabizadz/Projects/Mahsa/datasets/grid/test/s33/lrin5s.mpg,86,90,2.8235957622528076,0.9863021372756147
7,1,/home/nabizadz/Projects/Mahsa/datasets/grid/test/s33/sgiszp.mpg,252,256,4.429067611694336,0.9384549575907155
7,2,/home/nabizadz/Projects/Mahsa/datasets/grid/test/s33/pbbf7s.mpg,152,156,3.628068685531616,0.986614304177539
7,3,/home/nabizadz/Projects/Mahsa/datasets/grid/test/s33/pwbn2n.mpg,249,253,4.308589935302734,0.8681713957418726
7,4,/home/nabizadz/Projects/Mahsa/datasets/grid/test/s33/srbzzp.mpg,73,77,4.0986247062683105,0.9976199206080621
7,5,/home/nabizadz/Projects/Mahsa/datasets/grid/test/s33/pwag5s.mpg,139,143,4.319138050079346,0.9936436309804283
7,6,/home/nabizadz/Projects/Mahsa/datasets/grid/test/s33/swbs2p.mpg,240,244,4.086059093475342,0.8911438165887863
7,7,/home/nabizadz/Projects/Mahsa/datasets/grid/test/s33/sgiz5a.mpg,196,200,4.407649040222168,0.9427665799879044
7,8,/home/nabizadz/Projects/Mahsa/datasets/grid/test/s33/pbwm4n.mpg,211,215,4.4468674659729,0.9999967605773991
7,9,/home/nabizadz/Projects/Mahsa/datasets/grid/test/s33/lwiu4n.mpg,257,261,4.321803569793701,0.9165402185351202
7,10,/home/nabizadz/Projects/Mahsa/datasets/grid/test/s33/lgbj3a.mpg,48,52,3.512683868408203,0.9914581764581663
7,11,/home/nabizadz/Projects/Mahsa/datasets/grid/test/s33/sgwm6n.mpg,113,117,3.4167699813842773,0.9842477041253631
7,12,/home/nabizadz/Projects/Mahsa/datasets/grid/test/s33/lgap3a.mpg,115,119,4.174522399902344,0.9998491306780578
7,13,/home/nabizadz/Projects/Mahsa/datasets/grid/test/s33/swal4p.mpg,217,221,4.226133823394775,0.8890164206074714
7,14,/home/nabizadz/Projects/Mahsa/datasets/grid/test/s33/bwbd7s.mpg,185,189,4.181685924530029,0.9969353487076948
7,15,/home/nabizadz/Projects/Mahsa/datasets/grid/test/s33/sgaf7a.mpg,286,290,4.275900363922119,0.9932862878828521
8,0,/home/nabizadz/Projects/Mahsa/datasets/grid/test/s33/lbim8n.mpg,192,196,4.4747161865234375,0.9732745989038356
8,1,/home/nabizadz/Projects/Mahsa/datasets/grid/test/s33/lwih6n.mpg,162,166,4.032846927642822,0.9901886544751467
8,2,/home/nabizadz/Projects/Mahsa/datasets/grid/test/s33/lgwd2p.mpg,120,124,4.253705978393555,0.9924090782891786
8,3,/home/nabizadz/Projects/Mahsa/datasets/grid/test/s33/srbr6p.mpg,221,225,4.454329013824463,0.9935345535094792
8,4,/home/nabizadz/Projects/Mahsa/datasets/grid/test/s33/bbbi8n.mpg,225,229,4.419309139251709,0.876685119578869
8,5,/home/nabizadz/Projects/Mahsa/datasets/grid/test/s33/lrbo2n.mpg,160,164,4.323568344116211,0.9804991706283349
8,6,/home/nabizadz/Projects/Mahsa/datasets/grid/test/s33/srblzn.mpg,221,225,4.253550052642822,0.8926009932050439
8,7,/home/nabizadz/Projects/Mahsa/datasets/grid/test/s33/sbax9s.mpg,121,125,3.865158796310425,0.9868082637740487
8,8,/home/nabizadz/Projects/Mahsa/datasets/grid/test/s33/pgin2p.mpg,272,276,4.306518077850342,0.9630216545901071
8,9,/home/nabizadz/Projects/Mahsa/datasets/grid/test/s33/bgbk8p.mpg,1,5,4.499589920043945,0.9999962185830003
8,10,/home/nabizadz/Projects/Mahsa/datasets/grid/test/s33/srarzn.mpg,161,165,2.402567148208618,0.9903292636954525
8,11,/home/nabizadz/Projects/Mahsa/datasets/grid/test/s33/sgal9s.mpg,210,214,4.1426615715026855,0.9257178809457346
8,12,/home/nabizadz/Projects/Mahsa/datasets/grid/test/s33/sbij9a.mpg,107,111,4.048447132110596,0.9913199889589727
8,13,/home/nabizadz/Projects/Mahsa/datasets/grid/test/s33/pwim5s.mpg,46,50,3.9356844425201416,0.9879847356871819
8,14,/home/nabizadz/Projects/Mahsa/datasets/grid/test/s33/lrbb4n.mpg,178,182,4.2411322593688965,0.9404768755320295
8,15,/home/nabizadz/Projects/Mahsa/datasets/grid/test/s33/brwj9s.mpg,195,199,4.405701637268066,0.9637457641813365
9,0,/home/nabizadz/Projects/Mahsa/datasets/grid/test/s33/brii7s.mpg,242,246,4.514656066894531,0.933596388233027
9,1,/home/nabizadz/Projects/Mahsa/datasets/grid/test/s33/bgwr5s.mpg,102,106,3.8709774017333984,0.9905409785541368
9,2,/home/nabizadz/Projects/Mahsa/datasets/grid/test/s33/bwax4n.mpg,294,298,4.413875102996826,0.9958958418317521
9,3,/home/nabizadz/Projects/Mahsa/datasets/grid/test/s33/swbl8p.mpg,21,25,4.332311153411865,0.9984177851323538
9,4,/home/nabizadz/Projects/Mahsa/datasets/grid/test/s33/sgam1a.mpg,85,89,3.6051743030548096,0.9915216478541006
9,5,/home/nabizadz/Projects/Mahsa/datasets/grid/test/s33/pwaa2p.mpg,60,64,3.293276071548462,0.9666610270734897
9,6,/home/nabizadz/Projects/Mahsa/datasets/grid/test/s33/sbid3s.mpg,292,296,4.250801086425781,0.9827648514203042
9,7,/home/nabizadz/Projects/Mahsa/datasets/grid/test/s33/prbm9a.mpg,80,84,3.8912131786346436,0.9962730295288892
9,8,/home/nabizadz/Projects/Mahsa/datasets/grid/test/s33/lbbn8p.mpg,121,125,4.110836029052734,0.9957501193633345
9,9,/home/nabizadz/Projects/Mahsa/datasets/grid/test/s33/bbivzp.mpg,236,240,4.357556343078613,0.9479354056570051
9,10,/home/nabizadz/Projects/Mahsa/datasets/grid/test/s33/pram2n.mpg,220,224,4.289834976196289,0.8453041820815712
9,11,/home/nabizadz/Projects/Mahsa/datasets/grid/test/s33/sgal8n.mpg,51,55,3.468787908554077,0.9884383331851735
9,12,/home/nabizadz/Projects/Mahsa/datasets/grid/test/s33/sbad8p.mpg,116,120,3.70873761177063,0.9873101128367319
9,13,/home/nabizadz/Projects/Mahsa/datasets/grid/test/s33/priz6n.mpg,180,184,4.1973419189453125,0.9934369910134673
9,14,/home/nabizadz/Projects/Mahsa/datasets/grid/test/s33/swws7a.mpg,70,74,3.9240975379943848,0.9963134199925907
9,15,/home/nabizadz/Projects/Mahsa/datasets/grid/test/s33/sbix4n.mpg,221,225,4.337741374969482,0.9454420427663582
10,0,/home/nabizadz/Projects/Mahsa/datasets/grid/test/s33/lbag9s.mpg,234,238,4.390746593475342,0.9013396057254356
10,1,/home/nabizadz/Projects/Mahsa/datasets/grid/test/s33/pbal9a.mpg,14,18,4.366137981414795,0.9896975644050775
10,2,/home/nabizadz/Projects/Mahsa/datasets/grid/test/s33/pgbb2p.mpg,223,227,4.234902381896973,0.8965451506545087
10,3,/home/nabizadz/Projects/Mahsa/datasets/grid/test/s33/swbs1s.mpg,124,128,4.193872451782227,0.9991716680993697
10,4,/home/nabizadz/Projects/Mahsa/datasets/grid/test/s33/pgaa9a.mpg,45,49,4.011270046234131,0.994012482373938
10,5,/home/nabizadz/Projects/Mahsa/datasets/grid/test/s33/lbiazn.mpg,258,262,4.437191486358643,0.9523962876344905
10,6,/home/nabizadz/Projects/Mahsa/datasets/grid/test/s33/srby9s.mpg,97,101,3.843102216720581,0.9862025437726478
10,7,/home/nabizadz/Projects/Mahsa/datasets/grid/test/s33/brbp8n.mpg,290,294,4.327948093414307,0.9839691434279207
10,8,/home/nabizadz/Projects/Mahsa/datasets/grid/test/s33/swws6p.mpg,230,234,4.366548538208008,0.9031754074194727
10,9,/home/nabizadz/Projects/Mahsa/datasets/grid/test/s33/pbws9s.mpg,182,186,4.3810601234436035,0.9830072603228542
10,10,/home/nabizadz/Projects/Mahsa/datasets/grid/test/s33/lgwj6p.mpg,167,171,4.07135009765625,0.9965095662445482
10,11,/home/nabizadz/Projects/Mahsa/datasets/grid/test/s33/prwa5a.mpg,139,143,4.248326778411865,0.9994745003875671
10,12,/home/nabizadz/Projects/Mahsa/datasets/grid/test/s33/pwwu3a.mpg,108,112,4.205121994018555,0.9995726512840063
10,13,/home/nabizadz/Projects/Mahsa/datasets/grid/test/s33/swie7a.mpg,238,242,4.216589450836182,0.9859660817510169
10,14,/home/nabizadz/Projects/Mahsa/datasets/grid/test/s33/bwbyzp.mpg,287,291,4.420737266540527,0.9789496924707337
10,15,/home/nabizadz/Projects/Mahsa/datasets/grid/test/s33/pbaz4n.mpg,84,88,4.1093058586120605,0.9923289227037355
11,0,/home/nabizadz/Projects/Mahsa/datasets/grid/test/s33/sbbk5s.mpg,56,60,4.228847503662109,0.9997660085573186
11,1,/home/nabizadz/Projects/Mahsa/datasets/grid/test/s33/swal3s.mpg,271,275,4.256380558013916,0.9941059310486441
11,2,/home/nabizadz/Projects/Mahsa/datasets/grid/test/s33/sbak1s.mpg,41,45,4.23685359954834,0.9908208957617349
11,3,/home/nabizadz/Projects/Mahsa/datasets/grid/test/s33/lrihzn.mpg,108,112,4.319645881652832,0.9986549257204734
11,4,/home/nabizadz/Projects/Mahsa/datasets/grid/test/s33/bgid6p.mpg,116,120,4.254237651824951,0.9976492154660472
11,5,/home/nabizadz/Projects/Mahsa/datasets/grid/test/s33/bgad9s.mpg,169,173,4.395528316497803,0.9942878169069003
11,6,/home/nabizadz/Projects/Mahsa/datasets/grid/test/s33/lgio7s.mpg,194,198,4.148201942443848,0.9936894567326299
11,7,/home/nabizadz/Projects/Mahsa/datasets/grid/test/s33/prim1a.mpg,101,105,3.9185760021209717,0.9906250182385344
11,8,/home/nabizadz/Projects/Mahsa/datasets/grid/test/s33/lwav1a.mpg,12,16,4.481274604797363,0.9999347619353409
11,9,/home/nabizadz/Projects/Mahsa/datasets/grid/test/s33/bwbk3a.mpg,284,288,4.301877975463867,0.9676628847242001
11,10,/home/nabizadz/Projects/Mahsa/datasets/grid/test/s33/sbad6n.mpg,132,136,4.276196479797363,0.9956036620645126
11,11,/home/nabizadz/Projects/Mahsa/datasets/grid/test/s33/bwwr1a.mpg,206,210,4.3547234535217285,0.9071762126999416
11,12,/home/nabizadz/Projects/Mahsa/datasets/grid/test/s33/lrin7a.mpg,100,104,2.385504961013794,0.9912149269602494
11,13,/home/nabizadz/Projects/Mahsa/datasets/grid/test/s33/srwz5a.mpg,275,279,4.406294345855713,0.9727447386797996
11,14,/home/nabizadz/Projects/Mahsa/datasets/grid/test/s33/swbz7a.mpg,259,263,4.465646266937256,0.9640778672341745
11,15,/home/nabizadz/Projects/Mahsa/datasets/grid/test/s33/bbai4n.mpg,7,11,4.494267463684082,0.999977980010696
12,0,/home/nabizadz/Projects/Mahsa/datasets/grid/test/s33/pras9a.mpg,14,18,3.9055168628692627,0.9939055780942687
12,1,/home/nabizadz/Projects/Mahsa/datasets/grid/test/s33/pwigzn.mpg,290,294,4.141773700714111,0.987018884417482
12,2,/home/nabizadz/Projects/Mahsa/datasets/grid/test/s33/sriq9a.mpg,196,200,4.388459205627441,0.9219040212808275
12,3,/home/nabizadz/Projects/Mahsa/datasets/grid/test/s33/sray5s.mpg,106,110,1.8923649787902832,0.9898439926113856
12,4,/home/nabizadz/Projects/Mahsa/datasets/grid/test/s33/bbwdzp.mpg,96,100,3.996032953262329,0.9843903419713599
12,5,/home/nabizadz/Projects/Mahsa/datasets/grid/test/s33/lbwo2p.mpg,276,280,4.425521373748779,0.9410122215408971
12,6,/home/nabizadz/Projects/Mahsa/datasets/grid/test/s33/srws1a.mpg,249,253,4.323606491088867,0.8778486421357748
12,7,/home/nabizadz/Projects/Mahsa/datasets/grid/test/s33/lgac4p.mpg,196,200,4.318540096282959,0.9906175794618141
12,8,/home/nabizadz/Projects/Mahsa/datasets/grid/test/s33/pbwg2p.mpg,264,268,4.54443359375,0.9715759159444588
12,9,/home/nabizadz/Projects/Mahsa/datasets/grid/test/s33/pwwh3s.mpg,195,199,4.340129375457764,0.9541799865560261
12,10,/home/nabizadz/Projects/Mahsa/datasets/grid/test/s33/bwij5a.mpg,90,94,4.071452617645264,0.9913553772280886
12,11,/home/nabizadz/Projects/Mahsa/datasets/grid/test/s33/lgwx5a.mpg,120,124,4.275485515594482,0.9995751422926628
12,12,/home/nabizadz/Projects/Mahsa/datasets/grid/test/s33/sbwy9a.mpg,71,75,3.4746224880218506,0.9834810838217407
12,13,/home/nabizadz/Projects/Mahsa/datasets/grid/test/s33/pwwu1s.mpg,15,19,4.424283504486084,0.9999547031813054
12,14,/home/nabizadz/Projects/Mahsa/datasets/grid/test/s33/bbap1a.mpg,68,72,3.379687786102295,0.9409166293708027
12,15,/home/nabizadz/Projects/Mahsa/datasets/grid/test/s33/pgwu9a.mpg,70,74,4.317605972290039,0.9996958983861958
13,0,/home/nabizadz/Projects/Mahsa/datasets/grid/test/s33/bgbr2p.mpg,185,189,4.38893461227417,0.9949046450382434
13,1,/home/nabizadz/Projects/Mahsa/datasets/grid/test/s33/lwbi6p.mpg,223,227,4.294929504394531,0.9225363720358984
13,2,/home/nabizadz/Projects/Mahsa/datasets/grid/test/s33/swwmzn.mpg,200,204,4.31333065032959,0.9240016201815694
13,3,/home/nabizadz/Projects/Mahsa/datasets/grid/test/s33/pgbo1a.mpg,189,193,3.812886953353882,0.9962067096146866
13,4,/home/nabizadz/Projects/Mahsa/datasets/grid/test/s33/swwz9s.mpg,197,201,4.418303489685059,0.9555909503820775
13,5,/home/nabizadz/Projects/Mahsa/datasets/grid/test/s33/sriy1s.mpg,19,23,4.404643535614014,0.9887955475371616
13,6,/home/nabizadz/Projects/Mahsa/datasets/grid/test/s33/lbbu1s.mpg,113,117,4.174919605255127,0.9931588338016407
13,7,/home/nabizadz/Projects/Mahsa/datasets/grid/test/s33/lrih2p.mpg,174,178,4.3725666999816895,0.9773813006852561
13,8,/home/nabizadz/Projects/Mahsa/datasets/grid/test/s33/brax1a.mpg,109,113,3.249241590499878,0.9724800572028502
13,9,/home/nabizadz/Projects/Mahsa/datasets/grid/test/s33/bgwe6n.mpg,84,88,3.484351873397827,0.9749940139357668
13,10,/home/nabizadz/Projects/Mahsa/datasets/grid/test/s33/bgwr4n.mpg,124,128,3.6629204750061035,0.9828221315711668
13,11,/home/nabizadz/Projects/Mahsa/datasets/grid/test/s33/lrbo5a.mpg,232,236,4.325892925262451,0.8913566991231966
13,12,/home/nabizadz/Projects/Mahsa/datasets/grid/test/s33/prwg9a.mpg,46,50,3.5748605728149414,0.9897108991549919
13,13,/home/nabizadz/Projects/Mahsa/datasets/grid/test/s33/lbwb3s.mpg,284,288,4.4070892333984375,0.9802967595232951
13,14,/home/nabizadz/Projects/Mahsa/datasets/grid/test/s33/lwao5s.mpg,169,173,4.386902809143066,0.9633863916874188
13,15,/home/nabizadz/Projects/Mahsa/datasets/grid/test/s33/lbbbzp.mpg,19,23,4.39650297164917,0.9999128881180053
14,0,/home/nabizadz/Projects/Mahsa/datasets/grid/test/s33/lwwp5a.mpg,172,176,4.551300525665283,0.9940965291709957
14,1,/home/nabizadz/Projects/Mahsa/datasets/grid/test/s33/sgas5a.mpg,218,222,4.255855083465576,0.9632244201195337
14,2,/home/nabizadz/Projects/Mahsa/datasets/grid/test/s33/brajzn.mpg,275,279,4.531076431274414,0.9999999999999998
14,3,/home/nabizadz/Projects/Mahsa/datasets/grid/test/s33/lbig4n.mpg,180,184,4.010578632354736,0.9859825499578359
14,4,/home/nabizadz/Projects/Mahsa/datasets/grid/test/s33/bgiq4p.mpg,163,167,4.3720383644104,0.9993230970955164
14,5,/home/nabizadz/Projects/Mahsa/datasets/grid/test/s33/sgbm2n.mpg,285,289,4.5596537590026855,0.9967410976287578
14,6,/home/nabizadz/Projects/Mahsa/datasets/grid/test/s33/lwio1s.mpg,290,294,4.2868971824646,0.999018487804651
14,7,/home/nabizadz/Projects/Mahsa/datasets/grid/test/s33/pbaz6p.mpg,74,78,3.5053720474243164,0.9572378118213012
14,8,/home/nabizadz/Projects/Mahsa/datasets/grid/test/s33/lrbu6n.mpg,61,65,4.013698577880859,0.9910842542222601
14,9,/home/nabizadz/Projects/Mahsa/datasets/grid/test/s33/sgaz6n.mpg,179,183,4.132871150970459,0.9934407948247562
14,10,/home/nabizadz/Projects/Mahsa/datasets/grid/test/s33/lrah4n.mpg,232,236,4.356460094451904,0.8720524422205292
14,11,/home/nabizadz/Projects/Mahsa/datasets/grid/test/s33/lbwu5s.mpg,12,16,4.473677635192871,0.9999808185054471
14,12,/home/nabizadz/Projects/Mahsa/datasets/grid/test/s33/pbwm7a.mpg,198,202,4.525058269500732,0.9355824090560517
14,13,/home/nabizadz/Projects/Mahsa/datasets/grid/test/s33/sgas4p.mpg,130,134,3.6088433265686035,0.9917108000857554
14,14,/home/nabizadz/Projects/Mahsa/datasets/grid/test/s33/priz8p.mpg,17,21,4.262523174285889,0.9982668930883494
14,15,/home/nabizadz/Projects/Mahsa/datasets/grid/test/s33/swbl7s.mpg,234,238,4.079751968383789,0.8778044678736848
15,0,/home/nabizadz/Projects/Mahsa/datasets/grid/test/s33/sgbm3s.mpg,17,21,4.427415370941162,0.9981234899608588
15,1,/home/nabizadz/Projects/Mahsa/datasets/grid/test/s33/sbax8n.mpg,208,212,4.468946933746338,0.9915336394639533
15,2,/home/nabizadz/Projects/Mahsa/datasets/grid/test/s33/srbl2p.mpg,121,125,4.2438459396362305,0.9997542746016345
15,3,/home/nabizadz/Projects/Mahsa/datasets/grid/test/s33/pbie8n.mpg,215,219,4.373918056488037,0.9241133715700208
15,4,/home/nabizadz/Projects/Mahsa/datasets/grid/test/s33/prwt4n.mpg,96,100,3.9119279384613037,0.9898673211986388
15,5,/home/nabizadz/Projects/Mahsa/datasets/grid/test/s33/lwab8p.mpg,102,106,3.652350425720215,0.9822384302254541
15,6,/home/nabizadz/Projects/Mahsa/datasets/grid/test/s33/swbszn.mpg,285,289,4.170186996459961,0.958097983159937
15,7,/home/nabizadz/Projects/Mahsa/datasets/grid/test/s33/srak8p.mpg,31,35,4.3623809814453125,0.9929703693797265
15,8,/home/nabizadz/Projects/Mahsa/datasets/grid/test/s33/bwwe3a.mpg,157,161,4.3706769943237305,0.9969850377696562
15,9,/home/nabizadz/Projects/Mahsa/datasets/grid/test/s33/sgwt3a.mpg,232,236,4.330902576446533,0.9233758869224751
15,10,/home/nabizadz/Projects/Mahsa/datasets/grid/test/s33/lgai8p.mpg,226,230,4.361279010772705,0.8832719484436341
15,11,/home/nabizadz/Projects/Mahsa/datasets/grid/test/s33/pgit4n.mpg,192,196,4.331037998199463,0.9894737423329713
15,12,/home/nabizadz/Projects/Mahsa/datasets/grid/test/s33/bbiu9s.mpg,239,243,4.249156951904297,0.881125559198705
15,13,/home/nabizadz/Projects/Mahsa/datasets/grid/test/s33/sbak2p.mpg,259,263,4.2589030265808105,0.9013342062330499
15,14,/home/nabizadz/Projects/Mahsa/datasets/grid/test/s33/pgbn8n.mpg,144,148,3.7681338787078857,0.9931768747149468
15,15,/home/nabizadz/Projects/Mahsa/datasets/grid/test/s33/sbay1a.mpg,52,56,4.162765026092529,0.9849634498524082
16,0,/home/nabizadz/Projects/Mahsa/datasets/grid/test/s33/lgwx4p.mpg,214,218,4.522000789642334,0.9930683084303406
16,1,/home/nabizadz/Projects/Mahsa/datasets/grid/test/s33/lwbi7a.mpg,98,102,3.7932021617889404,0.9933042770996068
16,2,/home/nabizadz/Projects/Mahsa/datasets/grid/test/s33/primzp.mpg,187,191,4.267638683319092,0.9747762296323339
16,3,/home/nabizadz/Projects/Mahsa/datasets/grid/test/s33/lgwj5s.mpg,30,34,3.6586687564849854,0.9596186119911262
16,4,/home/nabizadz/Projects/Mahsa/datasets/grid/test/s33/srwf3a.mpg,296,300,4.241000175476074,0.9982851720282016
16,5,/home/nabizadz/Projects/Mahsa/datasets/grid/test/s33/pris5a.mpg,217,221,4.278944492340088,0.9252443291309749
16,6,/home/nabizadz/Projects/Mahsa/datasets/grid/test/s33/brwd7a.mpg,234,238,4.356506824493408,0.9422571469182064
16,7,/home/nabizadz/Projects/Mahsa/datasets/grid/test/s33/bbav4p.mpg,22,26,3.804046392440796,0.9970374377885273
16,8,/home/nabizadz/Projects/Mahsa/datasets/grid/test/s33/pbbm1s.mpg,225,229,4.433986186981201,0.9026483009079638
16,9,/home/nabizadz/Projects/Mahsa/datasets/grid/test/s33/brwd4n.mpg,136,140,3.989978313446045,0.9918452259111432
16,10,/home/nabizadz/Projects/Mahsa/datasets/grid/test/s33/pwbn5a.mpg,260,264,4.40579080581665,0.938556498193035
16,11,/home/nabizadz/Projects/Mahsa/datasets/grid/test/s33/bbiu8n.mpg,253,257,4.2079644203186035,0.8715160879194278
16,12,/home/nabizadz/Projects/Mahsa/datasets/grid/test/s33/sbwl1a.mpg,146,150,3.7768235206604004,0.9912901089660565
16,13,/home/nabizadz/Projects/Mahsa/datasets/grid/test/s33/brwd5s.mpg,271,275,4.401682376861572,0.9667280688632517
16,14,/home/nabizadz/Projects/Mahsa/datasets/grid/test/s33/bgid7a.mpg,227,231,4.519955635070801,0.9761304922913377
16,15,/home/nabizadz/Projects/Mahsa/datasets/grid/test/s33/sray7a.mpg,98,102,3.615511178970337,0.9933654434949228
17,0,/home/nabizadz/Projects/Mahsa/datasets/grid/test/s33/prbg5a.mpg,62,66,3.943976640701294,0.9903413305958787
17,1,/home/nabizadz/Projects/Mahsa/datasets/grid/test/s33/bbbv8p.mpg,60,64,3.5685932636260986,0.9880244685724608
17,2,/home/nabizadz/Projects/Mahsa/datasets/grid/test/s33/sbwe4n.mpg,281,285,4.397164821624756,0.9829351585035013
17,3,/home/nabizadz/Projects/Mahsa/datasets/grid/test/s33/sbwr3s.mpg,162,166,4.34470272064209,0.9961942602169666
17,4,/home/nabizadz/Projects/Mahsa/datasets/grid/test/s33/bbio6p.mpg,248,252,4.3746185302734375,0.9535391566847968
17,5,/home/nabizadz/Projects/Mahsa/datasets/grid/test/s33/swbl9a.mpg,116,120,3.6867330074310303,0.9884158934890982
17,6,/home/nabizadz/Projects/Mahsa/datasets/grid/test/s33/srwfzn.mpg,26,30,4.367764949798584,0.9707776683721551
17,7,/home/nabizadz/Projects/Mahsa/datasets/grid/test/s33/pram4p.mpg,39,43,4.369344711303711,0.9995238107948429
17,8,/home/nabizadz/Projects/Mahsa/datasets/grid/test/s33/bgwe7s.mpg,293,297,4.511755466461182,0.99085106832918
17,9,/home/nabizadz/Projects/Mahsa/datasets/grid/test/s33/lwavzp.mpg,23,27,4.424769878387451,0.9999650015354156
17,10,/home/nabizadz/Projects/Mahsa/datasets/grid/test/s33/bgbe3s.mpg,217,221,4.315059185028076,0.9454113298290894
17,11,/home/nabizadz/Projects/Mahsa/datasets/grid/test/s33/srbr4n.mpg,113,117,4.113902568817139,0.9927020695382628
17,12,/home/nabizadz/Projects/Mahsa/datasets/grid/test/s33/brwq3s.mpg,139,143,4.276644706726074,0.9982091260604987
17,13,/home/nabizadz/Projects/Mahsa/datasets/grid/test/s33/lwai2p.mpg,178,182,4.367379188537598,0.9929671159175305
17,14,/home/nabizadz/Projects/Mahsa/datasets/grid/test/s33/sbid4p.mpg,249,253,4.327840328216553,0.9191523675617156
17,15,/home/nabizadz/Projects/Mahsa/datasets/grid/test/s33/prwn2p.mpg,105,109,3.5555331707000732,0.9778051515721492
18,0,/home/nabizadz/Projects/Mahsa/datasets/grid/test/s33/pwbg9s.mpg,155,159,4.144725322723389,0.9959981785339149
18,1,/home/nabizadz/Projects/Mahsa/datasets/grid/test/s33/lgbj2p.mpg,130,134,4.150730609893799,0.9959345420665309
18,2,/home/nabizadz/Projects/Mahsa/datasets/grid/test/s33/sbby5a.mpg,196,200,4.499652862548828,0.9860169460710397
18,3,/home/nabizadz/Projects/Mahsa/datasets/grid/test/s33/bgay1s.mpg,289,293,4.395048141479492,0.9837519072867651
18,4,/home/nabizadz/Projects/Mahsa/datasets/grid/test/s33/sgbs8p.mpg,210,214,4.355824947357178,0.9950443465751145
18,5,/home/nabizadz/Projects/Mahsa/datasets/grid/test/s33/pgbozp.mpg,32,36,4.346559047698975,0.9993070932393169
18,6,/home/nabizadz/Projects/Mahsa/datasets/grid/test/s33/sgwg3s.mpg,237,241,4.234235763549805,0.8904399570230153
18,7,/home/nabizadz/Projects/Mahsa/datasets/grid/test/s33/pgwo5a.mpg,158,162,4.088512897491455,0.9950146311420107
18,8,/home/nabizadz/Projects/Mahsa/datasets/grid/test/s33/bric3s.mpg,27,31,4.408527851104736,0.9999585987520222
18,9,/home/nabizadz/Projects/Mahsa/datasets/grid/test/s33/lwwc7a.mpg,62,66,3.6319453716278076,0.995114152286132
18,10,/home/nabizadz/Projects/Mahsa/datasets/grid/test/s33/bgwr7a.mpg,296,300,4.440282344818115,0.9999988971360677
18,11,/home/nabizadz/Projects/Mahsa/datasets/grid/test/s33/lgbjzn.mpg,231,235,4.504736423492432,0.9736617143851194
18,12,/home/nabizadz/Projects/Mahsa/datasets/grid/test/s33/lrwo9a.mpg,95,99,2.6155195236206055,0.9866101168332659
18,13,/home/nabizadz/Projects/Mahsa/datasets/grid/test/s33/pwanzp.mpg,245,249,4.282023906707764,0.8977768160668327
18,14,/home/nabizadz/Projects/Mahsa/datasets/grid/test/s33/srik2n.mpg,224,228,4.355013370513916,0.9189179201617442
18,15,/home/nabizadz/Projects/Mahsa/datasets/grid/test/s33/bwaj6n.mpg,189,193,4.195746421813965,0.995675320790858
19,0,/home/nabizadz/Projects/Mahsa/datasets/grid/test/s33/bgbe5a.mpg,28,32,4.2788777351379395,0.9985754731946572
19,1,/home/nabizadz/Projects/Mahsa/datasets/grid/test/s33/pwbn4p.mpg,236,240,4.395104885101318,0.977160018299064
19,2,/home/nabizadz/Projects/Mahsa/datasets/grid/test/s33/lwiu7a.mpg,23,27,4.4652628898620605,0.999993671123899
19,3,/home/nabizadz/Projects/Mahsa/datasets/grid/test/s33/bbbjzp.mpg,243,247,4.385432243347168,0.9525077610199262
19,4,/home/nabizadz/Projects/Mahsa/datasets/grid/test/s33/pwit1a.mpg,70,74,3.6082046031951904,0.989499370149589
19,5,/home/nabizadz/Projects/Mahsa/datasets/grid/test/s33/prbm8p.mpg,277,281,4.435821056365967,0.979004721295827
19,6,/home/nabizadz/Projects/Mahsa/datasets/grid/test/s33/bgwz1a.mpg,152,156,4.14505672454834,0.9899945401848709
19,7,/home/nabizadz/Projects/Mahsa/datasets/grid/test/s33/bgix8p.mpg,237,241,4.140418529510498,0.9155384113110819
19,8,/home/nabizadz/Projects/Mahsa/datasets/grid/test/s33/pgig8p.mpg,122,126,3.5931098461151123,0.9658971438908922
19,9,/home/nabizadz/Projects/Mahsa/datasets/grid/test/s33/bgae1a.mpg,117,121,3.615206480026245,0.9831136684109613
19,10,/home/nabizadz/Projects/Mahsa/datasets/grid/test/s33/sbbk4n.mpg,255,259,4.425067901611328,0.9418865552279896
19,11,/home/nabizadz/Projects/Mahsa/datasets/grid/test/s33/sriq7s.mpg,150,154,3.9241299629211426,0.9890455571192351
19,12,/home/nabizadz/Projects/Mahsa/datasets/grid/test/s33/bbwc8n.mpg,57,61,4.057873249053955,0.9890864494869128
19,13,/home/nabizadz/Projects/Mahsa/datasets/grid/test/s33/brac9a.mpg,239,243,4.286890029907227,0.8753589330382343
19,14,/home/nabizadz/Projects/Mahsa/datasets/grid/test/s33/brac8p.mpg,113,117,3.575587034225464,0.9833578828169006
19,15,/home/nabizadz/Projects/Mahsa/datasets/grid/test/s33/bgad8n.mpg,137,141,4.404171466827393,0.9999479977333666
20,0,/home/nabizadz/Projects/Mahsa/datasets/grid/test/s33/lbinzp.mpg,80,84,3.658080577850342,0.9807475317906884
20,1,/home/nabizadz/Projects/Mahsa/datasets/grid/test/s33/lgbp4n.mpg,232,236,4.442744255065918,0.9874757478250266
20,2,/home/nabizadz/Projects/Mahsa/datasets/grid/test/s33/lrih3a.mpg,194,198,4.377370357513428,0.9739947143391912
20,3,/home/nabizadz/Projects/Mahsa/datasets/grid/test/s33/lwwjzp.mpg,211,215,4.368250370025635,0.9520856011005507
20,4,/home/nabizadz/Projects/Mahsa/datasets/grid/test/s33/pgwo2n.mpg,86,90,4.1091227531433105,0.9831236253955294
20,5,/home/nabizadz/Projects/Mahsa/datasets/grid/test/s33/sbid2n.mpg,235,239,4.136301040649414,0.8631598452312397
20,6,/home/nabizadz/Projects/Mahsa/datasets/grid/test/s33/lran9s.mpg,201,205,4.222312927246094,0.9411344626340795
20,7,/home/nabizadz/Projects/Mahsa/datasets/grid/test/s33/prwg8p.mpg,202,206,4.324538707733154,0.9194258583448303
20,8,/home/nabizadz/Projects/Mahsa/datasets/grid/test/s33/prbg3s.mpg,202,206,4.291725158691406,0.8664092969633286
20,9,/home/nabizadz/Projects/Mahsa/datasets/grid/test/s33/pbwgzn.mpg,10,14,4.482734680175781,0.9999968101903094
20,10,/home/nabizadz/Projects/Mahsa/datasets/grid/test/s33/lwih7s.mpg,197,201,4.459846019744873,0.9453706023263085
20,11,/home/nabizadz/Projects/Mahsa/datasets/grid/test/s33/sgaf6p.mpg,120,124,3.6225035190582275,0.996201241619388
20,12,/home/nabizadz/Projects/Mahsa/datasets/grid/test/s33/bbai6p.mpg,186,190,4.125243186950684,0.9896261850960536
20,13,/home/nabizadz/Projects/Mahsa/datasets/grid/test/s33/swazzn.mpg,183,187,4.136568069458008,0.9184679061427447
20,14,/home/nabizadz/Projects/Mahsa/datasets/grid/test/s33/lrbu9a.mpg,128,132,3.974064588546753,0.9877353307950496
20,15,/home/nabizadz/Projects/Mahsa/datasets/grid/test/s33/pbir9a.mpg,147,151,4.039272785186768,0.9920422222267182
21,0,/home/nabizadz/Projects/Mahsa/datasets/grid/test/s33/sbbq8n.mpg,261,265,4.310773849487305,0.8468039997753632
21,1,/home/nabizadz/Projects/Mahsa/datasets/grid/test/s33/pgwu8p.mpg,140,144,4.290167808532715,0.9949438028432941
21,2,/home/nabizadz/Projects/Mahsa/datasets/grid/test/s33/pwig1s.mpg,91,95,3.5184133052825928,0.9831718031463909
21,3,/home/nabizadz/Projects/Mahsa/datasets/grid/test/s33/bbai7a.mpg,153,157,4.2034502029418945,0.9931769394523527
21,4,/home/nabizadz/Projects/Mahsa/datasets/grid/test/s33/bwwq9s.mpg,252,256,4.483680725097656,0.9857685326028753
21,5,/home/nabizadz/Projects/Mahsa/datasets/grid/test/s33/lwao7a.mpg,216,220,4.392624378204346,0.9999999999999978
21,6,/home/nabizadz/Projects/Mahsa/datasets/grid/test/s33/brbx4p.mpg,242,246,4.47028112411499,0.9959371485003601
21,7,/home/nabizadz/Projects/Mahsa/datasets/grid/test/s33/srar1s.mpg,155,159,4.137228965759277,0.9834649640118587
21,8,/home/nabizadz/Projects/Mahsa/datasets/grid/test/s33/bwwq8n.mpg,174,178,4.245995998382568,0.9921924154326613
21,9,/home/nabizadz/Projects/Mahsa/datasets/grid/test/s33/lbaa6p.mpg,78,82,3.9561355113983154,0.995730883017772
21,10,/home/nabizadz/Projects/Mahsa/datasets/grid/test/s33/lwau9s.mpg,57,61,3.6110310554504395,0.9947004615883587
21,11,/home/nabizadz/Projects/Mahsa/datasets/grid/test/s33/pgauzp.mpg,236,240,4.420271396636963,0.9030231671632547
21,12,/home/nabizadz/Projects/Mahsa/datasets/grid/test/s33/lrah6p.mpg,239,243,4.392933368682861,0.9476280790392675
21,13,/home/nabizadz/Projects/Mahsa/datasets/grid/test/s33/lgio6n.mpg,288,292,4.329301834106445,0.9854880572745159
21,14,/home/nabizadz/Projects/Mahsa/datasets/grid/test/s33/lrau5a.mpg,14,18,4.5521159172058105,0.9999656141021838
21,15,/home/nabizadz/Projects/Mahsa/datasets/grid/test/s33/prbt1s.mpg,129,133,3.7731051445007324,0.9893143679820875
22,0,/home/nabizadz/Projects/Mahsa/datasets/grid/test/s33/sgif2p.mpg,15,19,4.271625995635986,0.9965244267804045
22,1,/home/nabizadz/Projects/Mahsa/datasets/grid/test/s33/bgwl1s.mpg,168,172,3.755185842514038,0.9748506801842808
22,2,/home/nabizadz/Projects/Mahsa/datasets/grid/test/s33/sbwy7s.mpg,40,44,4.213206768035889,0.9899551131321462
22,3,/home/nabizadz/Projects/Mahsa/datasets/grid/test/s33/brwkzp.mpg,129,133,3.969783306121826,0.9924388185900606
22,4,/home/nabizadz/Projects/Mahsa/datasets/grid/test/s33/sbby2n.mpg,36,40,4.298256874084473,0.9949966745027272
22,5,/home/nabizadz/Projects/Mahsa/datasets/grid/test/s33/sray4n.mpg,135,139,4.011837959289551,0.9935054787527439
22,6,/home/nabizadz/Projects/Mahsa/datasets/grid/test/s33/bwip8p.mpg,273,277,4.4215168952941895,0.9778470999978203
22,7,/home/nabizadz/Projects/Mahsa/datasets/grid/test/s33/bbbp3s.mpg,5,9,4.463424205780029,0.9998043015871777
22,8,/home/nabizadz/Projects/Mahsa/datasets/grid/test/s33/pbaszn.mpg,104,108,4.342742919921875,0.9995030380236696
22,9,/home/nabizadz/Projects/Mahsa/datasets/grid/test/s33/bbac3a.mpg,246,250,4.357805252075195,0.9276163875781228
22,10,/home/nabizadz/Projects/Mahsa/datasets/grid/test/s33/pwim4n.mpg,241,245,4.198032379150391,0.8309785502575522
22,11,/home/nabizadz/Projects/Mahsa/datasets/grid/test/s33/lbwb2n.mpg,232,236,4.200382232666016,0.9393572916185084
22,12,/home/nabizadz/Projects/Mahsa/datasets/grid/test/s33/bbib6n.mpg,104,108,4.278235912322998,0.9974382293391939
22,13,/home/nabizadz/Projects/Mahsa/datasets/grid/test/s33/srae2n.mpg,148,152,3.957550287246704,0.9924898054362655
22,14,/home/nabizadz/Projects/Mahsa/datasets/grid/test/s33/sbbezn.mpg,200,204,4.380075931549072,0.9430968980607557
22,15,/home/nabizadz/Projects/Mahsa/datasets/grid/test/s33/swwz8n.mpg,282,286,4.29739236831665,0.9656735369771057
23,0,/home/nabizadz/Projects/Mahsa/datasets/grid/test/s33/pbbf9a.mpg,126,130,3.8960886001586914,0.9962901941101637
23,1,/home/nabizadz/Projects/Mahsa/datasets/grid/test/s33/pgbu3s.mpg,207,211,3.500819444656372,0.9902103919315536
23,2,/home/nabizadz/Projects/Mahsa/datasets/grid/test/s33/pwis8n.mpg,122,126,3.7296085357666016,0.9936425276970882
23,3,/home/nabizadz/Projects/Mahsa/datasets/grid/test/s33/sbiq3a.mpg,50,54,4.310758590698242,0.9998376976017026
23,4,/home/nabizadz/Projects/Mahsa/datasets/grid/test/s33/lban2n.mpg,188,192,4.2592949867248535,0.990826907518541
23,5,/home/nabizadz/Projects/Mahsa/datasets/grid/test/s33/pgbh4n.mpg,32,36,3.8129758834838867,0.9866024430324211
23,6,/home/nabizadz/Projects/Mahsa/datasets/grid/test/s33/bbwc9s.mpg,284,288,4.314442157745361,0.9938249280619488
23,7,/home/nabizadz/Projects/Mahsa/datasets/grid/test/s33/sbij8p.mpg,275,279,4.430798530578613,0.9831330058415777
23,8,/home/nabizadz/Projects/Mahsa/datasets/grid/test/s33/pwbt6n.mpg,211,215,4.011077404022217,0.98866057038469
23,9,/home/nabizadz/Projects/Mahsa/datasets/grid/test/s33/pbbs7a.mpg,296,300,4.395931243896484,0.9998627476884135
23,10,/home/nabizadz/Projects/Mahsa/datasets/grid/test/s33/lraozp.mpg,17,21,4.391575336456299,0.9999884231839666
23,11,/home/nabizadz/Projects/Mahsa/datasets/grid/test/s33/lwwc6p.mpg,185,189,4.092832565307617,0.9794805231229159
23,12,/home/nabizadz/Projects/Mahsa/datasets/grid/test/s33/bwwy3s.mpg,190,194,4.353956699371338,0.9939374298247621
23,13,/home/nabizadz/Projects/Mahsa/datasets/grid/test/s33/prwt7a.mpg,75,79,3.6011531352996826,0.9967945918642651
23,14,/home/nabizadz/Projects/Mahsa/datasets/grid/test/s33/pgbu5a.mpg,120,124,4.157777786254883,0.9932562760273183
23,15,/home/nabizadz/Projects/Mahsa/datasets/grid/test/s33/swbz4n.mpg,16,20,4.340843200683594,0.9997466362290864
24,0,/home/nabizadz/Projects/Mahsa/datasets/grid/test/s33/bwad5a.mpg,197,201,4.417179107666016,0.9912426344435465
24,1,/home/nabizadz/Projects/Mahsa/datasets/grid/test/s33/sgwg4p.mpg,87,91,3.541088104248047,0.9703687149179803
24,2,/home/nabizadz/Projects/Mahsa/datasets/grid/test/s33/srbz1a.mpg,95,99,4.011937618255615,0.997538073997017
24,3,/home/nabizadz/Projects/Mahsa/datasets/grid/test/s33/pwaa3a.mpg,33,37,4.354548454284668,0.99969280411295
24,4,/home/nabizadz/Projects/Mahsa/datasets/grid/test/s33/lrab2p.mpg,211,215,4.295469284057617,0.897874820870735
24,5,/home/nabizadz/Projects/Mahsa/datasets/grid/test/s33/lbia2p.mpg,122,126,3.8176381587982178,0.9684193477333292
24,6,/home/nabizadz/Projects/Mahsa/datasets/grid/test/s33/swir4p.mpg,93,97,3.647865056991577,0.9926858950646967
24,7,/home/nabizadz/Projects/Mahsa/datasets/grid/test/s33/sriq6n.mpg,142,146,4.223480701446533,0.9950760761353562
24,8,/home/nabizadz/Projects/Mahsa/datasets/grid/test/s33/swar9a.mpg,79,83,3.746272325515747,0.9956742761352593
24,9,/home/nabizadz/Projects/Mahsa/datasets/grid/test/s33/bgwl2p.mpg,30,34,4.311129570007324,0.9994478357371411
24,10,/home/nabizadz/Projects/Mahsa/datasets/grid/test/s33/brwx8p.mpg,41,45,3.6306657791137695,0.9866368122393302
24,11,/home/nabizadz/Projects/Mahsa/datasets/grid/test/s33/srwf1s.mpg,33,37,4.244489669799805,0.9778360941165614
24,12,/home/nabizadz/Projects/Mahsa/datasets/grid/test/s33/lgib9s.mpg,226,230,4.41984224319458,0.8844479447661596
24,13,/home/nabizadz/Projects/Mahsa/datasets/grid/test/s33/lrwo8p.mpg,244,248,4.338681221008301,0.8498261678387994
24,14,/home/nabizadz/Projects/Mahsa/datasets/grid/test/s33/lbbn6n.mpg,286,290,4.358745574951172,0.9804587670938931
24,15,/home/nabizadz/Projects/Mahsa/datasets/grid/test/s33/pgbu4p.mpg,183,187,4.254098415374756,0.98401077394575
25,0,/home/nabizadz/Projects/Mahsa/datasets/grid/test/s33/pris3s.mpg,48,52,4.332424640655518,0.9999005587218945
25,1,/home/nabizadz/Projects/Mahsa/datasets/grid/test/s33/swbz6p.mpg,90,94,3.754772424697876,0.98928277220378
25,2,/home/nabizadz/Projects/Mahsa/datasets/grid/test/s33/lbwh8p.mpg,197,201,4.5128173828125,0.9822005672949944
25,3,/home/nabizadz/Projects/Mahsa/datasets/grid/test/s33/pgah2p.mpg,284,288,4.314801216125488,0.9994984079263083
25,4,/home/nabizadz/Projects/Mahsa/datasets/grid/test/s33/lwbo9s.mpg,290,294,4.489241123199463,0.9998961938130335
25,5,/home/nabizadz/Projects/Mahsa/datasets/grid/test/s33/pbws8n.mpg,216,220,4.406637191772461,0.950755757760332
25,6,/home/nabizadz/Projects/Mahsa/datasets/grid/test/s33/bgak3s.mpg,40,44,4.324092864990234,0.9999553942472442
25,7,/home/nabizadz/Projects/Mahsa/datasets/grid/test/s33/srik4p.mpg,228,232,4.258635520935059,0.9279719534847076
25,8,/home/nabizadz/Projects/Mahsa/datasets/grid/test/s33/bric5a.mpg,58,62,4.521792411804199,0.999995566808027
25,9,/home/nabizadz/Projects/Mahsa/datasets/grid/test/s33/lgbc6n.mpg,211,215,4.277154922485352,0.9426573298734361
25,10,/home/nabizadz/Projects/Mahsa/datasets/grid/test/s33/lrwo7s.mpg,59,63,3.166459321975708,0.9889110579588529
25,11,/home/nabizadz/Projects/Mahsa/datasets/grid/test/s33/bgid4n.mpg,167,171,4.381828308105469,0.9891266907439118
25,12,/home/nabizadz/Projects/Mahsa/datasets/grid/test/s33/swwf6n.mpg,240,244,3.992382049560547,0.8405478291750138
25,13,/home/nabizadz/Projects/Mahsa/datasets/grid/test/s33/sbaq7a.mpg,281,285,4.153955936431885,0.9442858261583772
25,14,/home/nabizadz/Projects/Mahsa/datasets/grid/test/s33/swal2n.mpg,208,212,4.189401626586914,0.9152733792828929
25,15,/home/nabizadz/Projects/Mahsa/datasets/grid/test/s33/sgbs9a.mpg,43,47,4.34326171875,0.99911586580445
26,0,/home/nabizadz/Projects/Mahsa/datasets/grid/test/s33/pbil5a.mpg,199,203,4.3678412437438965,0.9473900477686927
26,1,/home/nabizadz/Projects/Mahsa/datasets/grid/test/s33/lbba8n.mpg,201,205,4.415019989013672,0.9999311257148951
26,2,/home/nabizadz/Projects/Mahsa/datasets/grid/test/s33/lrbi1a.mpg,242,246,4.374285697937012,0.9650721943586242
26,3,/home/nabizadz/Projects/Mahsa/datasets/grid/test/s33/pgbh7a.mpg,27,31,4.402793884277344,0.9999454180720072
26,4,/home/nabizadz/Projects/Mahsa/datasets/grid/test/s33/pbbs4n.mpg,196,200,4.399722576141357,0.9945821525639117
26,5,/home/nabizadz/Projects/Mahsa/datasets/grid/test/s33/pwba6p.mpg,110,114,4.2995405197143555,0.9998908218397381
26,6,/home/nabizadz/Projects/Mahsa/datasets/grid/test/s33/pgbh6p.mpg,244,248,4.354410171508789,0.9120768734285369
26,7,/home/nabizadz/Projects/Mahsa/datasets/grid/test/s33/bgwe9a.mpg,124,128,3.6174604892730713,0.9779676024163177
26,8,/home/nabizadz/Projects/Mahsa/datasets/grid/test/s33/bbapzp.mpg,192,196,3.7193572521209717,0.9832519230242809
26,9,/home/nabizadz/Projects/Mahsa/datasets/grid/test/s33/bwic9s.mpg,21,25,4.34641695022583,0.9904835610326261
26,10,/home/nabizadz/Projects/Mahsa/datasets/grid/test/s33/sgif3a.mpg,263,267,4.426596641540527,0.9243454801075709
26,11,/home/nabizadz/Projects/Mahsa/datasets/grid/test/s33/srie1a.mpg,246,250,4.304514408111572,0.8900533494949546
26,12,/home/nabizadz/Projects/Mahsa/datasets/grid/test/s33/swwm3a.mpg,133,137,3.718414306640625,0.9964097276549164
26,13,/home/nabizadz/Projects/Mahsa/datasets/grid/test/s33/sbbq9s.mpg,111,115,4.313963890075684,0.9991644295438138
26,14,/home/nabizadz/Projects/Mahsa/datasets/grid/test/s33/swir2n.mpg,162,166,4.101627826690674,0.9939024241215971
26,15,/home/nabizadz/Projects/Mahsa/datasets/grid/test/s33/bwbq4n.mpg,181,185,4.397170066833496,0.9866152336233299
27,0,/home/nabizadz/Projects/Mahsa/datasets/grid/test/s33/pwba4n.mpg,87,91,3.7159762382507324,0.9913250347166412
27,1,/home/nabizadz/Projects/Mahsa/datasets/grid/test/s33/bgbe4p.mpg,87,91,4.101601600646973,0.9956523519798469
27,2,/home/nabizadz/Projects/Mahsa/datasets/grid/test/s33/bgij9s.mpg,46,50,3.412590265274048,0.9453540611548271
27,3,/home/nabizadz/Projects/Mahsa/datasets/grid/test/s33/lrbu7s.mpg,208,212,4.528195858001709,0.9918164038634905
27,4,/home/nabizadz/Projects/Mahsa/datasets/grid/test/s33/swie6p.mpg,279,283,4.305662155151367,0.9461265671601683
27,5,/home/nabizadz/Projects/Mahsa/datasets/grid/test/s33/pwam9s.mpg,185,189,4.328805923461914,0.9862560987659719
27,6,/home/nabizadz/Projects/Mahsa/datasets/grid/test/s33/lrbu8p.mpg,263,267,4.383465766906738,0.993936656920672
27,7,/home/nabizadz/Projects/Mahsa/datasets/grid/test/s33/sgiz4p.mpg,71,75,4.045570373535156,0.9967340286368988
27,8,/home/nabizadz/Projects/Mahsa/datasets/grid/test/s33/lgapzn.mpg,82,86,4.03029203414917,0.9847580122673647
27,9,/home/nabizadz/Projects/Mahsa/datasets/grid/test/s33/srwr9s.mpg,220,224,4.399852752685547,0.9191824976992695
27,10,/home/nabizadz/Projects/Mahsa/datasets/grid/test/s33/lrau2n.mpg,139,143,3.2438223361968994,0.9952147463466173
27,11,/home/nabizadz/Projects/Mahsa/datasets/grid/test/s33/lbat8p.mpg,91,95,4.025030136108398,0.9964073081344126
27,12,/home/nabizadz/Projects/Mahsa/datasets/grid/test/s33/bgay3a.mpg,106,110,4.27838134765625,0.9994779649485968
27,13,/home/nabizadz/Projects/Mahsa/datasets/grid/test/s33/bbbp4p.mpg,160,164,4.343644142150879,0.9999879825719066
27,14,/home/nabizadz/Projects/Mahsa/datasets/grid/test/s33/pwaa1s.mpg,121,125,4.157919883728027,0.9956448732509355
27,15,/home/nabizadz/Projects/Mahsa/datasets/grid/test/s33/lrab3a.mpg,37,41,3.7716710567474365,0.9878084197869125
28,0,/home/nabizadz/Projects/Mahsa/datasets/grid/test/s33/pbbm2p.mpg,47,51,4.261867046356201,0.9937848918639937
28,1,/home/nabizadz/Projects/Mahsa/datasets/grid/test/s33/swar6n.mpg,116,120,4.240664482116699,0.9954304576428671
28,2,/home/nabizadz/Projects/Mahsa/datasets/grid/test/s33/bwid1a.mpg,34,38,4.14139986038208,0.997160327600237
28,3,/home/nabizadz/Projects/Mahsa/datasets/grid/test/s33/swwm1s.mpg,126,130,3.9779036045074463,0.994533860988512
28,4,/home/nabizadz/Projects/Mahsa/datasets/grid/test/s33/brwq5a.mpg,250,254,3.9445338249206543,0.8484163185874004
28,5,/home/nabizadz/Projects/Mahsa/datasets/grid/test/s33/lwwv7s.mpg,0,4,4.543581485748291,0.9999999999999986
28,6,/home/nabizadz/Projects/Mahsa/datasets/grid/test/s33/praf8n.mpg,198,202,4.340275287628174,0.8704919894547161
28,7,/home/nabizadz/Projects/Mahsa/datasets/grid/test/s33/lwio3a.mpg,160,164,4.330878257751465,0.9936831835132359
28,8,/home/nabizadz/Projects/Mahsa/datasets/grid/test/s33/lgii4p.mpg,199,203,4.369581699371338,0.9999999999999998
28,9,/home/nabizadz/Projects/Mahsa/datasets/grid/test/s33/brwx7s.mpg,83,87,4.3087239265441895,0.9985544444395196
28,10,/home/nabizadz/Projects/Mahsa/datasets/grid/test/s33/bbav3s.mpg,275,279,4.438135623931885,0.9853799174661871
28,11,/home/nabizadz/Projects/Mahsa/datasets/grid/test/s33/swbf3s.mpg,227,231,4.270552158355713,0.8872249894623259
28,12,/home/nabizadz/Projects/Mahsa/datasets/grid/test/s33/pgan7a.mpg,255,259,4.4033403396606445,0.8691009180595158
28,13,/home/nabizadz/Projects/Mahsa/datasets/grid/test/s33/bbwj2n.mpg,174,178,4.328816890716553,0.9781620143377829
28,14,/home/nabizadz/Projects/Mahsa/datasets/grid/test/s33/lrwi5a.mpg,178,182,4.485743999481201,0.9913095489344138
28,15,/home/nabizadz/Projects/Mahsa/datasets/grid/test/s33/srwr8n.mpg,24,28,4.464261531829834,0.9999439028995872
29,0,/home/nabizadz/Projects/Mahsa/datasets/grid/test/s33/lrah7a.mpg,114,118,3.951502799987793,0.984063589312617
29,1,/home/nabizadz/Projects/Mahsa/datasets/grid/test/s33/sbbe3a.mpg,134,138,4.075387001037598,0.9879418309259788
29,2,/home/nabizadz/Projects/Mahsa/datasets/grid/test/s33/lwbc1s.mpg,239,243,4.501855373382568,0.9864612514162141
29,3,/home/nabizadz/Projects/Mahsa/datasets/grid/test/s33/lwbv4p.mpg,94,98,3.2430551052093506,0.9750422019378397
29,4,/home/nabizadz/Projects/Mahsa/datasets/grid/test/s33/bgid5s.mpg,265,269,4.458056449890137,0.9757866438708884
29,5,/home/nabizadz/Projects/Mahsa/datasets/grid/test/s33/bgay2p.mpg,191,195,4.357234001159668,0.9544968275734454
29,6,/home/nabizadz/Projects/Mahsa/datasets/grid/test/s33/prbm6n.mpg,94,98,3.808641195297241,0.9923753898283899
29,7,/home/nabizadz/Projects/Mahsa/datasets/grid/test/s33/sbix6p.mpg,78,82,4.256199359893799,0.9990161848648944
29,8,/home/nabizadz/Projects/Mahsa/datasets/grid/test/s33/lbahzp.mpg,279,283,4.4348344802856445,0.9950755612086638
29,9,/home/nabizadz/Projects/Mahsa/datasets/grid/test/s33/bbbv7s.mpg,26,30,4.393370628356934,0.9999734170413067
29,10,/home/nabizadz/Projects/Mahsa/datasets/grid/test/s33/pgbh5s.mpg,196,200,4.494470119476318,0.9931831798302332
29,11,/home/nabizadz/Projects/Mahsa/datasets/grid/test/s33/sgbm4p.mpg,252,256,4.4535064697265625,0.9945702357175543
29,12,/home/nabizadz/Projects/Mahsa/datasets/grid/test/s33/bric2n.mpg,236,240,4.396139621734619,0.9032953119395102
29,13,/home/nabizadz/Projects/Mahsa/datasets/grid/test/s33/lrit8n.mpg,13,17,4.508185863494873,0.9999758449447262
29,14,/home/nabizadz/Projects/Mahsa/datasets/grid/test/s33/pbaz5s.mpg,182,186,4.4262166023254395,0.9815281691052973
29,15,/home/nabizadz/Projects/Mahsa/datasets/grid/test/s33/bbac2p.mpg,92,96,4.167962551116943,0.9994966940642278
30,0,/home/nabizadz/Projects/Mahsa/datasets/grid/test/s33/brap5s.mpg,48,52,3.306472063064575,0.9923380954484966
30,1,/home/nabizadz/Projects/Mahsa/datasets/grid/test/s33/lrbb5s.mpg,270,274,4.37497091293335,0.9589900305078111
30,2,/home/nabizadz/Projects/Mahsa/datasets/grid/test/s33/bgaezp.mpg,207,211,4.275554656982422,0.8999123420019601
30,3,/home/nabizadz/Projects/Mahsa/datasets/grid/test/s33/bwixzn.mpg,102,106,4.095978736877441,0.9935152956400382
30,4,/home/nabizadz/Projects/Mahsa/datasets/grid/test/s33/brwx6n.mpg,190,194,4.12388277053833,0.991931084259712
30,5,/home/nabizadz/Projects/Mahsa/datasets/grid/test/s33/lbwb4p.mpg,91,95,3.937404155731201,0.9715378196166624
30,6,/home/nabizadz/Projects/Mahsa/datasets/grid/test/s33/sgis1a.mpg,229,233,4.265077590942383,0.951834869327132
30,7,/home/nabizadz/Projects/Mahsa/datasets/grid/test/s33/lrbb6p.mpg,258,262,4.343429088592529,0.9999999999999996
30,8,/home/nabizadz/Projects/Mahsa/datasets/grid/test/s33/lbbu3a.mpg,244,248,4.348917484283447,0.9289410924615534
30,9,/home/nabizadz/Projects/Mahsa/datasets/grid/test/s33/lwao4n.mpg,76,80,3.8617894649505615,0.9920514160868551
30,10,/home/nabizadz/Projects/Mahsa/datasets/grid/test/s33/bgikzp.mpg,182,186,4.273744106292725,0.9968898320510574
30,11,/home/nabizadz/Projects/Mahsa/datasets/grid/test/s33/lbat6n.mpg,186,190,4.326103687286377,0.9023537128774819
30,12,/home/nabizadz/Projects/Mahsa/datasets/grid/test/s33/pbifzp.mpg,93,97,3.9266161918640137,0.9912278905234597
30,13,/home/nabizadz/Projects/Mahsa/datasets/grid/test/s33/pbwm6p.mpg,95,99,3.7479007244110107,0.9911018983858603
30,14,/home/nabizadz/Projects/Mahsa/datasets/grid/test/s33/bbwp7s.mpg,24,28,4.220081329345703,0.991931155979626
30,15,/home/nabizadz/Projects/Mahsa/datasets/grid/test/s33/sbbk7a.mpg,31,35,4.400078296661377,0.9999307358202176
31,0,/home/nabizadz/Projects/Mahsa/datasets/grid/test/s33/lrabzn.mpg,73,77,4.192804336547852,0.9947340869589926
31,1,/home/nabizadz/Projects/Mahsa/datasets/grid/test/s33/sgwg2n.mpg,152,156,3.879213809967041,0.9940422779524465
31,2,/home/nabizadz/Projects/Mahsa/datasets/grid/test/s33/lwih8p.mpg,288,292,4.3772501945495605,0.9759719416294441
31,3,/home/nabizadz/Projects/Mahsa/datasets/grid/test/s33/bgaq7s.mpg,248,252,4.5460615158081055,0.934434285924635
31,4,/home/nabizadz/Projects/Mahsa/datasets/grid/test/s33/bwwk6p.mpg,179,183,4.296189785003662,0.9969550178822012
31,5,/home/nabizadz/Projects/Mahsa/datasets/grid/test/s33/lwab7s.mpg,0,4,4.550133228302002,0.9999958996082715
31,6,/home/nabizadz/Projects/Mahsa/datasets/grid/test/s33/lgav5s.mpg,16,20,4.233511924743652,0.9986954828839211
31,7,/home/nabizadz/Projects/Mahsa/datasets/grid/test/s33/sgwg5a.mpg,5,9,4.567272663116455,0.9999003086281381
31,8,/home/nabizadz/Projects/Mahsa/datasets/grid/test/s33/bgik1a.mpg,161,165,4.081872940063477,0.9856236940887588
31,9,/home/nabizadz/Projects/Mahsa/datasets/grid/test/s33/lrbo3s.mpg,250,254,4.54083251953125,0.9656344514201919
31,10,/home/nabizadz/Projects/Mahsa/datasets/grid/test/s33/bwad4p.mpg,194,198,4.417413711547852,0.9730859027194327
31,11,/home/nabizadz/Projects/Mahsa/datasets/grid/test/s33/sriq8p.mpg,263,267,4.423943996429443,0.979507611667568
31,12,/home/nabizadz/Projects/Mahsa/datasets/grid/test/s33/pgia4p.mpg,36,40,4.382540225982666,0.9996694677944798
31,13,/home/nabizadz/Projects/Mahsa/datasets/grid/test/s33/bripzn.mpg,85,89,3.6420207023620605,0.9951243371149413
31,14,/home/nabizadz/Projects/Mahsa/datasets/grid/test/s33/sbbrzp.mpg,192,196,4.3601975440979,0.971103958277362
31,15,/home/nabizadz/Projects/Mahsa/datasets/grid/test/s33/pwwbzp.mpg,240,244,4.397903919219971,0.997066499811349
32,0,/home/nabizadz/Projects/Mahsa/datasets/grid/test/s33/pgwb5s.mpg,35,39,4.3262128829956055,0.9999362163570648
32,1,/home/nabizadz/Projects/Mahsa/datasets/grid/test/s33/bgby7a.mpg,203,207,4.206007480621338,0.8362358306283875
32,2,/home/nabizadz/Projects/Mahsa/datasets/grid/test/s33/brwd6p.mpg,37,41,4.420315265655518,0.9995235198322564
32,3,/home/nabizadz/Projects/Mahsa/datasets/grid/test/s33/pbal6n.mpg,122,126,4.387796878814697,0.9999288707707514
32,4,/home/nabizadz/Projects/Mahsa/datasets/grid/test/s33/lgiv1s.mpg,7,11,4.4543986320495605,0.9998192466492702
32,5,/home/nabizadz/Projects/Mahsa/datasets/grid/test/s33/pbaf3s.mpg,186,190,4.360805034637451,0.9620437050564379
32,6,/home/nabizadz/Projects/Mahsa/datasets/grid/test/s33/brwx9a.mpg,274,278,4.284651756286621,0.9512819181852316
32,7,/home/nabizadz/Projects/Mahsa/datasets/grid/test/s33/pbaz7a.mpg,230,234,4.408083438873291,0.9740402547282232
32,8,/home/nabizadz/Projects/Mahsa/datasets/grid/test/s33/pwat2n.mpg,131,135,4.111380100250244,0.993130405662998
32,9,/home/nabizadz/Projects/Mahsa/datasets/grid/test/s33/lbit5a.mpg,44,48,3.4926602840423584,0.9788208330863838
32,10,/home/nabizadz/Projects/Mahsa/datasets/grid/test/s33/lbbb1a.mpg,149,153,3.736288070678711,0.9929893321084492
32,11,/home/nabizadz/Projects/Mahsa/datasets/grid/test/s33/bbac1s.mpg,277,281,4.457659721374512,0.9716059073816051
32,12,/home/nabizadz/Projects/Mahsa/datasets/grid/test/s33/pbif1a.mpg,2,6,4.555616855621338,0.9999998987415226
32,13,/home/nabizadz/Projects/Mahsa/datasets/grid/test/s33/brbd1s.mpg,94,98,3.771028518676758,0.994191678307949
32,14,/home/nabizadz/Projects/Mahsa/datasets/grid/test/s33/lrih1s.mpg,131,135,4.083883285522461,0.9937351716116621
32,15,/home/nabizadz/Projects/Mahsa/datasets/grid/test/s33/pbbz9s.mpg,65,69,4.101963520050049,0.9982638388490368
33,0,/home/nabizadz/Projects/Mahsa/datasets/grid/test/s33/swiy7s.mpg,110,114,3.540475368499756,0.9969982473100095
33,1,/home/nabizadz/Projects/Mahsa/datasets/grid/test/s33/lwbv5a.mpg,101,105,4.2825093269348145,0.9986519567666743
33,2,/home/nabizadz/Projects/Mahsa/datasets/grid/test/s33/pbie9s.mpg,137,141,4.450497150421143,0.9973909430370398
33,3,/home/nabizadz/Projects/Mahsa/datasets/grid/test/s33/pragzp.mpg,61,65,3.8691444396972656,0.9893451377153302
33,4,/home/nabizadz/Projects/Mahsa/datasets/grid/test/s33/bwbk1s.mpg,218,222,4.403354644775391,0.9745989233391741
33,5,/home/nabizadz/Projects/Mahsa/datasets/grid/test/s33/bgbr1s.mpg,30,34,4.399288654327393,0.9999918084468209
33,6,/home/nabizadz/Projects/Mahsa/datasets/grid/test/s33/bwwk7a.mpg,273,277,4.445356845855713,0.9822191058223263
33,7,/home/nabizadz/Projects/Mahsa/datasets/grid/test/s33/srar2p.mpg,85,89,4.080626964569092,0.9992768855044861
33,8,/home/nabizadz/Projects/Mahsa/datasets/grid/test/s33/pbaf4p.mpg,150,154,4.181832790374756,0.9875856800294024
33,9,/home/nabizadz/Projects/Mahsa/datasets/grid/test/s33/lwau8n.mpg,215,219,4.50969123840332,0.9631711995566041
33,10,/home/nabizadz/Projects/Mahsa/datasets/grid/test/s33/bwwe1s.mpg,134,138,4.329133987426758,0.9976229013217369
33,11,/home/nabizadz/Projects/Mahsa/datasets/grid/test/s33/bbii1s.mpg,180,184,4.460520267486572,0.9911930270592894
33,12,/home/nabizadz/Projects/Mahsa/datasets/grid/test/s33/briv5s.mpg,68,72,4.24464750289917,0.9937859188780125
33,13,/home/nabizadz/Projects/Mahsa/datasets/grid/test/s33/lbia1s.mpg,247,251,4.394411563873291,0.9145214694350882
33,14,/home/nabizadz/Projects/Mahsa/datasets/grid/test/s33/pbiz1s.mpg,237,241,4.398168563842773,0.90766045261867
33,15,/home/nabizadz/Projects/Mahsa/datasets/grid/test/s33/sbij7s.mpg,77,81,2.2032079696655273,0.9848750477725315
34,0,/home/nabizadz/Projects/Mahsa/datasets/grid/test/s33/brbp9s.mpg,143,147,4.152379989624023,0.9954267403748923
34,1,/home/nabizadz/Projects/Mahsa/datasets/grid/test/s33/lwbv2n.mpg,286,290,4.220170021057129,0.9624266353632214
34,2,/home/nabizadz/Projects/Mahsa/datasets/grid/test/s33/pgwu6n.mpg,38,42,4.242489814758301,0.9979415386783156
34,3,/home/nabizadz/Projects/Mahsa/datasets/grid/test/s33/lrwi4p.mpg,39,43,3.680331230163574,0.9960377161828622
34,4,/home/nabizadz/Projects/Mahsa/datasets/grid/test/s33/bwwy5a.mpg,188,192,4.234243392944336,0.9582953445328081
34,5,/home/nabizadz/Projects/Mahsa/datasets/grid/test/s33/lbin1a.mpg,97,101,3.852815866470337,0.9765304734106023
34,6,/home/nabizadz/Projects/Mahsa/datasets/grid/test/s33/lbwh6n.mpg,125,129,4.492746353149414,0.9992523433276572
34,7,/home/nabizadz/Projects/Mahsa/datasets/grid/test/s33/lwbpzp.mpg,167,171,4.1412353515625,0.9929169722015697
34,8,/home/nabizadz/Projects/Mahsa/datasets/grid/test/s33/pbwtzp.mpg,277,281,4.3336100578308105,0.9622529511672177
34,9,/home/nabizadz/Projects/Mahsa/datasets/grid/test/s33/lrbo4p.mpg,289,293,4.48845100402832,0.9892392676094983
34,10,/home/nabizadz/Projects/Mahsa/datasets/grid/test/s33/brwj8n.mpg,18,22,4.3735761642456055,0.9999727841286801
34,11,/home/nabizadz/Projects/Mahsa/datasets/grid/test/s33/lgai6n.mpg,55,59,3.8765604496002197,0.9916036233595534
34,12,/home/nabizadz/Projects/Mahsa/datasets/grid/test/s33/lgbv8n.mpg,111,115,3.6667609214782715,0.9742036235350512
34,13,/home/nabizadz/Projects/Mahsa/datasets/grid/test/s33/bbwj4p.mpg,200,204,4.376794815063477,0.9868500027438575
34,14,/home/nabizadz/Projects/Mahsa/datasets/grid/test/s33/pwwu2p.mpg,138,142,4.232882976531982,0.9964161374944799
34,15,/home/nabizadz/Projects/Mahsa/datasets/grid/test/s33/lwab6n.mpg,197,201,4.459201335906982,0.9682816645715865
35,0,/home/nabizadz/Projects/Mahsa/datasets/grid/test/s33/bwax7a.mpg,257,261,4.526052951812744,0.9525407491204608
35,1,/home/nabizadz/Projects/Mahsa/datasets/grid/test/s33/lria8p.mpg,162,166,4.319112300872803,0.996505324051056
35,2,/home/nabizadz/Projects/Mahsa/datasets/grid/test/s33/brbx5a.mpg,264,268,4.453141212463379,0.9997763118167241
35,3,/home/nabizadz/Projects/Mahsa/datasets/grid/test/s33/brip1s.mpg,1,5,4.4896464347839355,0.9999986625697059
35,4,/home/nabizadz/Projects/Mahsa/datasets/grid/test/s33/sbbe2p.mpg,244,248,4.341670036315918,0.988686516798462
35,5,/home/nabizadz/Projects/Mahsa/datasets/grid/test/s33/swar7s.mpg,238,242,4.301208019256592,0.9410519303425211
35,6,/home/nabizadz/Projects/Mahsa/datasets/grid/test/s33/brii9a.mpg,201,205,4.486527442932129,0.977349102184463
35,7,/home/nabizadz/Projects/Mahsa/datasets/grid/test/s33/bbwp6n.mpg,147,151,3.857124090194702,0.987510928967577
35,8,/home/nabizadz/Projects/Mahsa/datasets/grid/test/s33/lwib3s.mpg,146,150,3.918907642364502,0.9758197880071977
35,9,/home/nabizadz/Projects/Mahsa/datasets/grid/test/s33/lrau3s.mpg,21,25,4.524848937988281,0.9999996430974047
35,10,/home/nabizadz/Projects/Mahsa/datasets/grid/test/s33/lwwj1a.mpg,169,173,4.2293477058410645,0.9952648801478471
35,11,/home/nabizadz/Projects/Mahsa/datasets/grid/test/s33/bbbi9s.mpg,53,57,3.793640375137329,0.9911048690738934
35,12,/home/nabizadz/Projects/Mahsa/datasets/grid/test/s33/prbazp.mpg,280,284,4.53892183303833,0.9946150661068645
35,13,/home/nabizadz/Projects/Mahsa/datasets/grid/test/s33/pwbg8n.mpg,97,101,3.7037248611450195,0.988036772343994
35,14,/home/nabizadz/Projects/Mahsa/datasets/grid/test/s33/pbiz3a.mpg,225,229,4.474147796630859,0.9670778658840509
35,15,/home/nabizadz/Projects/Mahsa/datasets/grid/test/s33/pgaa7s.mpg,225,229,4.425355911254883,0.9105013028322535
36,0,/home/nabizadz/Projects/Mahsa/datasets/grid/test/s33/pbbmzn.mpg,171,175,4.013066291809082,0.9895722095353384
36,1,/home/nabizadz/Projects/Mahsa/datasets/grid/test/s33/lbaa7a.mpg,115,119,4.396145820617676,0.9988542712535048
36,2,/home/nabizadz/Projects/Mahsa/datasets/grid/test/s33/lwiu6p.mpg,177,181,4.076352119445801,0.9922471510053337
36,3,/home/nabizadz/Projects/Mahsa/datasets/grid/test/s33/lwwp2n.mpg,165,169,4.3970465660095215,0.9815047015929858
36,4,/home/nabizadz/Projects/Mahsa/datasets/grid/test/s33/pwwn8p.mpg,80,84,3.514519453048706,0.9898000152115293
36,5,/home/nabizadz/Projects/Mahsa/datasets/grid/test/s33/lwwv6n.mpg,7,11,4.495138645172119,0.9981289218327946
36,6,/home/nabizadz/Projects/Mahsa/datasets/grid/test/s33/lbat7s.mpg,180,184,4.499601364135742,0.995541521190201
36,7,/home/nabizadz/Projects/Mahsa/datasets/grid/test/s33/sbid5a.mpg,280,284,4.37211275100708,0.9874664045863938
36,8,/home/nabizadz/Projects/Mahsa/datasets/grid/test/s33/sgir9s.mpg,148,152,3.9163978099823,0.990114170996746
36,9,/home/nabizadz/Projects/Mahsa/datasets/grid/test/s33/swae9s.mpg,78,82,3.675480604171753,0.9912576105934465
36,10,/home/nabizadz/Projects/Mahsa/datasets/grid/test/s33/bwix3a.mpg,295,299,4.283205509185791,0.9893452481629968
36,11,/home/nabizadz/Projects/Mahsa/datasets/grid/test/s33/bwwk4n.mpg,294,298,4.395837783813477,0.989851662009902
36,12,/home/nabizadz/Projects/Mahsa/datasets/grid/test/s33/brwq4p.mpg,107,111,4.1754350662231445,0.9999371787101768
36,13,/home/nabizadz/Projects/Mahsa/datasets/grid/test/s33/bgaq6n.mpg,62,66,3.5121567249298096,0.9911597445690418
36,14,/home/nabizadz/Projects/Mahsa/datasets/grid/test/s33/bwwy2n.mpg,35,39,4.366471290588379,0.9988991489231063
36,15,/home/nabizadz/Projects/Mahsa/datasets/grid/test/s33/lgwx3s.mpg,145,149,4.276618480682373,0.9948985377196081
37,0,/home/nabizadz/Projects/Mahsa/datasets/grid/test/s33/bwwezn.mpg,53,57,3.77912974357605,0.996837413017546
37,1,/home/nabizadz/Projects/Mahsa/datasets/grid/test/s33/bbbc7a.mpg,68,72,3.469493865966797,0.9517518529663472
37,2,/home/nabizadz/Projects/Mahsa/datasets/grid/test/s33/bbbp5a.mpg,147,151,4.3073248863220215,0.9993542709920467
37,3,/home/nabizadz/Projects/Mahsa/datasets/grid/test/s33/sbwe7a.mpg,50,54,3.6484150886535645,0.9854533801660316
37,4,/home/nabizadz/Projects/Mahsa/datasets/grid/test/s33/pgia3s.mpg,93,97,3.784090280532837,0.9773516205890292
37,5,/home/nabizadz/Projects/Mahsa/datasets/grid/test/s33/lgiv3a.mpg,168,172,4.4034013748168945,0.9960219995421036
37,6,/home/nabizadz/Projects/Mahsa/datasets/grid/test/s33/bwaqzn.mpg,286,290,4.384578704833984,0.9740436856307071
37,7,/home/nabizadz/Projects/Mahsa/datasets/grid/test/s33/pbwm5s.mpg,57,61,3.3162553310394287,0.9716514908866317
37,8,/home/nabizadz/Projects/Mahsa/datasets/grid/test/s33/pwba7a.mpg,257,261,4.243173599243164,0.9220398068807001
37,9,/home/nabizadz/Projects/Mahsa/datasets/grid/test/s33/srae5a.mpg,66,70,3.4848289489746094,0.9874264737035275
37,10,/home/nabizadz/Projects/Mahsa/datasets/grid/test/s33/prwn1s.mpg,204,208,4.401786804199219,0.9990786522608964
37,11,/home/nabizadz/Projects/Mahsa/datasets/grid/test/s33/pbbz8n.mpg,173,177,4.288039684295654,0.9826760777466474
37,12,/home/nabizadz/Projects/Mahsa/datasets/grid/test/s33/brac6n.mpg,234,238,4.377368450164795,0.9400165658309501
37,13,/home/nabizadz/Projects/Mahsa/datasets/grid/test/s33/sbij6n.mpg,105,109,4.189151763916016,0.9959254641261959
37,14,/home/nabizadz/Projects/Mahsa/datasets/grid/test/s33/lrbb7a.mpg,168,172,4.0376362800598145,0.9887197500692878
37,15,/home/nabizadz/Projects/Mahsa/datasets/grid/test/s33/pbil4p.mpg,192,196,4.253066539764404,0.9590981663420183
38,0,/home/nabizadz/Projects/Mahsa/datasets/grid/test/s33/lrin6p.mpg,229,233,4.533168315887451,0.9867317800567387
38,1,/home/nabizadz/Projects/Mahsa/datasets/grid/test/s33/swbs3a.mpg,45,49,3.7022905349731445,0.9914746635008439
38,2,/home/nabizadz/Projects/Mahsa/datasets/grid/test/s33/lgwj7a.mpg,261,265,4.406926155090332,0.9974045931521404
38,3,/home/nabizadz/Projects/Mahsa/datasets/grid/test/s33/sbwr2n.mpg,292,296,4.372843265533447,0.988398622193971
38,4,/home/nabizadz/Projects/Mahsa/datasets/grid/test/s33/srae4p.mpg,110,114,3.7105093002319336,0.983419314162515
38,5,/home/nabizadz/Projects/Mahsa/datasets/grid/test/s33/bwbd8p.mpg,176,180,4.340269565582275,0.9960013485777062
38,6,/home/nabizadz/Projects/Mahsa/datasets/grid/test/s33/bbiv1a.mpg,241,245,4.4182233810424805,0.9360226455578037
38,7,/home/nabizadz/Projects/Mahsa/datasets/grid/test/s33/swbl6n.mpg,241,245,4.27982234954834,0.9126323153427593
38,8,/home/nabizadz/Projects/Mahsa/datasets/grid/test/s33/pwwn6n.mpg,205,209,4.378225326538086,0.9491564328385469
38,9,/home/nabizadz/Projects/Mahsa/datasets/grid/test/s33/bwic8n.mpg,153,157,3.953486442565918,0.9886142552893697
38,10,/home/nabizadz/Projects/Mahsa/datasets/grid/test/s33/pwam8n.mpg,212,216,4.060081481933594,0.9933817421526709
38,11,/home/nabizadz/Projects/Mahsa/datasets/grid/test/s33/lbwo3a.mpg,24,28,4.334997653961182,0.9999923797705778
38,12,/home/nabizadz/Projects/Mahsa/datasets/grid/test/s33/pras7s.mpg,42,46,3.7154452800750732,0.9879109477664113
38,13,/home/nabizadz/Projects/Mahsa/datasets/grid/test/s33/briv4n.mpg,45,49,3.464606285095215,0.978568025450772
38,14,/home/nabizadz/Projects/Mahsa/datasets/grid/test/s33/pwaazn.mpg,26,30,4.243160724639893,0.9916354286244212
38,15,/home/nabizadz/Projects/Mahsa/datasets/grid/test/s33/sgbs7s.mpg,167,171,3.743542194366455,0.991905089667992
39,0,/home/nabizadz/Projects/Mahsa/datasets/grid/test/s33/sgiz2n.mpg,173,177,4.5135416984558105,0.997428613005014
39,1,/home/nabizadz/Projects/Mahsa/datasets/grid/test/s33/pgahzn.mpg,94,98,3.3070228099823,0.9823058777745697
39,2,/home/nabizadz/Projects/Mahsa/datasets/grid/test/s33/sgaf5s.mpg,88,92,1.9883794784545898,0.9815966551110327
39,3,/home/nabizadz/Projects/Mahsa/datasets/grid/test/s33/lbah1a.mpg,118,122,4.04317569732666,0.9934344204216754
39,4,/home/nabizadz/Projects/Mahsa/datasets/grid/test/s33/bbwx2p.mpg,234,238,4.359097003936768,0.9999999999999387
39,5,/home/nabizadz/Projects/Mahsa/datasets/grid/test/s33/bbio7a.mpg,117,121,4.025043964385986,0.9919085764878983
39,6,/home/nabizadz/Projects/Mahsa/datasets/grid/test/s33/srwl6p.mpg,196,200,4.443615913391113,0.9995660483661584
39,7,/home/nabizadz/Projects/Mahsa/datasets/grid/test/s33/sgaf4n.mpg,258,262,4.292543411254883,0.9406539566769467
39,8,/home/nabizadz/Projects/Mahsa/datasets/grid/test/s33/sgaz7s.mpg,247,251,4.3803324699401855,0.8904194957312919
39,9,/home/nabizadz/Projects/Mahsa/datasets/grid/test/s33/pras8p.mpg,245,249,4.249422550201416,0.9327446233902614
39,10,/home/nabizadz/Projects/Mahsa/datasets/grid/test/s33/braj3a.mpg,180,184,3.540217876434326,0.9833026610245146
39,11,/home/nabizadz/Projects/Mahsa/datasets/grid/test/s33/bgbrzn.mpg,140,144,3.7635273933410645,0.9852376107571024
39,12,/home/nabizadz/Projects/Mahsa/datasets/grid/test/s33/prwa4p.mpg,241,245,4.487561225891113,0.9967493927332529
39,13,/home/nabizadz/Projects/Mahsa/datasets/grid/test/s33/pwbt8p.mpg,114,118,3.99576997756958,0.9902266265093558
39,14,/home/nabizadz/Projects/Mahsa/datasets/grid/test/s33/braj2p.mpg,221,225,4.3236894607543945,0.9471995119990809
39,15,/home/nabizadz/Projects/Mahsa/datasets/grid/test/s33/pbiz2p.mpg,92,96,4.0686936378479,0.9914500043688118
40,0,/home/nabizadz/Projects/Mahsa/datasets/grid/test/s33/srbe7s.mpg,186,190,4.386860370635986,0.996367571744984
40,1,/home/nabizadz/Projects/Mahsa/datasets/grid/test/s33/bwbq7a.mpg,238,242,4.40235710144043,0.9145109956937105
40,2,/home/nabizadz/Projects/Mahsa/datasets/grid/test/s33/swiy6n.mpg,158,162,4.291736125946045,0.9947480276757352
40,3,/home/nabizadz/Projects/Mahsa/datasets/grid/test/s33/bwix1s.mpg,54,58,3.551762819290161,0.9910462232418226
40,4,/home/nabizadz/Projects/Mahsa/datasets/grid/test/s33/pwwh2n.mpg,168,172,3.975287437438965,0.994658497830546
40,5,/home/nabizadz/Projects/Mahsa/datasets/grid/test/s33/pwbt7s.mpg,75,79,4.19272518157959,0.9977624007249111
40,6,/home/nabizadz/Projects/Mahsa/datasets/grid/test/s33/sgbm5a.mpg,9,13,4.4173808097839355,0.9823328363670197
40,7,/home/nabizadz/Projects/Mahsa/datasets/grid/test/s33/sgamzp.mpg,209,213,4.291069030761719,0.9045650443519191
40,8,/home/nabizadz/Projects/Mahsa/datasets/grid/test/s33/lbit2n.mpg,65,69,3.387136936187744,0.9596792511651204
40,9,/home/nabizadz/Projects/Mahsa/datasets/grid/test/s33/bwaj7s.mpg,129,133,4.29421854019165,0.9987916762641497
40,10,/home/nabizadz/Projects/Mahsa/datasets/grid/test/s33/pwig2p.mpg,180,184,4.011270046234131,0.9847657583153605
40,11,/home/nabizadz/Projects/Mahsa/datasets/grid/test/s33/pgbb3a.mpg,52,56,3.4318811893463135,0.9771350555445785
40,12,/home/nabizadz/Projects/Mahsa/datasets/grid/test/s33/lwai3a.mpg,30,34,4.281008243560791,0.9995245698263115
40,13,/home/nabizadz/Projects/Mahsa/datasets/grid/test/s33/bgbr3a.mpg,62,66,3.620378255844116,0.986853231428198
40,14,/home/nabizadz/Projects/Mahsa/datasets/grid/test/s33/pgbn9s.mpg,131,135,4.401718616485596,0.9999317421432652
40,15,/home/nabizadz/Projects/Mahsa/datasets/grid/test/s33/bgwy8n.mpg,241,245,4.370978832244873,0.8531620508101592
41,0,/home/nabizadz/Projects/Mahsa/datasets/grid/test/s33/lwbczn.mpg,22,26,4.3881096839904785,0.9999814296904007
41,1,/home/nabizadz/Projects/Mahsa/datasets/grid/test/s33/bwidzp.mpg,33,37,4.389707088470459,0.9999889141787053
41,2,/home/nabizadz/Projects/Mahsa/datasets/grid/test/s33/bgbk7s.mpg,151,155,4.414272785186768,0.9979845216158827
41,3,/home/nabizadz/Projects/Mahsa/datasets/grid/test/s33/prwa2n.mpg,67,71,3.5576632022857666,0.9877737756235864
41,4,/home/nabizadz/Projects/Mahsa/datasets/grid/test/s33/prbg4p.mpg,14,18,4.33701229095459,0.9998162850196818
41,5,/home/nabizadz/Projects/Mahsa/datasets/grid/test/s33/sbbe1s.mpg,284,288,4.402474403381348,0.979702375424912
41,6,/home/nabizadz/Projects/Mahsa/datasets/grid/test/s33/lgio9a.mpg,158,162,4.201484680175781,0.9959242231890879
41,7,/home/nabizadz/Projects/Mahsa/datasets/grid/test/s33/lran8n.mpg,116,120,3.990391492843628,0.9946915856865184
41,8,/home/nabizadz/Projects/Mahsa/datasets/grid/test/s33/bbwxzn.mpg,232,236,4.4181227684021,0.9653152739388299
41,9,/home/nabizadz/Projects/Mahsa/datasets/grid/test/s33/swbf4p.mpg,125,129,3.3963263034820557,0.9893019576004434
41,10,/home/nabizadz/Projects/Mahsa/datasets/grid/test/s33/srwz4p.mpg,43,47,4.042903900146484,0.9899443015288867
41,11,/home/nabizadz/Projects/Mahsa/datasets/grid/test/s33/swir5a.mpg,186,190,4.198158264160156,0.9488534991832068
41,12,/home/nabizadz/Projects/Mahsa/datasets/grid/test/s33/praf9s.mpg,30,34,4.404251575469971,0.9999889211273242
41,13,/home/nabizadz/Projects/Mahsa/datasets/grid/test/s33/swilzp.mpg,202,206,4.431993007659912,0.9765541243608215
41,14,/home/nabizadz/Projects/Mahsa/datasets/grid/test/s33/pril8n.mpg,146,150,4.233212471008301,0.99440665066285
41,15,/home/nabizadz/Projects/Mahsa/datasets/grid/test/s33/bbbj1a.mpg,284,288,4.456353664398193,0.9950143693493393
42,0,/home/nabizadz/Projects/Mahsa/datasets/grid/test/s33/pgah1s.mpg,193,197,4.341256618499756,0.9462983197163367
42,1,/home/nabizadz/Projects/Mahsa/datasets/grid/test/s33/bwby1a.mpg,48,52,4.342857837677002,0.9991079381232121
42,2,/home/nabizadz/Projects/Mahsa/datasets/grid/test/s33/lwwc4n.mpg,256,260,4.2950615882873535,0.980541473649978
42,3,/home/nabizadz/Projects/Mahsa/datasets/grid/test/s33/sbiqzn.mpg,258,262,4.41915225982666,0.9175688145598196
42,4,/home/nabizadz/Projects/Mahsa/datasets/grid/test/s33/pgin3a.mpg,161,165,4.142070293426514,0.9922843091988631
42,5,/home/nabizadz/Projects/Mahsa/datasets/grid/test/s33/lrau4p.mpg,132,136,3.4160895347595215,0.9926850785645848
42,6,/home/nabizadz/Projects/Mahsa/datasets/grid/test/s33/lbbuzn.mpg,222,226,4.500643253326416,0.9999999999999961
42,7,/home/nabizadz/Projects/Mahsa/datasets/grid/test/s33/priz7s.mpg,190,194,4.305702209472656,0.9925210596211981
42,8,/home/nabizadz/Projects/Mahsa/datasets/grid/test/s33/pwan1a.mpg,125,129,4.23818826675415,0.9978001146392149
42,9,/home/nabizadz/Projects/Mahsa/datasets/grid/test/s33/pgat8n.mpg,30,34,4.2708740234375,0.9998268351178671
42,10,/home/nabizadz/Projects/Mahsa/datasets/grid/test/s33/lgai7s.mpg,50,54,3.475355386734009,0.9653838092595958
42,11,/home/nabizadz/Projects/Mahsa/datasets/grid/test/s33/brip2p.mpg,174,178,4.389961242675781,0.9964025571261126
42,12,/home/nabizadz/Projects/Mahsa/datasets/grid/test/s33/lrwv2p.mpg,232,236,4.32439661026001,0.9581376970240687
42,13,/home/nabizadz/Projects/Mahsa/datasets/grid/test/s33/sgaz8p.mpg,186,190,4.449253082275391,0.9863038634128958
42,14,/home/nabizadz/Projects/Mahsa/datasets/grid/test/s33/lbwh7s.mpg,207,211,4.430128574371338,0.9637478245740565
42,15,/home/nabizadz/Projects/Mahsa/datasets/grid/test/s33/pgia2n.mpg,57,61,4.181626796722412,0.9922195540549094
43,0,/home/nabizadz/Projects/Mahsa/datasets/grid/test/s33/bgwl3a.mpg,290,294,4.506899356842041,0.9923806040585976
43,1,/home/nabizadz/Projects/Mahsa/datasets/grid/test/s33/bgby5s.mpg,295,299,4.331330299377441,0.9905667878613185
43,2,/home/nabizadz/Projects/Mahsa/datasets/grid/test/s33/brap7a.mpg,229,233,4.518845558166504,0.980115525139857
43,3,/home/nabizadz/Projects/Mahsa/datasets/grid/test/s33/pbas3a.mpg,192,196,4.355284690856934,0.9575498468072354
43,4,/home/nabizadz/Projects/Mahsa/datasets/grid/test/s33/brbj4n.mpg,111,115,4.2142744064331055,0.9973886085849741
43,5,/home/nabizadz/Projects/Mahsa/datasets/grid/test/s33/bwbq5s.mpg,232,236,4.551131725311279,0.9420815479233677
43,6,/home/nabizadz/Projects/Mahsa/datasets/grid/test/s33/lgap1s.mpg,80,84,3.41585111618042,0.9758118653242919
43,7,/home/nabizadz/Projects/Mahsa/datasets/grid/test/s33/lgic1a.mpg,102,106,3.5206642150878906,0.9698176524150018
43,8,/home/nabizadz/Projects/Mahsa/datasets/grid/test/s33/bwaj9a.mpg,190,194,4.155121326446533,0.9923816857466569
43,9,/home/nabizadz/Projects/Mahsa/datasets/grid/test/s33/pbal7s.mpg,295,299,4.418900966644287,0.999673156612099
43,10,/home/nabizadz/Projects/Mahsa/datasets/grid/test/s33/lgii2n.mpg,136,140,3.3461005687713623,0.9943170267562255
43,11,/home/nabizadz/Projects/Mahsa/datasets/grid/test/s33/pgau1a.mpg,182,186,4.395510673522949,0.9601114832438917
43,12,/home/nabizadz/Projects/Mahsa/datasets/grid/test/s33/sbbk6p.mpg,126,130,4.2212371826171875,0.999803231987275
43,13,/home/nabizadz/Projects/Mahsa/datasets/grid/test/s33/lbbn9a.mpg,87,91,2.4914565086364746,0.9773412870817898
43,14,/home/nabizadz/Projects/Mahsa/datasets/grid/test/s33/bwbd6n.mpg,244,248,4.343918323516846,0.9811989906125734
43,15,/home/nabizadz/Projects/Mahsa/datasets/grid/test/s33/brav9s.mpg,190,194,4.341292381286621,0.9940958491106251
44,0,/home/nabizadz/Projects/Mahsa/datasets/grid/test/s33/srid8n.mpg,113,117,3.5429530143737793,0.9836938682918033
44,1,/home/nabizadz/Projects/Mahsa/datasets/grid/test/s33/pbil2n.mpg,223,227,4.277840614318848,0.9069614904335265
44,2,/home/nabizadz/Projects/Mahsa/datasets/grid/test/s33/bgbk6n.mpg,163,167,4.081382751464844,0.9939543549183868
44,3,/home/nabizadz/Projects/Mahsa/datasets/grid/test/s33/srbr7a.mpg,190,194,4.059858798980713,0.9933134185836082
44,4,/home/nabizadz/Projects/Mahsa/datasets/grid/test/s33/lgib8n.mpg,213,217,4.424056529998779,0.9000757099611644
44,5,/home/nabizadz/Projects/Mahsa/datasets/grid/test/s33/swik9s.mpg,148,152,4.286422252655029,0.9927750417292693
44,6,/home/nabizadz/Projects/Mahsa/datasets/grid/test/s33/pgah3a.mpg,0,4,4.485055923461914,0.9903122793237885
44,7,/home/nabizadz/Projects/Mahsa/datasets/grid/test/s33/lrao1a.mpg,99,103,4.31032657623291,0.9978521034825214
44,8,/home/nabizadz/Projects/Mahsa/datasets/grid/test/s33/lgio8p.mpg,73,77,3.883131742477417,0.9939912783091397
44,9,/home/nabizadz/Projects/Mahsa/datasets/grid/test/s33/srwz3s.mpg,6,10,4.507335662841797,0.9998992662807471
44,10,/home/nabizadz/Projects/Mahsa/datasets/grid/test/s33/lgbp6p.mpg,215,219,4.300726890563965,0.9261628810188505
44,11,/home/nabizadz/Projects/Mahsa/datasets/grid/test/s33/lwib2n.mpg,65,69,3.5121779441833496,0.9804924461572854
44,12,/home/nabizadz/Projects/Mahsa/datasets/grid/test/s33/pbal8p.mpg,51,55,3.952664375305176,0.9896487180664387
44,13,/home/nabizadz/Projects/Mahsa/datasets/grid/test/s33/brbj5s.mpg,120,124,3.9412388801574707,0.9918235801933619
44,14,/home/nabizadz/Projects/Mahsa/datasets/grid/test/s33/bbbp2n.mpg,49,53,3.4761526584625244,0.9890302964462979
44,15,/home/nabizadz/Projects/Mahsa/datasets/grid/test/s33/lban4p.mpg,149,153,4.4788289070129395,0.9964686703491602
45,0,/home/nabizadz/Projects/Mahsa/datasets/grid/test/s33/bbbc6p.mpg,264,268,4.257752895355225,0.932494906030037
45,1,/home/nabizadz/Projects/Mahsa/datasets/grid/test/s33/sgil7a.mpg,34,38,4.280082702636719,0.9999584932126523
45,2,/home/nabizadz/Projects/Mahsa/datasets/grid/test/s33/lwiu5s.mpg,234,238,4.415214538574219,0.8940889541161847
45,3,/home/nabizadz/Projects/Mahsa/datasets/grid/test/s33/lwwi9s.mpg,67,71,2.207503318786621,0.9919519636947208
45,4,/home/nabizadz/Projects/Mahsa/datasets/grid/test/s33/lria9a.mpg,230,234,4.374133110046387,0.9641873212167688
45,5,/home/nabizadz/Projects/Mahsa/datasets/grid/test/s33/sriy3a.mpg,6,10,4.479154109954834,0.9992950596612089
45,6,/home/nabizadz/Projects/Mahsa/datasets/grid/test/s33/lgiczp.mpg,148,152,4.114023685455322,0.9756388706091496
45,7,/home/nabizadz/Projects/Mahsa/datasets/grid/test/s33/bwaq1s.mpg,269,273,4.53734016418457,0.9633115377419028
45,8,/home/nabizadz/Projects/Mahsa/datasets/grid/test/s33/bbbc5s.mpg,234,238,4.332973003387451,0.9081156802095047
45,9,/home/nabizadz/Projects/Mahsa/datasets/grid/test/s33/sgir8n.mpg,180,184,4.372208118438721,0.9479749947114997
45,10,/home/nabizadz/Projects/Mahsa/datasets/grid/test/s33/prba1a.mpg,140,144,3.792297601699829,0.9864391192841779
45,11,/home/nabizadz/Projects/Mahsa/datasets/grid/test/s33/swaz2p.mpg,280,284,4.399018287658691,0.9625645650120255
45,12,/home/nabizadz/Projects/Mahsa/datasets/grid/test/s33/pwbh1a.mpg,272,276,4.198095798492432,0.9628855452971281
45,13,/home/nabizadz/Projects/Mahsa/datasets/grid/test/s33/pbaf5a.mpg,223,227,4.518199443817139,0.9988645336303325
45,14,/home/nabizadz/Projects/Mahsa/datasets/grid/test/s33/prwnzn.mpg,227,231,4.538780212402344,0.9787907009571785
45,15,/home/nabizadz/Projects/Mahsa/datasets/grid/test/s33/pwwa9s.mpg,68,72,4.023550033569336,0.9933095444764338
46,0,/home/nabizadz/Projects/Mahsa/datasets/grid/test/s33/sbby4p.mpg,93,97,3.5768165588378906,0.9926580081060116
46,1,/home/nabizadz/Projects/Mahsa/datasets/grid/test/s33/bgwr6p.mpg,66,70,3.6227879524230957,0.9873356544711822
46,2,/home/nabizadz/Projects/Mahsa/datasets/grid/test/s33/bbbv6n.mpg,234,238,4.459714889526367,0.9182238811054658
46,3,/home/nabizadz/Projects/Mahsa/datasets/grid/test/s33/bwad2n.mpg,33,37,4.323178768157959,0.9586108263696876
46,4,/home/nabizadz/Projects/Mahsa/datasets/grid/test/s33/lbwozn.mpg,133,137,3.983938217163086,0.9860539493755724
46,5,/home/nabizadz/Projects/Mahsa/datasets/grid/test/s33/bgwzzp.mpg,55,59,3.593804359436035,0.9854757850518858
46,6,/home/nabizadz/Projects/Mahsa/datasets/grid/test/s33/pris2n.mpg,285,289,4.550926685333252,0.9966606593928576
46,7,/home/nabizadz/Projects/Mahsa/datasets/grid/test/s33/lgwd3a.mpg,284,288,4.345921516418457,0.9489645015016196
46,8,/home/nabizadz/Projects/Mahsa/datasets/grid/test/s33/sgbf8n.mpg,134,138,4.137000560760498,0.9945453944362265
46,9,/home/nabizadz/Projects/Mahsa/datasets/grid/test/s33/bbwp9a.mpg,135,139,4.0325927734375,0.990620667521595
46,10,/home/nabizadz/Projects/Mahsa/datasets/grid/test/s33/bwbx8n.mpg,262,266,4.39446496963501,0.9821902981758808
46,11,/home/nabizadz/Projects/Mahsa/datasets/grid/test/s33/pwwn9a.mpg,195,199,4.396201133728027,0.9793243169343014
46,12,/home/nabizadz/Projects/Mahsa/datasets/grid/test/s33/srar3a.mpg,95,99,3.523981809616089,0.9882543616394267
46,13,/home/nabizadz/Projects/Mahsa/datasets/grid/test/s33/sriy2p.mpg,38,42,4.227586269378662,0.9964230221516457
46,14,/home/nabizadz/Projects/Mahsa/datasets/grid/test/s33/sgil4n.mpg,186,190,4.369358539581299,0.9899136884534663
46,15,/home/nabizadz/Projects/Mahsa/datasets/grid/test/s33/pgit6p.mpg,230,234,4.4613728523254395,0.9393613160496103
47,0,/home/nabizadz/Projects/Mahsa/datasets/grid/test/s33/lwbc2p.mpg,164,168,3.897296190261841,0.9726559176768553
47,1,/home/nabizadz/Projects/Mahsa/datasets/grid/test/s33/sgifzn.mpg,117,121,4.3724541664123535,0.9991218082593654
47,2,/home/nabizadz/Projects/Mahsa/datasets/grid/test/s33/sgaz9a.mpg,74,78,3.5173890590667725,0.9883997447383496
47,3,/home/nabizadz/Projects/Mahsa/datasets/grid/test/s33/pwba5s.mpg,271,275,4.326173305511475,0.9715679597263145
47,4,/home/nabizadz/Projects/Mahsa/datasets/grid/test/s33/pwag4n.mpg,69,73,4.091856956481934,0.9948101564831265
47,5,/home/nabizadz/Projects/Mahsa/datasets/grid/test/s33/lbbh4p.mpg,207,211,4.486144542694092,0.9962903500758049
47,6,/home/nabizadz/Projects/Mahsa/datasets/grid/test/s33/srbe9a.mpg,282,286,4.38215446472168,0.9653620562830284
47,7,/home/nabizadz/Projects/Mahsa/datasets/grid/test/s33/srwz2n.mpg,247,251,4.407943248748779,0.9079784838200579
47,8,/home/nabizadz/Projects/Mahsa/datasets/grid/test/s33/sbiq1s.mpg,182,186,4.3652753829956055,0.9955201367441019
47,9,/home/nabizadz/Projects/Mahsa/datasets/grid/test/s33/lgav4n.mpg,240,244,4.432816982269287,0.9543811293463337
47,10,/home/nabizadz/Projects/Mahsa/datasets/grid/test/s33/bgayzn.mpg,117,121,3.9370200634002686,0.988516665029865
47,11,/home/nabizadz/Projects/Mahsa/datasets/grid/test/s33/srwl4n.mpg,19,23,3.642029285430908,0.9955721931268062
47,12,/home/nabizadz/Projects/Mahsa/datasets/grid/test/s33/lgap2p.mpg,288,292,4.2743377685546875,0.9839808567111558
47,13,/home/nabizadz/Projects/Mahsa/datasets/grid/test/s33/lbbh2n.mpg,240,244,4.357211112976074,0.9766971021071625
47,14,/home/nabizadz/Projects/Mahsa/datasets/grid/test/s33/lgbx1a.mpg,51,55,4.166407108306885,0.9970702352423283
47,15,/home/nabizadz/Projects/Mahsa/datasets/grid/test/s33/brav8n.mpg,218,222,4.524557113647461,0.9925227552105108
48,0,/home/nabizadz/Projects/Mahsa/datasets/grid/test/s33/brbqzp.mpg,15,19,4.561281681060791,0.9999999963637806
48,1,/home/nabizadz/Projects/Mahsa/datasets/grid/test/s33/swik8n.mpg,187,191,4.208497524261475,0.8952843071957405
48,2,/home/nabizadz/Projects/Mahsa/datasets/grid/test/s33/bwix2p.mpg,85,89,3.990318536758423,0.9981247294696853
48,3,/home/nabizadz/Projects/Mahsa/datasets/grid/test/s33/brwq2n.mpg,67,71,3.5385701656341553,0.9934584900270955
48,4,/home/nabizadz/Projects/Mahsa/datasets/grid/test/s33/lwib5a.mpg,35,39,4.370436191558838,0.9994222239762328
48,5,/home/nabizadz/Projects/Mahsa/datasets/grid/test/s33/pram5a.mpg,199,203,4.324759006500244,0.9459515657372125
48,6,/home/nabizadz/Projects/Mahsa/datasets/grid/test/s33/bgix7s.mpg,190,194,4.271291255950928,0.9480320927395609
48,7,/home/nabizadz/Projects/Mahsa/datasets/grid/test/s33/lgwp9s.mpg,222,226,4.173132419586182,0.9100139720705253
48,8,/home/nabizadz/Projects/Mahsa/datasets/grid/test/s33/lgii3s.mpg,8,12,4.441807270050049,0.9999477418524257
48,9,/home/nabizadz/Projects/Mahsa/datasets/grid/test/s33/bgix6n.mpg,249,253,4.350377082824707,0.995048251493658
48,10,/home/nabizadz/Projects/Mahsa/datasets/grid/test/s33/sgwm7s.mpg,268,272,4.147984981536865,0.9412169516784773
48,11,/home/nabizadz/Projects/Mahsa/datasets/grid/test/s33/pbbf6n.mpg,70,74,4.044869422912598,0.9974305026904351
48,12,/home/nabizadz/Projects/Mahsa/datasets/grid/test/s33/pwim7a.mpg,190,194,4.273677825927734,0.936682348926499
48,13,/home/nabizadz/Projects/Mahsa/datasets/grid/test/s33/sgil6p.mpg,209,213,4.427091121673584,0.9545463539942234
48,14,/home/nabizadz/Projects/Mahsa/datasets/grid/test/s33/bbwp8p.mpg,282,286,4.521864414215088,0.9765976677978263
48,15,/home/nabizadz/Projects/Mahsa/datasets/grid/test/s33/swae8n.mpg,76,80,3.8283445835113525,0.9975187202925705
49,0,/home/nabizadz/Projects/Mahsa/datasets/grid/test/s33/braj1s.mpg,293,297,4.390789985656738,0.9922289267937436
49,1,/home/nabizadz/Projects/Mahsa/datasets/grid/test/s33/prwn3a.mpg,49,53,4.028278350830078,0.9972203696131559
49,2,/home/nabizadz/Projects/Mahsa/datasets/grid/test/s33/bwbq6p.mpg,291,295,4.341738224029541,0.9999649991396363
49,3,/home/nabizadz/Projects/Mahsa/datasets/grid/test/s33/lban3s.mpg,95,99,3.753926992416382,0.9884958808320403
49,4,/home/nabizadz/Projects/Mahsa/datasets/grid/test/s33/bwax5s.mpg,106,110,4.145273685455322,0.9982805306314143
49,5,/home/nabizadz/Projects/Mahsa/datasets/grid/test/s33/lbit4p.mpg,86,90,3.621962308883667,0.9787087754426299
49,6,/home/nabizadz/Projects/Mahsa/datasets/grid/test/s33/brii8p.mpg,62,66,3.5215115547180176,0.9916886395567068
49,7,/home/nabizadz/Projects/Mahsa/datasets/grid/test/s33/pbil3s.mpg,40,44,4.246755599975586,0.9802000782205603
49,8,/home/nabizadz/Projects/Mahsa/datasets/grid/test/s33/lwbi5s.mpg,178,182,4.420116424560547,0.9999999999999933
49,9,/home/nabizadz/Projects/Mahsa/datasets/grid/test/s33/lwbp1a.mpg,120,124,3.6116766929626465,0.9809292311942552
49,10,/home/nabizadz/Projects/Mahsa/datasets/grid/test/s33/prwa3s.mpg,260,264,4.154693603515625,0.9051544570654403
49,11,/home/nabizadz/Projects/Mahsa/datasets/grid/test/s33/sbakzn.mpg,216,220,4.340712547302246,0.9676402571751676
49,12,/home/nabizadz/Projects/Mahsa/datasets/grid/test/s33/lwwp4p.mpg,69,73,3.921142339706421,0.9992238440965494
49,13,/home/nabizadz/Projects/Mahsa/datasets/grid/test/s33/srak6n.mpg,142,146,3.6411807537078857,0.9882987752203874
49,14,/home/nabizadz/Projects/Mahsa/datasets/grid/test/s33/swaf1a.mpg,108,112,3.769117832183838,0.991190025033485
49,15,/home/nabizadz/Projects/Mahsa/datasets/grid/test/s33/pbwg3a.mpg,294,298,4.3552446365356445,0.9968094624365451
50,0,/home/nabizadz/Projects/Mahsa/datasets/grid/test/s33/bwip7s.mpg,99,103,3.7276859283447266,0.9916896835667875
50,1,/home/nabizadz/Projects/Mahsa/datasets/grid/test/s33/lrwb9s.mpg,147,151,4.103962421417236,0.9790019245750174
50,2,/home/nabizadz/Projects/Mahsa/datasets/grid/test/s33/bgaq8p.mpg,119,123,4.308129787445068,0.9900432802366228
50,3,/home/nabizadz/Projects/Mahsa/datasets/grid/test/s33/pginzn.mpg,223,227,4.393609523773193,0.9454577820038617
50,4,/home/nabizadz/Projects/Mahsa/datasets/grid/test/s33/srbl1s.mpg,107,111,4.1402058601379395,0.9980286009266987
50,5,/home/nabizadz/Projects/Mahsa/datasets/grid/test/s33/swiy9a.mpg,257,261,4.456424713134766,0.988655162898361
50,6,/home/nabizadz/Projects/Mahsa/datasets/grid/test/s33/bwax6p.mpg,221,225,4.29371976852417,0.9915230582549893
50,7,/home/nabizadz/Projects/Mahsa/datasets/grid/test/s33/sbwr5a.mpg,164,168,4.392743110656738,0.9945940388636414
50,8,/home/nabizadz/Projects/Mahsa/datasets/grid/test/s33/sbaq4n.mpg,290,294,4.470412731170654,0.9904756788422514
50,9,/home/nabizadz/Projects/Mahsa/datasets/grid/test/s33/briv7a.mpg,132,136,4.081780910491943,0.9985810283484075
50,10,/home/nabizadz/Projects/Mahsa/datasets/grid/test/s33/lgbc8p.mpg,4,8,4.562674045562744,0.999998029140939
50,11,/home/nabizadz/Projects/Mahsa/datasets/grid/test/s33/lbig5s.mpg,252,256,4.47067928314209,0.9528944793349469
50,12,/home/nabizadz/Projects/Mahsa/datasets/grid/test/s33/sbwlzp.mpg,138,142,4.144532680511475,0.9960795234485301
50,13,/home/nabizadz/Projects/Mahsa/datasets/grid/test/s33/pram3s.mpg,250,254,4.338901996612549,0.8872509030015825
50,14,/home/nabizadz/Projects/Mahsa/datasets/grid/test/s33/pbbs5s.mpg,207,211,4.409403324127197,0.928088269851827
50,15,/home/nabizadz/Projects/Mahsa/datasets/grid/test/s33/prag1a.mpg,45,49,4.525570869445801,0.9993966471561888
51,0,/home/nabizadz/Projects/Mahsa/datasets/grid/test/s33/bgix9a.mpg,121,125,4.3645524978637695,0.9989175339235495
51,1,/home/nabizadz/Projects/Mahsa/datasets/grid/test/s33/pgia5a.mpg,94,98,3.5335092544555664,0.9830288421978564
51,2,/home/nabizadz/Projects/Mahsa/datasets/grid/test/s33/lgbv9s.mpg,3,7,4.479038238525391,0.9999996032379633
51,3,/home/nabizadz/Projects/Mahsa/datasets/grid/test/s33/srwl5s.mpg,215,219,4.4060893058776855,0.9352878204367129
51,4,/home/nabizadz/Projects/Mahsa/datasets/grid/test/s33/pbwt1a.mpg,166,170,4.125588417053223,0.9908466535737074
51,5,/home/nabizadz/Projects/Mahsa/datasets/grid/test/s33/lgivzn.mpg,70,74,2.5791993141174316,0.9607112388886891
51,6,/home/nabizadz/Projects/Mahsa/datasets/grid/test/s33/brbx3s.mpg,247,251,4.466794490814209,0.8806581811779306
51,7,/home/nabizadz/Projects/Mahsa/datasets/grid/test/s33/swil1a.mpg,6,10,4.438141345977783,0.9982396269035138
51,8,/home/nabizadz/Projects/Mahsa/datasets/grid/test/s33/lban5a.mpg,262,266,4.415481090545654,0.9076037784037161
51,9,/home/nabizadz/Projects/Mahsa/datasets/grid/test/s33/bwij4p.mpg,10,14,4.433517932891846,0.9999953856585339
51,10,/home/nabizadz/Projects/Mahsa/datasets/grid/test/s33/bbii2p.mpg,287,291,4.088353157043457,0.9665985145294518
51,11,/home/nabizadz/Projects/Mahsa/datasets/grid/test/s33/pgan4n.mpg,277,281,4.268486976623535,0.9526849396272227
51,12,/home/nabizadz/Projects/Mahsa/datasets/grid/test/s33/brbdzn.mpg,54,58,3.602350950241089,0.9882216193674056
51,13,/home/nabizadz/Projects/Mahsa/datasets/grid/test/s33/pbizzn.mpg,220,224,4.358008861541748,0.925668567691967
51,14,/home/nabizadz/Projects/Mahsa/datasets/grid/test/s33/lrwv3a.mpg,291,295,4.437044620513916,0.9959110016717176
51,15,/home/nabizadz/Projects/Mahsa/datasets/grid/test/s33/brap6p.mpg,197,201,4.496677398681641,0.9791720513212976
52,0,/home/nabizadz/Projects/Mahsa/datasets/grid/test/s33/lrit9s.mpg,170,174,4.448395252227783,0.9697745921274746
52,1,/home/nabizadz/Projects/Mahsa/datasets/grid/test/s33/pwwb1a.mpg,155,159,3.98698091506958,0.9889638320058389
52,2,/home/nabizadz/Projects/Mahsa/datasets/grid/test/s33/sbaq5s.mpg,192,196,4.45634651184082,0.9882212244647982
52,3,/home/nabizadz/Projects/Mahsa/datasets/grid/test/s33/prbg2n.mpg,170,174,4.2124128341674805,0.9676511048225549
52,4,/home/nabizadz/Projects/Mahsa/datasets/grid/test/s33/lbwb5a.mpg,118,122,4.1044206619262695,0.993895083646914
52,5,/home/nabizadz/Projects/Mahsa/datasets/grid/test/s33/bgiq3s.mpg,26,30,4.289168834686279,0.9997276924644861
52,6,/home/nabizadz/Projects/Mahsa/datasets/grid/test/s33/bbbv9a.mpg,128,132,3.5220963954925537,0.9718083506146067
52,7,/home/nabizadz/Projects/Mahsa/datasets/grid/test/s33/sbwy8p.mpg,170,174,3.757384777069092,0.972129174712695
52,8,/home/nabizadz/Projects/Mahsa/datasets/grid/test/s33/swie4n.mpg,193,197,4.388176441192627,0.8897890856970238
52,9,/home/nabizadz/Projects/Mahsa/datasets/grid/test/s33/sgbg1a.mpg,165,169,4.509212493896484,0.9895550514608419
52,10,/home/nabizadz/Projects/Mahsa/datasets/grid/test/s33/prbm7s.mpg,21,25,4.464862823486328,0.9999848228276668
52,11,/home/nabizadz/Projects/Mahsa/datasets/grid/test/s33/lgav7a.mpg,196,200,4.404635906219482,0.9112483014632481
52,12,/home/nabizadz/Projects/Mahsa/datasets/grid/test/s33/lwab9a.mpg,207,211,4.355533123016357,0.9996026297393813
52,13,/home/nabizadz/Projects/Mahsa/datasets/grid/test/s33/bbiizn.mpg,27,31,4.381669998168945,0.9905452537345628
52,14,/home/nabizadz/Projects/Mahsa/datasets/grid/test/s33/sgbs6n.mpg,42,46,4.452439785003662,0.9991301958507445
52,15,/home/nabizadz/Projects/Mahsa/datasets/grid/test/s33/bbwj3s.mpg,156,160,4.104703426361084,0.9878397555484392
53,0,/home/nabizadz/Projects/Mahsa/datasets/grid/test/s33/sray6p.mpg,272,276,4.003354072570801,0.9433437766592677
53,1,/home/nabizadz/Projects/Mahsa/datasets/grid/test/s33/bgby6p.mpg,165,169,4.422142028808594,0.9999824972600861
53,2,/home/nabizadz/Projects/Mahsa/datasets/grid/test/s33/srik5a.mpg,250,254,4.406825542449951,0.8990105866096274
53,3,/home/nabizadz/Projects/Mahsa/datasets/grid/test/s33/lgwp8n.mpg,36,40,4.270979404449463,0.9998458038976598
53,4,/home/nabizadz/Projects/Mahsa/datasets/grid/test/s33/lrwb8n.mpg,272,276,4.180469989776611,0.9269270706156086
53,5,/home/nabizadz/Projects/Mahsa/datasets/grid/test/s33/prwg7s.mpg,198,202,4.404945373535156,0.9981708903318848
53,6,/home/nabizadz/Projects/Mahsa/datasets/grid/test/s33/sbayzp.mpg,67,71,4.251473426818848,0.9997571521783142
53,7,/home/nabizadz/Projects/Mahsa/datasets/grid/test/s33/lrwc1a.mpg,273,277,4.284134864807129,0.9183880878348216
53,8,/home/nabizadz/Projects/Mahsa/datasets/grid/test/s33/swar8p.mpg,109,113,3.654898166656494,0.9910877648435504
53,9,/home/nabizadz/Projects/Mahsa/datasets/grid/test/s33/pgbu2n.mpg,289,293,4.395516395568848,0.9852170083951178
53,10,/home/nabizadz/Projects/Mahsa/datasets/grid/test/s33/lgwj4n.mpg,91,95,4.171713352203369,0.99637970125471
53,11,/home/nabizadz/Projects/Mahsa/datasets/grid/test/s33/bbwd1a.mpg,223,227,4.380497455596924,0.9020484442638657
53,12,/home/nabizadz/Projects/Mahsa/datasets/grid/test/s33/lrab1s.mpg,104,108,4.030529975891113,0.9917800577582634
53,13,/home/nabizadz/Projects/Mahsa/datasets/grid/test/s33/bgak4p.mpg,73,77,3.6074938774108887,0.9681072279802861
53,14,/home/nabizadz/Projects/Mahsa/datasets/grid/test/s33/sgwt2p.mpg,59,63,3.885921001434326,0.9896472723653886
53,15,/home/nabizadz/Projects/Mahsa/datasets/grid/test/s33/lwwv8p.mpg,107,111,4.127504348754883,0.9964936404041325
54,0,/home/nabizadz/Projects/Mahsa/datasets/grid/test/s33/lbba9s.mpg,46,50,4.082289218902588,0.9984686004584756
54,1,/home/nabizadz/Projects/Mahsa/datasets/grid/test/s33/bwaq2p.mpg,218,222,4.300650119781494,0.8580287215391482
54,2,/home/nabizadz/Projects/Mahsa/datasets/grid/test/s33/lwiozn.mpg,160,164,4.009486198425293,0.9918141098001878
54,3,/home/nabizadz/Projects/Mahsa/datasets/grid/test/s33/pbbm3a.mpg,66,70,4.339600086212158,0.99644472549714
54,4,/home/nabizadz/Projects/Mahsa/datasets/grid/test/s33/sbwe6p.mpg,249,253,4.253401279449463,0.8471733463826199
54,5,/home/nabizadz/Projects/Mahsa/datasets/grid/test/s33/bwaq3a.mpg,253,257,4.199598789215088,0.8694188546512994
54,6,/home/nabizadz/Projects/Mahsa/datasets/grid/test/s33/lbwo1s.mpg,234,238,4.386574745178223,0.8434795671789574
54,7,/home/nabizadz/Projects/Mahsa/datasets/grid/test/s33/pwbn3s.mpg,26,30,4.117780685424805,0.9914533978643519
54,8,/home/nabizadz/Projects/Mahsa/datasets/grid/test/s33/sbwk8n.mpg,227,231,4.342116355895996,0.9713800643289754
54,9,/home/nabizadz/Projects/Mahsa/datasets/grid/test/s33/lwib4p.mpg,172,176,4.154869556427002,0.9806332690222241
54,10,/home/nabizadz/Projects/Mahsa/datasets/grid/test/s33/prif6p.mpg,265,269,4.3742475509643555,0.9998687494423648
54,11,/home/nabizadz/Projects/Mahsa/datasets/grid/test/s33/lwbi4n.mpg,144,148,4.078746795654297,0.9962538268521134
54,12,/home/nabizadz/Projects/Mahsa/datasets/grid/test/s33/lbbu2p.mpg,111,115,4.163686752319336,0.9995164438676497
54,13,/home/nabizadz/Projects/Mahsa/datasets/grid/test/s33/swir3s.mpg,191,195,4.2192206382751465,0.9949439571197772
54,14,/home/nabizadz/Projects/Mahsa/datasets/grid/test/s33/swws5s.mpg,79,83,4.244809627532959,0.9999610519864285
54,15,/home/nabizadz/Projects/Mahsa/datasets/grid/test/s33/swaz1s.mpg,109,113,3.6360535621643066,0.9956623240561112
55,0,/home/nabizadz/Projects/Mahsa/datasets/grid/test/s33/lwao6p.mpg,272,276,4.253974914550781,0.9963771721723373
55,1,/home/nabizadz/Projects/Mahsa/datasets/grid/test/s33/pris4p.mpg,212,216,4.532678604125977,0.9717113330052147
55,2,/home/nabizadz/Projects/Mahsa/datasets/grid/test/s33/pwitzp.mpg,21,25,4.486453533172607,0.9999906121403971
55,3,/home/nabizadz/Projects/Mahsa/datasets/grid/test/s33/pgwb7a.mpg,11,15,4.397769451141357,0.9983369820035433
55,4,/home/nabizadz/Projects/Mahsa/datasets/grid/test/s33/pwat3s.mpg,89,93,4.430241107940674,0.999985297154148
55,5,/home/nabizadz/Projects/Mahsa/datasets/grid/test/s33/pril9s.mpg,14,18,4.517961025238037,0.9999703409468348
55,6,/home/nabizadz/Projects/Mahsa/datasets/grid/test/s33/bgwlzn.mpg,183,187,4.233677387237549,0.9925990117326505
55,7,/home/nabizadz/Projects/Mahsa/datasets/grid/test/s33/sbwr4p.mpg,192,196,4.131157875061035,0.9832868688142987
55,8,/home/nabizadz/Projects/Mahsa/datasets/grid/test/s33/bbai5s.mpg,134,138,4.41499662399292,0.9960288153180209
55,9,/home/nabizadz/Projects/Mahsa/datasets/grid/test/s33/swbf5a.mpg,45,49,4.1344709396362305,0.9979283843172937
55,10,/home/nabizadz/Projects/Mahsa/datasets/grid/test/s33/brbj6p.mpg,173,177,3.875328540802002,0.9774443695811872
55,11,/home/nabizadz/Projects/Mahsa/datasets/grid/test/s33/lwwc5s.mpg,190,194,4.396994113922119,0.9558086155500892
55,12,/home/nabizadz/Projects/Mahsa/datasets/grid/test/s33/srik3s.mpg,41,45,4.103897571563721,0.9938673085408137
55,13,/home/nabizadz/Projects/Mahsa/datasets/grid/test/s33/bwbx9s.mpg,10,14,4.493975639343262,0.9990925156250205
55,14,/home/nabizadz/Projects/Mahsa/datasets/grid/test/s33/brbq1a.mpg,170,174,4.225385665893555,0.9938967731852762
55,15,/home/nabizadz/Projects/Mahsa/datasets/grid/test/s33/sgas3s.mpg,75,79,3.4394829273223877,0.9889139707999282
56,0,/home/nabizadz/Projects/Mahsa/datasets/grid/test/s33/briv6p.mpg,248,252,4.314751625061035,0.866801746623922
56,1,/home/nabizadz/Projects/Mahsa/datasets/grid/test/s33/pwag7a.mpg,37,41,4.249568462371826,0.9984172371370768
56,2,/home/nabizadz/Projects/Mahsa/datasets/grid/test/s33/pgwizp.mpg,261,265,4.355627536773682,0.9801378426082895
56,3,/home/nabizadz/Projects/Mahsa/datasets/grid/test/s33/brip3a.mpg,205,209,4.0784831047058105,0.892201931188866
56,4,/home/nabizadz/Projects/Mahsa/datasets/grid/test/s33/pgig6n.mpg,62,66,4.0478835105896,0.994709139689517
56,5,/home/nabizadz/Projects/Mahsa/datasets/grid/test/s33/lgwdzn.mpg,115,119,3.5932979583740234,0.9702708078331278
56,6,/home/nabizadz/Projects/Mahsa/datasets/grid/test/s33/pbwg1s.mpg,115,119,3.8836441040039062,0.9844365287087283
56,7,/home/nabizadz/Projects/Mahsa/datasets/grid/test/s33/lbat9a.mpg,132,136,4.304925441741943,0.9898211251707013
56,8,/home/nabizadz/Projects/Mahsa/datasets/grid/test/s33/lrin4n.mpg,184,188,4.379727840423584,0.9999878391253861
56,9,/home/nabizadz/Projects/Mahsa/datasets/grid/test/s33/lwwp3s.mpg,18,22,4.384542942047119,0.9999706366580813
56,10,/home/nabizadz/Projects/Mahsa/datasets/grid/test/s33/brbd2p.mpg,166,170,4.230892181396484,0.992353644135962
56,11,/home/nabizadz/Projects/Mahsa/datasets/grid/test/s33/bwbkzn.mpg,178,182,3.899632692337036,0.9765693302720367
56,12,/home/nabizadz/Projects/Mahsa/datasets/grid/test/s33/priz9a.mpg,259,263,4.552170753479004,0.9900837647874495
56,13,/home/nabizadz/Projects/Mahsa/datasets/grid/test/s33/bgaq9a.mpg,168,172,4.247761249542236,0.9907395788772314
56,14,/home/nabizadz/Projects/Mahsa/datasets/grid/test/s33/prbt2p.mpg,197,201,4.425771236419678,0.9766395263566467
56,15,/home/nabizadz/Projects/Mahsa/datasets/grid/test/s33/pbir6n.mpg,263,267,4.4113335609436035,0.9321416315006318
57,0,/home/nabizadz/Projects/Mahsa/datasets/grid/test/s33/sgwtzn.mpg,120,124,4.18870735168457,0.99840157919634
57,1,/home/nabizadz/Projects/Mahsa/datasets/grid/test/s33/srak7s.mpg,255,259,4.161965370178223,0.8778875669603683
57,2,/home/nabizadz/Projects/Mahsa/datasets/grid/test/s33/sbwy6n.mpg,92,96,3.5938048362731934,0.9722067662347182
57,3,/home/nabizadz/Projects/Mahsa/datasets/grid/test/s33/bbwx3a.mpg,89,93,3.621154308319092,0.9943163546350696
57,4,/home/nabizadz/Projects/Mahsa/datasets/grid/test/s33/lwai1s.mpg,219,223,4.417010307312012,0.9614254779151172
57,5,/home/nabizadz/Projects/Mahsa/datasets/grid/test/s33/sgwm8p.mpg,167,171,4.466176509857178,0.9971956967346982
57,6,/home/nabizadz/Projects/Mahsa/datasets/grid/test/s33/pwis9s.mpg,168,172,4.1053080558776855,0.9753316574972961
57,7,/home/nabizadz/Projects/Mahsa/datasets/grid/test/s33/bgbe2n.mpg,295,299,4.460665702819824,0.9999999999999953
57,8,/home/nabizadz/Projects/Mahsa/datasets/grid/test/s33/lbbn7s.mpg,35,39,3.8733692169189453,0.9973995816493718
57,9,/home/nabizadz/Projects/Mahsa/datasets/grid/test/s33/lbag8n.mpg,211,215,4.4853997230529785,0.9735527453797438
57,10,/home/nabizadz/Projects/Mahsa/datasets/grid/test/s33/pbbs6p.mpg,101,105,3.9515295028686523,0.9919966437330043
57,11,/home/nabizadz/Projects/Mahsa/datasets/grid/test/s33/pwig3a.mpg,244,248,4.418702125549316,0.9015513679573791
57,12,/home/nabizadz/Projects/Mahsa/datasets/grid/test/s33/pgwo4p.mpg,172,176,4.188073635101318,0.9729371125402021
57,13,/home/nabizadz/Projects/Mahsa/datasets/grid/test/s33/braxzp.mpg,214,218,4.419824600219727,0.9795734898206105
57,14,/home/nabizadz/Projects/Mahsa/datasets/grid/test/s33/swiy8p.mpg,2,6,4.474262714385986,0.9996567911298193
57,15,/home/nabizadz/Projects/Mahsa/datasets/grid/test/s33/lgbp7a.mpg,243,247,4.354847431182861,0.9900877269196385
58,0,/home/nabizadz/Projects/Mahsa/datasets/grid/test/s33/pwwh5a.mpg,16,20,4.379777431488037,0.9996082026367092
58,1,/home/nabizadz/Projects/Mahsa/datasets/grid/test/s33/pbaf2n.mpg,37,41,4.3564019203186035,0.9951810239595651
58,2,/home/nabizadz/Projects/Mahsa/datasets/grid/test/s33/lbia3a.mpg,247,251,4.345860004425049,0.8931956406362935
58,3,/home/nabizadz/Projects/Mahsa/datasets/grid/test/s33/lgii5a.mpg,11,15,4.46396017074585,0.9999991586548896
58,4,/home/nabizadz/Projects/Mahsa/datasets/grid/test/s33/lbwu7a.mpg,1,5,4.504732608795166,0.9992477228518254
58,5,/home/nabizadz/Projects/Mahsa/datasets/grid/test/s33/srid9s.mpg,285,289,4.401060104370117,0.9726674570874927
58,6,/home/nabizadz/Projects/Mahsa/datasets/grid/test/s33/lrwvzn.mpg,158,162,4.29082727432251,0.9946592039661816
58,7,/home/nabizadz/Projects/Mahsa/datasets/grid/test/s33/lrah5s.mpg,50,54,2.761962652206421,0.9618226315831789
58,8,/home/nabizadz/Projects/Mahsa/datasets/grid/test/s33/srwf2p.mpg,71,75,3.6900365352630615,0.995642323696243
58,9,/home/nabizadz/Projects/Mahsa/datasets/grid/test/s33/lbig6p.mpg,259,263,4.397780895233154,0.998387743461183
58,10,/home/nabizadz/Projects/Mahsa/datasets/grid/test/s33/pwat4p.mpg,252,256,4.3823652267456055,0.9750219701604601
58,11,/home/nabizadz/Projects/Mahsa/datasets/grid/test/s33/bbio5s.mpg,86,90,3.8554255962371826,0.9807541272617698
58,12,/home/nabizadz/Projects/Mahsa/datasets/grid/test/s33/srwl7a.mpg,152,156,3.948334217071533,0.989770735302829
58,13,/home/nabizadz/Projects/Mahsa/datasets/grid/test/s33/bwwy4p.mpg,151,155,4.113729476928711,0.9913609809458211
58,14,/home/nabizadz/Projects/Mahsa/datasets/grid/test/s33/sgbgzp.mpg,71,75,3.5712015628814697,0.9949407198008667
58,15,/home/nabizadz/Projects/Mahsa/datasets/grid/test/s33/swafzp.mpg,241,245,4.295806407928467,0.9839525977036219
59,0,/home/nabizadz/Projects/Mahsa/datasets/grid/test/s33/pwbt9a.mpg,49,53,3.4167890548706055,0.9700564647289585
59,1,/home/nabizadz/Projects/Mahsa/datasets/grid/test/s33/bwwk5s.mpg,174,178,4.265228271484375,0.9747703652435082
59,2,/home/nabizadz/Projects/Mahsa/datasets/grid/test/s33/swbz5s.mpg,294,298,4.567900657653809,0.9988777164150273
59,3,/home/nabizadz/Projects/Mahsa/datasets/grid/test/s33/sbbr1a.mpg,183,187,4.12506628036499,0.9346219424191806
59,4,/home/nabizadz/Projects/Mahsa/datasets/grid/test/s33/pgwh8n.mpg,50,54,3.4496517181396484,0.9699973120785835
59,5,/home/nabizadz/Projects/Mahsa/datasets/grid/test/s33/swaz3a.mpg,186,190,4.533256530761719,0.9966005788412875
59,6,/home/nabizadz/Projects/Mahsa/datasets/grid/test/s33/bbao9s.mpg,184,188,4.48951530456543,0.9386546374295465
59,7,/home/nabizadz/Projects/Mahsa/datasets/grid/test/s33/bwip9a.mpg,1,5,4.476119518280029,0.9999948387264872
59,8,/home/nabizadz/Projects/Mahsa/datasets/grid/test/s33/lgac2n.mpg,122,126,3.7355880737304688,0.9865656355998176
59,9,/home/nabizadz/Projects/Mahsa/datasets/grid/test/s33/bwbd9a.mpg,197,201,4.230537414550781,0.9356280463130506
59,10,/home/nabizadz/Projects/Mahsa/datasets/grid/test/s33/pgit7a.mpg,198,202,4.408160209655762,0.9959331651148555
59,11,/home/nabizadz/Projects/Mahsa/datasets/grid/test/s33/prwg6n.mpg,155,159,4.082759380340576,0.9909569721856153
59,12,/home/nabizadz/Projects/Mahsa/datasets/grid/test/s33/pwag6p.mpg,256,260,4.287924289703369,0.9527174080540454
59,13,/home/nabizadz/Projects/Mahsa/datasets/grid/test/s33/sbaq6p.mpg,226,230,4.206704616546631,0.8842700184594473
59,14,/home/nabizadz/Projects/Mahsa/datasets/grid/test/s33/bbav2n.mpg,129,133,4.054576396942139,0.9938181948009341
59,15,/home/nabizadz/Projects/Mahsa/datasets/grid/test/s33/srwszp.mpg,54,58,4.340232849121094,0.9999823064069554
60,0,/home/nabizadz/Projects/Mahsa/datasets/grid/test/s33/sriezp.mpg,63,67,4.115478038787842,0.9963152720813037
60,1,/home/nabizadz/Projects/Mahsa/datasets/grid/test/s33/lgbc7s.mpg,198,202,4.348323822021484,0.9025117834773793
60,2,/home/nabizadz/Projects/Mahsa/datasets/grid/test/s33/pgwi1a.mpg,210,214,4.373729705810547,0.9859969175449549
60,3,/home/nabizadz/Projects/Mahsa/datasets/grid/test/s33/srbe8p.mpg,129,133,4.008496284484863,0.9932755248731278
60,4,/home/nabizadz/Projects/Mahsa/datasets/grid/test/s33/pgit5s.mpg,295,299,4.308815002441406,0.9908240538331153
60,5,/home/nabizadz/Projects/Mahsa/datasets/grid/test/s33/lrwczp.mpg,125,129,3.5903971195220947,0.9763073662948045
60,6,/home/nabizadz/Projects/Mahsa/datasets/grid/test/s33/lbwu4n.mpg,270,274,4.319474220275879,0.9072060062055765
60,7,/home/nabizadz/Projects/Mahsa/datasets/grid/test/s33/pgan5s.mpg,6,10,4.528375148773193,0.9999994723481479
60,8,/home/nabizadz/Projects/Mahsa/datasets/grid/test/s33/lgwqzp.mpg,160,164,4.16646146774292,0.9950738971534798
60,9,/home/nabizadz/Projects/Mahsa/datasets/grid/test/s33/bric4p.mpg,21,25,4.314215183258057,0.9809427498887697
60,10,/home/nabizadz/Projects/Mahsa/datasets/grid/test/s33/bbii3a.mpg,296,300,4.427544116973877,0.999999999999999
60,11,/home/nabizadz/Projects/Mahsa/datasets/grid/test/s33/lwio2p.mpg,220,224,4.5259294509887695,0.9356008420858133
60,12,/home/nabizadz/Projects/Mahsa/datasets/grid/test/s33/pbas1s.mpg,113,117,4.074002742767334,0.9958735790590836
60,13,/home/nabizadz/Projects/Mahsa/datasets/grid/test/s33/pgat9s.mpg,28,32,4.095816612243652,0.9963199533039542
60,14,/home/nabizadz/Projects/Mahsa/datasets/grid/test/s33/brbj7a.mpg,18,22,4.320674419403076,0.9999970445061865
60,15,/home/nabizadz/Projects/Mahsa/datasets/grid/test/s33/sbad7s.mpg,104,108,4.475920677185059,0.9992528474703128
61,0,/home/nabizadz/Projects/Mahsa/datasets/grid/test/s33/brwk1a.mpg,265,269,4.312594413757324,0.9910070892855816
61,1,/home/nabizadz/Projects/Mahsa/datasets/grid/test/s33/sgwt1s.mpg,171,175,4.388806343078613,0.9985126627486065
61,2,/home/nabizadz/Projects/Mahsa/datasets/grid/test/s33/lriuzp.mpg,228,232,4.382101535797119,0.9211044860716966
61,3,/home/nabizadz/Projects/Mahsa/datasets/grid/test/s33/pwat5a.mpg,53,57,3.831082344055176,0.9928668549445249
61,4,/home/nabizadz/Projects/Mahsa/datasets/grid/test/s33/lriu1a.mpg,11,15,4.4174933433532715,0.9995613801734742
61,5,/home/nabizadz/Projects/Mahsa/datasets/grid/test/s33/lria6n.mpg,18,22,4.42487096786499,0.9999535859975122
61,6,/home/nabizadz/Projects/Mahsa/datasets/grid/test/s33/pgwo3s.mpg,91,95,3.7461109161376953,0.9883250487133272
61,7,/home/nabizadz/Projects/Mahsa/datasets/grid/test/s33/srby8n.mpg,247,251,4.29423713684082,0.8610766728432048
61,8,/home/nabizadz/Projects/Mahsa/datasets/grid/test/s33/lwbo8n.mpg,224,228,4.426543712615967,0.9348064726427943
61,9,/home/nabizadz/Projects/Mahsa/datasets/grid/test/s33/lgac5a.mpg,59,63,3.5935468673706055,0.9741079540655327
61,10,/home/nabizadz/Projects/Mahsa/datasets/grid/test/s33/prbt3a.mpg,129,133,3.9953367710113525,0.9903216437163542
61,11,/home/nabizadz/Projects/Mahsa/datasets/grid/test/s33/lgac3s.mpg,146,150,3.939025402069092,0.9735527504006805
61,12,/home/nabizadz/Projects/Mahsa/datasets/grid/test/s33/lgav6p.mpg,0,4,4.587468147277832,0.9999813171161962
61,13,/home/nabizadz/Projects/Mahsa/datasets/grid/test/s33/lbit3s.mpg,95,99,4.033600807189941,0.994871447829425
61,14,/home/nabizadz/Projects/Mahsa/datasets/grid/test/s33/bbav5a.mpg,173,177,3.934096336364746,0.9866364443289561
61,15,/home/nabizadz/Projects/Mahsa/datasets/grid/test/s33/bwad3s.mpg,105,109,4.228213787078857,0.9968576670870362
62,0,/home/nabizadz/Projects/Mahsa/datasets/grid/test/s33/lbbh3s.mpg,199,203,4.525186061859131,0.9530013627680642
62,1,/home/nabizadz/Projects/Mahsa/datasets/grid/test/s33/prif4n.mpg,48,52,4.185285568237305,0.992410894374535
62,2,/home/nabizadz/Projects/Mahsa/datasets/grid/test/s33/bgiq5a.mpg,281,285,4.3867878913879395,0.9980326318736399
62,3,/home/nabizadz/Projects/Mahsa/datasets/grid/test/s33/pbas2p.mpg,160,164,4.430997371673584,0.996857716939655
62,4,/home/nabizadz/Projects/Mahsa/datasets/grid/test/s33/sbak3a.mpg,98,102,4.2715301513671875,0.9999402043694525
62,5,/home/nabizadz/Projects/Mahsa/datasets/grid/test/s33/sbwk9s.mpg,4,8,4.5326972007751465,0.9995907554318134
62,6,/home/nabizadz/Projects/Mahsa/datasets/grid/test/s33/srae3s.mpg,244,248,4.279717445373535,0.8659455141457602
62,7,/home/nabizadz/Projects/Mahsa/datasets/grid/test/s33/bgbk9a.mpg,3,7,4.4529805183410645,0.9998957405766438
62,8,/home/nabizadz/Projects/Mahsa/datasets/grid/test/s30/bwax9p.mpg,129,133,4.132658004760742,0.9937164760296834
62,9,/home/nabizadz/Projects/Mahsa/datasets/grid/test/s30/bbai9p.mpg,250,254,4.313302040100098,0.843253420565826
62,10,/home/nabizadz/Projects/Mahsa/datasets/grid/test/s30/bgbr5p.mpg,196,200,4.426051616668701,0.9571264762734935
62,11,/home/nabizadz/Projects/Mahsa/datasets/grid/test/s30/swas1p.mpg,152,156,4.233909606933594,0.9967497216274095
62,12,/home/nabizadz/Projects/Mahsa/datasets/grid/test/s30/srbl5p.mpg,211,215,4.360842704772949,0.9912911443679087
62,13,/home/nabizadz/Projects/Mahsa/datasets/grid/test/s30/bbwd2s.mpg,12,16,4.534060478210449,0.9987161513924009
62,14,/home/nabizadz/Projects/Mahsa/datasets/grid/test/s30/srae7p.mpg,50,54,4.450253963470459,0.999230364429463
62,15,/home/nabizadz/Projects/Mahsa/datasets/grid/test/s30/lbauzs.mpg,47,51,3.4818549156188965,0.9835792202870988
63,0,/home/nabizadz/Projects/Mahsa/datasets/grid/test/s30/pgwb8s.mpg,129,133,3.881782054901123,0.9859526449528347
63,1,/home/nabizadz/Projects/Mahsa/datasets/grid/test/s30/pbwnza.mpg,277,281,4.3719940185546875,0.9954792218503024
63,2,/home/nabizadz/Projects/Mahsa/datasets/grid/test/s30/pwwu5p.mpg,129,133,4.446917533874512,0.9995089594456015
63,3,/home/nabizadz/Projects/Mahsa/datasets/grid/test/s30/bgieza.mpg,181,185,4.224644660949707,0.996610722206331
63,4,/home/nabizadz/Projects/Mahsa/datasets/grid/test/s30/lgic4a.mpg,32,36,4.290902614593506,0.9799588374152659
63,5,/home/nabizadz/Projects/Mahsa/datasets/grid/test/s30/pwbh1n.mpg,93,97,4.5727219581604,0.9999996563093082
63,6,/home/nabizadz/Projects/Mahsa/datasets/grid/test/s30/swifza.mpg,234,238,4.472365856170654,0.9614394151040302
63,7,/home/nabizadz/Projects/Mahsa/datasets/grid/test/s30/lriu2s.mpg,233,237,4.297591686248779,0.9919428030954909
63,8,/home/nabizadz/Projects/Mahsa/datasets/grid/test/s30/lwib8a.mpg,126,130,3.885582208633423,0.9988502635236085
63,9,/home/nabizadz/Projects/Mahsa/datasets/grid/test/s30/bwby4a.mpg,231,235,4.373102188110352,0.9690985900297209
63,10,/home/nabizadz/Projects/Mahsa/datasets/grid/test/s30/sgaf7n.mpg,177,181,4.1451802253723145,0.9951863018766429
63,11,/home/nabizadz/Projects/Mahsa/datasets/grid/test/s30/lgwq4a.mpg,255,259,4.305620193481445,0.9755546500163302
63,12,/home/nabizadz/Projects/Mahsa/datasets/grid/test/s30/pwwb3p.mpg,71,75,4.1365556716918945,0.9975857029352272
63,13,/home/nabizadz/Projects/Mahsa/datasets/grid/test/s30/bwij6s.mpg,209,213,4.51309871673584,0.999343812698587
63,14,/home/nabizadz/Projects/Mahsa/datasets/grid/test/s30/bwip9n.mpg,81,85,4.208245754241943,0.9972706956056732
63,15,/home/nabizadz/Projects/Mahsa/datasets/grid/test/s30/srie1n.mpg,85,89,4.10796594619751,0.9925169020548211
64,0,/home/nabizadz/Projects/Mahsa/datasets/grid/test/s30/lbbo1p.mpg,234,238,4.317400932312012,0.9411727884165773
64,1,/home/nabizadz/Projects/Mahsa/datasets/grid/test/s30/sgwm9n.mpg,218,222,4.518777370452881,0.9939785460539688
64,2,/home/nabizadz/Projects/Mahsa/datasets/grid/test/s30/swws7n.mpg,204,208,4.328587055206299,0.9977146012242886
64,3,/home/nabizadz/Projects/Mahsa/datasets/grid/test/s30/brbkza.mpg,70,74,3.6311111450195312,0.9831405637700916
64,4,/home/nabizadz/Projects/Mahsa/datasets/grid/test/s30/srik7p.mpg,141,145,3.2797112464904785,0.988983736259528
64,5,/home/nabizadz/Projects/Mahsa/datasets/grid/test/s30/lbig7n.mpg,202,206,4.382265090942383,0.9950827287827241
64,6,/home/nabizadz/Projects/Mahsa/datasets/grid/test/s30/pgbu7p.mpg,254,258,4.406110763549805,0.9562713051531057
64,7,/home/nabizadz/Projects/Mahsa/datasets/grid/test/s30/lgwq2s.mpg,123,127,3.6370606422424316,0.9752354731981053
64,8,/home/nabizadz/Projects/Mahsa/datasets/grid/test/s30/swbs6a.mpg,296,300,4.3744797706604,0.9943548906550236
64,9,/home/nabizadz/Projects/Mahsa/datasets/grid/test/s30/sbix9p.mpg,118,122,3.6798341274261475,0.9883294343887895
64,10,/home/nabizadz/Projects/Mahsa/datasets/grid/test/s30/sral1p.mpg,93,97,4.178462028503418,0.9998687383880084
64,11,/home/nabizadz/Projects/Mahsa/datasets/grid/test/s30/pwwb4a.mpg,263,267,4.421884059906006,0.9999290060274783
64,12,/home/nabizadz/Projects/Mahsa/datasets/grid/test/s30/sriy4s.mpg,6,10,4.49401330947876,0.9999093167629802
64,13,/home/nabizadz/Projects/Mahsa/datasets/grid/test/s30/pbbm5p.mpg,163,167,4.189243793487549,0.9955968190451093
64,14,/home/nabizadz/Projects/Mahsa/datasets/grid/test/s30/pbwg3n.mpg,174,178,4.308625221252441,0.998498971760046
64,15,/home/nabizadz/Projects/Mahsa/datasets/grid/test/s30/lgwj8s.mpg,200,204,4.283087253570557,0.9969323442268808
65,0,/home/nabizadz/Projects/Mahsa/datasets/grid/test/s30/lgaj2a.mpg,257,261,4.414376735687256,0.9533485804331205
65,1,/home/nabizadz/Projects/Mahsa/datasets/grid/test/s30/lwbi7n.mpg,291,295,4.297137260437012,0.9871658832990066
65,2,/home/nabizadz/Projects/Mahsa/datasets/grid/test/s30/bbav5n.mpg,280,284,4.292997360229492,0.9434488507549742
65,3,/home/nabizadz/Projects/Mahsa/datasets/grid/test/s30/brap9p.mpg,220,224,4.153362274169922,0.9880642084719662
65,4,/home/nabizadz/Projects/Mahsa/datasets/grid/test/s30/swas2a.mpg,33,37,3.9131455421447754,0.9979201961341565
65,5,/home/nabizadz/Projects/Mahsa/datasets/grid/test/s30/prwhzs.mpg,97,101,3.680206537246704,0.9941457774229304
65,6,/home/nabizadz/Projects/Mahsa/datasets/grid/test/s30/pbil8a.mpg,260,264,4.386839866638184,0.9949116851234817
65,7,/home/nabizadz/Projects/Mahsa/datasets/grid/test/s30/srbfzs.mpg,238,242,4.217659950256348,0.9920506914523
65,8,/home/nabizadz/Projects/Mahsa/datasets/grid/test/s30/lgac7p.mpg,208,212,4.305366516113281,0.9951781000509486
65,9,/home/nabizadz/Projects/Mahsa/datasets/grid/test/s30/sbaq8s.mpg,163,167,4.063990116119385,0.994876883688761
65,10,/home/nabizadz/Projects/Mahsa/datasets/grid/test/s30/prbn2a.mpg,193,197,3.8626956939697266,0.8793036637875041
65,11,/home/nabizadz/Projects/Mahsa/datasets/grid/test/s30/lbbh6s.mpg,159,163,4.090275764465332,0.9946326085874385
65,12,/home/nabizadz/Projects/Mahsa/datasets/grid/test/s30/pwit2s.mpg,280,284,4.430734634399414,0.9999999999999997
65,13,/home/nabizadz/Projects/Mahsa/datasets/grid/test/s30/swwg1p.mpg,76,80,3.5489654541015625,0.997816737594477
65,14,/home/nabizadz/Projects/Mahsa/datasets/grid/test/s30/bwix4s.mpg,117,121,4.079626083374023,0.9938344322496013
65,15,/home/nabizadz/Projects/Mahsa/datasets/grid/test/s30/sbbr3p.mpg,115,119,4.205966472625732,0.9931509388531947
66,0,/home/nabizadz/Projects/Mahsa/datasets/grid/test/s30/lrbi1n.mpg,116,120,4.189339637756348,0.9785213888183999
66,1,/home/nabizadz/Projects/Mahsa/datasets/grid/test/s30/pbbgzs.mpg,0,4,4.554923057556152,0.9999985640189125
66,2,/home/nabizadz/Projects/Mahsa/datasets/grid/test/s30/pris7p.mpg,32,36,4.4334821701049805,0.9978796002257413
66,3,/home/nabizadz/Projects/Mahsa/datasets/grid/test/s30/brax1n.mpg,225,229,4.540707588195801,0.9911835461657962
66,4,/home/nabizadz/Projects/Mahsa/datasets/grid/test/s30/lwii1p.mpg,257,261,4.21787691116333,0.8752947872653793
66,5,/home/nabizadz/Projects/Mahsa/datasets/grid/test/s30/sgbs9n.mpg,267,271,4.392715930938721,0.9880434308482604
66,6,/home/nabizadz/Projects/Mahsa/datasets/grid/test/s30/lgii7p.mpg,117,121,4.108443737030029,0.9945571699245903
66,7,/home/nabizadz/Projects/Mahsa/datasets/grid/test/s30/srae6s.mpg,138,142,4.38100004196167,0.9999719874830884
66,8,/home/nabizadz/Projects/Mahsa/datasets/grid/test/s30/lwav1n.mpg,25,29,4.530019760131836,0.9999980081995109
66,9,/home/nabizadz/Projects/Mahsa/datasets/grid/test/s30/pbif3p.mpg,220,224,4.3472442626953125,0.9855351261659258
66,10,/home/nabizadz/Projects/Mahsa/datasets/grid/test/s30/pwag7n.mpg,130,134,3.973480224609375,0.9937894587683624
66,11,/home/nabizadz/Projects/Mahsa/datasets/grid/test/s30/lgio9n.mpg,120,124,3.703425645828247,0.9900380438464854
66,12,/home/nabizadz/Projects/Mahsa/datasets/grid/test/s30/bbap1n.mpg,157,161,3.4710822105407715,0.9775865843123571
66,13,/home/nabizadz/Projects/Mahsa/datasets/grid/test/s30/lbia5p.mpg,100,104,3.9773550033569336,0.9933599744495536
66,14,/home/nabizadz/Projects/Mahsa/datasets/grid/test/s30/sbbr4a.mpg,3,7,4.39513635635376,0.9952980087261927
66,15,/home/nabizadz/Projects/Mahsa/datasets/grid/test/s30/pgabzs.mpg,144,148,4.114969730377197,0.9971306348134585
67,0,/home/nabizadz/Projects/Mahsa/datasets/grid/test/s30/pgwo7p.mpg,2,6,4.558683395385742,0.9999959335063066
67,1,/home/nabizadz/Projects/Mahsa/datasets/grid/test/s30/brii9n.mpg,291,295,4.271946907043457,0.9863431519813831
67,2,/home/nabizadz/Projects/Mahsa/datasets/grid/test/s30/lbwo6a.mpg,218,222,4.413797855377197,0.9924590481878606
67,3,/home/nabizadz/Projects/Mahsa/datasets/grid/test/s30/lbbn9n.mpg,249,253,4.581258296966553,0.9834211425660428
67,4,/home/nabizadz/Projects/Mahsa/datasets/grid/test/s30/sgwa3p.mpg,75,79,3.8035733699798584,0.9962020052176992
67,5,/home/nabizadz/Projects/Mahsa/datasets/grid/test/s30/pbas5p.mpg,9,13,4.584754467010498,0.9999999750443156
67,6,/home/nabizadz/Projects/Mahsa/datasets/grid/test/s30/pwat7p.mpg,252,256,4.500078201293945,0.954424448674696
67,7,/home/nabizadz/Projects/Mahsa/datasets/grid/test/s30/bwij5n.mpg,279,283,4.310502052307129,0.9935848595952476
67,8,/home/nabizadz/Projects/Mahsa/datasets/grid/test/s30/brweza.mpg,152,156,3.634459972381592,0.9939107039103062
67,9,/home/nabizadz/Projects/Mahsa/datasets/grid/test/s30/srws1n.mpg,211,215,4.348532676696777,0.9123923758722705
67,10,/home/nabizadz/Projects/Mahsa/datasets/grid/test/s30/sral2a.mpg,22,26,4.310247898101807,0.9936981577958434
67,11,/home/nabizadz/Projects/Mahsa/datasets/grid/test/s30/pwbbza.mpg,246,250,4.415265083312988,0.9921575316364216
67,12,/home/nabizadz/Projects/Mahsa/datasets/grid/test/s30/pbbs9p.mpg,181,185,4.311445713043213,0.9957828506867171
67,13,/home/nabizadz/Projects/Mahsa/datasets/grid/test/s30/pbwazs.mpg,19,23,4.360154151916504,0.9999997702871467
67,14,/home/nabizadz/Projects/Mahsa/datasets/grid/test/s30/brbj8s.mpg,81,85,4.3680572509765625,0.999997253055108
67,15,/home/nabizadz/Projects/Mahsa/datasets/grid/test/s30/bwbq8s.mpg,179,183,3.950566530227661,0.991643859751886
68,0,/home/nabizadz/Projects/Mahsa/datasets/grid/test/s30/lgbx1n.mpg,83,87,3.6197092533111572,0.9818109517862667
68,1,/home/nabizadz/Projects/Mahsa/datasets/grid/test/s30/lwapza.mpg,154,158,4.125788688659668,0.9932785306882939
68,2,/home/nabizadz/Projects/Mahsa/datasets/grid/test/s30/pbaz7n.mpg,286,290,4.424524307250977,0.997369432781512
68,3,/home/nabizadz/Projects/Mahsa/datasets/grid/test/s30/pbas4s.mpg,22,26,4.31460428237915,0.9999839875821419
68,4,/home/nabizadz/Projects/Mahsa/datasets/grid/test/s30/lrwo9n.mpg,58,62,4.016547203063965,0.9955139109312908
68,5,/home/nabizadz/Projects/Mahsa/datasets/grid/test/s30/lrbb9p.mpg,248,252,2.1115012168884277,0.8775111059892706
68,6,/home/nabizadz/Projects/Mahsa/datasets/grid/test/s30/lrwi6s.mpg,68,72,3.8626179695129395,0.9917746382340311
68,7,/home/nabizadz/Projects/Mahsa/datasets/grid/test/s30/pgit8s.mpg,296,300,4.536909580230713,0.9994968073800808
68,8,/home/nabizadz/Projects/Mahsa/datasets/grid/test/s30/bgik2s.mpg,274,278,4.415174961090088,0.9974935472612404
68,9,/home/nabizadz/Projects/Mahsa/datasets/grid/test/s30/sgbm7p.mpg,157,161,3.6926381587982178,0.9885094514122749
68,10,/home/nabizadz/Projects/Mahsa/datasets/grid/test/s30/brbd3n.mpg,58,62,4.011108875274658,0.9943500173440024
68,11,/home/nabizadz/Projects/Mahsa/datasets/grid/test/s30/sbiq6a.mpg,238,242,4.324944019317627,0.9410828339521742
68,12,/home/nabizadz/Projects/Mahsa/datasets/grid/test/s30/bbwd3p.mpg,241,245,4.386348247528076,0.9955152628830638
68,13,/home/nabizadz/Projects/Mahsa/datasets/grid/test/s30/prim4a.mpg,15,19,4.409774303436279,0.9999999999999999
68,14,/home/nabizadz/Projects/Mahsa/datasets/grid/test/s30/swaszs.mpg,19,23,4.454195022583008,0.9999998713547715
68,15,/home/nabizadz/Projects/Mahsa/datasets/grid/test/s30/swaz3n.mpg,289,293,4.438360691070557,0.9832930082220749
69,0,/home/nabizadz/Projects/Mahsa/datasets/grid/test/s30/pwbuzs.mpg,36,40,4.427268028259277,0.9813732617898249
69,1,/home/nabizadz/Projects/Mahsa/datasets/grid/test/s30/bwid1n.mpg,80,84,3.3733267784118652,0.9954111993223034
69,2,/home/nabizadz/Projects/Mahsa/datasets/grid/test/s30/srbz4a.mpg,43,47,4.288300514221191,0.9950951314407191
69,3,/home/nabizadz/Projects/Mahsa/datasets/grid/test/s30/pbaz9p.mpg,107,111,4.175119876861572,0.9942997882633908
69,4,/home/nabizadz/Projects/Mahsa/datasets/grid/test/s30/lgwkza.mpg,224,228,4.470555782318115,0.9472750394397489
69,5,/home/nabizadz/Projects/Mahsa/datasets/grid/test/s30/swaf4a.mpg,52,56,3.8610684871673584,0.9961978377752901
69,6,/home/nabizadz/Projects/Mahsa/datasets/grid/test/s30/sgas8a.mpg,191,195,3.5435597896575928,0.9904972511742638
69,7,/home/nabizadz/Projects/Mahsa/datasets/grid/test/s30/pwba9p.mpg,51,55,4.276062488555908,0.9985844612897115
69,8,/home/nabizadz/Projects/Mahsa/datasets/grid/test/s30/prbt6a.mpg,119,123,4.050400257110596,0.9986678153583792
69,9,/home/nabizadz/Projects/Mahsa/datasets/grid/test/s30/pwwo2a.mpg,230,234,4.281716823577881,0.9040549971153584
69,10,/home/nabizadz/Projects/Mahsa/datasets/grid/test/s30/sriy5p.mpg,75,79,3.52799654006958,0.9865703464145166
69,11,/home/nabizadz/Projects/Mahsa/datasets/grid/test/s30/swws9p.mpg,67,71,3.9699857234954834,0.9983225148727402
69,12,/home/nabizadz/Projects/Mahsa/datasets/grid/test/s30/lrin9p.mpg,213,217,4.432543754577637,0.9689045757014421
69,13,/home/nabizadz/Projects/Mahsa/datasets/grid/test/s30/bwbq9p.mpg,154,158,4.245642185211182,0.9992258473451018
69,14,/home/nabizadz/Projects/Mahsa/datasets/grid/test/s30/lgbj3n.mpg,272,276,4.300661563873291,0.9750221813993162
69,15,/home/nabizadz/Projects/Mahsa/datasets/grid/test/s30/bgwf1p.mpg,196,200,4.035641670227051,0.9878355680602571
70,0,/home/nabizadz/Projects/Mahsa/datasets/grid/test/s30/bgiy1p.mpg,36,40,4.3744425773620605,0.9811041333559732
70,1,/home/nabizadz/Projects/Mahsa/datasets/grid/test/s30/lrih5p.mpg,268,272,4.401097297668457,0.9452716063169387
70,2,/home/nabizadz/Projects/Mahsa/datasets/grid/test/s30/lwio4s.mpg,253,257,4.361422538757324,0.8943706270446142
70,3,/home/nabizadz/Projects/Mahsa/datasets/grid/test/s30/bgar1p.mpg,260,264,4.448997497558594,0.9998179211908901
70,4,/home/nabizadz/Projects/Mahsa/datasets/grid/test/s30/pgih2a.mpg,282,286,4.36839485168457,0.9980347223820424
70,5,/home/nabizadz/Projects/Mahsa/datasets/grid/test/s30/sgwa1n.mpg,291,295,4.077693939208984,0.9684481957796465
70,6,/home/nabizadz/Projects/Mahsa/datasets/grid/test/s30/brwd9p.mpg,152,156,4.310640335083008,0.9940796072690801
70,7,/home/nabizadz/Projects/Mahsa/datasets/grid/test/s30/bgiq6s.mpg,264,268,4.264795780181885,0.9975705692306069
70,8,/home/nabizadz/Projects/Mahsa/datasets/grid/test/s30/pwbu2a.mpg,92,96,3.6558821201324463,0.9951106898747544
70,9,/home/nabizadz/Projects/Mahsa/datasets/grid/test/s30/brij1p.mpg,240,244,4.400208473205566,0.9541489414281241
70,10,/home/nabizadz/Projects/Mahsa/datasets/grid/test/s30/swbf8a.mpg,256,260,4.265389442443848,0.9580558631698741
70,11,/home/nabizadz/Projects/Mahsa/datasets/grid/test/s30/brwk4a.mpg,195,199,4.021770000457764,0.9875450372717638
70,12,/home/nabizadz/Projects/Mahsa/datasets/grid/test/s30/lwbc3n.mpg,219,223,4.511547565460205,0.9883132160282686
70,13,/home/nabizadz/Projects/Mahsa/datasets/grid/test/s30/pgab2a.mpg,98,102,3.6410255432128906,0.9945287471324974
70,14,/home/nabizadz/Projects/Mahsa/datasets/grid/test/s30/sbbk9p.mpg,15,19,4.406426429748535,0.9998099400049933
70,15,/home/nabizadz/Projects/Mahsa/datasets/grid/test/s30/pgwo6s.mpg,133,137,4.097908020019531,0.990220772388246
71,0,/home/nabizadz/Projects/Mahsa/datasets/grid/test/s30/pgbu8a.mpg,112,116,3.8709018230438232,0.9996151188792005
71,1,/home/nabizadz/Projects/Mahsa/datasets/grid/test/s30/bbbp7p.mpg,220,224,4.325841426849365,0.9962618606526961
71,2,/home/nabizadz/Projects/Mahsa/datasets/grid/test/s30/bgbr6a.mpg,286,290,4.410393714904785,0.9885329430612799
71,3,/home/nabizadz/Projects/Mahsa/datasets/grid/test/s30/pgwv1p.mpg,248,252,4.310568332672119,0.9320915475864596
71,4,/home/nabizadz/Projects/Mahsa/datasets/grid/test/s30/swil1n.mpg,209,213,4.262458801269531,0.9938647986211044
71,5,/home/nabizadz/Projects/Mahsa/datasets/grid/test/s30/bwad7p.mpg,43,47,4.307666778564453,0.9985257364745033
71,6,/home/nabizadz/Projects/Mahsa/datasets/grid/test/s30/prwt7n.mpg,14,18,4.309291362762451,0.9994804425618535
71,7,/home/nabizadz/Projects/Mahsa/datasets/grid/test/s30/sgbg4a.mpg,70,74,3.637644052505493,0.9954468221122119
71,8,/home/nabizadz/Projects/Mahsa/datasets/grid/test/s30/lrbo8a.mpg,278,282,4.298739910125732,0.9966427394689106
71,9,/home/nabizadz/Projects/Mahsa/datasets/grid/test/s30/bgbe5n.mpg,82,86,3.569627523422241,0.9888948407360185
71,10,/home/nabizadz/Projects/Mahsa/datasets/grid/test/s30/bgbl1p.mpg,9,13,4.449477195739746,0.9956331626144717
71,11,/home/nabizadz/Projects/Mahsa/datasets/grid/test/s30/swal5n.mpg,181,185,4.396352767944336,0.9813496212006182
71,12,/home/nabizadz/Projects/Mahsa/datasets/grid/test/s30/lbwo3n.mpg,159,163,4.204806327819824,0.9907287595757974
71,13,/home/nabizadz/Projects/Mahsa/datasets/grid/test/s30/sbaq9p.mpg,187,191,4.024800777435303,0.9966537708128723
71,14,/home/nabizadz/Projects/Mahsa/datasets/grid/test/s30/brip3n.mpg,210,214,4.131402969360352,0.9916904823612416
71,15,/home/nabizadz/Projects/Mahsa/datasets/grid/test/s30/pbamzs.mpg,210,214,4.346017837524414,0.9868091087532144
72,0,/home/nabizadz/Projects/Mahsa/datasets/grid/test/s30/lrwc2s.mpg,203,207,4.171773433685303,0.9904889100041969
72,1,/home/nabizadz/Projects/Mahsa/datasets/grid/test/s30/srazza.mpg,67,71,4.192163944244385,0.9979640772615673
72,2,/home/nabizadz/Projects/Mahsa/datasets/grid/test/s30/lbwo4s.mpg,33,37,4.497945308685303,0.9972097731612335
72,3,/home/nabizadz/Projects/Mahsa/datasets/grid/test/s30/bbwj6s.mpg,107,111,3.99123215675354,0.9944374428476189
72,4,/home/nabizadz/Projects/Mahsa/datasets/grid/test/s30/brbq1n.mpg,185,189,3.971266269683838,0.9878220724417214
72,5,/home/nabizadz/Projects/Mahsa/datasets/grid/test/s30/brij2a.mpg,70,74,4.076805114746094,0.9944922273467052
72,6,/home/nabizadz/Projects/Mahsa/datasets/grid/test/s30/lrwv5p.mpg,26,30,4.495471954345703,0.999999966733356
72,7,/home/nabizadz/Projects/Mahsa/datasets/grid/test/s30/sriy6a.mpg,229,233,4.349590301513672,0.9693088740252545
72,8,/home/nabizadz/Projects/Mahsa/datasets/grid/test/s30/srar5p.mpg,29,33,4.15899658203125,0.9626893356265787
72,9,/home/nabizadz/Projects/Mahsa/datasets/grid/test/s30/brax4a.mpg,53,57,4.4831719398498535,0.9982489787960855
72,10,/home/nabizadz/Projects/Mahsa/datasets/grid/test/s30/sbwz1p.mpg,165,169,4.154254913330078,0.977461095988407
72,11,/home/nabizadz/Projects/Mahsa/datasets/grid/test/s30/bgwr7n.mpg,185,189,4.089658260345459,0.991107017741127
72,12,/home/nabizadz/Projects/Mahsa/datasets/grid/test/s30/bgae3p.mpg,186,190,3.9680516719818115,0.9793066219010751
72,13,/home/nabizadz/Projects/Mahsa/datasets/grid/test/s30/swaz6a.mpg,90,94,1.9602245092391968,0.9953733394472983
72,14,/home/nabizadz/Projects/Mahsa/datasets/grid/test/s30/pgah4s.mpg,3,7,4.4895405769348145,0.9985212710793321
72,15,/home/nabizadz/Projects/Mahsa/datasets/grid/test/s30/bgby8s.mpg,33,37,4.478597164154053,0.9972692377699436
73,0,/home/nabizadz/Projects/Mahsa/datasets/grid/test/s30/lrin8s.mpg,154,158,4.2738566398620605,0.9998515890247517
73,1,/home/nabizadz/Projects/Mahsa/datasets/grid/test/s30/lgav8s.mpg,213,217,4.185761451721191,0.8607793347331336
73,2,/home/nabizadz/Projects/Mahsa/datasets/grid/test/s30/lwav2s.mpg,174,178,4.219192981719971,0.9921438936671716
73,3,/home/nabizadz/Projects/Mahsa/datasets/grid/test/s30/lwib5n.mpg,271,275,4.409629821777344,0.9999956176369607
73,4,/home/nabizadz/Projects/Mahsa/datasets/grid/test/s30/sbix7n.mpg,66,70,4.166982650756836,0.9982046017134848
73,5,/home/nabizadz/Projects/Mahsa/datasets/grid/test/s30/bgik1n.mpg,187,191,4.190098762512207,0.9938196201415908
73,6,/home/nabizadz/Projects/Mahsa/datasets/grid/test/s30/pbwm9p.mpg,94,98,4.212010860443115,0.9999941665450058
73,7,/home/nabizadz/Projects/Mahsa/datasets/grid/test/s30/bwiq2a.mpg,130,134,3.89121413230896,0.9923056295500788
73,8,/home/nabizadz/Projects/Mahsa/datasets/grid/test/s30/sbae2a.mpg,204,208,4.528744697570801,0.9787829846947769
73,9,/home/nabizadz/Projects/Mahsa/datasets/grid/test/s30/bbav7p.mpg,42,46,4.211949348449707,0.9998379762928215
73,10,/home/nabizadz/Projects/Mahsa/datasets/grid/test/s30/sbij9n.mpg,63,67,3.5303876399993896,0.9922995701144626
73,11,/home/nabizadz/Projects/Mahsa/datasets/grid/test/s30/bbii4s.mpg,257,261,4.318561553955078,0.9891959794862057
73,12,/home/nabizadz/Projects/Mahsa/datasets/grid/test/s30/lbwo5p.mpg,250,254,4.530638694763184,0.9999864636575271
73,13,/home/nabizadz/Projects/Mahsa/datasets/grid/test/s30/bric6s.mpg,185,189,4.121260643005371,0.9961409042035121
73,14,/home/nabizadz/Projects/Mahsa/datasets/grid/test/s30/brwx9n.mpg,115,119,3.6627047061920166,0.9900848517374493
73,15,/home/nabizadz/Projects/Mahsa/datasets/grid/test/s30/lrbi4a.mpg,187,191,4.384757041931152,0.9987795445195339
74,0,/home/nabizadz/Projects/Mahsa/datasets/grid/test/s30/sbay2s.mpg,240,244,4.249593734741211,0.8858557456207172
74,1,/home/nabizadz/Projects/Mahsa/datasets/grid/test/s30/lbau1p.mpg,106,110,3.5873184204101562,0.9922879284380174
74,2,/home/nabizadz/Projects/Mahsa/datasets/grid/test/s30/lwwdza.mpg,286,290,4.307422161102295,0.9722608443316717
74,3,/home/nabizadz/Projects/Mahsa/datasets/grid/test/s30/swil4a.mpg,59,63,3.983858585357666,0.9963690826054288
74,4,/home/nabizadz/Projects/Mahsa/datasets/grid/test/s30/bbap4a.mpg,192,196,4.1759138107299805,0.995339617201836
74,5,/home/nabizadz/Projects/Mahsa/datasets/grid/test/s30/lgiv6a.mpg,218,222,4.439321517944336,0.9952547337721174
74,6,/home/nabizadz/Projects/Mahsa/datasets/grid/test/s30/prbg6s.mpg,147,151,4.20621919631958,0.9999194014646937
74,7,/home/nabizadz/Projects/Mahsa/datasets/grid/test/s30/sgil7n.mpg,98,102,4.078774452209473,0.9996168803330132
74,8,/home/nabizadz/Projects/Mahsa/datasets/grid/test/s30/bbbc9p.mpg,78,82,3.9779341220855713,0.9905712084843442
74,9,/home/nabizadz/Projects/Mahsa/datasets/grid/test/s30/braj3n.mpg,172,176,4.430620193481445,0.9697782957663678
74,10,/home/nabizadz/Projects/Mahsa/datasets/grid/test/s30/pbwt3p.mpg,76,80,4.310786247253418,0.9999863573700659
74,11,/home/nabizadz/Projects/Mahsa/datasets/grid/test/s30/swil2s.mpg,45,49,4.418615341186523,0.999999178385425
74,12,/home/nabizadz/Projects/Mahsa/datasets/grid/test/s30/lgwd4s.mpg,153,157,4.018254280090332,0.990323073502081
74,13,/home/nabizadz/Projects/Mahsa/datasets/grid/test/s30/lwai5p.mpg,221,225,4.365233898162842,0.9939677634677625
74,14,/home/nabizadz/Projects/Mahsa/datasets/grid/test/s30/bgiq5n.mpg,159,163,4.378846168518066,0.9958220206110177
74,15,/home/nabizadz/Projects/Mahsa/datasets/grid/test/s30/lwao8s.mpg,95,99,3.963834524154663,0.9986040598534915
75,0,/home/nabizadz/Projects/Mahsa/datasets/grid/test/s30/pwit3p.mpg,185,189,4.2764892578125,0.9959598581012462
75,1,/home/nabizadz/Projects/Mahsa/datasets/grid/test/s30/lrbo5n.mpg,13,17,4.542122840881348,0.9992185262707554
75,2,/home/nabizadz/Projects/Mahsa/datasets/grid/test/s30/pbwt1n.mpg,90,94,3.832432746887207,0.9940953167893866
75,3,/home/nabizadz/Projects/Mahsa/datasets/grid/test/s30/pbas3n.mpg,256,260,4.433289527893066,0.9999998192038093
75,4,/home/nabizadz/Projects/Mahsa/datasets/grid/test/s30/bbib9n.mpg,147,151,4.2186994552612305,0.9909969506884738
75,5,/home/nabizadz/Projects/Mahsa/datasets/grid/test/s30/pwig4s.mpg,289,293,4.4335408210754395,0.9996137526246132
75,6,/home/nabizadz/Projects/Mahsa/datasets/grid/test/s30/swaf2s.mpg,53,57,4.420525074005127,0.9986392372573764
75,7,/home/nabizadz/Projects/Mahsa/datasets/grid/test/s30/lbwb7p.mpg,16,20,4.295642375946045,0.9887938759867467
75,8,/home/nabizadz/Projects/Mahsa/datasets/grid/test/s30/lrbcza.mpg,21,25,4.528870105743408,0.9963339543440468
75,9,/home/nabizadz/Projects/Mahsa/datasets/grid/test/s30/sgbt1p.mpg,24,28,4.526644229888916,0.9998783381139905
75,10,/home/nabizadz/Projects/Mahsa/datasets/grid/test/s30/lrah8s.mpg,54,58,3.977647066116333,0.9909099681855372
75,11,/home/nabizadz/Projects/Mahsa/datasets/grid/test/s30/bwiqzs.mpg,48,52,3.833491325378418,0.9945520844133531
75,12,/home/nabizadz/Projects/Mahsa/datasets/grid/test/s30/srwl9p.mpg,201,205,4.518932819366455,0.9999984976343976
75,13,/home/nabizadz/Projects/Mahsa/datasets/grid/test/s30/lgac8a.mpg,179,183,4.143870830535889,0.9927329418564572
75,14,/home/nabizadz/Projects/Mahsa/datasets/grid/test/s30/sgam4a.mpg,164,168,4.235089302062988,0.9895961188902727
75,15,/home/nabizadz/Projects/Mahsa/datasets/grid/test/s30/lrih6a.mpg,116,120,4.0692901611328125,0.9901286965199269
76,0,/home/nabizadz/Projects/Mahsa/datasets/grid/test/s30/lgbdzs.mpg,288,292,4.350393772125244,0.9998755555538311
76,1,/home/nabizadz/Projects/Mahsa/datasets/grid/test/s30/pgbu6s.mpg,267,271,4.421050071716309,0.9998315314385137
76,2,/home/nabizadz/Projects/Mahsa/datasets/grid/test/s30/pwwh7p.mpg,161,165,4.017754554748535,0.9916873398806336
76,3,/home/nabizadz/Projects/Mahsa/datasets/grid/test/s30/brwq7p.mpg,72,76,4.269330978393555,0.9990179788377396
76,4,/home/nabizadz/Projects/Mahsa/datasets/grid/test/s30/lgbqza.mpg,122,126,3.994375228881836,0.9938626223477132
76,5,/home/nabizadz/Projects/Mahsa/datasets/grid/test/s30/sbarza.mpg,121,125,4.235374927520752,0.9940920288027885
76,6,/home/nabizadz/Projects/Mahsa/datasets/grid/test/s30/bgwfzs.mpg,6,10,4.533748149871826,0.9979528938365141
76,7,/home/nabizadz/Projects/Mahsa/datasets/grid/test/s30/srbz3p.mpg,148,152,4.276498317718506,0.9958443945301887
76,8,/home/nabizadz/Projects/Mahsa/datasets/grid/test/s30/swbf6s.mpg,35,39,4.399174690246582,0.987969726914722
76,9,/home/nabizadz/Projects/Mahsa/datasets/grid/test/s30/sbwr6s.mpg,224,228,4.389775276184082,0.9414401862997256
76,10,/home/nabizadz/Projects/Mahsa/datasets/grid/test/s30/srwl8s.mpg,258,262,4.436405181884766,0.9593820986444673
76,11,/home/nabizadz/Projects/Mahsa/datasets/grid/test/s30/pgih1p.mpg,246,250,4.343730449676514,0.9039646344706725
76,12,/home/nabizadz/Projects/Mahsa/datasets/grid/test/s30/prba4a.mpg,15,19,4.538511753082275,0.9999999999999981
76,13,/home/nabizadz/Projects/Mahsa/datasets/grid/test/s30/lrah9p.mpg,43,47,4.245324611663818,0.99666183232999
76,14,/home/nabizadz/Projects/Mahsa/datasets/grid/test/s30/sbikzs.mpg,166,170,4.194820404052734,0.9968999142508993
76,15,/home/nabizadz/Projects/Mahsa/datasets/grid/test/s30/bbbj3p.mpg,28,32,4.522446155548096,0.9996862273612995
77,0,/home/nabizadz/Projects/Mahsa/datasets/grid/test/s30/sgif4s.mpg,79,83,3.3396008014678955,0.9683195353263906
77,1,/home/nabizadz/Projects/Mahsa/datasets/grid/test/s30/lrab6a.mpg,176,180,4.463573455810547,0.9862543239220906
77,2,/home/nabizadz/Projects/Mahsa/datasets/grid/test/s30/sgwt5p.mpg,120,124,4.2680511474609375,0.9992216917513068
77,3,/home/nabizadz/Projects/Mahsa/datasets/grid/test/s30/bbwj5n.mpg,43,47,4.20356559753418,0.9955368199295742
77,4,/home/nabizadz/Projects/Mahsa/datasets/grid/test/s30/sgagza.mpg,119,123,3.877474546432495,0.9932316405086506
77,5,/home/nabizadz/Projects/Mahsa/datasets/grid/test/s30/pgbh7n.mpg,117,121,4.03788948059082,0.9979987798439311
77,6,/home/nabizadz/Projects/Mahsa/datasets/grid/test/s30/pgwu9n.mpg,124,128,3.6732637882232666,0.9854767883604293
77,7,/home/nabizadz/Projects/Mahsa/datasets/grid/test/s30/srbsza.mpg,199,203,4.149336814880371,0.9978462471229391
77,8,/home/nabizadz/Projects/Mahsa/datasets/grid/test/s30/bwwy5n.mpg,270,274,4.391176223754883,0.9919258046550989
77,9,/home/nabizadz/Projects/Mahsa/datasets/grid/test/s30/bwwe6a.mpg,153,157,4.311927318572998,0.9855552057812151
77,10,/home/nabizadz/Projects/Mahsa/datasets/grid/test/s30/bric5n.mpg,220,224,4.3721137046813965,0.9973100602980804
77,11,/home/nabizadz/Projects/Mahsa/datasets/grid/test/s30/lbwvza.mpg,68,72,4.229879856109619,0.999867834307558
77,12,/home/nabizadz/Projects/Mahsa/datasets/grid/test/s30/lrwpzs.mpg,47,51,4.4230265617370605,0.9994038485243579
77,13,/home/nabizadz/Projects/Mahsa/datasets/grid/test/s30/prag4a.mpg,189,193,4.125337600708008,0.9901381712354578
77,14,/home/nabizadz/Projects/Mahsa/datasets/grid/test/s30/pgwb9p.mpg,10,14,4.488854885101318,0.9999951464427375
77,15,/home/nabizadz/Projects/Mahsa/datasets/grid/test/s30/bwid2s.mpg,80,84,3.412546157836914,0.9969188120999852
78,0,/home/nabizadz/Projects/Mahsa/datasets/grid/test/s30/lwac2a.mpg,200,204,3.996699810028076,0.9884765344444048
78,1,/home/nabizadz/Projects/Mahsa/datasets/grid/test/s30/lrib1p.mpg,148,152,4.287820816040039,0.982959702516542
78,2,/home/nabizadz/Projects/Mahsa/datasets/grid/test/s30/sgbm8a.mpg,106,110,3.8102293014526367,0.9881107798961644
78,3,/home/nabizadz/Projects/Mahsa/datasets/grid/test/s30/pwbn6s.mpg,36,40,4.104433059692383,0.9992850226507225
78,4,/home/nabizadz/Projects/Mahsa/datasets/grid/test/s30/pbbm3n.mpg,216,220,4.357052803039551,0.9809936799049996
78,5,/home/nabizadz/Projects/Mahsa/datasets/grid/test/s30/pgwvzs.mpg,69,73,3.9410948753356934,0.9951562932688224
78,6,/home/nabizadz/Projects/Mahsa/datasets/grid/test/s30/lrao3p.mpg,251,255,4.416035175323486,0.9570218744893416
78,7,/home/nabizadz/Projects/Mahsa/datasets/grid/test/s30/bgid7n.mpg,128,132,3.6967880725860596,0.9963913643467551
78,8,/home/nabizadz/Projects/Mahsa/datasets/grid/test/s30/bwax8s.mpg,21,25,4.353829860687256,0.9912609496772103
78,9,/home/nabizadz/Projects/Mahsa/datasets/grid/test/s30/pbis1p.mpg,117,121,3.9595706462860107,0.9935060214060399
78,10,/home/nabizadz/Projects/Mahsa/datasets/grid/test/s30/lbbo2a.mpg,295,299,4.453324317932129,0.9997902299002063
78,11,/home/nabizadz/Projects/Mahsa/datasets/grid/test/s30/pgit7n.mpg,130,134,3.9615519046783447,0.9949765384159304
78,12,/home/nabizadz/Projects/Mahsa/datasets/grid/test/s30/sbid8a.mpg,116,120,3.9200034141540527,0.9962878870095081
78,13,/home/nabizadz/Projects/Mahsa/datasets/grid/test/s30/bgwl5p.mpg,74,78,4.006496906280518,0.9969670855032523
78,14,/home/nabizadz/Projects/Mahsa/datasets/grid/test/s30/briv8s.mpg,135,139,3.664161205291748,0.986089647296264
78,15,/home/nabizadz/Projects/Mahsa/datasets/grid/test/s30/lbin2s.mpg,122,126,4.021120071411133,0.995101798461882
79,0,/home/nabizadz/Projects/Mahsa/datasets/grid/test/s30/prwt8s.mpg,271,275,4.436813831329346,0.9990510417900018
79,1,/home/nabizadz/Projects/Mahsa/datasets/grid/test/s30/lwaczs.mpg,45,49,4.378509998321533,0.9773328072986087
79,2,/home/nabizadz/Projects/Mahsa/datasets/grid/test/s30/sralzs.mpg,54,58,3.6557888984680176,0.9942107039468514
79,3,/home/nabizadz/Projects/Mahsa/datasets/grid/test/s30/pbiz6a.mpg,173,177,4.181528568267822,0.9992700697396911
79,4,/home/nabizadz/Projects/Mahsa/datasets/grid/test/s30/bwid4a.mpg,135,139,3.6912379264831543,0.9900321351844773
79,5,/home/nabizadz/Projects/Mahsa/datasets/grid/test/s30/lrbu9n.mpg,94,98,3.8368749618530273,0.9975831579951338
79,6,/home/nabizadz/Projects/Mahsa/datasets/grid/test/s30/pwahza.mpg,127,131,3.907733917236328,0.9852659835257843
79,7,/home/nabizadz/Projects/Mahsa/datasets/grid/test/s30/srak9n.mpg,118,122,3.8393824100494385,0.990951758369747
79,8,/home/nabizadz/Projects/Mahsa/datasets/grid/test/s30/bbac3n.mpg,39,43,4.273741245269775,0.9999662971892885
79,9,/home/nabizadz/Projects/Mahsa/datasets/grid/test/s30/pbif1n.mpg,270,274,4.424858093261719,1.0
79,10,/home/nabizadz/Projects/Mahsa/datasets/grid/test/s30/brwd7n.mpg,4,8,4.432849407196045,0.9999998184623843
79,11,/home/nabizadz/Projects/Mahsa/datasets/grid/test/s30/lgai9n.mpg,254,258,4.41511344909668,0.9621843450603903
79,12,/home/nabizadz/Projects/Mahsa/datasets/grid/test/s30/lbabza.mpg,176,180,4.256402015686035,0.9769576193587862
79,13,/home/nabizadz/Projects/Mahsa/datasets/grid/test/s30/swal7p.mpg,125,129,3.488935947418213,0.993702983798793
79,14,/home/nabizadz/Projects/Mahsa/datasets/grid/test/s30/sbwy9n.mpg,20,24,4.39375638961792,0.9992826165339572
79,15,/home/nabizadz/Projects/Mahsa/datasets/grid/test/s30/bwbk3n.mpg,186,190,4.174678325653076,0.9951146969364156
80,0,/home/nabizadz/Projects/Mahsa/datasets/grid/test/s30/swbm2a.mpg,72,76,4.194668292999268,0.9992985821069817
80,1,/home/nabizadz/Projects/Mahsa/datasets/grid/test/s30/sbiq5p.mpg,139,143,4.217099666595459,0.9909602550562617
80,2,/home/nabizadz/Projects/Mahsa/datasets/grid/test/s30/swir5n.mpg,168,172,4.188918590545654,0.9925067468624603
80,3,/home/nabizadz/Projects/Mahsa/datasets/grid/test/s30/sgbg1n.mpg,38,42,4.444189071655273,0.9991888048605501
80,4,/home/nabizadz/Projects/Mahsa/datasets/grid/test/s30/bgbk9n.mpg,28,32,4.326751708984375,1.0
80,5,/home/nabizadz/Projects/Mahsa/datasets/grid/test/s30/praaza.mpg,269,273,4.4605326652526855,0.9512133956417497
80,6,/home/nabizadz/Projects/Mahsa/datasets/grid/test/s30/brwq8a.mpg,106,110,4.277393817901611,0.9990648176849157
80,7,/home/nabizadz/Projects/Mahsa/datasets/grid/test/s30/lgwx7p.mpg,227,231,4.436117172241211,0.9693249278501525
80,8,/home/nabizadz/Projects/Mahsa/datasets/grid/test/s30/pwwozs.mpg,98,102,4.445631980895996,0.9983318936904483
80,9,/home/nabizadz/Projects/Mahsa/datasets/grid/test/s30/swbz8s.mpg,287,291,4.341036319732666,0.9804131811252625
80,10,/home/nabizadz/Projects/Mahsa/datasets/grid/test/s30/bgbl2a.mpg,260,264,4.430985450744629,0.9236375152636894
80,11,/home/nabizadz/Projects/Mahsa/datasets/grid/test/s30/pbiz4s.mpg,123,127,3.5462052822113037,0.972270827560423
80,12,/home/nabizadz/Projects/Mahsa/datasets/grid/test/s30/pbbf9n.mpg,54,58,4.497424602508545,0.9992334975551
80,13,/home/nabizadz/Projects/Mahsa/datasets/grid/test/s30/lgwx6s.mpg,233,237,4.097421646118164,0.9930840973018626
80,14,/home/nabizadz/Projects/Mahsa/datasets/grid/test/s30/lgii5n.mpg,7,11,4.466500759124756,0.9928336939900333
80,15,/home/nabizadz/Projects/Mahsa/datasets/grid/test/s30/bgwr9p.mpg,64,68,4.470229148864746,0.999731717510628
81,0,/home/nabizadz/Projects/Mahsa/datasets/grid/test/s30/pbir9n.mpg,291,295,4.290498733520508,0.9834088413001617
81,1,/home/nabizadz/Projects/Mahsa/datasets/grid/test/s30/lwio3n.mpg,213,217,4.265986442565918,0.8880792474798865
81,2,/home/nabizadz/Projects/Mahsa/datasets/grid/test/s30/pgwo5n.mpg,51,55,4.226557731628418,0.9930062425375847
81,3,/home/nabizadz/Projects/Mahsa/datasets/grid/test/s30/pgbb4s.mpg,163,167,3.9053189754486084,0.9841333668958543
81,4,/home/nabizadz/Projects/Mahsa/datasets/grid/test/s30/prif9p.mpg,75,79,4.140129089355469,0.9995780473848094
81,5,/home/nabizadz/Projects/Mahsa/datasets/grid/test/s30/pwia1p.mpg,76,80,3.8245112895965576,0.9989046137270922
81,6,/home/nabizadz/Projects/Mahsa/datasets/grid/test/s30/pwba8s.mpg,195,199,4.260478496551514,0.9972765487888333
81,7,/home/nabizadz/Projects/Mahsa/datasets/grid/test/s30/prbt3n.mpg,213,217,4.1739301681518555,0.9915980288960772
81,8,/home/nabizadz/Projects/Mahsa/datasets/grid/test/s30/srwl7n.mpg,44,48,4.417478561401367,0.9996312153802966
81,9,/home/nabizadz/Projects/Mahsa/datasets/grid/test/s30/lwai6a.mpg,52,56,3.920053243637085,0.9937042298578691
81,10,/home/nabizadz/Projects/Mahsa/datasets/grid/test/s30/lwbc6a.mpg,180,184,3.8172099590301514,0.9889028460166203
81,11,/home/nabizadz/Projects/Mahsa/datasets/grid/test/s30/bwbq7n.mpg,171,175,4.036660194396973,0.9944148309462263
81,12,/home/nabizadz/Projects/Mahsa/datasets/grid/test/s30/lbah4a.mpg,214,218,4.39935302734375,0.9476538330943346
81,13,/home/nabizadz/Projects/Mahsa/datasets/grid/test/s30/lbbh7p.mpg,97,101,3.541010618209839,0.9909356984910812
81,14,/home/nabizadz/Projects/Mahsa/datasets/grid/test/s30/lbit8a.mpg,182,186,4.439223289489746,0.9997704861071023
81,15,/home/nabizadz/Projects/Mahsa/datasets/grid/test/s30/bbio8s.mpg,92,96,3.7267653942108154,0.9742524464844916
82,0,/home/nabizadz/Projects/Mahsa/datasets/grid/test/s30/bwby2s.mpg,36,40,4.49228048324585,0.9989038125932882
82,1,/home/nabizadz/Projects/Mahsa/datasets/grid/test/s30/lgwx8a.mpg,85,89,3.55316424369812,0.9885093987001007
82,2,/home/nabizadz/Projects/Mahsa/datasets/grid/test/s30/bwakzs.mpg,292,296,4.3298420906066895,0.9886955585715446
82,3,/home/nabizadz/Projects/Mahsa/datasets/grid/test/s30/sbbe5p.mpg,21,25,4.429173946380615,0.9999998643872682
82,4,/home/nabizadz/Projects/Mahsa/datasets/grid/test/s30/sbak6a.mpg,195,199,3.8036158084869385,0.9864590006528119
82,5,/home/nabizadz/Projects/Mahsa/datasets/grid/test/s30/lrao4a.mpg,96,100,3.747051954269409,0.9920181484607102
82,6,/home/nabizadz/Projects/Mahsa/datasets/grid/test/s30/sbaezs.mpg,243,247,4.357873439788818,0.9998407377793306
82,7,/home/nabizadz/Projects/Mahsa/datasets/grid/test/s30/bbap2s.mpg,279,283,4.341960906982422,0.9999998324156736
82,8,/home/nabizadz/Projects/Mahsa/datasets/grid/test/s30/bwiq1p.mpg,219,223,4.23992395401001,0.9905010499452451
82,9,/home/nabizadz/Projects/Mahsa/datasets/grid/test/s30/swil3p.mpg,94,98,3.3483312129974365,0.9954027672299351
82,10,/home/nabizadz/Projects/Mahsa/datasets/grid/test/s30/lwao7n.mpg,264,268,4.303907871246338,0.9362478589593917
82,11,/home/nabizadz/Projects/Mahsa/datasets/grid/test/s30/pratzs.mpg,127,131,3.7996809482574463,0.9933103700025262
82,12,/home/nabizadz/Projects/Mahsa/datasets/grid/test/s30/bwbezs.mpg,162,166,4.013254642486572,0.9932096016473179
82,13,/home/nabizadz/Projects/Mahsa/datasets/grid/test/s30/prim3p.mpg,50,54,3.536238670349121,0.9915151010464268
82,14,/home/nabizadz/Projects/Mahsa/datasets/grid/test/s30/sgis2s.mpg,126,130,3.9764702320098877,0.9962410466924072
82,15,/home/nabizadz/Projects/Mahsa/datasets/grid/test/s30/swizzs.mpg,55,59,3.8752567768096924,0.9943781825363546
83,0,/home/nabizadz/Projects/Mahsa/datasets/grid/test/s30/pbam2a.mpg,33,37,4.451611518859863,0.9996417149186472
83,1,/home/nabizadz/Projects/Mahsa/datasets/grid/test/s30/sgwg7p.mpg,189,193,3.767699956893921,0.9799962109738881
83,2,/home/nabizadz/Projects/Mahsa/datasets/grid/test/s30/lgbd2a.mpg,244,248,4.395826816558838,0.8848233517346468
83,3,/home/nabizadz/Projects/Mahsa/datasets/grid/test/s30/pgbo2s.mpg,53,57,3.5796079635620117,0.9955291731267845
83,4,/home/nabizadz/Projects/Mahsa/datasets/grid/test/s30/lbbb2s.mpg,99,103,3.9546775817871094,0.9882029602817921
83,5,/home/nabizadz/Projects/Mahsa/datasets/grid/test/s30/pgaa9n.mpg,155,159,4.310333728790283,0.9938567998899793
83,6,/home/nabizadz/Projects/Mahsa/datasets/grid/test/s30/pbil5n.mpg,133,137,4.1645989418029785,0.9925555719615249
83,7,/home/nabizadz/Projects/Mahsa/datasets/grid/test/s30/lbin4a.mpg,252,256,4.416046619415283,0.9732672548722945
83,8,/home/nabizadz/Projects/Mahsa/datasets/grid/test/s30/lbwb8a.mpg,289,293,4.398333549499512,0.9966585122376252
83,9,/home/nabizadz/Projects/Mahsa/datasets/grid/test/s30/sbbr2s.mpg,47,51,4.468599796295166,0.9999998984715774
83,10,/home/nabizadz/Projects/Mahsa/datasets/grid/test/s30/lbwb6s.mpg,258,262,4.3564653396606445,0.8932949354258481
83,11,/home/nabizadz/Projects/Mahsa/datasets/grid/test/s30/srbf1p.mpg,2,6,4.504401206970215,0.9998843721711747
83,12,/home/nabizadz/Projects/Mahsa/datasets/grid/test/s30/braj4s.mpg,10,14,4.369073390960693,0.9899269350040621
83,13,/home/nabizadz/Projects/Mahsa/datasets/grid/test/s30/prbt4s.mpg,248,252,4.436827659606934,0.9950144600602144
83,14,/home/nabizadz/Projects/Mahsa/datasets/grid/test/s30/bwwy8a.mpg,163,167,4.200898170471191,0.9988701716943814
83,15,/home/nabizadz/Projects/Mahsa/datasets/grid/test/s30/lwav3p.mpg,104,108,4.148805141448975,0.99860682283696
84,0,/home/nabizadz/Projects/Mahsa/datasets/grid/test/s30/lban6s.mpg,62,66,3.928346872329712,0.9913233973081965
84,1,/home/nabizadz/Projects/Mahsa/datasets/grid/test/s30/pbwm7n.mpg,39,43,4.332223415374756,0.9863239953884159
84,2,/home/nabizadz/Projects/Mahsa/datasets/grid/test/s30/swar9n.mpg,88,92,3.928558111190796,0.997909402965806
84,3,/home/nabizadz/Projects/Mahsa/datasets/grid/test/s30/lrin7n.mpg,95,99,4.264802932739258,0.9953416980923133
84,4,/home/nabizadz/Projects/Mahsa/datasets/grid/test/s30/sgwn1p.mpg,259,263,4.541289806365967,0.9623142504083986
84,5,/home/nabizadz/Projects/Mahsa/datasets/grid/test/s30/prwa5n.mpg,200,204,4.332690715789795,0.9944311387456874
84,6,/home/nabizadz/Projects/Mahsa/datasets/grid/test/s30/lgwq1n.mpg,107,111,4.350431442260742,0.9998201471079529
84,7,/home/nabizadz/Projects/Mahsa/datasets/grid/test/s30/pwig5p.mpg,9,13,4.490033149719238,0.9999994494319476
84,8,/home/nabizadz/Projects/Mahsa/datasets/grid/test/s30/pgab1p.mpg,248,252,4.448414325714111,0.9941246012259531
84,9,/home/nabizadz/Projects/Mahsa/datasets/grid/test/s30/lrbo6s.mpg,205,209,4.511124134063721,0.9987134637102068
84,10,/home/nabizadz/Projects/Mahsa/datasets/grid/test/s30/pwbn7p.mpg,89,93,3.6608076095581055,0.9955418530116593
84,11,/home/nabizadz/Projects/Mahsa/datasets/grid/test/s30/pwig6a.mpg,22,26,4.393210411071777,0.9953655427722591
84,12,/home/nabizadz/Projects/Mahsa/datasets/grid/test/s30/lwbc5p.mpg,227,231,4.371982574462891,0.9963317726223627
84,13,/home/nabizadz/Projects/Mahsa/datasets/grid/test/s30/swbmzs.mpg,39,43,4.426936626434326,0.9998590753550012
84,14,/home/nabizadz/Projects/Mahsa/datasets/grid/test/s30/lgiv4s.mpg,43,47,4.407525062561035,0.9999986416964846
84,15,/home/nabizadz/Projects/Mahsa/datasets/grid/test/s30/lgwd6a.mpg,122,126,3.8301784992218018,0.9836433654836717
85,0,/home/nabizadz/Projects/Mahsa/datasets/grid/test/s30/bwbd9n.mpg,56,60,3.8221824169158936,0.9874282587383515
85,1,/home/nabizadz/Projects/Mahsa/datasets/grid/test/s30/sbbk8s.mpg,17,21,4.298980236053467,0.9989743644941635
85,2,/home/nabizadz/Projects/Mahsa/datasets/grid/test/s30/sbblza.mpg,239,243,4.248432159423828,0.9924211729573708
85,3,/home/nabizadz/Projects/Mahsa/datasets/grid/test/s30/lrwi7p.mpg,44,48,4.3758931159973145,0.9947246674343209
85,4,/home/nabizadz/Projects/Mahsa/datasets/grid/test/s30/sriq9n.mpg,58,62,4.097261428833008,0.9997083584772015
85,5,/home/nabizadz/Projects/Mahsa/datasets/grid/test/s30/bbav6s.mpg,87,91,3.7975199222564697,0.9908211954681124
85,6,/home/nabizadz/Projects/Mahsa/datasets/grid/test/s30/bwwy7p.mpg,0,4,4.569324016571045,0.9998818217144576
85,7,/home/nabizadz/Projects/Mahsa/datasets/grid/test/s30/lbia3n.mpg,140,144,4.127378940582275,0.9858402119644789
85,8,/home/nabizadz/Projects/Mahsa/datasets/grid/test/s30/sbwz2a.mpg,222,226,3.8666903972625732,0.9912919197748495
85,9,/home/nabizadz/Projects/Mahsa/datasets/grid/test/s30/brijzs.mpg,26,30,4.407681465148926,0.999993339417238
85,10,/home/nabizadz/Projects/Mahsa/datasets/grid/test/s30/sgbt2a.mpg,283,287,4.388588905334473,0.9991009210531416
85,11,/home/nabizadz/Projects/Mahsa/datasets/grid/test/s30/bbwx5p.mpg,166,170,4.0905303955078125,0.9928155964405027
85,12,/home/nabizadz/Projects/Mahsa/datasets/grid/test/s30/sgwa4a.mpg,89,93,3.5025532245635986,0.9874067252081545
85,13,/home/nabizadz/Projects/Mahsa/datasets/grid/test/s30/prwa8a.mpg,165,169,4.0920186042785645,0.9938452801596218
85,14,/home/nabizadz/Projects/Mahsa/datasets/grid/test/s30/lwao9p.mpg,197,201,3.8191800117492676,0.9900354324512216
85,15,/home/nabizadz/Projects/Mahsa/datasets/grid/test/s30/bgiy2a.mpg,31,35,3.8385918140411377,0.9856597806099817
86,0,/home/nabizadz/Projects/Mahsa/datasets/grid/test/s30/swwtza.mpg,290,294,4.448935031890869,0.9999962010751473
86,1,/home/nabizadz/Projects/Mahsa/datasets/grid/test/s30/pras9n.mpg,76,80,4.206611633300781,0.9998621790707675
86,2,/home/nabizadz/Projects/Mahsa/datasets/grid/test/s30/sgiz8a.mpg,65,69,4.298334121704102,0.9999938687692214
86,3,/home/nabizadz/Projects/Mahsa/datasets/grid/test/s30/lgwd3n.mpg,257,261,4.35195779800415,0.9484896091381947
86,4,/home/nabizadz/Projects/Mahsa/datasets/grid/test/s30/bgar2a.mpg,92,96,3.4388160705566406,0.9836244924950615
86,5,/home/nabizadz/Projects/Mahsa/datasets/grid/test/s30/srik6s.mpg,48,52,4.0307769775390625,0.988972256157455
86,6,/home/nabizadz/Projects/Mahsa/datasets/grid/test/s30/bwix5p.mpg,138,142,4.1597700119018555,0.9968319039374747
86,7,/home/nabizadz/Projects/Mahsa/datasets/grid/test/s30/pwba7n.mpg,106,110,4.299959182739258,0.9994369343602486
86,8,/home/nabizadz/Projects/Mahsa/datasets/grid/test/s30/pgah3n.mpg,29,33,4.400172233581543,0.9938707327224309
86,9,/home/nabizadz/Projects/Mahsa/datasets/grid/test/s30/lrau6s.mpg,89,93,3.9520070552825928,0.9939255386177442
86,10,/home/nabizadz/Projects/Mahsa/datasets/grid/test/s30/bgay6a.mpg,168,172,3.6686553955078125,0.9944569455122019
86,11,/home/nabizadz/Projects/Mahsa/datasets/grid/test/s30/lgbc9n.mpg,127,131,3.8002076148986816,0.9977641465734013
86,12,/home/nabizadz/Projects/Mahsa/datasets/grid/test/s30/sbby5n.mpg,132,136,4.237921714782715,0.9997723377284563
86,13,/home/nabizadz/Projects/Mahsa/datasets/grid/test/s30/lwwc9p.mpg,126,130,3.7740466594696045,0.9813592097767125
86,14,/home/nabizadz/Projects/Mahsa/datasets/grid/test/s30/srbe9n.mpg,265,269,4.417544841766357,0.9843929572849973
86,15,/home/nabizadz/Projects/Mahsa/datasets/grid/test/s30/lgap5p.mpg,2,6,4.552444934844971,0.9999999269168586
87,0,/home/nabizadz/Projects/Mahsa/datasets/grid/test/s30/sbbe3n.mpg,233,237,4.414869785308838,0.9409314152623638
87,1,/home/nabizadz/Projects/Mahsa/datasets/grid/test/s30/brwy2a.mpg,63,67,3.7934226989746094,0.9943119896434156
87,2,/home/nabizadz/Projects/Mahsa/datasets/grid/test/s30/pgbo1n.mpg,116,120,3.991712808609009,0.9949807995340798
87,3,/home/nabizadz/Projects/Mahsa/datasets/grid/test/s30/bbai8s.mpg,141,145,3.876525640487671,0.987457129173596
87,4,/home/nabizadz/Projects/Mahsa/datasets/grid/test/s30/brwq5n.mpg,144,148,4.414041042327881,0.9993888817013669
87,5,/home/nabizadz/Projects/Mahsa/datasets/grid/test/s30/prwg9n.mpg,15,19,4.435161113739014,0.9964174033186236
87,6,/home/nabizadz/Projects/Mahsa/datasets/grid/test/s30/prba3p.mpg,288,292,4.444108486175537,0.9999998860584248
87,7,/home/nabizadz/Projects/Mahsa/datasets/grid/test/s30/bgby7n.mpg,276,280,4.430269241333008,0.9882636024329124
87,8,/home/nabizadz/Projects/Mahsa/datasets/grid/test/s30/pgwcza.mpg,91,95,4.2198591232299805,0.9963965589095166
87,9,/home/nabizadz/Projects/Mahsa/datasets/grid/test/s30/bwak2a.mpg,134,138,4.266848564147949,0.9975281489938552
87,10,/home/nabizadz/Projects/Mahsa/datasets/grid/test/s30/lgbj4s.mpg,176,180,4.4959306716918945,0.9943203022511006
87,11,/home/nabizadz/Projects/Mahsa/datasets/grid/test/s30/sgis4a.mpg,76,80,4.065983295440674,0.9979657120483526
87,12,/home/nabizadz/Projects/Mahsa/datasets/grid/test/s30/lgap3n.mpg,223,227,4.472225189208984,0.9940860506710543
87,13,/home/nabizadz/Projects/Mahsa/datasets/grid/test/s30/sgwt6a.mpg,99,103,3.572613000869751,0.9904218684394618
87,14,/home/nabizadz/Projects/Mahsa/datasets/grid/test/s30/lgaxza.mpg,74,78,3.83419132232666,0.99687344491466
87,15,/home/nabizadz/Projects/Mahsa/datasets/grid/test/s30/lwac1p.mpg,160,164,4.174815654754639,0.9964152513649427
88,0,/home/nabizadz/Projects/Mahsa/datasets/grid/test/s30/pbwt4a.mpg,232,236,4.41719913482666,0.9851681802624939
88,1,/home/nabizadz/Projects/Mahsa/datasets/grid/test/s30/lbwi1p.mpg,197,201,4.547292709350586,0.9955579487354596
88,2,/home/nabizadz/Projects/Mahsa/datasets/grid/test/s30/pgwi1n.mpg,85,89,4.230904579162598,0.9979810232939753
88,3,/home/nabizadz/Projects/Mahsa/datasets/grid/test/s30/brbq2s.mpg,216,220,4.213967800140381,0.9926021860556494
88,4,/home/nabizadz/Projects/Mahsa/datasets/grid/test/s30/lbah1n.mpg,2,6,4.570184230804443,0.9999994405127809
88,5,/home/nabizadz/Projects/Mahsa/datasets/grid/test/s30/sgis3p.mpg,285,289,4.404924392700195,0.999999805035375
88,6,/home/nabizadz/Projects/Mahsa/datasets/grid/test/s30/sgas6s.mpg,115,119,3.4788894653320312,0.9789639246978282
88,7,/home/nabizadz/Projects/Mahsa/datasets/grid/test/s30/bwwe3n.mpg,131,135,3.9852259159088135,0.987046275912393
88,8,/home/nabizadz/Projects/Mahsa/datasets/grid/test/s30/pbas6a.mpg,254,258,4.361704349517822,0.9922803829548585
88,9,/home/nabizadz/Projects/Mahsa/datasets/grid/test/s30/lbwu9p.mpg,37,41,4.493896484375,0.9999999999999997
88,10,/home/nabizadz/Projects/Mahsa/datasets/grid/test/s30/brap8s.mpg,68,72,4.0657830238342285,0.9939622396470281
88,11,/home/nabizadz/Projects/Mahsa/datasets/grid/test/s30/pbbtza.mpg,101,105,4.090263366699219,0.9987725209519895
88,12,/home/nabizadz/Projects/Mahsa/datasets/grid/test/s30/bwwe5p.mpg,247,251,4.554035186767578,0.996621014488191
88,13,/home/nabizadz/Projects/Mahsa/datasets/grid/test/s30/bbac6a.mpg,268,272,4.447302341461182,0.9905610102281764
88,14,/home/nabizadz/Projects/Mahsa/datasets/grid/test/s30/pwit1n.mpg,71,75,3.921649932861328,0.9956942936588267
88,15,/home/nabizadz/Projects/Mahsa/datasets/grid/test/s30/lria9n.mpg,9,13,4.480894088745117,0.9999670522006927
89,0,/home/nabizadz/Projects/Mahsa/datasets/grid/test/s30/sbwe7n.mpg,188,192,4.057468414306641,0.9932360415761833
89,1,/home/nabizadz/Projects/Mahsa/datasets/grid/test/s30/sgwt4s.mpg,63,67,3.938157796859741,0.999740424817908
89,2,/home/nabizadz/Projects/Mahsa/datasets/grid/test/s30/pbil6s.mpg,164,168,4.23970890045166,0.9948464825885978
89,3,/home/nabizadz/Projects/Mahsa/datasets/grid/test/s30/lrbi2s.mpg,91,95,4.181474685668945,0.9997078424872318
89,4,/home/nabizadz/Projects/Mahsa/datasets/grid/test/s30/bgbzza.mpg,283,287,4.509542942047119,0.9997903359844773
89,5,/home/nabizadz/Projects/Mahsa/datasets/grid/test/s30/bgwl6a.mpg,211,215,4.401636123657227,0.9941658016227968
89,6,/home/nabizadz/Projects/Mahsa/datasets/grid/test/s30/pgig9n.mpg,166,170,4.063754081726074,0.9919585190720078
89,7,/home/nabizadz/Projects/Mahsa/datasets/grid/test/s30/sbaq7n.mpg,45,49,4.385122299194336,0.9999980998128867
89,8,/home/nabizadz/Projects/Mahsa/datasets/grid/test/s30/lban5n.mpg,235,239,4.33108377456665,0.9018529622027605
89,9,/home/nabizadz/Projects/Mahsa/datasets/grid/test/s30/pwig3n.mpg,165,169,4.22772741317749,0.9861502478472642
89,10,/home/nabizadz/Projects/Mahsa/datasets/grid/test/s30/pwinza.mpg,109,113,4.276607513427734,0.9994654220222562
89,11,/home/nabizadz/Projects/Mahsa/datasets/grid/test/s30/pwan3p.mpg,171,175,4.085124492645264,0.994841105059306
89,12,/home/nabizadz/Projects/Mahsa/datasets/grid/test/s30/brwk1n.mpg,16,20,4.4245758056640625,0.9762553350730768
89,13,/home/nabizadz/Projects/Mahsa/datasets/grid/test/s30/sgiz6s.mpg,153,157,4.234475135803223,0.9984131307172216
89,14,/home/nabizadz/Projects/Mahsa/datasets/grid/test/s30/pwim9p.mpg,35,39,4.374605655670166,0.9999991320733614
89,15,/home/nabizadz/Projects/Mahsa/datasets/grid/test/s30/sbwl4a.mpg,249,253,4.477278709411621,0.9713684466300289
90,0,/home/nabizadz/Projects/Mahsa/datasets/grid/test/s30/lribzs.mpg,100,104,4.15181303024292,0.9960781366327687
90,1,/home/nabizadz/Projects/Mahsa/datasets/grid/test/s30/lraiza.mpg,292,296,4.566478729248047,0.9982904354839557
90,2,/home/nabizadz/Projects/Mahsa/datasets/grid/test/s30/lwwp5n.mpg,95,99,3.8317644596099854,0.9928469650758308
90,3,/home/nabizadz/Projects/Mahsa/datasets/grid/test/s30/lgaj1p.mpg,26,30,4.419053554534912,0.9878637099156382
90,4,/home/nabizadz/Projects/Mahsa/datasets/grid/test/s30/bgae2s.mpg,229,233,4.5255842208862305,0.982663825522924
90,5,/home/nabizadz/Projects/Mahsa/datasets/grid/test/s30/bwwy6s.mpg,217,221,4.428641319274902,0.9428012167879803
90,6,/home/nabizadz/Projects/Mahsa/datasets/grid/test/s30/briv9p.mpg,223,227,4.3090386390686035,0.9954353436740737
90,7,/home/nabizadz/Projects/Mahsa/datasets/grid/test/s30/srwz8a.mpg,221,225,4.228407859802246,0.9897604654344248
90,8,/home/nabizadz/Projects/Mahsa/datasets/grid/test/s30/bbiv3p.mpg,269,273,4.387188911437988,0.9837989733566584
90,9,/home/nabizadz/Projects/Mahsa/datasets/grid/test/s30/sgwn2a.mpg,236,240,4.33532190322876,0.9402379281051674
90,10,/home/nabizadz/Projects/Mahsa/datasets/grid/test/s30/prim2s.mpg,192,196,4.0545125007629395,0.9820235004973844
90,11,/home/nabizadz/Projects/Mahsa/datasets/grid/test/s30/srbr9p.mpg,68,72,3.570547342300415,0.9944775567062993
90,12,/home/nabizadz/Projects/Mahsa/datasets/grid/test/s30/bbii6a.mpg,88,92,3.608804941177368,0.9896973400287594
90,13,/home/nabizadz/Projects/Mahsa/datasets/grid/test/s30/lwwp8a.mpg,44,48,4.470761299133301,0.999880895078408
90,14,/home/nabizadz/Projects/Mahsa/datasets/grid/test/s30/pbaz8s.mpg,248,252,4.543069362640381,0.9924220776679266
90,15,/home/nabizadz/Projects/Mahsa/datasets/grid/test/s30/pwat8a.mpg,85,89,4.096992492675781,0.9925294017677676
91,0,/home/nabizadz/Projects/Mahsa/datasets/grid/test/s30/bbajza.mpg,203,207,4.482870578765869,0.9885246856740761
91,1,/home/nabizadz/Projects/Mahsa/datasets/grid/test/s30/bbii3n.mpg,87,91,3.552518844604492,0.987931454417644
91,2,/home/nabizadz/Projects/Mahsa/datasets/grid/test/s30/pbaf5n.mpg,66,70,3.9009225368499756,0.9968757970288248
91,3,/home/nabizadz/Projects/Mahsa/datasets/grid/test/s30/braqza.mpg,291,295,4.353484153747559,0.9959703614697489
91,4,/home/nabizadz/Projects/Mahsa/datasets/grid/test/s30/lbaa9p.mpg,102,106,3.9734299182891846,0.9914085835775408
91,5,/home/nabizadz/Projects/Mahsa/datasets/grid/test/s30/sgbm5n.mpg,142,146,3.9084393978118896,0.9942469028801296
91,6,/home/nabizadz/Projects/Mahsa/datasets/grid/test/s30/pwag8s.mpg,145,149,3.9317574501037598,0.9887250284369502
91,7,/home/nabizadz/Projects/Mahsa/datasets/grid/test/s30/sray7n.mpg,271,275,4.3339385986328125,0.991180170878505
91,8,/home/nabizadz/Projects/Mahsa/datasets/grid/test/s30/lbaa8s.mpg,130,134,3.605199098587036,0.9765174152576943
91,9,/home/nabizadz/Projects/Mahsa/datasets/grid/test/s30/lwih9n.mpg,19,23,4.415011882781982,0.9935415109143368
91,10,/home/nabizadz/Projects/Mahsa/datasets/grid/test/s30/pwbn5n.mpg,241,245,4.453296661376953,0.98926937847798
91,11,/home/nabizadz/Projects/Mahsa/datasets/grid/test/s30/lrau8a.mpg,34,38,4.374818801879883,0.9999951408126165
91,12,/home/nabizadz/Projects/Mahsa/datasets/grid/test/s30/bbbxzs.mpg,90,94,4.115413188934326,0.9953614459011709
91,13,/home/nabizadz/Projects/Mahsa/datasets/grid/test/s30/pbil7p.mpg,285,289,4.4983367919921875,0.9997045607261589
91,14,/home/nabizadz/Projects/Mahsa/datasets/grid/test/s30/bbio9p.mpg,99,103,3.7261722087860107,0.9894673137322824
91,15,/home/nabizadz/Projects/Mahsa/datasets/grid/test/s30/lbbu5p.mpg,17,21,4.2833781242370605,0.9999916533894739
92,0,/home/nabizadz/Projects/Mahsa/datasets/grid/test/s30/bwayza.mpg,6,10,4.510626792907715,0.9999985075965961
92,1,/home/nabizadz/Projects/Mahsa/datasets/grid/test/s30/lriu1n.mpg,80,84,4.018893718719482,0.9967432170060759
92,2,/home/nabizadz/Projects/Mahsa/datasets/grid/test/s30/bbwq2a.mpg,262,266,4.356766223907471,0.9828594974061413
92,3,/home/nabizadz/Projects/Mahsa/datasets/grid/test/s30/srbz1n.mpg,66,70,3.601198196411133,0.9917616363752857
92,4,/home/nabizadz/Projects/Mahsa/datasets/grid/test/s30/lgwq3p.mpg,196,200,4.143631458282471,0.9830010281380622
92,5,/home/nabizadz/Projects/Mahsa/datasets/grid/test/s30/lrbb7n.mpg,34,38,4.416367530822754,0.99886087068279
92,6,/home/nabizadz/Projects/Mahsa/datasets/grid/test/s30/lrwi8a.mpg,54,58,4.068317890167236,0.9966480905764407
92,7,/home/nabizadz/Projects/Mahsa/datasets/grid/test/s30/srar6a.mpg,85,89,3.6980512142181396,0.991120551031719
92,8,/home/nabizadz/Projects/Mahsa/datasets/grid/test/s30/bbwqzs.mpg,231,235,4.38223934173584,0.996844490633054
92,9,/home/nabizadz/Projects/Mahsa/datasets/grid/test/s30/pbwg4s.mpg,22,26,4.424280166625977,0.9999975562925562
92,10,/home/nabizadz/Projects/Mahsa/datasets/grid/test/s30/lrih4s.mpg,99,103,3.9388656616210938,0.992338094574141
92,11,/home/nabizadz/Projects/Mahsa/datasets/grid/test/s30/brbj7n.mpg,276,280,4.408573150634766,0.9960316264443522
92,12,/home/nabizadz/Projects/Mahsa/datasets/grid/test/s30/pwaa3n.mpg,20,24,4.502254486083984,0.9999638399891438
92,13,/home/nabizadz/Projects/Mahsa/datasets/grid/test/s30/lgac5n.mpg,177,181,3.908715009689331,0.9996445508188995
92,14,/home/nabizadz/Projects/Mahsa/datasets/grid/test/s30/bgwz3p.mpg,245,249,4.3906049728393555,0.919390948163089
92,15,/home/nabizadz/Projects/Mahsa/datasets/grid/test/s30/sbay1n.mpg,247,251,4.432827949523926,0.9895969575241148
93,0,/home/nabizadz/Projects/Mahsa/datasets/grid/test/s30/pwag9p.mpg,190,194,4.481234550476074,0.9463439530669685
93,1,/home/nabizadz/Projects/Mahsa/datasets/grid/test/s30/lgav9p.mpg,84,88,3.621051788330078,0.998694297779285
93,2,/home/nabizadz/Projects/Mahsa/datasets/grid/test/s30/bwbk5p.mpg,246,250,4.39526891708374,0.9664968000738972
93,3,/home/nabizadz/Projects/Mahsa/datasets/grid/test/s30/srar3n.mpg,136,140,4.3888959884643555,0.9977094230720576
93,4,/home/nabizadz/Projects/Mahsa/datasets/grid/test/s30/bbbc8s.mpg,181,185,4.295383930206299,0.99895391291717
93,5,/home/nabizadz/Projects/Mahsa/datasets/grid/test/s30/sgas5n.mpg,77,81,4.332607269287109,0.9999954653857962
93,6,/home/nabizadz/Projects/Mahsa/datasets/grid/test/s30/prag3p.mpg,139,143,4.31791877746582,0.996604638715706
93,7,/home/nabizadz/Projects/Mahsa/datasets/grid/test/s30/lwbi8s.mpg,290,294,4.511594295501709,1.0
93,8,/home/nabizadz/Projects/Mahsa/datasets/grid/test/s30/sbwl1n.mpg,34,38,4.504019260406494,1.0
93,9,/home/nabizadz/Projects/Mahsa/datasets/grid/test/s30/lwwj1n.mpg,26,30,4.388585567474365,0.997405412289157
93,10,/home/nabizadz/Projects/Mahsa/datasets/grid/test/s30/srir1p.mpg,252,256,4.363002300262451,0.8824918019685035
93,11,/home/nabizadz/Projects/Mahsa/datasets/grid/test/s30/pgwi3p.mpg,15,19,4.433707237243652,0.9999890191377907
93,12,/home/nabizadz/Projects/Mahsa/datasets/grid/test/s30/lwbv5n.mpg,93,97,4.233856201171875,0.9994559508532838
93,13,/home/nabizadz/Projects/Mahsa/datasets/grid/test/s30/prwn4s.mpg,262,266,4.541394233703613,0.9863166842041013
93,14,/home/nabizadz/Projects/Mahsa/datasets/grid/test/s30/pwaa4s.mpg,37,41,4.320601463317871,0.9997398162609008
93,15,/home/nabizadz/Projects/Mahsa/datasets/grid/test/s30/sgbg3p.mpg,180,184,4.045945644378662,0.9841949886484608
94,0,/home/nabizadz/Projects/Mahsa/datasets/grid/test/s30/sgiz5n.mpg,97,101,3.9913253784179688,0.9985242205688108
94,1,/home/nabizadz/Projects/Mahsa/datasets/grid/test/s30/lgiv5p.mpg,190,194,4.51160192489624,0.9970448025662733
94,2,/home/nabizadz/Projects/Mahsa/datasets/grid/test/s30/pwan2s.mpg,95,99,3.5619425773620605,0.996520107320165
94,3,/home/nabizadz/Projects/Mahsa/datasets/grid/test/s30/pgia5n.mpg,13,17,4.535035133361816,0.9999999999999982
94,4,/home/nabizadz/Projects/Mahsa/datasets/grid/test/s30/prwa6s.mpg,197,201,4.072445392608643,0.9899426496152747
94,5,/home/nabizadz/Projects/Mahsa/datasets/grid/test/s30/lrwv3n.mpg,0,4,4.430798530578613,0.9999917182709507
94,6,/home/nabizadz/Projects/Mahsa/datasets/grid/test/s30/bbac5p.mpg,74,78,4.327391147613525,0.9986905310421293
94,7,/home/nabizadz/Projects/Mahsa/datasets/grid/test/s30/sgil8s.mpg,282,286,4.444157600402832,0.9931393513239224
94,8,/home/nabizadz/Projects/Mahsa/datasets/grid/test/s30/pbaf7p.mpg,213,217,4.42050838470459,0.9853822095681588
94,9,/home/nabizadz/Projects/Mahsa/datasets/grid/test/s30/bgwl4s.mpg,171,175,4.321993350982666,0.9963672099578726
94,10,/home/nabizadz/Projects/Mahsa/datasets/grid/test/s30/sgam1n.mpg,172,176,3.972761631011963,0.9895429524473376
94,11,/home/nabizadz/Projects/Mahsa/datasets/grid/test/s30/pwiazs.mpg,251,255,4.275955677032471,0.9112376959668479
94,12,/home/nabizadz/Projects/Mahsa/datasets/grid/test/s30/sbwr5n.mpg,1,5,4.603975772857666,0.9997524836017931
94,13,/home/nabizadz/Projects/Mahsa/datasets/grid/test/s30/prigza.mpg,187,191,3.9589741230010986,0.9908518102159439
94,14,/home/nabizadz/Projects/Mahsa/datasets/grid/test/s30/bgay4s.mpg,202,206,4.016406536102295,0.991361007737699
94,15,/home/nabizadz/Projects/Mahsa/datasets/grid/test/s30/bwby1n.mpg,117,121,3.9130308628082275,0.9935137836353165
95,0,/home/nabizadz/Projects/Mahsa/datasets/grid/test/s30/pwwh6s.mpg,173,177,4.093358993530273,0.9957812201898663
95,1,/home/nabizadz/Projects/Mahsa/datasets/grid/test/s30/lgic2s.mpg,132,136,4.0273356437683105,0.9803975758614082
95,2,/home/nabizadz/Projects/Mahsa/datasets/grid/test/s30/bbiv1n.mpg,185,189,4.35300350189209,0.992830370488307
95,3,/home/nabizadz/Projects/Mahsa/datasets/grid/test/s30/priz9n.mpg,115,119,3.9533121585845947,0.9966865686008367
95,4,/home/nabizadz/Projects/Mahsa/datasets/grid/test/s30/swaz5p.mpg,54,58,3.981934070587158,0.9983629041338281
95,5,/home/nabizadz/Projects/Mahsa/datasets/grid/test/s30/srws4a.mpg,289,293,4.398557662963867,0.9900707038509712
95,6,/home/nabizadz/Projects/Mahsa/datasets/grid/test/s30/bgid9p.mpg,158,162,4.144542217254639,0.9921107918352059
95,7,/home/nabizadz/Projects/Mahsa/datasets/grid/test/s30/lwiu9p.mpg,150,154,3.9467742443084717,0.9902707191132294
95,8,/home/nabizadz/Projects/Mahsa/datasets/grid/test/s30/sbak3n.mpg,255,259,4.29707145690918,1.0
95,9,/home/nabizadz/Projects/Mahsa/datasets/grid/test/s30/pgbh8s.mpg,110,114,3.725313186645508,0.9960953175163061
95,10,/home/nabizadz/Projects/Mahsa/datasets/grid/test/s30/pgan8s.mpg,91,95,4.140691757202148,0.9936280818293618
95,11,/home/nabizadz/Projects/Mahsa/datasets/grid/test/s30/pwwn9n.mpg,10,14,4.548420429229736,0.9999997164458139
95,12,/home/nabizadz/Projects/Mahsa/datasets/grid/test/s30/pgia8a.mpg,291,295,4.386720180511475,0.9999998565498802
95,13,/home/nabizadz/Projects/Mahsa/datasets/grid/test/s30/srws3p.mpg,2,6,4.586134433746338,0.999999994278903
95,14,/home/nabizadz/Projects/Mahsa/datasets/grid/test/s30/pgwb7n.mpg,143,147,3.538825511932373,0.9754974830306435
95,15,/home/nabizadz/Projects/Mahsa/datasets/grid/test/s30/bbwd1n.mpg,31,35,4.275754928588867,0.9999999178972437
96,0,/home/nabizadz/Projects/Mahsa/datasets/grid/test/s30/sgbtzs.mpg,102,106,3.58161997795105,0.9849589560716983
96,1,/home/nabizadz/Projects/Mahsa/datasets/grid/test/s30/lgac6s.mpg,95,99,3.997753381729126,0.9944814551840923
96,2,/home/nabizadz/Projects/Mahsa/datasets/grid/test/s30/brbx5n.mpg,106,110,3.917466878890991,0.9950842225761922
96,3,/home/nabizadz/Projects/Mahsa/datasets/grid/test/s30/sbby7p.mpg,117,121,4.008013725280762,0.9937317244582682
96,4,/home/nabizadz/Projects/Mahsa/datasets/grid/test/s30/srwf3n.mpg,102,106,3.629564046859741,0.9912253492855143
96,5,/home/nabizadz/Projects/Mahsa/datasets/grid/test/s30/lgbx3p.mpg,163,167,4.192732334136963,0.9790023899149742
96,6,/home/nabizadz/Projects/Mahsa/datasets/grid/test/s30/sbiq3n.mpg,147,151,4.013252258300781,0.9920364068482458
96,7,/home/nabizadz/Projects/Mahsa/datasets/grid/test/s30/bgby9p.mpg,233,237,4.364065647125244,0.9952204638930128
96,8,/home/nabizadz/Projects/Mahsa/datasets/grid/test/s30/srirzs.mpg,71,75,3.6187121868133545,0.9921068609411912
96,9,/home/nabizadz/Projects/Mahsa/datasets/grid/test/s30/lwbp3p.mpg,243,247,4.306018352508545,0.8988420031420926
96,10,/home/nabizadz/Projects/Mahsa/datasets/grid/test/s30/pbaf6s.mpg,2,6,4.562682628631592,0.9999999759987453
96,11,/home/nabizadz/Projects/Mahsa/datasets/grid/test/s30/lrbb8s.mpg,98,102,4.128594875335693,0.997540853242589
96,12,/home/nabizadz/Projects/Mahsa/datasets/grid/test/s30/lriu4a.mpg,267,271,4.397313594818115,0.9895552401083203
96,13,/home/nabizadz/Projects/Mahsa/datasets/grid/test/s30/lwiizs.mpg,265,269,4.5343337059021,0.9997364682182445
96,14,/home/nabizadz/Projects/Mahsa/datasets/grid/test/s30/prat1p.mpg,233,237,4.419825077056885,0.9664348648527354
96,15,/home/nabizadz/Projects/Mahsa/datasets/grid/test/s30/sgwg5n.mpg,120,124,4.020837306976318,0.9864893413090692
97,0,/home/nabizadz/Projects/Mahsa/datasets/grid/test/s30/lgbp9p.mpg,182,186,4.306394100189209,0.9940057286473283
97,1,/home/nabizadz/Projects/Mahsa/datasets/grid/test/s30/lwib7p.mpg,251,255,4.384109020233154,0.9760005262925737
97,2,/home/nabizadz/Projects/Mahsa/datasets/grid/test/s30/bgay3n.mpg,259,263,4.532033920288086,0.9755088062597662
97,3,/home/nabizadz/Projects/Mahsa/datasets/grid/test/s30/bwaq6a.mpg,204,208,4.054196834564209,0.9919117298995551
97,4,/home/nabizadz/Projects/Mahsa/datasets/grid/test/s30/lwbi9p.mpg,68,72,4.270832538604736,0.999669300327828
97,5,/home/nabizadz/Projects/Mahsa/datasets/grid/test/s30/lgbp7n.mpg,98,102,3.6053411960601807,0.9946512110357536
97,6,/home/nabizadz/Projects/Mahsa/datasets/grid/test/s30/lgbj5p.mpg,223,227,3.888862133026123,0.979912837120813
97,7,/home/nabizadz/Projects/Mahsa/datasets/grid/test/s30/lrah7n.mpg,236,240,4.429377555847168,0.9999999999999997
97,8,/home/nabizadz/Projects/Mahsa/datasets/grid/test/s30/bbwx6a.mpg,72,76,3.5658812522888184,0.9689023088908412
97,9,/home/nabizadz/Projects/Mahsa/datasets/grid/test/s30/bgwe9n.mpg,268,272,4.307767868041992,0.9536281248832249
97,10,/home/nabizadz/Projects/Mahsa/datasets/grid/test/s30/sbid7p.mpg,212,216,4.179015159606934,0.9866854908179601
97,11,/home/nabizadz/Projects/Mahsa/datasets/grid/test/s30/sgam2s.mpg,103,107,4.040706634521484,0.9989796002062978
97,12,/home/nabizadz/Projects/Mahsa/datasets/grid/test/s30/lwiu8s.mpg,76,80,3.5894598960876465,0.9916500781735076
97,13,/home/nabizadz/Projects/Mahsa/datasets/grid/test/s30/lbwb5n.mpg,296,300,4.550821781158447,0.9995679381643612
97,14,/home/nabizadz/Projects/Mahsa/datasets/grid/test/s30/bgwz2s.mpg,244,248,4.4594407081604,0.9996616612738107
97,15,/home/nabizadz/Projects/Mahsa/datasets/grid/test/s30/pwaa6a.mpg,100,104,4.304722309112549,0.9996452280845274
98,0,/home/nabizadz/Projects/Mahsa/datasets/grid/test/s30/pgia6s.mpg,141,145,4.241451263427734,0.9981021787426744
98,1,/home/nabizadz/Projects/Mahsa/datasets/grid/test/s30/lbit6s.mpg,288,292,4.5699076652526855,0.9932137707773921
98,2,/home/nabizadz/Projects/Mahsa/datasets/grid/test/s30/prwa7p.mpg,71,75,3.501002311706543,0.9933894076457167
98,3,/home/nabizadz/Projects/Mahsa/datasets/grid/test/s30/pgwi2s.mpg,269,273,4.452997207641602,0.9993169020404907
98,4,/home/nabizadz/Projects/Mahsa/datasets/grid/test/s30/bgik4a.mpg,129,133,4.108859062194824,0.9880898826825133
98,5,/home/nabizadz/Projects/Mahsa/datasets/grid/test/s30/lwwp7p.mpg,144,148,4.259430885314941,0.9988502827071577
98,6,/home/nabizadz/Projects/Mahsa/datasets/grid/test/s30/lwivza.mpg,24,28,4.42128324508667,0.9999152629504917
98,7,/home/nabizadz/Projects/Mahsa/datasets/grid/test/s30/lrao2s.mpg,24,28,4.3720784187316895,0.9999983578780555
98,8,/home/nabizadz/Projects/Mahsa/datasets/grid/test/s30/lban7p.mpg,281,285,4.404721260070801,0.9999073130126296
98,9,/home/nabizadz/Projects/Mahsa/datasets/grid/test/s30/lwav4a.mpg,116,120,4.074482440948486,0.9898520390385922
98,10,/home/nabizadz/Projects/Mahsa/datasets/grid/test/s30/srar4s.mpg,261,265,4.41762638092041,0.9999998211492737
98,11,/home/nabizadz/Projects/Mahsa/datasets/grid/test/s30/sbby8a.mpg,62,66,4.067838668823242,0.9956501691625836
98,12,/home/nabizadz/Projects/Mahsa/datasets/grid/test/s30/sbwzzs.mpg,237,241,4.448890209197998,0.9988006869871495
98,13,/home/nabizadz/Projects/Mahsa/datasets/grid/test/s30/bbai7n.mpg,111,115,4.3285651206970215,0.9991659951538413
98,14,/home/nabizadz/Projects/Mahsa/datasets/grid/test/s30/lwwj2s.mpg,125,129,4.180066108703613,0.9915742163438166
98,15,/home/nabizadz/Projects/Mahsa/datasets/grid/test/s30/brac9n.mpg,230,234,4.384815692901611,0.9647687206645078
99,0,/home/nabizadz/Projects/Mahsa/datasets/grid/test/s30/bric7p.mpg,105,109,3.806727170944214,0.9808519473642586
99,1,/home/nabizadz/Projects/Mahsa/datasets/grid/test/s30/prba1n.mpg,235,239,4.421084403991699,0.9912649149946502
99,2,/home/nabizadz/Projects/Mahsa/datasets/grid/test/s30/pgau2s.mpg,211,215,4.400714874267578,0.9965630906610844
99,3,/home/nabizadz/Projects/Mahsa/datasets/grid/test/s30/bgbe7p.mpg,235,239,4.332841873168945,0.9962604491183843
99,4,/home/nabizadz/Projects/Mahsa/datasets/grid/test/s30/bgaq9n.mpg,26,30,3.6419906616210938,0.9933653146109142
99,5,/home/nabizadz/Projects/Mahsa/datasets/grid/test/s30/lwbc4s.mpg,209,213,4.150296688079834,0.9908294710781715
99,6,/home/nabizadz/Projects/Mahsa/datasets/grid/test/s30/pgan9p.mpg,141,145,3.8492960929870605,0.9878117418595933
99,7,/home/nabizadz/Projects/Mahsa/datasets/grid/test/s30/sbid5n.mpg,194,198,4.1073503494262695,0.9905259369687799
99,8,/home/nabizadz/Projects/Mahsa/datasets/grid/test/s30/lbin3p.mpg,235,239,4.471179008483887,0.9886462997219245
99,9,/home/nabizadz/Projects/Mahsa/datasets/grid/test/s30/bbwj7p.mpg,15,19,4.498219966888428,0.9999991923823317
99,10,/home/nabizadz/Projects/Mahsa/datasets/grid/test/s30/sgwnzs.mpg,72,76,4.1105170249938965,0.9979154063849418
99,11,/home/nabizadz/Projects/Mahsa/datasets/grid/test/s30/bwix6a.mpg,183,187,4.397038459777832,0.9709389648108963
99,12,/home/nabizadz/Projects/Mahsa/datasets/grid/test/s30/pgwi4a.mpg,139,143,4.2044596672058105,0.9968445301701095
99,13,/home/nabizadz/Projects/Mahsa/datasets/grid/test/s30/sgif6a.mpg,208,212,4.527885913848877,0.9886296699022289
99,14,/home/nabizadz/Projects/Mahsa/datasets/grid/test/s30/srae8a.mpg,69,73,4.0290608406066895,0.9935326004397356
99,15,/home/nabizadz/Projects/Mahsa/datasets/grid/test/s30/lrib2a.mpg,66,70,3.7835757732391357,0.9969155368197978
100,0,/home/nabizadz/Projects/Mahsa/datasets/grid/test/s30/brwk2s.mpg,92,96,3.92687726020813,0.999573973846199
100,1,/home/nabizadz/Projects/Mahsa/datasets/grid/test/s30/prwn6a.mpg,274,278,4.469931602478027,0.999326848709371
100,2,/home/nabizadz/Projects/Mahsa/datasets/grid/test/s30/pbwa2a.mpg,276,280,3.8719615936279297,0.9087843785319104
100,3,/home/nabizadz/Projects/Mahsa/datasets/grid/test/s30/pbwt2s.mpg,55,59,4.461765289306641,0.9987651523240778
100,4,/home/nabizadz/Projects/Mahsa/datasets/grid/test/s30/pwwo1p.mpg,118,122,3.9172523021698,0.9903441754006714
100,5,/home/nabizadz/Projects/Mahsa/datasets/grid/test/s30/srae5n.mpg,38,42,3.9173319339752197,0.9956509950335215
100,6,/home/nabizadz/Projects/Mahsa/datasets/grid/test/s30/sbak4s.mpg,98,102,4.322259902954102,0.9999713578823499
100,7,/home/nabizadz/Projects/Mahsa/datasets/grid/test/s30/bwak1p.mpg,147,151,4.186517238616943,0.9895388337520493
100,8,/home/nabizadz/Projects/Mahsa/datasets/grid/test/s30/bwbk4s.mpg,173,177,3.531783103942871,0.9676319452753585
100,9,/home/nabizadz/Projects/Mahsa/datasets/grid/test/s30/bgid8s.mpg,55,59,3.899890899658203,0.9862785520597689
100,10,/home/nabizadz/Projects/Mahsa/datasets/grid/test/s30/bwad6s.mpg,175,179,3.674156665802002,0.9916398924009168
100,11,/home/nabizadz/Projects/Mahsa/datasets/grid/test/s30/pgbiza.mpg,238,242,4.39310359954834,0.9803731327620067
100,12,/home/nabizadz/Projects/Mahsa/datasets/grid/test/s30/sgimza.mpg,258,262,4.352741241455078,0.9110095515999417
100,13,/home/nabizadz/Projects/Mahsa/datasets/grid/test/s30/bgwz4a.mpg,244,248,4.371746063232422,0.9074975507585947
100,14,/home/nabizadz/Projects/Mahsa/datasets/grid/test/s30/swwf9n.mpg,277,281,4.417101860046387,0.9877052271942474
100,15,/home/nabizadz/Projects/Mahsa/datasets/grid/test/s30/bwwr2s.mpg,159,163,3.892641305923462,0.9961022884621773
101,0,/home/nabizadz/Projects/Mahsa/datasets/grid/test/s30/lgic1n.mpg,57,61,3.6286211013793945,0.9930641159075317
101,1,/home/nabizadz/Projects/Mahsa/datasets/grid/test/s30/bbwp9n.mpg,97,101,4.045843124389648,0.9916782460133564
101,2,/home/nabizadz/Projects/Mahsa/datasets/grid/test/s30/pgwv2a.mpg,235,239,4.489263534545898,0.9985132056117209
101,3,/home/nabizadz/Projects/Mahsa/datasets/grid/test/s30/lgwj7n.mpg,272,276,4.314512252807617,0.9999996337397357
101,4,/home/nabizadz/Projects/Mahsa/datasets/grid/test/s30/bgwsza.mpg,178,182,3.9474008083343506,0.9909518283284473
101,5,/home/nabizadz/Projects/Mahsa/datasets/grid/test/s30/bbwx3n.mpg,56,60,4.310660362243652,0.9956960326903024
101,6,/home/nabizadz/Projects/Mahsa/datasets/grid/test/s30/bwwr3p.mpg,144,148,3.722215414047241,0.9917494554014529
101,7,/home/nabizadz/Projects/Mahsa/datasets/grid/test/s30/lbihza.mpg,226,230,4.386943340301514,0.9937435036634624
101,8,/home/nabizadz/Projects/Mahsa/datasets/grid/test/s30/lriu3p.mpg,12,16,4.499250888824463,0.99991353334865
101,9,/home/nabizadz/Projects/Mahsa/datasets/grid/test/s30/bwad8a.mpg,10,14,4.365151882171631,0.9967187889814558
101,10,/home/nabizadz/Projects/Mahsa/datasets/grid/test/s30/pbbm4s.mpg,4,8,4.504048824310303,0.9999998693736228
101,11,/home/nabizadz/Projects/Mahsa/datasets/grid/test/s30/pbbs8s.mpg,29,33,4.297608375549316,0.9999924161792348
101,12,/home/nabizadz/Projects/Mahsa/datasets/grid/test/s30/pwia2a.mpg,41,45,4.371456623077393,0.9916152382411213
101,13,/home/nabizadz/Projects/Mahsa/datasets/grid/test/s30/swwm5p.mpg,295,299,4.298404693603516,0.9903552845789019
101,14,/home/nabizadz/Projects/Mahsa/datasets/grid/test/s30/lrwv4s.mpg,92,96,4.192913055419922,0.9985972939120207
101,15,/home/nabizadz/Projects/Mahsa/datasets/grid/test/s30/bwwk8s.mpg,162,166,4.12225341796875,0.9904120077112646
102,0,/home/nabizadz/Projects/Mahsa/datasets/grid/test/s30/lgajzs.mpg,97,101,4.37549352645874,0.9999468434715191
102,1,/home/nabizadz/Projects/Mahsa/datasets/grid/test/s30/srbf2a.mpg,255,259,4.319800853729248,0.9436970068270607
102,2,/home/nabizadz/Projects/Mahsa/datasets/grid/test/s30/pgau3p.mpg,172,176,3.8752171993255615,0.9843630189443671
102,3,/home/nabizadz/Projects/Mahsa/datasets/grid/test/s30/pbal9n.mpg,83,87,4.143826007843018,0.9966681419529158
102,4,/home/nabizadz/Projects/Mahsa/datasets/grid/test/s30/lrau7p.mpg,117,121,4.338743209838867,0.9993171543381342
102,5,/home/nabizadz/Projects/Mahsa/datasets/grid/test/s30/pram7p.mpg,10,14,4.5011091232299805,0.9993612360313724
102,6,/home/nabizadz/Projects/Mahsa/datasets/grid/test/s30/bwwr4a.mpg,117,121,4.204127788543701,0.9995136046093119
102,7,/home/nabizadz/Projects/Mahsa/datasets/grid/test/s30/pgan7n.mpg,125,129,3.3935205936431885,0.9910785755820732
102,8,/home/nabizadz/Projects/Mahsa/datasets/grid/test/s30/lrwi5n.mpg,167,171,4.284792423248291,0.9960120991440679
102,9,/home/nabizadz/Projects/Mahsa/datasets/grid/test/s30/lgwx5n.mpg,28,32,4.403778553009033,0.9986225891765823
102,10,/home/nabizadz/Projects/Mahsa/datasets/grid/test/s30/pwbh2s.mpg,128,132,4.072920799255371,0.9955581431171329
102,11,/home/nabizadz/Projects/Mahsa/datasets/grid/test/s30/lbbh5n.mpg,85,89,4.159505844116211,0.9963895095477366
102,12,/home/nabizadz/Projects/Mahsa/datasets/grid/test/s30/pgwo8a.mpg,88,92,4.171813011169434,0.9967563820665958
102,13,/home/nabizadz/Projects/Mahsa/datasets/grid/test/s30/bwbk6a.mpg,172,176,4.161327838897705,0.994050308685876
102,14,/home/nabizadz/Projects/Mahsa/datasets/grid/test/s30/bbbp6s.mpg,180,184,4.218088150024414,0.9903150353469037
102,15,/home/nabizadz/Projects/Mahsa/datasets/grid/test/s30/pbaf8a.mpg,188,192,4.182751178741455,0.9432879417848401
103,0,/home/nabizadz/Projects/Mahsa/datasets/grid/test/s30/brbj9p.mpg,110,114,3.9487698078155518,0.9972608102251083
103,1,/home/nabizadz/Projects/Mahsa/datasets/grid/test/s30/bgarzs.mpg,103,107,3.6095504760742188,0.9836947577948384
103,2,/home/nabizadz/Projects/Mahsa/datasets/grid/test/s30/sbwe9p.mpg,66,70,4.414089202880859,0.9993785168092072
103,3,/home/nabizadz/Projects/Mahsa/datasets/grid/test/s30/brwd8s.mpg,107,111,4.3329854011535645,0.9962575868405403
103,4,/home/nabizadz/Projects/Mahsa/datasets/grid/test/s30/pram8a.mpg,50,54,3.6244702339172363,0.9838214439251751
103,5,/home/nabizadz/Projects/Mahsa/datasets/grid/test/s30/lwwj3p.mpg,255,259,4.510562896728516,0.9968049624833405
103,6,/home/nabizadz/Projects/Mahsa/datasets/grid/test/s30/swiz1p.mpg,64,68,4.1738786697387695,0.9973244262580592
103,7,/home/nabizadz/Projects/Mahsa/datasets/grid/test/s30/lrwv6a.mpg,276,280,4.346053600311279,0.9635635283844628
103,8,/home/nabizadz/Projects/Mahsa/datasets/grid/test/s30/bwij8a.mpg,286,290,4.3587775230407715,0.9731010120098925
103,9,/home/nabizadz/Projects/Mahsa/datasets/grid/test/s30/sbwr8a.mpg,132,136,3.6371941566467285,0.9842907792846014
103,10,/home/nabizadz/Projects/Mahsa/datasets/grid/test/s30/prbnzs.mpg,183,187,3.6288070678710938,0.9783439810347655
103,11,/home/nabizadz/Projects/Mahsa/datasets/grid/test/s30/lrwp1p.mpg,58,62,4.06801176071167,0.9957026185464509
103,12,/home/nabizadz/Projects/Mahsa/datasets/grid/test/s30/lgipzs.mpg,140,144,3.6318538188934326,0.9700812608112672
103,13,/home/nabizadz/Projects/Mahsa/datasets/grid/test/s30/bgbe8a.mpg,35,39,4.391536235809326,0.9997899554792697
103,14,/home/nabizadz/Projects/Mahsa/datasets/grid/test/s30/sbbe4s.mpg,215,219,4.39229679107666,0.9999999382868534
103,15,/home/nabizadz/Projects/Mahsa/datasets/grid/test/s30/sgbm6s.mpg,160,164,4.1118316650390625,0.9999173429655485
104,0,/home/nabizadz/Projects/Mahsa/datasets/grid/test/s30/pbiz3n.mpg,28,32,4.253425598144531,0.9998108330059655
104,1,/home/nabizadz/Projects/Mahsa/datasets/grid/test/s30/srwf6a.mpg,137,141,3.9724984169006348,0.9931126738350882
104,2,/home/nabizadz/Projects/Mahsa/datasets/grid/test/s30/lwiu7n.mpg,267,271,4.054716110229492,0.9383023398665982
104,3,/home/nabizadz/Projects/Mahsa/datasets/grid/test/s30/lgwj9p.mpg,296,300,4.480855464935303,0.9996298729786203
104,4,/home/nabizadz/Projects/Mahsa/datasets/grid/test/s30/pwwu3n.mpg,260,264,4.420144081115723,0.9600587601699366
104,5,/home/nabizadz/Projects/Mahsa/datasets/grid/test/s30/bbav8a.mpg,150,154,4.2450337409973145,0.9939172981790118
104,6,/home/nabizadz/Projects/Mahsa/datasets/grid/test/s30/lgii6s.mpg,294,298,4.255918502807617,0.988825094786851
104,7,/home/nabizadz/Projects/Mahsa/datasets/grid/test/s30/bwaj9n.mpg,30,34,3.435393810272217,0.9964562780366534
104,8,/home/nabizadz/Projects/Mahsa/datasets/grid/test/s30/sgil9p.mpg,207,211,4.381449222564697,0.9954734903851751
104,9,/home/nabizadz/Projects/Mahsa/datasets/grid/test/s30/sbad9n.mpg,154,158,3.7197892665863037,0.9948074056231665
104,10,/home/nabizadz/Projects/Mahsa/datasets/grid/test/s30/lrih3n.mpg,19,23,4.327486991882324,0.9999846767462851
104,11,/home/nabizadz/Projects/Mahsa/datasets/grid/test/s30/bgix9n.mpg,71,75,3.594478130340576,0.978841591294182
104,12,/home/nabizadz/Projects/Mahsa/datasets/grid/test/s30/brap7n.mpg,176,180,4.12491512298584,0.9921122031601801
104,13,/home/nabizadz/Projects/Mahsa/datasets/grid/test/s30/sriy3n.mpg,259,263,4.384330749511719,1.0
104,14,/home/nabizadz/Projects/Mahsa/datasets/grid/test/s30/lwwxzs.mpg,127,131,4.035107612609863,0.999856145285898
104,15,/home/nabizadz/Projects/Mahsa/datasets/grid/test/s30/bwid3p.mpg,38,42,4.432514190673828,0.9891718398627675
105,0,/home/nabizadz/Projects/Mahsa/datasets/grid/test/s30/lbah2s.mpg,96,100,3.4354305267333984,0.989167518321637
105,1,/home/nabizadz/Projects/Mahsa/datasets/grid/test/s30/brbx8a.mpg,209,213,4.202163219451904,0.9932762365783294
105,2,/home/nabizadz/Projects/Mahsa/datasets/grid/test/s30/sbwr7p.mpg,288,292,4.3119611740112305,0.9788182596932317
105,3,/home/nabizadz/Projects/Mahsa/datasets/grid/test/s30/lbbb4a.mpg,53,57,4.480189800262451,0.9995926995089893
105,4,/home/nabizadz/Projects/Mahsa/datasets/grid/test/s30/pbif4a.mpg,164,168,4.013220310211182,0.9893538679835508
105,5,/home/nabizadz/Projects/Mahsa/datasets/grid/test/s30/bgwz1n.mpg,273,277,4.562185287475586,0.9803838066802127
105,6,/home/nabizadz/Projects/Mahsa/datasets/grid/test/s30/bwad5n.mpg,51,55,4.437310218811035,0.9999945658294418
105,7,/home/nabizadz/Projects/Mahsa/datasets/grid/test/s30/swbf7p.mpg,29,33,4.334429740905762,0.9957971143131097
105,8,/home/nabizadz/Projects/Mahsa/datasets/grid/test/s30/pgbh9p.mpg,213,217,4.28837776184082,0.992987305454195
105,9,/home/nabizadz/Projects/Mahsa/datasets/grid/test/s30/swiz2a.mpg,16,20,4.503383159637451,0.9999999457446693
105,10,/home/nabizadz/Projects/Mahsa/datasets/grid/test/s30/lrab4s.mpg,291,295,4.518743515014648,0.9984804632492206
105,11,/home/nabizadz/Projects/Mahsa/datasets/grid/test/s30/brwyzs.mpg,251,255,4.349839210510254,0.9758456429292605
105,12,/home/nabizadz/Projects/Mahsa/datasets/grid/test/s30/brwq6s.mpg,0,4,4.549883842468262,0.9999999892428121
105,13,/home/nabizadz/Projects/Mahsa/datasets/grid/test/s30/bbii5p.mpg,240,244,4.366383075714111,0.9995816801532353
105,14,/home/nabizadz/Projects/Mahsa/datasets/grid/test/s30/pwit4a.mpg,33,37,4.482415199279785,0.9986311635024164
105,15,/home/nabizadz/Projects/Mahsa/datasets/grid/test/s30/swaz4s.mpg,61,65,3.930957078933716,0.9970845360681119
106,0,/home/nabizadz/Projects/Mahsa/datasets/grid/test/s30/pris8a.mpg,78,82,3.1530778408050537,0.9909294392320802
106,1,/home/nabizadz/Projects/Mahsa/datasets/grid/test/s30/lrbo7p.mpg,12,16,4.56734037399292,0.9999999655228284
106,2,/home/nabizadz/Projects/Mahsa/datasets/grid/test/s30/swwm3n.mpg,270,274,4.508892059326172,0.9985652835946174
106,3,/home/nabizadz/Projects/Mahsa/datasets/grid/test/s30/bbbj4a.mpg,37,41,4.3767290115356445,0.9999939110617831
106,4,/home/nabizadz/Projects/Mahsa/datasets/grid/test/s30/sgbg2s.mpg,235,239,4.4311089515686035,0.9999999999999997
106,5,/home/nabizadz/Projects/Mahsa/datasets/grid/test/s30/bwby3p.mpg,193,197,4.191286563873291,0.9920185020330986
106,6,/home/nabizadz/Projects/Mahsa/datasets/grid/test/s30/lwbv7p.mpg,88,92,4.416408061981201,0.9803014433086041
106,7,/home/nabizadz/Projects/Mahsa/datasets/grid/test/s30/bgak6s.mpg,232,236,4.2606916427612305,0.9983939618754969
106,8,/home/nabizadz/Projects/Mahsa/datasets/grid/test/s30/swbs4s.mpg,242,246,4.412005424499512,0.9992878835271839
106,9,/home/nabizadz/Projects/Mahsa/datasets/grid/test/s30/lgbx4a.mpg,39,43,4.386783123016357,0.9720015059106916
106,10,/home/nabizadz/Projects/Mahsa/datasets/grid/test/s30/bgblzs.mpg,247,251,4.463559150695801,1.0
106,11,/home/nabizadz/Projects/Mahsa/datasets/grid/test/s30/lgbj6a.mpg,291,295,4.244009017944336,0.9868378516280188
106,12,/home/nabizadz/Projects/Mahsa/datasets/grid/test/s30/bbbp5n.mpg,255,259,4.340681552886963,0.8968559994041878
106,13,/home/nabizadz/Projects/Mahsa/datasets/grid/test/s30/lbwizs.mpg,214,218,4.446372985839844,0.9933632446748493
106,14,/home/nabizadz/Projects/Mahsa/datasets/grid/test/s30/swir8a.mpg,59,63,3.737973690032959,0.9917480238980046
106,15,/home/nabizadz/Projects/Mahsa/datasets/grid/test/s30/bbac4s.mpg,178,182,4.023053169250488,0.9932912797667759
107,0,/home/nabizadz/Projects/Mahsa/datasets/grid/test/s30/prim1n.mpg,205,209,4.538774013519287,0.9795285709117514
107,1,/home/nabizadz/Projects/Mahsa/datasets/grid/test/s30/sgiz7p.mpg,169,173,4.010471343994141,0.9975254241142091
107,2,/home/nabizadz/Projects/Mahsa/datasets/grid/test/s30/bwwk9p.mpg,29,33,4.382045269012451,0.9999827468886946
107,3,/home/nabizadz/Projects/Mahsa/datasets/grid/test/s30/bbwd4a.mpg,271,275,4.445713520050049,0.9662924845074219
107,4,/home/nabizadz/Projects/Mahsa/datasets/grid/test/s30/prat2a.mpg,246,250,4.548739433288574,0.9999536782818135
107,5,/home/nabizadz/Projects/Mahsa/datasets/grid/test/s30/bwaq3n.mpg,24,28,4.436435699462891,0.9932565902397221
107,6,/home/nabizadz/Projects/Mahsa/datasets/grid/test/s30/pgau1n.mpg,51,55,3.8038485050201416,0.9933604865954079
107,7,/home/nabizadz/Projects/Mahsa/datasets/grid/test/s30/swal8a.mpg,168,172,4.088240146636963,0.993389229618654
107,8,/home/nabizadz/Projects/Mahsa/datasets/grid/test/s30/pgau4a.mpg,240,244,4.369192600250244,0.9625948823262839
107,9,/home/nabizadz/Projects/Mahsa/datasets/grid/test/s30/srir2a.mpg,249,253,4.530033588409424,0.9521381424416661
107,10,/home/nabizadz/Projects/Mahsa/datasets/grid/test/s30/lbwu8s.mpg,253,257,4.357440948486328,0.9389855153374396
107,11,/home/nabizadz/Projects/Mahsa/datasets/grid/test/s30/lwwc7n.mpg,18,22,4.5328779220581055,0.9999992630439218
107,12,/home/nabizadz/Projects/Mahsa/datasets/grid/test/s30/pwwh5n.mpg,42,46,4.4812493324279785,0.9999997339242248
107,13,/home/nabizadz/Projects/Mahsa/datasets/grid/test/s30/lrwc1n.mpg,34,38,4.294447898864746,0.9787912042347581
107,14,/home/nabizadz/Projects/Mahsa/datasets/grid/test/s30/lrwp2a.mpg,133,137,4.31851863861084,0.9991767197792413
107,15,/home/nabizadz/Projects/Mahsa/datasets/grid/test/s30/sgwg8a.mpg,13,17,4.507331848144531,0.9963162393186812
108,0,/home/nabizadz/Projects/Mahsa/datasets/grid/test/s30/pwwu6a.mpg,173,177,3.9309489727020264,0.9884323392457344
108,1,/home/nabizadz/Projects/Mahsa/datasets/grid/test/s30/swwm4s.mpg,254,258,4.4277520179748535,0.9999821845011138
108,2,/home/nabizadz/Projects/Mahsa/datasets/grid/test/s30/bgae4a.mpg,123,127,3.7691094875335693,0.9972927158221168
108,3,/home/nabizadz/Projects/Mahsa/datasets/grid/test/s30/pgin4s.mpg,80,84,3.595318078994751,0.9966376250518992
108,4,/home/nabizadz/Projects/Mahsa/datasets/grid/test/s30/pgin6a.mpg,142,146,3.9143574237823486,0.9858121196071721
108,5,/home/nabizadz/Projects/Mahsa/datasets/grid/test/s30/pwim8s.mpg,67,71,4.018200874328613,0.9976275970246093
108,6,/home/nabizadz/Projects/Mahsa/datasets/grid/test/s30/bwbe2a.mpg,16,20,4.339077472686768,0.9965477428908796
108,7,/home/nabizadz/Projects/Mahsa/datasets/grid/test/s30/srbl6a.mpg,107,111,4.290848731994629,0.9957747916618186
108,8,/home/nabizadz/Projects/Mahsa/datasets/grid/test/s30/lgbp8s.mpg,92,96,4.085206985473633,0.9977366666958799
108,9,/home/nabizadz/Projects/Mahsa/datasets/grid/test/s30/brip4s.mpg,265,269,4.576046943664551,0.9822822242053647
108,10,/home/nabizadz/Projects/Mahsa/datasets/grid/test/s30/sgam3p.mpg,114,118,3.963898181915283,0.9885360267463714
108,11,/home/nabizadz/Projects/Mahsa/datasets/grid/test/s30/pwwu4s.mpg,199,203,4.521780490875244,0.9940527490835606
108,12,/home/nabizadz/Projects/Mahsa/datasets/grid/test/s30/lwab9n.mpg,35,39,3.6709957122802734,0.9936186223132112
108,13,/home/nabizadz/Projects/Mahsa/datasets/grid/test/s30/brbq3p.mpg,117,121,3.697512149810791,0.995082770204513
108,14,/home/nabizadz/Projects/Mahsa/datasets/grid/test/s30/bbiv2s.mpg,10,14,4.48363733291626,0.9999999999999999
108,15,/home/nabizadz/Projects/Mahsa/datasets/grid/test/s30/pgbb3n.mpg,78,82,3.7867438793182373,0.9978590726945756
109,0,/home/nabizadz/Projects/Mahsa/datasets/grid/test/s30/prbg5n.mpg,187,191,4.442926406860352,0.9954597850149484
109,1,/home/nabizadz/Projects/Mahsa/datasets/grid/test/s30/pwat6s.mpg,60,64,3.8345084190368652,0.9953221607329806
109,2,/home/nabizadz/Projects/Mahsa/datasets/grid/test/s30/prif7n.mpg,237,241,4.2011399269104,0.8918774012356623
109,3,/home/nabizadz/Projects/Mahsa/datasets/grid/test/s30/srie2s.mpg,63,67,3.357135057449341,0.991393317692617
109,4,/home/nabizadz/Projects/Mahsa/datasets/grid/test/s30/srbl4s.mpg,288,292,4.387111186981201,0.9944605862538836
109,5,/home/nabizadz/Projects/Mahsa/datasets/grid/test/s30/pbwg6a.mpg,215,219,4.4670257568359375,0.999974373386805
109,6,/home/nabizadz/Projects/Mahsa/datasets/grid/test/s30/lbat9n.mpg,175,179,3.9958553314208984,0.9855052737244961
109,7,/home/nabizadz/Projects/Mahsa/datasets/grid/test/s30/swal6s.mpg,256,260,4.484102249145508,0.9499098623722142
109,8,/home/nabizadz/Projects/Mahsa/datasets/grid/test/s30/sbwl3p.mpg,17,21,4.427266597747803,0.9999998269733799
109,9,/home/nabizadz/Projects/Mahsa/datasets/grid/test/s30/brbd6a.mpg,123,127,3.9515798091888428,0.9965640925019945
109,10,/home/nabizadz/Projects/Mahsa/datasets/grid/test/s30/bbic1p.mpg,65,69,4.483111381530762,0.9978365291141688
109,11,/home/nabizadz/Projects/Mahsa/datasets/grid/test/s30/braj5p.mpg,194,198,4.422420978546143,0.9572478200218695
109,12,/home/nabizadz/Projects/Mahsa/datasets/grid/test/s30/swiy9n.mpg,46,50,4.368255138397217,0.993635963642211
109,13,/home/nabizadz/Projects/Mahsa/datasets/grid/test/s30/bbwq1p.mpg,223,227,4.411417007446289,0.9210376127380577
109,14,/home/nabizadz/Projects/Mahsa/datasets/grid/test/s30/srbr7n.mpg,208,212,4.474897384643555,0.9923437802241333
109,15,/home/nabizadz/Projects/Mahsa/datasets/grid/test/s30/prif8s.mpg,121,125,4.236808776855469,0.9963501116104864
110,0,/home/nabizadz/Projects/Mahsa/datasets/grid/test/s30/prwh2a.mpg,35,39,4.442282676696777,0.9999974787804469
110,1,/home/nabizadz/Projects/Mahsa/datasets/grid/test/s30/swir6s.mpg,272,276,4.581658363342285,0.9997918805615829
110,2,/home/nabizadz/Projects/Mahsa/datasets/grid/test/s30/lgip1p.mpg,238,242,4.325231075286865,0.9156775939801084
110,3,/home/nabizadz/Projects/Mahsa/datasets/grid/test/s30/sbbe6a.mpg,243,247,4.269693374633789,0.9185318931164184
110,4,/home/nabizadz/Projects/Mahsa/datasets/grid/test/s30/bgak5n.mpg,213,217,3.867619037628174,0.9896326026306782
110,5,/home/nabizadz/Projects/Mahsa/datasets/grid/test/s30/lwib6s.mpg,78,82,4.12595272064209,0.9929332121430314
110,6,/home/nabizadz/Projects/Mahsa/datasets/grid/test/s30/sgwt3n.mpg,209,213,4.198151588439941,0.9953834041114236
110,7,/home/nabizadz/Projects/Mahsa/datasets/grid/test/s30/brip6a.mpg,292,296,4.53671407699585,0.9999999999999994
110,8,/home/nabizadz/Projects/Mahsa/datasets/grid/test/s30/pwaa5p.mpg,257,261,4.525439739227295,0.9999999999999984
110,9,/home/nabizadz/Projects/Mahsa/datasets/grid/test/s30/lgii8a.mpg,235,239,4.391662120819092,0.9204238112541782
110,10,/home/nabizadz/Projects/Mahsa/datasets/grid/test/s30/bwij7p.mpg,144,148,3.538402795791626,0.9841658656818093
110,11,/home/nabizadz/Projects/Mahsa/datasets/grid/test/s30/pbbm6a.mpg,163,167,4.070389270782471,0.9980050924822431
110,12,/home/nabizadz/Projects/Mahsa/datasets/grid/test/s30/pgbb5p.mpg,276,280,4.4795308113098145,0.9675901259478441
110,13,/home/nabizadz/Projects/Mahsa/datasets/grid/test/s30/bgbr3n.mpg,36,40,3.690678119659424,0.9946195695673824
110,14,/home/nabizadz/Projects/Mahsa/datasets/grid/test/s30/pwbt9n.mpg,26,30,4.384451866149902,0.9999915022138534
110,15,/home/nabizadz/Projects/Mahsa/datasets/grid/test/s30/prbg8a.mpg,175,179,3.6722495555877686,0.9699365995484011
111,0,/home/nabizadz/Projects/Mahsa/datasets/grid/test/s30/swbf5n.mpg,66,70,4.046315670013428,0.998673966793211
111,1,/home/nabizadz/Projects/Mahsa/datasets/grid/test/s30/bbap3p.mpg,38,42,4.414311408996582,0.9990107960142643
111,2,/home/nabizadz/Projects/Mahsa/datasets/grid/test/s30/bwwlza.mpg,75,79,4.349797248840332,0.9889027683211343
111,3,/home/nabizadz/Projects/Mahsa/datasets/grid/test/s30/lbwu7n.mpg,115,119,4.236324310302734,0.9922150968692449
111,4,/home/nabizadz/Projects/Mahsa/datasets/grid/test/s30/lban8a.mpg,285,289,4.40554666519165,0.9988553468321884
111,5,/home/nabizadz/Projects/Mahsa/datasets/grid/test/s30/bgwf2a.mpg,257,261,4.361693382263184,0.9535503281771213
111,6,/home/nabizadz/Projects/Mahsa/datasets/grid/test/s30/sgif5p.mpg,46,50,4.259586334228516,0.9985745746415979
111,7,/home/nabizadz/Projects/Mahsa/datasets/grid/test/s30/bgiq7p.mpg,279,283,4.054049968719482,0.9885788297032788
111,8,/home/nabizadz/Projects/Mahsa/datasets/grid/test/s30/pbwa1p.mpg,238,242,4.414976119995117,0.9999989365309417
111,9,/home/nabizadz/Projects/Mahsa/datasets/grid/test/s30/brad2a.mpg,67,71,4.3224568367004395,0.9845173264076955
111,10,/home/nabizadz/Projects/Mahsa/datasets/grid/test/s30/srwmza.mpg,125,129,3.969954013824463,0.9957319601946126
111,11,/home/nabizadz/Projects/Mahsa/datasets/grid/test/s30/lrao1n.mpg,1,5,4.58839225769043,0.9999999663954341
111,12,/home/nabizadz/Projects/Mahsa/datasets/grid/test/s30/sbwl2s.mpg,276,280,4.4947357177734375,0.9832113634038553
111,13,/home/nabizadz/Projects/Mahsa/datasets/grid/test/s30/srwf5p.mpg,234,238,4.383761405944824,0.9974003311653661
111,14,/home/nabizadz/Projects/Mahsa/datasets/grid/test/s30/bric8a.mpg,69,73,3.8612163066864014,0.9923340332972219
111,15,/home/nabizadz/Projects/Mahsa/datasets/grid/test/s30/sbbk7n.mpg,248,252,4.403871536254883,0.973573595326586
112,0,/home/nabizadz/Projects/Mahsa/datasets/grid/test/s30/pbbs7n.mpg,103,107,4.106395244598389,0.9961371859257093
112,1,/home/nabizadz/Projects/Mahsa/datasets/grid/test/s30/brwy1p.mpg,222,226,3.579922914505005,0.8807501238542293
112,2,/home/nabizadz/Projects/Mahsa/datasets/grid/test/s30/sbay4a.mpg,251,255,4.3507819175720215,0.9298780231504934
112,3,/home/nabizadz/Projects/Mahsa/datasets/grid/test/s30/lbit5n.mpg,279,283,4.257189750671387,0.9390316057507809
112,4,/home/nabizadz/Projects/Mahsa/datasets/grid/test/s30/bwwr1n.mpg,125,129,3.4653513431549072,0.9728518862534418
112,5,/home/nabizadz/Projects/Mahsa/datasets/grid/test/s30/prbm9n.mpg,253,257,4.466424465179443,0.94232314245185
112,6,/home/nabizadz/Projects/Mahsa/datasets/grid/test/s30/bbic2a.mpg,126,130,3.847201347351074,0.9985002794439706
112,7,/home/nabizadz/Projects/Mahsa/datasets/grid/test/s30/pbwg5p.mpg,129,133,3.976689338684082,0.9927246695351116
112,8,/home/nabizadz/Projects/Mahsa/datasets/grid/test/s30/pgin3n.mpg,27,31,4.395183563232422,0.9999913040408486
112,9,/home/nabizadz/Projects/Mahsa/datasets/grid/test/s30/pwan1n.mpg,25,29,4.393468379974365,0.9996554924183246
112,10,/home/nabizadz/Projects/Mahsa/datasets/grid/test/s30/sbid6s.mpg,176,180,4.095190525054932,0.9959510901431281
112,11,/home/nabizadz/Projects/Mahsa/datasets/grid/test/s30/sray9p.mpg,106,110,3.9997217655181885,0.9922814662071245
112,12,/home/nabizadz/Projects/Mahsa/datasets/grid/test/s30/sbwfza.mpg,126,130,4.16875696182251,0.9994626202092494
112,13,/home/nabizadz/Projects/Mahsa/datasets/grid/test/s30/lrbi3p.mpg,34,38,4.368189811706543,0.9796203201965011
112,14,/home/nabizadz/Projects/Mahsa/datasets/grid/test/s30/lgap6a.mpg,78,82,4.129575252532959,0.9971171189926286
112,15,/home/nabizadz/Projects/Mahsa/datasets/grid/test/s30/lbbb1n.mpg,120,124,4.250903606414795,0.9999394195524861
113,0,/home/nabizadz/Projects/Mahsa/datasets/grid/test/s30/srwz5n.mpg,113,117,4.112510681152344,0.9980875291452732
113,1,/home/nabizadz/Projects/Mahsa/datasets/grid/test/s30/sbik1p.mpg,109,113,3.6747002601623535,0.9948562211656556
113,2,/home/nabizadz/Projects/Mahsa/datasets/grid/test/s30/pbiz5p.mpg,228,232,4.397128105163574,0.9727780458022557
113,3,/home/nabizadz/Projects/Mahsa/datasets/grid/test/s30/pwan4a.mpg,228,232,4.40357780456543,0.9513004449230211
113,4,/home/nabizadz/Projects/Mahsa/datasets/grid/test/s30/bwwe4s.mpg,292,296,4.447445392608643,0.9999556869569008
113,5,/home/nabizadz/Projects/Mahsa/datasets/grid/test/s30/prwn3n.mpg,290,294,4.270776748657227,0.9693409095974577
113,6,/home/nabizadz/Projects/Mahsa/datasets/grid/test/s30/lbbu4s.mpg,89,93,3.6073644161224365,0.9906818562529678
113,7,/home/nabizadz/Projects/Mahsa/datasets/grid/test/s30/sgis1n.mpg,27,31,4.46616792678833,0.9999999721613002
113,8,/home/nabizadz/Projects/Mahsa/datasets/grid/test/s30/bbipza.mpg,223,227,4.0658979415893555,0.9853819972073552
113,9,/home/nabizadz/Projects/Mahsa/datasets/grid/test/s30/sbbr1n.mpg,234,238,4.437908172607422,0.9986518466287977
113,10,/home/nabizadz/Projects/Mahsa/datasets/grid/test/s30/lbau2a.mpg,55,59,4.401033878326416,0.999225107727085
113,11,/home/nabizadz/Projects/Mahsa/datasets/grid/test/s30/srbr8s.mpg,295,299,4.534327507019043,0.9995907211339329
113,12,/home/nabizadz/Projects/Mahsa/datasets/grid/test/s30/brbx7p.mpg,68,72,3.7783021926879883,0.9924917072364394
113,13,/home/nabizadz/Projects/Mahsa/datasets/grid/test/s30/bgbr4s.mpg,179,183,4.173734188079834,0.9943986787138691
113,14,/home/nabizadz/Projects/Mahsa/datasets/grid/test/s30/pgia7p.mpg,286,290,4.357385635375977,0.9997111806314907
113,15,/home/nabizadz/Projects/Mahsa/datasets/grid/test/s30/lwai3n.mpg,133,137,4.126655578613281,0.9949271208889756
114,0,/home/nabizadz/Projects/Mahsa/datasets/grid/test/s30/lbbh8a.mpg,181,185,4.411690711975098,0.937292305044462
114,1,/home/nabizadz/Projects/Mahsa/datasets/grid/test/s30/lgic3p.mpg,111,115,4.016167163848877,0.9905760933815676
114,2,/home/nabizadz/Projects/Mahsa/datasets/grid/test/s30/pgah6a.mpg,44,48,4.419634819030762,0.9999982044820798
114,3,/home/nabizadz/Projects/Mahsa/datasets/grid/test/s30/sbae1p.mpg,246,250,4.437216281890869,0.9543724135955886
114,4,/home/nabizadz/Projects/Mahsa/datasets/grid/test/s30/bbbp8a.mpg,52,56,3.8193585872650146,0.9932187110255448
114,5,/home/nabizadz/Projects/Mahsa/datasets/grid/test/s30/lrbvzs.mpg,151,155,4.373785972595215,0.9974584900127064
114,6,/home/nabizadz/Projects/Mahsa/datasets/grid/test/s30/pbam1p.mpg,189,193,4.343072414398193,0.9824151826362707
114,7,/home/nabizadz/Projects/Mahsa/datasets/grid/test/s30/bbbdza.mpg,96,100,4.0831475257873535,0.9964506462119043
114,8,/home/nabizadz/Projects/Mahsa/datasets/grid/test/s30/lbaa7n.mpg,109,113,4.290408611297607,0.9998892631612705
114,9,/home/nabizadz/Projects/Mahsa/datasets/grid/test/s30/bwwk7n.mpg,225,229,4.319190979003906,0.9960596111907624
114,10,/home/nabizadz/Projects/Mahsa/datasets/grid/test/s30/bgiyzs.mpg,11,15,4.443885326385498,0.9935424833326343
114,11,/home/nabizadz/Projects/Mahsa/datasets/grid/test/s30/lgbd1p.mpg,296,300,4.3838419914245605,0.9999999999999981
114,12,/home/nabizadz/Projects/Mahsa/datasets/grid/test/s30/brwk3p.mpg,31,35,4.429623126983643,0.9962420418956783
114,13,/home/nabizadz/Projects/Mahsa/datasets/grid/test/s30/bbbj1n.mpg,209,213,4.40029239654541,0.9933222433572916
114,14,/home/nabizadz/Projects/Mahsa/datasets/grid/test/s30/pgin5p.mpg,209,213,4.252897262573242,0.9880569301897341
114,15,/home/nabizadz/Projects/Mahsa/datasets/grid/test/s30/sbix8s.mpg,117,121,3.8051021099090576,0.9951511162675881
115,0,/home/nabizadz/Projects/Mahsa/datasets/grid/test/s30/lrbv2a.mpg,11,15,4.569550514221191,0.997234982921948
115,1,/home/nabizadz/Projects/Mahsa/datasets/grid/test/s30/brbd4s.mpg,9,13,4.480445861816406,0.9999997541096722
115,2,/home/nabizadz/Projects/Mahsa/datasets/grid/test/s30/bbbx1p.mpg,154,158,3.837435722351074,0.9932701314367117
115,3,/home/nabizadz/Projects/Mahsa/datasets/grid/test/s30/lwwp6s.mpg,284,288,4.359684467315674,0.99999965595226
115,4,/home/nabizadz/Projects/Mahsa/datasets/grid/test/s30/pwwb2s.mpg,227,231,4.56943416595459,0.9823388146375397
115,5,/home/nabizadz/Projects/Mahsa/datasets/grid/test/s30/pgihzs.mpg,19,23,4.072818279266357,0.9651460161481885
115,6,/home/nabizadz/Projects/Mahsa/datasets/grid/test/s30/lwwx1p.mpg,206,210,4.291449546813965,0.8947170608709524
115,7,/home/nabizadz/Projects/Mahsa/datasets/grid/test/s30/prbn1p.mpg,119,123,4.10112190246582,0.9902493721127597
115,8,/home/nabizadz/Projects/Mahsa/datasets/grid/test/s30/lbia6a.mpg,107,111,4.0168914794921875,0.9925959203793723
115,9,/home/nabizadz/Projects/Mahsa/datasets/grid/test/s30/pgaoza.mpg,157,161,4.306508541107178,0.9984522316065555
115,10,/home/nabizadz/Projects/Mahsa/datasets/grid/test/s30/bbbv9n.mpg,268,272,4.555912494659424,0.9913177867858564
115,11,/home/nabizadz/Projects/Mahsa/datasets/grid/test/s30/swws8s.mpg,251,255,4.438296794891357,0.9981137915021273
115,12,/home/nabizadz/Projects/Mahsa/datasets/grid/test/s30/prwn5p.mpg,179,183,4.242596626281738,0.9770852509933295
115,13,/home/nabizadz/Projects/Mahsa/datasets/grid/test/s30/brbq4a.mpg,40,44,3.777218818664551,0.9936615314546674
115,14,/home/nabizadz/Projects/Mahsa/datasets/grid/test/s30/brax3p.mpg,187,191,4.393472194671631,0.9823337524504403
115,15,/home/nabizadz/Projects/Mahsa/datasets/grid/test/s30/lrioza.mpg,13,17,4.430315971374512,0.9820347932301935
116,0,/home/nabizadz/Projects/Mahsa/datasets/grid/test/s30/sbiq4s.mpg,0,4,4.5347466468811035,0.9999996800850957
116,1,/home/nabizadz/Projects/Mahsa/datasets/grid/test/s30/prba2s.mpg,8,12,4.407050132751465,0.9988485265148461
116,2,/home/nabizadz/Projects/Mahsa/datasets/grid/test/s30/pris5n.mpg,283,287,4.426337718963623,0.9886712972317712
116,3,/home/nabizadz/Projects/Mahsa/datasets/grid/test/s30/lwwx2a.mpg,248,252,4.4044575691223145,0.9203429553772396
116,4,/home/nabizadz/Projects/Mahsa/datasets/grid/test/s30/lgav7n.mpg,156,160,3.981708526611328,0.9949828829282731
116,5,/home/nabizadz/Projects/Mahsa/datasets/grid/test/s30/brax2s.mpg,223,227,4.47678279876709,0.9923204465497093
116,6,/home/nabizadz/Projects/Mahsa/datasets/grid/test/s30/swbl9n.mpg,257,261,4.357784271240234,0.9099144526581555
116,7,/home/nabizadz/Projects/Mahsa/datasets/grid/test/s30/srik8a.mpg,25,29,4.442906856536865,0.9991711541353507
116,8,/home/nabizadz/Projects/Mahsa/datasets/grid/test/s30/lrab5p.mpg,295,299,4.534218788146973,0.9993381258824131
116,9,/home/nabizadz/Projects/Mahsa/datasets/grid/test/s30/lbit7p.mpg,89,93,4.01411771774292,0.9957981487767952
116,10,/home/nabizadz/Projects/Mahsa/datasets/grid/test/s30/bgwr8s.mpg,188,192,4.093682765960693,0.9912451204959206
116,11,/home/nabizadz/Projects/Mahsa/datasets/grid/test/s30/lbbu3n.mpg,278,282,4.3243279457092285,0.9889507680545863
116,12,/home/nabizadz/Projects/Mahsa/datasets/grid/test/s30/bbbx2a.mpg,26,30,4.181010723114014,0.9982826994639014
116,13,/home/nabizadz/Projects/Mahsa/datasets/grid/test/s30/pris6s.mpg,77,81,4.022585868835449,0.9986930430488188
116,14,/home/nabizadz/Projects/Mahsa/datasets/grid/test/s30/bwaq4s.mpg,105,109,4.206892013549805,0.9967456239252522
116,15,/home/nabizadz/Projects/Mahsa/datasets/grid/test/s30/lgwd5p.mpg,203,207,4.211374759674072,0.9977508504992824
117,0,/home/nabizadz/Projects/Mahsa/datasets/grid/test/s30/lwai4s.mpg,92,96,4.130446434020996,0.9991765130710151
117,1,/home/nabizadz/Projects/Mahsa/datasets/grid/test/s30/pwwb1n.mpg,113,117,4.2895355224609375,0.9995125261232255
117,2,/home/nabizadz/Projects/Mahsa/datasets/grid/test/s30/pgit9p.mpg,200,204,4.007992267608643,0.9858238589454836
117,3,/home/nabizadz/Projects/Mahsa/datasets/grid/test/s30/lwbp4a.mpg,116,120,4.2982378005981445,0.9999393329743645
117,4,/home/nabizadz/Projects/Mahsa/datasets/grid/test/s30/swie7n.mpg,143,147,4.357036113739014,0.9987814216451338
117,5,/home/nabizadz/Projects/Mahsa/datasets/grid/test/s30/prwt9p.mpg,219,223,4.376841068267822,0.9318802050326949
117,6,/home/nabizadz/Projects/Mahsa/datasets/grid/test/s30/brad1p.mpg,266,270,4.463325023651123,0.974632878091049
117,7,/home/nabizadz/Projects/Mahsa/datasets/grid/test/s30/pgah5p.mpg,48,52,4.336498737335205,0.999995055054219
117,8,/home/nabizadz/Projects/Mahsa/datasets/grid/test/s30/swwg2a.mpg,171,175,3.84830904006958,0.9955414413596035
117,9,/home/nabizadz/Projects/Mahsa/datasets/grid/test/s30/prag2s.mpg,275,279,4.569065570831299,0.9805957618681116
117,10,/home/nabizadz/Projects/Mahsa/datasets/grid/test/s30/bbbj2s.mpg,14,18,4.494978427886963,0.9999999775312256
117,11,/home/nabizadz/Projects/Mahsa/datasets/grid/test/s30/sbiyza.mpg,88,92,3.6212518215179443,0.9859117025155154
117,12,/home/nabizadz/Projects/Mahsa/datasets/grid/test/s30/swie9p.mpg,211,215,4.402253150939941,0.993714858685392
117,13,/home/nabizadz/Projects/Mahsa/datasets/grid/test/s30/pwbn8a.mpg,242,246,4.426095962524414,0.9667160097982689
117,14,/home/nabizadz/Projects/Mahsa/datasets/grid/test/s30/swir7p.mpg,80,84,3.450172185897827,0.9962778462975223
117,15,/home/nabizadz/Projects/Mahsa/datasets/grid/test/s30/pram6s.mpg,186,190,4.044705390930176,0.9962279048063364
118,0,/home/nabizadz/Projects/Mahsa/datasets/grid/test/s30/sbay3p.mpg,123,127,3.8694093227386475,0.9956649386357151
118,1,/home/nabizadz/Projects/Mahsa/datasets/grid/test/s30/lrbv1p.mpg,164,168,4.062571048736572,0.9841372653032147
118,2,/home/nabizadz/Projects/Mahsa/datasets/grid/test/s30/lwbv6s.mpg,22,26,4.540136814117432,0.9944409137067756
118,3,/home/nabizadz/Projects/Mahsa/datasets/grid/test/s30/lgiv3n.mpg,135,139,4.10416316986084,0.9907819797715207
118,4,/home/nabizadz/Projects/Mahsa/datasets/grid/test/s30/braj6a.mpg,222,226,4.421669006347656,0.9744698381745408
118,5,/home/nabizadz/Projects/Mahsa/datasets/grid/test/s30/bwax7n.mpg,121,125,3.8810079097747803,0.9984996670628675
118,6,/home/nabizadz/Projects/Mahsa/datasets/grid/test/s30/lgap4s.mpg,203,207,3.7153146266937256,0.9837674749981008
118,7,/home/nabizadz/Projects/Mahsa/datasets/grid/test/s30/lrau5n.mpg,264,268,4.476013660430908,0.9999999999999992
118,8,/home/nabizadz/Projects/Mahsa/datasets/grid/test/s30/srwf4s.mpg,121,125,3.8171546459198,0.9966955875661814
118,9,/home/nabizadz/Projects/Mahsa/datasets/grid/test/s30/lgip2a.mpg,54,58,4.13489294052124,0.9906712580974056
118,10,/home/nabizadz/Projects/Mahsa/datasets/grid/test/s30/bgiq8a.mpg,152,156,4.1478166580200195,0.9992157759551699
118,11,/home/nabizadz/Projects/Mahsa/datasets/grid/test/s30/lwbp2s.mpg,252,256,4.377981662750244,0.9645500212735723
118,12,/home/nabizadz/Projects/Mahsa/datasets/grid/test/s30/srws2s.mpg,27,31,4.258820056915283,0.9841352653373224
118,13,/home/nabizadz/Projects/Mahsa/datasets/grid/test/s30/prag1n.mpg,204,208,4.402585029602051,0.9800926026119918
118,14,/home/nabizadz/Projects/Mahsa/datasets/grid/test/s30/bbbc7n.mpg,95,99,3.4543232917785645,0.9913732194991621
118,15,/home/nabizadz/Projects/Mahsa/datasets/grid/test/s30/pwbu1p.mpg,168,172,4.174914360046387,0.9949182209608595
119,0,/home/nabizadz/Projects/Mahsa/datasets/grid/test/s30/lbig8s.mpg,256,260,4.379952907562256,0.9782170724492228
119,1,/home/nabizadz/Projects/Mahsa/datasets/grid/test/s30/lbig9p.mpg,289,293,4.328233242034912,0.9996235377681623
119,2,/home/nabizadz/Projects/Mahsa/datasets/grid/test/s30/lbwh9n.mpg,239,243,4.32188081741333,0.9185852440611482
119,3,/home/nabizadz/Projects/Mahsa/datasets/grid/test/s30/bradzs.mpg,255,259,4.345639705657959,0.9751794226720403
119,4,/home/nabizadz/Projects/Mahsa/datasets/grid/test/s30/sbwe8s.mpg,217,221,4.411561965942383,0.9804892646626624
119,5,/home/nabizadz/Projects/Mahsa/datasets/grid/test/s30/prbt5p.mpg,117,121,3.6668357849121094,0.9987616180543512
119,6,/home/nabizadz/Projects/Mahsa/datasets/grid/test/s30/bbiczs.mpg,81,85,4.16594123840332,0.9936672562875398
119,7,/home/nabizadz/Projects/Mahsa/datasets/grid/test/s30/lrwc3p.mpg,214,218,4.1487298011779785,0.991917980049114
119,8,/home/nabizadz/Projects/Mahsa/datasets/grid/test/s30/bwix3n.mpg,207,211,3.6051723957061768,0.98228003219213
119,9,/home/nabizadz/Projects/Mahsa/datasets/grid/test/s30/lrwc4a.mpg,10,14,4.563920497894287,0.999854341200909
119,10,/home/nabizadz/Projects/Mahsa/datasets/grid/test/s30/sgbaza.mpg,219,223,4.156205177307129,0.992240165210451
119,11,/home/nabizadz/Projects/Mahsa/datasets/grid/test/s30/srik5n.mpg,247,251,4.324582576751709,0.9999987704312004
119,12,/home/nabizadz/Projects/Mahsa/datasets/grid/test/s30/swwgzs.mpg,145,149,3.8593645095825195,0.9909285133471903
119,13,/home/nabizadz/Projects/Mahsa/datasets/grid/test/s30/srie4a.mpg,194,198,4.418811321258545,0.9846147917478816
119,14,/home/nabizadz/Projects/Mahsa/datasets/grid/test/s30/lwii2a.mpg,219,223,4.3348541259765625,0.9426753442330429
119,15,/home/nabizadz/Projects/Mahsa/datasets/grid/test/s30/lbah3p.mpg,35,39,4.331602096557617,0.9950704537855749
120,0,/home/nabizadz/Projects/Mahsa/datasets/grid/test/s30/swbs3n.mpg,288,292,4.446105003356934,0.988304184702888
120,1,/home/nabizadz/Projects/Mahsa/datasets/grid/test/s30/pbiszs.mpg,254,258,4.357978343963623,0.999963843632566
120,2,/home/nabizadz/Projects/Mahsa/datasets/grid/test/s30/sgas7p.mpg,180,184,3.783451795578003,0.9957358316280648
120,3,/home/nabizadz/Projects/Mahsa/datasets/grid/test/s30/swaf3p.mpg,19,23,4.515349864959717,0.9987818018762277
120,4,/home/nabizadz/Projects/Mahsa/datasets/grid/test/s30/lwio5p.mpg,52,56,3.6909067630767822,0.9920305635929388
120,5,/home/nabizadz/Projects/Mahsa/datasets/grid/test/s30/pgbo3p.mpg,158,162,3.7386722564697266,0.9958113816311428
120,6,/home/nabizadz/Projects/Mahsa/datasets/grid/test/s30/bgik3p.mpg,261,265,4.369762420654297,0.9999999999999999
120,7,/home/nabizadz/Projects/Mahsa/datasets/grid/test/s30/lbbb3p.mpg,136,140,4.529430866241455,0.9999721853749864
120,8,/home/nabizadz/Projects/Mahsa/datasets/grid/test/s30/sgaz9n.mpg,255,259,4.376797199249268,0.9985613190607743
120,9,/home/nabizadz/Projects/Mahsa/datasets/grid/test/s30/bgak8a.mpg,248,252,4.459136009216309,0.9894271911769058
120,10,/home/nabizadz/Projects/Mahsa/datasets/grid/test/s30/pbif2s.mpg,206,210,4.3750691413879395,0.9997166715303595
120,11,/home/nabizadz/Projects/Mahsa/datasets/grid/test/s30/sgaf8s.mpg,81,85,3.57684588432312,0.9908169959953241
120,12,/home/nabizadz/Projects/Mahsa/datasets/grid/test/s30/pbwm8s.mpg,205,209,4.51680850982666,0.9651357629809045
120,13,/home/nabizadz/Projects/Mahsa/datasets/grid/test/s30/pwim7n.mpg,127,131,4.075928211212158,0.9877692188476164
120,14,/home/nabizadz/Projects/Mahsa/datasets/grid/test/s30/sgwg6s.mpg,164,168,4.335302352905273,0.9984381807054699
120,15,/home/nabizadz/Projects/Mahsa/datasets/grid/test/s30/bbio7n.mpg,10,14,4.527710914611816,0.9999993315000897
121,0,/home/nabizadz/Projects/Mahsa/datasets/grid/test/s30/lbwi2a.mpg,187,191,4.278356552124023,0.9951616383974391
121,1,/home/nabizadz/Projects/Mahsa/datasets/grid/test/s30/sgif3n.mpg,219,223,4.322906017303467,0.9349481187721675
121,2,/home/nabizadz/Projects/Mahsa/datasets/grid/test/s30/srbz2s.mpg,154,158,4.352485179901123,0.9994986142478626
121,3,/home/nabizadz/Projects/Mahsa/datasets/grid/test/s30/pbis2a.mpg,1,5,4.600862503051758,0.9999998467309912
121,4,/home/nabizadz/Projects/Mahsa/datasets/grid/test/s30/lwwv9n.mpg,197,201,4.228659152984619,0.9879692535775181
121,5,/home/nabizadz/Projects/Mahsa/datasets/grid/test/s30/bwbe1p.mpg,195,199,4.21307373046875,0.9906296817251848
121,6,/home/nabizadz/Projects/Mahsa/datasets/grid/test/s30/lgbx2s.mpg,27,31,4.418652057647705,0.9945830447026367
121,7,/home/nabizadz/Projects/Mahsa/datasets/grid/test/s30/bgwl3n.mpg,33,37,3.9856889247894287,0.9956424582785902
121,8,/home/nabizadz/Projects/Mahsa/datasets/grid/test/s30/bbiv4a.mpg,211,215,4.171306133270264,0.9941472214847326
121,9,/home/nabizadz/Projects/Mahsa/datasets/grid/test/s30/sbak5p.mpg,287,291,3.8255233764648438,0.9854282504662751
121,10,/home/nabizadz/Projects/Mahsa/datasets/grid/test/s30/swaf1n.mpg,210,214,4.3618550300598145,0.9576982403038654
121,11,/home/nabizadz/Projects/Mahsa/datasets/grid/test/s30/bgbe6s.mpg,124,128,3.765911340713501,0.9938778934966385
121,12,/home/nabizadz/Projects/Mahsa/datasets/grid/test/s30/sray8s.mpg,38,42,4.517579078674316,0.9999998825709705
121,13,/home/nabizadz/Projects/Mahsa/datasets/grid/test/s30/pwbh3p.mpg,132,136,3.949232816696167,0.99186504460681
121,14,/home/nabizadz/Projects/Mahsa/datasets/grid/test/s30/pgiuza.mpg,156,160,3.9007248878479004,0.996097308697887
121,15,/home/nabizadz/Projects/Mahsa/datasets/grid/test/s30/pgbo4a.mpg,243,247,4.566793441772461,0.9929068749996167
122,0,/home/nabizadz/Projects/Mahsa/datasets/grid/test/s30/srbl3n.mpg,210,214,4.401430130004883,0.9948639986726282
122,1,/home/nabizadz/Projects/Mahsa/datasets/grid/test/s30/swbm1p.mpg,61,65,3.644009828567505,0.9897624486276538
122,2,/home/nabizadz/Projects/Mahsa/datasets/grid/test/s30/bgae1n.mpg,252,256,4.309559345245361,0.8856366968016101
122,3,/home/nabizadz/Projects/Mahsa/datasets/grid/test/s30/brixza.mpg,106,110,3.713996410369873,0.99259045058947
122,4,/home/nabizadz/Projects/Mahsa/datasets/grid/test/s30/brbx6s.mpg,269,273,4.4017839431762695,0.95912412900172
122,5,/home/nabizadz/Projects/Mahsa/datasets/grid/test/s30/swbz9p.mpg,54,58,3.6896653175354004,0.9942453357696738
122,6,/home/nabizadz/Projects/Mahsa/datasets/grid/test/s30/swie8s.mpg,9,13,4.497292518615723,0.9981624149408982
122,7,/home/nabizadz/Projects/Mahsa/datasets/grid/test/s30/sgaf9p.mpg,118,122,3.9802918434143066,0.9941436275892876
122,8,/home/nabizadz/Projects/Mahsa/datasets/grid/test/s30/pwbh4a.mpg,78,82,3.962186813354492,0.9968647245159584
122,9,/home/nabizadz/Projects/Mahsa/datasets/grid/test/s30/lbia4s.mpg,236,240,4.012567520141602,0.982167643765958
122,10,/home/nabizadz/Projects/Mahsa/datasets/grid/test/s30/bwaq5p.mpg,248,252,4.390285491943359,0.9557257955671091
122,11,/home/nabizadz/Projects/Mahsa/datasets/grid/test/s30/lwbv8a.mpg,69,73,3.949040174484253,0.9949409056160405
122,12,/home/nabizadz/Projects/Mahsa/datasets/grid/test/s30/lwbjza.mpg,295,299,4.5202860832214355,0.9999999999999993
122,13,/home/nabizadz/Projects/Mahsa/datasets/grid/test/s30/pbbg2a.mpg,135,139,4.230118274688721,0.9946692019909984
122,14,/home/nabizadz/Projects/Mahsa/datasets/grid/test/s30/pgbu5n.mpg,208,212,4.21220064163208,0.9974324709478137
122,15,/home/nabizadz/Projects/Mahsa/datasets/grid/test/s30/lbbozs.mpg,261,265,4.561727046966553,0.9999964707649129
123,0,/home/nabizadz/Projects/Mahsa/datasets/grid/test/s30/prbg7p.mpg,3,7,4.565741062164307,0.9988258419339169
123,1,/home/nabizadz/Projects/Mahsa/datasets/grid/test/s30/lwwc8s.mpg,95,99,4.143583297729492,0.999199897284841
123,2,/home/nabizadz/Projects/Mahsa/datasets/grid/test/s30/pwat5n.mpg,197,201,3.8940937519073486,0.9865560035412828
123,3,/home/nabizadz/Projects/Mahsa/datasets/grid/test/s30/srie3p.mpg,10,14,4.495464324951172,0.9903699212608464
123,4,/home/nabizadz/Projects/Mahsa/datasets/grid/test/s30/sgwa2s.mpg,0,4,4.544510364532471,0.9999999999999998
123,5,/home/nabizadz/Projects/Mahsa/datasets/grid/test/s30/briv7n.mpg,28,32,4.4233503341674805,0.9918111545182682
123,6,/home/nabizadz/Projects/Mahsa/datasets/grid/test/s30/lbin1n.mpg,101,105,3.623351812362671,0.9890021190562092
123,7,/home/nabizadz/Projects/Mahsa/datasets/grid/test/s30/pbbg1p.mpg,256,260,4.404317855834961,0.9999995730393847
123,8,/home/nabizadz/Projects/Mahsa/datasets/grid/test/s30/bbwj8a.mpg,270,274,4.354335308074951,0.9996197644679362
123,9,/home/nabizadz/Projects/Mahsa/datasets/grid/test/s30/bgak7p.mpg,178,182,4.118228435516357,0.9821287901696204
123,10,/home/nabizadz/Projects/Mahsa/datasets/grid/test/s30/srwz6s.mpg,256,260,4.393460273742676,0.9545070158160438
123,11,/home/nabizadz/Projects/Mahsa/datasets/grid/test/s30/sbby6s.mpg,193,197,4.325490951538086,0.9963511955906026
123,12,/home/nabizadz/Projects/Mahsa/datasets/grid/test/s30/lbbu6a.mpg,256,260,4.3483171463012695,0.9988543641536929
123,13,/home/nabizadz/Projects/Mahsa/datasets/grid/test/s30/pram5n.mpg,295,299,4.348106861114502,0.9910701655355829
123,14,/home/nabizadz/Projects/Mahsa/datasets/grid/test/s30/brip5p.mpg,111,115,3.718195915222168,0.9842063169732517
123,15,/home/nabizadz/Projects/Mahsa/datasets/grid/test/s30/srwz7p.mpg,184,188,4.293462753295898,0.9975988591801999
124,0,/home/nabizadz/Projects/Mahsa/datasets/grid/test/s30/swbs5p.mpg,219,223,4.4023051261901855,0.9687384981137432
124,1,/home/nabizadz/Projects/Mahsa/datasets/grid/test/s30/lwbp1n.mpg,268,272,4.48996114730835,0.993863626288381
124,2,/home/nabizadz/Projects/Mahsa/datasets/grid/test/s30/pgbb6a.mpg,9,13,4.540170669555664,0.9999797255684897
124,3,/home/nabizadz/Projects/Mahsa/datasets/grid/test/s30/prwuza.mpg,124,128,4.020190715789795,0.9901812348278233
124,4,/home/nabizadz/Projects/Mahsa/datasets/grid/test/s30/lrab3n.mpg,87,91,4.0895466804504395,0.9944877224793032
124,5,/home/nabizadz/Projects/Mahsa/datasets/grid/test/s30/swwm6a.mpg,205,209,4.466501712799072,0.9988017944390687
124,6,/home/nabizadz/Projects/Mahsa/datasets/grid/test/s30/bgay5p.mpg,26,30,4.4058146476745605,0.9890606806896954
124,7,/home/nabizadz/Projects/Mahsa/datasets/grid/test/s30/sbik2a.mpg,243,247,4.360424995422363,0.9932025513630636
124,8,/home/nabizadz/Projects/Mahsa/datasets/grid/test/s30/pwwh8a.mpg,108,112,4.366948127746582,0.9985455330619964
124,9,/home/nabizadz/Projects/Mahsa/datasets/grid/test/s30/prwh1p.mpg,193,197,4.3406829833984375,0.9650115289054659
124,10,/home/nabizadz/Projects/Mahsa/datasets/grid/test/s30/bwbrza.mpg,110,114,4.2382588386535645,0.9991421362905436
124,11,/home/nabizadz/Projects/Mahsa/datasets/grid/test/s30/swbz7n.mpg,257,261,4.423976898193359,0.9999751237763158
124,12,/home/nabizadz/Projects/Mahsa/datasets/grid/test/s30/lwwj4a.mpg,281,285,4.40212345123291,0.9780457271573156
124,13,/home/nabizadz/Projects/Mahsa/datasets/grid/test/s30/bbwx4s.mpg,195,199,4.264248371124268,0.9947801841584241
124,14,/home/nabizadz/Projects/Mahsa/datasets/grid/test/s30/brbd5p.mpg,257,261,4.4401044845581055,0.9964268325672732
124,15,/home/nabizadz/Projects/Mahsa/datasets/grid/test/s30/lwio6a.mpg,117,121,3.9571075439453125,0.9935664281363702
125,0,/home/nabizadz/Projects/Mahsa/datasets/grid/test/s34/lbia2a.mpg,2,6,4.584868431091309,0.999999984166974
125,1,/home/nabizadz/Projects/Mahsa/datasets/grid/test/s34/bbio5p.mpg,184,188,3.850111246109009,0.9932689536492894
125,2,/home/nabizadz/Projects/Mahsa/datasets/grid/test/s34/pgaa8a.mpg,70,74,4.382009029388428,0.9998699997526086
125,3,/home/nabizadz/Projects/Mahsa/datasets/grid/test/s34/lrau3p.mpg,63,67,3.474874496459961,0.9869689123616071
125,4,/home/nabizadz/Projects/Mahsa/datasets/grid/test/s34/brbx1n.mpg,73,77,3.7653515338897705,0.9850669037725691
125,5,/home/nabizadz/Projects/Mahsa/datasets/grid/test/s34/lgwp7n.mpg,2,6,4.4685821533203125,0.9999258830945764
125,6,/home/nabizadz/Projects/Mahsa/datasets/grid/test/s34/bgby6a.mpg,41,45,3.86592173576355,0.9892798791275759
125,7,/home/nabizadz/Projects/Mahsa/datasets/grid/test/s34/lrit7n.mpg,244,248,4.458427906036377,0.9999999999999999
125,8,/home/nabizadz/Projects/Mahsa/datasets/grid/test/s34/srbe5n.mpg,259,263,4.206243515014648,0.9928664503654749
125,9,/home/nabizadz/Projects/Mahsa/datasets/grid/test/s34/swik8s.mpg,151,155,3.7800772190093994,0.9908658498386291
125,10,/home/nabizadz/Projects/Mahsa/datasets/grid/test/s34/sbak2a.mpg,166,170,4.202442169189453,0.9964310454049662
125,11,/home/nabizadz/Projects/Mahsa/datasets/grid/test/s34/brii5n.mpg,203,207,3.947995185852051,0.9851211810898473
125,12,/home/nabizadz/Projects/Mahsa/datasets/grid/test/s34/lrbu5n.mpg,23,27,4.483677387237549,1.0
125,13,/home/nabizadz/Projects/Mahsa/datasets/grid/test/s34/lwiu4s.mpg,234,238,2.935831069946289,0.9612184251266089
125,14,/home/nabizadz/Projects/Mahsa/datasets/grid/test/s34/bgid6a.mpg,207,211,3.588970422744751,0.9909813278150309
125,15,/home/nabizadz/Projects/Mahsa/datasets/grid/test/s34/lbwb2s.mpg,285,289,4.3649187088012695,0.9999885188256731
126,0,/home/nabizadz/Projects/Mahsa/datasets/grid/test/s34/sray5p.mpg,35,39,4.3867902755737305,0.9790402111761172
126,1,/home/nabizadz/Projects/Mahsa/datasets/grid/test/s34/pgah2a.mpg,268,272,4.364095687866211,0.9999907632496979
126,2,/home/nabizadz/Projects/Mahsa/datasets/grid/test/s34/bgwr6a.mpg,77,81,3.4223713874816895,0.9823640933270242
126,3,/home/nabizadz/Projects/Mahsa/datasets/grid/test/s34/prwg6s.mpg,247,251,3.9044978618621826,0.970528223209881
126,4,/home/nabizadz/Projects/Mahsa/datasets/grid/test/s34/srbzza.mpg,9,13,4.502510070800781,0.9996791165245881
126,5,/home/nabizadz/Projects/Mahsa/datasets/grid/test/s34/bwip8a.mpg,267,271,4.403398513793945,0.9999817523272265
126,6,/home/nabizadz/Projects/Mahsa/datasets/grid/test/s34/sbbk4s.mpg,183,187,3.71213436126709,0.980990269954471
126,7,/home/nabizadz/Projects/Mahsa/datasets/grid/test/s34/lwbi5p.mpg,259,263,4.0381574630737305,0.9860223409243557
126,8,/home/nabizadz/Projects/Mahsa/datasets/grid/test/s34/pbbz7n.mpg,292,296,4.595947265625,0.9999998515016127
126,9,/home/nabizadz/Projects/Mahsa/datasets/grid/test/s34/pgan5p.mpg,261,265,4.37473201751709,0.9971898840628118
126,10,/home/nabizadz/Projects/Mahsa/datasets/grid/test/s34/swiy6s.mpg,163,167,3.5570666790008545,0.9877872409036339
126,11,/home/nabizadz/Projects/Mahsa/datasets/grid/test/s34/bgiq2s.mpg,63,67,4.53940486907959,0.9999999999999992
126,12,/home/nabizadz/Projects/Mahsa/datasets/grid/test/s34/sbbezs.mpg,12,16,4.53789758682251,0.9999767466083259
126,13,/home/nabizadz/Projects/Mahsa/datasets/grid/test/s34/sbbq7n.mpg,83,87,3.632155179977417,0.9956862792255111
126,14,/home/nabizadz/Projects/Mahsa/datasets/grid/test/s34/bwwy2s.mpg,192,196,3.833466053009033,0.9871757972380236
126,15,/home/nabizadz/Projects/Mahsa/datasets/grid/test/s34/lgav5p.mpg,145,149,3.618466377258301,0.9860854901008642
127,0,/home/nabizadz/Projects/Mahsa/datasets/grid/test/s34/pwbt8a.mpg,247,251,4.347930908203125,0.9958441926056609
127,1,/home/nabizadz/Projects/Mahsa/datasets/grid/test/s34/sgisza.mpg,233,237,4.138594627380371,0.9947749207580376
127,2,/home/nabizadz/Projects/Mahsa/datasets/grid/test/s34/swwz9p.mpg,60,64,3.633335828781128,0.9867135844697799
127,3,/home/nabizadz/Projects/Mahsa/datasets/grid/test/s34/lgwp8s.mpg,57,61,4.278778553009033,0.9982678092402547
127,4,/home/nabizadz/Projects/Mahsa/datasets/grid/test/s34/lgbp6a.mpg,140,144,3.6122305393218994,0.9884382451336777
127,5,/home/nabizadz/Projects/Mahsa/datasets/grid/test/s34/braxza.mpg,185,189,4.047237873077393,0.987523560683488
127,6,/home/nabizadz/Projects/Mahsa/datasets/grid/test/s34/lwai1p.mpg,204,208,4.157502174377441,0.9855237334903398
127,7,/home/nabizadz/Projects/Mahsa/datasets/grid/test/s34/pbbm2a.mpg,294,298,4.509335994720459,0.9999961919961883
127,8,/home/nabizadz/Projects/Mahsa/datasets/grid/test/s34/priz6s.mpg,37,41,4.4235429763793945,0.9983844268956054
127,9,/home/nabizadz/Projects/Mahsa/datasets/grid/test/s34/pwbn4a.mpg,39,43,4.428128242492676,0.9998530182999229
127,10,/home/nabizadz/Projects/Mahsa/datasets/grid/test/s34/sgwg2s.mpg,37,41,4.402508735656738,0.9999276137709698
127,11,/home/nabizadz/Projects/Mahsa/datasets/grid/test/s34/bbav2s.mpg,221,225,3.6470108032226562,0.9660765129500946
127,12,/home/nabizadz/Projects/Mahsa/datasets/grid/test/s34/lgbjzs.mpg,211,215,4.023074150085449,0.9866693908898756
127,13,/home/nabizadz/Projects/Mahsa/datasets/grid/test/s34/brajzs.mpg,222,226,3.687086582183838,0.9831564607565434
127,14,/home/nabizadz/Projects/Mahsa/datasets/grid/test/s34/bwwy4a.mpg,132,136,3.6218223571777344,0.9895953661818989
127,15,/home/nabizadz/Projects/Mahsa/datasets/grid/test/s34/pbws9p.mpg,50,54,3.4853355884552,0.9793757629493407
128,0,/home/nabizadz/Projects/Mahsa/datasets/grid/test/s34/bgbk5n.mpg,276,280,4.4458112716674805,0.9997912914317489
128,1,/home/nabizadz/Projects/Mahsa/datasets/grid/test/s34/bwip5n.mpg,233,237,4.108997821807861,0.9886178482860184
128,2,/home/nabizadz/Projects/Mahsa/datasets/grid/test/s34/bwbkzs.mpg,11,15,4.506557464599609,0.9999921220435868
128,3,/home/nabizadz/Projects/Mahsa/datasets/grid/test/s34/lbwb1n.mpg,133,137,3.7886345386505127,0.9772559947028476
128,4,/home/nabizadz/Projects/Mahsa/datasets/grid/test/s34/pgbu4a.mpg,113,117,2.371196746826172,0.9856563468313252
128,5,/home/nabizadz/Projects/Mahsa/datasets/grid/test/s34/pgbh4s.mpg,100,104,2.5334503650665283,0.9785006108876284
128,6,/home/nabizadz/Projects/Mahsa/datasets/grid/test/s34/lbag9p.mpg,39,43,4.452066898345947,0.9998893657303807
128,7,/home/nabizadz/Projects/Mahsa/datasets/grid/test/s34/bbii1p.mpg,187,191,4.1849164962768555,0.9922629751601013
128,8,/home/nabizadz/Projects/Mahsa/datasets/grid/test/s34/pbiz2a.mpg,75,79,3.773710250854492,0.9939045912019643
128,9,/home/nabizadz/Projects/Mahsa/datasets/grid/test/s34/bgiq4a.mpg,88,92,3.5428903102874756,0.98453853765213
128,10,/home/nabizadz/Projects/Mahsa/datasets/grid/test/s34/lgwx3p.mpg,130,134,3.917133331298828,0.998334298285204
128,11,/home/nabizadz/Projects/Mahsa/datasets/grid/test/s34/bwidza.mpg,179,183,4.155285358428955,0.9989622170975837
128,12,/home/nabizadz/Projects/Mahsa/datasets/grid/test/s34/pbaz6a.mpg,213,217,4.067819595336914,0.9956562725562434
128,13,/home/nabizadz/Projects/Mahsa/datasets/grid/test/s34/bwbd6s.mpg,163,167,4.46986198425293,0.999924991719187
128,14,/home/nabizadz/Projects/Mahsa/datasets/grid/test/s34/pwig1p.mpg,71,75,4.311941623687744,0.9990938640896958
128,15,/home/nabizadz/Projects/Mahsa/datasets/grid/test/s34/lwao4s.mpg,274,278,4.513259410858154,0.9999952139623293
129,0,/home/nabizadz/Projects/Mahsa/datasets/grid/test/s34/swwmzs.mpg,44,48,4.490383625030518,0.9999748265832294
129,1,/home/nabizadz/Projects/Mahsa/datasets/grid/test/s34/bwwq9p.mpg,122,126,4.037602424621582,0.9916422831600863
129,2,/home/nabizadz/Projects/Mahsa/datasets/grid/test/s34/pril8s.mpg,153,157,4.051243305206299,0.9971077248819855
129,3,/home/nabizadz/Projects/Mahsa/datasets/grid/test/s34/bgbr2a.mpg,166,170,3.7714858055114746,0.9907268411820951
129,4,/home/nabizadz/Projects/Mahsa/datasets/grid/test/s34/bwad4a.mpg,259,263,4.3911638259887695,0.9553178942967916
129,5,/home/nabizadz/Projects/Mahsa/datasets/grid/test/s34/pwaazs.mpg,281,285,4.54934549331665,0.9999957943871074
129,6,/home/nabizadz/Projects/Mahsa/datasets/grid/test/s34/sgas3p.mpg,295,299,4.4242167472839355,0.9999985868156054
129,7,/home/nabizadz/Projects/Mahsa/datasets/grid/test/s34/sgwg4a.mpg,130,134,4.0346221923828125,0.9944231451774321
129,8,/home/nabizadz/Projects/Mahsa/datasets/grid/test/s34/sriq7p.mpg,235,239,4.443618297576904,0.9985354821926831
129,9,/home/nabizadz/Projects/Mahsa/datasets/grid/test/s34/pwwh4a.mpg,270,274,4.335580348968506,0.9528074543269062
129,10,/home/nabizadz/Projects/Mahsa/datasets/grid/test/s34/bwwezs.mpg,14,18,4.603231906890869,0.9992043074941807
129,11,/home/nabizadz/Projects/Mahsa/datasets/grid/test/s34/pwba5p.mpg,110,114,3.920985460281372,0.9975727368911471
129,12,/home/nabizadz/Projects/Mahsa/datasets/grid/test/s34/sbad5n.mpg,123,127,4.265955924987793,0.9952672596081249
129,13,/home/nabizadz/Projects/Mahsa/datasets/grid/test/s34/brbj3n.mpg,216,220,4.053830146789551,0.9802147890327152
129,14,/home/nabizadz/Projects/Mahsa/datasets/grid/test/s34/lwio1p.mpg,292,296,4.564611911773682,0.9999997041719454
129,15,/home/nabizadz/Projects/Mahsa/datasets/grid/test/s34/sray4s.mpg,83,87,3.916175603866577,0.9896302033975979
130,0,/home/nabizadz/Projects/Mahsa/datasets/grid/test/s34/pgaa6s.mpg,17,21,4.499305725097656,0.9999938510774276
130,1,/home/nabizadz/Projects/Mahsa/datasets/grid/test/s34/lgio7p.mpg,182,186,4.333438396453857,0.9984452319085144
130,2,/home/nabizadz/Projects/Mahsa/datasets/grid/test/s34/lbba7n.mpg,241,245,4.116671085357666,0.990574159900297
130,3,/home/nabizadz/Projects/Mahsa/datasets/grid/test/s34/bgbe3p.mpg,61,65,3.2544374465942383,0.9892940805727761
130,4,/home/nabizadz/Projects/Mahsa/datasets/grid/test/s34/sgas2s.mpg,64,68,4.271134376525879,0.9974916324161311
130,5,/home/nabizadz/Projects/Mahsa/datasets/grid/test/s34/sbwk9p.mpg,180,184,3.936835765838623,0.9924235382506589
130,6,/home/nabizadz/Projects/Mahsa/datasets/grid/test/s34/brip2a.mpg,193,197,4.195938587188721,0.995431147920495
130,7,/home/nabizadz/Projects/Mahsa/datasets/grid/test/s34/srwl6a.mpg,13,17,4.558440208435059,0.999247150644043
130,8,/home/nabizadz/Projects/Mahsa/datasets/grid/test/s34/sbwy5n.mpg,68,72,4.315248966217041,0.9991340477816101
130,9,/home/nabizadz/Projects/Mahsa/datasets/grid/test/s34/brwj8s.mpg,21,25,4.389314651489258,0.9999999999999997
130,10,/home/nabizadz/Projects/Mahsa/datasets/grid/test/s34/bbac2a.mpg,190,194,4.051131725311279,0.9937968228959626
130,11,/home/nabizadz/Projects/Mahsa/datasets/grid/test/s34/swik7n.mpg,187,191,4.369557857513428,0.9942626803918821
130,12,/home/nabizadz/Projects/Mahsa/datasets/grid/test/s34/lwwc6a.mpg,12,16,4.547636032104492,0.999255087105359
130,13,/home/nabizadz/Projects/Mahsa/datasets/grid/test/s34/swal1n.mpg,209,213,3.8597989082336426,0.9909241429561145
130,14,/home/nabizadz/Projects/Mahsa/datasets/grid/test/s34/bbbp4a.mpg,121,125,4.121647834777832,0.9918927110622044
130,15,/home/nabizadz/Projects/Mahsa/datasets/grid/test/s34/sgas1n.mpg,194,198,2.7372093200683594,0.9794330097473917
131,0,/home/nabizadz/Projects/Mahsa/datasets/grid/test/s34/bgaq5n.mpg,80,84,4.3791985511779785,0.9997731138563511
131,1,/home/nabizadz/Projects/Mahsa/datasets/grid/test/s34/brwx6s.mpg,295,299,4.610961437225342,0.9999999999999997
131,2,/home/nabizadz/Projects/Mahsa/datasets/grid/test/s34/sgws9n.mpg,57,61,4.416801452636719,0.9998534101162077
131,3,/home/nabizadz/Projects/Mahsa/datasets/grid/test/s34/sgbs6s.mpg,235,239,3.7926487922668457,0.9805817992432917
131,4,/home/nabizadz/Projects/Mahsa/datasets/grid/test/s34/brwkza.mpg,295,299,4.410368919372559,1.0
131,5,/home/nabizadz/Projects/Mahsa/datasets/grid/test/s34/brai9n.mpg,224,228,3.5981502532958984,0.9677087599037041
131,6,/home/nabizadz/Projects/Mahsa/datasets/grid/test/s34/pwam8s.mpg,96,100,2.399864673614502,0.9800055985607043
131,7,/home/nabizadz/Projects/Mahsa/datasets/grid/test/s34/pwim4s.mpg,291,295,4.435863971710205,0.9999999999999998
131,8,/home/nabizadz/Projects/Mahsa/datasets/grid/test/s34/sbbrza.mpg,75,79,4.096452236175537,0.9918061689709949
131,9,/home/nabizadz/Projects/Mahsa/datasets/grid/test/s34/swal2s.mpg,81,85,3.7031052112579346,0.9871019063268507
131,10,/home/nabizadz/Projects/Mahsa/datasets/grid/test/s34/bbbv7p.mpg,76,80,3.426211357116699,0.9841304897146439
131,11,/home/nabizadz/Projects/Mahsa/datasets/grid/test/s34/lriuza.mpg,194,198,3.912233829498291,0.9852974311291995
131,12,/home/nabizadz/Projects/Mahsa/datasets/grid/test/s34/pwbn1n.mpg,92,96,3.7755625247955322,0.9899759371145651
131,13,/home/nabizadz/Projects/Mahsa/datasets/grid/test/s34/sbiq2a.mpg,72,76,2.3800413608551025,0.9832036970833302
131,14,/home/nabizadz/Projects/Mahsa/datasets/grid/test/s34/sgwtzs.mpg,116,120,3.93593692779541,0.97695281179877
131,15,/home/nabizadz/Projects/Mahsa/datasets/grid/test/s34/pwwh2s.mpg,67,71,2.722047805786133,0.98421275051389
132,0,/home/nabizadz/Projects/Mahsa/datasets/grid/test/s34/priz8a.mpg,56,60,4.36803674697876,0.9976547495922237
132,1,/home/nabizadz/Projects/Mahsa/datasets/grid/test/s34/srwe9n.mpg,91,95,3.9627153873443604,0.9907681743200072
132,2,/home/nabizadz/Projects/Mahsa/datasets/grid/test/s34/lgwc9n.mpg,227,231,2.9220123291015625,0.9846119446191409
132,3,/home/nabizadz/Projects/Mahsa/datasets/grid/test/s34/lbat5n.mpg,208,212,3.6980621814727783,0.9904389442961535
132,4,/home/nabizadz/Projects/Mahsa/datasets/grid/test/s34/lgwd1p.mpg,79,83,3.5771591663360596,0.9804734891801212
132,5,/home/nabizadz/Projects/Mahsa/datasets/grid/test/s34/bwic9p.mpg,258,262,4.362771987915039,0.9983940334483435
132,6,/home/nabizadz/Projects/Mahsa/datasets/grid/test/s34/srwf2a.mpg,125,129,3.678689479827881,0.9895676016281643
132,7,/home/nabizadz/Projects/Mahsa/datasets/grid/test/s34/brac8a.mpg,102,106,4.027877330780029,0.9966090486810779
132,8,/home/nabizadz/Projects/Mahsa/datasets/grid/test/s34/sbix6a.mpg,185,189,2.904179573059082,0.993625724583947
132,9,/home/nabizadz/Projects/Mahsa/datasets/grid/test/s34/lgbj1p.mpg,276,280,4.425843238830566,0.9983529015445924
132,10,/home/nabizadz/Projects/Mahsa/datasets/grid/test/s34/lgbi9n.mpg,161,165,3.8116281032562256,0.9854008855887414
132,11,/home/nabizadz/Projects/Mahsa/datasets/grid/test/s34/sgamza.mpg,256,260,4.335419654846191,0.9986366970294391
132,12,/home/nabizadz/Projects/Mahsa/datasets/grid/test/s34/pgah1p.mpg,61,65,3.244746446609497,0.9817618683430895
132,13,/home/nabizadz/Projects/Mahsa/datasets/grid/test/s34/lria6s.mpg,129,133,4.159566402435303,0.9968419067858314
132,14,/home/nabizadz/Projects/Mahsa/datasets/grid/test/s34/bwwk6a.mpg,106,110,3.9303369522094727,0.98857849441803
132,15,/home/nabizadz/Projects/Mahsa/datasets/grid/test/s34/lrihzs.mpg,39,43,4.502344608306885,0.9999883068283285
133,0,/home/nabizadz/Projects/Mahsa/datasets/grid/test/s34/brii6s.mpg,159,163,4.365797519683838,0.9998046824181829
133,1,/home/nabizadz/Projects/Mahsa/datasets/grid/test/s34/sgaf3n.mpg,154,158,4.381641864776611,0.999876307972635
133,2,/home/nabizadz/Projects/Mahsa/datasets/grid/test/s34/srik4a.mpg,124,128,4.3825788497924805,0.997138968857666
133,3,/home/nabizadz/Projects/Mahsa/datasets/grid/test/s34/sbij5n.mpg,175,179,3.805842161178589,0.9912320596704677
133,4,/home/nabizadz/Projects/Mahsa/datasets/grid/test/s34/bwbk2a.mpg,113,117,4.217220306396484,0.9939310351865598
133,5,/home/nabizadz/Projects/Mahsa/datasets/grid/test/s34/pwbhza.mpg,130,134,3.6478655338287354,0.9897452025072176
133,6,/home/nabizadz/Projects/Mahsa/datasets/grid/test/s34/bbao9p.mpg,105,109,3.6050965785980225,0.9789071749143583
133,7,/home/nabizadz/Projects/Mahsa/datasets/grid/test/s34/sriq5n.mpg,261,265,4.430908679962158,0.9916286248292648
133,8,/home/nabizadz/Projects/Mahsa/datasets/grid/test/s34/pbaf3p.mpg,178,182,4.211414813995361,0.9957066906540147
133,9,/home/nabizadz/Projects/Mahsa/datasets/grid/test/s34/bbbc4s.mpg,140,144,4.503379821777344,0.9998366086938029
133,10,/home/nabizadz/Projects/Mahsa/datasets/grid/test/s34/lrah3n.mpg,278,282,4.516437530517578,0.9999433693012038
133,11,/home/nabizadz/Projects/Mahsa/datasets/grid/test/s34/sgaz5n.mpg,23,27,4.412338733673096,0.9997005334105314
133,12,/home/nabizadz/Projects/Mahsa/datasets/grid/test/s34/pbaz5p.mpg,260,264,4.083508014678955,0.9922172089723673
133,13,/home/nabizadz/Projects/Mahsa/datasets/grid/test/s34/lrabzs.mpg,26,30,4.5114336013793945,0.9994646541240897
133,14,/home/nabizadz/Projects/Mahsa/datasets/grid/test/s34/bwij3p.mpg,220,224,4.075995445251465,0.9889313130036896
133,15,/home/nabizadz/Projects/Mahsa/datasets/grid/test/s34/bbav1n.mpg,250,254,4.184219837188721,0.9968708204577313
134,0,/home/nabizadz/Projects/Mahsa/datasets/grid/test/s34/pwbt7p.mpg,228,232,3.7811644077301025,0.98213455611196
134,1,/home/nabizadz/Projects/Mahsa/datasets/grid/test/s34/bbib6s.mpg,148,152,4.2745137214660645,0.9964194567547078
134,2,/home/nabizadz/Projects/Mahsa/datasets/grid/test/s34/pbil4a.mpg,38,42,4.53654670715332,0.9948382280496584
134,3,/home/nabizadz/Projects/Mahsa/datasets/grid/test/s34/bwaj8a.mpg,146,150,3.6566851139068604,0.9862482667732441
134,4,/home/nabizadz/Projects/Mahsa/datasets/grid/test/s34/sbip9n.mpg,161,165,3.8916773796081543,0.9875929785886003
134,5,/home/nabizadz/Projects/Mahsa/datasets/grid/test/s34/bwad3p.mpg,27,31,4.45225191116333,0.9999999999999999
134,6,/home/nabizadz/Projects/Mahsa/datasets/grid/test/s34/lwih8a.mpg,177,181,4.134120464324951,0.995642546390627
134,7,/home/nabizadz/Projects/Mahsa/datasets/grid/test/s34/pbwtza.mpg,206,210,4.141774654388428,0.9957345798474688
134,8,/home/nabizadz/Projects/Mahsa/datasets/grid/test/s34/pwwbza.mpg,64,68,3.334653615951538,0.979674859655694
134,9,/home/nabizadz/Projects/Mahsa/datasets/grid/test/s34/pwam7n.mpg,55,59,3.6344759464263916,0.9769883710928869
134,10,/home/nabizadz/Projects/Mahsa/datasets/grid/test/s34/pwam9p.mpg,237,241,4.28619384765625,0.9954978367491787
134,11,/home/nabizadz/Projects/Mahsa/datasets/grid/test/s34/bwbd5n.mpg,94,98,4.1794939041137695,0.9986048617896699
134,12,/home/nabizadz/Projects/Mahsa/datasets/grid/test/s34/srbe6s.mpg,274,278,4.523013114929199,0.9997466760012226
134,13,/home/nabizadz/Projects/Mahsa/datasets/grid/test/s34/bwic8s.mpg,267,271,4.260188102722168,0.9974848417338819
134,14,/home/nabizadz/Projects/Mahsa/datasets/grid/test/s34/sbaq3n.mpg,14,18,4.458622455596924,0.9997950256801795
134,15,/home/nabizadz/Projects/Mahsa/datasets/grid/test/s34/lbag8s.mpg,261,265,4.500236988067627,0.9774658383315719
135,0,/home/nabizadz/Projects/Mahsa/datasets/grid/test/s34/swaz2a.mpg,191,195,4.253030776977539,0.9950017683357216
135,1,/home/nabizadz/Projects/Mahsa/datasets/grid/test/s34/sbax8s.mpg,42,46,4.582515239715576,0.9998318075531715
135,2,/home/nabizadz/Projects/Mahsa/datasets/grid/test/s34/pginzs.mpg,77,81,4.131331443786621,0.9972912137650863
135,3,/home/nabizadz/Projects/Mahsa/datasets/grid/test/s34/prbt2a.mpg,157,161,4.069848537445068,0.9938941515612345
135,4,/home/nabizadz/Projects/Mahsa/datasets/grid/test/s34/brii8a.mpg,248,252,4.1912841796875,0.9520919762246283
135,5,/home/nabizadz/Projects/Mahsa/datasets/grid/test/s34/bwip7p.mpg,131,135,3.605639934539795,0.9745524798741706
135,6,/home/nabizadz/Projects/Mahsa/datasets/grid/test/s34/pwba4s.mpg,265,269,4.171576499938965,0.9931968242986351
135,7,/home/nabizadz/Projects/Mahsa/datasets/grid/test/s34/pgbb1p.mpg,142,146,3.2180728912353516,0.9853046276777986
135,8,/home/nabizadz/Projects/Mahsa/datasets/grid/test/s34/lrwcza.mpg,143,147,3.7372052669525146,0.9866876188438076
135,9,/home/nabizadz/Projects/Mahsa/datasets/grid/test/s34/bbbv8a.mpg,53,57,3.6468169689178467,0.9838398748333206
135,10,/home/nabizadz/Projects/Mahsa/datasets/grid/test/s34/lbba9p.mpg,103,107,3.9240150451660156,0.9902505191481865
135,11,/home/nabizadz/Projects/Mahsa/datasets/grid/test/s34/srak8a.mpg,57,61,3.2916452884674072,0.9886590822886933
135,12,/home/nabizadz/Projects/Mahsa/datasets/grid/test/s34/sbwk7n.mpg,256,260,4.359236717224121,0.9999080992568915
135,13,/home/nabizadz/Projects/Mahsa/datasets/grid/test/s34/lgbv9p.mpg,204,208,4.073655128479004,0.9732076866863671
135,14,/home/nabizadz/Projects/Mahsa/datasets/grid/test/s34/lbbu2a.mpg,141,145,4.128016471862793,0.9954022423943701
135,15,/home/nabizadz/Projects/Mahsa/datasets/grid/test/s34/lwavza.mpg,149,153,4.128544330596924,0.9918774204526644
136,0,/home/nabizadz/Projects/Mahsa/datasets/grid/test/s34/srar2a.mpg,204,208,4.236628532409668,0.9922008733586827
136,1,/home/nabizadz/Projects/Mahsa/datasets/grid/test/s34/sgwm6s.mpg,180,184,2.497967004776001,0.9911948941511262
136,2,/home/nabizadz/Projects/Mahsa/datasets/grid/test/s34/lgbc6s.mpg,203,207,4.401047229766846,0.9996924553994837
136,3,/home/nabizadz/Projects/Mahsa/datasets/grid/test/s34/lgac4a.mpg,283,287,4.4646220207214355,0.9999958071019976
136,4,/home/nabizadz/Projects/Mahsa/datasets/grid/test/s34/pris4a.mpg,249,253,4.472842216491699,0.9999415218110537
136,5,/home/nabizadz/Projects/Mahsa/datasets/grid/test/s34/sgbm2s.mpg,194,198,3.8864026069641113,0.9845482578879559
136,6,/home/nabizadz/Projects/Mahsa/datasets/grid/test/s34/sbwlza.mpg,239,243,4.5231781005859375,0.9998633592573744
136,7,/home/nabizadz/Projects/Mahsa/datasets/grid/test/s34/prwa4a.mpg,243,247,4.411041736602783,0.9999605506747095
136,8,/home/nabizadz/Projects/Mahsa/datasets/grid/test/s34/sgiz3p.mpg,259,263,2.572469472885132,0.9826964734133334
136,9,/home/nabizadz/Projects/Mahsa/datasets/grid/test/s34/srae3p.mpg,146,150,4.247260093688965,0.9986982898577836
136,10,/home/nabizadz/Projects/Mahsa/datasets/grid/test/s34/pbaf2s.mpg,283,287,4.581277847290039,0.9999920589534573
136,11,/home/nabizadz/Projects/Mahsa/datasets/grid/test/s34/lwwv7p.mpg,233,237,4.139114856719971,0.9725884130271119
136,12,/home/nabizadz/Projects/Mahsa/datasets/grid/test/s34/lgwx1n.mpg,215,219,2.9859812259674072,0.9778043200544844
136,13,/home/nabizadz/Projects/Mahsa/datasets/grid/test/s34/praf8s.mpg,99,103,3.609524726867676,0.99435093901736
136,14,/home/nabizadz/Projects/Mahsa/datasets/grid/test/s34/pras8a.mpg,174,178,3.9849064350128174,0.9905663198679792
136,15,/home/nabizadz/Projects/Mahsa/datasets/grid/test/s34/lwbi6a.mpg,130,134,4.064500331878662,0.9952978433444171
137,0,/home/nabizadz/Projects/Mahsa/datasets/grid/test/s34/swwf6s.mpg,276,280,4.410654067993164,1.0
137,1,/home/nabizadz/Projects/Mahsa/datasets/grid/test/s34/sgbf7n.mpg,115,119,4.109354019165039,0.9903358367889777
137,2,/home/nabizadz/Projects/Mahsa/datasets/grid/test/s34/pwbt5n.mpg,282,286,4.3954243659973145,0.999941439675767
137,3,/home/nabizadz/Projects/Mahsa/datasets/grid/test/s34/lrbu6s.mpg,57,61,3.4339864253997803,0.9890074125893298
137,4,/home/nabizadz/Projects/Mahsa/datasets/grid/test/s34/bwaq2a.mpg,123,127,4.264708518981934,0.9944436305290529
137,5,/home/nabizadz/Projects/Mahsa/datasets/grid/test/s34/srbe8a.mpg,27,31,4.405629634857178,0.9998473594952111
137,6,/home/nabizadz/Projects/Mahsa/datasets/grid/test/s34/pgia1n.mpg,159,163,3.532250165939331,0.9841016444073332
137,7,/home/nabizadz/Projects/Mahsa/datasets/grid/test/s34/srak5n.mpg,137,141,4.062983989715576,0.9846795804606112
137,8,/home/nabizadz/Projects/Mahsa/datasets/grid/test/s34/sgbm4a.mpg,85,89,3.615088939666748,0.9803263013256784
137,9,/home/nabizadz/Projects/Mahsa/datasets/grid/test/s34/swae7n.mpg,90,94,3.579362392425537,0.9914129008647308
137,10,/home/nabizadz/Projects/Mahsa/datasets/grid/test/s34/briv5p.mpg,91,95,4.4160380363464355,0.9999901894592397
137,11,/home/nabizadz/Projects/Mahsa/datasets/grid/test/s34/pgan6a.mpg,276,280,4.548832416534424,0.9999074221269233
137,12,/home/nabizadz/Projects/Mahsa/datasets/grid/test/s34/sbiqzs.mpg,255,259,4.199403285980225,0.9982622924049702
137,13,/home/nabizadz/Projects/Mahsa/datasets/grid/test/s34/lria5n.mpg,221,225,3.9247241020202637,0.983090443297459
137,14,/home/nabizadz/Projects/Mahsa/datasets/grid/test/s34/lrwo7p.mpg,19,23,4.455888271331787,0.9823210468722363
137,15,/home/nabizadz/Projects/Mahsa/datasets/grid/test/s34/prif6a.mpg,182,186,4.296030044555664,0.9996056292591822
138,0,/home/nabizadz/Projects/Mahsa/datasets/grid/test/s34/bbbp2s.mpg,77,81,3.611699104309082,0.9843653299358133
138,1,/home/nabizadz/Projects/Mahsa/datasets/grid/test/s34/lrwi3p.mpg,290,294,4.383965015411377,0.9999102299193218
138,2,/home/nabizadz/Projects/Mahsa/datasets/grid/test/s34/pbil1n.mpg,96,100,4.295114994049072,0.9993313215578434
138,3,/home/nabizadz/Projects/Mahsa/datasets/grid/test/s34/lrwvzs.mpg,24,28,4.48777961730957,0.9999710576349348
138,4,/home/nabizadz/Projects/Mahsa/datasets/grid/test/s34/lgwj4s.mpg,276,280,4.4648518562316895,0.9996889200480908
138,5,/home/nabizadz/Projects/Mahsa/datasets/grid/test/s34/pbwf9n.mpg,234,238,4.349567413330078,0.9965471114526377
138,6,/home/nabizadz/Projects/Mahsa/datasets/grid/test/s34/pgig5n.mpg,206,210,3.6496880054473877,0.9825956165807891
138,7,/home/nabizadz/Projects/Mahsa/datasets/grid/test/s34/lrwv2a.mpg,26,30,4.412181377410889,0.999599260414057
138,8,/home/nabizadz/Projects/Mahsa/datasets/grid/test/s34/lrin6a.mpg,202,206,4.220015525817871,0.9956104251066829
138,9,/home/nabizadz/Projects/Mahsa/datasets/grid/test/s34/sbix3n.mpg,80,84,4.287848472595215,0.9984526384934937
138,10,/home/nabizadz/Projects/Mahsa/datasets/grid/test/s34/lwbb9n.mpg,169,173,4.175642013549805,0.9922055910181365
138,11,/home/nabizadz/Projects/Mahsa/datasets/grid/test/s34/bbiu7n.mpg,181,185,2.8719587326049805,0.978762433625244
138,12,/home/nabizadz/Projects/Mahsa/datasets/grid/test/s34/pram4a.mpg,119,123,3.9728739261627197,0.9937113243290772
138,13,/home/nabizadz/Projects/Mahsa/datasets/grid/test/s34/brbx2s.mpg,9,13,4.536767482757568,0.9999963302574527
138,14,/home/nabizadz/Projects/Mahsa/datasets/grid/test/s34/sbix4s.mpg,30,34,4.367841720581055,0.9999719936594504
138,15,/home/nabizadz/Projects/Mahsa/datasets/grid/test/s34/sgbgza.mpg,291,295,4.394791126251221,0.9884196991033429
139,0,/home/nabizadz/Projects/Mahsa/datasets/grid/test/s34/pwwh3p.mpg,181,185,3.747314453125,0.9905281349837175
139,1,/home/nabizadz/Projects/Mahsa/datasets/grid/test/s34/brwd5p.mpg,26,30,4.443794250488281,0.9999997354289919
139,2,/home/nabizadz/Projects/Mahsa/datasets/grid/test/s34/lbig5p.mpg,206,210,4.219491481781006,0.9709023280619044
139,3,/home/nabizadz/Projects/Mahsa/datasets/grid/test/s34/pgia3p.mpg,94,98,3.538224220275879,0.9874866922030052
139,4,/home/nabizadz/Projects/Mahsa/datasets/grid/test/s34/pbbf5n.mpg,84,88,4.430240154266357,0.9996460216923794
139,5,/home/nabizadz/Projects/Mahsa/datasets/grid/test/s34/lbwb3p.mpg,141,145,3.912986993789673,0.9889407073258123
139,6,/home/nabizadz/Projects/Mahsa/datasets/grid/test/s34/lwwv5n.mpg,56,60,3.580061435699463,0.9906133991133641
139,7,/home/nabizadz/Projects/Mahsa/datasets/grid/test/s34/brii7p.mpg,83,87,3.011329412460327,0.980414571430533
139,8,/home/nabizadz/Projects/Mahsa/datasets/grid/test/s34/lrau2s.mpg,152,156,2.764752149581909,0.9757005869883523
139,9,/home/nabizadz/Projects/Mahsa/datasets/grid/test/s34/pgbh6a.mpg,191,195,3.936152935028076,0.9837043998016962
139,10,/home/nabizadz/Projects/Mahsa/datasets/grid/test/s34/bric3p.mpg,16,20,4.429671764373779,0.9999948886149065
139,11,/home/nabizadz/Projects/Mahsa/datasets/grid/test/s34/lgib7n.mpg,147,151,4.385857105255127,0.999903425274771
139,12,/home/nabizadz/Projects/Mahsa/datasets/grid/test/s34/pwif9n.mpg,12,16,4.5986199378967285,0.9999999999999998
139,13,/home/nabizadz/Projects/Mahsa/datasets/grid/test/s34/pgwb6a.mpg,266,270,4.490437984466553,0.9999901759865389
139,14,/home/nabizadz/Projects/Mahsa/datasets/grid/test/s34/sbaj9n.mpg,57,61,3.572340965270996,0.9795545400383369
139,15,/home/nabizadz/Projects/Mahsa/datasets/grid/test/s34/bgbe2s.mpg,82,86,3.6194612979888916,0.9819905184937057
140,0,/home/nabizadz/Projects/Mahsa/datasets/grid/test/s34/lbag7n.mpg,249,253,4.284788608551025,0.995256758063153
140,1,/home/nabizadz/Projects/Mahsa/datasets/grid/test/s34/bgid4s.mpg,261,265,4.402705192565918,0.9999999939149756
140,2,/home/nabizadz/Projects/Mahsa/datasets/grid/test/s34/bgwe7p.mpg,267,271,4.454314708709717,0.9937324820143724
140,3,/home/nabizadz/Projects/Mahsa/datasets/grid/test/s34/lwwv8a.mpg,67,71,2.445465087890625,0.9784401365241063
140,4,/home/nabizadz/Projects/Mahsa/datasets/grid/test/s34/lwwc5p.mpg,118,122,4.3781352043151855,0.9996584365541327
140,5,/home/nabizadz/Projects/Mahsa/datasets/grid/test/s34/bwix2a.mpg,31,35,4.506648540496826,0.9995601085373005
140,6,/home/nabizadz/Projects/Mahsa/datasets/grid/test/s34/lraoza.mpg,227,231,4.175991058349609,0.993517647105268
140,7,/home/nabizadz/Projects/Mahsa/datasets/grid/test/s34/pgit4s.mpg,208,212,3.963219404220581,0.994012583576745
140,8,/home/nabizadz/Projects/Mahsa/datasets/grid/test/s34/pgbn9p.mpg,82,86,3.5468828678131104,0.9749898898861115
140,9,/home/nabizadz/Projects/Mahsa/datasets/grid/test/s34/lrbo1n.mpg,133,137,4.004169464111328,0.9903993855050196
140,10,/home/nabizadz/Projects/Mahsa/datasets/grid/test/s34/praf7n.mpg,78,82,4.300495624542236,0.9989673619658858
140,11,/home/nabizadz/Projects/Mahsa/datasets/grid/test/s34/pgwb3n.mpg,45,49,3.950978994369507,0.9826011063420346
140,12,/home/nabizadz/Projects/Mahsa/datasets/grid/test/s34/pbal5n.mpg,148,152,4.071466445922852,0.9919862965753317
140,13,/home/nabizadz/Projects/Mahsa/datasets/grid/test/s34/srwr9p.mpg,220,224,3.973891258239746,0.9851044627337585
140,14,/home/nabizadz/Projects/Mahsa/datasets/grid/test/s34/sbbe2a.mpg,84,88,3.0489964485168457,0.9881056144901379
140,15,/home/nabizadz/Projects/Mahsa/datasets/grid/test/s34/pbbf8a.mpg,268,272,4.423947334289551,0.9999594954341463
141,0,/home/nabizadz/Projects/Mahsa/datasets/grid/test/s34/lwai2a.mpg,219,223,4.052461624145508,0.9873052649799738
141,1,/home/nabizadz/Projects/Mahsa/datasets/grid/test/s34/pbwm4s.mpg,273,277,4.461207389831543,0.9990724628002841
141,2,/home/nabizadz/Projects/Mahsa/datasets/grid/test/s34/priz5n.mpg,151,155,4.238779544830322,0.9998605796063893
141,3,/home/nabizadz/Projects/Mahsa/datasets/grid/test/s34/lwau7n.mpg,47,51,4.281176567077637,0.998490515305667
141,4,/home/nabizadz/Projects/Mahsa/datasets/grid/test/s34/bwbx7n.mpg,50,54,3.644235849380493,0.9868486815248075
141,5,/home/nabizadz/Projects/Mahsa/datasets/grid/test/s34/bwax3n.mpg,110,114,3.955820322036743,0.9939802309601192
141,6,/home/nabizadz/Projects/Mahsa/datasets/grid/test/s34/sbaq6a.mpg,138,142,3.8978054523468018,0.9877828095064453
141,7,/home/nabizadz/Projects/Mahsa/datasets/grid/test/s34/pgbh5p.mpg,276,280,4.353795528411865,0.987751035472922
141,8,/home/nabizadz/Projects/Mahsa/datasets/grid/test/s34/bbio4s.mpg,121,125,3.6853322982788086,0.9977238293032703
141,9,/home/nabizadz/Projects/Mahsa/datasets/grid/test/s34/lrwb7n.mpg,21,25,4.423009395599365,0.9983136752645287
141,10,/home/nabizadz/Projects/Mahsa/datasets/grid/test/s34/pwaa1p.mpg,289,293,4.494832515716553,0.9999999999999998
141,11,/home/nabizadz/Projects/Mahsa/datasets/grid/test/s34/bbac1p.mpg,196,200,4.268612861633301,0.9989065091292972
141,12,/home/nabizadz/Projects/Mahsa/datasets/grid/test/s34/bwaq1p.mpg,251,255,4.292672157287598,0.99685158481143
141,13,/home/nabizadz/Projects/Mahsa/datasets/grid/test/s34/sgaf5p.mpg,232,236,3.6325619220733643,0.9604200955321988
141,14,/home/nabizadz/Projects/Mahsa/datasets/grid/test/s34/sgbf9p.mpg,260,264,4.3663716316223145,0.9992277034793587
141,15,/home/nabizadz/Projects/Mahsa/datasets/grid/test/s34/swie5p.mpg,5,9,4.48339319229126,0.9999824970724199
142,0,/home/nabizadz/Projects/Mahsa/datasets/grid/test/s34/lwwi8s.mpg,209,213,4.157568454742432,0.9908059024201227
142,1,/home/nabizadz/Projects/Mahsa/datasets/grid/test/s34/bbwp6s.mpg,96,100,4.392570495605469,0.9991607490344615
142,2,/home/nabizadz/Projects/Mahsa/datasets/grid/test/s34/lbbh2s.mpg,220,224,4.368185520172119,0.9994805820499858
142,3,/home/nabizadz/Projects/Mahsa/datasets/grid/test/s34/bbiu9p.mpg,261,265,4.526778221130371,0.9791237161405513
142,4,/home/nabizadz/Projects/Mahsa/datasets/grid/test/s34/sbbk6a.mpg,47,51,4.396290302276611,0.9995230659976257
142,5,/home/nabizadz/Projects/Mahsa/datasets/grid/test/s34/bwwy1n.mpg,267,271,4.565211772918701,0.9991939484378264
142,6,/home/nabizadz/Projects/Mahsa/datasets/grid/test/s34/lria8a.mpg,118,122,4.25547456741333,0.9882495429075462
142,7,/home/nabizadz/Projects/Mahsa/datasets/grid/test/s34/pbaf1n.mpg,182,186,4.044439792633057,0.9972880486805575
142,8,/home/nabizadz/Projects/Mahsa/datasets/grid/test/s34/pgia2s.mpg,54,58,3.691554069519043,0.9803483082325719
142,9,/home/nabizadz/Projects/Mahsa/datasets/grid/test/s34/bbai3n.mpg,183,187,3.7052221298217773,0.9841646548807114
142,10,/home/nabizadz/Projects/Mahsa/datasets/grid/test/s34/pbaz3n.mpg,187,191,3.623746395111084,0.9766316642653616
142,11,/home/nabizadz/Projects/Mahsa/datasets/grid/test/s34/lgbc7p.mpg,227,231,4.1370697021484375,0.9802665414199911
142,12,/home/nabizadz/Projects/Mahsa/datasets/grid/test/s34/sgal8s.mpg,54,58,4.4566264152526855,0.9998073831882277
142,13,/home/nabizadz/Projects/Mahsa/datasets/grid/test/s34/lwau8s.mpg,21,25,4.430453777313232,0.9999080626809619
142,14,/home/nabizadz/Projects/Mahsa/datasets/grid/test/s34/bbio3n.mpg,204,208,4.084290027618408,0.9869798130918195
142,15,/home/nabizadz/Projects/Mahsa/datasets/grid/test/s34/bgwr3n.mpg,203,207,4.1719770431518555,0.990393111750841
143,0,/home/nabizadz/Projects/Mahsa/datasets/grid/test/s34/prbm8a.mpg,203,207,4.475724697113037,0.9999927911609584
143,1,/home/nabizadz/Projects/Mahsa/datasets/grid/test/s34/srik1n.mpg,38,42,4.267000198364258,0.9984557339009711
143,2,/home/nabizadz/Projects/Mahsa/datasets/grid/test/s34/bgij7n.mpg,204,208,3.8948237895965576,0.9916507131278094
143,3,/home/nabizadz/Projects/Mahsa/datasets/grid/test/s34/lbaa3n.mpg,258,262,4.5048627853393555,0.9997454454639881
143,4,/home/nabizadz/Projects/Mahsa/datasets/grid/test/s34/bgay1p.mpg,189,193,3.7829253673553467,0.9901297837497657
143,5,/home/nabizadz/Projects/Mahsa/datasets/grid/test/s34/lgbc5n.mpg,242,246,3.894925117492676,0.9900896622544971
143,6,/home/nabizadz/Projects/Mahsa/datasets/grid/test/s34/srae1n.mpg,232,236,4.344352722167969,0.9971550467741789
143,7,/home/nabizadz/Projects/Mahsa/datasets/grid/test/s34/lwau9p.mpg,270,274,4.1861042976379395,0.9980825425230827
143,8,/home/nabizadz/Projects/Mahsa/datasets/grid/test/s34/pwwa7n.mpg,29,33,4.517515659332275,0.9998125632795453
143,9,/home/nabizadz/Projects/Mahsa/datasets/grid/test/s34/sray6a.mpg,69,73,4.115206718444824,0.9993955235583253
143,10,/home/nabizadz/Projects/Mahsa/datasets/grid/test/s34/prwg7p.mpg,82,86,4.16746187210083,0.9950652720254327
143,11,/home/nabizadz/Projects/Mahsa/datasets/grid/test/s34/lbbh4a.mpg,238,242,4.300646781921387,0.9951002716802739
143,12,/home/nabizadz/Projects/Mahsa/datasets/grid/test/s34/lbit2s.mpg,260,264,4.433872699737549,0.9611363240405381
143,13,/home/nabizadz/Projects/Mahsa/datasets/grid/test/s34/sbby4a.mpg,164,168,4.093325614929199,0.9981529901446221
143,14,/home/nabizadz/Projects/Mahsa/datasets/grid/test/s34/lbwu5p.mpg,16,20,4.497200012207031,0.9999836871483367
143,15,/home/nabizadz/Projects/Mahsa/datasets/grid/test/s34/sgbs5n.mpg,32,36,4.329035758972168,0.9985867283166036
144,0,/home/nabizadz/Projects/Mahsa/datasets/grid/test/s34/bbwx1p.mpg,96,100,3.706529140472412,0.9840341327604145
144,1,/home/nabizadz/Projects/Mahsa/datasets/grid/test/s34/sbij6s.mpg,157,161,4.409440994262695,0.9997470127226904
144,2,/home/nabizadz/Projects/Mahsa/datasets/grid/test/s34/sbwy6s.mpg,3,7,4.512152194976807,0.9999999999999998
144,3,/home/nabizadz/Projects/Mahsa/datasets/grid/test/s34/bwbq3n.mpg,129,133,4.022341251373291,0.9951928895797917
144,4,/home/nabizadz/Projects/Mahsa/datasets/grid/test/s34/bbbc6a.mpg,180,184,4.273524284362793,0.9953264454248107
144,5,/home/nabizadz/Projects/Mahsa/datasets/grid/test/s34/lbbbza.mpg,98,102,4.05433464050293,0.9949024297910704
144,6,/home/nabizadz/Projects/Mahsa/datasets/grid/test/s34/bbav4a.mpg,237,241,4.173315525054932,0.9905248102941822
144,7,/home/nabizadz/Projects/Mahsa/datasets/grid/test/s34/sbad8a.mpg,271,275,4.1786088943481445,0.9998085593734451
144,8,/home/nabizadz/Projects/Mahsa/datasets/grid/test/s34/bgikza.mpg,270,274,4.402994155883789,0.9968501870443544
144,9,/home/nabizadz/Projects/Mahsa/datasets/grid/test/s34/lgai6s.mpg,76,80,2.8600242137908936,0.9849802644371063
144,10,/home/nabizadz/Projects/Mahsa/datasets/grid/test/s34/bbai4s.mpg,189,193,4.4329023361206055,0.9991514294325674
144,11,/home/nabizadz/Projects/Mahsa/datasets/grid/test/s34/lgii1n.mpg,91,95,3.8190650939941406,0.9883324521971757
144,12,/home/nabizadz/Projects/Mahsa/datasets/grid/test/s34/sbad7p.mpg,4,8,4.569294452667236,0.9999999999999999
144,13,/home/nabizadz/Projects/Mahsa/datasets/grid/test/s34/pbaz4s.mpg,221,225,3.913996696472168,0.9912393113636176
144,14,/home/nabizadz/Projects/Mahsa/datasets/grid/test/s34/lwiu3n.mpg,31,35,4.287529945373535,0.9997184218839696
144,15,/home/nabizadz/Projects/Mahsa/datasets/grid/test/s34/bbbp3p.mpg,1,5,4.6030049324035645,0.9995248083272756
145,0,/home/nabizadz/Projects/Mahsa/datasets/grid/test/s34/bgwe6s.mpg,134,138,3.8646161556243896,0.9916477866833326
145,1,/home/nabizadz/Projects/Mahsa/datasets/grid/test/s34/brbdzs.mpg,264,268,4.523706436157227,1.0
145,2,/home/nabizadz/Projects/Mahsa/datasets/grid/test/s34/bric2s.mpg,143,147,3.2208874225616455,0.9772933783110956
145,3,/home/nabizadz/Projects/Mahsa/datasets/grid/test/s34/pbie9p.mpg,225,229,4.493751049041748,0.9991254868706227
145,4,/home/nabizadz/Projects/Mahsa/datasets/grid/test/s34/lrbb4s.mpg,190,194,4.0336151123046875,0.9850040334083047
145,5,/home/nabizadz/Projects/Mahsa/datasets/grid/test/s34/lwbi3n.mpg,250,254,3.9606759548187256,0.9922729208265285
145,6,/home/nabizadz/Projects/Mahsa/datasets/grid/test/s34/pbar9n.mpg,267,271,4.424969673156738,0.9982974900362257
145,7,/home/nabizadz/Projects/Mahsa/datasets/grid/test/s34/lbwh8a.mpg,134,138,4.083463668823242,0.9948198701452986
145,8,/home/nabizadz/Projects/Mahsa/datasets/grid/test/s34/lrwo8a.mpg,188,192,4.183350086212158,0.9961348817209733
145,9,/home/nabizadz/Projects/Mahsa/datasets/grid/test/s34/srbr4s.mpg,246,250,4.070228099822998,0.995260708259872
145,10,/home/nabizadz/Projects/Mahsa/datasets/grid/test/s34/pbwg2a.mpg,66,70,4.379344940185547,0.9998491339759679
145,11,/home/nabizadz/Projects/Mahsa/datasets/grid/test/s34/bgij9p.mpg,64,68,3.5061585903167725,0.9875659086722028
145,12,/home/nabizadz/Projects/Mahsa/datasets/grid/test/s34/pgwh7n.mpg,31,35,4.202888488769531,0.9985352989342577
145,13,/home/nabizadz/Projects/Mahsa/datasets/grid/test/s34/swbr9n.mpg,162,166,3.5845985412597656,0.9853783897794715
145,14,/home/nabizadz/Projects/Mahsa/datasets/grid/test/s34/pgwu7p.mpg,121,125,4.303049564361572,0.9972981713453082
145,15,/home/nabizadz/Projects/Mahsa/datasets/grid/test/s34/sbwe3n.mpg,88,92,4.21528434753418,0.9931706297872183
146,0,/home/nabizadz/Projects/Mahsa/datasets/grid/test/s34/bbivza.mpg,280,284,4.4664130210876465,0.9999917897077283
146,1,/home/nabizadz/Projects/Mahsa/datasets/grid/test/s34/sgif2a.mpg,263,267,4.494367599487305,0.9992897236521263
146,2,/home/nabizadz/Projects/Mahsa/datasets/grid/test/s34/sgifzs.mpg,207,211,4.041764736175537,0.9943291670806736
146,3,/home/nabizadz/Projects/Mahsa/datasets/grid/test/s34/bbbp1n.mpg,296,300,4.423549175262451,1.0
146,4,/home/nabizadz/Projects/Mahsa/datasets/grid/test/s34/bwwk3n.mpg,142,146,3.3882434368133545,0.981837668025811
146,5,/home/nabizadz/Projects/Mahsa/datasets/grid/test/s34/lbbn5n.mpg,237,241,4.284219741821289,0.9931992336940921
146,6,/home/nabizadz/Projects/Mahsa/datasets/grid/test/s34/sbwy8a.mpg,4,8,4.492562770843506,0.9999542689441384
146,7,/home/nabizadz/Projects/Mahsa/datasets/grid/test/s34/pwwa8s.mpg,31,35,4.4279398918151855,0.9956248529072633
146,8,/home/nabizadz/Projects/Mahsa/datasets/grid/test/s34/sgaz6s.mpg,7,11,4.607159614562988,0.9999999999999999
146,9,/home/nabizadz/Projects/Mahsa/datasets/grid/test/s34/bbbc5p.mpg,175,179,3.9359874725341797,0.9897550093584534
146,10,/home/nabizadz/Projects/Mahsa/datasets/grid/test/s34/bwwk5p.mpg,184,188,3.5715761184692383,0.976277344475987
146,11,/home/nabizadz/Projects/Mahsa/datasets/grid/test/s34/lgao9n.mpg,252,256,4.32589864730835,0.9999352361251173
146,12,/home/nabizadz/Projects/Mahsa/datasets/grid/test/s34/lwbc1p.mpg,71,75,2.733311414718628,0.9883084630302125
146,13,/home/nabizadz/Projects/Mahsa/datasets/grid/test/s34/lbat8a.mpg,249,253,4.486209392547607,0.999967921652232
146,14,/home/nabizadz/Projects/Mahsa/datasets/grid/test/s34/bbwx2a.mpg,268,272,4.428925514221191,0.9919976761616205
146,15,/home/nabizadz/Projects/Mahsa/datasets/grid/test/s34/pbal7p.mpg,207,211,4.1711320877075195,0.9972999725984003
147,0,/home/nabizadz/Projects/Mahsa/datasets/grid/test/s34/bbib8a.mpg,218,222,3.76979923248291,0.985718942338449
147,1,/home/nabizadz/Projects/Mahsa/datasets/grid/test/s34/brbp8s.mpg,144,148,4.282273292541504,0.9994786539352806
147,2,/home/nabizadz/Projects/Mahsa/datasets/grid/test/s34/prif4s.mpg,147,151,4.40557336807251,0.9999469418831738
147,3,/home/nabizadz/Projects/Mahsa/datasets/grid/test/s34/prwt6a.mpg,214,218,4.16411828994751,0.9928980949962968
147,4,/home/nabizadz/Projects/Mahsa/datasets/grid/test/s34/brwd4s.mpg,138,142,4.0420708656311035,0.9871111149771657
147,5,/home/nabizadz/Projects/Mahsa/datasets/grid/test/s34/srak6s.mpg,220,224,4.251804828643799,0.9910013218836404
147,6,/home/nabizadz/Projects/Mahsa/datasets/grid/test/s34/lria7p.mpg,209,213,4.392362117767334,0.9980778033004781
147,7,/home/nabizadz/Projects/Mahsa/datasets/grid/test/s34/lrit9p.mpg,259,263,4.483872890472412,0.9976906586650214
147,8,/home/nabizadz/Projects/Mahsa/datasets/grid/test/s34/pwat1n.mpg,26,30,4.399449825286865,0.9916962822321493
147,9,/home/nabizadz/Projects/Mahsa/datasets/grid/test/s34/prwt5p.mpg,14,18,4.602504253387451,0.9999796675981458
147,10,/home/nabizadz/Projects/Mahsa/datasets/grid/test/s34/sbij7p.mpg,144,148,4.210289001464844,0.9974249170442923
147,11,/home/nabizadz/Projects/Mahsa/datasets/grid/test/s34/pwbn2s.mpg,160,164,2.7196147441864014,0.9780043269182528
147,12,/home/nabizadz/Projects/Mahsa/datasets/grid/test/s34/sgal9p.mpg,266,270,4.471529006958008,0.9992910611440204
147,13,/home/nabizadz/Projects/Mahsa/datasets/grid/test/s34/bgay2a.mpg,16,20,4.48890495300293,0.9999995070326255
147,14,/home/nabizadz/Projects/Mahsa/datasets/grid/test/s34/srwz1n.mpg,13,17,4.588695526123047,0.9970866506702116
147,15,/home/nabizadz/Projects/Mahsa/datasets/grid/test/s34/pwba3n.mpg,8,12,4.571041584014893,0.9998489827723449
148,0,/home/nabizadz/Projects/Mahsa/datasets/grid/test/s34/lgii3p.mpg,208,212,3.854576349258423,0.9841651899665653
148,1,/home/nabizadz/Projects/Mahsa/datasets/grid/test/s34/bbwj2s.mpg,184,188,3.642178535461426,0.9564045698483113
148,2,/home/nabizadz/Projects/Mahsa/datasets/grid/test/s34/srid9p.mpg,208,212,4.030658721923828,0.985272447435071
148,3,/home/nabizadz/Projects/Mahsa/datasets/grid/test/s34/bgix6s.mpg,114,118,4.184978485107422,0.9936376949294142
148,4,/home/nabizadz/Projects/Mahsa/datasets/grid/test/s34/pgauza.mpg,240,244,4.061756134033203,0.992285372424188
148,5,/home/nabizadz/Projects/Mahsa/datasets/grid/test/s34/lgav3n.mpg,66,70,3.7168965339660645,0.982014203787234
148,6,/home/nabizadz/Projects/Mahsa/datasets/grid/test/s34/sgbm1n.mpg,11,15,4.50762939453125,0.9978856714378921
148,7,/home/nabizadz/Projects/Mahsa/datasets/grid/test/s34/lwib1n.mpg,73,77,3.317117691040039,0.9724109835936711
148,8,/home/nabizadz/Projects/Mahsa/datasets/grid/test/s34/pgwb4s.mpg,98,102,3.4831531047821045,0.9762745991658079
148,9,/home/nabizadz/Projects/Mahsa/datasets/grid/test/s34/lgbp3n.mpg,208,212,3.7857611179351807,0.9919341756167065
148,10,/home/nabizadz/Projects/Mahsa/datasets/grid/test/s34/pgag9n.mpg,101,105,4.145064353942871,0.9959687629168162
148,11,/home/nabizadz/Projects/Mahsa/datasets/grid/test/s34/bgid3n.mpg,158,162,4.226818561553955,0.9994158803114539
148,12,/home/nabizadz/Projects/Mahsa/datasets/grid/test/s34/sbbq8s.mpg,26,30,4.414659023284912,0.9989035153483681
148,13,/home/nabizadz/Projects/Mahsa/datasets/grid/test/s34/praf9p.mpg,138,142,4.292381286621094,0.9999127763935586
148,14,/home/nabizadz/Projects/Mahsa/datasets/grid/test/s34/pras6s.mpg,19,23,4.403473854064941,0.9991380500217804
148,15,/home/nabizadz/Projects/Mahsa/datasets/grid/test/s34/srwl4s.mpg,61,65,3.1185338497161865,0.9851381450134482
149,0,/home/nabizadz/Projects/Mahsa/datasets/grid/test/s34/pwwuzs.mpg,55,59,3.7537314891815186,0.9890146982554278
149,1,/home/nabizadz/Projects/Mahsa/datasets/grid/test/s34/bwij1n.mpg,71,75,3.5398597717285156,0.9933429932924406
149,2,/home/nabizadz/Projects/Mahsa/datasets/grid/test/s34/bgaq7p.mpg,178,182,3.92276668548584,0.9854766520785032
149,3,/home/nabizadz/Projects/Mahsa/datasets/grid/test/s34/lwih5n.mpg,262,266,4.384313106536865,1.0
149,4,/home/nabizadz/Projects/Mahsa/datasets/grid/test/s34/lbig6a.mpg,231,235,4.175459384918213,0.9962394642650325
149,5,/home/nabizadz/Projects/Mahsa/datasets/grid/test/s34/bbbv6s.mpg,0,4,4.607267379760742,0.9999828821976615
149,6,/home/nabizadz/Projects/Mahsa/datasets/grid/test/s34/lwib3p.mpg,2,6,4.4581217765808105,0.9993946673548572
149,7,/home/nabizadz/Projects/Mahsa/datasets/grid/test/s34/sgbz9n.mpg,234,238,4.0298542976379395,0.9863928119987915
149,8,/home/nabizadz/Projects/Mahsa/datasets/grid/test/s34/priz7p.mpg,83,87,4.384871482849121,0.9994577276183462
149,9,/home/nabizadz/Projects/Mahsa/datasets/grid/test/s34/swwz8s.mpg,259,263,4.50233793258667,0.9999366867904619
149,10,/home/nabizadz/Projects/Mahsa/datasets/grid/test/s34/bgij8s.mpg,143,147,3.743330240249634,0.9915648862694413
149,11,/home/nabizadz/Projects/Mahsa/datasets/grid/test/s34/lrih1p.mpg,102,106,3.687016248703003,0.9900830401942255
149,12,/home/nabizadz/Projects/Mahsa/datasets/grid/test/s34/bbbi9p.mpg,18,22,3.8157145977020264,0.9952444515949116
149,13,/home/nabizadz/Projects/Mahsa/datasets/grid/test/s34/sgiz1n.mpg,169,173,3.7488107681274414,0.9939143749713552
149,14,/home/nabizadz/Projects/Mahsa/datasets/grid/test/s34/bbii2a.mpg,178,182,3.8593194484710693,0.9901746639344304
149,15,/home/nabizadz/Projects/Mahsa/datasets/grid/test/s34/lgwj3n.mpg,172,176,2.728186845779419,0.9915318115950138
150,0,/home/nabizadz/Projects/Mahsa/datasets/grid/test/s34/bwaqzs.mpg,138,142,3.7916736602783203,0.9896069527481169
150,1,/home/nabizadz/Projects/Mahsa/datasets/grid/test/s34/brwx8a.mpg,81,85,3.58353590965271,0.9877675387019411
150,2,/home/nabizadz/Projects/Mahsa/datasets/grid/test/s34/brwx7p.mpg,48,52,3.5900895595550537,0.9973658511914346
150,3,/home/nabizadz/Projects/Mahsa/datasets/grid/test/s34/lbwh6s.mpg,12,16,4.505166530609131,0.999136879516976
150,4,/home/nabizadz/Projects/Mahsa/datasets/grid/test/s34/lrbb5p.mpg,253,257,4.463776588439941,0.9997673202954491
150,5,/home/nabizadz/Projects/Mahsa/datasets/grid/test/s34/srby8s.mpg,55,59,2.9351871013641357,0.9833760928852935
150,6,/home/nabizadz/Projects/Mahsa/datasets/grid/test/s34/lrah4s.mpg,15,19,4.486565589904785,0.9999999999999998
150,7,/home/nabizadz/Projects/Mahsa/datasets/grid/test/s34/lrbu7p.mpg,199,203,4.269674301147461,0.9990660588437681
150,8,/home/nabizadz/Projects/Mahsa/datasets/grid/test/s34/sgil3n.mpg,169,173,4.364607334136963,0.9994973349851198
150,9,/home/nabizadz/Projects/Mahsa/datasets/grid/test/s34/pram2s.mpg,69,73,4.200879096984863,0.9917763599480318
150,10,/home/nabizadz/Projects/Mahsa/datasets/grid/test/s34/lwah9n.mpg,232,236,4.200625419616699,0.9917462919042734
150,11,/home/nabizadz/Projects/Mahsa/datasets/grid/test/s34/brwj9p.mpg,184,188,4.243433952331543,0.9948261897230097
150,12,/home/nabizadz/Projects/Mahsa/datasets/grid/test/s34/brwq3p.mpg,34,38,4.232205390930176,0.9998138411487824
150,13,/home/nabizadz/Projects/Mahsa/datasets/grid/test/s34/srwf1p.mpg,214,218,3.806680917739868,0.9702527495050476
150,14,/home/nabizadz/Projects/Mahsa/datasets/grid/test/s34/bbwp5n.mpg,280,284,4.394372940063477,0.9817526044074009
150,15,/home/nabizadz/Projects/Mahsa/datasets/grid/test/s34/swbs1p.mpg,127,131,4.1984357833862305,0.9948389791688282
151,0,/home/nabizadz/Projects/Mahsa/datasets/grid/test/s34/pwbn3p.mpg,117,121,4.395618915557861,0.9999904853375718
151,1,/home/nabizadz/Projects/Mahsa/datasets/grid/test/s34/bwip6s.mpg,163,167,4.30059289932251,0.9997955431907993
151,2,/home/nabizadz/Projects/Mahsa/datasets/grid/test/s34/lbat6s.mpg,123,127,4.296228408813477,0.9990806666406503
151,3,/home/nabizadz/Projects/Mahsa/datasets/grid/test/s34/pgahzs.mpg,221,225,4.154118061065674,0.9992505445929987
151,4,/home/nabizadz/Projects/Mahsa/datasets/grid/test/s34/srwl3n.mpg,238,242,4.403898239135742,0.9998855430613869
151,5,/home/nabizadz/Projects/Mahsa/datasets/grid/test/s34/pbiy9n.mpg,283,287,4.493095874786377,0.9999999999999998
151,6,/home/nabizadz/Projects/Mahsa/datasets/grid/test/s34/bgwr4s.mpg,221,225,3.7278294563293457,0.9788728318018555
151,7,/home/nabizadz/Projects/Mahsa/datasets/grid/test/s34/pwwt9n.mpg,264,268,4.397395133972168,0.9990239004260223
151,8,/home/nabizadz/Projects/Mahsa/datasets/grid/test/s34/pgbu1n.mpg,71,75,4.271737575531006,0.9667599203725464
151,9,/home/nabizadz/Projects/Mahsa/datasets/grid/test/s34/pwwa9p.mpg,113,117,3.9741058349609375,0.9934516223479547
151,10,/home/nabizadz/Projects/Mahsa/datasets/grid/test/s34/brav7n.mpg,208,212,3.764425039291382,0.9892085100800134
151,11,/home/nabizadz/Projects/Mahsa/datasets/grid/test/s34/swbf2s.mpg,220,224,4.305521011352539,0.9880620759232068
151,12,/home/nabizadz/Projects/Mahsa/datasets/grid/test/s34/brbp9p.mpg,197,201,4.133156776428223,0.9984879408463135
151,13,/home/nabizadz/Projects/Mahsa/datasets/grid/test/s34/swiy8a.mpg,91,95,3.7676424980163574,0.9885129435822215
151,14,/home/nabizadz/Projects/Mahsa/datasets/grid/test/s34/pgat9p.mpg,162,166,3.887817144393921,0.9948951552596188
151,15,/home/nabizadz/Projects/Mahsa/datasets/grid/test/s34/pwat3p.mpg,188,192,4.289669036865234,0.9939542505453536
152,0,/home/nabizadz/Projects/Mahsa/datasets/grid/test/s34/brwd6a.mpg,68,72,3.786694049835205,0.9927137569362049
152,1,/home/nabizadz/Projects/Mahsa/datasets/grid/test/s34/sbwr4a.mpg,107,111,3.925832748413086,0.9971695573673295
152,2,/home/nabizadz/Projects/Mahsa/datasets/grid/test/s34/lbim7n.mpg,205,209,3.9777095317840576,0.9837459716929451
152,3,/home/nabizadz/Projects/Mahsa/datasets/grid/test/s34/lwab7p.mpg,39,43,3.5517992973327637,0.9792291542162844
152,4,/home/nabizadz/Projects/Mahsa/datasets/grid/test/s34/bbib7p.mpg,212,216,3.7573704719543457,0.9642868586391914
152,5,/home/nabizadz/Projects/Mahsa/datasets/grid/test/s34/lrin4s.mpg,97,101,4.13486385345459,0.9983547732896879
152,6,/home/nabizadz/Projects/Mahsa/datasets/grid/test/s34/prwt3n.mpg,257,261,4.549975872039795,0.9999957367527966
152,7,/home/nabizadz/Projects/Mahsa/datasets/grid/test/s34/prwa1n.mpg,243,247,4.429431915283203,0.9916971900647155
152,8,/home/nabizadz/Projects/Mahsa/datasets/grid/test/s34/swir2s.mpg,242,246,4.26425313949585,0.9953172433924768
152,9,/home/nabizadz/Projects/Mahsa/datasets/grid/test/s34/swar8a.mpg,223,227,4.496749401092529,0.9996910671060715
152,10,/home/nabizadz/Projects/Mahsa/datasets/grid/test/s34/sbid1n.mpg,277,281,4.559988975524902,0.9999972025838912
152,11,/home/nabizadz/Projects/Mahsa/datasets/grid/test/s34/lbwn9n.mpg,189,193,4.030019283294678,0.9855092431892858
152,12,/home/nabizadz/Projects/Mahsa/datasets/grid/test/s34/sgil5p.mpg,173,177,3.7108190059661865,0.9905375195319612
152,13,/home/nabizadz/Projects/Mahsa/datasets/grid/test/s34/sgbs7p.mpg,86,90,3.980039358139038,0.992411353652283
152,14,/home/nabizadz/Projects/Mahsa/datasets/grid/test/s34/lwab6s.mpg,283,287,4.355946063995361,0.999648206763485
152,15,/home/nabizadz/Projects/Mahsa/datasets/grid/test/s34/lgav4s.mpg,199,203,3.711123466491699,0.9844188962196616
153,0,/home/nabizadz/Projects/Mahsa/datasets/grid/test/s34/bwwd9n.mpg,223,227,3.957035779953003,0.9820749835521722
153,1,/home/nabizadz/Projects/Mahsa/datasets/grid/test/s34/pbir6s.mpg,12,16,4.5786848068237305,0.9999610242373081
153,2,/home/nabizadz/Projects/Mahsa/datasets/grid/test/s34/pwwu2a.mpg,180,184,4.232019901275635,0.9971494924983979
153,3,/home/nabizadz/Projects/Mahsa/datasets/grid/test/s34/lbbh3p.mpg,171,175,4.238027095794678,0.9977941831597268
153,4,/home/nabizadz/Projects/Mahsa/datasets/grid/test/s34/bbab9n.mpg,120,124,3.9352455139160156,0.9898290955422443
153,5,/home/nabizadz/Projects/Mahsa/datasets/grid/test/s34/lwbo8s.mpg,132,136,3.6429357528686523,0.992572818305238
153,6,/home/nabizadz/Projects/Mahsa/datasets/grid/test/s34/lgac2s.mpg,248,252,3.985109329223633,0.9784869092189645
153,7,/home/nabizadz/Projects/Mahsa/datasets/grid/test/s34/bgbe1n.mpg,215,219,4.000102996826172,0.9710723335904501
153,8,/home/nabizadz/Projects/Mahsa/datasets/grid/test/s34/briv3n.mpg,165,169,4.397669315338135,0.9996677968626368
153,9,/home/nabizadz/Projects/Mahsa/datasets/grid/test/s34/lwbi4s.mpg,223,227,4.494696617126465,0.9988362718066688
153,10,/home/nabizadz/Projects/Mahsa/datasets/grid/test/s34/bbiizs.mpg,219,223,3.9054949283599854,0.9737162018860421
153,11,/home/nabizadz/Projects/Mahsa/datasets/grid/test/s34/bgwlzs.mpg,59,63,3.918879508972168,0.9791199580724266
153,12,/home/nabizadz/Projects/Mahsa/datasets/grid/test/s34/lgbc8a.mpg,13,17,4.452726364135742,0.9999823737572962
153,13,/home/nabizadz/Projects/Mahsa/datasets/grid/test/s34/lrab2a.mpg,91,95,3.6013987064361572,0.9887346310939499
153,14,/home/nabizadz/Projects/Mahsa/datasets/grid/test/s34/lrin5p.mpg,229,233,4.038327693939209,0.9798535978064346
153,15,/home/nabizadz/Projects/Mahsa/datasets/grid/test/s34/swiy7p.mpg,237,241,4.267312526702881,0.992225709726889
154,0,/home/nabizadz/Projects/Mahsa/datasets/grid/test/s34/pris3p.mpg,202,206,4.2915849685668945,0.9983543749708174
154,1,/home/nabizadz/Projects/Mahsa/datasets/grid/test/s34/bgbk6s.mpg,160,164,3.955950975418091,0.9973770405924203
154,2,/home/nabizadz/Projects/Mahsa/datasets/grid/test/s34/bwwq7n.mpg,156,160,4.318063259124756,0.9984702382037016
154,3,/home/nabizadz/Projects/Mahsa/datasets/grid/test/s34/lbwu6a.mpg,294,298,4.435427188873291,0.999979472561332
154,4,/home/nabizadz/Projects/Mahsa/datasets/grid/test/s34/lbwo2a.mpg,46,50,4.397172927856445,0.9998024876386433
154,5,/home/nabizadz/Projects/Mahsa/datasets/grid/test/s34/brbc9n.mpg,227,231,4.019186496734619,0.9919480970579632
154,6,/home/nabizadz/Projects/Mahsa/datasets/grid/test/s34/lrwv1p.mpg,181,185,3.9785170555114746,0.9935581075100126
154,7,/home/nabizadz/Projects/Mahsa/datasets/grid/test/s34/lrah6a.mpg,24,28,4.366257190704346,0.9991016157312526
154,8,/home/nabizadz/Projects/Mahsa/datasets/grid/test/s34/pgin1p.mpg,23,27,4.42496919631958,0.998795311395086
154,9,/home/nabizadz/Projects/Mahsa/datasets/grid/test/s34/bbbi7n.mpg,102,106,3.884000062942505,0.987871477601862
154,10,/home/nabizadz/Projects/Mahsa/datasets/grid/test/s34/pwbg9p.mpg,201,205,3.6532490253448486,0.9884203879198892
154,11,/home/nabizadz/Projects/Mahsa/datasets/grid/test/s34/pbbs6a.mpg,69,73,3.602872371673584,0.9758580797816558
154,12,/home/nabizadz/Projects/Mahsa/datasets/grid/test/s34/swbz3n.mpg,284,288,4.274557113647461,0.9976650100425927
154,13,/home/nabizadz/Projects/Mahsa/datasets/grid/test/s34/pgbb2a.mpg,205,209,3.974379777908325,0.9890730777051118
154,14,/home/nabizadz/Projects/Mahsa/datasets/grid/test/s34/brap6a.mpg,76,80,3.5275440216064453,0.9839428618942234
154,15,/home/nabizadz/Projects/Mahsa/datasets/grid/test/s34/lrbu8a.mpg,23,27,4.587069511413574,0.9997764529730484
155,0,/home/nabizadz/Projects/Mahsa/datasets/grid/test/s34/lgbp4s.mpg,138,142,4.245767116546631,0.9963929843202973
155,1,/home/nabizadz/Projects/Mahsa/datasets/grid/test/s34/brap3n.mpg,249,253,4.559386253356934,0.9988977396311373
155,2,/home/nabizadz/Projects/Mahsa/datasets/grid/test/s34/bgix5n.mpg,243,247,4.280003547668457,0.9949589205941582
155,3,/home/nabizadz/Projects/Mahsa/datasets/grid/test/s34/swbl7p.mpg,52,56,4.053410530090332,0.9851983867955193
155,4,/home/nabizadz/Projects/Mahsa/datasets/grid/test/s34/swws4s.mpg,130,134,4.092668056488037,0.9989668365416416
155,5,/home/nabizadz/Projects/Mahsa/datasets/grid/test/s34/sgwaza.mpg,102,106,3.6072418689727783,0.9813272813599717
155,6,/home/nabizadz/Projects/Mahsa/datasets/grid/test/s34/sgil4s.mpg,77,81,4.165081024169922,0.9982199395368001
155,7,/home/nabizadz/Projects/Mahsa/datasets/grid/test/s34/brip1p.mpg,97,101,3.8969337940216064,0.9950524846780908
155,8,/home/nabizadz/Projects/Mahsa/datasets/grid/test/s34/sbwk8s.mpg,260,264,4.511275291442871,0.9989984429864553
155,9,/home/nabizadz/Projects/Mahsa/datasets/grid/test/s34/srwr7n.mpg,262,266,4.4054155349731445,0.9999998163232586
155,10,/home/nabizadz/Projects/Mahsa/datasets/grid/test/s34/braj1p.mpg,227,231,4.460488319396973,0.9616678073563315
155,11,/home/nabizadz/Projects/Mahsa/datasets/grid/test/s34/lrwi4a.mpg,141,145,4.122406959533691,0.9963574508258664
155,12,/home/nabizadz/Projects/Mahsa/datasets/grid/test/s34/swbl6s.mpg,93,97,4.3000807762146,0.9997665525284483
155,13,/home/nabizadz/Projects/Mahsa/datasets/grid/test/s34/lbwb4a.mpg,279,283,4.518871784210205,0.9999769343528547
155,14,/home/nabizadz/Projects/Mahsa/datasets/grid/test/s34/lban3p.mpg,263,267,4.467809200286865,0.9997563098294537
155,15,/home/nabizadz/Projects/Mahsa/datasets/grid/test/s34/pbal8a.mpg,265,269,4.106325626373291,0.9958024488040627
156,0,/home/nabizadz/Projects/Mahsa/datasets/grid/test/s34/pgia4a.mpg,154,158,4.058593273162842,0.9934588482257082
156,1,/home/nabizadz/Projects/Mahsa/datasets/grid/test/s34/prwg5n.mpg,174,178,3.7875688076019287,0.9924868962583179
156,2,/home/nabizadz/Projects/Mahsa/datasets/grid/test/s34/pgbh3n.mpg,62,66,3.6708357334136963,0.9885060082576869
156,3,/home/nabizadz/Projects/Mahsa/datasets/grid/test/s34/swae8s.mpg,8,12,4.444026470184326,0.9998194599757454
156,4,/home/nabizadz/Projects/Mahsa/datasets/grid/test/s34/lbim9p.mpg,102,106,2.523117780685425,0.9717521152499421
156,5,/home/nabizadz/Projects/Mahsa/datasets/grid/test/s34/swir3p.mpg,272,276,4.430261135101318,0.9979331646829622
156,6,/home/nabizadz/Projects/Mahsa/datasets/grid/test/s34/swwf7p.mpg,204,208,3.9283053874969482,0.981148570461061
156,7,/home/nabizadz/Projects/Mahsa/datasets/grid/test/s34/sray3n.mpg,273,277,4.332495212554932,0.9999830200890627
156,8,/home/nabizadz/Projects/Mahsa/datasets/grid/test/s34/sgwg1n.mpg,203,207,3.8123810291290283,0.9920228338554016
156,9,/home/nabizadz/Projects/Mahsa/datasets/grid/test/s34/pbir8a.mpg,98,102,4.0556182861328125,0.9965713704688137
156,10,/home/nabizadz/Projects/Mahsa/datasets/grid/test/s34/pwba6a.mpg,107,111,4.344898700714111,0.9992758367947018
156,11,/home/nabizadz/Projects/Mahsa/datasets/grid/test/s34/bwwe1p.mpg,111,115,4.1774468421936035,0.9993112794247546
156,12,/home/nabizadz/Projects/Mahsa/datasets/grid/test/s34/lrab1p.mpg,114,118,4.38893461227417,0.9999653264985089
156,13,/home/nabizadz/Projects/Mahsa/datasets/grid/test/s34/srbr5p.mpg,226,230,4.5155863761901855,0.9998343315385542
156,14,/home/nabizadz/Projects/Mahsa/datasets/grid/test/s34/pbbs3n.mpg,38,42,4.411069869995117,0.9998763946451288
156,15,/home/nabizadz/Projects/Mahsa/datasets/grid/test/s34/prwn1p.mpg,296,300,4.566950798034668,0.9999992051936366
157,0,/home/nabizadz/Projects/Mahsa/datasets/grid/test/s34/pbbz8s.mpg,47,51,3.7471635341644287,0.9850039802676057
157,1,/home/nabizadz/Projects/Mahsa/datasets/grid/test/s34/sgaf4s.mpg,55,59,3.5325183868408203,0.9718085695466799
157,2,/home/nabizadz/Projects/Mahsa/datasets/grid/test/s34/pbiz1p.mpg,14,18,4.366892337799072,0.9997810952304157
157,3,/home/nabizadz/Projects/Mahsa/datasets/grid/test/s34/lrwi1n.mpg,284,288,4.331323623657227,0.9644845633094989
157,4,/home/nabizadz/Projects/Mahsa/datasets/grid/test/s34/lrit8s.mpg,92,96,3.7974982261657715,0.9873225036145958
157,5,/home/nabizadz/Projects/Mahsa/datasets/grid/test/s34/srbl2a.mpg,144,148,3.6702072620391846,0.9918050520689917
157,6,/home/nabizadz/Projects/Mahsa/datasets/grid/test/s34/bgwr5p.mpg,135,139,4.218425273895264,0.9986971784904086
157,7,/home/nabizadz/Projects/Mahsa/datasets/grid/test/s34/lbia1p.mpg,23,27,4.483142375946045,0.9943702201270849
157,8,/home/nabizadz/Projects/Mahsa/datasets/grid/test/s34/lbbh1n.mpg,22,26,4.545194149017334,0.9999852772728341
157,9,/home/nabizadz/Projects/Mahsa/datasets/grid/test/s34/sgwm5n.mpg,128,132,4.141891956329346,0.9997986973003616
157,10,/home/nabizadz/Projects/Mahsa/datasets/grid/test/s34/bgbr1p.mpg,140,144,4.134055137634277,0.9976657966094127
157,11,/home/nabizadz/Projects/Mahsa/datasets/grid/test/s34/bwad1n.mpg,286,290,4.554476261138916,0.9958760941647984
157,12,/home/nabizadz/Projects/Mahsa/datasets/grid/test/s34/pbbmzs.mpg,118,122,3.670445680618286,0.9907495966195067
157,13,/home/nabizadz/Projects/Mahsa/datasets/grid/test/s34/lgwd2a.mpg,169,173,4.139162540435791,0.9991880693329848
157,14,/home/nabizadz/Projects/Mahsa/datasets/grid/test/s34/lbat7p.mpg,262,266,4.483644962310791,0.9998890934328594
157,15,/home/nabizadz/Projects/Mahsa/datasets/grid/test/s34/bgak3p.mpg,163,167,4.078283786773682,0.9936329232985194
158,0,/home/nabizadz/Projects/Mahsa/datasets/grid/test/s34/swbl5n.mpg,138,142,3.0624566078186035,0.9834583159811278
158,1,/home/nabizadz/Projects/Mahsa/datasets/grid/test/s34/lrwu9n.mpg,162,166,3.333517074584961,0.9808119099701023
158,2,/home/nabizadz/Projects/Mahsa/datasets/grid/test/s34/pril7n.mpg,129,133,4.070449352264404,0.9993103059320241
158,3,/home/nabizadz/Projects/Mahsa/datasets/grid/test/s34/bwax4s.mpg,213,217,3.6059179306030273,0.9781943490855568
158,4,/home/nabizadz/Projects/Mahsa/datasets/grid/test/s34/pbwm3n.mpg,205,209,3.5742387771606445,0.9791462062213789
158,5,/home/nabizadz/Projects/Mahsa/datasets/grid/test/s34/pwwn5n.mpg,281,285,4.258187770843506,0.9877715631554578
158,6,/home/nabizadz/Projects/Mahsa/datasets/grid/test/s34/lwih7p.mpg,261,265,4.584002494812012,1.0
158,7,/home/nabizadz/Projects/Mahsa/datasets/grid/test/s34/pgwu5n.mpg,126,130,4.103819847106934,0.9971755071924465
158,8,/home/nabizadz/Projects/Mahsa/datasets/grid/test/s34/pbaf4a.mpg,132,136,4.120293617248535,0.9932465468586579
158,9,/home/nabizadz/Projects/Mahsa/datasets/grid/test/s34/bbbjza.mpg,220,224,4.171737194061279,0.9442438994302763
158,10,/home/nabizadz/Projects/Mahsa/datasets/grid/test/s34/brbx3p.mpg,39,43,4.375576972961426,0.9998587608436962
158,11,/home/nabizadz/Projects/Mahsa/datasets/grid/test/s34/prbaza.mpg,221,225,3.619563102722168,0.9866188370530823
158,12,/home/nabizadz/Projects/Mahsa/datasets/grid/test/s34/sraq9n.mpg,175,179,2.255770683288574,0.9854140688425836
158,13,/home/nabizadz/Projects/Mahsa/datasets/grid/test/s34/pwwh1n.mpg,45,49,4.252994060516357,0.9991362626346755
158,14,/home/nabizadz/Projects/Mahsa/datasets/grid/test/s34/lwwp4a.mpg,263,267,4.409207820892334,0.9999951652496978
158,15,/home/nabizadz/Projects/Mahsa/datasets/grid/test/s34/lgib8s.mpg,68,72,4.27790641784668,0.9999704831182002
159,0,/home/nabizadz/Projects/Mahsa/datasets/grid/test/s34/pwis8s.mpg,48,52,3.1185009479522705,0.9699673816630563
159,1,/home/nabizadz/Projects/Mahsa/datasets/grid/test/s34/pgwiza.mpg,149,153,3.742902994155884,0.9915716987210276
159,2,/home/nabizadz/Projects/Mahsa/datasets/grid/test/s34/srid7n.mpg,126,130,3.788637399673462,0.9843531776956191
159,3,/home/nabizadz/Projects/Mahsa/datasets/grid/test/s34/srwl5p.mpg,234,238,4.073816299438477,0.9906187183828713
159,4,/home/nabizadz/Projects/Mahsa/datasets/grid/test/s34/sgie9n.mpg,250,254,4.3989176750183105,0.99978753542055
159,5,/home/nabizadz/Projects/Mahsa/datasets/grid/test/s34/swbz4s.mpg,111,115,3.944687604904175,0.9960366180414997
159,6,/home/nabizadz/Projects/Mahsa/datasets/grid/test/s34/swie6a.mpg,267,271,4.46047306060791,0.999999297548387
159,7,/home/nabizadz/Projects/Mahsa/datasets/grid/test/s34/bbwdza.mpg,63,67,3.6522624492645264,0.9924989565526656
159,8,/home/nabizadz/Projects/Mahsa/datasets/grid/test/s34/pgboza.mpg,88,92,3.9660751819610596,0.9930538407539272
159,9,/home/nabizadz/Projects/Mahsa/datasets/grid/test/s34/brwd3n.mpg,137,141,4.031900882720947,0.9763156147822434
159,10,/home/nabizadz/Projects/Mahsa/datasets/grid/test/s34/lwih6s.mpg,132,136,4.316252708435059,0.9985695848090487
159,11,/home/nabizadz/Projects/Mahsa/datasets/grid/test/s34/lbig4s.mpg,71,75,3.643569231033325,0.9908117319239642
159,12,/home/nabizadz/Projects/Mahsa/datasets/grid/test/s34/pwim5p.mpg,257,261,4.407925605773926,0.9969668941562431
159,13,/home/nabizadz/Projects/Mahsa/datasets/grid/test/s34/lbaa4s.mpg,237,241,3.999584436416626,0.9888997390716152
159,14,/home/nabizadz/Projects/Mahsa/datasets/grid/test/s34/lwwi7n.mpg,17,21,4.495418548583984,0.9999999999999998
159,15,/home/nabizadz/Projects/Mahsa/datasets/grid/test/s34/pwwu1p.mpg,256,260,4.377528667449951,0.9990263397168408
160,0,/home/nabizadz/Projects/Mahsa/datasets/grid/test/s34/bgaeza.mpg,69,73,3.6123948097229004,0.996135794561576
160,1,/home/nabizadz/Projects/Mahsa/datasets/grid/test/s34/lwbczs.mpg,192,196,2.5403010845184326,0.9869309975330974
160,2,/home/nabizadz/Projects/Mahsa/datasets/grid/test/s34/bbbc3n.mpg,153,157,3.598520517349243,0.9783655337874942
160,3,/home/nabizadz/Projects/Mahsa/datasets/grid/test/s34/bgix8a.mpg,178,182,4.187611103057861,0.9979564638951662
160,4,/home/nabizadz/Projects/Mahsa/datasets/grid/test/s34/bgad7n.mpg,151,155,4.038449764251709,0.9918121075756604
160,5,/home/nabizadz/Projects/Mahsa/datasets/grid/test/s34/pwis9p.mpg,205,209,4.107995510101318,0.9857972408252228
160,6,/home/nabizadz/Projects/Mahsa/datasets/grid/test/s34/bgwe5n.mpg,252,256,4.500396728515625,0.9972135428698827
160,7,/home/nabizadz/Projects/Mahsa/datasets/grid/test/s34/bwaj5n.mpg,256,260,3.6775591373443604,0.9872940689470284
160,8,/home/nabizadz/Projects/Mahsa/datasets/grid/test/s34/lgiv1p.mpg,55,59,3.507242202758789,0.9845890673928478
160,9,/home/nabizadz/Projects/Mahsa/datasets/grid/test/s34/lwbpza.mpg,48,52,4.403099060058594,0.9999892978451705
160,10,/home/nabizadz/Projects/Mahsa/datasets/grid/test/s34/lrwi2s.mpg,74,78,3.5907304286956787,0.9927761574489221
160,11,/home/nabizadz/Projects/Mahsa/datasets/grid/test/s34/lgivzs.mpg,78,82,3.9311468601226807,0.9977614456970573
160,12,/home/nabizadz/Projects/Mahsa/datasets/grid/test/s34/brap4s.mpg,53,57,3.6229960918426514,0.996157658157096
160,13,/home/nabizadz/Projects/Mahsa/datasets/grid/test/s34/swafza.mpg,276,280,4.439504623413086,0.9995955109769524
160,14,/home/nabizadz/Projects/Mahsa/datasets/grid/test/s34/srby9p.mpg,179,183,3.9355616569519043,0.9854739336678264
160,15,/home/nabizadz/Projects/Mahsa/datasets/grid/test/s34/swar6s.mpg,139,143,3.689692974090576,0.9746424076088669
161,0,/home/nabizadz/Projects/Mahsa/datasets/grid/test/s34/sbby1n.mpg,31,35,4.450901031494141,0.9999971748159178
161,1,/home/nabizadz/Projects/Mahsa/datasets/grid/test/s34/swir4a.mpg,65,69,3.707404851913452,0.9873283403580257
161,2,/home/nabizadz/Projects/Mahsa/datasets/grid/test/s34/bwij2s.mpg,161,165,4.331575393676758,0.998641933694785
161,3,/home/nabizadz/Projects/Mahsa/datasets/grid/test/s34/lbbn8a.mpg,258,262,4.483793258666992,0.986977232062611
161,4,/home/nabizadz/Projects/Mahsa/datasets/grid/test/s34/pbbl9n.mpg,0,4,4.5067267417907715,0.9998670163587093
161,5,/home/nabizadz/Projects/Mahsa/datasets/grid/test/s34/bgby4s.mpg,97,101,3.847822427749634,0.9771776457135867
161,6,/home/nabizadz/Projects/Mahsa/datasets/grid/test/s34/brav8s.mpg,208,212,3.9122114181518555,0.9909535365492115
161,7,/home/nabizadz/Projects/Mahsa/datasets/grid/test/s34/lwio2a.mpg,57,61,2.591432809829712,0.9875926465737987
161,8,/home/nabizadz/Projects/Mahsa/datasets/grid/test/s34/sriq8a.mpg,275,279,4.332392692565918,0.997015718821477
161,9,/home/nabizadz/Projects/Mahsa/datasets/grid/test/s34/pris2s.mpg,163,167,3.6315956115722656,0.9757677213952344
161,10,/home/nabizadz/Projects/Mahsa/datasets/grid/test/s34/lbwh5n.mpg,104,108,2.696046829223633,0.9795779689449775
161,11,/home/nabizadz/Projects/Mahsa/datasets/grid/test/s34/bwbx8s.mpg,222,226,3.592499017715454,0.9786785973536372
161,12,/home/nabizadz/Projects/Mahsa/datasets/grid/test/s34/sgbf8s.mpg,20,24,4.550935745239258,0.9995416731176284
161,13,/home/nabizadz/Projects/Mahsa/datasets/grid/test/s34/bgbk8a.mpg,107,111,3.990689516067505,0.9975254092387534
161,14,/home/nabizadz/Projects/Mahsa/datasets/grid/test/s34/lwab5n.mpg,153,157,4.447044372558594,0.9994215933126251
161,15,/home/nabizadz/Projects/Mahsa/datasets/grid/test/s34/lrbo4a.mpg,288,292,4.348331928253174,1.0
162,0,/home/nabizadz/Projects/Mahsa/datasets/grid/test/s34/bbaczs.mpg,12,16,4.465519905090332,0.9999982142579493
162,1,/home/nabizadz/Projects/Mahsa/datasets/grid/test/s34/bgby5p.mpg,18,22,4.562152862548828,1.0
162,2,/home/nabizadz/Projects/Mahsa/datasets/grid/test/s34/lwib4a.mpg,18,22,4.438695430755615,0.9999999999999989
162,3,/home/nabizadz/Projects/Mahsa/datasets/grid/test/s34/pbbf7p.mpg,242,246,4.3047194480896,0.9947325141226214
162,4,/home/nabizadz/Projects/Mahsa/datasets/grid/test/s34/lban4a.mpg,13,17,4.516221046447754,0.9999756541738847
162,5,/home/nabizadz/Projects/Mahsa/datasets/grid/test/s34/lrwb9p.mpg,84,88,3.678351879119873,0.9913775746524094
162,6,/home/nabizadz/Projects/Mahsa/datasets/grid/test/s34/bgak1n.mpg,274,278,4.413256645202637,0.9304674501828598
162,7,/home/nabizadz/Projects/Mahsa/datasets/grid/test/s34/pgwu8a.mpg,275,279,4.47221040725708,0.999913074174394
162,8,/home/nabizadz/Projects/Mahsa/datasets/grid/test/s34/lwbv4a.mpg,232,236,4.077147960662842,0.991507482461405
162,9,/home/nabizadz/Projects/Mahsa/datasets/grid/test/s34/pbas1p.mpg,158,162,3.5426156520843506,0.9866220548269912
162,10,/home/nabizadz/Projects/Mahsa/datasets/grid/test/s34/pgit6a.mpg,177,181,2.8406341075897217,0.9946152764819856
162,11,/home/nabizadz/Projects/Mahsa/datasets/grid/test/s34/pram1n.mpg,117,121,4.314601421356201,0.9995564250716824
162,12,/home/nabizadz/Projects/Mahsa/datasets/grid/test/s34/brbj6a.mpg,65,69,3.476170301437378,0.9735490304486804
162,13,/home/nabizadz/Projects/Mahsa/datasets/grid/test/s34/pgwo1n.mpg,267,271,4.215194225311279,0.9919161273093393
162,14,/home/nabizadz/Projects/Mahsa/datasets/grid/test/s34/lbiazs.mpg,149,153,4.080191135406494,0.9986866241228618
162,15,/home/nabizadz/Projects/Mahsa/datasets/grid/test/s34/sbakzs.mpg,202,206,4.396313190460205,0.9998371259103673
163,0,/home/nabizadz/Projects/Mahsa/datasets/grid/test/s34/bbai6a.mpg,18,22,4.363073825836182,0.9999831068247487
163,1,/home/nabizadz/Projects/Mahsa/datasets/grid/test/s34/lbbuzs.mpg,58,62,3.5932183265686035,0.9869014209485999
163,2,/home/nabizadz/Projects/Mahsa/datasets/grid/test/s34/bwixzs.mpg,131,135,4.170193672180176,0.9928648430937959
163,3,/home/nabizadz/Projects/Mahsa/datasets/grid/test/s34/srieza.mpg,114,118,4.404107093811035,0.9979152018473922
163,4,/home/nabizadz/Projects/Mahsa/datasets/grid/test/s34/lwib2s.mpg,24,28,4.566914081573486,0.9999999999999998
163,5,/home/nabizadz/Projects/Mahsa/datasets/grid/test/s34/srbr6a.mpg,265,269,4.428093433380127,0.9999883905463236
163,6,/home/nabizadz/Projects/Mahsa/datasets/grid/test/s34/lraa9n.mpg,258,262,4.570198059082031,0.9992489732088206
163,7,/home/nabizadz/Projects/Mahsa/datasets/grid/test/s34/bbwc8s.mpg,206,210,3.6488585472106934,0.9701990572664971
163,8,/home/nabizadz/Projects/Mahsa/datasets/grid/test/s34/lrbh8s.mpg,172,176,3.9008944034576416,0.9939222880613173
163,9,/home/nabizadz/Projects/Mahsa/datasets/grid/test/s34/bwbx9p.mpg,28,32,4.322193145751953,0.969033603406415
163,10,/home/nabizadz/Projects/Mahsa/datasets/grid/test/s34/sgaz7p.mpg,244,248,4.54119348526001,0.9990967483429052
163,11,/home/nabizadz/Projects/Mahsa/datasets/grid/test/s34/pbizzs.mpg,121,125,4.429594039916992,0.9999944314516017
163,12,/home/nabizadz/Projects/Mahsa/datasets/grid/test/s34/lbig3n.mpg,252,256,4.32918119430542,0.996345829023097
163,13,/home/nabizadz/Projects/Mahsa/datasets/grid/test/s34/pbir7p.mpg,281,285,4.366171836853027,0.9814525087618168
163,14,/home/nabizadz/Projects/Mahsa/datasets/grid/test/s34/prbs9n.mpg,284,288,4.520740985870361,0.9999999948337199
163,15,/home/nabizadz/Projects/Mahsa/datasets/grid/test/s34/lwbo9p.mpg,33,37,4.450351238250732,0.9999650543272502
164,0,/home/nabizadz/Projects/Mahsa/datasets/grid/test/s34/lbit4a.mpg,191,195,3.88415789604187,0.9890355083186436
164,1,/home/nabizadz/Projects/Mahsa/datasets/grid/test/s34/srblzs.mpg,204,208,4.1695332527160645,0.998228577795733
164,2,/home/nabizadz/Projects/Mahsa/datasets/grid/test/s34/lwao5p.mpg,80,84,3.3626325130462646,0.9807985026337483
164,3,/home/nabizadz/Projects/Mahsa/datasets/grid/test/s34/lgbxza.mpg,127,131,3.784651517868042,0.9938013511048838
164,4,/home/nabizadz/Projects/Mahsa/datasets/grid/test/s34/pgin2a.mpg,248,252,4.427001476287842,0.999981417910843
164,5,/home/nabizadz/Projects/Mahsa/datasets/grid/test/s34/sbbe1p.mpg,139,143,4.214511394500732,0.9977293308052875
164,6,/home/nabizadz/Projects/Mahsa/datasets/grid/test/s34/bwic7n.mpg,223,227,3.9082326889038086,0.9868674367222023
164,7,/home/nabizadz/Projects/Mahsa/datasets/grid/test/s34/pgbu2s.mpg,108,112,3.533834457397461,0.9879925890269874
164,8,/home/nabizadz/Projects/Mahsa/datasets/grid/test/s34/bbwc7n.mpg,274,278,4.389729022979736,0.9882972111582241
164,9,/home/nabizadz/Projects/Mahsa/datasets/grid/test/s34/braj2a.mpg,12,16,4.545555114746094,0.9999976298589883
164,10,/home/nabizadz/Projects/Mahsa/datasets/grid/test/s34/pgba9n.mpg,284,288,4.395912170410156,0.9969314104450359
164,11,/home/nabizadz/Projects/Mahsa/datasets/grid/test/s34/srwsza.mpg,65,69,3.909015655517578,0.9868021425742829
164,12,/home/nabizadz/Projects/Mahsa/datasets/grid/test/s34/primza.mpg,194,198,3.802274227142334,0.9873370290757051
164,13,/home/nabizadz/Projects/Mahsa/datasets/grid/test/s34/bgak2s.mpg,21,25,4.348344802856445,0.9999964949130767
164,14,/home/nabizadz/Projects/Mahsa/datasets/grid/test/s34/prwa3p.mpg,216,220,4.2302165031433105,0.9859509031088115
164,15,/home/nabizadz/Projects/Mahsa/datasets/grid/test/s34/pwbt6s.mpg,114,118,3.9023144245147705,0.9945937328835498
165,0,/home/nabizadz/Projects/Mahsa/datasets/grid/test/s34/prbg3p.mpg,279,283,4.449655532836914,0.9998163983510409
165,1,/home/nabizadz/Projects/Mahsa/datasets/grid/test/s34/srar1p.mpg,229,233,4.00866174697876,0.9661696318156607
165,2,/home/nabizadz/Projects/Mahsa/datasets/grid/test/s34/swal3p.mpg,185,189,4.506973743438721,0.9998762331184942
165,3,/home/nabizadz/Projects/Mahsa/datasets/grid/test/s34/lwiu6a.mpg,84,88,3.8320772647857666,0.9897462588925373
165,4,/home/nabizadz/Projects/Mahsa/datasets/grid/test/s34/bbbv5n.mpg,232,236,4.036235809326172,0.9889438568367531
165,5,/home/nabizadz/Projects/Mahsa/datasets/grid/test/s34/swiy5n.mpg,202,206,3.9009928703308105,0.9918494094907518
165,6,/home/nabizadz/Projects/Mahsa/datasets/grid/test/s34/bgwy9p.mpg,72,76,3.9184110164642334,0.9911390539014165
165,7,/home/nabizadz/Projects/Mahsa/datasets/grid/test/s34/pwat4a.mpg,69,73,4.292784690856934,0.9995073592613597
165,8,/home/nabizadz/Projects/Mahsa/datasets/grid/test/s34/sbaq5p.mpg,178,182,2.62926983833313,0.992289012208001
165,9,/home/nabizadz/Projects/Mahsa/datasets/grid/test/s34/bgiq1n.mpg,237,241,4.538552284240723,0.9934572235755703
165,10,/home/nabizadz/Projects/Mahsa/datasets/grid/test/s34/srbl1p.mpg,164,168,4.056744575500488,0.987571246981059
165,11,/home/nabizadz/Projects/Mahsa/datasets/grid/test/s34/bbav3p.mpg,144,148,3.3465089797973633,0.9685129010421016
165,12,/home/nabizadz/Projects/Mahsa/datasets/grid/test/s34/bripzs.mpg,50,54,3.6380786895751953,0.9815661609496046
165,13,/home/nabizadz/Projects/Mahsa/datasets/grid/test/s34/sbbq9p.mpg,94,98,2.1910719871520996,0.9906322338476184
165,14,/home/nabizadz/Projects/Mahsa/datasets/grid/test/s34/bgiq3p.mpg,290,294,4.366023540496826,0.9982074345045172
165,15,/home/nabizadz/Projects/Mahsa/datasets/grid/test/s34/pgat7n.mpg,283,287,4.432868003845215,0.9999994028676601
166,0,/home/nabizadz/Projects/Mahsa/datasets/grid/test/s34/bwbd8a.mpg,197,201,3.9591410160064697,0.9913203935236867
166,1,/home/nabizadz/Projects/Mahsa/datasets/grid/test/s34/pgan3n.mpg,70,74,4.349020004272461,0.998968172102042
166,2,/home/nabizadz/Projects/Mahsa/datasets/grid/test/s34/lrwb8s.mpg,125,129,4.573519706726074,0.9999977503146705
166,3,/home/nabizadz/Projects/Mahsa/datasets/grid/test/s34/swwf5n.mpg,216,220,4.148027420043945,0.9872882520868661
166,4,/home/nabizadz/Projects/Mahsa/datasets/grid/test/s34/srid8s.mpg,214,218,2.629514217376709,0.9757131080127447
166,5,/home/nabizadz/Projects/Mahsa/datasets/grid/test/s34/bgwe8a.mpg,199,203,4.2095112800598145,0.998104241684879
166,6,/home/nabizadz/Projects/Mahsa/datasets/grid/test/s34/pbwgzs.mpg,143,147,3.843695640563965,0.9927238765960971
166,7,/home/nabizadz/Projects/Mahsa/datasets/grid/test/s34/sbwr1n.mpg,171,175,3.7310078144073486,0.9868073036807962
166,8,/home/nabizadz/Projects/Mahsa/datasets/grid/test/s34/prbg1n.mpg,158,162,3.9975593090057373,0.989878511341155
166,9,/home/nabizadz/Projects/Mahsa/datasets/grid/test/s34/sbwe5p.mpg,295,299,4.493997573852539,0.9999984760304383
166,10,/home/nabizadz/Projects/Mahsa/datasets/grid/test/s34/bbwv9n.mpg,144,148,3.4934489727020264,0.9887532064344433
166,11,/home/nabizadz/Projects/Mahsa/datasets/grid/test/s34/sgwm8a.mpg,119,123,2.5524957180023193,0.9803329126672921
166,12,/home/nabizadz/Projects/Mahsa/datasets/grid/test/s34/pbas2a.mpg,115,119,3.6954634189605713,0.9894777612753288
166,13,/home/nabizadz/Projects/Mahsa/datasets/grid/test/s34/swar7p.mpg,187,191,4.3177056312561035,0.9935397898556559
166,14,/home/nabizadz/Projects/Mahsa/datasets/grid/test/s34/swaz1p.mpg,273,277,4.49573278427124,0.9997613134446571
166,15,/home/nabizadz/Projects/Mahsa/datasets/grid/test/s34/sbax9p.mpg,265,269,4.305351734161377,0.9975160457633224
167,0,/home/nabizadz/Projects/Mahsa/datasets/grid/test/s34/prif3n.mpg,268,272,4.069691181182861,0.9976296459282914
167,1,/home/nabizadz/Projects/Mahsa/datasets/grid/test/s34/sbad6s.mpg,256,260,4.391716003417969,0.9973402073177683
167,2,/home/nabizadz/Projects/Mahsa/datasets/grid/test/s34/swbz5p.mpg,21,25,4.348062992095947,0.9951507602073308
167,3,/home/nabizadz/Projects/Mahsa/datasets/grid/test/s34/lbit1n.mpg,257,261,4.521063804626465,0.9999780236732706
167,4,/home/nabizadz/Projects/Mahsa/datasets/grid/test/s34/sbby2s.mpg,27,31,4.4266037940979,0.9978936952850824
167,5,/home/nabizadz/Projects/Mahsa/datasets/grid/test/s34/prbg4a.mpg,276,280,4.378718852996826,1.0
167,6,/home/nabizadz/Projects/Mahsa/datasets/grid/test/s34/lbinza.mpg,198,202,3.8343260288238525,0.9831125735561024
167,7,/home/nabizadz/Projects/Mahsa/datasets/grid/test/s34/lwbv1n.mpg,128,132,3.9155771732330322,0.9933162501026589
167,8,/home/nabizadz/Projects/Mahsa/datasets/grid/test/s34/bbih9n.mpg,56,60,4.2750349044799805,0.9985945792015781
167,9,/home/nabizadz/Projects/Mahsa/datasets/grid/test/s34/pgig7p.mpg,30,34,4.1847147941589355,0.9934298625604403
167,10,/home/nabizadz/Projects/Mahsa/datasets/grid/test/s34/prwa2s.mpg,204,208,4.386918544769287,0.9993414482564548
167,11,/home/nabizadz/Projects/Mahsa/datasets/grid/test/s34/lgac3p.mpg,12,16,4.534030914306641,1.0
167,12,/home/nabizadz/Projects/Mahsa/datasets/grid/test/s34/lgbj2a.mpg,209,213,4.095766067504883,0.9935889215635157
167,13,/home/nabizadz/Projects/Mahsa/datasets/grid/test/s34/pgig6s.mpg,172,176,4.2905964851379395,0.9994812692726764
167,14,/home/nabizadz/Projects/Mahsa/datasets/grid/test/s34/pwat2s.mpg,108,112,4.274251461029053,0.9986883156778873
167,15,/home/nabizadz/Projects/Mahsa/datasets/grid/test/s34/sgiz4a.mpg,119,123,2.745225429534912,0.9788556956119286
168,0,/home/nabizadz/Projects/Mahsa/datasets/grid/test/s34/lgii2s.mpg,108,112,3.6721556186676025,0.9820142170687998
168,1,/home/nabizadz/Projects/Mahsa/datasets/grid/test/s34/swbszs.mpg,187,191,4.044710159301758,0.9909410189343906
168,2,/home/nabizadz/Projects/Mahsa/datasets/grid/test/s34/sbwy7p.mpg,61,65,3.9630205631256104,0.9956281963955677
168,3,/home/nabizadz/Projects/Mahsa/datasets/grid/test/s34/pbws8s.mpg,63,67,4.109681606292725,0.9983867792343383
168,4,/home/nabizadz/Projects/Mahsa/datasets/grid/test/s34/lban1n.mpg,24,28,4.435077667236328,0.9993598503725911
168,5,/home/nabizadz/Projects/Mahsa/datasets/grid/test/s34/lwwc3n.mpg,219,223,4.0866594314575195,0.9884298689366172
168,6,/home/nabizadz/Projects/Mahsa/datasets/grid/test/s34/sgal7n.mpg,73,77,3.7791671752929688,0.980013410579388
168,7,/home/nabizadz/Projects/Mahsa/datasets/grid/test/s34/prbt1p.mpg,206,210,3.7077114582061768,0.9761932899971502
168,8,/home/nabizadz/Projects/Mahsa/datasets/grid/test/s34/lgac1n.mpg,44,48,4.480014801025391,0.9999858914483919
168,9,/home/nabizadz/Projects/Mahsa/datasets/grid/test/s34/swws3n.mpg,235,239,4.0714192390441895,0.9893893299575394
168,10,/home/nabizadz/Projects/Mahsa/datasets/grid/test/s34/lrbb3n.mpg,241,245,4.02526330947876,0.9908534176874243
168,11,/home/nabizadz/Projects/Mahsa/datasets/grid/test/s34/bwaj6s.mpg,143,147,3.359485149383545,0.9735594769408877
168,12,/home/nabizadz/Projects/Mahsa/datasets/grid/test/s34/lbwu3n.mpg,16,20,4.477941989898682,0.9998646434274275
168,13,/home/nabizadz/Projects/Mahsa/datasets/grid/test/s34/lgwx4a.mpg,15,19,4.395506858825684,0.9908420140043241
168,14,/home/nabizadz/Projects/Mahsa/datasets/grid/test/s34/swwm2a.mpg,67,71,3.4592032432556152,0.9845523055171249
168,15,/home/nabizadz/Projects/Mahsa/datasets/grid/test/s34/lgiv2a.mpg,227,231,4.217320442199707,0.9934220890863082
169,0,/home/nabizadz/Projects/Mahsa/datasets/grid/test/s34/swws6a.mpg,14,18,4.429703712463379,0.9993125672175739
169,1,/home/nabizadz/Projects/Mahsa/datasets/grid/test/s34/lwab8a.mpg,110,114,4.397952079772949,0.99997515337351
169,2,/home/nabizadz/Projects/Mahsa/datasets/grid/test/s34/pbaszs.mpg,76,80,4.200970649719238,0.999757041851085
169,3,/home/nabizadz/Projects/Mahsa/datasets/grid/test/s34/lgio8a.mpg,220,224,3.9577105045318604,0.9879602682219583
169,4,/home/nabizadz/Projects/Mahsa/datasets/grid/test/s34/lban2s.mpg,221,225,2.8799397945404053,0.9907929141531637
169,5,/home/nabizadz/Projects/Mahsa/datasets/grid/test/s34/pwag4s.mpg,34,38,4.46745491027832,0.9992983097989317
169,6,/home/nabizadz/Projects/Mahsa/datasets/grid/test/s34/lrbh7n.mpg,173,177,3.0689313411712646,0.9888389078255634
169,7,/home/nabizadz/Projects/Mahsa/datasets/grid/test/s34/sbiq1p.mpg,291,295,4.220696926116943,0.997799720203237
169,8,/home/nabizadz/Projects/Mahsa/datasets/grid/test/s34/bgix7p.mpg,88,92,3.9911906719207764,0.9776584697077269
169,9,/home/nabizadz/Projects/Mahsa/datasets/grid/test/s34/pras7p.mpg,238,242,4.296869277954102,0.9978150980862762
169,10,/home/nabizadz/Projects/Mahsa/datasets/grid/test/s34/swws5p.mpg,114,118,4.149539470672607,0.9970554008559577
169,11,/home/nabizadz/Projects/Mahsa/datasets/grid/test/s34/lbahza.mpg,180,184,4.121450424194336,0.9912283243814198
169,12,/home/nabizadz/Projects/Mahsa/datasets/grid/test/s34/bgbrzs.mpg,21,25,4.182429313659668,0.9993510785309925
169,13,/home/nabizadz/Projects/Mahsa/datasets/grid/test/s34/pbil3p.mpg,84,88,4.548177719116211,0.9999215046235065
169,14,/home/nabizadz/Projects/Mahsa/datasets/grid/test/s34/sbid2s.mpg,31,35,4.351197719573975,0.9943488145164057
169,15,/home/nabizadz/Projects/Mahsa/datasets/grid/test/s34/pwigzs.mpg,204,208,4.361753940582275,0.9989806607425864
170,0,/home/nabizadz/Projects/Mahsa/datasets/grid/test/s34/bwwq8s.mpg,170,174,4.424042701721191,0.9999064970438603
170,1,/home/nabizadz/Projects/Mahsa/datasets/grid/test/s34/lbwo1p.mpg,7,11,4.587172508239746,0.9999980230849147
170,2,/home/nabizadz/Projects/Mahsa/datasets/grid/test/s34/sgbs8a.mpg,4,8,4.519313335418701,0.9999999994470326
170,3,/home/nabizadz/Projects/Mahsa/datasets/grid/test/s34/sgwm7p.mpg,180,184,3.953040361404419,0.9893682729110669
170,4,/home/nabizadz/Projects/Mahsa/datasets/grid/test/s34/pgan4s.mpg,217,221,3.8232712745666504,0.9798924175205912
170,5,/home/nabizadz/Projects/Mahsa/datasets/grid/test/s34/srik3p.mpg,126,130,4.119805812835693,0.9967520128577564
170,6,/home/nabizadz/Projects/Mahsa/datasets/grid/test/s34/srik2s.mpg,5,9,4.46415376663208,0.9993441166655593
170,7,/home/nabizadz/Projects/Mahsa/datasets/grid/test/s34/swie4s.mpg,5,9,4.470623970031738,0.9912348653987294
170,8,/home/nabizadz/Projects/Mahsa/datasets/grid/test/s34/bwbyza.mpg,56,60,4.420527935028076,0.9991620422623121
170,9,/home/nabizadz/Projects/Mahsa/datasets/grid/test/s34/pgit3n.mpg,75,79,3.9008991718292236,0.9907376758551967
170,10,/home/nabizadz/Projects/Mahsa/datasets/grid/test/s34/pgit5p.mpg,263,267,4.472021579742432,0.9980416729517221
170,11,/home/nabizadz/Projects/Mahsa/datasets/grid/test/s34/bgaq8a.mpg,226,230,4.528480529785156,0.9999924140545117
170,12,/home/nabizadz/Projects/Mahsa/datasets/grid/test/s34/sgwt1p.mpg,276,280,4.285768985748291,0.9310975045516641
170,13,/home/nabizadz/Projects/Mahsa/datasets/grid/test/s34/bwbd7p.mpg,6,10,4.4855451583862305,0.9999452301851817
170,14,/home/nabizadz/Projects/Mahsa/datasets/grid/test/s34/sgwt2a.mpg,66,70,4.082704544067383,0.9946784833951037
170,15,/home/nabizadz/Projects/Mahsa/datasets/grid/test/s34/lgiu9n.mpg,232,236,4.365877628326416,0.9996918751185003
171,0,/home/nabizadz/Projects/Mahsa/datasets/grid/test/s34/lgav6a.mpg,228,232,4.147613525390625,0.9852614280702621
171,1,/home/nabizadz/Projects/Mahsa/datasets/grid/test/s34/bgad8s.mpg,252,256,4.279683589935303,0.9997616632544946
171,2,/home/nabizadz/Projects/Mahsa/datasets/grid/test/s34/lbwozs.mpg,44,48,4.455561637878418,0.9999630949538092
171,3,/home/nabizadz/Projects/Mahsa/datasets/grid/test/s34/lwwp3p.mpg,49,53,4.435606479644775,0.9999926252904883
171,4,/home/nabizadz/Projects/Mahsa/datasets/grid/test/s34/sbaq4s.mpg,86,90,4.143818378448486,0.9902847300581069
171,5,/home/nabizadz/Projects/Mahsa/datasets/grid/test/s34/pbwg1p.mpg,169,173,4.12714958190918,0.9963160287366906
171,6,/home/nabizadz/Projects/Mahsa/datasets/grid/test/s34/lwwi9p.mpg,12,16,4.531506061553955,0.9999932902774021
171,7,/home/nabizadz/Projects/Mahsa/datasets/grid/test/s34/prif5p.mpg,74,78,4.277190208435059,0.999150346437396
171,8,/home/nabizadz/Projects/Mahsa/datasets/grid/test/s34/srbe7p.mpg,83,87,4.146546363830566,0.9993248322708586
171,9,/home/nabizadz/Projects/Mahsa/datasets/grid/test/s34/lgai7p.mpg,87,91,3.7638626098632812,0.9878956646715374
171,10,/home/nabizadz/Projects/Mahsa/datasets/grid/test/s34/lbbn6s.mpg,184,188,4.139430046081543,0.9966782220572302
171,11,/home/nabizadz/Projects/Mahsa/datasets/grid/test/s34/bwwe2a.mpg,16,20,4.523899078369141,0.9999392331716197
171,12,/home/nabizadz/Projects/Mahsa/datasets/grid/test/s34/lrau1n.mpg,282,286,4.5001702308654785,0.9999917049044965
171,13,/home/nabizadz/Projects/Mahsa/datasets/grid/test/s34/bwax6a.mpg,83,87,3.799595355987549,0.9896998405813362
171,14,/home/nabizadz/Projects/Mahsa/datasets/grid/test/s34/bgbk7p.mpg,20,24,4.101881504058838,0.9370547256239644
171,15,/home/nabizadz/Projects/Mahsa/datasets/grid/test/s34/lbbn7p.mpg,122,126,4.462310314178467,0.9999954937739796
172,0,/home/nabizadz/Projects/Mahsa/datasets/grid/test/s34/swbs2a.mpg,145,149,4.269539833068848,0.9996072999260027
172,1,/home/nabizadz/Projects/Mahsa/datasets/grid/test/s34/swwm1p.mpg,196,200,4.197327613830566,0.9951885601839342
172,2,/home/nabizadz/Projects/Mahsa/datasets/grid/test/s34/lbwu4s.mpg,233,237,3.6288061141967773,0.9724453183355662
172,3,/home/nabizadz/Projects/Mahsa/datasets/grid/test/s34/srwz2s.mpg,259,263,4.175937175750732,0.9903905692565296
172,4,/home/nabizadz/Projects/Mahsa/datasets/grid/test/s34/pgim9n.mpg,285,289,4.47166633605957,0.9992206952568429
172,5,/home/nabizadz/Projects/Mahsa/datasets/grid/test/s34/lgwx2s.mpg,63,67,3.952713966369629,0.9944564577505756
172,6,/home/nabizadz/Projects/Mahsa/datasets/grid/test/s34/sbbk5p.mpg,182,186,3.977030038833618,0.9947411452756566
172,7,/home/nabizadz/Projects/Mahsa/datasets/grid/test/s34/lwao3n.mpg,191,195,2.3724284172058105,0.9929591547783104
172,8,/home/nabizadz/Projects/Mahsa/datasets/grid/test/s34/srbr3n.mpg,64,68,3.199791669845581,0.983926857756146
172,9,/home/nabizadz/Projects/Mahsa/datasets/grid/test/s34/sbby3p.mpg,82,86,3.7234833240509033,0.9887139999889915
172,10,/home/nabizadz/Projects/Mahsa/datasets/grid/test/s34/sbid4a.mpg,105,109,3.5830068588256836,0.9696020121898676
172,11,/home/nabizadz/Projects/Mahsa/datasets/grid/test/s34/swbf1n.mpg,114,118,2.38700532913208,0.9942512757522017
172,12,/home/nabizadz/Projects/Mahsa/datasets/grid/test/s34/pwis7n.mpg,87,91,3.6766793727874756,0.9856553634885643
172,13,/home/nabizadz/Projects/Mahsa/datasets/grid/test/s34/sbwe4s.mpg,164,168,2.740114450454712,0.9769460890011552
172,14,/home/nabizadz/Projects/Mahsa/datasets/grid/test/s34/brbj4s.mpg,139,143,4.005924224853516,0.9946787055245189
172,15,/home/nabizadz/Projects/Mahsa/datasets/grid/test/s34/lgbv7n.mpg,68,72,4.184839248657227,0.9975057524566044
173,0,/home/nabizadz/Projects/Mahsa/datasets/grid/test/s34/lbbt9n.mpg,274,278,4.472853183746338,0.9999959809664489
173,1,/home/nabizadz/Projects/Mahsa/datasets/grid/test/s34/brbd2a.mpg,236,240,4.545936584472656,0.9975437171104831
173,2,/home/nabizadz/Projects/Mahsa/datasets/grid/test/s34/bbiu8s.mpg,50,54,3.735534906387329,0.9888596091588129
173,3,/home/nabizadz/Projects/Mahsa/datasets/grid/test/s34/sriy1p.mpg,237,241,4.299991130828857,0.9976421039249674
173,4,/home/nabizadz/Projects/Mahsa/datasets/grid/test/s34/swae9p.mpg,102,106,4.084188461303711,0.9967703804039868
173,5,/home/nabizadz/Projects/Mahsa/datasets/grid/test/s34/brav9p.mpg,27,31,4.52762508392334,0.9957548675069712
173,6,/home/nabizadz/Projects/Mahsa/datasets/grid/test/s34/lwwp2s.mpg,217,221,4.25239896774292,0.9897851354636154
173,7,/home/nabizadz/Projects/Mahsa/datasets/grid/test/s34/pwwn8a.mpg,46,50,3.456578254699707,0.9814214791857193
173,8,/home/nabizadz/Projects/Mahsa/datasets/grid/test/s34/lwin9n.mpg,270,274,4.521417140960693,0.9990666077383312
173,9,/home/nabizadz/Projects/Mahsa/datasets/grid/test/s34/lgib9p.mpg,270,274,4.314563274383545,0.9947623938972686
173,10,/home/nabizadz/Projects/Mahsa/datasets/grid/test/s34/bwaj7p.mpg,22,26,4.492366313934326,0.9999957203649864
173,11,/home/nabizadz/Projects/Mahsa/datasets/grid/test/s34/pril9p.mpg,2,6,4.622520923614502,0.9999896191200948
173,12,/home/nabizadz/Projects/Mahsa/datasets/grid/test/s34/bwbq6a.mpg,68,72,3.6011931896209717,0.9850588327340963
173,13,/home/nabizadz/Projects/Mahsa/datasets/grid/test/s34/brac5n.mpg,61,65,3.5792832374572754,0.9893797323496993
173,14,/home/nabizadz/Projects/Mahsa/datasets/grid/test/s34/bric4a.mpg,60,64,2.974968671798706,0.9819629306286103
173,15,/home/nabizadz/Projects/Mahsa/datasets/grid/test/s34/sgaf6a.mpg,7,11,4.4766669273376465,0.999999794697903
174,0,/home/nabizadz/Projects/Mahsa/datasets/grid/test/s34/bbai5p.mpg,251,255,4.547560214996338,0.9992762416605968
174,1,/home/nabizadz/Projects/Mahsa/datasets/grid/test/s34/pgbbzs.mpg,247,251,3.7757201194763184,0.9548783725633839
174,2,/home/nabizadz/Projects/Mahsa/datasets/grid/test/s34/bwax5p.mpg,261,265,4.424737453460693,0.999885909524677
174,3,/home/nabizadz/Projects/Mahsa/datasets/grid/test/s34/sriq6s.mpg,164,168,3.860964059829712,0.9667546247006349
174,4,/home/nabizadz/Projects/Mahsa/datasets/grid/test/s34/bwix1p.mpg,53,57,2.8937439918518066,0.9837457275309538
174,5,/home/nabizadz/Projects/Mahsa/datasets/grid/test/s34/lrbo3p.mpg,154,158,3.4939818382263184,0.9813347922794722
174,6,/home/nabizadz/Projects/Mahsa/datasets/grid/test/s34/lgwj5p.mpg,121,125,3.938399076461792,0.9927188947969836
174,7,/home/nabizadz/Projects/Mahsa/datasets/grid/test/s34/briv4s.mpg,112,116,3.5842812061309814,0.9917655106268664
174,8,/home/nabizadz/Projects/Mahsa/datasets/grid/test/s34/sgil6a.mpg,87,91,3.5416886806488037,0.972211679095562
174,9,/home/nabizadz/Projects/Mahsa/datasets/grid/test/s34/bwbk1p.mpg,256,260,4.3854079246521,0.999595992785044
174,10,/home/nabizadz/Projects/Mahsa/datasets/grid/test/s34/pram3p.mpg,154,158,4.238908767700195,0.999365619254487
174,11,/home/nabizadz/Projects/Mahsa/datasets/grid/test/s34/bbao7n.mpg,260,264,4.441484451293945,0.9832705732705748
174,12,/home/nabizadz/Projects/Mahsa/datasets/grid/test/s34/bgayzs.mpg,125,129,3.415907144546509,0.991407877318781
174,13,/home/nabizadz/Projects/Mahsa/datasets/grid/test/s34/lbba8s.mpg,260,264,4.272334575653076,0.9937279453628582
174,14,/home/nabizadz/Projects/Mahsa/datasets/grid/test/s34/pwbg8s.mpg,241,245,3.9753246307373047,0.9945937762939321
174,15,/home/nabizadz/Projects/Mahsa/datasets/grid/test/s34/sgwg3p.mpg,41,45,4.23643159866333,0.9999761253266705
175,0,/home/nabizadz/Projects/Mahsa/datasets/grid/test/s34/pgaa7p.mpg,256,260,4.418585777282715,0.9996143068381594
175,1,/home/nabizadz/Projects/Mahsa/datasets/grid/test/s34/pwwn7p.mpg,151,155,3.6402602195739746,0.9923203173487681
175,2,/home/nabizadz/Projects/Mahsa/datasets/grid/test/s34/bbib5n.mpg,184,188,3.6216447353363037,0.9915900732677895
175,3,/home/nabizadz/Projects/Mahsa/datasets/grid/test/s34/lrbiza.mpg,57,61,3.310393810272217,0.9938980826509816
175,4,/home/nabizadz/Projects/Mahsa/datasets/grid/test/s34/pgwu6s.mpg,57,61,3.633624792098999,0.9737132915453011
175,5,/home/nabizadz/Projects/Mahsa/datasets/grid/test/s34/sgir8s.mpg,135,139,4.275264739990234,0.9928352100406209
175,6,/home/nabizadz/Projects/Mahsa/datasets/grid/test/s34/swwz7n.mpg,104,108,4.031754493713379,0.9942408924086036
175,7,/home/nabizadz/Projects/Mahsa/datasets/grid/test/s34/praz9n.mpg,128,132,4.066831111907959,0.997074299558292
175,8,/home/nabizadz/Projects/Mahsa/datasets/grid/test/s34/lbaa6a.mpg,238,242,4.374073028564453,0.9997418630631316
175,9,/home/nabizadz/Projects/Mahsa/datasets/grid/test/s34/lgwqza.mpg,108,112,2.4931640625,0.9847475400177184
175,10,/home/nabizadz/Projects/Mahsa/datasets/grid/test/s34/lrig9n.mpg,209,213,4.082640171051025,0.9809701992947218
175,11,/home/nabizadz/Projects/Mahsa/datasets/grid/test/s34/bwbq5p.mpg,94,98,3.6600332260131836,0.9924142202999597
175,12,/home/nabizadz/Projects/Mahsa/datasets/grid/test/s34/pgaa5n.mpg,162,166,4.363729000091553,0.9999794585579697
175,13,/home/nabizadz/Projects/Mahsa/datasets/grid/test/s34/lgai8a.mpg,166,170,4.155711650848389,0.9996691883529042
175,14,/home/nabizadz/Projects/Mahsa/datasets/grid/test/s34/pwim3n.mpg,11,15,4.475719928741455,0.9999084198643142
175,15,/home/nabizadz/Projects/Mahsa/datasets/grid/test/s34/sbak1p.mpg,207,211,4.0737762451171875,0.9960402167248862
176,0,/home/nabizadz/Projects/Mahsa/datasets/grid/test/s34/pwbg7n.mpg,103,107,4.030698776245117,0.9981230933258507
176,1,/home/nabizadz/Projects/Mahsa/datasets/grid/test/s34/lgwdzs.mpg,261,265,3.8881492614746094,0.992561174893786
176,2,/home/nabizadz/Projects/Mahsa/datasets/grid/test/s34/sbwr2s.mpg,138,142,3.4855716228485107,0.9794628274791461
176,3,/home/nabizadz/Projects/Mahsa/datasets/grid/test/s34/lwiozs.mpg,132,136,4.2674665451049805,0.998792945092333
176,4,/home/nabizadz/Projects/Mahsa/datasets/grid/test/s34/srae4a.mpg,175,179,3.6815786361694336,0.9881124651185119
176,5,/home/nabizadz/Projects/Mahsa/datasets/grid/test/s34/prbm6s.mpg,70,74,3.9488015174865723,0.9898850512404369
176,6,/home/nabizadz/Projects/Mahsa/datasets/grid/test/s34/srae2s.mpg,48,52,4.388906002044678,0.9999441502330293
176,7,/home/nabizadz/Projects/Mahsa/datasets/grid/test/s34/sbid3p.mpg,7,11,4.498199939727783,0.9999983656694353
176,8,/home/nabizadz/Projects/Mahsa/datasets/grid/test/s34/pwwn6s.mpg,252,256,4.574626445770264,0.9967820526424376
176,9,/home/nabizadz/Projects/Mahsa/datasets/grid/test/s34/pbbf6s.mpg,28,32,4.541286945343018,0.9970203053671104
176,10,/home/nabizadz/Projects/Mahsa/datasets/grid/test/s34/swwl9n.mpg,47,51,4.3144354820251465,0.9983653467713646
176,11,/home/nabizadz/Projects/Mahsa/datasets/grid/test/s34/lrah5p.mpg,291,295,4.485781669616699,0.9999434437229602
176,12,/home/nabizadz/Projects/Mahsa/datasets/grid/test/s34/lgwj6a.mpg,106,110,2.461456775665283,0.9801072051067193
176,13,/home/nabizadz/Projects/Mahsa/datasets/grid/test/s34/bbwj3p.mpg,125,129,4.24961519241333,0.9997399954009362
176,14,/home/nabizadz/Projects/Mahsa/datasets/grid/test/s34/brwq4a.mpg,168,172,4.353302955627441,0.9995866138895628
176,15,/home/nabizadz/Projects/Mahsa/datasets/grid/test/s34/lgap1p.mpg,26,30,4.407154560089111,0.999813595722904
177,0,/home/nabizadz/Projects/Mahsa/datasets/grid/test/s34/srak7p.mpg,291,295,4.438033580780029,0.9999934847627285
177,1,/home/nabizadz/Projects/Mahsa/datasets/grid/test/s34/bgwl2a.mpg,25,29,4.423178195953369,0.9999981883541873
177,2,/home/nabizadz/Projects/Mahsa/datasets/grid/test/s34/prbtzs.mpg,269,273,4.079105854034424,0.9945595064309835
177,3,/home/nabizadz/Projects/Mahsa/datasets/grid/test/s34/pgbn8s.mpg,97,101,3.4275259971618652,0.9886916595370672
177,4,/home/nabizadz/Projects/Mahsa/datasets/grid/test/s34/pbws7n.mpg,185,189,3.8582053184509277,0.9957819044517962
177,5,/home/nabizadz/Projects/Mahsa/datasets/grid/test/s34/sbbd9n.mpg,84,88,4.016551494598389,0.9924728827426454
177,6,/home/nabizadz/Projects/Mahsa/datasets/grid/test/s34/bwbq4s.mpg,216,220,4.066537857055664,0.9794398841654396
177,7,/home/nabizadz/Projects/Mahsa/datasets/grid/test/s34/bwwrza.mpg,28,32,3.901500940322876,0.9923097573163858
177,8,/home/nabizadz/Projects/Mahsa/datasets/grid/test/s34/bwij4a.mpg,76,80,3.6154584884643555,0.9872129037730362
177,9,/home/nabizadz/Projects/Mahsa/datasets/grid/test/s34/bbwxzs.mpg,45,49,4.558007717132568,0.999992525093049
177,10,/home/nabizadz/Projects/Mahsa/datasets/grid/test/s34/lbaa5p.mpg,28,32,4.346909999847412,0.9728417598890898
177,11,/home/nabizadz/Projects/Mahsa/datasets/grid/test/s34/bwad2s.mpg,39,43,4.421787738800049,0.9999191951191038
177,12,/home/nabizadz/Projects/Mahsa/datasets/grid/test/s34/lran9p.mpg,106,110,4.371364116668701,0.9999711885882157
177,13,/home/nabizadz/Projects/Mahsa/datasets/grid/test/s34/lwbv3p.mpg,196,200,4.036352157592773,0.9952414582526602
177,14,/home/nabizadz/Projects/Mahsa/datasets/grid/test/s34/pbwm5p.mpg,90,94,4.038969039916992,0.9885677470210935
177,15,/home/nabizadz/Projects/Mahsa/datasets/grid/test/s34/bgid5p.mpg,210,214,3.6394739151000977,0.9718574239519234
178,0,/home/nabizadz/Projects/Mahsa/datasets/grid/test/s34/sriyzs.mpg,109,113,2.645803451538086,0.9807663438663723
178,1,/home/nabizadz/Projects/Mahsa/datasets/grid/test/s34/lgbv8s.mpg,129,133,4.139307498931885,0.9909995142123391
178,2,/home/nabizadz/Projects/Mahsa/datasets/grid/test/s34/lrbo2s.mpg,33,37,4.4327921867370605,0.9989320244051493
178,3,/home/nabizadz/Projects/Mahsa/datasets/grid/test/s34/bric1n.mpg,251,255,4.345546245574951,0.9727225435320608
178,4,/home/nabizadz/Projects/Mahsa/datasets/grid/test/s34/prwn2a.mpg,106,110,3.9264025688171387,0.9922166704105221
178,5,/home/nabizadz/Projects/Mahsa/datasets/grid/test/s34/swbz6a.mpg,247,251,4.203549861907959,0.9996269814889661
178,6,/home/nabizadz/Projects/Mahsa/datasets/grid/test/s34/swik9p.mpg,82,86,3.9881322383880615,0.9937867316145504
178,7,/home/nabizadz/Projects/Mahsa/datasets/grid/test/s34/lwwc4s.mpg,277,281,4.407349109649658,0.999973634698041
178,8,/home/nabizadz/Projects/Mahsa/datasets/grid/test/s34/brio9n.mpg,294,298,4.469050407409668,0.9999994529354423
178,9,/home/nabizadz/Projects/Mahsa/datasets/grid/test/s34/bbwj4a.mpg,254,258,4.410635471343994,0.99998975741159
178,10,/home/nabizadz/Projects/Mahsa/datasets/grid/test/s34/brac7p.mpg,273,277,4.493569850921631,0.9999999999999998
178,11,/home/nabizadz/Projects/Mahsa/datasets/grid/test/s34/pbie8s.mpg,197,201,4.233400821685791,0.9989808603613002
178,12,/home/nabizadz/Projects/Mahsa/datasets/grid/test/s34/lwao6a.mpg,279,283,4.449292182922363,0.9999982966281141
178,13,/home/nabizadz/Projects/Mahsa/datasets/grid/test/s34/swbl8a.mpg,87,91,3.7834532260894775,0.9919139113743474
178,14,/home/nabizadz/Projects/Mahsa/datasets/grid/test/s34/lrau4a.mpg,35,39,4.357216835021973,0.9999944743660233
178,15,/home/nabizadz/Projects/Mahsa/datasets/grid/test/s34/sbij8a.mpg,174,178,3.599491596221924,0.9793569924873068
179,0,/home/nabizadz/Projects/Mahsa/datasets/grid/test/s34/pris1n.mpg,94,98,3.996032953262329,0.9926173317713224
179,1,/home/nabizadz/Projects/Mahsa/datasets/grid/test/s34/srarzs.mpg,130,134,4.001226425170898,0.9994078153766068
179,2,/home/nabizadz/Projects/Mahsa/datasets/grid/test/s34/swal4a.mpg,159,163,4.441463947296143,0.9989966464558232
179,3,/home/nabizadz/Projects/Mahsa/datasets/grid/test/s34/pgwo3p.mpg,260,264,4.577518939971924,0.999943518162644
179,4,/home/nabizadz/Projects/Mahsa/datasets/grid/test/s34/swilza.mpg,289,293,4.518198490142822,0.9999981146793173
179,5,/home/nabizadz/Projects/Mahsa/datasets/grid/test/s34/lwaizs.mpg,265,269,4.453272342681885,0.9997513397571193
179,6,/home/nabizadz/Projects/Mahsa/datasets/grid/test/s34/pbbz9p.mpg,113,117,4.148164749145508,0.9972348794773627
179,7,/home/nabizadz/Projects/Mahsa/datasets/grid/test/s34/sriy2a.mpg,174,178,4.047167778015137,0.9929955698530428
179,8,/home/nabizadz/Projects/Mahsa/datasets/grid/test/s34/pgwh8s.mpg,144,148,2.2301864624023438,0.9925566692535155
179,9,/home/nabizadz/Projects/Mahsa/datasets/grid/test/s34/lbit3p.mpg,264,268,4.352861404418945,0.9984409113422171
179,10,/home/nabizadz/Projects/Mahsa/datasets/grid/test/s34/pwitza.mpg,42,46,4.590282917022705,0.9994166499832292
179,11,/home/nabizadz/Projects/Mahsa/datasets/grid/test/s34/pras5n.mpg,80,84,3.4938864707946777,0.9908500447650815
179,12,/home/nabizadz/Projects/Mahsa/datasets/grid/test/s34/bbwc9p.mpg,181,185,3.979135751724243,0.9947486154908236
179,13,/home/nabizadz/Projects/Mahsa/datasets/grid/test/s34/swwf8a.mpg,40,44,4.0977325439453125,0.9716205458631807
179,14,/home/nabizadz/Projects/Mahsa/datasets/grid/test/s34/brac6s.mpg,101,105,4.383127689361572,0.9988964480066593
179,15,/home/nabizadz/Projects/Mahsa/datasets/grid/test/s34/pwanza.mpg,258,262,4.5442070960998535,0.999991890234445
180,0,/home/nabizadz/Projects/Mahsa/datasets/grid/test/s34/bwbj9n.mpg,290,294,4.359987258911133,0.9893448275221793
180,1,/home/nabizadz/Projects/Mahsa/datasets/grid/test/s34/bgwy7n.mpg,235,239,3.925806760787964,0.9846675788168283
180,2,/home/nabizadz/Projects/Mahsa/datasets/grid/test/s34/briv6a.mpg,263,267,4.439621925354004,0.9999883502558063
180,3,/home/nabizadz/Projects/Mahsa/datasets/grid/test/s34/bgwy8s.mpg,12,16,4.536128997802734,0.9999971449992376
180,4,/home/nabizadz/Projects/Mahsa/datasets/grid/test/s34/lgbp5p.mpg,144,148,4.22206974029541,0.9987075989727588
180,5,/home/nabizadz/Projects/Mahsa/datasets/grid/test/s34/lrbb6a.mpg,133,137,4.268002986907959,0.9980420824017573
180,6,/home/nabizadz/Projects/Mahsa/datasets/grid/test/s34/lwiu5p.mpg,70,74,3.4655802249908447,0.9846351939829568
180,7,/home/nabizadz/Projects/Mahsa/datasets/grid/test/s34/brbqza.mpg,69,73,4.453437805175781,0.9989771207160817
180,8,/home/nabizadz/Projects/Mahsa/datasets/grid/test/s34/bwiv9n.mpg,213,217,4.062385559082031,0.9823522830209722
180,9,/home/nabizadz/Projects/Mahsa/datasets/grid/test/s34/sgbm3p.mpg,104,108,4.0187296867370605,0.9907612542229256
180,10,/home/nabizadz/Projects/Mahsa/datasets/grid/test/s34/bgwk9n.mpg,245,249,4.535959720611572,0.9999523183015987
180,11,/home/nabizadz/Projects/Mahsa/datasets/grid/test/s34/pgwh9p.mpg,273,277,4.329428195953369,0.9968483457681
180,12,/home/nabizadz/Projects/Mahsa/datasets/grid/test/s34/sgaz8a.mpg,108,112,3.729206085205078,0.9699178886268546
180,13,/home/nabizadz/Projects/Mahsa/datasets/grid/test/s34/bgak4a.mpg,211,215,4.260885715484619,0.9909725390003267
180,14,/home/nabizadz/Projects/Mahsa/datasets/grid/test/s34/pbwm6a.mpg,126,130,4.374520301818848,0.9986802307018383
180,15,/home/nabizadz/Projects/Mahsa/datasets/grid/test/s34/lgai5n.mpg,224,228,3.63897442817688,0.9868926118075603
181,0,/home/nabizadz/Projects/Mahsa/datasets/grid/test/s34/srwz4a.mpg,252,256,4.406425952911377,0.9999847889725243
181,1,/home/nabizadz/Projects/Mahsa/datasets/grid/test/s34/srwz3p.mpg,199,203,4.360050201416016,0.9995190350522831
181,2,/home/nabizadz/Projects/Mahsa/datasets/grid/test/s34/prwg8a.mpg,41,45,4.224274158477783,0.9899894767323818
181,3,/home/nabizadz/Projects/Mahsa/datasets/grid/test/s34/bwap9n.mpg,149,153,3.6648247241973877,0.9894742100332745
181,4,/home/nabizadz/Projects/Mahsa/datasets/grid/test/s34/srix9n.mpg,75,79,4.4121904373168945,0.9999040971536862
181,5,/home/nabizadz/Projects/Mahsa/datasets/grid/test/s34/pbbs5p.mpg,29,33,4.46962833404541,0.9920803276473307
181,6,/home/nabizadz/Projects/Mahsa/datasets/grid/test/s34/pbifza.mpg,137,141,4.166518688201904,0.9931270016395434
181,7,/home/nabizadz/Projects/Mahsa/datasets/grid/test/s34/lgap2a.mpg,34,38,4.3834309577941895,0.9988918900455149
181,8,/home/nabizadz/Projects/Mahsa/datasets/grid/test/s34/bwwy3p.mpg,183,187,4.178926467895508,0.9922992247061615
181,9,/home/nabizadz/Projects/Mahsa/datasets/grid/test/s34/brap5p.mpg,265,269,4.266392707824707,0.9904931953220639
181,10,/home/nabizadz/Projects/Mahsa/datasets/grid/test/s34/lrbh9p.mpg,228,232,3.9718077182769775,0.9804602233750448
181,11,/home/nabizadz/Projects/Mahsa/datasets/grid/test/s34/prwm9n.mpg,273,277,4.458723545074463,0.9999924501940523
181,12,/home/nabizadz/Projects/Mahsa/datasets/grid/test/s34/lrin3n.mpg,176,180,3.692542791366577,0.9866121312842547
181,13,/home/nabizadz/Projects/Mahsa/datasets/grid/test/s34/swazzs.mpg,227,231,2.816582679748535,0.9762125095348118
181,14,/home/nabizadz/Projects/Mahsa/datasets/grid/test/s34/brwq2s.mpg,204,208,3.7129311561584473,0.9822947716450529
181,15,/home/nabizadz/Projects/Mahsa/datasets/grid/test/s34/lbbu1p.mpg,89,93,2.8774852752685547,0.9924156387632038
182,0,/home/nabizadz/Projects/Mahsa/datasets/grid/test/s34/swie3n.mpg,141,145,3.5194060802459717,0.9774961631967332
182,1,/home/nabizadz/Projects/Mahsa/datasets/grid/test/s34/pgbu3p.mpg,232,236,4.080866813659668,0.9901503043538382
182,2,/home/nabizadz/Projects/Mahsa/datasets/grid/test/s34/srwr8s.mpg,10,14,4.561358451843262,0.9998668226635362
182,3,/home/nabizadz/Projects/Mahsa/datasets/grid/test/s34/sbbk3n.mpg,226,230,3.118680477142334,0.9899581619242365
182,4,/home/nabizadz/Projects/Mahsa/datasets/grid/test/s34/lwbo7n.mpg,196,200,3.8733131885528564,0.9741199009742925
182,5,/home/nabizadz/Projects/Mahsa/datasets/grid/test/s34/bbwp8a.mpg,136,140,4.396091461181641,0.999993555707984
182,6,/home/nabizadz/Projects/Mahsa/datasets/grid/test/s34/sgir9p.mpg,74,78,4.230692386627197,0.9965990356242208
182,7,/home/nabizadz/Projects/Mahsa/datasets/grid/test/s34/swar5n.mpg,83,87,3.745964527130127,0.9907153078270496
182,8,/home/nabizadz/Projects/Mahsa/datasets/grid/test/s34/sgiz2s.mpg,268,272,4.0249152183532715,0.997173453578454
182,9,/home/nabizadz/Projects/Mahsa/datasets/grid/test/s34/bgbe4a.mpg,48,52,3.2849721908569336,0.9900717962870621
182,10,/home/nabizadz/Projects/Mahsa/datasets/grid/test/s34/bgbq9n.mpg,239,243,4.543968677520752,0.9998144230694552
182,11,/home/nabizadz/Projects/Mahsa/datasets/grid/test/s34/sgir7n.mpg,121,125,4.124732971191406,0.9926582833631611
182,12,/home/nabizadz/Projects/Mahsa/datasets/grid/test/s34/brwq1n.mpg,145,149,3.9964728355407715,0.9911140385254325
182,13,/home/nabizadz/Projects/Mahsa/datasets/grid/test/s34/bbwj1n.mpg,146,150,3.552192449569702,0.9876520989388338
182,14,/home/nabizadz/Projects/Mahsa/datasets/grid/test/s34/pbal6s.mpg,110,114,4.421343803405762,0.9995467803608804
182,15,/home/nabizadz/Projects/Mahsa/datasets/grid/test/s34/brbp7n.mpg,62,66,3.5321881771087646,0.9903368432638199
183,0,/home/nabizadz/Projects/Mahsa/datasets/grid/test/s34/prwnzs.mpg,118,122,3.8036251068115234,0.9946975145301374
183,1,/home/nabizadz/Projects/Mahsa/datasets/grid/test/s34/swbf4a.mpg,205,209,3.807649850845337,0.9885950550939618
183,2,/home/nabizadz/Projects/Mahsa/datasets/grid/test/s34/lgio6s.mpg,161,165,4.4204559326171875,0.99984374667482
183,3,/home/nabizadz/Projects/Mahsa/datasets/grid/test/s34/bwwk4s.mpg,159,163,3.4562795162200928,0.9856215354086282
183,4,/home/nabizadz/Projects/Mahsa/datasets/grid/test/s34/lran8s.mpg,217,221,3.9182608127593994,0.9503377889211657
183,5,/home/nabizadz/Projects/Mahsa/datasets/grid/test/s34/lwwjza.mpg,29,33,4.544728755950928,0.9998881289265431
183,6,/home/nabizadz/Projects/Mahsa/datasets/grid/test/s34/pgat8s.mpg,281,285,3.9695510864257812,0.9978285799992779
183,7,/home/nabizadz/Projects/Mahsa/datasets/grid/test/s34/sway9n.mpg,208,212,3.674342393875122,0.9830107771196472
183,8,/home/nabizadz/Projects/Mahsa/datasets/grid/test/s34/lgio5n.mpg,246,250,4.027463436126709,0.9924345639694772
183,9,/home/nabizadz/Projects/Mahsa/datasets/grid/test/s34/sbwr3p.mpg,170,174,4.168046951293945,0.996352138649411
183,10,/home/nabizadz/Projects/Mahsa/datasets/grid/test/s34/bgaq6s.mpg,57,61,3.4033586978912354,0.9784223394518458
183,11,/home/nabizadz/Projects/Mahsa/datasets/grid/test/s34/bbao8s.mpg,112,116,3.7287957668304443,0.9932916762920078
183,12,/home/nabizadz/Projects/Mahsa/datasets/grid/test/s34/bbapza.mpg,234,238,4.371548175811768,0.9917058456315325
183,13,/home/nabizadz/Projects/Mahsa/datasets/grid/test/s34/pbbm1p.mpg,76,80,4.4756317138671875,0.9999271324844577
183,14,/home/nabizadz/Projects/Mahsa/datasets/grid/test/s34/srwfzs.mpg,155,159,3.863616704940796,0.9895735995545808
183,15,/home/nabizadz/Projects/Mahsa/datasets/grid/test/s34/pgwo4a.mpg,28,32,4.481366157531738,0.9999913954895636
184,0,/home/nabizadz/Projects/Mahsa/datasets/grid/test/s34/pbbs4s.mpg,83,87,4.421244144439697,0.9991101235720514
184,1,/home/nabizadz/Projects/Mahsa/datasets/grid/test/s34/lgwp9p.mpg,90,94,3.5071237087249756,0.97412647976143
184,2,/home/nabizadz/Projects/Mahsa/datasets/grid/test/s34/bgwl1p.mpg,109,113,4.306028842926025,0.9980892028097131
184,3,/home/nabizadz/Projects/Mahsa/datasets/grid/test/s34/pgbn7n.mpg,218,222,4.118130207061768,0.9860242437520333
184,4,/home/nabizadz/Projects/Mahsa/datasets/grid/test/s34/prbm5n.mpg,283,287,4.505740642547607,0.9999989965623455
184,5,/home/nabizadz/Projects/Mahsa/datasets/grid/test/s34/brbj5p.mpg,13,17,4.473897457122803,0.9684835818056562
184,6,/home/nabizadz/Projects/Mahsa/datasets/grid/test/s34/pwag3n.mpg,221,225,4.154764175415039,0.9998209418135195
184,7,/home/nabizadz/Projects/Mahsa/datasets/grid/test/s34/brwx5n.mpg,268,272,4.405948162078857,0.99995625878393
184,8,/home/nabizadz/Projects/Mahsa/datasets/grid/test/s34/prwt4s.mpg,69,73,4.229005336761475,0.9960662291882829
184,9,/home/nabizadz/Projects/Mahsa/datasets/grid/test/s34/lbim8s.mpg,65,69,3.8010764122009277,0.9847777266733082
184,10,/home/nabizadz/Projects/Mahsa/datasets/grid/test/s34/pbie7n.mpg,258,262,4.494794845581055,0.9998237058221021
184,11,/home/nabizadz/Projects/Mahsa/datasets/grid/test/s34/lwwv6s.mpg,130,134,2.3875904083251953,0.9777650252691061
184,12,/home/nabizadz/Projects/Mahsa/datasets/grid/test/s34/lgii4a.mpg,91,95,3.4943649768829346,0.9777543419973541
184,13,/home/nabizadz/Projects/Mahsa/datasets/grid/test/s34/lgapzs.mpg,134,138,3.621694803237915,0.9725914287416001
184,14,/home/nabizadz/Projects/Mahsa/datasets/grid/test/s34/bgwzza.mpg,99,103,3.947711944580078,0.9909847672659327
184,15,/home/nabizadz/Projects/Mahsa/datasets/grid/test/s34/lwbv2s.mpg,47,51,3.4739837646484375,0.9930996199510803
185,0,/home/nabizadz/Projects/Mahsa/datasets/grid/test/s34/lrwo5n.mpg,173,177,3.5705461502075195,0.9875344931471015
185,1,/home/nabizadz/Projects/Mahsa/datasets/grid/test/s34/pgig8a.mpg,11,15,4.515923023223877,0.9999973370935135
185,2,/home/nabizadz/Projects/Mahsa/datasets/grid/test/s34/sbayza.mpg,266,270,4.504807949066162,0.9992132917933444
185,3,/home/nabizadz/Projects/Mahsa/datasets/grid/test/s34/bbio6a.mpg,202,206,3.8454675674438477,0.9907757143820698
185,4,/home/nabizadz/Projects/Mahsa/datasets/grid/test/s34/brbx4a.mpg,98,102,3.79555082321167,0.9972505422570932
185,5,/home/nabizadz/Projects/Mahsa/datasets/grid/test/s34/sgas4a.mpg,257,261,3.8816723823547363,0.9970455105459354
185,6,/home/nabizadz/Projects/Mahsa/datasets/grid/test/s34/lrih2a.mpg,37,41,4.517301082611084,0.9999999999981725
185,7,/home/nabizadz/Projects/Mahsa/datasets/grid/test/s34/swir1n.mpg,154,158,3.787343740463257,0.9902273636580051
185,8,/home/nabizadz/Projects/Mahsa/datasets/grid/test/s34/pgwo2s.mpg,87,91,3.9648358821868896,0.9912852323211688
185,9,/home/nabizadz/Projects/Mahsa/datasets/grid/test/s34/lgicza.mpg,288,292,4.131696701049805,0.9997929939961481
185,10,/home/nabizadz/Projects/Mahsa/datasets/grid/test/s34/pbir5n.mpg,200,204,4.061511039733887,0.9907613071525425
185,11,/home/nabizadz/Projects/Mahsa/datasets/grid/test/s34/lwwp1n.mpg,288,292,4.551202774047852,0.9991816398059127
185,12,/home/nabizadz/Projects/Mahsa/datasets/grid/test/s34/pwag6a.mpg,85,89,3.835293769836426,0.9942601160765531
185,13,/home/nabizadz/Projects/Mahsa/datasets/grid/test/s34/bgax9n.mpg,295,299,4.433159351348877,0.9961689901355865
185,14,/home/nabizadz/Projects/Mahsa/datasets/grid/test/s34/srbk9n.mpg,278,282,4.4405012130737305,0.9996942753725198
185,15,/home/nabizadz/Projects/Mahsa/datasets/grid/test/s34/pwig2a.mpg,295,299,4.326472759246826,0.9894928416846135
186,0,/home/nabizadz/Projects/Mahsa/datasets/grid/test/s34/srby7n.mpg,241,245,4.221347332000732,0.9882784230974745
186,1,/home/nabizadz/Projects/Mahsa/datasets/grid/test/s34/sbwe6a.mpg,9,13,4.506013870239258,0.996048334095414
186,2,/home/nabizadz/Projects/Mahsa/datasets/grid/test/s34/sgif1p.mpg,188,192,3.6219303607940674,0.9697059891654616
186,3,/home/nabizadz/Projects/Mahsa/datasets/grid/test/s34/sbax7n.mpg,84,88,4.253102779388428,0.9910301773204234
186,4,/home/nabizadz/Projects/Mahsa/datasets/grid/test/s34/prbm7p.mpg,165,169,4.325136184692383,0.9993505057292215
186,5,/home/nabizadz/Projects/Mahsa/datasets/grid/test/s34/swbf3p.mpg,255,259,4.260310173034668,0.9915282229739933
186,6,/home/nabizadz/Projects/Mahsa/datasets/grid/test/s34/pwim6a.mpg,15,19,4.514025688171387,0.9999432809938583
186,7,/home/nabizadz/Projects/Mahsa/datasets/grid/test/s34/lran7n.mpg,189,193,3.178453207015991,0.988182654895262
186,8,/home/nabizadz/Projects/Mahsa/datasets/grid/test/s34/pwaa2a.mpg,138,142,4.425218105316162,0.9998216118938589
186,9,/home/nabizadz/Projects/Mahsa/datasets/grid/test/s34/bgby3n.mpg,175,179,4.170193672180176,0.9893883919294904
186,10,/home/nabizadz/Projects/Mahsa/datasets/grid/test/s34/pgwb5p.mpg,172,176,4.406632900238037,0.9999629136117179
186,11,/home/nabizadz/Projects/Mahsa/datasets/grid/test/s34/bbbi8s.mpg,165,169,3.5232744216918945,0.9828122203866586
186,12,/home/nabizadz/Projects/Mahsa/datasets/grid/test/s34/pbil2s.mpg,281,285,4.544653415679932,0.9998635689351929
186,13,/home/nabizadz/Projects/Mahsa/datasets/grid/test/s34/prbg2s.mpg,159,163,4.1929121017456055,0.996991663352349
186,14,/home/nabizadz/Projects/Mahsa/datasets/grid/test/s34/pragza.mpg,37,41,4.3801398277282715,0.9973361902780419
186,15,/home/nabizadz/Projects/Mahsa/datasets/grid/test/s34/lwbc2a.mpg,107,111,4.205669403076172,0.9996068416574729
187,0,/home/nabizadz/Projects/Mahsa/datasets/grid/test/s34/brbd1p.mpg,144,148,3.424175262451172,0.9888113598549549
187,1,/home/nabizadz/Projects/Mahsa/datasets/grid/test/s34/pwag5p.mpg,5,9,4.536928653717041,0.9999801180466557
187,2,/home/nabizadz/Projects/Mahsa/datasets/grid/test/s34/bgad9p.mpg,210,214,3.764381170272827,0.9661450557753983
187,3,/home/nabizadz/Projects/Mahsa/datasets/grid/test/s34/lrwo6s.mpg,47,51,4.1712422370910645,0.9986856400960811
187,4,/home/nabizadz/Projects/Mahsa/datasets/grid/test/s34/lbwh7p.mpg,134,138,4.286015510559082,0.9996326714035024
187,5,/home/nabizadz/Projects/Mahsa/datasets/grid/test/s34/bbwp7p.mpg,135,139,4.169037818908691,0.9954358659340387
187,6,/home/nabizadz/Projects/Mahsa/datasets/grid/test/s34/brwj7n.mpg,277,281,4.517083168029785,0.9920640030065059
187,7,/home/nabizadz/Projects/Mahsa/datasets/grid/test/s34/sbix5p.mpg,238,242,4.473453521728516,0.9991462365794473
187,8,/home/nabizadz/Projects/Mahsa/datasets/grid/test/s32/prbazs.mpg,98,102,4.152318954467773,0.9966228764305736
187,9,/home/nabizadz/Projects/Mahsa/datasets/grid/test/s32/bwwe3p.mpg,74,78,2.5017387866973877,0.9874418128391775
187,10,/home/nabizadz/Projects/Mahsa/datasets/grid/test/s32/lgio9p.mpg,103,107,3.7636351585388184,0.9894216182436062
187,11,/home/nabizadz/Projects/Mahsa/datasets/grid/test/s32/pwwh5p.mpg,43,47,4.3420000076293945,0.9695976252735333
187,12,/home/nabizadz/Projects/Mahsa/datasets/grid/test/s32/lrah7p.mpg,246,250,4.369170665740967,0.8960039311917437
187,13,/home/nabizadz/Projects/Mahsa/datasets/grid/test/s32/sgis2a.mpg,289,293,4.459157466888428,0.9738642122355539
187,14,/home/nabizadz/Projects/Mahsa/datasets/grid/test/s32/pgbb3p.mpg,4,8,4.464789867401123,0.9911154021994996
187,15,/home/nabizadz/Projects/Mahsa/datasets/grid/test/s32/lrbizs.mpg,268,272,4.465435028076172,0.9451552359219398
188,0,/home/nabizadz/Projects/Mahsa/datasets/grid/test/s32/sgbm3n.mpg,182,186,4.369399070739746,0.9974536693948958
188,1,/home/nabizadz/Projects/Mahsa/datasets/grid/test/s32/srbe7n.mpg,284,288,4.413936138153076,0.9751938539905597
188,2,/home/nabizadz/Projects/Mahsa/datasets/grid/test/s32/swbf3n.mpg,255,259,4.403791427612305,0.997933079957839
188,3,/home/nabizadz/Projects/Mahsa/datasets/grid/test/s32/lban4s.mpg,265,269,4.446139812469482,0.9247570333365922
188,4,/home/nabizadz/Projects/Mahsa/datasets/grid/test/s32/lwwp5p.mpg,147,151,4.001332759857178,0.9924406640329773
188,5,/home/nabizadz/Projects/Mahsa/datasets/grid/test/s32/brwq3n.mpg,205,209,4.375414848327637,0.9980583701063392
188,6,/home/nabizadz/Projects/Mahsa/datasets/grid/test/s32/bgwl3p.mpg,100,104,3.7685344219207764,0.9936192040207376
188,7,/home/nabizadz/Projects/Mahsa/datasets/grid/test/s32/bbbv9p.mpg,260,264,4.282530784606934,0.8779596073949603
188,8,/home/nabizadz/Projects/Mahsa/datasets/grid/test/s32/lbaa7p.mpg,246,250,4.375030994415283,0.8945817265293153
188,9,/home/nabizadz/Projects/Mahsa/datasets/grid/test/s32/bgik2a.mpg,215,219,4.366330623626709,0.9696647495578763
188,10,/home/nabizadz/Projects/Mahsa/datasets/grid/test/s32/bbbjzs.mpg,253,257,4.207491397857666,0.8731351339223025
188,11,/home/nabizadz/Projects/Mahsa/datasets/grid/test/s32/lwiu6s.mpg,201,205,4.41339635848999,0.9932575808735706
188,12,/home/nabizadz/Projects/Mahsa/datasets/grid/test/s32/bbapzs.mpg,265,269,4.382038593292236,0.9921039523787544
188,13,/home/nabizadz/Projects/Mahsa/datasets/grid/test/s32/sray8a.mpg,124,128,3.688991069793701,0.9928968734679304
188,14,/home/nabizadz/Projects/Mahsa/datasets/grid/test/s32/srwl8a.mpg,189,193,4.12247371673584,0.9960572367248859
188,15,/home/nabizadz/Projects/Mahsa/datasets/grid/test/s32/bgiq4s.mpg,219,223,4.400092601776123,0.9630402271434011
189,0,/home/nabizadz/Projects/Mahsa/datasets/grid/test/s32/bwwy5p.mpg,80,84,2.1978683471679688,0.9948486862953804
189,1,/home/nabizadz/Projects/Mahsa/datasets/grid/test/s32/bbio7p.mpg,11,15,4.424471855163574,0.9834825278784226
189,2,/home/nabizadz/Projects/Mahsa/datasets/grid/test/s32/swasza.mpg,168,172,3.8501479625701904,0.9890892637913179
189,3,/home/nabizadz/Projects/Mahsa/datasets/grid/test/s32/bbbj2a.mpg,78,82,2.6831886768341064,0.9867865948378427
189,4,/home/nabizadz/Projects/Mahsa/datasets/grid/test/s32/lwab7n.mpg,80,84,3.5293383598327637,0.9931705055543922
189,5,/home/nabizadz/Projects/Mahsa/datasets/grid/test/s32/pbbgza.mpg,238,242,4.315970420837402,0.9666426946086273
189,6,/home/nabizadz/Projects/Mahsa/datasets/grid/test/s32/sbiq2s.mpg,181,185,3.8994767665863037,0.9886300104551403
189,7,/home/nabizadz/Projects/Mahsa/datasets/grid/test/s32/lgwd3p.mpg,69,73,3.579874277114868,0.9549139945241392
189,8,/home/nabizadz/Projects/Mahsa/datasets/grid/test/s32/pwwb2a.mpg,65,69,2.2641332149505615,0.9957069897134673
189,9,/home/nabizadz/Projects/Mahsa/datasets/grid/test/s32/pbwg4a.mpg,72,76,3.7689361572265625,0.9996032015077471
189,10,/home/nabizadz/Projects/Mahsa/datasets/grid/test/s32/pwbn4s.mpg,26,30,4.366732120513916,0.9988363509167438
189,11,/home/nabizadz/Projects/Mahsa/datasets/grid/test/s32/lbbn8s.mpg,88,92,3.5765039920806885,0.9885149187443969
189,12,/home/nabizadz/Projects/Mahsa/datasets/grid/test/s32/sbbe4a.mpg,190,194,3.9694628715515137,0.9895665958838995
189,13,/home/nabizadz/Projects/Mahsa/datasets/grid/test/s32/bbbj1p.mpg,246,250,4.0979533195495605,0.8391980108223042
189,14,/home/nabizadz/Projects/Mahsa/datasets/grid/test/s32/pram5p.mpg,29,33,4.444220542907715,0.9994709098218296
189,15,/home/nabizadz/Projects/Mahsa/datasets/grid/test/s32/pbiz2s.mpg,179,183,4.2833075523376465,0.9966633160707499
190,0,/home/nabizadz/Projects/Mahsa/datasets/grid/test/s32/bwwk7p.mpg,162,166,3.8580939769744873,0.9858565572507733
190,1,/home/nabizadz/Projects/Mahsa/datasets/grid/test/s32/pgwu9p.mpg,137,141,3.8985629081726074,0.9926973654782606
190,2,/home/nabizadz/Projects/Mahsa/datasets/grid/test/s32/pwbg9n.mpg,18,22,4.458829879760742,0.9952961382039119
190,3,/home/nabizadz/Projects/Mahsa/datasets/grid/test/s32/bgak5p.mpg,111,115,4.066658020019531,0.9999429743811488
190,4,/home/nabizadz/Projects/Mahsa/datasets/grid/test/s32/bwbq7p.mpg,217,221,4.4878010749816895,0.9998328057341036
190,5,/home/nabizadz/Projects/Mahsa/datasets/grid/test/s32/pwwn7n.mpg,242,246,4.367156982421875,0.9057492068528603
190,6,/home/nabizadz/Projects/Mahsa/datasets/grid/test/s32/brwd7p.mpg,90,94,4.1060404777526855,0.9939570934067509
190,7,/home/nabizadz/Projects/Mahsa/datasets/grid/test/s32/sgwm8s.mpg,111,115,3.9856362342834473,0.9971690836579765
190,8,/home/nabizadz/Projects/Mahsa/datasets/grid/test/s32/sbby3n.mpg,184,188,4.025036811828613,0.9920021240506787
190,9,/home/nabizadz/Projects/Mahsa/datasets/grid/test/s32/pgwi1p.mpg,122,126,3.5449235439300537,0.9833434373346629
190,10,/home/nabizadz/Projects/Mahsa/datasets/grid/test/s32/srik4s.mpg,279,283,4.500520706176758,0.9606474292958007
190,11,/home/nabizadz/Projects/Mahsa/datasets/grid/test/s32/bwwy6a.mpg,266,270,4.404209136962891,0.9610405625692552
190,12,/home/nabizadz/Projects/Mahsa/datasets/grid/test/s32/swir4s.mpg,230,234,4.3902907371521,0.9262688964262012
190,13,/home/nabizadz/Projects/Mahsa/datasets/grid/test/s32/bwwk5n.mpg,203,207,2.330657720565796,0.9931116084745406
190,14,/home/nabizadz/Projects/Mahsa/datasets/grid/test/s32/sgif3p.mpg,41,45,3.978576898574829,0.9974896695156987
190,15,/home/nabizadz/Projects/Mahsa/datasets/grid/test/s32/brwx8s.mpg,147,151,4.328347206115723,0.9939116104571704
191,0,/home/nabizadz/Projects/Mahsa/datasets/grid/test/s32/lwao7p.mpg,225,229,4.321772575378418,0.8552454830349676
191,1,/home/nabizadz/Projects/Mahsa/datasets/grid/test/s32/pwaa1n.mpg,61,65,4.253913879394531,0.997430875085065
191,2,/home/nabizadz/Projects/Mahsa/datasets/grid/test/s32/swar9p.mpg,161,165,4.009539604187012,0.9836182160930474
191,3,/home/nabizadz/Projects/Mahsa/datasets/grid/test/s32/lwao8a.mpg,130,134,3.9153389930725098,0.9937438918096475
191,4,/home/nabizadz/Projects/Mahsa/datasets/grid/test/s32/lrin5n.mpg,29,33,4.346675872802734,0.9723324260343447
191,5,/home/nabizadz/Projects/Mahsa/datasets/grid/test/s32/bwax5n.mpg,204,208,4.528227806091309,0.9840133093714671
191,6,/home/nabizadz/Projects/Mahsa/datasets/grid/test/s32/lgac5p.mpg,3,7,4.358119010925293,0.9968844669849516
191,7,/home/nabizadz/Projects/Mahsa/datasets/grid/test/s32/bgwr5n.mpg,267,271,4.267754554748535,0.8914190211524485
191,8,/home/nabizadz/Projects/Mahsa/datasets/grid/test/s32/pgwo6a.mpg,46,50,4.354262351989746,0.9979869075363721
191,9,/home/nabizadz/Projects/Mahsa/datasets/grid/test/s32/brwq4s.mpg,63,67,3.872056484222412,0.992892567406962
191,10,/home/nabizadz/Projects/Mahsa/datasets/grid/test/s32/bwwq9n.mpg,273,277,4.488073825836182,0.9898660000174389
191,11,/home/nabizadz/Projects/Mahsa/datasets/grid/test/s32/lriu2a.mpg,276,280,4.405210971832275,0.9428045637866428
191,12,/home/nabizadz/Projects/Mahsa/datasets/grid/test/s32/srar4a.mpg,271,275,4.4764580726623535,0.952050019713222
191,13,/home/nabizadz/Projects/Mahsa/datasets/grid/test/s32/prif5n.mpg,30,34,4.227348327636719,0.9631144008341269
191,14,/home/nabizadz/Projects/Mahsa/datasets/grid/test/s32/pwbh2a.mpg,227,231,4.413339614868164,0.9852315585620544
191,15,/home/nabizadz/Projects/Mahsa/datasets/grid/test/s32/bbwx2s.mpg,34,38,4.353204727172852,0.9560247590817799
192,0,/home/nabizadz/Projects/Mahsa/datasets/grid/test/s32/srwf3p.mpg,106,110,3.6844890117645264,0.9901211536774615
192,1,/home/nabizadz/Projects/Mahsa/datasets/grid/test/s32/lrbi2a.mpg,229,233,4.15167760848999,0.8780415142188065
192,2,/home/nabizadz/Projects/Mahsa/datasets/grid/test/s32/lban5p.mpg,7,11,4.569558620452881,0.9999269401564352
192,3,/home/nabizadz/Projects/Mahsa/datasets/grid/test/s32/brap6s.mpg,198,202,4.278488636016846,0.9828414205274082
192,4,/home/nabizadz/Projects/Mahsa/datasets/grid/test/s32/pwbhzs.mpg,33,37,4.47794771194458,0.9928421951089367
192,5,/home/nabizadz/Projects/Mahsa/datasets/grid/test/s32/lwwc5n.mpg,286,290,4.365646839141846,0.9626956030769029
192,6,/home/nabizadz/Projects/Mahsa/datasets/grid/test/s32/sgwg3n.mpg,203,207,4.354833602905273,0.9813075337609157
192,7,/home/nabizadz/Projects/Mahsa/datasets/grid/test/s32/pratza.mpg,56,60,4.107570648193359,0.9937566000514821
192,8,/home/nabizadz/Projects/Mahsa/datasets/grid/test/s32/lwbv4s.mpg,259,263,4.529276371002197,0.9628099504357411
192,9,/home/nabizadz/Projects/Mahsa/datasets/grid/test/s32/lrbo4s.mpg,247,251,4.356062889099121,0.912465350009278
192,10,/home/nabizadz/Projects/Mahsa/datasets/grid/test/s32/swwm1n.mpg,288,292,4.316387176513672,0.9685638312324942
192,11,/home/nabizadz/Projects/Mahsa/datasets/grid/test/s32/bbbc7p.mpg,140,144,3.9130284786224365,0.9897436331725016
192,12,/home/nabizadz/Projects/Mahsa/datasets/grid/test/s32/lgic1p.mpg,277,281,4.156886100769043,0.9171622649333806
192,13,/home/nabizadz/Projects/Mahsa/datasets/grid/test/s32/lbbbzs.mpg,163,167,3.9567761421203613,0.9870921621032729
192,14,/home/nabizadz/Projects/Mahsa/datasets/grid/test/s32/brip2s.mpg,161,165,3.7200262546539307,0.9483743835862625
192,15,/home/nabizadz/Projects/Mahsa/datasets/grid/test/s32/bbac2s.mpg,178,182,4.345073223114014,0.9973193942161636
193,0,/home/nabizadz/Projects/Mahsa/datasets/grid/test/s32/lrwc2a.mpg,19,23,4.371964931488037,0.9776646830520734
193,1,/home/nabizadz/Projects/Mahsa/datasets/grid/test/s32/lbbh3n.mpg,64,68,3.663604497909546,0.9808102011926569
193,2,/home/nabizadz/Projects/Mahsa/datasets/grid/test/s32/lria8s.mpg,258,262,4.351718902587891,0.9525524312075759
193,3,/home/nabizadz/Projects/Mahsa/datasets/grid/test/s32/lbwu5n.mpg,293,297,4.531524181365967,0.9976573454501553
193,4,/home/nabizadz/Projects/Mahsa/datasets/grid/test/s32/lwavzs.mpg,188,192,3.8830971717834473,0.9784737189884355
193,5,/home/nabizadz/Projects/Mahsa/datasets/grid/test/s32/swal6a.mpg,227,231,4.407565116882324,0.9600914163954208
193,6,/home/nabizadz/Projects/Mahsa/datasets/grid/test/s32/sbid4s.mpg,171,175,3.608574151992798,0.9580517067049553
193,7,/home/nabizadz/Projects/Mahsa/datasets/grid/test/s32/lwwv8s.mpg,252,256,4.318296909332275,0.8833004019473314
193,8,/home/nabizadz/Projects/Mahsa/datasets/grid/test/s32/swil2a.mpg,222,226,4.509044647216797,0.9806039440894828
193,9,/home/nabizadz/Projects/Mahsa/datasets/grid/test/s32/lrao2a.mpg,280,284,4.385281562805176,0.9735273619369392
193,10,/home/nabizadz/Projects/Mahsa/datasets/grid/test/s32/pgabza.mpg,159,163,4.059352397918701,0.9876929945974618
193,11,/home/nabizadz/Projects/Mahsa/datasets/grid/test/s32/srbe8s.mpg,14,18,4.536637783050537,0.9981540481431112
193,12,/home/nabizadz/Projects/Mahsa/datasets/grid/test/s32/pgit5n.mpg,78,82,3.501904010772705,0.9872099585088643
193,13,/home/nabizadz/Projects/Mahsa/datasets/grid/test/s32/pbal8s.mpg,175,179,4.081212520599365,0.9937585068469063
193,14,/home/nabizadz/Projects/Mahsa/datasets/grid/test/s32/sgif1n.mpg,188,192,4.157034873962402,0.9906626345177317
193,15,/home/nabizadz/Projects/Mahsa/datasets/grid/test/s32/bbbxza.mpg,217,221,4.400638580322266,0.9729604902735833
194,0,/home/nabizadz/Projects/Mahsa/datasets/grid/test/s32/lbbu2s.mpg,48,52,3.8696436882019043,0.9914752623172843
194,1,/home/nabizadz/Projects/Mahsa/datasets/grid/test/s32/srid9n.mpg,175,179,3.949004650115967,0.9949133774707282
194,2,/home/nabizadz/Projects/Mahsa/datasets/grid/test/s32/bgby5n.mpg,182,186,4.290801525115967,0.9996834268091358
194,3,/home/nabizadz/Projects/Mahsa/datasets/grid/test/s32/swws7p.mpg,10,14,4.580446243286133,0.9939746368560433
194,4,/home/nabizadz/Projects/Mahsa/datasets/grid/test/s32/brbx4s.mpg,269,273,4.380969524383545,0.9411716454077499
194,5,/home/nabizadz/Projects/Mahsa/datasets/grid/test/s32/srirza.mpg,61,65,4.301474571228027,0.992975001780393
194,6,/home/nabizadz/Projects/Mahsa/datasets/grid/test/s32/pgig9p.mpg,187,191,4.356359004974365,0.9938041094173593
194,7,/home/nabizadz/Projects/Mahsa/datasets/grid/test/s32/pras7n.mpg,287,291,4.413774013519287,0.9731271832025425
194,8,/home/nabizadz/Projects/Mahsa/datasets/grid/test/s32/swbs3p.mpg,87,91,4.13770866394043,0.996309573258271
194,9,/home/nabizadz/Projects/Mahsa/datasets/grid/test/s32/swbf4s.mpg,34,38,4.3075385093688965,0.9864573534333694
194,10,/home/nabizadz/Projects/Mahsa/datasets/grid/test/s32/sbwe5n.mpg,47,51,4.376277923583984,0.9961614600495642
194,11,/home/nabizadz/Projects/Mahsa/datasets/grid/test/s32/primzs.mpg,273,277,4.286672592163086,0.9164071790531724
194,12,/home/nabizadz/Projects/Mahsa/datasets/grid/test/s32/sray7p.mpg,124,128,4.216806411743164,0.994710360177978
194,13,/home/nabizadz/Projects/Mahsa/datasets/grid/test/s32/lrwb9n.mpg,208,212,4.501242637634277,0.993077998739211
194,14,/home/nabizadz/Projects/Mahsa/datasets/grid/test/s32/lbit6a.mpg,18,22,4.341529846191406,0.9925968156603896
194,15,/home/nabizadz/Projects/Mahsa/datasets/grid/test/s32/sgwg5p.mpg,102,106,3.5644445419311523,0.9812229120542781
195,0,/home/nabizadz/Projects/Mahsa/datasets/grid/test/s32/pbbf8s.mpg,16,20,4.356997013092041,0.9999958014497164
195,1,/home/nabizadz/Projects/Mahsa/datasets/grid/test/s32/bgaezs.mpg,256,260,4.291709899902344,0.877112197792666
195,2,/home/nabizadz/Projects/Mahsa/datasets/grid/test/s32/bgbk8s.mpg,199,203,3.878995895385742,0.9845839662276668
195,3,/home/nabizadz/Projects/Mahsa/datasets/grid/test/s32/bgbe4s.mpg,187,191,4.424977779388428,0.9945119343323534
195,4,/home/nabizadz/Projects/Mahsa/datasets/grid/test/s32/pwwbzs.mpg,202,206,4.266519546508789,0.9510448008294311
195,5,/home/nabizadz/Projects/Mahsa/datasets/grid/test/s32/pgah4a.mpg,219,223,4.434239387512207,0.9720956700149745
195,6,/home/nabizadz/Projects/Mahsa/datasets/grid/test/s32/lribza.mpg,145,149,4.209171295166016,0.9958671825206835
195,7,/home/nabizadz/Projects/Mahsa/datasets/grid/test/s32/sbwr5p.mpg,195,199,4.398256301879883,0.9884878905073713
195,8,/home/nabizadz/Projects/Mahsa/datasets/grid/test/s32/brii8s.mpg,131,135,4.448258876800537,0.9954132893341586
195,9,/home/nabizadz/Projects/Mahsa/datasets/grid/test/s32/brwd5n.mpg,147,151,3.882805347442627,0.995991422480309
195,10,/home/nabizadz/Projects/Mahsa/datasets/grid/test/s32/bbbc8a.mpg,17,21,4.457528591156006,0.9981665483311506
195,11,/home/nabizadz/Projects/Mahsa/datasets/grid/test/s32/lwbpzs.mpg,255,259,4.164680004119873,0.9926132590259368
195,12,/home/nabizadz/Projects/Mahsa/datasets/grid/test/s32/pbaf5p.mpg,16,20,4.364230632781982,0.9954064866561646
195,13,/home/nabizadz/Projects/Mahsa/datasets/grid/test/s32/pbifzs.mpg,256,260,4.407894611358643,0.9615680096254718
195,14,/home/nabizadz/Projects/Mahsa/datasets/grid/test/s32/lwab9p.mpg,232,236,4.526808261871338,0.9656057291959534
195,15,/home/nabizadz/Projects/Mahsa/datasets/grid/test/s32/lbin2a.mpg,235,239,4.443459510803223,0.9427202405663583
196,0,/home/nabizadz/Projects/Mahsa/datasets/grid/test/s32/sbbk5n.mpg,24,28,4.398014545440674,0.9884604928869906
196,1,/home/nabizadz/Projects/Mahsa/datasets/grid/test/s32/lran9n.mpg,105,109,4.036482334136963,0.9836070017621883
196,2,/home/nabizadz/Projects/Mahsa/datasets/grid/test/s32/bwidzs.mpg,83,87,3.793794870376587,0.9913516406827937
196,3,/home/nabizadz/Projects/Mahsa/datasets/grid/test/s32/srbl1n.mpg,249,253,4.426280975341797,0.9531912803980915
196,4,/home/nabizadz/Projects/Mahsa/datasets/grid/test/s32/brbj5n.mpg,273,277,4.211205005645752,0.9210509041674437
196,5,/home/nabizadz/Projects/Mahsa/datasets/grid/test/s32/pgwi2a.mpg,3,7,4.49934720993042,0.9878943540120743
196,6,/home/nabizadz/Projects/Mahsa/datasets/grid/test/s32/pbas3p.mpg,100,104,3.5450642108917236,0.976969005601692
196,7,/home/nabizadz/Projects/Mahsa/datasets/grid/test/s32/brac7n.mpg,2,6,4.501673221588135,0.9966793408374769
196,8,/home/nabizadz/Projects/Mahsa/datasets/grid/test/s32/pgbb4a.mpg,76,80,3.598426103591919,0.9971583575118395
196,9,/home/nabizadz/Projects/Mahsa/datasets/grid/test/s32/brip3p.mpg,231,235,4.384797096252441,0.9370512375064913
196,10,/home/nabizadz/Projects/Mahsa/datasets/grid/test/s32/bbivzs.mpg,59,63,4.370517253875732,0.9828210582739473
196,11,/home/nabizadz/Projects/Mahsa/datasets/grid/test/s32/lgbp8a.mpg,122,126,3.838627576828003,0.9955881707491503
196,12,/home/nabizadz/Projects/Mahsa/datasets/grid/test/s32/bwwe4a.mpg,2,6,4.488365650177002,0.980900706808972
196,13,/home/nabizadz/Projects/Mahsa/datasets/grid/test/s32/pbbm1n.mpg,193,197,4.5089640617370605,0.9934435440953225
196,14,/home/nabizadz/Projects/Mahsa/datasets/grid/test/s32/bbap2a.mpg,286,290,4.410627365112305,0.9853286958531562
196,15,/home/nabizadz/Projects/Mahsa/datasets/grid/test/s32/brbx6a.mpg,93,97,3.4363131523132324,0.9902654281363815
197,0,/home/nabizadz/Projects/Mahsa/datasets/grid/test/s32/pgia5p.mpg,248,252,4.322714805603027,0.9018678618608659
197,1,/home/nabizadz/Projects/Mahsa/datasets/grid/test/s32/bwip7n.mpg,3,7,4.527709007263184,0.9973493117891794
197,2,/home/nabizadz/Projects/Mahsa/datasets/grid/test/s32/swar7n.mpg,143,147,4.036015510559082,0.9958574322781323
197,3,/home/nabizadz/Projects/Mahsa/datasets/grid/test/s32/pgin3p.mpg,60,64,4.241405010223389,0.9984189134941014
197,4,/home/nabizadz/Projects/Mahsa/datasets/grid/test/s32/pgig8s.mpg,135,139,4.187628269195557,0.9956654007244555
197,5,/home/nabizadz/Projects/Mahsa/datasets/grid/test/s32/lgwqzs.mpg,51,55,4.252349376678467,0.9921814657618818
197,6,/home/nabizadz/Projects/Mahsa/datasets/grid/test/s32/bwij4s.mpg,8,12,4.46203088760376,0.978726384514684
197,7,/home/nabizadz/Projects/Mahsa/datasets/grid/test/s32/sgwazs.mpg,26,30,4.571828365325928,0.9945914915090354
197,8,/home/nabizadz/Projects/Mahsa/datasets/grid/test/s32/sbaq5n.mpg,198,202,4.339829921722412,0.9968352745645795
197,9,/home/nabizadz/Projects/Mahsa/datasets/grid/test/s32/sgbf9n.mpg,189,193,4.120285987854004,0.9933250780264269
197,10,/home/nabizadz/Projects/Mahsa/datasets/grid/test/s32/sbay1p.mpg,126,130,3.5578439235687256,0.9892815746403065
197,11,/home/nabizadz/Projects/Mahsa/datasets/grid/test/s32/pwwh3n.mpg,223,227,4.387652397155762,0.9446002257967773
197,12,/home/nabizadz/Projects/Mahsa/datasets/grid/test/s32/prwa5p.mpg,259,263,4.401513576507568,0.9461062485605888
197,13,/home/nabizadz/Projects/Mahsa/datasets/grid/test/s32/pgah1n.mpg,197,201,4.380013942718506,0.9956723487594136
197,14,/home/nabizadz/Projects/Mahsa/datasets/grid/test/s32/pbiz1n.mpg,107,111,4.05723762512207,0.9964733645618208
197,15,/home/nabizadz/Projects/Mahsa/datasets/grid/test/s32/sriezs.mpg,216,220,2.1141440868377686,0.9689187917242922
198,0,/home/nabizadz/Projects/Mahsa/datasets/grid/test/s32/lgav8a.mpg,230,234,4.509445667266846,0.9691182806974914
198,1,/home/nabizadz/Projects/Mahsa/datasets/grid/test/s32/pwat6a.mpg,150,154,4.334139823913574,0.9983661398773328
198,2,/home/nabizadz/Projects/Mahsa/datasets/grid/test/s32/swaz2s.mpg,241,245,4.303070068359375,0.9617662295628873
198,3,/home/nabizadz/Projects/Mahsa/datasets/grid/test/s32/lgwj8a.mpg,152,156,4.398777961730957,0.9864244219307587
198,4,/home/nabizadz/Projects/Mahsa/datasets/grid/test/s32/brii7n.mpg,190,194,4.361015796661377,0.9967654743230041
198,5,/home/nabizadz/Projects/Mahsa/datasets/grid/test/s32/bwad6a.mpg,61,65,3.335815668106079,0.9879827751485024
198,6,/home/nabizadz/Projects/Mahsa/datasets/grid/test/s32/lbbb1p.mpg,274,278,4.389035224914551,0.9776637877165243
198,7,/home/nabizadz/Projects/Mahsa/datasets/grid/test/s32/lbbu1n.mpg,75,79,3.027736186981201,0.9927085376208192
198,8,/home/nabizadz/Projects/Mahsa/datasets/grid/test/s32/sgil7p.mpg,161,165,4.314070701599121,0.9998913527881784
198,9,/home/nabizadz/Projects/Mahsa/datasets/grid/test/s32/lbwh8s.mpg,280,284,4.25258207321167,0.9500216240945496
198,10,/home/nabizadz/Projects/Mahsa/datasets/grid/test/s32/lwwv7n.mpg,240,244,4.469895362854004,0.9917310655819177
198,11,/home/nabizadz/Projects/Mahsa/datasets/grid/test/s32/srwr9n.mpg,270,274,4.559439659118652,0.9937370130956051
198,12,/home/nabizadz/Projects/Mahsa/datasets/grid/test/s32/brwj9n.mpg,241,245,4.38077449798584,0.9245194766470266
198,13,/home/nabizadz/Projects/Mahsa/datasets/grid/test/s32/swbmza.mpg,179,183,4.089632987976074,0.9964860349026009
198,14,/home/nabizadz/Projects/Mahsa/datasets/grid/test/s32/sralza.mpg,79,83,3.5760111808776855,0.995894022439904
198,15,/home/nabizadz/Projects/Mahsa/datasets/grid/test/s32/sbwk9n.mpg,142,146,3.6368956565856934,0.9801303671429051
199,0,/home/nabizadz/Projects/Mahsa/datasets/grid/test/s32/bwwy3n.mpg,238,242,4.537672996520996,0.9715157508921325
199,1,/home/nabizadz/Projects/Mahsa/datasets/grid/test/s32/pbwm5n.mpg,76,80,3.6345841884613037,0.9898168710263906
199,2,/home/nabizadz/Projects/Mahsa/datasets/grid/test/s32/lbwu6s.mpg,124,128,4.108068943023682,0.9988135366296035
199,3,/home/nabizadz/Projects/Mahsa/datasets/grid/test/s32/bbwd1p.mpg,197,201,4.41971492767334,0.9755296606620483
199,4,/home/nabizadz/Projects/Mahsa/datasets/grid/test/s32/pwim5n.mpg,216,220,4.425771236419678,0.9857783491586873
199,5,/home/nabizadz/Projects/Mahsa/datasets/grid/test/s32/sbix6s.mpg,280,284,4.298548221588135,0.9441620384440268
199,6,/home/nabizadz/Projects/Mahsa/datasets/grid/test/s32/briv7p.mpg,256,260,4.401724815368652,0.8770415884430743
199,7,/home/nabizadz/Projects/Mahsa/datasets/grid/test/s32/bgij9n.mpg,111,115,4.090653896331787,0.9952571481155525
199,8,/home/nabizadz/Projects/Mahsa/datasets/grid/test/s32/srae4s.mpg,74,78,3.5743870735168457,0.9878027167362898
199,9,/home/nabizadz/Projects/Mahsa/datasets/grid/test/s32/bwbk2s.mpg,108,112,3.7760534286499023,0.9839257142314143
199,10,/home/nabizadz/Projects/Mahsa/datasets/grid/test/s32/pgwb5n.mpg,269,273,4.39225959777832,0.964314522535029
199,11,/home/nabizadz/Projects/Mahsa/datasets/grid/test/s32/sbaq7p.mpg,29,33,4.303988456726074,0.9853316862180561
199,12,/home/nabizadz/Projects/Mahsa/datasets/grid/test/s32/lgajza.mpg,237,241,4.240757942199707,0.9741836958753369
199,13,/home/nabizadz/Projects/Mahsa/datasets/grid/test/s32/sbikza.mpg,250,254,4.388540744781494,0.8748177712499282
199,14,/home/nabizadz/Projects/Mahsa/datasets/grid/test/s32/lwab8s.mpg,95,99,3.690966844558716,0.9925355615252683
199,15,/home/nabizadz/Projects/Mahsa/datasets/grid/test/s32/lgiv1n.mpg,258,262,4.306815147399902,0.8927311539458275
200,0,/home/nabizadz/Projects/Mahsa/datasets/grid/test/s32/priz9p.mpg,265,269,4.49521541595459,0.9255368727812618
200,1,/home/nabizadz/Projects/Mahsa/datasets/grid/test/s32/bgby7p.mpg,136,140,2.908132553100586,0.9937523542934747
200,2,/home/nabizadz/Projects/Mahsa/datasets/grid/test/s32/lrau5p.mpg,286,290,4.4109063148498535,0.9858937653176907
200,3,/home/nabizadz/Projects/Mahsa/datasets/grid/test/s32/prbm7n.mpg,232,236,4.362149238586426,0.9636664044076986
200,4,/home/nabizadz/Projects/Mahsa/datasets/grid/test/s32/sgwt2s.mpg,13,17,4.327382564544678,0.9804279511335674
200,5,/home/nabizadz/Projects/Mahsa/datasets/grid/test/s32/lwiu8a.mpg,105,109,3.73649525642395,0.9840041938804486
200,6,/home/nabizadz/Projects/Mahsa/datasets/grid/test/s32/lria7n.mpg,257,261,4.430204391479492,0.9601847083201429
200,7,/home/nabizadz/Projects/Mahsa/datasets/grid/test/s32/lbwu8a.mpg,145,149,3.983556032180786,0.9962972523139705
200,8,/home/nabizadz/Projects/Mahsa/datasets/grid/test/s32/bwwe2s.mpg,120,124,3.615116596221924,0.9854490110374816
200,9,/home/nabizadz/Projects/Mahsa/datasets/grid/test/s32/lrin8a.mpg,50,54,2.417696714401245,0.9943173983578528
200,10,/home/nabizadz/Projects/Mahsa/datasets/grid/test/s32/brwyza.mpg,76,80,3.202273368835449,0.9773608303246277
200,11,/home/nabizadz/Projects/Mahsa/datasets/grid/test/s32/bgby8a.mpg,109,113,3.994288921356201,0.995268579371288
200,12,/home/nabizadz/Projects/Mahsa/datasets/grid/test/s32/pwan2a.mpg,122,126,4.084406852722168,0.9964952431143391
200,13,/home/nabizadz/Projects/Mahsa/datasets/grid/test/s32/bbav6a.mpg,56,60,4.256283283233643,0.9843263696637065
200,14,/home/nabizadz/Projects/Mahsa/datasets/grid/test/s32/swaz3p.mpg,137,141,4.263932228088379,0.9939627101184093
200,15,/home/nabizadz/Projects/Mahsa/datasets/grid/test/s32/bwip9p.mpg,22,26,3.6107711791992188,0.9534264392039349
201,0,/home/nabizadz/Projects/Mahsa/datasets/grid/test/s32/lrbb8a.mpg,78,82,3.6686339378356934,0.9875813429602067
201,1,/home/nabizadz/Projects/Mahsa/datasets/grid/test/s32/lgap2s.mpg,118,122,4.141223907470703,0.9885730934871183
201,2,/home/nabizadz/Projects/Mahsa/datasets/grid/test/s32/srik3n.mpg,38,42,4.4468464851379395,0.9915436739261395
201,3,/home/nabizadz/Projects/Mahsa/datasets/grid/test/s32/sbij7n.mpg,268,272,4.163321495056152,0.893255143849796
201,4,/home/nabizadz/Projects/Mahsa/datasets/grid/test/s32/sbid5p.mpg,164,168,4.181355953216553,0.9873585698225456
201,5,/home/nabizadz/Projects/Mahsa/datasets/grid/test/s32/lgiv2s.mpg,86,90,3.489466667175293,0.9765967229937356
201,6,/home/nabizadz/Projects/Mahsa/datasets/grid/test/s32/pgan8a.mpg,118,122,3.888796091079712,0.9923349437025129
201,7,/home/nabizadz/Projects/Mahsa/datasets/grid/test/s32/bgae1p.mpg,162,166,4.4188737869262695,0.9986281793688814
201,8,/home/nabizadz/Projects/Mahsa/datasets/grid/test/s32/sgaz9p.mpg,85,89,2.0755608081817627,0.9886987035597986
201,9,/home/nabizadz/Projects/Mahsa/datasets/grid/test/s32/lgbx1p.mpg,142,146,4.100827217102051,0.987867315614001
201,10,/home/nabizadz/Projects/Mahsa/datasets/grid/test/s32/sgif2s.mpg,43,47,3.4660513401031494,0.9909486417887721
201,11,/home/nabizadz/Projects/Mahsa/datasets/grid/test/s32/pbie9n.mpg,42,46,4.370811462402344,0.994613424871489
201,12,/home/nabizadz/Projects/Mahsa/datasets/grid/test/s32/bbbp4s.mpg,246,250,4.338149547576904,0.972642955954157
201,13,/home/nabizadz/Projects/Mahsa/datasets/grid/test/s32/sbbk8a.mpg,270,274,4.23179817199707,0.9790918238356139
201,14,/home/nabizadz/Projects/Mahsa/datasets/grid/test/s32/pris6a.mpg,296,300,4.047240734100342,0.9920786042608999
201,15,/home/nabizadz/Projects/Mahsa/datasets/grid/test/s32/lrwo9p.mpg,185,189,4.425158500671387,0.9980216064805857
202,0,/home/nabizadz/Projects/Mahsa/datasets/grid/test/s32/sbiq1n.mpg,279,283,4.34788179397583,0.9562533815555994
202,1,/home/nabizadz/Projects/Mahsa/datasets/grid/test/s32/pbamza.mpg,246,250,4.357175827026367,0.92519237351177
202,2,/home/nabizadz/Projects/Mahsa/datasets/grid/test/s32/bric4s.mpg,99,103,3.996124505996704,0.9927191891123218
202,3,/home/nabizadz/Projects/Mahsa/datasets/grid/test/s32/pwwu3p.mpg,38,42,4.395520210266113,0.9987086596724101
202,4,/home/nabizadz/Projects/Mahsa/datasets/grid/test/s32/sbbe2s.mpg,211,215,4.53934907913208,0.9873190705044312
202,5,/home/nabizadz/Projects/Mahsa/datasets/grid/test/s32/brii9p.mpg,41,45,4.3714070320129395,0.9974213082264147
202,6,/home/nabizadz/Projects/Mahsa/datasets/grid/test/s32/sgwm9p.mpg,230,234,4.488442420959473,0.9795720566546069
202,7,/home/nabizadz/Projects/Mahsa/datasets/grid/test/s32/lgai8s.mpg,36,40,4.2866716384887695,0.9766644144022713
202,8,/home/nabizadz/Projects/Mahsa/datasets/grid/test/s32/pwbn5p.mpg,230,234,4.087887287139893,0.8559774787074994
202,9,/home/nabizadz/Projects/Mahsa/datasets/grid/test/s32/swafzs.mpg,144,148,3.702439069747925,0.9922607010141963
202,10,/home/nabizadz/Projects/Mahsa/datasets/grid/test/s32/pbbz9n.mpg,31,35,4.442296028137207,0.9989631791027264
202,11,/home/nabizadz/Projects/Mahsa/datasets/grid/test/s32/lrbu9p.mpg,15,19,4.48907995223999,0.9855420210984847
202,12,/home/nabizadz/Projects/Mahsa/datasets/grid/test/s32/lbbh5p.mpg,174,178,3.790264844894409,0.9782348273151951
202,13,/home/nabizadz/Projects/Mahsa/datasets/grid/test/s32/lwbp2a.mpg,31,35,4.188807010650635,0.9632574580913087
202,14,/home/nabizadz/Projects/Mahsa/datasets/grid/test/s32/brap7p.mpg,141,145,3.691826581954956,0.9913707801557405
202,15,/home/nabizadz/Projects/Mahsa/datasets/grid/test/s32/lwiu5n.mpg,180,184,4.203013896942139,0.9934608337560102
203,0,/home/nabizadz/Projects/Mahsa/datasets/grid/test/s32/swbs2s.mpg,142,146,4.165939807891846,0.9948032916125601
203,1,/home/nabizadz/Projects/Mahsa/datasets/grid/test/s32/lbia1n.mpg,265,269,1.9674177169799805,0.8999594897491479
203,2,/home/nabizadz/Projects/Mahsa/datasets/grid/test/s32/pwwoza.mpg,177,181,4.005923748016357,0.9855697240687761
203,3,/home/nabizadz/Projects/Mahsa/datasets/grid/test/s32/lgib9n.mpg,37,41,4.379059314727783,0.9798233156225986
203,4,/home/nabizadz/Projects/Mahsa/datasets/grid/test/s32/lwwc7p.mpg,52,56,4.424013614654541,0.9844018394310404
203,5,/home/nabizadz/Projects/Mahsa/datasets/grid/test/s32/bwby1p.mpg,245,249,4.471851348876953,0.9636825397521939
203,6,/home/nabizadz/Projects/Mahsa/datasets/grid/test/s32/pbir8s.mpg,49,53,4.439329147338867,0.9980085481105843
203,7,/home/nabizadz/Projects/Mahsa/datasets/grid/test/s32/sgiz4s.mpg,6,10,4.3529276847839355,0.989264599350162
203,8,/home/nabizadz/Projects/Mahsa/datasets/grid/test/s32/pwba7p.mpg,191,195,4.385235786437988,0.9947103958613209
203,9,/home/nabizadz/Projects/Mahsa/datasets/grid/test/s32/pgat9n.mpg,14,18,4.438172340393066,0.9786718828442735
203,10,/home/nabizadz/Projects/Mahsa/datasets/grid/test/s32/pbwm6s.mpg,270,274,4.414850234985352,0.9357953588381591
203,11,/home/nabizadz/Projects/Mahsa/datasets/grid/test/s32/lwih7n.mpg,159,163,3.963655948638916,0.9850755357048393
203,12,/home/nabizadz/Projects/Mahsa/datasets/grid/test/s32/lrih3p.mpg,79,83,3.209681272506714,0.969066499859859
203,13,/home/nabizadz/Projects/Mahsa/datasets/grid/test/s32/sgbg1p.mpg,200,204,4.51940393447876,0.9956228424684191
203,14,/home/nabizadz/Projects/Mahsa/datasets/grid/test/s32/sgaf6s.mpg,78,82,3.7290806770324707,0.9923541876296202
203,15,/home/nabizadz/Projects/Mahsa/datasets/grid/test/s32/bbai5n.mpg,294,298,4.54103946685791,0.9968147761164877
204,0,/home/nabizadz/Projects/Mahsa/datasets/grid/test/s32/srbl3p.mpg,184,188,4.164875507354736,0.9707546714790979
204,1,/home/nabizadz/Projects/Mahsa/datasets/grid/test/s32/lrwpza.mpg,14,18,4.5848283767700195,0.9990178764673963
204,2,/home/nabizadz/Projects/Mahsa/datasets/grid/test/s32/swbl9p.mpg,110,114,4.04200553894043,0.9995100578046651
204,3,/home/nabizadz/Projects/Mahsa/datasets/grid/test/s32/pgbh5n.mpg,229,233,4.418441295623779,0.9459982248533951
204,4,/home/nabizadz/Projects/Mahsa/datasets/grid/test/s32/pgin2s.mpg,225,229,4.393102645874023,0.9530498562314899
204,5,/home/nabizadz/Projects/Mahsa/datasets/grid/test/s32/bwwe1n.mpg,66,70,3.3651671409606934,0.9929174969059225
204,6,/home/nabizadz/Projects/Mahsa/datasets/grid/test/s32/prwg7n.mpg,178,182,4.1717023849487305,0.9976632557986863
204,7,/home/nabizadz/Projects/Mahsa/datasets/grid/test/s32/sbwe6s.mpg,250,254,4.292629718780518,0.8972996619274208
204,8,/home/nabizadz/Projects/Mahsa/datasets/grid/test/s32/sbbk6s.mpg,30,34,4.360550880432129,0.9863354364744542
204,9,/home/nabizadz/Projects/Mahsa/datasets/grid/test/s32/bwbk3p.mpg,20,24,4.398064136505127,0.9705387544766618
204,10,/home/nabizadz/Projects/Mahsa/datasets/grid/test/s32/sbiq3p.mpg,282,286,4.4077467918396,0.9659125633965466
204,11,/home/nabizadz/Projects/Mahsa/datasets/grid/test/s32/swir6a.mpg,273,277,4.396247863769531,0.9876642988762994
204,12,/home/nabizadz/Projects/Mahsa/datasets/grid/test/s32/srbz2a.mpg,80,84,3.860415458679199,0.9973632994230358
204,13,/home/nabizadz/Projects/Mahsa/datasets/grid/test/s32/pbbf9p.mpg,123,127,3.5860726833343506,0.991693696165975
204,14,/home/nabizadz/Projects/Mahsa/datasets/grid/test/s32/prwn3p.mpg,42,46,4.392134666442871,0.9941779913396486
204,15,/home/nabizadz/Projects/Mahsa/datasets/grid/test/s32/lbwo4a.mpg,84,88,3.460460901260376,0.9843879064036547
205,0,/home/nabizadz/Projects/Mahsa/datasets/grid/test/s32/lgwj5n.mpg,88,92,3.8050849437713623,0.9878404844907871
205,1,/home/nabizadz/Projects/Mahsa/datasets/grid/test/s32/bgwl2s.mpg,287,291,4.29112434387207,0.975102887664629
205,2,/home/nabizadz/Projects/Mahsa/datasets/grid/test/s32/pwaa2s.mpg,272,276,4.49554967880249,0.9999593845584666
205,3,/home/nabizadz/Projects/Mahsa/datasets/grid/test/s32/bwaq3p.mpg,67,71,3.639627456665039,0.9887803644462059
205,4,/home/nabizadz/Projects/Mahsa/datasets/grid/test/s32/lrbvza.mpg,28,32,4.3450608253479,0.9719229486380119
205,5,/home/nabizadz/Projects/Mahsa/datasets/grid/test/s32/swiy9p.mpg,236,240,4.394719123840332,0.9465613173008565
205,6,/home/nabizadz/Projects/Mahsa/datasets/grid/test/s32/brbx5p.mpg,25,29,4.479732990264893,0.9602193411489457
205,7,/home/nabizadz/Projects/Mahsa/datasets/grid/test/s32/sgwg6a.mpg,153,157,4.414413928985596,0.9993220491836889
205,8,/home/nabizadz/Projects/Mahsa/datasets/grid/test/s32/bgwr6s.mpg,281,285,4.363813400268555,0.9655996538630232
205,9,/home/nabizadz/Projects/Mahsa/datasets/grid/test/s32/bwbk4a.mpg,61,65,3.2397964000701904,0.9879833071570926
205,10,/home/nabizadz/Projects/Mahsa/datasets/grid/test/s32/pwwn9p.mpg,9,13,4.570384979248047,0.9999389438826078
205,11,/home/nabizadz/Projects/Mahsa/datasets/grid/test/s32/pgah2s.mpg,286,290,4.355348587036133,0.9657920147602542
205,12,/home/nabizadz/Projects/Mahsa/datasets/grid/test/s32/srie2a.mpg,204,208,4.406864166259766,0.9776027793092154
205,13,/home/nabizadz/Projects/Mahsa/datasets/grid/test/s32/pbwtzs.mpg,45,49,3.9396591186523438,0.9927751791467514
205,14,/home/nabizadz/Projects/Mahsa/datasets/grid/test/s32/lrab4a.mpg,257,261,4.461140155792236,0.9400236675398113
205,15,/home/nabizadz/Projects/Mahsa/datasets/grid/test/s32/srak8s.mpg,228,232,4.35244083404541,0.9101359154687279
206,0,/home/nabizadz/Projects/Mahsa/datasets/grid/test/s32/sbwl2a.mpg,58,62,4.266017436981201,0.9976167413618602
206,1,/home/nabizadz/Projects/Mahsa/datasets/grid/test/s32/prba1p.mpg,286,290,4.34813117980957,0.9581516414527202
206,2,/home/nabizadz/Projects/Mahsa/datasets/grid/test/s32/braxzs.mpg,193,197,2.5476415157318115,0.9883695782770457
206,3,/home/nabizadz/Projects/Mahsa/datasets/grid/test/s32/sriq7n.mpg,95,99,3.5170202255249023,0.9876471667493509
206,4,/home/nabizadz/Projects/Mahsa/datasets/grid/test/s32/lgap4a.mpg,160,164,3.7652673721313477,0.9899991728287696
206,5,/home/nabizadz/Projects/Mahsa/datasets/grid/test/s32/pwat5p.mpg,232,236,4.3933868408203125,0.9945443866774334
206,6,/home/nabizadz/Projects/Mahsa/datasets/grid/test/s32/lbwh9p.mpg,168,172,3.731292247772217,0.9750670624953298
206,7,/home/nabizadz/Projects/Mahsa/datasets/grid/test/s32/lrih2s.mpg,12,16,4.4531049728393555,0.9968637985790051
206,8,/home/nabizadz/Projects/Mahsa/datasets/grid/test/s32/bbwp9p.mpg,124,128,3.4641687870025635,0.9668387308051158
206,9,/home/nabizadz/Projects/Mahsa/datasets/grid/test/s32/lbwiza.mpg,67,71,3.099135160446167,0.9932773156494844
206,10,/home/nabizadz/Projects/Mahsa/datasets/grid/test/s32/sbix8a.mpg,5,9,4.457036018371582,0.9806151446286637
206,11,/home/nabizadz/Projects/Mahsa/datasets/grid/test/s32/bwwr1p.mpg,236,240,4.544440269470215,0.9712234073227731
206,12,/home/nabizadz/Projects/Mahsa/datasets/grid/test/s32/brijza.mpg,223,227,4.400259971618652,0.982626459337102
206,13,/home/nabizadz/Projects/Mahsa/datasets/grid/test/s32/prbg4s.mpg,154,158,4.2866034507751465,0.9954588441821991
206,14,/home/nabizadz/Projects/Mahsa/datasets/grid/test/s32/prbm8s.mpg,208,212,4.478107929229736,0.9664680925024474
206,15,/home/nabizadz/Projects/Mahsa/datasets/grid/test/s32/pgwb6s.mpg,234,238,4.403692245483398,0.959635122417315
207,0,/home/nabizadz/Projects/Mahsa/datasets/grid/test/s32/bwax6s.mpg,61,65,2.0140271186828613,0.9943172768194383
207,1,/home/nabizadz/Projects/Mahsa/datasets/grid/test/s32/prwt7p.mpg,144,148,3.8830692768096924,0.9920873285915202
207,2,/home/nabizadz/Projects/Mahsa/datasets/grid/test/s32/bwaq2s.mpg,68,72,3.6188244819641113,0.9850430917297395
207,3,/home/nabizadz/Projects/Mahsa/datasets/grid/test/s32/swar8s.mpg,96,100,4.024492263793945,0.9936924391696685
207,4,/home/nabizadz/Projects/Mahsa/datasets/grid/test/s32/pwag6s.mpg,217,221,4.429856777191162,0.9709477082394639
207,5,/home/nabizadz/Projects/Mahsa/datasets/grid/test/s32/bgad9n.mpg,90,94,3.8453218936920166,0.9901259011212993
207,6,/home/nabizadz/Projects/Mahsa/datasets/grid/test/s32/lgbxzs.mpg,296,300,4.379489898681641,0.997292468558447
207,7,/home/nabizadz/Projects/Mahsa/datasets/grid/test/s32/swbl8s.mpg,242,246,4.328681468963623,0.9190664403058222
207,8,/home/nabizadz/Projects/Mahsa/datasets/grid/test/s32/lbbn7n.mpg,245,249,4.413819313049316,0.8825409920762918
207,9,/home/nabizadz/Projects/Mahsa/datasets/grid/test/s32/swbf5p.mpg,193,197,4.2621846199035645,0.9944858253596905
207,10,/home/nabizadz/Projects/Mahsa/datasets/grid/test/s32/sgwg4s.mpg,47,51,4.280211925506592,0.9978496597809532
207,11,/home/nabizadz/Projects/Mahsa/datasets/grid/test/s32/prif7p.mpg,39,43,4.1733551025390625,0.9900248232604189
207,12,/home/nabizadz/Projects/Mahsa/datasets/grid/test/s32/sbwr3n.mpg,95,99,3.9968082904815674,0.9963923159101759
207,13,/home/nabizadz/Projects/Mahsa/datasets/grid/test/s32/sbaq8a.mpg,229,233,3.9739644527435303,0.8526372648814798
207,14,/home/nabizadz/Projects/Mahsa/datasets/grid/test/s32/lwbi5n.mpg,190,194,4.453313827514648,0.9893710719137124
207,15,/home/nabizadz/Projects/Mahsa/datasets/grid/test/s32/swir3n.mpg,247,251,4.480724811553955,0.9883009239248501
208,0,/home/nabizadz/Projects/Mahsa/datasets/grid/test/s32/lwib6a.mpg,5,9,4.4920125007629395,0.9962410581171008
208,1,/home/nabizadz/Projects/Mahsa/datasets/grid/test/s32/lwio4a.mpg,180,184,4.231555461883545,0.9923554848308522
208,2,/home/nabizadz/Projects/Mahsa/datasets/grid/test/s32/srbr6s.mpg,220,224,4.2130022048950195,0.9906952099844967
208,3,/home/nabizadz/Projects/Mahsa/datasets/grid/test/s32/bbbp3n.mpg,20,24,4.281336784362793,0.9917247145611092
208,4,/home/nabizadz/Projects/Mahsa/datasets/grid/test/s32/bwbeza.mpg,238,242,4.327275276184082,0.9017199519836687
208,5,/home/nabizadz/Projects/Mahsa/datasets/grid/test/s32/lrbb7p.mpg,73,77,3.6621391773223877,0.9897035729335728
208,6,/home/nabizadz/Projects/Mahsa/datasets/grid/test/s32/pwbh1p.mpg,146,150,3.566466808319092,0.9962460073963779
208,7,/home/nabizadz/Projects/Mahsa/datasets/grid/test/s32/lgwj7p.mpg,2,6,4.158267974853516,0.995993213840451
208,8,/home/nabizadz/Projects/Mahsa/datasets/grid/test/s32/srwl6s.mpg,262,266,4.380521297454834,0.9526603815184271
208,9,/home/nabizadz/Projects/Mahsa/datasets/grid/test/s32/prwa6a.mpg,14,18,4.3315348625183105,0.9999992501875056
208,10,/home/nabizadz/Projects/Mahsa/datasets/grid/test/s32/lrbb5n.mpg,176,180,2.481727361679077,0.9942763541721682
208,11,/home/nabizadz/Projects/Mahsa/datasets/grid/test/s32/bgix8s.mpg,118,122,4.288568019866943,0.9999351089952676
208,12,/home/nabizadz/Projects/Mahsa/datasets/grid/test/s32/bric3n.mpg,129,133,4.239223957061768,0.9943070014528534
208,13,/home/nabizadz/Projects/Mahsa/datasets/grid/test/s32/bwiqza.mpg,276,280,4.348362922668457,0.9521925576908081
208,14,/home/nabizadz/Projects/Mahsa/datasets/grid/test/s32/bgiq6a.mpg,256,260,4.347254276275635,0.9582231344407065
208,15,/home/nabizadz/Projects/Mahsa/datasets/grid/test/s32/sgil5n.mpg,274,278,4.266332149505615,0.9484470332920222
209,0,/home/nabizadz/Projects/Mahsa/datasets/grid/test/s32/braj4a.mpg,198,202,4.344898223876953,0.9969545104985101
209,1,/home/nabizadz/Projects/Mahsa/datasets/grid/test/s32/bbio8a.mpg,145,149,3.4928200244903564,0.983547979290865
209,2,/home/nabizadz/Projects/Mahsa/datasets/grid/test/s32/lrah6s.mpg,160,164,3.9672813415527344,0.9873234769654838
209,3,/home/nabizadz/Projects/Mahsa/datasets/grid/test/s32/pwat4s.mpg,92,96,4.16860294342041,0.995582284236706
209,4,/home/nabizadz/Projects/Mahsa/datasets/grid/test/s32/lbig6s.mpg,64,68,3.7348949909210205,0.9846385932265123
209,5,/home/nabizadz/Projects/Mahsa/datasets/grid/test/s32/bgbe5p.mpg,292,296,4.2631683349609375,0.9867793093566672
209,6,/home/nabizadz/Projects/Mahsa/datasets/grid/test/s32/sbad9p.mpg,275,279,4.191468238830566,0.9757085884191949
209,7,/home/nabizadz/Projects/Mahsa/datasets/grid/test/s32/bgay1n.mpg,222,226,4.3228583335876465,0.9044739009787
209,8,/home/nabizadz/Projects/Mahsa/datasets/grid/test/s32/lwio2s.mpg,86,90,2.287553310394287,0.9953156299890185
209,9,/home/nabizadz/Projects/Mahsa/datasets/grid/test/s32/bwbk1n.mpg,121,125,3.749138593673706,0.9901578133806227
209,10,/home/nabizadz/Projects/Mahsa/datasets/grid/test/s32/lgio8s.mpg,215,219,4.281630992889404,0.9148240805847884
209,11,/home/nabizadz/Projects/Mahsa/datasets/grid/test/s32/bbai7p.mpg,7,11,4.39735221862793,0.9746345713852652
209,12,/home/nabizadz/Projects/Mahsa/datasets/grid/test/s32/prbm9p.mpg,235,239,4.413035869598389,0.8866544958024227
209,13,/home/nabizadz/Projects/Mahsa/datasets/grid/test/s32/lbbb2a.mpg,273,277,4.307692527770996,0.9891067839430775
209,14,/home/nabizadz/Projects/Mahsa/datasets/grid/test/s32/sbid3n.mpg,163,167,2.2181284427642822,0.9870276088715976
209,15,/home/nabizadz/Projects/Mahsa/datasets/grid/test/s32/swbz5n.mpg,83,87,3.520528554916382,0.989564281537154
210,0,/home/nabizadz/Projects/Mahsa/datasets/grid/test/s32/lria9p.mpg,296,300,4.593001842498779,0.9999947567359581
210,1,/home/nabizadz/Projects/Mahsa/datasets/grid/test/s32/sgaz7n.mpg,124,128,3.674858570098877,0.9852146909844925
210,2,/home/nabizadz/Projects/Mahsa/datasets/grid/test/s32/sgaz8s.mpg,165,169,4.196573734283447,0.9958872480921412
210,3,/home/nabizadz/Projects/Mahsa/datasets/grid/test/s32/sbbe3p.mpg,38,42,4.4128241539001465,0.9992627883782982
210,4,/home/nabizadz/Projects/Mahsa/datasets/grid/test/s32/bradza.mpg,127,131,3.7241880893707275,0.9920689642561278
210,5,/home/nabizadz/Projects/Mahsa/datasets/grid/test/s32/bbav3n.mpg,26,30,4.4988179206848145,0.9885309053446989
210,6,/home/nabizadz/Projects/Mahsa/datasets/grid/test/s32/prba2a.mpg,14,18,4.4043707847595215,0.9920202216963832
210,7,/home/nabizadz/Projects/Mahsa/datasets/grid/test/s32/pwbn6a.mpg,74,78,3.5633037090301514,0.9963585752396329
210,8,/home/nabizadz/Projects/Mahsa/datasets/grid/test/s32/prbt1n.mpg,87,91,3.0674681663513184,0.988411430463101
210,9,/home/nabizadz/Projects/Mahsa/datasets/grid/test/s32/lrwv1n.mpg,18,22,4.371310710906982,0.98725424942275
210,10,/home/nabizadz/Projects/Mahsa/datasets/grid/test/s32/pgbb1n.mpg,75,79,3.5897927284240723,0.9913923604746299
210,11,/home/nabizadz/Projects/Mahsa/datasets/grid/test/s32/srar3p.mpg,230,234,4.291594982147217,0.9060517480218557
210,12,/home/nabizadz/Projects/Mahsa/datasets/grid/test/s32/lrwo7n.mpg,192,196,4.4031758308410645,0.9882248554782388
210,13,/home/nabizadz/Projects/Mahsa/datasets/grid/test/s32/bwij6a.mpg,133,137,4.124613285064697,0.9930827232269822
210,14,/home/nabizadz/Projects/Mahsa/datasets/grid/test/s32/pbws9n.mpg,28,32,4.397644519805908,0.9963347930142661
210,15,/home/nabizadz/Projects/Mahsa/datasets/grid/test/s32/bbwdzs.mpg,221,225,3.833115816116333,0.9837748595516085
211,0,/home/nabizadz/Projects/Mahsa/datasets/grid/test/s32/bgblza.mpg,92,96,3.328155994415283,0.9848720096357738
211,1,/home/nabizadz/Projects/Mahsa/datasets/grid/test/s32/lrao1p.mpg,161,165,3.223623752593994,0.9917013595929594
211,2,/home/nabizadz/Projects/Mahsa/datasets/grid/test/s32/bbai8a.mpg,46,50,4.1647210121154785,0.9896065094219308
211,3,/home/nabizadz/Projects/Mahsa/datasets/grid/test/s32/swbz6s.mpg,278,282,4.318541526794434,0.943522517472013
211,4,/home/nabizadz/Projects/Mahsa/datasets/grid/test/s32/swaz1n.mpg,18,22,3.667855739593506,0.9399420099819968
211,5,/home/nabizadz/Projects/Mahsa/datasets/grid/test/s32/swws8a.mpg,189,193,4.041160583496094,0.9924252404885915
211,6,/home/nabizadz/Projects/Mahsa/datasets/grid/test/s32/pwbt7n.mpg,259,263,4.195243835449219,0.9245076635015574
211,7,/home/nabizadz/Projects/Mahsa/datasets/grid/test/s32/pwbt8s.mpg,170,174,4.181356430053711,0.9827364921853642
211,8,/home/nabizadz/Projects/Mahsa/datasets/grid/test/s32/brwk2a.mpg,218,222,4.257159233093262,0.9938902157710887
211,9,/home/nabizadz/Projects/Mahsa/datasets/grid/test/s32/lban6a.mpg,295,299,4.416429042816162,0.9953211288753517
211,10,/home/nabizadz/Projects/Mahsa/datasets/grid/test/s32/pgaa7n.mpg,294,298,4.421378135681152,0.9932249301745354
211,11,/home/nabizadz/Projects/Mahsa/datasets/grid/test/s32/lgap1n.mpg,174,178,4.069782257080078,0.9923050123048769
211,12,/home/nabizadz/Projects/Mahsa/datasets/grid/test/s32/pgbu5p.mpg,157,161,3.833709478378296,0.9933923111703072
211,13,/home/nabizadz/Projects/Mahsa/datasets/grid/test/s32/lgav5n.mpg,160,164,4.215531826019287,0.9947590924024422
211,14,/home/nabizadz/Projects/Mahsa/datasets/grid/test/s32/sgis1p.mpg,88,92,3.7909815311431885,0.9825244680981129
211,15,/home/nabizadz/Projects/Mahsa/datasets/grid/test/s32/lrwi5p.mpg,278,282,4.359906196594238,0.9544780445932687
212,0,/home/nabizadz/Projects/Mahsa/datasets/grid/test/s32/pgaa8s.mpg,212,216,4.360219955444336,0.9641722690324848
212,1,/home/nabizadz/Projects/Mahsa/datasets/grid/test/s32/bric5p.mpg,20,24,4.444636821746826,0.9842070004720449
212,2,/home/nabizadz/Projects/Mahsa/datasets/grid/test/s32/bwby2a.mpg,117,121,3.651480197906494,0.9909613524783902
212,3,/home/nabizadz/Projects/Mahsa/datasets/grid/test/s32/bgiyza.mpg,187,191,3.5569229125976562,0.9746874932796551
212,4,/home/nabizadz/Projects/Mahsa/datasets/grid/test/s32/lriuzs.mpg,245,249,4.378695964813232,0.9373649566140816
212,5,/home/nabizadz/Projects/Mahsa/datasets/grid/test/s32/lbah2a.mpg,98,102,4.048892498016357,0.997212487529089
212,6,/home/nabizadz/Projects/Mahsa/datasets/grid/test/s32/bgbr4a.mpg,265,269,4.180093288421631,0.9037411365463983
212,7,/home/nabizadz/Projects/Mahsa/datasets/grid/test/s32/swizza.mpg,63,67,4.287956237792969,0.9958110379231264
212,8,/home/nabizadz/Projects/Mahsa/datasets/grid/test/s32/lbba9n.mpg,119,123,2.1492207050323486,0.9839629018444196
212,9,/home/nabizadz/Projects/Mahsa/datasets/grid/test/s32/lbwb6a.mpg,65,69,3.7831344604492188,0.9856751826790985
212,10,/home/nabizadz/Projects/Mahsa/datasets/grid/test/s32/sgwa1p.mpg,222,226,4.330998420715332,0.9457256891024399
212,11,/home/nabizadz/Projects/Mahsa/datasets/grid/test/s32/lgbx2a.mpg,114,118,3.861713171005249,0.9909877836449906
212,12,/home/nabizadz/Projects/Mahsa/datasets/grid/test/s32/lgbv9n.mpg,109,113,3.4794623851776123,0.9883974363836356
212,13,/home/nabizadz/Projects/Mahsa/datasets/grid/test/s32/lbit3n.mpg,27,31,4.3998260498046875,0.9966679793801019
212,14,/home/nabizadz/Projects/Mahsa/datasets/grid/test/s32/lrab3p.mpg,264,268,4.364391803741455,0.9366116690541907
212,15,/home/nabizadz/Projects/Mahsa/datasets/grid/test/s32/bwic9n.mpg,120,124,4.0654616355896,0.9926140572297155
213,0,/home/nabizadz/Projects/Mahsa/datasets/grid/test/s32/bwaq4a.mpg,289,293,4.281193733215332,0.9758300677428564
213,1,/home/nabizadz/Projects/Mahsa/datasets/grid/test/s32/prwn2s.mpg,114,118,3.9688289165496826,0.9968710362530002
213,2,/home/nabizadz/Projects/Mahsa/datasets/grid/test/s32/bbii1n.mpg,11,15,4.44023323059082,0.9926580149415487
213,3,/home/nabizadz/Projects/Mahsa/datasets/grid/test/s32/pgig7n.mpg,86,90,3.7794911861419678,0.9862816042525782
213,4,/home/nabizadz/Projects/Mahsa/datasets/grid/test/s32/pgwh9n.mpg,289,293,4.289511680603027,0.9711452188181205
213,5,/home/nabizadz/Projects/Mahsa/datasets/grid/test/s32/pram4s.mpg,260,264,4.439729690551758,0.920135221315542
213,6,/home/nabizadz/Projects/Mahsa/datasets/grid/test/s32/swik9n.mpg,194,198,4.049006938934326,0.988727361920134
213,7,/home/nabizadz/Projects/Mahsa/datasets/grid/test/s32/sbiq4a.mpg,138,142,4.306697368621826,0.9976418054738025
213,8,/home/nabizadz/Projects/Mahsa/datasets/grid/test/s32/brbx3n.mpg,93,97,3.001460313796997,0.9935741404849273
213,9,/home/nabizadz/Projects/Mahsa/datasets/grid/test/s32/swwf9p.mpg,152,156,4.225252628326416,0.9934807071391395
213,10,/home/nabizadz/Projects/Mahsa/datasets/grid/test/s32/bgae2a.mpg,97,101,3.719151258468628,0.9926726791164934
213,11,/home/nabizadz/Projects/Mahsa/datasets/grid/test/s32/bbav4s.mpg,241,245,4.356663227081299,0.9238892832332286
213,12,/home/nabizadz/Projects/Mahsa/datasets/grid/test/s32/pgbo1p.mpg,14,18,4.536423683166504,0.9919066196940866
213,13,/home/nabizadz/Projects/Mahsa/datasets/grid/test/s32/srws1p.mpg,273,277,4.371173858642578,0.9441689120830294
213,14,/home/nabizadz/Projects/Mahsa/datasets/grid/test/s32/lwwv9p.mpg,47,51,3.744107484817505,0.9914753541474826
213,15,/home/nabizadz/Projects/Mahsa/datasets/grid/test/s32/lwau9n.mpg,199,203,4.348130226135254,0.9970703821300237
214,0,/home/nabizadz/Projects/Mahsa/datasets/grid/test/s32/swwf8s.mpg,197,201,4.412296295166016,0.9885194866366253
214,1,/home/nabizadz/Projects/Mahsa/datasets/grid/test/s32/sgam1p.mpg,182,186,4.210866451263428,0.9570351961670549
214,2,/home/nabizadz/Projects/Mahsa/datasets/grid/test/s32/brax1p.mpg,132,136,4.2957000732421875,0.9976739882593032
214,3,/home/nabizadz/Projects/Mahsa/datasets/grid/test/s32/bbii2s.mpg,82,86,3.5110459327697754,0.9865058814225512
214,4,/home/nabizadz/Projects/Mahsa/datasets/grid/test/s32/pril9n.mpg,19,23,4.2996697425842285,0.9999957306282274
214,5,/home/nabizadz/Projects/Mahsa/datasets/grid/test/s32/srbr8a.mpg,33,37,4.200183391571045,0.9857643963149663
214,6,/home/nabizadz/Projects/Mahsa/datasets/grid/test/s32/bgay4a.mpg,72,76,4.028251647949219,0.9939111985939032
214,7,/home/nabizadz/Projects/Mahsa/datasets/grid/test/s32/swbs4a.mpg,112,116,3.5091137886047363,0.9910692799846603
214,8,/home/nabizadz/Projects/Mahsa/datasets/grid/test/s32/swie7p.mpg,171,175,4.2334794998168945,0.994872087304777
214,9,/home/nabizadz/Projects/Mahsa/datasets/grid/test/s32/lwai1n.mpg,187,191,4.276908874511719,0.9956072591295081
214,10,/home/nabizadz/Projects/Mahsa/datasets/grid/test/s32/srwszs.mpg,294,298,4.589459419250488,0.9998034148849126
214,11,/home/nabizadz/Projects/Mahsa/datasets/grid/test/s32/pwig3p.mpg,45,49,4.487241268157959,0.9954526128308336
214,12,/home/nabizadz/Projects/Mahsa/datasets/grid/test/s32/pgia6a.mpg,111,115,3.9318995475769043,0.9942394892705066
214,13,/home/nabizadz/Projects/Mahsa/datasets/grid/test/s32/sgiz3n.mpg,184,188,4.169913291931152,0.9951892037996107
214,14,/home/nabizadz/Projects/Mahsa/datasets/grid/test/s32/lgap3p.mpg,143,147,3.404195785522461,0.9695015682730256
214,15,/home/nabizadz/Projects/Mahsa/datasets/grid/test/s32/pgin4a.mpg,169,173,4.124152183532715,0.9944241218094632
215,0,/home/nabizadz/Projects/Mahsa/datasets/grid/test/s32/sgbm5p.mpg,118,122,4.158966064453125,0.994406220158273
215,1,/home/nabizadz/Projects/Mahsa/datasets/grid/test/s32/bbiv2a.mpg,109,113,3.6667351722717285,0.9902294737416795
215,2,/home/nabizadz/Projects/Mahsa/datasets/grid/test/s32/pgwb7p.mpg,139,143,3.621953248977661,0.9905206803501547
215,3,/home/nabizadz/Projects/Mahsa/datasets/grid/test/s32/lrab1n.mpg,17,21,4.4029130935668945,0.9816090267162151
215,4,/home/nabizadz/Projects/Mahsa/datasets/grid/test/s32/pgbu4s.mpg,92,96,3.9249842166900635,0.9960192162664022
215,5,/home/nabizadz/Projects/Mahsa/datasets/grid/test/s32/srik5p.mpg,3,7,4.488240718841553,0.998894171457995
215,6,/home/nabizadz/Projects/Mahsa/datasets/grid/test/s32/pbas1n.mpg,180,184,3.8588736057281494,0.9882751160017743
215,7,/home/nabizadz/Projects/Mahsa/datasets/grid/test/s32/lwih9p.mpg,214,218,4.411158561706543,0.9514082508646406
215,8,/home/nabizadz/Projects/Mahsa/datasets/grid/test/s32/briv8a.mpg,260,264,4.537342548370361,0.9407407163912584
215,9,/home/nabizadz/Projects/Mahsa/datasets/grid/test/s32/lbwb3n.mpg,163,167,4.007597923278809,0.987770169951464
215,10,/home/nabizadz/Projects/Mahsa/datasets/grid/test/s32/brbp9n.mpg,2,6,4.4900994300842285,0.9992373132988646
215,11,/home/nabizadz/Projects/Mahsa/datasets/grid/test/s32/pwit2a.mpg,50,54,4.463374614715576,0.9955285447656308
215,12,/home/nabizadz/Projects/Mahsa/datasets/grid/test/s32/lbbh4s.mpg,200,204,4.401559352874756,0.9845560841887951
215,13,/home/nabizadz/Projects/Mahsa/datasets/grid/test/s32/bbwj3n.mpg,102,106,4.080796718597412,0.9926418998697767
215,14,/home/nabizadz/Projects/Mahsa/datasets/grid/test/s32/lbaa5n.mpg,110,114,3.6843225955963135,0.9856449137021791
215,15,/home/nabizadz/Projects/Mahsa/datasets/grid/test/s32/lwbi6s.mpg,137,141,4.011800765991211,0.9942398363563725
216,0,/home/nabizadz/Projects/Mahsa/datasets/grid/test/s32/lbia3p.mpg,256,260,4.411689281463623,0.8911771577284084
216,1,/home/nabizadz/Projects/Mahsa/datasets/grid/test/s32/lgii4s.mpg,13,17,4.40668249130249,0.994532861763563
216,2,/home/nabizadz/Projects/Mahsa/datasets/grid/test/s32/sbaq6s.mpg,128,132,4.28012752532959,0.9999025024829693
216,3,/home/nabizadz/Projects/Mahsa/datasets/grid/test/s32/braj2s.mpg,126,130,3.8141064643859863,0.9983474151980678
216,4,/home/nabizadz/Projects/Mahsa/datasets/grid/test/s32/pbil6a.mpg,149,153,3.8097176551818848,0.9845616000322229
216,5,/home/nabizadz/Projects/Mahsa/datasets/grid/test/s32/lbah1p.mpg,282,286,4.249457359313965,0.9491778426239278
216,6,/home/nabizadz/Projects/Mahsa/datasets/grid/test/s32/priz7n.mpg,235,239,4.333115577697754,0.9044770453021247
216,7,/home/nabizadz/Projects/Mahsa/datasets/grid/test/s32/pwag8a.mpg,217,221,4.420228481292725,0.9607970060056965
216,8,/home/nabizadz/Projects/Mahsa/datasets/grid/test/s32/lgbp6s.mpg,234,238,4.357357978820801,0.9588015201427876
216,9,/home/nabizadz/Projects/Mahsa/datasets/grid/test/s32/brwd6s.mpg,172,176,3.3899378776550293,0.9535560358321211
216,10,/home/nabizadz/Projects/Mahsa/datasets/grid/test/s32/lgwx6a.mpg,132,136,4.3689398765563965,0.999004998431668
216,11,/home/nabizadz/Projects/Mahsa/datasets/grid/test/s32/swal5p.mpg,176,180,3.693214178085327,0.9762835326871735
216,12,/home/nabizadz/Projects/Mahsa/datasets/grid/test/s32/pbiz4a.mpg,4,8,4.470098972320557,0.9892206094096226
216,13,/home/nabizadz/Projects/Mahsa/datasets/grid/test/s32/prif8a.mpg,30,34,4.418863296508789,0.9999539829615067
216,14,/home/nabizadz/Projects/Mahsa/datasets/grid/test/s32/sgiz5p.mpg,253,257,4.3832879066467285,0.9524468721133098
216,15,/home/nabizadz/Projects/Mahsa/datasets/grid/test/s32/brwk1p.mpg,200,204,4.27685546875,0.9712494480435645
217,0,/home/nabizadz/Projects/Mahsa/datasets/grid/test/s32/prbg6a.mpg,274,278,4.393878936767578,0.9414150438981971
217,1,/home/nabizadz/Projects/Mahsa/datasets/grid/test/s32/brac8s.mpg,71,75,3.6665873527526855,0.9958575787912893
217,2,/home/nabizadz/Projects/Mahsa/datasets/grid/test/s32/pbbm3p.mpg,197,201,4.2726593017578125,0.9898822568307751
217,3,/home/nabizadz/Projects/Mahsa/datasets/grid/test/s32/bwwr2a.mpg,265,269,4.404519557952881,0.9245334585859926
217,4,/home/nabizadz/Projects/Mahsa/datasets/grid/test/s32/lbat8s.mpg,286,290,4.52938175201416,0.9884200568174103
217,5,/home/nabizadz/Projects/Mahsa/datasets/grid/test/s32/priz8s.mpg,110,114,3.7399609088897705,0.9874588245232616
217,6,/home/nabizadz/Projects/Mahsa/datasets/grid/test/s32/pwbn3n.mpg,61,65,3.825824499130249,0.9942231878093276
217,7,/home/nabizadz/Projects/Mahsa/datasets/grid/test/s32/sbby4s.mpg,179,183,4.088954448699951,0.977587189840267
217,8,/home/nabizadz/Projects/Mahsa/datasets/grid/test/s32/braj3p.mpg,123,127,4.123239517211914,0.9888297691185586
217,9,/home/nabizadz/Projects/Mahsa/datasets/grid/test/s32/bwid2a.mpg,284,288,4.302218437194824,0.9550080350956158
217,10,/home/nabizadz/Projects/Mahsa/datasets/grid/test/s32/pwwu1n.mpg,167,171,3.8535706996917725,0.9781696210526002
217,11,/home/nabizadz/Projects/Mahsa/datasets/grid/test/s32/lrwi3n.mpg,164,168,3.9068186283111572,0.9950744709524105
217,12,/home/nabizadz/Projects/Mahsa/datasets/grid/test/s32/bgwr8a.mpg,7,11,4.4794697761535645,0.9767602318157065
217,13,/home/nabizadz/Projects/Mahsa/datasets/grid/test/s32/pwig2s.mpg,238,242,4.404651165008545,0.876110626443341
217,14,/home/nabizadz/Projects/Mahsa/datasets/grid/test/s32/lgbp5n.mpg,241,245,4.057509899139404,0.9929943678107455
217,15,/home/nabizadz/Projects/Mahsa/datasets/grid/test/s32/bgwy9n.mpg,79,83,3.6213271617889404,0.9944900124545863
218,0,/home/nabizadz/Projects/Mahsa/datasets/grid/test/s32/pgin1n.mpg,106,110,3.7032318115234375,0.9847507856047761
218,1,/home/nabizadz/Projects/Mahsa/datasets/grid/test/s32/bbbv7n.mpg,275,279,4.147201061248779,0.9136383980330628
218,2,/home/nabizadz/Projects/Mahsa/datasets/grid/test/s32/pgihza.mpg,188,192,3.869441032409668,0.991638227382433
218,3,/home/nabizadz/Projects/Mahsa/datasets/grid/test/s32/bwbd9p.mpg,150,154,4.277689456939697,0.995337952877828
218,4,/home/nabizadz/Projects/Mahsa/datasets/grid/test/s32/pwbuza.mpg,233,237,4.341958045959473,0.9833534237191341
218,5,/home/nabizadz/Projects/Mahsa/datasets/grid/test/s32/pwaa4a.mpg,87,91,4.241059303283691,0.9973298834207287
218,6,/home/nabizadz/Projects/Mahsa/datasets/grid/test/s32/prag1p.mpg,163,167,4.252158164978027,0.9957277272346825
218,7,/home/nabizadz/Projects/Mahsa/datasets/grid/test/s32/swal3n.mpg,105,109,4.172458171844482,0.9947926910133953
218,8,/home/nabizadz/Projects/Mahsa/datasets/grid/test/s32/pwbt9p.mpg,9,13,4.4594855308532715,0.9843850655292001
218,9,/home/nabizadz/Projects/Mahsa/datasets/grid/test/s32/bwax8a.mpg,189,193,3.833242654800415,0.9855399075637352
218,10,/home/nabizadz/Projects/Mahsa/datasets/grid/test/s32/srak9p.mpg,115,119,3.982520341873169,0.9945291544992368
218,11,/home/nabizadz/Projects/Mahsa/datasets/grid/test/s32/bgaq7n.mpg,206,210,4.154386520385742,0.9944570997538942
218,12,/home/nabizadz/Projects/Mahsa/datasets/grid/test/s32/swie6s.mpg,139,143,3.7190706729888916,0.9906912015077228
218,13,/home/nabizadz/Projects/Mahsa/datasets/grid/test/s32/sgbtza.mpg,126,130,3.530367374420166,0.9945451607341442
218,14,/home/nabizadz/Projects/Mahsa/datasets/grid/test/s32/sbix7p.mpg,58,62,3.870894432067871,0.990336644513133
218,15,/home/nabizadz/Projects/Mahsa/datasets/grid/test/s32/lrwi4s.mpg,38,42,4.442505359649658,0.9969304608621697
219,0,/home/nabizadz/Projects/Mahsa/datasets/grid/test/s32/lwiu7p.mpg,209,213,4.2566914558410645,0.9546723146362789
219,1,/home/nabizadz/Projects/Mahsa/datasets/grid/test/s32/bgiq5p.mpg,188,192,4.426057815551758,0.9919784362331777
219,2,/home/nabizadz/Projects/Mahsa/datasets/grid/test/s32/lgiv4a.mpg,219,223,4.337162494659424,0.9159211834384133
219,3,/home/nabizadz/Projects/Mahsa/datasets/grid/test/s32/prbt3p.mpg,137,141,3.4459288120269775,0.9790587348432226
219,4,/home/nabizadz/Projects/Mahsa/datasets/grid/test/s32/swbs1n.mpg,86,90,3.7495851516723633,0.9941529105014154
219,5,/home/nabizadz/Projects/Mahsa/datasets/grid/test/s32/pwba8a.mpg,263,267,4.361003875732422,0.9024091752236442
219,6,/home/nabizadz/Projects/Mahsa/datasets/grid/test/s32/bbicza.mpg,76,80,3.9659018516540527,0.9965021330111284
219,7,/home/nabizadz/Projects/Mahsa/datasets/grid/test/s32/pgbu6a.mpg,86,90,3.5974314212799072,0.991440809886581
219,8,/home/nabizadz/Projects/Mahsa/datasets/grid/test/s32/sgbgzs.mpg,178,182,3.8067145347595215,0.9908979534236902
219,9,/home/nabizadz/Projects/Mahsa/datasets/grid/test/s32/pbal9p.mpg,240,244,4.3138580322265625,0.8847764604618321
219,10,/home/nabizadz/Projects/Mahsa/datasets/grid/test/s32/sgam2a.mpg,243,247,4.312448501586914,0.8815599045497529
219,11,/home/nabizadz/Projects/Mahsa/datasets/grid/test/s32/lgii5p.mpg,140,144,3.795397996902466,0.9947042329390842
219,12,/home/nabizadz/Projects/Mahsa/datasets/grid/test/s32/sbwr6a.mpg,73,77,4.135767936706543,0.9983124479217994
219,13,/home/nabizadz/Projects/Mahsa/datasets/grid/test/s32/lbwo2s.mpg,91,95,3.59670352935791,0.9643382552714633
219,14,/home/nabizadz/Projects/Mahsa/datasets/grid/test/s32/bbac3p.mpg,179,183,4.112656116485596,0.9870194030263973
219,15,/home/nabizadz/Projects/Mahsa/datasets/grid/test/s32/swie5n.mpg,9,13,4.539093971252441,0.9973156678214061
220,0,/home/nabizadz/Projects/Mahsa/datasets/grid/test/s32/bgid5n.mpg,223,227,4.4956159591674805,0.9992003044805639
220,1,/home/nabizadz/Projects/Mahsa/datasets/grid/test/s32/lrwi6a.mpg,211,215,4.408444881439209,0.9508260575462605
220,2,/home/nabizadz/Projects/Mahsa/datasets/grid/test/s32/sgas3n.mpg,108,112,4.205825328826904,0.9987054176699732
220,3,/home/nabizadz/Projects/Mahsa/datasets/grid/test/s32/brwx9p.mpg,31,35,4.068628787994385,0.9417744742340005
220,4,/home/nabizadz/Projects/Mahsa/datasets/grid/test/s32/bwix2s.mpg,200,204,4.3739237785339355,0.949580232482335
220,5,/home/nabizadz/Projects/Mahsa/datasets/grid/test/s32/bwaq1n.mpg,236,240,4.407453536987305,0.9416427918595395
220,6,/home/nabizadz/Projects/Mahsa/datasets/grid/test/s32/lrwo8s.mpg,66,70,3.9886634349823,0.9883205691003049
220,7,/home/nabizadz/Projects/Mahsa/datasets/grid/test/s32/lgbj1n.mpg,208,212,4.316175937652588,0.9747072491733835
220,8,/home/nabizadz/Projects/Mahsa/datasets/grid/test/s32/pgwo4s.mpg,44,48,4.304645538330078,0.9958031090618096
220,9,/home/nabizadz/Projects/Mahsa/datasets/grid/test/s32/srbzzs.mpg,219,223,4.311896324157715,0.9931182538237286
220,10,/home/nabizadz/Projects/Mahsa/datasets/grid/test/s32/prbt4a.mpg,123,127,3.90328049659729,0.9963831670810687
220,11,/home/nabizadz/Projects/Mahsa/datasets/grid/test/s32/sgwm7n.mpg,95,99,2.775535821914673,0.9761564573438238
220,12,/home/nabizadz/Projects/Mahsa/datasets/grid/test/s32/bbbv8s.mpg,232,236,4.352478504180908,0.9363065478270532
220,13,/home/nabizadz/Projects/Mahsa/datasets/grid/test/s32/pgwu8s.mpg,32,36,4.411178112030029,0.9952743610311431
220,14,/home/nabizadz/Projects/Mahsa/datasets/grid/test/s32/lgwq2a.mpg,281,285,4.356452941894531,0.975243137070494
220,15,/home/nabizadz/Projects/Mahsa/datasets/grid/test/s32/lbwh7n.mpg,72,76,2.0191149711608887,0.9699164116535481
221,0,/home/nabizadz/Projects/Mahsa/datasets/grid/test/s32/lwih8s.mpg,30,34,4.465777397155762,0.9950242243396888
221,1,/home/nabizadz/Projects/Mahsa/datasets/grid/test/s32/bbib9p.mpg,171,175,3.815145492553711,0.9916978126669769
221,2,/home/nabizadz/Projects/Mahsa/datasets/grid/test/s32/sgbg2a.mpg,234,238,4.408630847930908,0.9528619233751664
221,3,/home/nabizadz/Projects/Mahsa/datasets/grid/test/s32/pgah3p.mpg,287,291,4.224279403686523,0.9594433153052399
221,4,/home/nabizadz/Projects/Mahsa/datasets/grid/test/s32/pragzs.mpg,271,275,4.391168117523193,0.9313920611735065
221,5,/home/nabizadz/Projects/Mahsa/datasets/grid/test/s32/lrih1n.mpg,149,153,3.8215930461883545,0.9949373936038488
221,6,/home/nabizadz/Projects/Mahsa/datasets/grid/test/s32/sgaf7p.mpg,269,273,4.269801139831543,0.9520216565997434
221,7,/home/nabizadz/Projects/Mahsa/datasets/grid/test/s32/bwaj9p.mpg,82,86,3.6072161197662354,0.9930439169776198
221,8,/home/nabizadz/Projects/Mahsa/datasets/grid/test/s32/sgwt3p.mpg,193,197,3.9931819438934326,0.9693342615297171
221,9,/home/nabizadz/Projects/Mahsa/datasets/grid/test/s32/srbl2s.mpg,16,20,4.262204170227051,0.9836127955095031
221,10,/home/nabizadz/Projects/Mahsa/datasets/grid/test/s32/pbif2a.mpg,32,36,4.3763604164123535,0.9924207176370727
221,11,/home/nabizadz/Projects/Mahsa/datasets/grid/test/s32/prbnza.mpg,217,221,3.8710215091705322,0.9839418803314641
221,12,/home/nabizadz/Projects/Mahsa/datasets/grid/test/s32/lbia2s.mpg,159,163,3.5326857566833496,0.9818030302662429
221,13,/home/nabizadz/Projects/Mahsa/datasets/grid/test/s32/pgan6s.mpg,70,74,2.527437925338745,0.9939151666698213
221,14,/home/nabizadz/Projects/Mahsa/datasets/grid/test/s32/pbal7n.mpg,235,239,4.505482196807861,0.9268559152299719
221,15,/home/nabizadz/Projects/Mahsa/datasets/grid/test/s32/pras8s.mpg,59,63,4.020637035369873,0.9952412195943251
222,0,/home/nabizadz/Projects/Mahsa/datasets/grid/test/s32/lwwp6a.mpg,122,126,3.603248357772827,0.9770967973048262
222,1,/home/nabizadz/Projects/Mahsa/datasets/grid/test/s32/lwbc1n.mpg,93,97,3.9755003452301025,0.9950444032038513
222,2,/home/nabizadz/Projects/Mahsa/datasets/grid/test/s32/prwg8s.mpg,286,290,4.38289737701416,0.9886098183015752
222,3,/home/nabizadz/Projects/Mahsa/datasets/grid/test/s32/bgix9p.mpg,55,59,3.482698678970337,0.9585530547209379
222,4,/home/nabizadz/Projects/Mahsa/datasets/grid/test/s32/bgid8a.mpg,19,23,4.1919846534729,0.9786642445755446
222,5,/home/nabizadz/Projects/Mahsa/datasets/grid/test/s32/srae6a.mpg,235,239,4.406418323516846,0.9013454835301989
222,6,/home/nabizadz/Projects/Mahsa/datasets/grid/test/s32/lrwczs.mpg,215,219,4.419488430023193,0.9725306172526234
222,7,/home/nabizadz/Projects/Mahsa/datasets/grid/test/s32/brbqzs.mpg,51,55,4.515620708465576,0.9996021887124822
222,8,/home/nabizadz/Projects/Mahsa/datasets/grid/test/s32/lgwd2s.mpg,235,239,4.280593395233154,0.9119387863604868
222,9,/home/nabizadz/Projects/Mahsa/datasets/grid/test/s32/swws5n.mpg,20,24,4.486467361450195,0.9864616761468105
222,10,/home/nabizadz/Projects/Mahsa/datasets/grid/test/s32/swil1p.mpg,48,52,3.913086175918579,0.9855701813967901
222,11,/home/nabizadz/Projects/Mahsa/datasets/grid/test/s32/bgbe6a.mpg,282,286,4.371919631958008,0.9520977433534422
222,12,/home/nabizadz/Projects/Mahsa/datasets/grid/test/s32/pris4s.mpg,176,180,4.520198822021484,0.9949810687146716
222,13,/home/nabizadz/Projects/Mahsa/datasets/grid/test/s32/pram6a.mpg,158,162,3.9960837364196777,0.9932467777334572
222,14,/home/nabizadz/Projects/Mahsa/datasets/grid/test/s32/lwiiza.mpg,121,125,3.7435131072998047,0.9943322438468407
222,15,/home/nabizadz/Projects/Mahsa/datasets/grid/test/s32/brwq5p.mpg,122,126,4.486425399780273,0.998787469874118
223,0,/home/nabizadz/Projects/Mahsa/datasets/grid/test/s32/lwao6s.mpg,82,86,3.9218297004699707,0.990911171913327
223,1,/home/nabizadz/Projects/Mahsa/datasets/grid/test/s32/lwacza.mpg,0,4,4.432969093322754,0.9982695259668942
223,2,/home/nabizadz/Projects/Mahsa/datasets/grid/test/s32/pbaf3n.mpg,169,173,4.183122634887695,0.9939789685383901
223,3,/home/nabizadz/Projects/Mahsa/datasets/grid/test/s32/brav9n.mpg,209,213,4.5435919761657715,0.985185065352324
223,4,/home/nabizadz/Projects/Mahsa/datasets/grid/test/s32/bbwd2a.mpg,268,272,4.371935844421387,0.9662931287397153
223,5,/home/nabizadz/Projects/Mahsa/datasets/grid/test/s32/bwaj8s.mpg,67,71,3.1166441440582275,0.9893242162862704
223,6,/home/nabizadz/Projects/Mahsa/datasets/grid/test/s32/lraozs.mpg,9,13,4.458675384521484,0.9773480116308122
223,7,/home/nabizadz/Projects/Mahsa/datasets/grid/test/s32/sbay2a.mpg,285,289,4.140932559967041,0.9524578219270197
223,8,/home/nabizadz/Projects/Mahsa/datasets/grid/test/s32/bgay3p.mpg,185,189,4.176565170288086,0.9920643582099656
223,9,/home/nabizadz/Projects/Mahsa/datasets/grid/test/s32/bgak6a.mpg,75,79,3.6279258728027344,0.9951906594333046
223,10,/home/nabizadz/Projects/Mahsa/datasets/grid/test/s32/brac9p.mpg,0,4,4.466041564941406,0.9999801453757711
223,11,/home/nabizadz/Projects/Mahsa/datasets/grid/test/s32/lgic2a.mpg,182,186,3.7578611373901367,0.9830414096398109
223,12,/home/nabizadz/Projects/Mahsa/datasets/grid/test/s32/pwis9n.mpg,81,85,3.769608974456787,0.9935601394116247
223,13,/home/nabizadz/Projects/Mahsa/datasets/grid/test/s32/prwn4a.mpg,223,227,4.413214206695557,0.950851975340053
223,14,/home/nabizadz/Projects/Mahsa/datasets/grid/test/s32/bgik1p.mpg,102,106,3.9452974796295166,0.9956809965848838
223,15,/home/nabizadz/Projects/Mahsa/datasets/grid/test/s32/pwwa9n.mpg,140,144,3.100308418273926,0.984158886889985
224,0,/home/nabizadz/Projects/Mahsa/datasets/grid/test/s32/swwm4a.mpg,263,267,4.372635841369629,0.9253265376630251
224,1,/home/nabizadz/Projects/Mahsa/datasets/grid/test/s32/brbj6s.mpg,91,95,3.939103364944458,0.9900725717675423
224,2,/home/nabizadz/Projects/Mahsa/datasets/grid/test/s32/lrih4a.mpg,235,239,4.472385883331299,0.9375675020264842
224,3,/home/nabizadz/Projects/Mahsa/datasets/grid/test/s32/lgbdza.mpg,263,267,2.023799419403076,0.9477838344910436
224,4,/home/nabizadz/Projects/Mahsa/datasets/grid/test/s32/pbaz6s.mpg,244,248,4.52126407623291,0.9612548669121326
224,5,/home/nabizadz/Projects/Mahsa/datasets/grid/test/s32/bbwp7n.mpg,2,6,4.472646713256836,0.9946839900440888
224,6,/home/nabizadz/Projects/Mahsa/datasets/grid/test/s32/lbwu7p.mpg,14,18,4.35925817489624,0.9762305039638424
224,7,/home/nabizadz/Projects/Mahsa/datasets/grid/test/s32/bwij3n.mpg,68,72,3.7703919410705566,0.9889059056795305
224,8,/home/nabizadz/Projects/Mahsa/datasets/grid/test/s32/pbaf4s.mpg,201,205,4.343432426452637,0.9097074192500072
224,9,/home/nabizadz/Projects/Mahsa/datasets/grid/test/s32/pbbs8a.mpg,215,219,4.571897983551025,0.9747390754451707
224,10,/home/nabizadz/Projects/Mahsa/datasets/grid/test/s32/pwag5n.mpg,233,237,4.409179210662842,0.9628127184546654
224,11,/home/nabizadz/Projects/Mahsa/datasets/grid/test/s32/bgwe7n.mpg,36,40,4.352595806121826,0.9728500650582609
224,12,/home/nabizadz/Projects/Mahsa/datasets/grid/test/s32/bwaj7n.mpg,111,115,3.7877769470214844,0.9858349881543449
224,13,/home/nabizadz/Projects/Mahsa/datasets/grid/test/s32/lbig7p.mpg,25,29,4.3784260749816895,0.9648186428572944
224,14,/home/nabizadz/Projects/Mahsa/datasets/grid/test/s32/bgby6s.mpg,35,39,4.388463020324707,0.9994114366841189
224,15,/home/nabizadz/Projects/Mahsa/datasets/grid/test/s32/bgwz2a.mpg,123,127,3.8861069679260254,0.9900788400589919
225,0,/home/nabizadz/Projects/Mahsa/datasets/grid/test/s32/bbwj4s.mpg,10,14,4.570464611053467,0.9967374479494192
225,1,/home/nabizadz/Projects/Mahsa/datasets/grid/test/s32/briv5n.mpg,156,160,4.164113998413086,0.9993254186869895
225,2,/home/nabizadz/Projects/Mahsa/datasets/grid/test/s32/pgia4s.mpg,108,112,4.001409530639648,0.991473914515561
225,3,/home/nabizadz/Projects/Mahsa/datasets/grid/test/s32/sgas6a.mpg,92,96,3.5849785804748535,0.9884472417970165
225,4,/home/nabizadz/Projects/Mahsa/datasets/grid/test/s32/pram3n.mpg,42,46,4.227839946746826,0.9833242514990315
225,5,/home/nabizadz/Projects/Mahsa/datasets/grid/test/s32/sgil6s.mpg,166,170,4.116488456726074,0.9954392293255546
225,6,/home/nabizadz/Projects/Mahsa/datasets/grid/test/s32/lrin6s.mpg,207,211,4.50045919418335,0.9974839226142312
225,7,/home/nabizadz/Projects/Mahsa/datasets/grid/test/s32/swbl7n.mpg,85,89,3.833275556564331,0.9959782273105391
225,8,/home/nabizadz/Projects/Mahsa/datasets/grid/test/s32/srar1n.mpg,89,93,2.40309739112854,0.994581884466513
225,9,/home/nabizadz/Projects/Mahsa/datasets/grid/test/s32/lgbc8s.mpg,14,18,4.459224700927734,0.9894066109443025
225,10,/home/nabizadz/Projects/Mahsa/datasets/grid/test/s32/lwbp1p.mpg,104,108,4.205679416656494,0.9970248824670709
225,11,/home/nabizadz/Projects/Mahsa/datasets/grid/test/s32/lbaa8a.mpg,176,180,4.065764904022217,0.9924111682877742
225,12,/home/nabizadz/Projects/Mahsa/datasets/grid/test/s32/lwbv6a.mpg,154,158,3.5642576217651367,0.9907031642068163
225,13,/home/nabizadz/Projects/Mahsa/datasets/grid/test/s32/brbd2s.mpg,130,134,3.9137818813323975,0.9947417290896782
225,14,/home/nabizadz/Projects/Mahsa/datasets/grid/test/s32/lbwb4s.mpg,109,113,3.7828240394592285,0.9948015459821286
225,15,/home/nabizadz/Projects/Mahsa/datasets/grid/test/s32/lwbc3p.mpg,121,125,4.452838897705078,0.99833059729939
226,0,/home/nabizadz/Projects/Mahsa/datasets/grid/test/s32/swaf1p.mpg,56,60,2.1573374271392822,0.9923261080911031
226,1,/home/nabizadz/Projects/Mahsa/datasets/grid/test/s32/pgit7p.mpg,93,97,3.2320220470428467,0.981134871938556
226,2,/home/nabizadz/Projects/Mahsa/datasets/grid/test/s32/pgbh6s.mpg,170,174,4.023525714874268,0.9964615727131295
226,3,/home/nabizadz/Projects/Mahsa/datasets/grid/test/s32/bwwy4s.mpg,249,253,4.496148109436035,0.9783607262168972
226,4,/home/nabizadz/Projects/Mahsa/datasets/grid/test/s32/sriy2s.mpg,177,181,3.876227617263794,0.9879298799074226
226,5,/home/nabizadz/Projects/Mahsa/datasets/grid/test/s32/pwwh6a.mpg,92,96,3.6071133613586426,0.9933616964590981
226,6,/home/nabizadz/Projects/Mahsa/datasets/grid/test/s32/bbwc9n.mpg,114,118,4.267663478851318,0.9929667984518961
226,7,/home/nabizadz/Projects/Mahsa/datasets/grid/test/s32/lgipza.mpg,226,230,4.385317802429199,0.9145603677499243
226,8,/home/nabizadz/Projects/Mahsa/datasets/grid/test/s32/bbwx4a.mpg,214,218,4.535475730895996,0.991339759663878
226,9,/home/nabizadz/Projects/Mahsa/datasets/grid/test/s32/pgwb8a.mpg,156,160,3.8630447387695312,0.992545112329762
226,10,/home/nabizadz/Projects/Mahsa/datasets/grid/test/s32/lgiv3p.mpg,183,187,4.031001567840576,0.972102119636328
226,11,/home/nabizadz/Projects/Mahsa/datasets/grid/test/s32/pgau1p.mpg,84,88,3.6043896675109863,0.9922517569026671
226,12,/home/nabizadz/Projects/Mahsa/datasets/grid/test/s32/bwwk8a.mpg,67,71,3.838320016860962,0.9921355361533227
226,13,/home/nabizadz/Projects/Mahsa/datasets/grid/test/s32/pwig1n.mpg,288,292,4.017612934112549,0.9618186725977859
226,14,/home/nabizadz/Projects/Mahsa/datasets/grid/test/s32/lgii3n.mpg,271,275,4.314342975616455,0.9711560727437033
226,15,/home/nabizadz/Projects/Mahsa/datasets/grid/test/s32/lrbh9n.mpg,160,164,4.253194332122803,0.9966599937873205
227,0,/home/nabizadz/Projects/Mahsa/datasets/grid/test/s32/lwwxza.mpg,191,195,3.9016473293304443,0.9780181391660747
227,1,/home/nabizadz/Projects/Mahsa/datasets/grid/test/s32/lban3n.mpg,21,25,4.32653284072876,0.990996215353167
227,2,/home/nabizadz/Projects/Mahsa/datasets/grid/test/s32/lbwo3p.mpg,157,161,4.061756610870361,0.9909356447319912
227,3,/home/nabizadz/Projects/Mahsa/datasets/grid/test/s32/srwz3n.mpg,156,160,3.071021795272827,0.9920588654932058
227,4,/home/nabizadz/Projects/Mahsa/datasets/grid/test/s32/pwim6s.mpg,4,8,4.4746479988098145,0.9995975858509375
227,5,/home/nabizadz/Projects/Mahsa/datasets/grid/test/s32/sbby5p.mpg,142,146,4.0850911140441895,0.9984696600995118
227,6,/home/nabizadz/Projects/Mahsa/datasets/grid/test/s32/lbat7n.mpg,100,104,4.338210105895996,0.9999943198789715
227,7,/home/nabizadz/Projects/Mahsa/datasets/grid/test/s32/pbaz8a.mpg,126,130,3.735487461090088,0.989508189256778
227,8,/home/nabizadz/Projects/Mahsa/datasets/grid/test/s32/swbz8a.mpg,100,104,4.081756114959717,0.9970815809641557
227,9,/home/nabizadz/Projects/Mahsa/datasets/grid/test/s32/pwba6s.mpg,75,79,4.359267711639404,0.9979170043990039
227,10,/home/nabizadz/Projects/Mahsa/datasets/grid/test/s32/lbig8a.mpg,124,128,3.714864730834961,0.9742558245922086
227,11,/home/nabizadz/Projects/Mahsa/datasets/grid/test/s32/prag2a.mpg,268,272,4.3381805419921875,0.8973430997843249
227,12,/home/nabizadz/Projects/Mahsa/datasets/grid/test/s32/bwwk6s.mpg,290,294,4.3492865562438965,0.9797606127053574
227,13,/home/nabizadz/Projects/Mahsa/datasets/grid/test/s32/pbir7n.mpg,45,49,4.283664703369141,0.9829790309072244
227,14,/home/nabizadz/Projects/Mahsa/datasets/grid/test/s32/pwwh4s.mpg,127,131,4.351493835449219,0.9987816783361237
227,15,/home/nabizadz/Projects/Mahsa/datasets/grid/test/s32/sgas5p.mpg,81,85,3.7535223960876465,0.9931414382117824
228,0,/home/nabizadz/Projects/Mahsa/datasets/grid/test/s32/pgbu3n.mpg,7,11,4.4768595695495605,0.9998517329353903
228,1,/home/nabizadz/Projects/Mahsa/datasets/grid/test/s32/sgbm4s.mpg,41,45,4.235818386077881,0.9585414240042242
228,2,/home/nabizadz/Projects/Mahsa/datasets/grid/test/s32/lrau6a.mpg,161,165,3.334697961807251,0.9919122863049822
228,3,/home/nabizadz/Projects/Mahsa/datasets/grid/test/s32/sbbr2a.mpg,253,257,4.296550273895264,0.9533189968570854
228,4,/home/nabizadz/Projects/Mahsa/datasets/grid/test/s32/prbt2s.mpg,219,223,4.413003444671631,0.9288638657480688
228,5,/home/nabizadz/Projects/Mahsa/datasets/grid/test/s32/sbwzza.mpg,126,130,2.663027286529541,0.9917204700272663
228,6,/home/nabizadz/Projects/Mahsa/datasets/grid/test/s32/lwwjzs.mpg,164,168,4.0080180168151855,0.9889967101075835
228,7,/home/nabizadz/Projects/Mahsa/datasets/grid/test/s32/pbbm2s.mpg,163,167,4.334988117218018,0.9975418906995388
228,8,/home/nabizadz/Projects/Mahsa/datasets/grid/test/s32/sgal9n.mpg,49,53,4.01310396194458,0.9867725530925905
228,9,/home/nabizadz/Projects/Mahsa/datasets/grid/test/s32/srby9n.mpg,122,126,4.169136047363281,0.9860820757580875
228,10,/home/nabizadz/Projects/Mahsa/datasets/grid/test/s32/sgbm6a.mpg,114,118,3.52815842628479,0.9949817144408464
228,11,/home/nabizadz/Projects/Mahsa/datasets/grid/test/s32/lbbn9p.mpg,0,4,4.578278541564941,0.9971084833869391
228,12,/home/nabizadz/Projects/Mahsa/datasets/grid/test/s32/pwim8a.mpg,56,60,4.018033981323242,0.9919192876182692
228,13,/home/nabizadz/Projects/Mahsa/datasets/grid/test/s32/pgbb2s.mpg,192,196,4.127091407775879,0.9854961266999023
228,14,/home/nabizadz/Projects/Mahsa/datasets/grid/test/s32/lgwx4s.mpg,288,292,3.5932395458221436,0.9684209988471852
228,15,/home/nabizadz/Projects/Mahsa/datasets/grid/test/s32/pgwvza.mpg,19,23,4.278249263763428,0.9787048295264703
229,0,/home/nabizadz/Projects/Mahsa/datasets/grid/test/s32/bgikzs.mpg,252,256,4.240143775939941,0.8942405667832298
229,1,/home/nabizadz/Projects/Mahsa/datasets/grid/test/s32/lwio1n.mpg,55,59,3.615996837615967,0.9817853290624461
229,2,/home/nabizadz/Projects/Mahsa/datasets/grid/test/s32/pgbn9n.mpg,101,105,3.962033271789551,0.9911999507037809
229,3,/home/nabizadz/Projects/Mahsa/datasets/grid/test/s32/lgbp7p.mpg,45,49,4.393874168395996,0.9903185060366546
229,4,/home/nabizadz/Projects/Mahsa/datasets/grid/test/s32/lwav2a.mpg,56,60,3.7013461589813232,0.9900170853503993
229,5,/home/nabizadz/Projects/Mahsa/datasets/grid/test/s32/sray6s.mpg,204,208,4.483763694763184,0.9959224363795262
229,6,/home/nabizadz/Projects/Mahsa/datasets/grid/test/s32/prbg5p.mpg,113,117,4.094988822937012,0.9930254313284723
229,7,/home/nabizadz/Projects/Mahsa/datasets/grid/test/s32/brbj8a.mpg,48,52,4.374237537384033,0.993128316672712
229,8,/home/nabizadz/Projects/Mahsa/datasets/grid/test/s32/lgbc7n.mpg,190,194,4.06445837020874,0.9971177970156743
229,9,/home/nabizadz/Projects/Mahsa/datasets/grid/test/s32/pgbh7p.mpg,134,138,3.7312066555023193,0.9899568422679627
229,10,/home/nabizadz/Projects/Mahsa/datasets/grid/test/s32/lbahzs.mpg,5,9,4.474276065826416,0.9873293316475696
229,11,/home/nabizadz/Projects/Mahsa/datasets/grid/test/s32/bwad5p.mpg,18,22,4.550572872161865,0.9980428121909293
229,12,/home/nabizadz/Projects/Mahsa/datasets/grid/test/s32/lwwp3n.mpg,152,156,3.6384634971618652,0.9898007115930532
229,13,/home/nabizadz/Projects/Mahsa/datasets/grid/test/s32/lgac3n.mpg,33,37,4.266810894012451,0.9921609476385297
229,14,/home/nabizadz/Projects/Mahsa/datasets/grid/test/s32/bwix4a.mpg,188,192,3.8627560138702393,0.9894176314749183
229,15,/home/nabizadz/Projects/Mahsa/datasets/grid/test/s32/bwij5p.mpg,112,116,3.9434101581573486,0.9972184360693991
230,0,/home/nabizadz/Projects/Mahsa/datasets/grid/test/s32/pgbh8a.mpg,232,236,4.2850775718688965,0.8867633367743407
230,1,/home/nabizadz/Projects/Mahsa/datasets/grid/test/s32/lgwq1p.mpg,245,249,4.2180681228637695,0.8646407371755486
230,2,/home/nabizadz/Projects/Mahsa/datasets/grid/test/s32/swilzs.mpg,30,34,4.385296821594238,0.9956088816750807
230,3,/home/nabizadz/Projects/Mahsa/datasets/grid/test/s32/pbisza.mpg,172,176,4.124384880065918,0.9951614544005322
230,4,/home/nabizadz/Projects/Mahsa/datasets/grid/test/s32/sgir9n.mpg,277,281,4.0872087478637695,0.9447203004039504
230,5,/home/nabizadz/Projects/Mahsa/datasets/grid/test/s32/pwam9n.mpg,0,4,4.541019439697266,0.9959592204786184
230,6,/home/nabizadz/Projects/Mahsa/datasets/grid/test/s32/lgwd1n.mpg,68,72,3.6019210815429688,0.9793595696901763
230,7,/home/nabizadz/Projects/Mahsa/datasets/grid/test/s32/sbak1n.mpg,215,219,4.409088611602783,0.9230799079791541
230,8,/home/nabizadz/Projects/Mahsa/datasets/grid/test/s32/bbwqza.mpg,52,56,4.281134128570557,0.9711366598435743
230,9,/home/nabizadz/Projects/Mahsa/datasets/grid/test/s32/sgwt4a.mpg,113,117,4.0686259269714355,0.9945617121740711
230,10,/home/nabizadz/Projects/Mahsa/datasets/grid/test/s32/lbin1p.mpg,100,104,3.607731580734253,0.9638886311029561
230,11,/home/nabizadz/Projects/Mahsa/datasets/grid/test/s32/bgak4s.mpg,274,278,4.447758674621582,0.9657924629021533
230,12,/home/nabizadz/Projects/Mahsa/datasets/grid/test/s32/srie1p.mpg,190,194,4.254806995391846,0.9933963247883743
230,13,/home/nabizadz/Projects/Mahsa/datasets/grid/test/s32/pwwn8s.mpg,285,289,4.265342712402344,0.9663429453432387
230,14,/home/nabizadz/Projects/Mahsa/datasets/grid/test/s32/sgaf8a.mpg,3,7,4.49915075302124,0.99828816296555
230,15,/home/nabizadz/Projects/Mahsa/datasets/grid/test/s32/lgwx3n.mpg,90,94,3.7590842247009277,0.9949435919159821
231,0,/home/nabizadz/Projects/Mahsa/datasets/grid/test/s32/bbbi9n.mpg,130,134,4.047825813293457,0.9792631966069495
231,1,/home/nabizadz/Projects/Mahsa/datasets/grid/test/s32/sbad8s.mpg,58,62,3.8961730003356934,0.9927655615564466
231,2,/home/nabizadz/Projects/Mahsa/datasets/grid/test/s32/pgan5n.mpg,271,275,4.374818801879883,0.9663404585705522
231,3,/home/nabizadz/Projects/Mahsa/datasets/grid/test/s32/pwat3n.mpg,195,199,4.454591751098633,0.9849396504401111
231,4,/home/nabizadz/Projects/Mahsa/datasets/grid/test/s32/brwq6a.mpg,191,195,4.1212158203125,0.994328110148975
231,5,/home/nabizadz/Projects/Mahsa/datasets/grid/test/s32/bwwrzs.mpg,190,194,3.856397867202759,0.9848378749319107
231,6,/home/nabizadz/Projects/Mahsa/datasets/grid/test/s32/srae3n.mpg,285,289,4.075749397277832,0.9514166946050577
231,7,/home/nabizadz/Projects/Mahsa/datasets/grid/test/s32/pbwm7p.mpg,260,264,4.100420951843262,0.8856686583219623
231,8,/home/nabizadz/Projects/Mahsa/datasets/grid/test/s32/bric6a.mpg,1,5,4.447059631347656,0.9960651035607182
231,9,/home/nabizadz/Projects/Mahsa/datasets/grid/test/s32/bbib8s.mpg,87,91,3.010429620742798,0.9392078753972217
231,10,/home/nabizadz/Projects/Mahsa/datasets/grid/test/s32/sgil8a.mpg,44,48,4.402390956878662,0.9959178908001267
231,11,/home/nabizadz/Projects/Mahsa/datasets/grid/test/s32/bbao9n.mpg,47,51,3.812628984451294,0.9980703830312488
231,12,/home/nabizadz/Projects/Mahsa/datasets/grid/test/s32/sbak4a.mpg,174,178,3.854515552520752,0.9905204505392552
231,13,/home/nabizadz/Projects/Mahsa/datasets/grid/test/s32/sgbs9p.mpg,274,278,4.27198600769043,0.9233955583248386
231,14,/home/nabizadz/Projects/Mahsa/datasets/grid/test/s32/lrwv2s.mpg,158,162,3.7561964988708496,0.9843468302326891
231,15,/home/nabizadz/Projects/Mahsa/datasets/grid/test/s32/lbbu3p.mpg,0,4,4.542457580566406,0.9999972577434266
232,0,/home/nabizadz/Projects/Mahsa/datasets/grid/test/s32/brbd3p.mpg,249,253,4.373985767364502,0.8997424125460727
232,1,/home/nabizadz/Projects/Mahsa/datasets/grid/test/s32/pwig4a.mpg,265,269,4.342103958129883,0.9183220284246333
232,2,/home/nabizadz/Projects/Mahsa/datasets/grid/test/s32/bwbd8s.mpg,156,160,4.262208461761475,0.9959354266734782
232,3,/home/nabizadz/Projects/Mahsa/datasets/grid/test/s32/bbio6s.mpg,45,49,3.8352582454681396,0.9961946687263942
232,4,/home/nabizadz/Projects/Mahsa/datasets/grid/test/s32/lwib5p.mpg,247,251,4.066758155822754,0.8545448113881682
232,5,/home/nabizadz/Projects/Mahsa/datasets/grid/test/s32/pbwg2s.mpg,218,222,4.241649627685547,0.919349002039833
232,6,/home/nabizadz/Projects/Mahsa/datasets/grid/test/s32/swae9n.mpg,164,168,3.8611106872558594,0.9907862577508486
232,7,/home/nabizadz/Projects/Mahsa/datasets/grid/test/s32/bwad4s.mpg,64,68,3.1332924365997314,0.9875369390896277
232,8,/home/nabizadz/Projects/Mahsa/datasets/grid/test/s32/bbiv1p.mpg,67,71,3.589224338531494,0.9811736804391437
232,9,/home/nabizadz/Projects/Mahsa/datasets/grid/test/s32/pris5p.mpg,257,261,4.2237372398376465,0.8702398551756773
232,10,/home/nabizadz/Projects/Mahsa/datasets/grid/test/s32/brbd1n.mpg,249,253,4.371758460998535,0.9232379134768043
232,11,/home/nabizadz/Projects/Mahsa/datasets/grid/test/s32/srws2a.mpg,191,195,4.504003524780273,0.9897776442386834
232,12,/home/nabizadz/Projects/Mahsa/datasets/grid/test/s32/srwz6a.mpg,97,101,3.9654321670532227,0.9918550956443564
232,13,/home/nabizadz/Projects/Mahsa/datasets/grid/test/s32/lgav6s.mpg,197,201,4.5066237449646,0.9975773871404223
232,14,/home/nabizadz/Projects/Mahsa/datasets/grid/test/s32/lwbc2s.mpg,258,262,4.357553005218506,0.9172760156757739
232,15,/home/nabizadz/Projects/Mahsa/datasets/grid/test/s32/bgwr7p.mpg,188,192,3.8320882320404053,0.9761114482182136
233,0,/home/nabizadz/Projects/Mahsa/datasets/grid/test/s32/lwbv3n.mpg,122,126,4.216135501861572,0.9954094497369387
233,1,/home/nabizadz/Projects/Mahsa/datasets/grid/test/s32/pbwg3p.mpg,199,203,4.133424282073975,0.9855046144527305
233,2,/home/nabizadz/Projects/Mahsa/datasets/grid/test/s32/swbz7p.mpg,189,193,4.092317581176758,0.9825580265377424
233,3,/home/nabizadz/Projects/Mahsa/datasets/grid/test/s32/swiy8s.mpg,242,246,4.450235366821289,0.9328486182820384
233,4,/home/nabizadz/Projects/Mahsa/datasets/grid/test/s32/brwkzs.mpg,248,252,4.521615505218506,0.9945084963222797
233,5,/home/nabizadz/Projects/Mahsa/datasets/grid/test/s32/pgia3n.mpg,261,265,4.039177417755127,0.8720693344134637
233,6,/home/nabizadz/Projects/Mahsa/datasets/grid/test/s32/bgwe8s.mpg,254,258,4.3350653648376465,0.9469916370990251
233,7,/home/nabizadz/Projects/Mahsa/datasets/grid/test/s32/lbim9n.mpg,99,103,2.0976221561431885,0.9755506181424887
233,8,/home/nabizadz/Projects/Mahsa/datasets/grid/test/s32/prbg3n.mpg,199,203,4.473442077636719,0.9959886593500381
233,9,/home/nabizadz/Projects/Mahsa/datasets/grid/test/s32/lbat9p.mpg,127,131,3.7524495124816895,0.9908373692012957
233,10,/home/nabizadz/Projects/Mahsa/datasets/grid/test/s32/sray5n.mpg,22,26,4.209138870239258,0.9596907667676065
233,11,/home/nabizadz/Projects/Mahsa/datasets/grid/test/s32/bgid6s.mpg,227,231,4.486727714538574,0.9928163770756407
233,12,/home/nabizadz/Projects/Mahsa/datasets/grid/test/s32/swwz9n.mpg,58,62,4.429704189300537,0.9939652174226363
233,13,/home/nabizadz/Projects/Mahsa/datasets/grid/test/s32/lrbo3n.mpg,14,18,4.434301376342773,0.9814132470962397
233,14,/home/nabizadz/Projects/Mahsa/datasets/grid/test/s32/sriq9p.mpg,214,218,4.420324325561523,0.9561421828809183
233,15,/home/nabizadz/Projects/Mahsa/datasets/grid/test/s32/pbaz5n.mpg,192,196,4.27003812789917,0.9993782475964313
234,0,/home/nabizadz/Projects/Mahsa/datasets/grid/test/s32/srwf4a.mpg,20,24,4.438430309295654,0.9893344398118977
234,1,/home/nabizadz/Projects/Mahsa/datasets/grid/test/s32/lrau3n.mpg,262,266,3.937021255493164,0.8739520324588348
234,2,/home/nabizadz/Projects/Mahsa/datasets/grid/test/s32/lbbh6a.mpg,249,253,4.4162187576293945,0.9342937877418106
234,3,/home/nabizadz/Projects/Mahsa/datasets/grid/test/s32/sriq8s.mpg,45,49,4.334552764892578,0.9292423237503707
234,4,/home/nabizadz/Projects/Mahsa/datasets/grid/test/s32/prim2a.mpg,154,158,3.810513734817505,0.9835101250753512
234,5,/home/nabizadz/Projects/Mahsa/datasets/grid/test/s32/lwao5n.mpg,39,43,4.322808742523193,0.9875446920157602
234,6,/home/nabizadz/Projects/Mahsa/datasets/grid/test/s32/lbauza.mpg,156,160,4.150530815124512,0.9910640259967333
234,7,/home/nabizadz/Projects/Mahsa/datasets/grid/test/s32/pgwo3n.mpg,286,290,4.223938465118408,0.9643853997080742
234,8,/home/nabizadz/Projects/Mahsa/datasets/grid/test/s32/lgwp9n.mpg,42,46,4.10348653793335,0.9396760812632986
234,9,/home/nabizadz/Projects/Mahsa/datasets/grid/test/s32/bgay2s.mpg,173,177,4.092691421508789,0.9835159211213155
234,10,/home/nabizadz/Projects/Mahsa/datasets/grid/test/s32/pgan7p.mpg,4,8,4.428825855255127,0.9957783341825533
234,11,/home/nabizadz/Projects/Mahsa/datasets/grid/test/s32/pbwm8a.mpg,219,223,4.102080821990967,0.993980015872897
234,12,/home/nabizadz/Projects/Mahsa/datasets/grid/test/s32/sgaf5n.mpg,282,286,4.567155838012695,0.997663036645879
234,13,/home/nabizadz/Projects/Mahsa/datasets/grid/test/s32/srbfza.mpg,112,116,2.2253246307373047,0.995332546224182
234,14,/home/nabizadz/Projects/Mahsa/datasets/grid/test/s32/bwbx9n.mpg,292,296,4.230184078216553,0.9866172024346891
234,15,/home/nabizadz/Projects/Mahsa/datasets/grid/test/s32/lbwb5p.mpg,127,131,3.8212978839874268,0.9941072331454749
235,0,/home/nabizadz/Projects/Mahsa/datasets/grid/test/s32/lgbj3p.mpg,12,16,4.426214218139648,0.9837750734051017
235,1,/home/nabizadz/Projects/Mahsa/datasets/grid/test/s32/bgbr2s.mpg,267,271,4.359573841094971,0.9650577265823963
235,2,/home/nabizadz/Projects/Mahsa/datasets/grid/test/s32/lgai7n.mpg,66,70,3.853219509124756,0.9907449945577632
235,3,/home/nabizadz/Projects/Mahsa/datasets/grid/test/s32/pgauzs.mpg,295,299,4.5373077392578125,0.9999020571739475
235,4,/home/nabizadz/Projects/Mahsa/datasets/grid/test/s32/lrah8a.mpg,96,100,4.308528900146484,0.9993990830668231
235,5,/home/nabizadz/Projects/Mahsa/datasets/grid/test/s32/pbwaza.mpg,205,209,4.49016809463501,0.9963602531350194
235,6,/home/nabizadz/Projects/Mahsa/datasets/grid/test/s32/lbbu4a.mpg,85,89,2.545675039291382,0.97967154021306
235,7,/home/nabizadz/Projects/Mahsa/datasets/grid/test/s32/brwd8a.mpg,156,160,4.1832146644592285,0.9952495091113367
235,8,/home/nabizadz/Projects/Mahsa/datasets/grid/test/s32/prif6s.mpg,27,31,4.3844757080078125,0.959556035459275
235,9,/home/nabizadz/Projects/Mahsa/datasets/grid/test/s32/bwip8s.mpg,101,105,3.820147752761841,0.9928551481409974
235,10,/home/nabizadz/Projects/Mahsa/datasets/grid/test/s32/swir5p.mpg,283,287,4.370721340179443,0.9883777769996849
235,11,/home/nabizadz/Projects/Mahsa/datasets/grid/test/s32/srbe9p.mpg,85,89,2.915487051010132,0.9969502332858308
235,12,/home/nabizadz/Projects/Mahsa/datasets/grid/test/s32/lbig5n.mpg,4,8,4.4683661460876465,0.9841029245884754
235,13,/home/nabizadz/Projects/Mahsa/datasets/grid/test/s32/sbak3p.mpg,26,30,4.4286041259765625,0.993872571711024
235,14,/home/nabizadz/Projects/Mahsa/datasets/grid/test/s32/lrwv4a.mpg,7,11,4.394384384155273,0.9891215047884663
235,15,/home/nabizadz/Projects/Mahsa/datasets/grid/test/s32/sbbr1p.mpg,49,53,4.273961067199707,0.9881434896467209
236,0,/home/nabizadz/Projects/Mahsa/datasets/grid/test/s32/lwbc4a.mpg,160,164,3.7474915981292725,0.9926845859206253
236,1,/home/nabizadz/Projects/Mahsa/datasets/grid/test/s32/prwg9p.mpg,155,159,3.887746572494507,0.9825192293049675
236,2,/home/nabizadz/Projects/Mahsa/datasets/grid/test/s32/sbbrzs.mpg,78,82,3.591966152191162,0.9842154036938003
236,3,/home/nabizadz/Projects/Mahsa/datasets/grid/test/s32/lwwj2a.mpg,25,29,4.380890369415283,0.9689336485542737
236,4,/home/nabizadz/Projects/Mahsa/datasets/grid/test/s32/pwaa3p.mpg,116,120,4.096918106079102,0.9926519336325464
236,5,/home/nabizadz/Projects/Mahsa/datasets/grid/test/s32/pgaa9p.mpg,127,131,3.8625783920288086,0.9900894852935865
236,6,/home/nabizadz/Projects/Mahsa/datasets/grid/test/s32/lrau4s.mpg,176,180,2.812617063522339,0.9894926532020321
236,7,/home/nabizadz/Projects/Mahsa/datasets/grid/test/s32/sbij9p.mpg,167,171,3.862438440322876,0.9896483214773415
236,8,/home/nabizadz/Projects/Mahsa/datasets/grid/test/s32/pwan1p.mpg,24,28,4.4025492668151855,0.9939471225571371
236,9,/home/nabizadz/Projects/Mahsa/datasets/grid/test/s32/lwwj1p.mpg,268,272,4.367593288421631,0.9234766122640353
236,10,/home/nabizadz/Projects/Mahsa/datasets/grid/test/s32/prim1p.mpg,63,67,3.2602601051330566,0.9854306081581451
236,11,/home/nabizadz/Projects/Mahsa/datasets/grid/test/s32/pbbs6s.mpg,0,4,4.4830851554870605,0.9921327482457607
236,12,/home/nabizadz/Projects/Mahsa/datasets/grid/test/s32/pbaf6a.mpg,192,196,4.325106620788574,0.9768892258498449
236,13,/home/nabizadz/Projects/Mahsa/datasets/grid/test/s32/pgit8a.mpg,254,258,4.2819390296936035,0.8853468562633499
236,14,/home/nabizadz/Projects/Mahsa/datasets/grid/test/s32/prwhza.mpg,125,129,2.157191276550293,0.9893019551163988
236,15,/home/nabizadz/Projects/Mahsa/datasets/grid/test/s32/srae5p.mpg,125,129,3.861057996749878,0.9930295341971391
237,0,/home/nabizadz/Projects/Mahsa/datasets/grid/test/s32/lrwv3p.mpg,82,86,3.567185163497925,0.9772537364412601
237,1,/home/nabizadz/Projects/Mahsa/datasets/grid/test/s32/bwad3n.mpg,163,167,4.065585136413574,0.9881883015535822
237,2,/home/nabizadz/Projects/Mahsa/datasets/grid/test/s32/bgwz1p.mpg,157,161,3.428095579147339,0.9857247430067473
237,3,/home/nabizadz/Projects/Mahsa/datasets/grid/test/s32/sbby6a.mpg,9,13,4.497714042663574,0.9876159502491623
237,4,/home/nabizadz/Projects/Mahsa/datasets/grid/test/s32/lgwx5p.mpg,274,278,4.14960241317749,0.9445464731934036
237,5,/home/nabizadz/Projects/Mahsa/datasets/grid/test/s32/lwwc8a.mpg,258,262,4.260858535766602,0.9742395452451381
237,6,/home/nabizadz/Projects/Mahsa/datasets/grid/test/s32/lrbb6s.mpg,51,55,4.044107437133789,0.9937671169941754
237,7,/home/nabizadz/Projects/Mahsa/datasets/grid/test/s32/prwn1n.mpg,10,14,4.416980266571045,0.9890593962242054
237,8,/home/nabizadz/Projects/Mahsa/datasets/grid/test/s32/srak7n.mpg,148,152,3.0814809799194336,0.9834659529258533
237,9,/home/nabizadz/Projects/Mahsa/datasets/grid/test/s32/pbbs7p.mpg,14,18,4.374883651733398,0.9680671396929998
237,10,/home/nabizadz/Projects/Mahsa/datasets/grid/test/s32/bgarza.mpg,41,45,4.416317939758301,0.9940406360928428
237,11,/home/nabizadz/Projects/Mahsa/datasets/grid/test/s32/briv6s.mpg,99,103,3.7333641052246094,0.9884401865739522
237,12,/home/nabizadz/Projects/Mahsa/datasets/grid/test/s32/srbr5n.mpg,71,75,3.6976559162139893,0.996346249530452
237,13,/home/nabizadz/Projects/Mahsa/datasets/grid/test/s32/lrbi1p.mpg,33,37,4.459258079528809,0.999971429583115
237,14,/home/nabizadz/Projects/Mahsa/datasets/grid/test/s32/lgiczs.mpg,32,36,4.146543025970459,0.9907856716167751
237,15,/home/nabizadz/Projects/Mahsa/datasets/grid/test/s32/swaf2a.mpg,219,223,4.205954551696777,0.9235657849717438
238,0,/home/nabizadz/Projects/Mahsa/datasets/grid/test/s32/bbib7n.mpg,19,23,4.365986347198486,0.9928596449507822
238,1,/home/nabizadz/Projects/Mahsa/datasets/grid/test/s32/sbij8s.mpg,68,72,4.289828300476074,0.998684464045413
238,2,/home/nabizadz/Projects/Mahsa/datasets/grid/test/s32/lrbo5p.mpg,260,264,4.4439802169799805,0.9098025109468202
238,3,/home/nabizadz/Projects/Mahsa/datasets/grid/test/s32/lwwc6s.mpg,139,143,3.7169530391693115,0.9923376231746286
238,4,/home/nabizadz/Projects/Mahsa/datasets/grid/test/s32/pwanzs.mpg,0,4,4.303462028503418,0.9953969690953866
238,5,/home/nabizadz/Projects/Mahsa/datasets/grid/test/s32/pwim7p.mpg,278,282,4.43618631362915,0.9905653040628889
238,6,/home/nabizadz/Projects/Mahsa/datasets/grid/test/s32/sbwy9p.mpg,40,44,4.405773639678955,0.9884784776326938
238,7,/home/nabizadz/Projects/Mahsa/datasets/grid/test/s32/prwa3n.mpg,47,51,4.135608673095703,0.9844084494712837
238,8,/home/nabizadz/Projects/Mahsa/datasets/grid/test/s32/sbwy7n.mpg,168,172,3.6010184288024902,0.9870787066632656
238,9,/home/nabizadz/Projects/Mahsa/datasets/grid/test/s32/prwt5n.mpg,288,292,4.379533290863037,0.981764227419256
238,10,/home/nabizadz/Projects/Mahsa/datasets/grid/test/s32/swie8a.mpg,120,124,3.6787703037261963,0.9850850863869847
238,11,/home/nabizadz/Projects/Mahsa/datasets/grid/test/s32/pbas2s.mpg,204,208,4.150301933288574,0.9919000347247268
238,12,/home/nabizadz/Projects/Mahsa/datasets/grid/test/s32/lbwo1n.mpg,282,286,4.3554558753967285,0.95905595858295
238,13,/home/nabizadz/Projects/Mahsa/datasets/grid/test/s32/bwax7p.mpg,15,19,4.394091606140137,0.990036223252602
238,14,/home/nabizadz/Projects/Mahsa/datasets/grid/test/s32/lriu1p.mpg,218,222,4.262082099914551,0.8812222278641885
238,15,/home/nabizadz/Projects/Mahsa/datasets/grid/test/s32/bwix1n.mpg,28,32,3.5892109870910645,0.9860936030937566
239,0,/home/nabizadz/Projects/Mahsa/datasets/grid/test/s32/bgid7p.mpg,141,145,3.8676445484161377,0.9899910514849919
239,1,/home/nabizadz/Projects/Mahsa/datasets/grid/test/s32/lwav1p.mpg,60,64,4.365972518920898,0.9812031648473262
239,2,/home/nabizadz/Projects/Mahsa/datasets/grid/test/s32/lgac6a.mpg,240,244,4.3522257804870605,0.9912318234535845
239,3,/home/nabizadz/Projects/Mahsa/datasets/grid/test/s32/srwz5p.mpg,75,79,4.173323631286621,0.9985306497287851
239,4,/home/nabizadz/Projects/Mahsa/datasets/grid/test/s32/sbwr4s.mpg,54,58,4.280728816986084,0.9964317838736936
239,5,/home/nabizadz/Projects/Mahsa/datasets/grid/test/s32/sgwa2a.mpg,230,234,4.385994911193848,0.8890110719000144
239,6,/home/nabizadz/Projects/Mahsa/datasets/grid/test/s32/swwm3p.mpg,13,17,4.457489967346191,0.9964011935687533
239,7,/home/nabizadz/Projects/Mahsa/datasets/grid/test/s32/swal4s.mpg,37,41,4.304535388946533,0.9874152350180099
239,8,/home/nabizadz/Projects/Mahsa/datasets/grid/test/s32/sbak2s.mpg,155,159,4.31936502456665,0.9954720955482823
239,9,/home/nabizadz/Projects/Mahsa/datasets/grid/test/s32/sgwt1n.mpg,156,160,4.023909568786621,0.9908390317610506
239,10,/home/nabizadz/Projects/Mahsa/datasets/grid/test/s32/sbad7n.mpg,47,51,4.206686019897461,0.9896193623327799
239,11,/home/nabizadz/Projects/Mahsa/datasets/grid/test/s32/pwba5n.mpg,63,67,3.553513526916504,0.9957528240888842
239,12,/home/nabizadz/Projects/Mahsa/datasets/grid/test/s32/sgiszs.mpg,69,73,4.15208625793457,0.9943504498071808
239,13,/home/nabizadz/Projects/Mahsa/datasets/grid/test/s32/lwbi7p.mpg,200,204,2.893968343734741,0.9955892355543988
239,14,/home/nabizadz/Projects/Mahsa/datasets/grid/test/s32/prwt8a.mpg,52,56,4.220839023590088,0.9959080176717683
239,15,/home/nabizadz/Projects/Mahsa/datasets/grid/test/s32/lwib3n.mpg,19,23,4.278321266174316,0.9969346076203951
240,0,/home/nabizadz/Projects/Mahsa/datasets/grid/test/s32/pbbm4a.mpg,105,109,3.964090347290039,0.9945330444949331
240,1,/home/nabizadz/Projects/Mahsa/datasets/grid/test/s32/lwwi9n.mpg,64,68,2.889519691467285,0.9863679365484324
240,2,/home/nabizadz/Projects/Mahsa/datasets/grid/test/s32/lgac4s.mpg,128,132,4.329978942871094,0.9975907840196874
240,3,/home/nabizadz/Projects/Mahsa/datasets/grid/test/s32/lgio7n.mpg,224,228,4.378662586212158,0.9789611639352002
240,4,/home/nabizadz/Projects/Mahsa/datasets/grid/test/s32/lwio3p.mpg,192,196,4.334575176239014,0.9855023664704837
240,5,/home/nabizadz/Projects/Mahsa/datasets/grid/test/s32/pbwg1n.mpg,113,117,3.6958563327789307,0.9887782115036502
240,6,/home/nabizadz/Projects/Mahsa/datasets/grid/test/s32/bbai6s.mpg,68,72,3.631512403488159,0.9664016763961036
240,7,/home/nabizadz/Projects/Mahsa/datasets/grid/test/s32/bwbq8a.mpg,70,74,4.113096237182617,0.9960327785481242
240,8,/home/nabizadz/Projects/Mahsa/datasets/grid/test/s32/brip1n.mpg,19,23,3.9365925788879395,0.9565321275141638
240,9,/home/nabizadz/Projects/Mahsa/datasets/grid/test/s32/sbbq9n.mpg,152,156,3.555209159851074,0.9938783973657508
240,10,/home/nabizadz/Projects/Mahsa/datasets/grid/test/s32/praf9n.mpg,37,41,4.569427013397217,0.9979542603512122
240,11,/home/nabizadz/Projects/Mahsa/datasets/grid/test/s32/bwbyzs.mpg,102,106,4.18055534362793,0.9971561756777778
240,12,/home/nabizadz/Projects/Mahsa/datasets/grid/test/s32/bgbe3n.mpg,251,255,3.9709625244140625,0.8580967159749232
240,13,/home/nabizadz/Projects/Mahsa/datasets/grid/test/s32/bbbp6a.mpg,173,177,3.908437728881836,0.989274703045984
240,14,/home/nabizadz/Projects/Mahsa/datasets/grid/test/s32/pbil3n.mpg,61,65,3.630314826965332,0.9927726981484919
240,15,/home/nabizadz/Projects/Mahsa/datasets/grid/test/s32/srbr7p.mpg,70,74,3.9265458583831787,0.9926164719721123
241,0,/home/nabizadz/Projects/Mahsa/datasets/grid/test/s32/sbax9n.mpg,17,21,4.509585380554199,0.9996953430732076
241,1,/home/nabizadz/Projects/Mahsa/datasets/grid/test/s32/lrbo6a.mpg,112,116,4.142837047576904,0.9965951855780009
241,2,/home/nabizadz/Projects/Mahsa/datasets/grid/test/s32/sbix5n.mpg,243,247,4.290063858032227,0.8843402107445124
241,3,/home/nabizadz/Projects/Mahsa/datasets/grid/test/s32/swws6s.mpg,182,186,4.29595947265625,0.9941446228940108
241,4,/home/nabizadz/Projects/Mahsa/datasets/grid/test/s32/pwitzs.mpg,3,7,4.502010345458984,0.9876205909428514
241,5,/home/nabizadz/Projects/Mahsa/datasets/grid/test/s32/pgbozs.mpg,174,178,3.2386839389801025,0.9411896660569071
241,6,/home/nabizadz/Projects/Mahsa/datasets/grid/test/s32/lwwp4s.mpg,241,245,4.333261966705322,0.9201375811783913
241,7,/home/nabizadz/Projects/Mahsa/datasets/grid/test/s32/swaz4a.mpg,254,258,4.370106220245361,0.958727800065275
241,8,/home/nabizadz/Projects/Mahsa/datasets/grid/test/s32/sbwe7p.mpg,233,237,4.448596954345703,0.9410116624390388
241,9,/home/nabizadz/Projects/Mahsa/datasets/grid/test/s32/pbiz3p.mpg,71,75,4.283873081207275,0.9997011479928841
241,10,/home/nabizadz/Projects/Mahsa/datasets/grid/test/s32/bwix3p.mpg,221,225,4.513070583343506,0.9801963494323378
241,11,/home/nabizadz/Projects/Mahsa/datasets/grid/test/s32/srwl5n.mpg,238,242,4.293223857879639,0.8753373039246812
241,12,/home/nabizadz/Projects/Mahsa/datasets/grid/test/s32/lrah5n.mpg,76,80,2.0631916522979736,0.9961036870127176
241,13,/home/nabizadz/Projects/Mahsa/datasets/grid/test/s32/bgak3n.mpg,24,28,4.385474681854248,0.9791360203240335
241,14,/home/nabizadz/Projects/Mahsa/datasets/grid/test/s32/sbbe1n.mpg,201,205,4.258678436279297,0.9172248943825871
241,15,/home/nabizadz/Projects/Mahsa/datasets/grid/test/s32/pbil4s.mpg,103,107,3.7415130138397217,0.9898341485694688
242,0,/home/nabizadz/Projects/Mahsa/datasets/grid/test/s32/bbii4a.mpg,166,170,3.7987987995147705,0.9953265657864167
242,1,/home/nabizadz/Projects/Mahsa/datasets/grid/test/s32/bgwl1n.mpg,261,265,4.2235212326049805,0.8892090049617069
242,2,/home/nabizadz/Projects/Mahsa/datasets/grid/test/s32/sgif4a.mpg,221,225,4.2339606285095215,0.8907065797107838
242,3,/home/nabizadz/Projects/Mahsa/datasets/grid/test/s32/bgbr1n.mpg,225,229,4.276330471038818,0.9945222983003903
242,4,/home/nabizadz/Projects/Mahsa/datasets/grid/test/s32/swwf7n.mpg,176,180,3.273690938949585,0.9927663311074506
242,5,/home/nabizadz/Projects/Mahsa/datasets/grid/test/s32/bbwj6a.mpg,37,41,4.229517459869385,0.9840728005589242
242,6,/home/nabizadz/Projects/Mahsa/datasets/grid/test/s32/lbboza.mpg,60,64,3.3109591007232666,0.9871364707198211
242,7,/home/nabizadz/Projects/Mahsa/datasets/grid/test/s32/bgwzzs.mpg,105,109,3.933562994003296,0.9902953679649161
242,8,/home/nabizadz/Projects/Mahsa/datasets/grid/test/s32/bgwl4a.mpg,61,65,4.341947078704834,0.9970444098004213
242,9,/home/nabizadz/Projects/Mahsa/datasets/grid/test/s32/srwz4s.mpg,195,199,4.3247504234313965,0.9961926288476278
242,10,/home/nabizadz/Projects/Mahsa/datasets/grid/test/s32/pgwizs.mpg,158,162,3.8700106143951416,0.9924231178401047
242,11,/home/nabizadz/Projects/Mahsa/datasets/grid/test/s32/pwiaza.mpg,49,53,4.252002239227295,0.9817729492558399
242,12,/home/nabizadz/Projects/Mahsa/datasets/grid/test/s32/sgiz6a.mpg,199,203,4.295975685119629,0.9939197411509404
242,13,/home/nabizadz/Projects/Mahsa/datasets/grid/test/s32/srwf1n.mpg,229,233,4.3994364738464355,0.9372992381618396
242,14,/home/nabizadz/Projects/Mahsa/datasets/grid/test/s32/pwit1p.mpg,175,179,4.228436470031738,0.9923033490234773
242,15,/home/nabizadz/Projects/Mahsa/datasets/grid/test/s32/sgbs8s.mpg,140,144,3.7943274974823,0.9922805491609069
243,0,/home/nabizadz/Projects/Mahsa/datasets/grid/test/s32/pwag7p.mpg,270,274,4.3029022216796875,0.8946348199753762
243,1,/home/nabizadz/Projects/Mahsa/datasets/grid/test/s32/bgwe9p.mpg,63,67,3.3183534145355225,0.9868155524163467
243,2,/home/nabizadz/Projects/Mahsa/datasets/grid/test/s32/lbit5p.mpg,186,190,4.533395767211914,0.997012625133025
243,3,/home/nabizadz/Projects/Mahsa/datasets/grid/test/s32/lrwc1p.mpg,200,204,4.291413307189941,0.9889230390834689
243,4,/home/nabizadz/Projects/Mahsa/datasets/grid/test/s32/bbac1n.mpg,253,257,4.270903587341309,0.8748622361881825
243,5,/home/nabizadz/Projects/Mahsa/datasets/grid/test/s32/lrbu7n.mpg,122,126,4.303530693054199,0.9969826175822749
243,6,/home/nabizadz/Projects/Mahsa/datasets/grid/test/s32/srik6a.mpg,88,92,1.95284903049469,0.9904924097619308
243,7,/home/nabizadz/Projects/Mahsa/datasets/grid/test/s32/sgwnza.mpg,32,36,4.375895023345947,0.9922732529803617
243,8,/home/nabizadz/Projects/Mahsa/datasets/grid/test/s32/lwbi8a.mpg,149,153,4.120127201080322,0.9943274533194225
243,9,/home/nabizadz/Projects/Mahsa/datasets/grid/test/s32/bwbd7n.mpg,145,149,3.9372708797454834,0.9922149706389772
243,10,/home/nabizadz/Projects/Mahsa/datasets/grid/test/s32/lgwj6s.mpg,107,111,3.490997791290283,0.9688183026404257
243,11,/home/nabizadz/Projects/Mahsa/datasets/grid/test/s32/pbaz7p.mpg,80,84,4.26884651184082,0.9999917496008708
243,12,/home/nabizadz/Projects/Mahsa/datasets/grid/test/s32/bgbk9p.mpg,123,127,4.1182861328125,0.9987553788941854
243,13,/home/nabizadz/Projects/Mahsa/datasets/grid/test/s32/pras9p.mpg,192,196,4.168140888214111,0.9543063776490919
243,14,/home/nabizadz/Projects/Mahsa/datasets/grid/test/s32/pbil5p.mpg,156,160,3.959507942199707,0.9915498676530389
243,15,/home/nabizadz/Projects/Mahsa/datasets/grid/test/s32/prwt6s.mpg,2,6,4.502325057983398,0.985979348031542
244,0,/home/nabizadz/Projects/Mahsa/datasets/grid/test/s32/srbl4a.mpg,174,178,3.6336634159088135,0.9815190599437625
244,1,/home/nabizadz/Projects/Mahsa/datasets/grid/test/s32/brbd4a.mpg,50,54,4.3882341384887695,0.995768773359652
244,2,/home/nabizadz/Projects/Mahsa/datasets/grid/test/s32/lrit9n.mpg,234,238,4.41850471496582,0.9348641164464586
244,3,/home/nabizadz/Projects/Mahsa/datasets/grid/test/s32/bbbc5n.mpg,106,110,4.173715591430664,0.9968967744443143
244,4,/home/nabizadz/Projects/Mahsa/datasets/grid/test/s32/braj1n.mpg,56,60,4.431121349334717,0.987281783596552
244,5,/home/nabizadz/Projects/Mahsa/datasets/grid/test/s32/lrab2s.mpg,253,257,4.4073357582092285,0.9941011735093198
244,6,/home/nabizadz/Projects/Mahsa/datasets/grid/test/s32/brbq2a.mpg,169,173,3.986236095428467,0.992398299151762
244,7,/home/nabizadz/Projects/Mahsa/datasets/grid/test/s32/lgai9p.mpg,121,125,3.5878963470458984,0.9899823059278537
244,8,/home/nabizadz/Projects/Mahsa/datasets/grid/test/s32/lbinzs.mpg,245,249,4.397744655609131,0.9954077569080383
244,9,/home/nabizadz/Projects/Mahsa/datasets/grid/test/s32/pbas4a.mpg,59,63,4.292721271514893,0.9996732052301135
244,10,/home/nabizadz/Projects/Mahsa/datasets/grid/test/s32/bbwj5p.mpg,246,250,4.369699478149414,0.8879755899547613
244,11,/home/nabizadz/Projects/Mahsa/datasets/grid/test/s32/bgaq8s.mpg,148,152,4.011758327484131,0.9896544525220794
244,12,/home/nabizadz/Projects/Mahsa/datasets/grid/test/s32/swiy7n.mpg,239,243,4.516497611999512,0.9940189234780425
244,13,/home/nabizadz/Projects/Mahsa/datasets/grid/test/s32/bbbp5p.mpg,27,31,4.49985933303833,0.9999996940077103
244,14,/home/nabizadz/Projects/Mahsa/datasets/grid/test/s32/sbwy8s.mpg,253,257,4.24369478225708,0.8831180925409757
244,15,/home/nabizadz/Projects/Mahsa/datasets/grid/test/s32/brip4a.mpg,20,24,4.414794445037842,0.966041350963471
245,0,/home/nabizadz/Projects/Mahsa/datasets/grid/test/s32/bbwx3p.mpg,101,105,3.694384813308716,0.9900546756942974
245,1,/home/nabizadz/Projects/Mahsa/datasets/grid/test/s32/bbbc6s.mpg,261,265,4.217036724090576,0.8986250097163853
245,2,/home/nabizadz/Projects/Mahsa/datasets/grid/test/s32/lbaa6s.mpg,258,262,4.44887113571167,0.9699457066470585
245,3,/home/nabizadz/Projects/Mahsa/datasets/grid/test/s32/lwbo9n.mpg,24,28,4.403109550476074,0.9840821837974476
245,4,/home/nabizadz/Projects/Mahsa/datasets/grid/test/s32/lwai2s.mpg,22,26,4.42781925201416,0.9878096816223809
245,5,/home/nabizadz/Projects/Mahsa/datasets/grid/test/s32/brap5n.mpg,212,216,4.314665794372559,0.9395700603485954
245,6,/home/nabizadz/Projects/Mahsa/datasets/grid/test/s32/sgamzs.mpg,230,234,4.404869556427002,0.9326882326287779
245,7,/home/nabizadz/Projects/Mahsa/datasets/grid/test/s32/lwai3p.mpg,222,226,4.190195083618164,0.8595407517616831
245,8,/home/nabizadz/Projects/Mahsa/datasets/grid/test/s32/srwf2s.mpg,100,104,3.7848641872406006,0.9877904030016895
245,9,/home/nabizadz/Projects/Mahsa/datasets/grid/test/s32/brap8a.mpg,222,226,4.421037197113037,0.9216991329210055
245,10,/home/nabizadz/Projects/Mahsa/datasets/grid/test/s32/sbwlzs.mpg,30,34,4.192594051361084,0.9944090242319789
245,11,/home/nabizadz/Projects/Mahsa/datasets/grid/test/s32/bwid1p.mpg,120,124,3.927694082260132,0.9950189041277997
245,12,/home/nabizadz/Projects/Mahsa/datasets/grid/test/s32/pgwu7n.mpg,26,30,3.93628191947937,0.9966727968018199
245,13,/home/nabizadz/Projects/Mahsa/datasets/grid/test/s32/pbbf7n.mpg,199,203,4.305396556854248,0.995595322628576
245,14,/home/nabizadz/Projects/Mahsa/datasets/grid/test/s32/bgbk7n.mpg,34,38,4.42672061920166,0.9892052126741673
245,15,/home/nabizadz/Projects/Mahsa/datasets/grid/test/s32/sgbs7n.mpg,7,11,4.495429992675781,0.9944410401788922
246,0,/home/nabizadz/Projects/Mahsa/datasets/grid/test/s32/bbwp8s.mpg,286,290,4.045497894287109,0.9997275295855866
246,1,/home/nabizadz/Projects/Mahsa/datasets/grid/test/s32/srar2s.mpg,46,50,4.470958232879639,0.9950792601066992
246,2,/home/nabizadz/Projects/Mahsa/datasets/grid/test/s32/lrin7p.mpg,178,182,4.1636857986450195,0.9892267033436585
246,3,/home/nabizadz/Projects/Mahsa/datasets/grid/test/s32/pgau2a.mpg,76,80,3.9527456760406494,0.9934991440144634
246,4,/home/nabizadz/Projects/Mahsa/datasets/grid/test/s32/bgbr3p.mpg,198,202,4.3949456214904785,0.9959816794235
246,5,/home/nabizadz/Projects/Mahsa/datasets/grid/test/s32/prwa4s.mpg,20,24,4.42833137512207,0.9629979061794732
246,6,/home/nabizadz/Projects/Mahsa/datasets/grid/test/s32/bgiq3n.mpg,128,132,3.4087436199188232,0.9722235054664441
246,7,/home/nabizadz/Projects/Mahsa/datasets/grid/test/s32/lwai4a.mpg,236,240,4.417842388153076,0.9918389656676511
246,8,/home/nabizadz/Projects/Mahsa/datasets/grid/test/s32/pbbs5n.mpg,59,63,4.251143932342529,0.9958022771069329
246,9,/home/nabizadz/Projects/Mahsa/datasets/grid/test/s32/bbav5p.mpg,288,292,4.489620208740234,0.9870090599500366
246,10,/home/nabizadz/Projects/Mahsa/datasets/grid/test/s32/lgav7p.mpg,295,299,4.3076653480529785,0.9918886781783627
246,11,/home/nabizadz/Projects/Mahsa/datasets/grid/test/s32/brbq1p.mpg,128,132,3.844597578048706,0.9933321288475232
246,12,/home/nabizadz/Projects/Mahsa/datasets/grid/test/s32/lgwd4a.mpg,158,162,3.7711281776428223,0.994512463209839
246,13,/home/nabizadz/Projects/Mahsa/datasets/grid/test/s32/bwbq6s.mpg,202,206,4.004647254943848,0.9899301342040597
246,14,/home/nabizadz/Projects/Mahsa/datasets/grid/test/s32/bbio5n.mpg,126,130,3.962378740310669,0.9963266247408757
246,15,/home/nabizadz/Projects/Mahsa/datasets/grid/test/s32/bbap1p.mpg,16,20,4.474242210388184,0.9745897188873878
247,0,/home/nabizadz/Projects/Mahsa/datasets/grid/test/s32/pbir9p.mpg,194,198,4.306917190551758,0.9859224156663062
247,1,/home/nabizadz/Projects/Mahsa/datasets/grid/test/s32/bbiu9n.mpg,184,188,4.441906929016113,0.9848291673609643
247,2,/home/nabizadz/Projects/Mahsa/datasets/grid/test/s32/pbwt2a.mpg,184,188,3.518740653991699,0.9718268397385771
247,3,/home/nabizadz/Projects/Mahsa/datasets/grid/test/s32/brax2a.mpg,264,268,4.385843753814697,0.9036397453734524
247,4,/home/nabizadz/Projects/Mahsa/datasets/grid/test/s32/swwgza.mpg,207,211,3.684196710586548,0.987826853916183
247,5,/home/nabizadz/Projects/Mahsa/datasets/grid/test/s32/pgit6s.mpg,266,270,4.333189964294434,0.9278252293214598
247,6,/home/nabizadz/Projects/Mahsa/datasets/grid/test/s32/lbia4a.mpg,266,270,4.248201847076416,0.8879027381016344
247,7,/home/nabizadz/Projects/Mahsa/datasets/grid/test/s32/pris3n.mpg,134,138,4.173008441925049,0.992896133076182
247,8,/home/nabizadz/Projects/Mahsa/datasets/grid/test/s32/bbii3p.mpg,197,201,4.008476257324219,0.9750633921294909
247,9,/home/nabizadz/Projects/Mahsa/datasets/grid/test/s32/sriy3p.mpg,124,128,4.197889804840088,0.9961776047283701
247,10,/home/nabizadz/Projects/Mahsa/datasets/grid/test/s32/pwwb1p.mpg,151,155,3.7681398391723633,0.9874964691932218
247,11,/home/nabizadz/Projects/Mahsa/datasets/grid/test/s32/bgix7n.mpg,73,77,3.590589761734009,0.9671285332927246
247,12,/home/nabizadz/Projects/Mahsa/datasets/grid/test/s32/lgbc9p.mpg,194,198,4.329015254974365,0.9566559581926121
247,13,/home/nabizadz/Projects/Mahsa/datasets/grid/test/s32/pwwu4a.mpg,188,192,2.2694437503814697,0.9940991638404009
247,14,/home/nabizadz/Projects/Mahsa/datasets/grid/test/s32/lgbj2s.mpg,266,270,4.377753734588623,0.9512062866227019
247,15,/home/nabizadz/Projects/Mahsa/datasets/grid/test/s32/sbbk7p.mpg,94,98,3.794199228286743,0.9959301606369962
248,0,/home/nabizadz/Projects/Mahsa/datasets/grid/test/s32/brwx7n.mpg,184,188,4.05598258972168,0.9877272467909148
248,1,/home/nabizadz/Projects/Mahsa/datasets/grid/test/s32/lgbj4a.mpg,11,15,4.43975830078125,0.990524655885422
248,2,/home/nabizadz/Projects/Mahsa/datasets/grid/test/s32/sriy4a.mpg,188,192,4.451582431793213,0.987521002389491
248,3,/home/nabizadz/Projects/Mahsa/datasets/grid/test/s32/pwwu2s.mpg,39,43,4.3587164878845215,0.9921582801515024
248,4,/home/nabizadz/Projects/Mahsa/datasets/grid/test/s32/swwm2s.mpg,219,223,4.416327953338623,0.9908384994861955
248,5,/home/nabizadz/Projects/Mahsa/datasets/grid/test/s32/pbwt1p.mpg,173,177,4.074246406555176,0.9915000405477055
248,6,/home/nabizadz/Projects/Mahsa/datasets/grid/test/s32/pgwo5p.mpg,81,85,3.6224892139434814,0.9893612771762154
248,7,/home/nabizadz/Projects/Mahsa/datasets/grid/test/s32/lrbu8s.mpg,201,205,4.502656936645508,0.9948854308871002
248,8,/home/nabizadz/Projects/Mahsa/datasets/grid/test/s32/sbwl1p.mpg,265,269,4.33830451965332,0.9056826693932571
248,9,/home/nabizadz/Projects/Mahsa/datasets/grid/test/s32/lwib4s.mpg,273,277,4.320393085479736,0.9175501443939524
248,10,/home/nabizadz/Projects/Mahsa/datasets/grid/test/s32/bwakza.mpg,108,112,4.06366491317749,0.9997080121990954
248,11,/home/nabizadz/Projects/Mahsa/datasets/grid/test/s32/pgbo2a.mpg,211,215,4.292941093444824,0.9280741504813923
248,12,/home/nabizadz/Projects/Mahsa/datasets/grid/test/s32/sbid6a.mpg,293,297,4.401294231414795,0.9973988382927994
248,13,/home/nabizadz/Projects/Mahsa/datasets/grid/test/s32/lgii6a.mpg,123,127,4.07069206237793,0.9989010064338784
248,14,/home/nabizadz/Projects/Mahsa/datasets/grid/test/s32/sriy1n.mpg,99,103,2.298469066619873,0.9908617862131595
248,15,/home/nabizadz/Projects/Mahsa/datasets/grid/test/s32/swbf6a.mpg,172,176,3.7772607803344727,0.9918647953269153
249,0,/home/nabizadz/Projects/Mahsa/datasets/grid/test/s32/sbwe8a.mpg,47,51,4.224038600921631,0.9901261335266234
249,1,/home/nabizadz/Projects/Mahsa/datasets/grid/test/s32/srwl7p.mpg,71,75,3.5671298503875732,0.9932215801146979
249,2,/home/nabizadz/Projects/Mahsa/datasets/grid/test/s32/bbac4a.mpg,104,108,4.224090576171875,0.9986725216161492
249,3,/home/nabizadz/Projects/Mahsa/datasets/grid/test/s32/lbag9n.mpg,231,235,4.423442363739014,0.9669888421802294
249,4,/home/nabizadz/Projects/Mahsa/datasets/grid/test/s32/srbz1p.mpg,283,287,4.279262065887451,0.9633888901949313
249,5,/home/nabizadz/Projects/Mahsa/datasets/grid/test/s32/lbit4s.mpg,242,246,4.388851642608643,0.9776788038447632
249,6,/home/nabizadz/Projects/Mahsa/datasets/grid/test/s32/pbif1p.mpg,83,87,3.5921833515167236,0.9919945047014813
249,7,/home/nabizadz/Projects/Mahsa/datasets/grid/test/s32/sgas4s.mpg,132,136,3.9628472328186035,0.9882815316980277
249,8,/home/nabizadz/Projects/Mahsa/datasets/grid/test/s32/lwbv5p.mpg,184,188,3.8185954093933105,0.9789735018260498
249,9,/home/nabizadz/Projects/Mahsa/datasets/grid/test/s32/bgaq9p.mpg,165,169,3.7478721141815186,0.9720161628471482
249,10,/home/nabizadz/Projects/Mahsa/datasets/grid/test/s32/sbayzs.mpg,265,269,4.372182846069336,0.9108675393242178
249,11,/home/nabizadz/Projects/Mahsa/datasets/grid/test/s32/bgwfza.mpg,229,233,4.428071975708008,0.9884764094652503
249,12,/home/nabizadz/Projects/Mahsa/datasets/grid/test/s32/sbaeza.mpg,205,209,4.295725345611572,0.9923995722643473
249,13,/home/nabizadz/Projects/Mahsa/datasets/grid/test/s32/brbj7p.mpg,64,68,3.5658233165740967,0.9911718758884593
249,14,/home/nabizadz/Projects/Mahsa/datasets/grid/test/s32/bwbq5n.mpg,39,43,4.31189489364624,0.9417778748735698
249,15,/home/nabizadz/Projects/Mahsa/datasets/grid/test/s32/bbwx1n.mpg,150,154,2.770909309387207,0.9876688239330479
