batch_idx,sample_in_batch,video_path,gap_start_frame,gap_end_frame,pesq,stoi
0,0,/home/nabizadz/Projects/Mahsa/datasets/grid/test/s33/brbd3a.mpg,78,86,3.8307571411132812,0.9961182062230736
0,1,/home/nabizadz/Projects/Mahsa/datasets/grid/test/s33/lrbh8n.mpg,105,113,3.7373011112213135,0.9727948388199094
0,2,/home/nabizadz/Projects/Mahsa/datasets/grid/test/s33/srak9a.mpg,228,236,4.39218282699585,0.9214192853667768
0,3,/home/nabizadz/Projects/Mahsa/datasets/grid/test/s33/srbl3a.mpg,162,170,3.7694766521453857,0.9802302397835151
0,4,/home/nabizadz/Projects/Mahsa/datasets/grid/test/s33/sgil5s.mpg,243,251,4.244144439697266,0.8988990066341173
0,5,/home/nabizadz/Projects/Mahsa/datasets/grid/test/s33/sgas2n.mpg,278,286,4.386155128479004,0.9667166949941877
0,6,/home/nabizadz/Projects/Mahsa/datasets/grid/test/s33/swwf9a.mpg,199,207,4.387721538543701,0.9312764234243766
0,7,/home/nabizadz/Projects/Mahsa/datasets/grid/test/s33/bgak2n.mpg,234,242,4.266979217529297,0.8473355638551954
0,8,/home/nabizadz/Projects/Mahsa/datasets/grid/test/s33/sbix5s.mpg,283,291,4.397645950317383,0.9705539845254708
0,9,/home/nabizadz/Projects/Mahsa/datasets/grid/test/s33/bgij8n.mpg,267,275,4.406106948852539,0.9667001857098324
0,10,/home/nabizadz/Projects/Mahsa/datasets/grid/test/s33/lrbh9s.mpg,44,52,3.313225269317627,0.9638470139854148
0,11,/home/nabizadz/Projects/Mahsa/datasets/grid/test/s33/sbix7a.mpg,291,299,4.23382568359375,0.9901188128860348
0,12,/home/nabizadz/Projects/Mahsa/datasets/grid/test/s33/lbaa5s.mpg,185,193,4.382747650146484,0.9811506280622266
0,13,/home/nabizadz/Projects/Mahsa/datasets/grid/test/s33/bbio4n.mpg,134,142,3.9970479011535645,0.9822691491334431
0,14,/home/nabizadz/Projects/Mahsa/datasets/grid/test/s33/lgbxzp.mpg,112,120,4.280776500701904,0.998916951014226
0,15,/home/nabizadz/Projects/Mahsa/datasets/grid/test/s33/pgbbzn.mpg,144,152,3.256401777267456,0.9623332302762844
1,0,/home/nabizadz/Projects/Mahsa/datasets/grid/test/s33/lrwi2n.mpg,92,100,3.7042834758758545,0.9818472846923842
1,1,/home/nabizadz/Projects/Mahsa/datasets/grid/test/s33/lwwv9a.mpg,178,186,4.360159873962402,0.945703865972484
1,2,/home/nabizadz/Projects/Mahsa/datasets/grid/test/s33/bbwx1s.mpg,158,166,3.8497841358184814,0.9744724223925821
1,3,/home/nabizadz/Projects/Mahsa/datasets/grid/test/s33/pwwa8n.mpg,87,95,4.007071018218994,0.97507232429741
1,4,/home/nabizadz/Projects/Mahsa/datasets/grid/test/s33/bgby4n.mpg,169,177,4.4506425857543945,0.9692854031697783
1,5,/home/nabizadz/Projects/Mahsa/datasets/grid/test/s33/sgwa1a.mpg,183,191,4.504049301147461,0.9795695881970735
1,6,/home/nabizadz/Projects/Mahsa/datasets/grid/test/s33/prif5s.mpg,232,240,4.313854694366455,0.9638816792716492
1,7,/home/nabizadz/Projects/Mahsa/datasets/grid/test/s33/sbby3s.mpg,260,268,4.283907413482666,0.9293106692271392
1,8,/home/nabizadz/Projects/Mahsa/datasets/grid/test/s33/lwih9a.mpg,35,43,4.079939842224121,0.9962856235502583
1,9,/home/nabizadz/Projects/Mahsa/datasets/grid/test/s33/lgai9a.mpg,223,231,4.369760990142822,0.9126361272057182
1,10,/home/nabizadz/Projects/Mahsa/datasets/grid/test/s33/lgbj1s.mpg,10,18,4.254339694976807,0.9972615906571004
1,11,/home/nabizadz/Projects/Mahsa/datasets/grid/test/s33/lrwi3s.mpg,236,244,4.342298984527588,0.8759330115147946
1,12,/home/nabizadz/Projects/Mahsa/datasets/grid/test/s33/lbbh5a.mpg,164,172,4.173997402191162,0.986267056285577
1,13,/home/nabizadz/Projects/Mahsa/datasets/grid/test/s33/lgbc9a.mpg,144,152,3.8693156242370605,0.9852469973494663
1,14,/home/nabizadz/Projects/Mahsa/datasets/grid/test/s33/lwaizn.mpg,266,274,4.339903354644775,0.9132307038886242
1,15,/home/nabizadz/Projects/Mahsa/datasets/grid/test/s33/pwwuzn.mpg,4,12,4.411021709442139,0.9999542117134805
2,0,/home/nabizadz/Projects/Mahsa/datasets/grid/test/s33/swal5a.mpg,9,17,4.344218730926514,0.9916375005173084
2,1,/home/nabizadz/Projects/Mahsa/datasets/grid/test/s33/sriyzn.mpg,112,120,2.632126569747925,0.9791812039294108
2,2,/home/nabizadz/Projects/Mahsa/datasets/grid/test/s33/lbaa4n.mpg,1,9,4.236188888549805,0.9945780473129394
2,3,/home/nabizadz/Projects/Mahsa/datasets/grid/test/s33/lrwo6n.mpg,6,14,4.276827335357666,0.997251682854997
2,4,/home/nabizadz/Projects/Mahsa/datasets/grid/test/s33/lwbc3a.mpg,244,252,4.40166711807251,0.8671070782983695
2,5,/home/nabizadz/Projects/Mahsa/datasets/grid/test/s33/brap4n.mpg,52,60,3.3550219535827637,0.9771523809951376
2,6,/home/nabizadz/Projects/Mahsa/datasets/grid/test/s33/sgbf9s.mpg,221,229,4.3580522537231445,0.9397995893466184
2,7,/home/nabizadz/Projects/Mahsa/datasets/grid/test/s33/lrwv1s.mpg,5,13,4.46286153793335,0.9999930556756915
2,8,/home/nabizadz/Projects/Mahsa/datasets/grid/test/s33/pras6n.mpg,57,65,3.171793222427368,0.9729159530481958
2,9,/home/nabizadz/Projects/Mahsa/datasets/grid/test/s33/sgwazp.mpg,238,246,3.9888601303100586,0.8628614240257115
2,10,/home/nabizadz/Projects/Mahsa/datasets/grid/test/s33/bbaczn.mpg,54,62,3.2800276279449463,0.9794539478990126
2,11,/home/nabizadz/Projects/Mahsa/datasets/grid/test/s33/prwt6p.mpg,74,82,4.282410144805908,0.9972079020155549
2,12,/home/nabizadz/Projects/Mahsa/datasets/grid/test/s33/pgin1s.mpg,273,281,4.306277275085449,0.9164413775151694
2,13,/home/nabizadz/Projects/Mahsa/datasets/grid/test/s33/bbib8p.mpg,213,221,4.347363471984863,0.8605903462239145
2,14,/home/nabizadz/Projects/Mahsa/datasets/grid/test/s33/bwbk2p.mpg,123,131,4.290187835693359,0.9981766415740951
2,15,/home/nabizadz/Projects/Mahsa/datasets/grid/test/s33/pbbf8p.mpg,147,155,4.201041221618652,0.997939875176649
3,0,/home/nabizadz/Projects/Mahsa/datasets/grid/test/s33/bwwrzp.mpg,273,281,4.316461563110352,0.9453806141064206
3,1,/home/nabizadz/Projects/Mahsa/datasets/grid/test/s33/bwwe2p.mpg,271,279,4.345928192138672,0.962004797375576
3,2,/home/nabizadz/Projects/Mahsa/datasets/grid/test/s33/pwim6p.mpg,221,229,4.365504264831543,0.9316113654003402
3,3,/home/nabizadz/Projects/Mahsa/datasets/grid/test/s33/lwbv3s.mpg,255,263,3.8697407245635986,0.8968012992946551
3,4,/home/nabizadz/Projects/Mahsa/datasets/grid/test/s33/swbf2n.mpg,108,116,3.857156991958618,0.9878103086863801
3,5,/home/nabizadz/Projects/Mahsa/datasets/grid/test/s33/swwf7s.mpg,142,150,3.7902321815490723,0.9986949848361951
3,6,/home/nabizadz/Projects/Mahsa/datasets/grid/test/s33/lrbizp.mpg,185,193,4.173088550567627,0.9857070625682446
3,7,/home/nabizadz/Projects/Mahsa/datasets/grid/test/s33/pgwh9s.mpg,26,34,4.387503623962402,0.9998013468204567
3,8,/home/nabizadz/Projects/Mahsa/datasets/grid/test/s33/pgan6p.mpg,76,84,3.7218093872070312,0.9866567563676065
3,9,/home/nabizadz/Projects/Mahsa/datasets/grid/test/s33/sgif1s.mpg,27,35,4.101659774780273,0.9878992270119397
3,10,/home/nabizadz/Projects/Mahsa/datasets/grid/test/s33/bbbc4n.mpg,292,300,4.29856014251709,0.9837585034778248
3,11,/home/nabizadz/Projects/Mahsa/datasets/grid/test/s33/prif7a.mpg,89,97,4.085210800170898,0.9913051444631225
3,12,/home/nabizadz/Projects/Mahsa/datasets/grid/test/s33/pwwh4p.mpg,66,74,3.3993375301361084,0.9816266422683121
3,13,/home/nabizadz/Projects/Mahsa/datasets/grid/test/s33/pgaa8p.mpg,47,55,3.7969002723693848,0.9853502188347448
3,14,/home/nabizadz/Projects/Mahsa/datasets/grid/test/s33/bgiq2n.mpg,153,161,4.226089000701904,0.9969893746848769
3,15,/home/nabizadz/Projects/Mahsa/datasets/grid/test/s33/pgwb4n.mpg,155,163,3.9352829456329346,0.9881977332231644
4,0,/home/nabizadz/Projects/Mahsa/datasets/grid/test/s33/bwij2n.mpg,179,187,4.243137836456299,0.9765601454099477
4,1,/home/nabizadz/Projects/Mahsa/datasets/grid/test/s33/sbwe5s.mpg,83,91,2.886528253555298,0.9890615758851642
4,2,/home/nabizadz/Projects/Mahsa/datasets/grid/test/s33/sbad9a.mpg,242,250,4.369475364685059,0.9047790128862889
4,3,/home/nabizadz/Projects/Mahsa/datasets/grid/test/s33/sgwm9a.mpg,70,78,3.579296827316284,0.9858553345431115
4,4,/home/nabizadz/Projects/Mahsa/datasets/grid/test/s33/swwm2p.mpg,190,198,4.174649715423584,0.9909851090745662
4,5,/home/nabizadz/Projects/Mahsa/datasets/grid/test/s33/prwt5s.mpg,195,203,4.3579559326171875,0.9111954047074136
4,6,/home/nabizadz/Projects/Mahsa/datasets/grid/test/s33/swwf8p.mpg,198,206,4.3114848136901855,0.9435080051460136
4,7,/home/nabizadz/Projects/Mahsa/datasets/grid/test/s33/bbwj5a.mpg,151,159,3.7497923374176025,0.9784196453785269
4,8,/home/nabizadz/Projects/Mahsa/datasets/grid/test/s33/pgwu7s.mpg,51,59,3.5889222621917725,0.9853798540685823
4,9,/home/nabizadz/Projects/Mahsa/datasets/grid/test/s33/sgiz3s.mpg,262,270,4.3222856521606445,0.9070545885313128
4,10,/home/nabizadz/Projects/Mahsa/datasets/grid/test/s33/bwaj8p.mpg,257,265,4.132340908050537,0.8973971385756951
4,11,/home/nabizadz/Projects/Mahsa/datasets/grid/test/s33/lria7s.mpg,113,121,4.1348161697387695,0.9929108652077981
4,12,/home/nabizadz/Projects/Mahsa/datasets/grid/test/s33/bwip6n.mpg,276,284,4.506978988647461,0.9572625938130062
4,13,/home/nabizadz/Projects/Mahsa/datasets/grid/test/s33/swws4n.mpg,113,121,4.2426042556762695,0.995465091140199
4,14,/home/nabizadz/Projects/Mahsa/datasets/grid/test/s33/bwij3s.mpg,189,197,4.389629364013672,0.9856053039423579
4,15,/home/nabizadz/Projects/Mahsa/datasets/grid/test/s33/lgwq1a.mpg,207,215,4.3651862144470215,0.9034636237863175
5,0,/home/nabizadz/Projects/Mahsa/datasets/grid/test/s33/bbib7s.mpg,144,152,3.872251033782959,0.9664433370446637
5,1,/home/nabizadz/Projects/Mahsa/datasets/grid/test/s33/lgiv2p.mpg,221,229,4.396491050720215,0.990631060258292
5,2,/home/nabizadz/Projects/Mahsa/datasets/grid/test/s33/lbim9s.mpg,253,261,4.14763069152832,0.947768055397805
5,3,/home/nabizadz/Projects/Mahsa/datasets/grid/test/s33/pgaa6n.mpg,208,216,4.305581569671631,0.9476392039873652
5,4,/home/nabizadz/Projects/Mahsa/datasets/grid/test/s33/pgig9a.mpg,198,206,4.312436580657959,0.9188172665035378
5,5,/home/nabizadz/Projects/Mahsa/datasets/grid/test/s33/srbe6n.mpg,271,279,4.27640962600708,0.9445963045716893
5,6,/home/nabizadz/Projects/Mahsa/datasets/grid/test/s33/sbiq2p.mpg,286,294,4.325526237487793,0.9838078127388559
5,7,/home/nabizadz/Projects/Mahsa/datasets/grid/test/s33/bgak5a.mpg,62,70,3.3512563705444336,0.97870836904519
5,8,/home/nabizadz/Projects/Mahsa/datasets/grid/test/s33/prbtzn.mpg,281,289,4.430297374725342,0.9774622307785769
5,9,/home/nabizadz/Projects/Mahsa/datasets/grid/test/s33/lgbp5s.mpg,208,216,4.3570780754089355,0.9170433637387404
5,10,/home/nabizadz/Projects/Mahsa/datasets/grid/test/s33/brii6n.mpg,25,33,4.196794033050537,0.9999903279619273
5,11,/home/nabizadz/Projects/Mahsa/datasets/grid/test/s33/pgbb1s.mpg,232,240,4.006542205810547,0.8147970015252151
5,12,/home/nabizadz/Projects/Mahsa/datasets/grid/test/s33/pgwb6p.mpg,189,197,3.7858848571777344,0.979408156821927
5,13,/home/nabizadz/Projects/Mahsa/datasets/grid/test/s33/lbig7a.mpg,254,262,4.278209686279297,0.9578516217950671
5,14,/home/nabizadz/Projects/Mahsa/datasets/grid/test/s33/lgwd1s.mpg,67,75,2.8268702030181885,0.9785820696879924
5,15,/home/nabizadz/Projects/Mahsa/datasets/grid/test/s33/pbir7s.mpg,292,300,4.407983303070068,0.9852976649670304
6,0,/home/nabizadz/Projects/Mahsa/datasets/grid/test/s33/lbwh9a.mpg,89,97,3.846768617630005,0.9834404556684465
6,1,/home/nabizadz/Projects/Mahsa/datasets/grid/test/s33/pbir8p.mpg,170,178,4.390504360198975,0.9547248810805468
6,2,/home/nabizadz/Projects/Mahsa/datasets/grid/test/s33/brac7s.mpg,267,275,4.3870368003845215,0.9841270524753324
6,3,/home/nabizadz/Projects/Mahsa/datasets/grid/test/s33/bgwe8p.mpg,121,129,4.218599796295166,0.9974645361111975
6,4,/home/nabizadz/Projects/Mahsa/datasets/grid/test/s33/lwwi8n.mpg,2,10,4.346653938293457,0.9999326544442046
6,5,/home/nabizadz/Projects/Mahsa/datasets/grid/test/s33/pwbhzp.mpg,265,273,4.340225696563721,0.900681030544858
6,6,/home/nabizadz/Projects/Mahsa/datasets/grid/test/s33/bbao8n.mpg,260,268,4.4004058837890625,0.9204837423687111
6,7,/home/nabizadz/Projects/Mahsa/datasets/grid/test/s33/lbwu6p.mpg,179,187,4.357231616973877,0.9809710551509598
6,8,/home/nabizadz/Projects/Mahsa/datasets/grid/test/s33/pgig7s.mpg,17,25,3.9814810752868652,0.9999887307337322
6,9,/home/nabizadz/Projects/Mahsa/datasets/grid/test/s33/bgwy9s.mpg,161,169,4.119203567504883,0.980916144262095
6,10,/home/nabizadz/Projects/Mahsa/datasets/grid/test/s33/bbib9a.mpg,170,178,3.834233045578003,0.9835523044264404
6,11,/home/nabizadz/Projects/Mahsa/datasets/grid/test/s33/lgwx2n.mpg,176,184,4.4507060050964355,0.9944812814299597
6,12,/home/nabizadz/Projects/Mahsa/datasets/grid/test/s33/swie5s.mpg,150,158,3.6286189556121826,0.986498152556294
6,13,/home/nabizadz/Projects/Mahsa/datasets/grid/test/s33/srbr5s.mpg,1,9,4.444488525390625,0.9975220229433482
6,14,/home/nabizadz/Projects/Mahsa/datasets/grid/test/s33/brbx2n.mpg,211,219,4.1407551765441895,0.8419312113022999
6,15,/home/nabizadz/Projects/Mahsa/datasets/grid/test/s33/pwwn7s.mpg,63,71,3.6060168743133545,0.9756493392206739
7,0,/home/nabizadz/Projects/Mahsa/datasets/grid/test/s33/lrin5s.mpg,107,115,3.4622256755828857,0.9673170554813427
7,1,/home/nabizadz/Projects/Mahsa/datasets/grid/test/s33/sgiszp.mpg,124,132,3.9054417610168457,0.9806584322552208
7,2,/home/nabizadz/Projects/Mahsa/datasets/grid/test/s33/pbbf7s.mpg,50,58,3.550149917602539,0.9593314981277237
7,3,/home/nabizadz/Projects/Mahsa/datasets/grid/test/s33/pwbn2n.mpg,184,192,4.286827564239502,0.9621784572972404
7,4,/home/nabizadz/Projects/Mahsa/datasets/grid/test/s33/srbzzp.mpg,112,120,3.8437652587890625,0.9974912763082348
7,5,/home/nabizadz/Projects/Mahsa/datasets/grid/test/s33/pwag5s.mpg,221,229,4.296951770782471,0.8897755274959089
7,6,/home/nabizadz/Projects/Mahsa/datasets/grid/test/s33/swbs2p.mpg,218,226,4.330158233642578,0.942891120099213
7,7,/home/nabizadz/Projects/Mahsa/datasets/grid/test/s33/sgiz5a.mpg,31,39,4.355984210968018,0.9986803993019533
7,8,/home/nabizadz/Projects/Mahsa/datasets/grid/test/s33/pbwm4n.mpg,167,175,4.070558547973633,0.9888115961991863
7,9,/home/nabizadz/Projects/Mahsa/datasets/grid/test/s33/lwiu4n.mpg,104,112,4.228085041046143,0.9861829452529477
7,10,/home/nabizadz/Projects/Mahsa/datasets/grid/test/s33/lgbj3a.mpg,99,107,4.011753559112549,0.9935494784376864
7,11,/home/nabizadz/Projects/Mahsa/datasets/grid/test/s33/sgwm6n.mpg,189,197,4.129739284515381,0.9922868499637799
7,12,/home/nabizadz/Projects/Mahsa/datasets/grid/test/s33/lgap3a.mpg,83,91,3.6808979511260986,0.977825438017961
7,13,/home/nabizadz/Projects/Mahsa/datasets/grid/test/s33/swal4p.mpg,165,173,3.9935624599456787,0.9852146657451322
7,14,/home/nabizadz/Projects/Mahsa/datasets/grid/test/s33/bwbd7s.mpg,119,127,3.9455316066741943,0.9902486148465367
7,15,/home/nabizadz/Projects/Mahsa/datasets/grid/test/s33/sgaf7a.mpg,148,156,3.979534387588501,0.9793490997413452
8,0,/home/nabizadz/Projects/Mahsa/datasets/grid/test/s33/lbim8n.mpg,7,15,4.484516143798828,0.999998247413713
8,1,/home/nabizadz/Projects/Mahsa/datasets/grid/test/s33/lwih6n.mpg,264,272,4.294305324554443,0.8986728697536722
8,2,/home/nabizadz/Projects/Mahsa/datasets/grid/test/s33/lgwd2p.mpg,288,296,4.24521017074585,0.9971667936544705
8,3,/home/nabizadz/Projects/Mahsa/datasets/grid/test/s33/srbr6p.mpg,1,9,4.47412633895874,0.9999808250503811
8,4,/home/nabizadz/Projects/Mahsa/datasets/grid/test/s33/bbbi8n.mpg,83,91,3.8089599609375,0.9879974251156296
8,5,/home/nabizadz/Projects/Mahsa/datasets/grid/test/s33/lrbo2n.mpg,247,255,4.400783061981201,0.8917697746869967
8,6,/home/nabizadz/Projects/Mahsa/datasets/grid/test/s33/srblzn.mpg,16,24,4.298559665679932,0.9991687822476901
8,7,/home/nabizadz/Projects/Mahsa/datasets/grid/test/s33/sbax9s.mpg,242,250,3.9108896255493164,0.9553909112563934
8,8,/home/nabizadz/Projects/Mahsa/datasets/grid/test/s33/pgin2p.mpg,148,156,4.12282657623291,0.9783039044737486
8,9,/home/nabizadz/Projects/Mahsa/datasets/grid/test/s33/bgbk8p.mpg,79,87,3.5809881687164307,0.9694629533159504
8,10,/home/nabizadz/Projects/Mahsa/datasets/grid/test/s33/srarzn.mpg,241,249,4.317135334014893,0.8780756942539722
8,11,/home/nabizadz/Projects/Mahsa/datasets/grid/test/s33/sgal9s.mpg,255,263,4.3842573165893555,0.937284808439752
8,12,/home/nabizadz/Projects/Mahsa/datasets/grid/test/s33/sbij9a.mpg,5,13,4.551303863525391,0.9993063924704585
8,13,/home/nabizadz/Projects/Mahsa/datasets/grid/test/s33/pwim5s.mpg,281,289,4.409577369689941,0.9667363828069869
8,14,/home/nabizadz/Projects/Mahsa/datasets/grid/test/s33/lrbb4n.mpg,55,63,4.024149417877197,0.987698466344791
8,15,/home/nabizadz/Projects/Mahsa/datasets/grid/test/s33/brwj9s.mpg,63,71,3.7194252014160156,0.989978680661615
9,0,/home/nabizadz/Projects/Mahsa/datasets/grid/test/s33/brii7s.mpg,140,148,3.9459168910980225,0.9713271067636065
9,1,/home/nabizadz/Projects/Mahsa/datasets/grid/test/s33/bgwr5s.mpg,88,96,3.5615642070770264,0.9789305492872541
9,2,/home/nabizadz/Projects/Mahsa/datasets/grid/test/s33/bwax4n.mpg,83,91,3.431901216506958,0.99200105937415
9,3,/home/nabizadz/Projects/Mahsa/datasets/grid/test/s33/swbl8p.mpg,248,256,4.0730156898498535,0.8830175757504423
9,4,/home/nabizadz/Projects/Mahsa/datasets/grid/test/s33/sgam1a.mpg,253,261,4.291472434997559,0.8936572717748659
9,5,/home/nabizadz/Projects/Mahsa/datasets/grid/test/s33/pwaa2p.mpg,13,21,4.391694068908691,0.9992056063548379
9,6,/home/nabizadz/Projects/Mahsa/datasets/grid/test/s33/sbid3s.mpg,69,77,3.42319393157959,0.9781099941554131
9,7,/home/nabizadz/Projects/Mahsa/datasets/grid/test/s33/prbm9a.mpg,101,109,3.5368964672088623,0.969490487415869
9,8,/home/nabizadz/Projects/Mahsa/datasets/grid/test/s33/lbbn8p.mpg,218,226,4.470111846923828,0.928636991604085
9,9,/home/nabizadz/Projects/Mahsa/datasets/grid/test/s33/bbivzp.mpg,4,12,4.45836877822876,0.9949370586995656
9,10,/home/nabizadz/Projects/Mahsa/datasets/grid/test/s33/pram2n.mpg,246,254,4.397035121917725,0.8513773896383682
9,11,/home/nabizadz/Projects/Mahsa/datasets/grid/test/s33/sgal8n.mpg,5,13,4.498766899108887,0.9974611056860336
9,12,/home/nabizadz/Projects/Mahsa/datasets/grid/test/s33/sbad8p.mpg,21,29,4.4317946434021,0.9973309412128756
9,13,/home/nabizadz/Projects/Mahsa/datasets/grid/test/s33/priz6n.mpg,5,13,4.3446760177612305,0.9998210075882698
9,14,/home/nabizadz/Projects/Mahsa/datasets/grid/test/s33/swws7a.mpg,262,270,4.393576622009277,0.9381656002196246
9,15,/home/nabizadz/Projects/Mahsa/datasets/grid/test/s33/sbix4n.mpg,164,172,4.466165542602539,0.9898394440592023
10,0,/home/nabizadz/Projects/Mahsa/datasets/grid/test/s33/lbag9s.mpg,172,180,4.449606895446777,0.987546684722925
10,1,/home/nabizadz/Projects/Mahsa/datasets/grid/test/s33/pbal9a.mpg,105,113,3.9092066287994385,0.9725370112122972
10,2,/home/nabizadz/Projects/Mahsa/datasets/grid/test/s33/pgbb2p.mpg,28,36,4.325385570526123,0.9998775028700366
10,3,/home/nabizadz/Projects/Mahsa/datasets/grid/test/s33/swbs1s.mpg,30,38,3.855165958404541,0.9989259941453645
10,4,/home/nabizadz/Projects/Mahsa/datasets/grid/test/s33/pgaa9a.mpg,24,32,4.339515209197998,0.9999649194765836
10,5,/home/nabizadz/Projects/Mahsa/datasets/grid/test/s33/lbiazn.mpg,54,62,2.737898588180542,0.9561672834110398
10,6,/home/nabizadz/Projects/Mahsa/datasets/grid/test/s33/srby9s.mpg,142,150,3.487945318222046,0.9738029201010933
10,7,/home/nabizadz/Projects/Mahsa/datasets/grid/test/s33/brbp8n.mpg,205,213,4.328232288360596,0.9707016613829003
10,8,/home/nabizadz/Projects/Mahsa/datasets/grid/test/s33/swws6p.mpg,154,162,4.00054407119751,0.9713550595370418
10,9,/home/nabizadz/Projects/Mahsa/datasets/grid/test/s33/pbws9s.mpg,245,253,4.406534671783447,0.9644669467339414
10,10,/home/nabizadz/Projects/Mahsa/datasets/grid/test/s33/lgwj6p.mpg,55,63,4.193610668182373,0.9888538099742195
10,11,/home/nabizadz/Projects/Mahsa/datasets/grid/test/s33/prwa5a.mpg,163,171,3.4701249599456787,0.9823590621520579
10,12,/home/nabizadz/Projects/Mahsa/datasets/grid/test/s33/pwwu3a.mpg,100,108,3.989762306213379,0.9904556541200946
10,13,/home/nabizadz/Projects/Mahsa/datasets/grid/test/s33/swie7a.mpg,184,192,4.432802677154541,0.9802546345309386
10,14,/home/nabizadz/Projects/Mahsa/datasets/grid/test/s33/bwbyzp.mpg,105,113,3.426117181777954,0.9792710673166224
10,15,/home/nabizadz/Projects/Mahsa/datasets/grid/test/s33/pbaz4n.mpg,65,73,3.895758628845215,0.9796533489698709
11,0,/home/nabizadz/Projects/Mahsa/datasets/grid/test/s33/sbbk5s.mpg,56,64,4.212764739990234,0.9997549164376904
11,1,/home/nabizadz/Projects/Mahsa/datasets/grid/test/s33/swal3s.mpg,274,282,4.3531694412231445,0.9915458309143834
11,2,/home/nabizadz/Projects/Mahsa/datasets/grid/test/s33/sbak1s.mpg,285,293,4.226628303527832,0.9655000594600257
11,3,/home/nabizadz/Projects/Mahsa/datasets/grid/test/s33/lrihzn.mpg,79,87,3.961881637573242,0.9844487322319176
11,4,/home/nabizadz/Projects/Mahsa/datasets/grid/test/s33/bgid6p.mpg,79,87,3.5854318141937256,0.9686606283300276
11,5,/home/nabizadz/Projects/Mahsa/datasets/grid/test/s33/bgad9s.mpg,59,67,3.808790922164917,0.9816798527153209
11,6,/home/nabizadz/Projects/Mahsa/datasets/grid/test/s33/lgio7s.mpg,146,154,3.652052879333496,0.9708699678667922
11,7,/home/nabizadz/Projects/Mahsa/datasets/grid/test/s33/prim1a.mpg,179,187,4.386010646820068,0.9552987289293308
11,8,/home/nabizadz/Projects/Mahsa/datasets/grid/test/s33/lwav1a.mpg,99,107,3.616654396057129,0.9743959580074906
11,9,/home/nabizadz/Projects/Mahsa/datasets/grid/test/s33/bwbk3a.mpg,23,31,3.9642436504364014,0.9992421335031374
11,10,/home/nabizadz/Projects/Mahsa/datasets/grid/test/s33/sbad6n.mpg,42,50,3.730821371078491,0.9930777950502895
11,11,/home/nabizadz/Projects/Mahsa/datasets/grid/test/s33/bwwr1a.mpg,20,28,3.8015503883361816,0.9850792611581374
11,12,/home/nabizadz/Projects/Mahsa/datasets/grid/test/s33/lrin7a.mpg,47,55,2.305645704269409,0.956217906784546
11,13,/home/nabizadz/Projects/Mahsa/datasets/grid/test/s33/srwz5a.mpg,97,105,4.042969226837158,0.9910306789822433
11,14,/home/nabizadz/Projects/Mahsa/datasets/grid/test/s33/swbz7a.mpg,165,173,3.9157726764678955,0.9704282847946114
11,15,/home/nabizadz/Projects/Mahsa/datasets/grid/test/s33/bbai4n.mpg,136,144,3.6066222190856934,0.9834861330245435
12,0,/home/nabizadz/Projects/Mahsa/datasets/grid/test/s33/pras9a.mpg,13,21,3.8465874195098877,0.9922183296337858
12,1,/home/nabizadz/Projects/Mahsa/datasets/grid/test/s33/pwigzn.mpg,131,139,3.87317156791687,0.9658022910721873
12,2,/home/nabizadz/Projects/Mahsa/datasets/grid/test/s33/sriq9a.mpg,287,295,4.430949687957764,0.9980189755353142
12,3,/home/nabizadz/Projects/Mahsa/datasets/grid/test/s33/sray5s.mpg,18,26,3.7411463260650635,0.9889611748950576
12,4,/home/nabizadz/Projects/Mahsa/datasets/grid/test/s33/bbwdzp.mpg,199,207,4.164201736450195,0.8925309253130861
12,5,/home/nabizadz/Projects/Mahsa/datasets/grid/test/s33/lbwo2p.mpg,279,287,4.278937816619873,0.9329631462465222
12,6,/home/nabizadz/Projects/Mahsa/datasets/grid/test/s33/srws1a.mpg,238,246,4.371145248413086,0.8692422950229828
12,7,/home/nabizadz/Projects/Mahsa/datasets/grid/test/s33/lgac4p.mpg,34,42,4.186779499053955,0.9962135547387106
12,8,/home/nabizadz/Projects/Mahsa/datasets/grid/test/s33/pbwg2p.mpg,253,261,4.31459379196167,0.8648190755226973
12,9,/home/nabizadz/Projects/Mahsa/datasets/grid/test/s33/pwwh3s.mpg,43,51,3.417513132095337,0.9769086796138683
12,10,/home/nabizadz/Projects/Mahsa/datasets/grid/test/s33/bwij5a.mpg,243,251,4.400154113769531,0.9439818422061124
12,11,/home/nabizadz/Projects/Mahsa/datasets/grid/test/s33/lgwx5a.mpg,11,19,4.348390102386475,0.9993661073833817
12,12,/home/nabizadz/Projects/Mahsa/datasets/grid/test/s33/sbwy9a.mpg,188,196,4.494264125823975,0.9886527524993082
12,13,/home/nabizadz/Projects/Mahsa/datasets/grid/test/s33/pwwu1s.mpg,246,254,4.254661560058594,0.905294863203728
12,14,/home/nabizadz/Projects/Mahsa/datasets/grid/test/s33/bbap1a.mpg,130,138,3.971237897872925,0.9799355522691579
12,15,/home/nabizadz/Projects/Mahsa/datasets/grid/test/s33/pgwu9a.mpg,163,171,3.6339426040649414,0.9663832260889522
13,0,/home/nabizadz/Projects/Mahsa/datasets/grid/test/s33/bgbr2p.mpg,130,138,4.308728218078613,0.9924151851214303
13,1,/home/nabizadz/Projects/Mahsa/datasets/grid/test/s33/lwbi6p.mpg,190,198,4.311657905578613,0.9968955703533142
13,2,/home/nabizadz/Projects/Mahsa/datasets/grid/test/s33/swwmzn.mpg,189,197,4.513223648071289,0.9813619048757567
13,3,/home/nabizadz/Projects/Mahsa/datasets/grid/test/s33/pgbo1a.mpg,7,15,4.445506572723389,0.9920008412932846
13,4,/home/nabizadz/Projects/Mahsa/datasets/grid/test/s33/swwz9s.mpg,270,278,4.31782341003418,0.9621768688711063
13,5,/home/nabizadz/Projects/Mahsa/datasets/grid/test/s33/sriy1s.mpg,138,146,3.3054428100585938,0.978933066637713
13,6,/home/nabizadz/Projects/Mahsa/datasets/grid/test/s33/lbbu1s.mpg,32,40,3.61003041267395,0.9931166604325417
13,7,/home/nabizadz/Projects/Mahsa/datasets/grid/test/s33/lrih2p.mpg,72,80,3.9180378913879395,0.9806467147764573
13,8,/home/nabizadz/Projects/Mahsa/datasets/grid/test/s33/brax1a.mpg,229,237,4.421079158782959,0.9785477575174055
13,9,/home/nabizadz/Projects/Mahsa/datasets/grid/test/s33/bgwe6n.mpg,14,22,4.427072525024414,0.9999637453517404
13,10,/home/nabizadz/Projects/Mahsa/datasets/grid/test/s33/bgwr4n.mpg,276,284,4.342728137969971,0.996156431151213
13,11,/home/nabizadz/Projects/Mahsa/datasets/grid/test/s33/lrbo5a.mpg,173,181,4.011451244354248,0.9856745045429356
13,12,/home/nabizadz/Projects/Mahsa/datasets/grid/test/s33/prwg9a.mpg,212,220,4.237389087677002,0.9175043180306381
13,13,/home/nabizadz/Projects/Mahsa/datasets/grid/test/s33/lbwb3s.mpg,250,258,4.421854496002197,0.9449523902041046
13,14,/home/nabizadz/Projects/Mahsa/datasets/grid/test/s33/lwao5s.mpg,72,80,4.188238143920898,0.9930111904504965
13,15,/home/nabizadz/Projects/Mahsa/datasets/grid/test/s33/lbbbzp.mpg,232,240,4.497777938842773,0.9725673712083824
14,0,/home/nabizadz/Projects/Mahsa/datasets/grid/test/s33/lwwp5a.mpg,69,77,3.7491652965545654,0.984341097074485
14,1,/home/nabizadz/Projects/Mahsa/datasets/grid/test/s33/sgas5a.mpg,18,26,3.6057817935943604,0.9987555045075925
14,2,/home/nabizadz/Projects/Mahsa/datasets/grid/test/s33/brajzn.mpg,247,255,4.39183235168457,0.9988612012509118
14,3,/home/nabizadz/Projects/Mahsa/datasets/grid/test/s33/lbig4n.mpg,198,206,4.074594974517822,0.9746862638963896
14,4,/home/nabizadz/Projects/Mahsa/datasets/grid/test/s33/bgiq4p.mpg,56,64,4.092337608337402,0.971068819634941
14,5,/home/nabizadz/Projects/Mahsa/datasets/grid/test/s33/sgbm2n.mpg,289,297,4.320806503295898,0.9843597729203365
14,6,/home/nabizadz/Projects/Mahsa/datasets/grid/test/s33/lwio1s.mpg,111,119,2.632006883621216,0.9724933212954594
14,7,/home/nabizadz/Projects/Mahsa/datasets/grid/test/s33/pbaz6p.mpg,239,247,4.177258491516113,0.8452163064039346
14,8,/home/nabizadz/Projects/Mahsa/datasets/grid/test/s33/lrbu6n.mpg,149,157,3.861969470977783,0.9846163170346317
14,9,/home/nabizadz/Projects/Mahsa/datasets/grid/test/s33/sgaz6n.mpg,74,82,3.852396249771118,0.9867822563965601
14,10,/home/nabizadz/Projects/Mahsa/datasets/grid/test/s33/lrah4n.mpg,258,266,4.365301609039307,0.9474931384230892
14,11,/home/nabizadz/Projects/Mahsa/datasets/grid/test/s33/lbwu5s.mpg,150,158,4.0012640953063965,0.9754320797248013
14,12,/home/nabizadz/Projects/Mahsa/datasets/grid/test/s33/pbwm7a.mpg,204,212,4.3197550773620605,0.8348064371416387
14,13,/home/nabizadz/Projects/Mahsa/datasets/grid/test/s33/sgas4p.mpg,291,299,3.640115261077881,0.9827825265873052
14,14,/home/nabizadz/Projects/Mahsa/datasets/grid/test/s33/priz8p.mpg,108,116,3.9212987422943115,0.9902915813181723
14,15,/home/nabizadz/Projects/Mahsa/datasets/grid/test/s33/swbl7s.mpg,211,219,4.376297473907471,0.9592474833743216
15,0,/home/nabizadz/Projects/Mahsa/datasets/grid/test/s33/sgbm3s.mpg,153,161,3.9363160133361816,0.9842490312958199
15,1,/home/nabizadz/Projects/Mahsa/datasets/grid/test/s33/sbax8n.mpg,152,160,3.6349353790283203,0.9881122427807042
15,2,/home/nabizadz/Projects/Mahsa/datasets/grid/test/s33/srbl2p.mpg,203,211,4.324839115142822,0.9814447177147442
15,3,/home/nabizadz/Projects/Mahsa/datasets/grid/test/s33/pbie8n.mpg,12,20,4.455791473388672,0.9999516248464181
15,4,/home/nabizadz/Projects/Mahsa/datasets/grid/test/s33/prwt4n.mpg,70,78,3.844022274017334,0.9739038366546963
15,5,/home/nabizadz/Projects/Mahsa/datasets/grid/test/s33/lwab8p.mpg,33,41,3.5355396270751953,0.9957059369483053
15,6,/home/nabizadz/Projects/Mahsa/datasets/grid/test/s33/swbszn.mpg,116,124,3.878802537918091,0.9858899235572844
15,7,/home/nabizadz/Projects/Mahsa/datasets/grid/test/s33/srak8p.mpg,209,217,3.904576539993286,0.98426490921345
15,8,/home/nabizadz/Projects/Mahsa/datasets/grid/test/s33/bwwe3a.mpg,45,53,3.201852321624756,0.9833848285351591
15,9,/home/nabizadz/Projects/Mahsa/datasets/grid/test/s33/sgwt3a.mpg,97,105,3.989542007446289,0.9878626447737295
15,10,/home/nabizadz/Projects/Mahsa/datasets/grid/test/s33/lgai8p.mpg,192,200,4.540833473205566,0.9810582054372265
15,11,/home/nabizadz/Projects/Mahsa/datasets/grid/test/s33/pgit4n.mpg,186,194,4.3749847412109375,0.9537282450299488
15,12,/home/nabizadz/Projects/Mahsa/datasets/grid/test/s33/bbiu9s.mpg,90,98,3.3653111457824707,0.9545548002994264
15,13,/home/nabizadz/Projects/Mahsa/datasets/grid/test/s33/sbak2p.mpg,187,195,4.075477123260498,0.9794062045866359
15,14,/home/nabizadz/Projects/Mahsa/datasets/grid/test/s33/pgbn8n.mpg,258,266,4.399126052856445,0.9034305799064182
15,15,/home/nabizadz/Projects/Mahsa/datasets/grid/test/s33/sbay1a.mpg,71,79,3.6153552532196045,0.9886157381852642
16,0,/home/nabizadz/Projects/Mahsa/datasets/grid/test/s33/lgwx4p.mpg,18,26,4.341156482696533,0.9999188710408028
16,1,/home/nabizadz/Projects/Mahsa/datasets/grid/test/s33/lwbi7a.mpg,193,201,4.101983547210693,0.9102587339729462
16,2,/home/nabizadz/Projects/Mahsa/datasets/grid/test/s33/primzp.mpg,43,51,3.359978199005127,0.9664353673025541
16,3,/home/nabizadz/Projects/Mahsa/datasets/grid/test/s33/lgwj5s.mpg,240,248,4.180327892303467,0.9422284637808723
16,4,/home/nabizadz/Projects/Mahsa/datasets/grid/test/s33/srwf3a.mpg,95,103,3.86100697517395,0.9921607091488828
16,5,/home/nabizadz/Projects/Mahsa/datasets/grid/test/s33/pris5a.mpg,105,113,4.142633438110352,0.9981962268450616
16,6,/home/nabizadz/Projects/Mahsa/datasets/grid/test/s33/brwd7a.mpg,218,226,4.33017110824585,0.9242738958887665
16,7,/home/nabizadz/Projects/Mahsa/datasets/grid/test/s33/bbav4p.mpg,41,49,3.3770763874053955,0.972026171221983
16,8,/home/nabizadz/Projects/Mahsa/datasets/grid/test/s33/pbbm1s.mpg,128,136,3.383661985397339,0.9729886838790125
16,9,/home/nabizadz/Projects/Mahsa/datasets/grid/test/s33/brwd4n.mpg,274,282,4.166049003601074,0.9697213726988405
16,10,/home/nabizadz/Projects/Mahsa/datasets/grid/test/s33/pwbn5a.mpg,54,62,4.2510857582092285,0.9970292735967191
16,11,/home/nabizadz/Projects/Mahsa/datasets/grid/test/s33/bbiu8n.mpg,55,63,3.4572949409484863,0.9747932505233724
16,12,/home/nabizadz/Projects/Mahsa/datasets/grid/test/s33/sbwl1a.mpg,105,113,3.865746021270752,0.9910491642139093
16,13,/home/nabizadz/Projects/Mahsa/datasets/grid/test/s33/brwd5s.mpg,68,76,3.8172433376312256,0.9911540204970021
16,14,/home/nabizadz/Projects/Mahsa/datasets/grid/test/s33/bgid7a.mpg,100,108,3.8587779998779297,0.9900694390304087
16,15,/home/nabizadz/Projects/Mahsa/datasets/grid/test/s33/sray7a.mpg,279,287,4.151164531707764,0.9592742266245364
17,0,/home/nabizadz/Projects/Mahsa/datasets/grid/test/s33/prbg5a.mpg,46,54,3.4748952388763428,0.9786093353576563
17,1,/home/nabizadz/Projects/Mahsa/datasets/grid/test/s33/bbbv8p.mpg,109,117,3.0055224895477295,0.9675150406100432
17,2,/home/nabizadz/Projects/Mahsa/datasets/grid/test/s33/sbwe4n.mpg,226,234,4.412885665893555,0.896950097752275
17,3,/home/nabizadz/Projects/Mahsa/datasets/grid/test/s33/sbwr3s.mpg,149,157,4.121402263641357,0.9747033520329287
17,4,/home/nabizadz/Projects/Mahsa/datasets/grid/test/s33/bbio6p.mpg,59,67,3.924412250518799,0.9798591007942145
17,5,/home/nabizadz/Projects/Mahsa/datasets/grid/test/s33/swbl9a.mpg,240,248,4.33418607711792,0.9529960816390948
17,6,/home/nabizadz/Projects/Mahsa/datasets/grid/test/s33/srwfzn.mpg,215,223,3.5653557777404785,0.9708877900351967
17,7,/home/nabizadz/Projects/Mahsa/datasets/grid/test/s33/pram4p.mpg,30,38,4.257745265960693,0.9998915362138391
17,8,/home/nabizadz/Projects/Mahsa/datasets/grid/test/s33/bgwe7s.mpg,31,39,4.263182163238525,0.9945087858369961
17,9,/home/nabizadz/Projects/Mahsa/datasets/grid/test/s33/lwavzp.mpg,17,25,4.1990485191345215,0.9997255708760805
17,10,/home/nabizadz/Projects/Mahsa/datasets/grid/test/s33/bgbe3s.mpg,61,69,3.704613208770752,0.9880252754344829
17,11,/home/nabizadz/Projects/Mahsa/datasets/grid/test/s33/srbr4n.mpg,136,144,3.453477382659912,0.9756645476360083
17,12,/home/nabizadz/Projects/Mahsa/datasets/grid/test/s33/brwq3s.mpg,263,271,4.368557453155518,0.9815618817978139
17,13,/home/nabizadz/Projects/Mahsa/datasets/grid/test/s33/lwai2p.mpg,61,69,3.482968330383301,0.9786450827585974
17,14,/home/nabizadz/Projects/Mahsa/datasets/grid/test/s33/sbid4p.mpg,291,299,4.346022605895996,0.9977772624128639
17,15,/home/nabizadz/Projects/Mahsa/datasets/grid/test/s33/prwn2p.mpg,65,73,3.7294015884399414,0.9838240615611191
18,0,/home/nabizadz/Projects/Mahsa/datasets/grid/test/s33/pwbg9s.mpg,152,160,3.6711695194244385,0.9894048317981138
18,1,/home/nabizadz/Projects/Mahsa/datasets/grid/test/s33/lgbj2p.mpg,131,139,4.186978816986084,0.9944112699256081
18,2,/home/nabizadz/Projects/Mahsa/datasets/grid/test/s33/sbby5a.mpg,61,69,4.299416542053223,0.9997130705932599
18,3,/home/nabizadz/Projects/Mahsa/datasets/grid/test/s33/bgay1s.mpg,124,132,4.070786476135254,0.9871932047838042
18,4,/home/nabizadz/Projects/Mahsa/datasets/grid/test/s33/sgbs8p.mpg,84,92,3.8293590545654297,0.9788535356414999
18,5,/home/nabizadz/Projects/Mahsa/datasets/grid/test/s33/pgbozp.mpg,42,50,3.441725015640259,0.9721825639707454
18,6,/home/nabizadz/Projects/Mahsa/datasets/grid/test/s33/sgwg3s.mpg,90,98,3.519531011581421,0.9890799385408562
18,7,/home/nabizadz/Projects/Mahsa/datasets/grid/test/s33/pgwo5a.mpg,276,284,4.457699775695801,0.9951808552700315
18,8,/home/nabizadz/Projects/Mahsa/datasets/grid/test/s33/bric3s.mpg,138,146,3.9834747314453125,0.9857006686803262
18,9,/home/nabizadz/Projects/Mahsa/datasets/grid/test/s33/lwwc7a.mpg,31,39,3.688706636428833,0.990433102119054
18,10,/home/nabizadz/Projects/Mahsa/datasets/grid/test/s33/bgwr7a.mpg,37,45,3.534646511077881,0.959379667583096
18,11,/home/nabizadz/Projects/Mahsa/datasets/grid/test/s33/lgbjzn.mpg,0,8,4.488471508026123,0.999980115488026
18,12,/home/nabizadz/Projects/Mahsa/datasets/grid/test/s33/lrwo9a.mpg,237,245,4.129884719848633,0.9829742502447781
18,13,/home/nabizadz/Projects/Mahsa/datasets/grid/test/s33/pwanzp.mpg,74,82,3.9593465328216553,0.9940003989501837
18,14,/home/nabizadz/Projects/Mahsa/datasets/grid/test/s33/srik2n.mpg,106,114,3.711606979370117,0.9666466596676161
18,15,/home/nabizadz/Projects/Mahsa/datasets/grid/test/s33/bwaj6n.mpg,97,105,3.8190741539001465,0.9846082330281888
19,0,/home/nabizadz/Projects/Mahsa/datasets/grid/test/s33/bgbe5a.mpg,281,289,4.25809383392334,0.9653866562375765
19,1,/home/nabizadz/Projects/Mahsa/datasets/grid/test/s33/pwbn4p.mpg,130,138,3.72056245803833,0.9747964848388252
19,2,/home/nabizadz/Projects/Mahsa/datasets/grid/test/s33/lwiu7a.mpg,54,62,3.638916492462158,0.9890450555509412
19,3,/home/nabizadz/Projects/Mahsa/datasets/grid/test/s33/bbbjzp.mpg,241,249,4.325161457061768,0.9683465433520858
19,4,/home/nabizadz/Projects/Mahsa/datasets/grid/test/s33/pwit1a.mpg,208,216,3.919504404067993,0.8752253571790017
19,5,/home/nabizadz/Projects/Mahsa/datasets/grid/test/s33/prbm8p.mpg,43,51,3.4859797954559326,0.9813905988949049
19,6,/home/nabizadz/Projects/Mahsa/datasets/grid/test/s33/bgwz1a.mpg,84,92,3.9110779762268066,0.9879052075166485
19,7,/home/nabizadz/Projects/Mahsa/datasets/grid/test/s33/bgix8p.mpg,66,74,3.82344913482666,0.9738424904495236
19,8,/home/nabizadz/Projects/Mahsa/datasets/grid/test/s33/pgig8p.mpg,254,262,4.171670436859131,0.9432925633245305
19,9,/home/nabizadz/Projects/Mahsa/datasets/grid/test/s33/bgae1a.mpg,63,71,3.3346831798553467,0.9832592545955987
19,10,/home/nabizadz/Projects/Mahsa/datasets/grid/test/s33/sbbk4n.mpg,16,24,3.752291202545166,0.9951463399398276
19,11,/home/nabizadz/Projects/Mahsa/datasets/grid/test/s33/sriq7s.mpg,241,249,4.411329746246338,0.9535478961098734
19,12,/home/nabizadz/Projects/Mahsa/datasets/grid/test/s33/bbwc8n.mpg,282,290,4.115867614746094,0.9951900266447694
19,13,/home/nabizadz/Projects/Mahsa/datasets/grid/test/s33/brac9a.mpg,211,219,4.32408332824707,0.8641647994577771
19,14,/home/nabizadz/Projects/Mahsa/datasets/grid/test/s33/brac8p.mpg,131,139,4.133646488189697,0.9895923369974443
19,15,/home/nabizadz/Projects/Mahsa/datasets/grid/test/s33/bgad8n.mpg,81,89,3.8325672149658203,0.9885404932579255
20,0,/home/nabizadz/Projects/Mahsa/datasets/grid/test/s33/lbinzp.mpg,0,8,4.537847995758057,0.9999999999968351
20,1,/home/nabizadz/Projects/Mahsa/datasets/grid/test/s33/lgbp4n.mpg,112,120,3.5654475688934326,0.9919551881463415
20,2,/home/nabizadz/Projects/Mahsa/datasets/grid/test/s33/lrih3a.mpg,47,55,2.9833199977874756,0.9822127569780661
20,3,/home/nabizadz/Projects/Mahsa/datasets/grid/test/s33/lwwjzp.mpg,215,223,4.556078910827637,0.9810663240557261
20,4,/home/nabizadz/Projects/Mahsa/datasets/grid/test/s33/pgwo2n.mpg,78,86,3.2646617889404297,0.9589113058070047
20,5,/home/nabizadz/Projects/Mahsa/datasets/grid/test/s33/sbid2n.mpg,75,83,2.111034870147705,0.9812135194604575
20,6,/home/nabizadz/Projects/Mahsa/datasets/grid/test/s33/lran9s.mpg,218,226,4.282977104187012,0.9531661365100657
20,7,/home/nabizadz/Projects/Mahsa/datasets/grid/test/s33/prwg8p.mpg,256,264,4.283303737640381,0.978299808229737
20,8,/home/nabizadz/Projects/Mahsa/datasets/grid/test/s33/prbg3s.mpg,38,46,3.9900007247924805,0.9908394015582055
20,9,/home/nabizadz/Projects/Mahsa/datasets/grid/test/s33/pbwgzn.mpg,103,111,3.5177953243255615,0.9932592468182849
20,10,/home/nabizadz/Projects/Mahsa/datasets/grid/test/s33/lwih7s.mpg,104,112,4.123603343963623,0.9954828304722358
20,11,/home/nabizadz/Projects/Mahsa/datasets/grid/test/s33/sgaf6p.mpg,25,33,4.3336310386657715,0.9898696336256785
20,12,/home/nabizadz/Projects/Mahsa/datasets/grid/test/s33/bbai6p.mpg,153,161,4.1476335525512695,0.9976999123278518
20,13,/home/nabizadz/Projects/Mahsa/datasets/grid/test/s33/swazzn.mpg,142,150,3.736630916595459,0.9785880898967098
20,14,/home/nabizadz/Projects/Mahsa/datasets/grid/test/s33/lrbu9a.mpg,71,79,4.2303266525268555,0.9988113897353397
20,15,/home/nabizadz/Projects/Mahsa/datasets/grid/test/s33/pbir9a.mpg,149,157,3.8145079612731934,0.9920984945394438
21,0,/home/nabizadz/Projects/Mahsa/datasets/grid/test/s33/sbbq8n.mpg,262,270,4.407919406890869,0.8845136496043372
21,1,/home/nabizadz/Projects/Mahsa/datasets/grid/test/s33/pgwu8p.mpg,56,64,3.919018268585205,0.9771158531516675
21,2,/home/nabizadz/Projects/Mahsa/datasets/grid/test/s33/pwig1s.mpg,253,261,4.2279767990112305,0.9352810155176797
21,3,/home/nabizadz/Projects/Mahsa/datasets/grid/test/s33/bbai7a.mpg,98,106,3.8918771743774414,0.976597695395058
21,4,/home/nabizadz/Projects/Mahsa/datasets/grid/test/s33/bwwq9s.mpg,276,284,4.397228240966797,0.9947067307157762
21,5,/home/nabizadz/Projects/Mahsa/datasets/grid/test/s33/lwao7a.mpg,223,231,4.436150550842285,0.991932665740278
21,6,/home/nabizadz/Projects/Mahsa/datasets/grid/test/s33/brbx4p.mpg,76,84,3.586254835128784,0.9860514669598225
21,7,/home/nabizadz/Projects/Mahsa/datasets/grid/test/s33/srar1s.mpg,169,177,4.360164642333984,0.9577898946532828
21,8,/home/nabizadz/Projects/Mahsa/datasets/grid/test/s33/bwwq8n.mpg,201,209,4.31724739074707,0.9493673056993398
21,9,/home/nabizadz/Projects/Mahsa/datasets/grid/test/s33/lbaa6p.mpg,93,101,3.75638484954834,0.9861108181779671
21,10,/home/nabizadz/Projects/Mahsa/datasets/grid/test/s33/lwau9s.mpg,238,246,3.950350046157837,0.8427354354540169
21,11,/home/nabizadz/Projects/Mahsa/datasets/grid/test/s33/pgauzp.mpg,50,58,3.3948683738708496,0.9768708771355924
21,12,/home/nabizadz/Projects/Mahsa/datasets/grid/test/s33/lrah6p.mpg,12,20,4.466094017028809,0.9999994266326752
21,13,/home/nabizadz/Projects/Mahsa/datasets/grid/test/s33/lgio6n.mpg,13,21,4.147597789764404,0.9999471105608285
21,14,/home/nabizadz/Projects/Mahsa/datasets/grid/test/s33/lrau5a.mpg,101,109,4.043091297149658,0.9910302836203884
21,15,/home/nabizadz/Projects/Mahsa/datasets/grid/test/s33/prbt1s.mpg,26,34,4.078540802001953,0.9969826001196218
22,0,/home/nabizadz/Projects/Mahsa/datasets/grid/test/s33/sgif2p.mpg,10,18,4.515807151794434,0.9992658043721289
22,1,/home/nabizadz/Projects/Mahsa/datasets/grid/test/s33/bgwl1s.mpg,138,146,3.7027177810668945,0.9863264501006218
22,2,/home/nabizadz/Projects/Mahsa/datasets/grid/test/s33/sbwy7s.mpg,139,147,3.770159959793091,0.986495495287392
22,3,/home/nabizadz/Projects/Mahsa/datasets/grid/test/s33/brwkzp.mpg,75,83,3.22983455657959,0.981134777902468
22,4,/home/nabizadz/Projects/Mahsa/datasets/grid/test/s33/sbby2n.mpg,98,106,3.840023994445801,0.9851749273486935
22,5,/home/nabizadz/Projects/Mahsa/datasets/grid/test/s33/sray4n.mpg,67,75,3.9786555767059326,0.9958465233730402
22,6,/home/nabizadz/Projects/Mahsa/datasets/grid/test/s33/bwip8p.mpg,171,179,4.234838962554932,0.9801660423152161
22,7,/home/nabizadz/Projects/Mahsa/datasets/grid/test/s33/bbbp3s.mpg,172,180,4.157377243041992,0.9786789569675096
22,8,/home/nabizadz/Projects/Mahsa/datasets/grid/test/s33/pbaszn.mpg,220,228,4.329260349273682,0.9058536609986753
22,9,/home/nabizadz/Projects/Mahsa/datasets/grid/test/s33/bbac3a.mpg,167,175,4.332734107971191,0.9970073201995524
22,10,/home/nabizadz/Projects/Mahsa/datasets/grid/test/s33/pwim4n.mpg,179,187,4.241416931152344,0.9747066630674437
22,11,/home/nabizadz/Projects/Mahsa/datasets/grid/test/s33/lbwb2n.mpg,111,119,3.8833141326904297,0.9547685958400122
22,12,/home/nabizadz/Projects/Mahsa/datasets/grid/test/s33/bbib6n.mpg,39,47,3.565538167953491,0.9642553481539005
22,13,/home/nabizadz/Projects/Mahsa/datasets/grid/test/s33/srae2n.mpg,271,279,4.4810380935668945,0.9691415489244439
22,14,/home/nabizadz/Projects/Mahsa/datasets/grid/test/s33/sbbezn.mpg,245,253,4.3371076583862305,0.9278137595802334
22,15,/home/nabizadz/Projects/Mahsa/datasets/grid/test/s33/swwz8n.mpg,96,104,3.8748292922973633,0.9942844232105257
23,0,/home/nabizadz/Projects/Mahsa/datasets/grid/test/s33/pbbf9a.mpg,251,259,4.2886481285095215,0.859829930222499
23,1,/home/nabizadz/Projects/Mahsa/datasets/grid/test/s33/pgbu3s.mpg,119,127,3.621276378631592,0.9772149104902167
23,2,/home/nabizadz/Projects/Mahsa/datasets/grid/test/s33/pwis8n.mpg,238,246,4.114071369171143,0.835983667519927
23,3,/home/nabizadz/Projects/Mahsa/datasets/grid/test/s33/sbiq3a.mpg,57,65,3.8054821491241455,0.9867013698891425
23,4,/home/nabizadz/Projects/Mahsa/datasets/grid/test/s33/lban2n.mpg,107,115,3.651137351989746,0.9934642166810203
23,5,/home/nabizadz/Projects/Mahsa/datasets/grid/test/s33/pgbh4n.mpg,82,90,3.794557809829712,0.9859722994631677
23,6,/home/nabizadz/Projects/Mahsa/datasets/grid/test/s33/bbwc9s.mpg,198,206,4.3852105140686035,0.9518313035510986
23,7,/home/nabizadz/Projects/Mahsa/datasets/grid/test/s33/sbij8p.mpg,123,131,4.297245502471924,0.9991315610467278
23,8,/home/nabizadz/Projects/Mahsa/datasets/grid/test/s33/pwbt6n.mpg,271,279,4.383047103881836,0.9625017460328786
23,9,/home/nabizadz/Projects/Mahsa/datasets/grid/test/s33/pbbs7a.mpg,1,9,4.515044689178467,0.9999999328235997
23,10,/home/nabizadz/Projects/Mahsa/datasets/grid/test/s33/lraozp.mpg,268,276,4.471501350402832,0.9322506741120209
23,11,/home/nabizadz/Projects/Mahsa/datasets/grid/test/s33/lwwc6p.mpg,242,250,4.4523701667785645,0.989112304176004
23,12,/home/nabizadz/Projects/Mahsa/datasets/grid/test/s33/bwwy3s.mpg,183,191,4.350226879119873,0.9899464452949308
23,13,/home/nabizadz/Projects/Mahsa/datasets/grid/test/s33/prwt7a.mpg,93,101,3.7771568298339844,0.9941505556650628
23,14,/home/nabizadz/Projects/Mahsa/datasets/grid/test/s33/pgbu5a.mpg,272,280,4.4285101890563965,0.9913299592510348
23,15,/home/nabizadz/Projects/Mahsa/datasets/grid/test/s33/swbz4n.mpg,186,194,4.235049724578857,0.9823199512621406
24,0,/home/nabizadz/Projects/Mahsa/datasets/grid/test/s33/bwad5a.mpg,226,234,4.466888427734375,0.9594191583318962
24,1,/home/nabizadz/Projects/Mahsa/datasets/grid/test/s33/sgwg4p.mpg,76,84,3.6528007984161377,0.9724365038322814
24,2,/home/nabizadz/Projects/Mahsa/datasets/grid/test/s33/srbz1a.mpg,290,298,4.436464786529541,0.9966008122183176
24,3,/home/nabizadz/Projects/Mahsa/datasets/grid/test/s33/pwaa3a.mpg,18,26,4.260318756103516,0.9998144843648707
24,4,/home/nabizadz/Projects/Mahsa/datasets/grid/test/s33/lrab2p.mpg,86,94,2.584444046020508,0.981933469129574
24,5,/home/nabizadz/Projects/Mahsa/datasets/grid/test/s33/lbia2p.mpg,78,86,3.707878589630127,0.9652311252892828
24,6,/home/nabizadz/Projects/Mahsa/datasets/grid/test/s33/swir4p.mpg,281,289,4.4017767906188965,0.9779133188084883
24,7,/home/nabizadz/Projects/Mahsa/datasets/grid/test/s33/sriq6n.mpg,36,44,4.326760768890381,0.9947510417951064
24,8,/home/nabizadz/Projects/Mahsa/datasets/grid/test/s33/swar9a.mpg,19,27,3.9225542545318604,0.983519531883033
24,9,/home/nabizadz/Projects/Mahsa/datasets/grid/test/s33/bgwl2p.mpg,122,130,4.104305267333984,0.9807877057320866
24,10,/home/nabizadz/Projects/Mahsa/datasets/grid/test/s33/brwx8p.mpg,67,75,3.850489377975464,0.9834134029170212
24,11,/home/nabizadz/Projects/Mahsa/datasets/grid/test/s33/srwf1s.mpg,175,183,3.219635486602783,0.9767856701897187
24,12,/home/nabizadz/Projects/Mahsa/datasets/grid/test/s33/lgib9s.mpg,184,192,4.42473840713501,0.9292667619213627
24,13,/home/nabizadz/Projects/Mahsa/datasets/grid/test/s33/lrwo8p.mpg,202,210,4.2307610511779785,0.9014377386829313
24,14,/home/nabizadz/Projects/Mahsa/datasets/grid/test/s33/lbbn6n.mpg,161,169,4.224503040313721,0.986383878080908
24,15,/home/nabizadz/Projects/Mahsa/datasets/grid/test/s33/pgbu4p.mpg,110,118,3.341796636581421,0.9770493396039334
25,0,/home/nabizadz/Projects/Mahsa/datasets/grid/test/s33/pris3s.mpg,20,28,4.308503150939941,0.9999521207846753
25,1,/home/nabizadz/Projects/Mahsa/datasets/grid/test/s33/swbz6p.mpg,97,105,3.723391532897949,0.9925284363344138
25,2,/home/nabizadz/Projects/Mahsa/datasets/grid/test/s33/lbwh8p.mpg,7,15,4.56345272064209,0.9999987673430442
25,3,/home/nabizadz/Projects/Mahsa/datasets/grid/test/s33/pgah2p.mpg,68,76,3.558788776397705,0.9802125554563701
25,4,/home/nabizadz/Projects/Mahsa/datasets/grid/test/s33/lwbo9s.mpg,124,132,3.8334202766418457,0.9864447627532643
25,5,/home/nabizadz/Projects/Mahsa/datasets/grid/test/s33/pbws8n.mpg,59,67,4.226822376251221,0.9971040027125541
25,6,/home/nabizadz/Projects/Mahsa/datasets/grid/test/s33/bgak3s.mpg,72,80,4.006195068359375,0.9927507817662854
25,7,/home/nabizadz/Projects/Mahsa/datasets/grid/test/s33/srik4p.mpg,253,261,4.4188761711120605,0.9589182703394796
25,8,/home/nabizadz/Projects/Mahsa/datasets/grid/test/s33/bric5a.mpg,140,148,4.352349281311035,0.9963818868602514
25,9,/home/nabizadz/Projects/Mahsa/datasets/grid/test/s33/lgbc6n.mpg,151,159,3.8847811222076416,0.9861255154234801
25,10,/home/nabizadz/Projects/Mahsa/datasets/grid/test/s33/lrwo7s.mpg,273,281,4.363739013671875,0.9583323722970082
25,11,/home/nabizadz/Projects/Mahsa/datasets/grid/test/s33/bgid4n.mpg,35,43,3.411977767944336,0.9714198173543002
25,12,/home/nabizadz/Projects/Mahsa/datasets/grid/test/s33/swwf6n.mpg,223,231,4.4966607093811035,0.9430641046658607
25,13,/home/nabizadz/Projects/Mahsa/datasets/grid/test/s33/sbaq7a.mpg,105,113,3.8124725818634033,0.9914847675748477
25,14,/home/nabizadz/Projects/Mahsa/datasets/grid/test/s33/swal2n.mpg,103,111,3.7723701000213623,0.9933043110685451
25,15,/home/nabizadz/Projects/Mahsa/datasets/grid/test/s33/sgbs9a.mpg,103,111,3.8209097385406494,0.9869859542297503
26,0,/home/nabizadz/Projects/Mahsa/datasets/grid/test/s33/pbil5a.mpg,151,159,4.011847019195557,0.989147261309344
26,1,/home/nabizadz/Projects/Mahsa/datasets/grid/test/s33/lbba8n.mpg,38,46,3.7354469299316406,0.9770043615809674
26,2,/home/nabizadz/Projects/Mahsa/datasets/grid/test/s33/lrbi1a.mpg,277,285,4.338326454162598,0.9896385610253906
26,3,/home/nabizadz/Projects/Mahsa/datasets/grid/test/s33/pgbh7a.mpg,38,46,4.083920955657959,0.9905039657037813
26,4,/home/nabizadz/Projects/Mahsa/datasets/grid/test/s33/pbbs4n.mpg,110,118,3.635232925415039,0.9870459899709951
26,5,/home/nabizadz/Projects/Mahsa/datasets/grid/test/s33/pwba6p.mpg,165,173,4.117755889892578,0.9970155906708962
26,6,/home/nabizadz/Projects/Mahsa/datasets/grid/test/s33/pgbh6p.mpg,132,140,4.223637104034424,0.9927448346732215
26,7,/home/nabizadz/Projects/Mahsa/datasets/grid/test/s33/bgwe9a.mpg,129,137,4.0515522956848145,0.9884729896921259
26,8,/home/nabizadz/Projects/Mahsa/datasets/grid/test/s33/bbapzp.mpg,275,283,4.155639171600342,0.9998388020748546
26,9,/home/nabizadz/Projects/Mahsa/datasets/grid/test/s33/bwic9s.mpg,133,141,3.39162540435791,0.9687851416026417
26,10,/home/nabizadz/Projects/Mahsa/datasets/grid/test/s33/sgif3a.mpg,195,203,4.465926170349121,0.9510685846098755
26,11,/home/nabizadz/Projects/Mahsa/datasets/grid/test/s33/srie1a.mpg,72,80,3.6017568111419678,0.991091110457343
26,12,/home/nabizadz/Projects/Mahsa/datasets/grid/test/s33/swwm3a.mpg,203,211,4.429407596588135,0.9625589114082874
26,13,/home/nabizadz/Projects/Mahsa/datasets/grid/test/s33/sbbq9s.mpg,91,99,3.3472704887390137,0.9784841635784145
26,14,/home/nabizadz/Projects/Mahsa/datasets/grid/test/s33/swir2n.mpg,66,74,3.403520345687866,0.9831033725550102
26,15,/home/nabizadz/Projects/Mahsa/datasets/grid/test/s33/bwbq4n.mpg,224,232,4.4221320152282715,0.9491113950118262
27,0,/home/nabizadz/Projects/Mahsa/datasets/grid/test/s33/pwba4n.mpg,243,251,4.226150989532471,0.8411132101202549
27,1,/home/nabizadz/Projects/Mahsa/datasets/grid/test/s33/bgbe4p.mpg,276,284,4.52322244644165,0.9946660865658286
27,2,/home/nabizadz/Projects/Mahsa/datasets/grid/test/s33/bgij9s.mpg,23,31,4.273961544036865,0.999740574165031
27,3,/home/nabizadz/Projects/Mahsa/datasets/grid/test/s33/lrbu7s.mpg,73,81,3.8307979106903076,0.976228505234674
27,4,/home/nabizadz/Projects/Mahsa/datasets/grid/test/s33/swie6p.mpg,188,196,4.456148147583008,0.9696949847992521
27,5,/home/nabizadz/Projects/Mahsa/datasets/grid/test/s33/pwam9s.mpg,111,119,3.725173234939575,0.9837505997563052
27,6,/home/nabizadz/Projects/Mahsa/datasets/grid/test/s33/lrbu8p.mpg,129,137,3.9988529682159424,0.9779342182552181
27,7,/home/nabizadz/Projects/Mahsa/datasets/grid/test/s33/sgiz4p.mpg,33,41,4.369615077972412,0.9857012566506845
27,8,/home/nabizadz/Projects/Mahsa/datasets/grid/test/s33/lgapzn.mpg,154,162,3.9402194023132324,0.9838278210321174
27,9,/home/nabizadz/Projects/Mahsa/datasets/grid/test/s33/srwr9s.mpg,124,132,3.411945343017578,0.9822769419263901
27,10,/home/nabizadz/Projects/Mahsa/datasets/grid/test/s33/lrau2n.mpg,213,221,4.3947553634643555,0.8627125407537418
27,11,/home/nabizadz/Projects/Mahsa/datasets/grid/test/s33/lbat8p.mpg,284,292,4.417945861816406,0.9724341032552343
27,12,/home/nabizadz/Projects/Mahsa/datasets/grid/test/s33/bgay3a.mpg,253,261,4.303191661834717,0.9022014475663535
27,13,/home/nabizadz/Projects/Mahsa/datasets/grid/test/s33/bbbp4p.mpg,36,44,4.423298358917236,0.9938964580912989
27,14,/home/nabizadz/Projects/Mahsa/datasets/grid/test/s33/pwaa1s.mpg,95,103,3.4375107288360596,0.979396737198086
27,15,/home/nabizadz/Projects/Mahsa/datasets/grid/test/s33/lrab3a.mpg,175,183,4.426558494567871,0.9510722873866013
28,0,/home/nabizadz/Projects/Mahsa/datasets/grid/test/s33/pbbm2p.mpg,239,247,3.9433867931365967,0.9656037086167072
28,1,/home/nabizadz/Projects/Mahsa/datasets/grid/test/s33/swar6n.mpg,253,261,4.331000804901123,0.9043929879424557
28,2,/home/nabizadz/Projects/Mahsa/datasets/grid/test/s33/bwid1a.mpg,75,83,3.9150798320770264,0.9922358829386866
28,3,/home/nabizadz/Projects/Mahsa/datasets/grid/test/s33/swwm1s.mpg,135,143,3.976295232772827,0.9882197636159601
28,4,/home/nabizadz/Projects/Mahsa/datasets/grid/test/s33/brwq5a.mpg,68,76,3.4675252437591553,0.9840528492963915
28,5,/home/nabizadz/Projects/Mahsa/datasets/grid/test/s33/lwwv7s.mpg,166,174,4.424410820007324,0.9961699220205981
28,6,/home/nabizadz/Projects/Mahsa/datasets/grid/test/s33/praf8n.mpg,256,264,4.414594650268555,0.9594316946240553
28,7,/home/nabizadz/Projects/Mahsa/datasets/grid/test/s33/lwio3a.mpg,77,85,3.394787311553955,0.9824324129254532
28,8,/home/nabizadz/Projects/Mahsa/datasets/grid/test/s33/lgii4p.mpg,70,78,2.9156553745269775,0.9717954717037592
28,9,/home/nabizadz/Projects/Mahsa/datasets/grid/test/s33/brwx7s.mpg,215,223,4.329457759857178,0.8845071919337204
28,10,/home/nabizadz/Projects/Mahsa/datasets/grid/test/s33/bbav3s.mpg,58,66,2.9644322395324707,0.9602531854700697
28,11,/home/nabizadz/Projects/Mahsa/datasets/grid/test/s33/swbf3s.mpg,86,94,3.6727263927459717,0.9888654685183443
28,12,/home/nabizadz/Projects/Mahsa/datasets/grid/test/s33/pgan7a.mpg,132,140,3.552961587905884,0.9905080941014283
28,13,/home/nabizadz/Projects/Mahsa/datasets/grid/test/s33/bbwj2n.mpg,239,247,4.3888444900512695,0.8581589150217608
28,14,/home/nabizadz/Projects/Mahsa/datasets/grid/test/s33/lrwi5a.mpg,125,133,3.5343573093414307,0.9781214986864899
28,15,/home/nabizadz/Projects/Mahsa/datasets/grid/test/s33/srwr8n.mpg,49,57,3.6523890495300293,0.9889564915005938
29,0,/home/nabizadz/Projects/Mahsa/datasets/grid/test/s33/lrah7a.mpg,57,65,3.6746959686279297,0.9854880558965861
29,1,/home/nabizadz/Projects/Mahsa/datasets/grid/test/s33/sbbe3a.mpg,62,70,3.208547353744507,0.9853310689065454
29,2,/home/nabizadz/Projects/Mahsa/datasets/grid/test/s33/lwbc1s.mpg,263,271,4.538094520568848,0.9880467698276594
29,3,/home/nabizadz/Projects/Mahsa/datasets/grid/test/s33/lwbv4p.mpg,98,106,3.7197694778442383,0.9846635168339899
29,4,/home/nabizadz/Projects/Mahsa/datasets/grid/test/s33/bgid5s.mpg,183,191,4.428953647613525,0.9772199103784159
29,5,/home/nabizadz/Projects/Mahsa/datasets/grid/test/s33/bgay2p.mpg,137,145,4.159029960632324,0.9895575087826033
29,6,/home/nabizadz/Projects/Mahsa/datasets/grid/test/s33/prbm6n.mpg,42,50,3.3830742835998535,0.9796163960264953
29,7,/home/nabizadz/Projects/Mahsa/datasets/grid/test/s33/sbix6p.mpg,156,164,3.8987748622894287,0.9812345729167387
29,8,/home/nabizadz/Projects/Mahsa/datasets/grid/test/s33/lbahzp.mpg,88,96,2.4363162517547607,0.9712050021928612
29,9,/home/nabizadz/Projects/Mahsa/datasets/grid/test/s33/bbbv7s.mpg,221,229,4.364989280700684,0.9646599806892051
29,10,/home/nabizadz/Projects/Mahsa/datasets/grid/test/s33/pgbh5s.mpg,148,156,4.235491752624512,0.9969222180713482
29,11,/home/nabizadz/Projects/Mahsa/datasets/grid/test/s33/sgbm4p.mpg,74,82,4.000889778137207,0.993874925523989
29,12,/home/nabizadz/Projects/Mahsa/datasets/grid/test/s33/bric2n.mpg,286,294,4.212103843688965,0.9630343181938584
29,13,/home/nabizadz/Projects/Mahsa/datasets/grid/test/s33/lrit8n.mpg,203,211,3.800893545150757,0.9850813102166087
29,14,/home/nabizadz/Projects/Mahsa/datasets/grid/test/s33/pbaz5s.mpg,124,132,3.9090001583099365,0.9824294292380983
29,15,/home/nabizadz/Projects/Mahsa/datasets/grid/test/s33/bbac2p.mpg,196,204,4.366638660430908,0.9399014729211567
30,0,/home/nabizadz/Projects/Mahsa/datasets/grid/test/s33/brap5s.mpg,116,124,4.030026912689209,0.9888283346239665
30,1,/home/nabizadz/Projects/Mahsa/datasets/grid/test/s33/lrbb5s.mpg,91,99,3.6295416355133057,0.9870231939373427
30,2,/home/nabizadz/Projects/Mahsa/datasets/grid/test/s33/bgaezp.mpg,283,291,4.392602920532227,0.9782654484717273
30,3,/home/nabizadz/Projects/Mahsa/datasets/grid/test/s33/bwixzn.mpg,38,46,3.440788507461548,0.960126802137857
30,4,/home/nabizadz/Projects/Mahsa/datasets/grid/test/s33/brwx6n.mpg,276,284,4.391409873962402,0.9520000163621024
30,5,/home/nabizadz/Projects/Mahsa/datasets/grid/test/s33/lbwb4p.mpg,200,208,4.3101487159729,0.9906167200440684
30,6,/home/nabizadz/Projects/Mahsa/datasets/grid/test/s33/sgis1a.mpg,236,244,4.057948589324951,0.9331715962271029
30,7,/home/nabizadz/Projects/Mahsa/datasets/grid/test/s33/lrbb6p.mpg,169,177,4.215620517730713,0.9957144833473263
30,8,/home/nabizadz/Projects/Mahsa/datasets/grid/test/s33/lbbu3a.mpg,26,34,4.303065299987793,0.999493421008893
30,9,/home/nabizadz/Projects/Mahsa/datasets/grid/test/s33/lwao4n.mpg,141,149,4.0013957023620605,0.9801891398423935
30,10,/home/nabizadz/Projects/Mahsa/datasets/grid/test/s33/bgikzp.mpg,212,220,4.482792854309082,0.9921703282514257
30,11,/home/nabizadz/Projects/Mahsa/datasets/grid/test/s33/lbat6n.mpg,46,54,2.272533416748047,0.9587745685897804
30,12,/home/nabizadz/Projects/Mahsa/datasets/grid/test/s33/pbifzp.mpg,63,71,4.025636672973633,0.9993124112514362
30,13,/home/nabizadz/Projects/Mahsa/datasets/grid/test/s33/pbwm6p.mpg,180,188,4.317810535430908,0.9709086146332837
30,14,/home/nabizadz/Projects/Mahsa/datasets/grid/test/s33/bbwp7s.mpg,12,20,4.531124114990234,0.9996732930903623
30,15,/home/nabizadz/Projects/Mahsa/datasets/grid/test/s33/sbbk7a.mpg,93,101,3.5627968311309814,0.9835274518481765
31,0,/home/nabizadz/Projects/Mahsa/datasets/grid/test/s33/lrabzn.mpg,237,245,4.260422706604004,0.9114704855486909
31,1,/home/nabizadz/Projects/Mahsa/datasets/grid/test/s33/sgwg2n.mpg,138,146,2.5312247276306152,0.9818460414731862
31,2,/home/nabizadz/Projects/Mahsa/datasets/grid/test/s33/lwih8p.mpg,214,222,4.505337238311768,0.9842894019156287
31,3,/home/nabizadz/Projects/Mahsa/datasets/grid/test/s33/bgaq7s.mpg,267,275,4.384410858154297,0.9527822726529908
31,4,/home/nabizadz/Projects/Mahsa/datasets/grid/test/s33/bwwk6p.mpg,199,207,4.133603096008301,0.9625330164390173
31,5,/home/nabizadz/Projects/Mahsa/datasets/grid/test/s33/lwab7s.mpg,147,155,4.119850158691406,0.9817143649772504
31,6,/home/nabizadz/Projects/Mahsa/datasets/grid/test/s33/lgav5s.mpg,97,105,2.513582706451416,0.9846612922466441
31,7,/home/nabizadz/Projects/Mahsa/datasets/grid/test/s33/sgwg5a.mpg,6,14,4.330204486846924,0.9997696237514023
31,8,/home/nabizadz/Projects/Mahsa/datasets/grid/test/s33/bgik1a.mpg,13,21,4.4484944343566895,0.9999959630400169
31,9,/home/nabizadz/Projects/Mahsa/datasets/grid/test/s33/lrbo3s.mpg,280,288,4.341451168060303,0.9563749644670818
31,10,/home/nabizadz/Projects/Mahsa/datasets/grid/test/s33/bwad4p.mpg,272,280,4.261643409729004,0.9856828397892985
31,11,/home/nabizadz/Projects/Mahsa/datasets/grid/test/s33/sriq8p.mpg,141,149,4.00135612487793,0.9961489494623865
31,12,/home/nabizadz/Projects/Mahsa/datasets/grid/test/s33/pgia4p.mpg,83,91,3.566063642501831,0.9749209801727581
31,13,/home/nabizadz/Projects/Mahsa/datasets/grid/test/s33/bripzn.mpg,45,53,4.029336452484131,0.9917740829252439
31,14,/home/nabizadz/Projects/Mahsa/datasets/grid/test/s33/sbbrzp.mpg,54,62,3.9470083713531494,0.994626833331616
31,15,/home/nabizadz/Projects/Mahsa/datasets/grid/test/s33/pwwbzp.mpg,14,22,4.5181732177734375,0.999997634812625
32,0,/home/nabizadz/Projects/Mahsa/datasets/grid/test/s33/pgwb5s.mpg,81,89,3.8646388053894043,0.9858649061631976
32,1,/home/nabizadz/Projects/Mahsa/datasets/grid/test/s33/bgby7a.mpg,17,25,3.31693434715271,0.9808990259900567
32,2,/home/nabizadz/Projects/Mahsa/datasets/grid/test/s33/brwd6p.mpg,94,102,3.886073350906372,0.993239718002531
32,3,/home/nabizadz/Projects/Mahsa/datasets/grid/test/s33/pbal6n.mpg,285,293,4.41306209564209,0.9852412787510321
32,4,/home/nabizadz/Projects/Mahsa/datasets/grid/test/s33/lgiv1s.mpg,248,256,3.7965805530548096,0.8552498514668938
32,5,/home/nabizadz/Projects/Mahsa/datasets/grid/test/s33/pbaf3s.mpg,279,287,4.380153656005859,0.9680407397355351
32,6,/home/nabizadz/Projects/Mahsa/datasets/grid/test/s33/brwx9a.mpg,278,286,4.28390645980835,0.9768247270511246
32,7,/home/nabizadz/Projects/Mahsa/datasets/grid/test/s33/pbaz7a.mpg,100,108,3.7157769203186035,0.9844688958430164
32,8,/home/nabizadz/Projects/Mahsa/datasets/grid/test/s33/pwat2n.mpg,26,34,4.357867240905762,0.999927332062849
32,9,/home/nabizadz/Projects/Mahsa/datasets/grid/test/s33/lbit5a.mpg,150,158,4.061596870422363,0.9706702007986717
32,10,/home/nabizadz/Projects/Mahsa/datasets/grid/test/s33/lbbb1a.mpg,9,17,4.477345943450928,0.9999258305617547
32,11,/home/nabizadz/Projects/Mahsa/datasets/grid/test/s33/bbac1s.mpg,213,221,4.369903087615967,0.9208702160715803
32,12,/home/nabizadz/Projects/Mahsa/datasets/grid/test/s33/pbif1a.mpg,175,183,4.378240585327148,0.9801497405637895
32,13,/home/nabizadz/Projects/Mahsa/datasets/grid/test/s33/brbd1s.mpg,68,76,3.9579553604125977,0.985875783190367
32,14,/home/nabizadz/Projects/Mahsa/datasets/grid/test/s33/lrih1s.mpg,279,287,4.511387348175049,0.9725029254655856
32,15,/home/nabizadz/Projects/Mahsa/datasets/grid/test/s33/pbbz9s.mpg,48,56,3.4666690826416016,0.981295533109459
33,0,/home/nabizadz/Projects/Mahsa/datasets/grid/test/s33/swiy7s.mpg,78,86,4.149639129638672,0.999920476621301
33,1,/home/nabizadz/Projects/Mahsa/datasets/grid/test/s33/lwbv5a.mpg,162,170,4.181326866149902,0.9912564016924653
33,2,/home/nabizadz/Projects/Mahsa/datasets/grid/test/s33/pbie9s.mpg,243,251,4.334127426147461,0.9148268269630456
33,3,/home/nabizadz/Projects/Mahsa/datasets/grid/test/s33/pragzp.mpg,38,46,3.9149692058563232,0.9877143577345154
33,4,/home/nabizadz/Projects/Mahsa/datasets/grid/test/s33/bwbk1s.mpg,80,88,3.76936411857605,0.9950417065438136
33,5,/home/nabizadz/Projects/Mahsa/datasets/grid/test/s33/bgbr1s.mpg,283,291,4.283662796020508,0.998393112229389
33,6,/home/nabizadz/Projects/Mahsa/datasets/grid/test/s33/bwwk7a.mpg,256,264,4.241224765777588,0.938228090568448
33,7,/home/nabizadz/Projects/Mahsa/datasets/grid/test/s33/srar2p.mpg,279,287,4.3588080406188965,0.9459709480846545
33,8,/home/nabizadz/Projects/Mahsa/datasets/grid/test/s33/pbaf4p.mpg,252,260,4.384310245513916,0.9087199156347674
33,9,/home/nabizadz/Projects/Mahsa/datasets/grid/test/s33/lwau8n.mpg,141,149,4.080537796020508,0.9882279879548942
33,10,/home/nabizadz/Projects/Mahsa/datasets/grid/test/s33/bwwe1s.mpg,14,22,4.37539005279541,0.9999873468698293
33,11,/home/nabizadz/Projects/Mahsa/datasets/grid/test/s33/bbii1s.mpg,115,123,3.7077016830444336,0.986143400277308
33,12,/home/nabizadz/Projects/Mahsa/datasets/grid/test/s33/briv5s.mpg,22,30,4.198716640472412,0.9993942822654706
33,13,/home/nabizadz/Projects/Mahsa/datasets/grid/test/s33/lbia1s.mpg,22,30,4.131000995635986,0.9988865308990716
33,14,/home/nabizadz/Projects/Mahsa/datasets/grid/test/s33/pbiz1s.mpg,196,204,4.431873321533203,0.9788445893415081
33,15,/home/nabizadz/Projects/Mahsa/datasets/grid/test/s33/sbij7s.mpg,282,290,4.293433666229248,0.979416472678701
34,0,/home/nabizadz/Projects/Mahsa/datasets/grid/test/s33/brbp9s.mpg,109,117,3.4496984481811523,0.989145783429491
34,1,/home/nabizadz/Projects/Mahsa/datasets/grid/test/s33/lwbv2n.mpg,185,193,4.397582530975342,0.9466849709396522
34,2,/home/nabizadz/Projects/Mahsa/datasets/grid/test/s33/pgwu6n.mpg,107,115,3.6790454387664795,0.9801049230676487
34,3,/home/nabizadz/Projects/Mahsa/datasets/grid/test/s33/lrwi4p.mpg,270,278,4.293734550476074,0.9505775290270686
34,4,/home/nabizadz/Projects/Mahsa/datasets/grid/test/s33/bwwy5a.mpg,228,236,4.379166126251221,0.931969733722376
34,5,/home/nabizadz/Projects/Mahsa/datasets/grid/test/s33/lbin1a.mpg,74,82,3.7962307929992676,0.9675288828259831
34,6,/home/nabizadz/Projects/Mahsa/datasets/grid/test/s33/lbwh6n.mpg,268,276,4.004284858703613,0.9531743272657383
34,7,/home/nabizadz/Projects/Mahsa/datasets/grid/test/s33/lwbpzp.mpg,225,233,4.516497611999512,0.9045817630334594
34,8,/home/nabizadz/Projects/Mahsa/datasets/grid/test/s33/pbwtzp.mpg,194,202,4.206431865692139,0.9910472014760872
34,9,/home/nabizadz/Projects/Mahsa/datasets/grid/test/s33/lrbo4p.mpg,138,146,4.0566487312316895,0.981368985509263
34,10,/home/nabizadz/Projects/Mahsa/datasets/grid/test/s33/brwj8n.mpg,275,283,4.327421188354492,0.9832608228746412
34,11,/home/nabizadz/Projects/Mahsa/datasets/grid/test/s33/lgai6n.mpg,195,203,4.334061145782471,0.8972488010479994
34,12,/home/nabizadz/Projects/Mahsa/datasets/grid/test/s33/lgbv8n.mpg,199,207,4.360676288604736,0.9416371173683084
34,13,/home/nabizadz/Projects/Mahsa/datasets/grid/test/s33/bbwj4p.mpg,195,203,4.355752944946289,0.9894530832214811
34,14,/home/nabizadz/Projects/Mahsa/datasets/grid/test/s33/pwwu2p.mpg,179,187,4.335536479949951,0.962838662887042
34,15,/home/nabizadz/Projects/Mahsa/datasets/grid/test/s33/lwab6n.mpg,82,90,3.5975093841552734,0.9951799204221168
35,0,/home/nabizadz/Projects/Mahsa/datasets/grid/test/s33/bwax7a.mpg,202,210,4.349186420440674,0.9700712823106606
35,1,/home/nabizadz/Projects/Mahsa/datasets/grid/test/s33/lria8p.mpg,218,226,4.354370594024658,0.9091963170895307
35,2,/home/nabizadz/Projects/Mahsa/datasets/grid/test/s33/brbx5a.mpg,64,72,3.5384087562561035,0.9838334320886719
35,3,/home/nabizadz/Projects/Mahsa/datasets/grid/test/s33/brip1s.mpg,6,14,4.522994041442871,0.9999851132098452
35,4,/home/nabizadz/Projects/Mahsa/datasets/grid/test/s33/sbbe2p.mpg,167,175,3.6828455924987793,0.9839247848637008
35,5,/home/nabizadz/Projects/Mahsa/datasets/grid/test/s33/swar7s.mpg,274,282,4.387745380401611,0.963653007440727
35,6,/home/nabizadz/Projects/Mahsa/datasets/grid/test/s33/brii9a.mpg,207,215,4.393059730529785,0.908674049577949
35,7,/home/nabizadz/Projects/Mahsa/datasets/grid/test/s33/bbwp6n.mpg,87,95,4.189260482788086,0.996609616938018
35,8,/home/nabizadz/Projects/Mahsa/datasets/grid/test/s33/lwib3s.mpg,142,150,3.847485065460205,0.9832216509136646
35,9,/home/nabizadz/Projects/Mahsa/datasets/grid/test/s33/lrau3s.mpg,233,241,4.341447353363037,0.9129732722620378
35,10,/home/nabizadz/Projects/Mahsa/datasets/grid/test/s33/lwwj1a.mpg,36,44,4.4016499519348145,0.9973976648875521
35,11,/home/nabizadz/Projects/Mahsa/datasets/grid/test/s33/bbbi9s.mpg,173,181,3.97300124168396,0.9729912735354658
35,12,/home/nabizadz/Projects/Mahsa/datasets/grid/test/s33/prbazp.mpg,136,144,3.6593291759490967,0.9777613481667486
35,13,/home/nabizadz/Projects/Mahsa/datasets/grid/test/s33/pwbg8n.mpg,2,10,4.467584609985352,0.999966265266551
35,14,/home/nabizadz/Projects/Mahsa/datasets/grid/test/s33/pbiz3a.mpg,3,11,4.48311710357666,0.999991910884525
35,15,/home/nabizadz/Projects/Mahsa/datasets/grid/test/s33/pgaa7s.mpg,102,110,3.591417074203491,0.9668317988334113
36,0,/home/nabizadz/Projects/Mahsa/datasets/grid/test/s33/pbbmzn.mpg,168,176,3.628124952316284,0.9837002929693273
36,1,/home/nabizadz/Projects/Mahsa/datasets/grid/test/s33/lbaa7a.mpg,25,33,4.0282721519470215,0.9978979424210528
36,2,/home/nabizadz/Projects/Mahsa/datasets/grid/test/s33/lwiu6p.mpg,150,158,4.275394916534424,0.9899771568798488
36,3,/home/nabizadz/Projects/Mahsa/datasets/grid/test/s33/lwwp2n.mpg,268,276,4.3467864990234375,0.9050648345361266
36,4,/home/nabizadz/Projects/Mahsa/datasets/grid/test/s33/pwwn8p.mpg,58,66,3.8285772800445557,0.9953481725240803
36,5,/home/nabizadz/Projects/Mahsa/datasets/grid/test/s33/lwwv6n.mpg,247,255,4.3226141929626465,0.9914703961427668
36,6,/home/nabizadz/Projects/Mahsa/datasets/grid/test/s33/lbat7s.mpg,226,234,4.502627372741699,0.9875739356476746
36,7,/home/nabizadz/Projects/Mahsa/datasets/grid/test/s33/sbid5a.mpg,76,84,3.3948867321014404,0.977508180425901
36,8,/home/nabizadz/Projects/Mahsa/datasets/grid/test/s33/sgir9s.mpg,200,208,4.182248115539551,0.956533498207842
36,9,/home/nabizadz/Projects/Mahsa/datasets/grid/test/s33/swae9s.mpg,184,192,4.358669757843018,0.9468486731114584
36,10,/home/nabizadz/Projects/Mahsa/datasets/grid/test/s33/bwix3a.mpg,176,184,4.416968822479248,0.994964326564869
36,11,/home/nabizadz/Projects/Mahsa/datasets/grid/test/s33/bwwk4n.mpg,44,52,3.5961625576019287,0.9750079717822672
36,12,/home/nabizadz/Projects/Mahsa/datasets/grid/test/s33/brwq4p.mpg,210,218,4.378050804138184,0.9789709859233557
36,13,/home/nabizadz/Projects/Mahsa/datasets/grid/test/s33/bgaq6n.mpg,4,12,4.523746490478516,0.9999966588502877
36,14,/home/nabizadz/Projects/Mahsa/datasets/grid/test/s33/bwwy2n.mpg,21,29,4.502810478210449,0.9979402636239793
36,15,/home/nabizadz/Projects/Mahsa/datasets/grid/test/s33/lgwx3s.mpg,88,96,3.4757704734802246,0.9719989073723208
37,0,/home/nabizadz/Projects/Mahsa/datasets/grid/test/s33/bwwezn.mpg,29,37,4.194520473480225,0.9997491856042268
37,1,/home/nabizadz/Projects/Mahsa/datasets/grid/test/s33/bbbc7a.mpg,14,22,3.9436051845550537,0.9980525639979125
37,2,/home/nabizadz/Projects/Mahsa/datasets/grid/test/s33/bbbp5a.mpg,247,255,4.5075860023498535,0.9649424094674188
37,3,/home/nabizadz/Projects/Mahsa/datasets/grid/test/s33/sbwe7a.mpg,152,160,2.5706796646118164,0.9864752100843283
37,4,/home/nabizadz/Projects/Mahsa/datasets/grid/test/s33/pgia3s.mpg,138,146,3.879394054412842,0.9772703951960725
37,5,/home/nabizadz/Projects/Mahsa/datasets/grid/test/s33/lgiv3a.mpg,21,29,3.731452226638794,0.9992539816513937
37,6,/home/nabizadz/Projects/Mahsa/datasets/grid/test/s33/bwaqzn.mpg,247,255,4.150941371917725,0.8460345591247243
37,7,/home/nabizadz/Projects/Mahsa/datasets/grid/test/s33/pbwm5s.mpg,276,284,4.370393753051758,0.9580744548874451
37,8,/home/nabizadz/Projects/Mahsa/datasets/grid/test/s33/pwba7a.mpg,106,114,4.085886001586914,0.9941451797193902
37,9,/home/nabizadz/Projects/Mahsa/datasets/grid/test/s33/srae5a.mpg,15,23,4.1251068115234375,0.9999414873543256
37,10,/home/nabizadz/Projects/Mahsa/datasets/grid/test/s33/prwn1s.mpg,67,75,3.4848272800445557,0.9578802935092742
37,11,/home/nabizadz/Projects/Mahsa/datasets/grid/test/s33/pbbz8n.mpg,57,65,3.759418249130249,0.9934469064282404
37,12,/home/nabizadz/Projects/Mahsa/datasets/grid/test/s33/brac6n.mpg,109,117,3.9766714572906494,0.996169914492642
37,13,/home/nabizadz/Projects/Mahsa/datasets/grid/test/s33/sbij6n.mpg,72,80,3.591796636581421,0.9862547555587308
37,14,/home/nabizadz/Projects/Mahsa/datasets/grid/test/s33/lrbb7a.mpg,175,183,4.463879108428955,0.9929195662884487
37,15,/home/nabizadz/Projects/Mahsa/datasets/grid/test/s33/pbil4p.mpg,217,225,4.343358993530273,0.867961746682026
38,0,/home/nabizadz/Projects/Mahsa/datasets/grid/test/s33/lrin6p.mpg,10,18,4.497288227081299,0.9999690231143942
38,1,/home/nabizadz/Projects/Mahsa/datasets/grid/test/s33/swbs3a.mpg,22,30,4.4433417320251465,0.9999155681374949
38,2,/home/nabizadz/Projects/Mahsa/datasets/grid/test/s33/lgwj7a.mpg,128,136,3.820021629333496,0.9799312400935588
38,3,/home/nabizadz/Projects/Mahsa/datasets/grid/test/s33/sbwr2n.mpg,50,58,3.6045897006988525,0.9823867067616117
38,4,/home/nabizadz/Projects/Mahsa/datasets/grid/test/s33/srae4p.mpg,40,48,3.6454954147338867,0.9881940125727618
38,5,/home/nabizadz/Projects/Mahsa/datasets/grid/test/s33/bwbd8p.mpg,292,300,4.358520030975342,0.9839014116432607
38,6,/home/nabizadz/Projects/Mahsa/datasets/grid/test/s33/bbiv1a.mpg,148,156,4.026360988616943,0.9869831040436736
38,7,/home/nabizadz/Projects/Mahsa/datasets/grid/test/s33/swbl6n.mpg,197,205,4.276841640472412,0.9167389477053972
38,8,/home/nabizadz/Projects/Mahsa/datasets/grid/test/s33/pwwn6n.mpg,285,293,4.309197425842285,0.984473614424267
38,9,/home/nabizadz/Projects/Mahsa/datasets/grid/test/s33/bwic8n.mpg,40,48,3.7385735511779785,0.9802789113161479
38,10,/home/nabizadz/Projects/Mahsa/datasets/grid/test/s33/pwam8n.mpg,157,165,3.933262825012207,0.9907192266905478
38,11,/home/nabizadz/Projects/Mahsa/datasets/grid/test/s33/lbwo3a.mpg,63,71,4.384559154510498,0.9999897407620164
38,12,/home/nabizadz/Projects/Mahsa/datasets/grid/test/s33/pras7s.mpg,40,48,3.735534429550171,0.9846990273133286
38,13,/home/nabizadz/Projects/Mahsa/datasets/grid/test/s33/briv4n.mpg,234,242,4.339669227600098,0.8838977803369868
38,14,/home/nabizadz/Projects/Mahsa/datasets/grid/test/s33/pwaazn.mpg,127,135,3.5133955478668213,0.9864745683884079
38,15,/home/nabizadz/Projects/Mahsa/datasets/grid/test/s33/sgbs7s.mpg,268,276,4.48392915725708,0.9407334084482069
39,0,/home/nabizadz/Projects/Mahsa/datasets/grid/test/s33/sgiz2n.mpg,9,17,4.4063568115234375,0.9970094090790949
39,1,/home/nabizadz/Projects/Mahsa/datasets/grid/test/s33/pgahzn.mpg,88,96,3.6195759773254395,0.9748026079947951
39,2,/home/nabizadz/Projects/Mahsa/datasets/grid/test/s33/sgaf5s.mpg,267,275,4.2528462409973145,0.9097129552654245
39,3,/home/nabizadz/Projects/Mahsa/datasets/grid/test/s33/lbah1a.mpg,79,87,3.329627752304077,0.9771898696593226
39,4,/home/nabizadz/Projects/Mahsa/datasets/grid/test/s33/bbwx2p.mpg,166,174,3.989814519882202,0.9571327416792108
39,5,/home/nabizadz/Projects/Mahsa/datasets/grid/test/s33/bbio7a.mpg,255,263,3.9221670627593994,0.8486957724833507
39,6,/home/nabizadz/Projects/Mahsa/datasets/grid/test/s33/srwl6p.mpg,112,120,3.700918674468994,0.985976963466524
39,7,/home/nabizadz/Projects/Mahsa/datasets/grid/test/s33/sgaf4n.mpg,135,143,4.061288356781006,0.992345083626324
39,8,/home/nabizadz/Projects/Mahsa/datasets/grid/test/s33/sgaz7s.mpg,95,103,2.070458173751831,0.9894664576397953
39,9,/home/nabizadz/Projects/Mahsa/datasets/grid/test/s33/pras8p.mpg,233,241,4.350251197814941,0.9007485073103016
39,10,/home/nabizadz/Projects/Mahsa/datasets/grid/test/s33/braj3a.mpg,241,249,4.246671199798584,0.8713969129537913
39,11,/home/nabizadz/Projects/Mahsa/datasets/grid/test/s33/bgbrzn.mpg,115,123,3.413792610168457,0.9765569521741855
39,12,/home/nabizadz/Projects/Mahsa/datasets/grid/test/s33/prwa4p.mpg,37,45,3.789827585220337,0.9799171082580417
39,13,/home/nabizadz/Projects/Mahsa/datasets/grid/test/s33/pwbt8p.mpg,63,71,4.160399436950684,0.9966146743829145
39,14,/home/nabizadz/Projects/Mahsa/datasets/grid/test/s33/braj2p.mpg,128,136,3.4326283931732178,0.9725693804363904
39,15,/home/nabizadz/Projects/Mahsa/datasets/grid/test/s33/pbiz2p.mpg,163,171,4.210175514221191,0.9898164491759518
40,0,/home/nabizadz/Projects/Mahsa/datasets/grid/test/s33/srbe7s.mpg,281,289,4.394852638244629,0.9810157394307354
40,1,/home/nabizadz/Projects/Mahsa/datasets/grid/test/s33/bwbq7a.mpg,88,96,3.8722307682037354,0.9882786550528033
40,2,/home/nabizadz/Projects/Mahsa/datasets/grid/test/s33/swiy6n.mpg,119,127,4.015555381774902,0.992530462194896
40,3,/home/nabizadz/Projects/Mahsa/datasets/grid/test/s33/bwix1s.mpg,241,249,4.2775678634643555,0.883510056467434
40,4,/home/nabizadz/Projects/Mahsa/datasets/grid/test/s33/pwwh2n.mpg,122,130,3.220409870147705,0.9779866470526754
40,5,/home/nabizadz/Projects/Mahsa/datasets/grid/test/s33/pwbt7s.mpg,130,138,3.5568642616271973,0.9906664033924426
40,6,/home/nabizadz/Projects/Mahsa/datasets/grid/test/s33/sgbm5a.mpg,143,151,4.135765075683594,0.9907671580344592
40,7,/home/nabizadz/Projects/Mahsa/datasets/grid/test/s33/sgamzp.mpg,207,215,4.275092124938965,0.8911614590099413
40,8,/home/nabizadz/Projects/Mahsa/datasets/grid/test/s33/lbit2n.mpg,87,95,4.036630630493164,0.9733521434483758
40,9,/home/nabizadz/Projects/Mahsa/datasets/grid/test/s33/bwaj7s.mpg,138,146,3.919297933578491,0.9812293642560287
40,10,/home/nabizadz/Projects/Mahsa/datasets/grid/test/s33/pwig2p.mpg,187,195,4.250927925109863,0.9640440138365924
40,11,/home/nabizadz/Projects/Mahsa/datasets/grid/test/s33/pgbb3a.mpg,282,290,4.410512924194336,0.9957574394256861
40,12,/home/nabizadz/Projects/Mahsa/datasets/grid/test/s33/lwai3a.mpg,124,132,3.9712460041046143,0.9930058102743398
40,13,/home/nabizadz/Projects/Mahsa/datasets/grid/test/s33/bgbr3a.mpg,16,24,4.196629047393799,0.9935899702796025
40,14,/home/nabizadz/Projects/Mahsa/datasets/grid/test/s33/pgbn9s.mpg,28,36,3.647984504699707,0.9771854372590669
40,15,/home/nabizadz/Projects/Mahsa/datasets/grid/test/s33/bgwy8n.mpg,145,153,3.6231868267059326,0.9909214199003473
41,0,/home/nabizadz/Projects/Mahsa/datasets/grid/test/s33/lwbczn.mpg,212,220,4.541555881500244,0.8910497230433235
41,1,/home/nabizadz/Projects/Mahsa/datasets/grid/test/s33/bwidzp.mpg,252,260,4.314399242401123,0.9680268035311969
41,2,/home/nabizadz/Projects/Mahsa/datasets/grid/test/s33/bgbk7s.mpg,35,43,4.324751377105713,0.9979489954461845
41,3,/home/nabizadz/Projects/Mahsa/datasets/grid/test/s33/prwa2n.mpg,136,144,3.9190151691436768,0.9894492314680914
41,4,/home/nabizadz/Projects/Mahsa/datasets/grid/test/s33/prbg4p.mpg,9,17,4.4103546142578125,0.9999772168584242
41,5,/home/nabizadz/Projects/Mahsa/datasets/grid/test/s33/sbbe1s.mpg,157,165,3.789430618286133,0.9739733365377788
41,6,/home/nabizadz/Projects/Mahsa/datasets/grid/test/s33/lgio9a.mpg,39,47,4.375229358673096,0.9976734319659113
41,7,/home/nabizadz/Projects/Mahsa/datasets/grid/test/s33/lran8n.mpg,143,151,4.193722724914551,0.9899761129463007
41,8,/home/nabizadz/Projects/Mahsa/datasets/grid/test/s33/bbwxzn.mpg,158,166,4.06830358505249,0.9926272250749534
41,9,/home/nabizadz/Projects/Mahsa/datasets/grid/test/s33/swbf4p.mpg,214,222,4.504889488220215,0.9799240097795646
41,10,/home/nabizadz/Projects/Mahsa/datasets/grid/test/s33/srwz4p.mpg,268,276,4.542877674102783,0.9875127196154884
41,11,/home/nabizadz/Projects/Mahsa/datasets/grid/test/s33/swir5a.mpg,236,244,4.3703765869140625,0.9067080953683759
41,12,/home/nabizadz/Projects/Mahsa/datasets/grid/test/s33/praf9s.mpg,116,124,4.080367088317871,0.9740899313852772
41,13,/home/nabizadz/Projects/Mahsa/datasets/grid/test/s33/swilzp.mpg,143,151,3.3798794746398926,0.9781787709648069
41,14,/home/nabizadz/Projects/Mahsa/datasets/grid/test/s33/pril8n.mpg,48,56,3.4820775985717773,0.9660055847820684
41,15,/home/nabizadz/Projects/Mahsa/datasets/grid/test/s33/bbbj1a.mpg,193,201,4.4048638343811035,0.9676677509203218
42,0,/home/nabizadz/Projects/Mahsa/datasets/grid/test/s33/pgah1s.mpg,164,172,4.008581638336182,0.975937061752521
42,1,/home/nabizadz/Projects/Mahsa/datasets/grid/test/s33/bwby1a.mpg,204,212,4.334987163543701,0.9689772234282488
42,2,/home/nabizadz/Projects/Mahsa/datasets/grid/test/s33/lwwc4n.mpg,101,109,2.219911813735962,0.9689023006828431
42,3,/home/nabizadz/Projects/Mahsa/datasets/grid/test/s33/sbiqzn.mpg,16,24,3.604280710220337,0.9980422690317199
42,4,/home/nabizadz/Projects/Mahsa/datasets/grid/test/s33/pgin3a.mpg,212,220,4.569131374359131,0.9788398588236875
42,5,/home/nabizadz/Projects/Mahsa/datasets/grid/test/s33/lrau4p.mpg,35,43,3.964665412902832,0.995255912975516
42,6,/home/nabizadz/Projects/Mahsa/datasets/grid/test/s33/lbbuzn.mpg,18,26,4.319319248199463,0.9999512213652684
42,7,/home/nabizadz/Projects/Mahsa/datasets/grid/test/s33/priz7s.mpg,147,155,3.76396107673645,0.9768980677682861
42,8,/home/nabizadz/Projects/Mahsa/datasets/grid/test/s33/pwan1a.mpg,155,163,3.9000518321990967,0.9874984591695474
42,9,/home/nabizadz/Projects/Mahsa/datasets/grid/test/s33/pgat8n.mpg,234,242,4.23662805557251,0.8986970002783571
42,10,/home/nabizadz/Projects/Mahsa/datasets/grid/test/s33/lgai7s.mpg,202,210,3.9552063941955566,0.9182163150628094
42,11,/home/nabizadz/Projects/Mahsa/datasets/grid/test/s33/brip2p.mpg,57,65,3.283686637878418,0.9838482110495848
42,12,/home/nabizadz/Projects/Mahsa/datasets/grid/test/s33/lrwv2p.mpg,142,150,3.7563576698303223,0.9618130630515178
42,13,/home/nabizadz/Projects/Mahsa/datasets/grid/test/s33/sgaz8p.mpg,38,46,3.718994140625,0.9808665856360437
42,14,/home/nabizadz/Projects/Mahsa/datasets/grid/test/s33/lbwh7s.mpg,228,236,4.523498058319092,0.918385479532604
42,15,/home/nabizadz/Projects/Mahsa/datasets/grid/test/s33/pgia2n.mpg,275,283,4.156453609466553,0.940359450487954
43,0,/home/nabizadz/Projects/Mahsa/datasets/grid/test/s33/bgwl3a.mpg,245,253,4.273778915405273,0.8951017484174862
43,1,/home/nabizadz/Projects/Mahsa/datasets/grid/test/s33/bgby5s.mpg,51,59,3.5142760276794434,0.9807065194577212
43,2,/home/nabizadz/Projects/Mahsa/datasets/grid/test/s33/brap7a.mpg,157,165,3.8610384464263916,0.988404755953719
43,3,/home/nabizadz/Projects/Mahsa/datasets/grid/test/s33/pbas3a.mpg,192,200,4.323272705078125,0.9232282089094087
43,4,/home/nabizadz/Projects/Mahsa/datasets/grid/test/s33/brbj4n.mpg,140,148,4.0684494972229,0.9873967557528892
43,5,/home/nabizadz/Projects/Mahsa/datasets/grid/test/s33/bwbq5s.mpg,96,104,4.160276412963867,0.9979055254069644
43,6,/home/nabizadz/Projects/Mahsa/datasets/grid/test/s33/lgap1s.mpg,131,139,3.9721455574035645,0.9732295324755078
43,7,/home/nabizadz/Projects/Mahsa/datasets/grid/test/s33/lgic1a.mpg,271,279,4.201838493347168,0.912377699169635
43,8,/home/nabizadz/Projects/Mahsa/datasets/grid/test/s33/bwaj9a.mpg,222,230,4.402512073516846,0.9891313850413527
43,9,/home/nabizadz/Projects/Mahsa/datasets/grid/test/s33/pbal7s.mpg,12,20,4.435096263885498,0.9984049446702705
43,10,/home/nabizadz/Projects/Mahsa/datasets/grid/test/s33/lgii2n.mpg,186,194,4.24022102355957,0.9417299496838734
43,11,/home/nabizadz/Projects/Mahsa/datasets/grid/test/s33/pgau1a.mpg,153,161,4.015658378601074,0.9938785405925761
43,12,/home/nabizadz/Projects/Mahsa/datasets/grid/test/s33/sbbk6p.mpg,205,213,4.319336414337158,0.94755518432578
43,13,/home/nabizadz/Projects/Mahsa/datasets/grid/test/s33/lbbn9a.mpg,158,166,3.6978471279144287,0.9625818154334729
43,14,/home/nabizadz/Projects/Mahsa/datasets/grid/test/s33/bwbd6n.mpg,47,55,3.2066214084625244,0.9810560825624901
43,15,/home/nabizadz/Projects/Mahsa/datasets/grid/test/s33/brav9s.mpg,4,12,4.3679585456848145,0.9981248918320326
44,0,/home/nabizadz/Projects/Mahsa/datasets/grid/test/s33/srid8n.mpg,221,229,4.366315841674805,0.8953691579510983
44,1,/home/nabizadz/Projects/Mahsa/datasets/grid/test/s33/pbil2n.mpg,232,240,4.239729404449463,0.8976312485364975
44,2,/home/nabizadz/Projects/Mahsa/datasets/grid/test/s33/bgbk6n.mpg,272,280,4.410840034484863,0.9617320907685402
44,3,/home/nabizadz/Projects/Mahsa/datasets/grid/test/s33/srbr7a.mpg,176,184,3.6345174312591553,0.9797872969258794
44,4,/home/nabizadz/Projects/Mahsa/datasets/grid/test/s33/lgib8n.mpg,140,148,4.103767395019531,0.9910353028902714
44,5,/home/nabizadz/Projects/Mahsa/datasets/grid/test/s33/swik9s.mpg,93,101,3.6269595623016357,0.9814427256611626
44,6,/home/nabizadz/Projects/Mahsa/datasets/grid/test/s33/pgah3a.mpg,54,62,3.8230600357055664,0.9801207650291336
44,7,/home/nabizadz/Projects/Mahsa/datasets/grid/test/s33/lrao1a.mpg,116,124,4.2395195960998535,0.9920426570073915
44,8,/home/nabizadz/Projects/Mahsa/datasets/grid/test/s33/lgio8p.mpg,126,134,3.5674314498901367,0.9810483222146406
44,9,/home/nabizadz/Projects/Mahsa/datasets/grid/test/s33/srwz3s.mpg,3,11,4.452748775482178,0.9995556853686712
44,10,/home/nabizadz/Projects/Mahsa/datasets/grid/test/s33/lgbp6p.mpg,55,63,3.589933395385742,0.9831134594169247
44,11,/home/nabizadz/Projects/Mahsa/datasets/grid/test/s33/lwib2n.mpg,79,87,3.435793161392212,0.9688329235245076
44,12,/home/nabizadz/Projects/Mahsa/datasets/grid/test/s33/pbal8p.mpg,264,272,4.384061336517334,0.9574298146936027
44,13,/home/nabizadz/Projects/Mahsa/datasets/grid/test/s33/brbj5s.mpg,258,266,4.517877578735352,0.9588148205829301
44,14,/home/nabizadz/Projects/Mahsa/datasets/grid/test/s33/bbbp2n.mpg,264,272,4.476480484008789,0.9599762683266431
44,15,/home/nabizadz/Projects/Mahsa/datasets/grid/test/s33/lban4p.mpg,192,200,4.3163886070251465,0.9706120470958801
45,0,/home/nabizadz/Projects/Mahsa/datasets/grid/test/s33/bbbc6p.mpg,32,40,4.327788352966309,0.9979345192161775
45,1,/home/nabizadz/Projects/Mahsa/datasets/grid/test/s33/sgil7a.mpg,286,294,3.986600399017334,0.9634552917644575
45,2,/home/nabizadz/Projects/Mahsa/datasets/grid/test/s33/lwiu5s.mpg,116,124,4.176166534423828,0.9891626093897875
45,3,/home/nabizadz/Projects/Mahsa/datasets/grid/test/s33/lwwi9s.mpg,259,267,4.3324384689331055,0.9328528640094192
45,4,/home/nabizadz/Projects/Mahsa/datasets/grid/test/s33/lria9a.mpg,292,300,4.497641563415527,0.9992254348155729
45,5,/home/nabizadz/Projects/Mahsa/datasets/grid/test/s33/sriy3a.mpg,3,11,4.453423976898193,0.9996847415754105
45,6,/home/nabizadz/Projects/Mahsa/datasets/grid/test/s33/lgiczp.mpg,291,299,4.431851387023926,0.9999999999999967
45,7,/home/nabizadz/Projects/Mahsa/datasets/grid/test/s33/bwaq1s.mpg,169,177,4.33193302154541,0.9781599242052519
45,8,/home/nabizadz/Projects/Mahsa/datasets/grid/test/s33/bbbc5s.mpg,197,205,4.289724349975586,0.9724308425111431
45,9,/home/nabizadz/Projects/Mahsa/datasets/grid/test/s33/sgir8n.mpg,182,190,4.4554595947265625,0.9487630011286494
45,10,/home/nabizadz/Projects/Mahsa/datasets/grid/test/s33/prba1a.mpg,29,37,4.240996837615967,0.9997255623200061
45,11,/home/nabizadz/Projects/Mahsa/datasets/grid/test/s33/swaz2p.mpg,36,44,4.310805320739746,0.992931704018488
45,12,/home/nabizadz/Projects/Mahsa/datasets/grid/test/s33/pwbh1a.mpg,274,282,4.355876445770264,0.9909152093041104
45,13,/home/nabizadz/Projects/Mahsa/datasets/grid/test/s33/pbaf5a.mpg,225,233,4.421751022338867,0.979397457784813
45,14,/home/nabizadz/Projects/Mahsa/datasets/grid/test/s33/prwnzn.mpg,84,92,3.5201430320739746,0.96463393686361
45,15,/home/nabizadz/Projects/Mahsa/datasets/grid/test/s33/pwwa9s.mpg,150,158,3.9145398139953613,0.9768028113589259
46,0,/home/nabizadz/Projects/Mahsa/datasets/grid/test/s33/sbby4p.mpg,38,46,4.142486572265625,0.9946222836772324
46,1,/home/nabizadz/Projects/Mahsa/datasets/grid/test/s33/bgwr6p.mpg,154,162,4.064439296722412,0.9935657528965637
46,2,/home/nabizadz/Projects/Mahsa/datasets/grid/test/s33/bbbv6n.mpg,10,18,4.2490034103393555,0.9997572728857052
46,3,/home/nabizadz/Projects/Mahsa/datasets/grid/test/s33/bwad2n.mpg,79,87,3.1567001342773438,0.960103235640382
46,4,/home/nabizadz/Projects/Mahsa/datasets/grid/test/s33/lbwozn.mpg,16,24,4.332437992095947,0.9998987229003462
46,5,/home/nabizadz/Projects/Mahsa/datasets/grid/test/s33/bgwzzp.mpg,194,202,4.024177551269531,0.9390848578265919
46,6,/home/nabizadz/Projects/Mahsa/datasets/grid/test/s33/pris2n.mpg,80,88,3.7000458240509033,0.9899482830080027
46,7,/home/nabizadz/Projects/Mahsa/datasets/grid/test/s33/lgwd3a.mpg,147,155,3.617300510406494,0.9743633688922378
46,8,/home/nabizadz/Projects/Mahsa/datasets/grid/test/s33/sgbf8n.mpg,67,75,4.2393903732299805,0.9959580734928486
46,9,/home/nabizadz/Projects/Mahsa/datasets/grid/test/s33/bbwp9a.mpg,196,204,4.367173671722412,0.9192082790167462
46,10,/home/nabizadz/Projects/Mahsa/datasets/grid/test/s33/bwbx8n.mpg,158,166,3.5563926696777344,0.9733105462907808
46,11,/home/nabizadz/Projects/Mahsa/datasets/grid/test/s33/pwwn9a.mpg,282,290,4.3928303718566895,0.9950594121296157
46,12,/home/nabizadz/Projects/Mahsa/datasets/grid/test/s33/srar3a.mpg,226,234,3.574246644973755,0.8756097837113126
46,13,/home/nabizadz/Projects/Mahsa/datasets/grid/test/s33/sriy2p.mpg,193,201,4.446231842041016,0.9835496551755611
46,14,/home/nabizadz/Projects/Mahsa/datasets/grid/test/s33/sgil4n.mpg,63,71,4.103631496429443,0.9998915186652888
46,15,/home/nabizadz/Projects/Mahsa/datasets/grid/test/s33/pgit6p.mpg,53,61,3.5910115242004395,0.987427477598349
47,0,/home/nabizadz/Projects/Mahsa/datasets/grid/test/s33/lwbc2p.mpg,74,82,3.472053289413452,0.9852565396070649
47,1,/home/nabizadz/Projects/Mahsa/datasets/grid/test/s33/sgifzn.mpg,143,151,3.9795613288879395,0.9679238167115524
47,2,/home/nabizadz/Projects/Mahsa/datasets/grid/test/s33/sgaz9a.mpg,35,43,4.254786968231201,0.997553092426452
47,3,/home/nabizadz/Projects/Mahsa/datasets/grid/test/s33/pwba5s.mpg,230,238,4.257250785827637,0.8834101957846299
47,4,/home/nabizadz/Projects/Mahsa/datasets/grid/test/s33/pwag4n.mpg,280,288,4.279880523681641,0.9690862880119828
47,5,/home/nabizadz/Projects/Mahsa/datasets/grid/test/s33/lbbh4p.mpg,35,43,3.5875799655914307,0.9826571824616983
47,6,/home/nabizadz/Projects/Mahsa/datasets/grid/test/s33/srbe9a.mpg,70,78,3.9249417781829834,0.9956428040499036
47,7,/home/nabizadz/Projects/Mahsa/datasets/grid/test/s33/srwz2n.mpg,209,217,4.126089096069336,0.8448106808844278
47,8,/home/nabizadz/Projects/Mahsa/datasets/grid/test/s33/sbiq1s.mpg,121,129,3.873997211456299,0.990317791445343
47,9,/home/nabizadz/Projects/Mahsa/datasets/grid/test/s33/lgav4n.mpg,61,69,2.5683138370513916,0.9633841641028248
47,10,/home/nabizadz/Projects/Mahsa/datasets/grid/test/s33/bgayzn.mpg,222,230,4.263416767120361,0.8627253000293211
47,11,/home/nabizadz/Projects/Mahsa/datasets/grid/test/s33/srwl4n.mpg,252,260,4.43886661529541,0.9085885517470942
47,12,/home/nabizadz/Projects/Mahsa/datasets/grid/test/s33/lgap2p.mpg,222,230,4.271534442901611,0.9508269776211823
47,13,/home/nabizadz/Projects/Mahsa/datasets/grid/test/s33/lbbh2n.mpg,77,85,3.248039484024048,0.959447894569629
47,14,/home/nabizadz/Projects/Mahsa/datasets/grid/test/s33/lgbx1a.mpg,220,228,4.331511497497559,0.9206423181408426
47,15,/home/nabizadz/Projects/Mahsa/datasets/grid/test/s33/brav8n.mpg,56,64,3.4813177585601807,0.9848946378427217
48,0,/home/nabizadz/Projects/Mahsa/datasets/grid/test/s33/brbqzp.mpg,253,261,4.290107727050781,0.9994663515554738
48,1,/home/nabizadz/Projects/Mahsa/datasets/grid/test/s33/swik8n.mpg,257,265,4.2419962882995605,0.8645195185979447
48,2,/home/nabizadz/Projects/Mahsa/datasets/grid/test/s33/bwix2p.mpg,216,224,3.919215440750122,0.8990664887502605
48,3,/home/nabizadz/Projects/Mahsa/datasets/grid/test/s33/brwq2n.mpg,47,55,3.3576416969299316,0.9613003360462425
48,4,/home/nabizadz/Projects/Mahsa/datasets/grid/test/s33/lwib5a.mpg,285,293,4.284489631652832,0.9635366775667182
48,5,/home/nabizadz/Projects/Mahsa/datasets/grid/test/s33/pram5a.mpg,21,29,4.435585975646973,0.9999372169140105
48,6,/home/nabizadz/Projects/Mahsa/datasets/grid/test/s33/bgix7s.mpg,13,21,4.253990650177002,0.9999371727025531
48,7,/home/nabizadz/Projects/Mahsa/datasets/grid/test/s33/lgwp9s.mpg,68,76,4.018722057342529,0.9815190855961503
48,8,/home/nabizadz/Projects/Mahsa/datasets/grid/test/s33/lgii3s.mpg,246,254,4.2817301750183105,0.9814905334087815
48,9,/home/nabizadz/Projects/Mahsa/datasets/grid/test/s33/bgix6n.mpg,43,51,4.291994571685791,0.9793530907105472
48,10,/home/nabizadz/Projects/Mahsa/datasets/grid/test/s33/sgwm7s.mpg,96,104,3.9167988300323486,0.9771048517036179
48,11,/home/nabizadz/Projects/Mahsa/datasets/grid/test/s33/pbbf6n.mpg,69,77,4.126733303070068,0.9967659369380724
48,12,/home/nabizadz/Projects/Mahsa/datasets/grid/test/s33/pwim7a.mpg,235,243,4.20017147064209,0.8997219436065224
48,13,/home/nabizadz/Projects/Mahsa/datasets/grid/test/s33/sgil6p.mpg,114,122,3.7949562072753906,0.9805418644404889
48,14,/home/nabizadz/Projects/Mahsa/datasets/grid/test/s33/bbwp8p.mpg,249,257,4.4823689460754395,0.8959725943242438
48,15,/home/nabizadz/Projects/Mahsa/datasets/grid/test/s33/swae8n.mpg,193,201,4.259817123413086,0.8823008683732733
49,0,/home/nabizadz/Projects/Mahsa/datasets/grid/test/s33/braj1s.mpg,54,62,3.6037819385528564,0.9608930265814354
49,1,/home/nabizadz/Projects/Mahsa/datasets/grid/test/s33/prwn3a.mpg,225,233,4.344779014587402,0.9813488802633036
49,2,/home/nabizadz/Projects/Mahsa/datasets/grid/test/s33/bwbq6p.mpg,131,139,3.5957837104797363,0.9879867826120431
49,3,/home/nabizadz/Projects/Mahsa/datasets/grid/test/s33/lban3s.mpg,246,254,4.354129314422607,0.9015869703953066
49,4,/home/nabizadz/Projects/Mahsa/datasets/grid/test/s33/bwax5s.mpg,112,120,4.254033088684082,0.9948863096672205
49,5,/home/nabizadz/Projects/Mahsa/datasets/grid/test/s33/lbit4p.mpg,146,154,4.1435041427612305,0.9780130849170916
49,6,/home/nabizadz/Projects/Mahsa/datasets/grid/test/s33/brii8p.mpg,292,300,4.366841793060303,0.9904375328979925
49,7,/home/nabizadz/Projects/Mahsa/datasets/grid/test/s33/pbil3s.mpg,175,183,4.280421733856201,0.981852125232156
49,8,/home/nabizadz/Projects/Mahsa/datasets/grid/test/s33/lwbi5s.mpg,118,126,3.9884843826293945,0.9933730135235217
49,9,/home/nabizadz/Projects/Mahsa/datasets/grid/test/s33/lwbp1a.mpg,246,254,4.304088592529297,0.9547870368927655
49,10,/home/nabizadz/Projects/Mahsa/datasets/grid/test/s33/prwa3s.mpg,3,11,4.301107406616211,0.9992734000112332
49,11,/home/nabizadz/Projects/Mahsa/datasets/grid/test/s33/sbakzn.mpg,226,234,4.312315464019775,0.889507533993154
49,12,/home/nabizadz/Projects/Mahsa/datasets/grid/test/s33/lwwp4p.mpg,92,100,3.4593117237091064,0.9794162455674814
49,13,/home/nabizadz/Projects/Mahsa/datasets/grid/test/s33/srak6n.mpg,162,170,4.371448516845703,0.9894101874242139
49,14,/home/nabizadz/Projects/Mahsa/datasets/grid/test/s33/swaf1a.mpg,145,153,3.902595043182373,0.9872284264827945
49,15,/home/nabizadz/Projects/Mahsa/datasets/grid/test/s33/pbwg3a.mpg,45,53,3.5675127506256104,0.9820847966039605
50,0,/home/nabizadz/Projects/Mahsa/datasets/grid/test/s33/bwip7s.mpg,16,24,4.172168254852295,0.9870666320605115
50,1,/home/nabizadz/Projects/Mahsa/datasets/grid/test/s33/lrwb9s.mpg,220,228,4.454359531402588,0.9320588010331097
50,2,/home/nabizadz/Projects/Mahsa/datasets/grid/test/s33/bgaq8p.mpg,80,88,3.236768960952759,0.9757161350018551
50,3,/home/nabizadz/Projects/Mahsa/datasets/grid/test/s33/pginzn.mpg,232,240,4.134321689605713,0.9604110582612072
50,4,/home/nabizadz/Projects/Mahsa/datasets/grid/test/s33/srbl1s.mpg,20,28,4.298344612121582,0.9970815185750288
50,5,/home/nabizadz/Projects/Mahsa/datasets/grid/test/s33/swiy9a.mpg,194,202,4.377777099609375,0.9382878020020241
50,6,/home/nabizadz/Projects/Mahsa/datasets/grid/test/s33/bwax6p.mpg,105,113,3.584010362625122,0.9805533586495668
50,7,/home/nabizadz/Projects/Mahsa/datasets/grid/test/s33/sbwr5a.mpg,197,205,4.090513706207275,0.9210620931162113
50,8,/home/nabizadz/Projects/Mahsa/datasets/grid/test/s33/sbaq4n.mpg,58,66,3.8269474506378174,0.9892738518659613
50,9,/home/nabizadz/Projects/Mahsa/datasets/grid/test/s33/briv7a.mpg,112,120,3.3102736473083496,0.9681783374932164
50,10,/home/nabizadz/Projects/Mahsa/datasets/grid/test/s33/lgbc8p.mpg,92,100,3.7592713832855225,0.9895996580506596
50,11,/home/nabizadz/Projects/Mahsa/datasets/grid/test/s33/lbig5s.mpg,254,262,4.404276371002197,0.9451783888406486
50,12,/home/nabizadz/Projects/Mahsa/datasets/grid/test/s33/sbwlzp.mpg,84,92,3.662155866622925,0.9799631761880969
50,13,/home/nabizadz/Projects/Mahsa/datasets/grid/test/s33/pram3s.mpg,212,220,4.321168422698975,0.8825682071851447
50,14,/home/nabizadz/Projects/Mahsa/datasets/grid/test/s33/pbbs5s.mpg,61,69,4.088483810424805,0.9972339531853165
50,15,/home/nabizadz/Projects/Mahsa/datasets/grid/test/s33/prag1a.mpg,131,139,4.111662864685059,0.9934047764512866
51,0,/home/nabizadz/Projects/Mahsa/datasets/grid/test/s33/bgix9a.mpg,36,44,4.190586566925049,0.9999797586004323
51,1,/home/nabizadz/Projects/Mahsa/datasets/grid/test/s33/pgia5a.mpg,278,286,4.162609577178955,0.9370475836627032
51,2,/home/nabizadz/Projects/Mahsa/datasets/grid/test/s33/lgbv9s.mpg,34,42,4.166975975036621,0.9970422036231468
51,3,/home/nabizadz/Projects/Mahsa/datasets/grid/test/s33/srwl5s.mpg,244,252,4.359594821929932,0.8750723008841474
51,4,/home/nabizadz/Projects/Mahsa/datasets/grid/test/s33/pbwt1a.mpg,93,101,3.4911112785339355,0.9889035770887581
51,5,/home/nabizadz/Projects/Mahsa/datasets/grid/test/s33/lgivzn.mpg,21,29,4.454651355743408,0.9999840822638731
51,6,/home/nabizadz/Projects/Mahsa/datasets/grid/test/s33/brbx3s.mpg,221,229,4.342408657073975,0.8548967849595862
51,7,/home/nabizadz/Projects/Mahsa/datasets/grid/test/s33/swil1a.mpg,267,275,3.554906129837036,0.8864794673769499
51,8,/home/nabizadz/Projects/Mahsa/datasets/grid/test/s33/lban5a.mpg,203,211,4.347175598144531,0.8961411064044374
51,9,/home/nabizadz/Projects/Mahsa/datasets/grid/test/s33/bwij4p.mpg,161,169,3.7623450756073,0.9830288590041023
51,10,/home/nabizadz/Projects/Mahsa/datasets/grid/test/s33/bbii2p.mpg,141,149,3.8458635807037354,0.9865552938637007
51,11,/home/nabizadz/Projects/Mahsa/datasets/grid/test/s33/pgan4n.mpg,88,96,3.5075201988220215,0.9727270675333806
51,12,/home/nabizadz/Projects/Mahsa/datasets/grid/test/s33/brbdzn.mpg,265,273,4.450578212738037,0.988725930515559
51,13,/home/nabizadz/Projects/Mahsa/datasets/grid/test/s33/pbizzn.mpg,18,26,3.705002546310425,0.9984929061781799
51,14,/home/nabizadz/Projects/Mahsa/datasets/grid/test/s33/lrwv3a.mpg,159,167,3.910379409790039,0.9884227173444835
51,15,/home/nabizadz/Projects/Mahsa/datasets/grid/test/s33/brap6p.mpg,135,143,4.407698154449463,0.9941093809283256
52,0,/home/nabizadz/Projects/Mahsa/datasets/grid/test/s33/lrit9s.mpg,16,24,4.457198619842529,0.9999928358363918
52,1,/home/nabizadz/Projects/Mahsa/datasets/grid/test/s33/pwwb1a.mpg,10,18,4.428222179412842,0.9992708593283959
52,2,/home/nabizadz/Projects/Mahsa/datasets/grid/test/s33/sbaq5s.mpg,290,298,3.6686713695526123,0.9706865785167069
52,3,/home/nabizadz/Projects/Mahsa/datasets/grid/test/s33/prbg2n.mpg,61,69,3.70247745513916,0.9908445680905883
52,4,/home/nabizadz/Projects/Mahsa/datasets/grid/test/s33/lbwb5a.mpg,284,292,4.48213005065918,0.9888796392076232
52,5,/home/nabizadz/Projects/Mahsa/datasets/grid/test/s33/bgiq3s.mpg,71,79,3.7845587730407715,0.9814301203898351
52,6,/home/nabizadz/Projects/Mahsa/datasets/grid/test/s33/bbbv9a.mpg,159,167,4.127662181854248,0.9868856479815618
52,7,/home/nabizadz/Projects/Mahsa/datasets/grid/test/s33/sbwy8p.mpg,73,81,3.426339864730835,0.9873290062657711
52,8,/home/nabizadz/Projects/Mahsa/datasets/grid/test/s33/swie4n.mpg,18,26,4.166732311248779,0.999047627568224
52,9,/home/nabizadz/Projects/Mahsa/datasets/grid/test/s33/sgbg1a.mpg,275,283,4.303065776824951,0.965509148020201
52,10,/home/nabizadz/Projects/Mahsa/datasets/grid/test/s33/prbm7s.mpg,255,263,4.372292518615723,0.9407766008724995
52,11,/home/nabizadz/Projects/Mahsa/datasets/grid/test/s33/lgav7a.mpg,14,22,4.276501178741455,0.9998817702812903
52,12,/home/nabizadz/Projects/Mahsa/datasets/grid/test/s33/lwab9a.mpg,286,294,4.333385944366455,0.9809660304612304
52,13,/home/nabizadz/Projects/Mahsa/datasets/grid/test/s33/bbiizn.mpg,291,299,4.352292537689209,0.9951625081038741
52,14,/home/nabizadz/Projects/Mahsa/datasets/grid/test/s33/sgbs6n.mpg,170,178,4.10859489440918,0.9800501539707771
52,15,/home/nabizadz/Projects/Mahsa/datasets/grid/test/s33/bbwj3s.mpg,28,36,4.213650226593018,0.9997688974132762
53,0,/home/nabizadz/Projects/Mahsa/datasets/grid/test/s33/sray6p.mpg,96,104,3.513986587524414,0.9898470070083145
53,1,/home/nabizadz/Projects/Mahsa/datasets/grid/test/s33/bgby6p.mpg,112,120,3.386408567428589,0.9853978117993375
53,2,/home/nabizadz/Projects/Mahsa/datasets/grid/test/s33/srik5a.mpg,263,271,4.398580074310303,0.9506470177443571
53,3,/home/nabizadz/Projects/Mahsa/datasets/grid/test/s33/lgwp8n.mpg,135,143,3.9595158100128174,0.9866524823278826
53,4,/home/nabizadz/Projects/Mahsa/datasets/grid/test/s33/lrwb8n.mpg,285,293,4.39155912399292,0.9749497768085944
53,5,/home/nabizadz/Projects/Mahsa/datasets/grid/test/s33/prwg7s.mpg,172,180,3.9423108100891113,0.9884720490778147
53,6,/home/nabizadz/Projects/Mahsa/datasets/grid/test/s33/sbayzp.mpg,111,119,3.734581232070923,0.9958154442714924
53,7,/home/nabizadz/Projects/Mahsa/datasets/grid/test/s33/lrwc1a.mpg,123,131,4.1081390380859375,0.9870658596267878
53,8,/home/nabizadz/Projects/Mahsa/datasets/grid/test/s33/swar8p.mpg,254,262,4.360681056976318,0.9244143496030612
53,9,/home/nabizadz/Projects/Mahsa/datasets/grid/test/s33/pgbu2n.mpg,196,204,4.392714977264404,0.9374017392956756
53,10,/home/nabizadz/Projects/Mahsa/datasets/grid/test/s33/lgwj4n.mpg,36,44,4.2196831703186035,0.9954412305910224
53,11,/home/nabizadz/Projects/Mahsa/datasets/grid/test/s33/bbwd1a.mpg,263,271,4.516073226928711,0.9776160763559268
53,12,/home/nabizadz/Projects/Mahsa/datasets/grid/test/s33/lrab1s.mpg,166,174,4.382567405700684,0.9735357408154138
53,13,/home/nabizadz/Projects/Mahsa/datasets/grid/test/s33/bgak4p.mpg,220,228,4.347979545593262,0.8510699372923112
53,14,/home/nabizadz/Projects/Mahsa/datasets/grid/test/s33/sgwt2p.mpg,148,156,3.9636735916137695,0.9768219924776009
53,15,/home/nabizadz/Projects/Mahsa/datasets/grid/test/s33/lwwv8p.mpg,34,42,4.331414222717285,0.9997633968214743
54,0,/home/nabizadz/Projects/Mahsa/datasets/grid/test/s33/lbba9s.mpg,117,125,3.954678535461426,0.9889877504703658
54,1,/home/nabizadz/Projects/Mahsa/datasets/grid/test/s33/bwaq2p.mpg,183,191,4.315894603729248,0.9665095294448365
54,2,/home/nabizadz/Projects/Mahsa/datasets/grid/test/s33/lwiozn.mpg,275,283,4.361536979675293,0.960109256009431
54,3,/home/nabizadz/Projects/Mahsa/datasets/grid/test/s33/pbbm3a.mpg,200,208,4.282200813293457,0.9322427922699237
54,4,/home/nabizadz/Projects/Mahsa/datasets/grid/test/s33/sbwe6p.mpg,153,161,4.04505729675293,0.9791855592598497
54,5,/home/nabizadz/Projects/Mahsa/datasets/grid/test/s33/bwaq3a.mpg,36,44,4.0933146476745605,0.9979932775848405
54,6,/home/nabizadz/Projects/Mahsa/datasets/grid/test/s33/lbwo1s.mpg,155,163,4.199598789215088,0.991510884965908
54,7,/home/nabizadz/Projects/Mahsa/datasets/grid/test/s33/pwbn3s.mpg,172,180,3.9742519855499268,0.9688427529025688
54,8,/home/nabizadz/Projects/Mahsa/datasets/grid/test/s33/sbwk8n.mpg,241,249,4.360015869140625,0.9007506491341649
54,9,/home/nabizadz/Projects/Mahsa/datasets/grid/test/s33/lwib4p.mpg,124,132,4.032472610473633,0.9830811317237403
54,10,/home/nabizadz/Projects/Mahsa/datasets/grid/test/s33/prif6p.mpg,112,120,3.34035587310791,0.9854430532947746
54,11,/home/nabizadz/Projects/Mahsa/datasets/grid/test/s33/lwbi4n.mpg,82,90,3.8214306831359863,0.9886018065654135
54,12,/home/nabizadz/Projects/Mahsa/datasets/grid/test/s33/lbbu2p.mpg,44,52,3.738292932510376,0.9769182865450938
54,13,/home/nabizadz/Projects/Mahsa/datasets/grid/test/s33/swir3s.mpg,149,157,3.572519540786743,0.9820525164079817
54,14,/home/nabizadz/Projects/Mahsa/datasets/grid/test/s33/swws5s.mpg,32,40,4.355080604553223,0.9869080852782955
54,15,/home/nabizadz/Projects/Mahsa/datasets/grid/test/s33/swaz1s.mpg,268,276,4.288730621337891,0.9548743843341494
55,0,/home/nabizadz/Projects/Mahsa/datasets/grid/test/s33/lwao6p.mpg,164,172,3.974752902984619,0.9852665775041156
55,1,/home/nabizadz/Projects/Mahsa/datasets/grid/test/s33/pris4p.mpg,233,241,4.210849285125732,0.8469946569501977
55,2,/home/nabizadz/Projects/Mahsa/datasets/grid/test/s33/pwitzp.mpg,290,298,4.347044467926025,0.9982189951615841
55,3,/home/nabizadz/Projects/Mahsa/datasets/grid/test/s33/pgwb7a.mpg,219,227,4.135828971862793,0.9088106161310605
55,4,/home/nabizadz/Projects/Mahsa/datasets/grid/test/s33/pwat3s.mpg,276,284,4.435779571533203,0.9939492879042992
55,5,/home/nabizadz/Projects/Mahsa/datasets/grid/test/s33/pril9s.mpg,124,132,3.665105104446411,0.9781651031873714
55,6,/home/nabizadz/Projects/Mahsa/datasets/grid/test/s33/bgwlzn.mpg,177,185,3.9661834239959717,0.9881630017948647
55,7,/home/nabizadz/Projects/Mahsa/datasets/grid/test/s33/sbwr4p.mpg,284,292,4.288675785064697,0.9641684210874383
55,8,/home/nabizadz/Projects/Mahsa/datasets/grid/test/s33/bbai5s.mpg,109,117,4.008945465087891,0.9911092218000619
55,9,/home/nabizadz/Projects/Mahsa/datasets/grid/test/s33/swbf5a.mpg,90,98,3.6508100032806396,0.9941813830671423
55,10,/home/nabizadz/Projects/Mahsa/datasets/grid/test/s33/brbj6p.mpg,97,105,4.008248805999756,0.9948091408891612
55,11,/home/nabizadz/Projects/Mahsa/datasets/grid/test/s33/lwwc5s.mpg,210,218,4.397204399108887,0.9557361730106554
55,12,/home/nabizadz/Projects/Mahsa/datasets/grid/test/s33/srik3s.mpg,11,19,4.462219715118408,0.9989117216121659
55,13,/home/nabizadz/Projects/Mahsa/datasets/grid/test/s33/bwbx9s.mpg,222,230,4.133257865905762,0.8814423232250412
55,14,/home/nabizadz/Projects/Mahsa/datasets/grid/test/s33/brbq1a.mpg,111,119,3.6955933570861816,0.9727855036975961
55,15,/home/nabizadz/Projects/Mahsa/datasets/grid/test/s33/sgas3s.mpg,127,135,4.044462203979492,0.9883645005415203
56,0,/home/nabizadz/Projects/Mahsa/datasets/grid/test/s33/briv6p.mpg,74,82,3.5124902725219727,0.9804074028805294
56,1,/home/nabizadz/Projects/Mahsa/datasets/grid/test/s33/pwag7a.mpg,204,212,4.350460052490234,0.9058711117935258
56,2,/home/nabizadz/Projects/Mahsa/datasets/grid/test/s33/pgwizp.mpg,241,249,4.30082368850708,0.9833866591075595
56,3,/home/nabizadz/Projects/Mahsa/datasets/grid/test/s33/brip3a.mpg,53,61,3.453821897506714,0.9826700581844471
56,4,/home/nabizadz/Projects/Mahsa/datasets/grid/test/s33/pgig6n.mpg,260,268,4.492063522338867,0.8911190308854448
56,5,/home/nabizadz/Projects/Mahsa/datasets/grid/test/s33/lgwdzn.mpg,20,28,4.393074989318848,0.9962533471503537
56,6,/home/nabizadz/Projects/Mahsa/datasets/grid/test/s33/pbwg1s.mpg,135,143,4.06262731552124,0.9884839767177049
56,7,/home/nabizadz/Projects/Mahsa/datasets/grid/test/s33/lbat9a.mpg,19,27,4.3132147789001465,0.9997709672009476
56,8,/home/nabizadz/Projects/Mahsa/datasets/grid/test/s33/lrin4n.mpg,65,73,3.2568209171295166,0.9595302733018953
56,9,/home/nabizadz/Projects/Mahsa/datasets/grid/test/s33/lwwp3s.mpg,194,202,4.419296741485596,0.8915271927139422
56,10,/home/nabizadz/Projects/Mahsa/datasets/grid/test/s33/brbd2p.mpg,238,246,3.9710474014282227,0.8587565022400396
56,11,/home/nabizadz/Projects/Mahsa/datasets/grid/test/s33/bwbkzn.mpg,197,205,3.9081499576568604,0.9755245738591863
56,12,/home/nabizadz/Projects/Mahsa/datasets/grid/test/s33/priz9a.mpg,134,142,3.9359335899353027,0.9875801448125858
56,13,/home/nabizadz/Projects/Mahsa/datasets/grid/test/s33/bgaq9a.mpg,72,80,3.6063427925109863,0.9688721785858626
56,14,/home/nabizadz/Projects/Mahsa/datasets/grid/test/s33/prbt2p.mpg,65,73,3.468435525894165,0.9711463750320283
56,15,/home/nabizadz/Projects/Mahsa/datasets/grid/test/s33/pbir6n.mpg,29,37,3.274590253829956,0.9789755976770094
57,0,/home/nabizadz/Projects/Mahsa/datasets/grid/test/s33/sgwtzn.mpg,146,154,3.8831405639648438,0.969754557838831
57,1,/home/nabizadz/Projects/Mahsa/datasets/grid/test/s33/srak7s.mpg,148,156,1.9998359680175781,0.9559517804854829
57,2,/home/nabizadz/Projects/Mahsa/datasets/grid/test/s33/sbwy6n.mpg,18,26,4.31704568862915,0.9978848057201831
57,3,/home/nabizadz/Projects/Mahsa/datasets/grid/test/s33/bbwx3a.mpg,154,162,3.875459671020508,0.9737750758366323
57,4,/home/nabizadz/Projects/Mahsa/datasets/grid/test/s33/lwai1s.mpg,192,200,4.4045281410217285,0.9865473557346198
57,5,/home/nabizadz/Projects/Mahsa/datasets/grid/test/s33/sgwm8p.mpg,25,33,3.559807300567627,0.9948768139412156
57,6,/home/nabizadz/Projects/Mahsa/datasets/grid/test/s33/pwis9s.mpg,164,172,3.9849369525909424,0.9762135134528117
57,7,/home/nabizadz/Projects/Mahsa/datasets/grid/test/s33/bgbe2n.mpg,219,227,4.365624904632568,0.8744696436080026
57,8,/home/nabizadz/Projects/Mahsa/datasets/grid/test/s33/lbbn7s.mpg,136,144,3.605668783187866,0.9921582906173744
57,9,/home/nabizadz/Projects/Mahsa/datasets/grid/test/s33/lbag8n.mpg,123,131,3.552218437194824,0.9836189659924917
57,10,/home/nabizadz/Projects/Mahsa/datasets/grid/test/s33/pbbs6p.mpg,182,190,4.11821985244751,0.9916436377169278
57,11,/home/nabizadz/Projects/Mahsa/datasets/grid/test/s33/pwig3a.mpg,192,200,4.280294418334961,0.9712491545572356
57,12,/home/nabizadz/Projects/Mahsa/datasets/grid/test/s33/pgwo4p.mpg,177,185,4.366766929626465,0.9885849724536867
57,13,/home/nabizadz/Projects/Mahsa/datasets/grid/test/s33/braxzp.mpg,45,53,4.1917266845703125,0.9981045826846433
57,14,/home/nabizadz/Projects/Mahsa/datasets/grid/test/s33/swiy8p.mpg,279,287,4.401315689086914,0.994454725449
57,15,/home/nabizadz/Projects/Mahsa/datasets/grid/test/s33/lgbp7a.mpg,100,108,3.705151319503784,0.9872300700622617
58,0,/home/nabizadz/Projects/Mahsa/datasets/grid/test/s33/pwwh5a.mpg,68,76,3.9428696632385254,0.9846038264674966
58,1,/home/nabizadz/Projects/Mahsa/datasets/grid/test/s33/pbaf2n.mpg,194,202,4.359761714935303,0.9606050348803927
58,2,/home/nabizadz/Projects/Mahsa/datasets/grid/test/s33/lbia3a.mpg,61,69,2.302122116088867,0.9729614016117673
58,3,/home/nabizadz/Projects/Mahsa/datasets/grid/test/s33/lgii5a.mpg,79,87,2.7800674438476562,0.9775254259216923
58,4,/home/nabizadz/Projects/Mahsa/datasets/grid/test/s33/lbwu7a.mpg,7,15,4.491495132446289,0.9991829428231701
58,5,/home/nabizadz/Projects/Mahsa/datasets/grid/test/s33/srid9s.mpg,214,222,4.262148857116699,0.9748294965436876
58,6,/home/nabizadz/Projects/Mahsa/datasets/grid/test/s33/lrwvzn.mpg,248,256,4.201999664306641,0.9105637018003042
58,7,/home/nabizadz/Projects/Mahsa/datasets/grid/test/s33/lrah5s.mpg,143,151,4.101962566375732,0.9832319909160983
58,8,/home/nabizadz/Projects/Mahsa/datasets/grid/test/s33/srwf2p.mpg,178,186,4.153874397277832,0.9707596252607635
58,9,/home/nabizadz/Projects/Mahsa/datasets/grid/test/s33/lbig6p.mpg,63,71,4.025057792663574,0.9932672024515472
58,10,/home/nabizadz/Projects/Mahsa/datasets/grid/test/s33/pwat4p.mpg,78,86,3.2942864894866943,0.9901736683618924
58,11,/home/nabizadz/Projects/Mahsa/datasets/grid/test/s33/bbio5s.mpg,271,279,4.366636276245117,0.9722592499082057
58,12,/home/nabizadz/Projects/Mahsa/datasets/grid/test/s33/srwl7a.mpg,139,147,3.676527261734009,0.9959307026611672
58,13,/home/nabizadz/Projects/Mahsa/datasets/grid/test/s33/bwwy4p.mpg,174,182,3.9331746101379395,0.9811280609193287
58,14,/home/nabizadz/Projects/Mahsa/datasets/grid/test/s33/sgbgzp.mpg,48,56,3.3655269145965576,0.9821609013060876
58,15,/home/nabizadz/Projects/Mahsa/datasets/grid/test/s33/swafzp.mpg,198,206,4.328557014465332,0.9608661359046344
59,0,/home/nabizadz/Projects/Mahsa/datasets/grid/test/s33/pwbt9a.mpg,23,31,4.337409019470215,0.9999388219014952
59,1,/home/nabizadz/Projects/Mahsa/datasets/grid/test/s33/bwwk5s.mpg,129,137,3.8182616233825684,0.9882705931001023
59,2,/home/nabizadz/Projects/Mahsa/datasets/grid/test/s33/swbz5s.mpg,256,264,4.540445804595947,0.9828332715726844
59,3,/home/nabizadz/Projects/Mahsa/datasets/grid/test/s33/sbbr1a.mpg,22,30,4.30712890625,0.995027218607002
59,4,/home/nabizadz/Projects/Mahsa/datasets/grid/test/s33/pgwh8n.mpg,24,32,3.4320356845855713,0.9863579102403188
59,5,/home/nabizadz/Projects/Mahsa/datasets/grid/test/s33/swaz3a.mpg,262,270,4.3751044273376465,0.8835957625452188
59,6,/home/nabizadz/Projects/Mahsa/datasets/grid/test/s33/bbao9s.mpg,125,133,4.253990173339844,0.9974515760197367
59,7,/home/nabizadz/Projects/Mahsa/datasets/grid/test/s33/bwip9a.mpg,192,200,4.337430953979492,0.9854990459632634
59,8,/home/nabizadz/Projects/Mahsa/datasets/grid/test/s33/lgac2n.mpg,168,176,3.848820209503174,0.9831276969975895
59,9,/home/nabizadz/Projects/Mahsa/datasets/grid/test/s33/bwbd9a.mpg,87,95,3.961606502532959,0.9945789868543549
59,10,/home/nabizadz/Projects/Mahsa/datasets/grid/test/s33/pgit7a.mpg,60,68,3.357792615890503,0.9728683457918339
59,11,/home/nabizadz/Projects/Mahsa/datasets/grid/test/s33/prwg6n.mpg,106,114,3.683596134185791,0.9852403657943364
59,12,/home/nabizadz/Projects/Mahsa/datasets/grid/test/s33/pwag6p.mpg,281,289,4.261896133422852,0.9903021784345067
59,13,/home/nabizadz/Projects/Mahsa/datasets/grid/test/s33/sbaq6p.mpg,92,100,4.057379722595215,0.9903591039606023
59,14,/home/nabizadz/Projects/Mahsa/datasets/grid/test/s33/bbav2n.mpg,138,146,3.9483532905578613,0.9875197298098658
59,15,/home/nabizadz/Projects/Mahsa/datasets/grid/test/s33/srwszp.mpg,80,88,3.7659051418304443,0.9913073171655916
60,0,/home/nabizadz/Projects/Mahsa/datasets/grid/test/s33/sriezp.mpg,201,209,4.0378313064575195,0.9787876985698367
60,1,/home/nabizadz/Projects/Mahsa/datasets/grid/test/s33/lgbc7s.mpg,224,232,4.327429294586182,0.8692690669944173
60,2,/home/nabizadz/Projects/Mahsa/datasets/grid/test/s33/pgwi1a.mpg,152,160,3.925442695617676,0.9864264319665962
60,3,/home/nabizadz/Projects/Mahsa/datasets/grid/test/s33/srbe8p.mpg,225,233,1.7993454933166504,0.862839962764626
60,4,/home/nabizadz/Projects/Mahsa/datasets/grid/test/s33/pgit5s.mpg,167,175,4.043291091918945,0.9967777440419103
60,5,/home/nabizadz/Projects/Mahsa/datasets/grid/test/s33/lrwczp.mpg,197,205,4.140836238861084,0.9701400501464686
60,6,/home/nabizadz/Projects/Mahsa/datasets/grid/test/s33/lbwu4n.mpg,60,68,3.6092941761016846,0.95093945850645
60,7,/home/nabizadz/Projects/Mahsa/datasets/grid/test/s33/pgan5s.mpg,222,230,4.427553653717041,0.8969944515128067
60,8,/home/nabizadz/Projects/Mahsa/datasets/grid/test/s33/lgwqzp.mpg,170,178,4.223804950714111,0.9870161701398211
60,9,/home/nabizadz/Projects/Mahsa/datasets/grid/test/s33/bric4p.mpg,161,169,3.8452467918395996,0.982965780151135
60,10,/home/nabizadz/Projects/Mahsa/datasets/grid/test/s33/bbii3a.mpg,85,93,3.814033269882202,0.9417466968294037
60,11,/home/nabizadz/Projects/Mahsa/datasets/grid/test/s33/lwio2p.mpg,156,164,4.116252899169922,0.946834876076825
60,12,/home/nabizadz/Projects/Mahsa/datasets/grid/test/s33/pbas1s.mpg,33,41,4.102859020233154,0.9993488659023918
60,13,/home/nabizadz/Projects/Mahsa/datasets/grid/test/s33/pgat9s.mpg,173,181,4.320552825927734,0.9853017224729779
60,14,/home/nabizadz/Projects/Mahsa/datasets/grid/test/s33/brbj7a.mpg,192,200,3.822732925415039,0.903103831460103
60,15,/home/nabizadz/Projects/Mahsa/datasets/grid/test/s33/sbad7s.mpg,3,11,4.54221773147583,0.9996320555390436
61,0,/home/nabizadz/Projects/Mahsa/datasets/grid/test/s33/brwk1a.mpg,206,214,4.326137065887451,0.933721976049679
61,1,/home/nabizadz/Projects/Mahsa/datasets/grid/test/s33/sgwt1s.mpg,148,156,3.890897274017334,0.9864271374569257
61,2,/home/nabizadz/Projects/Mahsa/datasets/grid/test/s33/lriuzp.mpg,78,86,3.7484145164489746,0.9881048589681878
61,3,/home/nabizadz/Projects/Mahsa/datasets/grid/test/s33/pwat5a.mpg,96,104,3.730267286300659,0.987958978804357
61,4,/home/nabizadz/Projects/Mahsa/datasets/grid/test/s33/lriu1a.mpg,246,254,4.431070804595947,0.9474529758182055
61,5,/home/nabizadz/Projects/Mahsa/datasets/grid/test/s33/lria6n.mpg,75,83,3.6972005367279053,0.9890408969109742
61,6,/home/nabizadz/Projects/Mahsa/datasets/grid/test/s33/pgwo3s.mpg,52,60,3.6593050956726074,0.9806388340869883
61,7,/home/nabizadz/Projects/Mahsa/datasets/grid/test/s33/srby8n.mpg,103,111,3.770204544067383,0.9852676691110905
61,8,/home/nabizadz/Projects/Mahsa/datasets/grid/test/s33/lwbo8n.mpg,129,137,4.084339141845703,0.9904875687786555
61,9,/home/nabizadz/Projects/Mahsa/datasets/grid/test/s33/lgac5a.mpg,287,295,4.333914279937744,0.9919899677706536
61,10,/home/nabizadz/Projects/Mahsa/datasets/grid/test/s33/prbt3a.mpg,185,193,4.420685291290283,0.9901522316207558
61,11,/home/nabizadz/Projects/Mahsa/datasets/grid/test/s33/lgac3s.mpg,19,27,4.117378234863281,0.9985574901326087
61,12,/home/nabizadz/Projects/Mahsa/datasets/grid/test/s33/lgav6p.mpg,187,195,4.202576637268066,0.9881675961547151
61,13,/home/nabizadz/Projects/Mahsa/datasets/grid/test/s33/lbit3s.mpg,15,23,4.074403285980225,0.9998312177741663
61,14,/home/nabizadz/Projects/Mahsa/datasets/grid/test/s33/bbav5a.mpg,199,207,4.318812370300293,0.9502876793136047
61,15,/home/nabizadz/Projects/Mahsa/datasets/grid/test/s33/bwad3s.mpg,216,224,4.366164207458496,0.9633062387008663
62,0,/home/nabizadz/Projects/Mahsa/datasets/grid/test/s33/lbbh3s.mpg,248,256,4.359823226928711,0.9090550535354597
62,1,/home/nabizadz/Projects/Mahsa/datasets/grid/test/s33/prif4n.mpg,8,16,4.438568592071533,0.9853659208743226
62,2,/home/nabizadz/Projects/Mahsa/datasets/grid/test/s33/bgiq5a.mpg,132,140,4.125046253204346,0.9893019131489036
62,3,/home/nabizadz/Projects/Mahsa/datasets/grid/test/s33/pbas2p.mpg,79,87,3.553182363510132,0.9669632779595103
62,4,/home/nabizadz/Projects/Mahsa/datasets/grid/test/s33/sbak3a.mpg,193,201,4.085886478424072,0.9865508823186171
62,5,/home/nabizadz/Projects/Mahsa/datasets/grid/test/s33/sbwk9s.mpg,136,144,4.271337032318115,0.9956197878590074
62,6,/home/nabizadz/Projects/Mahsa/datasets/grid/test/s33/srae3s.mpg,138,146,3.78800368309021,0.9860746554308536
62,7,/home/nabizadz/Projects/Mahsa/datasets/grid/test/s33/bgbk9a.mpg,190,198,4.286977291107178,0.9326173854637566
62,8,/home/nabizadz/Projects/Mahsa/datasets/grid/test/s30/bwax9p.mpg,23,31,4.505816459655762,0.9999999558117543
62,9,/home/nabizadz/Projects/Mahsa/datasets/grid/test/s30/bbai9p.mpg,169,177,3.598846435546875,0.9944069058086155
62,10,/home/nabizadz/Projects/Mahsa/datasets/grid/test/s30/bgbr5p.mpg,15,23,3.6317856311798096,0.9932550028368013
62,11,/home/nabizadz/Projects/Mahsa/datasets/grid/test/s30/swas1p.mpg,226,234,4.385397911071777,0.9318177067588286
62,12,/home/nabizadz/Projects/Mahsa/datasets/grid/test/s30/srbl5p.mpg,8,16,4.456573009490967,0.9992203455322011
62,13,/home/nabizadz/Projects/Mahsa/datasets/grid/test/s30/bbwd2s.mpg,161,169,3.689732789993286,0.9755470263886484
62,14,/home/nabizadz/Projects/Mahsa/datasets/grid/test/s30/srae7p.mpg,139,147,3.6839616298675537,0.9810911253304109
62,15,/home/nabizadz/Projects/Mahsa/datasets/grid/test/s30/lbauzs.mpg,45,53,3.3796544075012207,0.9835542243248907
63,0,/home/nabizadz/Projects/Mahsa/datasets/grid/test/s30/pgwb8s.mpg,88,96,3.31745982170105,0.9790670284610022
63,1,/home/nabizadz/Projects/Mahsa/datasets/grid/test/s30/pbwnza.mpg,187,195,3.8923778533935547,0.9865110409872129
63,2,/home/nabizadz/Projects/Mahsa/datasets/grid/test/s30/pwwu5p.mpg,37,45,4.294553756713867,0.9999947025506727
63,3,/home/nabizadz/Projects/Mahsa/datasets/grid/test/s30/bgieza.mpg,114,122,3.8603944778442383,0.9880256312947493
63,4,/home/nabizadz/Projects/Mahsa/datasets/grid/test/s30/lgic4a.mpg,32,40,4.210531234741211,0.9771708530211947
63,5,/home/nabizadz/Projects/Mahsa/datasets/grid/test/s30/pwbh1n.mpg,147,155,4.103050708770752,0.9905546892744064
63,6,/home/nabizadz/Projects/Mahsa/datasets/grid/test/s30/swifza.mpg,199,207,4.369713306427002,0.9951571607738919
63,7,/home/nabizadz/Projects/Mahsa/datasets/grid/test/s30/lriu2s.mpg,207,215,3.5342111587524414,0.9875364750440125
63,8,/home/nabizadz/Projects/Mahsa/datasets/grid/test/s30/lwib8a.mpg,221,229,4.4766716957092285,0.987923988343626
63,9,/home/nabizadz/Projects/Mahsa/datasets/grid/test/s30/bwby4a.mpg,277,285,4.399744987487793,0.98187067165962
63,10,/home/nabizadz/Projects/Mahsa/datasets/grid/test/s30/sgaf7n.mpg,273,281,4.366960048675537,0.9679011097437059
63,11,/home/nabizadz/Projects/Mahsa/datasets/grid/test/s30/lgwq4a.mpg,81,89,4.317493915557861,0.9991038103784493
63,12,/home/nabizadz/Projects/Mahsa/datasets/grid/test/s30/pwwb3p.mpg,250,258,4.087230682373047,0.850013775787664
63,13,/home/nabizadz/Projects/Mahsa/datasets/grid/test/s30/bwij6s.mpg,42,50,3.5238187313079834,0.9941850532635947
63,14,/home/nabizadz/Projects/Mahsa/datasets/grid/test/s30/bwip9n.mpg,0,8,4.483129501342773,0.9953949395957196
63,15,/home/nabizadz/Projects/Mahsa/datasets/grid/test/s30/srie1n.mpg,227,235,4.423896312713623,0.9919347338448268
64,0,/home/nabizadz/Projects/Mahsa/datasets/grid/test/s30/lbbo1p.mpg,143,151,3.945301055908203,0.9851727382671002
64,1,/home/nabizadz/Projects/Mahsa/datasets/grid/test/s30/sgwm9n.mpg,198,206,4.046693801879883,0.9920690363787518
64,2,/home/nabizadz/Projects/Mahsa/datasets/grid/test/s30/swws7n.mpg,32,40,4.421848773956299,0.9983640558200995
64,3,/home/nabizadz/Projects/Mahsa/datasets/grid/test/s30/brbkza.mpg,168,176,3.5256192684173584,0.9817230211282676
64,4,/home/nabizadz/Projects/Mahsa/datasets/grid/test/s30/srik7p.mpg,13,21,4.361294269561768,0.9927833950118079
64,5,/home/nabizadz/Projects/Mahsa/datasets/grid/test/s30/lbig7n.mpg,179,187,4.182311058044434,0.9868083550319598
64,6,/home/nabizadz/Projects/Mahsa/datasets/grid/test/s30/pgbu7p.mpg,228,236,4.373356819152832,0.9288149790486905
64,7,/home/nabizadz/Projects/Mahsa/datasets/grid/test/s30/lgwq2s.mpg,43,51,4.38479471206665,0.9947250313039533
64,8,/home/nabizadz/Projects/Mahsa/datasets/grid/test/s30/swbs6a.mpg,0,8,4.564929485321045,0.998449573484215
64,9,/home/nabizadz/Projects/Mahsa/datasets/grid/test/s30/sbix9p.mpg,270,278,4.412680149078369,0.9999999999999981
64,10,/home/nabizadz/Projects/Mahsa/datasets/grid/test/s30/sral1p.mpg,266,274,4.427974224090576,0.9955885655259036
64,11,/home/nabizadz/Projects/Mahsa/datasets/grid/test/s30/pwwb4a.mpg,129,137,4.152237892150879,0.9976649761314523
64,12,/home/nabizadz/Projects/Mahsa/datasets/grid/test/s30/sriy4s.mpg,268,276,4.514761447906494,0.9911282783206438
64,13,/home/nabizadz/Projects/Mahsa/datasets/grid/test/s30/pbbm5p.mpg,23,31,4.527419567108154,0.999998236399884
64,14,/home/nabizadz/Projects/Mahsa/datasets/grid/test/s30/pbwg3n.mpg,245,253,4.271537780761719,0.9999009459166818
64,15,/home/nabizadz/Projects/Mahsa/datasets/grid/test/s30/lgwj8s.mpg,19,27,4.341640949249268,0.9991279660164394
65,0,/home/nabizadz/Projects/Mahsa/datasets/grid/test/s30/lgaj2a.mpg,205,213,4.358506202697754,0.9854778892681552
65,1,/home/nabizadz/Projects/Mahsa/datasets/grid/test/s30/lwbi7n.mpg,19,27,4.413666248321533,0.9905045925900994
65,2,/home/nabizadz/Projects/Mahsa/datasets/grid/test/s30/bbav5n.mpg,157,165,3.448744058609009,0.9921858259631291
65,3,/home/nabizadz/Projects/Mahsa/datasets/grid/test/s30/brap9p.mpg,258,266,4.388227462768555,0.9670700336516619
65,4,/home/nabizadz/Projects/Mahsa/datasets/grid/test/s30/swas2a.mpg,21,29,3.830881357192993,0.9944522328131494
65,5,/home/nabizadz/Projects/Mahsa/datasets/grid/test/s30/prwhzs.mpg,67,75,3.9769585132598877,0.9883383299427441
65,6,/home/nabizadz/Projects/Mahsa/datasets/grid/test/s30/pbil8a.mpg,161,169,3.9728775024414062,0.9906763327739317
65,7,/home/nabizadz/Projects/Mahsa/datasets/grid/test/s30/srbfzs.mpg,271,279,4.545378684997559,0.9997284693357423
65,8,/home/nabizadz/Projects/Mahsa/datasets/grid/test/s30/lgac7p.mpg,53,61,3.5646493434906006,0.9926734433639739
65,9,/home/nabizadz/Projects/Mahsa/datasets/grid/test/s30/sbaq8s.mpg,207,215,4.0609588623046875,0.989623328897658
65,10,/home/nabizadz/Projects/Mahsa/datasets/grid/test/s30/prbn2a.mpg,243,251,4.1204938888549805,0.8273806038491812
65,11,/home/nabizadz/Projects/Mahsa/datasets/grid/test/s30/lbbh6s.mpg,57,65,4.024759769439697,0.9920197565134757
65,12,/home/nabizadz/Projects/Mahsa/datasets/grid/test/s30/pwit2s.mpg,268,276,4.391410827636719,0.9999999999999997
65,13,/home/nabizadz/Projects/Mahsa/datasets/grid/test/s30/swwg1p.mpg,54,62,3.6242382526397705,0.9821439261262286
65,14,/home/nabizadz/Projects/Mahsa/datasets/grid/test/s30/bwix4s.mpg,62,70,3.397861957550049,0.9875741605776291
65,15,/home/nabizadz/Projects/Mahsa/datasets/grid/test/s30/sbbr3p.mpg,220,228,4.395016193389893,0.9919101373650847
66,0,/home/nabizadz/Projects/Mahsa/datasets/grid/test/s30/lrbi1n.mpg,250,258,4.536908149719238,0.9963528067642868
66,1,/home/nabizadz/Projects/Mahsa/datasets/grid/test/s30/pbbgzs.mpg,61,69,3.9476301670074463,0.9886088690520907
66,2,/home/nabizadz/Projects/Mahsa/datasets/grid/test/s30/pris7p.mpg,215,223,4.19856071472168,0.9324745813295343
66,3,/home/nabizadz/Projects/Mahsa/datasets/grid/test/s30/brax1n.mpg,184,192,4.358712196350098,0.9789242922690752
66,4,/home/nabizadz/Projects/Mahsa/datasets/grid/test/s30/lwii1p.mpg,228,236,4.514651775360107,0.9762441046038638
66,5,/home/nabizadz/Projects/Mahsa/datasets/grid/test/s30/sgbs9n.mpg,185,193,4.320422172546387,0.9937423332408766
66,6,/home/nabizadz/Projects/Mahsa/datasets/grid/test/s30/lgii7p.mpg,163,171,3.88094425201416,0.9745299125821617
66,7,/home/nabizadz/Projects/Mahsa/datasets/grid/test/s30/srae6s.mpg,249,257,4.485374927520752,0.9555443716644931
66,8,/home/nabizadz/Projects/Mahsa/datasets/grid/test/s30/lwav1n.mpg,259,267,4.4594902992248535,0.9906887300320721
66,9,/home/nabizadz/Projects/Mahsa/datasets/grid/test/s30/pbif3p.mpg,135,143,4.020097255706787,0.98382732763859
66,10,/home/nabizadz/Projects/Mahsa/datasets/grid/test/s30/pwag7n.mpg,7,15,4.500020980834961,0.9999998675201549
66,11,/home/nabizadz/Projects/Mahsa/datasets/grid/test/s30/lgio9n.mpg,92,100,3.7426562309265137,0.9904979777078438
66,12,/home/nabizadz/Projects/Mahsa/datasets/grid/test/s30/bbap1n.mpg,285,293,4.335112571716309,0.9925344296842806
66,13,/home/nabizadz/Projects/Mahsa/datasets/grid/test/s30/lbia5p.mpg,116,124,3.986485481262207,0.9805912377616048
66,14,/home/nabizadz/Projects/Mahsa/datasets/grid/test/s30/sbbr4a.mpg,185,193,3.762634038925171,0.9852406424878
66,15,/home/nabizadz/Projects/Mahsa/datasets/grid/test/s30/pgabzs.mpg,68,76,3.908967971801758,0.9918896121481278
67,0,/home/nabizadz/Projects/Mahsa/datasets/grid/test/s30/pgwo7p.mpg,41,49,4.448066711425781,0.9999996641302805
67,1,/home/nabizadz/Projects/Mahsa/datasets/grid/test/s30/brii9n.mpg,174,182,4.351449012756348,0.9940106456024241
67,2,/home/nabizadz/Projects/Mahsa/datasets/grid/test/s30/lbwo6a.mpg,288,296,4.2946457862854,0.9918977279641383
67,3,/home/nabizadz/Projects/Mahsa/datasets/grid/test/s30/lbbn9n.mpg,87,95,3.690537452697754,0.9865356992802227
67,4,/home/nabizadz/Projects/Mahsa/datasets/grid/test/s30/sgwa3p.mpg,55,63,3.5767571926116943,0.9933416718569181
67,5,/home/nabizadz/Projects/Mahsa/datasets/grid/test/s30/pbas5p.mpg,239,247,4.220188617706299,0.997513072318808
67,6,/home/nabizadz/Projects/Mahsa/datasets/grid/test/s30/pwat7p.mpg,142,150,3.286430597305298,0.9801289364668523
67,7,/home/nabizadz/Projects/Mahsa/datasets/grid/test/s30/bwij5n.mpg,128,136,3.9227402210235596,0.9960283852540225
67,8,/home/nabizadz/Projects/Mahsa/datasets/grid/test/s30/brweza.mpg,243,251,3.7045910358428955,0.9816515144442511
67,9,/home/nabizadz/Projects/Mahsa/datasets/grid/test/s30/srws1n.mpg,53,61,3.8403682708740234,0.993589326692476
67,10,/home/nabizadz/Projects/Mahsa/datasets/grid/test/s30/sral2a.mpg,109,117,3.7048778533935547,0.9859439226631344
67,11,/home/nabizadz/Projects/Mahsa/datasets/grid/test/s30/pwbbza.mpg,82,90,3.652426242828369,0.9831951851526366
67,12,/home/nabizadz/Projects/Mahsa/datasets/grid/test/s30/pbbs9p.mpg,100,108,3.8826658725738525,0.9851564322415185
67,13,/home/nabizadz/Projects/Mahsa/datasets/grid/test/s30/pbwazs.mpg,246,254,4.475521564483643,0.9999989776279248
67,14,/home/nabizadz/Projects/Mahsa/datasets/grid/test/s30/brbj8s.mpg,82,90,3.833488702774048,0.9869154837672109
67,15,/home/nabizadz/Projects/Mahsa/datasets/grid/test/s30/bwbq8s.mpg,243,251,4.292139053344727,0.9822126645392802
68,0,/home/nabizadz/Projects/Mahsa/datasets/grid/test/s30/lgbx1n.mpg,128,136,3.7804431915283203,0.9854912526714702
68,1,/home/nabizadz/Projects/Mahsa/datasets/grid/test/s30/lwapza.mpg,239,247,4.335410118103027,0.8678225683866968
68,2,/home/nabizadz/Projects/Mahsa/datasets/grid/test/s30/pbaz7n.mpg,13,21,4.372013568878174,0.9999889280671183
68,3,/home/nabizadz/Projects/Mahsa/datasets/grid/test/s30/pbas4s.mpg,42,50,4.094913005828857,0.9957425496110507
68,4,/home/nabizadz/Projects/Mahsa/datasets/grid/test/s30/lrwo9n.mpg,115,123,3.825089693069458,0.9822216616602635
68,5,/home/nabizadz/Projects/Mahsa/datasets/grid/test/s30/lrbb9p.mpg,195,203,4.100706100463867,0.9914102650954574
68,6,/home/nabizadz/Projects/Mahsa/datasets/grid/test/s30/lrwi6s.mpg,213,221,4.354183673858643,0.9469775411172918
68,7,/home/nabizadz/Projects/Mahsa/datasets/grid/test/s30/pgit8s.mpg,274,282,4.307583332061768,0.9660446399475685
68,8,/home/nabizadz/Projects/Mahsa/datasets/grid/test/s30/bgik2s.mpg,109,117,3.055345296859741,0.9686223559994992
68,9,/home/nabizadz/Projects/Mahsa/datasets/grid/test/s30/sgbm7p.mpg,84,92,3.453324317932129,0.9904092762713028
68,10,/home/nabizadz/Projects/Mahsa/datasets/grid/test/s30/brbd3n.mpg,50,58,3.5966367721557617,0.9881357294003932
68,11,/home/nabizadz/Projects/Mahsa/datasets/grid/test/s30/sbiq6a.mpg,75,83,3.6405017375946045,0.993578447624491
68,12,/home/nabizadz/Projects/Mahsa/datasets/grid/test/s30/bbwd3p.mpg,167,175,3.4932026863098145,0.9757433820667255
68,13,/home/nabizadz/Projects/Mahsa/datasets/grid/test/s30/prim4a.mpg,188,196,4.053454399108887,0.9986701314845039
68,14,/home/nabizadz/Projects/Mahsa/datasets/grid/test/s30/swaszs.mpg,58,66,3.8400650024414062,0.9926059172015879
68,15,/home/nabizadz/Projects/Mahsa/datasets/grid/test/s30/swaz3n.mpg,207,215,4.497282028198242,0.9869293482528213
69,0,/home/nabizadz/Projects/Mahsa/datasets/grid/test/s30/pwbuzs.mpg,290,298,4.347258567810059,0.981964494386648
69,1,/home/nabizadz/Projects/Mahsa/datasets/grid/test/s30/bwid1n.mpg,37,45,4.448800086975098,0.9990426313044518
69,2,/home/nabizadz/Projects/Mahsa/datasets/grid/test/s30/srbz4a.mpg,115,123,4.13743782043457,0.9981364314186267
69,3,/home/nabizadz/Projects/Mahsa/datasets/grid/test/s30/pbaz9p.mpg,277,285,4.515502452850342,0.990855008904456
69,4,/home/nabizadz/Projects/Mahsa/datasets/grid/test/s30/lgwkza.mpg,227,235,4.551868915557861,0.9853034929405566
69,5,/home/nabizadz/Projects/Mahsa/datasets/grid/test/s30/swaf4a.mpg,38,46,4.234101295471191,0.9997917654671313
69,6,/home/nabizadz/Projects/Mahsa/datasets/grid/test/s30/sgas8a.mpg,146,154,3.9305648803710938,0.9876255290414868
69,7,/home/nabizadz/Projects/Mahsa/datasets/grid/test/s30/pwba9p.mpg,96,104,3.9949004650115967,0.9854167161456135
69,8,/home/nabizadz/Projects/Mahsa/datasets/grid/test/s30/prbt6a.mpg,215,223,4.141533851623535,0.972818752521195
69,9,/home/nabizadz/Projects/Mahsa/datasets/grid/test/s30/pwwo2a.mpg,61,69,3.556931495666504,0.9906798410420993
69,10,/home/nabizadz/Projects/Mahsa/datasets/grid/test/s30/sriy5p.mpg,13,21,3.5504698753356934,0.9569836294296165
69,11,/home/nabizadz/Projects/Mahsa/datasets/grid/test/s30/swws9p.mpg,258,266,4.43238639831543,0.9983181623851095
69,12,/home/nabizadz/Projects/Mahsa/datasets/grid/test/s30/lrin9p.mpg,257,265,4.418294906616211,0.9263384523754057
69,13,/home/nabizadz/Projects/Mahsa/datasets/grid/test/s30/bwbq9p.mpg,143,151,3.560009479522705,0.9968867570347688
69,14,/home/nabizadz/Projects/Mahsa/datasets/grid/test/s30/lgbj3n.mpg,276,284,4.466430187225342,0.9999999999999993
69,15,/home/nabizadz/Projects/Mahsa/datasets/grid/test/s30/bgwf1p.mpg,119,127,3.5327253341674805,0.984987144652098
70,0,/home/nabizadz/Projects/Mahsa/datasets/grid/test/s30/bgiy1p.mpg,183,191,4.059935092926025,0.9849115880204399
70,1,/home/nabizadz/Projects/Mahsa/datasets/grid/test/s30/lrih5p.mpg,59,67,3.655158758163452,0.986177228958467
70,2,/home/nabizadz/Projects/Mahsa/datasets/grid/test/s30/lwio4s.mpg,86,94,4.158620834350586,0.9979442316798508
70,3,/home/nabizadz/Projects/Mahsa/datasets/grid/test/s30/bgar1p.mpg,86,94,3.908093214035034,0.9954252879121611
70,4,/home/nabizadz/Projects/Mahsa/datasets/grid/test/s30/pgih2a.mpg,23,31,4.35983943939209,0.9923246883688522
70,5,/home/nabizadz/Projects/Mahsa/datasets/grid/test/s30/sgwa1n.mpg,2,10,4.541416645050049,0.999999679554623
70,6,/home/nabizadz/Projects/Mahsa/datasets/grid/test/s30/brwd9p.mpg,265,273,4.365481853485107,0.9465489214702287
70,7,/home/nabizadz/Projects/Mahsa/datasets/grid/test/s30/bgiq6s.mpg,32,40,4.0533318519592285,0.9993148508345939
70,8,/home/nabizadz/Projects/Mahsa/datasets/grid/test/s30/pwbu2a.mpg,123,131,3.6853034496307373,0.9979028521743503
70,9,/home/nabizadz/Projects/Mahsa/datasets/grid/test/s30/brij1p.mpg,224,232,4.473122596740723,0.9868829307199001
70,10,/home/nabizadz/Projects/Mahsa/datasets/grid/test/s30/swbf8a.mpg,235,243,4.203613758087158,0.8925875029042838
70,11,/home/nabizadz/Projects/Mahsa/datasets/grid/test/s30/brwk4a.mpg,141,149,3.514481782913208,0.9873109739179639
70,12,/home/nabizadz/Projects/Mahsa/datasets/grid/test/s30/lwbc3n.mpg,238,246,4.4105305671691895,0.9541581615424797
70,13,/home/nabizadz/Projects/Mahsa/datasets/grid/test/s30/pgab2a.mpg,133,141,4.175218105316162,0.9964324629174725
70,14,/home/nabizadz/Projects/Mahsa/datasets/grid/test/s30/sbbk9p.mpg,192,200,4.38875675201416,0.9561270491150755
70,15,/home/nabizadz/Projects/Mahsa/datasets/grid/test/s30/pgwo6s.mpg,33,41,4.494903087615967,1.0
71,0,/home/nabizadz/Projects/Mahsa/datasets/grid/test/s30/pgbu8a.mpg,157,165,3.545788049697876,0.9838630581254786
71,1,/home/nabizadz/Projects/Mahsa/datasets/grid/test/s30/bbbp7p.mpg,232,240,4.3699517250061035,0.9839530284566645
71,2,/home/nabizadz/Projects/Mahsa/datasets/grid/test/s30/bgbr6a.mpg,210,218,4.47813606262207,0.9961172295352515
71,3,/home/nabizadz/Projects/Mahsa/datasets/grid/test/s30/pgwv1p.mpg,190,198,3.8634345531463623,0.9881963343692682
71,4,/home/nabizadz/Projects/Mahsa/datasets/grid/test/s30/swil1n.mpg,40,48,4.103503704071045,0.9615774206149458
71,5,/home/nabizadz/Projects/Mahsa/datasets/grid/test/s30/bwad7p.mpg,4,12,4.492556095123291,0.9991075141419488
71,6,/home/nabizadz/Projects/Mahsa/datasets/grid/test/s30/prwt7n.mpg,156,164,3.536025285720825,0.9910639218114932
71,7,/home/nabizadz/Projects/Mahsa/datasets/grid/test/s30/sgbg4a.mpg,263,271,4.236328125,0.9552391942911012
71,8,/home/nabizadz/Projects/Mahsa/datasets/grid/test/s30/lrbo8a.mpg,112,120,4.214702129364014,0.999964209621861
71,9,/home/nabizadz/Projects/Mahsa/datasets/grid/test/s30/bgbe5n.mpg,161,169,4.0539679527282715,0.985984070394191
71,10,/home/nabizadz/Projects/Mahsa/datasets/grid/test/s30/bgbl1p.mpg,118,126,3.533079147338867,0.9821116121073633
71,11,/home/nabizadz/Projects/Mahsa/datasets/grid/test/s30/swal5n.mpg,37,45,3.718554735183716,0.9958065504730991
71,12,/home/nabizadz/Projects/Mahsa/datasets/grid/test/s30/lbwo3n.mpg,243,251,3.8579914569854736,0.8426797180130462
71,13,/home/nabizadz/Projects/Mahsa/datasets/grid/test/s30/sbaq9p.mpg,83,91,3.6263577938079834,0.999789904315712
71,14,/home/nabizadz/Projects/Mahsa/datasets/grid/test/s30/brip3n.mpg,205,213,3.9366085529327393,0.9901031354988736
71,15,/home/nabizadz/Projects/Mahsa/datasets/grid/test/s30/pbamzs.mpg,79,87,3.948263168334961,0.9976870333950835
72,0,/home/nabizadz/Projects/Mahsa/datasets/grid/test/s30/lrwc2s.mpg,272,280,4.388364791870117,0.9588324805730977
72,1,/home/nabizadz/Projects/Mahsa/datasets/grid/test/s30/srazza.mpg,257,265,4.523727893829346,0.9959150398470874
72,2,/home/nabizadz/Projects/Mahsa/datasets/grid/test/s30/lbwo4s.mpg,259,267,4.43290901184082,0.9492748968805382
72,3,/home/nabizadz/Projects/Mahsa/datasets/grid/test/s30/bbwj6s.mpg,104,112,4.0904669761657715,0.9899166484224097
72,4,/home/nabizadz/Projects/Mahsa/datasets/grid/test/s30/brbq1n.mpg,226,234,4.125376224517822,0.9860047228722416
72,5,/home/nabizadz/Projects/Mahsa/datasets/grid/test/s30/brij2a.mpg,195,203,4.373786449432373,0.9641459063009732
72,6,/home/nabizadz/Projects/Mahsa/datasets/grid/test/s30/lrwv5p.mpg,144,152,3.688159942626953,0.9872219660266727
72,7,/home/nabizadz/Projects/Mahsa/datasets/grid/test/s30/sriy6a.mpg,286,294,4.2079010009765625,0.9745323740618315
72,8,/home/nabizadz/Projects/Mahsa/datasets/grid/test/s30/srar5p.mpg,115,123,3.9920315742492676,0.9906954755552914
72,9,/home/nabizadz/Projects/Mahsa/datasets/grid/test/s30/brax4a.mpg,107,115,3.442634105682373,0.9918646645649024
72,10,/home/nabizadz/Projects/Mahsa/datasets/grid/test/s30/sbwz1p.mpg,247,255,4.3763957023620605,0.9799600697363453
72,11,/home/nabizadz/Projects/Mahsa/datasets/grid/test/s30/bgwr7n.mpg,21,29,4.419963359832764,0.9989018143290719
72,12,/home/nabizadz/Projects/Mahsa/datasets/grid/test/s30/bgae3p.mpg,168,176,4.031208515167236,0.9969454691779482
72,13,/home/nabizadz/Projects/Mahsa/datasets/grid/test/s30/swaz6a.mpg,246,254,4.328775882720947,0.999056401968757
72,14,/home/nabizadz/Projects/Mahsa/datasets/grid/test/s30/pgah4s.mpg,278,286,4.284499645233154,0.9999641306883938
72,15,/home/nabizadz/Projects/Mahsa/datasets/grid/test/s30/bgby8s.mpg,135,143,4.18750524520874,0.9704835409333759
73,0,/home/nabizadz/Projects/Mahsa/datasets/grid/test/s30/lrin8s.mpg,86,94,3.688249111175537,0.9879283697308604
73,1,/home/nabizadz/Projects/Mahsa/datasets/grid/test/s30/lgav8s.mpg,274,282,4.455355167388916,0.9499694535461203
73,2,/home/nabizadz/Projects/Mahsa/datasets/grid/test/s30/lwav2s.mpg,98,106,3.849684000015259,0.9895833769012892
73,3,/home/nabizadz/Projects/Mahsa/datasets/grid/test/s30/lwib5n.mpg,191,199,4.280752182006836,0.9986384633455145
73,4,/home/nabizadz/Projects/Mahsa/datasets/grid/test/s30/sbix7n.mpg,165,173,3.9070098400115967,0.9943881449824997
73,5,/home/nabizadz/Projects/Mahsa/datasets/grid/test/s30/bgik1n.mpg,47,55,3.224062204360962,0.9776187574821306
73,6,/home/nabizadz/Projects/Mahsa/datasets/grid/test/s30/pbwm9p.mpg,14,22,4.469677448272705,0.9999983185283028
73,7,/home/nabizadz/Projects/Mahsa/datasets/grid/test/s30/bwiq2a.mpg,149,157,3.9627623558044434,0.9850431746076103
73,8,/home/nabizadz/Projects/Mahsa/datasets/grid/test/s30/sbae2a.mpg,15,23,4.258241653442383,0.9791821106580866
73,9,/home/nabizadz/Projects/Mahsa/datasets/grid/test/s30/bbav7p.mpg,112,120,3.40166974067688,0.9940294352824298
73,10,/home/nabizadz/Projects/Mahsa/datasets/grid/test/s30/sbij9n.mpg,243,251,4.418900966644287,0.960483048144904
73,11,/home/nabizadz/Projects/Mahsa/datasets/grid/test/s30/bbii4s.mpg,71,79,3.5826950073242188,0.9831568666237962
73,12,/home/nabizadz/Projects/Mahsa/datasets/grid/test/s30/lbwo5p.mpg,78,86,3.548215627670288,0.9773693096603975
73,13,/home/nabizadz/Projects/Mahsa/datasets/grid/test/s30/bric6s.mpg,177,185,4.273651123046875,0.9975738479361287
73,14,/home/nabizadz/Projects/Mahsa/datasets/grid/test/s30/brwx9n.mpg,106,114,3.731948137283325,0.9950712882582211
73,15,/home/nabizadz/Projects/Mahsa/datasets/grid/test/s30/lrbi4a.mpg,189,197,4.299704551696777,0.986206498172401
74,0,/home/nabizadz/Projects/Mahsa/datasets/grid/test/s30/sbay2s.mpg,28,36,4.456031322479248,0.9999745059979412
74,1,/home/nabizadz/Projects/Mahsa/datasets/grid/test/s30/lbau1p.mpg,51,59,4.4466986656188965,0.9999979533594313
74,2,/home/nabizadz/Projects/Mahsa/datasets/grid/test/s30/lwwdza.mpg,0,8,4.4622483253479,0.998841004251193
74,3,/home/nabizadz/Projects/Mahsa/datasets/grid/test/s30/swil4a.mpg,118,126,4.045879364013672,0.9873657757986262
74,4,/home/nabizadz/Projects/Mahsa/datasets/grid/test/s30/bbap4a.mpg,270,278,4.368457794189453,0.945229779255286
74,5,/home/nabizadz/Projects/Mahsa/datasets/grid/test/s30/lgiv6a.mpg,253,261,4.486290454864502,0.9816295118235588
74,6,/home/nabizadz/Projects/Mahsa/datasets/grid/test/s30/prbg6s.mpg,281,289,4.408172130584717,0.9996720199554014
74,7,/home/nabizadz/Projects/Mahsa/datasets/grid/test/s30/sgil7n.mpg,242,250,4.101775646209717,0.83018046279966
74,8,/home/nabizadz/Projects/Mahsa/datasets/grid/test/s30/bbbc9p.mpg,215,223,4.230772018432617,0.9821535601932578
74,9,/home/nabizadz/Projects/Mahsa/datasets/grid/test/s30/braj3n.mpg,218,226,4.357797145843506,0.9317459169140524
74,10,/home/nabizadz/Projects/Mahsa/datasets/grid/test/s30/pbwt3p.mpg,7,15,4.557898044586182,0.999999925891902
74,11,/home/nabizadz/Projects/Mahsa/datasets/grid/test/s30/swil2s.mpg,93,101,3.7055435180664062,0.9902110157419614
74,12,/home/nabizadz/Projects/Mahsa/datasets/grid/test/s30/lgwd4s.mpg,198,206,4.4646382331848145,0.9999771700520643
74,13,/home/nabizadz/Projects/Mahsa/datasets/grid/test/s30/lwai5p.mpg,250,258,4.276487350463867,0.9350790240445814
74,14,/home/nabizadz/Projects/Mahsa/datasets/grid/test/s30/bgiq5n.mpg,8,16,4.580094337463379,0.9999997805737981
74,15,/home/nabizadz/Projects/Mahsa/datasets/grid/test/s30/lwao8s.mpg,246,254,4.528010845184326,0.908983230351298
75,0,/home/nabizadz/Projects/Mahsa/datasets/grid/test/s30/pwit3p.mpg,275,283,4.398162841796875,0.9996841704463757
75,1,/home/nabizadz/Projects/Mahsa/datasets/grid/test/s30/lrbo5n.mpg,123,131,3.8036136627197266,0.9920276738151065
75,2,/home/nabizadz/Projects/Mahsa/datasets/grid/test/s30/pbwt1n.mpg,148,156,3.9436354637145996,0.9720046383928616
75,3,/home/nabizadz/Projects/Mahsa/datasets/grid/test/s30/pbas3n.mpg,218,226,4.356339931488037,0.999941132642625
75,4,/home/nabizadz/Projects/Mahsa/datasets/grid/test/s30/bbib9n.mpg,67,75,3.6264684200286865,0.9929965380737663
75,5,/home/nabizadz/Projects/Mahsa/datasets/grid/test/s30/pwig4s.mpg,97,105,4.138657093048096,0.9970444261038227
75,6,/home/nabizadz/Projects/Mahsa/datasets/grid/test/s30/swaf2s.mpg,278,286,4.337251663208008,0.9748975776681728
75,7,/home/nabizadz/Projects/Mahsa/datasets/grid/test/s30/lbwb7p.mpg,257,265,4.354964733123779,0.9759520293869391
75,8,/home/nabizadz/Projects/Mahsa/datasets/grid/test/s30/lrbcza.mpg,101,109,3.4526636600494385,0.9845626533370134
75,9,/home/nabizadz/Projects/Mahsa/datasets/grid/test/s30/sgbt1p.mpg,132,140,4.048823356628418,0.9972905027878592
75,10,/home/nabizadz/Projects/Mahsa/datasets/grid/test/s30/lrah8s.mpg,236,244,4.3651862144470215,0.8611358239020559
75,11,/home/nabizadz/Projects/Mahsa/datasets/grid/test/s30/bwiqzs.mpg,146,154,4.078249931335449,0.9836838243297095
75,12,/home/nabizadz/Projects/Mahsa/datasets/grid/test/s30/srwl9p.mpg,95,103,4.117894649505615,0.9840104519550248
75,13,/home/nabizadz/Projects/Mahsa/datasets/grid/test/s30/lgac8a.mpg,284,292,4.4425530433654785,0.9911841842428978
75,14,/home/nabizadz/Projects/Mahsa/datasets/grid/test/s30/sgam4a.mpg,265,273,4.368264198303223,0.999998025610662
75,15,/home/nabizadz/Projects/Mahsa/datasets/grid/test/s30/lrih6a.mpg,206,214,4.151430606842041,0.9936354574334207
76,0,/home/nabizadz/Projects/Mahsa/datasets/grid/test/s30/lgbdzs.mpg,88,96,3.8927218914031982,0.9677374923147991
76,1,/home/nabizadz/Projects/Mahsa/datasets/grid/test/s30/pgbu6s.mpg,225,233,4.397307395935059,0.9974631437383528
76,2,/home/nabizadz/Projects/Mahsa/datasets/grid/test/s30/pwwh7p.mpg,98,106,3.974214792251587,0.9914487314307695
76,3,/home/nabizadz/Projects/Mahsa/datasets/grid/test/s30/brwq7p.mpg,281,289,4.416675567626953,0.9868466764489248
76,4,/home/nabizadz/Projects/Mahsa/datasets/grid/test/s30/lgbqza.mpg,262,270,4.397871494293213,0.9768411465985176
76,5,/home/nabizadz/Projects/Mahsa/datasets/grid/test/s30/sbarza.mpg,237,245,4.497159481048584,0.9607594632119466
76,6,/home/nabizadz/Projects/Mahsa/datasets/grid/test/s30/bgwfzs.mpg,275,283,4.380821704864502,0.9997475408593276
76,7,/home/nabizadz/Projects/Mahsa/datasets/grid/test/s30/srbz3p.mpg,147,155,4.090930938720703,0.9904218433607251
76,8,/home/nabizadz/Projects/Mahsa/datasets/grid/test/s30/swbf6s.mpg,33,41,4.354660987854004,0.9818799993957816
76,9,/home/nabizadz/Projects/Mahsa/datasets/grid/test/s30/sbwr6s.mpg,129,137,4.194582462310791,0.9966599948717932
76,10,/home/nabizadz/Projects/Mahsa/datasets/grid/test/s30/srwl8s.mpg,244,252,4.476162433624268,0.909359763113513
76,11,/home/nabizadz/Projects/Mahsa/datasets/grid/test/s30/pgih1p.mpg,149,157,3.812638282775879,0.9859488566861955
76,12,/home/nabizadz/Projects/Mahsa/datasets/grid/test/s30/prba4a.mpg,287,295,4.504249095916748,0.999673075610759
76,13,/home/nabizadz/Projects/Mahsa/datasets/grid/test/s30/lrah9p.mpg,6,14,4.425650119781494,0.9924226709624075
76,14,/home/nabizadz/Projects/Mahsa/datasets/grid/test/s30/sbikzs.mpg,2,10,4.448884010314941,0.9956333259740526
76,15,/home/nabizadz/Projects/Mahsa/datasets/grid/test/s30/bbbj3p.mpg,101,109,3.6194586753845215,0.995564121534379
77,0,/home/nabizadz/Projects/Mahsa/datasets/grid/test/s30/sgif4s.mpg,243,251,4.34440803527832,0.9230536301299888
77,1,/home/nabizadz/Projects/Mahsa/datasets/grid/test/s30/lrab6a.mpg,16,24,3.5805013179779053,0.9965805429608882
77,2,/home/nabizadz/Projects/Mahsa/datasets/grid/test/s30/sgwt5p.mpg,284,292,4.436186790466309,0.9980995858227468
77,3,/home/nabizadz/Projects/Mahsa/datasets/grid/test/s30/bbwj5n.mpg,167,175,4.276139736175537,0.9926834327258288
77,4,/home/nabizadz/Projects/Mahsa/datasets/grid/test/s30/sgagza.mpg,89,97,3.7025578022003174,0.989749150149623
77,5,/home/nabizadz/Projects/Mahsa/datasets/grid/test/s30/pgbh7n.mpg,78,86,3.709566831588745,0.9942926054430087
77,6,/home/nabizadz/Projects/Mahsa/datasets/grid/test/s30/pgwu9n.mpg,287,295,4.025120258331299,0.9623946654076724
77,7,/home/nabizadz/Projects/Mahsa/datasets/grid/test/s30/srbsza.mpg,158,166,3.5768954753875732,0.9814566808977923
77,8,/home/nabizadz/Projects/Mahsa/datasets/grid/test/s30/bwwy5n.mpg,252,260,4.513952255249023,0.9480301173690888
77,9,/home/nabizadz/Projects/Mahsa/datasets/grid/test/s30/bwwe6a.mpg,60,68,3.71962571144104,0.9948860956628153
77,10,/home/nabizadz/Projects/Mahsa/datasets/grid/test/s30/bric5n.mpg,47,55,3.827204465866089,0.9868881834730305
77,11,/home/nabizadz/Projects/Mahsa/datasets/grid/test/s30/lbwvza.mpg,145,153,3.7516674995422363,0.9848162444133762
77,12,/home/nabizadz/Projects/Mahsa/datasets/grid/test/s30/lrwpzs.mpg,220,228,4.4367899894714355,0.9952842244455944
77,13,/home/nabizadz/Projects/Mahsa/datasets/grid/test/s30/prag4a.mpg,179,187,4.144365310668945,0.9926918516994228
77,14,/home/nabizadz/Projects/Mahsa/datasets/grid/test/s30/pgwb9p.mpg,233,241,4.5104899406433105,0.9731943710183713
77,15,/home/nabizadz/Projects/Mahsa/datasets/grid/test/s30/bwid2s.mpg,18,26,4.513115882873535,0.9999980425320654
78,0,/home/nabizadz/Projects/Mahsa/datasets/grid/test/s30/lwac2a.mpg,44,52,4.374127388000488,0.9652102244815954
78,1,/home/nabizadz/Projects/Mahsa/datasets/grid/test/s30/lrib1p.mpg,8,16,4.477325916290283,0.9999922044328783
78,2,/home/nabizadz/Projects/Mahsa/datasets/grid/test/s30/sgbm8a.mpg,191,199,3.734347343444824,0.9822653719460013
78,3,/home/nabizadz/Projects/Mahsa/datasets/grid/test/s30/pwbn6s.mpg,146,154,3.997385263442993,0.9849167346625132
78,4,/home/nabizadz/Projects/Mahsa/datasets/grid/test/s30/pbbm3n.mpg,89,97,3.227215051651001,0.982270154854336
78,5,/home/nabizadz/Projects/Mahsa/datasets/grid/test/s30/pgwvzs.mpg,54,62,3.8689658641815186,0.9863435132771308
78,6,/home/nabizadz/Projects/Mahsa/datasets/grid/test/s30/lrao3p.mpg,26,34,4.37810754776001,0.999853640124775
78,7,/home/nabizadz/Projects/Mahsa/datasets/grid/test/s30/bgid7n.mpg,140,148,4.068896293640137,0.9838496251998949
78,8,/home/nabizadz/Projects/Mahsa/datasets/grid/test/s30/bwax8s.mpg,164,172,4.137007236480713,0.9932617430001687
78,9,/home/nabizadz/Projects/Mahsa/datasets/grid/test/s30/pbis1p.mpg,73,81,4.323825359344482,0.9996176645144469
78,10,/home/nabizadz/Projects/Mahsa/datasets/grid/test/s30/lbbo2a.mpg,80,88,3.789153575897217,0.9936266047715224
78,11,/home/nabizadz/Projects/Mahsa/datasets/grid/test/s30/pgit7n.mpg,65,73,3.910123109817505,0.9934820292262844
78,12,/home/nabizadz/Projects/Mahsa/datasets/grid/test/s30/sbid8a.mpg,227,235,4.014658451080322,0.9026487289530398
78,13,/home/nabizadz/Projects/Mahsa/datasets/grid/test/s30/bgwl5p.mpg,1,9,4.533571720123291,0.9999985277898803
78,14,/home/nabizadz/Projects/Mahsa/datasets/grid/test/s30/briv8s.mpg,68,76,3.9679887294769287,0.9783194754771639
78,15,/home/nabizadz/Projects/Mahsa/datasets/grid/test/s30/lbin2s.mpg,81,89,3.477861166000366,0.9662260390762845
79,0,/home/nabizadz/Projects/Mahsa/datasets/grid/test/s30/prwt8s.mpg,64,72,3.6617822647094727,0.9829508048054795
79,1,/home/nabizadz/Projects/Mahsa/datasets/grid/test/s30/lwaczs.mpg,62,70,4.120532035827637,0.9860452856524954
79,2,/home/nabizadz/Projects/Mahsa/datasets/grid/test/s30/sralzs.mpg,66,74,3.581831693649292,0.9901121311268782
79,3,/home/nabizadz/Projects/Mahsa/datasets/grid/test/s30/pbiz6a.mpg,129,137,4.168009281158447,0.9988938144655858
79,4,/home/nabizadz/Projects/Mahsa/datasets/grid/test/s30/bwid4a.mpg,87,95,3.7353363037109375,0.9923419239931507
79,5,/home/nabizadz/Projects/Mahsa/datasets/grid/test/s30/lrbu9n.mpg,98,106,3.5661070346832275,0.9908675345568774
79,6,/home/nabizadz/Projects/Mahsa/datasets/grid/test/s30/pwahza.mpg,64,72,3.409173011779785,0.9892156599514226
79,7,/home/nabizadz/Projects/Mahsa/datasets/grid/test/s30/srak9n.mpg,170,178,4.043783664703369,0.983851832527949
79,8,/home/nabizadz/Projects/Mahsa/datasets/grid/test/s30/bbac3n.mpg,278,286,4.398982524871826,0.997687181698225
79,9,/home/nabizadz/Projects/Mahsa/datasets/grid/test/s30/pbif1n.mpg,0,8,4.451114177703857,0.9999999746338223
79,10,/home/nabizadz/Projects/Mahsa/datasets/grid/test/s30/brwd7n.mpg,205,213,4.290942192077637,0.9122272572405519
79,11,/home/nabizadz/Projects/Mahsa/datasets/grid/test/s30/lgai9n.mpg,251,259,4.379011154174805,0.9676083024195195
79,12,/home/nabizadz/Projects/Mahsa/datasets/grid/test/s30/lbabza.mpg,173,181,4.135608673095703,0.9546488606275527
79,13,/home/nabizadz/Projects/Mahsa/datasets/grid/test/s30/swal7p.mpg,154,162,3.488044261932373,0.9884994329050313
79,14,/home/nabizadz/Projects/Mahsa/datasets/grid/test/s30/sbwy9n.mpg,251,259,4.0663676261901855,0.8649695218339655
79,15,/home/nabizadz/Projects/Mahsa/datasets/grid/test/s30/bwbk3n.mpg,288,296,4.163328647613525,0.9928627019228685
80,0,/home/nabizadz/Projects/Mahsa/datasets/grid/test/s30/swbm2a.mpg,46,54,4.042671203613281,0.9844804774896035
80,1,/home/nabizadz/Projects/Mahsa/datasets/grid/test/s30/sbiq5p.mpg,5,13,4.513710975646973,0.9983671512987007
80,2,/home/nabizadz/Projects/Mahsa/datasets/grid/test/s30/swir5n.mpg,232,240,4.331164836883545,0.9875755243834257
80,3,/home/nabizadz/Projects/Mahsa/datasets/grid/test/s30/sgbg1n.mpg,11,19,4.424627304077148,0.995982129157358
80,4,/home/nabizadz/Projects/Mahsa/datasets/grid/test/s30/bgbk9n.mpg,235,243,4.180251598358154,1.0
80,5,/home/nabizadz/Projects/Mahsa/datasets/grid/test/s30/praaza.mpg,286,294,4.536092758178711,0.9853188890820871
80,6,/home/nabizadz/Projects/Mahsa/datasets/grid/test/s30/brwq8a.mpg,136,144,4.291258811950684,0.9972366916182832
80,7,/home/nabizadz/Projects/Mahsa/datasets/grid/test/s30/lgwx7p.mpg,177,185,4.21343469619751,0.9822105894750517
80,8,/home/nabizadz/Projects/Mahsa/datasets/grid/test/s30/pwwozs.mpg,254,262,4.546281337738037,0.9792259395476243
80,9,/home/nabizadz/Projects/Mahsa/datasets/grid/test/s30/swbz8s.mpg,117,125,4.15924596786499,0.9893041018652764
80,10,/home/nabizadz/Projects/Mahsa/datasets/grid/test/s30/bgbl2a.mpg,261,269,4.464294910430908,0.9596082889602717
80,11,/home/nabizadz/Projects/Mahsa/datasets/grid/test/s30/pbiz4s.mpg,154,162,3.630509614944458,0.9899088067962009
80,12,/home/nabizadz/Projects/Mahsa/datasets/grid/test/s30/pbbf9n.mpg,159,167,3.8958818912506104,0.9783727092681623
80,13,/home/nabizadz/Projects/Mahsa/datasets/grid/test/s30/lgwx6s.mpg,290,298,4.259397029876709,0.9957553830038072
80,14,/home/nabizadz/Projects/Mahsa/datasets/grid/test/s30/lgii5n.mpg,112,120,3.959151029586792,0.9942678455023582
80,15,/home/nabizadz/Projects/Mahsa/datasets/grid/test/s30/bgwr9p.mpg,239,247,3.993180990219116,0.9737844890733616
81,0,/home/nabizadz/Projects/Mahsa/datasets/grid/test/s30/pbir9n.mpg,292,300,4.412574768066406,0.996210129082649
81,1,/home/nabizadz/Projects/Mahsa/datasets/grid/test/s30/lwio3n.mpg,179,187,4.472544193267822,0.9700327909210069
81,2,/home/nabizadz/Projects/Mahsa/datasets/grid/test/s30/pgwo5n.mpg,168,176,3.9848594665527344,0.9892840116354265
81,3,/home/nabizadz/Projects/Mahsa/datasets/grid/test/s30/pgbb4s.mpg,112,120,4.005015850067139,0.995388756195776
81,4,/home/nabizadz/Projects/Mahsa/datasets/grid/test/s30/prif9p.mpg,222,230,4.357939720153809,0.9964167760570735
81,5,/home/nabizadz/Projects/Mahsa/datasets/grid/test/s30/pwia1p.mpg,12,20,4.423953533172607,0.9925605051540166
81,6,/home/nabizadz/Projects/Mahsa/datasets/grid/test/s30/pwba8s.mpg,219,227,4.010800838470459,0.9921023921317962
81,7,/home/nabizadz/Projects/Mahsa/datasets/grid/test/s30/prbt3n.mpg,2,10,4.519113540649414,0.9999998986621307
81,8,/home/nabizadz/Projects/Mahsa/datasets/grid/test/s30/srwl7n.mpg,254,262,4.3907270431518555,0.925840429407012
81,9,/home/nabizadz/Projects/Mahsa/datasets/grid/test/s30/lwai6a.mpg,42,50,4.29248046875,0.9999024886512051
81,10,/home/nabizadz/Projects/Mahsa/datasets/grid/test/s30/lwbc6a.mpg,199,207,4.111746788024902,0.9897580942002175
81,11,/home/nabizadz/Projects/Mahsa/datasets/grid/test/s30/bwbq7n.mpg,278,286,4.318901538848877,0.9443302130478854
81,12,/home/nabizadz/Projects/Mahsa/datasets/grid/test/s30/lbah4a.mpg,222,230,4.294745922088623,0.9398410204786183
81,13,/home/nabizadz/Projects/Mahsa/datasets/grid/test/s30/lbbh7p.mpg,131,139,3.835425615310669,0.9927683108836852
81,14,/home/nabizadz/Projects/Mahsa/datasets/grid/test/s30/lbit8a.mpg,232,240,4.3756303787231445,0.9999999999999999
81,15,/home/nabizadz/Projects/Mahsa/datasets/grid/test/s30/bbio8s.mpg,91,99,3.341254234313965,0.9801322153751997
82,0,/home/nabizadz/Projects/Mahsa/datasets/grid/test/s30/bwby2s.mpg,146,154,4.065408229827881,0.9953639452798423
82,1,/home/nabizadz/Projects/Mahsa/datasets/grid/test/s30/lgwx8a.mpg,197,205,4.0437517166137695,0.996076848063396
82,2,/home/nabizadz/Projects/Mahsa/datasets/grid/test/s30/bwakzs.mpg,213,221,4.357263565063477,0.9696113981508736
82,3,/home/nabizadz/Projects/Mahsa/datasets/grid/test/s30/sbbe5p.mpg,188,196,4.202729225158691,0.9763054203808293
82,4,/home/nabizadz/Projects/Mahsa/datasets/grid/test/s30/sbak6a.mpg,250,258,4.163715362548828,0.9999999999999997
82,5,/home/nabizadz/Projects/Mahsa/datasets/grid/test/s30/lrao4a.mpg,184,192,3.858428478240967,0.9879429461587241
82,6,/home/nabizadz/Projects/Mahsa/datasets/grid/test/s30/sbaezs.mpg,86,94,3.777653455734253,0.9915818735138162
82,7,/home/nabizadz/Projects/Mahsa/datasets/grid/test/s30/bbap2s.mpg,277,285,4.269141674041748,0.9999997904435279
82,8,/home/nabizadz/Projects/Mahsa/datasets/grid/test/s30/bwiq1p.mpg,23,31,4.371556282043457,0.9854341820022506
82,9,/home/nabizadz/Projects/Mahsa/datasets/grid/test/s30/swil3p.mpg,37,45,4.232383728027344,0.9996396246239571
82,10,/home/nabizadz/Projects/Mahsa/datasets/grid/test/s30/lwao7n.mpg,25,33,3.880431652069092,0.9936762203803503
82,11,/home/nabizadz/Projects/Mahsa/datasets/grid/test/s30/pratzs.mpg,82,90,3.5456080436706543,0.9909045328006189
82,12,/home/nabizadz/Projects/Mahsa/datasets/grid/test/s30/bwbezs.mpg,48,56,4.139067649841309,0.9799005251807082
82,13,/home/nabizadz/Projects/Mahsa/datasets/grid/test/s30/prim3p.mpg,15,23,4.274511337280273,0.9955686926887451
82,14,/home/nabizadz/Projects/Mahsa/datasets/grid/test/s30/sgis2s.mpg,139,147,3.8936283588409424,0.9900498205055913
82,15,/home/nabizadz/Projects/Mahsa/datasets/grid/test/s30/swizzs.mpg,250,258,4.219860553741455,0.842497679812886
83,0,/home/nabizadz/Projects/Mahsa/datasets/grid/test/s30/pbam2a.mpg,217,225,4.381102085113525,0.9936932831956792
83,1,/home/nabizadz/Projects/Mahsa/datasets/grid/test/s30/sgwg7p.mpg,30,38,4.276778697967529,0.9890234153483088
83,2,/home/nabizadz/Projects/Mahsa/datasets/grid/test/s30/lgbd2a.mpg,99,107,4.2213873863220215,0.9973646794138341
83,3,/home/nabizadz/Projects/Mahsa/datasets/grid/test/s30/pgbo2s.mpg,67,75,3.9375462532043457,0.9952898822044085
83,4,/home/nabizadz/Projects/Mahsa/datasets/grid/test/s30/lbbb2s.mpg,202,210,4.216750144958496,0.8256181996692504
83,5,/home/nabizadz/Projects/Mahsa/datasets/grid/test/s30/pgaa9n.mpg,52,60,3.5192034244537354,0.9870981922605611
83,6,/home/nabizadz/Projects/Mahsa/datasets/grid/test/s30/pbil5n.mpg,270,278,4.345389366149902,0.9836041655372789
83,7,/home/nabizadz/Projects/Mahsa/datasets/grid/test/s30/lbin4a.mpg,236,244,4.3722429275512695,0.9878685387634425
83,8,/home/nabizadz/Projects/Mahsa/datasets/grid/test/s30/lbwb8a.mpg,83,91,3.714967727661133,0.9756544281009708
83,9,/home/nabizadz/Projects/Mahsa/datasets/grid/test/s30/sbbr2s.mpg,207,215,4.315553665161133,0.9829144640770783
83,10,/home/nabizadz/Projects/Mahsa/datasets/grid/test/s30/lbwb6s.mpg,118,126,3.7660722732543945,0.98530369028532
83,11,/home/nabizadz/Projects/Mahsa/datasets/grid/test/s30/srbf1p.mpg,184,192,4.112950325012207,0.9906184761600307
83,12,/home/nabizadz/Projects/Mahsa/datasets/grid/test/s30/braj4s.mpg,117,125,3.9037859439849854,0.9907994173111913
83,13,/home/nabizadz/Projects/Mahsa/datasets/grid/test/s30/prbt4s.mpg,51,59,4.061370372772217,0.9979838358161509
83,14,/home/nabizadz/Projects/Mahsa/datasets/grid/test/s30/bwwy8a.mpg,169,177,3.1357340812683105,0.9906418857983618
83,15,/home/nabizadz/Projects/Mahsa/datasets/grid/test/s30/lwav3p.mpg,17,25,4.5100884437561035,0.998956964260489
84,0,/home/nabizadz/Projects/Mahsa/datasets/grid/test/s30/lban6s.mpg,247,255,4.374690532684326,0.9076329702094792
84,1,/home/nabizadz/Projects/Mahsa/datasets/grid/test/s30/pbwm7n.mpg,265,273,4.510145664215088,0.975397964880059
84,2,/home/nabizadz/Projects/Mahsa/datasets/grid/test/s30/swar9n.mpg,282,290,4.449311256408691,0.9995588671932341
84,3,/home/nabizadz/Projects/Mahsa/datasets/grid/test/s30/lrin7n.mpg,235,243,4.299296855926514,0.8836946806877634
84,4,/home/nabizadz/Projects/Mahsa/datasets/grid/test/s30/sgwn1p.mpg,92,100,3.431971311569214,0.9806513816594042
84,5,/home/nabizadz/Projects/Mahsa/datasets/grid/test/s30/prwa5n.mpg,146,154,3.8805291652679443,0.9914603476860444
84,6,/home/nabizadz/Projects/Mahsa/datasets/grid/test/s30/lgwq1n.mpg,236,244,4.345768451690674,0.8832201696930894
84,7,/home/nabizadz/Projects/Mahsa/datasets/grid/test/s30/pwig5p.mpg,88,96,3.555982828140259,0.9923268483942287
84,8,/home/nabizadz/Projects/Mahsa/datasets/grid/test/s30/pgab1p.mpg,202,210,4.096642971038818,0.9898693413200143
84,9,/home/nabizadz/Projects/Mahsa/datasets/grid/test/s30/lrbo6s.mpg,229,237,4.425025939941406,0.9502374027943601
84,10,/home/nabizadz/Projects/Mahsa/datasets/grid/test/s30/pwbn7p.mpg,133,141,4.194891929626465,0.9923228109605965
84,11,/home/nabizadz/Projects/Mahsa/datasets/grid/test/s30/pwig6a.mpg,125,133,3.850489616394043,0.9867033134175882
84,12,/home/nabizadz/Projects/Mahsa/datasets/grid/test/s30/lwbc5p.mpg,235,243,4.280054569244385,0.9991799052909426
84,13,/home/nabizadz/Projects/Mahsa/datasets/grid/test/s30/swbmzs.mpg,180,188,4.184327602386475,0.996228007755151
84,14,/home/nabizadz/Projects/Mahsa/datasets/grid/test/s30/lgiv4s.mpg,165,173,4.0725483894348145,0.9878155767565734
84,15,/home/nabizadz/Projects/Mahsa/datasets/grid/test/s30/lgwd6a.mpg,48,56,3.598863124847412,0.9858809854870088
85,0,/home/nabizadz/Projects/Mahsa/datasets/grid/test/s30/bwbd9n.mpg,140,148,3.494027614593506,0.9840944863583608
85,1,/home/nabizadz/Projects/Mahsa/datasets/grid/test/s30/sbbk8s.mpg,99,107,3.932056188583374,0.9948952076785099
85,2,/home/nabizadz/Projects/Mahsa/datasets/grid/test/s30/sbblza.mpg,273,281,4.421995639801025,0.999977015510543
85,3,/home/nabizadz/Projects/Mahsa/datasets/grid/test/s30/lrwi7p.mpg,48,56,3.583768606185913,0.9933247747365636
85,4,/home/nabizadz/Projects/Mahsa/datasets/grid/test/s30/sriq9n.mpg,72,80,3.5637850761413574,0.9898842604863594
85,5,/home/nabizadz/Projects/Mahsa/datasets/grid/test/s30/bbav6s.mpg,228,236,4.3990912437438965,0.8915271935936256
85,6,/home/nabizadz/Projects/Mahsa/datasets/grid/test/s30/bwwy7p.mpg,182,190,4.062049388885498,0.994231458396627
85,7,/home/nabizadz/Projects/Mahsa/datasets/grid/test/s30/lbia3n.mpg,256,264,4.4031500816345215,0.9921187974316475
85,8,/home/nabizadz/Projects/Mahsa/datasets/grid/test/s30/sbwz2a.mpg,169,177,4.250820159912109,0.9999918036068957
85,9,/home/nabizadz/Projects/Mahsa/datasets/grid/test/s30/brijzs.mpg,75,83,3.561112403869629,0.9942680985159748
85,10,/home/nabizadz/Projects/Mahsa/datasets/grid/test/s30/sgbt2a.mpg,104,112,3.7147629261016846,0.9943866518704471
85,11,/home/nabizadz/Projects/Mahsa/datasets/grid/test/s30/bbwx5p.mpg,81,89,3.8039939403533936,0.9960435715926653
85,12,/home/nabizadz/Projects/Mahsa/datasets/grid/test/s30/sgwa4a.mpg,233,241,4.309582233428955,0.9355126502063766
85,13,/home/nabizadz/Projects/Mahsa/datasets/grid/test/s30/prwa8a.mpg,157,165,3.562258243560791,0.990109848637674
85,14,/home/nabizadz/Projects/Mahsa/datasets/grid/test/s30/lwao9p.mpg,237,245,4.203291416168213,0.9905583658980225
85,15,/home/nabizadz/Projects/Mahsa/datasets/grid/test/s30/bgiy2a.mpg,145,153,4.1547040939331055,0.9946241214538387
86,0,/home/nabizadz/Projects/Mahsa/datasets/grid/test/s30/swwtza.mpg,265,273,4.337403774261475,0.994022532629492
86,1,/home/nabizadz/Projects/Mahsa/datasets/grid/test/s30/pras9n.mpg,36,44,3.888496160507202,0.9930966563371493
86,2,/home/nabizadz/Projects/Mahsa/datasets/grid/test/s30/sgiz8a.mpg,158,166,3.9468235969543457,0.9864044032605227
86,3,/home/nabizadz/Projects/Mahsa/datasets/grid/test/s30/lgwd3n.mpg,0,8,4.447745323181152,0.9950269794123915
86,4,/home/nabizadz/Projects/Mahsa/datasets/grid/test/s30/bgar2a.mpg,51,59,4.250405788421631,0.9974718512478413
86,5,/home/nabizadz/Projects/Mahsa/datasets/grid/test/s30/srik6s.mpg,40,48,3.6683735847473145,0.9424908333352555
86,6,/home/nabizadz/Projects/Mahsa/datasets/grid/test/s30/bwix5p.mpg,247,255,4.378530502319336,0.9710850777260664
86,7,/home/nabizadz/Projects/Mahsa/datasets/grid/test/s30/pwba7n.mpg,130,138,3.95563006401062,0.9840493274291577
86,8,/home/nabizadz/Projects/Mahsa/datasets/grid/test/s30/pgah3n.mpg,226,234,4.324517726898193,0.9371275035720562
86,9,/home/nabizadz/Projects/Mahsa/datasets/grid/test/s30/lrau6s.mpg,159,167,4.060117721557617,0.9926410562741206
86,10,/home/nabizadz/Projects/Mahsa/datasets/grid/test/s30/bgay6a.mpg,273,281,4.30964994430542,0.998825558014598
86,11,/home/nabizadz/Projects/Mahsa/datasets/grid/test/s30/lgbc9n.mpg,16,24,4.29795503616333,0.9999929812057886
86,12,/home/nabizadz/Projects/Mahsa/datasets/grid/test/s30/sbby5n.mpg,109,117,3.372502565383911,0.9896496408152468
86,13,/home/nabizadz/Projects/Mahsa/datasets/grid/test/s30/lwwc9p.mpg,271,279,4.55562162399292,0.9878299527190444
86,14,/home/nabizadz/Projects/Mahsa/datasets/grid/test/s30/srbe9n.mpg,272,280,4.394999980926514,0.9888845427335171
86,15,/home/nabizadz/Projects/Mahsa/datasets/grid/test/s30/lgap5p.mpg,201,209,4.2805914878845215,0.9889574307023834
87,0,/home/nabizadz/Projects/Mahsa/datasets/grid/test/s30/sbbe3n.mpg,191,199,4.368931770324707,0.9927582049751985
87,1,/home/nabizadz/Projects/Mahsa/datasets/grid/test/s30/brwy2a.mpg,95,103,3.9530458450317383,0.993374986260315
87,2,/home/nabizadz/Projects/Mahsa/datasets/grid/test/s30/pgbo1n.mpg,215,223,4.423679351806641,0.9936797749151475
87,3,/home/nabizadz/Projects/Mahsa/datasets/grid/test/s30/bbai8s.mpg,15,23,4.4495930671691895,0.9999999091923226
87,4,/home/nabizadz/Projects/Mahsa/datasets/grid/test/s30/brwq5n.mpg,13,21,4.418174743652344,0.97042359409567
87,5,/home/nabizadz/Projects/Mahsa/datasets/grid/test/s30/prwg9n.mpg,255,263,4.335195064544678,0.8806394701997933
87,6,/home/nabizadz/Projects/Mahsa/datasets/grid/test/s30/prba3p.mpg,225,233,4.093775272369385,0.97945475657388
87,7,/home/nabizadz/Projects/Mahsa/datasets/grid/test/s30/bgby7n.mpg,97,105,3.7084193229675293,0.9827455716728393
87,8,/home/nabizadz/Projects/Mahsa/datasets/grid/test/s30/pgwcza.mpg,272,280,4.241466045379639,0.9769032696109808
87,9,/home/nabizadz/Projects/Mahsa/datasets/grid/test/s30/bwak2a.mpg,58,66,3.4291954040527344,0.990638756703481
87,10,/home/nabizadz/Projects/Mahsa/datasets/grid/test/s30/lgbj4s.mpg,251,259,4.386995315551758,0.9003996133133252
87,11,/home/nabizadz/Projects/Mahsa/datasets/grid/test/s30/sgis4a.mpg,253,261,4.4698710441589355,0.9906842487700322
87,12,/home/nabizadz/Projects/Mahsa/datasets/grid/test/s30/lgap3n.mpg,257,265,4.522633075714111,0.9804483571388796
87,13,/home/nabizadz/Projects/Mahsa/datasets/grid/test/s30/sgwt6a.mpg,179,187,4.054654121398926,0.9957859918492795
87,14,/home/nabizadz/Projects/Mahsa/datasets/grid/test/s30/lgaxza.mpg,161,169,3.7499375343322754,0.9865068500579711
87,15,/home/nabizadz/Projects/Mahsa/datasets/grid/test/s30/lwac1p.mpg,175,183,3.9820027351379395,0.9744247632578265
88,0,/home/nabizadz/Projects/Mahsa/datasets/grid/test/s30/pbwt4a.mpg,206,214,4.306217193603516,0.993810401333301
88,1,/home/nabizadz/Projects/Mahsa/datasets/grid/test/s30/lbwi1p.mpg,236,244,4.439466953277588,0.9993195336186442
88,2,/home/nabizadz/Projects/Mahsa/datasets/grid/test/s30/pgwi1n.mpg,110,118,3.649306058883667,0.974346169209641
88,3,/home/nabizadz/Projects/Mahsa/datasets/grid/test/s30/brbq2s.mpg,7,15,4.497793674468994,0.9971050152826231
88,4,/home/nabizadz/Projects/Mahsa/datasets/grid/test/s30/lbah1n.mpg,177,185,3.789154052734375,0.9823010133643441
88,5,/home/nabizadz/Projects/Mahsa/datasets/grid/test/s30/sgis3p.mpg,204,212,4.376099109649658,0.9957674610626734
88,6,/home/nabizadz/Projects/Mahsa/datasets/grid/test/s30/sgas6s.mpg,6,14,4.417852401733398,0.9999847897110953
88,7,/home/nabizadz/Projects/Mahsa/datasets/grid/test/s30/bwwe3n.mpg,37,45,4.3445868492126465,0.9987876412319209
88,8,/home/nabizadz/Projects/Mahsa/datasets/grid/test/s30/pbas6a.mpg,272,280,4.420051574707031,0.9942500300193822
88,9,/home/nabizadz/Projects/Mahsa/datasets/grid/test/s30/lbwu9p.mpg,22,30,4.498250961303711,0.999999976798984
88,10,/home/nabizadz/Projects/Mahsa/datasets/grid/test/s30/brap8s.mpg,82,90,3.905149459838867,0.9896055422023596
88,11,/home/nabizadz/Projects/Mahsa/datasets/grid/test/s30/pbbtza.mpg,258,266,4.3666300773620605,0.9780449058446041
88,12,/home/nabizadz/Projects/Mahsa/datasets/grid/test/s30/bwwe5p.mpg,38,46,4.336554050445557,0.9999418851803288
88,13,/home/nabizadz/Projects/Mahsa/datasets/grid/test/s30/bbac6a.mpg,126,134,4.146080017089844,0.9938309496109945
88,14,/home/nabizadz/Projects/Mahsa/datasets/grid/test/s30/pwit1n.mpg,164,172,4.078710556030273,0.9840559143263602
88,15,/home/nabizadz/Projects/Mahsa/datasets/grid/test/s30/lria9n.mpg,151,159,4.204504489898682,0.9894107742400132
89,0,/home/nabizadz/Projects/Mahsa/datasets/grid/test/s30/sbwe7n.mpg,258,266,4.307657241821289,0.9211956316928365
89,1,/home/nabizadz/Projects/Mahsa/datasets/grid/test/s30/sgwt4s.mpg,271,279,3.991807222366333,0.9775505616556227
89,2,/home/nabizadz/Projects/Mahsa/datasets/grid/test/s30/pbil6s.mpg,70,78,3.5279672145843506,0.9940551241590476
89,3,/home/nabizadz/Projects/Mahsa/datasets/grid/test/s30/lrbi2s.mpg,48,56,3.6680891513824463,0.9949071773866267
89,4,/home/nabizadz/Projects/Mahsa/datasets/grid/test/s30/bgbzza.mpg,58,66,3.6326019763946533,0.966492000389675
89,5,/home/nabizadz/Projects/Mahsa/datasets/grid/test/s30/bgwl6a.mpg,259,267,4.40157413482666,0.9998050814282955
89,6,/home/nabizadz/Projects/Mahsa/datasets/grid/test/s30/pgig9n.mpg,206,214,4.391478061676025,0.9881456146436184
89,7,/home/nabizadz/Projects/Mahsa/datasets/grid/test/s30/sbaq7n.mpg,235,243,4.426228046417236,0.9987767358276581
89,8,/home/nabizadz/Projects/Mahsa/datasets/grid/test/s30/lban5n.mpg,53,61,4.139064788818359,0.9910955204107877
89,9,/home/nabizadz/Projects/Mahsa/datasets/grid/test/s30/pwig3n.mpg,228,236,4.4702959060668945,0.9628157865054725
89,10,/home/nabizadz/Projects/Mahsa/datasets/grid/test/s30/pwinza.mpg,191,199,4.191479682922363,0.9912420596041487
89,11,/home/nabizadz/Projects/Mahsa/datasets/grid/test/s30/pwan3p.mpg,95,103,4.041676998138428,0.995737177087912
89,12,/home/nabizadz/Projects/Mahsa/datasets/grid/test/s30/brwk1n.mpg,59,67,4.291463375091553,0.9242877116104123
89,13,/home/nabizadz/Projects/Mahsa/datasets/grid/test/s30/sgiz6s.mpg,23,31,4.365287780761719,0.9972766616326192
89,14,/home/nabizadz/Projects/Mahsa/datasets/grid/test/s30/pwim9p.mpg,130,138,3.8726534843444824,0.9754592093125876
89,15,/home/nabizadz/Projects/Mahsa/datasets/grid/test/s30/sbwl4a.mpg,63,71,4.095499515533447,0.9943855959983692
90,0,/home/nabizadz/Projects/Mahsa/datasets/grid/test/s30/lribzs.mpg,157,165,4.019336700439453,0.9928353979564922
90,1,/home/nabizadz/Projects/Mahsa/datasets/grid/test/s30/lraiza.mpg,64,72,3.804553747177124,0.9868082609883612
90,2,/home/nabizadz/Projects/Mahsa/datasets/grid/test/s30/lwwp5n.mpg,176,184,4.024194240570068,0.9858387360237169
90,3,/home/nabizadz/Projects/Mahsa/datasets/grid/test/s30/lgaj1p.mpg,278,286,4.339894771575928,0.9930487780044096
90,4,/home/nabizadz/Projects/Mahsa/datasets/grid/test/s30/bgae2s.mpg,192,200,3.7345046997070312,0.9764236135664399
90,5,/home/nabizadz/Projects/Mahsa/datasets/grid/test/s30/bwwy6s.mpg,268,276,4.426013469696045,0.9582816081285852
90,6,/home/nabizadz/Projects/Mahsa/datasets/grid/test/s30/briv9p.mpg,172,180,3.7091174125671387,0.9815915170477493
90,7,/home/nabizadz/Projects/Mahsa/datasets/grid/test/s30/srwz8a.mpg,228,236,4.3299055099487305,0.9611052746357281
90,8,/home/nabizadz/Projects/Mahsa/datasets/grid/test/s30/bbiv3p.mpg,228,236,4.203521728515625,0.9853712855314745
90,9,/home/nabizadz/Projects/Mahsa/datasets/grid/test/s30/sgwn2a.mpg,42,50,4.217637538909912,0.9999835024421305
90,10,/home/nabizadz/Projects/Mahsa/datasets/grid/test/s30/prim2s.mpg,6,14,4.474623680114746,0.999787626848083
90,11,/home/nabizadz/Projects/Mahsa/datasets/grid/test/s30/srbr9p.mpg,57,65,3.932976722717285,0.9859124237980977
90,12,/home/nabizadz/Projects/Mahsa/datasets/grid/test/s30/bbii6a.mpg,188,196,4.018589019775391,0.9837714062223344
90,13,/home/nabizadz/Projects/Mahsa/datasets/grid/test/s30/lwwp8a.mpg,107,115,3.597639799118042,0.9928870210129417
90,14,/home/nabizadz/Projects/Mahsa/datasets/grid/test/s30/pbaz8s.mpg,196,204,4.385046005249023,0.9967240523604689
90,15,/home/nabizadz/Projects/Mahsa/datasets/grid/test/s30/pwat8a.mpg,242,250,3.973816156387329,0.9494331452224315
91,0,/home/nabizadz/Projects/Mahsa/datasets/grid/test/s30/bbajza.mpg,195,203,4.2663493156433105,0.9637219888919025
91,1,/home/nabizadz/Projects/Mahsa/datasets/grid/test/s30/bbii3n.mpg,193,201,4.1050028800964355,0.9892105087239356
91,2,/home/nabizadz/Projects/Mahsa/datasets/grid/test/s30/pbaf5n.mpg,7,15,4.555234909057617,0.9997519537420744
91,3,/home/nabizadz/Projects/Mahsa/datasets/grid/test/s30/braqza.mpg,179,187,4.182300567626953,0.9880364578333439
91,4,/home/nabizadz/Projects/Mahsa/datasets/grid/test/s30/lbaa9p.mpg,61,69,3.4763364791870117,0.9879883679759809
91,5,/home/nabizadz/Projects/Mahsa/datasets/grid/test/s30/sgbm5n.mpg,215,223,4.334212779998779,0.9957561918061606
91,6,/home/nabizadz/Projects/Mahsa/datasets/grid/test/s30/pwag8s.mpg,167,175,3.785851001739502,0.9976084190046247
91,7,/home/nabizadz/Projects/Mahsa/datasets/grid/test/s30/sray7n.mpg,28,36,4.456212520599365,0.9994954307171754
91,8,/home/nabizadz/Projects/Mahsa/datasets/grid/test/s30/lbaa8s.mpg,216,224,4.387110233306885,0.9970778352543118
91,9,/home/nabizadz/Projects/Mahsa/datasets/grid/test/s30/lwih9n.mpg,285,293,4.39030122756958,0.9866200188504145
91,10,/home/nabizadz/Projects/Mahsa/datasets/grid/test/s30/pwbn5n.mpg,35,43,3.9207725524902344,0.9942869820081459
91,11,/home/nabizadz/Projects/Mahsa/datasets/grid/test/s30/lrau8a.mpg,84,92,3.708096742630005,0.9887509953660026
91,12,/home/nabizadz/Projects/Mahsa/datasets/grid/test/s30/bbbxzs.mpg,254,262,4.336755752563477,0.9999759506736606
91,13,/home/nabizadz/Projects/Mahsa/datasets/grid/test/s30/pbil7p.mpg,230,238,4.387243747711182,0.9996588343388594
91,14,/home/nabizadz/Projects/Mahsa/datasets/grid/test/s30/bbio9p.mpg,259,267,4.543334007263184,0.9643614088538345
91,15,/home/nabizadz/Projects/Mahsa/datasets/grid/test/s30/lbbu5p.mpg,141,149,4.184769153594971,0.9860499914284199
92,0,/home/nabizadz/Projects/Mahsa/datasets/grid/test/s30/bwayza.mpg,169,177,4.2442097663879395,0.9913935646292602
92,1,/home/nabizadz/Projects/Mahsa/datasets/grid/test/s30/lriu1n.mpg,225,233,4.4498610496521,0.9682646921995666
92,2,/home/nabizadz/Projects/Mahsa/datasets/grid/test/s30/bbwq2a.mpg,134,142,4.279326438903809,0.9993857272553726
92,3,/home/nabizadz/Projects/Mahsa/datasets/grid/test/s30/srbz1n.mpg,236,244,4.378168106079102,0.9862215859769139
92,4,/home/nabizadz/Projects/Mahsa/datasets/grid/test/s30/lgwq3p.mpg,6,14,4.528496742248535,0.9999994969960427
92,5,/home/nabizadz/Projects/Mahsa/datasets/grid/test/s30/lrbb7n.mpg,277,285,4.464610576629639,0.989101469087696
92,6,/home/nabizadz/Projects/Mahsa/datasets/grid/test/s30/lrwi8a.mpg,239,247,4.404900074005127,0.9797421858358991
92,7,/home/nabizadz/Projects/Mahsa/datasets/grid/test/s30/srar6a.mpg,80,88,3.825834035873413,0.9873957780699358
92,8,/home/nabizadz/Projects/Mahsa/datasets/grid/test/s30/bbwqzs.mpg,121,129,3.645648956298828,0.9893131111063421
92,9,/home/nabizadz/Projects/Mahsa/datasets/grid/test/s30/pbwg4s.mpg,207,215,3.908235788345337,0.9804323066695535
92,10,/home/nabizadz/Projects/Mahsa/datasets/grid/test/s30/lrih4s.mpg,246,254,4.3801774978637695,0.9772630147950597
92,11,/home/nabizadz/Projects/Mahsa/datasets/grid/test/s30/brbj7n.mpg,201,209,3.78593111038208,0.9819171464161282
92,12,/home/nabizadz/Projects/Mahsa/datasets/grid/test/s30/pwaa3n.mpg,155,163,4.056337356567383,0.989979033796894
92,13,/home/nabizadz/Projects/Mahsa/datasets/grid/test/s30/lgac5n.mpg,37,45,4.325727939605713,0.9991844242193498
92,14,/home/nabizadz/Projects/Mahsa/datasets/grid/test/s30/bgwz3p.mpg,177,185,4.259949207305908,0.9504814143241412
92,15,/home/nabizadz/Projects/Mahsa/datasets/grid/test/s30/sbay1n.mpg,87,95,4.010898113250732,0.9934663092424012
93,0,/home/nabizadz/Projects/Mahsa/datasets/grid/test/s30/pwag9p.mpg,221,229,4.497664451599121,0.9000397691864994
93,1,/home/nabizadz/Projects/Mahsa/datasets/grid/test/s30/lgav9p.mpg,276,284,4.376979827880859,0.999448705512965
93,2,/home/nabizadz/Projects/Mahsa/datasets/grid/test/s30/bwbk5p.mpg,15,23,4.0831804275512695,0.9555424092618294
93,3,/home/nabizadz/Projects/Mahsa/datasets/grid/test/s30/srar3n.mpg,16,24,3.958101511001587,0.9974125987119118
93,4,/home/nabizadz/Projects/Mahsa/datasets/grid/test/s30/bbbc8s.mpg,183,191,3.986481189727783,0.9927593661302584
93,5,/home/nabizadz/Projects/Mahsa/datasets/grid/test/s30/sgas5n.mpg,186,194,3.463393449783325,0.9875011149228816
93,6,/home/nabizadz/Projects/Mahsa/datasets/grid/test/s30/prag3p.mpg,59,67,3.5128300189971924,0.9920777154696304
93,7,/home/nabizadz/Projects/Mahsa/datasets/grid/test/s30/lwbi8s.mpg,239,247,4.318750381469727,0.9999996828037515
93,8,/home/nabizadz/Projects/Mahsa/datasets/grid/test/s30/sbwl1n.mpg,16,24,4.4942545890808105,0.9999999233811349
93,9,/home/nabizadz/Projects/Mahsa/datasets/grid/test/s30/lwwj1n.mpg,144,152,4.127663612365723,0.9790162492798286
93,10,/home/nabizadz/Projects/Mahsa/datasets/grid/test/s30/srir1p.mpg,9,17,3.9984428882598877,0.998455447350334
93,11,/home/nabizadz/Projects/Mahsa/datasets/grid/test/s30/pgwi3p.mpg,148,156,3.73008131980896,0.9954830193289795
93,12,/home/nabizadz/Projects/Mahsa/datasets/grid/test/s30/lwbv5n.mpg,60,68,3.530235528945923,0.9825472711187498
93,13,/home/nabizadz/Projects/Mahsa/datasets/grid/test/s30/prwn4s.mpg,135,143,4.021757125854492,0.9889381767560741
93,14,/home/nabizadz/Projects/Mahsa/datasets/grid/test/s30/pwaa4s.mpg,270,278,4.4081244468688965,0.9650904223111357
93,15,/home/nabizadz/Projects/Mahsa/datasets/grid/test/s30/sgbg3p.mpg,136,144,3.602257013320923,0.972364685497654
94,0,/home/nabizadz/Projects/Mahsa/datasets/grid/test/s30/sgiz5n.mpg,21,29,4.345817565917969,0.9994449117277686
94,1,/home/nabizadz/Projects/Mahsa/datasets/grid/test/s30/lgiv5p.mpg,101,109,3.875364065170288,0.9858041233667073
94,2,/home/nabizadz/Projects/Mahsa/datasets/grid/test/s30/pwan2s.mpg,73,81,3.773373603820801,0.9895072149751487
94,3,/home/nabizadz/Projects/Mahsa/datasets/grid/test/s30/pgia5n.mpg,120,128,3.8747575283050537,0.9904250800167457
94,4,/home/nabizadz/Projects/Mahsa/datasets/grid/test/s30/prwa6s.mpg,184,192,4.261965274810791,0.996704751566394
94,5,/home/nabizadz/Projects/Mahsa/datasets/grid/test/s30/lrwv3n.mpg,95,103,4.1280436515808105,0.993317747335591
94,6,/home/nabizadz/Projects/Mahsa/datasets/grid/test/s30/bbac5p.mpg,173,181,4.297323226928711,0.9820656096302751
94,7,/home/nabizadz/Projects/Mahsa/datasets/grid/test/s30/sgil8s.mpg,196,204,4.370339870452881,0.9871697906181686
94,8,/home/nabizadz/Projects/Mahsa/datasets/grid/test/s30/pbaf7p.mpg,57,65,4.00592041015625,0.9887353737628221
94,9,/home/nabizadz/Projects/Mahsa/datasets/grid/test/s30/bgwl4s.mpg,176,184,4.277109146118164,0.9908291931534214
94,10,/home/nabizadz/Projects/Mahsa/datasets/grid/test/s30/sgam1n.mpg,185,193,4.212955951690674,0.992685560416697
94,11,/home/nabizadz/Projects/Mahsa/datasets/grid/test/s30/pwiazs.mpg,15,23,4.434915065765381,0.9999758090411939
94,12,/home/nabizadz/Projects/Mahsa/datasets/grid/test/s30/sbwr5n.mpg,182,190,3.7243850231170654,0.9833914365828028
94,13,/home/nabizadz/Projects/Mahsa/datasets/grid/test/s30/prigza.mpg,292,300,4.435065746307373,0.9837670088291559
94,14,/home/nabizadz/Projects/Mahsa/datasets/grid/test/s30/bgay4s.mpg,221,229,3.8028571605682373,0.9861775646583655
94,15,/home/nabizadz/Projects/Mahsa/datasets/grid/test/s30/bwby1n.mpg,177,185,3.9667742252349854,0.9709920462696244
95,0,/home/nabizadz/Projects/Mahsa/datasets/grid/test/s30/pwwh6s.mpg,279,287,4.430845737457275,0.990935833935207
95,1,/home/nabizadz/Projects/Mahsa/datasets/grid/test/s30/lgic2s.mpg,20,28,3.4450318813323975,0.9862337279666603
95,2,/home/nabizadz/Projects/Mahsa/datasets/grid/test/s30/bbiv1n.mpg,162,170,3.762028932571411,0.9840769614436994
95,3,/home/nabizadz/Projects/Mahsa/datasets/grid/test/s30/priz9n.mpg,112,120,3.202165365219116,0.9838373856862515
95,4,/home/nabizadz/Projects/Mahsa/datasets/grid/test/s30/swaz5p.mpg,175,183,4.372560977935791,0.9587851954112142
95,5,/home/nabizadz/Projects/Mahsa/datasets/grid/test/s30/srws4a.mpg,267,275,4.514283657073975,0.9896399768343243
95,6,/home/nabizadz/Projects/Mahsa/datasets/grid/test/s30/bgid9p.mpg,249,257,4.3380231857299805,0.9990249980072353
95,7,/home/nabizadz/Projects/Mahsa/datasets/grid/test/s30/lwiu9p.mpg,96,104,3.942528247833252,0.9974181034230869
95,8,/home/nabizadz/Projects/Mahsa/datasets/grid/test/s30/sbak3n.mpg,130,138,3.429478406906128,0.8897907586564165
95,9,/home/nabizadz/Projects/Mahsa/datasets/grid/test/s30/pgbh8s.mpg,103,111,3.705904483795166,0.989736876057909
95,10,/home/nabizadz/Projects/Mahsa/datasets/grid/test/s30/pgan8s.mpg,243,251,4.337184906005859,0.9431383588649871
95,11,/home/nabizadz/Projects/Mahsa/datasets/grid/test/s30/pwwn9n.mpg,84,92,3.870143413543701,0.991842388455256
95,12,/home/nabizadz/Projects/Mahsa/datasets/grid/test/s30/pgia8a.mpg,185,193,3.9979655742645264,0.9867909267537337
95,13,/home/nabizadz/Projects/Mahsa/datasets/grid/test/s30/srws3p.mpg,157,165,4.251081466674805,0.9986433948288312
95,14,/home/nabizadz/Projects/Mahsa/datasets/grid/test/s30/pgwb7n.mpg,22,30,4.397550582885742,0.9999966571073043
95,15,/home/nabizadz/Projects/Mahsa/datasets/grid/test/s30/bbwd1n.mpg,62,70,3.6421456336975098,0.9832843126461196
96,0,/home/nabizadz/Projects/Mahsa/datasets/grid/test/s30/sgbtzs.mpg,184,192,3.97367262840271,0.9905156293152205
96,1,/home/nabizadz/Projects/Mahsa/datasets/grid/test/s30/lgac6s.mpg,260,268,4.575515270233154,0.9965138492705877
96,2,/home/nabizadz/Projects/Mahsa/datasets/grid/test/s30/brbx5n.mpg,79,87,3.8529586791992188,0.9825015238111082
96,3,/home/nabizadz/Projects/Mahsa/datasets/grid/test/s30/sbby7p.mpg,113,121,3.828387975692749,0.9918073593303807
96,4,/home/nabizadz/Projects/Mahsa/datasets/grid/test/s30/srwf3n.mpg,257,265,4.326172828674316,0.9681604388109463
96,5,/home/nabizadz/Projects/Mahsa/datasets/grid/test/s30/lgbx3p.mpg,23,31,4.380163192749023,0.9990395778975076
96,6,/home/nabizadz/Projects/Mahsa/datasets/grid/test/s30/sbiq3n.mpg,135,143,3.9548559188842773,0.9901302343468608
96,7,/home/nabizadz/Projects/Mahsa/datasets/grid/test/s30/bgby9p.mpg,247,255,4.330162048339844,0.985279887114008
96,8,/home/nabizadz/Projects/Mahsa/datasets/grid/test/s30/srirzs.mpg,80,88,3.610790252685547,0.991392438379776
96,9,/home/nabizadz/Projects/Mahsa/datasets/grid/test/s30/lwbp3p.mpg,109,117,3.7583374977111816,0.9643377719186546
96,10,/home/nabizadz/Projects/Mahsa/datasets/grid/test/s30/pbaf6s.mpg,76,84,4.0179924964904785,0.9967498023908155
96,11,/home/nabizadz/Projects/Mahsa/datasets/grid/test/s30/lrbb8s.mpg,199,207,4.468952655792236,0.9909865449573149
96,12,/home/nabizadz/Projects/Mahsa/datasets/grid/test/s30/lriu4a.mpg,119,127,4.00488805770874,0.9897525941819761
96,13,/home/nabizadz/Projects/Mahsa/datasets/grid/test/s30/lwiizs.mpg,66,74,3.897853136062622,0.9949076490600126
96,14,/home/nabizadz/Projects/Mahsa/datasets/grid/test/s30/prat1p.mpg,274,282,4.378101348876953,0.9961820806968449
96,15,/home/nabizadz/Projects/Mahsa/datasets/grid/test/s30/sgwg5n.mpg,53,61,3.576615571975708,0.9789126822676699
97,0,/home/nabizadz/Projects/Mahsa/datasets/grid/test/s30/lgbp9p.mpg,241,249,4.441034317016602,0.9908695899200507
97,1,/home/nabizadz/Projects/Mahsa/datasets/grid/test/s30/lwib7p.mpg,86,94,3.6028740406036377,0.9874453845562998
97,2,/home/nabizadz/Projects/Mahsa/datasets/grid/test/s30/bgay3n.mpg,164,172,4.041370391845703,0.9943001226182349
97,3,/home/nabizadz/Projects/Mahsa/datasets/grid/test/s30/bwaq6a.mpg,119,127,3.778411388397217,0.9896953778550447
97,4,/home/nabizadz/Projects/Mahsa/datasets/grid/test/s30/lwbi9p.mpg,278,286,4.482649803161621,0.9884661867565905
97,5,/home/nabizadz/Projects/Mahsa/datasets/grid/test/s30/lgbp7n.mpg,156,164,4.036180019378662,0.9979608243148564
97,6,/home/nabizadz/Projects/Mahsa/datasets/grid/test/s30/lgbj5p.mpg,223,231,4.134592533111572,0.9918934047757775
97,7,/home/nabizadz/Projects/Mahsa/datasets/grid/test/s30/lrah7n.mpg,148,156,4.091583728790283,0.9857150475145594
97,8,/home/nabizadz/Projects/Mahsa/datasets/grid/test/s30/bbwx6a.mpg,57,65,3.5549356937408447,0.9874420273296088
97,9,/home/nabizadz/Projects/Mahsa/datasets/grid/test/s30/bgwe9n.mpg,191,199,4.341989040374756,0.9921364612462562
97,10,/home/nabizadz/Projects/Mahsa/datasets/grid/test/s30/sbid7p.mpg,22,30,4.521121025085449,0.9978191440056456
97,11,/home/nabizadz/Projects/Mahsa/datasets/grid/test/s30/sgam2s.mpg,216,224,4.434969902038574,0.9597518579515661
97,12,/home/nabizadz/Projects/Mahsa/datasets/grid/test/s30/lwiu8s.mpg,251,259,4.355495929718018,0.9717382847138438
97,13,/home/nabizadz/Projects/Mahsa/datasets/grid/test/s30/lbwb5n.mpg,100,108,4.277998924255371,0.999054356021114
97,14,/home/nabizadz/Projects/Mahsa/datasets/grid/test/s30/bgwz2s.mpg,89,97,3.7109129428863525,0.9667428539014873
97,15,/home/nabizadz/Projects/Mahsa/datasets/grid/test/s30/pwaa6a.mpg,74,82,4.009448528289795,0.9973262622066078
98,0,/home/nabizadz/Projects/Mahsa/datasets/grid/test/s30/pgia6s.mpg,288,296,4.334433555603027,0.9989940283833912
98,1,/home/nabizadz/Projects/Mahsa/datasets/grid/test/s30/lbit6s.mpg,136,144,3.8768961429595947,0.9858185666854719
98,2,/home/nabizadz/Projects/Mahsa/datasets/grid/test/s30/prwa7p.mpg,16,24,4.2818684577941895,0.9911621374872109
98,3,/home/nabizadz/Projects/Mahsa/datasets/grid/test/s30/pgwi2s.mpg,50,58,4.4307861328125,0.9992182330083057
98,4,/home/nabizadz/Projects/Mahsa/datasets/grid/test/s30/bgik4a.mpg,63,71,3.6854910850524902,0.9715530852440796
98,5,/home/nabizadz/Projects/Mahsa/datasets/grid/test/s30/lwwp7p.mpg,68,76,3.8328323364257812,0.9940949151359565
98,6,/home/nabizadz/Projects/Mahsa/datasets/grid/test/s30/lwivza.mpg,268,276,4.316121578216553,0.9984912040689607
98,7,/home/nabizadz/Projects/Mahsa/datasets/grid/test/s30/lrao2s.mpg,286,294,4.303540229797363,0.9711884293688824
98,8,/home/nabizadz/Projects/Mahsa/datasets/grid/test/s30/lban7p.mpg,128,136,3.477661609649658,0.9712775418217796
98,9,/home/nabizadz/Projects/Mahsa/datasets/grid/test/s30/lwav4a.mpg,209,217,3.753723382949829,0.9627958083208404
98,10,/home/nabizadz/Projects/Mahsa/datasets/grid/test/s30/srar4s.mpg,109,117,3.8371822834014893,0.9919349491197861
98,11,/home/nabizadz/Projects/Mahsa/datasets/grid/test/s30/sbby8a.mpg,121,129,3.691246747970581,0.996289282273949
98,12,/home/nabizadz/Projects/Mahsa/datasets/grid/test/s30/sbwzzs.mpg,208,216,4.477674961090088,0.9983159282045104
98,13,/home/nabizadz/Projects/Mahsa/datasets/grid/test/s30/bbai7n.mpg,180,188,3.9100606441497803,0.9800669606850273
98,14,/home/nabizadz/Projects/Mahsa/datasets/grid/test/s30/lwwj2s.mpg,291,299,4.406606197357178,0.9846595110427157
98,15,/home/nabizadz/Projects/Mahsa/datasets/grid/test/s30/brac9n.mpg,80,88,3.5168628692626953,0.9888370102750587
99,0,/home/nabizadz/Projects/Mahsa/datasets/grid/test/s30/bric7p.mpg,180,188,4.175869941711426,0.996600086055016
99,1,/home/nabizadz/Projects/Mahsa/datasets/grid/test/s30/prba1n.mpg,115,123,3.628361940383911,0.9999699807103839
99,2,/home/nabizadz/Projects/Mahsa/datasets/grid/test/s30/pgau2s.mpg,151,159,3.8023297786712646,0.9759512128876633
99,3,/home/nabizadz/Projects/Mahsa/datasets/grid/test/s30/bgbe7p.mpg,277,285,4.399102687835693,0.9999999999999989
99,4,/home/nabizadz/Projects/Mahsa/datasets/grid/test/s30/bgaq9n.mpg,221,229,4.321481704711914,0.8737773556462967
99,5,/home/nabizadz/Projects/Mahsa/datasets/grid/test/s30/lwbc4s.mpg,181,189,3.811138153076172,0.989085734024431
99,6,/home/nabizadz/Projects/Mahsa/datasets/grid/test/s30/pgan9p.mpg,3,11,4.495181083679199,0.9999999843913554
99,7,/home/nabizadz/Projects/Mahsa/datasets/grid/test/s30/sbid5n.mpg,25,33,4.345206260681152,0.9976095101569065
99,8,/home/nabizadz/Projects/Mahsa/datasets/grid/test/s30/lbin3p.mpg,266,274,4.256269454956055,0.9796087900688971
99,9,/home/nabizadz/Projects/Mahsa/datasets/grid/test/s30/bbwj7p.mpg,40,48,4.408970355987549,0.9999988909631026
99,10,/home/nabizadz/Projects/Mahsa/datasets/grid/test/s30/sgwnzs.mpg,147,155,3.789011240005493,0.9816036080950097
99,11,/home/nabizadz/Projects/Mahsa/datasets/grid/test/s30/bwix6a.mpg,240,248,4.34440279006958,0.9744337966504858
99,12,/home/nabizadz/Projects/Mahsa/datasets/grid/test/s30/pgwi4a.mpg,96,104,3.881300449371338,0.989448519959847
99,13,/home/nabizadz/Projects/Mahsa/datasets/grid/test/s30/sgif6a.mpg,93,101,3.602555751800537,0.9892232679811931
99,14,/home/nabizadz/Projects/Mahsa/datasets/grid/test/s30/srae8a.mpg,29,37,3.2089505195617676,0.9908048054445482
99,15,/home/nabizadz/Projects/Mahsa/datasets/grid/test/s30/lrib2a.mpg,206,214,4.475466728210449,0.9390688883768094
100,0,/home/nabizadz/Projects/Mahsa/datasets/grid/test/s30/brwk2s.mpg,51,59,3.6145753860473633,0.9932978697071078
100,1,/home/nabizadz/Projects/Mahsa/datasets/grid/test/s30/prwn6a.mpg,144,152,3.4281136989593506,0.9899396287344393
100,2,/home/nabizadz/Projects/Mahsa/datasets/grid/test/s30/pbwa2a.mpg,165,173,3.7574961185455322,0.9842497989723273
100,3,/home/nabizadz/Projects/Mahsa/datasets/grid/test/s30/pbwt2s.mpg,70,78,4.215154647827148,0.9845971584178795
100,4,/home/nabizadz/Projects/Mahsa/datasets/grid/test/s30/pwwo1p.mpg,14,22,4.379324913024902,0.9977811938504424
100,5,/home/nabizadz/Projects/Mahsa/datasets/grid/test/s30/srae5n.mpg,269,277,4.485310077667236,0.9729628331098549
100,6,/home/nabizadz/Projects/Mahsa/datasets/grid/test/s30/sbak4s.mpg,0,8,4.456347942352295,0.9999817837878359
100,7,/home/nabizadz/Projects/Mahsa/datasets/grid/test/s30/bwak1p.mpg,267,275,4.278199195861816,0.8895995799537049
100,8,/home/nabizadz/Projects/Mahsa/datasets/grid/test/s30/bwbk4s.mpg,2,10,4.423019886016846,0.9999998465938434
100,9,/home/nabizadz/Projects/Mahsa/datasets/grid/test/s30/bgid8s.mpg,159,167,3.806305408477783,0.9807519663834151
100,10,/home/nabizadz/Projects/Mahsa/datasets/grid/test/s30/bwad6s.mpg,221,229,4.347661018371582,0.9463089475234754
100,11,/home/nabizadz/Projects/Mahsa/datasets/grid/test/s30/pgbiza.mpg,184,192,4.161950588226318,0.9918371047068162
100,12,/home/nabizadz/Projects/Mahsa/datasets/grid/test/s30/sgimza.mpg,81,89,3.554577112197876,0.9785885942229586
100,13,/home/nabizadz/Projects/Mahsa/datasets/grid/test/s30/bgwz4a.mpg,62,70,3.7854201793670654,0.9919901916160212
100,14,/home/nabizadz/Projects/Mahsa/datasets/grid/test/s30/swwf9n.mpg,270,278,4.382056713104248,0.9602290170507798
100,15,/home/nabizadz/Projects/Mahsa/datasets/grid/test/s30/bwwr2s.mpg,14,22,4.203574180603027,0.9998381877029928
101,0,/home/nabizadz/Projects/Mahsa/datasets/grid/test/s30/lgic1n.mpg,26,34,4.169635772705078,0.9999845757987958
101,1,/home/nabizadz/Projects/Mahsa/datasets/grid/test/s30/bbwp9n.mpg,281,289,4.252178192138672,0.9677361200560979
101,2,/home/nabizadz/Projects/Mahsa/datasets/grid/test/s30/pgwv2a.mpg,125,133,3.5133349895477295,0.9796380376869893
101,3,/home/nabizadz/Projects/Mahsa/datasets/grid/test/s30/lgwj7n.mpg,213,221,4.2387471199035645,0.9963491960031384
101,4,/home/nabizadz/Projects/Mahsa/datasets/grid/test/s30/bgwsza.mpg,223,231,4.130983352661133,0.9191217341940044
101,5,/home/nabizadz/Projects/Mahsa/datasets/grid/test/s30/bbwx3n.mpg,72,80,3.452594041824341,0.9802976300848719
101,6,/home/nabizadz/Projects/Mahsa/datasets/grid/test/s30/bwwr3p.mpg,103,111,3.577324151992798,0.9891030054862333
101,7,/home/nabizadz/Projects/Mahsa/datasets/grid/test/s30/lbihza.mpg,206,214,4.1652350425720215,0.9919403682928261
101,8,/home/nabizadz/Projects/Mahsa/datasets/grid/test/s30/lriu3p.mpg,82,90,3.898958444595337,0.979751934372084
101,9,/home/nabizadz/Projects/Mahsa/datasets/grid/test/s30/bwad8a.mpg,194,202,4.108999729156494,0.9747185499361082
101,10,/home/nabizadz/Projects/Mahsa/datasets/grid/test/s30/pbbm4s.mpg,153,161,3.271186590194702,0.9730507550404234
101,11,/home/nabizadz/Projects/Mahsa/datasets/grid/test/s30/pbbs8s.mpg,229,237,4.329866886138916,0.9877480847043699
101,12,/home/nabizadz/Projects/Mahsa/datasets/grid/test/s30/pwia2a.mpg,49,57,4.444079875946045,0.9986779558752702
101,13,/home/nabizadz/Projects/Mahsa/datasets/grid/test/s30/swwm5p.mpg,36,44,4.450536251068115,0.9983992356189317
101,14,/home/nabizadz/Projects/Mahsa/datasets/grid/test/s30/lrwv4s.mpg,290,298,4.501978874206543,0.9998829506121336
101,15,/home/nabizadz/Projects/Mahsa/datasets/grid/test/s30/bwwk8s.mpg,267,275,4.2453532218933105,0.9162892815098275
102,0,/home/nabizadz/Projects/Mahsa/datasets/grid/test/s30/lgajzs.mpg,177,185,4.068530082702637,0.9880103087618
102,1,/home/nabizadz/Projects/Mahsa/datasets/grid/test/s30/srbf2a.mpg,38,46,4.1313796043396,0.9918853115878266
102,2,/home/nabizadz/Projects/Mahsa/datasets/grid/test/s30/pgau3p.mpg,194,202,4.129905700683594,0.9817325749017968
102,3,/home/nabizadz/Projects/Mahsa/datasets/grid/test/s30/pbal9n.mpg,270,278,4.276782512664795,0.9990147637445064
102,4,/home/nabizadz/Projects/Mahsa/datasets/grid/test/s30/lrau7p.mpg,35,43,4.418035984039307,0.9997143483486303
102,5,/home/nabizadz/Projects/Mahsa/datasets/grid/test/s30/pram7p.mpg,117,125,3.665181875228882,0.9841118010486198
102,6,/home/nabizadz/Projects/Mahsa/datasets/grid/test/s30/bwwr4a.mpg,220,228,4.012977600097656,0.9816189003133801
102,7,/home/nabizadz/Projects/Mahsa/datasets/grid/test/s30/pgan7n.mpg,97,105,3.694060802459717,0.9851329120246864
102,8,/home/nabizadz/Projects/Mahsa/datasets/grid/test/s30/lrwi5n.mpg,219,227,4.410062313079834,0.9866468857175745
102,9,/home/nabizadz/Projects/Mahsa/datasets/grid/test/s30/lgwx5n.mpg,133,141,4.045872211456299,0.9816574187070631
102,10,/home/nabizadz/Projects/Mahsa/datasets/grid/test/s30/pwbh2s.mpg,95,103,3.191066265106201,0.9903182856088442
102,11,/home/nabizadz/Projects/Mahsa/datasets/grid/test/s30/lbbh5n.mpg,243,251,4.41777229309082,0.8410968082983724
102,12,/home/nabizadz/Projects/Mahsa/datasets/grid/test/s30/pgwo8a.mpg,249,257,4.404749870300293,0.9462146886806067
102,13,/home/nabizadz/Projects/Mahsa/datasets/grid/test/s30/bwbk6a.mpg,287,295,4.33911657333374,0.9992666562057522
102,14,/home/nabizadz/Projects/Mahsa/datasets/grid/test/s30/bbbp6s.mpg,154,162,3.7734198570251465,0.9943194116933509
102,15,/home/nabizadz/Projects/Mahsa/datasets/grid/test/s30/pbaf8a.mpg,27,35,4.402979850769043,0.9999999190003811
103,0,/home/nabizadz/Projects/Mahsa/datasets/grid/test/s30/brbj9p.mpg,60,68,3.690432548522949,0.9888063062733489
103,1,/home/nabizadz/Projects/Mahsa/datasets/grid/test/s30/bgarzs.mpg,91,99,3.464576005935669,0.9887221361899678
103,2,/home/nabizadz/Projects/Mahsa/datasets/grid/test/s30/sbwe9p.mpg,116,124,3.5649333000183105,0.9809678288882006
103,3,/home/nabizadz/Projects/Mahsa/datasets/grid/test/s30/brwd8s.mpg,220,228,3.851165294647217,0.9903016277462975
103,4,/home/nabizadz/Projects/Mahsa/datasets/grid/test/s30/pram8a.mpg,96,104,3.4214203357696533,0.9878592086164617
103,5,/home/nabizadz/Projects/Mahsa/datasets/grid/test/s30/lwwj3p.mpg,198,206,3.8096933364868164,0.9700131503547831
103,6,/home/nabizadz/Projects/Mahsa/datasets/grid/test/s30/swiz1p.mpg,67,75,3.616295099258423,0.9938154869723487
103,7,/home/nabizadz/Projects/Mahsa/datasets/grid/test/s30/lrwv6a.mpg,257,265,4.2502217292785645,0.9328719580005767
103,8,/home/nabizadz/Projects/Mahsa/datasets/grid/test/s30/bwij8a.mpg,131,139,3.821279525756836,0.9820191261115123
103,9,/home/nabizadz/Projects/Mahsa/datasets/grid/test/s30/sbwr8a.mpg,274,282,4.363712787628174,0.9303568813017115
103,10,/home/nabizadz/Projects/Mahsa/datasets/grid/test/s30/prbnzs.mpg,21,29,4.420173645019531,0.9998925319207702
103,11,/home/nabizadz/Projects/Mahsa/datasets/grid/test/s30/lrwp1p.mpg,258,266,4.414806842803955,0.9720572017612813
103,12,/home/nabizadz/Projects/Mahsa/datasets/grid/test/s30/lgipzs.mpg,208,216,3.8245930671691895,0.9903214010236072
103,13,/home/nabizadz/Projects/Mahsa/datasets/grid/test/s30/bgbe8a.mpg,269,277,4.295538425445557,0.9865782743004676
103,14,/home/nabizadz/Projects/Mahsa/datasets/grid/test/s30/sbbe4s.mpg,261,269,4.319954872131348,0.9962852974014087
103,15,/home/nabizadz/Projects/Mahsa/datasets/grid/test/s30/sgbm6s.mpg,210,218,4.164233684539795,0.989050591650007
104,0,/home/nabizadz/Projects/Mahsa/datasets/grid/test/s30/pbiz3n.mpg,72,80,3.814013957977295,0.9896857698673845
104,1,/home/nabizadz/Projects/Mahsa/datasets/grid/test/s30/srwf6a.mpg,266,274,4.313659191131592,0.9880516233033737
104,2,/home/nabizadz/Projects/Mahsa/datasets/grid/test/s30/lwiu7n.mpg,26,34,3.4393844604492188,0.9945822253444067
104,3,/home/nabizadz/Projects/Mahsa/datasets/grid/test/s30/lgwj9p.mpg,48,56,4.45975399017334,0.9927882243492059
104,4,/home/nabizadz/Projects/Mahsa/datasets/grid/test/s30/pwwu3n.mpg,258,266,4.387993335723877,0.9668224330131978
104,5,/home/nabizadz/Projects/Mahsa/datasets/grid/test/s30/bbav8a.mpg,205,213,4.286525249481201,0.933869076483976
104,6,/home/nabizadz/Projects/Mahsa/datasets/grid/test/s30/lgii6s.mpg,99,107,4.153880596160889,0.9969956860009284
104,7,/home/nabizadz/Projects/Mahsa/datasets/grid/test/s30/bwaj9n.mpg,86,94,3.6950933933258057,0.9840645913087812
104,8,/home/nabizadz/Projects/Mahsa/datasets/grid/test/s30/sgil9p.mpg,255,263,4.399693489074707,0.9720953412761465
104,9,/home/nabizadz/Projects/Mahsa/datasets/grid/test/s30/sbad9n.mpg,124,132,3.916844367980957,0.9850100474726624
104,10,/home/nabizadz/Projects/Mahsa/datasets/grid/test/s30/lrih3n.mpg,277,285,4.434634208679199,0.9886223769078153
104,11,/home/nabizadz/Projects/Mahsa/datasets/grid/test/s30/bgix9n.mpg,85,93,3.5133280754089355,0.9660320812182044
104,12,/home/nabizadz/Projects/Mahsa/datasets/grid/test/s30/brap7n.mpg,138,146,3.9016711711883545,0.9932245821669231
104,13,/home/nabizadz/Projects/Mahsa/datasets/grid/test/s30/sriy3n.mpg,284,292,4.438521385192871,0.999974468150259
104,14,/home/nabizadz/Projects/Mahsa/datasets/grid/test/s30/lwwxzs.mpg,19,27,4.518659591674805,0.9994887327521442
104,15,/home/nabizadz/Projects/Mahsa/datasets/grid/test/s30/bwid3p.mpg,73,81,3.7435591220855713,0.9916108803484616
105,0,/home/nabizadz/Projects/Mahsa/datasets/grid/test/s30/lbah2s.mpg,260,268,4.377981185913086,0.9215714584626509
105,1,/home/nabizadz/Projects/Mahsa/datasets/grid/test/s30/brbx8a.mpg,78,86,3.634186029434204,0.9911035213757379
105,2,/home/nabizadz/Projects/Mahsa/datasets/grid/test/s30/sbwr7p.mpg,288,296,4.300187110900879,0.9808000776763703
105,3,/home/nabizadz/Projects/Mahsa/datasets/grid/test/s30/lbbb4a.mpg,186,194,4.075623512268066,0.9899490600833941
105,4,/home/nabizadz/Projects/Mahsa/datasets/grid/test/s30/pbif4a.mpg,172,180,3.8738036155700684,0.9855104356106538
105,5,/home/nabizadz/Projects/Mahsa/datasets/grid/test/s30/bgwz1n.mpg,30,38,4.31141471862793,0.9983425073207508
105,6,/home/nabizadz/Projects/Mahsa/datasets/grid/test/s30/bwad5n.mpg,247,255,4.020421028137207,0.9767866085228172
105,7,/home/nabizadz/Projects/Mahsa/datasets/grid/test/s30/swbf7p.mpg,199,207,4.364746570587158,0.9793120809727546
105,8,/home/nabizadz/Projects/Mahsa/datasets/grid/test/s30/pgbh9p.mpg,70,78,4.013516902923584,0.9966835925866767
105,9,/home/nabizadz/Projects/Mahsa/datasets/grid/test/s30/swiz2a.mpg,266,274,4.447409629821777,0.9807388886760419
105,10,/home/nabizadz/Projects/Mahsa/datasets/grid/test/s30/lrab4s.mpg,121,129,4.007633686065674,0.9948857968391436
105,11,/home/nabizadz/Projects/Mahsa/datasets/grid/test/s30/brwyzs.mpg,166,174,3.977712869644165,0.9913692127703517
105,12,/home/nabizadz/Projects/Mahsa/datasets/grid/test/s30/brwq6s.mpg,120,128,4.051255702972412,0.9995719704969982
105,13,/home/nabizadz/Projects/Mahsa/datasets/grid/test/s30/bbii5p.mpg,179,187,4.258291244506836,0.9980525505229533
105,14,/home/nabizadz/Projects/Mahsa/datasets/grid/test/s30/pwit4a.mpg,204,212,3.6185598373413086,0.9880664008108275
105,15,/home/nabizadz/Projects/Mahsa/datasets/grid/test/s30/swaz4s.mpg,125,133,3.65889048576355,0.9911949271379326
106,0,/home/nabizadz/Projects/Mahsa/datasets/grid/test/s30/pris8a.mpg,88,96,3.3044540882110596,0.9832550039962779
106,1,/home/nabizadz/Projects/Mahsa/datasets/grid/test/s30/lrbo7p.mpg,177,185,3.784273862838745,0.9812020861190501
106,2,/home/nabizadz/Projects/Mahsa/datasets/grid/test/s30/swwm3n.mpg,284,292,4.396101951599121,0.998397105463495
106,3,/home/nabizadz/Projects/Mahsa/datasets/grid/test/s30/bbbj4a.mpg,163,171,3.875826358795166,0.9852688661685473
106,4,/home/nabizadz/Projects/Mahsa/datasets/grid/test/s30/sgbg2s.mpg,153,161,3.8649485111236572,0.9716995967875445
106,5,/home/nabizadz/Projects/Mahsa/datasets/grid/test/s30/bwby3p.mpg,139,147,3.9075398445129395,0.9843491802378692
106,6,/home/nabizadz/Projects/Mahsa/datasets/grid/test/s30/lwbv7p.mpg,56,64,4.543900966644287,0.9848103164868348
106,7,/home/nabizadz/Projects/Mahsa/datasets/grid/test/s30/bgak6s.mpg,213,221,3.9209530353546143,0.986352892087023
106,8,/home/nabizadz/Projects/Mahsa/datasets/grid/test/s30/swbs4s.mpg,180,188,4.516894817352295,0.9975738197426678
106,9,/home/nabizadz/Projects/Mahsa/datasets/grid/test/s30/lgbx4a.mpg,212,220,4.390938758850098,0.9434906664122253
106,10,/home/nabizadz/Projects/Mahsa/datasets/grid/test/s30/bgblzs.mpg,132,140,3.9051780700683594,0.982139749503772
106,11,/home/nabizadz/Projects/Mahsa/datasets/grid/test/s30/lgbj6a.mpg,273,281,4.343063831329346,0.9513005890299995
106,12,/home/nabizadz/Projects/Mahsa/datasets/grid/test/s30/bbbp5n.mpg,14,22,4.3914337158203125,0.9999967745743431
106,13,/home/nabizadz/Projects/Mahsa/datasets/grid/test/s30/lbwizs.mpg,248,256,4.521739959716797,0.9590468019985682
106,14,/home/nabizadz/Projects/Mahsa/datasets/grid/test/s30/swir8a.mpg,166,174,3.7613449096679688,0.9850330252883586
106,15,/home/nabizadz/Projects/Mahsa/datasets/grid/test/s30/bbac4s.mpg,222,230,4.335229873657227,0.9999916244977686
107,0,/home/nabizadz/Projects/Mahsa/datasets/grid/test/s30/prim1n.mpg,274,282,4.359851360321045,0.9446287574055072
107,1,/home/nabizadz/Projects/Mahsa/datasets/grid/test/s30/sgiz7p.mpg,10,18,4.252559661865234,0.9919478499912525
107,2,/home/nabizadz/Projects/Mahsa/datasets/grid/test/s30/bwwk9p.mpg,209,217,4.256050109863281,0.9821623303535445
107,3,/home/nabizadz/Projects/Mahsa/datasets/grid/test/s30/bbwd4a.mpg,85,93,3.948391914367676,0.9894012505132034
107,4,/home/nabizadz/Projects/Mahsa/datasets/grid/test/s30/prat2a.mpg,243,251,4.435808181762695,0.9999070849721088
107,5,/home/nabizadz/Projects/Mahsa/datasets/grid/test/s30/bwaq3n.mpg,222,230,4.4205522537231445,0.9928063472320503
107,6,/home/nabizadz/Projects/Mahsa/datasets/grid/test/s30/pgau1n.mpg,39,47,3.630880117416382,0.9835236283657524
107,7,/home/nabizadz/Projects/Mahsa/datasets/grid/test/s30/swal8a.mpg,87,95,4.313048839569092,0.9958917797125961
107,8,/home/nabizadz/Projects/Mahsa/datasets/grid/test/s30/pgau4a.mpg,232,240,4.152476787567139,0.924656214402987
107,9,/home/nabizadz/Projects/Mahsa/datasets/grid/test/s30/srir2a.mpg,82,90,3.819359540939331,0.9906885113306758
107,10,/home/nabizadz/Projects/Mahsa/datasets/grid/test/s30/lbwu8s.mpg,285,293,4.417369365692139,0.9931132203526152
107,11,/home/nabizadz/Projects/Mahsa/datasets/grid/test/s30/lwwc7n.mpg,160,168,3.5137674808502197,0.9897220264211936
107,12,/home/nabizadz/Projects/Mahsa/datasets/grid/test/s30/pwwh5n.mpg,37,45,4.482097625732422,0.9999736831907445
107,13,/home/nabizadz/Projects/Mahsa/datasets/grid/test/s30/lrwc1n.mpg,173,181,3.8006293773651123,0.9888672302753068
107,14,/home/nabizadz/Projects/Mahsa/datasets/grid/test/s30/lrwp2a.mpg,39,47,4.389092922210693,0.9983583784388336
107,15,/home/nabizadz/Projects/Mahsa/datasets/grid/test/s30/sgwg8a.mpg,30,38,4.385318756103516,0.9959026561823967
108,0,/home/nabizadz/Projects/Mahsa/datasets/grid/test/s30/pwwu6a.mpg,261,269,4.421263694763184,0.9998528233363353
108,1,/home/nabizadz/Projects/Mahsa/datasets/grid/test/s30/swwm4s.mpg,254,262,4.337770462036133,0.99990775445201
108,2,/home/nabizadz/Projects/Mahsa/datasets/grid/test/s30/bgae4a.mpg,184,192,3.8657071590423584,0.9802108448639815
108,3,/home/nabizadz/Projects/Mahsa/datasets/grid/test/s30/pgin4s.mpg,72,80,3.7670998573303223,0.9825530115393957
108,4,/home/nabizadz/Projects/Mahsa/datasets/grid/test/s30/pgin6a.mpg,26,34,3.9168450832366943,0.9926439646615759
108,5,/home/nabizadz/Projects/Mahsa/datasets/grid/test/s30/pwim8s.mpg,283,291,4.355143070220947,0.9714689099687661
108,6,/home/nabizadz/Projects/Mahsa/datasets/grid/test/s30/bwbe2a.mpg,100,108,4.251984596252441,0.9994047349314138
108,7,/home/nabizadz/Projects/Mahsa/datasets/grid/test/s30/srbl6a.mpg,147,155,4.0439982414245605,0.9902213517415485
108,8,/home/nabizadz/Projects/Mahsa/datasets/grid/test/s30/lgbp8s.mpg,211,219,4.032072067260742,0.979506976190206
108,9,/home/nabizadz/Projects/Mahsa/datasets/grid/test/s30/brip4s.mpg,8,16,4.399322509765625,0.9921700253130611
108,10,/home/nabizadz/Projects/Mahsa/datasets/grid/test/s30/sgam3p.mpg,284,292,4.421016216278076,0.9934516954525922
108,11,/home/nabizadz/Projects/Mahsa/datasets/grid/test/s30/pwwu4s.mpg,222,230,4.388059139251709,0.9961515630491574
108,12,/home/nabizadz/Projects/Mahsa/datasets/grid/test/s30/lwab9n.mpg,216,224,4.496088027954102,0.924706024734465
108,13,/home/nabizadz/Projects/Mahsa/datasets/grid/test/s30/brbq3p.mpg,42,50,4.245381832122803,0.990831803621477
108,14,/home/nabizadz/Projects/Mahsa/datasets/grid/test/s30/bbiv2s.mpg,145,153,3.4791982173919678,0.9666439075994445
108,15,/home/nabizadz/Projects/Mahsa/datasets/grid/test/s30/pgbb3n.mpg,226,234,4.307797908782959,0.999992294617382
109,0,/home/nabizadz/Projects/Mahsa/datasets/grid/test/s30/prbg5n.mpg,95,103,3.7838683128356934,0.987894317697815
109,1,/home/nabizadz/Projects/Mahsa/datasets/grid/test/s30/pwat6s.mpg,4,12,4.522630214691162,0.9999999833919926
109,2,/home/nabizadz/Projects/Mahsa/datasets/grid/test/s30/prif7n.mpg,146,154,3.671158790588379,0.9839724162087209
109,3,/home/nabizadz/Projects/Mahsa/datasets/grid/test/s30/srie2s.mpg,124,132,3.5456736087799072,0.9838378181163862
109,4,/home/nabizadz/Projects/Mahsa/datasets/grid/test/s30/srbl4s.mpg,226,234,4.402798652648926,0.9174813144430708
109,5,/home/nabizadz/Projects/Mahsa/datasets/grid/test/s30/pbwg6a.mpg,259,267,4.305591106414795,0.9999763683205568
109,6,/home/nabizadz/Projects/Mahsa/datasets/grid/test/s30/lbat9n.mpg,266,274,4.356626987457275,0.9930598272379926
109,7,/home/nabizadz/Projects/Mahsa/datasets/grid/test/s30/swal6s.mpg,32,40,3.4416701793670654,0.993512540528416
109,8,/home/nabizadz/Projects/Mahsa/datasets/grid/test/s30/sbwl3p.mpg,48,56,4.208259582519531,0.9985788086568481
109,9,/home/nabizadz/Projects/Mahsa/datasets/grid/test/s30/brbd6a.mpg,129,137,3.904569149017334,0.9996381203726747
109,10,/home/nabizadz/Projects/Mahsa/datasets/grid/test/s30/bbic1p.mpg,57,65,4.420808792114258,0.9911919834797092
109,11,/home/nabizadz/Projects/Mahsa/datasets/grid/test/s30/braj5p.mpg,50,58,3.912787437438965,0.9955584639482598
109,12,/home/nabizadz/Projects/Mahsa/datasets/grid/test/s30/swiy9n.mpg,179,187,3.991731643676758,0.97301872346384
109,13,/home/nabizadz/Projects/Mahsa/datasets/grid/test/s30/bbwq1p.mpg,76,84,4.010402679443359,0.992972905019428
109,14,/home/nabizadz/Projects/Mahsa/datasets/grid/test/s30/srbr7n.mpg,95,103,3.9652976989746094,0.9979994847707178
109,15,/home/nabizadz/Projects/Mahsa/datasets/grid/test/s30/prif8s.mpg,132,140,4.208829402923584,0.9794833490590414
110,0,/home/nabizadz/Projects/Mahsa/datasets/grid/test/s30/prwh2a.mpg,276,284,4.451883316040039,0.9797074421856018
110,1,/home/nabizadz/Projects/Mahsa/datasets/grid/test/s30/swir6s.mpg,235,243,4.39866304397583,0.9999865374875155
110,2,/home/nabizadz/Projects/Mahsa/datasets/grid/test/s30/lgip1p.mpg,8,16,4.357257843017578,0.9710373199289626
110,3,/home/nabizadz/Projects/Mahsa/datasets/grid/test/s30/sbbe6a.mpg,117,125,3.9625966548919678,0.9939862347541273
110,4,/home/nabizadz/Projects/Mahsa/datasets/grid/test/s30/bgak5n.mpg,9,17,4.424274921417236,0.9999997641187487
110,5,/home/nabizadz/Projects/Mahsa/datasets/grid/test/s30/lwib6s.mpg,206,214,4.430990219116211,0.9365688766054848
110,6,/home/nabizadz/Projects/Mahsa/datasets/grid/test/s30/sgwt3n.mpg,126,134,4.060914993286133,0.9905616933645659
110,7,/home/nabizadz/Projects/Mahsa/datasets/grid/test/s30/brip6a.mpg,241,249,3.7898178100585938,0.9993858504694945
110,8,/home/nabizadz/Projects/Mahsa/datasets/grid/test/s30/pwaa5p.mpg,253,261,4.47273063659668,0.9999999999999984
110,9,/home/nabizadz/Projects/Mahsa/datasets/grid/test/s30/lgii8a.mpg,79,87,3.7130215167999268,0.9853553931058014
110,10,/home/nabizadz/Projects/Mahsa/datasets/grid/test/s30/bwij7p.mpg,8,16,4.532270908355713,0.9999977247120206
110,11,/home/nabizadz/Projects/Mahsa/datasets/grid/test/s30/pbbm6a.mpg,69,77,4.09751558303833,0.9961431690037322
110,12,/home/nabizadz/Projects/Mahsa/datasets/grid/test/s30/pgbb5p.mpg,288,296,4.347987651824951,0.9879385644651385
110,13,/home/nabizadz/Projects/Mahsa/datasets/grid/test/s30/bgbr3n.mpg,142,150,4.071444034576416,0.9919571770716319
110,14,/home/nabizadz/Projects/Mahsa/datasets/grid/test/s30/pwbt9n.mpg,227,235,4.498068809509277,0.9690115795011671
110,15,/home/nabizadz/Projects/Mahsa/datasets/grid/test/s30/prbg8a.mpg,91,99,3.299494743347168,0.9876981473575946
111,0,/home/nabizadz/Projects/Mahsa/datasets/grid/test/s30/swbf5n.mpg,195,203,4.399387359619141,0.9678271956995177
111,1,/home/nabizadz/Projects/Mahsa/datasets/grid/test/s30/bbap3p.mpg,131,139,3.845827102661133,0.9998482471982384
111,2,/home/nabizadz/Projects/Mahsa/datasets/grid/test/s30/bwwlza.mpg,198,206,3.877488851547241,0.9889469262462515
111,3,/home/nabizadz/Projects/Mahsa/datasets/grid/test/s30/lbwu7n.mpg,116,124,4.100762844085693,0.9912509243384318
111,4,/home/nabizadz/Projects/Mahsa/datasets/grid/test/s30/lban8a.mpg,177,185,4.1938347816467285,0.9902438865589166
111,5,/home/nabizadz/Projects/Mahsa/datasets/grid/test/s30/bgwf2a.mpg,41,49,4.45427942276001,0.9975956202320411
111,6,/home/nabizadz/Projects/Mahsa/datasets/grid/test/s30/sgif5p.mpg,137,145,3.8800156116485596,0.9889953831270228
111,7,/home/nabizadz/Projects/Mahsa/datasets/grid/test/s30/bgiq7p.mpg,101,109,3.5662360191345215,0.9622587769137327
111,8,/home/nabizadz/Projects/Mahsa/datasets/grid/test/s30/pbwa1p.mpg,98,106,3.6183953285217285,0.9928155688331871
111,9,/home/nabizadz/Projects/Mahsa/datasets/grid/test/s30/brad2a.mpg,140,148,3.488734006881714,0.9897948760308755
111,10,/home/nabizadz/Projects/Mahsa/datasets/grid/test/s30/srwmza.mpg,232,240,4.341115951538086,0.8864601743494619
111,11,/home/nabizadz/Projects/Mahsa/datasets/grid/test/s30/lrao1n.mpg,225,233,4.3378119468688965,0.9822968235656567
111,12,/home/nabizadz/Projects/Mahsa/datasets/grid/test/s30/sbwl2s.mpg,78,86,3.753429412841797,0.9898775317662094
111,13,/home/nabizadz/Projects/Mahsa/datasets/grid/test/s30/srwf5p.mpg,276,284,4.40061616897583,0.9986293077093534
111,14,/home/nabizadz/Projects/Mahsa/datasets/grid/test/s30/bric8a.mpg,29,37,4.458441734313965,0.9895697383722396
111,15,/home/nabizadz/Projects/Mahsa/datasets/grid/test/s30/sbbk7n.mpg,230,238,4.389224529266357,0.9777035238206566
112,0,/home/nabizadz/Projects/Mahsa/datasets/grid/test/s30/pbbs7n.mpg,228,236,4.490569591522217,0.9863347090189827
112,1,/home/nabizadz/Projects/Mahsa/datasets/grid/test/s30/brwy1p.mpg,278,286,4.125222682952881,0.9633781187239365
112,2,/home/nabizadz/Projects/Mahsa/datasets/grid/test/s30/sbay4a.mpg,163,171,4.005343437194824,0.985336573032135
112,3,/home/nabizadz/Projects/Mahsa/datasets/grid/test/s30/lbit5n.mpg,250,258,4.378989219665527,0.8861722576208031
112,4,/home/nabizadz/Projects/Mahsa/datasets/grid/test/s30/bwwr1n.mpg,128,136,3.714952230453491,0.9776084064452796
112,5,/home/nabizadz/Projects/Mahsa/datasets/grid/test/s30/prbm9n.mpg,264,272,4.262559413909912,0.9025333786619502
112,6,/home/nabizadz/Projects/Mahsa/datasets/grid/test/s30/bbic2a.mpg,209,217,4.476572513580322,0.9844529797178687
112,7,/home/nabizadz/Projects/Mahsa/datasets/grid/test/s30/pbwg5p.mpg,53,61,4.088929176330566,0.9973106608457768
112,8,/home/nabizadz/Projects/Mahsa/datasets/grid/test/s30/pgin3n.mpg,237,245,4.360517501831055,0.9360246837941872
112,9,/home/nabizadz/Projects/Mahsa/datasets/grid/test/s30/pwan1n.mpg,92,100,3.3373990058898926,0.9944596988344631
112,10,/home/nabizadz/Projects/Mahsa/datasets/grid/test/s30/sbid6s.mpg,224,232,4.35658597946167,0.9985467185378435
112,11,/home/nabizadz/Projects/Mahsa/datasets/grid/test/s30/sray9p.mpg,10,18,4.000277519226074,0.9999785696041225
112,12,/home/nabizadz/Projects/Mahsa/datasets/grid/test/s30/sbwfza.mpg,188,196,4.168990612030029,0.9842563587313448
112,13,/home/nabizadz/Projects/Mahsa/datasets/grid/test/s30/lrbi3p.mpg,134,142,4.026646614074707,0.9892460019210525
112,14,/home/nabizadz/Projects/Mahsa/datasets/grid/test/s30/lgap6a.mpg,201,209,4.015585422515869,0.9786570023981424
112,15,/home/nabizadz/Projects/Mahsa/datasets/grid/test/s30/lbbb1n.mpg,118,126,4.176113605499268,0.997277164352458
113,0,/home/nabizadz/Projects/Mahsa/datasets/grid/test/s30/srwz5n.mpg,270,278,4.4986982345581055,0.9999501390728557
113,1,/home/nabizadz/Projects/Mahsa/datasets/grid/test/s30/sbik1p.mpg,74,82,4.304740905761719,0.9999680400373734
113,2,/home/nabizadz/Projects/Mahsa/datasets/grid/test/s30/pbiz5p.mpg,269,277,1.6537823677062988,0.8862257112930673
113,3,/home/nabizadz/Projects/Mahsa/datasets/grid/test/s30/pwan4a.mpg,146,154,3.8082168102264404,0.9935097854942052
113,4,/home/nabizadz/Projects/Mahsa/datasets/grid/test/s30/bwwe4s.mpg,165,173,3.7506263256073,0.9810648724041586
113,5,/home/nabizadz/Projects/Mahsa/datasets/grid/test/s30/prwn3n.mpg,181,189,3.6781444549560547,0.9806286845032426
113,6,/home/nabizadz/Projects/Mahsa/datasets/grid/test/s30/lbbu4s.mpg,86,94,3.6356306076049805,0.9859099268827111
113,7,/home/nabizadz/Projects/Mahsa/datasets/grid/test/s30/sgis1n.mpg,240,248,4.423909664154053,0.9982557032579182
113,8,/home/nabizadz/Projects/Mahsa/datasets/grid/test/s30/bbipza.mpg,26,34,4.445595741271973,0.9994070054168127
113,9,/home/nabizadz/Projects/Mahsa/datasets/grid/test/s30/sbbr1n.mpg,6,14,4.428290367126465,0.9999994659851594
113,10,/home/nabizadz/Projects/Mahsa/datasets/grid/test/s30/lbau2a.mpg,290,298,4.4030656814575195,0.989099416844156
113,11,/home/nabizadz/Projects/Mahsa/datasets/grid/test/s30/srbr8s.mpg,120,128,3.9652631282806396,0.9901929282714504
113,12,/home/nabizadz/Projects/Mahsa/datasets/grid/test/s30/brbx7p.mpg,156,164,4.218704700469971,0.9962523652488426
113,13,/home/nabizadz/Projects/Mahsa/datasets/grid/test/s30/bgbr4s.mpg,248,256,4.4357523918151855,0.999233819211828
113,14,/home/nabizadz/Projects/Mahsa/datasets/grid/test/s30/pgia7p.mpg,47,55,4.376598358154297,0.9938173973653657
113,15,/home/nabizadz/Projects/Mahsa/datasets/grid/test/s30/lwai3n.mpg,268,276,4.531111717224121,0.9765327899343331
114,0,/home/nabizadz/Projects/Mahsa/datasets/grid/test/s30/lbbh8a.mpg,114,122,3.9393162727355957,0.9904908639166399
114,1,/home/nabizadz/Projects/Mahsa/datasets/grid/test/s30/lgic3p.mpg,9,17,4.433749675750732,0.9976638523311832
114,2,/home/nabizadz/Projects/Mahsa/datasets/grid/test/s30/pgah6a.mpg,222,230,4.397843837738037,0.9904538984514462
114,3,/home/nabizadz/Projects/Mahsa/datasets/grid/test/s30/sbae1p.mpg,93,101,3.431624412536621,0.9893029310650386
114,4,/home/nabizadz/Projects/Mahsa/datasets/grid/test/s30/bbbp8a.mpg,190,198,3.8587331771850586,0.9826075213534249
114,5,/home/nabizadz/Projects/Mahsa/datasets/grid/test/s30/lrbvzs.mpg,91,99,3.447354316711426,0.9881650581109898
114,6,/home/nabizadz/Projects/Mahsa/datasets/grid/test/s30/pbam1p.mpg,19,27,4.369006633758545,0.9953098261221482
114,7,/home/nabizadz/Projects/Mahsa/datasets/grid/test/s30/bbbdza.mpg,105,113,3.4397428035736084,0.9870339023966462
114,8,/home/nabizadz/Projects/Mahsa/datasets/grid/test/s30/lbaa7n.mpg,163,171,3.658308267593384,0.9871846503700354
114,9,/home/nabizadz/Projects/Mahsa/datasets/grid/test/s30/bwwk7n.mpg,215,223,4.202693939208984,0.9911182143252838
114,10,/home/nabizadz/Projects/Mahsa/datasets/grid/test/s30/bgiyzs.mpg,56,64,4.2450642585754395,0.9786873383788177
114,11,/home/nabizadz/Projects/Mahsa/datasets/grid/test/s30/lgbd1p.mpg,35,43,4.481404781341553,0.9999814956681534
114,12,/home/nabizadz/Projects/Mahsa/datasets/grid/test/s30/brwk3p.mpg,272,280,4.390539646148682,0.9761136007929067
114,13,/home/nabizadz/Projects/Mahsa/datasets/grid/test/s30/bbbj1n.mpg,9,17,4.477860927581787,0.9915834676989401
114,14,/home/nabizadz/Projects/Mahsa/datasets/grid/test/s30/pgin5p.mpg,186,194,4.099789619445801,0.9937816482901688
114,15,/home/nabizadz/Projects/Mahsa/datasets/grid/test/s30/sbix8s.mpg,158,166,3.251197338104248,0.9933892912929121
115,0,/home/nabizadz/Projects/Mahsa/datasets/grid/test/s30/lrbv2a.mpg,178,186,4.270874500274658,0.9908484639115814
115,1,/home/nabizadz/Projects/Mahsa/datasets/grid/test/s30/brbd4s.mpg,140,148,3.99310040473938,0.98818208732144
115,2,/home/nabizadz/Projects/Mahsa/datasets/grid/test/s30/bbbx1p.mpg,223,231,4.356538772583008,0.8954888986073626
115,3,/home/nabizadz/Projects/Mahsa/datasets/grid/test/s30/lwwp6s.mpg,197,205,3.558499813079834,0.9774756431902113
115,4,/home/nabizadz/Projects/Mahsa/datasets/grid/test/s30/pwwb2s.mpg,175,183,4.402059078216553,0.9908357330717208
115,5,/home/nabizadz/Projects/Mahsa/datasets/grid/test/s30/pgihzs.mpg,0,8,4.459203720092773,0.9900466979923355
115,6,/home/nabizadz/Projects/Mahsa/datasets/grid/test/s30/lwwx1p.mpg,251,259,4.135937690734863,0.8392153836438588
115,7,/home/nabizadz/Projects/Mahsa/datasets/grid/test/s30/prbn1p.mpg,23,31,4.455259323120117,0.9999988920544479
115,8,/home/nabizadz/Projects/Mahsa/datasets/grid/test/s30/lbia6a.mpg,120,128,3.8115246295928955,0.9863541359311543
115,9,/home/nabizadz/Projects/Mahsa/datasets/grid/test/s30/pgaoza.mpg,237,245,4.297424793243408,0.9638488957754294
115,10,/home/nabizadz/Projects/Mahsa/datasets/grid/test/s30/bbbv9n.mpg,105,113,3.692068099975586,0.9910252117545003
115,11,/home/nabizadz/Projects/Mahsa/datasets/grid/test/s30/swws8s.mpg,86,94,4.057004928588867,0.9907907927182253
115,12,/home/nabizadz/Projects/Mahsa/datasets/grid/test/s30/prwn5p.mpg,75,83,4.231960773468018,0.9996941643303527
115,13,/home/nabizadz/Projects/Mahsa/datasets/grid/test/s30/brbq4a.mpg,119,127,4.258281230926514,0.997444043744524
115,14,/home/nabizadz/Projects/Mahsa/datasets/grid/test/s30/brax3p.mpg,5,13,4.483902931213379,0.9989194974151419
115,15,/home/nabizadz/Projects/Mahsa/datasets/grid/test/s30/lrioza.mpg,110,118,3.641839027404785,0.990580362870473
116,0,/home/nabizadz/Projects/Mahsa/datasets/grid/test/s30/sbiq4s.mpg,34,42,4.337213516235352,0.9999999362931115
116,1,/home/nabizadz/Projects/Mahsa/datasets/grid/test/s30/prba2s.mpg,5,13,4.416271686553955,0.9988123402097262
116,2,/home/nabizadz/Projects/Mahsa/datasets/grid/test/s30/pris5n.mpg,260,268,4.561151027679443,0.9770717820509321
116,3,/home/nabizadz/Projects/Mahsa/datasets/grid/test/s30/lwwx2a.mpg,57,65,3.8381175994873047,0.9922012691199876
116,4,/home/nabizadz/Projects/Mahsa/datasets/grid/test/s30/lgav7n.mpg,203,211,4.006512641906738,0.990171358424603
116,5,/home/nabizadz/Projects/Mahsa/datasets/grid/test/s30/brax2s.mpg,143,151,3.5252726078033447,0.9668436567971486
116,6,/home/nabizadz/Projects/Mahsa/datasets/grid/test/s30/swbl9n.mpg,130,138,4.132136344909668,0.971723846461095
116,7,/home/nabizadz/Projects/Mahsa/datasets/grid/test/s30/srik8a.mpg,127,135,3.341507911682129,0.9735465144626156
116,8,/home/nabizadz/Projects/Mahsa/datasets/grid/test/s30/lrab5p.mpg,52,60,4.087352275848389,0.9910311928534378
116,9,/home/nabizadz/Projects/Mahsa/datasets/grid/test/s30/lbit7p.mpg,163,171,4.028220176696777,0.9859238286428251
116,10,/home/nabizadz/Projects/Mahsa/datasets/grid/test/s30/bgwr8s.mpg,214,222,4.275291442871094,0.9934830156565758
116,11,/home/nabizadz/Projects/Mahsa/datasets/grid/test/s30/lbbu3n.mpg,167,175,4.168923854827881,0.9876884794078091
116,12,/home/nabizadz/Projects/Mahsa/datasets/grid/test/s30/bbbx2a.mpg,250,258,4.08866024017334,0.9014656723195924
116,13,/home/nabizadz/Projects/Mahsa/datasets/grid/test/s30/pris6s.mpg,162,170,3.614682197570801,0.9891795220494348
116,14,/home/nabizadz/Projects/Mahsa/datasets/grid/test/s30/bwaq4s.mpg,127,135,3.983530044555664,0.9867000263715369
116,15,/home/nabizadz/Projects/Mahsa/datasets/grid/test/s30/lgwd5p.mpg,170,178,3.2276134490966797,0.9801433920046312
117,0,/home/nabizadz/Projects/Mahsa/datasets/grid/test/s30/lwai4s.mpg,96,104,3.7164690494537354,0.9980943740217606
117,1,/home/nabizadz/Projects/Mahsa/datasets/grid/test/s30/pwwb1n.mpg,158,166,4.368458271026611,0.9999967889964504
117,2,/home/nabizadz/Projects/Mahsa/datasets/grid/test/s30/pgit9p.mpg,86,94,3.7299232482910156,0.9934201311368679
117,3,/home/nabizadz/Projects/Mahsa/datasets/grid/test/s30/lwbp4a.mpg,234,242,4.236571788787842,0.9668035670431676
117,4,/home/nabizadz/Projects/Mahsa/datasets/grid/test/s30/swie7n.mpg,224,232,4.482532024383545,0.9996283309815962
117,5,/home/nabizadz/Projects/Mahsa/datasets/grid/test/s30/prwt9p.mpg,46,54,3.220518112182617,0.9866094069378929
117,6,/home/nabizadz/Projects/Mahsa/datasets/grid/test/s30/brad1p.mpg,263,271,4.408519268035889,0.9863030525143961
117,7,/home/nabizadz/Projects/Mahsa/datasets/grid/test/s30/pgah5p.mpg,64,72,3.4811465740203857,0.9800619075317464
117,8,/home/nabizadz/Projects/Mahsa/datasets/grid/test/s30/swwg2a.mpg,99,107,3.8695266246795654,0.9905118800320344
117,9,/home/nabizadz/Projects/Mahsa/datasets/grid/test/s30/prag2s.mpg,2,10,4.51112699508667,0.9999700737563264
117,10,/home/nabizadz/Projects/Mahsa/datasets/grid/test/s30/bbbj2s.mpg,282,290,4.298180103302002,1.0
117,11,/home/nabizadz/Projects/Mahsa/datasets/grid/test/s30/sbiyza.mpg,179,187,4.180361747741699,0.9894717377080702
117,12,/home/nabizadz/Projects/Mahsa/datasets/grid/test/s30/swie9p.mpg,185,193,3.691584348678589,0.9663887586036277
117,13,/home/nabizadz/Projects/Mahsa/datasets/grid/test/s30/pwbn8a.mpg,37,45,4.461531639099121,0.9999848861373783
117,14,/home/nabizadz/Projects/Mahsa/datasets/grid/test/s30/swir7p.mpg,274,282,4.444428443908691,0.9995374270279402
117,15,/home/nabizadz/Projects/Mahsa/datasets/grid/test/s30/pram6s.mpg,21,29,4.354523181915283,0.9408500852327628
118,0,/home/nabizadz/Projects/Mahsa/datasets/grid/test/s30/sbay3p.mpg,240,248,4.366792678833008,0.9675671740830529
118,1,/home/nabizadz/Projects/Mahsa/datasets/grid/test/s30/lrbv1p.mpg,110,118,3.6953845024108887,0.9945667033142128
118,2,/home/nabizadz/Projects/Mahsa/datasets/grid/test/s30/lwbv6s.mpg,25,33,4.501701831817627,0.9951643502962638
118,3,/home/nabizadz/Projects/Mahsa/datasets/grid/test/s30/lgiv3n.mpg,164,172,4.174469470977783,0.9915030736957178
118,4,/home/nabizadz/Projects/Mahsa/datasets/grid/test/s30/braj6a.mpg,113,121,3.583533763885498,0.9880191202103228
118,5,/home/nabizadz/Projects/Mahsa/datasets/grid/test/s30/bwax7n.mpg,118,126,3.743263006210327,0.9884025337764785
118,6,/home/nabizadz/Projects/Mahsa/datasets/grid/test/s30/lgap4s.mpg,89,97,3.1367037296295166,0.9630911046987296
118,7,/home/nabizadz/Projects/Mahsa/datasets/grid/test/s30/lrau5n.mpg,68,76,3.994239568710327,0.9828858792957055
118,8,/home/nabizadz/Projects/Mahsa/datasets/grid/test/s30/srwf4s.mpg,62,70,3.62957763671875,0.9936161209331674
118,9,/home/nabizadz/Projects/Mahsa/datasets/grid/test/s30/lgip2a.mpg,243,251,4.389108180999756,0.9950913817410395
118,10,/home/nabizadz/Projects/Mahsa/datasets/grid/test/s30/bgiq8a.mpg,268,276,4.39205265045166,0.9974669810736445
118,11,/home/nabizadz/Projects/Mahsa/datasets/grid/test/s30/lwbp2s.mpg,255,263,4.361356735229492,0.9634906271835271
118,12,/home/nabizadz/Projects/Mahsa/datasets/grid/test/s30/srws2s.mpg,85,93,3.975396156311035,0.9984090815588285
118,13,/home/nabizadz/Projects/Mahsa/datasets/grid/test/s30/prag1n.mpg,25,33,4.45087194442749,0.995744011937751
118,14,/home/nabizadz/Projects/Mahsa/datasets/grid/test/s30/bbbc7n.mpg,217,225,4.0393757820129395,0.9852800499846415
118,15,/home/nabizadz/Projects/Mahsa/datasets/grid/test/s30/pwbu1p.mpg,157,165,3.7554290294647217,0.9782268471005628
119,0,/home/nabizadz/Projects/Mahsa/datasets/grid/test/s30/lbig8s.mpg,139,147,3.810297727584839,0.9978338520457604
119,1,/home/nabizadz/Projects/Mahsa/datasets/grid/test/s30/lbig9p.mpg,82,90,4.156699180603027,0.9998148625691676
119,2,/home/nabizadz/Projects/Mahsa/datasets/grid/test/s30/lbwh9n.mpg,185,193,4.3385844230651855,0.9936683891066744
119,3,/home/nabizadz/Projects/Mahsa/datasets/grid/test/s30/bradzs.mpg,103,111,4.22041130065918,0.9999280674335369
119,4,/home/nabizadz/Projects/Mahsa/datasets/grid/test/s30/sbwe8s.mpg,183,191,4.415462493896484,0.993621322229559
119,5,/home/nabizadz/Projects/Mahsa/datasets/grid/test/s30/prbt5p.mpg,127,135,3.3754208087921143,0.9917000416533412
119,6,/home/nabizadz/Projects/Mahsa/datasets/grid/test/s30/bbiczs.mpg,41,49,3.191558599472046,0.9769848029473721
119,7,/home/nabizadz/Projects/Mahsa/datasets/grid/test/s30/lrwc3p.mpg,144,152,4.168726444244385,0.994924478772677
119,8,/home/nabizadz/Projects/Mahsa/datasets/grid/test/s30/bwix3n.mpg,289,297,4.436103343963623,0.9999676073579091
119,9,/home/nabizadz/Projects/Mahsa/datasets/grid/test/s30/lrwc4a.mpg,270,278,4.3030548095703125,0.9652958788038223
119,10,/home/nabizadz/Projects/Mahsa/datasets/grid/test/s30/sgbaza.mpg,73,81,3.7401540279388428,0.9919161689690831
119,11,/home/nabizadz/Projects/Mahsa/datasets/grid/test/s30/srik5n.mpg,106,114,4.102986812591553,0.9908629581859154
119,12,/home/nabizadz/Projects/Mahsa/datasets/grid/test/s30/swwgzs.mpg,167,175,3.703749418258667,0.9866776170844979
119,13,/home/nabizadz/Projects/Mahsa/datasets/grid/test/s30/srie4a.mpg,47,55,4.243188381195068,0.9964608523209705
119,14,/home/nabizadz/Projects/Mahsa/datasets/grid/test/s30/lwii2a.mpg,203,211,4.236857891082764,0.9943940954581226
119,15,/home/nabizadz/Projects/Mahsa/datasets/grid/test/s30/lbah3p.mpg,240,248,4.343608856201172,0.9409548422264702
120,0,/home/nabizadz/Projects/Mahsa/datasets/grid/test/s30/swbs3n.mpg,54,62,3.8005077838897705,0.9897882089439017
120,1,/home/nabizadz/Projects/Mahsa/datasets/grid/test/s30/pbiszs.mpg,200,208,3.9522407054901123,0.9833317367031171
120,2,/home/nabizadz/Projects/Mahsa/datasets/grid/test/s30/sgas7p.mpg,186,194,4.066405296325684,0.9847824117596169
120,3,/home/nabizadz/Projects/Mahsa/datasets/grid/test/s30/swaf3p.mpg,286,294,4.28247594833374,0.9788473677567534
120,4,/home/nabizadz/Projects/Mahsa/datasets/grid/test/s30/lwio5p.mpg,138,146,3.75718092918396,0.9890014946509899
120,5,/home/nabizadz/Projects/Mahsa/datasets/grid/test/s30/pgbo3p.mpg,155,163,4.087958812713623,0.9963175977304318
120,6,/home/nabizadz/Projects/Mahsa/datasets/grid/test/s30/bgik3p.mpg,93,101,3.563645601272583,0.9583102279164236
120,7,/home/nabizadz/Projects/Mahsa/datasets/grid/test/s30/lbbb3p.mpg,103,111,3.798717737197876,0.9947431498026504
120,8,/home/nabizadz/Projects/Mahsa/datasets/grid/test/s30/sgaz9n.mpg,245,253,4.205559253692627,0.9921227303373361
120,9,/home/nabizadz/Projects/Mahsa/datasets/grid/test/s30/bgak8a.mpg,143,151,3.9388632774353027,0.9760607150296335
120,10,/home/nabizadz/Projects/Mahsa/datasets/grid/test/s30/pbif2s.mpg,35,43,4.397922039031982,0.9999993569665878
120,11,/home/nabizadz/Projects/Mahsa/datasets/grid/test/s30/sgaf8s.mpg,281,289,4.529326915740967,0.986721225317556
120,12,/home/nabizadz/Projects/Mahsa/datasets/grid/test/s30/pbwm8s.mpg,52,60,4.34821081161499,0.9992735684038313
120,13,/home/nabizadz/Projects/Mahsa/datasets/grid/test/s30/pwim7n.mpg,53,61,3.390343427658081,0.9899811180466831
120,14,/home/nabizadz/Projects/Mahsa/datasets/grid/test/s30/sgwg6s.mpg,11,19,4.520846843719482,0.998127227786067
120,15,/home/nabizadz/Projects/Mahsa/datasets/grid/test/s30/bbio7n.mpg,35,43,3.48718523979187,0.9835002706248639
121,0,/home/nabizadz/Projects/Mahsa/datasets/grid/test/s30/lbwi2a.mpg,259,267,4.390838623046875,0.9999999999999999
121,1,/home/nabizadz/Projects/Mahsa/datasets/grid/test/s30/sgif3n.mpg,124,132,4.031944274902344,0.9971678426209138
121,2,/home/nabizadz/Projects/Mahsa/datasets/grid/test/s30/srbz2s.mpg,9,17,4.47443151473999,0.9816108203289552
121,3,/home/nabizadz/Projects/Mahsa/datasets/grid/test/s30/pbis2a.mpg,271,279,4.320969104766846,0.9466598197288507
121,4,/home/nabizadz/Projects/Mahsa/datasets/grid/test/s30/lwwv9n.mpg,230,238,4.410357475280762,0.9998476730935525
121,5,/home/nabizadz/Projects/Mahsa/datasets/grid/test/s30/bwbe1p.mpg,3,11,4.531196117401123,0.9992056471387062
121,6,/home/nabizadz/Projects/Mahsa/datasets/grid/test/s30/lgbx2s.mpg,12,20,4.511960983276367,0.9988178341134716
121,7,/home/nabizadz/Projects/Mahsa/datasets/grid/test/s30/bgwl3n.mpg,61,69,3.372157335281372,0.9702166624188651
121,8,/home/nabizadz/Projects/Mahsa/datasets/grid/test/s30/bbiv4a.mpg,20,28,4.459008693695068,0.9920409305458943
121,9,/home/nabizadz/Projects/Mahsa/datasets/grid/test/s30/sbak5p.mpg,17,25,4.309216499328613,0.9999995505746097
121,10,/home/nabizadz/Projects/Mahsa/datasets/grid/test/s30/swaf1n.mpg,32,40,4.350823402404785,0.9999941379540074
121,11,/home/nabizadz/Projects/Mahsa/datasets/grid/test/s30/bgbe6s.mpg,278,286,4.261331081390381,0.9952670497778523
121,12,/home/nabizadz/Projects/Mahsa/datasets/grid/test/s30/sray8s.mpg,199,207,4.510696887969971,0.9779302162173388
121,13,/home/nabizadz/Projects/Mahsa/datasets/grid/test/s30/pwbh3p.mpg,196,204,4.085037708282471,0.9624600396110419
121,14,/home/nabizadz/Projects/Mahsa/datasets/grid/test/s30/pgiuza.mpg,291,299,4.560399532318115,0.99949336098676
121,15,/home/nabizadz/Projects/Mahsa/datasets/grid/test/s30/pgbo4a.mpg,172,180,3.8886640071868896,0.9899904687252254
122,0,/home/nabizadz/Projects/Mahsa/datasets/grid/test/s30/srbl3n.mpg,73,81,3.80519962310791,0.9933686877309418
122,1,/home/nabizadz/Projects/Mahsa/datasets/grid/test/s30/swbm1p.mpg,224,232,4.521574974060059,0.9832290038730168
122,2,/home/nabizadz/Projects/Mahsa/datasets/grid/test/s30/bgae1n.mpg,144,152,3.7420287132263184,0.9887737963266197
122,3,/home/nabizadz/Projects/Mahsa/datasets/grid/test/s30/brixza.mpg,52,60,3.731471061706543,0.9951047920574865
122,4,/home/nabizadz/Projects/Mahsa/datasets/grid/test/s30/brbx6s.mpg,152,160,3.8912675380706787,0.9905592588278519
122,5,/home/nabizadz/Projects/Mahsa/datasets/grid/test/s30/swbz9p.mpg,0,8,4.42710542678833,0.9999988922009876
122,6,/home/nabizadz/Projects/Mahsa/datasets/grid/test/s30/swie8s.mpg,181,189,4.176962852478027,0.9873035347642534
122,7,/home/nabizadz/Projects/Mahsa/datasets/grid/test/s30/sgaf9p.mpg,174,182,3.6702167987823486,0.9514067168429547
122,8,/home/nabizadz/Projects/Mahsa/datasets/grid/test/s30/pwbh4a.mpg,73,81,3.693533420562744,0.9861241574620565
122,9,/home/nabizadz/Projects/Mahsa/datasets/grid/test/s30/lbia4s.mpg,253,261,4.477753639221191,0.9997335513467547
122,10,/home/nabizadz/Projects/Mahsa/datasets/grid/test/s30/bwaq5p.mpg,194,202,3.925262451171875,0.982971918929266
122,11,/home/nabizadz/Projects/Mahsa/datasets/grid/test/s30/lwbv8a.mpg,291,299,4.407271862030029,0.9989777202501311
122,12,/home/nabizadz/Projects/Mahsa/datasets/grid/test/s30/lwbjza.mpg,244,252,4.3163628578186035,0.9730128486151257
122,13,/home/nabizadz/Projects/Mahsa/datasets/grid/test/s30/pbbg2a.mpg,71,79,3.8439979553222656,0.9981763412140364
122,14,/home/nabizadz/Projects/Mahsa/datasets/grid/test/s30/pgbu5n.mpg,226,234,4.418046474456787,0.9812649036365466
122,15,/home/nabizadz/Projects/Mahsa/datasets/grid/test/s30/lbbozs.mpg,73,81,3.5985896587371826,0.9931326073212376
123,0,/home/nabizadz/Projects/Mahsa/datasets/grid/test/s30/prbg7p.mpg,78,86,3.202228546142578,0.9892944849175157
123,1,/home/nabizadz/Projects/Mahsa/datasets/grid/test/s30/lwwc8s.mpg,143,151,3.625037908554077,0.9798810616078165
123,2,/home/nabizadz/Projects/Mahsa/datasets/grid/test/s30/pwat5n.mpg,44,52,4.436748504638672,1.0000000000000002
123,3,/home/nabizadz/Projects/Mahsa/datasets/grid/test/s30/srie3p.mpg,105,113,3.575806140899658,0.9900755546583802
123,4,/home/nabizadz/Projects/Mahsa/datasets/grid/test/s30/sgwa2s.mpg,147,155,3.6257100105285645,0.9794284848834716
123,5,/home/nabizadz/Projects/Mahsa/datasets/grid/test/s30/briv7n.mpg,140,148,3.206524610519409,0.9691392986858014
123,6,/home/nabizadz/Projects/Mahsa/datasets/grid/test/s30/lbin1n.mpg,212,220,4.422070503234863,0.927705865851932
123,7,/home/nabizadz/Projects/Mahsa/datasets/grid/test/s30/pbbg1p.mpg,196,204,4.380111217498779,0.9958709096237103
123,8,/home/nabizadz/Projects/Mahsa/datasets/grid/test/s30/bbwj8a.mpg,76,84,3.5649666786193848,0.9887580308086439
123,9,/home/nabizadz/Projects/Mahsa/datasets/grid/test/s30/bgak7p.mpg,193,201,4.032953262329102,0.9676988054961287
123,10,/home/nabizadz/Projects/Mahsa/datasets/grid/test/s30/srwz6s.mpg,180,188,3.932270050048828,0.9929222001425896
123,11,/home/nabizadz/Projects/Mahsa/datasets/grid/test/s30/sbby6s.mpg,100,108,4.474945068359375,0.9999418750064709
123,12,/home/nabizadz/Projects/Mahsa/datasets/grid/test/s30/lbbu6a.mpg,99,107,3.702643871307373,0.9819919382346157
123,13,/home/nabizadz/Projects/Mahsa/datasets/grid/test/s30/pram5n.mpg,32,40,4.116842269897461,0.9543403438963213
123,14,/home/nabizadz/Projects/Mahsa/datasets/grid/test/s30/brip5p.mpg,60,68,3.7888054847717285,0.9849258412144174
123,15,/home/nabizadz/Projects/Mahsa/datasets/grid/test/s30/srwz7p.mpg,281,289,4.270371437072754,0.990437781334613
124,0,/home/nabizadz/Projects/Mahsa/datasets/grid/test/s30/swbs5p.mpg,276,284,4.490286350250244,0.9473137694508186
124,1,/home/nabizadz/Projects/Mahsa/datasets/grid/test/s30/lwbp1n.mpg,200,208,3.6797871589660645,0.9800625144740824
124,2,/home/nabizadz/Projects/Mahsa/datasets/grid/test/s30/pgbb6a.mpg,19,27,4.385981559753418,0.9998974148232702
124,3,/home/nabizadz/Projects/Mahsa/datasets/grid/test/s30/prwuza.mpg,192,200,4.2339558601379395,0.9953489782091856
124,4,/home/nabizadz/Projects/Mahsa/datasets/grid/test/s30/lrab3n.mpg,105,113,4.192066669464111,0.9991562425320508
124,5,/home/nabizadz/Projects/Mahsa/datasets/grid/test/s30/swwm6a.mpg,180,188,3.957279920578003,0.9899007427933278
124,6,/home/nabizadz/Projects/Mahsa/datasets/grid/test/s30/bgay5p.mpg,172,180,3.978440284729004,0.9936870609279127
124,7,/home/nabizadz/Projects/Mahsa/datasets/grid/test/s30/sbik2a.mpg,198,206,4.37492036819458,0.984994496039541
124,8,/home/nabizadz/Projects/Mahsa/datasets/grid/test/s30/pwwh8a.mpg,94,102,3.4397084712982178,0.9880527140686093
124,9,/home/nabizadz/Projects/Mahsa/datasets/grid/test/s30/prwh1p.mpg,227,235,4.353883266448975,0.999999999999999
124,10,/home/nabizadz/Projects/Mahsa/datasets/grid/test/s30/bwbrza.mpg,124,132,3.8977649211883545,0.990112727635285
124,11,/home/nabizadz/Projects/Mahsa/datasets/grid/test/s30/swbz7n.mpg,186,194,4.386507987976074,0.988663119928448
124,12,/home/nabizadz/Projects/Mahsa/datasets/grid/test/s30/lwwj4a.mpg,247,255,4.480429649353027,0.9852183555160664
124,13,/home/nabizadz/Projects/Mahsa/datasets/grid/test/s30/bbwx4s.mpg,285,293,4.149637699127197,0.9666438375673716
124,14,/home/nabizadz/Projects/Mahsa/datasets/grid/test/s30/brbd5p.mpg,159,167,3.9159367084503174,0.9911965753544453
124,15,/home/nabizadz/Projects/Mahsa/datasets/grid/test/s30/lwio6a.mpg,0,8,4.570547580718994,0.9999996543866736
125,0,/home/nabizadz/Projects/Mahsa/datasets/grid/test/s34/lbia2a.mpg,225,233,4.420761585235596,0.9732411772104516
125,1,/home/nabizadz/Projects/Mahsa/datasets/grid/test/s34/bbio5p.mpg,267,275,4.395388126373291,0.9998284119681873
125,2,/home/nabizadz/Projects/Mahsa/datasets/grid/test/s34/pgaa8a.mpg,87,95,3.941063642501831,0.9851494836040732
125,3,/home/nabizadz/Projects/Mahsa/datasets/grid/test/s34/lrau3p.mpg,129,137,3.927006959915161,0.9917611983771856
125,4,/home/nabizadz/Projects/Mahsa/datasets/grid/test/s34/brbx1n.mpg,45,53,2.3857357501983643,0.9470722737249901
125,5,/home/nabizadz/Projects/Mahsa/datasets/grid/test/s34/lgwp7n.mpg,81,89,3.8181819915771484,0.9804686698070021
125,6,/home/nabizadz/Projects/Mahsa/datasets/grid/test/s34/bgby6a.mpg,101,109,4.058290481567383,0.9874204678583137
125,7,/home/nabizadz/Projects/Mahsa/datasets/grid/test/s34/lrit7n.mpg,257,265,4.394413471221924,0.9999954855415109
125,8,/home/nabizadz/Projects/Mahsa/datasets/grid/test/s34/srbe5n.mpg,6,14,4.432437896728516,0.9924341819720661
125,9,/home/nabizadz/Projects/Mahsa/datasets/grid/test/s34/swik8s.mpg,100,108,3.4664864540100098,0.9791723538727463
125,10,/home/nabizadz/Projects/Mahsa/datasets/grid/test/s34/sbak2a.mpg,94,102,3.7007150650024414,0.9741078941854082
125,11,/home/nabizadz/Projects/Mahsa/datasets/grid/test/s34/brii5n.mpg,57,65,3.393418073654175,0.9722365564736111
125,12,/home/nabizadz/Projects/Mahsa/datasets/grid/test/s34/lrbu5n.mpg,224,232,3.5585741996765137,0.9803611018688567
125,13,/home/nabizadz/Projects/Mahsa/datasets/grid/test/s34/lwiu4s.mpg,70,78,2.4666621685028076,0.9841507583419805
125,14,/home/nabizadz/Projects/Mahsa/datasets/grid/test/s34/bgid6a.mpg,102,110,3.873685598373413,0.9871916190597103
125,15,/home/nabizadz/Projects/Mahsa/datasets/grid/test/s34/lbwb2s.mpg,10,18,4.456591606140137,0.9999965987458547
126,0,/home/nabizadz/Projects/Mahsa/datasets/grid/test/s34/sray5p.mpg,148,156,4.000739097595215,0.9884890050045296
126,1,/home/nabizadz/Projects/Mahsa/datasets/grid/test/s34/pgah2a.mpg,263,271,4.382193565368652,0.99998051147676
126,2,/home/nabizadz/Projects/Mahsa/datasets/grid/test/s34/bgwr6a.mpg,13,21,4.539908409118652,0.9999955733519251
126,3,/home/nabizadz/Projects/Mahsa/datasets/grid/test/s34/prwg6s.mpg,188,196,4.23737096786499,0.9994551512014166
126,4,/home/nabizadz/Projects/Mahsa/datasets/grid/test/s34/srbzza.mpg,118,126,4.408823013305664,0.9999894234363481
126,5,/home/nabizadz/Projects/Mahsa/datasets/grid/test/s34/bwip8a.mpg,29,37,4.411283016204834,0.9993436683961369
126,6,/home/nabizadz/Projects/Mahsa/datasets/grid/test/s34/sbbk4s.mpg,86,94,3.699352741241455,0.9823434177837044
126,7,/home/nabizadz/Projects/Mahsa/datasets/grid/test/s34/lwbi5p.mpg,191,199,3.9016501903533936,0.9901406025739656
126,8,/home/nabizadz/Projects/Mahsa/datasets/grid/test/s34/pbbz7n.mpg,15,23,4.541827201843262,0.9999763947783507
126,9,/home/nabizadz/Projects/Mahsa/datasets/grid/test/s34/pgan5p.mpg,148,156,3.680027961730957,0.9905972055579915
126,10,/home/nabizadz/Projects/Mahsa/datasets/grid/test/s34/swiy6s.mpg,84,92,3.8716142177581787,0.9904925084668832
126,11,/home/nabizadz/Projects/Mahsa/datasets/grid/test/s34/bgiq2s.mpg,12,20,4.500457763671875,0.9856005622102644
126,12,/home/nabizadz/Projects/Mahsa/datasets/grid/test/s34/sbbezs.mpg,133,141,4.27047872543335,0.9994240058719455
126,13,/home/nabizadz/Projects/Mahsa/datasets/grid/test/s34/sbbq7n.mpg,85,93,4.151812553405762,0.9977239105629035
126,14,/home/nabizadz/Projects/Mahsa/datasets/grid/test/s34/bwwy2s.mpg,201,209,3.9012060165405273,0.9851598691830321
126,15,/home/nabizadz/Projects/Mahsa/datasets/grid/test/s34/lgav5p.mpg,76,84,2.4395649433135986,0.9821719580502306
127,0,/home/nabizadz/Projects/Mahsa/datasets/grid/test/s34/pwbt8a.mpg,253,261,4.4448723793029785,0.9950239661201157
127,1,/home/nabizadz/Projects/Mahsa/datasets/grid/test/s34/sgisza.mpg,74,82,3.5204756259918213,0.9607163022274683
127,2,/home/nabizadz/Projects/Mahsa/datasets/grid/test/s34/swwz9p.mpg,264,272,4.431964874267578,0.999964713152784
127,3,/home/nabizadz/Projects/Mahsa/datasets/grid/test/s34/lgwp8s.mpg,260,268,4.362494468688965,0.9990965563123397
127,4,/home/nabizadz/Projects/Mahsa/datasets/grid/test/s34/lgbp6a.mpg,175,183,3.8064019680023193,0.9855498642286737
127,5,/home/nabizadz/Projects/Mahsa/datasets/grid/test/s34/braxza.mpg,163,171,3.8755924701690674,0.9696478577289462
127,6,/home/nabizadz/Projects/Mahsa/datasets/grid/test/s34/lwai1p.mpg,262,270,4.434174060821533,0.999810900052284
127,7,/home/nabizadz/Projects/Mahsa/datasets/grid/test/s34/pbbm2a.mpg,58,66,3.1754889488220215,0.9700084217026197
127,8,/home/nabizadz/Projects/Mahsa/datasets/grid/test/s34/priz6s.mpg,189,197,2.7543745040893555,0.9892721525533792
127,9,/home/nabizadz/Projects/Mahsa/datasets/grid/test/s34/pwbn4a.mpg,290,298,4.275563716888428,0.9982880166055316
127,10,/home/nabizadz/Projects/Mahsa/datasets/grid/test/s34/sgwg2s.mpg,173,181,2.720832586288452,0.967536250788556
127,11,/home/nabizadz/Projects/Mahsa/datasets/grid/test/s34/bbav2s.mpg,219,227,3.9097423553466797,0.9717985046355184
127,12,/home/nabizadz/Projects/Mahsa/datasets/grid/test/s34/lgbjzs.mpg,256,264,4.512996196746826,0.9946310730190746
127,13,/home/nabizadz/Projects/Mahsa/datasets/grid/test/s34/brajzs.mpg,149,157,3.604079246520996,0.9845628345034266
127,14,/home/nabizadz/Projects/Mahsa/datasets/grid/test/s34/bwwy4a.mpg,159,167,4.481468677520752,0.9983174593463676
127,15,/home/nabizadz/Projects/Mahsa/datasets/grid/test/s34/pbws9p.mpg,85,93,3.6328203678131104,0.9807320245441407
128,0,/home/nabizadz/Projects/Mahsa/datasets/grid/test/s34/bgbk5n.mpg,2,10,4.522393703460693,0.9999972792846529
128,1,/home/nabizadz/Projects/Mahsa/datasets/grid/test/s34/bwip5n.mpg,169,177,3.6947615146636963,0.9828576625019081
128,2,/home/nabizadz/Projects/Mahsa/datasets/grid/test/s34/bwbkzs.mpg,192,200,3.510366916656494,0.9837629658668022
128,3,/home/nabizadz/Projects/Mahsa/datasets/grid/test/s34/lbwb1n.mpg,38,46,4.382885932922363,0.9999783179058552
128,4,/home/nabizadz/Projects/Mahsa/datasets/grid/test/s34/pgbu4a.mpg,50,58,4.375335693359375,0.9999751871250391
128,5,/home/nabizadz/Projects/Mahsa/datasets/grid/test/s34/pgbh4s.mpg,256,264,2.618403673171997,0.9566935111983873
128,6,/home/nabizadz/Projects/Mahsa/datasets/grid/test/s34/lbag9p.mpg,167,175,4.112045764923096,0.9886762102034309
128,7,/home/nabizadz/Projects/Mahsa/datasets/grid/test/s34/bbii1p.mpg,114,122,4.036720275878906,0.99256775702836
128,8,/home/nabizadz/Projects/Mahsa/datasets/grid/test/s34/pbiz2a.mpg,263,271,4.403609275817871,0.9104949478297784
128,9,/home/nabizadz/Projects/Mahsa/datasets/grid/test/s34/bgiq4a.mpg,265,273,4.407320976257324,0.9984871875981566
128,10,/home/nabizadz/Projects/Mahsa/datasets/grid/test/s34/lgwx3p.mpg,225,233,3.8973236083984375,0.9547216590448215
128,11,/home/nabizadz/Projects/Mahsa/datasets/grid/test/s34/bwidza.mpg,4,12,4.487015724182129,0.995456502453294
128,12,/home/nabizadz/Projects/Mahsa/datasets/grid/test/s34/pbaz6a.mpg,152,160,3.498473882675171,0.9821650988549252
128,13,/home/nabizadz/Projects/Mahsa/datasets/grid/test/s34/bwbd6s.mpg,195,203,4.159140110015869,0.9956338940325882
128,14,/home/nabizadz/Projects/Mahsa/datasets/grid/test/s34/pwig1p.mpg,281,289,4.482481479644775,0.9985756128682434
128,15,/home/nabizadz/Projects/Mahsa/datasets/grid/test/s34/lwao4s.mpg,95,103,3.6958212852478027,0.9823656984205512
129,0,/home/nabizadz/Projects/Mahsa/datasets/grid/test/s34/swwmzs.mpg,111,119,3.9158856868743896,0.9919209574978961
129,1,/home/nabizadz/Projects/Mahsa/datasets/grid/test/s34/bwwq9p.mpg,251,259,4.087786674499512,0.9650722034620582
129,2,/home/nabizadz/Projects/Mahsa/datasets/grid/test/s34/pril8s.mpg,238,246,3.3391754627227783,0.9623759450292779
129,3,/home/nabizadz/Projects/Mahsa/datasets/grid/test/s34/bgbr2a.mpg,197,205,3.7377493381500244,0.9870388609973091
129,4,/home/nabizadz/Projects/Mahsa/datasets/grid/test/s34/bwad4a.mpg,289,297,4.318661689758301,0.9765407301344526
129,5,/home/nabizadz/Projects/Mahsa/datasets/grid/test/s34/pwaazs.mpg,0,8,4.563495635986328,0.999191713921154
129,6,/home/nabizadz/Projects/Mahsa/datasets/grid/test/s34/sgas3p.mpg,234,242,4.143465042114258,0.97725224086384
129,7,/home/nabizadz/Projects/Mahsa/datasets/grid/test/s34/sgwg4a.mpg,132,140,2.5364348888397217,0.9610002032817091
129,8,/home/nabizadz/Projects/Mahsa/datasets/grid/test/s34/sriq7p.mpg,6,14,4.480752944946289,0.9999241714814793
129,9,/home/nabizadz/Projects/Mahsa/datasets/grid/test/s34/pwwh4a.mpg,42,50,3.997014284133911,0.9768858597202477
129,10,/home/nabizadz/Projects/Mahsa/datasets/grid/test/s34/bwwezs.mpg,165,173,3.9495861530303955,0.9892135437621524
129,11,/home/nabizadz/Projects/Mahsa/datasets/grid/test/s34/pwba5p.mpg,61,69,3.1288065910339355,0.9650562654989598
129,12,/home/nabizadz/Projects/Mahsa/datasets/grid/test/s34/sbad5n.mpg,291,299,4.548960208892822,0.9999950519979356
129,13,/home/nabizadz/Projects/Mahsa/datasets/grid/test/s34/brbj3n.mpg,36,44,4.354321479797363,0.9803579548902921
129,14,/home/nabizadz/Projects/Mahsa/datasets/grid/test/s34/lwio1p.mpg,221,229,3.584261894226074,0.9540509065700492
129,15,/home/nabizadz/Projects/Mahsa/datasets/grid/test/s34/sray4s.mpg,13,21,4.4768781661987305,0.9982337981882347
130,0,/home/nabizadz/Projects/Mahsa/datasets/grid/test/s34/pgaa6s.mpg,101,109,3.4032440185546875,0.9759508834106312
130,1,/home/nabizadz/Projects/Mahsa/datasets/grid/test/s34/lgio7p.mpg,208,216,3.7698006629943848,0.9841391604119416
130,2,/home/nabizadz/Projects/Mahsa/datasets/grid/test/s34/lbba7n.mpg,74,82,3.2711238861083984,0.9819483076993291
130,3,/home/nabizadz/Projects/Mahsa/datasets/grid/test/s34/bgbe3p.mpg,160,168,4.106889724731445,0.9989283700382182
130,4,/home/nabizadz/Projects/Mahsa/datasets/grid/test/s34/sgas2s.mpg,239,247,4.061408996582031,0.9913446479168608
130,5,/home/nabizadz/Projects/Mahsa/datasets/grid/test/s34/sbwk9p.mpg,169,177,3.744669198989868,0.982473249749943
130,6,/home/nabizadz/Projects/Mahsa/datasets/grid/test/s34/brip2a.mpg,279,287,4.3539838790893555,0.9467578286689098
130,7,/home/nabizadz/Projects/Mahsa/datasets/grid/test/s34/srwl6a.mpg,178,186,4.025593280792236,0.9867818412177215
130,8,/home/nabizadz/Projects/Mahsa/datasets/grid/test/s34/sbwy5n.mpg,284,292,4.473228931427002,0.9999946410733407
130,9,/home/nabizadz/Projects/Mahsa/datasets/grid/test/s34/brwj8s.mpg,289,297,4.391050815582275,0.9997508037977316
130,10,/home/nabizadz/Projects/Mahsa/datasets/grid/test/s34/bbac2a.mpg,212,220,4.253772258758545,0.9949386093569639
130,11,/home/nabizadz/Projects/Mahsa/datasets/grid/test/s34/swik7n.mpg,213,221,3.8026344776153564,0.9800471567926616
130,12,/home/nabizadz/Projects/Mahsa/datasets/grid/test/s34/lwwc6a.mpg,270,278,4.2080183029174805,0.9990039057924414
130,13,/home/nabizadz/Projects/Mahsa/datasets/grid/test/s34/swal1n.mpg,287,295,4.380059719085693,0.999990497350304
130,14,/home/nabizadz/Projects/Mahsa/datasets/grid/test/s34/bbbp4a.mpg,78,86,3.4482061862945557,0.9688064199035116
130,15,/home/nabizadz/Projects/Mahsa/datasets/grid/test/s34/sgas1n.mpg,94,102,3.514075994491577,0.9806156413691081
131,0,/home/nabizadz/Projects/Mahsa/datasets/grid/test/s34/bgaq5n.mpg,150,158,3.585263967514038,0.9706088303062674
131,1,/home/nabizadz/Projects/Mahsa/datasets/grid/test/s34/brwx6s.mpg,115,123,4.049842357635498,0.9955622118932903
131,2,/home/nabizadz/Projects/Mahsa/datasets/grid/test/s34/sgws9n.mpg,200,208,4.37174654006958,0.9999795689672784
131,3,/home/nabizadz/Projects/Mahsa/datasets/grid/test/s34/sgbs6s.mpg,171,179,4.3504180908203125,0.9988041534132478
131,4,/home/nabizadz/Projects/Mahsa/datasets/grid/test/s34/brwkza.mpg,17,25,4.315436363220215,0.9999892636928795
131,5,/home/nabizadz/Projects/Mahsa/datasets/grid/test/s34/brai9n.mpg,143,151,4.027711868286133,0.995098410069917
131,6,/home/nabizadz/Projects/Mahsa/datasets/grid/test/s34/pwam8s.mpg,110,118,3.882493019104004,0.9877963595563708
131,7,/home/nabizadz/Projects/Mahsa/datasets/grid/test/s34/pwim4s.mpg,161,169,3.82120418548584,0.9825919018115391
131,8,/home/nabizadz/Projects/Mahsa/datasets/grid/test/s34/sbbrza.mpg,121,129,3.943615436553955,0.9914458912111405
131,9,/home/nabizadz/Projects/Mahsa/datasets/grid/test/s34/swal2s.mpg,219,227,3.5747435092926025,0.9761208861834051
131,10,/home/nabizadz/Projects/Mahsa/datasets/grid/test/s34/bbbv7p.mpg,92,100,3.4137022495269775,0.9728795560394481
131,11,/home/nabizadz/Projects/Mahsa/datasets/grid/test/s34/lriuza.mpg,54,62,3.211669683456421,0.989804248505189
131,12,/home/nabizadz/Projects/Mahsa/datasets/grid/test/s34/pwbn1n.mpg,14,22,4.482354164123535,0.997400648523851
131,13,/home/nabizadz/Projects/Mahsa/datasets/grid/test/s34/sbiq2a.mpg,193,201,2.5695531368255615,0.9789188199985954
131,14,/home/nabizadz/Projects/Mahsa/datasets/grid/test/s34/sgwtzs.mpg,249,257,3.276118516921997,0.9943781340653222
131,15,/home/nabizadz/Projects/Mahsa/datasets/grid/test/s34/pwwh2s.mpg,161,169,4.070265769958496,0.9982019261014747
132,0,/home/nabizadz/Projects/Mahsa/datasets/grid/test/s34/priz8a.mpg,222,230,3.9312000274658203,0.9948534740155448
132,1,/home/nabizadz/Projects/Mahsa/datasets/grid/test/s34/srwe9n.mpg,239,247,4.105967998504639,0.9940528755597962
132,2,/home/nabizadz/Projects/Mahsa/datasets/grid/test/s34/lgwc9n.mpg,21,29,4.399714946746826,0.9993835697540577
132,3,/home/nabizadz/Projects/Mahsa/datasets/grid/test/s34/lbat5n.mpg,124,132,4.142312526702881,0.9971636250217892
132,4,/home/nabizadz/Projects/Mahsa/datasets/grid/test/s34/lgwd1p.mpg,289,297,4.193052291870117,0.999902067277258
132,5,/home/nabizadz/Projects/Mahsa/datasets/grid/test/s34/bwic9p.mpg,288,296,4.4896464347839355,0.9999827178195214
132,6,/home/nabizadz/Projects/Mahsa/datasets/grid/test/s34/srwf2a.mpg,257,265,4.4275078773498535,0.9992537307215642
132,7,/home/nabizadz/Projects/Mahsa/datasets/grid/test/s34/brac8a.mpg,0,8,4.467434406280518,0.9999999999999998
132,8,/home/nabizadz/Projects/Mahsa/datasets/grid/test/s34/sbix6a.mpg,193,201,4.009079456329346,0.9900502268501199
132,9,/home/nabizadz/Projects/Mahsa/datasets/grid/test/s34/lgbj1p.mpg,249,257,4.229537010192871,0.9906926223326089
132,10,/home/nabizadz/Projects/Mahsa/datasets/grid/test/s34/lgbi9n.mpg,217,225,4.111247539520264,0.9755839219669593
132,11,/home/nabizadz/Projects/Mahsa/datasets/grid/test/s34/sgamza.mpg,239,247,3.9071848392486572,0.9840405668184523
132,12,/home/nabizadz/Projects/Mahsa/datasets/grid/test/s34/pgah1p.mpg,181,189,3.845970392227173,0.9911627771682529
132,13,/home/nabizadz/Projects/Mahsa/datasets/grid/test/s34/lria6s.mpg,42,50,4.320233345031738,0.981177377455865
132,14,/home/nabizadz/Projects/Mahsa/datasets/grid/test/s34/bwwk6a.mpg,142,150,3.8337318897247314,0.9965617020464701
132,15,/home/nabizadz/Projects/Mahsa/datasets/grid/test/s34/lrihzs.mpg,11,19,4.539698123931885,0.9999798392183248
133,0,/home/nabizadz/Projects/Mahsa/datasets/grid/test/s34/brii6s.mpg,171,179,4.1036057472229,0.9961937671944076
133,1,/home/nabizadz/Projects/Mahsa/datasets/grid/test/s34/sgaf3n.mpg,196,204,3.887251853942871,0.9839870367420906
133,2,/home/nabizadz/Projects/Mahsa/datasets/grid/test/s34/srik4a.mpg,9,17,4.448477745056152,0.9999941252770731
133,3,/home/nabizadz/Projects/Mahsa/datasets/grid/test/s34/sbij5n.mpg,285,293,4.328615665435791,0.9999999999999998
133,4,/home/nabizadz/Projects/Mahsa/datasets/grid/test/s34/bwbk2a.mpg,89,97,4.046217918395996,0.9958328187069007
133,5,/home/nabizadz/Projects/Mahsa/datasets/grid/test/s34/pwbhza.mpg,112,120,3.9895272254943848,0.9911526511881638
133,6,/home/nabizadz/Projects/Mahsa/datasets/grid/test/s34/bbao9p.mpg,143,151,4.067364692687988,0.9984924417901536
133,7,/home/nabizadz/Projects/Mahsa/datasets/grid/test/s34/sriq5n.mpg,272,280,4.462250232696533,0.9986679804169689
133,8,/home/nabizadz/Projects/Mahsa/datasets/grid/test/s34/pbaf3p.mpg,43,51,3.4839720726013184,0.9852891838511352
133,9,/home/nabizadz/Projects/Mahsa/datasets/grid/test/s34/bbbc4s.mpg,102,110,3.7194337844848633,0.9882726407449491
133,10,/home/nabizadz/Projects/Mahsa/datasets/grid/test/s34/lrah3n.mpg,197,205,3.8619279861450195,0.981687964766469
133,11,/home/nabizadz/Projects/Mahsa/datasets/grid/test/s34/sgaz5n.mpg,214,222,4.108761310577393,0.9893338110448759
133,12,/home/nabizadz/Projects/Mahsa/datasets/grid/test/s34/pbaz5p.mpg,181,189,4.123686790466309,0.9993928443796044
133,13,/home/nabizadz/Projects/Mahsa/datasets/grid/test/s34/lrabzs.mpg,144,152,3.7293388843536377,0.996080771350503
133,14,/home/nabizadz/Projects/Mahsa/datasets/grid/test/s34/bwij3p.mpg,286,294,4.277951717376709,0.9985967727016609
133,15,/home/nabizadz/Projects/Mahsa/datasets/grid/test/s34/bbav1n.mpg,61,69,3.4143943786621094,0.9867070031745906
134,0,/home/nabizadz/Projects/Mahsa/datasets/grid/test/s34/pwbt7p.mpg,250,258,4.025926113128662,0.9833334450429008
134,1,/home/nabizadz/Projects/Mahsa/datasets/grid/test/s34/bbib6s.mpg,4,12,4.556601524353027,0.9999972326112344
134,2,/home/nabizadz/Projects/Mahsa/datasets/grid/test/s34/pbil4a.mpg,271,279,4.471075534820557,0.9513203194725776
134,3,/home/nabizadz/Projects/Mahsa/datasets/grid/test/s34/bwaj8a.mpg,41,49,4.40964937210083,0.9882047454331836
134,4,/home/nabizadz/Projects/Mahsa/datasets/grid/test/s34/sbip9n.mpg,233,241,3.948617696762085,0.9813648740992864
134,5,/home/nabizadz/Projects/Mahsa/datasets/grid/test/s34/bwad3p.mpg,92,100,3.87519907951355,0.9771723877639915
134,6,/home/nabizadz/Projects/Mahsa/datasets/grid/test/s34/lwih8a.mpg,127,135,4.026019096374512,0.9820654206509709
134,7,/home/nabizadz/Projects/Mahsa/datasets/grid/test/s34/pbwtza.mpg,128,136,3.729013204574585,0.9925851251282893
134,8,/home/nabizadz/Projects/Mahsa/datasets/grid/test/s34/pwwbza.mpg,186,194,3.6561601161956787,0.9893180656691714
134,9,/home/nabizadz/Projects/Mahsa/datasets/grid/test/s34/pwam7n.mpg,287,295,4.428397178649902,0.9995848304292613
134,10,/home/nabizadz/Projects/Mahsa/datasets/grid/test/s34/pwam9p.mpg,1,9,4.557212829589844,0.9999837059914484
134,11,/home/nabizadz/Projects/Mahsa/datasets/grid/test/s34/bwbd5n.mpg,68,76,3.707399606704712,0.9867704467534945
134,12,/home/nabizadz/Projects/Mahsa/datasets/grid/test/s34/srbe6s.mpg,86,94,3.912609815597534,0.9907958700004278
134,13,/home/nabizadz/Projects/Mahsa/datasets/grid/test/s34/bwic8s.mpg,201,209,4.119278430938721,0.9901421321219671
134,14,/home/nabizadz/Projects/Mahsa/datasets/grid/test/s34/sbaq3n.mpg,163,171,2.447425127029419,0.9881935462909495
134,15,/home/nabizadz/Projects/Mahsa/datasets/grid/test/s34/lbag8s.mpg,234,242,4.13494873046875,0.9866151553266282
135,0,/home/nabizadz/Projects/Mahsa/datasets/grid/test/s34/swaz2a.mpg,186,194,4.169020652770996,0.9957710866946008
135,1,/home/nabizadz/Projects/Mahsa/datasets/grid/test/s34/sbax8s.mpg,235,243,3.7721190452575684,0.9842671759083051
135,2,/home/nabizadz/Projects/Mahsa/datasets/grid/test/s34/pginzs.mpg,21,29,4.504179000854492,0.9970525253498339
135,3,/home/nabizadz/Projects/Mahsa/datasets/grid/test/s34/prbt2a.mpg,262,270,4.4253740310668945,0.9999999999999999
135,4,/home/nabizadz/Projects/Mahsa/datasets/grid/test/s34/brii8a.mpg,38,46,4.368681907653809,0.9861485565617718
135,5,/home/nabizadz/Projects/Mahsa/datasets/grid/test/s34/bwip7p.mpg,101,109,3.5028603076934814,0.9725429637592853
135,6,/home/nabizadz/Projects/Mahsa/datasets/grid/test/s34/pwba4s.mpg,35,43,4.46337890625,0.9985861433669372
135,7,/home/nabizadz/Projects/Mahsa/datasets/grid/test/s34/pgbb1p.mpg,220,228,4.0963640213012695,0.9680012935854074
135,8,/home/nabizadz/Projects/Mahsa/datasets/grid/test/s34/lrwcza.mpg,4,12,4.201099872589111,0.9958492322465199
135,9,/home/nabizadz/Projects/Mahsa/datasets/grid/test/s34/bbbv8a.mpg,198,206,4.06960916519165,0.9922420838629123
135,10,/home/nabizadz/Projects/Mahsa/datasets/grid/test/s34/lbba9p.mpg,71,79,3.7166967391967773,0.9890230466316724
135,11,/home/nabizadz/Projects/Mahsa/datasets/grid/test/s34/srak8a.mpg,137,145,3.6297261714935303,0.9773135123549069
135,12,/home/nabizadz/Projects/Mahsa/datasets/grid/test/s34/sbwk7n.mpg,154,162,3.6738109588623047,0.9840430657338896
135,13,/home/nabizadz/Projects/Mahsa/datasets/grid/test/s34/lgbv9p.mpg,158,166,2.5958411693573,0.9701128558258616
135,14,/home/nabizadz/Projects/Mahsa/datasets/grid/test/s34/lbbu2a.mpg,196,204,3.9458560943603516,0.9844474747879686
135,15,/home/nabizadz/Projects/Mahsa/datasets/grid/test/s34/lwavza.mpg,33,41,4.459129810333252,0.9999640095865658
136,0,/home/nabizadz/Projects/Mahsa/datasets/grid/test/s34/srar2a.mpg,119,127,4.276272773742676,0.9990244211545772
136,1,/home/nabizadz/Projects/Mahsa/datasets/grid/test/s34/sgwm6s.mpg,129,137,2.6094393730163574,0.9859393346390282
136,2,/home/nabizadz/Projects/Mahsa/datasets/grid/test/s34/lgbc6s.mpg,94,102,3.4594292640686035,0.9882877989451777
136,3,/home/nabizadz/Projects/Mahsa/datasets/grid/test/s34/lgac4a.mpg,27,35,4.421056747436523,0.9990408628681587
136,4,/home/nabizadz/Projects/Mahsa/datasets/grid/test/s34/pris4a.mpg,256,264,4.471470832824707,1.0
136,5,/home/nabizadz/Projects/Mahsa/datasets/grid/test/s34/sgbm2s.mpg,147,155,3.486348867416382,0.9783138005037648
136,6,/home/nabizadz/Projects/Mahsa/datasets/grid/test/s34/sbwlza.mpg,241,249,4.503282070159912,0.9997499106852494
136,7,/home/nabizadz/Projects/Mahsa/datasets/grid/test/s34/prwa4a.mpg,151,159,4.513619422912598,0.9996524930210519
136,8,/home/nabizadz/Projects/Mahsa/datasets/grid/test/s34/sgiz3p.mpg,36,44,4.328333854675293,0.9760056318901177
136,9,/home/nabizadz/Projects/Mahsa/datasets/grid/test/s34/srae3p.mpg,261,269,4.4908976554870605,0.9999925112175084
136,10,/home/nabizadz/Projects/Mahsa/datasets/grid/test/s34/pbaf2s.mpg,70,78,4.358794212341309,0.9990086697471103
136,11,/home/nabizadz/Projects/Mahsa/datasets/grid/test/s34/lwwv7p.mpg,172,180,3.7236506938934326,0.9885157949581238
136,12,/home/nabizadz/Projects/Mahsa/datasets/grid/test/s34/lgwx1n.mpg,138,146,3.7523627281188965,0.9983957382194866
136,13,/home/nabizadz/Projects/Mahsa/datasets/grid/test/s34/praf8s.mpg,245,253,3.8353610038757324,0.9789564448453297
136,14,/home/nabizadz/Projects/Mahsa/datasets/grid/test/s34/pras8a.mpg,158,166,4.175623416900635,0.9929796774616412
136,15,/home/nabizadz/Projects/Mahsa/datasets/grid/test/s34/lwbi6a.mpg,95,103,3.6996166706085205,0.9841373936326825
137,0,/home/nabizadz/Projects/Mahsa/datasets/grid/test/s34/swwf6s.mpg,102,110,3.6112706661224365,0.9933028004766282
137,1,/home/nabizadz/Projects/Mahsa/datasets/grid/test/s34/sgbf7n.mpg,16,24,4.421537399291992,0.9999913463499358
137,2,/home/nabizadz/Projects/Mahsa/datasets/grid/test/s34/pwbt5n.mpg,80,88,4.358118534088135,0.9994039151406452
137,3,/home/nabizadz/Projects/Mahsa/datasets/grid/test/s34/lrbu6s.mpg,166,174,3.865845203399658,0.9856517369292496
137,4,/home/nabizadz/Projects/Mahsa/datasets/grid/test/s34/bwaq2a.mpg,70,78,3.532451629638672,0.9858184001277308
137,5,/home/nabizadz/Projects/Mahsa/datasets/grid/test/s34/srbe8a.mpg,255,263,4.487504482269287,0.9997843129247946
137,6,/home/nabizadz/Projects/Mahsa/datasets/grid/test/s34/pgia1n.mpg,163,171,3.8923144340515137,0.9804524616299752
137,7,/home/nabizadz/Projects/Mahsa/datasets/grid/test/s34/srak5n.mpg,148,156,3.937725305557251,0.977294980945775
137,8,/home/nabizadz/Projects/Mahsa/datasets/grid/test/s34/sgbm4a.mpg,14,22,4.4259209632873535,0.9983611436484217
137,9,/home/nabizadz/Projects/Mahsa/datasets/grid/test/s34/swae7n.mpg,170,178,2.752046823501587,0.9839896884560164
137,10,/home/nabizadz/Projects/Mahsa/datasets/grid/test/s34/briv5p.mpg,73,81,3.626433849334717,0.9923378802505998
137,11,/home/nabizadz/Projects/Mahsa/datasets/grid/test/s34/pgan6a.mpg,190,198,3.8959920406341553,0.9793242273493042
137,12,/home/nabizadz/Projects/Mahsa/datasets/grid/test/s34/sbiqzs.mpg,73,81,3.889448642730713,0.9958190311105264
137,13,/home/nabizadz/Projects/Mahsa/datasets/grid/test/s34/lria5n.mpg,197,205,4.218540668487549,0.9991102717574294
137,14,/home/nabizadz/Projects/Mahsa/datasets/grid/test/s34/lrwo7p.mpg,274,282,4.420232772827148,0.9998553768768471
137,15,/home/nabizadz/Projects/Mahsa/datasets/grid/test/s34/prif6a.mpg,254,262,4.471318244934082,0.9999823944852003
138,0,/home/nabizadz/Projects/Mahsa/datasets/grid/test/s34/bbbp2s.mpg,49,57,3.890571355819702,0.982931699078603
138,1,/home/nabizadz/Projects/Mahsa/datasets/grid/test/s34/lrwi3p.mpg,280,288,4.444247722625732,0.9999776191762767
138,2,/home/nabizadz/Projects/Mahsa/datasets/grid/test/s34/pbil1n.mpg,271,279,4.507450580596924,0.999989184099154
138,3,/home/nabizadz/Projects/Mahsa/datasets/grid/test/s34/lrwvzs.mpg,223,231,3.961320638656616,0.979695243135851
138,4,/home/nabizadz/Projects/Mahsa/datasets/grid/test/s34/lgwj4s.mpg,96,104,2.443974494934082,0.9804285790593797
138,5,/home/nabizadz/Projects/Mahsa/datasets/grid/test/s34/pbwf9n.mpg,42,50,3.0993196964263916,0.9728688616436157
138,6,/home/nabizadz/Projects/Mahsa/datasets/grid/test/s34/pgig5n.mpg,257,265,4.524319648742676,0.9999536588009339
138,7,/home/nabizadz/Projects/Mahsa/datasets/grid/test/s34/lrwv2a.mpg,124,132,4.279777526855469,0.9982089776019524
138,8,/home/nabizadz/Projects/Mahsa/datasets/grid/test/s34/lrin6a.mpg,215,223,4.220017910003662,0.9927595422521429
138,9,/home/nabizadz/Projects/Mahsa/datasets/grid/test/s34/sbix3n.mpg,186,194,3.3633382320404053,0.981079392203162
138,10,/home/nabizadz/Projects/Mahsa/datasets/grid/test/s34/lwbb9n.mpg,201,209,3.606354236602783,0.9497454863420932
138,11,/home/nabizadz/Projects/Mahsa/datasets/grid/test/s34/bbiu7n.mpg,244,252,3.99983286857605,0.970769468873072
138,12,/home/nabizadz/Projects/Mahsa/datasets/grid/test/s34/pram4a.mpg,3,11,4.585962772369385,0.9999781037422603
138,13,/home/nabizadz/Projects/Mahsa/datasets/grid/test/s34/brbx2s.mpg,4,12,4.570590019226074,0.999998500106752
138,14,/home/nabizadz/Projects/Mahsa/datasets/grid/test/s34/sbix4s.mpg,273,281,4.416925430297852,0.9996741668352439
138,15,/home/nabizadz/Projects/Mahsa/datasets/grid/test/s34/sgbgza.mpg,112,120,2.7329866886138916,0.9896947696402544
139,0,/home/nabizadz/Projects/Mahsa/datasets/grid/test/s34/pwwh3p.mpg,273,281,4.442657947540283,0.9999386280293658
139,1,/home/nabizadz/Projects/Mahsa/datasets/grid/test/s34/brwd5p.mpg,223,231,3.9110140800476074,0.9840816398470025
139,2,/home/nabizadz/Projects/Mahsa/datasets/grid/test/s34/lbig5p.mpg,261,269,4.405106067657471,0.9992274486367839
139,3,/home/nabizadz/Projects/Mahsa/datasets/grid/test/s34/pgia3p.mpg,275,283,4.548735618591309,0.9997712199845185
139,4,/home/nabizadz/Projects/Mahsa/datasets/grid/test/s34/pbbf5n.mpg,6,14,4.452085494995117,0.9923111347984824
139,5,/home/nabizadz/Projects/Mahsa/datasets/grid/test/s34/lbwb3p.mpg,32,40,4.45407772064209,0.9868066164220933
139,6,/home/nabizadz/Projects/Mahsa/datasets/grid/test/s34/lwwv5n.mpg,287,295,4.4143548011779785,0.9999988875902276
139,7,/home/nabizadz/Projects/Mahsa/datasets/grid/test/s34/brii7p.mpg,186,194,4.221817970275879,0.9914148594263793
139,8,/home/nabizadz/Projects/Mahsa/datasets/grid/test/s34/lrau2s.mpg,100,108,3.5531766414642334,0.9857637378171245
139,9,/home/nabizadz/Projects/Mahsa/datasets/grid/test/s34/pgbh6a.mpg,132,140,4.012345790863037,0.9919928601829072
139,10,/home/nabizadz/Projects/Mahsa/datasets/grid/test/s34/bric3p.mpg,90,98,3.690840005874634,0.9893291864179445
139,11,/home/nabizadz/Projects/Mahsa/datasets/grid/test/s34/lgib7n.mpg,204,212,3.955070972442627,0.9708530265951942
139,12,/home/nabizadz/Projects/Mahsa/datasets/grid/test/s34/pwif9n.mpg,27,35,4.525322914123535,0.9999748117039885
139,13,/home/nabizadz/Projects/Mahsa/datasets/grid/test/s34/pgwb6a.mpg,73,81,4.172507286071777,0.9916765016475059
139,14,/home/nabizadz/Projects/Mahsa/datasets/grid/test/s34/sbaj9n.mpg,131,139,2.577953577041626,0.983876309338857
139,15,/home/nabizadz/Projects/Mahsa/datasets/grid/test/s34/bgbe2s.mpg,289,297,4.355549335479736,0.9995142605908905
140,0,/home/nabizadz/Projects/Mahsa/datasets/grid/test/s34/lbag7n.mpg,70,78,2.3894264698028564,0.973139032594164
140,1,/home/nabizadz/Projects/Mahsa/datasets/grid/test/s34/bgid4s.mpg,2,10,4.476020812988281,0.9999754057580252
140,2,/home/nabizadz/Projects/Mahsa/datasets/grid/test/s34/bgwe7p.mpg,248,256,4.4561767578125,0.9826429079117182
140,3,/home/nabizadz/Projects/Mahsa/datasets/grid/test/s34/lwwv8a.mpg,225,233,4.162375450134277,0.9930853188828628
140,4,/home/nabizadz/Projects/Mahsa/datasets/grid/test/s34/lwwc5p.mpg,14,22,4.384149074554443,0.9999842250098151
140,5,/home/nabizadz/Projects/Mahsa/datasets/grid/test/s34/bwix2a.mpg,236,244,4.01605224609375,0.9872950367508078
140,6,/home/nabizadz/Projects/Mahsa/datasets/grid/test/s34/lraoza.mpg,191,199,4.088718414306641,0.989635275012297
140,7,/home/nabizadz/Projects/Mahsa/datasets/grid/test/s34/pgit4s.mpg,20,28,4.488138675689697,0.9999741357893002
140,8,/home/nabizadz/Projects/Mahsa/datasets/grid/test/s34/pgbn9p.mpg,107,115,3.502108335494995,0.9868579901358677
140,9,/home/nabizadz/Projects/Mahsa/datasets/grid/test/s34/lrbo1n.mpg,250,258,3.920850992202759,0.926942782111426
140,10,/home/nabizadz/Projects/Mahsa/datasets/grid/test/s34/praf7n.mpg,184,192,3.859264612197876,0.9864365264436237
140,11,/home/nabizadz/Projects/Mahsa/datasets/grid/test/s34/pgwb3n.mpg,153,161,3.575204849243164,0.9902795227212483
140,12,/home/nabizadz/Projects/Mahsa/datasets/grid/test/s34/pbal5n.mpg,249,257,4.0486531257629395,0.986640225987631
140,13,/home/nabizadz/Projects/Mahsa/datasets/grid/test/s34/srwr9p.mpg,164,172,3.638742208480835,0.9816750691341393
140,14,/home/nabizadz/Projects/Mahsa/datasets/grid/test/s34/sbbe2a.mpg,79,87,3.9659996032714844,0.9916632009905999
140,15,/home/nabizadz/Projects/Mahsa/datasets/grid/test/s34/pbbf8a.mpg,123,131,3.69740629196167,0.9931654835681434
141,0,/home/nabizadz/Projects/Mahsa/datasets/grid/test/s34/lwai2a.mpg,189,197,3.7969112396240234,0.988752718992736
141,1,/home/nabizadz/Projects/Mahsa/datasets/grid/test/s34/pbwm4s.mpg,262,270,3.7641332149505615,0.9815727618032506
141,2,/home/nabizadz/Projects/Mahsa/datasets/grid/test/s34/priz5n.mpg,233,241,4.15587043762207,0.9915819262956174
141,3,/home/nabizadz/Projects/Mahsa/datasets/grid/test/s34/lwau7n.mpg,47,55,3.9076144695281982,0.9875263659216709
141,4,/home/nabizadz/Projects/Mahsa/datasets/grid/test/s34/bwbx7n.mpg,13,21,4.568606853485107,0.9999977687994666
141,5,/home/nabizadz/Projects/Mahsa/datasets/grid/test/s34/bwax3n.mpg,291,299,4.567848205566406,0.9988335283655178
141,6,/home/nabizadz/Projects/Mahsa/datasets/grid/test/s34/sbaq6a.mpg,247,255,4.314568042755127,0.9999980649987984
141,7,/home/nabizadz/Projects/Mahsa/datasets/grid/test/s34/pgbh5p.mpg,57,65,3.8063149452209473,0.9970422279797296
141,8,/home/nabizadz/Projects/Mahsa/datasets/grid/test/s34/bbio4s.mpg,131,139,3.7622270584106445,0.9817622388417316
141,9,/home/nabizadz/Projects/Mahsa/datasets/grid/test/s34/lrwb7n.mpg,235,243,4.353745937347412,0.9996333196498686
141,10,/home/nabizadz/Projects/Mahsa/datasets/grid/test/s34/pwaa1p.mpg,30,38,4.322996616363525,0.999859842674218
141,11,/home/nabizadz/Projects/Mahsa/datasets/grid/test/s34/bbac1p.mpg,66,74,3.5285251140594482,0.986311492333294
141,12,/home/nabizadz/Projects/Mahsa/datasets/grid/test/s34/bwaq1p.mpg,180,188,3.844374895095825,0.9743171501793831
141,13,/home/nabizadz/Projects/Mahsa/datasets/grid/test/s34/sgaf5p.mpg,241,249,4.394396781921387,0.9981574578086281
141,14,/home/nabizadz/Projects/Mahsa/datasets/grid/test/s34/sgbf9p.mpg,244,252,4.194380760192871,0.9884904968055909
141,15,/home/nabizadz/Projects/Mahsa/datasets/grid/test/s34/swie5p.mpg,81,89,4.035539150238037,0.9944468498857959
142,0,/home/nabizadz/Projects/Mahsa/datasets/grid/test/s34/lwwi8s.mpg,54,62,2.595308303833008,0.9694988917546381
142,1,/home/nabizadz/Projects/Mahsa/datasets/grid/test/s34/bbwp6s.mpg,254,262,4.561451435089111,0.9918156050431223
142,2,/home/nabizadz/Projects/Mahsa/datasets/grid/test/s34/lbbh2s.mpg,169,177,4.218494892120361,0.9964332177363688
142,3,/home/nabizadz/Projects/Mahsa/datasets/grid/test/s34/bbiu9p.mpg,6,14,4.257992744445801,0.9987386331970443
142,4,/home/nabizadz/Projects/Mahsa/datasets/grid/test/s34/sbbk6a.mpg,274,282,4.555966377258301,0.9999999725854706
142,5,/home/nabizadz/Projects/Mahsa/datasets/grid/test/s34/bwwy1n.mpg,182,190,3.724273681640625,0.9753402176671637
142,6,/home/nabizadz/Projects/Mahsa/datasets/grid/test/s34/lria8a.mpg,208,216,4.448036193847656,0.9999971334296017
142,7,/home/nabizadz/Projects/Mahsa/datasets/grid/test/s34/pbaf1n.mpg,47,55,2.963921546936035,0.9650155292176336
142,8,/home/nabizadz/Projects/Mahsa/datasets/grid/test/s34/pgia2s.mpg,280,288,4.365944862365723,0.9989446607768502
142,9,/home/nabizadz/Projects/Mahsa/datasets/grid/test/s34/bbai3n.mpg,235,243,4.016429901123047,0.9833537468667507
142,10,/home/nabizadz/Projects/Mahsa/datasets/grid/test/s34/pbaz3n.mpg,44,52,3.0774827003479004,0.9807640385875502
142,11,/home/nabizadz/Projects/Mahsa/datasets/grid/test/s34/lgbc7p.mpg,218,226,4.015652656555176,0.9918771632703046
142,12,/home/nabizadz/Projects/Mahsa/datasets/grid/test/s34/sgal8s.mpg,80,88,3.7763986587524414,0.9628421890370457
142,13,/home/nabizadz/Projects/Mahsa/datasets/grid/test/s34/lwau8s.mpg,188,196,4.330718517303467,0.998345785369347
142,14,/home/nabizadz/Projects/Mahsa/datasets/grid/test/s34/bbio3n.mpg,175,183,3.7735936641693115,0.9822996903353262
142,15,/home/nabizadz/Projects/Mahsa/datasets/grid/test/s34/bgwr3n.mpg,242,250,4.148634910583496,0.9936587857100715
143,0,/home/nabizadz/Projects/Mahsa/datasets/grid/test/s34/prbm8a.mpg,116,124,4.360172271728516,0.9999530249575934
143,1,/home/nabizadz/Projects/Mahsa/datasets/grid/test/s34/srik1n.mpg,173,181,3.6913864612579346,0.9860225437587922
143,2,/home/nabizadz/Projects/Mahsa/datasets/grid/test/s34/bgij7n.mpg,90,98,3.8356573581695557,0.9920370956320624
143,3,/home/nabizadz/Projects/Mahsa/datasets/grid/test/s34/lbaa3n.mpg,103,111,3.9949069023132324,0.9913020379139581
143,4,/home/nabizadz/Projects/Mahsa/datasets/grid/test/s34/bgay1p.mpg,248,256,4.2315239906311035,0.9910164636415241
143,5,/home/nabizadz/Projects/Mahsa/datasets/grid/test/s34/lgbc5n.mpg,6,14,4.394570827484131,0.9999859398177358
143,6,/home/nabizadz/Projects/Mahsa/datasets/grid/test/s34/srae1n.mpg,255,263,4.36414098739624,0.9900229077243471
143,7,/home/nabizadz/Projects/Mahsa/datasets/grid/test/s34/lwau9p.mpg,211,219,2.8362410068511963,0.9948171201879785
143,8,/home/nabizadz/Projects/Mahsa/datasets/grid/test/s34/pwwa7n.mpg,215,223,4.100179672241211,0.9753406346567092
143,9,/home/nabizadz/Projects/Mahsa/datasets/grid/test/s34/sray6a.mpg,185,193,4.000296115875244,0.9962409663086133
143,10,/home/nabizadz/Projects/Mahsa/datasets/grid/test/s34/prwg7p.mpg,71,79,3.8037967681884766,0.9853323400491192
143,11,/home/nabizadz/Projects/Mahsa/datasets/grid/test/s34/lbbh4a.mpg,74,82,4.126473903656006,0.9957753033468343
143,12,/home/nabizadz/Projects/Mahsa/datasets/grid/test/s34/lbit2s.mpg,162,170,2.763685703277588,0.9768269464911714
143,13,/home/nabizadz/Projects/Mahsa/datasets/grid/test/s34/sbby4a.mpg,59,67,3.5161843299865723,0.9833247397209376
143,14,/home/nabizadz/Projects/Mahsa/datasets/grid/test/s34/lbwu5p.mpg,192,200,3.8144450187683105,0.9696318286621535
143,15,/home/nabizadz/Projects/Mahsa/datasets/grid/test/s34/sgbs5n.mpg,262,270,4.559205532073975,0.9999979625993022
144,0,/home/nabizadz/Projects/Mahsa/datasets/grid/test/s34/bbwx1p.mpg,202,210,3.979361057281494,0.9803822651181185
144,1,/home/nabizadz/Projects/Mahsa/datasets/grid/test/s34/sbij6s.mpg,140,148,3.8190157413482666,0.9877581257323373
144,2,/home/nabizadz/Projects/Mahsa/datasets/grid/test/s34/sbwy6s.mpg,235,243,2.269669532775879,0.975945678539809
144,3,/home/nabizadz/Projects/Mahsa/datasets/grid/test/s34/bwbq3n.mpg,17,25,4.432976722717285,0.9999869688087358
144,4,/home/nabizadz/Projects/Mahsa/datasets/grid/test/s34/bbbc6a.mpg,247,255,4.549509048461914,0.9998953191731497
144,5,/home/nabizadz/Projects/Mahsa/datasets/grid/test/s34/lbbbza.mpg,129,137,4.01841402053833,0.9931561110383149
144,6,/home/nabizadz/Projects/Mahsa/datasets/grid/test/s34/bbav4a.mpg,292,300,4.573088645935059,0.9989631526824779
144,7,/home/nabizadz/Projects/Mahsa/datasets/grid/test/s34/sbad8a.mpg,66,74,4.245042324066162,0.9933356555144611
144,8,/home/nabizadz/Projects/Mahsa/datasets/grid/test/s34/bgikza.mpg,209,217,3.5550479888916016,0.9854465287645832
144,9,/home/nabizadz/Projects/Mahsa/datasets/grid/test/s34/lgai6s.mpg,93,101,3.605534315109253,0.980546727279748
144,10,/home/nabizadz/Projects/Mahsa/datasets/grid/test/s34/bbai4s.mpg,254,262,4.4026336669921875,0.9910507480295933
144,11,/home/nabizadz/Projects/Mahsa/datasets/grid/test/s34/lgii1n.mpg,90,98,3.725660800933838,0.9888107436748422
144,12,/home/nabizadz/Projects/Mahsa/datasets/grid/test/s34/sbad7p.mpg,105,113,3.2090353965759277,0.978512181767313
144,13,/home/nabizadz/Projects/Mahsa/datasets/grid/test/s34/pbaz4s.mpg,0,8,4.493244647979736,0.9998077350347877
144,14,/home/nabizadz/Projects/Mahsa/datasets/grid/test/s34/lwiu3n.mpg,106,114,3.2999532222747803,0.9867456734442659
144,15,/home/nabizadz/Projects/Mahsa/datasets/grid/test/s34/bbbp3p.mpg,240,248,4.025754451751709,0.9788131529894958
145,0,/home/nabizadz/Projects/Mahsa/datasets/grid/test/s34/bgwe6s.mpg,47,55,3.321786403656006,0.9808229801951457
145,1,/home/nabizadz/Projects/Mahsa/datasets/grid/test/s34/brbdzs.mpg,32,40,4.18748140335083,0.9998533638173287
145,2,/home/nabizadz/Projects/Mahsa/datasets/grid/test/s34/bric2s.mpg,116,124,4.05498743057251,0.9913722301538331
145,3,/home/nabizadz/Projects/Mahsa/datasets/grid/test/s34/pbie9p.mpg,214,222,3.5902891159057617,0.9571817670869381
145,4,/home/nabizadz/Projects/Mahsa/datasets/grid/test/s34/lrbb4s.mpg,64,72,3.462799549102783,0.9874832669178855
145,5,/home/nabizadz/Projects/Mahsa/datasets/grid/test/s34/lwbi3n.mpg,286,294,4.37152624130249,0.99999785735555
145,6,/home/nabizadz/Projects/Mahsa/datasets/grid/test/s34/pbar9n.mpg,63,71,3.4773662090301514,0.9947570962003972
145,7,/home/nabizadz/Projects/Mahsa/datasets/grid/test/s34/lbwh8a.mpg,234,242,4.518930435180664,0.9980240029808372
145,8,/home/nabizadz/Projects/Mahsa/datasets/grid/test/s34/lrwo8a.mpg,57,65,2.5065886974334717,0.9750582046899542
145,9,/home/nabizadz/Projects/Mahsa/datasets/grid/test/s34/srbr4s.mpg,17,25,4.419226169586182,0.9999999999999998
145,10,/home/nabizadz/Projects/Mahsa/datasets/grid/test/s34/pbwg2a.mpg,274,282,4.549304008483887,0.999993748300328
145,11,/home/nabizadz/Projects/Mahsa/datasets/grid/test/s34/bgij9p.mpg,78,86,3.284010887145996,0.982428119566514
145,12,/home/nabizadz/Projects/Mahsa/datasets/grid/test/s34/pgwh7n.mpg,106,114,3.755952835083008,0.9806399883767993
145,13,/home/nabizadz/Projects/Mahsa/datasets/grid/test/s34/swbr9n.mpg,5,13,4.526236534118652,0.9999770418621291
145,14,/home/nabizadz/Projects/Mahsa/datasets/grid/test/s34/pgwu7p.mpg,95,103,2.257446050643921,0.9710255330952767
145,15,/home/nabizadz/Projects/Mahsa/datasets/grid/test/s34/sbwe3n.mpg,174,182,3.8390939235687256,0.988616161215082
146,0,/home/nabizadz/Projects/Mahsa/datasets/grid/test/s34/bbivza.mpg,223,231,4.027279376983643,0.9899878235848593
146,1,/home/nabizadz/Projects/Mahsa/datasets/grid/test/s34/sgif2a.mpg,160,168,3.827669143676758,0.9977340321629438
146,2,/home/nabizadz/Projects/Mahsa/datasets/grid/test/s34/sgifzs.mpg,40,48,4.2460432052612305,0.987330650410596
146,3,/home/nabizadz/Projects/Mahsa/datasets/grid/test/s34/bbbp1n.mpg,265,273,4.47259521484375,0.9975673939851316
146,4,/home/nabizadz/Projects/Mahsa/datasets/grid/test/s34/bwwk3n.mpg,243,251,3.862308979034424,0.9782179722451793
146,5,/home/nabizadz/Projects/Mahsa/datasets/grid/test/s34/lbbn5n.mpg,182,190,3.475290060043335,0.9915809961716481
146,6,/home/nabizadz/Projects/Mahsa/datasets/grid/test/s34/sbwy8a.mpg,162,170,4.061251640319824,0.9880256346667373
146,7,/home/nabizadz/Projects/Mahsa/datasets/grid/test/s34/pwwa8s.mpg,20,28,4.377106666564941,0.9951891716985959
146,8,/home/nabizadz/Projects/Mahsa/datasets/grid/test/s34/sgaz6s.mpg,147,155,4.246345520019531,0.9999018979227996
146,9,/home/nabizadz/Projects/Mahsa/datasets/grid/test/s34/bbbc5p.mpg,110,118,4.337269306182861,0.9999057874308475
146,10,/home/nabizadz/Projects/Mahsa/datasets/grid/test/s34/bwwk5p.mpg,192,200,3.7612760066986084,0.9773815132904364
146,11,/home/nabizadz/Projects/Mahsa/datasets/grid/test/s34/lgao9n.mpg,186,194,3.711036443710327,0.9784966522858147
146,12,/home/nabizadz/Projects/Mahsa/datasets/grid/test/s34/lwbc1p.mpg,212,220,3.982677936553955,0.963860013093338
146,13,/home/nabizadz/Projects/Mahsa/datasets/grid/test/s34/lbat8a.mpg,122,130,3.462296962738037,0.9804407402184948
146,14,/home/nabizadz/Projects/Mahsa/datasets/grid/test/s34/bbwx2a.mpg,18,26,4.3073320388793945,0.984636234030656
146,15,/home/nabizadz/Projects/Mahsa/datasets/grid/test/s34/pbal7p.mpg,24,32,4.457162857055664,0.9999621906326891
147,0,/home/nabizadz/Projects/Mahsa/datasets/grid/test/s34/bbib8a.mpg,0,8,4.505468845367432,0.9999893725244016
147,1,/home/nabizadz/Projects/Mahsa/datasets/grid/test/s34/brbp8s.mpg,29,37,4.533560752868652,0.9999954892339108
147,2,/home/nabizadz/Projects/Mahsa/datasets/grid/test/s34/prif4s.mpg,249,257,4.4508137702941895,0.9930269085949518
147,3,/home/nabizadz/Projects/Mahsa/datasets/grid/test/s34/prwt6a.mpg,245,253,4.503967761993408,0.9999960936346092
147,4,/home/nabizadz/Projects/Mahsa/datasets/grid/test/s34/brwd4s.mpg,61,69,3.3412771224975586,0.9883717019696012
147,5,/home/nabizadz/Projects/Mahsa/datasets/grid/test/s34/srak6s.mpg,266,274,4.387280464172363,0.9936715716697015
147,6,/home/nabizadz/Projects/Mahsa/datasets/grid/test/s34/lria7p.mpg,112,120,2.5969021320343018,0.9892586531434778
147,7,/home/nabizadz/Projects/Mahsa/datasets/grid/test/s34/lrit9p.mpg,267,275,4.3789167404174805,0.9967317608340622
147,8,/home/nabizadz/Projects/Mahsa/datasets/grid/test/s34/pwat1n.mpg,180,188,3.99483323097229,0.9800159334208848
147,9,/home/nabizadz/Projects/Mahsa/datasets/grid/test/s34/prwt5p.mpg,165,173,3.800205945968628,0.9823121626835388
147,10,/home/nabizadz/Projects/Mahsa/datasets/grid/test/s34/sbij7p.mpg,174,182,3.8754897117614746,0.9810896090406134
147,11,/home/nabizadz/Projects/Mahsa/datasets/grid/test/s34/pwbn2s.mpg,131,139,3.6099350452423096,0.9821893580028667
147,12,/home/nabizadz/Projects/Mahsa/datasets/grid/test/s34/sgal9p.mpg,76,84,4.199968338012695,0.9973438933072073
147,13,/home/nabizadz/Projects/Mahsa/datasets/grid/test/s34/bgay2a.mpg,62,70,3.2582216262817383,0.9890309356576601
147,14,/home/nabizadz/Projects/Mahsa/datasets/grid/test/s34/srwz1n.mpg,51,59,4.475122451782227,0.9946489487770731
147,15,/home/nabizadz/Projects/Mahsa/datasets/grid/test/s34/pwba3n.mpg,15,23,4.392886161804199,0.9990483007266479
148,0,/home/nabizadz/Projects/Mahsa/datasets/grid/test/s34/lgii3p.mpg,13,21,4.57166051864624,0.9999208414617637
148,1,/home/nabizadz/Projects/Mahsa/datasets/grid/test/s34/bbwj2s.mpg,185,193,3.6856753826141357,0.9681615862904122
148,2,/home/nabizadz/Projects/Mahsa/datasets/grid/test/s34/srid9p.mpg,290,298,4.251473426818848,0.9990923096528076
148,3,/home/nabizadz/Projects/Mahsa/datasets/grid/test/s34/bgix6s.mpg,267,275,4.510443210601807,0.999143327088106
148,4,/home/nabizadz/Projects/Mahsa/datasets/grid/test/s34/pgauza.mpg,257,265,4.292173862457275,0.9954460223662284
148,5,/home/nabizadz/Projects/Mahsa/datasets/grid/test/s34/lgav3n.mpg,41,49,4.267942428588867,0.9950066954765782
148,6,/home/nabizadz/Projects/Mahsa/datasets/grid/test/s34/sgbm1n.mpg,126,134,3.774508476257324,0.9908262513338193
148,7,/home/nabizadz/Projects/Mahsa/datasets/grid/test/s34/lwib1n.mpg,23,31,4.467687606811523,0.997215136443677
148,8,/home/nabizadz/Projects/Mahsa/datasets/grid/test/s34/pgwb4s.mpg,153,161,3.445600986480713,0.9799846626652123
148,9,/home/nabizadz/Projects/Mahsa/datasets/grid/test/s34/lgbp3n.mpg,110,118,4.062325477600098,0.9864094776814473
148,10,/home/nabizadz/Projects/Mahsa/datasets/grid/test/s34/pgag9n.mpg,165,173,3.8341379165649414,0.9538287670778873
148,11,/home/nabizadz/Projects/Mahsa/datasets/grid/test/s34/bgid3n.mpg,8,16,4.46572732925415,0.9999956586001525
148,12,/home/nabizadz/Projects/Mahsa/datasets/grid/test/s34/sbbq8s.mpg,46,54,2.951841115951538,0.9744715150835589
148,13,/home/nabizadz/Projects/Mahsa/datasets/grid/test/s34/praf9p.mpg,66,74,3.5951600074768066,0.9738309458037946
148,14,/home/nabizadz/Projects/Mahsa/datasets/grid/test/s34/pras6s.mpg,197,205,3.801475763320923,0.9937238559072081
148,15,/home/nabizadz/Projects/Mahsa/datasets/grid/test/s34/srwl4s.mpg,189,197,3.7272679805755615,0.9943265324390383
149,0,/home/nabizadz/Projects/Mahsa/datasets/grid/test/s34/pwwuzs.mpg,247,255,4.201641082763672,0.9949267362690287
149,1,/home/nabizadz/Projects/Mahsa/datasets/grid/test/s34/bwij1n.mpg,258,266,4.329259872436523,0.9633098293184142
149,2,/home/nabizadz/Projects/Mahsa/datasets/grid/test/s34/bgaq7p.mpg,95,103,4.289844512939453,0.9929457747264393
149,3,/home/nabizadz/Projects/Mahsa/datasets/grid/test/s34/lwih5n.mpg,217,225,4.0980024337768555,0.9929979867710542
149,4,/home/nabizadz/Projects/Mahsa/datasets/grid/test/s34/lbig6a.mpg,61,69,3.7518467903137207,0.9805568598570066
149,5,/home/nabizadz/Projects/Mahsa/datasets/grid/test/s34/bbbv6s.mpg,126,134,3.9178640842437744,0.9995335638122204
149,6,/home/nabizadz/Projects/Mahsa/datasets/grid/test/s34/lwib3p.mpg,258,266,4.386198997497559,0.9985925378416537
149,7,/home/nabizadz/Projects/Mahsa/datasets/grid/test/s34/sgbz9n.mpg,147,155,4.183589458465576,0.9960240363373749
149,8,/home/nabizadz/Projects/Mahsa/datasets/grid/test/s34/priz7p.mpg,150,158,2.5590789318084717,0.9911282331074942
149,9,/home/nabizadz/Projects/Mahsa/datasets/grid/test/s34/swwz8s.mpg,35,43,4.232553958892822,0.9997963091155062
149,10,/home/nabizadz/Projects/Mahsa/datasets/grid/test/s34/bgij8s.mpg,217,225,3.7649662494659424,0.9951923081598798
149,11,/home/nabizadz/Projects/Mahsa/datasets/grid/test/s34/lrih1p.mpg,23,31,4.360955238342285,0.9999109901341379
149,12,/home/nabizadz/Projects/Mahsa/datasets/grid/test/s34/bbbi9p.mpg,54,62,3.442438840866089,0.980357334298837
149,13,/home/nabizadz/Projects/Mahsa/datasets/grid/test/s34/sgiz1n.mpg,199,207,4.009517192840576,0.9972587156458372
149,14,/home/nabizadz/Projects/Mahsa/datasets/grid/test/s34/bbii2a.mpg,20,28,4.551419734954834,0.983749129059484
149,15,/home/nabizadz/Projects/Mahsa/datasets/grid/test/s34/lgwj3n.mpg,106,114,3.880523443222046,0.9863561949031032
150,0,/home/nabizadz/Projects/Mahsa/datasets/grid/test/s34/bwaqzs.mpg,181,189,4.017632484436035,0.9929944011521727
150,1,/home/nabizadz/Projects/Mahsa/datasets/grid/test/s34/brwx8a.mpg,116,124,4.06361722946167,0.9947202032757126
150,2,/home/nabizadz/Projects/Mahsa/datasets/grid/test/s34/brwx7p.mpg,193,201,4.106843948364258,0.9780423683045864
150,3,/home/nabizadz/Projects/Mahsa/datasets/grid/test/s34/lbwh6s.mpg,244,252,3.9543330669403076,0.9688034929209867
150,4,/home/nabizadz/Projects/Mahsa/datasets/grid/test/s34/lrbb5p.mpg,236,244,4.104183673858643,0.9932253281309172
150,5,/home/nabizadz/Projects/Mahsa/datasets/grid/test/s34/srby8s.mpg,284,292,4.334667682647705,0.9999997448433632
150,6,/home/nabizadz/Projects/Mahsa/datasets/grid/test/s34/lrah4s.mpg,11,19,4.488671779632568,0.9999999999999998
150,7,/home/nabizadz/Projects/Mahsa/datasets/grid/test/s34/lrbu7p.mpg,276,284,4.643888473510742,1.0
150,8,/home/nabizadz/Projects/Mahsa/datasets/grid/test/s34/sgil3n.mpg,131,139,3.5182864665985107,0.98295506046228
150,9,/home/nabizadz/Projects/Mahsa/datasets/grid/test/s34/pram2s.mpg,265,273,4.362154960632324,0.9997880207027958
150,10,/home/nabizadz/Projects/Mahsa/datasets/grid/test/s34/lwah9n.mpg,10,18,4.547235012054443,0.999995740871473
150,11,/home/nabizadz/Projects/Mahsa/datasets/grid/test/s34/brwj9p.mpg,239,247,4.4693498611450195,0.9913530780970006
150,12,/home/nabizadz/Projects/Mahsa/datasets/grid/test/s34/brwq3p.mpg,291,299,4.52069616317749,0.999617379583265
150,13,/home/nabizadz/Projects/Mahsa/datasets/grid/test/s34/srwf1p.mpg,246,254,4.34945011138916,0.9989878146365578
150,14,/home/nabizadz/Projects/Mahsa/datasets/grid/test/s34/bbwp5n.mpg,1,9,4.520631790161133,0.999998572037416
150,15,/home/nabizadz/Projects/Mahsa/datasets/grid/test/s34/swbs1p.mpg,183,191,3.9347307682037354,0.986870796144502
151,0,/home/nabizadz/Projects/Mahsa/datasets/grid/test/s34/pwbn3p.mpg,274,282,4.371924877166748,0.9991393061802819
151,1,/home/nabizadz/Projects/Mahsa/datasets/grid/test/s34/bwip6s.mpg,270,278,4.4272942543029785,0.9853671292945207
151,2,/home/nabizadz/Projects/Mahsa/datasets/grid/test/s34/lbat6s.mpg,40,48,4.273079872131348,0.9999720392215303
151,3,/home/nabizadz/Projects/Mahsa/datasets/grid/test/s34/pgahzs.mpg,151,159,4.16791296005249,0.9928002123891013
151,4,/home/nabizadz/Projects/Mahsa/datasets/grid/test/s34/srwl3n.mpg,17,25,4.37708854675293,0.9999954325641615
151,5,/home/nabizadz/Projects/Mahsa/datasets/grid/test/s34/pbiy9n.mpg,244,252,4.499728202819824,0.9998578126509678
151,6,/home/nabizadz/Projects/Mahsa/datasets/grid/test/s34/bgwr4s.mpg,146,154,4.02932071685791,0.9929086469645283
151,7,/home/nabizadz/Projects/Mahsa/datasets/grid/test/s34/pwwt9n.mpg,235,243,3.907599449157715,0.990711276263002
151,8,/home/nabizadz/Projects/Mahsa/datasets/grid/test/s34/pgbu1n.mpg,205,213,3.5025296211242676,0.9847923621540121
151,9,/home/nabizadz/Projects/Mahsa/datasets/grid/test/s34/pwwa9p.mpg,65,73,3.760406732559204,0.9831303908834683
151,10,/home/nabizadz/Projects/Mahsa/datasets/grid/test/s34/brav7n.mpg,219,227,3.714500904083252,0.988483733295002
151,11,/home/nabizadz/Projects/Mahsa/datasets/grid/test/s34/swbf2s.mpg,84,92,3.8750383853912354,0.9758442690594774
151,12,/home/nabizadz/Projects/Mahsa/datasets/grid/test/s34/brbp9p.mpg,223,231,3.895249128341675,0.9752107879729883
151,13,/home/nabizadz/Projects/Mahsa/datasets/grid/test/s34/swiy8a.mpg,124,132,3.8092687129974365,0.9908792607799265
151,14,/home/nabizadz/Projects/Mahsa/datasets/grid/test/s34/pgat9p.mpg,170,178,3.9373371601104736,0.9957196953473904
151,15,/home/nabizadz/Projects/Mahsa/datasets/grid/test/s34/pwat3p.mpg,190,198,3.8075015544891357,0.9873096774801944
152,0,/home/nabizadz/Projects/Mahsa/datasets/grid/test/s34/brwd6a.mpg,0,8,4.461061000823975,0.9817544049345301
152,1,/home/nabizadz/Projects/Mahsa/datasets/grid/test/s34/sbwr4a.mpg,3,11,4.478410243988037,0.9999546282383832
152,2,/home/nabizadz/Projects/Mahsa/datasets/grid/test/s34/lbim7n.mpg,240,248,4.365088939666748,0.9632633016696008
152,3,/home/nabizadz/Projects/Mahsa/datasets/grid/test/s34/lwab7p.mpg,260,268,4.326981544494629,0.9547666760224559
152,4,/home/nabizadz/Projects/Mahsa/datasets/grid/test/s34/bbib7p.mpg,131,139,3.7094075679779053,0.9851385605861013
152,5,/home/nabizadz/Projects/Mahsa/datasets/grid/test/s34/lrin4s.mpg,44,52,3.5503058433532715,0.9950782322503192
152,6,/home/nabizadz/Projects/Mahsa/datasets/grid/test/s34/prwt3n.mpg,10,18,4.4172282218933105,0.9999418191301153
152,7,/home/nabizadz/Projects/Mahsa/datasets/grid/test/s34/prwa1n.mpg,3,11,4.437536239624023,0.9847416476874405
152,8,/home/nabizadz/Projects/Mahsa/datasets/grid/test/s34/swir2s.mpg,50,58,4.490631580352783,0.9998715806227191
152,9,/home/nabizadz/Projects/Mahsa/datasets/grid/test/s34/swar8a.mpg,59,67,3.2725706100463867,0.9629679876270267
152,10,/home/nabizadz/Projects/Mahsa/datasets/grid/test/s34/sbid1n.mpg,18,26,4.347203731536865,0.997339517300332
152,11,/home/nabizadz/Projects/Mahsa/datasets/grid/test/s34/lbwn9n.mpg,100,108,4.105886459350586,0.9975281541366631
152,12,/home/nabizadz/Projects/Mahsa/datasets/grid/test/s34/sgil5p.mpg,243,251,4.245409965515137,0.9817523445798527
152,13,/home/nabizadz/Projects/Mahsa/datasets/grid/test/s34/sgbs7p.mpg,175,183,3.5597662925720215,0.9900690387426606
152,14,/home/nabizadz/Projects/Mahsa/datasets/grid/test/s34/lwab6s.mpg,287,295,4.369388580322266,0.9999110184532426
152,15,/home/nabizadz/Projects/Mahsa/datasets/grid/test/s34/lgav4s.mpg,14,22,4.433993816375732,0.9999999409628709
153,0,/home/nabizadz/Projects/Mahsa/datasets/grid/test/s34/bwwd9n.mpg,85,93,3.741654872894287,0.9904551067895951
153,1,/home/nabizadz/Projects/Mahsa/datasets/grid/test/s34/pbir6s.mpg,113,121,3.870530605316162,0.9763764689140627
153,2,/home/nabizadz/Projects/Mahsa/datasets/grid/test/s34/pwwu2a.mpg,58,66,3.8750720024108887,0.9856519949136088
153,3,/home/nabizadz/Projects/Mahsa/datasets/grid/test/s34/lbbh3p.mpg,274,282,4.300985813140869,0.9973472425128647
153,4,/home/nabizadz/Projects/Mahsa/datasets/grid/test/s34/bbab9n.mpg,250,258,4.411722183227539,0.9999828708928197
153,5,/home/nabizadz/Projects/Mahsa/datasets/grid/test/s34/lwbo8s.mpg,52,60,4.509246349334717,0.9999921659184721
153,6,/home/nabizadz/Projects/Mahsa/datasets/grid/test/s34/lgac2s.mpg,214,222,4.040513038635254,0.9914994704308376
153,7,/home/nabizadz/Projects/Mahsa/datasets/grid/test/s34/bgbe1n.mpg,249,257,4.018680095672607,0.9908634169203459
153,8,/home/nabizadz/Projects/Mahsa/datasets/grid/test/s34/briv3n.mpg,159,167,4.2011847496032715,0.9997124290936567
153,9,/home/nabizadz/Projects/Mahsa/datasets/grid/test/s34/lwbi4s.mpg,186,194,3.0687074661254883,0.9780454295930068
153,10,/home/nabizadz/Projects/Mahsa/datasets/grid/test/s34/bbiizs.mpg,240,248,3.8414878845214844,0.9861744362548326
153,11,/home/nabizadz/Projects/Mahsa/datasets/grid/test/s34/bgwlzs.mpg,172,180,3.8769967555999756,0.9917022805841521
153,12,/home/nabizadz/Projects/Mahsa/datasets/grid/test/s34/lgbc8a.mpg,12,20,4.530948162078857,0.9999800317581121
153,13,/home/nabizadz/Projects/Mahsa/datasets/grid/test/s34/lrab2a.mpg,91,99,3.204000949859619,0.9854647312252998
153,14,/home/nabizadz/Projects/Mahsa/datasets/grid/test/s34/lrin5p.mpg,275,283,4.244000434875488,0.9919485728267194
153,15,/home/nabizadz/Projects/Mahsa/datasets/grid/test/s34/swiy7p.mpg,108,116,4.12237024307251,0.9972933356366294
154,0,/home/nabizadz/Projects/Mahsa/datasets/grid/test/s34/pris3p.mpg,157,165,4.219552993774414,0.999476074307062
154,1,/home/nabizadz/Projects/Mahsa/datasets/grid/test/s34/bgbk6s.mpg,155,163,3.757028818130493,0.9899913314410819
154,2,/home/nabizadz/Projects/Mahsa/datasets/grid/test/s34/bwwq7n.mpg,218,226,3.9348838329315186,0.9866707430336925
154,3,/home/nabizadz/Projects/Mahsa/datasets/grid/test/s34/lbwu6a.mpg,132,140,4.466400623321533,0.9976200489972058
154,4,/home/nabizadz/Projects/Mahsa/datasets/grid/test/s34/lbwo2a.mpg,234,242,4.365898609161377,0.9822723133823614
154,5,/home/nabizadz/Projects/Mahsa/datasets/grid/test/s34/brbc9n.mpg,130,138,4.1011834144592285,0.99741620228045
154,6,/home/nabizadz/Projects/Mahsa/datasets/grid/test/s34/lrwv1p.mpg,249,257,4.161506652832031,0.9938725694252774
154,7,/home/nabizadz/Projects/Mahsa/datasets/grid/test/s34/lrah6a.mpg,9,17,4.553854942321777,0.9999544544902328
154,8,/home/nabizadz/Projects/Mahsa/datasets/grid/test/s34/pgin1p.mpg,43,51,3.7966365814208984,0.9864327957161858
154,9,/home/nabizadz/Projects/Mahsa/datasets/grid/test/s34/bbbi7n.mpg,23,31,4.554377555847168,0.9891329112813447
154,10,/home/nabizadz/Projects/Mahsa/datasets/grid/test/s34/pwbg9p.mpg,235,243,3.7106826305389404,0.9801842683295355
154,11,/home/nabizadz/Projects/Mahsa/datasets/grid/test/s34/pbbs6a.mpg,130,138,3.919374704360962,0.9955375454544798
154,12,/home/nabizadz/Projects/Mahsa/datasets/grid/test/s34/swbz3n.mpg,136,144,2.492561101913452,0.9715207316872627
154,13,/home/nabizadz/Projects/Mahsa/datasets/grid/test/s34/pgbb2a.mpg,150,158,4.086550235748291,0.9975102090701778
154,14,/home/nabizadz/Projects/Mahsa/datasets/grid/test/s34/brap6a.mpg,40,48,3.5565896034240723,0.9756408034957423
154,15,/home/nabizadz/Projects/Mahsa/datasets/grid/test/s34/lrbu8a.mpg,223,231,4.042481422424316,0.991565731778917
155,0,/home/nabizadz/Projects/Mahsa/datasets/grid/test/s34/lgbp4s.mpg,154,162,3.1264097690582275,0.9761611788111869
155,1,/home/nabizadz/Projects/Mahsa/datasets/grid/test/s34/brap3n.mpg,286,294,4.4697651863098145,0.9978348029475711
155,2,/home/nabizadz/Projects/Mahsa/datasets/grid/test/s34/bgix5n.mpg,73,81,3.4144866466522217,0.983912132110265
155,3,/home/nabizadz/Projects/Mahsa/datasets/grid/test/s34/swbl7p.mpg,197,205,3.70447039604187,0.9887320945364481
155,4,/home/nabizadz/Projects/Mahsa/datasets/grid/test/s34/swws4s.mpg,244,252,4.195011138916016,0.9992591202780605
155,5,/home/nabizadz/Projects/Mahsa/datasets/grid/test/s34/sgwaza.mpg,137,145,3.6359941959381104,0.9937190766723938
155,6,/home/nabizadz/Projects/Mahsa/datasets/grid/test/s34/sgil4s.mpg,29,37,4.1782917976379395,0.9685012555122621
155,7,/home/nabizadz/Projects/Mahsa/datasets/grid/test/s34/brip1p.mpg,95,103,3.454991102218628,0.9899952742640994
155,8,/home/nabizadz/Projects/Mahsa/datasets/grid/test/s34/sbwk8s.mpg,288,296,4.496621131896973,0.9997747500779536
155,9,/home/nabizadz/Projects/Mahsa/datasets/grid/test/s34/srwr7n.mpg,82,90,3.513126850128174,0.9876305115955609
155,10,/home/nabizadz/Projects/Mahsa/datasets/grid/test/s34/braj1p.mpg,244,252,4.368052005767822,0.8989577389782494
155,11,/home/nabizadz/Projects/Mahsa/datasets/grid/test/s34/lrwi4a.mpg,144,152,4.409363746643066,0.9978904423890949
155,12,/home/nabizadz/Projects/Mahsa/datasets/grid/test/s34/swbl6s.mpg,154,162,3.5016067028045654,0.9869371082417598
155,13,/home/nabizadz/Projects/Mahsa/datasets/grid/test/s34/lbwb4a.mpg,32,40,4.2790398597717285,0.9999681341620829
155,14,/home/nabizadz/Projects/Mahsa/datasets/grid/test/s34/lban3p.mpg,191,199,4.1716132164001465,0.992119155961697
155,15,/home/nabizadz/Projects/Mahsa/datasets/grid/test/s34/pbal8a.mpg,127,135,3.9513001441955566,0.9928542381505142
156,0,/home/nabizadz/Projects/Mahsa/datasets/grid/test/s34/pgia4a.mpg,10,18,4.418123722076416,0.9997365647535089
156,1,/home/nabizadz/Projects/Mahsa/datasets/grid/test/s34/prwg5n.mpg,288,296,4.341610908508301,0.9820066613519115
156,2,/home/nabizadz/Projects/Mahsa/datasets/grid/test/s34/pgbh3n.mpg,97,105,3.319908857345581,0.9869022846161881
156,3,/home/nabizadz/Projects/Mahsa/datasets/grid/test/s34/swae8s.mpg,104,112,3.8793516159057617,0.9853515552847946
156,4,/home/nabizadz/Projects/Mahsa/datasets/grid/test/s34/lbim9p.mpg,156,164,2.8393023014068604,0.9768336520393006
156,5,/home/nabizadz/Projects/Mahsa/datasets/grid/test/s34/swir3p.mpg,269,277,4.530038833618164,0.9997334995976046
156,6,/home/nabizadz/Projects/Mahsa/datasets/grid/test/s34/swwf7p.mpg,191,199,3.8974344730377197,0.9962314647618352
156,7,/home/nabizadz/Projects/Mahsa/datasets/grid/test/s34/sray3n.mpg,247,255,4.489718914031982,0.9999842156608887
156,8,/home/nabizadz/Projects/Mahsa/datasets/grid/test/s34/sgwg1n.mpg,246,254,4.004944324493408,0.9859556966295492
156,9,/home/nabizadz/Projects/Mahsa/datasets/grid/test/s34/pbir8a.mpg,32,40,3.1592118740081787,0.9827266969578885
156,10,/home/nabizadz/Projects/Mahsa/datasets/grid/test/s34/pwba6a.mpg,212,220,4.156073093414307,0.9920288593718172
156,11,/home/nabizadz/Projects/Mahsa/datasets/grid/test/s34/bwwe1p.mpg,17,25,4.445512294769287,0.9984972954578918
156,12,/home/nabizadz/Projects/Mahsa/datasets/grid/test/s34/lrab1p.mpg,165,173,3.7228024005889893,0.9903116453193633
156,13,/home/nabizadz/Projects/Mahsa/datasets/grid/test/s34/srbr5p.mpg,182,190,4.355701446533203,0.9988446570416292
156,14,/home/nabizadz/Projects/Mahsa/datasets/grid/test/s34/pbbs3n.mpg,246,254,4.075619220733643,0.9973576470158764
156,15,/home/nabizadz/Projects/Mahsa/datasets/grid/test/s34/prwn1p.mpg,186,194,2.608313798904419,0.9862286325105534
157,0,/home/nabizadz/Projects/Mahsa/datasets/grid/test/s34/pbbz8s.mpg,283,291,4.422696590423584,0.9999807188115405
157,1,/home/nabizadz/Projects/Mahsa/datasets/grid/test/s34/sgaf4s.mpg,263,271,4.479710578918457,0.9999914545407736
157,2,/home/nabizadz/Projects/Mahsa/datasets/grid/test/s34/pbiz1p.mpg,181,189,3.7598328590393066,0.9894131482593999
157,3,/home/nabizadz/Projects/Mahsa/datasets/grid/test/s34/lrwi1n.mpg,5,13,4.493326663970947,0.9999992620216699
157,4,/home/nabizadz/Projects/Mahsa/datasets/grid/test/s34/lrit8s.mpg,162,170,2.781799077987671,0.9831825391116057
157,5,/home/nabizadz/Projects/Mahsa/datasets/grid/test/s34/srbl2a.mpg,125,133,3.6861376762390137,0.9897455151765248
157,6,/home/nabizadz/Projects/Mahsa/datasets/grid/test/s34/bgwr5p.mpg,238,246,4.299666404724121,0.9618202599221667
157,7,/home/nabizadz/Projects/Mahsa/datasets/grid/test/s34/lbia1p.mpg,64,72,3.024822473526001,0.9747346109499716
157,8,/home/nabizadz/Projects/Mahsa/datasets/grid/test/s34/lbbh1n.mpg,87,95,4.069467067718506,0.9836635141214715
157,9,/home/nabizadz/Projects/Mahsa/datasets/grid/test/s34/sgwm5n.mpg,8,16,4.313719749450684,0.9999736602871637
157,10,/home/nabizadz/Projects/Mahsa/datasets/grid/test/s34/bgbr1p.mpg,34,42,4.355243682861328,0.9999935631577752
157,11,/home/nabizadz/Projects/Mahsa/datasets/grid/test/s34/bwad1n.mpg,278,286,4.495546340942383,0.9894574849749918
157,12,/home/nabizadz/Projects/Mahsa/datasets/grid/test/s34/pbbmzs.mpg,39,47,3.8422353267669678,0.9874978130324243
157,13,/home/nabizadz/Projects/Mahsa/datasets/grid/test/s34/lgwd2a.mpg,166,174,4.2487101554870605,0.9978472787986662
157,14,/home/nabizadz/Projects/Mahsa/datasets/grid/test/s34/lbat7p.mpg,52,60,3.877837896347046,0.9838750709047211
157,15,/home/nabizadz/Projects/Mahsa/datasets/grid/test/s34/bgak3p.mpg,35,43,4.368213653564453,0.999896761239923
158,0,/home/nabizadz/Projects/Mahsa/datasets/grid/test/s34/swbl5n.mpg,37,45,4.486204147338867,0.9984618083288114
158,1,/home/nabizadz/Projects/Mahsa/datasets/grid/test/s34/lrwu9n.mpg,45,53,4.41624116897583,0.9999901898026377
158,2,/home/nabizadz/Projects/Mahsa/datasets/grid/test/s34/pril7n.mpg,281,289,4.4252166748046875,0.9959267300483418
158,3,/home/nabizadz/Projects/Mahsa/datasets/grid/test/s34/bwax4s.mpg,281,289,4.451889514923096,0.9958162494044469
158,4,/home/nabizadz/Projects/Mahsa/datasets/grid/test/s34/pbwm3n.mpg,165,173,3.6196939945220947,0.9873167656376279
158,5,/home/nabizadz/Projects/Mahsa/datasets/grid/test/s34/pwwn5n.mpg,26,34,4.397535800933838,0.9994826804234562
158,6,/home/nabizadz/Projects/Mahsa/datasets/grid/test/s34/lwih7p.mpg,6,14,4.489132881164551,0.9999959381606505
158,7,/home/nabizadz/Projects/Mahsa/datasets/grid/test/s34/pgwu5n.mpg,38,46,2.9638168811798096,0.9933490688817973
158,8,/home/nabizadz/Projects/Mahsa/datasets/grid/test/s34/pbaf4a.mpg,219,227,3.822474956512451,0.9874283930419084
158,9,/home/nabizadz/Projects/Mahsa/datasets/grid/test/s34/bbbjza.mpg,200,208,3.736551284790039,0.988133620063826
158,10,/home/nabizadz/Projects/Mahsa/datasets/grid/test/s34/brbx3p.mpg,239,247,4.291545867919922,0.9959623472504888
158,11,/home/nabizadz/Projects/Mahsa/datasets/grid/test/s34/prbaza.mpg,202,210,3.9162001609802246,0.9874556051125174
158,12,/home/nabizadz/Projects/Mahsa/datasets/grid/test/s34/sraq9n.mpg,43,51,3.9071879386901855,0.999285132026447
158,13,/home/nabizadz/Projects/Mahsa/datasets/grid/test/s34/pwwh1n.mpg,99,107,3.8452298641204834,0.9902037533618665
158,14,/home/nabizadz/Projects/Mahsa/datasets/grid/test/s34/lwwp4a.mpg,59,67,3.5975828170776367,0.9830346922393048
158,15,/home/nabizadz/Projects/Mahsa/datasets/grid/test/s34/lgib8s.mpg,234,242,3.7086069583892822,0.9821548738260538
159,0,/home/nabizadz/Projects/Mahsa/datasets/grid/test/s34/pwis8s.mpg,3,11,4.506465911865234,0.9993815508752733
159,1,/home/nabizadz/Projects/Mahsa/datasets/grid/test/s34/pgwiza.mpg,152,160,3.492140769958496,0.9807895874314814
159,2,/home/nabizadz/Projects/Mahsa/datasets/grid/test/s34/srid7n.mpg,6,14,4.545031547546387,0.9999979526633247
159,3,/home/nabizadz/Projects/Mahsa/datasets/grid/test/s34/srwl5p.mpg,68,76,4.090456008911133,0.9965347487470899
159,4,/home/nabizadz/Projects/Mahsa/datasets/grid/test/s34/sgie9n.mpg,276,284,4.517512798309326,0.999979101172145
159,5,/home/nabizadz/Projects/Mahsa/datasets/grid/test/s34/swbz4s.mpg,142,150,4.206546783447266,0.9980074392346575
159,6,/home/nabizadz/Projects/Mahsa/datasets/grid/test/s34/swie6a.mpg,234,242,3.953207492828369,0.9929629898574105
159,7,/home/nabizadz/Projects/Mahsa/datasets/grid/test/s34/bbwdza.mpg,144,152,3.6627488136291504,0.9963800986477723
159,8,/home/nabizadz/Projects/Mahsa/datasets/grid/test/s34/pgboza.mpg,157,165,3.476677179336548,0.9728947943506002
159,9,/home/nabizadz/Projects/Mahsa/datasets/grid/test/s34/brwd3n.mpg,66,74,2.8504252433776855,0.9827943925754347
159,10,/home/nabizadz/Projects/Mahsa/datasets/grid/test/s34/lwih6s.mpg,96,104,4.204221248626709,0.9986310085390145
159,11,/home/nabizadz/Projects/Mahsa/datasets/grid/test/s34/lbig4s.mpg,85,93,3.9935076236724854,0.9881966573448042
159,12,/home/nabizadz/Projects/Mahsa/datasets/grid/test/s34/pwim5p.mpg,67,75,4.142575263977051,0.993569093843214
159,13,/home/nabizadz/Projects/Mahsa/datasets/grid/test/s34/lbaa4s.mpg,154,162,3.985760450363159,0.9896496225475808
159,14,/home/nabizadz/Projects/Mahsa/datasets/grid/test/s34/lwwi7n.mpg,162,170,3.9671292304992676,0.9949446463616088
159,15,/home/nabizadz/Projects/Mahsa/datasets/grid/test/s34/pwwu1p.mpg,108,116,4.086989879608154,0.9973660818499763
160,0,/home/nabizadz/Projects/Mahsa/datasets/grid/test/s34/bgaeza.mpg,98,106,3.4412806034088135,0.9710136493238549
160,1,/home/nabizadz/Projects/Mahsa/datasets/grid/test/s34/lwbczs.mpg,113,121,4.178260803222656,0.9996764604224639
160,2,/home/nabizadz/Projects/Mahsa/datasets/grid/test/s34/bbbc3n.mpg,202,210,4.136242389678955,0.9965890202861125
160,3,/home/nabizadz/Projects/Mahsa/datasets/grid/test/s34/bgix8a.mpg,20,28,4.411537170410156,0.9999727946730294
160,4,/home/nabizadz/Projects/Mahsa/datasets/grid/test/s34/bgad7n.mpg,150,158,3.9768590927124023,0.9906598948726735
160,5,/home/nabizadz/Projects/Mahsa/datasets/grid/test/s34/pwis9p.mpg,273,281,4.54649019241333,0.9999368171253197
160,6,/home/nabizadz/Projects/Mahsa/datasets/grid/test/s34/bgwe5n.mpg,279,287,4.35823392868042,0.9806894592265182
160,7,/home/nabizadz/Projects/Mahsa/datasets/grid/test/s34/bwaj5n.mpg,126,134,4.393954277038574,0.9984858121510493
160,8,/home/nabizadz/Projects/Mahsa/datasets/grid/test/s34/lgiv1p.mpg,25,33,4.501026153564453,0.999384939335353
160,9,/home/nabizadz/Projects/Mahsa/datasets/grid/test/s34/lwbpza.mpg,197,205,3.9662492275238037,0.9845339318511331
160,10,/home/nabizadz/Projects/Mahsa/datasets/grid/test/s34/lrwi2s.mpg,117,125,3.604566812515259,0.9925036813286184
160,11,/home/nabizadz/Projects/Mahsa/datasets/grid/test/s34/lgivzs.mpg,288,296,4.3237786293029785,0.9998883814501153
160,12,/home/nabizadz/Projects/Mahsa/datasets/grid/test/s34/brap4s.mpg,249,257,4.404991149902344,0.8864370152375276
160,13,/home/nabizadz/Projects/Mahsa/datasets/grid/test/s34/swafza.mpg,8,16,4.486304759979248,0.9995440191156855
160,14,/home/nabizadz/Projects/Mahsa/datasets/grid/test/s34/srby9p.mpg,158,166,3.2544469833374023,0.9884885499720296
160,15,/home/nabizadz/Projects/Mahsa/datasets/grid/test/s34/swar6s.mpg,88,96,3.962671995162964,0.9864252585221933
161,0,/home/nabizadz/Projects/Mahsa/datasets/grid/test/s34/sbby1n.mpg,111,119,3.7961955070495605,0.987925895551427
161,1,/home/nabizadz/Projects/Mahsa/datasets/grid/test/s34/swir4a.mpg,122,130,3.749601125717163,0.9946879867983004
161,2,/home/nabizadz/Projects/Mahsa/datasets/grid/test/s34/bwij2s.mpg,292,300,4.512686252593994,0.9999929600916556
161,3,/home/nabizadz/Projects/Mahsa/datasets/grid/test/s34/lbbn8a.mpg,6,14,4.475336074829102,0.9999999999999996
161,4,/home/nabizadz/Projects/Mahsa/datasets/grid/test/s34/pbbl9n.mpg,283,291,4.359306335449219,0.9846884698196187
161,5,/home/nabizadz/Projects/Mahsa/datasets/grid/test/s34/bgby4s.mpg,62,70,3.204526424407959,0.9783616968231453
161,6,/home/nabizadz/Projects/Mahsa/datasets/grid/test/s34/brav8s.mpg,68,76,3.6038036346435547,0.9832008226228214
161,7,/home/nabizadz/Projects/Mahsa/datasets/grid/test/s34/lwio2a.mpg,135,143,4.022346019744873,0.9864739089532808
161,8,/home/nabizadz/Projects/Mahsa/datasets/grid/test/s34/sriq8a.mpg,29,37,4.401385307312012,1.0
161,9,/home/nabizadz/Projects/Mahsa/datasets/grid/test/s34/pris2s.mpg,271,279,4.482979774475098,0.9777354808973843
161,10,/home/nabizadz/Projects/Mahsa/datasets/grid/test/s34/lbwh5n.mpg,239,247,4.0336174964904785,0.986444364679102
161,11,/home/nabizadz/Projects/Mahsa/datasets/grid/test/s34/bwbx8s.mpg,263,271,4.471275806427002,0.999817834728375
161,12,/home/nabizadz/Projects/Mahsa/datasets/grid/test/s34/sgbf8s.mpg,248,256,3.987135648727417,0.990906984460524
161,13,/home/nabizadz/Projects/Mahsa/datasets/grid/test/s34/bgbk8a.mpg,7,15,4.487356185913086,0.9999975088586897
161,14,/home/nabizadz/Projects/Mahsa/datasets/grid/test/s34/lwab5n.mpg,140,148,3.8975095748901367,0.9850629454308492
161,15,/home/nabizadz/Projects/Mahsa/datasets/grid/test/s34/lrbo4a.mpg,166,174,3.5904016494750977,0.9773593207760518
162,0,/home/nabizadz/Projects/Mahsa/datasets/grid/test/s34/bbaczs.mpg,213,221,4.0789594650268555,0.9916565903449827
162,1,/home/nabizadz/Projects/Mahsa/datasets/grid/test/s34/bgby5p.mpg,215,223,3.9206035137176514,0.960515293028619
162,2,/home/nabizadz/Projects/Mahsa/datasets/grid/test/s34/lwib4a.mpg,211,219,3.947524070739746,0.9861719901648648
162,3,/home/nabizadz/Projects/Mahsa/datasets/grid/test/s34/pbbf7p.mpg,152,160,4.400402069091797,0.9997808678095118
162,4,/home/nabizadz/Projects/Mahsa/datasets/grid/test/s34/lban4a.mpg,92,100,3.688594102859497,0.9786474482537344
162,5,/home/nabizadz/Projects/Mahsa/datasets/grid/test/s34/lrwb9p.mpg,78,86,3.1685333251953125,0.9826828212189289
162,6,/home/nabizadz/Projects/Mahsa/datasets/grid/test/s34/bgak1n.mpg,223,231,4.459921836853027,0.9877839418319835
162,7,/home/nabizadz/Projects/Mahsa/datasets/grid/test/s34/pgwu8a.mpg,126,134,2.503875970840454,0.9695291833530716
162,8,/home/nabizadz/Projects/Mahsa/datasets/grid/test/s34/lwbv4a.mpg,79,87,3.7332143783569336,0.9935023323043922
162,9,/home/nabizadz/Projects/Mahsa/datasets/grid/test/s34/pbas1p.mpg,25,33,4.456350326538086,0.9999699050703142
162,10,/home/nabizadz/Projects/Mahsa/datasets/grid/test/s34/pgit6a.mpg,79,87,3.679748773574829,0.974331747346885
162,11,/home/nabizadz/Projects/Mahsa/datasets/grid/test/s34/pram1n.mpg,185,193,3.7050392627716064,0.9664352040048116
162,12,/home/nabizadz/Projects/Mahsa/datasets/grid/test/s34/brbj6a.mpg,1,9,4.550617694854736,0.9999872863833926
162,13,/home/nabizadz/Projects/Mahsa/datasets/grid/test/s34/pgwo1n.mpg,189,197,3.5230188369750977,0.9680752088118736
162,14,/home/nabizadz/Projects/Mahsa/datasets/grid/test/s34/lbiazs.mpg,119,127,4.1205596923828125,0.9857562950694109
162,15,/home/nabizadz/Projects/Mahsa/datasets/grid/test/s34/sbakzs.mpg,39,47,4.238119125366211,0.9809135063913073
163,0,/home/nabizadz/Projects/Mahsa/datasets/grid/test/s34/bbai6a.mpg,5,13,4.461384296417236,0.9993416382305312
163,1,/home/nabizadz/Projects/Mahsa/datasets/grid/test/s34/lbbuzs.mpg,110,118,2.7628846168518066,0.9890776910126124
163,2,/home/nabizadz/Projects/Mahsa/datasets/grid/test/s34/bwixzs.mpg,140,148,3.96773099899292,0.9890630297264943
163,3,/home/nabizadz/Projects/Mahsa/datasets/grid/test/s34/srieza.mpg,229,237,3.9764881134033203,0.9928451259662606
163,4,/home/nabizadz/Projects/Mahsa/datasets/grid/test/s34/lwib2s.mpg,234,242,3.7408804893493652,0.9594581934280273
163,5,/home/nabizadz/Projects/Mahsa/datasets/grid/test/s34/srbr6a.mpg,12,20,4.48173189163208,0.9999670677731767
163,6,/home/nabizadz/Projects/Mahsa/datasets/grid/test/s34/lraa9n.mpg,12,20,4.479308128356934,0.9998504365790809
163,7,/home/nabizadz/Projects/Mahsa/datasets/grid/test/s34/bbwc8s.mpg,265,273,4.362592697143555,0.956732239797624
163,8,/home/nabizadz/Projects/Mahsa/datasets/grid/test/s34/lrbh8s.mpg,160,168,3.748872995376587,0.9783950006411312
163,9,/home/nabizadz/Projects/Mahsa/datasets/grid/test/s34/bwbx9p.mpg,245,253,4.308285713195801,0.9974246963755682
163,10,/home/nabizadz/Projects/Mahsa/datasets/grid/test/s34/sgaz7p.mpg,63,71,3.327665328979492,0.9859468305136361
163,11,/home/nabizadz/Projects/Mahsa/datasets/grid/test/s34/pbizzs.mpg,197,205,3.6963868141174316,0.9840348621341867
163,12,/home/nabizadz/Projects/Mahsa/datasets/grid/test/s34/lbig3n.mpg,147,155,3.5502376556396484,0.9675519868025212
163,13,/home/nabizadz/Projects/Mahsa/datasets/grid/test/s34/pbir7p.mpg,8,16,4.5204973220825195,0.999835831033361
163,14,/home/nabizadz/Projects/Mahsa/datasets/grid/test/s34/prbs9n.mpg,103,111,3.750290870666504,0.9947132915169716
163,15,/home/nabizadz/Projects/Mahsa/datasets/grid/test/s34/lwbo9p.mpg,63,71,3.822331190109253,0.984660234968954
164,0,/home/nabizadz/Projects/Mahsa/datasets/grid/test/s34/lbit4a.mpg,193,201,4.191973686218262,0.9931457522935888
164,1,/home/nabizadz/Projects/Mahsa/datasets/grid/test/s34/srblzs.mpg,210,218,4.287904739379883,0.9992741954528621
164,2,/home/nabizadz/Projects/Mahsa/datasets/grid/test/s34/lwao5p.mpg,148,156,4.182723522186279,0.9899360801878953
164,3,/home/nabizadz/Projects/Mahsa/datasets/grid/test/s34/lgbxza.mpg,50,58,4.278799533843994,0.9987084572589203
164,4,/home/nabizadz/Projects/Mahsa/datasets/grid/test/s34/pgin2a.mpg,249,257,4.485718250274658,0.9999704367883688
164,5,/home/nabizadz/Projects/Mahsa/datasets/grid/test/s34/sbbe1p.mpg,32,40,4.315187931060791,0.9853860821107682
164,6,/home/nabizadz/Projects/Mahsa/datasets/grid/test/s34/bwic7n.mpg,229,237,3.98332142829895,0.9802205728986634
164,7,/home/nabizadz/Projects/Mahsa/datasets/grid/test/s34/pgbu2s.mpg,76,84,3.3843743801116943,0.980123427295581
164,8,/home/nabizadz/Projects/Mahsa/datasets/grid/test/s34/bbwc7n.mpg,47,55,3.4459621906280518,0.9863125009725857
164,9,/home/nabizadz/Projects/Mahsa/datasets/grid/test/s34/braj2a.mpg,13,21,4.483979225158691,0.9999937812424569
164,10,/home/nabizadz/Projects/Mahsa/datasets/grid/test/s34/pgba9n.mpg,243,251,4.224437236785889,0.9930163341379716
164,11,/home/nabizadz/Projects/Mahsa/datasets/grid/test/s34/srwsza.mpg,41,49,4.200505256652832,0.9986112282649844
164,12,/home/nabizadz/Projects/Mahsa/datasets/grid/test/s34/primza.mpg,165,173,3.636566400527954,0.9871550058805261
164,13,/home/nabizadz/Projects/Mahsa/datasets/grid/test/s34/bgak2s.mpg,292,300,4.45958948135376,0.999945837361391
164,14,/home/nabizadz/Projects/Mahsa/datasets/grid/test/s34/prwa3p.mpg,180,188,4.299193382263184,0.9948562884485862
164,15,/home/nabizadz/Projects/Mahsa/datasets/grid/test/s34/pwbt6s.mpg,229,237,3.5533525943756104,0.9596531021454617
165,0,/home/nabizadz/Projects/Mahsa/datasets/grid/test/s34/prbg3p.mpg,144,152,4.0673933029174805,0.9961710750993573
165,1,/home/nabizadz/Projects/Mahsa/datasets/grid/test/s34/srar1p.mpg,281,289,4.429922580718994,0.9996382354681413
165,2,/home/nabizadz/Projects/Mahsa/datasets/grid/test/s34/swal3p.mpg,41,49,4.217087745666504,0.9998817207932043
165,3,/home/nabizadz/Projects/Mahsa/datasets/grid/test/s34/lwiu6a.mpg,73,81,3.90285587310791,0.9783390399525785
165,4,/home/nabizadz/Projects/Mahsa/datasets/grid/test/s34/bbbv5n.mpg,229,237,3.945772647857666,0.9756181435663936
165,5,/home/nabizadz/Projects/Mahsa/datasets/grid/test/s34/swiy5n.mpg,123,131,2.499335527420044,0.987131396972103
165,6,/home/nabizadz/Projects/Mahsa/datasets/grid/test/s34/bgwy9p.mpg,284,292,4.350273609161377,0.9615785695178735
165,7,/home/nabizadz/Projects/Mahsa/datasets/grid/test/s34/pwat4a.mpg,13,21,4.470214366912842,0.9995749296049902
165,8,/home/nabizadz/Projects/Mahsa/datasets/grid/test/s34/sbaq5p.mpg,209,217,3.947997570037842,0.9728018513009756
165,9,/home/nabizadz/Projects/Mahsa/datasets/grid/test/s34/bgiq1n.mpg,269,277,4.525378227233887,0.9914048220817837
165,10,/home/nabizadz/Projects/Mahsa/datasets/grid/test/s34/srbl1p.mpg,78,86,3.4276859760284424,0.9810413610742764
165,11,/home/nabizadz/Projects/Mahsa/datasets/grid/test/s34/bbav3p.mpg,158,166,3.7229111194610596,0.9943213514781172
165,12,/home/nabizadz/Projects/Mahsa/datasets/grid/test/s34/bripzs.mpg,68,76,3.34594988822937,0.9802693373191901
165,13,/home/nabizadz/Projects/Mahsa/datasets/grid/test/s34/sbbq9p.mpg,81,89,3.775155782699585,0.9850626786315121
165,14,/home/nabizadz/Projects/Mahsa/datasets/grid/test/s34/bgiq3p.mpg,178,186,4.10134220123291,0.9908499554674586
165,15,/home/nabizadz/Projects/Mahsa/datasets/grid/test/s34/pgat7n.mpg,287,295,4.4139790534973145,0.999995416269554
166,0,/home/nabizadz/Projects/Mahsa/datasets/grid/test/s34/bwbd8a.mpg,188,196,3.9826130867004395,0.9819315589272384
166,1,/home/nabizadz/Projects/Mahsa/datasets/grid/test/s34/pgan3n.mpg,79,87,3.783473014831543,0.9891939361237588
166,2,/home/nabizadz/Projects/Mahsa/datasets/grid/test/s34/lrwb8s.mpg,235,243,3.5619943141937256,0.980474571754311
166,3,/home/nabizadz/Projects/Mahsa/datasets/grid/test/s34/swwf5n.mpg,228,236,4.039267539978027,0.9821733469518028
166,4,/home/nabizadz/Projects/Mahsa/datasets/grid/test/s34/srid8s.mpg,184,192,3.4952352046966553,0.9657880961188824
166,5,/home/nabizadz/Projects/Mahsa/datasets/grid/test/s34/bgwe8a.mpg,2,10,4.492461204528809,0.9999708036692402
166,6,/home/nabizadz/Projects/Mahsa/datasets/grid/test/s34/pbwgzs.mpg,250,258,3.9267897605895996,0.9815524082116892
166,7,/home/nabizadz/Projects/Mahsa/datasets/grid/test/s34/sbwr1n.mpg,263,271,4.125119686126709,0.9965039859653021
166,8,/home/nabizadz/Projects/Mahsa/datasets/grid/test/s34/prbg1n.mpg,30,38,4.377695560455322,0.9997833143158134
166,9,/home/nabizadz/Projects/Mahsa/datasets/grid/test/s34/sbwe5p.mpg,234,242,3.9215946197509766,0.9637234452833194
166,10,/home/nabizadz/Projects/Mahsa/datasets/grid/test/s34/bbwv9n.mpg,249,257,4.4812421798706055,0.9973163009318551
166,11,/home/nabizadz/Projects/Mahsa/datasets/grid/test/s34/sgwm8a.mpg,173,181,2.0879225730895996,0.9781236390305904
166,12,/home/nabizadz/Projects/Mahsa/datasets/grid/test/s34/pbas2a.mpg,166,174,4.101484775543213,0.999861059752729
166,13,/home/nabizadz/Projects/Mahsa/datasets/grid/test/s34/swar7p.mpg,97,105,3.9157662391662598,0.988097538101265
166,14,/home/nabizadz/Projects/Mahsa/datasets/grid/test/s34/swaz1p.mpg,48,56,4.496882438659668,0.9996631105738758
166,15,/home/nabizadz/Projects/Mahsa/datasets/grid/test/s34/sbax9p.mpg,141,149,3.8148839473724365,0.9898479786349571
167,0,/home/nabizadz/Projects/Mahsa/datasets/grid/test/s34/prif3n.mpg,58,66,3.4683144092559814,0.9893143751749628
167,1,/home/nabizadz/Projects/Mahsa/datasets/grid/test/s34/sbad6s.mpg,38,46,4.311522006988525,0.9998762867050695
167,2,/home/nabizadz/Projects/Mahsa/datasets/grid/test/s34/swbz5p.mpg,124,132,4.260152339935303,0.9998919154600572
167,3,/home/nabizadz/Projects/Mahsa/datasets/grid/test/s34/lbit1n.mpg,154,162,3.9488577842712402,0.9920710580931299
167,4,/home/nabizadz/Projects/Mahsa/datasets/grid/test/s34/sbby2s.mpg,166,174,3.694237232208252,0.9871609394409221
167,5,/home/nabizadz/Projects/Mahsa/datasets/grid/test/s34/prbg4a.mpg,274,282,4.361713409423828,0.9999942954043549
167,6,/home/nabizadz/Projects/Mahsa/datasets/grid/test/s34/lbinza.mpg,212,220,3.844756603240967,0.9731194742135497
167,7,/home/nabizadz/Projects/Mahsa/datasets/grid/test/s34/lwbv1n.mpg,65,73,3.342189073562622,0.9828190900529127
167,8,/home/nabizadz/Projects/Mahsa/datasets/grid/test/s34/bbih9n.mpg,214,222,3.568202018737793,0.98660460180759
167,9,/home/nabizadz/Projects/Mahsa/datasets/grid/test/s34/pgig7p.mpg,100,108,3.861360788345337,0.9796370976690781
167,10,/home/nabizadz/Projects/Mahsa/datasets/grid/test/s34/prwa2s.mpg,290,298,4.343299388885498,0.9973142363037092
167,11,/home/nabizadz/Projects/Mahsa/datasets/grid/test/s34/lgac3p.mpg,291,299,4.346206188201904,0.9998140065881376
167,12,/home/nabizadz/Projects/Mahsa/datasets/grid/test/s34/lgbj2a.mpg,39,47,4.2786431312561035,0.9615285421095086
167,13,/home/nabizadz/Projects/Mahsa/datasets/grid/test/s34/pgig6s.mpg,142,150,3.8857710361480713,0.9874233946450989
167,14,/home/nabizadz/Projects/Mahsa/datasets/grid/test/s34/pwat2s.mpg,238,246,4.123918056488037,0.9856505352911874
167,15,/home/nabizadz/Projects/Mahsa/datasets/grid/test/s34/sgiz4a.mpg,153,161,3.50070858001709,0.9758728832567751
168,0,/home/nabizadz/Projects/Mahsa/datasets/grid/test/s34/lgii2s.mpg,285,293,4.413260459899902,0.9999999999999999
168,1,/home/nabizadz/Projects/Mahsa/datasets/grid/test/s34/swbszs.mpg,12,20,4.33449125289917,0.9995697797427918
168,2,/home/nabizadz/Projects/Mahsa/datasets/grid/test/s34/sbwy7p.mpg,267,275,4.483021259307861,0.9999906977994857
168,3,/home/nabizadz/Projects/Mahsa/datasets/grid/test/s34/pbws8s.mpg,75,83,4.239044666290283,0.9998902989341246
168,4,/home/nabizadz/Projects/Mahsa/datasets/grid/test/s34/lban1n.mpg,198,206,3.7578394412994385,0.9697511162634114
168,5,/home/nabizadz/Projects/Mahsa/datasets/grid/test/s34/lwwc3n.mpg,98,106,3.638155221939087,0.9904768903487022
168,6,/home/nabizadz/Projects/Mahsa/datasets/grid/test/s34/sgal7n.mpg,184,192,3.8849682807922363,0.9783213682120221
168,7,/home/nabizadz/Projects/Mahsa/datasets/grid/test/s34/prbt1p.mpg,228,236,4.280046463012695,0.9896537468123491
168,8,/home/nabizadz/Projects/Mahsa/datasets/grid/test/s34/lgac1n.mpg,10,18,4.386838912963867,0.9999997735911388
168,9,/home/nabizadz/Projects/Mahsa/datasets/grid/test/s34/swws3n.mpg,235,243,2.954191207885742,0.9854067814533265
168,10,/home/nabizadz/Projects/Mahsa/datasets/grid/test/s34/lrbb3n.mpg,39,47,4.4633917808532715,0.9999214721037893
168,11,/home/nabizadz/Projects/Mahsa/datasets/grid/test/s34/bwaj6s.mpg,274,282,4.519636154174805,0.9999999370657956
168,12,/home/nabizadz/Projects/Mahsa/datasets/grid/test/s34/lbwu3n.mpg,143,151,3.8197877407073975,0.9785744126615588
168,13,/home/nabizadz/Projects/Mahsa/datasets/grid/test/s34/lgwx4a.mpg,60,68,3.3718533515930176,0.9825855711877468
168,14,/home/nabizadz/Projects/Mahsa/datasets/grid/test/s34/swwm2a.mpg,36,44,4.400026321411133,0.9951119219009047
168,15,/home/nabizadz/Projects/Mahsa/datasets/grid/test/s34/lgiv2a.mpg,50,58,2.6916725635528564,0.9813518269426342
169,0,/home/nabizadz/Projects/Mahsa/datasets/grid/test/s34/swws6a.mpg,10,18,4.531434535980225,0.9998056397216454
169,1,/home/nabizadz/Projects/Mahsa/datasets/grid/test/s34/lwab8a.mpg,63,71,3.907524585723877,0.9930422590944747
169,2,/home/nabizadz/Projects/Mahsa/datasets/grid/test/s34/pbaszs.mpg,138,146,3.5814764499664307,0.9832200602584409
169,3,/home/nabizadz/Projects/Mahsa/datasets/grid/test/s34/lgio8a.mpg,219,227,2.969743490219116,0.9876042044721065
169,4,/home/nabizadz/Projects/Mahsa/datasets/grid/test/s34/lban2s.mpg,65,73,2.495008945465088,0.9797310229039399
169,5,/home/nabizadz/Projects/Mahsa/datasets/grid/test/s34/pwag4s.mpg,93,101,4.011510848999023,0.9964491033375967
169,6,/home/nabizadz/Projects/Mahsa/datasets/grid/test/s34/lrbh7n.mpg,50,58,3.29872989654541,0.9840856088576223
169,7,/home/nabizadz/Projects/Mahsa/datasets/grid/test/s34/sbiq1p.mpg,209,217,4.239524841308594,0.9971257791830277
169,8,/home/nabizadz/Projects/Mahsa/datasets/grid/test/s34/bgix7p.mpg,85,93,3.759937047958374,0.9767750889536976
169,9,/home/nabizadz/Projects/Mahsa/datasets/grid/test/s34/pras7p.mpg,76,84,3.803723096847534,0.9920337732320557
169,10,/home/nabizadz/Projects/Mahsa/datasets/grid/test/s34/swws5p.mpg,47,55,3.5887186527252197,0.9836247219360469
169,11,/home/nabizadz/Projects/Mahsa/datasets/grid/test/s34/lbahza.mpg,146,154,3.786384344100952,0.9853520505868104
169,12,/home/nabizadz/Projects/Mahsa/datasets/grid/test/s34/bgbrzs.mpg,104,112,3.912163257598877,0.9922008441677065
169,13,/home/nabizadz/Projects/Mahsa/datasets/grid/test/s34/pbil3p.mpg,185,193,2.846428632736206,0.9894181850488807
169,14,/home/nabizadz/Projects/Mahsa/datasets/grid/test/s34/sbid2s.mpg,275,283,4.510712146759033,0.99964245083942
169,15,/home/nabizadz/Projects/Mahsa/datasets/grid/test/s34/pwigzs.mpg,97,105,3.628544807434082,0.9774104846069159
170,0,/home/nabizadz/Projects/Mahsa/datasets/grid/test/s34/bwwq8s.mpg,159,167,4.016071319580078,0.9973348563080695
170,1,/home/nabizadz/Projects/Mahsa/datasets/grid/test/s34/lbwo1p.mpg,124,132,2.4668874740600586,0.985772860645686
170,2,/home/nabizadz/Projects/Mahsa/datasets/grid/test/s34/sgbs8a.mpg,244,252,4.536684989929199,0.9999709840660511
170,3,/home/nabizadz/Projects/Mahsa/datasets/grid/test/s34/sgwm7p.mpg,106,114,3.421635150909424,0.9802956849765719
170,4,/home/nabizadz/Projects/Mahsa/datasets/grid/test/s34/pgan4s.mpg,190,198,4.404590129852295,0.9994489683850664
170,5,/home/nabizadz/Projects/Mahsa/datasets/grid/test/s34/srik3p.mpg,256,264,4.301377773284912,0.9465138597427185
170,6,/home/nabizadz/Projects/Mahsa/datasets/grid/test/s34/srik2s.mpg,90,98,3.559001922607422,0.99018337675432
170,7,/home/nabizadz/Projects/Mahsa/datasets/grid/test/s34/swie4s.mpg,262,270,4.493155002593994,0.9998454785609094
170,8,/home/nabizadz/Projects/Mahsa/datasets/grid/test/s34/bwbyza.mpg,206,214,3.8454511165618896,0.9881787926093575
170,9,/home/nabizadz/Projects/Mahsa/datasets/grid/test/s34/pgit3n.mpg,193,201,3.9105231761932373,0.9865075634373595
170,10,/home/nabizadz/Projects/Mahsa/datasets/grid/test/s34/pgit5p.mpg,106,114,3.4811952114105225,0.9734144168763795
170,11,/home/nabizadz/Projects/Mahsa/datasets/grid/test/s34/bgaq8a.mpg,12,20,4.513622283935547,0.9999996888932513
170,12,/home/nabizadz/Projects/Mahsa/datasets/grid/test/s34/sgwt1p.mpg,232,240,4.31586217880249,0.9852575764166704
170,13,/home/nabizadz/Projects/Mahsa/datasets/grid/test/s34/bwbd7p.mpg,179,187,3.727031707763672,0.9566532456995069
170,14,/home/nabizadz/Projects/Mahsa/datasets/grid/test/s34/sgwt2a.mpg,11,19,4.3850884437561035,0.9722537059205888
170,15,/home/nabizadz/Projects/Mahsa/datasets/grid/test/s34/lgiu9n.mpg,151,159,3.787323236465454,0.96616721550274
171,0,/home/nabizadz/Projects/Mahsa/datasets/grid/test/s34/lgav6a.mpg,236,244,4.321279048919678,0.9835412341324785
171,1,/home/nabizadz/Projects/Mahsa/datasets/grid/test/s34/bgad8s.mpg,208,216,4.191700458526611,0.9946154021759364
171,2,/home/nabizadz/Projects/Mahsa/datasets/grid/test/s34/lbwozs.mpg,99,107,2.991391658782959,0.9909640683646493
171,3,/home/nabizadz/Projects/Mahsa/datasets/grid/test/s34/lwwp3p.mpg,186,194,4.1188578605651855,0.9933906344767918
171,4,/home/nabizadz/Projects/Mahsa/datasets/grid/test/s34/sbaq4s.mpg,23,31,4.475701332092285,0.9998431872850663
171,5,/home/nabizadz/Projects/Mahsa/datasets/grid/test/s34/pbwg1p.mpg,145,153,3.6182708740234375,0.983817612483221
171,6,/home/nabizadz/Projects/Mahsa/datasets/grid/test/s34/lwwi9p.mpg,29,37,3.5011847019195557,0.9914508626774075
171,7,/home/nabizadz/Projects/Mahsa/datasets/grid/test/s34/prif5p.mpg,60,68,4.057439804077148,0.9872861150688235
171,8,/home/nabizadz/Projects/Mahsa/datasets/grid/test/s34/srbe7p.mpg,265,273,3.991161346435547,0.9903580655708876
171,9,/home/nabizadz/Projects/Mahsa/datasets/grid/test/s34/lgai7p.mpg,234,242,4.337652206420898,0.9900082495808085
171,10,/home/nabizadz/Projects/Mahsa/datasets/grid/test/s34/lbbn6s.mpg,165,173,4.376308441162109,0.9998529075853938
171,11,/home/nabizadz/Projects/Mahsa/datasets/grid/test/s34/bwwe2a.mpg,69,77,3.60558819770813,0.9876244672154496
171,12,/home/nabizadz/Projects/Mahsa/datasets/grid/test/s34/lrau1n.mpg,223,231,4.403834342956543,0.9999286204153205
171,13,/home/nabizadz/Projects/Mahsa/datasets/grid/test/s34/bwax6a.mpg,104,112,4.239830493927002,0.998549617364252
171,14,/home/nabizadz/Projects/Mahsa/datasets/grid/test/s34/bgbk7p.mpg,19,27,4.243619441986084,0.9451971633222749
171,15,/home/nabizadz/Projects/Mahsa/datasets/grid/test/s34/lbbn7p.mpg,107,115,2.718754529953003,0.9913466719942878
172,0,/home/nabizadz/Projects/Mahsa/datasets/grid/test/s34/swbs2a.mpg,68,76,3.9091196060180664,0.9846612280112578
172,1,/home/nabizadz/Projects/Mahsa/datasets/grid/test/s34/swwm1p.mpg,195,203,3.873796224594116,0.9942482006185428
172,2,/home/nabizadz/Projects/Mahsa/datasets/grid/test/s34/lbwu4s.mpg,259,267,3.865840196609497,0.9944905109260275
172,3,/home/nabizadz/Projects/Mahsa/datasets/grid/test/s34/srwz2s.mpg,40,48,4.121284484863281,0.9985714194425545
172,4,/home/nabizadz/Projects/Mahsa/datasets/grid/test/s34/pgim9n.mpg,18,26,4.3569135665893555,0.9979083353618119
172,5,/home/nabizadz/Projects/Mahsa/datasets/grid/test/s34/lgwx2s.mpg,9,17,4.529455661773682,1.0
172,6,/home/nabizadz/Projects/Mahsa/datasets/grid/test/s34/sbbk5p.mpg,159,167,3.335179328918457,0.9855711783012028
172,7,/home/nabizadz/Projects/Mahsa/datasets/grid/test/s34/lwao3n.mpg,23,31,4.478126049041748,0.9989794580792208
172,8,/home/nabizadz/Projects/Mahsa/datasets/grid/test/s34/srbr3n.mpg,42,50,4.25604248046875,0.9949273583097712
172,9,/home/nabizadz/Projects/Mahsa/datasets/grid/test/s34/sbby3p.mpg,49,57,3.814185619354248,0.9894458651865565
172,10,/home/nabizadz/Projects/Mahsa/datasets/grid/test/s34/sbid4a.mpg,201,209,3.856966018676758,0.9872765559221546
172,11,/home/nabizadz/Projects/Mahsa/datasets/grid/test/s34/swbf1n.mpg,5,13,4.535484790802002,0.9994989883285947
172,12,/home/nabizadz/Projects/Mahsa/datasets/grid/test/s34/pwis7n.mpg,17,25,4.495419979095459,0.9994879887242492
172,13,/home/nabizadz/Projects/Mahsa/datasets/grid/test/s34/sbwe4s.mpg,232,240,3.8691766262054443,0.9843447044050411
172,14,/home/nabizadz/Projects/Mahsa/datasets/grid/test/s34/brbj4s.mpg,83,91,3.5960681438446045,0.987935095029932
172,15,/home/nabizadz/Projects/Mahsa/datasets/grid/test/s34/lgbv7n.mpg,75,83,3.668673515319824,0.9834728848851302
173,0,/home/nabizadz/Projects/Mahsa/datasets/grid/test/s34/lbbt9n.mpg,128,136,3.90753173828125,0.9930773684529293
173,1,/home/nabizadz/Projects/Mahsa/datasets/grid/test/s34/brbd2a.mpg,235,243,4.361123085021973,0.9857620818682518
173,2,/home/nabizadz/Projects/Mahsa/datasets/grid/test/s34/bbiu8s.mpg,265,273,4.004683017730713,0.8987800840812822
173,3,/home/nabizadz/Projects/Mahsa/datasets/grid/test/s34/sriy1p.mpg,91,99,3.503842830657959,0.9701878367596312
173,4,/home/nabizadz/Projects/Mahsa/datasets/grid/test/s34/swae9p.mpg,237,245,4.158360958099365,0.9823400901245407
173,5,/home/nabizadz/Projects/Mahsa/datasets/grid/test/s34/brav9p.mpg,259,267,3.821159601211548,0.9734887695664721
173,6,/home/nabizadz/Projects/Mahsa/datasets/grid/test/s34/lwwp2s.mpg,102,110,4.112194061279297,0.9976388175842171
173,7,/home/nabizadz/Projects/Mahsa/datasets/grid/test/s34/pwwn8a.mpg,48,56,3.3902645111083984,0.9752853390763556
173,8,/home/nabizadz/Projects/Mahsa/datasets/grid/test/s34/lwin9n.mpg,269,277,4.443772792816162,0.9986316532792706
173,9,/home/nabizadz/Projects/Mahsa/datasets/grid/test/s34/lgib9p.mpg,57,65,2.982485771179199,0.981134850681863
173,10,/home/nabizadz/Projects/Mahsa/datasets/grid/test/s34/bwaj7p.mpg,179,187,3.8678903579711914,0.9951759527396887
173,11,/home/nabizadz/Projects/Mahsa/datasets/grid/test/s34/pril9p.mpg,29,37,4.298764705657959,0.9995927808021208
173,12,/home/nabizadz/Projects/Mahsa/datasets/grid/test/s34/bwbq6a.mpg,219,227,3.521799325942993,0.9840690966440027
173,13,/home/nabizadz/Projects/Mahsa/datasets/grid/test/s34/brac5n.mpg,231,239,3.9973483085632324,0.993067876333938
173,14,/home/nabizadz/Projects/Mahsa/datasets/grid/test/s34/bric4a.mpg,208,216,2.7707412242889404,0.9867507505844674
173,15,/home/nabizadz/Projects/Mahsa/datasets/grid/test/s34/sgaf6a.mpg,260,268,4.3361968994140625,0.9981440177454287
174,0,/home/nabizadz/Projects/Mahsa/datasets/grid/test/s34/bbai5p.mpg,269,277,4.527586460113525,0.999760146408737
174,1,/home/nabizadz/Projects/Mahsa/datasets/grid/test/s34/pgbbzs.mpg,207,215,3.7345314025878906,0.9844768910878513
174,2,/home/nabizadz/Projects/Mahsa/datasets/grid/test/s34/bwax5p.mpg,259,267,4.410916328430176,0.999993961565855
174,3,/home/nabizadz/Projects/Mahsa/datasets/grid/test/s34/sriq6s.mpg,174,182,4.348286151885986,0.9997539288059255
174,4,/home/nabizadz/Projects/Mahsa/datasets/grid/test/s34/bwix1p.mpg,207,215,3.844359874725342,0.9427071355325823
174,5,/home/nabizadz/Projects/Mahsa/datasets/grid/test/s34/lrbo3p.mpg,231,239,4.171464443206787,0.989497740646923
174,6,/home/nabizadz/Projects/Mahsa/datasets/grid/test/s34/lgwj5p.mpg,247,255,4.2765069007873535,0.9861079633918034
174,7,/home/nabizadz/Projects/Mahsa/datasets/grid/test/s34/briv4s.mpg,148,156,4.255788326263428,0.9972044680952169
174,8,/home/nabizadz/Projects/Mahsa/datasets/grid/test/s34/sgil6a.mpg,146,154,2.4572250843048096,0.9766815849370218
174,9,/home/nabizadz/Projects/Mahsa/datasets/grid/test/s34/bwbk1p.mpg,290,298,4.505366802215576,0.9999999999999998
174,10,/home/nabizadz/Projects/Mahsa/datasets/grid/test/s34/pram3p.mpg,292,300,4.48316764831543,0.9998493225528311
174,11,/home/nabizadz/Projects/Mahsa/datasets/grid/test/s34/bbao7n.mpg,271,279,4.410160541534424,0.9877056262419085
174,12,/home/nabizadz/Projects/Mahsa/datasets/grid/test/s34/bgayzs.mpg,93,101,3.669315814971924,0.98799453079913
174,13,/home/nabizadz/Projects/Mahsa/datasets/grid/test/s34/lbba8s.mpg,60,68,3.6850392818450928,0.9771792923987004
174,14,/home/nabizadz/Projects/Mahsa/datasets/grid/test/s34/pwbg8s.mpg,127,135,3.8267319202423096,0.9891847391834568
174,15,/home/nabizadz/Projects/Mahsa/datasets/grid/test/s34/sgwg3p.mpg,218,226,3.606593132019043,0.9734739590768474
175,0,/home/nabizadz/Projects/Mahsa/datasets/grid/test/s34/pgaa7p.mpg,199,207,4.078312397003174,0.9854313373168455
175,1,/home/nabizadz/Projects/Mahsa/datasets/grid/test/s34/pwwn7p.mpg,31,39,4.199679851531982,0.9976988747396891
175,2,/home/nabizadz/Projects/Mahsa/datasets/grid/test/s34/bbib5n.mpg,165,173,4.027675628662109,0.9901047834943176
175,3,/home/nabizadz/Projects/Mahsa/datasets/grid/test/s34/lrbiza.mpg,173,181,4.05704927444458,0.9978868033967009
175,4,/home/nabizadz/Projects/Mahsa/datasets/grid/test/s34/pgwu6s.mpg,219,227,3.4641358852386475,0.9689315386930301
175,5,/home/nabizadz/Projects/Mahsa/datasets/grid/test/s34/sgir8s.mpg,67,75,4.293936252593994,0.9986198976596408
175,6,/home/nabizadz/Projects/Mahsa/datasets/grid/test/s34/swwz7n.mpg,73,81,3.6773314476013184,0.9956694540493819
175,7,/home/nabizadz/Projects/Mahsa/datasets/grid/test/s34/praz9n.mpg,116,124,4.084609031677246,0.9930966492169283
175,8,/home/nabizadz/Projects/Mahsa/datasets/grid/test/s34/lbaa6a.mpg,238,246,4.358202934265137,0.9990441716764157
175,9,/home/nabizadz/Projects/Mahsa/datasets/grid/test/s34/lgwqza.mpg,8,16,4.476693630218506,0.9999894255103119
175,10,/home/nabizadz/Projects/Mahsa/datasets/grid/test/s34/lrig9n.mpg,12,20,4.48577880859375,0.9868800802228389
175,11,/home/nabizadz/Projects/Mahsa/datasets/grid/test/s34/bwbq5p.mpg,254,262,4.094777584075928,0.9879175312946243
175,12,/home/nabizadz/Projects/Mahsa/datasets/grid/test/s34/pgaa5n.mpg,230,238,3.845303535461426,0.983360231985627
175,13,/home/nabizadz/Projects/Mahsa/datasets/grid/test/s34/lgai8a.mpg,70,78,4.0886030197143555,0.9934625231924502
175,14,/home/nabizadz/Projects/Mahsa/datasets/grid/test/s34/pwim3n.mpg,119,127,3.546010732650757,0.9750817696097243
175,15,/home/nabizadz/Projects/Mahsa/datasets/grid/test/s34/sbak1p.mpg,11,19,4.384558200836182,0.9916327319866375
176,0,/home/nabizadz/Projects/Mahsa/datasets/grid/test/s34/pwbg7n.mpg,107,115,4.190489292144775,0.9921051004746307
176,1,/home/nabizadz/Projects/Mahsa/datasets/grid/test/s34/lgwdzs.mpg,259,267,3.634958505630493,0.9835610778300623
176,2,/home/nabizadz/Projects/Mahsa/datasets/grid/test/s34/sbwr2s.mpg,89,97,3.4387574195861816,0.9773810274463377
176,3,/home/nabizadz/Projects/Mahsa/datasets/grid/test/s34/lwiozs.mpg,171,179,4.0326948165893555,0.9943420013088479
176,4,/home/nabizadz/Projects/Mahsa/datasets/grid/test/s34/srae4a.mpg,88,96,3.524709701538086,0.9800795082305493
176,5,/home/nabizadz/Projects/Mahsa/datasets/grid/test/s34/prbm6s.mpg,23,31,3.3739893436431885,0.9840389193625239
176,6,/home/nabizadz/Projects/Mahsa/datasets/grid/test/s34/srae2s.mpg,92,100,3.9455583095550537,0.986500317219985
176,7,/home/nabizadz/Projects/Mahsa/datasets/grid/test/s34/sbid3p.mpg,82,90,3.484234094619751,0.988647680916531
176,8,/home/nabizadz/Projects/Mahsa/datasets/grid/test/s34/pwwn6s.mpg,203,211,3.681173801422119,0.9852197081381265
176,9,/home/nabizadz/Projects/Mahsa/datasets/grid/test/s34/pbbf6s.mpg,197,205,4.253967761993408,0.9993780862485615
176,10,/home/nabizadz/Projects/Mahsa/datasets/grid/test/s34/swwl9n.mpg,280,288,4.34959602355957,0.9953300712735268
176,11,/home/nabizadz/Projects/Mahsa/datasets/grid/test/s34/lrah5p.mpg,281,289,4.348077774047852,0.998744478632546
176,12,/home/nabizadz/Projects/Mahsa/datasets/grid/test/s34/lgwj6a.mpg,6,14,4.485948085784912,0.9999549823135769
176,13,/home/nabizadz/Projects/Mahsa/datasets/grid/test/s34/bbwj3p.mpg,103,111,3.92765736579895,0.9839011670815432
176,14,/home/nabizadz/Projects/Mahsa/datasets/grid/test/s34/brwq4a.mpg,183,191,3.731505870819092,0.9876439139325904
176,15,/home/nabizadz/Projects/Mahsa/datasets/grid/test/s34/lgap1p.mpg,235,243,4.349025726318359,0.9962641557545238
177,0,/home/nabizadz/Projects/Mahsa/datasets/grid/test/s34/srak7p.mpg,150,158,3.5825629234313965,0.9680703527458697
177,1,/home/nabizadz/Projects/Mahsa/datasets/grid/test/s34/bgwl2a.mpg,48,56,3.8490664958953857,0.9822844660477469
177,2,/home/nabizadz/Projects/Mahsa/datasets/grid/test/s34/prbtzs.mpg,49,57,2.4481163024902344,0.9757755986987185
177,3,/home/nabizadz/Projects/Mahsa/datasets/grid/test/s34/pgbn8s.mpg,48,56,3.0649659633636475,0.969905903431672
177,4,/home/nabizadz/Projects/Mahsa/datasets/grid/test/s34/pbws7n.mpg,227,235,3.77162766456604,0.9849086860494081
177,5,/home/nabizadz/Projects/Mahsa/datasets/grid/test/s34/sbbd9n.mpg,261,269,4.453169822692871,0.9986357024088749
177,6,/home/nabizadz/Projects/Mahsa/datasets/grid/test/s34/bwbq4s.mpg,198,206,4.3442559242248535,0.9976447742437924
177,7,/home/nabizadz/Projects/Mahsa/datasets/grid/test/s34/bwwrza.mpg,18,26,4.498749256134033,0.9999904953125279
177,8,/home/nabizadz/Projects/Mahsa/datasets/grid/test/s34/bwij4a.mpg,92,100,3.893465518951416,0.9898109777465894
177,9,/home/nabizadz/Projects/Mahsa/datasets/grid/test/s34/bbwxzs.mpg,127,135,3.606396198272705,0.9820577210084432
177,10,/home/nabizadz/Projects/Mahsa/datasets/grid/test/s34/lbaa5p.mpg,183,191,4.037486553192139,0.9916541702484657
177,11,/home/nabizadz/Projects/Mahsa/datasets/grid/test/s34/bwad2s.mpg,106,114,3.424687147140503,0.9873990132353789
177,12,/home/nabizadz/Projects/Mahsa/datasets/grid/test/s34/lran9p.mpg,132,140,2.3870420455932617,0.9802145489441129
177,13,/home/nabizadz/Projects/Mahsa/datasets/grid/test/s34/lwbv3p.mpg,22,30,4.314721584320068,0.9903893080588653
177,14,/home/nabizadz/Projects/Mahsa/datasets/grid/test/s34/pbwm5p.mpg,214,222,3.9254398345947266,0.9743831700364647
177,15,/home/nabizadz/Projects/Mahsa/datasets/grid/test/s34/bgid5p.mpg,203,211,3.8745851516723633,0.9823171079759098
178,0,/home/nabizadz/Projects/Mahsa/datasets/grid/test/s34/sriyzs.mpg,34,42,4.232666492462158,0.9996878301703618
178,1,/home/nabizadz/Projects/Mahsa/datasets/grid/test/s34/lgbv8s.mpg,59,67,2.6969993114471436,0.9664670364658173
178,2,/home/nabizadz/Projects/Mahsa/datasets/grid/test/s34/lrbo2s.mpg,79,87,3.5399553775787354,0.9860529966045831
178,3,/home/nabizadz/Projects/Mahsa/datasets/grid/test/s34/bric1n.mpg,97,105,3.5828938484191895,0.9855314093895707
178,4,/home/nabizadz/Projects/Mahsa/datasets/grid/test/s34/prwn2a.mpg,185,193,3.875054121017456,0.9897524673878699
178,5,/home/nabizadz/Projects/Mahsa/datasets/grid/test/s34/swbz6a.mpg,22,30,4.436488151550293,0.9988552299282027
178,6,/home/nabizadz/Projects/Mahsa/datasets/grid/test/s34/swik9p.mpg,266,274,4.145232677459717,0.9875676312160755
178,7,/home/nabizadz/Projects/Mahsa/datasets/grid/test/s34/lwwc4s.mpg,123,131,3.4262304306030273,0.9817719020053521
178,8,/home/nabizadz/Projects/Mahsa/datasets/grid/test/s34/brio9n.mpg,49,57,3.6845638751983643,0.9835219072081981
178,9,/home/nabizadz/Projects/Mahsa/datasets/grid/test/s34/bbwj4a.mpg,82,90,3.5552258491516113,0.9697475547086779
178,10,/home/nabizadz/Projects/Mahsa/datasets/grid/test/s34/brac7p.mpg,37,45,4.252964496612549,0.9998856482761501
178,11,/home/nabizadz/Projects/Mahsa/datasets/grid/test/s34/pbie8s.mpg,181,189,3.5969924926757812,0.9918902929409873
178,12,/home/nabizadz/Projects/Mahsa/datasets/grid/test/s34/lwao6a.mpg,50,58,2.4673383235931396,0.9890232121634294
178,13,/home/nabizadz/Projects/Mahsa/datasets/grid/test/s34/swbl8a.mpg,91,99,3.3650856018066406,0.9908029700762588
178,14,/home/nabizadz/Projects/Mahsa/datasets/grid/test/s34/lrau4a.mpg,84,92,4.015844345092773,0.992240750361503
178,15,/home/nabizadz/Projects/Mahsa/datasets/grid/test/s34/sbij8a.mpg,39,47,4.296228408813477,0.9999789400775253
179,0,/home/nabizadz/Projects/Mahsa/datasets/grid/test/s34/pris1n.mpg,86,94,4.233391761779785,0.9979873166344798
179,1,/home/nabizadz/Projects/Mahsa/datasets/grid/test/s34/srarzs.mpg,57,65,4.33209228515625,0.9951399242397049
179,2,/home/nabizadz/Projects/Mahsa/datasets/grid/test/s34/swal4a.mpg,11,19,4.409955978393555,0.9999809563365468
179,3,/home/nabizadz/Projects/Mahsa/datasets/grid/test/s34/pgwo3p.mpg,40,48,4.051323890686035,0.9928597713727833
179,4,/home/nabizadz/Projects/Mahsa/datasets/grid/test/s34/swilza.mpg,255,263,4.086334228515625,0.9960999833554552
179,5,/home/nabizadz/Projects/Mahsa/datasets/grid/test/s34/lwaizs.mpg,250,258,4.209895610809326,0.9994958415879585
179,6,/home/nabizadz/Projects/Mahsa/datasets/grid/test/s34/pbbz9p.mpg,123,131,2.2424569129943848,0.9884218340796895
179,7,/home/nabizadz/Projects/Mahsa/datasets/grid/test/s34/sriy2a.mpg,134,142,2.907005786895752,0.9915804002631577
179,8,/home/nabizadz/Projects/Mahsa/datasets/grid/test/s34/pgwh8s.mpg,272,280,4.367465496063232,0.9956422265400964
179,9,/home/nabizadz/Projects/Mahsa/datasets/grid/test/s34/lbit3p.mpg,197,205,4.01613712310791,0.9809898526056475
179,10,/home/nabizadz/Projects/Mahsa/datasets/grid/test/s34/pwitza.mpg,28,36,4.471731662750244,0.9999394192373942
179,11,/home/nabizadz/Projects/Mahsa/datasets/grid/test/s34/pras5n.mpg,17,25,4.527224063873291,0.999996880608369
179,12,/home/nabizadz/Projects/Mahsa/datasets/grid/test/s34/bbwc9p.mpg,50,58,3.941149950027466,0.985278666661996
179,13,/home/nabizadz/Projects/Mahsa/datasets/grid/test/s34/swwf8a.mpg,134,142,3.6916346549987793,0.9824363295389515
179,14,/home/nabizadz/Projects/Mahsa/datasets/grid/test/s34/brac6s.mpg,280,288,3.8884341716766357,0.9968084014058413
179,15,/home/nabizadz/Projects/Mahsa/datasets/grid/test/s34/pwanza.mpg,34,42,4.588930130004883,0.9999676000971642
180,0,/home/nabizadz/Projects/Mahsa/datasets/grid/test/s34/bwbj9n.mpg,184,192,3.5267114639282227,0.9639632863663807
180,1,/home/nabizadz/Projects/Mahsa/datasets/grid/test/s34/bgwy7n.mpg,24,32,4.308464050292969,0.9867888269791889
180,2,/home/nabizadz/Projects/Mahsa/datasets/grid/test/s34/briv6a.mpg,190,198,3.8840742111206055,0.9843390839094704
180,3,/home/nabizadz/Projects/Mahsa/datasets/grid/test/s34/bgwy8s.mpg,256,264,3.806464433670044,0.9942465990485996
180,4,/home/nabizadz/Projects/Mahsa/datasets/grid/test/s34/lgbp5p.mpg,97,105,3.413252592086792,0.979933264003111
180,5,/home/nabizadz/Projects/Mahsa/datasets/grid/test/s34/lrbb6a.mpg,15,23,4.313055038452148,0.9617352341452892
180,6,/home/nabizadz/Projects/Mahsa/datasets/grid/test/s34/lwiu5p.mpg,127,135,2.501682996749878,0.968339853910907
180,7,/home/nabizadz/Projects/Mahsa/datasets/grid/test/s34/brbqza.mpg,266,274,4.135156631469727,0.9944318907162176
180,8,/home/nabizadz/Projects/Mahsa/datasets/grid/test/s34/bwiv9n.mpg,162,170,3.616110324859619,0.9762984478219495
180,9,/home/nabizadz/Projects/Mahsa/datasets/grid/test/s34/sgbm3p.mpg,134,142,3.911194324493408,0.9914590173077398
180,10,/home/nabizadz/Projects/Mahsa/datasets/grid/test/s34/bgwk9n.mpg,224,232,3.954678773880005,0.9846407696185434
180,11,/home/nabizadz/Projects/Mahsa/datasets/grid/test/s34/pgwh9p.mpg,175,183,3.6538333892822266,0.9887516058294499
180,12,/home/nabizadz/Projects/Mahsa/datasets/grid/test/s34/sgaz8a.mpg,164,172,4.0577850341796875,0.9925121062424554
180,13,/home/nabizadz/Projects/Mahsa/datasets/grid/test/s34/bgak4a.mpg,107,115,3.7087483406066895,0.992770866662558
180,14,/home/nabizadz/Projects/Mahsa/datasets/grid/test/s34/pbwm6a.mpg,167,175,4.389250755310059,0.9998225672249232
180,15,/home/nabizadz/Projects/Mahsa/datasets/grid/test/s34/lgai5n.mpg,285,293,4.389932155609131,0.9999721752333337
181,0,/home/nabizadz/Projects/Mahsa/datasets/grid/test/s34/srwz4a.mpg,122,130,3.2723493576049805,0.9623651327829196
181,1,/home/nabizadz/Projects/Mahsa/datasets/grid/test/s34/srwz3p.mpg,156,164,4.048861026763916,0.9953214390355596
181,2,/home/nabizadz/Projects/Mahsa/datasets/grid/test/s34/prwg8a.mpg,228,236,4.454033374786377,0.9958733964800508
181,3,/home/nabizadz/Projects/Mahsa/datasets/grid/test/s34/bwap9n.mpg,108,116,4.128612995147705,0.9939025889492721
181,4,/home/nabizadz/Projects/Mahsa/datasets/grid/test/s34/srix9n.mpg,149,157,3.8328938484191895,0.9976344150765127
181,5,/home/nabizadz/Projects/Mahsa/datasets/grid/test/s34/pbbs5p.mpg,121,129,2.9405198097229004,0.9879779030096881
181,6,/home/nabizadz/Projects/Mahsa/datasets/grid/test/s34/pbifza.mpg,221,229,3.6786653995513916,0.9883215951550928
181,7,/home/nabizadz/Projects/Mahsa/datasets/grid/test/s34/lgap2a.mpg,112,120,4.21474552154541,0.9991375795440445
181,8,/home/nabizadz/Projects/Mahsa/datasets/grid/test/s34/bwwy3p.mpg,123,131,3.419050455093384,0.9917529635839316
181,9,/home/nabizadz/Projects/Mahsa/datasets/grid/test/s34/brap5p.mpg,150,158,3.577415704727173,0.9731665075401839
181,10,/home/nabizadz/Projects/Mahsa/datasets/grid/test/s34/lrbh9p.mpg,219,227,3.8759377002716064,0.9898162970050521
181,11,/home/nabizadz/Projects/Mahsa/datasets/grid/test/s34/prwm9n.mpg,11,19,4.423924446105957,0.9970560596531394
181,12,/home/nabizadz/Projects/Mahsa/datasets/grid/test/s34/lrin3n.mpg,2,10,4.553223133087158,0.9999968812302493
181,13,/home/nabizadz/Projects/Mahsa/datasets/grid/test/s34/swazzs.mpg,123,131,3.8702995777130127,0.9906345693732629
181,14,/home/nabizadz/Projects/Mahsa/datasets/grid/test/s34/brwq2s.mpg,59,67,3.292006731033325,0.9956357666471053
181,15,/home/nabizadz/Projects/Mahsa/datasets/grid/test/s34/lbbu1p.mpg,113,121,2.872779607772827,0.9813267027820355
182,0,/home/nabizadz/Projects/Mahsa/datasets/grid/test/s34/swie3n.mpg,113,121,3.952589511871338,0.9784501703854765
182,1,/home/nabizadz/Projects/Mahsa/datasets/grid/test/s34/pgbu3p.mpg,105,113,3.0815131664276123,0.9764732760463788
182,2,/home/nabizadz/Projects/Mahsa/datasets/grid/test/s34/srwr8s.mpg,160,168,3.6969752311706543,0.9876946950025234
182,3,/home/nabizadz/Projects/Mahsa/datasets/grid/test/s34/sbbk3n.mpg,172,180,4.174427509307861,0.9982235432636405
182,4,/home/nabizadz/Projects/Mahsa/datasets/grid/test/s34/lwbo7n.mpg,40,48,4.188743591308594,0.9986395074493358
182,5,/home/nabizadz/Projects/Mahsa/datasets/grid/test/s34/bbwp8a.mpg,2,10,4.504706382751465,0.9999526719197815
182,6,/home/nabizadz/Projects/Mahsa/datasets/grid/test/s34/sgir9p.mpg,121,129,3.104279041290283,0.9845746528038938
182,7,/home/nabizadz/Projects/Mahsa/datasets/grid/test/s34/swar5n.mpg,49,57,3.3705191612243652,0.9787255953923665
182,8,/home/nabizadz/Projects/Mahsa/datasets/grid/test/s34/sgiz2s.mpg,280,288,4.226868152618408,0.9987717894773794
182,9,/home/nabizadz/Projects/Mahsa/datasets/grid/test/s34/bgbe4a.mpg,93,101,3.9511497020721436,0.9925346770432983
182,10,/home/nabizadz/Projects/Mahsa/datasets/grid/test/s34/bgbq9n.mpg,182,190,3.434492588043213,0.9759344827831559
182,11,/home/nabizadz/Projects/Mahsa/datasets/grid/test/s34/sgir7n.mpg,163,171,3.9740054607391357,0.987514576173786
182,12,/home/nabizadz/Projects/Mahsa/datasets/grid/test/s34/brwq1n.mpg,262,270,4.551576137542725,0.9974103189648496
182,13,/home/nabizadz/Projects/Mahsa/datasets/grid/test/s34/bbwj1n.mpg,151,159,3.5648317337036133,0.9829609725157779
182,14,/home/nabizadz/Projects/Mahsa/datasets/grid/test/s34/pbal6s.mpg,205,213,4.105878829956055,0.9750149452438697
182,15,/home/nabizadz/Projects/Mahsa/datasets/grid/test/s34/brbp7n.mpg,229,237,4.046029090881348,0.9871681312142069
183,0,/home/nabizadz/Projects/Mahsa/datasets/grid/test/s34/prwnzs.mpg,156,164,2.7846882343292236,0.9826455288311177
183,1,/home/nabizadz/Projects/Mahsa/datasets/grid/test/s34/swbf4a.mpg,177,185,3.7187094688415527,0.9840828244366702
183,2,/home/nabizadz/Projects/Mahsa/datasets/grid/test/s34/lgio6s.mpg,162,170,4.452692985534668,0.9996242576396522
183,3,/home/nabizadz/Projects/Mahsa/datasets/grid/test/s34/bwwk4s.mpg,68,76,3.604626178741455,0.9885207541743223
183,4,/home/nabizadz/Projects/Mahsa/datasets/grid/test/s34/lran8s.mpg,263,271,4.237133502960205,0.9920012242129975
183,5,/home/nabizadz/Projects/Mahsa/datasets/grid/test/s34/lwwjza.mpg,76,84,2.668959379196167,0.976963313342157
183,6,/home/nabizadz/Projects/Mahsa/datasets/grid/test/s34/pgat8s.mpg,284,292,4.315898895263672,0.9991002629672331
183,7,/home/nabizadz/Projects/Mahsa/datasets/grid/test/s34/sway9n.mpg,259,267,4.052412986755371,0.9930548292798244
183,8,/home/nabizadz/Projects/Mahsa/datasets/grid/test/s34/lgio5n.mpg,31,39,4.319638729095459,0.9774217924498094
183,9,/home/nabizadz/Projects/Mahsa/datasets/grid/test/s34/sbwr3p.mpg,176,184,3.995668888092041,0.9915524826904902
183,10,/home/nabizadz/Projects/Mahsa/datasets/grid/test/s34/bgaq6s.mpg,22,30,4.427777290344238,0.9974932119360168
183,11,/home/nabizadz/Projects/Mahsa/datasets/grid/test/s34/bbao8s.mpg,233,241,3.749595880508423,0.9633469473699695
183,12,/home/nabizadz/Projects/Mahsa/datasets/grid/test/s34/bbapza.mpg,254,262,4.353695392608643,0.9943837582685008
183,13,/home/nabizadz/Projects/Mahsa/datasets/grid/test/s34/pbbm1p.mpg,253,261,4.391368389129639,0.9994435239923442
183,14,/home/nabizadz/Projects/Mahsa/datasets/grid/test/s34/srwfzs.mpg,190,198,4.244920253753662,0.993782867114113
183,15,/home/nabizadz/Projects/Mahsa/datasets/grid/test/s34/pgwo4a.mpg,34,42,4.371840476989746,0.9999692026583356
184,0,/home/nabizadz/Projects/Mahsa/datasets/grid/test/s34/pbbs4s.mpg,105,113,3.303030252456665,0.9806372499889128
184,1,/home/nabizadz/Projects/Mahsa/datasets/grid/test/s34/lgwp9p.mpg,196,204,3.942930221557617,0.9800352882529345
184,2,/home/nabizadz/Projects/Mahsa/datasets/grid/test/s34/bgwl1p.mpg,91,99,3.289091110229492,0.9834704750170657
184,3,/home/nabizadz/Projects/Mahsa/datasets/grid/test/s34/pgbn7n.mpg,81,89,4.013214588165283,0.9910875636469525
184,4,/home/nabizadz/Projects/Mahsa/datasets/grid/test/s34/prbm5n.mpg,161,169,3.5803327560424805,0.9923314749791267
184,5,/home/nabizadz/Projects/Mahsa/datasets/grid/test/s34/brbj5p.mpg,164,172,3.918424606323242,0.9917944988244075
184,6,/home/nabizadz/Projects/Mahsa/datasets/grid/test/s34/pwag3n.mpg,160,168,3.8020665645599365,0.9889484531444039
184,7,/home/nabizadz/Projects/Mahsa/datasets/grid/test/s34/brwx5n.mpg,54,62,4.419772148132324,0.9638920489221843
184,8,/home/nabizadz/Projects/Mahsa/datasets/grid/test/s34/prwt4s.mpg,262,270,4.402554512023926,0.9749412842866145
184,9,/home/nabizadz/Projects/Mahsa/datasets/grid/test/s34/lbim8s.mpg,74,82,3.44673228263855,0.9737265060016019
184,10,/home/nabizadz/Projects/Mahsa/datasets/grid/test/s34/pbie7n.mpg,204,212,4.116945743560791,0.9907008233232514
184,11,/home/nabizadz/Projects/Mahsa/datasets/grid/test/s34/lwwv6s.mpg,266,274,4.41677713394165,0.9992945594906187
184,12,/home/nabizadz/Projects/Mahsa/datasets/grid/test/s34/lgii4a.mpg,48,56,4.371163845062256,0.9998354535855356
184,13,/home/nabizadz/Projects/Mahsa/datasets/grid/test/s34/lgapzs.mpg,112,120,3.948657989501953,0.9870971762929485
184,14,/home/nabizadz/Projects/Mahsa/datasets/grid/test/s34/bgwzza.mpg,187,195,3.6201305389404297,0.9777663555892315
184,15,/home/nabizadz/Projects/Mahsa/datasets/grid/test/s34/lwbv2s.mpg,67,75,3.5665457248687744,0.9891788229004036
185,0,/home/nabizadz/Projects/Mahsa/datasets/grid/test/s34/lrwo5n.mpg,77,85,3.586343765258789,0.9891491238122285
185,1,/home/nabizadz/Projects/Mahsa/datasets/grid/test/s34/pgig8a.mpg,191,199,4.051863670349121,0.9910389452864402
185,2,/home/nabizadz/Projects/Mahsa/datasets/grid/test/s34/sbayza.mpg,93,101,3.698699951171875,0.987924339737205
185,3,/home/nabizadz/Projects/Mahsa/datasets/grid/test/s34/bbio6a.mpg,174,182,4.240577220916748,0.999129005785837
185,4,/home/nabizadz/Projects/Mahsa/datasets/grid/test/s34/brbx4a.mpg,171,179,3.520211696624756,0.986923976128922
185,5,/home/nabizadz/Projects/Mahsa/datasets/grid/test/s34/sgas4a.mpg,58,66,3.570930004119873,0.9850959346659027
185,6,/home/nabizadz/Projects/Mahsa/datasets/grid/test/s34/lrih2a.mpg,51,59,3.78802752494812,0.9915551679095902
185,7,/home/nabizadz/Projects/Mahsa/datasets/grid/test/s34/swir1n.mpg,111,119,3.5599570274353027,0.9820106909552939
185,8,/home/nabizadz/Projects/Mahsa/datasets/grid/test/s34/pgwo2s.mpg,136,144,3.584183931350708,0.9711874596866507
185,9,/home/nabizadz/Projects/Mahsa/datasets/grid/test/s34/lgicza.mpg,192,200,3.598883867263794,0.9879839410183574
185,10,/home/nabizadz/Projects/Mahsa/datasets/grid/test/s34/pbir5n.mpg,209,217,3.7405669689178467,0.988100669285358
185,11,/home/nabizadz/Projects/Mahsa/datasets/grid/test/s34/lwwp1n.mpg,200,208,3.8165042400360107,0.9851592060576463
185,12,/home/nabizadz/Projects/Mahsa/datasets/grid/test/s34/pwag6a.mpg,124,132,4.253269672393799,0.9967263701171944
185,13,/home/nabizadz/Projects/Mahsa/datasets/grid/test/s34/bgax9n.mpg,142,150,4.066283702850342,0.999713054129095
185,14,/home/nabizadz/Projects/Mahsa/datasets/grid/test/s34/srbk9n.mpg,211,219,3.6360952854156494,0.9767552164515632
185,15,/home/nabizadz/Projects/Mahsa/datasets/grid/test/s34/pwig2a.mpg,287,295,4.170188903808594,0.9573270229704453
186,0,/home/nabizadz/Projects/Mahsa/datasets/grid/test/s34/srby7n.mpg,242,250,4.107809543609619,0.9865389780956362
186,1,/home/nabizadz/Projects/Mahsa/datasets/grid/test/s34/sbwe6a.mpg,231,239,4.032574653625488,0.9864041333086454
186,2,/home/nabizadz/Projects/Mahsa/datasets/grid/test/s34/sgif1p.mpg,23,31,4.390709400177002,0.9876999700484715
186,3,/home/nabizadz/Projects/Mahsa/datasets/grid/test/s34/sbax7n.mpg,180,188,4.079134464263916,0.9982764336187977
186,4,/home/nabizadz/Projects/Mahsa/datasets/grid/test/s34/prbm7p.mpg,130,138,3.7833425998687744,0.9986445686248718
186,5,/home/nabizadz/Projects/Mahsa/datasets/grid/test/s34/swbf3p.mpg,89,97,3.563058853149414,0.9925489311634924
186,6,/home/nabizadz/Projects/Mahsa/datasets/grid/test/s34/pwim6a.mpg,231,239,4.420784950256348,0.999997699850079
186,7,/home/nabizadz/Projects/Mahsa/datasets/grid/test/s34/lran7n.mpg,146,154,3.600109100341797,0.9866453271198821
186,8,/home/nabizadz/Projects/Mahsa/datasets/grid/test/s34/pwaa2a.mpg,207,215,3.9492287635803223,0.9883853663643919
186,9,/home/nabizadz/Projects/Mahsa/datasets/grid/test/s34/bgby3n.mpg,215,223,4.391026496887207,0.9941861043787444
186,10,/home/nabizadz/Projects/Mahsa/datasets/grid/test/s34/pgwb5p.mpg,101,109,4.384761333465576,0.9999672284494038
186,11,/home/nabizadz/Projects/Mahsa/datasets/grid/test/s34/bbbi8s.mpg,103,111,3.995272397994995,0.9899997667516699
186,12,/home/nabizadz/Projects/Mahsa/datasets/grid/test/s34/pbil2s.mpg,240,248,3.4999120235443115,0.9726962098758656
186,13,/home/nabizadz/Projects/Mahsa/datasets/grid/test/s34/prbg2s.mpg,257,265,4.526937961578369,0.9965218819832423
186,14,/home/nabizadz/Projects/Mahsa/datasets/grid/test/s34/pragza.mpg,104,112,2.8881144523620605,0.9791703373252785
186,15,/home/nabizadz/Projects/Mahsa/datasets/grid/test/s34/lwbc2a.mpg,208,216,3.7501635551452637,0.9895874316123211
187,0,/home/nabizadz/Projects/Mahsa/datasets/grid/test/s34/brbd1p.mpg,115,123,3.660383701324463,0.9911970705799416
187,1,/home/nabizadz/Projects/Mahsa/datasets/grid/test/s34/pwag5p.mpg,150,158,4.176680088043213,0.9950444494261419
187,2,/home/nabizadz/Projects/Mahsa/datasets/grid/test/s34/bgad9p.mpg,238,246,4.183826923370361,0.97681450914883
187,3,/home/nabizadz/Projects/Mahsa/datasets/grid/test/s34/lrwo6s.mpg,187,195,3.971034526824951,0.9865724486114373
187,4,/home/nabizadz/Projects/Mahsa/datasets/grid/test/s34/lbwh7p.mpg,68,76,3.7619106769561768,0.9770918857211929
187,5,/home/nabizadz/Projects/Mahsa/datasets/grid/test/s34/bbwp7p.mpg,2,10,4.5031328201293945,0.9999733313319692
187,6,/home/nabizadz/Projects/Mahsa/datasets/grid/test/s34/brwj7n.mpg,5,13,4.479122161865234,0.9999923235773227
187,7,/home/nabizadz/Projects/Mahsa/datasets/grid/test/s34/sbix5p.mpg,134,142,3.3528661727905273,0.9755570435396983
187,8,/home/nabizadz/Projects/Mahsa/datasets/grid/test/s32/prbazs.mpg,95,103,3.7966058254241943,0.9930013711307606
187,9,/home/nabizadz/Projects/Mahsa/datasets/grid/test/s32/bwwe3p.mpg,152,160,3.9082083702087402,0.9614200981578864
187,10,/home/nabizadz/Projects/Mahsa/datasets/grid/test/s32/lgio9p.mpg,125,133,3.287390947341919,0.9721481084329848
187,11,/home/nabizadz/Projects/Mahsa/datasets/grid/test/s32/pwwh5p.mpg,154,162,3.895615577697754,0.9865237173464926
187,12,/home/nabizadz/Projects/Mahsa/datasets/grid/test/s32/lrah7p.mpg,24,32,4.316442966461182,0.9947007688041144
187,13,/home/nabizadz/Projects/Mahsa/datasets/grid/test/s32/sgis2a.mpg,24,32,4.4532790184021,0.9774756435428597
187,14,/home/nabizadz/Projects/Mahsa/datasets/grid/test/s32/pgbb3p.mpg,23,31,4.3167901039123535,0.984744908832817
187,15,/home/nabizadz/Projects/Mahsa/datasets/grid/test/s32/lrbizs.mpg,287,295,4.37346887588501,0.9790421716880897
188,0,/home/nabizadz/Projects/Mahsa/datasets/grid/test/s32/sgbm3n.mpg,179,187,4.293736934661865,0.9930804210421775
188,1,/home/nabizadz/Projects/Mahsa/datasets/grid/test/s32/srbe7n.mpg,15,23,4.4831037521362305,0.9670248861414236
188,2,/home/nabizadz/Projects/Mahsa/datasets/grid/test/s32/swbf3n.mpg,147,155,3.023528575897217,0.9934041537320829
188,3,/home/nabizadz/Projects/Mahsa/datasets/grid/test/s32/lban4s.mpg,208,216,4.2012224197387695,0.9873307457979379
188,4,/home/nabizadz/Projects/Mahsa/datasets/grid/test/s32/lwwp5p.mpg,78,86,3.733210563659668,0.9900916968486483
188,5,/home/nabizadz/Projects/Mahsa/datasets/grid/test/s32/brwq3n.mpg,180,188,3.9672722816467285,0.986636895830491
188,6,/home/nabizadz/Projects/Mahsa/datasets/grid/test/s32/bgwl3p.mpg,201,209,4.443964004516602,0.9810576029236046
188,7,/home/nabizadz/Projects/Mahsa/datasets/grid/test/s32/bbbv9p.mpg,48,56,3.7867846488952637,0.9772572846057068
188,8,/home/nabizadz/Projects/Mahsa/datasets/grid/test/s32/lbaa7p.mpg,106,114,3.4261467456817627,0.978735519179656
188,9,/home/nabizadz/Projects/Mahsa/datasets/grid/test/s32/bgik2a.mpg,195,203,4.279641151428223,0.9892414927514611
188,10,/home/nabizadz/Projects/Mahsa/datasets/grid/test/s32/bbbjzs.mpg,231,239,4.301926136016846,0.9138667118029307
188,11,/home/nabizadz/Projects/Mahsa/datasets/grid/test/s32/lwiu6s.mpg,129,137,4.196142196655273,0.9920366350623007
188,12,/home/nabizadz/Projects/Mahsa/datasets/grid/test/s32/bbapzs.mpg,66,74,3.3299577236175537,0.9826658634125508
188,13,/home/nabizadz/Projects/Mahsa/datasets/grid/test/s32/sray8a.mpg,190,198,4.449724197387695,0.9923906320256709
188,14,/home/nabizadz/Projects/Mahsa/datasets/grid/test/s32/srwl8a.mpg,236,244,4.162184238433838,0.9489819524535437
188,15,/home/nabizadz/Projects/Mahsa/datasets/grid/test/s32/bgiq4s.mpg,213,221,4.443650722503662,0.9818182021584007
189,0,/home/nabizadz/Projects/Mahsa/datasets/grid/test/s32/bwwy5p.mpg,58,66,2.2601914405822754,0.9905318856755648
189,1,/home/nabizadz/Projects/Mahsa/datasets/grid/test/s32/bbio7p.mpg,192,200,4.269381999969482,0.9752469560828675
189,2,/home/nabizadz/Projects/Mahsa/datasets/grid/test/s32/swasza.mpg,128,136,4.273217678070068,0.9989959053531049
189,3,/home/nabizadz/Projects/Mahsa/datasets/grid/test/s32/bbbj2a.mpg,114,122,3.6150107383728027,0.9875747011274546
189,4,/home/nabizadz/Projects/Mahsa/datasets/grid/test/s32/lwab7n.mpg,23,31,4.360865116119385,0.9351160559914438
189,5,/home/nabizadz/Projects/Mahsa/datasets/grid/test/s32/pbbgza.mpg,156,164,3.339430570602417,0.973226635786823
189,6,/home/nabizadz/Projects/Mahsa/datasets/grid/test/s32/sbiq2s.mpg,52,60,4.056429862976074,0.9739329723763194
189,7,/home/nabizadz/Projects/Mahsa/datasets/grid/test/s32/lgwd3p.mpg,132,140,3.6723506450653076,0.9571530239073449
189,8,/home/nabizadz/Projects/Mahsa/datasets/grid/test/s32/pwwb2a.mpg,92,100,2.688474655151367,0.9816153359228293
189,9,/home/nabizadz/Projects/Mahsa/datasets/grid/test/s32/pbwg4a.mpg,12,20,4.1911396980285645,0.9898062180123549
189,10,/home/nabizadz/Projects/Mahsa/datasets/grid/test/s32/pwbn4s.mpg,150,158,4.259209632873535,0.9921274427949359
189,11,/home/nabizadz/Projects/Mahsa/datasets/grid/test/s32/lbbn8s.mpg,80,88,3.3922336101531982,0.9848224695604723
189,12,/home/nabizadz/Projects/Mahsa/datasets/grid/test/s32/sbbe4a.mpg,258,266,4.298038482666016,0.9338269994154144
189,13,/home/nabizadz/Projects/Mahsa/datasets/grid/test/s32/bbbj1p.mpg,55,63,3.479820489883423,0.9648457033466815
189,14,/home/nabizadz/Projects/Mahsa/datasets/grid/test/s32/pram5p.mpg,249,257,4.27954626083374,0.9280027674287871
189,15,/home/nabizadz/Projects/Mahsa/datasets/grid/test/s32/pbiz2s.mpg,34,42,4.033812046051025,0.9750343610002725
190,0,/home/nabizadz/Projects/Mahsa/datasets/grid/test/s32/bwwk7p.mpg,39,47,4.484277725219727,0.9917321965851562
190,1,/home/nabizadz/Projects/Mahsa/datasets/grid/test/s32/pgwu9p.mpg,167,175,4.206180572509766,0.9875777046898445
190,2,/home/nabizadz/Projects/Mahsa/datasets/grid/test/s32/pwbg9n.mpg,286,294,4.408951759338379,0.9951422238106098
190,3,/home/nabizadz/Projects/Mahsa/datasets/grid/test/s32/bgak5p.mpg,78,86,3.418098211288452,0.9776426042522836
190,4,/home/nabizadz/Projects/Mahsa/datasets/grid/test/s32/bwbq7p.mpg,192,200,4.00309419631958,0.9786731180203517
190,5,/home/nabizadz/Projects/Mahsa/datasets/grid/test/s32/pwwn7n.mpg,275,283,4.417489528656006,0.9513409379585935
190,6,/home/nabizadz/Projects/Mahsa/datasets/grid/test/s32/brwd7p.mpg,234,242,4.217530727386475,0.8497243467357712
190,7,/home/nabizadz/Projects/Mahsa/datasets/grid/test/s32/sgwm8s.mpg,161,169,3.7594735622406006,0.9829185692497958
190,8,/home/nabizadz/Projects/Mahsa/datasets/grid/test/s32/sbby3n.mpg,85,93,3.5467090606689453,0.9900834618825871
190,9,/home/nabizadz/Projects/Mahsa/datasets/grid/test/s32/pgwi1p.mpg,285,293,4.0124101638793945,0.9507666127004087
190,10,/home/nabizadz/Projects/Mahsa/datasets/grid/test/s32/srik4s.mpg,195,203,4.282235145568848,0.9791384444570085
190,11,/home/nabizadz/Projects/Mahsa/datasets/grid/test/s32/bwwy6a.mpg,282,290,4.418045997619629,0.9918475750838563
190,12,/home/nabizadz/Projects/Mahsa/datasets/grid/test/s32/swir4s.mpg,196,204,4.314992904663086,0.9796639075714961
190,13,/home/nabizadz/Projects/Mahsa/datasets/grid/test/s32/bwwk5n.mpg,120,128,2.718864917755127,0.9783124235512305
190,14,/home/nabizadz/Projects/Mahsa/datasets/grid/test/s32/sgif3p.mpg,97,105,3.5887560844421387,0.990936702779412
190,15,/home/nabizadz/Projects/Mahsa/datasets/grid/test/s32/brwx8s.mpg,226,234,4.236211776733398,0.896041537145234
191,0,/home/nabizadz/Projects/Mahsa/datasets/grid/test/s32/lwao7p.mpg,53,61,3.5095467567443848,0.9775417725351235
191,1,/home/nabizadz/Projects/Mahsa/datasets/grid/test/s32/pwaa1n.mpg,270,278,4.3079681396484375,0.9553623873748535
191,2,/home/nabizadz/Projects/Mahsa/datasets/grid/test/s32/swar9p.mpg,253,261,4.295950889587402,0.9898953712926267
191,3,/home/nabizadz/Projects/Mahsa/datasets/grid/test/s32/lwao8a.mpg,196,204,4.425382137298584,0.9481426815490622
191,4,/home/nabizadz/Projects/Mahsa/datasets/grid/test/s32/lrin5n.mpg,203,211,4.204280376434326,0.9916263333083865
191,5,/home/nabizadz/Projects/Mahsa/datasets/grid/test/s32/bwax5n.mpg,149,157,3.94738507270813,0.9939577285914658
191,6,/home/nabizadz/Projects/Mahsa/datasets/grid/test/s32/lgac5p.mpg,158,166,3.9233691692352295,0.9740263304804866
191,7,/home/nabizadz/Projects/Mahsa/datasets/grid/test/s32/bgwr5n.mpg,208,216,4.459898948669434,0.9885665888545517
191,8,/home/nabizadz/Projects/Mahsa/datasets/grid/test/s32/pgwo6a.mpg,260,268,4.3782124519348145,0.9737154032625063
191,9,/home/nabizadz/Projects/Mahsa/datasets/grid/test/s32/brwq4s.mpg,78,86,3.850912094116211,0.9836905875349717
191,10,/home/nabizadz/Projects/Mahsa/datasets/grid/test/s32/bwwq9n.mpg,182,190,4.12918758392334,0.9869676514913399
191,11,/home/nabizadz/Projects/Mahsa/datasets/grid/test/s32/lriu2a.mpg,30,38,4.312074661254883,0.9401402489283999
191,12,/home/nabizadz/Projects/Mahsa/datasets/grid/test/s32/srar4a.mpg,215,223,4.355151176452637,0.9545402919916237
191,13,/home/nabizadz/Projects/Mahsa/datasets/grid/test/s32/prif5n.mpg,15,23,4.480815887451172,0.9826054559093378
191,14,/home/nabizadz/Projects/Mahsa/datasets/grid/test/s32/pwbh2a.mpg,126,134,4.215512752532959,0.9968550873613808
191,15,/home/nabizadz/Projects/Mahsa/datasets/grid/test/s32/bbwx2s.mpg,216,224,4.439086437225342,0.9738020056301634
192,0,/home/nabizadz/Projects/Mahsa/datasets/grid/test/s32/srwf3p.mpg,250,258,4.2573723793029785,0.9416124358995455
192,1,/home/nabizadz/Projects/Mahsa/datasets/grid/test/s32/lrbi2a.mpg,34,42,4.390698432922363,0.9840570041073655
192,2,/home/nabizadz/Projects/Mahsa/datasets/grid/test/s32/lban5p.mpg,183,191,4.344555377960205,0.9667227650803669
192,3,/home/nabizadz/Projects/Mahsa/datasets/grid/test/s32/brap6s.mpg,211,219,4.423835754394531,0.9905663111018935
192,4,/home/nabizadz/Projects/Mahsa/datasets/grid/test/s32/pwbhzs.mpg,234,242,4.2855963706970215,0.9284551454658776
192,5,/home/nabizadz/Projects/Mahsa/datasets/grid/test/s32/lwwc5n.mpg,187,195,3.1146533489227295,0.9818339584188865
192,6,/home/nabizadz/Projects/Mahsa/datasets/grid/test/s32/sgwg3n.mpg,119,127,3.67636775970459,0.9811564407871319
192,7,/home/nabizadz/Projects/Mahsa/datasets/grid/test/s32/pratza.mpg,105,113,4.2711052894592285,0.999930371136805
192,8,/home/nabizadz/Projects/Mahsa/datasets/grid/test/s32/lwbv4s.mpg,40,48,4.292494297027588,0.9851300511154013
192,9,/home/nabizadz/Projects/Mahsa/datasets/grid/test/s32/lrbo4s.mpg,214,222,4.254666328430176,0.9817858569124794
192,10,/home/nabizadz/Projects/Mahsa/datasets/grid/test/s32/swwm1n.mpg,292,300,4.3909478187561035,0.9830925247763338
192,11,/home/nabizadz/Projects/Mahsa/datasets/grid/test/s32/bbbc7p.mpg,235,243,4.437331199645996,0.8872213591391545
192,12,/home/nabizadz/Projects/Mahsa/datasets/grid/test/s32/lgic1p.mpg,289,297,4.363276481628418,0.9850473989611288
192,13,/home/nabizadz/Projects/Mahsa/datasets/grid/test/s32/lbbbzs.mpg,150,158,4.3718109130859375,0.996828639006376
192,14,/home/nabizadz/Projects/Mahsa/datasets/grid/test/s32/brip2s.mpg,222,230,4.269721508026123,0.9727948708859417
192,15,/home/nabizadz/Projects/Mahsa/datasets/grid/test/s32/bbac2s.mpg,11,19,4.1671881675720215,0.9868373040301458
193,0,/home/nabizadz/Projects/Mahsa/datasets/grid/test/s32/lrwc2a.mpg,144,152,3.6063473224639893,0.9901254652953411
193,1,/home/nabizadz/Projects/Mahsa/datasets/grid/test/s32/lbbh3n.mpg,78,86,3.0636889934539795,0.9768720821135768
193,2,/home/nabizadz/Projects/Mahsa/datasets/grid/test/s32/lria8s.mpg,292,300,4.430200099945068,0.9954391021364656
193,3,/home/nabizadz/Projects/Mahsa/datasets/grid/test/s32/lbwu5n.mpg,194,202,4.234822750091553,0.986325230689977
193,4,/home/nabizadz/Projects/Mahsa/datasets/grid/test/s32/lwavzs.mpg,53,61,3.516700029373169,0.9849774461416663
193,5,/home/nabizadz/Projects/Mahsa/datasets/grid/test/s32/swal6a.mpg,27,35,4.279262065887451,0.9855348646331454
193,6,/home/nabizadz/Projects/Mahsa/datasets/grid/test/s32/sbid4s.mpg,5,13,4.40584659576416,0.9954407836206055
193,7,/home/nabizadz/Projects/Mahsa/datasets/grid/test/s32/lwwv8s.mpg,61,69,3.947669506072998,0.9917105172018372
193,8,/home/nabizadz/Projects/Mahsa/datasets/grid/test/s32/swil2a.mpg,248,256,4.174474239349365,0.8540894627288027
193,9,/home/nabizadz/Projects/Mahsa/datasets/grid/test/s32/lrao2a.mpg,129,137,3.3075122833251953,0.9845723251104629
193,10,/home/nabizadz/Projects/Mahsa/datasets/grid/test/s32/pgabza.mpg,42,50,3.993178129196167,0.9972784783291295
193,11,/home/nabizadz/Projects/Mahsa/datasets/grid/test/s32/srbe8s.mpg,204,212,4.4988884925842285,0.9910619523734728
193,12,/home/nabizadz/Projects/Mahsa/datasets/grid/test/s32/pgit5n.mpg,141,149,3.7528786659240723,0.9833889168268442
193,13,/home/nabizadz/Projects/Mahsa/datasets/grid/test/s32/pbal8s.mpg,81,89,3.7289788722991943,0.9751404108173203
193,14,/home/nabizadz/Projects/Mahsa/datasets/grid/test/s32/sgif1n.mpg,266,274,4.269729137420654,0.9179501285538916
193,15,/home/nabizadz/Projects/Mahsa/datasets/grid/test/s32/bbbxza.mpg,130,138,3.5196170806884766,0.9855325460347579
194,0,/home/nabizadz/Projects/Mahsa/datasets/grid/test/s32/lbbu2s.mpg,173,181,3.8672101497650146,0.987704158936913
194,1,/home/nabizadz/Projects/Mahsa/datasets/grid/test/s32/srid9n.mpg,208,216,4.248224258422852,0.9814130904328957
194,2,/home/nabizadz/Projects/Mahsa/datasets/grid/test/s32/bgby5n.mpg,72,80,3.669628858566284,0.9831788516634997
194,3,/home/nabizadz/Projects/Mahsa/datasets/grid/test/s32/swws7p.mpg,6,14,4.43883752822876,0.9647014258011852
194,4,/home/nabizadz/Projects/Mahsa/datasets/grid/test/s32/brbx4s.mpg,103,111,3.462672710418701,0.9890458884629297
194,5,/home/nabizadz/Projects/Mahsa/datasets/grid/test/s32/srirza.mpg,162,170,2.151834726333618,0.9820795806005669
194,6,/home/nabizadz/Projects/Mahsa/datasets/grid/test/s32/pgig9p.mpg,124,132,3.446129083633423,0.9811037855519289
194,7,/home/nabizadz/Projects/Mahsa/datasets/grid/test/s32/pras7n.mpg,42,50,4.352473258972168,0.9998463543015813
194,8,/home/nabizadz/Projects/Mahsa/datasets/grid/test/s32/swbs3p.mpg,81,89,3.758887767791748,0.974473759603517
194,9,/home/nabizadz/Projects/Mahsa/datasets/grid/test/s32/swbf4s.mpg,59,67,3.856853485107422,0.9890762924686446
194,10,/home/nabizadz/Projects/Mahsa/datasets/grid/test/s32/sbwe5n.mpg,117,125,3.6006007194519043,0.982256694032516
194,11,/home/nabizadz/Projects/Mahsa/datasets/grid/test/s32/primzs.mpg,39,47,4.089269161224365,0.978677932427816
194,12,/home/nabizadz/Projects/Mahsa/datasets/grid/test/s32/sray7p.mpg,280,288,4.351074695587158,0.9744202216479521
194,13,/home/nabizadz/Projects/Mahsa/datasets/grid/test/s32/lrwb9n.mpg,178,186,4.002002239227295,0.9889909268503576
194,14,/home/nabizadz/Projects/Mahsa/datasets/grid/test/s32/lbit6a.mpg,62,70,3.7485218048095703,0.992299540636196
194,15,/home/nabizadz/Projects/Mahsa/datasets/grid/test/s32/sgwg5p.mpg,53,61,4.308352947235107,0.9951457338539381
195,0,/home/nabizadz/Projects/Mahsa/datasets/grid/test/s32/pbbf8s.mpg,229,237,4.336428165435791,0.9072351356806744
195,1,/home/nabizadz/Projects/Mahsa/datasets/grid/test/s32/bgaezs.mpg,77,85,3.4801039695739746,0.9760129516024687
195,2,/home/nabizadz/Projects/Mahsa/datasets/grid/test/s32/bgbk8s.mpg,149,157,3.999680995941162,0.9897937892593902
195,3,/home/nabizadz/Projects/Mahsa/datasets/grid/test/s32/bgbe4s.mpg,275,283,4.378866672515869,0.9402480859549109
195,4,/home/nabizadz/Projects/Mahsa/datasets/grid/test/s32/pwwbzs.mpg,191,199,3.969292402267456,0.9738213498377227
195,5,/home/nabizadz/Projects/Mahsa/datasets/grid/test/s32/pgah4a.mpg,124,132,3.975053071975708,0.9932444461574115
195,6,/home/nabizadz/Projects/Mahsa/datasets/grid/test/s32/lribza.mpg,141,149,2.4898812770843506,0.9777867236971909
195,7,/home/nabizadz/Projects/Mahsa/datasets/grid/test/s32/sbwr5p.mpg,130,138,3.915055990219116,0.9838770575900436
195,8,/home/nabizadz/Projects/Mahsa/datasets/grid/test/s32/brii8s.mpg,2,10,4.329677104949951,0.9678100336895658
195,9,/home/nabizadz/Projects/Mahsa/datasets/grid/test/s32/brwd5n.mpg,124,132,3.656468629837036,0.9842292584944278
195,10,/home/nabizadz/Projects/Mahsa/datasets/grid/test/s32/bbbc8a.mpg,67,75,3.773120403289795,0.9951836267273656
195,11,/home/nabizadz/Projects/Mahsa/datasets/grid/test/s32/lwbpzs.mpg,180,188,4.168496608734131,0.9810720565126105
195,12,/home/nabizadz/Projects/Mahsa/datasets/grid/test/s32/pbaf5p.mpg,271,279,4.148593425750732,0.9134161888153952
195,13,/home/nabizadz/Projects/Mahsa/datasets/grid/test/s32/pbifzs.mpg,138,146,3.4231691360473633,0.9900661111582111
195,14,/home/nabizadz/Projects/Mahsa/datasets/grid/test/s32/lwab9p.mpg,28,36,4.294992446899414,0.9798195738947221
195,15,/home/nabizadz/Projects/Mahsa/datasets/grid/test/s32/lbin2a.mpg,40,48,4.381269931793213,0.9943300867274342
196,0,/home/nabizadz/Projects/Mahsa/datasets/grid/test/s32/sbbk5n.mpg,8,16,4.51448392868042,0.9927282475085282
196,1,/home/nabizadz/Projects/Mahsa/datasets/grid/test/s32/lran9n.mpg,218,226,4.239391326904297,0.8985719024852572
196,2,/home/nabizadz/Projects/Mahsa/datasets/grid/test/s32/bwidzs.mpg,185,193,3.635406732559204,0.971385048642584
196,3,/home/nabizadz/Projects/Mahsa/datasets/grid/test/s32/srbl1n.mpg,182,190,2.5010173320770264,0.9822217768728682
196,4,/home/nabizadz/Projects/Mahsa/datasets/grid/test/s32/brbj5n.mpg,263,271,4.4301347732543945,0.9385900786968046
196,5,/home/nabizadz/Projects/Mahsa/datasets/grid/test/s32/pgwi2a.mpg,216,224,4.388036727905273,0.9688918530742971
196,6,/home/nabizadz/Projects/Mahsa/datasets/grid/test/s32/pbas3p.mpg,47,55,4.193077564239502,0.999959418828993
196,7,/home/nabizadz/Projects/Mahsa/datasets/grid/test/s32/brac7n.mpg,140,148,4.083134651184082,0.9881170000009205
196,8,/home/nabizadz/Projects/Mahsa/datasets/grid/test/s32/pgbb4a.mpg,105,113,3.9353086948394775,0.9903767136161717
196,9,/home/nabizadz/Projects/Mahsa/datasets/grid/test/s32/brip3p.mpg,88,96,3.943586826324463,0.986949078344428
196,10,/home/nabizadz/Projects/Mahsa/datasets/grid/test/s32/bbivzs.mpg,195,203,3.742466688156128,0.9776901048623939
196,11,/home/nabizadz/Projects/Mahsa/datasets/grid/test/s32/lgbp8a.mpg,20,28,4.1263532638549805,0.9605982532675245
196,12,/home/nabizadz/Projects/Mahsa/datasets/grid/test/s32/bwwe4a.mpg,290,298,4.187690258026123,0.9845307630415034
196,13,/home/nabizadz/Projects/Mahsa/datasets/grid/test/s32/pbbm1n.mpg,99,107,3.2687668800354004,0.9902454921692089
196,14,/home/nabizadz/Projects/Mahsa/datasets/grid/test/s32/bbap2a.mpg,66,74,3.5278053283691406,0.9917271185537425
196,15,/home/nabizadz/Projects/Mahsa/datasets/grid/test/s32/brbx6a.mpg,143,151,4.215532302856445,0.995667526078707
197,0,/home/nabizadz/Projects/Mahsa/datasets/grid/test/s32/pgia5p.mpg,73,81,3.223369598388672,0.9597134813553239
197,1,/home/nabizadz/Projects/Mahsa/datasets/grid/test/s32/bwip7n.mpg,285,293,4.175109386444092,0.9692579440016437
197,2,/home/nabizadz/Projects/Mahsa/datasets/grid/test/s32/swar7n.mpg,284,292,4.489193916320801,0.968407898962393
197,3,/home/nabizadz/Projects/Mahsa/datasets/grid/test/s32/pgin3p.mpg,56,64,3.5644421577453613,0.9848355990045164
197,4,/home/nabizadz/Projects/Mahsa/datasets/grid/test/s32/pgig8s.mpg,207,215,4.44491720199585,0.9763046652105223
197,5,/home/nabizadz/Projects/Mahsa/datasets/grid/test/s32/lgwqzs.mpg,243,251,4.365415573120117,0.8962392767475592
197,6,/home/nabizadz/Projects/Mahsa/datasets/grid/test/s32/bwij4s.mpg,77,85,2.9762630462646484,0.9830482801849184
197,7,/home/nabizadz/Projects/Mahsa/datasets/grid/test/s32/sgwazs.mpg,260,268,4.308042049407959,0.9669513485544291
197,8,/home/nabizadz/Projects/Mahsa/datasets/grid/test/s32/sbaq5n.mpg,26,34,4.306526184082031,0.9903060436627997
197,9,/home/nabizadz/Projects/Mahsa/datasets/grid/test/s32/sgbf9n.mpg,109,117,3.8243799209594727,0.9884044560136939
197,10,/home/nabizadz/Projects/Mahsa/datasets/grid/test/s32/sbay1p.mpg,46,54,4.241628646850586,0.9919233846451077
197,11,/home/nabizadz/Projects/Mahsa/datasets/grid/test/s32/pwwh3n.mpg,183,191,4.080015659332275,0.9920550239202302
197,12,/home/nabizadz/Projects/Mahsa/datasets/grid/test/s32/prwa5p.mpg,211,219,4.400472640991211,0.9722140370540696
197,13,/home/nabizadz/Projects/Mahsa/datasets/grid/test/s32/pgah1n.mpg,41,49,4.196768760681152,0.9933194191604562
197,14,/home/nabizadz/Projects/Mahsa/datasets/grid/test/s32/pbiz1n.mpg,111,119,3.553025484085083,0.9935873357137159
197,15,/home/nabizadz/Projects/Mahsa/datasets/grid/test/s32/sriezs.mpg,243,251,4.476054668426514,0.9765786617855209
198,0,/home/nabizadz/Projects/Mahsa/datasets/grid/test/s32/lgav8a.mpg,281,289,4.222538948059082,0.9279274994323002
198,1,/home/nabizadz/Projects/Mahsa/datasets/grid/test/s32/pwat6a.mpg,32,40,4.359927654266357,0.991319847885729
198,2,/home/nabizadz/Projects/Mahsa/datasets/grid/test/s32/swaz2s.mpg,206,214,3.778876543045044,0.9848504551145405
198,3,/home/nabizadz/Projects/Mahsa/datasets/grid/test/s32/lgwj8a.mpg,292,300,4.5953497886657715,0.99940515966919
198,4,/home/nabizadz/Projects/Mahsa/datasets/grid/test/s32/brii7n.mpg,30,38,4.221160888671875,0.9895789283052772
198,5,/home/nabizadz/Projects/Mahsa/datasets/grid/test/s32/bwad6a.mpg,107,115,3.847104787826538,0.9911335822341395
198,6,/home/nabizadz/Projects/Mahsa/datasets/grid/test/s32/lbbb1p.mpg,72,80,3.581685781478882,0.9976157816365557
198,7,/home/nabizadz/Projects/Mahsa/datasets/grid/test/s32/lbbu1n.mpg,173,181,4.017939567565918,0.9933036149412027
198,8,/home/nabizadz/Projects/Mahsa/datasets/grid/test/s32/sgil7p.mpg,93,101,3.3719167709350586,0.9783545785265687
198,9,/home/nabizadz/Projects/Mahsa/datasets/grid/test/s32/lbwh8s.mpg,142,150,4.1125569343566895,0.9928456136363634
198,10,/home/nabizadz/Projects/Mahsa/datasets/grid/test/s32/lwwv7n.mpg,89,97,3.47072172164917,0.9850148543455025
198,11,/home/nabizadz/Projects/Mahsa/datasets/grid/test/s32/srwr9n.mpg,188,196,3.6042683124542236,0.9864589138386355
198,12,/home/nabizadz/Projects/Mahsa/datasets/grid/test/s32/brwj9n.mpg,25,33,4.450262069702148,0.9876406522285425
198,13,/home/nabizadz/Projects/Mahsa/datasets/grid/test/s32/swbmza.mpg,15,23,4.541974067687988,0.9991433366949587
198,14,/home/nabizadz/Projects/Mahsa/datasets/grid/test/s32/sralza.mpg,10,18,4.477274417877197,0.9862816538735352
198,15,/home/nabizadz/Projects/Mahsa/datasets/grid/test/s32/sbwk9n.mpg,26,34,4.061302185058594,0.9829693184945083
199,0,/home/nabizadz/Projects/Mahsa/datasets/grid/test/s32/bwwy3n.mpg,30,38,4.287570476531982,0.9265547911364042
199,1,/home/nabizadz/Projects/Mahsa/datasets/grid/test/s32/pbwm5n.mpg,250,258,4.169653415679932,0.8780480317223884
199,2,/home/nabizadz/Projects/Mahsa/datasets/grid/test/s32/lbwu6s.mpg,283,291,4.513968467712402,0.9881095907354294
199,3,/home/nabizadz/Projects/Mahsa/datasets/grid/test/s32/bbwd1p.mpg,19,27,4.321465492248535,0.9960046838116371
199,4,/home/nabizadz/Projects/Mahsa/datasets/grid/test/s32/pwim5n.mpg,243,251,4.343596458435059,0.8948771444284755
199,5,/home/nabizadz/Projects/Mahsa/datasets/grid/test/s32/sbix6s.mpg,81,89,3.537207841873169,0.9827347452640837
199,6,/home/nabizadz/Projects/Mahsa/datasets/grid/test/s32/briv7p.mpg,187,195,4.235476970672607,0.9861594946211116
199,7,/home/nabizadz/Projects/Mahsa/datasets/grid/test/s32/bgij9n.mpg,197,205,4.1447062492370605,0.9888967738849905
199,8,/home/nabizadz/Projects/Mahsa/datasets/grid/test/s32/srae4s.mpg,202,210,4.46137809753418,0.9636403552543649
199,9,/home/nabizadz/Projects/Mahsa/datasets/grid/test/s32/bwbk2s.mpg,129,137,3.886427164077759,0.9794185627952783
199,10,/home/nabizadz/Projects/Mahsa/datasets/grid/test/s32/pgwb5n.mpg,194,202,4.102010726928711,0.9906236240556546
199,11,/home/nabizadz/Projects/Mahsa/datasets/grid/test/s32/sbaq7p.mpg,241,249,4.288797378540039,0.9056047557666497
199,12,/home/nabizadz/Projects/Mahsa/datasets/grid/test/s32/lgajza.mpg,281,289,4.233634948730469,0.9459824776121738
199,13,/home/nabizadz/Projects/Mahsa/datasets/grid/test/s32/sbikza.mpg,33,41,4.365940570831299,0.9933415766410971
199,14,/home/nabizadz/Projects/Mahsa/datasets/grid/test/s32/lwab8s.mpg,140,148,3.905536651611328,0.9831141643792951
199,15,/home/nabizadz/Projects/Mahsa/datasets/grid/test/s32/lgiv1n.mpg,265,273,4.342955589294434,0.9069232131273378
200,0,/home/nabizadz/Projects/Mahsa/datasets/grid/test/s32/priz9p.mpg,52,60,3.56583571434021,0.9853604977536093
200,1,/home/nabizadz/Projects/Mahsa/datasets/grid/test/s32/bgby7p.mpg,257,265,4.453187465667725,0.9936088968279797
200,2,/home/nabizadz/Projects/Mahsa/datasets/grid/test/s32/lrau5p.mpg,125,133,2.1041486263275146,0.9873546584511583
200,3,/home/nabizadz/Projects/Mahsa/datasets/grid/test/s32/prbm7n.mpg,188,196,3.9509663581848145,0.9824816397058496
200,4,/home/nabizadz/Projects/Mahsa/datasets/grid/test/s32/sgwt2s.mpg,213,221,3.5785446166992188,0.9813430715720297
200,5,/home/nabizadz/Projects/Mahsa/datasets/grid/test/s32/lwiu8a.mpg,45,53,3.9354987144470215,0.9886927625550677
200,6,/home/nabizadz/Projects/Mahsa/datasets/grid/test/s32/lria7n.mpg,269,277,4.315957069396973,0.957341279700551
200,7,/home/nabizadz/Projects/Mahsa/datasets/grid/test/s32/lbwu8a.mpg,1,9,4.39005184173584,0.9890699391384155
200,8,/home/nabizadz/Projects/Mahsa/datasets/grid/test/s32/bwwe2s.mpg,15,23,4.391908168792725,0.9716007866978243
200,9,/home/nabizadz/Projects/Mahsa/datasets/grid/test/s32/lrin8a.mpg,246,254,4.345617294311523,0.9547848596597771
200,10,/home/nabizadz/Projects/Mahsa/datasets/grid/test/s32/brwyza.mpg,136,144,3.5366947650909424,0.9796926460164654
200,11,/home/nabizadz/Projects/Mahsa/datasets/grid/test/s32/bgby8a.mpg,86,94,3.198275089263916,0.9851329288098107
200,12,/home/nabizadz/Projects/Mahsa/datasets/grid/test/s32/pwan2a.mpg,239,247,4.430144309997559,0.97863632906136
200,13,/home/nabizadz/Projects/Mahsa/datasets/grid/test/s32/bbav6a.mpg,132,140,4.044571399688721,0.9947947693154575
200,14,/home/nabizadz/Projects/Mahsa/datasets/grid/test/s32/swaz3p.mpg,123,131,3.423985004425049,0.9755010137568666
200,15,/home/nabizadz/Projects/Mahsa/datasets/grid/test/s32/bwip9p.mpg,109,117,3.8614509105682373,0.9849616074490354
201,0,/home/nabizadz/Projects/Mahsa/datasets/grid/test/s32/lrbb8a.mpg,29,37,4.446393966674805,0.9998070726984809
201,1,/home/nabizadz/Projects/Mahsa/datasets/grid/test/s32/lgap2s.mpg,167,175,4.057257652282715,0.9875170225387648
201,2,/home/nabizadz/Projects/Mahsa/datasets/grid/test/s32/srik3n.mpg,109,117,3.4570133686065674,0.9945394600036628
201,3,/home/nabizadz/Projects/Mahsa/datasets/grid/test/s32/sbij7n.mpg,141,149,4.1436238288879395,0.9978249032563373
201,4,/home/nabizadz/Projects/Mahsa/datasets/grid/test/s32/sbid5p.mpg,102,110,3.595656633377075,0.9819801402198494
201,5,/home/nabizadz/Projects/Mahsa/datasets/grid/test/s32/lgiv2s.mpg,27,35,3.5593011379241943,0.9846729275773658
201,6,/home/nabizadz/Projects/Mahsa/datasets/grid/test/s32/pgan8a.mpg,117,125,3.6202597618103027,0.9845231468421415
201,7,/home/nabizadz/Projects/Mahsa/datasets/grid/test/s32/bgae1p.mpg,8,16,4.379366397857666,0.9611838628591114
201,8,/home/nabizadz/Projects/Mahsa/datasets/grid/test/s32/sgaz9p.mpg,109,117,2.0250582695007324,0.9882371625690178
201,9,/home/nabizadz/Projects/Mahsa/datasets/grid/test/s32/lgbx1p.mpg,286,294,4.154573917388916,0.9603613658225181
201,10,/home/nabizadz/Projects/Mahsa/datasets/grid/test/s32/sgif2s.mpg,247,255,4.283135890960693,0.8745549075189387
201,11,/home/nabizadz/Projects/Mahsa/datasets/grid/test/s32/pbie9n.mpg,211,219,4.418196678161621,0.9630822137956613
201,12,/home/nabizadz/Projects/Mahsa/datasets/grid/test/s32/bbbp4s.mpg,150,158,3.633868455886841,0.9730823110049932
201,13,/home/nabizadz/Projects/Mahsa/datasets/grid/test/s32/sbbk8a.mpg,63,71,3.5236093997955322,0.9966967056893004
201,14,/home/nabizadz/Projects/Mahsa/datasets/grid/test/s32/pris6a.mpg,138,146,3.6823842525482178,0.9893027111005611
201,15,/home/nabizadz/Projects/Mahsa/datasets/grid/test/s32/lrwo9p.mpg,42,50,4.206193923950195,0.9992824654702269
202,0,/home/nabizadz/Projects/Mahsa/datasets/grid/test/s32/sbiq1n.mpg,99,107,3.520623207092285,0.9853161859877911
202,1,/home/nabizadz/Projects/Mahsa/datasets/grid/test/s32/pbamza.mpg,161,169,4.019424915313721,0.981303066622026
202,2,/home/nabizadz/Projects/Mahsa/datasets/grid/test/s32/bric4s.mpg,105,113,3.7957136631011963,0.9926157933564521
202,3,/home/nabizadz/Projects/Mahsa/datasets/grid/test/s32/pwwu3p.mpg,8,16,4.312460422515869,0.9955254271037687
202,4,/home/nabizadz/Projects/Mahsa/datasets/grid/test/s32/sbbe2s.mpg,107,115,3.590945243835449,0.9842479065899178
202,5,/home/nabizadz/Projects/Mahsa/datasets/grid/test/s32/brii9p.mpg,285,293,4.3346757888793945,0.9967177169415515
202,6,/home/nabizadz/Projects/Mahsa/datasets/grid/test/s32/sgwm9p.mpg,134,142,3.786000967025757,0.9641456815550365
202,7,/home/nabizadz/Projects/Mahsa/datasets/grid/test/s32/lgai8s.mpg,106,114,3.5040581226348877,0.9799725706631798
202,8,/home/nabizadz/Projects/Mahsa/datasets/grid/test/s32/pwbn5p.mpg,35,43,4.332873821258545,0.9864284241191748
202,9,/home/nabizadz/Projects/Mahsa/datasets/grid/test/s32/swafzs.mpg,104,112,3.7500152587890625,0.9865480600303934
202,10,/home/nabizadz/Projects/Mahsa/datasets/grid/test/s32/pbbz9n.mpg,198,206,4.393495559692383,0.9657041575745274
202,11,/home/nabizadz/Projects/Mahsa/datasets/grid/test/s32/lrbu9p.mpg,103,111,4.157134056091309,0.9980770190255587
202,12,/home/nabizadz/Projects/Mahsa/datasets/grid/test/s32/lbbh5p.mpg,52,60,3.5444631576538086,0.9818078798863157
202,13,/home/nabizadz/Projects/Mahsa/datasets/grid/test/s32/lwbp2a.mpg,152,160,3.8553085327148438,0.9859692303493215
202,14,/home/nabizadz/Projects/Mahsa/datasets/grid/test/s32/brap7p.mpg,228,236,4.344924449920654,0.8802195171149221
202,15,/home/nabizadz/Projects/Mahsa/datasets/grid/test/s32/lwiu5n.mpg,232,240,4.266119480133057,0.8598250344597591
203,0,/home/nabizadz/Projects/Mahsa/datasets/grid/test/s32/swbs2s.mpg,42,50,4.2872633934021,0.992720791415322
203,1,/home/nabizadz/Projects/Mahsa/datasets/grid/test/s32/lbia1n.mpg,50,58,4.16518497467041,0.977514514544998
203,2,/home/nabizadz/Projects/Mahsa/datasets/grid/test/s32/pwwoza.mpg,95,103,3.4646716117858887,0.9878976462328111
203,3,/home/nabizadz/Projects/Mahsa/datasets/grid/test/s32/lgib9n.mpg,69,77,3.7672247886657715,0.9794920938385276
203,4,/home/nabizadz/Projects/Mahsa/datasets/grid/test/s32/lwwc7p.mpg,95,103,3.736553907394409,0.9874373274810727
203,5,/home/nabizadz/Projects/Mahsa/datasets/grid/test/s32/bwby1p.mpg,161,169,3.1660640239715576,0.9748718975555344
203,6,/home/nabizadz/Projects/Mahsa/datasets/grid/test/s32/pbir8s.mpg,38,46,4.388027191162109,0.9968266657338833
203,7,/home/nabizadz/Projects/Mahsa/datasets/grid/test/s32/sgiz4s.mpg,219,227,4.300713539123535,0.9299334011483703
203,8,/home/nabizadz/Projects/Mahsa/datasets/grid/test/s32/pwba7p.mpg,140,148,3.359107494354248,0.980185130841811
203,9,/home/nabizadz/Projects/Mahsa/datasets/grid/test/s32/pgat9n.mpg,92,100,3.590394973754883,0.9865835131816033
203,10,/home/nabizadz/Projects/Mahsa/datasets/grid/test/s32/pbwm6s.mpg,240,248,4.557659149169922,0.9214269889293796
203,11,/home/nabizadz/Projects/Mahsa/datasets/grid/test/s32/lwih7n.mpg,64,72,2.9619123935699463,0.978761101766625
203,12,/home/nabizadz/Projects/Mahsa/datasets/grid/test/s32/lrih3p.mpg,99,107,3.693309783935547,0.9773682873481394
203,13,/home/nabizadz/Projects/Mahsa/datasets/grid/test/s32/sgbg1p.mpg,61,69,3.5974278450012207,0.991538943355009
203,14,/home/nabizadz/Projects/Mahsa/datasets/grid/test/s32/sgaf6s.mpg,68,76,3.872116804122925,0.9924016076135118
203,15,/home/nabizadz/Projects/Mahsa/datasets/grid/test/s32/bbai5n.mpg,157,165,3.6415669918060303,0.9918902345221342
204,0,/home/nabizadz/Projects/Mahsa/datasets/grid/test/s32/srbl3p.mpg,154,162,3.8353891372680664,0.9875901677957817
204,1,/home/nabizadz/Projects/Mahsa/datasets/grid/test/s32/lrwpza.mpg,75,83,3.5049877166748047,0.9895071536992577
204,2,/home/nabizadz/Projects/Mahsa/datasets/grid/test/s32/swbl9p.mpg,127,135,2.160123825073242,0.9832279109863868
204,3,/home/nabizadz/Projects/Mahsa/datasets/grid/test/s32/pgbh5n.mpg,154,162,3.932307004928589,0.9924860016319706
204,4,/home/nabizadz/Projects/Mahsa/datasets/grid/test/s32/pgin2s.mpg,121,129,3.531524419784546,0.9869707152052782
204,5,/home/nabizadz/Projects/Mahsa/datasets/grid/test/s32/bwwe1n.mpg,259,267,4.384676933288574,0.9200806870630767
204,6,/home/nabizadz/Projects/Mahsa/datasets/grid/test/s32/prwg7n.mpg,256,264,4.458518028259277,0.9870271034940026
204,7,/home/nabizadz/Projects/Mahsa/datasets/grid/test/s32/sbwe6s.mpg,13,21,4.400575637817383,0.9978165702369265
204,8,/home/nabizadz/Projects/Mahsa/datasets/grid/test/s32/sbbk6s.mpg,234,242,4.454319477081299,0.9835203506799235
204,9,/home/nabizadz/Projects/Mahsa/datasets/grid/test/s32/bwbk3p.mpg,4,12,4.461692810058594,0.9844724541805686
204,10,/home/nabizadz/Projects/Mahsa/datasets/grid/test/s32/sbiq3p.mpg,36,44,3.8307151794433594,0.9897849505424975
204,11,/home/nabizadz/Projects/Mahsa/datasets/grid/test/s32/swir6a.mpg,24,32,4.297153472900391,0.9853266307976396
204,12,/home/nabizadz/Projects/Mahsa/datasets/grid/test/s32/srbz2a.mpg,111,119,3.9929702281951904,0.9937971619860508
204,13,/home/nabizadz/Projects/Mahsa/datasets/grid/test/s32/pbbf9p.mpg,92,100,3.483182430267334,0.977384698240721
204,14,/home/nabizadz/Projects/Mahsa/datasets/grid/test/s32/prwn3p.mpg,235,243,4.087085247039795,0.8353205875089692
204,15,/home/nabizadz/Projects/Mahsa/datasets/grid/test/s32/lbwo4a.mpg,246,254,4.2415385246276855,0.8460515431728493
205,0,/home/nabizadz/Projects/Mahsa/datasets/grid/test/s32/lgwj5n.mpg,203,211,3.6553969383239746,0.9827136863466231
205,1,/home/nabizadz/Projects/Mahsa/datasets/grid/test/s32/bgwl2s.mpg,229,237,4.544300556182861,0.9692776041658753
205,2,/home/nabizadz/Projects/Mahsa/datasets/grid/test/s32/pwaa2s.mpg,20,28,4.4161272048950195,0.9553481105348332
205,3,/home/nabizadz/Projects/Mahsa/datasets/grid/test/s32/bwaq3p.mpg,60,68,3.8245184421539307,0.9882229824305399
205,4,/home/nabizadz/Projects/Mahsa/datasets/grid/test/s32/lrbvza.mpg,129,137,3.7276394367218018,0.9764376484820679
205,5,/home/nabizadz/Projects/Mahsa/datasets/grid/test/s32/swiy9p.mpg,24,32,4.309421539306641,0.9626508940636338
205,6,/home/nabizadz/Projects/Mahsa/datasets/grid/test/s32/brbx5p.mpg,92,100,3.6259355545043945,0.9901155645711043
205,7,/home/nabizadz/Projects/Mahsa/datasets/grid/test/s32/sgwg6a.mpg,233,241,4.438548564910889,0.9855002823765783
205,8,/home/nabizadz/Projects/Mahsa/datasets/grid/test/s32/bgwr6s.mpg,166,174,3.53898286819458,0.971749338024835
205,9,/home/nabizadz/Projects/Mahsa/datasets/grid/test/s32/bwbk4a.mpg,62,70,3.3152949810028076,0.9889696780433174
205,10,/home/nabizadz/Projects/Mahsa/datasets/grid/test/s32/pwwn9p.mpg,291,299,4.552513122558594,0.9974873596375325
205,11,/home/nabizadz/Projects/Mahsa/datasets/grid/test/s32/pgah2s.mpg,48,56,3.5305235385894775,0.9887099847454175
205,12,/home/nabizadz/Projects/Mahsa/datasets/grid/test/s32/srie2a.mpg,183,191,3.941946268081665,0.9804186323030276
205,13,/home/nabizadz/Projects/Mahsa/datasets/grid/test/s32/pbwtzs.mpg,22,30,4.548399925231934,0.9999711907019159
205,14,/home/nabizadz/Projects/Mahsa/datasets/grid/test/s32/lrab4a.mpg,120,128,3.984133243560791,0.9864000437031314
205,15,/home/nabizadz/Projects/Mahsa/datasets/grid/test/s32/srak8s.mpg,248,256,4.216850757598877,0.8699537769113752
206,0,/home/nabizadz/Projects/Mahsa/datasets/grid/test/s32/sbwl2a.mpg,276,284,4.3537116050720215,0.9369601948126322
206,1,/home/nabizadz/Projects/Mahsa/datasets/grid/test/s32/prba1p.mpg,106,114,3.8472275733947754,0.9894412299581072
206,2,/home/nabizadz/Projects/Mahsa/datasets/grid/test/s32/braxzs.mpg,23,31,4.447415351867676,0.9999954532182611
206,3,/home/nabizadz/Projects/Mahsa/datasets/grid/test/s32/sriq7n.mpg,49,57,3.763312578201294,0.9960592591739409
206,4,/home/nabizadz/Projects/Mahsa/datasets/grid/test/s32/lgap4a.mpg,188,196,3.8551511764526367,0.9829166352846093
206,5,/home/nabizadz/Projects/Mahsa/datasets/grid/test/s32/pwat5p.mpg,260,268,4.396822452545166,0.9971057599685978
206,6,/home/nabizadz/Projects/Mahsa/datasets/grid/test/s32/lbwh9p.mpg,144,152,3.7501955032348633,0.9932098628258371
206,7,/home/nabizadz/Projects/Mahsa/datasets/grid/test/s32/lrih2s.mpg,129,137,3.507230281829834,0.9514780072741175
206,8,/home/nabizadz/Projects/Mahsa/datasets/grid/test/s32/bbwp9p.mpg,226,234,4.3560261726379395,0.9581664906513452
206,9,/home/nabizadz/Projects/Mahsa/datasets/grid/test/s32/lbwiza.mpg,149,157,3.7920730113983154,0.9818045980455976
206,10,/home/nabizadz/Projects/Mahsa/datasets/grid/test/s32/sbix8a.mpg,40,48,4.315297603607178,0.975643460358258
206,11,/home/nabizadz/Projects/Mahsa/datasets/grid/test/s32/bwwr1p.mpg,55,63,3.769272804260254,0.9831403125137476
206,12,/home/nabizadz/Projects/Mahsa/datasets/grid/test/s32/brijza.mpg,68,76,2.8758435249328613,0.9900834613323163
206,13,/home/nabizadz/Projects/Mahsa/datasets/grid/test/s32/prbg4s.mpg,228,236,4.248034477233887,0.8574620940128138
206,14,/home/nabizadz/Projects/Mahsa/datasets/grid/test/s32/prbm8s.mpg,44,52,4.104859352111816,0.9919197679837701
206,15,/home/nabizadz/Projects/Mahsa/datasets/grid/test/s32/pgwb6s.mpg,199,207,4.082571983337402,0.9923025466215065
207,0,/home/nabizadz/Projects/Mahsa/datasets/grid/test/s32/bwax6s.mpg,22,30,4.500072956085205,0.9969383473336381
207,1,/home/nabizadz/Projects/Mahsa/datasets/grid/test/s32/prwt7p.mpg,262,270,4.372171878814697,0.9343768605994642
207,2,/home/nabizadz/Projects/Mahsa/datasets/grid/test/s32/bwaq2s.mpg,268,276,4.305760383605957,0.9293213968936039
207,3,/home/nabizadz/Projects/Mahsa/datasets/grid/test/s32/swar8s.mpg,207,215,4.388413429260254,0.9047776452222308
207,4,/home/nabizadz/Projects/Mahsa/datasets/grid/test/s32/pwag6s.mpg,222,230,4.229568004608154,0.97523416631045
207,5,/home/nabizadz/Projects/Mahsa/datasets/grid/test/s32/bgad9n.mpg,8,16,4.526583194732666,0.9983785719987186
207,6,/home/nabizadz/Projects/Mahsa/datasets/grid/test/s32/lgbxzs.mpg,191,199,4.035428524017334,0.9896295839881326
207,7,/home/nabizadz/Projects/Mahsa/datasets/grid/test/s32/swbl8s.mpg,91,99,3.5928595066070557,0.989302754340917
207,8,/home/nabizadz/Projects/Mahsa/datasets/grid/test/s32/lbbn7n.mpg,180,188,3.5619311332702637,0.9915500341055073
207,9,/home/nabizadz/Projects/Mahsa/datasets/grid/test/s32/swbf5p.mpg,190,198,4.246804714202881,0.9910164194312252
207,10,/home/nabizadz/Projects/Mahsa/datasets/grid/test/s32/sgwg4s.mpg,282,290,4.418302536010742,0.9826702345522632
207,11,/home/nabizadz/Projects/Mahsa/datasets/grid/test/s32/prif7p.mpg,158,166,3.840656042098999,0.98018238628955
207,12,/home/nabizadz/Projects/Mahsa/datasets/grid/test/s32/sbwr3n.mpg,268,276,4.501889705657959,0.9985919175234049
207,13,/home/nabizadz/Projects/Mahsa/datasets/grid/test/s32/sbaq8a.mpg,190,198,4.246029853820801,0.9645174734740841
207,14,/home/nabizadz/Projects/Mahsa/datasets/grid/test/s32/lwbi5n.mpg,57,65,2.851656913757324,0.9787728989154754
207,15,/home/nabizadz/Projects/Mahsa/datasets/grid/test/s32/swir3n.mpg,211,219,4.295190811157227,0.9706988934530371
208,0,/home/nabizadz/Projects/Mahsa/datasets/grid/test/s32/lwib6a.mpg,38,46,4.430249214172363,0.9977384902523707
208,1,/home/nabizadz/Projects/Mahsa/datasets/grid/test/s32/lwio4a.mpg,65,73,3.7980763912200928,0.9893346829720315
208,2,/home/nabizadz/Projects/Mahsa/datasets/grid/test/s32/srbr6s.mpg,256,264,4.365177154541016,0.9630387763147648
208,3,/home/nabizadz/Projects/Mahsa/datasets/grid/test/s32/bbbp3n.mpg,191,199,3.6159400939941406,0.9812924175461398
208,4,/home/nabizadz/Projects/Mahsa/datasets/grid/test/s32/bwbeza.mpg,24,32,3.6984105110168457,0.9995133408236703
208,5,/home/nabizadz/Projects/Mahsa/datasets/grid/test/s32/lrbb7p.mpg,24,32,4.2403998374938965,0.9652745332726557
208,6,/home/nabizadz/Projects/Mahsa/datasets/grid/test/s32/pwbh1p.mpg,267,275,4.287478923797607,0.9021277471829976
208,7,/home/nabizadz/Projects/Mahsa/datasets/grid/test/s32/lgwj7p.mpg,199,207,4.170598983764648,0.9605557437192873
208,8,/home/nabizadz/Projects/Mahsa/datasets/grid/test/s32/srwl6s.mpg,156,164,2.6183218955993652,0.9786123989962427
208,9,/home/nabizadz/Projects/Mahsa/datasets/grid/test/s32/prwa6a.mpg,129,137,4.3201904296875,0.9988895398043843
208,10,/home/nabizadz/Projects/Mahsa/datasets/grid/test/s32/lrbb5n.mpg,200,208,4.332004070281982,0.9654680899471222
208,11,/home/nabizadz/Projects/Mahsa/datasets/grid/test/s32/bgix8s.mpg,71,79,3.3670461177825928,0.9778689695609973
208,12,/home/nabizadz/Projects/Mahsa/datasets/grid/test/s32/bric3n.mpg,10,18,4.530097961425781,0.9973321600756846
208,13,/home/nabizadz/Projects/Mahsa/datasets/grid/test/s32/bwiqza.mpg,221,229,4.4425225257873535,0.994960282556147
208,14,/home/nabizadz/Projects/Mahsa/datasets/grid/test/s32/bgiq6a.mpg,1,9,4.427833080291748,0.9990964167414567
208,15,/home/nabizadz/Projects/Mahsa/datasets/grid/test/s32/sgil5n.mpg,31,39,4.482229232788086,0.9987810497139993
209,0,/home/nabizadz/Projects/Mahsa/datasets/grid/test/s32/braj4a.mpg,150,158,3.6073267459869385,0.9808341091000413
209,1,/home/nabizadz/Projects/Mahsa/datasets/grid/test/s32/bbio8a.mpg,140,148,2.5572094917297363,0.9921909831320244
209,2,/home/nabizadz/Projects/Mahsa/datasets/grid/test/s32/lrah6s.mpg,250,258,4.398669719696045,0.9084495285402957
209,3,/home/nabizadz/Projects/Mahsa/datasets/grid/test/s32/pwat4s.mpg,201,209,4.477795600891113,0.9866328991007078
209,4,/home/nabizadz/Projects/Mahsa/datasets/grid/test/s32/lbig6s.mpg,216,224,4.52050256729126,0.9813455221297939
209,5,/home/nabizadz/Projects/Mahsa/datasets/grid/test/s32/bgbe5p.mpg,162,170,3.9324259757995605,0.9988378338733355
209,6,/home/nabizadz/Projects/Mahsa/datasets/grid/test/s32/sbad9p.mpg,250,258,4.359144687652588,0.9823247049946198
209,7,/home/nabizadz/Projects/Mahsa/datasets/grid/test/s32/bgay1n.mpg,40,48,4.314991474151611,0.9876058699936202
209,8,/home/nabizadz/Projects/Mahsa/datasets/grid/test/s32/lwio2s.mpg,67,75,2.1911120414733887,0.9835187429767912
209,9,/home/nabizadz/Projects/Mahsa/datasets/grid/test/s32/bwbk1n.mpg,134,142,3.705589771270752,0.9767393120357731
209,10,/home/nabizadz/Projects/Mahsa/datasets/grid/test/s32/lgio8s.mpg,56,64,3.8494229316711426,0.9865563482122784
209,11,/home/nabizadz/Projects/Mahsa/datasets/grid/test/s32/bbai7p.mpg,80,88,3.6769540309906006,0.9808467766297642
209,12,/home/nabizadz/Projects/Mahsa/datasets/grid/test/s32/prbm9p.mpg,227,235,4.362929821014404,0.9273597380168759
209,13,/home/nabizadz/Projects/Mahsa/datasets/grid/test/s32/lbbb2a.mpg,161,169,3.4334421157836914,0.9702568895348574
209,14,/home/nabizadz/Projects/Mahsa/datasets/grid/test/s32/sbid3n.mpg,55,63,1.960212230682373,0.9812199181393338
209,15,/home/nabizadz/Projects/Mahsa/datasets/grid/test/s32/swbz5n.mpg,101,109,3.6296043395996094,0.9934550742853846
210,0,/home/nabizadz/Projects/Mahsa/datasets/grid/test/s32/lria9p.mpg,120,128,3.495124578475952,0.9927106910325978
210,1,/home/nabizadz/Projects/Mahsa/datasets/grid/test/s32/sgaz7n.mpg,84,92,2.4869093894958496,0.9875916688608589
210,2,/home/nabizadz/Projects/Mahsa/datasets/grid/test/s32/sgaz8s.mpg,21,29,4.222659587860107,0.9735825917223898
210,3,/home/nabizadz/Projects/Mahsa/datasets/grid/test/s32/sbbe3p.mpg,143,151,3.1676251888275146,0.9778368246758561
210,4,/home/nabizadz/Projects/Mahsa/datasets/grid/test/s32/bradza.mpg,4,12,4.428946495056152,0.9985357867232774
210,5,/home/nabizadz/Projects/Mahsa/datasets/grid/test/s32/bbav3n.mpg,118,126,3.726327657699585,0.9858125228746314
210,6,/home/nabizadz/Projects/Mahsa/datasets/grid/test/s32/prba2a.mpg,251,259,4.145903587341309,0.8626305067422276
210,7,/home/nabizadz/Projects/Mahsa/datasets/grid/test/s32/pwbn6a.mpg,53,61,3.9634182453155518,0.9871469869966609
210,8,/home/nabizadz/Projects/Mahsa/datasets/grid/test/s32/prbt1n.mpg,133,141,3.492385149002075,0.9826788246286186
210,9,/home/nabizadz/Projects/Mahsa/datasets/grid/test/s32/lrwv1n.mpg,287,295,4.250091075897217,0.9846051699262277
210,10,/home/nabizadz/Projects/Mahsa/datasets/grid/test/s32/pgbb1n.mpg,221,229,4.507266998291016,0.9865865682541667
210,11,/home/nabizadz/Projects/Mahsa/datasets/grid/test/s32/srar3p.mpg,191,199,4.303530216217041,0.9899054945769545
210,12,/home/nabizadz/Projects/Mahsa/datasets/grid/test/s32/lrwo7n.mpg,241,249,4.3972978591918945,0.9039768978059626
210,13,/home/nabizadz/Projects/Mahsa/datasets/grid/test/s32/bwij6a.mpg,193,201,3.9868295192718506,0.9847605612375737
210,14,/home/nabizadz/Projects/Mahsa/datasets/grid/test/s32/pbws9n.mpg,67,75,3.5885066986083984,0.9844267019736804
210,15,/home/nabizadz/Projects/Mahsa/datasets/grid/test/s32/bbwdzs.mpg,8,16,4.445471286773682,0.976632769595987
211,0,/home/nabizadz/Projects/Mahsa/datasets/grid/test/s32/bgblza.mpg,59,67,3.731696844100952,0.9782650054047634
211,1,/home/nabizadz/Projects/Mahsa/datasets/grid/test/s32/lrao1p.mpg,187,195,4.166403770446777,0.962368826154928
211,2,/home/nabizadz/Projects/Mahsa/datasets/grid/test/s32/bbai8a.mpg,99,107,4.026601314544678,0.9900084058692173
211,3,/home/nabizadz/Projects/Mahsa/datasets/grid/test/s32/swbz6s.mpg,234,242,4.274352073669434,0.9101370184406041
211,4,/home/nabizadz/Projects/Mahsa/datasets/grid/test/s32/swaz1n.mpg,169,177,3.5647826194763184,0.9767608627353642
211,5,/home/nabizadz/Projects/Mahsa/datasets/grid/test/s32/swws8a.mpg,1,9,4.582236289978027,0.9996612804785235
211,6,/home/nabizadz/Projects/Mahsa/datasets/grid/test/s32/pwbt7n.mpg,40,48,4.450835704803467,0.9884514546586467
211,7,/home/nabizadz/Projects/Mahsa/datasets/grid/test/s32/pwbt8s.mpg,174,182,4.280750751495361,0.9857238554395266
211,8,/home/nabizadz/Projects/Mahsa/datasets/grid/test/s32/brwk2a.mpg,243,251,4.27071475982666,0.9720919518807303
211,9,/home/nabizadz/Projects/Mahsa/datasets/grid/test/s32/lban6a.mpg,153,161,3.7835025787353516,0.9900651154524835
211,10,/home/nabizadz/Projects/Mahsa/datasets/grid/test/s32/pgaa7n.mpg,87,95,3.5842161178588867,0.986696149292039
211,11,/home/nabizadz/Projects/Mahsa/datasets/grid/test/s32/lgap1n.mpg,139,147,3.910783529281616,0.9857287841047536
211,12,/home/nabizadz/Projects/Mahsa/datasets/grid/test/s32/pgbu5p.mpg,237,245,4.3066229820251465,0.9727577979684762
211,13,/home/nabizadz/Projects/Mahsa/datasets/grid/test/s32/lgav5n.mpg,106,114,3.8961880207061768,0.9936083586177311
211,14,/home/nabizadz/Projects/Mahsa/datasets/grid/test/s32/sgis1p.mpg,78,86,3.5677969455718994,0.9905802030245751
211,15,/home/nabizadz/Projects/Mahsa/datasets/grid/test/s32/lrwi5p.mpg,122,130,3.952808380126953,0.9944459015646275
212,0,/home/nabizadz/Projects/Mahsa/datasets/grid/test/s32/pgaa8s.mpg,78,86,3.7695679664611816,0.9843067111943712
212,1,/home/nabizadz/Projects/Mahsa/datasets/grid/test/s32/bric5p.mpg,279,287,4.384500503540039,0.956251535122359
212,2,/home/nabizadz/Projects/Mahsa/datasets/grid/test/s32/bwby2a.mpg,232,240,3.864470958709717,0.8672826942137496
212,3,/home/nabizadz/Projects/Mahsa/datasets/grid/test/s32/bgiyza.mpg,268,276,4.346099853515625,0.9370055498168003
212,4,/home/nabizadz/Projects/Mahsa/datasets/grid/test/s32/lriuzs.mpg,48,56,4.274310111999512,0.9951040461866514
212,5,/home/nabizadz/Projects/Mahsa/datasets/grid/test/s32/lbah2a.mpg,96,104,3.428027629852295,0.9888277173371082
212,6,/home/nabizadz/Projects/Mahsa/datasets/grid/test/s32/bgbr4a.mpg,273,281,4.145145893096924,0.9316439135782418
212,7,/home/nabizadz/Projects/Mahsa/datasets/grid/test/s32/swizza.mpg,142,150,2.464627504348755,0.9856019523880234
212,8,/home/nabizadz/Projects/Mahsa/datasets/grid/test/s32/lbba9n.mpg,88,96,2.119276523590088,0.9929629963371134
212,9,/home/nabizadz/Projects/Mahsa/datasets/grid/test/s32/lbwb6a.mpg,258,266,4.377323627471924,0.9399251430023747
212,10,/home/nabizadz/Projects/Mahsa/datasets/grid/test/s32/sgwa1p.mpg,284,292,4.394766330718994,0.9732140568491052
212,11,/home/nabizadz/Projects/Mahsa/datasets/grid/test/s32/lgbx2a.mpg,265,273,4.269645690917969,0.9162316706231507
212,12,/home/nabizadz/Projects/Mahsa/datasets/grid/test/s32/lgbv9n.mpg,89,97,3.3018949031829834,0.9838532940514302
212,13,/home/nabizadz/Projects/Mahsa/datasets/grid/test/s32/lbit3n.mpg,63,71,3.409099817276001,0.9863887947939003
212,14,/home/nabizadz/Projects/Mahsa/datasets/grid/test/s32/lrab3p.mpg,172,180,4.158290863037109,0.9735557209937937
212,15,/home/nabizadz/Projects/Mahsa/datasets/grid/test/s32/bwic9n.mpg,216,224,4.365941047668457,0.982191116867272
213,0,/home/nabizadz/Projects/Mahsa/datasets/grid/test/s32/bwaq4a.mpg,242,250,4.2073073387146,0.9044681477472399
213,1,/home/nabizadz/Projects/Mahsa/datasets/grid/test/s32/prwn2s.mpg,210,218,4.412983417510986,0.9855639346222361
213,2,/home/nabizadz/Projects/Mahsa/datasets/grid/test/s32/bbii1n.mpg,168,176,3.9368908405303955,0.9860205443524539
213,3,/home/nabizadz/Projects/Mahsa/datasets/grid/test/s32/pgig7n.mpg,105,113,3.7465052604675293,0.9886188671665744
213,4,/home/nabizadz/Projects/Mahsa/datasets/grid/test/s32/pgwh9n.mpg,256,264,4.259628772735596,0.8716765966893545
213,5,/home/nabizadz/Projects/Mahsa/datasets/grid/test/s32/pram4s.mpg,271,279,4.257023334503174,0.9135989178742789
213,6,/home/nabizadz/Projects/Mahsa/datasets/grid/test/s32/swik9n.mpg,65,73,3.505448818206787,0.988054543516156
213,7,/home/nabizadz/Projects/Mahsa/datasets/grid/test/s32/sbiq4a.mpg,39,47,4.359877586364746,0.9772297218938302
213,8,/home/nabizadz/Projects/Mahsa/datasets/grid/test/s32/brbx3n.mpg,96,104,2.575428009033203,0.9890955627648778
213,9,/home/nabizadz/Projects/Mahsa/datasets/grid/test/s32/swwf9p.mpg,284,292,4.389170169830322,0.972286763661276
213,10,/home/nabizadz/Projects/Mahsa/datasets/grid/test/s32/bgae2a.mpg,8,16,4.494647979736328,0.9978302010798861
213,11,/home/nabizadz/Projects/Mahsa/datasets/grid/test/s32/bbav4s.mpg,113,121,3.433696985244751,0.9892802630698634
213,12,/home/nabizadz/Projects/Mahsa/datasets/grid/test/s32/pgbo1p.mpg,227,235,4.496500492095947,0.989483237007301
213,13,/home/nabizadz/Projects/Mahsa/datasets/grid/test/s32/srws1p.mpg,252,260,4.241912364959717,0.8594821052989933
213,14,/home/nabizadz/Projects/Mahsa/datasets/grid/test/s32/lwwv9p.mpg,152,160,3.2565057277679443,0.9839878412145094
213,15,/home/nabizadz/Projects/Mahsa/datasets/grid/test/s32/lwau9n.mpg,216,224,4.347409725189209,0.948960726479306
214,0,/home/nabizadz/Projects/Mahsa/datasets/grid/test/s32/swwf8s.mpg,187,195,4.288485050201416,0.9944557688804653
214,1,/home/nabizadz/Projects/Mahsa/datasets/grid/test/s32/sgam1p.mpg,237,245,4.2920145988464355,0.8685096103397197
214,2,/home/nabizadz/Projects/Mahsa/datasets/grid/test/s32/brax1p.mpg,117,125,3.762455463409424,0.9778160991415956
214,3,/home/nabizadz/Projects/Mahsa/datasets/grid/test/s32/bbii2s.mpg,247,255,4.370919704437256,0.9303054109115394
214,4,/home/nabizadz/Projects/Mahsa/datasets/grid/test/s32/pril9n.mpg,228,236,4.5119733810424805,0.9651763436997107
214,5,/home/nabizadz/Projects/Mahsa/datasets/grid/test/s32/srbr8a.mpg,142,150,3.836960554122925,0.9884431722415318
214,6,/home/nabizadz/Projects/Mahsa/datasets/grid/test/s32/bgay4a.mpg,44,52,4.481470584869385,0.9882812883614515
214,7,/home/nabizadz/Projects/Mahsa/datasets/grid/test/s32/swbs4a.mpg,244,252,4.348660945892334,0.917331372375203
214,8,/home/nabizadz/Projects/Mahsa/datasets/grid/test/s32/swie7p.mpg,281,289,4.328404426574707,0.9614752643474199
214,9,/home/nabizadz/Projects/Mahsa/datasets/grid/test/s32/lwai1n.mpg,215,223,4.235169410705566,0.9004687433095715
214,10,/home/nabizadz/Projects/Mahsa/datasets/grid/test/s32/srwszs.mpg,65,73,3.7735326290130615,0.9949654294751884
214,11,/home/nabizadz/Projects/Mahsa/datasets/grid/test/s32/pwig3p.mpg,193,201,4.36884880065918,0.991346315188056
214,12,/home/nabizadz/Projects/Mahsa/datasets/grid/test/s32/pgia6a.mpg,252,260,4.276748180389404,0.8921038697389615
214,13,/home/nabizadz/Projects/Mahsa/datasets/grid/test/s32/sgiz3n.mpg,54,62,3.6395726203918457,0.9802096432921693
214,14,/home/nabizadz/Projects/Mahsa/datasets/grid/test/s32/lgap3p.mpg,164,172,3.8265037536621094,0.9708805869689452
214,15,/home/nabizadz/Projects/Mahsa/datasets/grid/test/s32/pgin4a.mpg,179,187,3.8029608726501465,0.9819927531718234
215,0,/home/nabizadz/Projects/Mahsa/datasets/grid/test/s32/sgbm5p.mpg,100,108,3.8532180786132812,0.9941201188308643
215,1,/home/nabizadz/Projects/Mahsa/datasets/grid/test/s32/bbiv2a.mpg,119,127,3.45564603805542,0.97553250237356
215,2,/home/nabizadz/Projects/Mahsa/datasets/grid/test/s32/pgwb7p.mpg,131,139,3.5963497161865234,0.9926183112443672
215,3,/home/nabizadz/Projects/Mahsa/datasets/grid/test/s32/lrab1n.mpg,154,162,3.6362252235412598,0.9891885562188965
215,4,/home/nabizadz/Projects/Mahsa/datasets/grid/test/s32/pgbu4s.mpg,256,264,4.349172115325928,0.9301158843857893
215,5,/home/nabizadz/Projects/Mahsa/datasets/grid/test/s32/srik5p.mpg,277,285,4.279723167419434,0.9702447964810712
215,6,/home/nabizadz/Projects/Mahsa/datasets/grid/test/s32/pbas1n.mpg,62,70,4.1291279792785645,0.9945985784744
215,7,/home/nabizadz/Projects/Mahsa/datasets/grid/test/s32/lwih9p.mpg,234,242,4.210477352142334,0.8624557049696131
215,8,/home/nabizadz/Projects/Mahsa/datasets/grid/test/s32/briv8a.mpg,143,151,3.6933679580688477,0.9849001511388545
215,9,/home/nabizadz/Projects/Mahsa/datasets/grid/test/s32/lbwb3n.mpg,161,169,3.824808359146118,0.9771407177969585
215,10,/home/nabizadz/Projects/Mahsa/datasets/grid/test/s32/brbp9n.mpg,278,286,4.271688461303711,0.9443587020743972
215,11,/home/nabizadz/Projects/Mahsa/datasets/grid/test/s32/pwit2a.mpg,274,282,4.299267768859863,0.9203046145115394
215,12,/home/nabizadz/Projects/Mahsa/datasets/grid/test/s32/lbbh4s.mpg,100,108,3.8946311473846436,0.9900388375087489
215,13,/home/nabizadz/Projects/Mahsa/datasets/grid/test/s32/bbwj3n.mpg,64,72,3.411172866821289,0.9822895775810121
215,14,/home/nabizadz/Projects/Mahsa/datasets/grid/test/s32/lbaa5n.mpg,46,54,4.19775390625,0.979401214193832
215,15,/home/nabizadz/Projects/Mahsa/datasets/grid/test/s32/lwbi6s.mpg,144,152,4.003814697265625,0.9967927916082303
216,0,/home/nabizadz/Projects/Mahsa/datasets/grid/test/s32/lbia3p.mpg,77,85,3.402559280395508,0.9652707048736228
216,1,/home/nabizadz/Projects/Mahsa/datasets/grid/test/s32/lgii4s.mpg,126,134,3.8581361770629883,0.991204882908873
216,2,/home/nabizadz/Projects/Mahsa/datasets/grid/test/s32/sbaq6s.mpg,107,115,3.566195249557495,0.9896358010875751
216,3,/home/nabizadz/Projects/Mahsa/datasets/grid/test/s32/braj2s.mpg,216,224,4.354594707489014,0.909912064219423
216,4,/home/nabizadz/Projects/Mahsa/datasets/grid/test/s32/pbil6a.mpg,74,82,3.955723762512207,0.997249424913342
216,5,/home/nabizadz/Projects/Mahsa/datasets/grid/test/s32/lbah1p.mpg,51,59,4.108150482177734,0.9833153228191258
216,6,/home/nabizadz/Projects/Mahsa/datasets/grid/test/s32/priz7n.mpg,152,160,2.3323557376861572,0.9878264690091555
216,7,/home/nabizadz/Projects/Mahsa/datasets/grid/test/s32/pwag8a.mpg,51,59,4.225427150726318,0.991555052636026
216,8,/home/nabizadz/Projects/Mahsa/datasets/grid/test/s32/lgbp6s.mpg,47,55,4.243156433105469,0.9900352536958218
216,9,/home/nabizadz/Projects/Mahsa/datasets/grid/test/s32/brwd6s.mpg,88,96,3.433204412460327,0.9815781352492137
216,10,/home/nabizadz/Projects/Mahsa/datasets/grid/test/s32/lgwx6a.mpg,184,192,3.6317553520202637,0.9887353244024101
216,11,/home/nabizadz/Projects/Mahsa/datasets/grid/test/s32/swal5p.mpg,271,279,4.158941745758057,0.8902443915348957
216,12,/home/nabizadz/Projects/Mahsa/datasets/grid/test/s32/pbiz4a.mpg,241,249,4.412515163421631,0.9163575993575853
216,13,/home/nabizadz/Projects/Mahsa/datasets/grid/test/s32/prif8a.mpg,276,284,4.53818416595459,0.9744337294597647
216,14,/home/nabizadz/Projects/Mahsa/datasets/grid/test/s32/sgiz5p.mpg,162,170,3.833866596221924,0.9921718617581831
216,15,/home/nabizadz/Projects/Mahsa/datasets/grid/test/s32/brwk1p.mpg,234,242,4.257070064544678,0.8633595923677899
217,0,/home/nabizadz/Projects/Mahsa/datasets/grid/test/s32/prbg6a.mpg,241,249,4.427488803863525,0.9406807087349098
217,1,/home/nabizadz/Projects/Mahsa/datasets/grid/test/s32/brac8s.mpg,197,205,4.4589104652404785,0.9532099547492693
217,2,/home/nabizadz/Projects/Mahsa/datasets/grid/test/s32/pbbm3p.mpg,31,39,4.420917510986328,0.9383407071925817
217,3,/home/nabizadz/Projects/Mahsa/datasets/grid/test/s32/bwwr2a.mpg,137,145,4.004946231842041,0.9925643819191149
217,4,/home/nabizadz/Projects/Mahsa/datasets/grid/test/s32/lbat8s.mpg,120,128,3.2337307929992676,0.9838752968637561
217,5,/home/nabizadz/Projects/Mahsa/datasets/grid/test/s32/priz8s.mpg,44,52,4.264592170715332,0.981350722964796
217,6,/home/nabizadz/Projects/Mahsa/datasets/grid/test/s32/pwbn3n.mpg,2,10,4.539367198944092,0.9983963220104147
217,7,/home/nabizadz/Projects/Mahsa/datasets/grid/test/s32/sbby4s.mpg,61,69,3.773294687271118,0.9994482062252394
217,8,/home/nabizadz/Projects/Mahsa/datasets/grid/test/s32/braj3p.mpg,202,210,4.450601577758789,0.9739066076421632
217,9,/home/nabizadz/Projects/Mahsa/datasets/grid/test/s32/bwid2a.mpg,290,298,4.289200782775879,0.9772041815957929
217,10,/home/nabizadz/Projects/Mahsa/datasets/grid/test/s32/pwwu1n.mpg,100,108,3.658888339996338,0.9921704668458668
217,11,/home/nabizadz/Projects/Mahsa/datasets/grid/test/s32/lrwi3n.mpg,139,147,3.8926784992218018,0.9934562777784047
217,12,/home/nabizadz/Projects/Mahsa/datasets/grid/test/s32/bgwr8a.mpg,207,215,4.5420241355896,0.9880886696118014
217,13,/home/nabizadz/Projects/Mahsa/datasets/grid/test/s32/pwig2s.mpg,198,206,4.2496747970581055,0.938973409999185
217,14,/home/nabizadz/Projects/Mahsa/datasets/grid/test/s32/lgbp5n.mpg,62,70,4.385395050048828,0.9984445365060274
217,15,/home/nabizadz/Projects/Mahsa/datasets/grid/test/s32/bgwy9n.mpg,245,253,4.350616931915283,0.9792158926210581
218,0,/home/nabizadz/Projects/Mahsa/datasets/grid/test/s32/pgin1n.mpg,102,110,3.6199469566345215,0.9885906673441754
218,1,/home/nabizadz/Projects/Mahsa/datasets/grid/test/s32/bbbv7n.mpg,89,97,3.1783437728881836,0.9861535863054038
218,2,/home/nabizadz/Projects/Mahsa/datasets/grid/test/s32/pgihza.mpg,14,22,4.2963032722473145,0.9737698568038067
218,3,/home/nabizadz/Projects/Mahsa/datasets/grid/test/s32/bwbd9p.mpg,280,288,4.113996505737305,0.9561224855735148
218,4,/home/nabizadz/Projects/Mahsa/datasets/grid/test/s32/pwbuza.mpg,55,63,4.392918109893799,0.9937479133008272
218,5,/home/nabizadz/Projects/Mahsa/datasets/grid/test/s32/pwaa4a.mpg,132,140,3.8162715435028076,0.9832276319686549
218,6,/home/nabizadz/Projects/Mahsa/datasets/grid/test/s32/prag1p.mpg,51,59,3.5579891204833984,0.9807217153458273
218,7,/home/nabizadz/Projects/Mahsa/datasets/grid/test/s32/swal3n.mpg,115,123,4.180773735046387,0.9981190359521673
218,8,/home/nabizadz/Projects/Mahsa/datasets/grid/test/s32/pwbt9p.mpg,99,107,4.250661849975586,0.9986131268191633
218,9,/home/nabizadz/Projects/Mahsa/datasets/grid/test/s32/bwax8a.mpg,48,56,4.17765998840332,0.9870701291209574
218,10,/home/nabizadz/Projects/Mahsa/datasets/grid/test/s32/srak9p.mpg,86,94,3.9656994342803955,0.9941033126552578
218,11,/home/nabizadz/Projects/Mahsa/datasets/grid/test/s32/bgaq7n.mpg,250,258,4.250858306884766,0.8970604383184551
218,12,/home/nabizadz/Projects/Mahsa/datasets/grid/test/s32/swie6s.mpg,63,71,3.329784631729126,0.9878296796692136
218,13,/home/nabizadz/Projects/Mahsa/datasets/grid/test/s32/sgbtza.mpg,14,22,4.415706157684326,0.9999999999999988
218,14,/home/nabizadz/Projects/Mahsa/datasets/grid/test/s32/sbix7p.mpg,130,138,3.8847482204437256,0.9852661866388742
218,15,/home/nabizadz/Projects/Mahsa/datasets/grid/test/s32/lrwi4s.mpg,150,158,2.691833972930908,0.9918544573211042
219,0,/home/nabizadz/Projects/Mahsa/datasets/grid/test/s32/lwiu7p.mpg,192,200,4.2332940101623535,0.9809607646457207
219,1,/home/nabizadz/Projects/Mahsa/datasets/grid/test/s32/bgiq5p.mpg,88,96,3.6838467121124268,0.9758102894679468
219,2,/home/nabizadz/Projects/Mahsa/datasets/grid/test/s32/lgiv4a.mpg,185,193,4.023268699645996,0.990468846435037
219,3,/home/nabizadz/Projects/Mahsa/datasets/grid/test/s32/prbt3p.mpg,204,212,4.1948018074035645,0.8943874252885243
219,4,/home/nabizadz/Projects/Mahsa/datasets/grid/test/s32/swbs1n.mpg,95,103,3.66906476020813,0.9818982408096751
219,5,/home/nabizadz/Projects/Mahsa/datasets/grid/test/s32/pwba8a.mpg,170,178,3.851896286010742,0.9864760568635491
219,6,/home/nabizadz/Projects/Mahsa/datasets/grid/test/s32/bbicza.mpg,171,179,3.896225929260254,0.9891865789709441
219,7,/home/nabizadz/Projects/Mahsa/datasets/grid/test/s32/pgbu6a.mpg,68,76,3.6570165157318115,0.9935719157198479
219,8,/home/nabizadz/Projects/Mahsa/datasets/grid/test/s32/sgbgzs.mpg,84,92,3.7563014030456543,0.990103745564899
219,9,/home/nabizadz/Projects/Mahsa/datasets/grid/test/s32/pbal9p.mpg,221,229,4.214121341705322,0.9299768249333787
219,10,/home/nabizadz/Projects/Mahsa/datasets/grid/test/s32/sgam2a.mpg,154,162,3.4691455364227295,0.990186597561454
219,11,/home/nabizadz/Projects/Mahsa/datasets/grid/test/s32/lgii5p.mpg,124,132,4.138599395751953,0.9962968357039482
219,12,/home/nabizadz/Projects/Mahsa/datasets/grid/test/s32/sbwr6a.mpg,90,98,3.488213539123535,0.9805045453087259
219,13,/home/nabizadz/Projects/Mahsa/datasets/grid/test/s32/lbwo2s.mpg,65,73,4.265683650970459,0.9907682962984421
219,14,/home/nabizadz/Projects/Mahsa/datasets/grid/test/s32/bbac3p.mpg,61,69,3.3529021739959717,0.983009338743326
219,15,/home/nabizadz/Projects/Mahsa/datasets/grid/test/s32/swie5n.mpg,166,174,2.211941957473755,0.9938625578217566
220,0,/home/nabizadz/Projects/Mahsa/datasets/grid/test/s32/bgid5n.mpg,90,98,3.3345751762390137,0.9776504980897359
220,1,/home/nabizadz/Projects/Mahsa/datasets/grid/test/s32/lrwi6a.mpg,103,111,3.8543288707733154,0.9916094131646301
220,2,/home/nabizadz/Projects/Mahsa/datasets/grid/test/s32/sgas3n.mpg,132,140,4.145351886749268,0.9995320042894126
220,3,/home/nabizadz/Projects/Mahsa/datasets/grid/test/s32/brwx9p.mpg,12,20,2.3970258235931396,0.9560713296863731
220,4,/home/nabizadz/Projects/Mahsa/datasets/grid/test/s32/bwix2s.mpg,77,85,3.536085844039917,0.9866340480271228
220,5,/home/nabizadz/Projects/Mahsa/datasets/grid/test/s32/bwaq1n.mpg,48,56,4.26404333114624,0.9974566878520329
220,6,/home/nabizadz/Projects/Mahsa/datasets/grid/test/s32/lrwo8s.mpg,171,179,3.538187026977539,0.9867090099898703
220,7,/home/nabizadz/Projects/Mahsa/datasets/grid/test/s32/lgbj1n.mpg,90,98,3.6426892280578613,0.9955829056663855
220,8,/home/nabizadz/Projects/Mahsa/datasets/grid/test/s32/pgwo4s.mpg,267,275,4.339482307434082,0.9521882674626909
220,9,/home/nabizadz/Projects/Mahsa/datasets/grid/test/s32/srbzzs.mpg,17,25,4.341519355773926,0.9999946784679479
220,10,/home/nabizadz/Projects/Mahsa/datasets/grid/test/s32/prbt4a.mpg,160,168,3.3748912811279297,0.9854571044901256
220,11,/home/nabizadz/Projects/Mahsa/datasets/grid/test/s32/sgwm7n.mpg,267,275,4.3977484703063965,0.9334940912494536
220,12,/home/nabizadz/Projects/Mahsa/datasets/grid/test/s32/bbbv8s.mpg,126,134,3.7139620780944824,0.9887014078729016
220,13,/home/nabizadz/Projects/Mahsa/datasets/grid/test/s32/pgwu8s.mpg,179,187,3.7461516857147217,0.9722392904885443
220,14,/home/nabizadz/Projects/Mahsa/datasets/grid/test/s32/lgwq2a.mpg,106,114,3.248995780944824,0.969491440684887
220,15,/home/nabizadz/Projects/Mahsa/datasets/grid/test/s32/lbwh7n.mpg,128,136,2.9440345764160156,0.9820711368908659
221,0,/home/nabizadz/Projects/Mahsa/datasets/grid/test/s32/lwih8s.mpg,37,45,3.7435288429260254,0.9608270611866265
221,1,/home/nabizadz/Projects/Mahsa/datasets/grid/test/s32/bbib9p.mpg,132,140,3.516784191131592,0.9800101689625192
221,2,/home/nabizadz/Projects/Mahsa/datasets/grid/test/s32/sgbg2a.mpg,256,264,4.237349510192871,0.9242683873570535
221,3,/home/nabizadz/Projects/Mahsa/datasets/grid/test/s32/pgah3p.mpg,221,229,4.346652030944824,0.9230979992004444
221,4,/home/nabizadz/Projects/Mahsa/datasets/grid/test/s32/pragzs.mpg,75,83,3.794743061065674,0.9783728475379424
221,5,/home/nabizadz/Projects/Mahsa/datasets/grid/test/s32/lrih1n.mpg,227,235,4.31752872467041,0.8809531485387999
221,6,/home/nabizadz/Projects/Mahsa/datasets/grid/test/s32/sgaf7p.mpg,275,283,4.385662078857422,0.9808965112725979
221,7,/home/nabizadz/Projects/Mahsa/datasets/grid/test/s32/bwaj9p.mpg,211,219,3.839266777038574,0.8797116731292366
221,8,/home/nabizadz/Projects/Mahsa/datasets/grid/test/s32/sgwt3p.mpg,211,219,4.311241149902344,0.9893362222954092
221,9,/home/nabizadz/Projects/Mahsa/datasets/grid/test/s32/srbl2s.mpg,213,221,4.17576789855957,0.8454115984306693
221,10,/home/nabizadz/Projects/Mahsa/datasets/grid/test/s32/pbif2a.mpg,21,29,4.3774733543396,0.9962315793458371
221,11,/home/nabizadz/Projects/Mahsa/datasets/grid/test/s32/prbnza.mpg,70,78,3.7759363651275635,0.9955725083487142
221,12,/home/nabizadz/Projects/Mahsa/datasets/grid/test/s32/lbia2s.mpg,254,262,4.268045425415039,0.8844490406310257
221,13,/home/nabizadz/Projects/Mahsa/datasets/grid/test/s32/pgan6s.mpg,177,185,3.495537519454956,0.9843097156714516
221,14,/home/nabizadz/Projects/Mahsa/datasets/grid/test/s32/pbal7n.mpg,36,44,4.270365238189697,0.9731426341638593
221,15,/home/nabizadz/Projects/Mahsa/datasets/grid/test/s32/pras8s.mpg,140,148,4.063053131103516,0.9957019757971842
222,0,/home/nabizadz/Projects/Mahsa/datasets/grid/test/s32/lwwp6a.mpg,29,37,4.234447956085205,0.9748108554448401
222,1,/home/nabizadz/Projects/Mahsa/datasets/grid/test/s32/lwbc1n.mpg,89,97,3.6339240074157715,0.9789320462167667
222,2,/home/nabizadz/Projects/Mahsa/datasets/grid/test/s32/prwg8s.mpg,46,54,3.545306444168091,0.9868066636114581
222,3,/home/nabizadz/Projects/Mahsa/datasets/grid/test/s32/bgix9p.mpg,194,202,4.24654483795166,0.9837244751133232
222,4,/home/nabizadz/Projects/Mahsa/datasets/grid/test/s32/bgid8a.mpg,230,238,4.3746747970581055,0.9220291520321185
222,5,/home/nabizadz/Projects/Mahsa/datasets/grid/test/s32/srae6a.mpg,170,178,2.414696216583252,0.9854515121129914
222,6,/home/nabizadz/Projects/Mahsa/datasets/grid/test/s32/lrwczs.mpg,202,210,4.38795804977417,0.9873069089971934
222,7,/home/nabizadz/Projects/Mahsa/datasets/grid/test/s32/brbqzs.mpg,119,127,4.212404727935791,0.9969907449717625
222,8,/home/nabizadz/Projects/Mahsa/datasets/grid/test/s32/lgwd2s.mpg,149,157,4.166548728942871,0.9929764742897634
222,9,/home/nabizadz/Projects/Mahsa/datasets/grid/test/s32/swws5n.mpg,130,138,3.814150810241699,0.9938832296960152
222,10,/home/nabizadz/Projects/Mahsa/datasets/grid/test/s32/swil1p.mpg,228,236,4.324305534362793,0.8396080294514251
222,11,/home/nabizadz/Projects/Mahsa/datasets/grid/test/s32/bgbe6a.mpg,162,170,4.223822593688965,0.9950913614609581
222,12,/home/nabizadz/Projects/Mahsa/datasets/grid/test/s32/pris4s.mpg,193,201,4.321700096130371,0.898793827127257
222,13,/home/nabizadz/Projects/Mahsa/datasets/grid/test/s32/pram6a.mpg,109,117,3.9092957973480225,0.9861799232930558
222,14,/home/nabizadz/Projects/Mahsa/datasets/grid/test/s32/lwiiza.mpg,152,160,3.720296859741211,0.9828021558686768
222,15,/home/nabizadz/Projects/Mahsa/datasets/grid/test/s32/brwq5p.mpg,291,299,4.049551010131836,0.9711601735314178
223,0,/home/nabizadz/Projects/Mahsa/datasets/grid/test/s32/lwao6s.mpg,40,48,4.217393398284912,0.993541313293431
223,1,/home/nabizadz/Projects/Mahsa/datasets/grid/test/s32/lwacza.mpg,84,92,3.799206495285034,0.9906768091892858
223,2,/home/nabizadz/Projects/Mahsa/datasets/grid/test/s32/pbaf3n.mpg,26,34,4.132060527801514,0.9889659721840444
223,3,/home/nabizadz/Projects/Mahsa/datasets/grid/test/s32/brav9n.mpg,11,19,4.396488666534424,0.988170106392481
223,4,/home/nabizadz/Projects/Mahsa/datasets/grid/test/s32/bbwd2a.mpg,39,47,3.1892900466918945,0.9876680311678586
223,5,/home/nabizadz/Projects/Mahsa/datasets/grid/test/s32/bwaj8s.mpg,23,31,4.310620307922363,0.9636753496725383
223,6,/home/nabizadz/Projects/Mahsa/datasets/grid/test/s32/lraozs.mpg,194,202,3.901747703552246,0.9362015545633677
223,7,/home/nabizadz/Projects/Mahsa/datasets/grid/test/s32/sbay2a.mpg,101,109,2.94106125831604,0.991201351212024
223,8,/home/nabizadz/Projects/Mahsa/datasets/grid/test/s32/bgay3p.mpg,54,62,4.3216047286987305,0.9715177134400956
223,9,/home/nabizadz/Projects/Mahsa/datasets/grid/test/s32/bgak6a.mpg,149,157,3.6143078804016113,0.9980539211195497
223,10,/home/nabizadz/Projects/Mahsa/datasets/grid/test/s32/brac9p.mpg,35,43,4.304504871368408,0.9178207355953043
223,11,/home/nabizadz/Projects/Mahsa/datasets/grid/test/s32/lgic2a.mpg,274,282,4.354000091552734,0.9344866961583794
223,12,/home/nabizadz/Projects/Mahsa/datasets/grid/test/s32/pwis9n.mpg,279,287,4.532620906829834,0.9664622313896082
223,13,/home/nabizadz/Projects/Mahsa/datasets/grid/test/s32/prwn4a.mpg,195,203,4.489325523376465,0.9953068152589805
223,14,/home/nabizadz/Projects/Mahsa/datasets/grid/test/s32/bgik1p.mpg,181,189,3.918468952178955,0.9558185132784407
223,15,/home/nabizadz/Projects/Mahsa/datasets/grid/test/s32/pwwa9n.mpg,221,229,4.51554536819458,0.9869039701160728
224,0,/home/nabizadz/Projects/Mahsa/datasets/grid/test/s32/swwm4a.mpg,198,206,2.219374656677246,0.9913450347628551
224,1,/home/nabizadz/Projects/Mahsa/datasets/grid/test/s32/brbj6s.mpg,25,33,4.350271701812744,0.9717480151380382
224,2,/home/nabizadz/Projects/Mahsa/datasets/grid/test/s32/lrih4a.mpg,153,161,2.880542278289795,0.9708392437763733
224,3,/home/nabizadz/Projects/Mahsa/datasets/grid/test/s32/lgbdza.mpg,57,65,4.320340156555176,0.9806901645008345
224,4,/home/nabizadz/Projects/Mahsa/datasets/grid/test/s32/pbaz6s.mpg,280,288,4.3199381828308105,0.9441561533047611
224,5,/home/nabizadz/Projects/Mahsa/datasets/grid/test/s32/bbwp7n.mpg,263,271,4.253082275390625,0.8957646587165504
224,6,/home/nabizadz/Projects/Mahsa/datasets/grid/test/s32/lbwu7p.mpg,200,208,4.3997015953063965,0.9897015717299028
224,7,/home/nabizadz/Projects/Mahsa/datasets/grid/test/s32/bwij3n.mpg,84,92,3.5139002799987793,0.986342764025597
224,8,/home/nabizadz/Projects/Mahsa/datasets/grid/test/s32/pbaf4s.mpg,49,57,3.7205824851989746,0.9831750796163568
224,9,/home/nabizadz/Projects/Mahsa/datasets/grid/test/s32/pbbs8a.mpg,141,149,3.5665535926818848,0.9883906149980162
224,10,/home/nabizadz/Projects/Mahsa/datasets/grid/test/s32/pwag5n.mpg,289,297,4.324300765991211,0.9874875690891947
224,11,/home/nabizadz/Projects/Mahsa/datasets/grid/test/s32/bgwe7n.mpg,268,276,4.1052937507629395,0.9047837323120591
224,12,/home/nabizadz/Projects/Mahsa/datasets/grid/test/s32/bwaj7n.mpg,257,265,4.385200500488281,0.9158286872750601
224,13,/home/nabizadz/Projects/Mahsa/datasets/grid/test/s32/lbig7p.mpg,291,299,4.079786777496338,0.9935678958038396
224,14,/home/nabizadz/Projects/Mahsa/datasets/grid/test/s32/bgby6s.mpg,150,158,4.022391319274902,0.991033155642552
224,15,/home/nabizadz/Projects/Mahsa/datasets/grid/test/s32/bgwz2a.mpg,99,107,3.878744125366211,0.9848144555852638
225,0,/home/nabizadz/Projects/Mahsa/datasets/grid/test/s32/bbwj4s.mpg,114,122,3.7783937454223633,0.9858159180858743
225,1,/home/nabizadz/Projects/Mahsa/datasets/grid/test/s32/briv5n.mpg,146,154,4.041929721832275,0.9899603596034074
225,2,/home/nabizadz/Projects/Mahsa/datasets/grid/test/s32/pgia4s.mpg,222,230,4.301782608032227,0.9655434219636562
225,3,/home/nabizadz/Projects/Mahsa/datasets/grid/test/s32/sgas6a.mpg,280,288,4.405769348144531,0.9738621481063191
225,4,/home/nabizadz/Projects/Mahsa/datasets/grid/test/s32/pram3n.mpg,136,144,4.1570024490356445,0.9842195082736483
225,5,/home/nabizadz/Projects/Mahsa/datasets/grid/test/s32/sgil6s.mpg,80,88,3.518951416015625,0.97188972733037
225,6,/home/nabizadz/Projects/Mahsa/datasets/grid/test/s32/lrin6s.mpg,213,221,4.383703708648682,0.9849653135474329
225,7,/home/nabizadz/Projects/Mahsa/datasets/grid/test/s32/swbl7n.mpg,289,297,4.339549541473389,0.9812733920687293
225,8,/home/nabizadz/Projects/Mahsa/datasets/grid/test/s32/srar1n.mpg,233,241,4.424204349517822,0.9345915835223494
225,9,/home/nabizadz/Projects/Mahsa/datasets/grid/test/s32/lgbc8s.mpg,103,111,3.353863000869751,0.983668574240479
225,10,/home/nabizadz/Projects/Mahsa/datasets/grid/test/s32/lwbp1p.mpg,24,32,4.385366916656494,0.9342515681606255
225,11,/home/nabizadz/Projects/Mahsa/datasets/grid/test/s32/lbaa8a.mpg,252,260,4.373136043548584,0.8980286256992003
225,12,/home/nabizadz/Projects/Mahsa/datasets/grid/test/s32/lwbv6a.mpg,193,201,4.313466548919678,0.986498934420791
225,13,/home/nabizadz/Projects/Mahsa/datasets/grid/test/s32/brbd2s.mpg,219,227,3.7648937702178955,0.9755664609979063
225,14,/home/nabizadz/Projects/Mahsa/datasets/grid/test/s32/lbwb4s.mpg,31,39,4.272059440612793,0.9794448954723625
225,15,/home/nabizadz/Projects/Mahsa/datasets/grid/test/s32/lwbc3p.mpg,212,220,4.340317249298096,0.9883085807058388
226,0,/home/nabizadz/Projects/Mahsa/datasets/grid/test/s32/swaf1p.mpg,53,61,2.4277288913726807,0.9881679118790806
226,1,/home/nabizadz/Projects/Mahsa/datasets/grid/test/s32/pgit7p.mpg,114,122,4.25052547454834,0.9970779913515649
226,2,/home/nabizadz/Projects/Mahsa/datasets/grid/test/s32/pgbh6s.mpg,211,219,4.36917781829834,0.9700447910594237
226,3,/home/nabizadz/Projects/Mahsa/datasets/grid/test/s32/bwwy4s.mpg,36,44,4.501675128936768,0.9868893502798841
226,4,/home/nabizadz/Projects/Mahsa/datasets/grid/test/s32/sriy2s.mpg,162,170,3.814664602279663,0.961724134609818
226,5,/home/nabizadz/Projects/Mahsa/datasets/grid/test/s32/pwwh6a.mpg,242,250,4.408797740936279,0.932668520529056
226,6,/home/nabizadz/Projects/Mahsa/datasets/grid/test/s32/bbwc9n.mpg,70,78,3.7456777095794678,0.9544424466940756
226,7,/home/nabizadz/Projects/Mahsa/datasets/grid/test/s32/lgipza.mpg,31,39,3.7368240356445312,0.9922184101724832
226,8,/home/nabizadz/Projects/Mahsa/datasets/grid/test/s32/bbwx4a.mpg,123,131,3.1627492904663086,0.982195572129884
226,9,/home/nabizadz/Projects/Mahsa/datasets/grid/test/s32/pgwb8a.mpg,282,290,4.367956161499023,0.9653576452547001
226,10,/home/nabizadz/Projects/Mahsa/datasets/grid/test/s32/lgiv3p.mpg,46,54,4.297293186187744,0.9884861092144172
226,11,/home/nabizadz/Projects/Mahsa/datasets/grid/test/s32/pgau1p.mpg,269,277,4.269326686859131,0.9105145189357966
226,12,/home/nabizadz/Projects/Mahsa/datasets/grid/test/s32/bwwk8a.mpg,20,28,4.215532302856445,0.97389678860084
226,13,/home/nabizadz/Projects/Mahsa/datasets/grid/test/s32/pwig1n.mpg,217,225,4.477213382720947,0.9774989227858759
226,14,/home/nabizadz/Projects/Mahsa/datasets/grid/test/s32/lgii3n.mpg,34,42,4.274205684661865,0.9650949464285686
226,15,/home/nabizadz/Projects/Mahsa/datasets/grid/test/s32/lrbh9n.mpg,186,194,4.053649425506592,0.9856173165621185
227,0,/home/nabizadz/Projects/Mahsa/datasets/grid/test/s32/lwwxza.mpg,215,223,4.443971633911133,0.9903081844238938
227,1,/home/nabizadz/Projects/Mahsa/datasets/grid/test/s32/lban3n.mpg,210,218,4.347142696380615,0.965559943667039
227,2,/home/nabizadz/Projects/Mahsa/datasets/grid/test/s32/lbwo3p.mpg,146,154,3.52097225189209,0.9770408602985868
227,3,/home/nabizadz/Projects/Mahsa/datasets/grid/test/s32/srwz3n.mpg,172,180,2.516792058944702,0.982263388585294
227,4,/home/nabizadz/Projects/Mahsa/datasets/grid/test/s32/pwim6s.mpg,41,49,4.190633773803711,0.9920435856649391
227,5,/home/nabizadz/Projects/Mahsa/datasets/grid/test/s32/sbby5p.mpg,37,45,4.257942199707031,0.9547350337796534
227,6,/home/nabizadz/Projects/Mahsa/datasets/grid/test/s32/lbat7n.mpg,54,62,2.7750632762908936,0.9862206507300622
227,7,/home/nabizadz/Projects/Mahsa/datasets/grid/test/s32/pbaz8a.mpg,265,273,4.301072120666504,0.8907101944918542
227,8,/home/nabizadz/Projects/Mahsa/datasets/grid/test/s32/swbz8a.mpg,153,161,3.687511444091797,0.9872691722602583
227,9,/home/nabizadz/Projects/Mahsa/datasets/grid/test/s32/pwba6s.mpg,7,15,4.395333766937256,0.9941347094744611
227,10,/home/nabizadz/Projects/Mahsa/datasets/grid/test/s32/lbig8a.mpg,81,89,3.508472204208374,0.9711704128909279
227,11,/home/nabizadz/Projects/Mahsa/datasets/grid/test/s32/prag2a.mpg,46,54,3.4894216060638428,0.980859767286373
227,12,/home/nabizadz/Projects/Mahsa/datasets/grid/test/s32/bwwk6s.mpg,83,91,3.4390697479248047,0.9871363017686167
227,13,/home/nabizadz/Projects/Mahsa/datasets/grid/test/s32/pbir7n.mpg,47,55,4.317316055297852,0.9942097518893883
227,14,/home/nabizadz/Projects/Mahsa/datasets/grid/test/s32/pwwh4s.mpg,221,229,4.506752014160156,0.9837734887099528
227,15,/home/nabizadz/Projects/Mahsa/datasets/grid/test/s32/sgas5p.mpg,25,33,4.2630295753479,0.9989094180027321
228,0,/home/nabizadz/Projects/Mahsa/datasets/grid/test/s32/pgbu3n.mpg,212,220,4.349365234375,0.9670273350009693
228,1,/home/nabizadz/Projects/Mahsa/datasets/grid/test/s32/sgbm4s.mpg,260,268,4.319162368774414,0.906028653461903
228,2,/home/nabizadz/Projects/Mahsa/datasets/grid/test/s32/lrau6a.mpg,168,176,3.155547857284546,0.9824895283395071
228,3,/home/nabizadz/Projects/Mahsa/datasets/grid/test/s32/sbbr2a.mpg,7,15,4.449895858764648,0.9964125422572094
228,4,/home/nabizadz/Projects/Mahsa/datasets/grid/test/s32/prbt2s.mpg,279,287,4.307023525238037,0.971241084458448
228,5,/home/nabizadz/Projects/Mahsa/datasets/grid/test/s32/sbwzza.mpg,125,133,2.1761481761932373,0.9834304307969067
228,6,/home/nabizadz/Projects/Mahsa/datasets/grid/test/s32/lwwjzs.mpg,178,186,3.9308485984802246,0.9845317162354559
228,7,/home/nabizadz/Projects/Mahsa/datasets/grid/test/s32/pbbm2s.mpg,13,21,4.412133693695068,0.9990202999469485
228,8,/home/nabizadz/Projects/Mahsa/datasets/grid/test/s32/sgal9n.mpg,72,80,3.7517073154449463,0.9948933628570542
228,9,/home/nabizadz/Projects/Mahsa/datasets/grid/test/s32/srby9n.mpg,135,143,3.9826011657714844,0.9727163562906532
228,10,/home/nabizadz/Projects/Mahsa/datasets/grid/test/s32/sgbm6a.mpg,162,170,3.8397488594055176,0.9902766839330195
228,11,/home/nabizadz/Projects/Mahsa/datasets/grid/test/s32/lbbn9p.mpg,90,98,3.7320375442504883,0.9890733212399964
228,12,/home/nabizadz/Projects/Mahsa/datasets/grid/test/s32/pwim8a.mpg,181,189,4.0156941413879395,0.9905542015203673
228,13,/home/nabizadz/Projects/Mahsa/datasets/grid/test/s32/pgbb2s.mpg,227,235,4.339949607849121,0.9846412685820252
228,14,/home/nabizadz/Projects/Mahsa/datasets/grid/test/s32/lgwx4s.mpg,92,100,3.6434032917022705,0.9714714572994616
228,15,/home/nabizadz/Projects/Mahsa/datasets/grid/test/s32/pgwvza.mpg,218,226,4.37268590927124,0.9603713668527475
229,0,/home/nabizadz/Projects/Mahsa/datasets/grid/test/s32/bgikzs.mpg,27,35,4.170864582061768,0.9862950171846305
229,1,/home/nabizadz/Projects/Mahsa/datasets/grid/test/s32/lwio1n.mpg,229,237,4.400174140930176,0.9015259985659853
229,2,/home/nabizadz/Projects/Mahsa/datasets/grid/test/s32/pgbn9n.mpg,206,214,4.3097310066223145,0.958365584386066
229,3,/home/nabizadz/Projects/Mahsa/datasets/grid/test/s32/lgbp7p.mpg,259,267,4.2136616706848145,0.8989026996022959
229,4,/home/nabizadz/Projects/Mahsa/datasets/grid/test/s32/lwav2a.mpg,126,134,3.935035228729248,0.9913173966643338
229,5,/home/nabizadz/Projects/Mahsa/datasets/grid/test/s32/sray6s.mpg,6,14,4.452627182006836,0.9779899335707256
229,6,/home/nabizadz/Projects/Mahsa/datasets/grid/test/s32/prbg5p.mpg,41,49,4.399281024932861,0.9891184558221975
229,7,/home/nabizadz/Projects/Mahsa/datasets/grid/test/s32/brbj8a.mpg,97,105,3.439819097518921,0.9797664051555193
229,8,/home/nabizadz/Projects/Mahsa/datasets/grid/test/s32/lgbc7n.mpg,97,105,3.5137672424316406,0.9838773571672883
229,9,/home/nabizadz/Projects/Mahsa/datasets/grid/test/s32/pgbh7p.mpg,74,82,3.268458843231201,0.958651988093106
229,10,/home/nabizadz/Projects/Mahsa/datasets/grid/test/s32/lbahzs.mpg,271,279,4.313607692718506,0.9249981708497881
229,11,/home/nabizadz/Projects/Mahsa/datasets/grid/test/s32/bwad5p.mpg,67,75,3.873934268951416,0.9869006510213836
229,12,/home/nabizadz/Projects/Mahsa/datasets/grid/test/s32/lwwp3n.mpg,150,158,3.3540897369384766,0.9750206635818113
229,13,/home/nabizadz/Projects/Mahsa/datasets/grid/test/s32/lgac3n.mpg,138,146,3.449150323867798,0.9804044627107712
229,14,/home/nabizadz/Projects/Mahsa/datasets/grid/test/s32/bwix4a.mpg,64,72,4.025179862976074,0.9863883959653271
229,15,/home/nabizadz/Projects/Mahsa/datasets/grid/test/s32/bwij5p.mpg,218,226,4.216953277587891,0.9664914738373965
230,0,/home/nabizadz/Projects/Mahsa/datasets/grid/test/s32/pgbh8a.mpg,157,165,3.6362805366516113,0.9881128455493489
230,1,/home/nabizadz/Projects/Mahsa/datasets/grid/test/s32/lgwq1p.mpg,7,15,4.545726776123047,0.9975549896656376
230,2,/home/nabizadz/Projects/Mahsa/datasets/grid/test/s32/swilzs.mpg,124,132,3.5131096839904785,0.9851581562080037
230,3,/home/nabizadz/Projects/Mahsa/datasets/grid/test/s32/pbisza.mpg,184,192,4.142561912536621,0.9861318112516693
230,4,/home/nabizadz/Projects/Mahsa/datasets/grid/test/s32/sgir9n.mpg,224,232,3.9067342281341553,0.8401907373294842
230,5,/home/nabizadz/Projects/Mahsa/datasets/grid/test/s32/pwam9n.mpg,23,31,4.441928863525391,0.9956158117534649
230,6,/home/nabizadz/Projects/Mahsa/datasets/grid/test/s32/lgwd1n.mpg,26,34,4.430360317230225,0.9930370557543465
230,7,/home/nabizadz/Projects/Mahsa/datasets/grid/test/s32/sbak1n.mpg,49,57,4.018126964569092,0.9891510330263829
230,8,/home/nabizadz/Projects/Mahsa/datasets/grid/test/s32/bbwqza.mpg,29,37,4.024562358856201,0.9338377810508166
230,9,/home/nabizadz/Projects/Mahsa/datasets/grid/test/s32/sgwt4a.mpg,150,158,3.4118528366088867,0.9852725030058747
230,10,/home/nabizadz/Projects/Mahsa/datasets/grid/test/s32/lbin1p.mpg,75,83,3.365993022918701,0.9796680615906032
230,11,/home/nabizadz/Projects/Mahsa/datasets/grid/test/s32/bgak4s.mpg,14,22,4.446075439453125,0.9536651172314898
230,12,/home/nabizadz/Projects/Mahsa/datasets/grid/test/s32/srie1p.mpg,21,29,4.339972972869873,0.974783916341881
230,13,/home/nabizadz/Projects/Mahsa/datasets/grid/test/s32/pwwn8s.mpg,114,122,3.7340312004089355,0.9810804828171785
230,14,/home/nabizadz/Projects/Mahsa/datasets/grid/test/s32/sgaf8a.mpg,241,249,4.27866792678833,0.9270254110087626
230,15,/home/nabizadz/Projects/Mahsa/datasets/grid/test/s32/lgwx3n.mpg,72,80,3.522451877593994,0.9890153071845132
231,0,/home/nabizadz/Projects/Mahsa/datasets/grid/test/s32/bbbi9n.mpg,137,145,3.8635153770446777,0.9802013118297447
231,1,/home/nabizadz/Projects/Mahsa/datasets/grid/test/s32/sbad8s.mpg,213,221,4.256983280181885,0.9047130069532618
231,2,/home/nabizadz/Projects/Mahsa/datasets/grid/test/s32/pgan5n.mpg,173,181,3.7428689002990723,0.9892273490314215
231,3,/home/nabizadz/Projects/Mahsa/datasets/grid/test/s32/pwat3n.mpg,103,111,4.212083339691162,0.9989249105258151
231,4,/home/nabizadz/Projects/Mahsa/datasets/grid/test/s32/brwq6a.mpg,174,182,3.878607988357544,0.9854096360330408
231,5,/home/nabizadz/Projects/Mahsa/datasets/grid/test/s32/bwwrzs.mpg,172,180,4.250757217407227,0.9936253998048498
231,6,/home/nabizadz/Projects/Mahsa/datasets/grid/test/s32/srae3n.mpg,219,227,4.207441329956055,0.8941761409496027
231,7,/home/nabizadz/Projects/Mahsa/datasets/grid/test/s32/pbwm7p.mpg,232,240,4.442774295806885,0.9640930566193998
231,8,/home/nabizadz/Projects/Mahsa/datasets/grid/test/s32/bric6a.mpg,272,280,4.503622055053711,0.9724001178764369
231,9,/home/nabizadz/Projects/Mahsa/datasets/grid/test/s32/bbib8s.mpg,133,141,3.9218175411224365,0.9873559435545596
231,10,/home/nabizadz/Projects/Mahsa/datasets/grid/test/s32/sgil8a.mpg,174,182,3.835367441177368,0.9847215289483464
231,11,/home/nabizadz/Projects/Mahsa/datasets/grid/test/s32/bbao9n.mpg,235,243,4.295761585235596,0.8452828891772911
231,12,/home/nabizadz/Projects/Mahsa/datasets/grid/test/s32/sbak4a.mpg,218,226,4.155797958374023,0.9894214254778705
231,13,/home/nabizadz/Projects/Mahsa/datasets/grid/test/s32/sgbs9p.mpg,93,101,3.9101827144622803,0.994081923685843
231,14,/home/nabizadz/Projects/Mahsa/datasets/grid/test/s32/lrwv2s.mpg,127,135,3.761657476425171,0.9823995260734425
231,15,/home/nabizadz/Projects/Mahsa/datasets/grid/test/s32/lbbu3p.mpg,8,16,4.456881523132324,0.9999968780713803
232,0,/home/nabizadz/Projects/Mahsa/datasets/grid/test/s32/brbd3p.mpg,71,79,3.508962869644165,0.9756280120325495
232,1,/home/nabizadz/Projects/Mahsa/datasets/grid/test/s32/pwig4a.mpg,126,134,3.985743761062622,0.9908661835633336
232,2,/home/nabizadz/Projects/Mahsa/datasets/grid/test/s32/bwbd8s.mpg,207,215,4.473701000213623,0.9764424545442979
232,3,/home/nabizadz/Projects/Mahsa/datasets/grid/test/s32/bbio6s.mpg,272,280,4.292613506317139,0.9448203720524105
232,4,/home/nabizadz/Projects/Mahsa/datasets/grid/test/s32/lwib5p.mpg,219,227,4.262591361999512,0.9383583759885952
232,5,/home/nabizadz/Projects/Mahsa/datasets/grid/test/s32/pbwg2s.mpg,258,266,4.458261013031006,0.9884678206306147
232,6,/home/nabizadz/Projects/Mahsa/datasets/grid/test/s32/swae9n.mpg,204,212,4.2993903160095215,0.9944078842664448
232,7,/home/nabizadz/Projects/Mahsa/datasets/grid/test/s32/bwad4s.mpg,20,28,4.438483238220215,0.9906072544154517
232,8,/home/nabizadz/Projects/Mahsa/datasets/grid/test/s32/bbiv1p.mpg,55,63,3.541482925415039,0.956391361228482
232,9,/home/nabizadz/Projects/Mahsa/datasets/grid/test/s32/pris5p.mpg,155,163,4.02902364730835,0.9907611872701669
232,10,/home/nabizadz/Projects/Mahsa/datasets/grid/test/s32/brbd1n.mpg,200,208,4.311987400054932,0.9425936772950735
232,11,/home/nabizadz/Projects/Mahsa/datasets/grid/test/s32/srws2a.mpg,274,282,4.3785400390625,0.9678807962413295
232,12,/home/nabizadz/Projects/Mahsa/datasets/grid/test/s32/srwz6a.mpg,286,294,3.932849168777466,0.9972343088800765
232,13,/home/nabizadz/Projects/Mahsa/datasets/grid/test/s32/lgav6s.mpg,37,45,4.492366790771484,0.9939748976007766
232,14,/home/nabizadz/Projects/Mahsa/datasets/grid/test/s32/lwbc2s.mpg,6,14,4.526264667510986,0.9999971540182989
232,15,/home/nabizadz/Projects/Mahsa/datasets/grid/test/s32/bgwr7p.mpg,208,216,4.391500473022461,0.9778922407111718
233,0,/home/nabizadz/Projects/Mahsa/datasets/grid/test/s32/lwbv3n.mpg,290,298,4.598730087280273,0.9989763990403924
233,1,/home/nabizadz/Projects/Mahsa/datasets/grid/test/s32/pbwg3p.mpg,135,143,3.802562952041626,0.9874487684247615
233,2,/home/nabizadz/Projects/Mahsa/datasets/grid/test/s32/swbz7p.mpg,90,98,3.6621320247650146,0.9907301353860776
233,3,/home/nabizadz/Projects/Mahsa/datasets/grid/test/s32/swiy8s.mpg,258,266,4.410019397735596,0.8973423572338659
233,4,/home/nabizadz/Projects/Mahsa/datasets/grid/test/s32/brwkzs.mpg,69,77,2.2225441932678223,0.9909214969830337
233,5,/home/nabizadz/Projects/Mahsa/datasets/grid/test/s32/pgia3n.mpg,136,144,4.0844292640686035,0.9912639638185538
233,6,/home/nabizadz/Projects/Mahsa/datasets/grid/test/s32/bgwe8s.mpg,292,300,4.412668228149414,0.9900524989507618
233,7,/home/nabizadz/Projects/Mahsa/datasets/grid/test/s32/lbim9n.mpg,22,30,4.420227527618408,0.948890600213317
233,8,/home/nabizadz/Projects/Mahsa/datasets/grid/test/s32/prbg3n.mpg,80,88,3.357295513153076,0.9908009520279244
233,9,/home/nabizadz/Projects/Mahsa/datasets/grid/test/s32/lbat9p.mpg,263,271,4.241530418395996,0.8930953943952975
233,10,/home/nabizadz/Projects/Mahsa/datasets/grid/test/s32/sray5n.mpg,264,272,4.51607084274292,0.9847023596193296
233,11,/home/nabizadz/Projects/Mahsa/datasets/grid/test/s32/bgid6s.mpg,291,299,4.3634233474731445,0.9823854800522615
233,12,/home/nabizadz/Projects/Mahsa/datasets/grid/test/s32/swwz9n.mpg,242,250,4.491865158081055,0.9956677650203762
233,13,/home/nabizadz/Projects/Mahsa/datasets/grid/test/s32/lrbo3n.mpg,172,180,3.7529821395874023,0.9915617467116487
233,14,/home/nabizadz/Projects/Mahsa/datasets/grid/test/s32/sriq9p.mpg,123,131,3.2594690322875977,0.9763494992005491
233,15,/home/nabizadz/Projects/Mahsa/datasets/grid/test/s32/pbaz5n.mpg,51,59,4.319149494171143,0.9791971904837689
234,0,/home/nabizadz/Projects/Mahsa/datasets/grid/test/s32/srwf4a.mpg,111,119,2.237989664077759,0.9868879742562519
234,1,/home/nabizadz/Projects/Mahsa/datasets/grid/test/s32/lrau3n.mpg,68,76,3.560574769973755,0.9817450445931039
234,2,/home/nabizadz/Projects/Mahsa/datasets/grid/test/s32/lbbh6a.mpg,137,145,3.5192935466766357,0.984935886825292
234,3,/home/nabizadz/Projects/Mahsa/datasets/grid/test/s32/sriq8s.mpg,246,254,4.307032585144043,0.9150429645893731
234,4,/home/nabizadz/Projects/Mahsa/datasets/grid/test/s32/prim2a.mpg,169,177,3.6259777545928955,0.9864703639197407
234,5,/home/nabizadz/Projects/Mahsa/datasets/grid/test/s32/lwao5n.mpg,103,111,3.8398866653442383,0.9855755791081555
234,6,/home/nabizadz/Projects/Mahsa/datasets/grid/test/s32/lbauza.mpg,109,117,3.523974657058716,0.9843915866204197
234,7,/home/nabizadz/Projects/Mahsa/datasets/grid/test/s32/pgwo3n.mpg,15,23,4.532196521759033,0.9674054277248422
234,8,/home/nabizadz/Projects/Mahsa/datasets/grid/test/s32/lgwp9n.mpg,181,189,3.957205295562744,0.9856595383069259
234,9,/home/nabizadz/Projects/Mahsa/datasets/grid/test/s32/bgay2s.mpg,60,68,3.217970848083496,0.9611233232990095
234,10,/home/nabizadz/Projects/Mahsa/datasets/grid/test/s32/pgan7p.mpg,222,230,4.375230312347412,0.9924133906519835
234,11,/home/nabizadz/Projects/Mahsa/datasets/grid/test/s32/pbwm8a.mpg,41,49,4.402613162994385,0.9822993819945908
234,12,/home/nabizadz/Projects/Mahsa/datasets/grid/test/s32/sgaf5n.mpg,16,24,4.350858211517334,0.988379634720086
234,13,/home/nabizadz/Projects/Mahsa/datasets/grid/test/s32/srbfza.mpg,143,151,2.180100679397583,0.9876866231396122
234,14,/home/nabizadz/Projects/Mahsa/datasets/grid/test/s32/bwbx9n.mpg,228,236,4.48347282409668,0.9706892740284215
234,15,/home/nabizadz/Projects/Mahsa/datasets/grid/test/s32/lbwb5p.mpg,234,242,4.405950546264648,0.9451349362916888
235,0,/home/nabizadz/Projects/Mahsa/datasets/grid/test/s32/lgbj3p.mpg,115,123,3.88812255859375,0.9939662071665922
235,1,/home/nabizadz/Projects/Mahsa/datasets/grid/test/s32/bgbr2s.mpg,278,286,4.385834693908691,0.9541912800125469
235,2,/home/nabizadz/Projects/Mahsa/datasets/grid/test/s32/lgai7n.mpg,146,154,3.9718010425567627,0.9849248017833215
235,3,/home/nabizadz/Projects/Mahsa/datasets/grid/test/s32/pgauzs.mpg,148,156,3.931187391281128,0.9901855746227978
235,4,/home/nabizadz/Projects/Mahsa/datasets/grid/test/s32/lrah8a.mpg,97,105,4.029335021972656,0.9970961367197648
235,5,/home/nabizadz/Projects/Mahsa/datasets/grid/test/s32/pbwaza.mpg,92,100,3.753044843673706,0.9842119850258737
235,6,/home/nabizadz/Projects/Mahsa/datasets/grid/test/s32/lbbu4a.mpg,121,129,3.6289801597595215,0.9874374175865027
235,7,/home/nabizadz/Projects/Mahsa/datasets/grid/test/s32/brwd8a.mpg,246,254,4.297087669372559,0.888453887584908
235,8,/home/nabizadz/Projects/Mahsa/datasets/grid/test/s32/prif6s.mpg,253,261,4.4761433601379395,0.9009289462760662
235,9,/home/nabizadz/Projects/Mahsa/datasets/grid/test/s32/bwip8s.mpg,34,42,4.328160285949707,0.9879619989511742
235,10,/home/nabizadz/Projects/Mahsa/datasets/grid/test/s32/swir5p.mpg,72,80,2.538020372390747,0.9871899815382309
235,11,/home/nabizadz/Projects/Mahsa/datasets/grid/test/s32/srbe9p.mpg,133,141,3.458395004272461,0.9769563664633935
235,12,/home/nabizadz/Projects/Mahsa/datasets/grid/test/s32/lbig5n.mpg,154,162,3.657087564468384,0.9859078929767
235,13,/home/nabizadz/Projects/Mahsa/datasets/grid/test/s32/sbak3p.mpg,8,16,4.423834323883057,0.9927192454436473
235,14,/home/nabizadz/Projects/Mahsa/datasets/grid/test/s32/lrwv4a.mpg,33,41,4.014604091644287,0.9875164405459403
235,15,/home/nabizadz/Projects/Mahsa/datasets/grid/test/s32/sbbr1p.mpg,205,213,4.462528228759766,0.9773392667214409
236,0,/home/nabizadz/Projects/Mahsa/datasets/grid/test/s32/lwbc4a.mpg,231,239,4.3642659187316895,0.9236568912850925
236,1,/home/nabizadz/Projects/Mahsa/datasets/grid/test/s32/prwg9p.mpg,69,77,4.496849060058594,0.9939490776204645
236,2,/home/nabizadz/Projects/Mahsa/datasets/grid/test/s32/sbbrzs.mpg,238,246,4.301131725311279,0.8706872331571497
236,3,/home/nabizadz/Projects/Mahsa/datasets/grid/test/s32/lwwj2a.mpg,141,149,3.9849274158477783,0.989940603165159
236,4,/home/nabizadz/Projects/Mahsa/datasets/grid/test/s32/pwaa3p.mpg,88,96,3.516385555267334,0.9912104322405385
236,5,/home/nabizadz/Projects/Mahsa/datasets/grid/test/s32/pgaa9p.mpg,144,152,3.7724239826202393,0.9854570083050662
236,6,/home/nabizadz/Projects/Mahsa/datasets/grid/test/s32/lrau4s.mpg,186,194,4.48538064956665,0.9964341250727772
236,7,/home/nabizadz/Projects/Mahsa/datasets/grid/test/s32/sbij9p.mpg,223,231,4.509904861450195,0.9925395716231737
236,8,/home/nabizadz/Projects/Mahsa/datasets/grid/test/s32/pwan1p.mpg,18,26,4.5787882804870605,0.9988991115740017
236,9,/home/nabizadz/Projects/Mahsa/datasets/grid/test/s32/lwwj1p.mpg,40,48,4.293931007385254,0.9144381979453675
236,10,/home/nabizadz/Projects/Mahsa/datasets/grid/test/s32/prim1p.mpg,76,84,3.304544687271118,0.995549091400271
236,11,/home/nabizadz/Projects/Mahsa/datasets/grid/test/s32/pbbs6s.mpg,137,145,4.169007778167725,0.9986887776833304
236,12,/home/nabizadz/Projects/Mahsa/datasets/grid/test/s32/pbaf6a.mpg,98,106,4.079347610473633,0.995842852867744
236,13,/home/nabizadz/Projects/Mahsa/datasets/grid/test/s32/pgit8a.mpg,189,197,4.134162902832031,0.9830085479579798
236,14,/home/nabizadz/Projects/Mahsa/datasets/grid/test/s32/prwhza.mpg,83,91,2.2104434967041016,0.9883838101969354
236,15,/home/nabizadz/Projects/Mahsa/datasets/grid/test/s32/srae5p.mpg,96,104,3.707557439804077,0.9845696985537081
237,0,/home/nabizadz/Projects/Mahsa/datasets/grid/test/s32/lrwv3p.mpg,211,219,4.250178337097168,0.9546952628883457
237,1,/home/nabizadz/Projects/Mahsa/datasets/grid/test/s32/bwad3n.mpg,199,207,4.08687686920166,0.9915672697408425
237,2,/home/nabizadz/Projects/Mahsa/datasets/grid/test/s32/bgwz1p.mpg,133,141,3.8160240650177,0.9923974736421536
237,3,/home/nabizadz/Projects/Mahsa/datasets/grid/test/s32/sbby6a.mpg,278,286,4.374765396118164,0.9467746056871343
237,4,/home/nabizadz/Projects/Mahsa/datasets/grid/test/s32/lgwx5p.mpg,137,145,3.7284674644470215,0.9861207961991619
237,5,/home/nabizadz/Projects/Mahsa/datasets/grid/test/s32/lwwc8a.mpg,249,257,4.3945512771606445,0.9874886863620084
237,6,/home/nabizadz/Projects/Mahsa/datasets/grid/test/s32/lrbb6s.mpg,200,208,2.9609375,0.9929880393745161
237,7,/home/nabizadz/Projects/Mahsa/datasets/grid/test/s32/prwn1n.mpg,0,8,4.48719596862793,0.9963351095472627
237,8,/home/nabizadz/Projects/Mahsa/datasets/grid/test/s32/srak7n.mpg,274,282,4.506473541259766,0.9853824112358109
237,9,/home/nabizadz/Projects/Mahsa/datasets/grid/test/s32/pbbs7p.mpg,285,293,4.301436901092529,0.9654889288409539
237,10,/home/nabizadz/Projects/Mahsa/datasets/grid/test/s32/bgarza.mpg,135,143,4.160627841949463,0.9931141941881998
237,11,/home/nabizadz/Projects/Mahsa/datasets/grid/test/s32/briv6s.mpg,85,93,3.733708381652832,0.9838564207225668
237,12,/home/nabizadz/Projects/Mahsa/datasets/grid/test/s32/srbr5n.mpg,153,161,2.613131046295166,0.9909934419195394
237,13,/home/nabizadz/Projects/Mahsa/datasets/grid/test/s32/lrbi1p.mpg,16,24,4.543815612792969,0.9999812601712037
237,14,/home/nabizadz/Projects/Mahsa/datasets/grid/test/s32/lgiczs.mpg,73,81,3.848219633102417,0.9897350156657212
237,15,/home/nabizadz/Projects/Mahsa/datasets/grid/test/s32/swaf2a.mpg,180,188,4.391437530517578,0.9934549700740123
238,0,/home/nabizadz/Projects/Mahsa/datasets/grid/test/s32/bbib7n.mpg,114,122,3.5790884494781494,0.9869673869415881
238,1,/home/nabizadz/Projects/Mahsa/datasets/grid/test/s32/sbij8s.mpg,149,157,3.582319974899292,0.9618633293632411
238,2,/home/nabizadz/Projects/Mahsa/datasets/grid/test/s32/lrbo5p.mpg,121,129,2.1203718185424805,0.9923031176572568
238,3,/home/nabizadz/Projects/Mahsa/datasets/grid/test/s32/lwwc6s.mpg,30,38,4.3199462890625,0.9950955692516141
238,4,/home/nabizadz/Projects/Mahsa/datasets/grid/test/s32/pwanzs.mpg,45,53,4.206175327301025,0.9918315898528143
238,5,/home/nabizadz/Projects/Mahsa/datasets/grid/test/s32/pwim7p.mpg,89,97,3.6160223484039307,0.9881788994191721
238,6,/home/nabizadz/Projects/Mahsa/datasets/grid/test/s32/sbwy9p.mpg,265,273,4.0640435218811035,0.9570634436598887
238,7,/home/nabizadz/Projects/Mahsa/datasets/grid/test/s32/prwa3n.mpg,152,160,3.261019229888916,0.9830680640742498
238,8,/home/nabizadz/Projects/Mahsa/datasets/grid/test/s32/sbwy7n.mpg,202,210,4.3496222496032715,0.9629258303721075
238,9,/home/nabizadz/Projects/Mahsa/datasets/grid/test/s32/prwt5n.mpg,129,137,4.249624252319336,0.9985501841876124
238,10,/home/nabizadz/Projects/Mahsa/datasets/grid/test/s32/swie8a.mpg,263,271,4.428438663482666,0.9701133626729206
238,11,/home/nabizadz/Projects/Mahsa/datasets/grid/test/s32/pbas2s.mpg,155,163,3.205888032913208,0.9617297782312868
238,12,/home/nabizadz/Projects/Mahsa/datasets/grid/test/s32/lbwo1n.mpg,172,180,3.4457643032073975,0.9890440854969053
238,13,/home/nabizadz/Projects/Mahsa/datasets/grid/test/s32/bwax7p.mpg,281,289,4.306689739227295,0.954170417500888
238,14,/home/nabizadz/Projects/Mahsa/datasets/grid/test/s32/lriu1p.mpg,203,211,4.165350914001465,0.9138366948762744
238,15,/home/nabizadz/Projects/Mahsa/datasets/grid/test/s32/bwix1n.mpg,176,184,4.333310127258301,0.9917159224023465
239,0,/home/nabizadz/Projects/Mahsa/datasets/grid/test/s32/bgid7p.mpg,3,11,4.468788146972656,0.9925694970690326
239,1,/home/nabizadz/Projects/Mahsa/datasets/grid/test/s32/lwav1p.mpg,30,38,4.448913097381592,0.9923676376027415
239,2,/home/nabizadz/Projects/Mahsa/datasets/grid/test/s32/lgac6a.mpg,45,53,4.213415145874023,0.9542533005155516
239,3,/home/nabizadz/Projects/Mahsa/datasets/grid/test/s32/srwz5p.mpg,137,145,2.797893762588501,0.9907272762463792
239,4,/home/nabizadz/Projects/Mahsa/datasets/grid/test/s32/sbwr4s.mpg,262,270,4.37614107131958,0.9566783107295183
239,5,/home/nabizadz/Projects/Mahsa/datasets/grid/test/s32/sgwa2a.mpg,135,143,3.8285446166992188,0.9905477778268942
239,6,/home/nabizadz/Projects/Mahsa/datasets/grid/test/s32/swwm3p.mpg,162,170,3.9842686653137207,0.969614475375973
239,7,/home/nabizadz/Projects/Mahsa/datasets/grid/test/s32/swal4s.mpg,196,204,4.490993499755859,0.989621402624176
239,8,/home/nabizadz/Projects/Mahsa/datasets/grid/test/s32/sbak2s.mpg,8,16,4.471932411193848,0.9904330101016569
239,9,/home/nabizadz/Projects/Mahsa/datasets/grid/test/s32/sgwt1n.mpg,241,249,4.331051349639893,0.8737743978782856
239,10,/home/nabizadz/Projects/Mahsa/datasets/grid/test/s32/sbad7n.mpg,280,288,4.467673301696777,0.9912723944750871
239,11,/home/nabizadz/Projects/Mahsa/datasets/grid/test/s32/pwba5n.mpg,173,181,4.146639347076416,0.9958148382900894
239,12,/home/nabizadz/Projects/Mahsa/datasets/grid/test/s32/sgiszs.mpg,14,22,4.228100299835205,0.9319610378630445
239,13,/home/nabizadz/Projects/Mahsa/datasets/grid/test/s32/lwbi7p.mpg,157,165,2.500725746154785,0.9831233638513975
239,14,/home/nabizadz/Projects/Mahsa/datasets/grid/test/s32/prwt8a.mpg,63,71,3.3214738368988037,0.9733322062527647
239,15,/home/nabizadz/Projects/Mahsa/datasets/grid/test/s32/lwib3n.mpg,177,185,4.058515548706055,0.9860311912600479
240,0,/home/nabizadz/Projects/Mahsa/datasets/grid/test/s32/pbbm4a.mpg,161,169,3.9579670429229736,0.985286020728632
240,1,/home/nabizadz/Projects/Mahsa/datasets/grid/test/s32/lwwi9n.mpg,200,208,4.451868534088135,0.9875750536485174
240,2,/home/nabizadz/Projects/Mahsa/datasets/grid/test/s32/lgac4s.mpg,287,295,4.429985046386719,0.9790622073868406
240,3,/home/nabizadz/Projects/Mahsa/datasets/grid/test/s32/lgio7n.mpg,79,87,3.6395034790039062,0.9894886012363485
240,4,/home/nabizadz/Projects/Mahsa/datasets/grid/test/s32/lwio3p.mpg,18,26,4.430593967437744,0.999990136335301
240,5,/home/nabizadz/Projects/Mahsa/datasets/grid/test/s32/pbwg1n.mpg,286,294,4.331055164337158,0.9858333331050865
240,6,/home/nabizadz/Projects/Mahsa/datasets/grid/test/s32/bbai6s.mpg,276,284,4.49256706237793,0.9572848121366608
240,7,/home/nabizadz/Projects/Mahsa/datasets/grid/test/s32/bwbq8a.mpg,238,246,4.12452507019043,0.8769354372567056
240,8,/home/nabizadz/Projects/Mahsa/datasets/grid/test/s32/brip1n.mpg,117,125,3.570570468902588,0.9865377470200659
240,9,/home/nabizadz/Projects/Mahsa/datasets/grid/test/s32/sbbq9n.mpg,224,232,4.355066299438477,0.992605057321176
240,10,/home/nabizadz/Projects/Mahsa/datasets/grid/test/s32/praf9n.mpg,132,140,3.9690587520599365,0.9851025361925339
240,11,/home/nabizadz/Projects/Mahsa/datasets/grid/test/s32/bwbyzs.mpg,172,180,2.3866567611694336,0.9908448256134699
240,12,/home/nabizadz/Projects/Mahsa/datasets/grid/test/s32/bgbe3n.mpg,64,72,3.326390266418457,0.9688537861998077
240,13,/home/nabizadz/Projects/Mahsa/datasets/grid/test/s32/bbbp6a.mpg,51,59,3.5049984455108643,0.9637684039012527
240,14,/home/nabizadz/Projects/Mahsa/datasets/grid/test/s32/pbil3n.mpg,17,25,4.42343807220459,0.9994173369830974
240,15,/home/nabizadz/Projects/Mahsa/datasets/grid/test/s32/srbr7p.mpg,193,201,4.079645156860352,0.9715814131111605
241,0,/home/nabizadz/Projects/Mahsa/datasets/grid/test/s32/sbax9n.mpg,164,172,3.344015598297119,0.9606602725664377
241,1,/home/nabizadz/Projects/Mahsa/datasets/grid/test/s32/lrbo6a.mpg,190,198,3.9024055004119873,0.9847267455900012
241,2,/home/nabizadz/Projects/Mahsa/datasets/grid/test/s32/sbix5n.mpg,199,207,4.403941631317139,0.9848624146302413
241,3,/home/nabizadz/Projects/Mahsa/datasets/grid/test/s32/swws6s.mpg,264,272,4.386668682098389,0.9400969080802001
241,4,/home/nabizadz/Projects/Mahsa/datasets/grid/test/s32/pwitzs.mpg,113,121,4.035511016845703,0.9925884337642196
241,5,/home/nabizadz/Projects/Mahsa/datasets/grid/test/s32/pgbozs.mpg,31,39,4.393442630767822,0.9984574692643916
241,6,/home/nabizadz/Projects/Mahsa/datasets/grid/test/s32/lwwp4s.mpg,73,81,3.3100061416625977,0.9926788371346684
241,7,/home/nabizadz/Projects/Mahsa/datasets/grid/test/s32/swaz4a.mpg,262,270,4.3933210372924805,0.9366845337365035
241,8,/home/nabizadz/Projects/Mahsa/datasets/grid/test/s32/sbwe7p.mpg,60,68,3.741492509841919,0.9983008010129375
241,9,/home/nabizadz/Projects/Mahsa/datasets/grid/test/s32/pbiz3p.mpg,119,127,3.8062520027160645,0.9892711180613799
241,10,/home/nabizadz/Projects/Mahsa/datasets/grid/test/s32/bwix3p.mpg,288,296,4.345085620880127,0.9753931893307985
241,11,/home/nabizadz/Projects/Mahsa/datasets/grid/test/s32/srwl5n.mpg,77,85,3.4390547275543213,0.9923363279058022
241,12,/home/nabizadz/Projects/Mahsa/datasets/grid/test/s32/lrah5n.mpg,188,196,2.199611186981201,0.9820184781930799
241,13,/home/nabizadz/Projects/Mahsa/datasets/grid/test/s32/bgak3n.mpg,195,203,4.287966728210449,0.9942372991564479
241,14,/home/nabizadz/Projects/Mahsa/datasets/grid/test/s32/sbbe1n.mpg,107,115,3.0168771743774414,0.9841120982007303
241,15,/home/nabizadz/Projects/Mahsa/datasets/grid/test/s32/pbil4s.mpg,86,94,3.4700264930725098,0.9662088508405902
242,0,/home/nabizadz/Projects/Mahsa/datasets/grid/test/s32/bbii4a.mpg,246,254,4.343836784362793,0.8692046061383623
242,1,/home/nabizadz/Projects/Mahsa/datasets/grid/test/s32/bgwl1n.mpg,126,134,3.63260817527771,0.9845215194260207
242,2,/home/nabizadz/Projects/Mahsa/datasets/grid/test/s32/sgif4a.mpg,155,163,3.540492296218872,0.9689391594557525
242,3,/home/nabizadz/Projects/Mahsa/datasets/grid/test/s32/bgbr1n.mpg,199,207,4.1987175941467285,0.9847502893294675
242,4,/home/nabizadz/Projects/Mahsa/datasets/grid/test/s32/swwf7n.mpg,189,197,4.283143520355225,0.9919845353165706
242,5,/home/nabizadz/Projects/Mahsa/datasets/grid/test/s32/bbwj6a.mpg,274,282,4.320526599884033,0.9418023516039185
242,6,/home/nabizadz/Projects/Mahsa/datasets/grid/test/s32/lbboza.mpg,289,297,4.333430767059326,0.9810498356401937
242,7,/home/nabizadz/Projects/Mahsa/datasets/grid/test/s32/bgwzzs.mpg,94,102,3.794890880584717,0.9923169526013628
242,8,/home/nabizadz/Projects/Mahsa/datasets/grid/test/s32/bgwl4a.mpg,169,177,3.586620330810547,0.9825817470400044
242,9,/home/nabizadz/Projects/Mahsa/datasets/grid/test/s32/srwz4s.mpg,244,252,4.324406623840332,0.8470511497467874
242,10,/home/nabizadz/Projects/Mahsa/datasets/grid/test/s32/pgwizs.mpg,247,255,4.249415874481201,0.8809744074506566
242,11,/home/nabizadz/Projects/Mahsa/datasets/grid/test/s32/pwiaza.mpg,27,35,4.405310153961182,0.9868868349667888
242,12,/home/nabizadz/Projects/Mahsa/datasets/grid/test/s32/sgiz6a.mpg,287,295,4.343891143798828,0.9910055918987475
242,13,/home/nabizadz/Projects/Mahsa/datasets/grid/test/s32/srwf1n.mpg,261,269,4.361762046813965,0.9232943824303147
242,14,/home/nabizadz/Projects/Mahsa/datasets/grid/test/s32/pwit1p.mpg,271,279,4.317760467529297,0.9278640737427155
242,15,/home/nabizadz/Projects/Mahsa/datasets/grid/test/s32/sgbs8s.mpg,2,10,4.360497951507568,0.9825944364916718
243,0,/home/nabizadz/Projects/Mahsa/datasets/grid/test/s32/pwag7p.mpg,114,122,3.516752004623413,0.9879240326456331
243,1,/home/nabizadz/Projects/Mahsa/datasets/grid/test/s32/bgwe9p.mpg,117,125,3.5970332622528076,0.9843884804644498
243,2,/home/nabizadz/Projects/Mahsa/datasets/grid/test/s32/lbit5p.mpg,94,102,3.4159841537475586,0.9796186897424263
243,3,/home/nabizadz/Projects/Mahsa/datasets/grid/test/s32/lrwc1p.mpg,124,132,2.043440103530884,0.986848622811184
243,4,/home/nabizadz/Projects/Mahsa/datasets/grid/test/s32/bbac1n.mpg,211,219,4.462693214416504,0.9906607356751422
243,5,/home/nabizadz/Projects/Mahsa/datasets/grid/test/s32/lrbu7n.mpg,22,30,4.440677165985107,0.999861063817943
243,6,/home/nabizadz/Projects/Mahsa/datasets/grid/test/s32/srik6a.mpg,2,10,4.378232479095459,0.9953239772580662
243,7,/home/nabizadz/Projects/Mahsa/datasets/grid/test/s32/sgwnza.mpg,248,256,4.385880470275879,0.944930535105731
243,8,/home/nabizadz/Projects/Mahsa/datasets/grid/test/s32/lwbi8a.mpg,142,150,3.6759164333343506,0.9878405637065735
243,9,/home/nabizadz/Projects/Mahsa/datasets/grid/test/s32/bwbd7n.mpg,124,132,3.8102192878723145,0.9916873905921096
243,10,/home/nabizadz/Projects/Mahsa/datasets/grid/test/s32/lgwj6s.mpg,219,227,4.192534446716309,0.9838340448053011
243,11,/home/nabizadz/Projects/Mahsa/datasets/grid/test/s32/pbaz7p.mpg,15,23,4.385207653045654,0.9910320718354598
243,12,/home/nabizadz/Projects/Mahsa/datasets/grid/test/s32/bgbk9p.mpg,83,91,3.4619228839874268,0.9820521917224346
243,13,/home/nabizadz/Projects/Mahsa/datasets/grid/test/s32/pras9p.mpg,270,278,4.237975597381592,0.9500193561803996
243,14,/home/nabizadz/Projects/Mahsa/datasets/grid/test/s32/pbil5p.mpg,37,45,4.328030586242676,0.9961636839018344
243,15,/home/nabizadz/Projects/Mahsa/datasets/grid/test/s32/prwt6s.mpg,17,25,4.505093097686768,0.9849043389063546
244,0,/home/nabizadz/Projects/Mahsa/datasets/grid/test/s32/srbl4a.mpg,170,178,3.623758316040039,0.9771717579831921
244,1,/home/nabizadz/Projects/Mahsa/datasets/grid/test/s32/brbd4a.mpg,85,93,3.609910726547241,0.9913407131722116
244,2,/home/nabizadz/Projects/Mahsa/datasets/grid/test/s32/lrit9n.mpg,6,14,4.463140487670898,0.988374399372939
244,3,/home/nabizadz/Projects/Mahsa/datasets/grid/test/s32/bbbc5n.mpg,66,74,3.580777406692505,0.9877511680738044
244,4,/home/nabizadz/Projects/Mahsa/datasets/grid/test/s32/braj1n.mpg,220,228,4.485742092132568,0.9795589690759592
244,5,/home/nabizadz/Projects/Mahsa/datasets/grid/test/s32/lrab2s.mpg,146,154,4.112431526184082,0.9910313604117053
244,6,/home/nabizadz/Projects/Mahsa/datasets/grid/test/s32/brbq2a.mpg,181,189,4.35382604598999,0.9846111887859368
244,7,/home/nabizadz/Projects/Mahsa/datasets/grid/test/s32/lgai9p.mpg,119,127,3.690836191177368,0.9827036478274067
244,8,/home/nabizadz/Projects/Mahsa/datasets/grid/test/s32/lbinzs.mpg,98,106,3.582479953765869,0.979736883903404
244,9,/home/nabizadz/Projects/Mahsa/datasets/grid/test/s32/pbas4a.mpg,264,272,4.228344440460205,0.9663130526069547
244,10,/home/nabizadz/Projects/Mahsa/datasets/grid/test/s32/bbwj5p.mpg,51,59,3.837613105773926,0.9591756470371863
244,11,/home/nabizadz/Projects/Mahsa/datasets/grid/test/s32/bgaq8s.mpg,55,63,4.229116439819336,0.9614030704992671
244,12,/home/nabizadz/Projects/Mahsa/datasets/grid/test/s32/swiy7n.mpg,177,185,4.124472141265869,0.9863643899083447
244,13,/home/nabizadz/Projects/Mahsa/datasets/grid/test/s32/bbbp5p.mpg,224,232,4.2886857986450195,0.9192280016136742
244,14,/home/nabizadz/Projects/Mahsa/datasets/grid/test/s32/sbwy8s.mpg,285,293,4.328749656677246,0.9895774806077231
244,15,/home/nabizadz/Projects/Mahsa/datasets/grid/test/s32/brip4a.mpg,60,68,3.217538833618164,0.9783414949580082
245,0,/home/nabizadz/Projects/Mahsa/datasets/grid/test/s32/bbwx3p.mpg,122,130,4.076065540313721,0.9948572323839567
245,1,/home/nabizadz/Projects/Mahsa/datasets/grid/test/s32/bbbc6s.mpg,142,150,3.3883659839630127,0.9883302985258928
245,2,/home/nabizadz/Projects/Mahsa/datasets/grid/test/s32/lbaa6s.mpg,8,16,4.536130905151367,0.9995663730976632
245,3,/home/nabizadz/Projects/Mahsa/datasets/grid/test/s32/lwbo9n.mpg,269,277,4.438505172729492,0.9987656354153226
245,4,/home/nabizadz/Projects/Mahsa/datasets/grid/test/s32/lwai2s.mpg,263,271,4.278453826904297,0.8740948626436431
245,5,/home/nabizadz/Projects/Mahsa/datasets/grid/test/s32/brap5n.mpg,15,23,4.305140495300293,0.9960115095066239
245,6,/home/nabizadz/Projects/Mahsa/datasets/grid/test/s32/sgamzs.mpg,107,115,3.5738611221313477,0.9813109407347954
245,7,/home/nabizadz/Projects/Mahsa/datasets/grid/test/s32/lwai3p.mpg,172,180,4.144908428192139,0.990749622717095
245,8,/home/nabizadz/Projects/Mahsa/datasets/grid/test/s32/srwf2s.mpg,252,260,4.421545028686523,0.9010371308641547
245,9,/home/nabizadz/Projects/Mahsa/datasets/grid/test/s32/brap8a.mpg,58,66,3.7175347805023193,0.9889926629985749
245,10,/home/nabizadz/Projects/Mahsa/datasets/grid/test/s32/sbwlzs.mpg,244,252,4.173007965087891,0.907126006754648
245,11,/home/nabizadz/Projects/Mahsa/datasets/grid/test/s32/bwid1p.mpg,139,147,4.0392327308654785,0.9856788834614927
245,12,/home/nabizadz/Projects/Mahsa/datasets/grid/test/s32/pgwu7n.mpg,41,49,3.9516584873199463,0.9945407375916137
245,13,/home/nabizadz/Projects/Mahsa/datasets/grid/test/s32/pbbf7n.mpg,152,160,3.7742083072662354,0.9878330894923288
245,14,/home/nabizadz/Projects/Mahsa/datasets/grid/test/s32/bgbk7n.mpg,158,166,3.925333261489868,0.9923965439996129
245,15,/home/nabizadz/Projects/Mahsa/datasets/grid/test/s32/sgbs7n.mpg,99,107,2.831110954284668,0.983027963185497
246,0,/home/nabizadz/Projects/Mahsa/datasets/grid/test/s32/bbwp8s.mpg,20,28,4.321146488189697,0.9815993220805804
246,1,/home/nabizadz/Projects/Mahsa/datasets/grid/test/s32/srar2s.mpg,87,95,4.231186389923096,0.998927874374145
246,2,/home/nabizadz/Projects/Mahsa/datasets/grid/test/s32/lrin7p.mpg,280,288,4.405895233154297,0.97253059508602
246,3,/home/nabizadz/Projects/Mahsa/datasets/grid/test/s32/pgau2a.mpg,260,268,4.375385761260986,0.8878618912418829
246,4,/home/nabizadz/Projects/Mahsa/datasets/grid/test/s32/bgbr3p.mpg,212,220,4.322566509246826,0.9276251777174972
246,5,/home/nabizadz/Projects/Mahsa/datasets/grid/test/s32/prwa4s.mpg,211,219,4.384435176849365,0.9584577331838836
246,6,/home/nabizadz/Projects/Mahsa/datasets/grid/test/s32/bgiq3n.mpg,93,101,3.3957090377807617,0.9783263636493014
246,7,/home/nabizadz/Projects/Mahsa/datasets/grid/test/s32/lwai4a.mpg,150,158,2.3975086212158203,0.9814794065035832
246,8,/home/nabizadz/Projects/Mahsa/datasets/grid/test/s32/pbbs5n.mpg,38,46,4.068503379821777,0.9924452042742341
246,9,/home/nabizadz/Projects/Mahsa/datasets/grid/test/s32/bbav5p.mpg,283,291,4.338399887084961,0.9787066314811333
246,10,/home/nabizadz/Projects/Mahsa/datasets/grid/test/s32/lgav7p.mpg,19,27,4.377480506896973,0.9679650040652735
246,11,/home/nabizadz/Projects/Mahsa/datasets/grid/test/s32/brbq1p.mpg,168,176,3.7901535034179688,0.9916335002766494
246,12,/home/nabizadz/Projects/Mahsa/datasets/grid/test/s32/lgwd4a.mpg,104,112,3.8201420307159424,0.9959035739066296
246,13,/home/nabizadz/Projects/Mahsa/datasets/grid/test/s32/bwbq6s.mpg,22,30,4.116043567657471,0.986023662095826
246,14,/home/nabizadz/Projects/Mahsa/datasets/grid/test/s32/bbio5n.mpg,163,171,3.785428762435913,0.9884947551985517
246,15,/home/nabizadz/Projects/Mahsa/datasets/grid/test/s32/bbap1p.mpg,56,64,2.9525444507598877,0.983284632972541
247,0,/home/nabizadz/Projects/Mahsa/datasets/grid/test/s32/pbir9p.mpg,91,99,2.2256789207458496,0.9812207045906608
247,1,/home/nabizadz/Projects/Mahsa/datasets/grid/test/s32/bbiu9n.mpg,224,232,4.344869136810303,0.9141638888439284
247,2,/home/nabizadz/Projects/Mahsa/datasets/grid/test/s32/pbwt2a.mpg,271,279,4.20635461807251,0.9686062384684784
247,3,/home/nabizadz/Projects/Mahsa/datasets/grid/test/s32/brax2a.mpg,264,272,4.310023784637451,0.9045787025847575
247,4,/home/nabizadz/Projects/Mahsa/datasets/grid/test/s32/swwgza.mpg,237,245,4.4012837409973145,0.9778880397341174
247,5,/home/nabizadz/Projects/Mahsa/datasets/grid/test/s32/pgit6s.mpg,110,118,3.1034560203552246,0.9709868120161589
247,6,/home/nabizadz/Projects/Mahsa/datasets/grid/test/s32/lbia4a.mpg,30,38,4.319876194000244,0.9775361107164376
247,7,/home/nabizadz/Projects/Mahsa/datasets/grid/test/s32/pris3n.mpg,160,168,3.401540756225586,0.9706774304237576
247,8,/home/nabizadz/Projects/Mahsa/datasets/grid/test/s32/bbii3p.mpg,164,172,4.141395568847656,0.9931941497070793
247,9,/home/nabizadz/Projects/Mahsa/datasets/grid/test/s32/sriy3p.mpg,55,63,3.934857130050659,0.9859776978742324
247,10,/home/nabizadz/Projects/Mahsa/datasets/grid/test/s32/pwwb1p.mpg,16,24,4.40609073638916,0.9878824010778903
247,11,/home/nabizadz/Projects/Mahsa/datasets/grid/test/s32/bgix7n.mpg,229,237,4.376256942749023,0.9321755146180386
247,12,/home/nabizadz/Projects/Mahsa/datasets/grid/test/s32/lgbc9p.mpg,10,18,4.463751792907715,0.9980086976712523
247,13,/home/nabizadz/Projects/Mahsa/datasets/grid/test/s32/pwwu4a.mpg,139,147,2.1905038356781006,0.9817240481347242
247,14,/home/nabizadz/Projects/Mahsa/datasets/grid/test/s32/lgbj2s.mpg,263,271,4.222179889678955,0.8716662326202527
247,15,/home/nabizadz/Projects/Mahsa/datasets/grid/test/s32/sbbk7p.mpg,205,213,4.282691955566406,0.9935791985588756
248,0,/home/nabizadz/Projects/Mahsa/datasets/grid/test/s32/brwx7n.mpg,220,228,4.391071319580078,0.9671433615112228
248,1,/home/nabizadz/Projects/Mahsa/datasets/grid/test/s32/lgbj4a.mpg,291,299,4.535701274871826,0.9952628558620384
248,2,/home/nabizadz/Projects/Mahsa/datasets/grid/test/s32/sriy4a.mpg,265,273,4.31964111328125,0.9001988631254586
248,3,/home/nabizadz/Projects/Mahsa/datasets/grid/test/s32/pwwu2s.mpg,108,116,3.519094944000244,0.9772511957814651
248,4,/home/nabizadz/Projects/Mahsa/datasets/grid/test/s32/swwm2s.mpg,130,138,2.0573222637176514,0.9823132691305432
248,5,/home/nabizadz/Projects/Mahsa/datasets/grid/test/s32/pbwt1p.mpg,136,144,3.370589017868042,0.9736155179665171
248,6,/home/nabizadz/Projects/Mahsa/datasets/grid/test/s32/pgwo5p.mpg,216,224,4.37174129486084,0.9654777629838761
248,7,/home/nabizadz/Projects/Mahsa/datasets/grid/test/s32/lrbu8s.mpg,168,176,2.20493483543396,0.9676024614421169
248,8,/home/nabizadz/Projects/Mahsa/datasets/grid/test/s32/sbwl1p.mpg,212,220,4.426303863525391,0.8954978820746597
248,9,/home/nabizadz/Projects/Mahsa/datasets/grid/test/s32/lwib4s.mpg,174,182,3.8422021865844727,0.9688271203164257
248,10,/home/nabizadz/Projects/Mahsa/datasets/grid/test/s32/bwakza.mpg,92,100,3.8438479900360107,0.9936902490606699
248,11,/home/nabizadz/Projects/Mahsa/datasets/grid/test/s32/pgbo2a.mpg,143,151,3.7339584827423096,0.972185371466278
248,12,/home/nabizadz/Projects/Mahsa/datasets/grid/test/s32/sbid6a.mpg,48,56,4.203639984130859,0.9940234015440997
248,13,/home/nabizadz/Projects/Mahsa/datasets/grid/test/s32/lgii6a.mpg,229,237,4.256050109863281,0.9085995094962969
248,14,/home/nabizadz/Projects/Mahsa/datasets/grid/test/s32/sriy1n.mpg,123,131,2.054762601852417,0.9736205852746647
248,15,/home/nabizadz/Projects/Mahsa/datasets/grid/test/s32/swbf6a.mpg,81,89,3.6789989471435547,0.9934751306963021
249,0,/home/nabizadz/Projects/Mahsa/datasets/grid/test/s32/sbwe8a.mpg,125,133,3.6699159145355225,0.9873766331703006
249,1,/home/nabizadz/Projects/Mahsa/datasets/grid/test/s32/srwl7p.mpg,134,142,4.022159576416016,0.9822547811680478
249,2,/home/nabizadz/Projects/Mahsa/datasets/grid/test/s32/bbac4a.mpg,251,259,4.531966686248779,0.9089643786472029
249,3,/home/nabizadz/Projects/Mahsa/datasets/grid/test/s32/lbag9n.mpg,199,207,4.396717548370361,0.9893901241047621
249,4,/home/nabizadz/Projects/Mahsa/datasets/grid/test/s32/srbz1p.mpg,239,247,4.3730926513671875,0.8406195851307626
249,5,/home/nabizadz/Projects/Mahsa/datasets/grid/test/s32/lbit4s.mpg,203,211,3.6336886882781982,0.9742078202960581
249,6,/home/nabizadz/Projects/Mahsa/datasets/grid/test/s32/pbif1p.mpg,92,100,3.244014263153076,0.9721646744708914
249,7,/home/nabizadz/Projects/Mahsa/datasets/grid/test/s32/sgas4s.mpg,214,222,4.220204830169678,0.9166804500071383
249,8,/home/nabizadz/Projects/Mahsa/datasets/grid/test/s32/lwbv5p.mpg,96,104,4.031064510345459,0.9956359293776247
249,9,/home/nabizadz/Projects/Mahsa/datasets/grid/test/s32/bgaq9p.mpg,60,68,3.5026447772979736,0.9776761037669268
249,10,/home/nabizadz/Projects/Mahsa/datasets/grid/test/s32/sbayzs.mpg,151,159,4.268498420715332,0.9912675853042925
249,11,/home/nabizadz/Projects/Mahsa/datasets/grid/test/s32/bgwfza.mpg,98,106,3.9824166297912598,0.9866979982031996
249,12,/home/nabizadz/Projects/Mahsa/datasets/grid/test/s32/sbaeza.mpg,217,225,4.33227014541626,0.9748409947625766
249,13,/home/nabizadz/Projects/Mahsa/datasets/grid/test/s32/brbj7p.mpg,45,53,4.261196613311768,0.9664667602126525
249,14,/home/nabizadz/Projects/Mahsa/datasets/grid/test/s32/bwbq5n.mpg,209,217,3.8109748363494873,0.9842959760769872
249,15,/home/nabizadz/Projects/Mahsa/datasets/grid/test/s32/bbwx1n.mpg,182,190,4.2453293800354,0.9945554048174053
