batch_idx,sample_in_batch,video_path,gap_start_frame,gap_end_frame,pesq,stoi
0,0,/home/nabizadz/Projects/Mahsa/datasets/lrs2/lrs2_v1/mvlrs_v1/main/6330311066473698535/00011.mp4,24,174,1.2422102689743042,0.7113300413012531
0,1,/home/nabizadz/Projects/Mahsa/datasets/lrs2/lrs2_v1/mvlrs_v1/main/6330311066473698535/00018.mp4,7,157,1.1054965257644653,0.5481149516949809
0,2,/home/nabizadz/Projects/Mahsa/datasets/lrs2/lrs2_v1/mvlrs_v1/main/6331559613336179781/00038.mp4,81,231,1.972968578338623,0.9141471836665898
0,3,/home/nabizadz/Projects/Mahsa/datasets/lrs2/lrs2_v1/mvlrs_v1/main/6337160680186960682/00038.mp4,24,174,1.0753467082977295,0.6812917399917512
0,4,/home/nabizadz/Projects/Mahsa/datasets/lrs2/lrs2_v1/mvlrs_v1/main/6337160680186960682/00051.mp4,27,177,1.0540156364440918,0.5785394029622346
0,5,/home/nabizadz/Projects/Mahsa/datasets/lrs2/lrs2_v1/mvlrs_v1/main/6337160680186960682/00054.mp4,135,285,1.2658177614212036,0.7482756041918118
0,6,/home/nabizadz/Projects/Mahsa/datasets/lrs2/lrs2_v1/mvlrs_v1/main/6337160680186960682/00060.mp4,140,290,3.7326107025146484,0.9994526059753751
0,7,/home/nabizadz/Projects/Mahsa/datasets/lrs2/lrs2_v1/mvlrs_v1/main/6337160680186960682/00078.mp4,16,166,1.2445869445800781,0.5601418983794579
1,0,/home/nabizadz/Projects/Mahsa/datasets/lrs2/lrs2_v1/mvlrs_v1/main/6337230258657094880/00029.mp4,130,280,3.629257917404175,0.9988946463005985
1,1,/home/nabizadz/Projects/Mahsa/datasets/lrs2/lrs2_v1/mvlrs_v1/main/6337531765361335111/00008.mp4,88,238,2.7904934883117676,0.9841429479334376
1,2,/home/nabizadz/Projects/Mahsa/datasets/lrs2/lrs2_v1/mvlrs_v1/main/6337531765361335111/00018.mp4,60,210,1.1191139221191406,0.6706610269076
1,3,/home/nabizadz/Projects/Mahsa/datasets/lrs2/lrs2_v1/mvlrs_v1/main/6337531765361335111/00019.mp4,122,272,1.7154898643493652,0.8462476702434547
1,4,/home/nabizadz/Projects/Mahsa/datasets/lrs2/lrs2_v1/mvlrs_v1/main/6337531765361335111/00022.mp4,51,201,1.1052892208099365,0.662618041005935
1,5,/home/nabizadz/Projects/Mahsa/datasets/lrs2/lrs2_v1/mvlrs_v1/main/6331559613336179781/00039.mp4,23,173,1.1238499879837036,0.6576026796669855
1,6,/home/nabizadz/Projects/Mahsa/datasets/lrs2/lrs2_v1/mvlrs_v1/main/6337531765361335111/00029.mp4,2,152,1.0890400409698486,0.6196531653848784
1,7,/home/nabizadz/Projects/Mahsa/datasets/lrs2/lrs2_v1/mvlrs_v1/main/6337531765361335111/00037.mp4,135,285,2.1401262283325195,0.960263467603896
2,0,/home/nabizadz/Projects/Mahsa/datasets/lrs2/lrs2_v1/mvlrs_v1/main/6337531765361335111/00069.mp4,82,232,2.2365338802337646,0.986611476044961
2,1,/home/nabizadz/Projects/Mahsa/datasets/lrs2/lrs2_v1/mvlrs_v1/main/6337531765361335111/00073.mp4,114,264,4.179407596588135,0.9999999999999999
2,2,/home/nabizadz/Projects/Mahsa/datasets/lrs2/lrs2_v1/mvlrs_v1/main/6337902850535709539/00015.mp4,45,195,1.1762588024139404,0.6975999167607919
2,3,/home/nabizadz/Projects/Mahsa/datasets/lrs2/lrs2_v1/mvlrs_v1/main/6337902850535709539/00027.mp4,117,267,4.029724597930908,0.9999999999999998
2,4,/home/nabizadz/Projects/Mahsa/datasets/lrs2/lrs2_v1/mvlrs_v1/main/6337902850535709539/00038.mp4,114,264,3.8002490997314453,0.9999560895229466
2,5,/home/nabizadz/Projects/Mahsa/datasets/lrs2/lrs2_v1/mvlrs_v1/main/6337902850535709539/00065.mp4,24,174,1.3226966857910156,0.6831852792521044
2,6,/home/nabizadz/Projects/Mahsa/datasets/lrs2/lrs2_v1/mvlrs_v1/main/6337902850535709539/00068.mp4,128,278,1.977864146232605,0.8878881296991898
2,7,/home/nabizadz/Projects/Mahsa/datasets/lrs2/lrs2_v1/mvlrs_v1/main/6337902850535709539/00074.mp4,142,292,4.0708112716674805,0.9999999999999998
3,0,/home/nabizadz/Projects/Mahsa/datasets/lrs2/lrs2_v1/mvlrs_v1/main/6331733559511729306/00011.mp4,93,243,1.7536118030548096,0.8949472552391071
3,1,/home/nabizadz/Projects/Mahsa/datasets/lrs2/lrs2_v1/mvlrs_v1/main/6337902850535709539/00077.mp4,111,261,2.184610366821289,0.9105368355736573
3,2,/home/nabizadz/Projects/Mahsa/datasets/lrs2/lrs2_v1/mvlrs_v1/main/6338130913429528164/00002.mp4,138,288,4.112701416015625,1.0
3,3,/home/nabizadz/Projects/Mahsa/datasets/lrs2/lrs2_v1/mvlrs_v1/main/6338130913429528164/00003.mp4,88,238,1.46541166305542,0.8576455247189896
3,4,/home/nabizadz/Projects/Mahsa/datasets/lrs2/lrs2_v1/mvlrs_v1/main/6338130913429528164/00028.mp4,128,278,1.725452184677124,0.8372998448006377
3,5,/home/nabizadz/Projects/Mahsa/datasets/lrs2/lrs2_v1/mvlrs_v1/main/6338130913429528164/00037.mp4,8,158,1.081331491470337,0.7177426802700666
3,6,/home/nabizadz/Projects/Mahsa/datasets/lrs2/lrs2_v1/mvlrs_v1/main/6338130913429528164/00046.mp4,73,223,1.531280755996704,0.9025848215933677
3,7,/home/nabizadz/Projects/Mahsa/datasets/lrs2/lrs2_v1/mvlrs_v1/main/6338273935710083967/00003.mp4,111,261,1.5337618589401245,0.7902585478004339
4,0,/home/nabizadz/Projects/Mahsa/datasets/lrs2/lrs2_v1/mvlrs_v1/main/6338273935710083967/00004.mp4,41,191,1.0519770383834839,0.6275650910186319
4,1,/home/nabizadz/Projects/Mahsa/datasets/lrs2/lrs2_v1/mvlrs_v1/main/6338273935710083967/00021.mp4,39,189,1.1180472373962402,0.4754159571767986
4,2,/home/nabizadz/Projects/Mahsa/datasets/lrs2/lrs2_v1/mvlrs_v1/main/6338273935710083967/00038.mp4,122,272,1.559058666229248,0.8615220396094537
4,3,/home/nabizadz/Projects/Mahsa/datasets/lrs2/lrs2_v1/mvlrs_v1/main/6331733559511729306/00025.mp4,71,221,1.5488343238830566,0.7647981838341698
4,4,/home/nabizadz/Projects/Mahsa/datasets/lrs2/lrs2_v1/mvlrs_v1/main/6338273935710083967/00047.mp4,18,168,1.097631573677063,0.596223216281185
4,5,/home/nabizadz/Projects/Mahsa/datasets/lrs2/lrs2_v1/mvlrs_v1/main/6338273935710083967/00059.mp4,11,161,1.072410225868225,0.5721146034714376
4,6,/home/nabizadz/Projects/Mahsa/datasets/lrs2/lrs2_v1/mvlrs_v1/main/6338273935710083967/00076.mp4,88,238,1.254227876663208,0.7359577977659907
4,7,/home/nabizadz/Projects/Mahsa/datasets/lrs2/lrs2_v1/mvlrs_v1/main/6338645020884458400/00016.mp4,100,250,1.3968708515167236,0.880751172424329
5,0,/home/nabizadz/Projects/Mahsa/datasets/lrs2/lrs2_v1/mvlrs_v1/main/6338645020884458400/00032.mp4,46,196,1.1899102926254272,0.6881791393408735
5,1,/home/nabizadz/Projects/Mahsa/datasets/lrs2/lrs2_v1/mvlrs_v1/main/6338645020884458400/00046.mp4,121,271,3.1455564498901367,0.9696443612674621
5,2,/home/nabizadz/Projects/Mahsa/datasets/lrs2/lrs2_v1/mvlrs_v1/main/6338645020884458400/00057.mp4,74,224,1.9852924346923828,0.9577074349788457
5,3,/home/nabizadz/Projects/Mahsa/datasets/lrs2/lrs2_v1/mvlrs_v1/main/6338645020884458400/00071.mp4,49,199,1.2256298065185547,0.7375678856047523
5,4,/home/nabizadz/Projects/Mahsa/datasets/lrs2/lrs2_v1/mvlrs_v1/main/6338807370648247218/00020.mp4,118,268,2.6386263370513916,0.9981942597274887
5,5,/home/nabizadz/Projects/Mahsa/datasets/lrs2/lrs2_v1/mvlrs_v1/main/6338807370648247218/00022.mp4,109,259,2.4236531257629395,0.9885740612674693
5,6,/home/nabizadz/Projects/Mahsa/datasets/lrs2/lrs2_v1/mvlrs_v1/main/6331733559511729306/00026.mp4,18,168,1.2053170204162598,0.626963179274747
5,7,/home/nabizadz/Projects/Mahsa/datasets/lrs2/lrs2_v1/mvlrs_v1/main/6339077953587836416/00002.mp4,138,288,4.092703342437744,0.9999987469591458
6,0,/home/nabizadz/Projects/Mahsa/datasets/lrs2/lrs2_v1/mvlrs_v1/main/6339077953587836416/00003.mp4,62,212,1.1303564310073853,0.6741519308156868
6,1,/home/nabizadz/Projects/Mahsa/datasets/lrs2/lrs2_v1/mvlrs_v1/main/6339077953587836416/00004.mp4,102,252,3.745936632156372,1.0
6,2,/home/nabizadz/Projects/Mahsa/datasets/lrs2/lrs2_v1/mvlrs_v1/main/6339077953587836416/00017.mp4,42,192,1.1911474466323853,0.6935801117179448
6,3,/home/nabizadz/Projects/Mahsa/datasets/lrs2/lrs2_v1/mvlrs_v1/main/6339077953587836416/00018.mp4,5,155,1.205228567123413,0.6656370695274375
6,4,/home/nabizadz/Projects/Mahsa/datasets/lrs2/lrs2_v1/mvlrs_v1/main/6339077953587836416/00025.mp4,17,167,1.2715082168579102,0.7965923293478465
6,5,/home/nabizadz/Projects/Mahsa/datasets/lrs2/lrs2_v1/mvlrs_v1/main/6339077953587836416/00029.mp4,134,284,3.376011848449707,0.969422904017344
6,6,/home/nabizadz/Projects/Mahsa/datasets/lrs2/lrs2_v1/mvlrs_v1/main/6339077953587836416/00031.mp4,76,226,1.5202291011810303,0.7420391339206227
6,7,/home/nabizadz/Projects/Mahsa/datasets/lrs2/lrs2_v1/mvlrs_v1/main/6339356267468615354/00018.mp4,112,262,1.9351603984832764,0.9085030164985824
7,0,/home/nabizadz/Projects/Mahsa/datasets/lrs2/lrs2_v1/mvlrs_v1/main/6339356267468615354/00024.mp4,81,231,1.5919139385223389,0.8459217162512903
7,1,/home/nabizadz/Projects/Mahsa/datasets/lrs2/lrs2_v1/mvlrs_v1/main/6331733559511729306/00031.mp4,12,162,1.0825088024139404,0.639541494413366
7,2,/home/nabizadz/Projects/Mahsa/datasets/lrs2/lrs2_v1/mvlrs_v1/main/6339356267468615354/00035.mp4,144,294,4.080996513366699,0.9999999999999999
7,3,/home/nabizadz/Projects/Mahsa/datasets/lrs2/lrs2_v1/mvlrs_v1/main/6339356267468615354/00046.mp4,60,210,1.8481485843658447,0.8769142837327623
7,4,/home/nabizadz/Projects/Mahsa/datasets/lrs2/lrs2_v1/mvlrs_v1/main/6339077953587836416/00035.mp4,43,193,1.1464333534240723,0.7627933662345218
7,5,/home/nabizadz/Projects/Mahsa/datasets/lrs2/lrs2_v1/mvlrs_v1/main/6339356267468615354/00006.mp4,121,271,1.5789794921875,0.8180848103255685
7,6,/home/nabizadz/Projects/Mahsa/datasets/lrs2/lrs2_v1/mvlrs_v1/main/6339356267468615354/00010.mp4,121,271,1.6338902711868286,0.7714213406824683
7,7,/home/nabizadz/Projects/Mahsa/datasets/lrs2/lrs2_v1/mvlrs_v1/main/6339356267468615354/00011.mp4,42,192,1.25739586353302,0.7478278422299277
8,0,/home/nabizadz/Projects/Mahsa/datasets/lrs2/lrs2_v1/mvlrs_v1/main/6339464500644477822/00008.mp4,85,235,1.3883100748062134,0.8464287695091517
8,1,/home/nabizadz/Projects/Mahsa/datasets/lrs2/lrs2_v1/mvlrs_v1/main/6339464500644477822/00020.mp4,43,193,1.228031873703003,0.5612012379261425
8,2,/home/nabizadz/Projects/Mahsa/datasets/lrs2/lrs2_v1/mvlrs_v1/main/6339464500644477822/00021.mp4,43,193,1.136244297027588,0.5347299544290396
8,3,/home/nabizadz/Projects/Mahsa/datasets/lrs2/lrs2_v1/mvlrs_v1/main/6339464500644477822/00030.mp4,98,248,1.534149169921875,0.884562085079276
8,4,/home/nabizadz/Projects/Mahsa/datasets/lrs2/lrs2_v1/mvlrs_v1/main/6332062124509813446/00015.mp4,113,263,3.850010633468628,0.9999999999999997
8,5,/home/nabizadz/Projects/Mahsa/datasets/lrs2/lrs2_v1/mvlrs_v1/main/6339464500644477822/00032.mp4,87,237,2.1344826221466064,0.9585016962836407
8,6,/home/nabizadz/Projects/Mahsa/datasets/lrs2/lrs2_v1/mvlrs_v1/main/6339526348173538836/00014.mp4,128,278,3.9512736797332764,1.0
8,7,/home/nabizadz/Projects/Mahsa/datasets/lrs2/lrs2_v1/mvlrs_v1/main/6339615254127026753/00009.mp4,54,204,1.602060079574585,0.8629269366047905
9,0,/home/nabizadz/Projects/Mahsa/datasets/lrs2/lrs2_v1/mvlrs_v1/main/6339615254127026753/00011.mp4,10,160,1.0793031454086304,0.6150393762836533
9,1,/home/nabizadz/Projects/Mahsa/datasets/lrs2/lrs2_v1/mvlrs_v1/main/6339615254127026753/00012.mp4,132,282,2.615800619125366,0.9728716286077002
9,2,/home/nabizadz/Projects/Mahsa/datasets/lrs2/lrs2_v1/mvlrs_v1/main/6339615254127026753/00015.mp4,83,233,1.5177717208862305,0.7970905303900355
9,3,/home/nabizadz/Projects/Mahsa/datasets/lrs2/lrs2_v1/mvlrs_v1/main/6339758276407584924/00015.mp4,78,228,1.319514274597168,0.8012914146454292
9,4,/home/nabizadz/Projects/Mahsa/datasets/lrs2/lrs2_v1/mvlrs_v1/main/6339758276407584924/00030.mp4,35,185,1.057570457458496,0.5219434397085293
9,5,/home/nabizadz/Projects/Mahsa/datasets/lrs2/lrs2_v1/mvlrs_v1/main/6339758276407584924/00036.mp4,103,253,1.8641467094421387,0.9201050060295248
9,6,/home/nabizadz/Projects/Mahsa/datasets/lrs2/lrs2_v1/mvlrs_v1/main/6339758276407584924/00038.mp4,63,213,1.3581063747406006,0.756884156882041
9,7,/home/nabizadz/Projects/Mahsa/datasets/lrs2/lrs2_v1/mvlrs_v1/main/6332062124509813446/00016.mp4,139,289,4.066334247589111,0.9999999999999996
10,0,/home/nabizadz/Projects/Mahsa/datasets/lrs2/lrs2_v1/mvlrs_v1/main/6339758276407584924/00062.mp4,22,172,1.0554018020629883,0.632369359462959
10,1,/home/nabizadz/Projects/Mahsa/datasets/lrs2/lrs2_v1/mvlrs_v1/main/6339758276407584924/00065.mp4,20,170,1.062512993812561,0.587797705442844
10,2,/home/nabizadz/Projects/Mahsa/datasets/lrs2/lrs2_v1/mvlrs_v1/main/6339758276407584924/00081.mp4,97,247,3.719095230102539,1.0
10,3,/home/nabizadz/Projects/Mahsa/datasets/lrs2/lrs2_v1/mvlrs_v1/main/6339758276407584924/00082.mp4,144,294,1.387622356414795,0.7524356379288616
10,4,/home/nabizadz/Projects/Mahsa/datasets/lrs2/lrs2_v1/mvlrs_v1/main/6339758276407584924/00089.mp4,6,156,1.4764877557754517,0.8341824383853969
10,5,/home/nabizadz/Projects/Mahsa/datasets/lrs2/lrs2_v1/mvlrs_v1/main/6339758276407584924/00098.mp4,130,280,2.325533866882324,0.9319610282679278
10,6,/home/nabizadz/Projects/Mahsa/datasets/lrs2/lrs2_v1/mvlrs_v1/main/6340129361581959353/00022.mp4,127,277,2.5988731384277344,0.9928844708524959
10,7,/home/nabizadz/Projects/Mahsa/datasets/lrs2/lrs2_v1/mvlrs_v1/main/6340299442417279404/00006.mp4,144,294,1.5661709308624268,0.761879615610987
11,0,/home/nabizadz/Projects/Mahsa/datasets/lrs2/lrs2_v1/mvlrs_v1/main/6340299442417279404/00019.mp4,142,292,2.228288173675537,0.846489169431661
11,1,/home/nabizadz/Projects/Mahsa/datasets/lrs2/lrs2_v1/mvlrs_v1/main/6340299442417279404/00023.mp4,94,244,1.486694097518921,0.8995901395728145
11,2,/home/nabizadz/Projects/Mahsa/datasets/lrs2/lrs2_v1/mvlrs_v1/main/6332062124509813446/00018.mp4,5,155,1.5365618467330933,0.7179485529284672
11,3,/home/nabizadz/Projects/Mahsa/datasets/lrs2/lrs2_v1/mvlrs_v1/main/6340500446756333781/00007.mp4,79,229,1.2753639221191406,0.632206464201521
11,4,/home/nabizadz/Projects/Mahsa/datasets/lrs2/lrs2_v1/mvlrs_v1/main/6340500446756333781/00031.mp4,3,153,1.1255775690078735,0.6101013927005189
11,5,/home/nabizadz/Projects/Mahsa/datasets/lrs2/lrs2_v1/mvlrs_v1/main/6340500446756333781/00034.mp4,99,249,1.5710546970367432,0.8737143176989156
11,6,/home/nabizadz/Projects/Mahsa/datasets/lrs2/lrs2_v1/mvlrs_v1/main/6340500446756333781/00058.mp4,137,287,4.14540958404541,1.0
11,7,/home/nabizadz/Projects/Mahsa/datasets/lrs2/lrs2_v1/mvlrs_v1/main/6340500446756333781/00059.mp4,64,214,1.226757287979126,0.6781648889613938
12,0,/home/nabizadz/Projects/Mahsa/datasets/lrs2/lrs2_v1/mvlrs_v1/main/6340871531930708209/00025.mp4,39,189,1.349844217300415,0.7276203034653553
12,1,/home/nabizadz/Projects/Mahsa/datasets/lrs2/lrs2_v1/mvlrs_v1/main/6340871531930708209/00031.mp4,12,162,1.2703766822814941,0.6961139722460878
12,2,/home/nabizadz/Projects/Mahsa/datasets/lrs2/lrs2_v1/mvlrs_v1/main/6340871531930708209/00037.mp4,94,244,2.172985315322876,0.9712985197964276
12,3,/home/nabizadz/Projects/Mahsa/datasets/lrs2/lrs2_v1/mvlrs_v1/main/6340871531930708209/00057.mp4,5,155,1.0706311464309692,0.4236768507960166
12,4,/home/nabizadz/Projects/Mahsa/datasets/lrs2/lrs2_v1/mvlrs_v1/main/6340871531930708209/00058.mp4,25,175,1.106696605682373,0.5901908472335657
12,5,/home/nabizadz/Projects/Mahsa/datasets/lrs2/lrs2_v1/mvlrs_v1/main/6332062124509813446/00059.mp4,102,252,1.4400317668914795,0.7112423020252275
12,6,/home/nabizadz/Projects/Mahsa/datasets/lrs2/lrs2_v1/mvlrs_v1/main/6340871531930708209/00073.mp4,128,278,1.708601951599121,0.8390269586376441
12,7,/home/nabizadz/Projects/Mahsa/datasets/lrs2/lrs2_v1/mvlrs_v1/main/6340871531930708209/00092.mp4,142,292,4.136287212371826,0.9999999999999999
13,0,/home/nabizadz/Projects/Mahsa/datasets/lrs2/lrs2_v1/mvlrs_v1/main/6340871531930708209/00094.mp4,68,218,1.5548961162567139,0.7842840779982875
13,1,/home/nabizadz/Projects/Mahsa/datasets/lrs2/lrs2_v1/mvlrs_v1/main/6340871531930708209/00102.mp4,75,225,1.639332890510559,0.7543692583049033
13,2,/home/nabizadz/Projects/Mahsa/datasets/lrs2/lrs2_v1/mvlrs_v1/main/6340871531930708209/00106.mp4,133,283,3.3304996490478516,0.9787169651384966
13,3,/home/nabizadz/Projects/Mahsa/datasets/lrs2/lrs2_v1/mvlrs_v1/main/6341242617105082637/00016.mp4,8,158,1.3200098276138306,0.631676517750001
13,4,/home/nabizadz/Projects/Mahsa/datasets/lrs2/lrs2_v1/mvlrs_v1/main/6341242617105082637/00022.mp4,30,180,1.2185907363891602,0.5751536297273638
13,5,/home/nabizadz/Projects/Mahsa/datasets/lrs2/lrs2_v1/mvlrs_v1/main/6341242617105082637/00032.mp4,107,257,3.4869673252105713,0.9979773343535537
13,6,/home/nabizadz/Projects/Mahsa/datasets/lrs2/lrs2_v1/mvlrs_v1/main/6341242617105082637/00049.mp4,96,246,1.3981587886810303,0.751828693796469
13,7,/home/nabizadz/Projects/Mahsa/datasets/lrs2/lrs2_v1/mvlrs_v1/main/6341242617105082637/00071.mp4,45,195,1.3886035680770874,0.7345813113845224
14,0,/home/nabizadz/Projects/Mahsa/datasets/lrs2/lrs2_v1/mvlrs_v1/main/6330311066473698535/00022.mp4,10,160,1.1192773580551147,0.44217727298523063
14,1,/home/nabizadz/Projects/Mahsa/datasets/lrs2/lrs2_v1/mvlrs_v1/main/6332062124509813446/00063.mp4,121,271,3.92077374458313,0.9999999999999998
14,2,/home/nabizadz/Projects/Mahsa/datasets/lrs2/lrs2_v1/mvlrs_v1/main/6341242617105082637/00095.mp4,33,183,1.3995935916900635,0.6880118384908025
14,3,/home/nabizadz/Projects/Mahsa/datasets/lrs2/lrs2_v1/mvlrs_v1/main/6341242617105082637/00110.mp4,55,205,1.2029563188552856,0.7814887239759023
14,4,/home/nabizadz/Projects/Mahsa/datasets/lrs2/lrs2_v1/mvlrs_v1/main/6341242617105082637/00112.mp4,24,174,1.273451805114746,0.7441239091522748
14,5,/home/nabizadz/Projects/Mahsa/datasets/lrs2/lrs2_v1/mvlrs_v1/main/6341381774045411442/00010.mp4,35,185,1.2021054029464722,0.7771471076445251
14,6,/home/nabizadz/Projects/Mahsa/datasets/lrs2/lrs2_v1/mvlrs_v1/main/6341949998218671745/00019.mp4,89,239,3.001563549041748,0.9933045170469608
14,7,/home/nabizadz/Projects/Mahsa/datasets/lrs2/lrs2_v1/mvlrs_v1/main/6341949998218671745/00022.mp4,95,245,1.5317432880401611,0.875714646691285
15,0,/home/nabizadz/Projects/Mahsa/datasets/lrs2/lrs2_v1/mvlrs_v1/main/6341949998218671745/00025.mp4,78,228,2.723832368850708,0.9755647090828272
15,1,/home/nabizadz/Projects/Mahsa/datasets/lrs2/lrs2_v1/mvlrs_v1/main/6341949998218671745/00028.mp4,88,238,1.2769707441329956,0.79284408262953
15,2,/home/nabizadz/Projects/Mahsa/datasets/lrs2/lrs2_v1/mvlrs_v1/main/6341404966868871455/00002.mp4,116,266,1.4930251836776733,0.9001440671256274
15,3,/home/nabizadz/Projects/Mahsa/datasets/lrs2/lrs2_v1/mvlrs_v1/main/6341404966868871455/00005.mp4,145,295,4.2954325675964355,0.9999999999999999
15,4,/home/nabizadz/Projects/Mahsa/datasets/lrs2/lrs2_v1/mvlrs_v1/main/6332491191742745853/00011.mp4,129,279,1.6769416332244873,0.850056387930227
15,5,/home/nabizadz/Projects/Mahsa/datasets/lrs2/lrs2_v1/mvlrs_v1/main/6341404966868871455/00014.mp4,19,169,1.3132894039154053,0.5996333412715006
15,6,/home/nabizadz/Projects/Mahsa/datasets/lrs2/lrs2_v1/mvlrs_v1/main/6341404966868871455/00015.mp4,49,199,1.3494499921798706,0.8265291549647047
15,7,/home/nabizadz/Projects/Mahsa/datasets/lrs2/lrs2_v1/mvlrs_v1/main/6341949998218671745/00030.mp4,61,211,1.3528196811676025,0.7758948018909207
16,0,/home/nabizadz/Projects/Mahsa/datasets/lrs2/lrs2_v1/mvlrs_v1/main/6341949998218671745/00031.mp4,127,277,1.8762009143829346,0.7890163942279703
16,1,/home/nabizadz/Projects/Mahsa/datasets/lrs2/lrs2_v1/mvlrs_v1/main/6342112347982522696/00001.mp4,101,251,3.671527624130249,0.9999477316403005
16,2,/home/nabizadz/Projects/Mahsa/datasets/lrs2/lrs2_v1/mvlrs_v1/main/6342112347982522696/00004.mp4,130,280,4.064149856567383,0.9999999999999998
16,3,/home/nabizadz/Projects/Mahsa/datasets/lrs2/lrs2_v1/mvlrs_v1/main/6342112347982522696/00008.mp4,24,174,1.416697382926941,0.7839059389237947
16,4,/home/nabizadz/Projects/Mahsa/datasets/lrs2/lrs2_v1/mvlrs_v1/main/6342112347982522696/00020.mp4,130,280,4.112720489501953,1.0
16,5,/home/nabizadz/Projects/Mahsa/datasets/lrs2/lrs2_v1/mvlrs_v1/main/6342112347982522696/00026.mp4,88,238,2.9155590534210205,0.9960436414117304
16,6,/home/nabizadz/Projects/Mahsa/datasets/lrs2/lrs2_v1/mvlrs_v1/main/6342440912980576694/00002.mp4,25,175,1.2110735177993774,0.6082176133406152
16,7,/home/nabizadz/Projects/Mahsa/datasets/lrs2/lrs2_v1/mvlrs_v1/main/6332491191742745853/00014.mp4,144,294,1.865723967552185,0.7444787293941177
17,0,/home/nabizadz/Projects/Mahsa/datasets/lrs2/lrs2_v1/mvlrs_v1/main/6343252661930009508/00006.mp4,149,299,3.9612574577331543,0.9987124000510148
17,1,/home/nabizadz/Projects/Mahsa/datasets/lrs2/lrs2_v1/mvlrs_v1/main/6343252661930009508/00008.mp4,52,202,1.1501039266586304,0.7263174759030101
17,2,/home/nabizadz/Projects/Mahsa/datasets/lrs2/lrs2_v1/mvlrs_v1/main/6343252661930009508/00020.mp4,145,295,4.19500207901001,1.0
17,3,/home/nabizadz/Projects/Mahsa/datasets/lrs2/lrs2_v1/mvlrs_v1/main/6343252661930009508/00021.mp4,76,226,1.7482731342315674,0.7042366147661852
17,4,/home/nabizadz/Projects/Mahsa/datasets/lrs2/lrs2_v1/mvlrs_v1/main/6343252661930009508/00030.mp4,69,219,1.1520426273345947,0.8087312441533772
17,5,/home/nabizadz/Projects/Mahsa/datasets/lrs2/lrs2_v1/mvlrs_v1/main/6343252661930009508/00032.mp4,80,230,1.471395492553711,0.8347419351151129
17,6,/home/nabizadz/Projects/Mahsa/datasets/lrs2/lrs2_v1/mvlrs_v1/main/6343252661930009508/00035.mp4,5,155,1.1057708263397217,0.550572706587895
17,7,/home/nabizadz/Projects/Mahsa/datasets/lrs2/lrs2_v1/mvlrs_v1/main/6343252661930009508/00051.mp4,125,275,3.703808546066284,0.9896243134120906
18,0,/home/nabizadz/Projects/Mahsa/datasets/lrs2/lrs2_v1/mvlrs_v1/main/6343252661930009508/00055.mp4,108,258,3.467373847961426,0.9999674098580341
18,1,/home/nabizadz/Projects/Mahsa/datasets/lrs2/lrs2_v1/mvlrs_v1/main/6343252661930009508/00061.mp4,106,256,3.5963919162750244,0.9999904227411269
18,2,/home/nabizadz/Projects/Mahsa/datasets/lrs2/lrs2_v1/mvlrs_v1/main/6332804294858562278/00009.mp4,58,208,1.2452961206436157,0.7689167873459503
18,3,/home/nabizadz/Projects/Mahsa/datasets/lrs2/lrs2_v1/mvlrs_v1/main/6343252661930009508/00067.mp4,4,154,1.2902815341949463,0.768093188032347
18,4,/home/nabizadz/Projects/Mahsa/datasets/lrs2/lrs2_v1/mvlrs_v1/main/6343252661930009508/00073.mp4,1,151,1.207082986831665,0.663283544449549
18,5,/home/nabizadz/Projects/Mahsa/datasets/lrs2/lrs2_v1/mvlrs_v1/main/6343252661930009508/00092.mp4,48,198,1.3170995712280273,0.7996485805471014
18,6,/home/nabizadz/Projects/Mahsa/datasets/lrs2/lrs2_v1/mvlrs_v1/main/6343252661930009508/00094.mp4,36,186,1.1514228582382202,0.6828353287756392
18,7,/home/nabizadz/Projects/Mahsa/datasets/lrs2/lrs2_v1/mvlrs_v1/main/6343252661930009508/00095.mp4,87,237,1.4124016761779785,0.8846208123071606
19,0,/home/nabizadz/Projects/Mahsa/datasets/lrs2/lrs2_v1/mvlrs_v1/main/6343252661930009508/00111.mp4,40,190,1.138843297958374,0.7099549342753573
19,1,/home/nabizadz/Projects/Mahsa/datasets/lrs2/lrs2_v1/mvlrs_v1/main/6343252661930009508/00113.mp4,147,297,4.074380874633789,0.9988902036889764
19,2,/home/nabizadz/Projects/Mahsa/datasets/lrs2/lrs2_v1/mvlrs_v1/main/6343252661930009508/00117.mp4,50,200,1.2646541595458984,0.7658747571043422
19,3,/home/nabizadz/Projects/Mahsa/datasets/lrs2/lrs2_v1/mvlrs_v1/main/6343252661930009508/00121.mp4,28,178,1.1255848407745361,0.6499413372249475
19,4,/home/nabizadz/Projects/Mahsa/datasets/lrs2/lrs2_v1/mvlrs_v1/main/6343608285091658983/00001.mp4,61,211,1.2866512537002563,0.7998280156511391
19,5,/home/nabizadz/Projects/Mahsa/datasets/lrs2/lrs2_v1/mvlrs_v1/main/6332804294858562278/00020.mp4,70,220,2.098799705505371,0.9321692179606605
19,6,/home/nabizadz/Projects/Mahsa/datasets/lrs2/lrs2_v1/mvlrs_v1/main/6343608285091658983/00003.mp4,111,261,3.49747371673584,0.9990493408520135
19,7,/home/nabizadz/Projects/Mahsa/datasets/lrs2/lrs2_v1/mvlrs_v1/main/6343979370266033402/00001.mp4,127,277,4.037309169769287,0.9999999999999998
20,0,/home/nabizadz/Projects/Mahsa/datasets/lrs2/lrs2_v1/mvlrs_v1/main/6344002563089494087/00006.mp4,35,185,1.3350708484649658,0.7734144347681161
20,1,/home/nabizadz/Projects/Mahsa/datasets/lrs2/lrs2_v1/mvlrs_v1/main/6344002563089494087/00012.mp4,1,151,1.1237897872924805,0.48626375950378775
20,2,/home/nabizadz/Projects/Mahsa/datasets/lrs2/lrs2_v1/mvlrs_v1/main/6344002563089494087/00015.mp4,100,250,1.9892053604125977,0.9219320137975178
20,3,/home/nabizadz/Projects/Mahsa/datasets/lrs2/lrs2_v1/mvlrs_v1/main/6344002563089494087/00016.mp4,64,214,1.469843864440918,0.8552195349965407
20,4,/home/nabizadz/Projects/Mahsa/datasets/lrs2/lrs2_v1/mvlrs_v1/main/6344350455440407821/00014.mp4,87,237,1.2265148162841797,0.724935677098611
20,5,/home/nabizadz/Projects/Mahsa/datasets/lrs2/lrs2_v1/mvlrs_v1/main/6344350455440407821/00030.mp4,6,156,1.1343928575515747,0.7058511901390926
20,6,/home/nabizadz/Projects/Mahsa/datasets/lrs2/lrs2_v1/mvlrs_v1/main/6344350455440407821/00032.mp4,121,271,1.8230986595153809,0.9428777534662109
20,7,/home/nabizadz/Projects/Mahsa/datasets/lrs2/lrs2_v1/mvlrs_v1/main/6344350455440407821/00047.mp4,35,185,1.4374470710754395,0.6720928034213355
21,0,/home/nabizadz/Projects/Mahsa/datasets/lrs2/lrs2_v1/mvlrs_v1/main/6332804294858562278/00026.mp4,35,185,1.1461910009384155,0.6333670308336712
21,1,/home/nabizadz/Projects/Mahsa/datasets/lrs2/lrs2_v1/mvlrs_v1/main/6344547594439294233/00037.mp4,63,213,2.611063003540039,0.9780087657025359
21,2,/home/nabizadz/Projects/Mahsa/datasets/lrs2/lrs2_v1/mvlrs_v1/main/6344709944203120665/00011.mp4,111,261,2.5082218647003174,0.9662393245647991
21,3,/home/nabizadz/Projects/Mahsa/datasets/lrs2/lrs2_v1/mvlrs_v1/main/6344709944203120665/00030.mp4,45,195,1.110561490058899,0.6092348957462226
21,4,/home/nabizadz/Projects/Mahsa/datasets/lrs2/lrs2_v1/mvlrs_v1/main/6344737002497020519/00001.mp4,37,187,1.2063742876052856,0.6477246518392281
21,5,/home/nabizadz/Projects/Mahsa/datasets/lrs2/lrs2_v1/mvlrs_v1/main/6344737002497020519/00005.mp4,11,161,1.1096516847610474,0.7106512773870929
21,6,/home/nabizadz/Projects/Mahsa/datasets/lrs2/lrs2_v1/mvlrs_v1/main/6345541020505319391/00007.mp4,63,213,1.4680559635162354,0.8032310701354982
21,7,/home/nabizadz/Projects/Mahsa/datasets/lrs2/lrs2_v1/mvlrs_v1/main/6345541020505319391/00015.mp4,100,250,1.537672996520996,0.8596203991244378
22,0,/home/nabizadz/Projects/Mahsa/datasets/lrs2/lrs2_v1/mvlrs_v1/main/6345850258020171127/00006.mp4,122,272,1.6437950134277344,0.8463251176586502
22,1,/home/nabizadz/Projects/Mahsa/datasets/lrs2/lrs2_v1/mvlrs_v1/main/6346600159310117136/00014.mp4,61,211,1.9254188537597656,0.9078204571067249
22,2,/home/nabizadz/Projects/Mahsa/datasets/lrs2/lrs2_v1/mvlrs_v1/main/6347195441777342774/00010.mp4,68,218,1.840795874595642,0.8872094759096745
22,3,/home/nabizadz/Projects/Mahsa/datasets/lrs2/lrs2_v1/mvlrs_v1/main/6332804294858562278/00034.mp4,35,185,1.5722415447235107,0.7161812668930537
22,4,/home/nabizadz/Projects/Mahsa/datasets/lrs2/lrs2_v1/mvlrs_v1/main/6347195441777342774/00023.mp4,117,267,1.9268509149551392,0.9563117520970822
22,5,/home/nabizadz/Projects/Mahsa/datasets/lrs2/lrs2_v1/mvlrs_v1/main/6347195441777342774/00036.mp4,57,207,1.2581279277801514,0.7195654651969849
22,6,/home/nabizadz/Projects/Mahsa/datasets/lrs2/lrs2_v1/mvlrs_v1/main/6347195441777342774/00052.mp4,144,294,1.793010950088501,0.9231378143889298
22,7,/home/nabizadz/Projects/Mahsa/datasets/lrs2/lrs2_v1/mvlrs_v1/main/6347195441777342774/00054.mp4,110,260,2.104633331298828,0.9554860261447106
23,0,/home/nabizadz/Projects/Mahsa/datasets/lrs2/lrs2_v1/mvlrs_v1/main/6347195441777342774/00074.mp4,119,269,3.5323121547698975,0.9871195709939328
23,1,/home/nabizadz/Projects/Mahsa/datasets/lrs2/lrs2_v1/mvlrs_v1/main/6347195441777342774/00083.mp4,81,231,1.4567757844924927,0.8583957498107336
23,2,/home/nabizadz/Projects/Mahsa/datasets/lrs2/lrs2_v1/mvlrs_v1/main/6347195441777342774/00098.mp4,41,191,1.2226779460906982,0.7253658190675956
23,3,/home/nabizadz/Projects/Mahsa/datasets/lrs2/lrs2_v1/mvlrs_v1/main/6347195441777342774/00103.mp4,130,280,1.6358215808868408,0.8819696023977955
23,4,/home/nabizadz/Projects/Mahsa/datasets/lrs2/lrs2_v1/mvlrs_v1/main/6347195441777342774/00105.mp4,24,174,1.4403901100158691,0.8209411400600285
23,5,/home/nabizadz/Projects/Mahsa/datasets/lrs2/lrs2_v1/mvlrs_v1/main/6347195441777342774/00129.mp4,50,200,1.1983788013458252,0.7409571085621917
23,6,/home/nabizadz/Projects/Mahsa/datasets/lrs2/lrs2_v1/mvlrs_v1/main/6333175380032936690/00012.mp4,89,239,2.4031128883361816,0.9841416998080841
23,7,/home/nabizadz/Projects/Mahsa/datasets/lrs2/lrs2_v1/mvlrs_v1/main/6347195441777342774/00130.mp4,1,151,1.042664885520935,0.5725756897978069
24,0,/home/nabizadz/Projects/Mahsa/datasets/lrs2/lrs2_v1/mvlrs_v1/main/6347195441777342774/00139.mp4,5,155,1.0867919921875,0.40791094641652165
24,1,/home/nabizadz/Projects/Mahsa/datasets/lrs2/lrs2_v1/mvlrs_v1/main/6347195441777342774/00160.mp4,139,289,1.5418212413787842,0.7796542956265755
24,2,/home/nabizadz/Projects/Mahsa/datasets/lrs2/lrs2_v1/mvlrs_v1/main/6347195441777342774/00180.mp4,75,225,1.4452670812606812,0.8241520109940796
24,3,/home/nabizadz/Projects/Mahsa/datasets/lrs2/lrs2_v1/mvlrs_v1/main/6347195441777342774/00188.mp4,22,172,1.1792489290237427,0.6100636045479799
24,4,/home/nabizadz/Projects/Mahsa/datasets/lrs2/lrs2_v1/mvlrs_v1/main/6347195441777342774/00194.mp4,118,268,3.9554378986358643,0.9999999999999999
24,5,/home/nabizadz/Projects/Mahsa/datasets/lrs2/lrs2_v1/mvlrs_v1/main/6347271462698456331/00003.mp4,35,185,1.2481904029846191,0.7766373799290415
24,6,/home/nabizadz/Projects/Mahsa/datasets/lrs2/lrs2_v1/mvlrs_v1/main/6347271462698456331/00005.mp4,132,282,1.618858814239502,0.8579339901748345
24,7,/home/nabizadz/Projects/Mahsa/datasets/lrs2/lrs2_v1/mvlrs_v1/main/6347271462698456331/00006.mp4,18,168,1.062253475189209,0.582428167637121
25,0,/home/nabizadz/Projects/Mahsa/datasets/lrs2/lrs2_v1/mvlrs_v1/main/6347271462698456331/00026.mp4,92,242,3.68098521232605,0.9999999918128489
25,1,/home/nabizadz/Projects/Mahsa/datasets/lrs2/lrs2_v1/mvlrs_v1/main/6333175380032936690/00015.mp4,21,171,1.3111827373504639,0.7194624236988176
25,2,/home/nabizadz/Projects/Mahsa/datasets/lrs2/lrs2_v1/mvlrs_v1/main/6347271462698456331/00028.mp4,98,248,3.6799678802490234,0.9999999999999998
25,3,/home/nabizadz/Projects/Mahsa/datasets/lrs2/lrs2_v1/mvlrs_v1/main/6347338464188272871/00011.mp4,118,268,3.923576831817627,0.9999999999999999
25,4,/home/nabizadz/Projects/Mahsa/datasets/lrs2/lrs2_v1/mvlrs_v1/main/6347350060599908703/00005.mp4,79,229,1.1956766843795776,0.7234189090644378
25,5,/home/nabizadz/Projects/Mahsa/datasets/lrs2/lrs2_v1/mvlrs_v1/main/6347350060599908703/00007.mp4,90,240,2.727198600769043,0.9807008053669737
25,6,/home/nabizadz/Projects/Mahsa/datasets/lrs2/lrs2_v1/mvlrs_v1/main/6347524006775395501/00006.mp4,139,289,4.192895889282227,0.9999999999999997
25,7,/home/nabizadz/Projects/Mahsa/datasets/lrs2/lrs2_v1/mvlrs_v1/main/6347524006775395501/00020.mp4,120,270,4.003225326538086,0.9999999999999998
26,0,/home/nabizadz/Projects/Mahsa/datasets/lrs2/lrs2_v1/mvlrs_v1/main/6347667029186417939/00010.mp4,39,189,1.1291124820709229,0.6875188724335733
26,1,/home/nabizadz/Projects/Mahsa/datasets/lrs2/lrs2_v1/mvlrs_v1/main/6347667029186417939/00011.mp4,4,154,1.1666067838668823,0.6648369405945735
26,2,/home/nabizadz/Projects/Mahsa/datasets/lrs2/lrs2_v1/mvlrs_v1/main/6347667029186417939/00030.mp4,136,286,1.9747458696365356,0.9309428609310021
26,3,/home/nabizadz/Projects/Mahsa/datasets/lrs2/lrs2_v1/mvlrs_v1/main/6347667029186417939/00035.mp4,33,183,1.292465329170227,0.685641195745797
26,4,/home/nabizadz/Projects/Mahsa/datasets/lrs2/lrs2_v1/mvlrs_v1/main/6333604447265869137/00003.mp4,111,261,1.28968346118927,0.7373113711569751
26,5,/home/nabizadz/Projects/Mahsa/datasets/lrs2/lrs2_v1/mvlrs_v1/main/6348038114360790454/00004.mp4,51,201,1.3578505516052246,0.5665176416897794
26,6,/home/nabizadz/Projects/Mahsa/datasets/lrs2/lrs2_v1/mvlrs_v1/main/6348038114360790454/00012.mp4,101,251,2.3592095375061035,0.9864733122521661
26,7,/home/nabizadz/Projects/Mahsa/datasets/lrs2/lrs2_v1/mvlrs_v1/main/6348409199535164855/00011.mp4,85,235,2.041978359222412,0.8753873655091041
27,0,/home/nabizadz/Projects/Mahsa/datasets/lrs2/lrs2_v1/mvlrs_v1/main/6348409199535164855/00022.mp4,111,261,3.2377383708953857,0.9953232259515609
27,1,/home/nabizadz/Projects/Mahsa/datasets/lrs2/lrs2_v1/mvlrs_v1/main/6348409199535164855/00054.mp4,29,179,1.1863073110580444,0.7230104602217465
27,2,/home/nabizadz/Projects/Mahsa/datasets/lrs2/lrs2_v1/mvlrs_v1/main/6348440123299631026/00021.mp4,99,249,3.683208465576172,0.9999999999999997
27,3,/home/nabizadz/Projects/Mahsa/datasets/lrs2/lrs2_v1/mvlrs_v1/main/6348463316123031920/00004.mp4,109,259,1.77579665184021,0.9175269927867675
27,4,/home/nabizadz/Projects/Mahsa/datasets/lrs2/lrs2_v1/mvlrs_v1/main/6348463316123031920/00014.mp4,18,168,1.1282867193222046,0.5913441106508825
27,5,/home/nabizadz/Projects/Mahsa/datasets/lrs2/lrs2_v1/mvlrs_v1/main/6348463316123031920/00020.mp4,78,228,2.099576234817505,0.9567444483403458
27,6,/home/nabizadz/Projects/Mahsa/datasets/lrs2/lrs2_v1/mvlrs_v1/main/6348463316123031920/00027.mp4,44,194,1.1170238256454468,0.6990681134477703
27,7,/home/nabizadz/Projects/Mahsa/datasets/lrs2/lrs2_v1/mvlrs_v1/main/6330311066473698535/00025.mp4,7,157,1.2021729946136475,0.5773596160728379
28,0,/home/nabizadz/Projects/Mahsa/datasets/lrs2/lrs2_v1/mvlrs_v1/main/6333604447265869137/00005.mp4,51,201,1.618759274482727,0.8241795975211608
28,1,/home/nabizadz/Projects/Mahsa/datasets/lrs2/lrs2_v1/mvlrs_v1/main/6348714571709909926/00001.mp4,56,206,1.1403908729553223,0.7140313064155746
28,2,/home/nabizadz/Projects/Mahsa/datasets/lrs2/lrs2_v1/mvlrs_v1/main/6348714571709909926/00011.mp4,72,222,2.532801389694214,0.9027070276106917
28,3,/home/nabizadz/Projects/Mahsa/datasets/lrs2/lrs2_v1/mvlrs_v1/main/6348780284709539256/00003.mp4,100,250,3.534524917602539,0.9999181752459336
28,4,/home/nabizadz/Projects/Mahsa/datasets/lrs2/lrs2_v1/mvlrs_v1/main/6348780284709539256/00016.mp4,94,244,1.335508942604065,0.7814306869618219
28,5,/home/nabizadz/Projects/Mahsa/datasets/lrs2/lrs2_v1/mvlrs_v1/main/6348780284709539256/00019.mp4,36,186,1.2384828329086304,0.6623149004133001
28,6,/home/nabizadz/Projects/Mahsa/datasets/lrs2/lrs2_v1/mvlrs_v1/main/6348780284709539256/00026.mp4,70,220,1.3070595264434814,0.6192887890151351
28,7,/home/nabizadz/Projects/Mahsa/datasets/lrs2/lrs2_v1/mvlrs_v1/main/6348834401297406331/00002.mp4,13,163,1.683004379272461,0.788997145715436
29,0,/home/nabizadz/Projects/Mahsa/datasets/lrs2/lrs2_v1/mvlrs_v1/main/6348834401297406331/00006.mp4,7,157,1.1109726428985596,0.4802580463603833
29,1,/home/nabizadz/Projects/Mahsa/datasets/lrs2/lrs2_v1/mvlrs_v1/main/6348834401297406331/00023.mp4,115,265,1.5208003520965576,0.800977260024548
29,2,/home/nabizadz/Projects/Mahsa/datasets/lrs2/lrs2_v1/mvlrs_v1/main/6348834401297406331/00046.mp4,142,292,3.2675046920776367,0.9778146308638839
29,3,/home/nabizadz/Projects/Mahsa/datasets/lrs2/lrs2_v1/mvlrs_v1/main/6334149478615670679/00004.mp4,88,238,2.531566619873047,0.9820508312464963
29,4,/home/nabizadz/Projects/Mahsa/datasets/lrs2/lrs2_v1/mvlrs_v1/main/6348834401297406331/00051.mp4,127,277,2.4507088661193848,0.955900257301678
29,5,/home/nabizadz/Projects/Mahsa/datasets/lrs2/lrs2_v1/mvlrs_v1/main/6348834401427892766/00009.mp4,71,221,1.3601889610290527,0.6480184277133094
29,6,/home/nabizadz/Projects/Mahsa/datasets/lrs2/lrs2_v1/mvlrs_v1/main/6348834401427892766/00015.mp4,41,191,1.1308125257492065,0.6150433482563356
29,7,/home/nabizadz/Projects/Mahsa/datasets/lrs2/lrs2_v1/mvlrs_v1/main/6348834401427892766/00029.mp4,125,275,1.603028655052185,0.8476584653069262
30,0,/home/nabizadz/Projects/Mahsa/datasets/lrs2/lrs2_v1/mvlrs_v1/main/6348834401427892766/00043.mp4,93,243,1.8197126388549805,0.8696089488383046
30,1,/home/nabizadz/Projects/Mahsa/datasets/lrs2/lrs2_v1/mvlrs_v1/main/6348834401427892766/00045.mp4,148,298,3.1472842693328857,0.9601800965425836
30,2,/home/nabizadz/Projects/Mahsa/datasets/lrs2/lrs2_v1/mvlrs_v1/main/6348834401427892766/00048.mp4,13,163,1.3428205251693726,0.7861095660015186
30,3,/home/nabizadz/Projects/Mahsa/datasets/lrs2/lrs2_v1/mvlrs_v1/main/6349108849707618270/00007.mp4,150,300,4.197206974029541,0.9999999999999996
30,4,/home/nabizadz/Projects/Mahsa/datasets/lrs2/lrs2_v1/mvlrs_v1/main/6349174562707247076/00008.mp4,72,222,1.2368673086166382,0.6705596957932467
30,5,/home/nabizadz/Projects/Mahsa/datasets/lrs2/lrs2_v1/mvlrs_v1/main/6349174562707247076/00010.mp4,145,295,4.2092204093933105,0.9999999999999997
30,6,/home/nabizadz/Projects/Mahsa/datasets/lrs2/lrs2_v1/mvlrs_v1/main/6334149478615670679/00008.mp4,1,151,1.1486605405807495,0.7308112915705007
30,7,/home/nabizadz/Projects/Mahsa/datasets/lrs2/lrs2_v1/mvlrs_v1/main/6349174562707247076/00019.mp4,133,283,3.955876588821411,0.9999224809421572
31,0,/home/nabizadz/Projects/Mahsa/datasets/lrs2/lrs2_v1/mvlrs_v1/main/6349190024589512678/00006.mp4,79,229,3.5732405185699463,0.9999999997277369
31,1,/home/nabizadz/Projects/Mahsa/datasets/lrs2/lrs2_v1/mvlrs_v1/main/6349213217412979095/00007.mp4,42,192,1.0689622163772583,0.5703338961647505
31,2,/home/nabizadz/Projects/Mahsa/datasets/lrs2/lrs2_v1/mvlrs_v1/main/6349213217412979095/00010.mp4,43,193,1.141973853111267,0.5340584348136898
31,3,/home/nabizadz/Projects/Mahsa/datasets/lrs2/lrs2_v1/mvlrs_v1/main/6349228679295241171/00016.mp4,140,290,4.1563639640808105,0.9999999999999999
31,4,/home/nabizadz/Projects/Mahsa/datasets/lrs2/lrs2_v1/mvlrs_v1/main/6349420664333310663/00012.mp4,23,173,1.5024960041046143,0.648097368053805
31,5,/home/nabizadz/Projects/Mahsa/datasets/lrs2/lrs2_v1/mvlrs_v1/main/6349559821273762790/00002.mp4,94,244,2.8767833709716797,0.9922953441330694
31,6,/home/nabizadz/Projects/Mahsa/datasets/lrs2/lrs2_v1/mvlrs_v1/main/6349559821273762790/00010.mp4,129,279,2.088545322418213,0.9600343397503465
31,7,/home/nabizadz/Projects/Mahsa/datasets/lrs2/lrs2_v1/mvlrs_v1/main/6349793037997935601/00008.mp4,122,272,1.5590192079544067,0.8152733327486056
32,0,/home/nabizadz/Projects/Mahsa/datasets/lrs2/lrs2_v1/mvlrs_v1/main/6349793037997935601/00025.mp4,65,215,1.3832409381866455,0.7415327786325568
32,1,/home/nabizadz/Projects/Mahsa/datasets/lrs2/lrs2_v1/mvlrs_v1/main/6334149478615670679/00015.mp4,116,266,3.8518872261047363,0.9999999999999998
32,2,/home/nabizadz/Projects/Mahsa/datasets/lrs2/lrs2_v1/mvlrs_v1/main/6349793037997935601/00029.mp4,28,178,1.196155309677124,0.7140866861999059
32,3,/home/nabizadz/Projects/Mahsa/datasets/lrs2/lrs2_v1/mvlrs_v1/main/6349793037997935601/00062.mp4,150,300,4.261205673217773,1.0
32,4,/home/nabizadz/Projects/Mahsa/datasets/lrs2/lrs2_v1/mvlrs_v1/main/6349793037997935601/00067.mp4,129,279,4.020811080932617,0.9999999999999993
32,5,/home/nabizadz/Projects/Mahsa/datasets/lrs2/lrs2_v1/mvlrs_v1/main/6349793037997935601/00076.mp4,131,281,1.5684771537780762,0.822884021723433
32,6,/home/nabizadz/Projects/Mahsa/datasets/lrs2/lrs2_v1/mvlrs_v1/main/6349793037997935601/00098.mp4,62,212,1.7861897945404053,0.8848560555781062
32,7,/home/nabizadz/Projects/Mahsa/datasets/lrs2/lrs2_v1/mvlrs_v1/main/6349793037997935601/00118.mp4,58,208,1.414961576461792,0.7775464259681277
33,0,/home/nabizadz/Projects/Mahsa/datasets/lrs2/lrs2_v1/mvlrs_v1/main/6349793037997935601/00128.mp4,101,251,1.3255172967910767,0.8571002679343604
33,1,/home/nabizadz/Projects/Mahsa/datasets/lrs2/lrs2_v1/mvlrs_v1/main/6349793037997935601/00138.mp4,148,298,4.278621673583984,0.9999999999999998
33,2,/home/nabizadz/Projects/Mahsa/datasets/lrs2/lrs2_v1/mvlrs_v1/main/6349793037997935601/00163.mp4,56,206,1.2593072652816772,0.7493724932464941
33,3,/home/nabizadz/Projects/Mahsa/datasets/lrs2/lrs2_v1/mvlrs_v1/main/6349793037997935601/00183.mp4,141,291,4.1099090576171875,0.9999999999999996
33,4,/home/nabizadz/Projects/Mahsa/datasets/lrs2/lrs2_v1/mvlrs_v1/main/6334149478615670679/00025.mp4,133,283,1.6790084838867188,0.8825758985556459
33,5,/home/nabizadz/Projects/Mahsa/datasets/lrs2/lrs2_v1/mvlrs_v1/main/6349847154585871175/00007.mp4,136,286,2.9497385025024414,0.9912016457129987
33,6,/home/nabizadz/Projects/Mahsa/datasets/lrs2/lrs2_v1/mvlrs_v1/main/6349847154585871175/00014.mp4,3,153,1.079472541809082,0.39421837019546857
33,7,/home/nabizadz/Projects/Mahsa/datasets/lrs2/lrs2_v1/mvlrs_v1/main/6349847154585871175/00018.mp4,94,244,1.255239486694336,0.7914985127097525
34,0,/home/nabizadz/Projects/Mahsa/datasets/lrs2/lrs2_v1/mvlrs_v1/main/6349847154585871175/00027.mp4,118,268,1.557521939277649,0.7889990861897153
34,1,/home/nabizadz/Projects/Mahsa/datasets/lrs2/lrs2_v1/mvlrs_v1/main/6349847154585871175/00028.mp4,31,181,1.3717255592346191,0.7111454543127044
34,2,/home/nabizadz/Projects/Mahsa/datasets/lrs2/lrs2_v1/mvlrs_v1/main/6349847154585871175/00035.mp4,55,205,1.7074825763702393,0.867182828194627
34,3,/home/nabizadz/Projects/Mahsa/datasets/lrs2/lrs2_v1/mvlrs_v1/main/6349847154585871175/00037.mp4,144,294,4.120471954345703,0.9999999999999998
34,4,/home/nabizadz/Projects/Mahsa/datasets/lrs2/lrs2_v1/mvlrs_v1/main/6349847154585871175/00039.mp4,35,185,1.290845274925232,0.6383871106337501
34,5,/home/nabizadz/Projects/Mahsa/datasets/lrs2/lrs2_v1/mvlrs_v1/main/6350152526760616781/00013.mp4,2,152,1.6010531187057495,0.7645272385719308
34,6,/home/nabizadz/Projects/Mahsa/datasets/lrs2/lrs2_v1/mvlrs_v1/main/6350152526760616781/00016.mp4,64,214,1.6133370399475098,0.7414356535698607
34,7,/home/nabizadz/Projects/Mahsa/datasets/lrs2/lrs2_v1/mvlrs_v1/main/6334331155732352379/00002.mp4,41,191,1.1950749158859253,0.6440587686677375
35,0,/home/nabizadz/Projects/Mahsa/datasets/lrs2/lrs2_v1/mvlrs_v1/main/6350152526760616781/00052.mp4,81,231,1.4984643459320068,0.782940004437639
35,1,/home/nabizadz/Projects/Mahsa/datasets/lrs2/lrs2_v1/mvlrs_v1/main/6350152526760616781/00059.mp4,83,233,2.509774923324585,0.9484603380276726
35,2,/home/nabizadz/Projects/Mahsa/datasets/lrs2/lrs2_v1/mvlrs_v1/main/6349916733056066377/00018.mp4,125,275,1.6587942838668823,0.8516362756582658
35,3,/home/nabizadz/Projects/Mahsa/datasets/lrs2/lrs2_v1/mvlrs_v1/main/6349947656820532043/00016.mp4,75,225,1.5884089469909668,0.9252576598045382
35,4,/home/nabizadz/Projects/Mahsa/datasets/lrs2/lrs2_v1/mvlrs_v1/main/6350152526760616781/00008.mp4,10,160,1.0841962099075317,0.4227459377868031
35,5,/home/nabizadz/Projects/Mahsa/datasets/lrs2/lrs2_v1/mvlrs_v1/main/6350152526760616781/00009.mp4,145,295,1.7384836673736572,0.8059315529350897
35,6,/home/nabizadz/Projects/Mahsa/datasets/lrs2/lrs2_v1/mvlrs_v1/main/6350152526760616781/00067.mp4,117,267,4.107095241546631,1.0
35,7,/home/nabizadz/Projects/Mahsa/datasets/lrs2/lrs2_v1/mvlrs_v1/main/6350222105230808621/00007.mp4,87,237,1.2454650402069092,0.781858834406235
36,0,/home/nabizadz/Projects/Mahsa/datasets/lrs2/lrs2_v1/mvlrs_v1/main/6350222105230808621/00008.mp4,125,275,3.8820340633392334,0.9999999999999996
36,1,/home/nabizadz/Projects/Mahsa/datasets/lrs2/lrs2_v1/mvlrs_v1/main/6350222105230808621/00012.mp4,139,289,2.9051477909088135,0.9752441948377599
36,2,/home/nabizadz/Projects/Mahsa/datasets/lrs2/lrs2_v1/mvlrs_v1/main/6334563083966338309/00004.mp4,111,261,1.7274978160858154,0.8679947317033649
36,3,/home/nabizadz/Projects/Mahsa/datasets/lrs2/lrs2_v1/mvlrs_v1/main/6350264625407039025/00015.mp4,138,288,4.034780025482178,0.9999999999999999
36,4,/home/nabizadz/Projects/Mahsa/datasets/lrs2/lrs2_v1/mvlrs_v1/main/6350295549171504559/00001.mp4,117,267,4.008819580078125,0.9999999999999999
36,5,/home/nabizadz/Projects/Mahsa/datasets/lrs2/lrs2_v1/mvlrs_v1/main/6350295549171504559/00004.mp4,33,183,1.3721277713775635,0.7871234425773003
36,6,/home/nabizadz/Projects/Mahsa/datasets/lrs2/lrs2_v1/mvlrs_v1/main/6350295549171504559/00006.mp4,145,295,4.258265972137451,0.9999999999999998
36,7,/home/nabizadz/Projects/Mahsa/datasets/lrs2/lrs2_v1/mvlrs_v1/main/6350295549171504559/00016.mp4,25,175,1.0630462169647217,0.5498021379716332
37,0,/home/nabizadz/Projects/Mahsa/datasets/lrs2/lrs2_v1/mvlrs_v1/main/6350523611934991188/00008.mp4,136,286,4.217779159545898,0.9999999999999996
37,1,/home/nabizadz/Projects/Mahsa/datasets/lrs2/lrs2_v1/mvlrs_v1/main/6350523611934991188/00013.mp4,97,247,1.3905892372131348,0.7605606549651386
37,2,/home/nabizadz/Projects/Mahsa/datasets/lrs2/lrs2_v1/mvlrs_v1/main/6350523611934991188/00015.mp4,41,191,1.5070531368255615,0.7744136584840837
37,3,/home/nabizadz/Projects/Mahsa/datasets/lrs2/lrs2_v1/mvlrs_v1/main/6350523611934991188/00016.mp4,81,231,2.1435136795043945,0.9561721209031613
37,4,/home/nabizadz/Projects/Mahsa/datasets/lrs2/lrs2_v1/mvlrs_v1/main/6350523611934991188/00021.mp4,4,154,1.3167672157287598,0.7680251524114177
37,5,/home/nabizadz/Projects/Mahsa/datasets/lrs2/lrs2_v1/mvlrs_v1/main/6334563083966338309/00024.mp4,149,299,4.276747226715088,0.9999999999999998
37,6,/home/nabizadz/Projects/Mahsa/datasets/lrs2/lrs2_v1/mvlrs_v1/main/6350523611934991188/00027.mp4,10,160,1.2181633710861206,0.5310007449443022
37,7,/home/nabizadz/Projects/Mahsa/datasets/lrs2/lrs2_v1/mvlrs_v1/main/6350523611934991188/00060.mp4,133,283,1.311907172203064,0.7605793983604807
38,0,/home/nabizadz/Projects/Mahsa/datasets/lrs2/lrs2_v1/mvlrs_v1/main/6350523611934991188/00061.mp4,49,199,1.7019009590148926,0.621458393340712
38,1,/home/nabizadz/Projects/Mahsa/datasets/lrs2/lrs2_v1/mvlrs_v1/main/6350523611934991188/00067.mp4,99,249,2.169874906539917,0.986113065422075
38,2,/home/nabizadz/Projects/Mahsa/datasets/lrs2/lrs2_v1/mvlrs_v1/main/6350666634345878987/00013.mp4,21,171,1.041305661201477,0.5485101428048643
38,3,/home/nabizadz/Projects/Mahsa/datasets/lrs2/lrs2_v1/mvlrs_v1/main/6350921755403330389/00027.mp4,118,268,1.765148401260376,0.8384203291465353
38,4,/home/nabizadz/Projects/Mahsa/datasets/lrs2/lrs2_v1/mvlrs_v1/main/6350921755403330389/00030.mp4,146,296,4.241248607635498,0.999985978277292
38,5,/home/nabizadz/Projects/Mahsa/datasets/lrs2/lrs2_v1/mvlrs_v1/main/6350921755403330389/00041.mp4,130,280,4.197168350219727,0.9999999999999999
38,6,/home/nabizadz/Projects/Mahsa/datasets/lrs2/lrs2_v1/mvlrs_v1/main/6350921755403330389/00056.mp4,146,296,1.6951886415481567,0.8574494449158193
38,7,/home/nabizadz/Projects/Mahsa/datasets/lrs2/lrs2_v1/mvlrs_v1/main/6350921755403330389/00058.mp4,44,194,1.4814567565917969,0.809144341524074
39,0,/home/nabizadz/Projects/Mahsa/datasets/lrs2/lrs2_v1/mvlrs_v1/main/6334563083966338309/00057.mp4,115,265,2.1613831520080566,0.981636520802148
39,1,/home/nabizadz/Projects/Mahsa/datasets/lrs2/lrs2_v1/mvlrs_v1/main/6350921755403330389/00062.mp4,24,174,1.1467719078063965,0.511687375739779
39,2,/home/nabizadz/Projects/Mahsa/datasets/lrs2/lrs2_v1/mvlrs_v1/main/6351037719520253414/00001.mp4,132,282,1.3441755771636963,0.6405871857582244
39,3,/home/nabizadz/Projects/Mahsa/datasets/lrs2/lrs2_v1/mvlrs_v1/main/6351037719520253414/00003.mp4,31,181,1.289915680885315,0.7853596585976591
39,4,/home/nabizadz/Projects/Mahsa/datasets/lrs2/lrs2_v1/mvlrs_v1/main/6351234858519149621/00007.mp4,3,153,1.1362199783325195,0.6391351052878615
39,5,/home/nabizadz/Projects/Mahsa/datasets/lrs2/lrs2_v1/mvlrs_v1/main/6351234858519149621/00044.mp4,3,153,1.2279123067855835,0.6346424147119175
39,6,/home/nabizadz/Projects/Mahsa/datasets/lrs2/lrs2_v1/mvlrs_v1/main/6351265782283739990/00001.mp4,106,256,1.821437120437622,0.8496811552276673
39,7,/home/nabizadz/Projects/Mahsa/datasets/lrs2/lrs2_v1/mvlrs_v1/main/6351265782283739990/00008.mp4,52,202,1.8987553119659424,0.8613891450216082
40,0,/home/nabizadz/Projects/Mahsa/datasets/lrs2/lrs2_v1/mvlrs_v1/main/6351265782283739990/00030.mp4,107,257,1.6372824907302856,0.8719712392251958
40,1,/home/nabizadz/Projects/Mahsa/datasets/lrs2/lrs2_v1/mvlrs_v1/main/6351265782283739990/00032.mp4,121,271,2.0423896312713623,0.8114529115755772
40,2,/home/nabizadz/Projects/Mahsa/datasets/lrs2/lrs2_v1/mvlrs_v1/main/6351265782283739990/00033.mp4,62,212,1.511965036392212,0.7877480112282665
40,3,/home/nabizadz/Projects/Mahsa/datasets/lrs2/lrs2_v1/mvlrs_v1/main/6334563083966338309/00081.mp4,10,160,1.0930991172790527,0.5311309361338898
40,4,/home/nabizadz/Projects/Mahsa/datasets/lrs2/lrs2_v1/mvlrs_v1/main/6351424266576959115/00013.mp4,56,206,1.5229628086090088,0.829947121163595
40,5,/home/nabizadz/Projects/Mahsa/datasets/lrs2/lrs2_v1/mvlrs_v1/main/6351424266576959115/00014.mp4,95,245,1.1887693405151367,0.7861957929227542
40,6,/home/nabizadz/Projects/Mahsa/datasets/lrs2/lrs2_v1/mvlrs_v1/main/6351424266576959115/00015.mp4,122,272,1.3397501707077026,0.8363616974322704
40,7,/home/nabizadz/Projects/Mahsa/datasets/lrs2/lrs2_v1/mvlrs_v1/main/6351431997518095202/00003.mp4,82,232,1.3794828653335571,0.7619750381959063
41,0,/home/nabizadz/Projects/Mahsa/datasets/lrs2/lrs2_v1/mvlrs_v1/main/6351431997518095202/00008.mp4,96,246,3.5298449993133545,0.9991253783743445
41,1,/home/nabizadz/Projects/Mahsa/datasets/lrs2/lrs2_v1/mvlrs_v1/main/6351431997518095202/00009.mp4,11,161,1.4886341094970703,0.7460267956013974
41,2,/home/nabizadz/Projects/Mahsa/datasets/lrs2/lrs2_v1/mvlrs_v1/main/6351431997518095202/00017.mp4,46,196,1.0791382789611816,0.5437769814818626
41,3,/home/nabizadz/Projects/Mahsa/datasets/lrs2/lrs2_v1/mvlrs_v1/main/6351431997518095202/00019.mp4,131,281,4.102171897888184,1.0
41,4,/home/nabizadz/Projects/Mahsa/datasets/lrs2/lrs2_v1/mvlrs_v1/main/6351636867458114391/00002.mp4,57,207,1.2598836421966553,0.7467647857167908
41,5,/home/nabizadz/Projects/Mahsa/datasets/lrs2/lrs2_v1/mvlrs_v1/main/6351636867458114391/00004.mp4,53,203,1.1532565355300903,0.6081968700135669
41,6,/home/nabizadz/Projects/Mahsa/datasets/lrs2/lrs2_v1/mvlrs_v1/main/6331559613336179781/00019.mp4,75,225,1.4169304370880127,0.740358643814523
41,7,/home/nabizadz/Projects/Mahsa/datasets/lrs2/lrs2_v1/mvlrs_v1/main/6334563083966338309/00089.mp4,92,242,1.5424578189849854,0.795581838200532
42,0,/home/nabizadz/Projects/Mahsa/datasets/lrs2/lrs2_v1/mvlrs_v1/main/6351636867458114391/00005.mp4,68,218,2.622931718826294,0.9583353250121359
42,1,/home/nabizadz/Projects/Mahsa/datasets/lrs2/lrs2_v1/mvlrs_v1/main/6351636867458114391/00010.mp4,143,293,1.4631617069244385,0.778406508449338
42,2,/home/nabizadz/Projects/Mahsa/datasets/lrs2/lrs2_v1/mvlrs_v1/main/6351636867458114391/00033.mp4,71,221,1.4304276704788208,0.7457123058285339
42,3,/home/nabizadz/Projects/Mahsa/datasets/lrs2/lrs2_v1/mvlrs_v1/main/6351636867458114391/00037.mp4,31,181,1.2576879262924194,0.6810479247805655
42,4,/home/nabizadz/Projects/Mahsa/datasets/lrs2/lrs2_v1/mvlrs_v1/main/6351636867458114391/00040.mp4,32,182,1.198748230934143,0.6646963973248614
42,5,/home/nabizadz/Projects/Mahsa/datasets/lrs2/lrs2_v1/mvlrs_v1/main/6351714176869448803/00001.mp4,117,267,3.95269513130188,0.9996553059256339
42,6,/home/nabizadz/Projects/Mahsa/datasets/lrs2/lrs2_v1/mvlrs_v1/main/6351714176869448803/00004.mp4,69,219,1.0737240314483643,0.6762277405312483
42,7,/home/nabizadz/Projects/Mahsa/datasets/lrs2/lrs2_v1/mvlrs_v1/main/6351714176869448803/00010.mp4,4,154,1.0904712677001953,0.6130165977050277
43,0,/home/nabizadz/Projects/Mahsa/datasets/lrs2/lrs2_v1/mvlrs_v1/main/6351772158927869467/00029.mp4,63,213,1.6594927310943604,0.9345371610014175
43,1,/home/nabizadz/Projects/Mahsa/datasets/lrs2/lrs2_v1/mvlrs_v1/main/6351772158927869467/00035.mp4,4,154,1.0422838926315308,0.5959963312658075
43,2,/home/nabizadz/Projects/Mahsa/datasets/lrs2/lrs2_v1/mvlrs_v1/main/6334563083966338309/00103.mp4,28,178,1.447037935256958,0.8039488544242888
43,3,/home/nabizadz/Projects/Mahsa/datasets/lrs2/lrs2_v1/mvlrs_v1/main/6351810813633601326/00001.mp4,145,295,4.342500686645508,0.9999999999999998
43,4,/home/nabizadz/Projects/Mahsa/datasets/lrs2/lrs2_v1/mvlrs_v1/main/6351810813633601326/00002.mp4,71,221,1.404733419418335,0.7863727049360562
43,5,/home/nabizadz/Projects/Mahsa/datasets/lrs2/lrs2_v1/mvlrs_v1/main/6351810813633601326/00006.mp4,111,261,1.6959962844848633,0.9332759730844669
43,6,/home/nabizadz/Projects/Mahsa/datasets/lrs2/lrs2_v1/mvlrs_v1/main/6351810813633601326/00007.mp4,21,171,1.075541615486145,0.47523254225377354
43,7,/home/nabizadz/Projects/Mahsa/datasets/lrs2/lrs2_v1/mvlrs_v1/main/6351810813633601326/00013.mp4,12,162,1.1636711359024048,0.6587508847989826
44,0,/home/nabizadz/Projects/Mahsa/datasets/lrs2/lrs2_v1/mvlrs_v1/main/6351810813633601326/00014.mp4,16,166,1.1004918813705444,0.6074179537547697
44,1,/home/nabizadz/Projects/Mahsa/datasets/lrs2/lrs2_v1/mvlrs_v1/main/6351810813633601326/00016.mp4,105,255,1.5933523178100586,0.79014264259078
44,2,/home/nabizadz/Projects/Mahsa/datasets/lrs2/lrs2_v1/mvlrs_v1/main/6351810813633601326/00020.mp4,122,272,3.400470733642578,0.9974276070237115
44,3,/home/nabizadz/Projects/Mahsa/datasets/lrs2/lrs2_v1/mvlrs_v1/main/6351826275515864748/00006.mp4,71,221,1.269968032836914,0.7186185994776911
44,4,/home/nabizadz/Projects/Mahsa/datasets/lrs2/lrs2_v1/mvlrs_v1/main/6351841737398064668/00004.mp4,111,261,3.777426242828369,0.9999999999999998
44,5,/home/nabizadz/Projects/Mahsa/datasets/lrs2/lrs2_v1/mvlrs_v1/main/6334563083966338309/00106.mp4,111,261,1.2521657943725586,0.6760437009785013
44,6,/home/nabizadz/Projects/Mahsa/datasets/lrs2/lrs2_v1/mvlrs_v1/main/6352157417494386368/00027.mp4,146,296,4.338367938995361,0.9999999999999998
44,7,/home/nabizadz/Projects/Mahsa/datasets/lrs2/lrs2_v1/mvlrs_v1/main/6352157417494386368/00030.mp4,105,255,2.4448249340057373,0.9807335022591984
45,0,/home/nabizadz/Projects/Mahsa/datasets/lrs2/lrs2_v1/mvlrs_v1/main/6352157417494386368/00043.mp4,82,232,1.419386386871338,0.8209574536225858
45,1,/home/nabizadz/Projects/Mahsa/datasets/lrs2/lrs2_v1/mvlrs_v1/main/6352157417494386368/00050.mp4,149,299,4.261740684509277,0.9999999999999998
45,2,/home/nabizadz/Projects/Mahsa/datasets/lrs2/lrs2_v1/mvlrs_v1/main/6352157417494386368/00051.mp4,57,207,1.3244915008544922,0.8390665668476265
45,3,/home/nabizadz/Projects/Mahsa/datasets/lrs2/lrs2_v1/mvlrs_v1/main/6352498867394358158/00018.mp4,4,154,1.1382337808609009,0.5843421210434551
45,4,/home/nabizadz/Projects/Mahsa/datasets/lrs2/lrs2_v1/mvlrs_v1/main/6352498867394358158/00019.mp4,62,212,1.4624435901641846,0.8548734887992819
45,5,/home/nabizadz/Projects/Mahsa/datasets/lrs2/lrs2_v1/mvlrs_v1/main/6352498867394358158/00027.mp4,74,224,1.8682478666305542,0.8989406474105482
45,6,/home/nabizadz/Projects/Mahsa/datasets/lrs2/lrs2_v1/mvlrs_v1/main/6352533656629519062/00002.mp4,113,263,1.4645073413848877,0.8518408187285217
45,7,/home/nabizadz/Projects/Mahsa/datasets/lrs2/lrs2_v1/mvlrs_v1/main/6352533656629519062/00006.mp4,19,169,1.2803446054458618,0.5714469671927814
46,0,/home/nabizadz/Projects/Mahsa/datasets/lrs2/lrs2_v1/mvlrs_v1/main/6334934169140712754/00001.mp4,98,248,1.6003338098526,0.8449838478504859
46,1,/home/nabizadz/Projects/Mahsa/datasets/lrs2/lrs2_v1/mvlrs_v1/main/6352533656629519062/00013.mp4,5,155,1.1063646078109741,0.46847647127947767
46,2,/home/nabizadz/Projects/Mahsa/datasets/lrs2/lrs2_v1/mvlrs_v1/main/6352815835980800496/00002.mp4,149,299,4.238673210144043,0.9999999999999998
46,3,/home/nabizadz/Projects/Mahsa/datasets/lrs2/lrs2_v1/mvlrs_v1/main/6352815835980800496/00005.mp4,144,294,4.080463409423828,0.9999999999999998
46,4,/home/nabizadz/Projects/Mahsa/datasets/lrs2/lrs2_v1/mvlrs_v1/main/6352815835980800496/00007.mp4,128,278,3.945690631866455,0.9999299451314476
46,5,/home/nabizadz/Projects/Mahsa/datasets/lrs2/lrs2_v1/mvlrs_v1/main/6352893145392128503/00008.mp4,150,300,4.258231163024902,1.0
46,6,/home/nabizadz/Projects/Mahsa/datasets/lrs2/lrs2_v1/mvlrs_v1/main/6352893145392128503/00013.mp4,49,199,1.1906293630599976,0.6166032176240502
46,7,/home/nabizadz/Projects/Mahsa/datasets/lrs2/lrs2_v1/mvlrs_v1/main/6352893145392128503/00014.mp4,125,275,1.9801676273345947,0.9048901938728624
47,0,/home/nabizadz/Projects/Mahsa/datasets/lrs2/lrs2_v1/mvlrs_v1/main/6352893145392128503/00017.mp4,3,153,1.2524985074996948,0.6235031291606192
47,1,/home/nabizadz/Projects/Mahsa/datasets/lrs2/lrs2_v1/mvlrs_v1/main/6352893145392128503/00020.mp4,10,160,1.0573487281799316,0.5204797035571216
47,2,/home/nabizadz/Projects/Mahsa/datasets/lrs2/lrs2_v1/mvlrs_v1/main/6352893145392128503/00036.mp4,46,196,1.0654946565628052,0.6445970569739145
47,3,/home/nabizadz/Projects/Mahsa/datasets/lrs2/lrs2_v1/mvlrs_v1/main/6334934169140712754/00002.mp4,0,150,1.184316635131836,0.6776783779130059
47,4,/home/nabizadz/Projects/Mahsa/datasets/lrs2/lrs2_v1/mvlrs_v1/main/6352916338215591806/00003.mp4,80,230,1.8251582384109497,0.8398899113436753
47,5,/home/nabizadz/Projects/Mahsa/datasets/lrs2/lrs2_v1/mvlrs_v1/main/6353179190214044575/00010.mp4,129,279,1.5851459503173828,0.8255359092009905
47,6,/home/nabizadz/Projects/Mahsa/datasets/lrs2/lrs2_v1/mvlrs_v1/main/6353179190214044575/00019.mp4,47,197,1.1559346914291382,0.7564663615922697
47,7,/home/nabizadz/Projects/Mahsa/datasets/lrs2/lrs2_v1/mvlrs_v1/main/6353179190214044575/00020.mp4,36,186,1.1717332601547241,0.5619778926792149
48,0,/home/nabizadz/Projects/Mahsa/datasets/lrs2/lrs2_v1/mvlrs_v1/main/6353190786625806236/00012.mp4,122,272,2.8354246616363525,0.9785809783292821
48,1,/home/nabizadz/Projects/Mahsa/datasets/lrs2/lrs2_v1/mvlrs_v1/main/6353233306802036640/00005.mp4,105,255,3.5989670753479004,0.9986986768769599
48,2,/home/nabizadz/Projects/Mahsa/datasets/lrs2/lrs2_v1/mvlrs_v1/main/6353233306802036640/00017.mp4,26,176,1.1709139347076416,0.7152600804660509
48,3,/home/nabizadz/Projects/Mahsa/datasets/lrs2/lrs2_v1/mvlrs_v1/main/6353233306802036640/00019.mp4,139,289,3.408228874206543,0.9965509723086495
48,4,/home/nabizadz/Projects/Mahsa/datasets/lrs2/lrs2_v1/mvlrs_v1/main/6353233306802036640/00024.mp4,144,294,2.6380257606506348,0.8958202393454827
48,5,/home/nabizadz/Projects/Mahsa/datasets/lrs2/lrs2_v1/mvlrs_v1/main/6353233306802036640/00037.mp4,50,200,1.1938440799713135,0.7098375546048512
48,6,/home/nabizadz/Projects/Mahsa/datasets/lrs2/lrs2_v1/mvlrs_v1/main/6334934169140712754/00013.mp4,104,254,2.1741843223571777,0.9783221798679611
48,7,/home/nabizadz/Projects/Mahsa/datasets/lrs2/lrs2_v1/mvlrs_v1/main/6353233306802036640/00038.mp4,135,285,4.088674068450928,0.9999999999999996
49,0,/home/nabizadz/Projects/Mahsa/datasets/lrs2/lrs2_v1/mvlrs_v1/main/6353233306802036640/00039.mp4,39,189,1.1276843547821045,0.6221564221843685
49,1,/home/nabizadz/Projects/Mahsa/datasets/lrs2/lrs2_v1/mvlrs_v1/main/6353264230566502930/00013.mp4,91,241,1.1738253831863403,0.729668606659399
49,2,/home/nabizadz/Projects/Mahsa/datasets/lrs2/lrs2_v1/mvlrs_v1/main/6353264230566502930/00014.mp4,73,223,1.2959638833999634,0.7647390342516162
49,3,/home/nabizadz/Projects/Mahsa/datasets/lrs2/lrs2_v1/mvlrs_v1/main/6353561871800180662/00005.mp4,149,299,4.253459930419922,0.9999999999999998
49,4,/home/nabizadz/Projects/Mahsa/datasets/lrs2/lrs2_v1/mvlrs_v1/main/6353561871800180662/00014.mp4,91,241,3.7629308700561523,0.9999999999999999
49,5,/home/nabizadz/Projects/Mahsa/datasets/lrs2/lrs2_v1/mvlrs_v1/main/6353561871800180662/00019.mp4,5,155,1.1671369075775146,0.5644139854977324
49,6,/home/nabizadz/Projects/Mahsa/datasets/lrs2/lrs2_v1/mvlrs_v1/main/6353561871800180662/00024.mp4,33,183,1.1004632711410522,0.6604508240453398
49,7,/home/nabizadz/Projects/Mahsa/datasets/lrs2/lrs2_v1/mvlrs_v1/main/6353604391976411066/00001.mp4,23,173,1.1448140144348145,0.44469283580721936
50,0,/home/nabizadz/Projects/Mahsa/datasets/lrs2/lrs2_v1/mvlrs_v1/main/6353604391976411066/00014.mp4,36,186,1.227946162223816,0.6255238485478577
50,1,/home/nabizadz/Projects/Mahsa/datasets/lrs2/lrs2_v1/mvlrs_v1/main/6334934169140712754/00059.mp4,148,298,4.27365255355835,0.9999999441836187
50,2,/home/nabizadz/Projects/Mahsa/datasets/lrs2/lrs2_v1/mvlrs_v1/main/6353635315740877357/00003.mp4,28,178,1.5203839540481567,0.7659630621795454
50,3,/home/nabizadz/Projects/Mahsa/datasets/lrs2/lrs2_v1/mvlrs_v1/main/6353635315740877357/00006.mp4,119,269,3.9898812770843506,0.9999999999999996
50,4,/home/nabizadz/Projects/Mahsa/datasets/lrs2/lrs2_v1/mvlrs_v1/main/6353909764151156687/00001.mp4,139,289,2.9480888843536377,0.9441853001047373
50,5,/home/nabizadz/Projects/Mahsa/datasets/lrs2/lrs2_v1/mvlrs_v1/main/6353909764151156687/00005.mp4,94,244,1.4542245864868164,0.8185354280251249
50,6,/home/nabizadz/Projects/Mahsa/datasets/lrs2/lrs2_v1/mvlrs_v1/main/6353932956974555090/00007.mp4,86,236,1.5502885580062866,0.8928674278181341
50,7,/home/nabizadz/Projects/Mahsa/datasets/lrs2/lrs2_v1/mvlrs_v1/main/6353975477150785494/00008.mp4,62,212,1.597584843635559,0.7720464479609305
51,0,/home/nabizadz/Projects/Mahsa/datasets/lrs2/lrs2_v1/mvlrs_v1/main/6353975477150785494/00019.mp4,3,153,1.1446014642715454,0.6677610500687634
51,1,/home/nabizadz/Projects/Mahsa/datasets/lrs2/lrs2_v1/mvlrs_v1/main/6353975477150785494/00030.mp4,56,206,1.2100366353988647,0.7032599886507088
51,2,/home/nabizadz/Projects/Mahsa/datasets/lrs2/lrs2_v1/mvlrs_v1/main/6354006400915251783/00006.mp4,105,255,2.3393919467926025,0.984331123583865
51,3,/home/nabizadz/Projects/Mahsa/datasets/lrs2/lrs2_v1/mvlrs_v1/main/6354006400915251783/00007.mp4,22,172,1.1301454305648804,0.6120033511320302
51,4,/home/nabizadz/Projects/Mahsa/datasets/lrs2/lrs2_v1/mvlrs_v1/main/6334934169140712754/00068.mp4,109,259,2.2051515579223633,0.9263278607833871
51,5,/home/nabizadz/Projects/Mahsa/datasets/lrs2/lrs2_v1/mvlrs_v1/main/6354304042148929518/00013.mp4,137,287,4.155506610870361,0.9999999999999998
51,6,/home/nabizadz/Projects/Mahsa/datasets/lrs2/lrs2_v1/mvlrs_v1/main/6354346562325159922/00004.mp4,104,254,3.790951728820801,0.9999999999999998
51,7,/home/nabizadz/Projects/Mahsa/datasets/lrs2/lrs2_v1/mvlrs_v1/main/6354346562325159922/00011.mp4,93,243,1.4442260265350342,0.830297219721539
52,0,/home/nabizadz/Projects/Mahsa/datasets/lrs2/lrs2_v1/mvlrs_v1/main/6354346562325159922/00021.mp4,132,282,2.2236528396606445,0.8782001506077919
52,1,/home/nabizadz/Projects/Mahsa/datasets/lrs2/lrs2_v1/mvlrs_v1/main/6354346562325159922/00029.mp4,99,249,1.6473503112792969,0.8776962606859048
52,2,/home/nabizadz/Projects/Mahsa/datasets/lrs2/lrs2_v1/mvlrs_v1/main/6354346562325159922/00032.mp4,13,163,1.0681527853012085,0.4886155352751568
52,3,/home/nabizadz/Projects/Mahsa/datasets/lrs2/lrs2_v1/mvlrs_v1/main/6354346562325159922/00040.mp4,74,224,1.3703895807266235,0.665932035381118
52,4,/home/nabizadz/Projects/Mahsa/datasets/lrs2/lrs2_v1/mvlrs_v1/main/6354346562325159922/00052.mp4,149,299,4.243146896362305,0.9999999999999997
52,5,/home/nabizadz/Projects/Mahsa/datasets/lrs2/lrs2_v1/mvlrs_v1/main/6354369755148493407/00019.mp4,127,277,1.3468382358551025,0.8681749355248704
52,6,/home/nabizadz/Projects/Mahsa/datasets/lrs2/lrs2_v1/mvlrs_v1/main/6354369755148493407/00023.mp4,140,290,2.2623252868652344,0.966153861937092
52,7,/home/nabizadz/Projects/Mahsa/datasets/lrs2/lrs2_v1/mvlrs_v1/main/6334934169140712754/00070.mp4,123,273,3.9865710735321045,0.9999999999999998
53,0,/home/nabizadz/Projects/Mahsa/datasets/lrs2/lrs2_v1/mvlrs_v1/main/6354369755148493407/00028.mp4,150,300,2.4664955139160156,0.9642909978842659
53,1,/home/nabizadz/Projects/Mahsa/datasets/lrs2/lrs2_v1/mvlrs_v1/main/6354369755148493407/00048.mp4,40,190,1.595227837562561,0.7931702125096561
53,2,/home/nabizadz/Projects/Mahsa/datasets/lrs2/lrs2_v1/mvlrs_v1/main/6354369755148493407/00051.mp4,139,289,4.1366682052612305,0.9999999999999999
53,3,/home/nabizadz/Projects/Mahsa/datasets/lrs2/lrs2_v1/mvlrs_v1/main/6354369755148493407/00055.mp4,34,184,1.1578953266143799,0.6715802257691486
53,4,/home/nabizadz/Projects/Mahsa/datasets/lrs2/lrs2_v1/mvlrs_v1/main/6354617145264744350/00007.mp4,94,244,1.8159682750701904,0.8028409819680072
53,5,/home/nabizadz/Projects/Mahsa/datasets/lrs2/lrs2_v1/mvlrs_v1/main/6354755013715009552/00005.mp4,116,266,1.9209580421447754,0.8966607768145273
53,6,/home/nabizadz/Projects/Mahsa/datasets/lrs2/lrs2_v1/mvlrs_v1/main/6354988230439182363/00027.mp4,77,227,2.425611734390259,0.9903334842124146
53,7,/home/nabizadz/Projects/Mahsa/datasets/lrs2/lrs2_v1/mvlrs_v1/main/6354988230439182363/00032.mp4,79,229,1.4230034351348877,0.8515976929270505
54,0,/home/nabizadz/Projects/Mahsa/datasets/lrs2/lrs2_v1/mvlrs_v1/main/6354988230439182363/00053.mp4,87,237,1.3413665294647217,0.7203447253336914
54,1,/home/nabizadz/Projects/Mahsa/datasets/lrs2/lrs2_v1/mvlrs_v1/main/6354988230439182363/00062.mp4,93,243,1.332759976387024,0.7947344255254831
54,2,/home/nabizadz/Projects/Mahsa/datasets/lrs2/lrs2_v1/mvlrs_v1/main/6334934169140712754/00073.mp4,79,229,2.3170647621154785,0.9366303533723497
54,3,/home/nabizadz/Projects/Mahsa/datasets/lrs2/lrs2_v1/mvlrs_v1/main/6354988230439182363/00070.mp4,89,239,1.4115527868270874,0.7954160216603658
54,4,/home/nabizadz/Projects/Mahsa/datasets/lrs2/lrs2_v1/mvlrs_v1/main/6354988230439182363/00085.mp4,15,165,1.110863447189331,0.6164929629160987
54,5,/home/nabizadz/Projects/Mahsa/datasets/lrs2/lrs2_v1/mvlrs_v1/main/6354988230439182363/00099.mp4,54,204,1.309309720993042,0.8069466135082287
54,6,/home/nabizadz/Projects/Mahsa/datasets/lrs2/lrs2_v1/mvlrs_v1/main/6354988230439182363/00107.mp4,16,166,1.0546854734420776,0.5681004873503781
54,7,/home/nabizadz/Projects/Mahsa/datasets/lrs2/lrs2_v1/mvlrs_v1/main/6354988230439182363/00141.mp4,86,236,3.881183624267578,0.999992953706537
55,0,/home/nabizadz/Projects/Mahsa/datasets/lrs2/lrs2_v1/mvlrs_v1/main/6354988230439182363/00179.mp4,150,300,2.210754156112671,0.9383223881359127
55,1,/home/nabizadz/Projects/Mahsa/datasets/lrs2/lrs2_v1/mvlrs_v1/main/6355115790967873574/00016.mp4,55,205,1.333164095878601,0.7524018423171682
55,2,/home/nabizadz/Projects/Mahsa/datasets/lrs2/lrs2_v1/mvlrs_v1/main/6355115790967873574/00020.mp4,12,162,1.171871542930603,0.6143818241777305
55,3,/home/nabizadz/Projects/Mahsa/datasets/lrs2/lrs2_v1/mvlrs_v1/main/6355115790967873574/00021.mp4,100,250,3.442457914352417,0.9981265493859324
55,4,/home/nabizadz/Projects/Mahsa/datasets/lrs2/lrs2_v1/mvlrs_v1/main/6355115790967873574/00022.mp4,7,157,1.0653715133666992,0.5020965730835758
55,5,/home/nabizadz/Projects/Mahsa/datasets/lrs2/lrs2_v1/mvlrs_v1/main/6331559613336179781/00020.mp4,48,198,1.1752839088439941,0.7178886960195238
55,6,/home/nabizadz/Projects/Mahsa/datasets/lrs2/lrs2_v1/mvlrs_v1/main/6334934169140712754/00082.mp4,63,213,1.6764917373657227,0.7374423663840577
55,7,/home/nabizadz/Projects/Mahsa/datasets/lrs2/lrs2_v1/mvlrs_v1/main/6354988230439182363/00181.mp4,5,155,1.181165337562561,0.6237455676711814
56,0,/home/nabizadz/Projects/Mahsa/datasets/lrs2/lrs2_v1/mvlrs_v1/main/6354988230439182363/00182.mp4,136,286,1.5568736791610718,0.7985712635852634
56,1,/home/nabizadz/Projects/Mahsa/datasets/lrs2/lrs2_v1/mvlrs_v1/main/6355115790967873574/00006.mp4,47,197,1.3410618305206299,0.8298612152109373
56,2,/home/nabizadz/Projects/Mahsa/datasets/lrs2/lrs2_v1/mvlrs_v1/main/6355115790967873574/00012.mp4,15,165,1.098090648651123,0.6743932004313383
56,3,/home/nabizadz/Projects/Mahsa/datasets/lrs2/lrs2_v1/mvlrs_v1/main/6355115790967873574/00029.mp4,134,284,1.4953563213348389,0.774888990681317
56,4,/home/nabizadz/Projects/Mahsa/datasets/lrs2/lrs2_v1/mvlrs_v1/main/6355115790967873574/00035.mp4,146,296,3.380002975463867,0.9879461375026225
56,5,/home/nabizadz/Projects/Mahsa/datasets/lrs2/lrs2_v1/mvlrs_v1/main/6355193100379206640/00008.mp4,4,154,1.1672182083129883,0.6038809999678281
56,6,/home/nabizadz/Projects/Mahsa/datasets/lrs2/lrs2_v1/mvlrs_v1/main/6355414720691614656/00013.mp4,148,298,4.266301155090332,0.9999999999999996
56,7,/home/nabizadz/Projects/Mahsa/datasets/lrs2/lrs2_v1/mvlrs_v1/main/6355459817848285433/00004.mp4,12,162,1.3929404020309448,0.7230231421948826
57,0,/home/nabizadz/Projects/Mahsa/datasets/lrs2/lrs2_v1/mvlrs_v1/main/6355459817848285433/00007.mp4,73,223,1.9523180723190308,0.9322236663964208
57,1,/home/nabizadz/Projects/Mahsa/datasets/lrs2/lrs2_v1/mvlrs_v1/main/6335003747610845928/00004.mp4,16,166,1.1874096393585205,0.5771826219704262
57,2,/home/nabizadz/Projects/Mahsa/datasets/lrs2/lrs2_v1/mvlrs_v1/main/6355544858200683461/00002.mp4,87,237,1.211804986000061,0.7842071309439532
57,3,/home/nabizadz/Projects/Mahsa/datasets/lrs2/lrs2_v1/mvlrs_v1/main/6355556454612448247/00010.mp4,7,157,1.1909366846084595,0.7052867800475906
57,4,/home/nabizadz/Projects/Mahsa/datasets/lrs2/lrs2_v1/mvlrs_v1/main/6355556454612448247/00016.mp4,13,163,1.1210181713104248,0.5015735516272367
57,5,/home/nabizadz/Projects/Mahsa/datasets/lrs2/lrs2_v1/mvlrs_v1/main/6355556454612448247/00018.mp4,57,207,1.5541739463806152,0.792873866006642
57,6,/home/nabizadz/Projects/Mahsa/datasets/lrs2/lrs2_v1/mvlrs_v1/main/6355568051024147448/00003.mp4,95,245,1.5414657592773438,0.7703455570243009
57,7,/home/nabizadz/Projects/Mahsa/datasets/lrs2/lrs2_v1/mvlrs_v1/main/6355568051024147448/00012.mp4,44,194,1.196153998374939,0.5959105203763073
58,0,/home/nabizadz/Projects/Mahsa/datasets/lrs2/lrs2_v1/mvlrs_v1/main/6355568051024147448/00016.mp4,68,218,1.637391448020935,0.7744624324385169
58,1,/home/nabizadz/Projects/Mahsa/datasets/lrs2/lrs2_v1/mvlrs_v1/main/6355788382846429521/00004.mp4,52,202,1.4067103862762451,0.7683421701979901
58,2,/home/nabizadz/Projects/Mahsa/datasets/lrs2/lrs2_v1/mvlrs_v1/main/6355788382846429521/00005.mp4,118,268,2.5698986053466797,0.9753693780304735
58,3,/home/nabizadz/Projects/Mahsa/datasets/lrs2/lrs2_v1/mvlrs_v1/main/6355788382846429521/00010.mp4,93,243,1.531815767288208,0.8126361930321593
58,4,/home/nabizadz/Projects/Mahsa/datasets/lrs2/lrs2_v1/mvlrs_v1/main/6335003747610845928/00009.mp4,3,153,1.3870537281036377,0.78178985261567
58,5,/home/nabizadz/Projects/Mahsa/datasets/lrs2/lrs2_v1/mvlrs_v1/main/6355830903022659925/00014.mp4,136,286,2.8858962059020996,0.970023739973834
58,6,/home/nabizadz/Projects/Mahsa/datasets/lrs2/lrs2_v1/mvlrs_v1/main/6355861826787125225/00006.mp4,19,169,1.2278181314468384,0.7336196737222177
58,7,/home/nabizadz/Projects/Mahsa/datasets/lrs2/lrs2_v1/mvlrs_v1/main/6355861826787125225/00010.mp4,30,180,1.0727300643920898,0.6446619141470199
59,0,/home/nabizadz/Projects/Mahsa/datasets/lrs2/lrs2_v1/mvlrs_v1/main/6355861826787125225/00011.mp4,80,230,1.2390886545181274,0.7913373570539215
59,1,/home/nabizadz/Projects/Mahsa/datasets/lrs2/lrs2_v1/mvlrs_v1/main/6355861826787125225/00019.mp4,64,214,1.372567057609558,0.7243329793962011
59,2,/home/nabizadz/Projects/Mahsa/datasets/lrs2/lrs2_v1/mvlrs_v1/main/6355861826787125225/00037.mp4,111,261,3.8765599727630615,1.0
59,3,/home/nabizadz/Projects/Mahsa/datasets/lrs2/lrs2_v1/mvlrs_v1/main/6356201988197034394/00007.mp4,85,235,1.7960888147354126,0.8744261705399045
59,4,/home/nabizadz/Projects/Mahsa/datasets/lrs2/lrs2_v1/mvlrs_v1/main/6356201988197034394/00018.mp4,140,290,4.086974143981934,0.9999999999999999
59,5,/home/nabizadz/Projects/Mahsa/datasets/lrs2/lrs2_v1/mvlrs_v1/main/6356201988197034394/00026.mp4,75,225,1.7116060256958008,0.779397541603659
59,6,/home/nabizadz/Projects/Mahsa/datasets/lrs2/lrs2_v1/mvlrs_v1/main/6356201988197034394/00031.mp4,32,182,1.127045750617981,0.5362116724660205
59,7,/home/nabizadz/Projects/Mahsa/datasets/lrs2/lrs2_v1/mvlrs_v1/main/6335003747610845928/00022.mp4,80,230,1.7899514436721802,0.9436990987179592
60,0,/home/nabizadz/Projects/Mahsa/datasets/lrs2/lrs2_v1/mvlrs_v1/main/6356201988197034394/00034.mp4,33,183,1.1796902418136597,0.6468001393326543
60,1,/home/nabizadz/Projects/Mahsa/datasets/lrs2/lrs2_v1/mvlrs_v1/main/6356201988197034394/00044.mp4,11,161,1.1342871189117432,0.538182799123777
60,2,/home/nabizadz/Projects/Mahsa/datasets/lrs2/lrs2_v1/mvlrs_v1/main/6356232911961499649/00017.mp4,146,296,1.4133890867233276,0.8302006645987905
60,3,/home/nabizadz/Projects/Mahsa/datasets/lrs2/lrs2_v1/mvlrs_v1/main/6356232911961499649/00026.mp4,122,272,3.9909961223602295,1.0
60,4,/home/nabizadz/Projects/Mahsa/datasets/lrs2/lrs2_v1/mvlrs_v1/main/6356530553195113872/00001.mp4,105,255,1.73470139503479,0.8481652646045571
60,5,/home/nabizadz/Projects/Mahsa/datasets/lrs2/lrs2_v1/mvlrs_v1/main/6356530553195178439/00012.mp4,97,247,2.0740907192230225,0.9119685263202982
60,6,/home/nabizadz/Projects/Mahsa/datasets/lrs2/lrs2_v1/mvlrs_v1/main/6356530553195178439/00014.mp4,114,264,3.910845994949341,1.0
60,7,/home/nabizadz/Projects/Mahsa/datasets/lrs2/lrs2_v1/mvlrs_v1/main/6356573073371408843/00023.mp4,116,266,3.7405948638916016,0.9999999999999998
61,0,/home/nabizadz/Projects/Mahsa/datasets/lrs2/lrs2_v1/mvlrs_v1/main/6356573073371408843/00033.mp4,69,219,1.7851512432098389,0.9172110577600742
61,1,/home/nabizadz/Projects/Mahsa/datasets/lrs2/lrs2_v1/mvlrs_v1/main/6356573073371408843/00041.mp4,138,288,4.110172748565674,0.9999999999999998
61,2,/home/nabizadz/Projects/Mahsa/datasets/lrs2/lrs2_v1/mvlrs_v1/main/6335003747610845928/00045.mp4,82,232,1.4642882347106934,0.7356425595435473
61,3,/home/nabizadz/Projects/Mahsa/datasets/lrs2/lrs2_v1/mvlrs_v1/main/6356573073371408843/00045.mp4,95,245,1.2566183805465698,0.7400880679354233
61,4,/home/nabizadz/Projects/Mahsa/datasets/lrs2/lrs2_v1/mvlrs_v1/main/6356603997135874072/00027.mp4,72,222,1.2996649742126465,0.8947704981824703
61,5,/home/nabizadz/Projects/Mahsa/datasets/lrs2/lrs2_v1/mvlrs_v1/main/6356619459018205648/00002.mp4,149,299,4.26950740814209,0.9999999999999999
61,6,/home/nabizadz/Projects/Mahsa/datasets/lrs2/lrs2_v1/mvlrs_v1/main/6356619459018205648/00015.mp4,86,236,1.3037056922912598,0.7603583174274089
61,7,/home/nabizadz/Projects/Mahsa/datasets/lrs2/lrs2_v1/mvlrs_v1/main/6356878445546153116/00001.mp4,116,266,3.924088716506958,0.9999999999999998
62,0,/home/nabizadz/Projects/Mahsa/datasets/lrs2/lrs2_v1/mvlrs_v1/main/6356878445546153116/00004.mp4,138,288,4.174962043762207,0.9999999999999993
62,1,/home/nabizadz/Projects/Mahsa/datasets/lrs2/lrs2_v1/mvlrs_v1/main/6356878445546153116/00008.mp4,110,260,1.6003230810165405,0.8821924267104065
62,2,/home/nabizadz/Projects/Mahsa/datasets/lrs2/lrs2_v1/mvlrs_v1/main/6356878445546153116/00011.mp4,120,270,1.2140456438064575,0.7068416741254747
62,3,/home/nabizadz/Projects/Mahsa/datasets/lrs2/lrs2_v1/mvlrs_v1/main/6356878445546153116/00012.mp4,30,180,1.1080896854400635,0.6851018710472725
62,4,/home/nabizadz/Projects/Mahsa/datasets/lrs2/lrs2_v1/mvlrs_v1/main/6356901638369488289/00018.mp4,89,239,1.638805627822876,0.8441050020213734
62,5,/home/nabizadz/Projects/Mahsa/datasets/lrs2/lrs2_v1/mvlrs_v1/main/6335305254315087182/00011.mp4,103,253,1.4163469076156616,0.8689158804413951
62,6,/home/nabizadz/Projects/Mahsa/datasets/lrs2/lrs2_v1/mvlrs_v1/main/6356998275133646895/00004.mp4,107,257,3.612839460372925,0.9991116921604541
62,7,/home/nabizadz/Projects/Mahsa/datasets/lrs2/lrs2_v1/mvlrs_v1/main/6356998275133646895/00005.mp4,63,213,2.008932113647461,0.9641670865586983
63,0,/home/nabizadz/Projects/Mahsa/datasets/lrs2/lrs2_v1/mvlrs_v1/main/6357006006074844331/00003.mp4,19,169,1.0902959108352661,0.5442789541536531
63,1,/home/nabizadz/Projects/Mahsa/datasets/lrs2/lrs2_v1/mvlrs_v1/main/6357006006074844331/00008.mp4,61,211,1.1237949132919312,0.7371201650128935
63,2,/home/nabizadz/Projects/Mahsa/datasets/lrs2/lrs2_v1/mvlrs_v1/main/6357006006074844331/00011.mp4,22,172,1.1071033477783203,0.4992515001440865
63,3,/home/nabizadz/Projects/Mahsa/datasets/lrs2/lrs2_v1/mvlrs_v1/main/6357006006074844331/00013.mp4,132,282,1.4045778512954712,0.8451609883679738
63,4,/home/nabizadz/Projects/Mahsa/datasets/lrs2/lrs2_v1/mvlrs_v1/main/6357006006074844331/00015.mp4,87,237,1.8130788803100586,0.7890220971249676
63,5,/home/nabizadz/Projects/Mahsa/datasets/lrs2/lrs2_v1/mvlrs_v1/main/6357353898425821669/00007.mp4,79,229,1.9966716766357422,0.8920464745436345
63,6,/home/nabizadz/Projects/Mahsa/datasets/lrs2/lrs2_v1/mvlrs_v1/main/6357353898425821669/00020.mp4,33,183,1.2959017753601074,0.6850669452779717
63,7,/home/nabizadz/Projects/Mahsa/datasets/lrs2/lrs2_v1/mvlrs_v1/main/6357353898425821669/00021.mp4,0,150,1.0624723434448242,0.45309345019349556
64,0,/home/nabizadz/Projects/Mahsa/datasets/lrs2/lrs2_v1/mvlrs_v1/main/6335305254315087182/00012.mp4,77,227,1.161960244178772,0.7387604215042336
64,1,/home/nabizadz/Projects/Mahsa/datasets/lrs2/lrs2_v1/mvlrs_v1/main/6357353898425821669/00030.mp4,86,236,1.331409215927124,0.8094044238416611
64,2,/home/nabizadz/Projects/Mahsa/datasets/lrs2/lrs2_v1/mvlrs_v1/main/6357353898425821669/00040.mp4,32,182,1.555432677268982,0.7895397541829823
64,3,/home/nabizadz/Projects/Mahsa/datasets/lrs2/lrs2_v1/mvlrs_v1/main/6357353898425821669/00042.mp4,102,252,2.3348515033721924,0.9007935271238365
64,4,/home/nabizadz/Projects/Mahsa/datasets/lrs2/lrs2_v1/mvlrs_v1/main/6357353898425821669/00043.mp4,110,260,3.828137159347534,0.9999999999999994
64,5,/home/nabizadz/Projects/Mahsa/datasets/lrs2/lrs2_v1/mvlrs_v1/main/6357701790776745251/00005.mp4,136,286,2.2901384830474854,0.8824591702024897
64,6,/home/nabizadz/Projects/Mahsa/datasets/lrs2/lrs2_v1/mvlrs_v1/main/6357701790776745251/00011.mp4,113,263,2.448397636413574,0.9118539124930336
64,7,/home/nabizadz/Projects/Mahsa/datasets/lrs2/lrs2_v1/mvlrs_v1/main/6357701790776745251/00013.mp4,49,199,1.6574485301971436,0.8565641012539937
65,0,/home/nabizadz/Projects/Mahsa/datasets/lrs2/lrs2_v1/mvlrs_v1/main/6357701790776745251/00016.mp4,15,165,1.164961576461792,0.5536849546344725
65,1,/home/nabizadz/Projects/Mahsa/datasets/lrs2/lrs2_v1/mvlrs_v1/main/6357701790776745251/00017.mp4,110,260,2.064366102218628,0.9488995789689882
65,2,/home/nabizadz/Projects/Mahsa/datasets/lrs2/lrs2_v1/mvlrs_v1/main/6357701790776745251/00021.mp4,146,296,3.8329126834869385,0.9982270130524629
65,3,/home/nabizadz/Projects/Mahsa/datasets/lrs2/lrs2_v1/mvlrs_v1/main/6335305254315087182/00014.mp4,113,263,1.3593940734863281,0.6914998158300659
65,4,/home/nabizadz/Projects/Mahsa/datasets/lrs2/lrs2_v1/mvlrs_v1/main/6357714675678689620/00002.mp4,68,218,1.4086319208145142,0.7081533520860726
65,5,/home/nabizadz/Projects/Mahsa/datasets/lrs2/lrs2_v1/mvlrs_v1/main/6357714675678689620/00010.mp4,65,215,1.1588952541351318,0.7364095888786073
65,6,/home/nabizadz/Projects/Mahsa/datasets/lrs2/lrs2_v1/mvlrs_v1/main/6357714675678689620/00025.mp4,33,183,1.1632475852966309,0.7230727860129202
65,7,/home/nabizadz/Projects/Mahsa/datasets/lrs2/lrs2_v1/mvlrs_v1/main/6357714675678689620/00029.mp4,42,192,1.3518866300582886,0.7209915675596793
66,0,/home/nabizadz/Projects/Mahsa/datasets/lrs2/lrs2_v1/mvlrs_v1/main/6357714675678689620/00030.mp4,33,183,1.261012315750122,0.7480962747168882
66,1,/home/nabizadz/Projects/Mahsa/datasets/lrs2/lrs2_v1/mvlrs_v1/main/6357798427540961623/00008.mp4,36,186,1.164941430091858,0.6486148735068471
66,2,/home/nabizadz/Projects/Mahsa/datasets/lrs2/lrs2_v1/mvlrs_v1/main/6357798427540961623/00014.mp4,39,189,1.1807512044906616,0.7458703196979732
66,3,/home/nabizadz/Projects/Mahsa/datasets/lrs2/lrs2_v1/mvlrs_v1/main/6357798427540961623/00015.mp4,6,156,1.060370922088623,0.5236654537099283
66,4,/home/nabizadz/Projects/Mahsa/datasets/lrs2/lrs2_v1/mvlrs_v1/main/6358014893892677091/00008.mp4,46,196,1.1597591638565063,0.6727851473968129
66,5,/home/nabizadz/Projects/Mahsa/datasets/lrs2/lrs2_v1/mvlrs_v1/main/6358057414068907495/00002.mp4,143,293,4.113126277923584,0.9999999999999998
66,6,/home/nabizadz/Projects/Mahsa/datasets/lrs2/lrs2_v1/mvlrs_v1/main/6335305254315087182/00017.mp4,76,226,1.3539416790008545,0.878521714725662
66,7,/home/nabizadz/Projects/Mahsa/datasets/lrs2/lrs2_v1/mvlrs_v1/main/6358057414068907495/00013.mp4,90,240,1.8804112672805786,0.9309317151991121
67,0,/home/nabizadz/Projects/Mahsa/datasets/lrs2/lrs2_v1/mvlrs_v1/main/6358088337833374405/00011.mp4,22,172,1.0343598127365112,0.6128034944117483
67,1,/home/nabizadz/Projects/Mahsa/datasets/lrs2/lrs2_v1/mvlrs_v1/main/6358088337833374405/00015.mp4,54,204,1.1680681705474854,0.7069591422280596
67,2,/home/nabizadz/Projects/Mahsa/datasets/lrs2/lrs2_v1/mvlrs_v1/main/6358111530656837102/00002.mp4,50,200,1.183994174003601,0.5865129239959681
67,3,/home/nabizadz/Projects/Mahsa/datasets/lrs2/lrs2_v1/mvlrs_v1/main/6358428499243281970/00022.mp4,94,244,2.980583667755127,0.974860161907493
67,4,/home/nabizadz/Projects/Mahsa/datasets/lrs2/lrs2_v1/mvlrs_v1/main/6358428499243281970/00024.mp4,95,245,1.3792535066604614,0.7020894916146984
67,5,/home/nabizadz/Projects/Mahsa/datasets/lrs2/lrs2_v1/mvlrs_v1/main/6358428499243281970/00026.mp4,63,213,1.2531967163085938,0.7040702279471203
67,6,/home/nabizadz/Projects/Mahsa/datasets/lrs2/lrs2_v1/mvlrs_v1/main/6358428499243281970/00028.mp4,97,247,2.9429242610931396,0.9996926855618569
67,7,/home/nabizadz/Projects/Mahsa/datasets/lrs2/lrs2_v1/mvlrs_v1/main/6358428499243281970/00032.mp4,37,187,1.511605143547058,0.6713721321972292
68,0,/home/nabizadz/Projects/Mahsa/datasets/lrs2/lrs2_v1/mvlrs_v1/main/6358459423007748830/00001.mp4,31,181,1.118121862411499,0.660415435255854
68,1,/home/nabizadz/Projects/Mahsa/datasets/lrs2/lrs2_v1/mvlrs_v1/main/6335305254315087182/00028.mp4,9,159,1.128677248954773,0.5940332015775039
68,2,/home/nabizadz/Projects/Mahsa/datasets/lrs2/lrs2_v1/mvlrs_v1/main/6358474884890078775/00004.mp4,96,246,3.6514203548431396,0.9999999999999999
68,3,/home/nabizadz/Projects/Mahsa/datasets/lrs2/lrs2_v1/mvlrs_v1/main/6358474884890078775/00013.mp4,82,232,1.3514199256896973,0.8225296383772523
68,4,/home/nabizadz/Projects/Mahsa/datasets/lrs2/lrs2_v1/mvlrs_v1/main/6358757064241425994/00003.mp4,45,195,1.1545335054397583,0.51871170168817
68,5,/home/nabizadz/Projects/Mahsa/datasets/lrs2/lrs2_v1/mvlrs_v1/main/6358830508182123252/00005.mp4,98,248,1.1836076974868774,0.7504887642361769
68,6,/home/nabizadz/Projects/Mahsa/datasets/lrs2/lrs2_v1/mvlrs_v1/main/6358830508182123252/00017.mp4,16,166,1.0773471593856812,0.5874967596432702
68,7,/home/nabizadz/Projects/Mahsa/datasets/lrs2/lrs2_v1/mvlrs_v1/main/6358830508182123252/00029.mp4,23,173,1.1751435995101929,0.6772867141372598
69,0,/home/nabizadz/Projects/Mahsa/datasets/lrs2/lrs2_v1/mvlrs_v1/main/6359128149415800422/00006.mp4,148,298,2.1787595748901367,0.8670427211790199
69,1,/home/nabizadz/Projects/Mahsa/datasets/lrs2/lrs2_v1/mvlrs_v1/main/6359201593356497677/00023.mp4,3,153,1.054427146911621,0.5473260719310108
69,2,/home/nabizadz/Projects/Mahsa/datasets/lrs2/lrs2_v1/mvlrs_v1/main/6359499234590174850/00009.mp4,21,171,1.12626314163208,0.37055416976383176
69,3,/home/nabizadz/Projects/Mahsa/datasets/lrs2/lrs2_v1/mvlrs_v1/main/6359541754766405254/00018.mp4,7,157,1.142307996749878,0.6584136471362732
69,4,/home/nabizadz/Projects/Mahsa/datasets/lrs2/lrs2_v1/mvlrs_v1/main/6331559613336179781/00021.mp4,68,218,1.5752979516983032,0.7844955807468671
69,5,/home/nabizadz/Projects/Mahsa/datasets/lrs2/lrs2_v1/mvlrs_v1/main/6335305254315087182/00032.mp4,66,216,1.4451789855957031,0.7133309998077503
69,6,/home/nabizadz/Projects/Mahsa/datasets/lrs2/lrs2_v1/mvlrs_v1/main/6359541754766405254/00020.mp4,82,232,1.4108480215072632,0.8859755304741415
69,7,/home/nabizadz/Projects/Mahsa/datasets/lrs2/lrs2_v1/mvlrs_v1/main/6359564947589739760/00035.mp4,11,161,1.118651032447815,0.6128342481079136
70,0,/home/nabizadz/Projects/Mahsa/datasets/lrs2/lrs2_v1/mvlrs_v1/main/6359564947589739760/00043.mp4,80,230,1.3249847888946533,0.8653737570841243
70,1,/home/nabizadz/Projects/Mahsa/datasets/lrs2/lrs2_v1/mvlrs_v1/main/6359580409472005362/00001.mp4,31,181,1.3186211585998535,0.6401478159819699
70,2,/home/nabizadz/Projects/Mahsa/datasets/lrs2/lrs2_v1/mvlrs_v1/main/6359580409472005362/00002.mp4,137,287,2.6872193813323975,0.9796158876397681
70,3,/home/nabizadz/Projects/Mahsa/datasets/lrs2/lrs2_v1/mvlrs_v1/main/6359580409472005362/00006.mp4,14,164,1.1637781858444214,0.5020279016752618
70,4,/home/nabizadz/Projects/Mahsa/datasets/lrs2/lrs2_v1/mvlrs_v1/main/6359580409472005362/00011.mp4,33,183,1.7674188613891602,0.8624559382115793
70,5,/home/nabizadz/Projects/Mahsa/datasets/lrs2/lrs2_v1/mvlrs_v1/main/6359588140413215496/00004.mp4,130,280,4.0524492263793945,0.9999999999999996
70,6,/home/nabizadz/Projects/Mahsa/datasets/lrs2/lrs2_v1/mvlrs_v1/main/6359603602295467662/00003.mp4,34,184,1.0613281726837158,0.6372870545984253
70,7,/home/nabizadz/Projects/Mahsa/datasets/lrs2/lrs2_v1/mvlrs_v1/main/6359603602295467662/00006.mp4,25,175,1.3610433340072632,0.6448593926631041
71,0,/home/nabizadz/Projects/Mahsa/datasets/lrs2/lrs2_v1/mvlrs_v1/main/6335305254315087182/00035.mp4,54,204,1.3343334197998047,0.7025237254349664
71,1,/home/nabizadz/Projects/Mahsa/datasets/lrs2/lrs2_v1/mvlrs_v1/main/6359603602295467662/00012.mp4,105,255,3.806520938873291,0.9999999999999998
71,2,/home/nabizadz/Projects/Mahsa/datasets/lrs2/lrs2_v1/mvlrs_v1/main/6359951494646443684/00007.mp4,80,230,1.308829426765442,0.8391902492666061
71,3,/home/nabizadz/Projects/Mahsa/datasets/lrs2/lrs2_v1/mvlrs_v1/main/6359982418410974886/00001.mp4,83,233,1.4500958919525146,0.7859178248497278
71,4,/home/nabizadz/Projects/Mahsa/datasets/lrs2/lrs2_v1/mvlrs_v1/main/6359982418410974886/00003.mp4,16,166,1.0611709356307983,0.3828284641125376
71,5,/home/nabizadz/Projects/Mahsa/datasets/lrs2/lrs2_v1/mvlrs_v1/main/6360322579951237696/00001.mp4,95,245,3.5443921089172363,0.9990500092976344
71,6,/home/nabizadz/Projects/Mahsa/datasets/lrs2/lrs2_v1/mvlrs_v1/main/6360322579951237696/00002.mp4,36,186,1.181373119354248,0.6477663487767976
71,7,/home/nabizadz/Projects/Mahsa/datasets/lrs2/lrs2_v1/mvlrs_v1/main/6360322579951237696/00023.mp4,105,255,1.7954094409942627,0.9266286444200503
72,0,/home/nabizadz/Projects/Mahsa/datasets/lrs2/lrs2_v1/mvlrs_v1/main/6360322579951237696/00025.mp4,34,184,1.0954327583312988,0.5180880810788172
72,1,/home/nabizadz/Projects/Mahsa/datasets/lrs2/lrs2_v1/mvlrs_v1/main/6360322579951237696/00027.mp4,105,255,2.898787021636963,0.9907387662456492
72,2,/home/nabizadz/Projects/Mahsa/datasets/lrs2/lrs2_v1/mvlrs_v1/main/6360327733781577947/00015.mp4,75,225,1.9374748468399048,0.940841330491039
72,3,/home/nabizadz/Projects/Mahsa/datasets/lrs2/lrs2_v1/mvlrs_v1/main/6335305254315087182/00036.mp4,70,220,1.3547226190567017,0.753058039549055
72,4,/home/nabizadz/Projects/Mahsa/datasets/lrs2/lrs2_v1/mvlrs_v1/main/6360322579951237696/00004.mp4,147,297,1.3795218467712402,0.818184977687219
72,5,/home/nabizadz/Projects/Mahsa/datasets/lrs2/lrs2_v1/mvlrs_v1/main/6360322579951237696/00006.mp4,103,253,1.5035185813903809,0.8137963266621986
72,6,/home/nabizadz/Projects/Mahsa/datasets/lrs2/lrs2_v1/mvlrs_v1/main/6360322579951237696/00016.mp4,26,176,1.112706184387207,0.7128273145934344
72,7,/home/nabizadz/Projects/Mahsa/datasets/lrs2/lrs2_v1/mvlrs_v1/main/6360322579951237696/00017.mp4,86,236,3.498142957687378,0.9999363807439
73,0,/home/nabizadz/Projects/Mahsa/datasets/lrs2/lrs2_v1/mvlrs_v1/main/6360393446781206759/00013.mp4,70,220,1.6884592771530151,0.8708725472152001
73,1,/home/nabizadz/Projects/Mahsa/datasets/lrs2/lrs2_v1/mvlrs_v1/main/6360393446781206759/00015.mp4,103,253,2.1802849769592285,0.9549173422949234
73,2,/home/nabizadz/Projects/Mahsa/datasets/lrs2/lrs2_v1/mvlrs_v1/main/6360393446781206759/00017.mp4,103,253,3.7648284435272217,1.0
73,3,/home/nabizadz/Projects/Mahsa/datasets/lrs2/lrs2_v1/mvlrs_v1/main/6360612490113299870/00013.mp4,112,262,1.7904287576675415,0.9382575606142673
73,4,/home/nabizadz/Projects/Mahsa/datasets/lrs2/lrs2_v1/mvlrs_v1/main/6360327733781577947/00016.mp4,143,293,3.0155880451202393,0.9676078853779017
73,5,/home/nabizadz/Projects/Mahsa/datasets/lrs2/lrs2_v1/mvlrs_v1/main/6360327733781577947/00020.mp4,10,160,1.054208517074585,0.35510068927130917
73,6,/home/nabizadz/Projects/Mahsa/datasets/lrs2/lrs2_v1/mvlrs_v1/main/6335305254315087182/00057.mp4,88,238,1.3560479879379272,0.7246673978455959
73,7,/home/nabizadz/Projects/Mahsa/datasets/lrs2/lrs2_v1/mvlrs_v1/main/6360393446781206759/00004.mp4,122,272,2.1230804920196533,0.9307045984691342
74,0,/home/nabizadz/Projects/Mahsa/datasets/lrs2/lrs2_v1/mvlrs_v1/main/6360393446781206759/00011.mp4,106,256,2.098956823348999,0.8453045697422078
74,1,/home/nabizadz/Projects/Mahsa/datasets/lrs2/lrs2_v1/mvlrs_v1/main/6360612490113299870/00017.mp4,5,155,1.0585447549819946,0.42384152425603266
74,2,/home/nabizadz/Projects/Mahsa/datasets/lrs2/lrs2_v1/mvlrs_v1/main/6360685934053997353/00007.mp4,135,285,1.2829673290252686,0.6670457650041893
74,3,/home/nabizadz/Projects/Mahsa/datasets/lrs2/lrs2_v1/mvlrs_v1/main/6360709126877459881/00008.mp4,138,288,4.136992931365967,0.9999999999999999
74,4,/home/nabizadz/Projects/Mahsa/datasets/lrs2/lrs2_v1/mvlrs_v1/main/6360709126877459881/00010.mp4,4,154,1.1158138513565063,0.6434672009235736
74,5,/home/nabizadz/Projects/Mahsa/datasets/lrs2/lrs2_v1/mvlrs_v1/main/6360709126877459881/00011.mp4,3,153,1.048296570777893,0.520910970080322
74,6,/home/nabizadz/Projects/Mahsa/datasets/lrs2/lrs2_v1/mvlrs_v1/main/6360740050641926958/00002.mp4,95,245,1.527947187423706,0.8502521693667989
74,7,/home/nabizadz/Projects/Mahsa/datasets/lrs2/lrs2_v1/mvlrs_v1/main/6360740050641926958/00004.mp4,89,239,1.2580556869506836,0.8023387666278826
75,0,/home/nabizadz/Projects/Mahsa/datasets/lrs2/lrs2_v1/mvlrs_v1/main/6360983575287674299/00011.mp4,43,193,1.3285715579986572,0.7120674314595012
75,1,/home/nabizadz/Projects/Mahsa/datasets/lrs2/lrs2_v1/mvlrs_v1/main/6335305254315087182/00058.mp4,85,235,1.4213947057724,0.848995254178605
75,2,/home/nabizadz/Projects/Mahsa/datasets/lrs2/lrs2_v1/mvlrs_v1/main/6361354660462048727/00006.mp4,121,271,3.9349827766418457,0.9999999999999999
75,3,/home/nabizadz/Projects/Mahsa/datasets/lrs2/lrs2_v1/mvlrs_v1/main/6361354660462048727/00012.mp4,27,177,1.1463844776153564,0.5798564887320294
75,4,/home/nabizadz/Projects/Mahsa/datasets/lrs2/lrs2_v1/mvlrs_v1/main/6361428104402746195/00007.mp4,85,235,2.9442381858825684,0.9970035014558989
75,5,/home/nabizadz/Projects/Mahsa/datasets/lrs2/lrs2_v1/mvlrs_v1/main/6361725745636423155/00006.mp4,5,155,1.0635045766830444,0.5068028564798468
75,6,/home/nabizadz/Projects/Mahsa/datasets/lrs2/lrs2_v1/mvlrs_v1/main/6361028672444286629/00005.mp4,45,195,1.4503989219665527,0.8082316046737329
75,7,/home/nabizadz/Projects/Mahsa/datasets/lrs2/lrs2_v1/mvlrs_v1/main/6361028672444286629/00010.mp4,135,285,4.116206169128418,0.9999999999999996
76,0,/home/nabizadz/Projects/Mahsa/datasets/lrs2/lrs2_v1/mvlrs_v1/main/6361028672444286629/00023.mp4,92,242,2.6710236072540283,0.9861093833552458
76,1,/home/nabizadz/Projects/Mahsa/datasets/lrs2/lrs2_v1/mvlrs_v1/main/6361028672444286629/00026.mp4,70,220,1.4497218132019043,0.8511434459007533
76,2,/home/nabizadz/Projects/Mahsa/datasets/lrs2/lrs2_v1/mvlrs_v1/main/6361725745636423155/00010.mp4,30,180,1.0799057483673096,0.5632781788521939
76,3,/home/nabizadz/Projects/Mahsa/datasets/lrs2/lrs2_v1/mvlrs_v1/main/6361725745636423155/00012.mp4,60,210,1.176317811012268,0.6492344552357665
76,4,/home/nabizadz/Projects/Mahsa/datasets/lrs2/lrs2_v1/mvlrs_v1/main/6335676339489461610/00002.mp4,45,195,1.3858535289764404,0.6309537227347749
76,5,/home/nabizadz/Projects/Mahsa/datasets/lrs2/lrs2_v1/mvlrs_v1/main/6361725745636423155/00013.mp4,32,182,1.0919939279556274,0.544533622775454
76,6,/home/nabizadz/Projects/Mahsa/datasets/lrs2/lrs2_v1/mvlrs_v1/main/6361799189577120616/00001.mp4,1,151,1.1152846813201904,0.6851751056006289
76,7,/home/nabizadz/Projects/Mahsa/datasets/lrs2/lrs2_v1/mvlrs_v1/main/6361799189577120616/00005.mp4,56,206,1.3823628425598145,0.8275846317813893
77,0,/home/nabizadz/Projects/Mahsa/datasets/lrs2/lrs2_v1/mvlrs_v1/main/6361814651459450364/00025.mp4,116,266,1.3878333568572998,0.910698237989103
77,1,/home/nabizadz/Projects/Mahsa/datasets/lrs2/lrs2_v1/mvlrs_v1/main/6361822382531000645/00001.mp4,51,201,1.7634761333465576,0.7550108326873234
77,2,/home/nabizadz/Projects/Mahsa/datasets/lrs2/lrs2_v1/mvlrs_v1/main/6361822382531000645/00004.mp4,120,270,3.5780446529388428,0.9997930113516525
77,3,/home/nabizadz/Projects/Mahsa/datasets/lrs2/lrs2_v1/mvlrs_v1/main/6361822382531000645/00005.mp4,59,209,1.3765277862548828,0.7981918967494069
77,4,/home/nabizadz/Projects/Mahsa/datasets/lrs2/lrs2_v1/mvlrs_v1/main/6362096830810797583/00018.mp4,128,278,1.8685500621795654,0.8697425824117416
77,5,/home/nabizadz/Projects/Mahsa/datasets/lrs2/lrs2_v1/mvlrs_v1/main/6362096830810797583/00021.mp4,37,187,1.1750870943069458,0.6876173835423669
77,6,/home/nabizadz/Projects/Mahsa/datasets/lrs2/lrs2_v1/mvlrs_v1/main/6362143216457594387/00003.mp4,149,299,3.6107795238494873,0.9951242400541207
77,7,/home/nabizadz/Projects/Mahsa/datasets/lrs2/lrs2_v1/mvlrs_v1/main/6335676339489461610/00011.mp4,52,202,1.4997904300689697,0.7949291423820114
78,0,/home/nabizadz/Projects/Mahsa/datasets/lrs2/lrs2_v1/mvlrs_v1/main/6362143216457594387/00008.mp4,22,172,1.363333821296692,0.5318291320813173
78,1,/home/nabizadz/Projects/Mahsa/datasets/lrs2/lrs2_v1/mvlrs_v1/main/6362143216457594387/00021.mp4,73,223,1.5131521224975586,0.704909137012469
78,2,/home/nabizadz/Projects/Mahsa/datasets/lrs2/lrs2_v1/mvlrs_v1/main/6362143216457594387/00025.mp4,78,228,2.1866614818573,0.9442135323092828
78,3,/home/nabizadz/Projects/Mahsa/datasets/lrs2/lrs2_v1/mvlrs_v1/main/6362162543810362236/00006.mp4,80,230,1.162703037261963,0.7707018409363475
78,4,/home/nabizadz/Projects/Mahsa/datasets/lrs2/lrs2_v1/mvlrs_v1/main/6362193467574893437/00002.mp4,27,177,1.5194556713104248,0.8023023229067374
78,5,/home/nabizadz/Projects/Mahsa/datasets/lrs2/lrs2_v1/mvlrs_v1/main/6362193467574893437/00007.mp4,118,268,3.9027388095855713,0.9999999999999998
78,6,/home/nabizadz/Projects/Mahsa/datasets/lrs2/lrs2_v1/mvlrs_v1/main/6362460185044046481/00014.mp4,52,202,1.6895041465759277,0.799073487504477
78,7,/home/nabizadz/Projects/Mahsa/datasets/lrs2/lrs2_v1/mvlrs_v1/main/6362460185044046481/00024.mp4,46,196,1.803044319152832,0.814381003141064
79,0,/home/nabizadz/Projects/Mahsa/datasets/lrs2/lrs2_v1/mvlrs_v1/main/6362162543810362236/00008.mp4,100,250,1.4833292961120605,0.7893911416546245
79,1,/home/nabizadz/Projects/Mahsa/datasets/lrs2/lrs2_v1/mvlrs_v1/main/6362162543810362236/00034.mp4,138,288,4.154942035675049,0.9999999999999998
79,2,/home/nabizadz/Projects/Mahsa/datasets/lrs2/lrs2_v1/mvlrs_v1/main/6335676339489461610/00014.mp4,44,194,1.2507494688034058,0.7593399699284242
79,3,/home/nabizadz/Projects/Mahsa/datasets/lrs2/lrs2_v1/mvlrs_v1/main/6362162543810362236/00046.mp4,135,285,1.6623644828796387,0.8480270288290616
79,4,/home/nabizadz/Projects/Mahsa/datasets/lrs2/lrs2_v1/mvlrs_v1/main/6362162543810362236/00053.mp4,74,224,1.2579008340835571,0.7296859834304295
79,5,/home/nabizadz/Projects/Mahsa/datasets/lrs2/lrs2_v1/mvlrs_v1/main/6362460185044046481/00028.mp4,17,167,1.0461194515228271,0.35825451179035744
79,6,/home/nabizadz/Projects/Mahsa/datasets/lrs2/lrs2_v1/mvlrs_v1/main/6362546513886688816/00002.mp4,141,291,3.9105889797210693,0.9997286038447194
79,7,/home/nabizadz/Projects/Mahsa/datasets/lrs2/lrs2_v1/mvlrs_v1/main/6362546513886688816/00003.mp4,92,242,1.4151681661605835,0.8505227382740402
80,0,/home/nabizadz/Projects/Mahsa/datasets/lrs2/lrs2_v1/mvlrs_v1/main/6362546513886688816/00004.mp4,54,204,1.8133668899536133,0.8820261152973239
80,1,/home/nabizadz/Projects/Mahsa/datasets/lrs2/lrs2_v1/mvlrs_v1/main/6362546513886688816/00008.mp4,96,246,1.5399935245513916,0.8455414762459201
80,2,/home/nabizadz/Projects/Mahsa/datasets/lrs2/lrs2_v1/mvlrs_v1/main/6362726902513062509/00003.mp4,100,250,3.8732919692993164,1.0
80,3,/home/nabizadz/Projects/Mahsa/datasets/lrs2/lrs2_v1/mvlrs_v1/main/6362726902513062509/00014.mp4,11,161,1.0876892805099487,0.6366039305150408
80,4,/home/nabizadz/Projects/Mahsa/datasets/lrs2/lrs2_v1/mvlrs_v1/main/6362913733590438579/00001.mp4,16,166,1.1409951448440552,0.68557568561314
80,5,/home/nabizadz/Projects/Mahsa/datasets/lrs2/lrs2_v1/mvlrs_v1/main/6335676339489461610/00030.mp4,149,299,4.222413539886475,0.9999999999999996
80,6,/home/nabizadz/Projects/Mahsa/datasets/lrs2/lrs2_v1/mvlrs_v1/main/6362913733590438579/00002.mp4,58,208,1.90923011302948,0.7635199168264285
80,7,/home/nabizadz/Projects/Mahsa/datasets/lrs2/lrs2_v1/mvlrs_v1/main/6362913733590438579/00010.mp4,40,190,1.2000088691711426,0.6177946344113143
81,0,/home/nabizadz/Projects/Mahsa/datasets/lrs2/lrs2_v1/mvlrs_v1/main/6362913733590438579/00044.mp4,49,199,1.3319910764694214,0.7590111191706239
81,1,/home/nabizadz/Projects/Mahsa/datasets/lrs2/lrs2_v1/mvlrs_v1/main/6362913733590438579/00048.mp4,116,266,1.284023404121399,0.7935451022853456
81,2,/home/nabizadz/Projects/Mahsa/datasets/lrs2/lrs2_v1/mvlrs_v1/main/6362913733590438579/00051.mp4,147,297,2.7188637256622314,0.9065033831202373
81,3,/home/nabizadz/Projects/Mahsa/datasets/lrs2/lrs2_v1/mvlrs_v1/main/6362913733590438579/00055.mp4,39,189,1.2837245464324951,0.7839022620176967
81,4,/home/nabizadz/Projects/Mahsa/datasets/lrs2/lrs2_v1/mvlrs_v1/main/6362913733590438579/00057.mp4,78,228,1.28993558883667,0.782583533677819
81,5,/home/nabizadz/Projects/Mahsa/datasets/lrs2/lrs2_v1/mvlrs_v1/main/6362913733590438579/00065.mp4,31,181,1.3398733139038086,0.7169941643273258
81,6,/home/nabizadz/Projects/Mahsa/datasets/lrs2/lrs2_v1/mvlrs_v1/main/6362913733590438579/00105.mp4,92,242,1.8050992488861084,0.9130589600908834
81,7,/home/nabizadz/Projects/Mahsa/datasets/lrs2/lrs2_v1/mvlrs_v1/main/6362913733590438579/00107.mp4,73,223,1.6167174577713013,0.9483468775427557
82,0,/home/nabizadz/Projects/Mahsa/datasets/lrs2/lrs2_v1/mvlrs_v1/main/6335676339489461610/00031.mp4,26,176,1.2526609897613525,0.711521980622266
82,1,/home/nabizadz/Projects/Mahsa/datasets/lrs2/lrs2_v1/mvlrs_v1/main/6362913733590438579/00110.mp4,74,224,1.383469581604004,0.7856724687066915
82,2,/home/nabizadz/Projects/Mahsa/datasets/lrs2/lrs2_v1/mvlrs_v1/main/6362913733590438579/00125.mp4,86,236,2.4281764030456543,0.9772210892763976
82,3,/home/nabizadz/Projects/Mahsa/datasets/lrs2/lrs2_v1/mvlrs_v1/main/6362913733590438579/00078.mp4,4,154,1.2146117687225342,0.7055987683250787
82,4,/home/nabizadz/Projects/Mahsa/datasets/lrs2/lrs2_v1/mvlrs_v1/main/6362913733590438579/00082.mp4,30,180,1.2410938739776611,0.856790206176981
82,5,/home/nabizadz/Projects/Mahsa/datasets/lrs2/lrs2_v1/mvlrs_v1/main/6362913733590438579/00092.mp4,2,152,1.129276990890503,0.5665161559788037
82,6,/home/nabizadz/Projects/Mahsa/datasets/lrs2/lrs2_v1/mvlrs_v1/main/6362913733590438579/00099.mp4,89,239,3.6502935886383057,0.9999999999999998
82,7,/home/nabizadz/Projects/Mahsa/datasets/lrs2/lrs2_v1/mvlrs_v1/main/6362913733590438579/00132.mp4,97,247,1.215112566947937,0.8454549376267734
83,0,/home/nabizadz/Projects/Mahsa/datasets/lrs2/lrs2_v1/mvlrs_v1/main/6362913733590438579/00134.mp4,140,290,1.2389081716537476,0.7457411552208023
83,1,/home/nabizadz/Projects/Mahsa/datasets/lrs2/lrs2_v1/mvlrs_v1/main/6362913733590438579/00138.mp4,133,283,1.6720904111862183,0.823243866511012
83,2,/home/nabizadz/Projects/Mahsa/datasets/lrs2/lrs2_v1/mvlrs_v1/main/6362913733590438579/00142.mp4,16,166,1.1212635040283203,0.5602293184125465
83,3,/home/nabizadz/Projects/Mahsa/datasets/lrs2/lrs2_v1/mvlrs_v1/main/6331559613336179781/00027.mp4,70,220,1.568605899810791,0.788813102205662
83,4,/home/nabizadz/Projects/Mahsa/datasets/lrs2/lrs2_v1/mvlrs_v1/main/6335676339489461610/00038.mp4,75,225,2.023932456970215,0.9024195656103734
83,5,/home/nabizadz/Projects/Mahsa/datasets/lrs2/lrs2_v1/mvlrs_v1/main/6362913733590438579/00145.mp4,146,296,4.324995517730713,0.9999999999999998
83,6,/home/nabizadz/Projects/Mahsa/datasets/lrs2/lrs2_v1/mvlrs_v1/main/6362913733590438579/00146.mp4,144,294,4.3454132080078125,1.0
83,7,/home/nabizadz/Projects/Mahsa/datasets/lrs2/lrs2_v1/mvlrs_v1/main/6362913733590438579/00147.mp4,98,248,3.883519172668457,1.0
84,0,/home/nabizadz/Projects/Mahsa/datasets/lrs2/lrs2_v1/mvlrs_v1/main/6362913733590438579/00153.mp4,30,180,1.1769859790802002,0.6017776086177005
84,1,/home/nabizadz/Projects/Mahsa/datasets/lrs2/lrs2_v1/mvlrs_v1/main/6362913733590438579/00185.mp4,121,271,3.987591028213501,0.9999999999999998
84,2,/home/nabizadz/Projects/Mahsa/datasets/lrs2/lrs2_v1/mvlrs_v1/main/6362913733590438579/00193.mp4,107,257,1.7904784679412842,0.9430614704872828
84,3,/home/nabizadz/Projects/Mahsa/datasets/lrs2/lrs2_v1/mvlrs_v1/main/6362913733590438579/00196.mp4,81,231,1.982485055923462,0.9149942538963995
84,4,/home/nabizadz/Projects/Mahsa/datasets/lrs2/lrs2_v1/mvlrs_v1/main/6362913733590438579/00199.mp4,63,213,1.539989709854126,0.903788796303092
84,5,/home/nabizadz/Projects/Mahsa/datasets/lrs2/lrs2_v1/mvlrs_v1/main/6362913733590438579/00156.mp4,137,287,2.1891050338745117,0.9750740883348327
84,6,/home/nabizadz/Projects/Mahsa/datasets/lrs2/lrs2_v1/mvlrs_v1/main/6362913733590438579/00158.mp4,141,291,1.8305320739746094,0.8997432356710777
84,7,/home/nabizadz/Projects/Mahsa/datasets/lrs2/lrs2_v1/mvlrs_v1/main/6335676339489461610/00042.mp4,58,208,1.653072476387024,0.8150071216700817
85,0,/home/nabizadz/Projects/Mahsa/datasets/lrs2/lrs2_v1/mvlrs_v1/main/6362913733590438579/00172.mp4,113,263,1.688311219215393,0.890780179372697
85,1,/home/nabizadz/Projects/Mahsa/datasets/lrs2/lrs2_v1/mvlrs_v1/main/6362913733590438579/00174.mp4,20,170,1.0796445608139038,0.653199818178942
85,2,/home/nabizadz/Projects/Mahsa/datasets/lrs2/lrs2_v1/mvlrs_v1/main/6362913733590438579/00204.mp4,124,274,3.90151047706604,1.0
85,3,/home/nabizadz/Projects/Mahsa/datasets/lrs2/lrs2_v1/mvlrs_v1/main/6362913733590438579/00207.mp4,27,177,1.0928434133529663,0.580360165637594
85,4,/home/nabizadz/Projects/Mahsa/datasets/lrs2/lrs2_v1/mvlrs_v1/main/6362913733590438579/00213.mp4,19,169,1.1028532981872559,0.6587361229182359
85,5,/home/nabizadz/Projects/Mahsa/datasets/lrs2/lrs2_v1/mvlrs_v1/main/6362913733590438579/00221.mp4,112,262,3.8839504718780518,0.9999969256955165
85,6,/home/nabizadz/Projects/Mahsa/datasets/lrs2/lrs2_v1/mvlrs_v1/main/6362913733590438579/00224.mp4,109,259,2.4393527507781982,0.9958364909950851
85,7,/home/nabizadz/Projects/Mahsa/datasets/lrs2/lrs2_v1/mvlrs_v1/main/6362925330002196038/00013.mp4,128,278,1.7616266012191772,0.8496462494603648
86,0,/home/nabizadz/Projects/Mahsa/datasets/lrs2/lrs2_v1/mvlrs_v1/main/6362925330002196038/00014.mp4,100,250,1.89180588722229,0.8534153436647137
86,1,/home/nabizadz/Projects/Mahsa/datasets/lrs2/lrs2_v1/mvlrs_v1/main/6362925330002196038/00021.mp4,9,159,1.0994560718536377,0.5334478314760683
86,2,/home/nabizadz/Projects/Mahsa/datasets/lrs2/lrs2_v1/mvlrs_v1/main/6335676339489461610/00070.mp4,1,151,1.1195201873779297,0.632903648149974
86,3,/home/nabizadz/Projects/Mahsa/datasets/lrs2/lrs2_v1/mvlrs_v1/main/6362958830877522951/00003.mp4,36,186,1.1411503553390503,0.6984182306614501
86,4,/home/nabizadz/Projects/Mahsa/datasets/lrs2/lrs2_v1/mvlrs_v1/main/6362958830877522951/00005.mp4,46,196,1.1600193977355957,0.6468756850334387
86,5,/home/nabizadz/Projects/Mahsa/datasets/lrs2/lrs2_v1/mvlrs_v1/main/6362958830877522951/00007.mp4,35,185,1.082833170890808,0.5448151003751321
86,6,/home/nabizadz/Projects/Mahsa/datasets/lrs2/lrs2_v1/mvlrs_v1/main/6362958830877522951/00008.mp4,123,273,1.9785823822021484,0.9217230642411189
86,7,/home/nabizadz/Projects/Mahsa/datasets/lrs2/lrs2_v1/mvlrs_v1/main/6362993619982210246/00002.mp4,74,224,1.8411805629730225,0.8821904244478985
87,0,/home/nabizadz/Projects/Mahsa/datasets/lrs2/lrs2_v1/mvlrs_v1/main/6363210086333922442/00011.mp4,142,292,2.0686609745025635,0.9418600807751919
87,1,/home/nabizadz/Projects/Mahsa/datasets/lrs2/lrs2_v1/mvlrs_v1/main/6363283530274620169/00005.mp4,75,225,1.2901073694229126,0.7267934832674637
87,2,/home/nabizadz/Projects/Mahsa/datasets/lrs2/lrs2_v1/mvlrs_v1/main/6363283530274620169/00012.mp4,95,245,1.408347249031067,0.7245361613980027
87,3,/home/nabizadz/Projects/Mahsa/datasets/lrs2/lrs2_v1/mvlrs_v1/main/6363283530274620169/00014.mp4,32,182,1.0976529121398926,0.6462567842043547
87,4,/home/nabizadz/Projects/Mahsa/datasets/lrs2/lrs2_v1/mvlrs_v1/main/6363306723098082453/00001.mp4,80,230,1.9254103899002075,0.900164967724285
87,5,/home/nabizadz/Projects/Mahsa/datasets/lrs2/lrs2_v1/mvlrs_v1/main/6335676339489461610/00071.mp4,46,196,1.2784563302993774,0.6591261586261823
87,6,/home/nabizadz/Projects/Mahsa/datasets/lrs2/lrs2_v1/mvlrs_v1/main/6363581171508296879/00005.mp4,74,224,2.3439831733703613,0.9986409758804127
87,7,/home/nabizadz/Projects/Mahsa/datasets/lrs2/lrs2_v1/mvlrs_v1/main/6363581171508296879/00006.mp4,143,293,4.035574913024902,0.9999999999999996
88,0,/home/nabizadz/Projects/Mahsa/datasets/lrs2/lrs2_v1/mvlrs_v1/main/6363654615448994597/00012.mp4,70,220,1.5437582731246948,0.8286542248573538
88,1,/home/nabizadz/Projects/Mahsa/datasets/lrs2/lrs2_v1/mvlrs_v1/main/6363654615448994597/00013.mp4,36,186,1.107709527015686,0.653518333291575
88,2,/home/nabizadz/Projects/Mahsa/datasets/lrs2/lrs2_v1/mvlrs_v1/main/6363654615448994597/00015.mp4,11,161,1.4113166332244873,0.7966985763184636
88,3,/home/nabizadz/Projects/Mahsa/datasets/lrs2/lrs2_v1/mvlrs_v1/main/6363654615448994597/00046.mp4,25,175,1.4292922019958496,0.7417476403235823
88,4,/home/nabizadz/Projects/Mahsa/datasets/lrs2/lrs2_v1/mvlrs_v1/main/6363948391212041701/00004.mp4,15,165,1.0583714246749878,0.4244123489021134
88,5,/home/nabizadz/Projects/Mahsa/datasets/lrs2/lrs2_v1/mvlrs_v1/main/6363952256682671319/00003.mp4,22,172,1.1559211015701294,0.47311737325783354
88,6,/home/nabizadz/Projects/Mahsa/datasets/lrs2/lrs2_v1/mvlrs_v1/main/6363952256682671319/00004.mp4,88,238,2.13059663772583,0.881276461851078
88,7,/home/nabizadz/Projects/Mahsa/datasets/lrs2/lrs2_v1/mvlrs_v1/main/6363952256682671319/00010.mp4,57,207,1.5172553062438965,0.8262529696448088
89,0,/home/nabizadz/Projects/Mahsa/datasets/lrs2/lrs2_v1/mvlrs_v1/main/6335676339489461610/00079.mp4,100,250,3.8296608924865723,0.9999999999999998
89,1,/home/nabizadz/Projects/Mahsa/datasets/lrs2/lrs2_v1/mvlrs_v1/main/6363952256682671319/00015.mp4,68,218,1.2267704010009766,0.7161590089336509
89,2,/home/nabizadz/Projects/Mahsa/datasets/lrs2/lrs2_v1/mvlrs_v1/main/6363952256682671319/00016.mp4,90,240,1.3016960620880127,0.6621279552456608
89,3,/home/nabizadz/Projects/Mahsa/datasets/lrs2/lrs2_v1/mvlrs_v1/main/6363956122153173818/00006.mp4,64,214,1.3438624143600464,0.6366178073373836
89,4,/home/nabizadz/Projects/Mahsa/datasets/lrs2/lrs2_v1/mvlrs_v1/main/6363956122153173818/00007.mp4,142,292,4.119522571563721,0.9999999999999994
89,5,/home/nabizadz/Projects/Mahsa/datasets/lrs2/lrs2_v1/mvlrs_v1/main/6363956122153173818/00014.mp4,64,214,1.1833544969558716,0.773288859575253
89,6,/home/nabizadz/Projects/Mahsa/datasets/lrs2/lrs2_v1/mvlrs_v1/main/6363956122153173818/00036.mp4,106,256,3.4095184803009033,0.9995958540902654
89,7,/home/nabizadz/Projects/Mahsa/datasets/lrs2/lrs2_v1/mvlrs_v1/main/6363997353839279323/00010.mp4,97,247,1.396587610244751,0.7645921461394154
90,0,/home/nabizadz/Projects/Mahsa/datasets/lrs2/lrs2_v1/mvlrs_v1/main/6363997353839279323/00023.mp4,78,228,1.6146290302276611,0.9448775790000277
90,1,/home/nabizadz/Projects/Mahsa/datasets/lrs2/lrs2_v1/mvlrs_v1/main/6364025700623369025/00016.mp4,146,296,4.28804874420166,1.0
90,2,/home/nabizadz/Projects/Mahsa/datasets/lrs2/lrs2_v1/mvlrs_v1/main/6364025700623369025/00022.mp4,70,220,1.5434905290603638,0.7734894887364246
90,3,/home/nabizadz/Projects/Mahsa/datasets/lrs2/lrs2_v1/mvlrs_v1/main/6336047424663836038/00001.mp4,21,171,1.15773344039917,0.5753598578600239
90,4,/home/nabizadz/Projects/Mahsa/datasets/lrs2/lrs2_v1/mvlrs_v1/main/6364319476386415444/00005.mp4,28,178,1.1294180154800415,0.5724645725538643
90,5,/home/nabizadz/Projects/Mahsa/datasets/lrs2/lrs2_v1/mvlrs_v1/main/6364319476386415444/00009.mp4,145,295,1.961503505706787,0.9908443677983202
90,6,/home/nabizadz/Projects/Mahsa/datasets/lrs2/lrs2_v1/mvlrs_v1/main/6364327207327548190/00025.mp4,133,283,4.141383171081543,0.9999999999999999
90,7,/home/nabizadz/Projects/Mahsa/datasets/lrs2/lrs2_v1/mvlrs_v1/main/6364327207327548190/00036.mp4,6,156,1.0458768606185913,0.40452491937659096
91,0,/home/nabizadz/Projects/Mahsa/datasets/lrs2/lrs2_v1/mvlrs_v1/main/6364396785797743449/00020.mp4,12,162,1.1712055206298828,0.6623900007618085
91,1,/home/nabizadz/Projects/Mahsa/datasets/lrs2/lrs2_v1/mvlrs_v1/main/6364760140030989000/00017.mp4,146,296,2.5153489112854004,0.9564268522942301
91,2,/home/nabizadz/Projects/Mahsa/datasets/lrs2/lrs2_v1/mvlrs_v1/main/6364760140030989000/00021.mp4,74,224,1.7396565675735474,0.9270185828801499
91,3,/home/nabizadz/Projects/Mahsa/datasets/lrs2/lrs2_v1/mvlrs_v1/main/6364791063795516278/00004.mp4,9,159,1.3432832956314087,0.8195193621707427
91,4,/home/nabizadz/Projects/Mahsa/datasets/lrs2/lrs2_v1/mvlrs_v1/main/6364791063795516278/00005.mp4,21,171,1.0598833560943604,0.625179971835585
91,5,/home/nabizadz/Projects/Mahsa/datasets/lrs2/lrs2_v1/mvlrs_v1/main/6364791063795516278/00010.mp4,122,272,3.909100294113159,1.0
91,6,/home/nabizadz/Projects/Mahsa/datasets/lrs2/lrs2_v1/mvlrs_v1/main/6336047424663836038/00006.mp4,25,175,1.2005401849746704,0.6684933184384337
91,7,/home/nabizadz/Projects/Mahsa/datasets/lrs2/lrs2_v1/mvlrs_v1/main/6364791063795580193/00005.mp4,64,214,1.1925609111785889,0.733415104071781
92,0,/home/nabizadz/Projects/Mahsa/datasets/lrs2/lrs2_v1/mvlrs_v1/main/6364791063795580193/00006.mp4,113,263,1.6081773042678833,0.870623090652365
92,1,/home/nabizadz/Projects/Mahsa/datasets/lrs2/lrs2_v1/mvlrs_v1/main/6364798794736649079/00001.mp4,75,225,2.892674684524536,0.9949412803612814
92,2,/home/nabizadz/Projects/Mahsa/datasets/lrs2/lrs2_v1/mvlrs_v1/main/6364798794736712994/00008.mp4,105,255,1.2013753652572632,0.8019565723690687
92,3,/home/nabizadz/Projects/Mahsa/datasets/lrs2/lrs2_v1/mvlrs_v1/main/6364798794736712994/00010.mp4,134,284,2.1471166610717773,0.9564057757755071
92,4,/home/nabizadz/Projects/Mahsa/datasets/lrs2/lrs2_v1/mvlrs_v1/main/6364798794736712994/00012.mp4,10,160,1.1656832695007324,0.49882572516291646
92,5,/home/nabizadz/Projects/Mahsa/datasets/lrs2/lrs2_v1/mvlrs_v1/main/6365141533126941637/00012.mp4,5,155,1.0675461292266846,0.5705327585732711
92,6,/home/nabizadz/Projects/Mahsa/datasets/lrs2/lrs2_v1/mvlrs_v1/main/6365141533126941637/00013.mp4,140,290,1.321260690689087,0.7811299086489318
92,7,/home/nabizadz/Projects/Mahsa/datasets/lrs2/lrs2_v1/mvlrs_v1/main/6365141533126941637/00051.mp4,35,185,1.5851199626922607,0.7756479174858497
93,0,/home/nabizadz/Projects/Mahsa/datasets/lrs2/lrs2_v1/mvlrs_v1/main/6365141533126941637/00056.mp4,124,274,3.5812504291534424,0.9899953940660577
93,1,/home/nabizadz/Projects/Mahsa/datasets/lrs2/lrs2_v1/mvlrs_v1/main/6336047424663836038/00008.mp4,94,244,1.5979585647583008,0.9135153119817537
93,2,/home/nabizadz/Projects/Mahsa/datasets/lrs2/lrs2_v1/mvlrs_v1/main/6365141533126941637/00057.mp4,4,154,1.0487061738967896,0.516881183432826
93,3,/home/nabizadz/Projects/Mahsa/datasets/lrs2/lrs2_v1/mvlrs_v1/main/6365141533126941637/00060.mp4,131,281,1.3497488498687744,0.7815055225467044
93,4,/home/nabizadz/Projects/Mahsa/datasets/lrs2/lrs2_v1/mvlrs_v1/main/6365413404556770633/00013.mp4,32,182,1.345811128616333,0.6909146102497459
93,5,/home/nabizadz/Projects/Mahsa/datasets/lrs2/lrs2_v1/mvlrs_v1/main/6365413404556770633/00023.mp4,16,166,1.2417423725128174,0.6851802393862833
93,6,/home/nabizadz/Projects/Mahsa/datasets/lrs2/lrs2_v1/mvlrs_v1/main/6365413404556770633/00036.mp4,60,210,1.873018503189087,0.9421793181902599
93,7,/home/nabizadz/Projects/Mahsa/datasets/lrs2/lrs2_v1/mvlrs_v1/main/6365888857436445152/00005.mp4,109,259,2.3029983043670654,0.9418774569010646
94,0,/home/nabizadz/Projects/Mahsa/datasets/lrs2/lrs2_v1/mvlrs_v1/main/6365888857436445152/00006.mp4,75,225,1.262062430381775,0.8404693113526469
94,1,/home/nabizadz/Projects/Mahsa/datasets/lrs2/lrs2_v1/mvlrs_v1/main/6365888857436445152/00009.mp4,0,150,1.2332946062088013,0.7202386030621711
94,2,/home/nabizadz/Projects/Mahsa/datasets/lrs2/lrs2_v1/mvlrs_v1/main/6365888857436445152/00011.mp4,147,297,4.225944519042969,0.9999999999999998
94,3,/home/nabizadz/Projects/Mahsa/datasets/lrs2/lrs2_v1/mvlrs_v1/main/6365904319318706417/00012.mp4,123,273,4.015141010284424,0.9999999999999999
94,4,/home/nabizadz/Projects/Mahsa/datasets/lrs2/lrs2_v1/mvlrs_v1/main/6336047424663836038/00061.mp4,49,199,1.6962507963180542,0.8304369250825415
94,5,/home/nabizadz/Projects/Mahsa/datasets/lrs2/lrs2_v1/mvlrs_v1/main/6365935243083171934/00003.mp4,46,196,1.2660328149795532,0.8009490075094887
94,6,/home/nabizadz/Projects/Mahsa/datasets/lrs2/lrs2_v1/mvlrs_v1/main/6366259942610819561/00005.mp4,61,211,2.54221773147583,0.9698275232626128
94,7,/home/nabizadz/Projects/Mahsa/datasets/lrs2/lrs2_v1/mvlrs_v1/main/6366259942610819561/00025.mp4,15,165,1.745983600616455,0.834536595246018
95,0,/home/nabizadz/Projects/Mahsa/datasets/lrs2/lrs2_v1/mvlrs_v1/main/6366267673551948044/00001.mp4,80,230,1.7804710865020752,0.9139836729821234
95,1,/home/nabizadz/Projects/Mahsa/datasets/lrs2/lrs2_v1/mvlrs_v1/main/6366267673551948044/00008.mp4,104,254,1.702796220779419,0.8573275495333723
95,2,/home/nabizadz/Projects/Mahsa/datasets/lrs2/lrs2_v1/mvlrs_v1/main/6366267673551948044/00009.mp4,67,217,2.679928779602051,0.9232403604819088
95,3,/home/nabizadz/Projects/Mahsa/datasets/lrs2/lrs2_v1/mvlrs_v1/main/6366631027785194041/00016.mp4,88,238,1.5935978889465332,0.9045546486060212
95,4,/home/nabizadz/Projects/Mahsa/datasets/lrs2/lrs2_v1/mvlrs_v1/main/6366631027785194041/00018.mp4,101,251,3.786494255065918,0.9999999999999998
95,5,/home/nabizadz/Projects/Mahsa/datasets/lrs2/lrs2_v1/mvlrs_v1/main/6366944130901006716/00005.mp4,133,283,3.8949098587036133,0.9997739946523908
95,6,/home/nabizadz/Projects/Mahsa/datasets/lrs2/lrs2_v1/mvlrs_v1/main/6366944130901006716/00007.mp4,90,240,1.2906913757324219,0.8024825930507066
95,7,/home/nabizadz/Projects/Mahsa/datasets/lrs2/lrs2_v1/mvlrs_v1/main/6336047424663836038/00076.mp4,70,220,1.3541089296340942,0.7177806334234142
96,0,/home/nabizadz/Projects/Mahsa/datasets/lrs2/lrs2_v1/mvlrs_v1/main/6366944130901006716/00010.mp4,37,187,1.1857677698135376,0.6540461122486745
96,1,/home/nabizadz/Projects/Mahsa/datasets/lrs2/lrs2_v1/mvlrs_v1/main/6366944130901006716/00015.mp4,86,236,1.3140223026275635,0.7807277608442119
96,2,/home/nabizadz/Projects/Mahsa/datasets/lrs2/lrs2_v1/mvlrs_v1/main/6367002112959568594/00006.mp4,43,193,1.5004867315292358,0.6769695847313991
96,3,/home/nabizadz/Projects/Mahsa/datasets/lrs2/lrs2_v1/mvlrs_v1/main/6367002112959568594/00011.mp4,96,246,2.2506980895996094,0.9516181388646263
96,4,/home/nabizadz/Projects/Mahsa/datasets/lrs2/lrs2_v1/mvlrs_v1/main/6367002112959568594/00014.mp4,20,170,1.336682677268982,0.3509459259818568
96,5,/home/nabizadz/Projects/Mahsa/datasets/lrs2/lrs2_v1/mvlrs_v1/main/6367373198133943465/00014.mp4,109,259,3.846726417541504,1.0
96,6,/home/nabizadz/Projects/Mahsa/datasets/lrs2/lrs2_v1/mvlrs_v1/main/6367373198133943465/00022.mp4,50,200,1.1175447702407837,0.726628085849971
96,7,/home/nabizadz/Projects/Mahsa/datasets/lrs2/lrs2_v1/mvlrs_v1/main/6367373198133943465/00025.mp4,81,231,1.4603948593139648,0.644820769614861
97,0,/home/nabizadz/Projects/Mahsa/datasets/lrs2/lrs2_v1/mvlrs_v1/main/6367373198133943465/00042.mp4,133,283,4.11444616317749,1.0
97,1,/home/nabizadz/Projects/Mahsa/datasets/lrs2/lrs2_v1/mvlrs_v1/main/6367373198133943465/00046.mp4,63,213,2.103701591491699,0.9170131977650696
97,2,/home/nabizadz/Projects/Mahsa/datasets/lrs2/lrs2_v1/mvlrs_v1/main/6331559613336179781/00029.mp4,118,268,2.075077533721924,0.8892730538490579
97,3,/home/nabizadz/Projects/Mahsa/datasets/lrs2/lrs2_v1/mvlrs_v1/main/6336117003133970558/00003.mp4,150,300,4.281968116760254,0.9999999999999998
97,4,/home/nabizadz/Projects/Mahsa/datasets/lrs2/lrs2_v1/mvlrs_v1/main/6367373198133943465/00054.mp4,45,195,1.2286663055419922,0.7863881639344912
97,5,/home/nabizadz/Projects/Mahsa/datasets/lrs2/lrs2_v1/mvlrs_v1/main/6367373198133943465/00058.mp4,16,166,1.3554975986480713,0.5395671750738636
97,6,/home/nabizadz/Projects/Mahsa/datasets/lrs2/lrs2_v1/mvlrs_v1/main/6367373198133943465/00065.mp4,88,238,1.8040738105773926,0.8032184286176679
97,7,/home/nabizadz/Projects/Mahsa/datasets/lrs2/lrs2_v1/mvlrs_v1/main/6367373198133943465/00073.mp4,61,211,1.2591487169265747,0.7305339284357381
98,0,/home/nabizadz/Projects/Mahsa/datasets/lrs2/lrs2_v1/mvlrs_v1/main/6367373198133943465/00076.mp4,93,243,2.8139524459838867,0.9940962936451883
98,1,/home/nabizadz/Projects/Mahsa/datasets/lrs2/lrs2_v1/mvlrs_v1/main/6367373198133943465/00086.mp4,61,211,1.1385587453842163,0.6606904970606226
98,2,/home/nabizadz/Projects/Mahsa/datasets/lrs2/lrs2_v1/mvlrs_v1/main/6367373198133943465/00090.mp4,102,252,3.3624682426452637,0.9946613752848303
98,3,/home/nabizadz/Projects/Mahsa/datasets/lrs2/lrs2_v1/mvlrs_v1/main/6367373198133943465/00098.mp4,138,288,3.4506192207336426,0.9980750621373441
98,4,/home/nabizadz/Projects/Mahsa/datasets/lrs2/lrs2_v1/mvlrs_v1/main/6367373198133943465/00103.mp4,32,182,1.1143958568572998,0.7263950223151908
98,5,/home/nabizadz/Projects/Mahsa/datasets/lrs2/lrs2_v1/mvlrs_v1/main/6367373198133943465/00113.mp4,24,174,1.4146733283996582,0.6369028057532317
98,6,/home/nabizadz/Projects/Mahsa/datasets/lrs2/lrs2_v1/mvlrs_v1/main/6336117003133970558/00018.mp4,118,268,3.722517967224121,0.9999999999999997
98,7,/home/nabizadz/Projects/Mahsa/datasets/lrs2/lrs2_v1/mvlrs_v1/main/6367373198133943465/00127.mp4,48,198,1.120540738105774,0.5908265617203226
99,0,/home/nabizadz/Projects/Mahsa/datasets/lrs2/lrs2_v1/mvlrs_v1/main/6367373198133943465/00128.mp4,149,299,4.224581241607666,0.9999999999999999
99,1,/home/nabizadz/Projects/Mahsa/datasets/lrs2/lrs2_v1/mvlrs_v1/main/6367373198133943465/00134.mp4,81,231,2.211752414703369,0.9917339597827199
99,2,/home/nabizadz/Projects/Mahsa/datasets/lrs2/lrs2_v1/mvlrs_v1/main/6367373198133943465/00138.mp4,114,264,3.7668378353118896,0.9996890658870613
99,3,/home/nabizadz/Projects/Mahsa/datasets/lrs2/lrs2_v1/mvlrs_v1/main/6367373198133943465/00139.mp4,137,287,3.8912346363067627,0.9970079265822368
99,4,/home/nabizadz/Projects/Mahsa/datasets/lrs2/lrs2_v1/mvlrs_v1/main/6367373198133943465/00141.mp4,79,229,1.4018292427062988,0.6917585293685317
99,5,/home/nabizadz/Projects/Mahsa/datasets/lrs2/lrs2_v1/mvlrs_v1/main/6367373198133943465/00143.mp4,133,283,4.124563217163086,0.9999999999999999
99,6,/home/nabizadz/Projects/Mahsa/datasets/lrs2/lrs2_v1/mvlrs_v1/main/6367373198133943465/00144.mp4,92,242,1.7714905738830566,0.8977492044257455
99,7,/home/nabizadz/Projects/Mahsa/datasets/lrs2/lrs2_v1/mvlrs_v1/main/6367373198133943465/00158.mp4,105,255,1.2939801216125488,0.7821382733330843
100,0,/home/nabizadz/Projects/Mahsa/datasets/lrs2/lrs2_v1/mvlrs_v1/main/6367373198133943465/00163.mp4,5,155,1.0843230485916138,0.4602924415584723
100,1,/home/nabizadz/Projects/Mahsa/datasets/lrs2/lrs2_v1/mvlrs_v1/main/6336117003133970558/00062.mp4,85,235,3.585251569747925,0.9999897453932678
100,2,/home/nabizadz/Projects/Mahsa/datasets/lrs2/lrs2_v1/mvlrs_v1/main/6367373198133943465/00171.mp4,46,196,1.2428303956985474,0.6839421375970187
100,3,/home/nabizadz/Projects/Mahsa/datasets/lrs2/lrs2_v1/mvlrs_v1/main/6367396390957341434/00008.mp4,71,221,1.3301522731781006,0.7754393842616792
100,4,/home/nabizadz/Projects/Mahsa/datasets/lrs2/lrs2_v1/mvlrs_v1/main/6367396390957341434/00011.mp4,94,244,3.1577465534210205,0.9987442596316339
100,5,/home/nabizadz/Projects/Mahsa/datasets/lrs2/lrs2_v1/mvlrs_v1/main/6367396390957341434/00013.mp4,22,172,1.0862975120544434,0.5298607177029557
100,6,/home/nabizadz/Projects/Mahsa/datasets/lrs2/lrs2_v1/mvlrs_v1/main/6367396390957341434/00014.mp4,74,224,1.5827908515930176,0.7871434817770397
100,7,/home/nabizadz/Projects/Mahsa/datasets/lrs2/lrs2_v1/mvlrs_v1/main/6367744283308252235/00011.mp4,16,166,1.1467342376708984,0.5957691126975206
101,0,/home/nabizadz/Projects/Mahsa/datasets/lrs2/lrs2_v1/mvlrs_v1/main/6367813861908922495/00003.mp4,98,248,2.971001386642456,0.9808977095955912
101,1,/home/nabizadz/Projects/Mahsa/datasets/lrs2/lrs2_v1/mvlrs_v1/main/6367813861908922495/00004.mp4,84,234,2.53684401512146,0.9581597462780622
101,2,/home/nabizadz/Projects/Mahsa/datasets/lrs2/lrs2_v1/mvlrs_v1/main/6367813861908922495/00010.mp4,5,155,1.310879111289978,0.7239651674600655
101,3,/home/nabizadz/Projects/Mahsa/datasets/lrs2/lrs2_v1/mvlrs_v1/main/6367813861908922495/00035.mp4,139,289,4.25949239730835,0.9999999999999999
101,4,/home/nabizadz/Projects/Mahsa/datasets/lrs2/lrs2_v1/mvlrs_v1/main/6336117003133970558/00067.mp4,143,293,4.050604820251465,0.9999999999999993
101,5,/home/nabizadz/Projects/Mahsa/datasets/lrs2/lrs2_v1/mvlrs_v1/main/6368096041129860047/00002.mp4,53,203,1.0939780473709106,0.5718053947172159
101,6,/home/nabizadz/Projects/Mahsa/datasets/lrs2/lrs2_v1/mvlrs_v1/main/6368111503012125648/00004.mp4,135,285,4.167220115661621,0.9999999999999991
101,7,/home/nabizadz/Projects/Mahsa/datasets/lrs2/lrs2_v1/mvlrs_v1/main/6368111503012125648/00018.mp4,83,233,1.1758755445480347,0.7066339882423015
102,0,/home/nabizadz/Projects/Mahsa/datasets/lrs2/lrs2_v1/mvlrs_v1/main/6368111503012125648/00025.mp4,88,238,1.1474021673202515,0.7219498482307442
102,1,/home/nabizadz/Projects/Mahsa/datasets/lrs2/lrs2_v1/mvlrs_v1/main/6368111503012125648/00051.mp4,7,157,1.1773701906204224,0.734007309803805
102,2,/home/nabizadz/Projects/Mahsa/datasets/lrs2/lrs2_v1/mvlrs_v1/main/6368154023188356050/00008.mp4,25,175,1.5568873882293701,0.5848549463220887
102,3,/home/nabizadz/Projects/Mahsa/datasets/lrs2/lrs2_v1/mvlrs_v1/main/6368177216011755289/00003.mp4,36,186,1.112898588180542,0.708273910645361
102,4,/home/nabizadz/Projects/Mahsa/datasets/lrs2/lrs2_v1/mvlrs_v1/main/6368177216011755289/00005.mp4,125,275,3.9942121505737305,0.999987515324386
102,5,/home/nabizadz/Projects/Mahsa/datasets/lrs2/lrs2_v1/mvlrs_v1/main/6368177216011755289/00012.mp4,90,240,2.477318286895752,0.9853231095887276
102,6,/home/nabizadz/Projects/Mahsa/datasets/lrs2/lrs2_v1/mvlrs_v1/main/6368177216011755289/00013.mp4,7,157,1.326977014541626,0.7740600787896014
102,7,/home/nabizadz/Projects/Mahsa/datasets/lrs2/lrs2_v1/mvlrs_v1/main/6336739343895160063/00006.mp4,25,175,1.4380781650543213,0.7410362062025929
103,0,/home/nabizadz/Projects/Mahsa/datasets/lrs2/lrs2_v1/mvlrs_v1/main/6368177216011755289/00016.mp4,147,297,4.231168746948242,1.0
103,1,/home/nabizadz/Projects/Mahsa/datasets/lrs2/lrs2_v1/mvlrs_v1/main/6368494184598133861/00007.mp4,45,195,1.444935917854309,0.7598523210614994
103,2,/home/nabizadz/Projects/Mahsa/datasets/lrs2/lrs2_v1/mvlrs_v1/main/6368494184598133861/00017.mp4,12,162,1.1711719036102295,0.7145858297994501
103,3,/home/nabizadz/Projects/Mahsa/datasets/lrs2/lrs2_v1/mvlrs_v1/main/6368494184598133861/00030.mp4,20,170,1.4153757095336914,0.8217037218547274
103,4,/home/nabizadz/Projects/Mahsa/datasets/lrs2/lrs2_v1/mvlrs_v1/main/6368494184598133861/00041.mp4,149,299,1.6906071901321411,0.8617704027965952
103,5,/home/nabizadz/Projects/Mahsa/datasets/lrs2/lrs2_v1/mvlrs_v1/main/6368494184598133861/00046.mp4,82,232,1.798109769821167,0.7754198059774995
103,6,/home/nabizadz/Projects/Mahsa/datasets/lrs2/lrs2_v1/mvlrs_v1/main/6368525108362665063/00017.mp4,56,206,1.2225650548934937,0.7433928951635062
103,7,/home/nabizadz/Projects/Mahsa/datasets/lrs2/lrs2_v1/mvlrs_v1/main/6368525108362665063/00019.mp4,109,259,3.139937162399292,0.9803122209946649
104,0,/home/nabizadz/Projects/Mahsa/datasets/lrs2/lrs2_v1/mvlrs_v1/main/6368525108362665063/00029.mp4,21,171,1.117954134941101,0.6722189735174916
104,1,/home/nabizadz/Projects/Mahsa/datasets/lrs2/lrs2_v1/mvlrs_v1/main/6368525108362665063/00045.mp4,120,270,4.104984283447266,1.0
104,2,/home/nabizadz/Projects/Mahsa/datasets/lrs2/lrs2_v1/mvlrs_v1/main/6336739343895160063/00016.mp4,0,150,1.0683727264404297,0.5435285397228283
104,3,/home/nabizadz/Projects/Mahsa/datasets/lrs2/lrs2_v1/mvlrs_v1/main/6368525108362665063/00053.mp4,111,261,2.803976058959961,0.9981865909196848
104,4,/home/nabizadz/Projects/Mahsa/datasets/lrs2/lrs2_v1/mvlrs_v1/main/6368525108362665063/00055.mp4,52,202,1.2099685668945312,0.7349509610462408
104,5,/home/nabizadz/Projects/Mahsa/datasets/lrs2/lrs2_v1/mvlrs_v1/main/6368525108362665063/00061.mp4,42,192,1.2693456411361694,0.6103602516932859
104,6,/home/nabizadz/Projects/Mahsa/datasets/lrs2/lrs2_v1/mvlrs_v1/main/6368525108362665063/00064.mp4,61,211,1.3480762243270874,0.9422915641173375
104,7,/home/nabizadz/Projects/Mahsa/datasets/lrs2/lrs2_v1/mvlrs_v1/main/6368525108362665063/00067.mp4,58,208,1.4111475944519043,0.791162159327704
105,0,/home/nabizadz/Projects/Mahsa/datasets/lrs2/lrs2_v1/mvlrs_v1/main/6368525108362665063/00068.mp4,91,241,1.4795111417770386,0.7623725500045038
105,1,/home/nabizadz/Projects/Mahsa/datasets/lrs2/lrs2_v1/mvlrs_v1/main/6368525108362665063/00069.mp4,37,187,1.1186950206756592,0.6318400601926581
105,2,/home/nabizadz/Projects/Mahsa/datasets/lrs2/lrs2_v1/mvlrs_v1/main/6368857538831442335/00028.mp4,1,151,1.8206502199172974,0.8306000141815589
105,3,/home/nabizadz/Projects/Mahsa/datasets/lrs2/lrs2_v1/mvlrs_v1/main/6368903924478172740/00007.mp4,54,204,1.3252453804016113,0.7511432168537505
105,4,/home/nabizadz/Projects/Mahsa/datasets/lrs2/lrs2_v1/mvlrs_v1/main/6369220893064682263/00003.mp4,113,263,2.217866897583008,0.9821967823261193
105,5,/home/nabizadz/Projects/Mahsa/datasets/lrs2/lrs2_v1/mvlrs_v1/main/6336739343895160063/00021.mp4,94,244,2.176316976547241,0.9439548126736004
105,6,/home/nabizadz/Projects/Mahsa/datasets/lrs2/lrs2_v1/mvlrs_v1/main/6369220893064682263/00007.mp4,125,275,3.8919591903686523,0.9999999999999997
105,7,/home/nabizadz/Projects/Mahsa/datasets/lrs2/lrs2_v1/mvlrs_v1/main/6369220893064682263/00023.mp4,65,215,1.4182792901992798,0.7177464848901325
106,0,/home/nabizadz/Projects/Mahsa/datasets/lrs2/lrs2_v1/mvlrs_v1/main/6369220893064682263/00033.mp4,90,240,2.563188076019287,0.946031538488311
106,1,/home/nabizadz/Projects/Mahsa/datasets/lrs2/lrs2_v1/mvlrs_v1/main/6369220893064682263/00035.mp4,108,258,1.672752857208252,0.8792123537133886
106,2,/home/nabizadz/Projects/Mahsa/datasets/lrs2/lrs2_v1/mvlrs_v1/main/6369259547770281088/00011.mp4,131,281,1.3422431945800781,0.8156619006121595
106,3,/home/nabizadz/Projects/Mahsa/datasets/lrs2/lrs2_v1/mvlrs_v1/main/6369259547770281088/00020.mp4,7,157,1.2182072401046753,0.7649364685275366
106,4,/home/nabizadz/Projects/Mahsa/datasets/lrs2/lrs2_v1/mvlrs_v1/main/6369259547770281088/00021.mp4,50,200,1.167129397392273,0.6833974302037141
106,5,/home/nabizadz/Projects/Mahsa/datasets/lrs2/lrs2_v1/mvlrs_v1/main/6369259547770346264/00010.mp4,45,195,1.2957382202148438,0.7632143112935537
106,6,/home/nabizadz/Projects/Mahsa/datasets/lrs2/lrs2_v1/mvlrs_v1/main/6369259547770346264/00016.mp4,50,200,1.0723501443862915,0.70823050143663
106,7,/home/nabizadz/Projects/Mahsa/datasets/lrs2/lrs2_v1/mvlrs_v1/main/6369599709180191149/00011.mp4,137,287,1.4922101497650146,0.8258165337257576
107,0,/home/nabizadz/Projects/Mahsa/datasets/lrs2/lrs2_v1/mvlrs_v1/main/6336739343895160063/00027.mp4,37,187,1.5461986064910889,0.7018827526527107
107,1,/home/nabizadz/Projects/Mahsa/datasets/lrs2/lrs2_v1/mvlrs_v1/main/6369599709180191149/00013.mp4,68,218,1.4645817279815674,0.8020591679523089
107,2,/home/nabizadz/Projects/Mahsa/datasets/lrs2/lrs2_v1/mvlrs_v1/main/6369599709180191149/00014.mp4,2,152,1.059330940246582,0.5538059826584694
107,3,/home/nabizadz/Projects/Mahsa/datasets/lrs2/lrs2_v1/mvlrs_v1/main/6369599709180191149/00017.mp4,90,240,1.7375273704528809,0.8308633661142588
107,4,/home/nabizadz/Projects/Mahsa/datasets/lrs2/lrs2_v1/mvlrs_v1/main/6369599709180191149/00021.mp4,5,155,1.3147104978561401,0.7673867625386456
107,5,/home/nabizadz/Projects/Mahsa/datasets/lrs2/lrs2_v1/mvlrs_v1/main/6369599709180191149/00030.mp4,117,267,2.612224578857422,0.9565849669413357
107,6,/home/nabizadz/Projects/Mahsa/datasets/lrs2/lrs2_v1/mvlrs_v1/main/6369607440121317877/00006.mp4,49,199,1.9949069023132324,0.8916942851664029
107,7,/home/nabizadz/Projects/Mahsa/datasets/lrs2/lrs2_v1/mvlrs_v1/main/6369912812296002056/00001.mp4,16,166,1.298988938331604,0.7236044821602329
108,0,/home/nabizadz/Projects/Mahsa/datasets/lrs2/lrs2_v1/mvlrs_v1/main/6369912812296002056/00009.mp4,61,211,1.1979496479034424,0.6966523749244704
108,1,/home/nabizadz/Projects/Mahsa/datasets/lrs2/lrs2_v1/mvlrs_v1/main/6369912812296002056/00016.mp4,113,263,1.3900384902954102,0.7386466222293043
108,2,/home/nabizadz/Projects/Mahsa/datasets/lrs2/lrs2_v1/mvlrs_v1/main/6369912812296002056/00019.mp4,67,217,1.368706226348877,0.6766322701705298
108,3,/home/nabizadz/Projects/Mahsa/datasets/lrs2/lrs2_v1/mvlrs_v1/main/6336739343895160063/00040.mp4,121,271,2.0530900955200195,0.8682770685739511
108,4,/home/nabizadz/Projects/Mahsa/datasets/lrs2/lrs2_v1/mvlrs_v1/main/6369970794354565537/00002.mp4,136,286,2.431882858276367,0.8998057513966149
108,5,/home/nabizadz/Projects/Mahsa/datasets/lrs2/lrs2_v1/mvlrs_v1/main/6369970794354565537/00003.mp4,99,249,1.8143432140350342,0.8092863900322447
108,6,/home/nabizadz/Projects/Mahsa/datasets/lrs2/lrs2_v1/mvlrs_v1/main/6369986256236764320/00003.mp4,51,201,1.311574935913086,0.7361905343490532
108,7,/home/nabizadz/Projects/Mahsa/datasets/lrs2/lrs2_v1/mvlrs_v1/main/6369986256236764320/00005.mp4,55,205,1.6478347778320312,0.948555421901926
109,0,/home/nabizadz/Projects/Mahsa/datasets/lrs2/lrs2_v1/mvlrs_v1/main/6369912812296002056/00022.mp4,79,229,2.621501922607422,0.9500564815755304
109,1,/home/nabizadz/Projects/Mahsa/datasets/lrs2/lrs2_v1/mvlrs_v1/main/6369912812296002056/00023.mp4,107,257,1.5648536682128906,0.8017760355892325
109,2,/home/nabizadz/Projects/Mahsa/datasets/lrs2/lrs2_v1/mvlrs_v1/main/6369912812296002056/00024.mp4,146,296,1.659409761428833,0.8396011760358238
109,3,/home/nabizadz/Projects/Mahsa/datasets/lrs2/lrs2_v1/mvlrs_v1/main/6369912812296002056/00025.mp4,106,256,1.7761154174804688,0.8203405026105519
109,4,/home/nabizadz/Projects/Mahsa/datasets/lrs2/lrs2_v1/mvlrs_v1/main/6369986256236764320/00025.mp4,2,152,1.1112794876098633,0.4980224104720648
109,5,/home/nabizadz/Projects/Mahsa/datasets/lrs2/lrs2_v1/mvlrs_v1/main/6369986256236764320/00026.mp4,121,271,3.4613447189331055,0.9988307039059352
109,6,/home/nabizadz/Projects/Mahsa/datasets/lrs2/lrs2_v1/mvlrs_v1/main/6336739343895160063/00042.mp4,99,249,2.527101755142212,0.9591233309662218
109,7,/home/nabizadz/Projects/Mahsa/datasets/lrs2/lrs2_v1/mvlrs_v1/main/6369986256236764320/00031.mp4,32,182,1.2435023784637451,0.712444399935834
110,0,/home/nabizadz/Projects/Mahsa/datasets/lrs2/lrs2_v1/mvlrs_v1/main/6369986256236764320/00041.mp4,20,170,1.0837645530700684,0.571067084275036
110,1,/home/nabizadz/Projects/Mahsa/datasets/lrs2/lrs2_v1/mvlrs_v1/main/6369986256236764320/00006.mp4,113,263,1.3928139209747314,0.7706113430273046
110,2,/home/nabizadz/Projects/Mahsa/datasets/lrs2/lrs2_v1/mvlrs_v1/main/6369986256236764320/00008.mp4,45,195,1.2552924156188965,0.7287887584235964
110,3,/home/nabizadz/Projects/Mahsa/datasets/lrs2/lrs2_v1/mvlrs_v1/main/6369986256236764320/00018.mp4,104,254,1.573546290397644,0.859127850486534
110,4,/home/nabizadz/Projects/Mahsa/datasets/lrs2/lrs2_v1/mvlrs_v1/main/6369986256236764320/00022.mp4,142,292,3.8575127124786377,0.9999504995611658
110,5,/home/nabizadz/Projects/Mahsa/datasets/lrs2/lrs2_v1/mvlrs_v1/main/6369986256236764320/00042.mp4,83,233,2.602045774459839,0.9957720151188928
110,6,/home/nabizadz/Projects/Mahsa/datasets/lrs2/lrs2_v1/mvlrs_v1/main/6370331571607430336/00003.mp4,19,169,1.2133948802947998,0.7046920547507821
110,7,/home/nabizadz/Projects/Mahsa/datasets/lrs2/lrs2_v1/mvlrs_v1/main/6370331571607430336/00009.mp4,144,294,1.933022379875183,0.8628818118574072
111,0,/home/nabizadz/Projects/Mahsa/datasets/lrs2/lrs2_v1/mvlrs_v1/main/6370331571607430336/00016.mp4,103,253,3.706012010574341,0.9999999999999999
111,1,/home/nabizadz/Projects/Mahsa/datasets/lrs2/lrs2_v1/mvlrs_v1/main/6331559613336179781/00036.mp4,109,259,3.236311674118042,0.832365094659011
111,2,/home/nabizadz/Projects/Mahsa/datasets/lrs2/lrs2_v1/mvlrs_v1/main/6336739343895160063/00046.mp4,41,191,1.4910717010498047,0.7003262720892591
111,3,/home/nabizadz/Projects/Mahsa/datasets/lrs2/lrs2_v1/mvlrs_v1/main/6370331571607430336/00019.mp4,102,252,2.423715114593506,0.9600250031217432
111,4,/home/nabizadz/Projects/Mahsa/datasets/lrs2/lrs2_v1/mvlrs_v1/main/6370331571607430336/00020.mp4,12,162,1.118394374847412,0.6438424018846632
111,5,/home/nabizadz/Projects/Mahsa/datasets/lrs2/lrs2_v1/mvlrs_v1/main/6370331571607430336/00033.mp4,147,297,4.206281661987305,0.9999999999999999
111,6,/home/nabizadz/Projects/Mahsa/datasets/lrs2/lrs2_v1/mvlrs_v1/main/6370366360842521130/00001.mp4,4,154,1.058638572692871,0.43876684958800716
111,7,/home/nabizadz/Projects/Mahsa/datasets/lrs2/lrs2_v1/mvlrs_v1/main/6370366360842521130/00006.mp4,50,200,1.1759337186813354,0.778042783867733
112,0,/home/nabizadz/Projects/Mahsa/datasets/lrs2/lrs2_v1/mvlrs_v1/main/6370728426585516325/00006.mp4,145,295,4.202991485595703,1.0
112,1,/home/nabizadz/Projects/Mahsa/datasets/lrs2/lrs2_v1/mvlrs_v1/main/6370728426585516325/00008.mp4,90,240,2.003614902496338,0.9474535140823848
112,2,/home/nabizadz/Projects/Mahsa/datasets/lrs2/lrs2_v1/mvlrs_v1/main/6370728426585516325/00012.mp4,115,265,1.7631525993347168,0.9095685806437398
112,3,/home/nabizadz/Projects/Mahsa/datasets/lrs2/lrs2_v1/mvlrs_v1/main/6370728426585516325/00013.mp4,11,161,1.1120665073394775,0.5187810081176337
112,4,/home/nabizadz/Projects/Mahsa/datasets/lrs2/lrs2_v1/mvlrs_v1/main/6370728426585516325/00014.mp4,118,268,3.9357831478118896,1.0
112,5,/home/nabizadz/Projects/Mahsa/datasets/lrs2/lrs2_v1/mvlrs_v1/main/6336739343895160063/00052.mp4,10,160,1.1160796880722046,0.6157972667453699
112,6,/home/nabizadz/Projects/Mahsa/datasets/lrs2/lrs2_v1/mvlrs_v1/main/6370728426585516325/00018.mp4,41,191,1.209828495979309,0.6467208340514287
112,7,/home/nabizadz/Projects/Mahsa/datasets/lrs2/lrs2_v1/mvlrs_v1/main/6370997721034975856/00008.mp4,2,152,1.108935832977295,0.5019071979649057
113,0,/home/nabizadz/Projects/Mahsa/datasets/lrs2/lrs2_v1/mvlrs_v1/main/6371091780818822750/00005.mp4,46,196,1.371453881263733,0.6246748762314063
113,1,/home/nabizadz/Projects/Mahsa/datasets/lrs2/lrs2_v1/mvlrs_v1/main/6371091780818822750/00006.mp4,132,282,2.5856049060821533,0.9750680241496505
113,2,/home/nabizadz/Projects/Mahsa/datasets/lrs2/lrs2_v1/mvlrs_v1/main/6371091780818822750/00018.mp4,131,281,4.035856246948242,0.9999999999999998
113,3,/home/nabizadz/Projects/Mahsa/datasets/lrs2/lrs2_v1/mvlrs_v1/main/6371114973642156346/00011.mp4,59,209,1.6100624799728394,0.8221446552908283
113,4,/home/nabizadz/Projects/Mahsa/datasets/lrs2/lrs2_v1/mvlrs_v1/main/6371114973642156346/00014.mp4,63,213,1.2833595275878906,0.7739920045531671
113,5,/home/nabizadz/Projects/Mahsa/datasets/lrs2/lrs2_v1/mvlrs_v1/main/6371114973642156346/00017.mp4,57,207,1.2575119733810425,0.7172199381641026
113,6,/home/nabizadz/Projects/Mahsa/datasets/lrs2/lrs2_v1/mvlrs_v1/main/6371114973642156346/00018.mp4,79,229,1.7212762832641602,0.8249578123220883
113,7,/home/nabizadz/Projects/Mahsa/datasets/lrs2/lrs2_v1/mvlrs_v1/main/6371114973642156346/00019.mp4,108,258,3.6256561279296875,0.9961727503364062
114,0,/home/nabizadz/Projects/Mahsa/datasets/lrs2/lrs2_v1/mvlrs_v1/main/6336739343895160063/00053.mp4,69,219,1.430646300315857,0.7452777885362116
114,1,/home/nabizadz/Projects/Mahsa/datasets/lrs2/lrs2_v1/mvlrs_v1/main/6371114973642156346/00024.mp4,104,254,3.7539515495300293,0.9999999999999999
114,2,/home/nabizadz/Projects/Mahsa/datasets/lrs2/lrs2_v1/mvlrs_v1/main/6371114973642221152/00004.mp4,115,265,2.7769412994384766,0.9492931391149713
114,3,/home/nabizadz/Projects/Mahsa/datasets/lrs2/lrs2_v1/mvlrs_v1/main/6371114973642221152/00010.mp4,13,163,1.0475374460220337,0.4012258888357625
114,4,/home/nabizadz/Projects/Mahsa/datasets/lrs2/lrs2_v1/mvlrs_v1/main/6371389422052370754/00011.mp4,59,209,1.1389416456222534,0.772856770262307
114,5,/home/nabizadz/Projects/Mahsa/datasets/lrs2/lrs2_v1/mvlrs_v1/main/6371462865993190004/00012.mp4,97,247,1.41819429397583,0.8459793232013427
114,6,/home/nabizadz/Projects/Mahsa/datasets/lrs2/lrs2_v1/mvlrs_v1/main/6371470597064737331/00015.mp4,27,177,1.1222188472747803,0.47026636682394507
114,7,/home/nabizadz/Projects/Mahsa/datasets/lrs2/lrs2_v1/mvlrs_v1/main/6371470597064737331/00017.mp4,42,192,1.1283172369003296,0.5375847377136882
115,0,/home/nabizadz/Projects/Mahsa/datasets/lrs2/lrs2_v1/mvlrs_v1/main/6371470597064737331/00018.mp4,8,158,1.0561504364013672,0.4621738967744092
115,1,/home/nabizadz/Projects/Mahsa/datasets/lrs2/lrs2_v1/mvlrs_v1/main/6371470597064737331/00027.mp4,70,220,1.1515789031982422,0.6810113234660278
115,2,/home/nabizadz/Projects/Mahsa/datasets/lrs2/lrs2_v1/mvlrs_v1/main/6371470597064737331/00028.mp4,68,218,1.4896001815795898,0.7475016297150806
115,3,/home/nabizadz/Projects/Mahsa/datasets/lrs2/lrs2_v1/mvlrs_v1/main/6336739343895160063/00056.mp4,119,269,3.6001534461975098,0.9960684477497714
115,4,/home/nabizadz/Projects/Mahsa/datasets/lrs2/lrs2_v1/mvlrs_v1/main/6371470597064737331/00032.mp4,84,234,2.0112290382385254,0.9478876215855896
115,5,/home/nabizadz/Projects/Mahsa/datasets/lrs2/lrs2_v1/mvlrs_v1/main/6372918859906543042/00019.mp4,90,240,3.609827756881714,0.9999999999999998
115,6,/home/nabizadz/Projects/Mahsa/datasets/lrs2/lrs2_v1/mvlrs_v1/main/6373112133434795034/00002.mp4,126,276,1.627601146697998,0.8874180015470714
115,7,/home/nabizadz/Projects/Mahsa/datasets/lrs2/lrs2_v1/mvlrs_v1/main/6373112133434795034/00005.mp4,58,208,1.1964783668518066,0.6901682815840281
116,0,/home/nabizadz/Projects/Mahsa/datasets/lrs2/lrs2_v1/mvlrs_v1/main/6373112133434795034/00007.mp4,129,279,2.97705340385437,0.9983290222441957
116,1,/home/nabizadz/Projects/Mahsa/datasets/lrs2/lrs2_v1/mvlrs_v1/main/6373202327748070121/00011.mp4,59,209,1.6747407913208008,0.5706449680980421
116,2,/home/nabizadz/Projects/Mahsa/datasets/lrs2/lrs2_v1/mvlrs_v1/main/6373318291865072119/00019.mp4,11,161,1.0992600917816162,0.5589705846807288
116,3,/home/nabizadz/Projects/Mahsa/datasets/lrs2/lrs2_v1/mvlrs_v1/main/6373318291865072119/00024.mp4,64,214,2.0074830055236816,0.9272642367270532
116,4,/home/nabizadz/Projects/Mahsa/datasets/lrs2/lrs2_v1/mvlrs_v1/main/6373318291865072119/00030.mp4,7,157,1.2068734169006348,0.6259603518486526
116,5,/home/nabizadz/Projects/Mahsa/datasets/lrs2/lrs2_v1/mvlrs_v1/main/6373318291865072119/00043.mp4,34,184,1.401947021484375,0.7540631278307085
116,6,/home/nabizadz/Projects/Mahsa/datasets/lrs2/lrs2_v1/mvlrs_v1/main/6336851442541654996/00001.mp4,147,297,4.170647621154785,0.9999999999999999
116,7,/home/nabizadz/Projects/Mahsa/datasets/lrs2/lrs2_v1/mvlrs_v1/main/6373326022806137973/00005.mp4,1,151,1.1417076587677002,0.73136442866785
117,0,/home/nabizadz/Projects/Mahsa/datasets/lrs2/lrs2_v1/mvlrs_v1/main/6373326022806137973/00014.mp4,36,186,1.202540397644043,0.7135076058389704
117,1,/home/nabizadz/Projects/Mahsa/datasets/lrs2/lrs2_v1/mvlrs_v1/main/6373326022806137973/00015.mp4,66,216,1.9759933948516846,0.9091335777177302
117,2,/home/nabizadz/Projects/Mahsa/datasets/lrs2/lrs2_v1/mvlrs_v1/main/6373627529510317190/00002.mp4,72,222,3.3416216373443604,0.9997500294502576
117,3,/home/nabizadz/Projects/Mahsa/datasets/lrs2/lrs2_v1/mvlrs_v1/main/6373627529510317190/00004.mp4,63,213,1.239214539527893,0.7567300322310395
117,4,/home/nabizadz/Projects/Mahsa/datasets/lrs2/lrs2_v1/mvlrs_v1/main/6373627529510317190/00005.mp4,96,246,2.0979747772216797,0.8941073967393769
117,5,/home/nabizadz/Projects/Mahsa/datasets/lrs2/lrs2_v1/mvlrs_v1/main/6374060462213818017/00007.mp4,8,158,1.0623528957366943,0.6175124493592369
117,6,/home/nabizadz/Projects/Mahsa/datasets/lrs2/lrs2_v1/mvlrs_v1/main/6374060462213818017/00008.mp4,28,178,1.055985450744629,0.5448111588757497
117,7,/home/nabizadz/Projects/Mahsa/datasets/lrs2/lrs2_v1/mvlrs_v1/main/6374083655037216420/00004.mp4,114,264,2.075887680053711,0.9761750239592577
118,0,/home/nabizadz/Projects/Mahsa/datasets/lrs2/lrs2_v1/mvlrs_v1/main/6374083655167624227/00010.mp4,105,255,1.4591612815856934,0.7675949637142628
118,1,/home/nabizadz/Projects/Mahsa/datasets/lrs2/lrs2_v1/mvlrs_v1/main/6336917155541276097/00004.mp4,89,239,1.809525966644287,0.84830259195468
118,2,/home/nabizadz/Projects/Mahsa/datasets/lrs2/lrs2_v1/mvlrs_v1/main/6374083655167624227/00018.mp4,8,158,1.491420030593872,0.77589715236795
118,3,/home/nabizadz/Projects/Mahsa/datasets/lrs2/lrs2_v1/mvlrs_v1/main/6374083655167624227/00022.mp4,55,205,1.1881979703903198,0.7172575385907439
118,4,/home/nabizadz/Projects/Mahsa/datasets/lrs2/lrs2_v1/mvlrs_v1/main/6374083655167624227/00037.mp4,112,262,1.7105940580368042,0.8206562166827278
118,5,/home/nabizadz/Projects/Mahsa/datasets/lrs2/lrs2_v1/mvlrs_v1/main/6374083655167624227/00045.mp4,86,236,1.4400891065597534,0.7342311787669875
118,6,/home/nabizadz/Projects/Mahsa/datasets/lrs2/lrs2_v1/mvlrs_v1/main/6374083655167624227/00053.mp4,54,204,1.436845064163208,0.8345454408205433
118,7,/home/nabizadz/Projects/Mahsa/datasets/lrs2/lrs2_v1/mvlrs_v1/main/6374083655167624227/00057.mp4,83,233,1.2250151634216309,0.6944673780921153
119,0,/home/nabizadz/Projects/Mahsa/datasets/lrs2/lrs2_v1/mvlrs_v1/main/6374083655167624227/00058.mp4,21,171,1.156220555305481,0.4736272379997094
119,1,/home/nabizadz/Projects/Mahsa/datasets/lrs2/lrs2_v1/mvlrs_v1/main/6374083655167624227/00059.mp4,35,185,1.1719220876693726,0.6087849595423476
119,2,/home/nabizadz/Projects/Mahsa/datasets/lrs2/lrs2_v1/mvlrs_v1/main/6374083655167624227/00079.mp4,52,202,1.4504987001419067,0.6859005237087972
119,3,/home/nabizadz/Projects/Mahsa/datasets/lrs2/lrs2_v1/mvlrs_v1/main/6374083655167624227/00083.mp4,147,297,4.2477264404296875,0.9999999999999998
119,4,/home/nabizadz/Projects/Mahsa/datasets/lrs2/lrs2_v1/mvlrs_v1/main/6336917155541276097/00005.mp4,30,180,1.6288092136383057,0.7435619607624062
119,5,/home/nabizadz/Projects/Mahsa/datasets/lrs2/lrs2_v1/mvlrs_v1/main/6374083655167624227/00085.mp4,21,171,1.0878268480300903,0.6024666270638556
119,6,/home/nabizadz/Projects/Mahsa/datasets/lrs2/lrs2_v1/mvlrs_v1/main/6374083655167624227/00102.mp4,133,283,3.9916489124298096,1.0
119,7,/home/nabizadz/Projects/Mahsa/datasets/lrs2/lrs2_v1/mvlrs_v1/main/6374083655167624227/00105.mp4,3,153,1.059475302696228,0.5479545987695023
120,0,/home/nabizadz/Projects/Mahsa/datasets/lrs2/lrs2_v1/mvlrs_v1/main/6374083655167624227/00107.mp4,9,159,1.1572505235671997,0.529494462897631
120,1,/home/nabizadz/Projects/Mahsa/datasets/lrs2/lrs2_v1/mvlrs_v1/main/6374083655167624227/00119.mp4,119,269,2.447343111038208,0.9666428620034541
120,2,/home/nabizadz/Projects/Mahsa/datasets/lrs2/lrs2_v1/mvlrs_v1/main/6374454740211592999/00010.mp4,141,291,4.129299640655518,1.0
120,3,/home/nabizadz/Projects/Mahsa/datasets/lrs2/lrs2_v1/mvlrs_v1/main/6374802632562566873/00011.mp4,126,276,1.1832449436187744,0.8247238075643206
120,4,/home/nabizadz/Projects/Mahsa/datasets/lrs2/lrs2_v1/mvlrs_v1/main/6374802632562566873/00024.mp4,92,242,3.6386611461639404,0.9999999999999996
120,5,/home/nabizadz/Projects/Mahsa/datasets/lrs2/lrs2_v1/mvlrs_v1/main/6375181448678007969/00005.mp4,12,162,1.088855266571045,0.49061902406485286
120,6,/home/nabizadz/Projects/Mahsa/datasets/lrs2/lrs2_v1/mvlrs_v1/main/6375181448678076214/00002.mp4,71,221,1.6204369068145752,0.8986560164438832
120,7,/home/nabizadz/Projects/Mahsa/datasets/lrs2/lrs2_v1/mvlrs_v1/main/6336917155541276097/00007.mp4,62,212,1.7075879573822021,0.8007224022160424
121,0,/home/nabizadz/Projects/Mahsa/datasets/lrs2/lrs2_v1/mvlrs_v1/main/6375448166147161013/00031.mp4,7,157,1.1669410467147827,0.2421820210056411
121,1,/home/nabizadz/Projects/Mahsa/datasets/lrs2/lrs2_v1/mvlrs_v1/main/6375480378401815497/00001.mp4,33,183,1.2065844535827637,0.6866799491414238
121,2,/home/nabizadz/Projects/Mahsa/datasets/lrs2/lrs2_v1/mvlrs_v1/main/6375480378401815497/00004.mp4,136,286,4.097901821136475,1.0
121,3,/home/nabizadz/Projects/Mahsa/datasets/lrs2/lrs2_v1/mvlrs_v1/main/6375480378401815497/00011.mp4,61,211,1.614393949508667,0.8438250164153044
121,4,/home/nabizadz/Projects/Mahsa/datasets/lrs2/lrs2_v1/mvlrs_v1/main/6375480378401815497/00024.mp4,94,244,2.9686219692230225,0.9892666020314729
121,5,/home/nabizadz/Projects/Mahsa/datasets/lrs2/lrs2_v1/mvlrs_v1/main/6375516456127164915/00004.mp4,97,247,1.7862555980682373,0.8474427263643655
121,6,/home/nabizadz/Projects/Mahsa/datasets/lrs2/lrs2_v1/mvlrs_v1/main/6375516456127164915/00006.mp4,48,198,1.3146885633468628,0.5981416183531563
121,7,/home/nabizadz/Projects/Mahsa/datasets/lrs2/lrs2_v1/mvlrs_v1/main/6375516456127164915/00014.mp4,146,296,4.239808559417725,0.9999999999999994
122,0,/home/nabizadz/Projects/Mahsa/datasets/lrs2/lrs2_v1/mvlrs_v1/main/6375915888085690147/00005.mp4,72,222,1.9181115627288818,0.8980130481958355
122,1,/home/nabizadz/Projects/Mahsa/datasets/lrs2/lrs2_v1/mvlrs_v1/main/6375915888085690147/00015.mp4,85,235,1.2982070446014404,0.8094017331557605
122,2,/home/nabizadz/Projects/Mahsa/datasets/lrs2/lrs2_v1/mvlrs_v1/main/6336917155541276097/00022.mp4,97,247,1.871399164199829,0.870422230279689
122,3,/home/nabizadz/Projects/Mahsa/datasets/lrs2/lrs2_v1/mvlrs_v1/main/6375915888085690147/00022.mp4,138,288,1.784889817237854,0.8192626942754586
122,4,/home/nabizadz/Projects/Mahsa/datasets/lrs2/lrs2_v1/mvlrs_v1/main/6375915888085690147/00023.mp4,36,186,1.2849491834640503,0.6753535614766407
122,5,/home/nabizadz/Projects/Mahsa/datasets/lrs2/lrs2_v1/mvlrs_v1/main/6375915888085690147/00033.mp4,98,248,3.6994271278381348,0.999824597114766
122,6,/home/nabizadz/Projects/Mahsa/datasets/lrs2/lrs2_v1/mvlrs_v1/main/6375915888085690147/00041.mp4,41,191,1.5033044815063477,0.7858619163306042
122,7,/home/nabizadz/Projects/Mahsa/datasets/lrs2/lrs2_v1/mvlrs_v1/main/6375915888085690147/00045.mp4,101,251,1.595543622970581,0.9602841114511982
123,0,/home/nabizadz/Projects/Mahsa/datasets/lrs2/lrs2_v1/mvlrs_v1/main/6375915888085690147/00047.mp4,84,234,1.2594244480133057,0.7509357066924854
123,1,/home/nabizadz/Projects/Mahsa/datasets/lrs2/lrs2_v1/mvlrs_v1/main/6375915888085690147/00048.mp4,41,191,1.2581936120986938,0.6371239373857023
123,2,/home/nabizadz/Projects/Mahsa/datasets/lrs2/lrs2_v1/mvlrs_v1/main/6375923619026758902/00014.mp4,146,296,4.261504173278809,1.0
123,3,/home/nabizadz/Projects/Mahsa/datasets/lrs2/lrs2_v1/mvlrs_v1/main/6375923619026758902/00015.mp4,118,268,1.4129875898361206,0.8187403629478615
123,4,/home/nabizadz/Projects/Mahsa/datasets/lrs2/lrs2_v1/mvlrs_v1/main/6375923619026758902/00020.mp4,12,162,1.2160537242889404,0.7081957899055259
123,5,/home/nabizadz/Projects/Mahsa/datasets/lrs2/lrs2_v1/mvlrs_v1/main/6336917155541276097/00037.mp4,95,245,3.5780436992645264,0.9999999999999996
123,6,/home/nabizadz/Projects/Mahsa/datasets/lrs2/lrs2_v1/mvlrs_v1/main/6376310166083398929/00004.mp4,141,291,2.190108060836792,0.9788746663177987
123,7,/home/nabizadz/Projects/Mahsa/datasets/lrs2/lrs2_v1/mvlrs_v1/main/6376623269199281113/00006.mp4,117,267,2.0021214485168457,0.9288956078281966
124,0,/home/nabizadz/Projects/Mahsa/datasets/lrs2/lrs2_v1/mvlrs_v1/main/6376623269199281113/00008.mp4,37,187,1.1711701154708862,0.6812855260378741
124,1,/home/nabizadz/Projects/Mahsa/datasets/lrs2/lrs2_v1/mvlrs_v1/main/6376623269199281113/00012.mp4,125,275,1.5326886177062988,0.8375599858330455
124,2,/home/nabizadz/Projects/Mahsa/datasets/lrs2/lrs2_v1/mvlrs_v1/main/6377052336432217027/00002.mp4,10,160,1.0903260707855225,0.5503238675413054
124,3,/home/nabizadz/Projects/Mahsa/datasets/lrs2/lrs2_v1/mvlrs_v1/main/6377052336432217027/00006.mp4,78,228,1.2330224514007568,0.7526478518420596
124,4,/home/nabizadz/Projects/Mahsa/datasets/lrs2/lrs2_v1/mvlrs_v1/main/6377052336432217027/00008.mp4,121,271,3.904017448425293,0.9999999999999998
124,5,/home/nabizadz/Projects/Mahsa/datasets/lrs2/lrs2_v1/mvlrs_v1/main/6377365439548029922/00007.mp4,93,243,1.2908880710601807,0.6525531119046817
124,6,/home/nabizadz/Projects/Mahsa/datasets/lrs2/lrs2_v1/mvlrs_v1/main/6377365439548029922/00009.mp4,113,263,2.2058441638946533,0.9787018684483508
124,7,/home/nabizadz/Projects/Mahsa/datasets/lrs2/lrs2_v1/mvlrs_v1/main/6377365439548029922/00022.mp4,19,169,1.102840542793274,0.4783883512748486
125,0,/home/nabizadz/Projects/Mahsa/datasets/lrs2/lrs2_v1/mvlrs_v1/main/6377365439548029922/00024.mp4,17,167,1.053353190422058,0.5555727665316119
125,1,/home/nabizadz/Projects/Mahsa/datasets/lrs2/lrs2_v1/mvlrs_v1/main/6377365439548029922/00025.mp4,37,187,1.2940058708190918,0.6711709572576164
125,2,/home/nabizadz/Projects/Mahsa/datasets/lrs2/lrs2_v1/mvlrs_v1/main/6377365439548029922/00026.mp4,129,279,2.564878225326538,0.9781609854501708
125,3,/home/nabizadz/Projects/Mahsa/datasets/lrs2/lrs2_v1/mvlrs_v1/main/6377365439548029922/00031.mp4,33,183,1.243241310119629,0.7760006921486897
125,4,/home/nabizadz/Projects/Mahsa/datasets/lrs2/lrs2_v1/mvlrs_v1/main/6377365439548029922/00039.mp4,1,151,1.1993917226791382,0.6614624178481565
125,5,/home/nabizadz/Projects/Mahsa/datasets/lrs2/lrs2_v1/mvlrs_v1/main/6377400228783189968/00001.mp4,125,275,3.954282760620117,0.9983327399701147
125,6,/home/nabizadz/Projects/Mahsa/datasets/lrs2/lrs2_v1/mvlrs_v1/main/6377400228783189968/00015.mp4,4,154,1.093630313873291,0.5885159130687371
125,7,/home/nabizadz/Projects/Mahsa/datasets/lrs2/lrs2_v1/mvlrs_v1/main/6377779044898631026/00001.mp4,125,275,1.7521880865097046,0.8971920579635956
126,0,/home/nabizadz/Projects/Mahsa/datasets/lrs2/lrs2_v1/mvlrs_v1/main/6377794506780964609/00004.mp4,45,195,1.1465352773666382,0.5708269511336077
126,1,/home/nabizadz/Projects/Mahsa/datasets/lrs2/lrs2_v1/mvlrs_v1/main/6377794506780964609/00009.mp4,123,273,1.9436577558517456,0.8560685242407992
126,2,/home/nabizadz/Projects/Mahsa/datasets/lrs2/lrs2_v1/mvlrs_v1/main/6377794506780964609/00010.mp4,16,166,1.1043707132339478,0.6455464396510411
126,3,/home/nabizadz/Projects/Mahsa/datasets/lrs2/lrs2_v1/mvlrs_v1/main/6377794506780964609/00012.mp4,47,197,1.6340370178222656,0.7763788551300348
126,4,/home/nabizadz/Projects/Mahsa/datasets/lrs2/lrs2_v1/mvlrs_v1/main/6377794506780964609/00013.mp4,142,292,4.0928730964660645,0.9999999999999999
126,5,/home/nabizadz/Projects/Mahsa/datasets/lrs2/lrs2_v1/mvlrs_v1/main/6378096013485054233/00006.mp4,108,258,1.9369770288467407,0.9278455120371784
126,6,/home/nabizadz/Projects/Mahsa/datasets/lrs2/lrs2_v1/mvlrs_v1/main/6378324076248495598/00012.mp4,31,181,1.1945439577102661,0.49026391037717165
126,7,/home/nabizadz/Projects/Mahsa/datasets/lrs2/lrs2_v1/mvlrs_v1/main/6378795663657663776/00003.mp4,37,187,1.2338669300079346,0.7770938439805515
127,0,/home/nabizadz/Projects/Mahsa/datasets/lrs2/lrs2_v1/mvlrs_v1/main/6378795663657663776/00004.mp4,2,152,1.09230637550354,0.5793460076644174
127,1,/home/nabizadz/Projects/Mahsa/datasets/lrs2/lrs2_v1/mvlrs_v1/main/6378795663657663776/00006.mp4,50,200,1.195267677307129,0.6107093386110019
127,2,/home/nabizadz/Projects/Mahsa/datasets/lrs2/lrs2_v1/mvlrs_v1/main/6378853645716094465/00004.mp4,114,264,2.5064313411712646,0.9371677088830955
127,3,/home/nabizadz/Projects/Mahsa/datasets/lrs2/lrs2_v1/mvlrs_v1/main/6378853645716094465/00007.mp4,112,262,2.8657066822052,0.9344716524116621
127,4,/home/nabizadz/Projects/Mahsa/datasets/lrs2/lrs2_v1/mvlrs_v1/main/6378907762304088259/00004.mp4,101,251,1.6505868434906006,0.873219859200501
127,5,/home/nabizadz/Projects/Mahsa/datasets/lrs2/lrs2_v1/mvlrs_v1/main/6378907762304088259/00008.mp4,18,168,1.129692554473877,0.6136008041927544
127,6,/home/nabizadz/Projects/Mahsa/datasets/lrs2/lrs2_v1/mvlrs_v1/main/6379224730890468911/00024.mp4,107,257,2.9712600708007812,0.996156764974805
127,7,/home/nabizadz/Projects/Mahsa/datasets/lrs2/lrs2_v1/mvlrs_v1/main/6379224730890468911/00025.mp4,118,268,2.706782579421997,0.9565360184520749
128,0,/home/nabizadz/Projects/Mahsa/datasets/lrs2/lrs2_v1/mvlrs_v1/main/6379537834006412580/00008.mp4,77,227,3.2793490886688232,0.9979395796890045
128,1,/home/nabizadz/Projects/Mahsa/datasets/lrs2/lrs2_v1/mvlrs_v1/main/6379537834006412580/00010.mp4,93,243,2.2186036109924316,0.9763919316418607
128,2,/home/nabizadz/Projects/Mahsa/datasets/lrs2/lrs2_v1/mvlrs_v1/main/6379537834006412580/00017.mp4,117,267,2.398512363433838,0.9634905382937429
128,3,/home/nabizadz/Projects/Mahsa/datasets/lrs2/lrs2_v1/mvlrs_v1/main/6379537834006412580/00020.mp4,48,198,1.5699090957641602,0.7667808808260428
128,4,/home/nabizadz/Projects/Mahsa/datasets/lrs2/lrs2_v1/mvlrs_v1/main/6379595816064843367/00017.mp4,90,240,2.188230037689209,0.9750228320570955
128,5,/home/nabizadz/Projects/Mahsa/datasets/lrs2/lrs2_v1/mvlrs_v1/main/6379649932652838513/00008.mp4,126,276,3.9698143005371094,0.9999999999999999
128,6,/home/nabizadz/Projects/Mahsa/datasets/lrs2/lrs2_v1/mvlrs_v1/main/6379649932652838513/00016.mp4,50,200,1.2990432977676392,0.7457650244196425
128,7,/home/nabizadz/Projects/Mahsa/datasets/lrs2/lrs2_v1/mvlrs_v1/main/6379908919180786981/00001.mp4,27,177,1.2106159925460815,0.5004408990773582
129,0,/home/nabizadz/Projects/Mahsa/datasets/lrs2/lrs2_v1/mvlrs_v1/main/6379908919180786981/00003.mp4,30,180,1.256859302520752,0.5962212912065783
129,1,/home/nabizadz/Projects/Mahsa/datasets/lrs2/lrs2_v1/mvlrs_v1/main/6379908919180786981/00007.mp4,98,248,1.486396312713623,0.8177168966244207
129,2,/home/nabizadz/Projects/Mahsa/datasets/lrs2/lrs2_v1/mvlrs_v1/main/6380021017827118123/00015.mp4,130,280,3.9459009170532227,0.9999999999999996
129,3,/home/nabizadz/Projects/Mahsa/datasets/lrs2/lrs2_v1/mvlrs_v1/main/6380021017957616097/00018.mp4,150,300,3.8286120891571045,0.9991119717451633
129,4,/home/nabizadz/Projects/Mahsa/datasets/lrs2/lrs2_v1/mvlrs_v1/main/6380021017957616097/00021.mp4,22,172,1.141491174697876,0.5650125809413679
129,5,/home/nabizadz/Projects/Mahsa/datasets/lrs2/lrs2_v1/mvlrs_v1/main/6380021017957616097/00030.mp4,58,208,1.076493501663208,0.7104897038382593
129,6,/home/nabizadz/Projects/Mahsa/datasets/lrs2/lrs2_v1/mvlrs_v1/main/6380036479839881698/00007.mp4,4,154,1.2689106464385986,0.7419494331811953
129,7,/home/nabizadz/Projects/Mahsa/datasets/lrs2/lrs2_v1/mvlrs_v1/main/6380036479839881698/00012.mp4,62,212,2.173994779586792,0.9476191659414404
130,0,/home/nabizadz/Projects/Mahsa/datasets/lrs2/lrs2_v1/mvlrs_v1/main/6380036479839881698/00027.mp4,118,268,1.227372646331787,0.7115328705938384
130,1,/home/nabizadz/Projects/Mahsa/datasets/lrs2/lrs2_v1/mvlrs_v1/main/6380036479839881698/00029.mp4,111,261,3.138676166534424,0.999354405361409
130,2,/home/nabizadz/Projects/Mahsa/datasets/lrs2/lrs2_v1/mvlrs_v1/main/6380036479839881698/00036.mp4,78,228,1.9471664428710938,0.9672586887013896
130,3,/home/nabizadz/Projects/Mahsa/datasets/lrs2/lrs2_v1/mvlrs_v1/main/6380036479839881698/00047.mp4,137,287,3.9971539974212646,0.9999999999999998
130,4,/home/nabizadz/Projects/Mahsa/datasets/lrs2/lrs2_v1/mvlrs_v1/main/6380036479839881698/00049.mp4,19,169,1.101067304611206,0.6009878836419382
130,5,/home/nabizadz/Projects/Mahsa/datasets/lrs2/lrs2_v1/mvlrs_v1/main/6380280004355161382/00011.mp4,84,234,1.3944098949432373,0.7827177847031601
130,6,/home/nabizadz/Projects/Mahsa/datasets/lrs2/lrs2_v1/mvlrs_v1/main/6380280004355161382/00018.mp4,16,166,1.0550124645233154,0.4016906784021782
130,7,/home/nabizadz/Projects/Mahsa/datasets/lrs2/lrs2_v1/mvlrs_v1/main/6380921672469118671/00002.mp4,42,192,1.1252251863479614,0.6505982506260931
131,0,/home/nabizadz/Projects/Mahsa/datasets/lrs2/lrs2_v1/mvlrs_v1/main/6381381663466492945/00005.mp4,1,151,1.1299642324447632,0.6233201766728882
131,1,/home/nabizadz/Projects/Mahsa/datasets/lrs2/lrs2_v1/mvlrs_v1/main/6381381663466492945/00031.mp4,29,179,1.0668132305145264,0.6460111513967713
131,2,/home/nabizadz/Projects/Mahsa/datasets/lrs2/lrs2_v1/mvlrs_v1/main/6381381663466492945/00032.mp4,144,294,1.331072449684143,0.7502154768382046
131,3,/home/nabizadz/Projects/Mahsa/datasets/lrs2/lrs2_v1/mvlrs_v1/main/6381395836858569746/00005.mp4,33,183,1.2146811485290527,0.7008926604152773
131,4,/home/nabizadz/Projects/Mahsa/datasets/lrs2/lrs2_v1/mvlrs_v1/main/6381395836858569746/00009.mp4,117,267,4.056939125061035,1.0
131,5,/home/nabizadz/Projects/Mahsa/datasets/lrs2/lrs2_v1/mvlrs_v1/main/6381766922032944158/00007.mp4,39,189,1.395209550857544,0.6271769418851059
131,6,/home/nabizadz/Projects/Mahsa/datasets/lrs2/lrs2_v1/mvlrs_v1/main/6381766922032944158/00011.mp4,127,277,1.4941577911376953,0.8054375680992467
131,7,/home/nabizadz/Projects/Mahsa/datasets/lrs2/lrs2_v1/mvlrs_v1/main/6381766922032944158/00020.mp4,83,233,1.403523564338684,0.8108811308414283
132,0,/home/nabizadz/Projects/Mahsa/datasets/lrs2/lrs2_v1/mvlrs_v1/main/6381853250875656673/00019.mp4,117,267,2.962298631668091,0.9958256902988512
132,1,/home/nabizadz/Projects/Mahsa/datasets/lrs2/lrs2_v1/mvlrs_v1/main/6381853250875656673/00027.mp4,98,248,1.9129892587661743,0.9310182296423655
132,2,/home/nabizadz/Projects/Mahsa/datasets/lrs2/lrs2_v1/mvlrs_v1/main/6382138007207318567/00010.mp4,81,231,1.3164561986923218,0.6670877675812572
132,3,/home/nabizadz/Projects/Mahsa/datasets/lrs2/lrs2_v1/mvlrs_v1/main/6382189546814897943/00006.mp4,116,266,2.3054323196411133,0.9674431021068352
132,4,/home/nabizadz/Projects/Mahsa/datasets/lrs2/lrs2_v1/mvlrs_v1/main/6382189546814897943/00013.mp4,44,194,1.373218297958374,0.7300834999656162
132,5,/home/nabizadz/Projects/Mahsa/datasets/lrs2/lrs2_v1/mvlrs_v1/main/6382189546814897943/00014.mp4,63,213,2.6690917015075684,0.9970962993109942
132,6,/home/nabizadz/Projects/Mahsa/datasets/lrs2/lrs2_v1/mvlrs_v1/main/6382189546814897943/00018.mp4,105,255,1.8231701850891113,0.8418856956744675
132,7,/home/nabizadz/Projects/Mahsa/datasets/lrs2/lrs2_v1/mvlrs_v1/main/6382189546814897943/00019.mp4,74,224,1.7986254692077637,0.7628431591805083
133,0,/home/nabizadz/Projects/Mahsa/datasets/lrs2/lrs2_v1/mvlrs_v1/main/6382232067121597643/00009.mp4,125,275,3.9629313945770264,0.9999999999999997
133,1,/home/nabizadz/Projects/Mahsa/datasets/lrs2/lrs2_v1/mvlrs_v1/main/6382232067121597643/00013.mp4,34,184,1.1365219354629517,0.5829521629294989
133,2,/home/nabizadz/Projects/Mahsa/datasets/lrs2/lrs2_v1/mvlrs_v1/main/6382247528873432347/00016.mp4,144,294,4.1261820793151855,0.9999999999999999
133,3,/home/nabizadz/Projects/Mahsa/datasets/lrs2/lrs2_v1/mvlrs_v1/main/6382247528873432347/00020.mp4,30,180,1.0679188966751099,0.508836797090567
133,4,/home/nabizadz/Projects/Mahsa/datasets/lrs2/lrs2_v1/mvlrs_v1/main/6382189546814897943/00023.mp4,11,161,1.088289499282837,0.7066821171148182
133,5,/home/nabizadz/Projects/Mahsa/datasets/lrs2/lrs2_v1/mvlrs_v1/main/6382189546814897943/00024.mp4,12,162,1.1168454885482788,0.6127499302674726
133,6,/home/nabizadz/Projects/Mahsa/datasets/lrs2/lrs2_v1/mvlrs_v1/main/6382189546814897943/00026.mp4,1,151,1.1585019826889038,0.7116426717419685
133,7,/home/nabizadz/Projects/Mahsa/datasets/lrs2/lrs2_v1/mvlrs_v1/main/6382189546814897943/00036.mp4,129,279,1.5925688743591309,0.86943767208719
134,0,/home/nabizadz/Projects/Mahsa/datasets/lrs2/lrs2_v1/mvlrs_v1/main/6382506515401378320/00001.mp4,45,195,1.3112120628356934,0.7817749441683661
134,1,/home/nabizadz/Projects/Mahsa/datasets/lrs2/lrs2_v1/mvlrs_v1/main/6382595421224405529/00009.mp4,40,190,1.2106813192367554,0.7796135090639329
134,2,/home/nabizadz/Projects/Mahsa/datasets/lrs2/lrs2_v1/mvlrs_v1/main/6382595421224405529/00020.mp4,52,202,1.211560845375061,0.6340957833546773
134,3,/home/nabizadz/Projects/Mahsa/datasets/lrs2/lrs2_v1/mvlrs_v1/main/6382618614178237455/00003.mp4,97,247,1.2774674892425537,0.7661621701739321
134,4,/home/nabizadz/Projects/Mahsa/datasets/lrs2/lrs2_v1/mvlrs_v1/main/6382618614178237455/00013.mp4,100,250,1.0985714197158813,0.5905308765116739
134,5,/home/nabizadz/Projects/Mahsa/datasets/lrs2/lrs2_v1/mvlrs_v1/main/6382618614178237455/00014.mp4,25,175,1.1446690559387207,0.6438450676264834
134,6,/home/nabizadz/Projects/Mahsa/datasets/lrs2/lrs2_v1/mvlrs_v1/main/6382618614178237455/00017.mp4,70,220,1.320124864578247,0.6835743581260365
134,7,/home/nabizadz/Projects/Mahsa/datasets/lrs2/lrs2_v1/mvlrs_v1/main/6382618614178237455/00020.mp4,79,229,1.530120849609375,0.9115699840087809
135,0,/home/nabizadz/Projects/Mahsa/datasets/lrs2/lrs2_v1/mvlrs_v1/main/6382618614178237455/00024.mp4,148,298,3.818995237350464,0.9981109173951823
135,1,/home/nabizadz/Projects/Mahsa/datasets/lrs2/lrs2_v1/mvlrs_v1/main/6382618614178237455/00026.mp4,108,258,1.6985214948654175,0.8761390276041198
135,2,/home/nabizadz/Projects/Mahsa/datasets/lrs2/lrs2_v1/mvlrs_v1/main/6382618614178237455/00029.mp4,31,181,1.62301504611969,0.7271500930309028
135,3,/home/nabizadz/Projects/Mahsa/datasets/lrs2/lrs2_v1/mvlrs_v1/main/6382618614178237455/00033.mp4,27,177,1.136699914932251,0.6834565702069113
135,4,/home/nabizadz/Projects/Mahsa/datasets/lrs2/lrs2_v1/mvlrs_v1/main/6382618614178237455/00035.mp4,70,220,2.3427059650421143,0.9740909957053377
135,5,/home/nabizadz/Projects/Mahsa/datasets/lrs2/lrs2_v1/mvlrs_v1/main/6382618614178237455/00036.mp4,6,156,1.2010308504104614,0.725775489871401
135,6,/home/nabizadz/Projects/Mahsa/datasets/lrs2/lrs2_v1/mvlrs_v1/main/6382618614178237455/00037.mp4,50,200,1.9232386350631714,0.9463957361258437
135,7,/home/nabizadz/Projects/Mahsa/datasets/lrs2/lrs2_v1/mvlrs_v1/main/6382618614178237455/00045.mp4,92,242,1.5421366691589355,0.9095485505180636
136,0,/home/nabizadz/Projects/Mahsa/datasets/lrs2/lrs2_v1/mvlrs_v1/main/6382866004163990600/00003.mp4,33,183,1.1577050685882568,0.68059353590338
136,1,/home/nabizadz/Projects/Mahsa/datasets/lrs2/lrs2_v1/mvlrs_v1/main/6382877600575782419/00001.mp4,64,214,1.1152098178863525,0.68160194264408
136,2,/home/nabizadz/Projects/Mahsa/datasets/lrs2/lrs2_v1/mvlrs_v1/main/6382880177556067401/00003.mp4,136,286,4.096248626708984,0.9999999999999999
136,3,/home/nabizadz/Projects/Mahsa/datasets/lrs2/lrs2_v1/mvlrs_v1/main/6382880177556067401/00006.mp4,75,225,2.0712528228759766,0.8222255896791422
136,4,/home/nabizadz/Projects/Mahsa/datasets/lrs2/lrs2_v1/mvlrs_v1/main/6382880177556067401/00009.mp4,84,234,1.2708728313446045,0.5757916233049208
136,5,/home/nabizadz/Projects/Mahsa/datasets/lrs2/lrs2_v1/mvlrs_v1/main/6382880177556067401/00014.mp4,105,255,1.666761875152588,0.89920143854055
136,6,/home/nabizadz/Projects/Mahsa/datasets/lrs2/lrs2_v1/mvlrs_v1/main/6382880177556067401/00020.mp4,107,257,1.2156949043273926,0.5989131670779896
136,7,/home/nabizadz/Projects/Mahsa/datasets/lrs2/lrs2_v1/mvlrs_v1/main/6382931717163617970/00008.mp4,1,151,1.1196205615997314,0.5773859463304303
137,0,/home/nabizadz/Projects/Mahsa/datasets/lrs2/lrs2_v1/mvlrs_v1/main/6382931717163617970/00017.mp4,124,274,2.3787622451782227,0.8977810976068489
137,1,/home/nabizadz/Projects/Mahsa/datasets/lrs2/lrs2_v1/mvlrs_v1/main/6382931717163617970/00025.mp4,95,245,1.8673007488250732,0.8939248562453582
137,2,/home/nabizadz/Projects/Mahsa/datasets/lrs2/lrs2_v1/mvlrs_v1/main/6382974237339848372/00005.mp4,71,221,3.344611883163452,0.9994331726019647
137,3,/home/nabizadz/Projects/Mahsa/datasets/lrs2/lrs2_v1/mvlrs_v1/main/6383596578101103163/00010.mp4,3,153,1.312664270401001,0.8551827627057164
137,4,/home/nabizadz/Projects/Mahsa/datasets/lrs2/lrs2_v1/mvlrs_v1/main/6383716407688597209/00001.mp4,26,176,1.0618274211883545,0.6693646037329233
137,5,/home/nabizadz/Projects/Mahsa/datasets/lrs2/lrs2_v1/mvlrs_v1/main/6383716407688597209/00006.mp4,32,182,1.10555899143219,0.7068441148505863
137,6,/home/nabizadz/Projects/Mahsa/datasets/lrs2/lrs2_v1/mvlrs_v1/main/6383716407688597209/00011.mp4,41,191,1.2410318851470947,0.6580951003353745
137,7,/home/nabizadz/Projects/Mahsa/datasets/lrs2/lrs2_v1/mvlrs_v1/main/6383716407688597209/00018.mp4,97,247,3.018656015396118,0.9911883757948344
138,0,/home/nabizadz/Projects/Mahsa/datasets/lrs2/lrs2_v1/mvlrs_v1/main/6383716407688597209/00020.mp4,57,207,1.8747479915618896,0.9127840784905236
138,1,/home/nabizadz/Projects/Mahsa/datasets/lrs2/lrs2_v1/mvlrs_v1/main/6383716407688597209/00024.mp4,141,291,2.9095921516418457,0.9789502237026229
138,2,/home/nabizadz/Projects/Mahsa/datasets/lrs2/lrs2_v1/mvlrs_v1/main/6383716407688597209/00025.mp4,19,169,1.2852435111999512,0.7203186845978915
138,3,/home/nabizadz/Projects/Mahsa/datasets/lrs2/lrs2_v1/mvlrs_v1/main/6383716407688597209/00035.mp4,8,158,1.3697428703308105,0.7320675130345912
138,4,/home/nabizadz/Projects/Mahsa/datasets/lrs2/lrs2_v1/mvlrs_v1/main/6383716407688597209/00036.mp4,76,226,1.3033334016799927,0.6436594929947713
138,5,/home/nabizadz/Projects/Mahsa/datasets/lrs2/lrs2_v1/mvlrs_v1/main/6383990856098877828/00004.mp4,127,277,3.6271936893463135,0.9995651976861971
138,6,/home/nabizadz/Projects/Mahsa/datasets/lrs2/lrs2_v1/mvlrs_v1/main/6383990856098877828/00005.mp4,20,170,1.0926672220230103,0.5984243623742325
138,7,/home/nabizadz/Projects/Mahsa/datasets/lrs2/lrs2_v1/mvlrs_v1/main/6383993433079191521/00008.mp4,25,175,1.2463669776916504,0.557847465108338
139,0,/home/nabizadz/Projects/Mahsa/datasets/lrs2/lrs2_v1/mvlrs_v1/main/6384102954745239874/00014.mp4,85,235,1.9737707376480103,0.9351814186356648
139,1,/home/nabizadz/Projects/Mahsa/datasets/lrs2/lrs2_v1/mvlrs_v1/main/6384102954745239874/00019.mp4,105,255,2.4715359210968018,0.9708692292618738
139,2,/home/nabizadz/Projects/Mahsa/datasets/lrs2/lrs2_v1/mvlrs_v1/main/6384361941273252259/00010.mp4,97,247,2.5467684268951416,0.99118765309641
139,3,/home/nabizadz/Projects/Mahsa/datasets/lrs2/lrs2_v1/mvlrs_v1/main/6384361941273252259/00012.mp4,39,189,1.3875396251678467,0.803904857297996
139,4,/home/nabizadz/Projects/Mahsa/datasets/lrs2/lrs2_v1/mvlrs_v1/main/6384044972686741229/00003.mp4,56,206,1.2275348901748657,0.7134857999873625
139,5,/home/nabizadz/Projects/Mahsa/datasets/lrs2/lrs2_v1/mvlrs_v1/main/6384044972686741229/00013.mp4,134,284,1.5502290725708008,0.8404180205934344
139,6,/home/nabizadz/Projects/Mahsa/datasets/lrs2/lrs2_v1/mvlrs_v1/main/6384044972686741229/00035.mp4,15,165,1.353844404220581,0.7978350954242783
139,7,/home/nabizadz/Projects/Mahsa/datasets/lrs2/lrs2_v1/mvlrs_v1/main/6384102954745239874/00007.mp4,144,294,4.147576332092285,1.0
140,0,/home/nabizadz/Projects/Mahsa/datasets/lrs2/lrs2_v1/mvlrs_v1/main/6384364518253565937/00001.mp4,143,293,3.6076152324676514,0.9999712965300711
140,1,/home/nabizadz/Projects/Mahsa/datasets/lrs2/lrs2_v1/mvlrs_v1/main/6384364518253565937/00011.mp4,135,285,1.324043869972229,0.7989190815953943
140,2,/home/nabizadz/Projects/Mahsa/datasets/lrs2/lrs2_v1/mvlrs_v1/main/6384364518253565937/00017.mp4,53,203,1.2717431783676147,0.8289209220968412
140,3,/home/nabizadz/Projects/Mahsa/datasets/lrs2/lrs2_v1/mvlrs_v1/main/6384787143035490080/00002.mp4,126,276,1.8617725372314453,0.8447613001438292
140,4,/home/nabizadz/Projects/Mahsa/datasets/lrs2/lrs2_v1/mvlrs_v1/main/6384787143035490080/00008.mp4,83,233,2.2459168434143066,0.9201856590302817
140,5,/home/nabizadz/Projects/Mahsa/datasets/lrs2/lrs2_v1/mvlrs_v1/main/6384787143035490080/00011.mp4,119,269,3.662210464477539,0.9997685558563966
140,6,/home/nabizadz/Projects/Mahsa/datasets/lrs2/lrs2_v1/mvlrs_v1/main/6384829663342218937/00003.mp4,135,285,3.5248231887817383,0.9996982270426414
140,7,/home/nabizadz/Projects/Mahsa/datasets/lrs2/lrs2_v1/mvlrs_v1/main/6384829663342218937/00011.mp4,13,163,1.3738486766815186,0.7902992928180294
141,0,/home/nabizadz/Projects/Mahsa/datasets/lrs2/lrs2_v1/mvlrs_v1/main/6384829663342218937/00013.mp4,120,270,4.04746675491333,0.9999999999999997
141,1,/home/nabizadz/Projects/Mahsa/datasets/lrs2/lrs2_v1/mvlrs_v1/main/6384829663342218937/00026.mp4,17,167,1.0620789527893066,0.4104073411022652
141,2,/home/nabizadz/Projects/Mahsa/datasets/lrs2/lrs2_v1/mvlrs_v1/main/6384829663342218937/00028.mp4,26,176,1.0942339897155762,0.4411184389762221
141,3,/home/nabizadz/Projects/Mahsa/datasets/lrs2/lrs2_v1/mvlrs_v1/main/6384829663342218937/00034.mp4,27,177,1.2023119926452637,0.5787549092717639
141,4,/home/nabizadz/Projects/Mahsa/datasets/lrs2/lrs2_v1/mvlrs_v1/main/6384829663342218937/00039.mp4,26,176,1.3224499225616455,0.5489371049653131
141,5,/home/nabizadz/Projects/Mahsa/datasets/lrs2/lrs2_v1/mvlrs_v1/main/6385104111622001114/00002.mp4,150,300,4.246679782867432,1.0
141,6,/home/nabizadz/Projects/Mahsa/datasets/lrs2/lrs2_v1/mvlrs_v1/main/6385104111622001114/00007.mp4,102,252,1.2459124326705933,0.5855338532440336
141,7,/home/nabizadz/Projects/Mahsa/datasets/lrs2/lrs2_v1/mvlrs_v1/main/6385106688602316013/00004.mp4,26,176,1.104231357574463,0.5145331468027751
142,0,/home/nabizadz/Projects/Mahsa/datasets/lrs2/lrs2_v1/mvlrs_v1/main/6385106688602316013/00005.mp4,54,204,1.3447240591049194,0.7585168050189556
142,1,/home/nabizadz/Projects/Mahsa/datasets/lrs2/lrs2_v1/mvlrs_v1/main/6385106688602316013/00013.mp4,109,259,1.3938956260681152,0.6455814039965411
142,2,/home/nabizadz/Projects/Mahsa/datasets/lrs2/lrs2_v1/mvlrs_v1/main/6385106688602316013/00026.mp4,143,293,2.2397539615631104,0.9625193863376499
142,3,/home/nabizadz/Projects/Mahsa/datasets/lrs2/lrs2_v1/mvlrs_v1/main/6385106688602316013/00028.mp4,72,222,3.2542335987091064,0.9999999999999999
142,4,/home/nabizadz/Projects/Mahsa/datasets/lrs2/lrs2_v1/mvlrs_v1/main/6385106688602316013/00040.mp4,90,240,1.973327875137329,0.9530248957987283
142,5,/home/nabizadz/Projects/Mahsa/datasets/lrs2/lrs2_v1/mvlrs_v1/main/6385106688602316013/00041.mp4,125,275,3.931490898132324,0.9999999999999998
142,6,/home/nabizadz/Projects/Mahsa/datasets/lrs2/lrs2_v1/mvlrs_v1/main/6385158228209864505/00003.mp4,98,248,2.300382614135742,0.9453669382415248
142,7,/home/nabizadz/Projects/Mahsa/datasets/lrs2/lrs2_v1/mvlrs_v1/main/6385158228209864505/00005.mp4,113,263,3.7858190536499023,0.9999999999999999
143,0,/home/nabizadz/Projects/Mahsa/datasets/lrs2/lrs2_v1/mvlrs_v1/main/6385158228209864505/00020.mp4,140,290,1.6662578582763672,0.913958716142215
143,1,/home/nabizadz/Projects/Mahsa/datasets/lrs2/lrs2_v1/mvlrs_v1/main/6385158228209864505/00028.mp4,15,165,1.1521426439285278,0.650813267861441
143,2,/home/nabizadz/Projects/Mahsa/datasets/lrs2/lrs2_v1/mvlrs_v1/main/6385158228209864505/00031.mp4,132,282,2.2102649211883545,0.8890573991571189
143,3,/home/nabizadz/Projects/Mahsa/datasets/lrs2/lrs2_v1/mvlrs_v1/main/6385216210398859008/00005.mp4,50,200,1.4790394306182861,0.8468874984993892
143,4,/home/nabizadz/Projects/Mahsa/datasets/lrs2/lrs2_v1/mvlrs_v1/main/6385216210398859008/00007.mp4,63,213,1.9868137836456299,0.9261875425764319
143,5,/home/nabizadz/Projects/Mahsa/datasets/lrs2/lrs2_v1/mvlrs_v1/main/6385216210398859008/00009.mp4,111,261,1.4152014255523682,0.7672986775052681
143,6,/home/nabizadz/Projects/Mahsa/datasets/lrs2/lrs2_v1/mvlrs_v1/main/6385475196796375542/00001.mp4,83,233,2.718108892440796,0.9444236364735371
143,7,/home/nabizadz/Projects/Mahsa/datasets/lrs2/lrs2_v1/mvlrs_v1/main/6385571833560469334/00009.mp4,20,170,1.374759316444397,0.5498546871295359
144,0,/home/nabizadz/Projects/Mahsa/datasets/lrs2/lrs2_v1/mvlrs_v1/main/6386314003909220420/00006.mp4,67,217,1.9088828563690186,0.954235894766892
144,1,/home/nabizadz/Projects/Mahsa/datasets/lrs2/lrs2_v1/mvlrs_v1/main/6386588452319500723/00008.mp4,115,265,3.7989845275878906,1.0
144,2,/home/nabizadz/Projects/Mahsa/datasets/lrs2/lrs2_v1/mvlrs_v1/main/6386588452319500723/00009.mp4,126,276,3.8456616401672363,0.9999999999999997
144,3,/home/nabizadz/Projects/Mahsa/datasets/lrs2/lrs2_v1/mvlrs_v1/main/6386588452319500723/00014.mp4,34,184,1.6499993801116943,0.6561623898153416
144,4,/home/nabizadz/Projects/Mahsa/datasets/lrs2/lrs2_v1/mvlrs_v1/main/6386700550965861901/00001.mp4,105,255,3.5271894931793213,0.9976744941198992
144,5,/home/nabizadz/Projects/Mahsa/datasets/lrs2/lrs2_v1/mvlrs_v1/main/6386700550965861901/00013.mp4,143,293,4.223410606384277,0.9999999999999999
144,6,/home/nabizadz/Projects/Mahsa/datasets/lrs2/lrs2_v1/mvlrs_v1/main/6386700550965861901/00019.mp4,41,191,1.237680435180664,0.715591242890634
144,7,/home/nabizadz/Projects/Mahsa/datasets/lrs2/lrs2_v1/mvlrs_v1/main/6386700550965861901/00030.mp4,2,152,1.3774303197860718,0.45678610609900594
145,0,/home/nabizadz/Projects/Mahsa/datasets/lrs2/lrs2_v1/mvlrs_v1/main/6386959537493875163/00003.mp4,139,289,4.16245698928833,0.9999999999999996
145,1,/home/nabizadz/Projects/Mahsa/datasets/lrs2/lrs2_v1/mvlrs_v1/main/6386959537493875163/00004.mp4,129,279,2.9589085578918457,0.9900858839776443
145,2,/home/nabizadz/Projects/Mahsa/datasets/lrs2/lrs2_v1/mvlrs_v1/main/6386959537493875163/00006.mp4,50,200,1.099692463874817,0.6291735503374426
145,3,/home/nabizadz/Projects/Mahsa/datasets/lrs2/lrs2_v1/mvlrs_v1/main/6386959537493875163/00014.mp4,31,181,1.0873862504959106,0.44116550820754724
145,4,/home/nabizadz/Projects/Mahsa/datasets/lrs2/lrs2_v1/mvlrs_v1/main/6387319026256487668/00008.mp4,115,265,3.875473737716675,0.9999999999999998
145,5,/home/nabizadz/Projects/Mahsa/datasets/lrs2/lrs2_v1/mvlrs_v1/main/6387319026256487668/00016.mp4,115,265,3.8558220863342285,0.9999723135381329
145,6,/home/nabizadz/Projects/Mahsa/datasets/lrs2/lrs2_v1/mvlrs_v1/main/6387330622668248413/00008.mp4,9,159,1.1944466829299927,0.5285225167621566
145,7,/home/nabizadz/Projects/Mahsa/datasets/lrs2/lrs2_v1/mvlrs_v1/main/6387701707842623991/00004.mp4,103,253,1.6160132884979248,0.8374143311960102
146,0,/home/nabizadz/Projects/Mahsa/datasets/lrs2/lrs2_v1/mvlrs_v1/main/6387701707842623991/00010.mp4,48,198,1.0909233093261719,0.6351277172124631
146,1,/home/nabizadz/Projects/Mahsa/datasets/lrs2/lrs2_v1/mvlrs_v1/main/6387705573313124513/00008.mp4,128,278,2.3611392974853516,0.9328470152522683
146,2,/home/nabizadz/Projects/Mahsa/datasets/lrs2/lrs2_v1/mvlrs_v1/main/6387705573313124513/00019.mp4,142,292,4.068564414978027,0.9999999999999998
146,3,/home/nabizadz/Projects/Mahsa/datasets/lrs2/lrs2_v1/mvlrs_v1/main/6387755824430487717/00016.mp4,31,181,1.1261024475097656,0.5202908361883662
146,4,/home/nabizadz/Projects/Mahsa/datasets/lrs2/lrs2_v1/mvlrs_v1/main/6388072793016998420/00001.mp4,147,297,4.331482410430908,1.0
146,5,/home/nabizadz/Projects/Mahsa/datasets/lrs2/lrs2_v1/mvlrs_v1/main/6388072793016998420/00005.mp4,8,158,1.2508203983306885,0.6150909433978169
146,6,/home/nabizadz/Projects/Mahsa/datasets/lrs2/lrs2_v1/mvlrs_v1/main/6388072793016998420/00007.mp4,82,232,1.3848116397857666,0.8214456548592252
146,7,/home/nabizadz/Projects/Mahsa/datasets/lrs2/lrs2_v1/mvlrs_v1/main/6388072793016998420/00013.mp4,15,165,1.1244161128997803,0.6349602683829724
147,0,/home/nabizadz/Projects/Mahsa/datasets/lrs2/lrs2_v1/mvlrs_v1/main/6388076658487498938/00016.mp4,9,159,1.3829753398895264,0.6779232281041174
147,1,/home/nabizadz/Projects/Mahsa/datasets/lrs2/lrs2_v1/mvlrs_v1/main/6388076658487498938/00021.mp4,132,282,3.9752397537231445,0.9999999999999998
147,2,/home/nabizadz/Projects/Mahsa/datasets/lrs2/lrs2_v1/mvlrs_v1/main/6388126909604862142/00007.mp4,85,235,1.6370947360992432,0.7597042261810787
147,3,/home/nabizadz/Projects/Mahsa/datasets/lrs2/lrs2_v1/mvlrs_v1/main/6388126909604862142/00013.mp4,35,185,1.2871073484420776,0.6809527256923186
147,4,/home/nabizadz/Projects/Mahsa/datasets/lrs2/lrs2_v1/mvlrs_v1/main/6388126909604862142/00020.mp4,38,188,1.4454293251037598,0.805900508108848
147,5,/home/nabizadz/Projects/Mahsa/datasets/lrs2/lrs2_v1/mvlrs_v1/main/6388126909604862142/00022.mp4,140,290,4.082432746887207,1.0
147,6,/home/nabizadz/Projects/Mahsa/datasets/lrs2/lrs2_v1/mvlrs_v1/main/6388126909604862142/00032.mp4,116,266,1.7116773128509521,0.791879758040712
147,7,/home/nabizadz/Projects/Mahsa/datasets/lrs2/lrs2_v1/mvlrs_v1/main/6388126909604862142/00033.mp4,79,229,1.2340197563171387,0.6184986927475171
148,0,/home/nabizadz/Projects/Mahsa/datasets/lrs2/lrs2_v1/mvlrs_v1/main/6388126909604862142/00035.mp4,94,244,2.9611124992370605,0.9963534005558572
148,1,/home/nabizadz/Projects/Mahsa/datasets/lrs2/lrs2_v1/mvlrs_v1/main/6388126909604862142/00038.mp4,57,207,1.1291521787643433,0.6240171009234101
148,2,/home/nabizadz/Projects/Mahsa/datasets/lrs2/lrs2_v1/mvlrs_v1/main/6388726057542659435/00015.mp4,132,282,2.702840566635132,0.9643344366067784
148,3,/home/nabizadz/Projects/Mahsa/datasets/lrs2/lrs2_v1/mvlrs_v1/main/6388726057542659435/00028.mp4,11,161,1.0818349123001099,0.48257115170869463
148,4,/home/nabizadz/Projects/Mahsa/datasets/lrs2/lrs2_v1/mvlrs_v1/main/6388772443189516866/00002.mp4,105,255,2.6796517372131348,0.9317991346232622
148,5,/home/nabizadz/Projects/Mahsa/datasets/lrs2/lrs2_v1/mvlrs_v1/main/6388911600129842790/00013.mp4,113,263,1.8543606996536255,0.9072775086549889
148,6,/home/nabizadz/Projects/Mahsa/datasets/lrs2/lrs2_v1/mvlrs_v1/main/6389545537302735360/00003.mp4,73,223,1.1944345235824585,0.7563372046584265
148,7,/home/nabizadz/Projects/Mahsa/datasets/lrs2/lrs2_v1/mvlrs_v1/main/6389599653890730492/00015.mp4,120,270,1.6117829084396362,0.8018320502541292
149,0,/home/nabizadz/Projects/Mahsa/datasets/lrs2/lrs2_v1/mvlrs_v1/main/6389599653890730492/00017.mp4,136,286,3.816978693008423,1.0
149,1,/home/nabizadz/Projects/Mahsa/datasets/lrs2/lrs2_v1/mvlrs_v1/main/6389599653890730492/00020.mp4,120,270,3.919039011001587,1.0
149,2,/home/nabizadz/Projects/Mahsa/datasets/lrs2/lrs2_v1/mvlrs_v1/main/6389599653890730492/00030.mp4,84,234,1.4043164253234863,0.8408579700662481
149,3,/home/nabizadz/Projects/Mahsa/datasets/lrs2/lrs2_v1/mvlrs_v1/main/6389599653890730492/00034.mp4,49,199,1.1311198472976685,0.5593232425440879
149,4,/home/nabizadz/Projects/Mahsa/datasets/lrs2/lrs2_v1/mvlrs_v1/main/6389599653890730492/00036.mp4,86,236,2.7362465858459473,0.9973779709168585
149,5,/home/nabizadz/Projects/Mahsa/datasets/lrs2/lrs2_v1/mvlrs_v1/main/6389599653890730492/00051.mp4,69,219,1.17843496799469,0.6053351868561586
149,6,/home/nabizadz/Projects/Mahsa/datasets/lrs2/lrs2_v1/mvlrs_v1/main/6389684694243125765/00017.mp4,111,261,1.9031002521514893,0.8895218739712466
149,7,/home/nabizadz/Projects/Mahsa/datasets/lrs2/lrs2_v1/mvlrs_v1/main/6389933372849561261/00002.mp4,131,281,4.07457160949707,0.9999999999999999
150,0,/home/nabizadz/Projects/Mahsa/datasets/lrs2/lrs2_v1/mvlrs_v1/main/6389970739065104229/00029.mp4,37,187,1.2458925247192383,0.22754981555447212
150,1,/home/nabizadz/Projects/Mahsa/datasets/lrs2/lrs2_v1/mvlrs_v1/main/6390299304063246834/00003.mp4,146,296,4.2481889724731445,0.9999999999999998
150,2,/home/nabizadz/Projects/Mahsa/datasets/lrs2/lrs2_v1/mvlrs_v1/main/6390301881043558087/00005.mp4,69,219,1.35915207862854,0.8277266921566143
150,3,/home/nabizadz/Projects/Mahsa/datasets/lrs2/lrs2_v1/mvlrs_v1/main/6390301881043558087/00009.mp4,76,226,2.0334534645080566,0.9030399234708123
150,4,/home/nabizadz/Projects/Mahsa/datasets/lrs2/lrs2_v1/mvlrs_v1/main/6389933372849561261/00016.mp4,99,249,1.4123162031173706,0.854232284470153
150,5,/home/nabizadz/Projects/Mahsa/datasets/lrs2/lrs2_v1/mvlrs_v1/main/6389933372849561261/00020.mp4,64,214,2.1465859413146973,0.907604834837818
150,6,/home/nabizadz/Projects/Mahsa/datasets/lrs2/lrs2_v1/mvlrs_v1/main/6389933372849561261/00027.mp4,148,298,4.22238826751709,1.0
150,7,/home/nabizadz/Projects/Mahsa/datasets/lrs2/lrs2_v1/mvlrs_v1/main/6389933372849561261/00028.mp4,6,156,1.229090929031372,0.7273159025731019
151,0,/home/nabizadz/Projects/Mahsa/datasets/lrs2/lrs2_v1/mvlrs_v1/main/6390301881043558087/00023.mp4,49,199,1.1576206684112549,0.7378092798432513
151,1,/home/nabizadz/Projects/Mahsa/datasets/lrs2/lrs2_v1/mvlrs_v1/main/6390301881043558087/00025.mp4,39,189,1.0757988691329956,0.5489051818097156
151,2,/home/nabizadz/Projects/Mahsa/datasets/lrs2/lrs2_v1/mvlrs_v1/main/6390670389237621263/00005.mp4,117,267,1.7668397426605225,0.8285924604140611
151,3,/home/nabizadz/Projects/Mahsa/datasets/lrs2/lrs2_v1/mvlrs_v1/main/6390670389237621263/00007.mp4,9,159,1.3837313652038574,0.3662143802134757
151,4,/home/nabizadz/Projects/Mahsa/datasets/lrs2/lrs2_v1/mvlrs_v1/main/6390670389237621263/00012.mp4,129,279,2.157402515411377,0.9118298757711779
151,5,/home/nabizadz/Projects/Mahsa/datasets/lrs2/lrs2_v1/mvlrs_v1/main/6390672966217932513/00002.mp4,55,205,1.2044963836669922,0.7345690064888925
151,6,/home/nabizadz/Projects/Mahsa/datasets/lrs2/lrs2_v1/mvlrs_v1/main/6390672966217932513/00050.mp4,104,254,1.3803638219833374,0.8485685858956685
151,7,/home/nabizadz/Projects/Mahsa/datasets/lrs2/lrs2_v1/mvlrs_v1/main/6390672966217932513/00052.mp4,71,221,1.1240204572677612,0.7074513238690976
152,0,/home/nabizadz/Projects/Mahsa/datasets/lrs2/lrs2_v1/mvlrs_v1/main/6390672966217932513/00055.mp4,123,273,3.9758505821228027,0.9999999999999997
152,1,/home/nabizadz/Projects/Mahsa/datasets/lrs2/lrs2_v1/mvlrs_v1/main/6390672966217932513/00056.mp4,128,278,1.6622605323791504,0.8727885103776082
152,2,/home/nabizadz/Projects/Mahsa/datasets/lrs2/lrs2_v1/mvlrs_v1/main/6390767026001714921/00009.mp4,71,221,3.322736978530884,0.9998013574758248
152,3,/home/nabizadz/Projects/Mahsa/datasets/lrs2/lrs2_v1/mvlrs_v1/main/6391420290527506887/00001.mp4,83,233,1.3782886266708374,0.7796821736122723
152,4,/home/nabizadz/Projects/Mahsa/datasets/lrs2/lrs2_v1/mvlrs_v1/main/6391420290527506887/00023.mp4,81,231,1.3017479181289673,0.7672363379050502
152,5,/home/nabizadz/Projects/Mahsa/datasets/lrs2/lrs2_v1/mvlrs_v1/main/6391420290527506887/00024.mp4,126,276,3.0520098209381104,0.9965527060903002
152,6,/home/nabizadz/Projects/Mahsa/datasets/lrs2/lrs2_v1/mvlrs_v1/main/6391420290527506887/00036.mp4,26,176,1.136025309562683,0.4246175904673482
152,7,/home/nabizadz/Projects/Mahsa/datasets/lrs2/lrs2_v1/mvlrs_v1/main/6391783644760745881/00012.mp4,10,160,1.2383811473846436,0.44706966540046383
153,0,/home/nabizadz/Projects/Mahsa/datasets/lrs2/lrs2_v1/mvlrs_v1/main/6392282290463747809/00018.mp4,119,269,2.9181158542633057,0.9801884217814087
153,1,/home/nabizadz/Projects/Mahsa/datasets/lrs2/lrs2_v1/mvlrs_v1/main/6392282290463747809/00025.mp4,4,154,1.2637003660202026,0.4968898629685536
153,2,/home/nabizadz/Projects/Mahsa/datasets/lrs2/lrs2_v1/mvlrs_v1/main/6392525815109495392/00001.mp4,55,205,1.3111090660095215,0.6343018097692099
153,3,/home/nabizadz/Projects/Mahsa/datasets/lrs2/lrs2_v1/mvlrs_v1/main/6392525815109495392/00004.mp4,104,254,3.8770909309387207,0.9999999999999998
153,4,/home/nabizadz/Projects/Mahsa/datasets/lrs2/lrs2_v1/mvlrs_v1/main/6392197250111351363/00002.mp4,61,211,1.1436587572097778,0.6500992603671986
153,5,/home/nabizadz/Projects/Mahsa/datasets/lrs2/lrs2_v1/mvlrs_v1/main/6392197250111351363/00010.mp4,34,184,1.2708795070648193,0.6224934970283772
153,6,/home/nabizadz/Projects/Mahsa/datasets/lrs2/lrs2_v1/mvlrs_v1/main/6392197250111351363/00024.mp4,28,178,1.6535379886627197,0.7350873074547
153,7,/home/nabizadz/Projects/Mahsa/datasets/lrs2/lrs2_v1/mvlrs_v1/main/6392282290463747809/00003.mp4,12,162,1.1504076719284058,0.3320328158213834
154,0,/home/nabizadz/Projects/Mahsa/datasets/lrs2/lrs2_v1/mvlrs_v1/main/6392525815109495392/00008.mp4,73,223,1.1571576595306396,0.6676272660689878
154,1,/home/nabizadz/Projects/Mahsa/datasets/lrs2/lrs2_v1/mvlrs_v1/main/6392525815109495392/00010.mp4,67,217,1.8891842365264893,0.8342005148504654
154,2,/home/nabizadz/Projects/Mahsa/datasets/lrs2/lrs2_v1/mvlrs_v1/main/6392525815109495392/00011.mp4,39,189,1.0588384866714478,0.6227651102755953
154,3,/home/nabizadz/Projects/Mahsa/datasets/lrs2/lrs2_v1/mvlrs_v1/main/6392568335285725796/00003.mp4,18,168,1.1023966073989868,0.4617397537623183
154,4,/home/nabizadz/Projects/Mahsa/datasets/lrs2/lrs2_v1/mvlrs_v1/main/6392568335285725796/00011.mp4,139,289,1.7432608604431152,0.8635101457063451
154,5,/home/nabizadz/Projects/Mahsa/datasets/lrs2/lrs2_v1/mvlrs_v1/main/6392568335285725796/00013.mp4,39,189,1.2286843061447144,0.6163300147317224
154,6,/home/nabizadz/Projects/Mahsa/datasets/lrs2/lrs2_v1/mvlrs_v1/main/6392568335285725796/00016.mp4,13,163,1.5516263246536255,0.8055072823798448
154,7,/home/nabizadz/Projects/Mahsa/datasets/lrs2/lrs2_v1/mvlrs_v1/main/6392568335285725796/00017.mp4,149,299,3.0527379512786865,0.93279731864655
155,0,/home/nabizadz/Projects/Mahsa/datasets/lrs2/lrs2_v1/mvlrs_v1/main/6392896900283869820/00003.mp4,148,298,4.16126823425293,0.9999999999999998
155,1,/home/nabizadz/Projects/Mahsa/datasets/lrs2/lrs2_v1/mvlrs_v1/main/6393267985458244248/00006.mp4,90,240,1.8997912406921387,0.9275489102616377
155,2,/home/nabizadz/Projects/Mahsa/datasets/lrs2/lrs2_v1/mvlrs_v1/main/6393267985458244248/00017.mp4,78,228,2.727181911468506,0.9915909415631867
