batch_idx,sample_in_batch,video_path,gap_start_frame,gap_end_frame,pesq,stoi
0,0,/home/nabizadz/Projects/Mahsa/datasets/lrs2/lrs2_v1/mvlrs_v1/main/6330311066473698535/00011.mp4,24,174,1.1203711032867432,0.5411301389174
0,1,/home/nabizadz/Projects/Mahsa/datasets/lrs2/lrs2_v1/mvlrs_v1/main/6330311066473698535/00018.mp4,7,157,1.046720027923584,0.14708356716914198
0,2,/home/nabizadz/Projects/Mahsa/datasets/lrs2/lrs2_v1/mvlrs_v1/main/6331559613336179781/00038.mp4,81,231,1.4820029735565186,0.8291622544498262
0,3,/home/nabizadz/Projects/Mahsa/datasets/lrs2/lrs2_v1/mvlrs_v1/main/6337160680186960682/00038.mp4,24,174,1.0296282768249512,0.3110260910224012
0,4,/home/nabizadz/Projects/Mahsa/datasets/lrs2/lrs2_v1/mvlrs_v1/main/6337160680186960682/00051.mp4,27,177,1.039103388786316,0.19838855063280766
0,5,/home/nabizadz/Projects/Mahsa/datasets/lrs2/lrs2_v1/mvlrs_v1/main/6337160680186960682/00054.mp4,135,285,1.198144555091858,0.6293105341887124
0,6,/home/nabizadz/Projects/Mahsa/datasets/lrs2/lrs2_v1/mvlrs_v1/main/6337160680186960682/00060.mp4,140,290,3.623291015625,0.9994120735882873
0,7,/home/nabizadz/Projects/Mahsa/datasets/lrs2/lrs2_v1/mvlrs_v1/main/6337160680186960682/00078.mp4,16,166,1.0783193111419678,0.20342699147195356
1,0,/home/nabizadz/Projects/Mahsa/datasets/lrs2/lrs2_v1/mvlrs_v1/main/6337230258657094880/00029.mp4,130,280,3.448704719543457,0.9989153722598444
1,1,/home/nabizadz/Projects/Mahsa/datasets/lrs2/lrs2_v1/mvlrs_v1/main/6337531765361335111/00008.mp4,88,238,1.7629961967468262,0.980650659387676
1,2,/home/nabizadz/Projects/Mahsa/datasets/lrs2/lrs2_v1/mvlrs_v1/main/6337531765361335111/00018.mp4,60,210,1.0591838359832764,0.46635612265883725
1,3,/home/nabizadz/Projects/Mahsa/datasets/lrs2/lrs2_v1/mvlrs_v1/main/6337531765361335111/00019.mp4,122,272,1.2998601198196411,0.6971527455375537
1,4,/home/nabizadz/Projects/Mahsa/datasets/lrs2/lrs2_v1/mvlrs_v1/main/6337531765361335111/00022.mp4,51,201,1.0594110488891602,0.36340147781886584
1,5,/home/nabizadz/Projects/Mahsa/datasets/lrs2/lrs2_v1/mvlrs_v1/main/6331559613336179781/00039.mp4,23,173,1.0495479106903076,0.4674216269936214
1,6,/home/nabizadz/Projects/Mahsa/datasets/lrs2/lrs2_v1/mvlrs_v1/main/6337531765361335111/00029.mp4,2,152,1.0317482948303223,0.21190752621331577
1,7,/home/nabizadz/Projects/Mahsa/datasets/lrs2/lrs2_v1/mvlrs_v1/main/6337531765361335111/00037.mp4,135,285,1.6522767543792725,0.8097444300223758
2,0,/home/nabizadz/Projects/Mahsa/datasets/lrs2/lrs2_v1/mvlrs_v1/main/6337531765361335111/00069.mp4,82,232,1.6506348848342896,0.9866135258345059
2,1,/home/nabizadz/Projects/Mahsa/datasets/lrs2/lrs2_v1/mvlrs_v1/main/6337531765361335111/00073.mp4,114,264,4.171712875366211,0.9999999999999999
2,2,/home/nabizadz/Projects/Mahsa/datasets/lrs2/lrs2_v1/mvlrs_v1/main/6337902850535709539/00015.mp4,45,195,1.0734771490097046,0.5024929665596078
2,3,/home/nabizadz/Projects/Mahsa/datasets/lrs2/lrs2_v1/mvlrs_v1/main/6337902850535709539/00027.mp4,117,267,4.021599769592285,0.9999999999999998
2,4,/home/nabizadz/Projects/Mahsa/datasets/lrs2/lrs2_v1/mvlrs_v1/main/6337902850535709539/00038.mp4,114,264,3.0213701725006104,0.9999661753459342
2,5,/home/nabizadz/Projects/Mahsa/datasets/lrs2/lrs2_v1/mvlrs_v1/main/6337902850535709539/00065.mp4,24,174,1.1716710329055786,0.40359440570444083
2,6,/home/nabizadz/Projects/Mahsa/datasets/lrs2/lrs2_v1/mvlrs_v1/main/6337902850535709539/00068.mp4,128,278,1.3203856945037842,0.8412065290392763
2,7,/home/nabizadz/Projects/Mahsa/datasets/lrs2/lrs2_v1/mvlrs_v1/main/6337902850535709539/00074.mp4,142,292,4.068511009216309,0.9999999999999998
3,0,/home/nabizadz/Projects/Mahsa/datasets/lrs2/lrs2_v1/mvlrs_v1/main/6331733559511729306/00011.mp4,93,243,1.2121188640594482,0.803781306348527
3,1,/home/nabizadz/Projects/Mahsa/datasets/lrs2/lrs2_v1/mvlrs_v1/main/6337902850535709539/00077.mp4,111,261,1.3499751091003418,0.7745145047157631
3,2,/home/nabizadz/Projects/Mahsa/datasets/lrs2/lrs2_v1/mvlrs_v1/main/6338130913429528164/00002.mp4,138,288,4.108826637268066,1.0
3,3,/home/nabizadz/Projects/Mahsa/datasets/lrs2/lrs2_v1/mvlrs_v1/main/6338130913429528164/00003.mp4,88,238,1.2756620645523071,0.6802049594329512
3,4,/home/nabizadz/Projects/Mahsa/datasets/lrs2/lrs2_v1/mvlrs_v1/main/6338130913429528164/00028.mp4,128,278,1.1960458755493164,0.6684808026394709
3,5,/home/nabizadz/Projects/Mahsa/datasets/lrs2/lrs2_v1/mvlrs_v1/main/6338130913429528164/00037.mp4,8,158,1.0252201557159424,0.43222158225661894
3,6,/home/nabizadz/Projects/Mahsa/datasets/lrs2/lrs2_v1/mvlrs_v1/main/6338130913429528164/00046.mp4,73,223,1.1552790403366089,0.7552940807885927
3,7,/home/nabizadz/Projects/Mahsa/datasets/lrs2/lrs2_v1/mvlrs_v1/main/6338273935710083967/00003.mp4,111,261,1.1885623931884766,0.5380721507662634
4,0,/home/nabizadz/Projects/Mahsa/datasets/lrs2/lrs2_v1/mvlrs_v1/main/6338273935710083967/00004.mp4,41,191,1.0300630331039429,0.41717929458997416
4,1,/home/nabizadz/Projects/Mahsa/datasets/lrs2/lrs2_v1/mvlrs_v1/main/6338273935710083967/00021.mp4,39,189,1.026041030883789,0.29693552287213454
4,2,/home/nabizadz/Projects/Mahsa/datasets/lrs2/lrs2_v1/mvlrs_v1/main/6338273935710083967/00038.mp4,122,272,1.433800458908081,0.8021968005669118
4,3,/home/nabizadz/Projects/Mahsa/datasets/lrs2/lrs2_v1/mvlrs_v1/main/6331733559511729306/00025.mp4,71,221,1.0830756425857544,0.6949227399534009
4,4,/home/nabizadz/Projects/Mahsa/datasets/lrs2/lrs2_v1/mvlrs_v1/main/6338273935710083967/00047.mp4,18,168,1.0491244792938232,0.24960021662257942
4,5,/home/nabizadz/Projects/Mahsa/datasets/lrs2/lrs2_v1/mvlrs_v1/main/6338273935710083967/00059.mp4,11,161,1.0338914394378662,0.3102907673756865
4,6,/home/nabizadz/Projects/Mahsa/datasets/lrs2/lrs2_v1/mvlrs_v1/main/6338273935710083967/00076.mp4,88,238,1.181525468826294,0.596615256876174
4,7,/home/nabizadz/Projects/Mahsa/datasets/lrs2/lrs2_v1/mvlrs_v1/main/6338645020884458400/00016.mp4,100,250,1.334041953086853,0.7491870704774841
5,0,/home/nabizadz/Projects/Mahsa/datasets/lrs2/lrs2_v1/mvlrs_v1/main/6338645020884458400/00032.mp4,46,196,1.0605993270874023,0.48276286071255115
5,1,/home/nabizadz/Projects/Mahsa/datasets/lrs2/lrs2_v1/mvlrs_v1/main/6338645020884458400/00046.mp4,121,271,2.244508981704712,0.9563234701997961
5,2,/home/nabizadz/Projects/Mahsa/datasets/lrs2/lrs2_v1/mvlrs_v1/main/6338645020884458400/00057.mp4,74,224,1.549429178237915,0.9263575995975164
5,3,/home/nabizadz/Projects/Mahsa/datasets/lrs2/lrs2_v1/mvlrs_v1/main/6338645020884458400/00071.mp4,49,199,1.171540379524231,0.5616615992088744
5,4,/home/nabizadz/Projects/Mahsa/datasets/lrs2/lrs2_v1/mvlrs_v1/main/6338807370648247218/00020.mp4,118,268,2.186473846435547,0.9976664954175586
5,5,/home/nabizadz/Projects/Mahsa/datasets/lrs2/lrs2_v1/mvlrs_v1/main/6338807370648247218/00022.mp4,109,259,2.019742727279663,0.9830084700442281
5,6,/home/nabizadz/Projects/Mahsa/datasets/lrs2/lrs2_v1/mvlrs_v1/main/6331733559511729306/00026.mp4,18,168,1.1407544612884521,0.5015514910470511
5,7,/home/nabizadz/Projects/Mahsa/datasets/lrs2/lrs2_v1/mvlrs_v1/main/6339077953587836416/00002.mp4,138,288,4.056972026824951,0.9999985723318177
6,0,/home/nabizadz/Projects/Mahsa/datasets/lrs2/lrs2_v1/mvlrs_v1/main/6339077953587836416/00003.mp4,62,212,1.080223560333252,0.5303828630382974
6,1,/home/nabizadz/Projects/Mahsa/datasets/lrs2/lrs2_v1/mvlrs_v1/main/6339077953587836416/00004.mp4,102,252,3.7489218711853027,1.0
6,2,/home/nabizadz/Projects/Mahsa/datasets/lrs2/lrs2_v1/mvlrs_v1/main/6339077953587836416/00017.mp4,42,192,1.0940258502960205,0.37424760757889347
6,3,/home/nabizadz/Projects/Mahsa/datasets/lrs2/lrs2_v1/mvlrs_v1/main/6339077953587836416/00018.mp4,5,155,1.0936020612716675,0.5565476735577976
6,4,/home/nabizadz/Projects/Mahsa/datasets/lrs2/lrs2_v1/mvlrs_v1/main/6339077953587836416/00025.mp4,17,167,1.1450471878051758,0.5697593650108381
6,5,/home/nabizadz/Projects/Mahsa/datasets/lrs2/lrs2_v1/mvlrs_v1/main/6339077953587836416/00029.mp4,134,284,2.248828172683716,0.9506211774217241
6,6,/home/nabizadz/Projects/Mahsa/datasets/lrs2/lrs2_v1/mvlrs_v1/main/6339077953587836416/00031.mp4,76,226,1.1761972904205322,0.7043444507588447
6,7,/home/nabizadz/Projects/Mahsa/datasets/lrs2/lrs2_v1/mvlrs_v1/main/6339356267468615354/00018.mp4,112,262,1.5133267641067505,0.8006438355364524
7,0,/home/nabizadz/Projects/Mahsa/datasets/lrs2/lrs2_v1/mvlrs_v1/main/6339356267468615354/00024.mp4,81,231,1.343144416809082,0.6960228381084125
7,1,/home/nabizadz/Projects/Mahsa/datasets/lrs2/lrs2_v1/mvlrs_v1/main/6331733559511729306/00031.mp4,12,162,1.1857895851135254,0.4605198314445134
7,2,/home/nabizadz/Projects/Mahsa/datasets/lrs2/lrs2_v1/mvlrs_v1/main/6339356267468615354/00035.mp4,144,294,4.080827236175537,0.9999999999999999
7,3,/home/nabizadz/Projects/Mahsa/datasets/lrs2/lrs2_v1/mvlrs_v1/main/6339356267468615354/00046.mp4,60,210,1.3795617818832397,0.8185247660379079
7,4,/home/nabizadz/Projects/Mahsa/datasets/lrs2/lrs2_v1/mvlrs_v1/main/6339077953587836416/00035.mp4,43,193,1.0925852060317993,0.5456259336092816
7,5,/home/nabizadz/Projects/Mahsa/datasets/lrs2/lrs2_v1/mvlrs_v1/main/6339356267468615354/00006.mp4,121,271,1.3596076965332031,0.6782395577427114
7,6,/home/nabizadz/Projects/Mahsa/datasets/lrs2/lrs2_v1/mvlrs_v1/main/6339356267468615354/00010.mp4,121,271,1.3277355432510376,0.6651801353702199
7,7,/home/nabizadz/Projects/Mahsa/datasets/lrs2/lrs2_v1/mvlrs_v1/main/6339356267468615354/00011.mp4,42,192,1.24761164188385,0.65199623389319
8,0,/home/nabizadz/Projects/Mahsa/datasets/lrs2/lrs2_v1/mvlrs_v1/main/6339464500644477822/00008.mp4,85,235,1.2148700952529907,0.6453437949511747
8,1,/home/nabizadz/Projects/Mahsa/datasets/lrs2/lrs2_v1/mvlrs_v1/main/6339464500644477822/00020.mp4,43,193,1.0941358804702759,0.33102615772534966
8,2,/home/nabizadz/Projects/Mahsa/datasets/lrs2/lrs2_v1/mvlrs_v1/main/6339464500644477822/00021.mp4,43,193,1.0594228506088257,0.3375741626060475
8,3,/home/nabizadz/Projects/Mahsa/datasets/lrs2/lrs2_v1/mvlrs_v1/main/6339464500644477822/00030.mp4,98,248,1.1850590705871582,0.7765411324563662
8,4,/home/nabizadz/Projects/Mahsa/datasets/lrs2/lrs2_v1/mvlrs_v1/main/6332062124509813446/00015.mp4,113,263,3.8478572368621826,0.9999999999999997
8,5,/home/nabizadz/Projects/Mahsa/datasets/lrs2/lrs2_v1/mvlrs_v1/main/6339464500644477822/00032.mp4,87,237,1.5980483293533325,0.9291109361815973
8,6,/home/nabizadz/Projects/Mahsa/datasets/lrs2/lrs2_v1/mvlrs_v1/main/6339526348173538836/00014.mp4,128,278,3.946289539337158,1.0
8,7,/home/nabizadz/Projects/Mahsa/datasets/lrs2/lrs2_v1/mvlrs_v1/main/6339615254127026753/00009.mp4,54,204,1.2874231338500977,0.6524946458198877
9,0,/home/nabizadz/Projects/Mahsa/datasets/lrs2/lrs2_v1/mvlrs_v1/main/6339615254127026753/00011.mp4,10,160,1.054672122001648,0.4394911953683706
9,1,/home/nabizadz/Projects/Mahsa/datasets/lrs2/lrs2_v1/mvlrs_v1/main/6339615254127026753/00012.mp4,132,282,2.175708293914795,0.9528351687305262
9,2,/home/nabizadz/Projects/Mahsa/datasets/lrs2/lrs2_v1/mvlrs_v1/main/6339615254127026753/00015.mp4,83,233,1.108064889907837,0.42151369373835595
9,3,/home/nabizadz/Projects/Mahsa/datasets/lrs2/lrs2_v1/mvlrs_v1/main/6339758276407584924/00015.mp4,78,228,1.1014912128448486,0.5848398322010396
9,4,/home/nabizadz/Projects/Mahsa/datasets/lrs2/lrs2_v1/mvlrs_v1/main/6339758276407584924/00030.mp4,35,185,1.0283442735671997,0.32605993417887574
9,5,/home/nabizadz/Projects/Mahsa/datasets/lrs2/lrs2_v1/mvlrs_v1/main/6339758276407584924/00036.mp4,103,253,1.4230680465698242,0.807566062286733
9,6,/home/nabizadz/Projects/Mahsa/datasets/lrs2/lrs2_v1/mvlrs_v1/main/6339758276407584924/00038.mp4,63,213,1.1946426630020142,0.6183969139650896
9,7,/home/nabizadz/Projects/Mahsa/datasets/lrs2/lrs2_v1/mvlrs_v1/main/6332062124509813446/00016.mp4,139,289,4.063002109527588,0.9999999999999996
10,0,/home/nabizadz/Projects/Mahsa/datasets/lrs2/lrs2_v1/mvlrs_v1/main/6339758276407584924/00062.mp4,22,172,1.0337862968444824,0.31454997975694565
10,1,/home/nabizadz/Projects/Mahsa/datasets/lrs2/lrs2_v1/mvlrs_v1/main/6339758276407584924/00065.mp4,20,170,1.0317195653915405,0.35714445870949546
10,2,/home/nabizadz/Projects/Mahsa/datasets/lrs2/lrs2_v1/mvlrs_v1/main/6339758276407584924/00081.mp4,97,247,3.6575214862823486,1.0
10,3,/home/nabizadz/Projects/Mahsa/datasets/lrs2/lrs2_v1/mvlrs_v1/main/6339758276407584924/00082.mp4,144,294,1.1624014377593994,0.6123094375543446
10,4,/home/nabizadz/Projects/Mahsa/datasets/lrs2/lrs2_v1/mvlrs_v1/main/6339758276407584924/00089.mp4,6,156,1.164017677307129,0.660088391158896
10,5,/home/nabizadz/Projects/Mahsa/datasets/lrs2/lrs2_v1/mvlrs_v1/main/6339758276407584924/00098.mp4,130,280,1.771749496459961,0.8116238121786318
10,6,/home/nabizadz/Projects/Mahsa/datasets/lrs2/lrs2_v1/mvlrs_v1/main/6340129361581959353/00022.mp4,127,277,1.8380401134490967,0.9780334011713627
10,7,/home/nabizadz/Projects/Mahsa/datasets/lrs2/lrs2_v1/mvlrs_v1/main/6340299442417279404/00006.mp4,144,294,1.2613532543182373,0.6318471188024708
11,0,/home/nabizadz/Projects/Mahsa/datasets/lrs2/lrs2_v1/mvlrs_v1/main/6340299442417279404/00019.mp4,142,292,1.484405517578125,0.6747376998033595
11,1,/home/nabizadz/Projects/Mahsa/datasets/lrs2/lrs2_v1/mvlrs_v1/main/6340299442417279404/00023.mp4,94,244,1.4379444122314453,0.7897499218662731
11,2,/home/nabizadz/Projects/Mahsa/datasets/lrs2/lrs2_v1/mvlrs_v1/main/6332062124509813446/00018.mp4,5,155,1.5045239925384521,0.5627162664771744
11,3,/home/nabizadz/Projects/Mahsa/datasets/lrs2/lrs2_v1/mvlrs_v1/main/6340500446756333781/00007.mp4,79,229,1.289130687713623,0.544663588477181
11,4,/home/nabizadz/Projects/Mahsa/datasets/lrs2/lrs2_v1/mvlrs_v1/main/6340500446756333781/00031.mp4,3,153,1.0730013847351074,0.3799475533074283
11,5,/home/nabizadz/Projects/Mahsa/datasets/lrs2/lrs2_v1/mvlrs_v1/main/6340500446756333781/00034.mp4,99,249,1.1247978210449219,0.6475290536698304
11,6,/home/nabizadz/Projects/Mahsa/datasets/lrs2/lrs2_v1/mvlrs_v1/main/6340500446756333781/00058.mp4,137,287,4.147079944610596,1.0
11,7,/home/nabizadz/Projects/Mahsa/datasets/lrs2/lrs2_v1/mvlrs_v1/main/6340500446756333781/00059.mp4,64,214,1.1179641485214233,0.5019294279987574
12,0,/home/nabizadz/Projects/Mahsa/datasets/lrs2/lrs2_v1/mvlrs_v1/main/6340871531930708209/00025.mp4,39,189,1.2532939910888672,0.635936989156018
12,1,/home/nabizadz/Projects/Mahsa/datasets/lrs2/lrs2_v1/mvlrs_v1/main/6340871531930708209/00031.mp4,12,162,1.1529309749603271,0.5609851510318975
12,2,/home/nabizadz/Projects/Mahsa/datasets/lrs2/lrs2_v1/mvlrs_v1/main/6340871531930708209/00037.mp4,94,244,1.7143110036849976,0.95336761952858
12,3,/home/nabizadz/Projects/Mahsa/datasets/lrs2/lrs2_v1/mvlrs_v1/main/6340871531930708209/00057.mp4,5,155,1.0402131080627441,0.18548156857118067
12,4,/home/nabizadz/Projects/Mahsa/datasets/lrs2/lrs2_v1/mvlrs_v1/main/6340871531930708209/00058.mp4,25,175,1.0624980926513672,0.20788831767440286
12,5,/home/nabizadz/Projects/Mahsa/datasets/lrs2/lrs2_v1/mvlrs_v1/main/6332062124509813446/00059.mp4,102,252,1.3795065879821777,0.5594234155842348
12,6,/home/nabizadz/Projects/Mahsa/datasets/lrs2/lrs2_v1/mvlrs_v1/main/6340871531930708209/00073.mp4,128,278,1.3746891021728516,0.7802282971532045
12,7,/home/nabizadz/Projects/Mahsa/datasets/lrs2/lrs2_v1/mvlrs_v1/main/6340871531930708209/00092.mp4,142,292,4.127377510070801,0.9999999999999999
13,0,/home/nabizadz/Projects/Mahsa/datasets/lrs2/lrs2_v1/mvlrs_v1/main/6340871531930708209/00094.mp4,68,218,1.2650675773620605,0.6806886826911861
13,1,/home/nabizadz/Projects/Mahsa/datasets/lrs2/lrs2_v1/mvlrs_v1/main/6340871531930708209/00102.mp4,75,225,1.3307647705078125,0.4933730300400631
13,2,/home/nabizadz/Projects/Mahsa/datasets/lrs2/lrs2_v1/mvlrs_v1/main/6340871531930708209/00106.mp4,133,283,2.5418171882629395,0.9642886360139863
13,3,/home/nabizadz/Projects/Mahsa/datasets/lrs2/lrs2_v1/mvlrs_v1/main/6341242617105082637/00016.mp4,8,158,1.1660821437835693,0.36976166625443196
13,4,/home/nabizadz/Projects/Mahsa/datasets/lrs2/lrs2_v1/mvlrs_v1/main/6341242617105082637/00022.mp4,30,180,1.0843089818954468,0.5169032126879148
13,5,/home/nabizadz/Projects/Mahsa/datasets/lrs2/lrs2_v1/mvlrs_v1/main/6341242617105082637/00032.mp4,107,257,3.2597544193267822,0.9968267020321445
13,6,/home/nabizadz/Projects/Mahsa/datasets/lrs2/lrs2_v1/mvlrs_v1/main/6341242617105082637/00049.mp4,96,246,1.1474764347076416,0.5194261106795175
13,7,/home/nabizadz/Projects/Mahsa/datasets/lrs2/lrs2_v1/mvlrs_v1/main/6341242617105082637/00071.mp4,45,195,1.1195605993270874,0.5214568466543181
14,0,/home/nabizadz/Projects/Mahsa/datasets/lrs2/lrs2_v1/mvlrs_v1/main/6330311066473698535/00022.mp4,10,160,1.0467685461044312,0.15359007821781576
14,1,/home/nabizadz/Projects/Mahsa/datasets/lrs2/lrs2_v1/mvlrs_v1/main/6332062124509813446/00063.mp4,121,271,3.909635305404663,0.9999999999999998
14,2,/home/nabizadz/Projects/Mahsa/datasets/lrs2/lrs2_v1/mvlrs_v1/main/6341242617105082637/00095.mp4,33,183,1.1814603805541992,0.6210876790030129
14,3,/home/nabizadz/Projects/Mahsa/datasets/lrs2/lrs2_v1/mvlrs_v1/main/6341242617105082637/00110.mp4,55,205,1.0660932064056396,0.41471284595777025
14,4,/home/nabizadz/Projects/Mahsa/datasets/lrs2/lrs2_v1/mvlrs_v1/main/6341242617105082637/00112.mp4,24,174,1.094923734664917,0.5762878679310461
14,5,/home/nabizadz/Projects/Mahsa/datasets/lrs2/lrs2_v1/mvlrs_v1/main/6341381774045411442/00010.mp4,35,185,1.0806527137756348,0.5654556464959363
14,6,/home/nabizadz/Projects/Mahsa/datasets/lrs2/lrs2_v1/mvlrs_v1/main/6341949998218671745/00019.mp4,89,239,2.8047049045562744,0.9945015975906871
14,7,/home/nabizadz/Projects/Mahsa/datasets/lrs2/lrs2_v1/mvlrs_v1/main/6341949998218671745/00022.mp4,95,245,1.3159606456756592,0.7887312795678099
15,0,/home/nabizadz/Projects/Mahsa/datasets/lrs2/lrs2_v1/mvlrs_v1/main/6341949998218671745/00025.mp4,78,228,1.9649838209152222,0.9439259463624355
15,1,/home/nabizadz/Projects/Mahsa/datasets/lrs2/lrs2_v1/mvlrs_v1/main/6341949998218671745/00028.mp4,88,238,1.1372545957565308,0.5580637532737419
15,2,/home/nabizadz/Projects/Mahsa/datasets/lrs2/lrs2_v1/mvlrs_v1/main/6341404966868871455/00002.mp4,116,266,1.4131399393081665,0.8224707813295963
15,3,/home/nabizadz/Projects/Mahsa/datasets/lrs2/lrs2_v1/mvlrs_v1/main/6341404966868871455/00005.mp4,145,295,4.2896318435668945,0.9999999999999999
15,4,/home/nabizadz/Projects/Mahsa/datasets/lrs2/lrs2_v1/mvlrs_v1/main/6332491191742745853/00011.mp4,129,279,1.4894611835479736,0.7435228585757261
15,5,/home/nabizadz/Projects/Mahsa/datasets/lrs2/lrs2_v1/mvlrs_v1/main/6341404966868871455/00014.mp4,19,169,1.1043341159820557,0.31477351999335906
15,6,/home/nabizadz/Projects/Mahsa/datasets/lrs2/lrs2_v1/mvlrs_v1/main/6341404966868871455/00015.mp4,49,199,1.1176460981369019,0.6288652953047935
15,7,/home/nabizadz/Projects/Mahsa/datasets/lrs2/lrs2_v1/mvlrs_v1/main/6341949998218671745/00030.mp4,61,211,1.2285734415054321,0.6128425177035984
16,0,/home/nabizadz/Projects/Mahsa/datasets/lrs2/lrs2_v1/mvlrs_v1/main/6341949998218671745/00031.mp4,127,277,1.4300765991210938,0.57415751167638
16,1,/home/nabizadz/Projects/Mahsa/datasets/lrs2/lrs2_v1/mvlrs_v1/main/6342112347982522696/00001.mp4,101,251,2.6587300300598145,0.9998614883795075
16,2,/home/nabizadz/Projects/Mahsa/datasets/lrs2/lrs2_v1/mvlrs_v1/main/6342112347982522696/00004.mp4,130,280,4.062980651855469,0.9999999999999998
16,3,/home/nabizadz/Projects/Mahsa/datasets/lrs2/lrs2_v1/mvlrs_v1/main/6342112347982522696/00008.mp4,24,174,1.272309422492981,0.589463547031379
16,4,/home/nabizadz/Projects/Mahsa/datasets/lrs2/lrs2_v1/mvlrs_v1/main/6342112347982522696/00020.mp4,130,280,4.105536937713623,1.0
16,5,/home/nabizadz/Projects/Mahsa/datasets/lrs2/lrs2_v1/mvlrs_v1/main/6342112347982522696/00026.mp4,88,238,1.7081122398376465,0.9911032396126264
16,6,/home/nabizadz/Projects/Mahsa/datasets/lrs2/lrs2_v1/mvlrs_v1/main/6342440912980576694/00002.mp4,25,175,1.1361740827560425,0.3833620556802264
16,7,/home/nabizadz/Projects/Mahsa/datasets/lrs2/lrs2_v1/mvlrs_v1/main/6332491191742745853/00014.mp4,144,294,1.5011053085327148,0.5798423461766465
17,0,/home/nabizadz/Projects/Mahsa/datasets/lrs2/lrs2_v1/mvlrs_v1/main/6343252661930009508/00006.mp4,149,299,3.902674436569214,0.998094829124872
17,1,/home/nabizadz/Projects/Mahsa/datasets/lrs2/lrs2_v1/mvlrs_v1/main/6343252661930009508/00008.mp4,52,202,1.060685396194458,0.5130777034550605
17,2,/home/nabizadz/Projects/Mahsa/datasets/lrs2/lrs2_v1/mvlrs_v1/main/6343252661930009508/00020.mp4,145,295,4.1943230628967285,1.0
17,3,/home/nabizadz/Projects/Mahsa/datasets/lrs2/lrs2_v1/mvlrs_v1/main/6343252661930009508/00021.mp4,76,226,1.2978198528289795,0.5987789478771905
17,4,/home/nabizadz/Projects/Mahsa/datasets/lrs2/lrs2_v1/mvlrs_v1/main/6343252661930009508/00030.mp4,69,219,1.0686368942260742,0.575023449859214
17,5,/home/nabizadz/Projects/Mahsa/datasets/lrs2/lrs2_v1/mvlrs_v1/main/6343252661930009508/00032.mp4,80,230,1.1182386875152588,0.7219224385738205
17,6,/home/nabizadz/Projects/Mahsa/datasets/lrs2/lrs2_v1/mvlrs_v1/main/6343252661930009508/00035.mp4,5,155,1.0718058347702026,0.2690362727729858
17,7,/home/nabizadz/Projects/Mahsa/datasets/lrs2/lrs2_v1/mvlrs_v1/main/6343252661930009508/00051.mp4,125,275,2.357487678527832,0.9865035730970221
18,0,/home/nabizadz/Projects/Mahsa/datasets/lrs2/lrs2_v1/mvlrs_v1/main/6343252661930009508/00055.mp4,108,258,3.456789255142212,0.9999447338383982
18,1,/home/nabizadz/Projects/Mahsa/datasets/lrs2/lrs2_v1/mvlrs_v1/main/6343252661930009508/00061.mp4,106,256,3.5186984539031982,0.9999830753277181
18,2,/home/nabizadz/Projects/Mahsa/datasets/lrs2/lrs2_v1/mvlrs_v1/main/6332804294858562278/00009.mp4,58,208,1.1194298267364502,0.42966541607140235
18,3,/home/nabizadz/Projects/Mahsa/datasets/lrs2/lrs2_v1/mvlrs_v1/main/6343252661930009508/00067.mp4,4,154,1.164336919784546,0.6396944981815731
18,4,/home/nabizadz/Projects/Mahsa/datasets/lrs2/lrs2_v1/mvlrs_v1/main/6343252661930009508/00073.mp4,1,151,1.0999237298965454,0.5043275356345097
18,5,/home/nabizadz/Projects/Mahsa/datasets/lrs2/lrs2_v1/mvlrs_v1/main/6343252661930009508/00092.mp4,48,198,1.180847406387329,0.6583979751564967
18,6,/home/nabizadz/Projects/Mahsa/datasets/lrs2/lrs2_v1/mvlrs_v1/main/6343252661930009508/00094.mp4,36,186,1.077623963356018,0.33101064274792846
18,7,/home/nabizadz/Projects/Mahsa/datasets/lrs2/lrs2_v1/mvlrs_v1/main/6343252661930009508/00095.mp4,87,237,1.2348629236221313,0.7413668133512071
19,0,/home/nabizadz/Projects/Mahsa/datasets/lrs2/lrs2_v1/mvlrs_v1/main/6343252661930009508/00111.mp4,40,190,1.0437191724777222,0.48936847191770194
19,1,/home/nabizadz/Projects/Mahsa/datasets/lrs2/lrs2_v1/mvlrs_v1/main/6343252661930009508/00113.mp4,147,297,3.994130849838257,0.9991092285301911
19,2,/home/nabizadz/Projects/Mahsa/datasets/lrs2/lrs2_v1/mvlrs_v1/main/6343252661930009508/00117.mp4,50,200,1.1538029909133911,0.5531478936765981
19,3,/home/nabizadz/Projects/Mahsa/datasets/lrs2/lrs2_v1/mvlrs_v1/main/6343252661930009508/00121.mp4,28,178,1.0627872943878174,0.487610067526692
19,4,/home/nabizadz/Projects/Mahsa/datasets/lrs2/lrs2_v1/mvlrs_v1/main/6343608285091658983/00001.mp4,61,211,1.0900704860687256,0.751556343318587
19,5,/home/nabizadz/Projects/Mahsa/datasets/lrs2/lrs2_v1/mvlrs_v1/main/6332804294858562278/00020.mp4,70,220,1.5383943319320679,0.8742251047352626
19,6,/home/nabizadz/Projects/Mahsa/datasets/lrs2/lrs2_v1/mvlrs_v1/main/6343608285091658983/00003.mp4,111,261,2.922912836074829,0.9969191859046314
19,7,/home/nabizadz/Projects/Mahsa/datasets/lrs2/lrs2_v1/mvlrs_v1/main/6343979370266033402/00001.mp4,127,277,4.03364372253418,0.9999999999999998
20,0,/home/nabizadz/Projects/Mahsa/datasets/lrs2/lrs2_v1/mvlrs_v1/main/6344002563089494087/00006.mp4,35,185,1.1742422580718994,0.4817275262164646
20,1,/home/nabizadz/Projects/Mahsa/datasets/lrs2/lrs2_v1/mvlrs_v1/main/6344002563089494087/00012.mp4,1,151,1.0457463264465332,0.26961220427592797
20,2,/home/nabizadz/Projects/Mahsa/datasets/lrs2/lrs2_v1/mvlrs_v1/main/6344002563089494087/00015.mp4,100,250,2.4290432929992676,0.9332328337873188
20,3,/home/nabizadz/Projects/Mahsa/datasets/lrs2/lrs2_v1/mvlrs_v1/main/6344002563089494087/00016.mp4,64,214,1.2588361501693726,0.7228114484234474
20,4,/home/nabizadz/Projects/Mahsa/datasets/lrs2/lrs2_v1/mvlrs_v1/main/6344350455440407821/00014.mp4,87,237,1.1370213031768799,0.5958653464592322
20,5,/home/nabizadz/Projects/Mahsa/datasets/lrs2/lrs2_v1/mvlrs_v1/main/6344350455440407821/00030.mp4,6,156,1.0448395013809204,0.3660092167536188
20,6,/home/nabizadz/Projects/Mahsa/datasets/lrs2/lrs2_v1/mvlrs_v1/main/6344350455440407821/00032.mp4,121,271,1.1905395984649658,0.8414415790613182
20,7,/home/nabizadz/Projects/Mahsa/datasets/lrs2/lrs2_v1/mvlrs_v1/main/6344350455440407821/00047.mp4,35,185,1.2373871803283691,0.4801987852845198
21,0,/home/nabizadz/Projects/Mahsa/datasets/lrs2/lrs2_v1/mvlrs_v1/main/6332804294858562278/00026.mp4,35,185,1.0580055713653564,0.43337275346506654
21,1,/home/nabizadz/Projects/Mahsa/datasets/lrs2/lrs2_v1/mvlrs_v1/main/6344547594439294233/00037.mp4,63,213,1.6056106090545654,0.9662518639903405
21,2,/home/nabizadz/Projects/Mahsa/datasets/lrs2/lrs2_v1/mvlrs_v1/main/6344709944203120665/00011.mp4,111,261,2.054471254348755,0.9247052122364731
21,3,/home/nabizadz/Projects/Mahsa/datasets/lrs2/lrs2_v1/mvlrs_v1/main/6344709944203120665/00030.mp4,45,195,1.066293716430664,0.31240991068192653
21,4,/home/nabizadz/Projects/Mahsa/datasets/lrs2/lrs2_v1/mvlrs_v1/main/6344737002497020519/00001.mp4,37,187,1.0916568040847778,0.47629212884809835
21,5,/home/nabizadz/Projects/Mahsa/datasets/lrs2/lrs2_v1/mvlrs_v1/main/6344737002497020519/00005.mp4,11,161,1.0607943534851074,0.5621739856532972
21,6,/home/nabizadz/Projects/Mahsa/datasets/lrs2/lrs2_v1/mvlrs_v1/main/6345541020505319391/00007.mp4,63,213,1.2625412940979004,0.5458399185418961
21,7,/home/nabizadz/Projects/Mahsa/datasets/lrs2/lrs2_v1/mvlrs_v1/main/6345541020505319391/00015.mp4,100,250,1.1294500827789307,0.7138414841664663
22,0,/home/nabizadz/Projects/Mahsa/datasets/lrs2/lrs2_v1/mvlrs_v1/main/6345850258020171127/00006.mp4,122,272,1.4011777639389038,0.689936728749548
22,1,/home/nabizadz/Projects/Mahsa/datasets/lrs2/lrs2_v1/mvlrs_v1/main/6346600159310117136/00014.mp4,61,211,1.4751920700073242,0.8058592084405113
22,2,/home/nabizadz/Projects/Mahsa/datasets/lrs2/lrs2_v1/mvlrs_v1/main/6347195441777342774/00010.mp4,68,218,1.3198057413101196,0.7845097355085058
22,3,/home/nabizadz/Projects/Mahsa/datasets/lrs2/lrs2_v1/mvlrs_v1/main/6332804294858562278/00034.mp4,35,185,1.1891076564788818,0.5830975701089652
22,4,/home/nabizadz/Projects/Mahsa/datasets/lrs2/lrs2_v1/mvlrs_v1/main/6347195441777342774/00023.mp4,117,267,1.7534615993499756,0.9322088740654668
22,5,/home/nabizadz/Projects/Mahsa/datasets/lrs2/lrs2_v1/mvlrs_v1/main/6347195441777342774/00036.mp4,57,207,1.0795552730560303,0.5257904867662734
22,6,/home/nabizadz/Projects/Mahsa/datasets/lrs2/lrs2_v1/mvlrs_v1/main/6347195441777342774/00052.mp4,144,294,1.780461311340332,0.8632131252513199
22,7,/home/nabizadz/Projects/Mahsa/datasets/lrs2/lrs2_v1/mvlrs_v1/main/6347195441777342774/00054.mp4,110,260,1.7104716300964355,0.9036703970518073
23,0,/home/nabizadz/Projects/Mahsa/datasets/lrs2/lrs2_v1/mvlrs_v1/main/6347195441777342774/00074.mp4,119,269,3.2958526611328125,0.9867860061700362
23,1,/home/nabizadz/Projects/Mahsa/datasets/lrs2/lrs2_v1/mvlrs_v1/main/6347195441777342774/00083.mp4,81,231,1.1775683164596558,0.7171804361489889
23,2,/home/nabizadz/Projects/Mahsa/datasets/lrs2/lrs2_v1/mvlrs_v1/main/6347195441777342774/00098.mp4,41,191,1.1079877614974976,0.5245270072419261
23,3,/home/nabizadz/Projects/Mahsa/datasets/lrs2/lrs2_v1/mvlrs_v1/main/6347195441777342774/00103.mp4,130,280,1.3358702659606934,0.8042628907914572
23,4,/home/nabizadz/Projects/Mahsa/datasets/lrs2/lrs2_v1/mvlrs_v1/main/6347195441777342774/00105.mp4,24,174,1.1556392908096313,0.6343361457678849
23,5,/home/nabizadz/Projects/Mahsa/datasets/lrs2/lrs2_v1/mvlrs_v1/main/6347195441777342774/00129.mp4,50,200,1.0900288820266724,0.5918337264501823
23,6,/home/nabizadz/Projects/Mahsa/datasets/lrs2/lrs2_v1/mvlrs_v1/main/6333175380032936690/00012.mp4,89,239,1.9965128898620605,0.9589217625564512
23,7,/home/nabizadz/Projects/Mahsa/datasets/lrs2/lrs2_v1/mvlrs_v1/main/6347195441777342774/00130.mp4,1,151,1.0237383842468262,0.37203206484410706
24,0,/home/nabizadz/Projects/Mahsa/datasets/lrs2/lrs2_v1/mvlrs_v1/main/6347195441777342774/00139.mp4,5,155,1.071098804473877,0.3523945105706766
24,1,/home/nabizadz/Projects/Mahsa/datasets/lrs2/lrs2_v1/mvlrs_v1/main/6347195441777342774/00160.mp4,139,289,1.3001630306243896,0.7095288868471851
24,2,/home/nabizadz/Projects/Mahsa/datasets/lrs2/lrs2_v1/mvlrs_v1/main/6347195441777342774/00180.mp4,75,225,1.184403657913208,0.706646014084106
24,3,/home/nabizadz/Projects/Mahsa/datasets/lrs2/lrs2_v1/mvlrs_v1/main/6347195441777342774/00188.mp4,22,172,1.0919920206069946,0.4503959029494665
24,4,/home/nabizadz/Projects/Mahsa/datasets/lrs2/lrs2_v1/mvlrs_v1/main/6347195441777342774/00194.mp4,118,268,3.9665958881378174,0.9999999999999999
24,5,/home/nabizadz/Projects/Mahsa/datasets/lrs2/lrs2_v1/mvlrs_v1/main/6347271462698456331/00003.mp4,35,185,1.0946937799453735,0.4730108091152902
24,6,/home/nabizadz/Projects/Mahsa/datasets/lrs2/lrs2_v1/mvlrs_v1/main/6347271462698456331/00005.mp4,132,282,1.2808558940887451,0.6267595861911486
24,7,/home/nabizadz/Projects/Mahsa/datasets/lrs2/lrs2_v1/mvlrs_v1/main/6347271462698456331/00006.mp4,18,168,1.0353776216506958,0.3354133107232828
25,0,/home/nabizadz/Projects/Mahsa/datasets/lrs2/lrs2_v1/mvlrs_v1/main/6347271462698456331/00026.mp4,92,242,3.3314402103424072,0.9999999969133198
25,1,/home/nabizadz/Projects/Mahsa/datasets/lrs2/lrs2_v1/mvlrs_v1/main/6333175380032936690/00015.mp4,21,171,1.2043044567108154,0.5734821048757149
25,2,/home/nabizadz/Projects/Mahsa/datasets/lrs2/lrs2_v1/mvlrs_v1/main/6347271462698456331/00028.mp4,98,248,3.684272050857544,0.9999999999999998
25,3,/home/nabizadz/Projects/Mahsa/datasets/lrs2/lrs2_v1/mvlrs_v1/main/6347338464188272871/00011.mp4,118,268,3.9117069244384766,0.9999999999999999
25,4,/home/nabizadz/Projects/Mahsa/datasets/lrs2/lrs2_v1/mvlrs_v1/main/6347350060599908703/00005.mp4,79,229,1.1641825437545776,0.49144901596136525
25,5,/home/nabizadz/Projects/Mahsa/datasets/lrs2/lrs2_v1/mvlrs_v1/main/6347350060599908703/00007.mp4,90,240,2.0188918113708496,0.9712926361151514
25,6,/home/nabizadz/Projects/Mahsa/datasets/lrs2/lrs2_v1/mvlrs_v1/main/6347524006775395501/00006.mp4,139,289,4.177005767822266,0.9999999999999997
25,7,/home/nabizadz/Projects/Mahsa/datasets/lrs2/lrs2_v1/mvlrs_v1/main/6347524006775395501/00020.mp4,120,270,3.9993457794189453,0.9999999999999998
26,0,/home/nabizadz/Projects/Mahsa/datasets/lrs2/lrs2_v1/mvlrs_v1/main/6347667029186417939/00010.mp4,39,189,1.0653640031814575,0.36557134408801994
26,1,/home/nabizadz/Projects/Mahsa/datasets/lrs2/lrs2_v1/mvlrs_v1/main/6347667029186417939/00011.mp4,4,154,1.1547636985778809,0.41769908092899377
26,2,/home/nabizadz/Projects/Mahsa/datasets/lrs2/lrs2_v1/mvlrs_v1/main/6347667029186417939/00030.mp4,136,286,1.3824570178985596,0.8349013427592525
26,3,/home/nabizadz/Projects/Mahsa/datasets/lrs2/lrs2_v1/mvlrs_v1/main/6347667029186417939/00035.mp4,33,183,1.1436707973480225,0.49368681339189635
26,4,/home/nabizadz/Projects/Mahsa/datasets/lrs2/lrs2_v1/mvlrs_v1/main/6333604447265869137/00003.mp4,111,261,1.086482286453247,0.5785049220651522
26,5,/home/nabizadz/Projects/Mahsa/datasets/lrs2/lrs2_v1/mvlrs_v1/main/6348038114360790454/00004.mp4,51,201,1.298481822013855,0.6013499780781587
26,6,/home/nabizadz/Projects/Mahsa/datasets/lrs2/lrs2_v1/mvlrs_v1/main/6348038114360790454/00012.mp4,101,251,1.997355580329895,0.9858878018629921
26,7,/home/nabizadz/Projects/Mahsa/datasets/lrs2/lrs2_v1/mvlrs_v1/main/6348409199535164855/00011.mp4,85,235,1.5266841650009155,0.756155302673971
27,0,/home/nabizadz/Projects/Mahsa/datasets/lrs2/lrs2_v1/mvlrs_v1/main/6348409199535164855/00022.mp4,111,261,2.4824202060699463,0.9939915636567679
27,1,/home/nabizadz/Projects/Mahsa/datasets/lrs2/lrs2_v1/mvlrs_v1/main/6348409199535164855/00054.mp4,29,179,1.0909126996994019,0.14226460559137832
27,2,/home/nabizadz/Projects/Mahsa/datasets/lrs2/lrs2_v1/mvlrs_v1/main/6348440123299631026/00021.mp4,99,249,3.67590594291687,0.9999999999999997
27,3,/home/nabizadz/Projects/Mahsa/datasets/lrs2/lrs2_v1/mvlrs_v1/main/6348463316123031920/00004.mp4,109,259,1.717036485671997,0.8757570100072235
27,4,/home/nabizadz/Projects/Mahsa/datasets/lrs2/lrs2_v1/mvlrs_v1/main/6348463316123031920/00014.mp4,18,168,1.0474281311035156,0.37284271217882364
27,5,/home/nabizadz/Projects/Mahsa/datasets/lrs2/lrs2_v1/mvlrs_v1/main/6348463316123031920/00020.mp4,78,228,1.6675467491149902,0.907225672373152
27,6,/home/nabizadz/Projects/Mahsa/datasets/lrs2/lrs2_v1/mvlrs_v1/main/6348463316123031920/00027.mp4,44,194,1.0708353519439697,0.5075130936469208
27,7,/home/nabizadz/Projects/Mahsa/datasets/lrs2/lrs2_v1/mvlrs_v1/main/6330311066473698535/00025.mp4,7,157,1.0823973417282104,0.2408054741015043
28,0,/home/nabizadz/Projects/Mahsa/datasets/lrs2/lrs2_v1/mvlrs_v1/main/6333604447265869137/00005.mp4,51,201,1.4583624601364136,0.8218938291190201
28,1,/home/nabizadz/Projects/Mahsa/datasets/lrs2/lrs2_v1/mvlrs_v1/main/6348714571709909926/00001.mp4,56,206,1.0647717714309692,0.4780521796845599
28,2,/home/nabizadz/Projects/Mahsa/datasets/lrs2/lrs2_v1/mvlrs_v1/main/6348714571709909926/00011.mp4,72,222,1.524051547050476,0.7937795993804893
28,3,/home/nabizadz/Projects/Mahsa/datasets/lrs2/lrs2_v1/mvlrs_v1/main/6348780284709539256/00003.mp4,100,250,2.091379165649414,0.9998202937613705
28,4,/home/nabizadz/Projects/Mahsa/datasets/lrs2/lrs2_v1/mvlrs_v1/main/6348780284709539256/00016.mp4,94,244,1.2259845733642578,0.6043783173316307
28,5,/home/nabizadz/Projects/Mahsa/datasets/lrs2/lrs2_v1/mvlrs_v1/main/6348780284709539256/00019.mp4,36,186,1.1443812847137451,0.5655033437365288
28,6,/home/nabizadz/Projects/Mahsa/datasets/lrs2/lrs2_v1/mvlrs_v1/main/6348780284709539256/00026.mp4,70,220,1.1488932371139526,0.5073424335327836
28,7,/home/nabizadz/Projects/Mahsa/datasets/lrs2/lrs2_v1/mvlrs_v1/main/6348834401297406331/00002.mp4,13,163,1.2736716270446777,0.5662574892026498
29,0,/home/nabizadz/Projects/Mahsa/datasets/lrs2/lrs2_v1/mvlrs_v1/main/6348834401297406331/00006.mp4,7,157,1.085144281387329,0.5038785669226904
29,1,/home/nabizadz/Projects/Mahsa/datasets/lrs2/lrs2_v1/mvlrs_v1/main/6348834401297406331/00023.mp4,115,265,1.1267650127410889,0.520076482745087
29,2,/home/nabizadz/Projects/Mahsa/datasets/lrs2/lrs2_v1/mvlrs_v1/main/6348834401297406331/00046.mp4,142,292,1.8598519563674927,0.9657811165639686
29,3,/home/nabizadz/Projects/Mahsa/datasets/lrs2/lrs2_v1/mvlrs_v1/main/6334149478615670679/00004.mp4,88,238,2.160050392150879,0.9467724397711028
29,4,/home/nabizadz/Projects/Mahsa/datasets/lrs2/lrs2_v1/mvlrs_v1/main/6348834401297406331/00051.mp4,127,277,1.6517832279205322,0.8664824756285595
29,5,/home/nabizadz/Projects/Mahsa/datasets/lrs2/lrs2_v1/mvlrs_v1/main/6348834401427892766/00009.mp4,71,221,1.2115927934646606,0.5374665306291908
29,6,/home/nabizadz/Projects/Mahsa/datasets/lrs2/lrs2_v1/mvlrs_v1/main/6348834401427892766/00015.mp4,41,191,1.2812522649765015,0.22278769069277107
29,7,/home/nabizadz/Projects/Mahsa/datasets/lrs2/lrs2_v1/mvlrs_v1/main/6348834401427892766/00029.mp4,125,275,1.4262328147888184,0.7584617599607444
30,0,/home/nabizadz/Projects/Mahsa/datasets/lrs2/lrs2_v1/mvlrs_v1/main/6348834401427892766/00043.mp4,93,243,1.5586488246917725,0.8206886780937637
30,1,/home/nabizadz/Projects/Mahsa/datasets/lrs2/lrs2_v1/mvlrs_v1/main/6348834401427892766/00045.mp4,148,298,2.670081853866577,0.9090312346240511
30,2,/home/nabizadz/Projects/Mahsa/datasets/lrs2/lrs2_v1/mvlrs_v1/main/6348834401427892766/00048.mp4,13,163,1.185435175895691,0.5660863095665909
30,3,/home/nabizadz/Projects/Mahsa/datasets/lrs2/lrs2_v1/mvlrs_v1/main/6349108849707618270/00007.mp4,150,300,4.197054386138916,0.9999999999999996
30,4,/home/nabizadz/Projects/Mahsa/datasets/lrs2/lrs2_v1/mvlrs_v1/main/6349174562707247076/00008.mp4,72,222,1.1979039907455444,0.6084492654859188
30,5,/home/nabizadz/Projects/Mahsa/datasets/lrs2/lrs2_v1/mvlrs_v1/main/6349174562707247076/00010.mp4,145,295,4.212387561798096,0.9999999999999997
30,6,/home/nabizadz/Projects/Mahsa/datasets/lrs2/lrs2_v1/mvlrs_v1/main/6334149478615670679/00008.mp4,1,151,1.06302809715271,0.5295354234026396
30,7,/home/nabizadz/Projects/Mahsa/datasets/lrs2/lrs2_v1/mvlrs_v1/main/6349174562707247076/00019.mp4,133,283,3.20061993598938,0.9998894941137801
31,0,/home/nabizadz/Projects/Mahsa/datasets/lrs2/lrs2_v1/mvlrs_v1/main/6349190024589512678/00006.mp4,79,229,3.293522357940674,0.999999999127961
31,1,/home/nabizadz/Projects/Mahsa/datasets/lrs2/lrs2_v1/mvlrs_v1/main/6349213217412979095/00007.mp4,42,192,1.0495699644088745,0.40627495059725716
31,2,/home/nabizadz/Projects/Mahsa/datasets/lrs2/lrs2_v1/mvlrs_v1/main/6349213217412979095/00010.mp4,43,193,1.0679267644882202,0.40929536199053107
31,3,/home/nabizadz/Projects/Mahsa/datasets/lrs2/lrs2_v1/mvlrs_v1/main/6349228679295241171/00016.mp4,140,290,4.155253887176514,0.9999999999999999
31,4,/home/nabizadz/Projects/Mahsa/datasets/lrs2/lrs2_v1/mvlrs_v1/main/6349420664333310663/00012.mp4,23,173,1.1404545307159424,0.2814768824684548
31,5,/home/nabizadz/Projects/Mahsa/datasets/lrs2/lrs2_v1/mvlrs_v1/main/6349559821273762790/00002.mp4,94,244,2.2906649112701416,0.987139751595576
31,6,/home/nabizadz/Projects/Mahsa/datasets/lrs2/lrs2_v1/mvlrs_v1/main/6349559821273762790/00010.mp4,129,279,2.3257434368133545,0.9642791722540315
31,7,/home/nabizadz/Projects/Mahsa/datasets/lrs2/lrs2_v1/mvlrs_v1/main/6349793037997935601/00008.mp4,122,272,1.1641287803649902,0.6214187512404227
32,0,/home/nabizadz/Projects/Mahsa/datasets/lrs2/lrs2_v1/mvlrs_v1/main/6349793037997935601/00025.mp4,65,215,1.2058441638946533,0.5865121693042249
32,1,/home/nabizadz/Projects/Mahsa/datasets/lrs2/lrs2_v1/mvlrs_v1/main/6334149478615670679/00015.mp4,116,266,3.8517916202545166,0.9999999999999998
32,2,/home/nabizadz/Projects/Mahsa/datasets/lrs2/lrs2_v1/mvlrs_v1/main/6349793037997935601/00029.mp4,28,178,1.1205060482025146,0.5076238862464204
32,3,/home/nabizadz/Projects/Mahsa/datasets/lrs2/lrs2_v1/mvlrs_v1/main/6349793037997935601/00062.mp4,150,300,4.2580437660217285,1.0
32,4,/home/nabizadz/Projects/Mahsa/datasets/lrs2/lrs2_v1/mvlrs_v1/main/6349793037997935601/00067.mp4,129,279,4.013612270355225,0.9999999999999993
32,5,/home/nabizadz/Projects/Mahsa/datasets/lrs2/lrs2_v1/mvlrs_v1/main/6349793037997935601/00076.mp4,131,281,1.375771164894104,0.647338636580457
32,6,/home/nabizadz/Projects/Mahsa/datasets/lrs2/lrs2_v1/mvlrs_v1/main/6349793037997935601/00098.mp4,62,212,1.3486416339874268,0.7407115116937004
32,7,/home/nabizadz/Projects/Mahsa/datasets/lrs2/lrs2_v1/mvlrs_v1/main/6349793037997935601/00118.mp4,58,208,1.1157655715942383,0.5618698668960304
33,0,/home/nabizadz/Projects/Mahsa/datasets/lrs2/lrs2_v1/mvlrs_v1/main/6349793037997935601/00128.mp4,101,251,1.2611597776412964,0.632910056418068
33,1,/home/nabizadz/Projects/Mahsa/datasets/lrs2/lrs2_v1/mvlrs_v1/main/6349793037997935601/00138.mp4,148,298,4.276022911071777,0.9999999999999998
33,2,/home/nabizadz/Projects/Mahsa/datasets/lrs2/lrs2_v1/mvlrs_v1/main/6349793037997935601/00163.mp4,56,206,1.1193662881851196,0.3905243062249869
33,3,/home/nabizadz/Projects/Mahsa/datasets/lrs2/lrs2_v1/mvlrs_v1/main/6349793037997935601/00183.mp4,141,291,4.103868007659912,0.9999999999999996
33,4,/home/nabizadz/Projects/Mahsa/datasets/lrs2/lrs2_v1/mvlrs_v1/main/6334149478615670679/00025.mp4,133,283,1.569791555404663,0.8471681016554928
33,5,/home/nabizadz/Projects/Mahsa/datasets/lrs2/lrs2_v1/mvlrs_v1/main/6349847154585871175/00007.mp4,136,286,2.9557371139526367,0.9900677190920063
33,6,/home/nabizadz/Projects/Mahsa/datasets/lrs2/lrs2_v1/mvlrs_v1/main/6349847154585871175/00014.mp4,3,153,1.0332286357879639,0.34674254334392696
33,7,/home/nabizadz/Projects/Mahsa/datasets/lrs2/lrs2_v1/mvlrs_v1/main/6349847154585871175/00018.mp4,94,244,1.171468734741211,0.5738487953244843
34,0,/home/nabizadz/Projects/Mahsa/datasets/lrs2/lrs2_v1/mvlrs_v1/main/6349847154585871175/00027.mp4,118,268,1.2726480960845947,0.6492130849751183
34,1,/home/nabizadz/Projects/Mahsa/datasets/lrs2/lrs2_v1/mvlrs_v1/main/6349847154585871175/00028.mp4,31,181,1.117141604423523,0.40112086397223473
34,2,/home/nabizadz/Projects/Mahsa/datasets/lrs2/lrs2_v1/mvlrs_v1/main/6349847154585871175/00035.mp4,55,205,1.2486014366149902,0.6280221614513277
34,3,/home/nabizadz/Projects/Mahsa/datasets/lrs2/lrs2_v1/mvlrs_v1/main/6349847154585871175/00037.mp4,144,294,4.123086452484131,0.9999999999999998
34,4,/home/nabizadz/Projects/Mahsa/datasets/lrs2/lrs2_v1/mvlrs_v1/main/6349847154585871175/00039.mp4,35,185,1.1621057987213135,0.4448912586366896
34,5,/home/nabizadz/Projects/Mahsa/datasets/lrs2/lrs2_v1/mvlrs_v1/main/6350152526760616781/00013.mp4,2,152,1.223497748374939,0.4330007330253475
34,6,/home/nabizadz/Projects/Mahsa/datasets/lrs2/lrs2_v1/mvlrs_v1/main/6350152526760616781/00016.mp4,64,214,1.2101985216140747,0.4884064739194781
34,7,/home/nabizadz/Projects/Mahsa/datasets/lrs2/lrs2_v1/mvlrs_v1/main/6334331155732352379/00002.mp4,41,191,1.0981450080871582,0.49710096877651816
35,0,/home/nabizadz/Projects/Mahsa/datasets/lrs2/lrs2_v1/mvlrs_v1/main/6350152526760616781/00052.mp4,81,231,1.2560142278671265,0.7082972060557924
35,1,/home/nabizadz/Projects/Mahsa/datasets/lrs2/lrs2_v1/mvlrs_v1/main/6350152526760616781/00059.mp4,83,233,1.7086076736450195,0.8803019017317911
35,2,/home/nabizadz/Projects/Mahsa/datasets/lrs2/lrs2_v1/mvlrs_v1/main/6349916733056066377/00018.mp4,125,275,1.3404091596603394,0.6892308714938485
35,3,/home/nabizadz/Projects/Mahsa/datasets/lrs2/lrs2_v1/mvlrs_v1/main/6349947656820532043/00016.mp4,75,225,1.185119867324829,0.7911558271222231
35,4,/home/nabizadz/Projects/Mahsa/datasets/lrs2/lrs2_v1/mvlrs_v1/main/6350152526760616781/00008.mp4,10,160,1.0245791673660278,0.26622318286873864
35,5,/home/nabizadz/Projects/Mahsa/datasets/lrs2/lrs2_v1/mvlrs_v1/main/6350152526760616781/00009.mp4,145,295,1.4868718385696411,0.5686630325253151
35,6,/home/nabizadz/Projects/Mahsa/datasets/lrs2/lrs2_v1/mvlrs_v1/main/6350152526760616781/00067.mp4,117,267,4.092807292938232,1.0
35,7,/home/nabizadz/Projects/Mahsa/datasets/lrs2/lrs2_v1/mvlrs_v1/main/6350222105230808621/00007.mp4,87,237,1.1297529935836792,0.6237802717181407
36,0,/home/nabizadz/Projects/Mahsa/datasets/lrs2/lrs2_v1/mvlrs_v1/main/6350222105230808621/00008.mp4,125,275,3.886039972305298,0.9999999999999996
36,1,/home/nabizadz/Projects/Mahsa/datasets/lrs2/lrs2_v1/mvlrs_v1/main/6350222105230808621/00012.mp4,139,289,2.4312667846679688,0.9796828073172801
36,2,/home/nabizadz/Projects/Mahsa/datasets/lrs2/lrs2_v1/mvlrs_v1/main/6334563083966338309/00004.mp4,111,261,1.2706544399261475,0.6878919251106481
36,3,/home/nabizadz/Projects/Mahsa/datasets/lrs2/lrs2_v1/mvlrs_v1/main/6350264625407039025/00015.mp4,138,288,4.027861595153809,0.9999999999999999
36,4,/home/nabizadz/Projects/Mahsa/datasets/lrs2/lrs2_v1/mvlrs_v1/main/6350295549171504559/00001.mp4,117,267,4.001923561096191,0.9999999999999999
36,5,/home/nabizadz/Projects/Mahsa/datasets/lrs2/lrs2_v1/mvlrs_v1/main/6350295549171504559/00004.mp4,33,183,1.1928540468215942,0.626376869260217
36,6,/home/nabizadz/Projects/Mahsa/datasets/lrs2/lrs2_v1/mvlrs_v1/main/6350295549171504559/00006.mp4,145,295,4.255559921264648,0.9999999999999998
36,7,/home/nabizadz/Projects/Mahsa/datasets/lrs2/lrs2_v1/mvlrs_v1/main/6350295549171504559/00016.mp4,25,175,1.0216017961502075,0.3630401878963327
37,0,/home/nabizadz/Projects/Mahsa/datasets/lrs2/lrs2_v1/mvlrs_v1/main/6350523611934991188/00008.mp4,136,286,4.2186598777771,0.9999999999999996
37,1,/home/nabizadz/Projects/Mahsa/datasets/lrs2/lrs2_v1/mvlrs_v1/main/6350523611934991188/00013.mp4,97,247,1.267686367034912,0.6038671053151515
37,2,/home/nabizadz/Projects/Mahsa/datasets/lrs2/lrs2_v1/mvlrs_v1/main/6350523611934991188/00015.mp4,41,191,1.3550231456756592,0.6157529211356824
37,3,/home/nabizadz/Projects/Mahsa/datasets/lrs2/lrs2_v1/mvlrs_v1/main/6350523611934991188/00016.mp4,81,231,1.723829746246338,0.8987738001990445
37,4,/home/nabizadz/Projects/Mahsa/datasets/lrs2/lrs2_v1/mvlrs_v1/main/6350523611934991188/00021.mp4,4,154,1.1022577285766602,0.49268257069736254
37,5,/home/nabizadz/Projects/Mahsa/datasets/lrs2/lrs2_v1/mvlrs_v1/main/6334563083966338309/00024.mp4,149,299,4.274656772613525,0.9999999999999998
37,6,/home/nabizadz/Projects/Mahsa/datasets/lrs2/lrs2_v1/mvlrs_v1/main/6350523611934991188/00027.mp4,10,160,1.042689561843872,0.14927153622711606
37,7,/home/nabizadz/Projects/Mahsa/datasets/lrs2/lrs2_v1/mvlrs_v1/main/6350523611934991188/00060.mp4,133,283,1.2332755327224731,0.5887069253243189
38,0,/home/nabizadz/Projects/Mahsa/datasets/lrs2/lrs2_v1/mvlrs_v1/main/6350523611934991188/00061.mp4,49,199,1.3049957752227783,0.49620095015409243
38,1,/home/nabizadz/Projects/Mahsa/datasets/lrs2/lrs2_v1/mvlrs_v1/main/6350523611934991188/00067.mp4,99,249,2.0631909370422363,0.9785210824811781
38,2,/home/nabizadz/Projects/Mahsa/datasets/lrs2/lrs2_v1/mvlrs_v1/main/6350666634345878987/00013.mp4,21,171,1.0412399768829346,0.3612522264532711
38,3,/home/nabizadz/Projects/Mahsa/datasets/lrs2/lrs2_v1/mvlrs_v1/main/6350921755403330389/00027.mp4,118,268,1.1911661624908447,0.6492314963241858
38,4,/home/nabizadz/Projects/Mahsa/datasets/lrs2/lrs2_v1/mvlrs_v1/main/6350921755403330389/00030.mp4,146,296,3.297178268432617,0.9999820356854652
38,5,/home/nabizadz/Projects/Mahsa/datasets/lrs2/lrs2_v1/mvlrs_v1/main/6350921755403330389/00041.mp4,130,280,4.170444965362549,0.9999999999999999
38,6,/home/nabizadz/Projects/Mahsa/datasets/lrs2/lrs2_v1/mvlrs_v1/main/6350921755403330389/00056.mp4,146,296,1.2623169422149658,0.6330406730294066
38,7,/home/nabizadz/Projects/Mahsa/datasets/lrs2/lrs2_v1/mvlrs_v1/main/6350921755403330389/00058.mp4,44,194,1.185346245765686,0.5890474930271172
39,0,/home/nabizadz/Projects/Mahsa/datasets/lrs2/lrs2_v1/mvlrs_v1/main/6334563083966338309/00057.mp4,115,265,1.6632895469665527,0.9662652397057611
39,1,/home/nabizadz/Projects/Mahsa/datasets/lrs2/lrs2_v1/mvlrs_v1/main/6350921755403330389/00062.mp4,24,174,1.0809780359268188,0.25410273615824924
39,2,/home/nabizadz/Projects/Mahsa/datasets/lrs2/lrs2_v1/mvlrs_v1/main/6351037719520253414/00001.mp4,132,282,1.193837285041809,0.5862276761095022
39,3,/home/nabizadz/Projects/Mahsa/datasets/lrs2/lrs2_v1/mvlrs_v1/main/6351037719520253414/00003.mp4,31,181,1.1502835750579834,0.6081823538104904
39,4,/home/nabizadz/Projects/Mahsa/datasets/lrs2/lrs2_v1/mvlrs_v1/main/6351234858519149621/00007.mp4,3,153,1.0375057458877563,0.17703659314696854
39,5,/home/nabizadz/Projects/Mahsa/datasets/lrs2/lrs2_v1/mvlrs_v1/main/6351234858519149621/00044.mp4,3,153,1.0824084281921387,0.2283368314964198
39,6,/home/nabizadz/Projects/Mahsa/datasets/lrs2/lrs2_v1/mvlrs_v1/main/6351265782283739990/00001.mp4,106,256,1.3836829662322998,0.7473672838992659
39,7,/home/nabizadz/Projects/Mahsa/datasets/lrs2/lrs2_v1/mvlrs_v1/main/6351265782283739990/00008.mp4,52,202,1.2521774768829346,0.6696646396840779
40,0,/home/nabizadz/Projects/Mahsa/datasets/lrs2/lrs2_v1/mvlrs_v1/main/6351265782283739990/00030.mp4,107,257,1.2824857234954834,0.6996147880615197
40,1,/home/nabizadz/Projects/Mahsa/datasets/lrs2/lrs2_v1/mvlrs_v1/main/6351265782283739990/00032.mp4,121,271,1.4354138374328613,0.6878495800038723
40,2,/home/nabizadz/Projects/Mahsa/datasets/lrs2/lrs2_v1/mvlrs_v1/main/6351265782283739990/00033.mp4,62,212,1.1457189321517944,0.6230445998535711
40,3,/home/nabizadz/Projects/Mahsa/datasets/lrs2/lrs2_v1/mvlrs_v1/main/6334563083966338309/00081.mp4,10,160,1.077189564704895,0.07181014748957175
40,4,/home/nabizadz/Projects/Mahsa/datasets/lrs2/lrs2_v1/mvlrs_v1/main/6351424266576959115/00013.mp4,56,206,1.2361785173416138,0.6797650407416658
40,5,/home/nabizadz/Projects/Mahsa/datasets/lrs2/lrs2_v1/mvlrs_v1/main/6351424266576959115/00014.mp4,95,245,1.1040277481079102,0.5546524272470543
40,6,/home/nabizadz/Projects/Mahsa/datasets/lrs2/lrs2_v1/mvlrs_v1/main/6351424266576959115/00015.mp4,122,272,1.2043156623840332,0.679835937183841
40,7,/home/nabizadz/Projects/Mahsa/datasets/lrs2/lrs2_v1/mvlrs_v1/main/6351431997518095202/00003.mp4,82,232,1.1606494188308716,0.6432068482500558
41,0,/home/nabizadz/Projects/Mahsa/datasets/lrs2/lrs2_v1/mvlrs_v1/main/6351431997518095202/00008.mp4,96,246,2.8471620082855225,0.9993504050674246
41,1,/home/nabizadz/Projects/Mahsa/datasets/lrs2/lrs2_v1/mvlrs_v1/main/6351431997518095202/00009.mp4,11,161,1.125147819519043,0.44976633944344474
41,2,/home/nabizadz/Projects/Mahsa/datasets/lrs2/lrs2_v1/mvlrs_v1/main/6351431997518095202/00017.mp4,46,196,1.4429818391799927,0.3259714529775441
41,3,/home/nabizadz/Projects/Mahsa/datasets/lrs2/lrs2_v1/mvlrs_v1/main/6351431997518095202/00019.mp4,131,281,4.102766036987305,1.0
41,4,/home/nabizadz/Projects/Mahsa/datasets/lrs2/lrs2_v1/mvlrs_v1/main/6351636867458114391/00002.mp4,57,207,1.0723130702972412,0.38641933582502425
41,5,/home/nabizadz/Projects/Mahsa/datasets/lrs2/lrs2_v1/mvlrs_v1/main/6351636867458114391/00004.mp4,53,203,1.082154393196106,0.40437761306078446
41,6,/home/nabizadz/Projects/Mahsa/datasets/lrs2/lrs2_v1/mvlrs_v1/main/6331559613336179781/00019.mp4,75,225,1.1502854824066162,0.6010624114697259
41,7,/home/nabizadz/Projects/Mahsa/datasets/lrs2/lrs2_v1/mvlrs_v1/main/6334563083966338309/00089.mp4,92,242,1.2805792093276978,0.590380506623176
42,0,/home/nabizadz/Projects/Mahsa/datasets/lrs2/lrs2_v1/mvlrs_v1/main/6351636867458114391/00005.mp4,68,218,1.3950897455215454,0.9149527211917108
42,1,/home/nabizadz/Projects/Mahsa/datasets/lrs2/lrs2_v1/mvlrs_v1/main/6351636867458114391/00010.mp4,143,293,1.3580291271209717,0.599482552609501
42,2,/home/nabizadz/Projects/Mahsa/datasets/lrs2/lrs2_v1/mvlrs_v1/main/6351636867458114391/00033.mp4,71,221,1.2078465223312378,0.6182598223679929
42,3,/home/nabizadz/Projects/Mahsa/datasets/lrs2/lrs2_v1/mvlrs_v1/main/6351636867458114391/00037.mp4,31,181,1.1335363388061523,0.46770098975041885
42,4,/home/nabizadz/Projects/Mahsa/datasets/lrs2/lrs2_v1/mvlrs_v1/main/6351636867458114391/00040.mp4,32,182,1.0660701990127563,0.23388026228013648
42,5,/home/nabizadz/Projects/Mahsa/datasets/lrs2/lrs2_v1/mvlrs_v1/main/6351714176869448803/00001.mp4,117,267,3.186934471130371,0.9993847500980101
42,6,/home/nabizadz/Projects/Mahsa/datasets/lrs2/lrs2_v1/mvlrs_v1/main/6351714176869448803/00004.mp4,69,219,1.052730679512024,0.5562949813278766
42,7,/home/nabizadz/Projects/Mahsa/datasets/lrs2/lrs2_v1/mvlrs_v1/main/6351714176869448803/00010.mp4,4,154,1.0518968105316162,0.24470584402310372
43,0,/home/nabizadz/Projects/Mahsa/datasets/lrs2/lrs2_v1/mvlrs_v1/main/6351772158927869467/00029.mp4,63,213,1.7477048635482788,0.7995305814151528
43,1,/home/nabizadz/Projects/Mahsa/datasets/lrs2/lrs2_v1/mvlrs_v1/main/6351772158927869467/00035.mp4,4,154,1.019791603088379,0.3873988346273915
43,2,/home/nabizadz/Projects/Mahsa/datasets/lrs2/lrs2_v1/mvlrs_v1/main/6334563083966338309/00103.mp4,28,178,1.24519681930542,0.621229334996651
43,3,/home/nabizadz/Projects/Mahsa/datasets/lrs2/lrs2_v1/mvlrs_v1/main/6351810813633601326/00001.mp4,145,295,4.345263481140137,0.9999999999999998
43,4,/home/nabizadz/Projects/Mahsa/datasets/lrs2/lrs2_v1/mvlrs_v1/main/6351810813633601326/00002.mp4,71,221,1.189728021621704,0.6263068756135398
43,5,/home/nabizadz/Projects/Mahsa/datasets/lrs2/lrs2_v1/mvlrs_v1/main/6351810813633601326/00006.mp4,111,261,1.5145111083984375,0.9222079262927592
43,6,/home/nabizadz/Projects/Mahsa/datasets/lrs2/lrs2_v1/mvlrs_v1/main/6351810813633601326/00007.mp4,21,171,1.048313856124878,0.2925203623473602
43,7,/home/nabizadz/Projects/Mahsa/datasets/lrs2/lrs2_v1/mvlrs_v1/main/6351810813633601326/00013.mp4,12,162,1.0624322891235352,0.2193315044426814
44,0,/home/nabizadz/Projects/Mahsa/datasets/lrs2/lrs2_v1/mvlrs_v1/main/6351810813633601326/00014.mp4,16,166,1.0329796075820923,0.2358794498763093
44,1,/home/nabizadz/Projects/Mahsa/datasets/lrs2/lrs2_v1/mvlrs_v1/main/6351810813633601326/00016.mp4,105,255,1.222703456878662,0.5639546935180813
44,2,/home/nabizadz/Projects/Mahsa/datasets/lrs2/lrs2_v1/mvlrs_v1/main/6351810813633601326/00020.mp4,122,272,3.1995155811309814,0.9977161629835457
44,3,/home/nabizadz/Projects/Mahsa/datasets/lrs2/lrs2_v1/mvlrs_v1/main/6351826275515864748/00006.mp4,71,221,1.1920485496520996,0.569408444439692
44,4,/home/nabizadz/Projects/Mahsa/datasets/lrs2/lrs2_v1/mvlrs_v1/main/6351841737398064668/00004.mp4,111,261,3.7779228687286377,0.9999999999999998
44,5,/home/nabizadz/Projects/Mahsa/datasets/lrs2/lrs2_v1/mvlrs_v1/main/6334563083966338309/00106.mp4,111,261,1.1976428031921387,0.5491736233446285
44,6,/home/nabizadz/Projects/Mahsa/datasets/lrs2/lrs2_v1/mvlrs_v1/main/6352157417494386368/00027.mp4,146,296,4.320223331451416,0.9999999999999998
44,7,/home/nabizadz/Projects/Mahsa/datasets/lrs2/lrs2_v1/mvlrs_v1/main/6352157417494386368/00030.mp4,105,255,1.9505889415740967,0.9680784088145044
45,0,/home/nabizadz/Projects/Mahsa/datasets/lrs2/lrs2_v1/mvlrs_v1/main/6352157417494386368/00043.mp4,82,232,1.1720606088638306,0.6418763801892988
45,1,/home/nabizadz/Projects/Mahsa/datasets/lrs2/lrs2_v1/mvlrs_v1/main/6352157417494386368/00050.mp4,149,299,4.253915309906006,0.9999999999999998
45,2,/home/nabizadz/Projects/Mahsa/datasets/lrs2/lrs2_v1/mvlrs_v1/main/6352157417494386368/00051.mp4,57,207,1.2031726837158203,0.6463935832780255
45,3,/home/nabizadz/Projects/Mahsa/datasets/lrs2/lrs2_v1/mvlrs_v1/main/6352498867394358158/00018.mp4,4,154,1.079569935798645,0.3576385669081546
45,4,/home/nabizadz/Projects/Mahsa/datasets/lrs2/lrs2_v1/mvlrs_v1/main/6352498867394358158/00019.mp4,62,212,1.1349936723709106,0.6692481414979455
45,5,/home/nabizadz/Projects/Mahsa/datasets/lrs2/lrs2_v1/mvlrs_v1/main/6352498867394358158/00027.mp4,74,224,1.19826340675354,0.7031476241622848
45,6,/home/nabizadz/Projects/Mahsa/datasets/lrs2/lrs2_v1/mvlrs_v1/main/6352533656629519062/00002.mp4,113,263,1.3108218908309937,0.7297793516456018
45,7,/home/nabizadz/Projects/Mahsa/datasets/lrs2/lrs2_v1/mvlrs_v1/main/6352533656629519062/00006.mp4,19,169,1.1476744413375854,0.31183896675434797
46,0,/home/nabizadz/Projects/Mahsa/datasets/lrs2/lrs2_v1/mvlrs_v1/main/6334934169140712754/00001.mp4,98,248,1.3278758525848389,0.6804336654254829
46,1,/home/nabizadz/Projects/Mahsa/datasets/lrs2/lrs2_v1/mvlrs_v1/main/6352533656629519062/00013.mp4,5,155,1.0436978340148926,0.4241906224951852
46,2,/home/nabizadz/Projects/Mahsa/datasets/lrs2/lrs2_v1/mvlrs_v1/main/6352815835980800496/00002.mp4,149,299,4.2550554275512695,0.9999999999999998
46,3,/home/nabizadz/Projects/Mahsa/datasets/lrs2/lrs2_v1/mvlrs_v1/main/6352815835980800496/00005.mp4,144,294,4.082787990570068,0.9999999999999998
46,4,/home/nabizadz/Projects/Mahsa/datasets/lrs2/lrs2_v1/mvlrs_v1/main/6352815835980800496/00007.mp4,128,278,3.1976215839385986,0.9999318505983109
46,5,/home/nabizadz/Projects/Mahsa/datasets/lrs2/lrs2_v1/mvlrs_v1/main/6352893145392128503/00008.mp4,150,300,4.250057220458984,1.0
46,6,/home/nabizadz/Projects/Mahsa/datasets/lrs2/lrs2_v1/mvlrs_v1/main/6352893145392128503/00013.mp4,49,199,1.127838373184204,0.5268495933941649
46,7,/home/nabizadz/Projects/Mahsa/datasets/lrs2/lrs2_v1/mvlrs_v1/main/6352893145392128503/00014.mp4,125,275,1.6261779069900513,0.781943665225817
47,0,/home/nabizadz/Projects/Mahsa/datasets/lrs2/lrs2_v1/mvlrs_v1/main/6352893145392128503/00017.mp4,3,153,1.0555356740951538,0.475150181073611
47,1,/home/nabizadz/Projects/Mahsa/datasets/lrs2/lrs2_v1/mvlrs_v1/main/6352893145392128503/00020.mp4,10,160,1.0354440212249756,0.3267287747870023
47,2,/home/nabizadz/Projects/Mahsa/datasets/lrs2/lrs2_v1/mvlrs_v1/main/6352893145392128503/00036.mp4,46,196,1.0535117387771606,0.4590394643429428
47,3,/home/nabizadz/Projects/Mahsa/datasets/lrs2/lrs2_v1/mvlrs_v1/main/6334934169140712754/00002.mp4,0,150,1.0536611080169678,0.38356983578836273
47,4,/home/nabizadz/Projects/Mahsa/datasets/lrs2/lrs2_v1/mvlrs_v1/main/6352916338215591806/00003.mp4,80,230,1.4797041416168213,0.7334626337322311
47,5,/home/nabizadz/Projects/Mahsa/datasets/lrs2/lrs2_v1/mvlrs_v1/main/6353179190214044575/00010.mp4,129,279,1.3487379550933838,0.6713126175800715
47,6,/home/nabizadz/Projects/Mahsa/datasets/lrs2/lrs2_v1/mvlrs_v1/main/6353179190214044575/00019.mp4,47,197,1.0819458961486816,0.4694857965509128
47,7,/home/nabizadz/Projects/Mahsa/datasets/lrs2/lrs2_v1/mvlrs_v1/main/6353179190214044575/00020.mp4,36,186,1.0512654781341553,0.2958384330063666
48,0,/home/nabizadz/Projects/Mahsa/datasets/lrs2/lrs2_v1/mvlrs_v1/main/6353190786625806236/00012.mp4,122,272,2.375154972076416,0.977044378735998
48,1,/home/nabizadz/Projects/Mahsa/datasets/lrs2/lrs2_v1/mvlrs_v1/main/6353233306802036640/00005.mp4,105,255,2.5160958766937256,0.9978264985026857
48,2,/home/nabizadz/Projects/Mahsa/datasets/lrs2/lrs2_v1/mvlrs_v1/main/6353233306802036640/00017.mp4,26,176,1.0570471286773682,0.17065905378495524
48,3,/home/nabizadz/Projects/Mahsa/datasets/lrs2/lrs2_v1/mvlrs_v1/main/6353233306802036640/00019.mp4,139,289,2.671935796737671,0.9926087487759158
48,4,/home/nabizadz/Projects/Mahsa/datasets/lrs2/lrs2_v1/mvlrs_v1/main/6353233306802036640/00024.mp4,144,294,1.661186695098877,0.8456303441698814
48,5,/home/nabizadz/Projects/Mahsa/datasets/lrs2/lrs2_v1/mvlrs_v1/main/6353233306802036640/00037.mp4,50,200,1.132070779800415,0.515354609119187
48,6,/home/nabizadz/Projects/Mahsa/datasets/lrs2/lrs2_v1/mvlrs_v1/main/6334934169140712754/00013.mp4,104,254,1.815476417541504,0.9706768912195445
48,7,/home/nabizadz/Projects/Mahsa/datasets/lrs2/lrs2_v1/mvlrs_v1/main/6353233306802036640/00038.mp4,135,285,4.0916032791137695,0.9999999999999996
49,0,/home/nabizadz/Projects/Mahsa/datasets/lrs2/lrs2_v1/mvlrs_v1/main/6353233306802036640/00039.mp4,39,189,1.1420975923538208,0.34609475447435556
49,1,/home/nabizadz/Projects/Mahsa/datasets/lrs2/lrs2_v1/mvlrs_v1/main/6353264230566502930/00013.mp4,91,241,1.1031439304351807,0.5933525556287159
49,2,/home/nabizadz/Projects/Mahsa/datasets/lrs2/lrs2_v1/mvlrs_v1/main/6353264230566502930/00014.mp4,73,223,1.089141845703125,0.5568980907970035
49,3,/home/nabizadz/Projects/Mahsa/datasets/lrs2/lrs2_v1/mvlrs_v1/main/6353561871800180662/00005.mp4,149,299,4.25019645690918,0.9999999999999998
49,4,/home/nabizadz/Projects/Mahsa/datasets/lrs2/lrs2_v1/mvlrs_v1/main/6353561871800180662/00014.mp4,91,241,3.7642948627471924,0.9999999999999999
49,5,/home/nabizadz/Projects/Mahsa/datasets/lrs2/lrs2_v1/mvlrs_v1/main/6353561871800180662/00019.mp4,5,155,1.0528043508529663,0.24672728169274669
49,6,/home/nabizadz/Projects/Mahsa/datasets/lrs2/lrs2_v1/mvlrs_v1/main/6353561871800180662/00024.mp4,33,183,1.059321403503418,0.44448058365649895
49,7,/home/nabizadz/Projects/Mahsa/datasets/lrs2/lrs2_v1/mvlrs_v1/main/6353604391976411066/00001.mp4,23,173,1.0735639333724976,0.2773651886062401
50,0,/home/nabizadz/Projects/Mahsa/datasets/lrs2/lrs2_v1/mvlrs_v1/main/6353604391976411066/00014.mp4,36,186,1.1050982475280762,0.27703750917563874
50,1,/home/nabizadz/Projects/Mahsa/datasets/lrs2/lrs2_v1/mvlrs_v1/main/6334934169140712754/00059.mp4,148,298,3.036278247833252,0.9999998961137598
50,2,/home/nabizadz/Projects/Mahsa/datasets/lrs2/lrs2_v1/mvlrs_v1/main/6353635315740877357/00003.mp4,28,178,1.2420991659164429,0.5942202341529743
50,3,/home/nabizadz/Projects/Mahsa/datasets/lrs2/lrs2_v1/mvlrs_v1/main/6353635315740877357/00006.mp4,119,269,3.9830212593078613,0.9999999999999996
50,4,/home/nabizadz/Projects/Mahsa/datasets/lrs2/lrs2_v1/mvlrs_v1/main/6353909764151156687/00001.mp4,139,289,2.013850212097168,0.924245722709319
50,5,/home/nabizadz/Projects/Mahsa/datasets/lrs2/lrs2_v1/mvlrs_v1/main/6353909764151156687/00005.mp4,94,244,1.2390437126159668,0.6560443565622639
50,6,/home/nabizadz/Projects/Mahsa/datasets/lrs2/lrs2_v1/mvlrs_v1/main/6353932956974555090/00007.mp4,86,236,1.2922377586364746,0.8734896662278403
50,7,/home/nabizadz/Projects/Mahsa/datasets/lrs2/lrs2_v1/mvlrs_v1/main/6353975477150785494/00008.mp4,62,212,1.258798360824585,0.5563770052057709
51,0,/home/nabizadz/Projects/Mahsa/datasets/lrs2/lrs2_v1/mvlrs_v1/main/6353975477150785494/00019.mp4,3,153,1.036638855934143,0.4077969290081898
51,1,/home/nabizadz/Projects/Mahsa/datasets/lrs2/lrs2_v1/mvlrs_v1/main/6353975477150785494/00030.mp4,56,206,1.0576695203781128,0.5128895170579366
51,2,/home/nabizadz/Projects/Mahsa/datasets/lrs2/lrs2_v1/mvlrs_v1/main/6354006400915251783/00006.mp4,105,255,1.8764429092407227,0.9750719166550477
51,3,/home/nabizadz/Projects/Mahsa/datasets/lrs2/lrs2_v1/mvlrs_v1/main/6354006400915251783/00007.mp4,22,172,1.0490455627441406,0.3497050412305435
51,4,/home/nabizadz/Projects/Mahsa/datasets/lrs2/lrs2_v1/mvlrs_v1/main/6334934169140712754/00068.mp4,109,259,1.4115549325942993,0.8962404392462338
51,5,/home/nabizadz/Projects/Mahsa/datasets/lrs2/lrs2_v1/mvlrs_v1/main/6354304042148929518/00013.mp4,137,287,4.150975704193115,0.9999999999999998
51,6,/home/nabizadz/Projects/Mahsa/datasets/lrs2/lrs2_v1/mvlrs_v1/main/6354346562325159922/00004.mp4,104,254,3.7780184745788574,0.9999999999999998
51,7,/home/nabizadz/Projects/Mahsa/datasets/lrs2/lrs2_v1/mvlrs_v1/main/6354346562325159922/00011.mp4,93,243,1.1739673614501953,0.6356451991963211
52,0,/home/nabizadz/Projects/Mahsa/datasets/lrs2/lrs2_v1/mvlrs_v1/main/6354346562325159922/00021.mp4,132,282,1.700307846069336,0.8199213270075478
52,1,/home/nabizadz/Projects/Mahsa/datasets/lrs2/lrs2_v1/mvlrs_v1/main/6354346562325159922/00029.mp4,99,249,1.3099151849746704,0.7379776640613043
52,2,/home/nabizadz/Projects/Mahsa/datasets/lrs2/lrs2_v1/mvlrs_v1/main/6354346562325159922/00032.mp4,13,163,1.0426466464996338,0.06471048703978878
52,3,/home/nabizadz/Projects/Mahsa/datasets/lrs2/lrs2_v1/mvlrs_v1/main/6354346562325159922/00040.mp4,74,224,1.245755672454834,0.38882792215751005
52,4,/home/nabizadz/Projects/Mahsa/datasets/lrs2/lrs2_v1/mvlrs_v1/main/6354346562325159922/00052.mp4,149,299,4.243590831756592,0.9999999999999997
52,5,/home/nabizadz/Projects/Mahsa/datasets/lrs2/lrs2_v1/mvlrs_v1/main/6354369755148493407/00019.mp4,127,277,1.2801792621612549,0.6926786709261158
52,6,/home/nabizadz/Projects/Mahsa/datasets/lrs2/lrs2_v1/mvlrs_v1/main/6354369755148493407/00023.mp4,140,290,1.9552433490753174,0.902222368188564
52,7,/home/nabizadz/Projects/Mahsa/datasets/lrs2/lrs2_v1/mvlrs_v1/main/6334934169140712754/00070.mp4,123,273,3.9760332107543945,0.9999999999999998
53,0,/home/nabizadz/Projects/Mahsa/datasets/lrs2/lrs2_v1/mvlrs_v1/main/6354369755148493407/00028.mp4,150,300,1.9429891109466553,0.9695012212968681
53,1,/home/nabizadz/Projects/Mahsa/datasets/lrs2/lrs2_v1/mvlrs_v1/main/6354369755148493407/00048.mp4,40,190,1.1633832454681396,0.5573216772809176
53,2,/home/nabizadz/Projects/Mahsa/datasets/lrs2/lrs2_v1/mvlrs_v1/main/6354369755148493407/00051.mp4,139,289,4.129057884216309,0.9999999999999999
53,3,/home/nabizadz/Projects/Mahsa/datasets/lrs2/lrs2_v1/mvlrs_v1/main/6354369755148493407/00055.mp4,34,184,1.077968716621399,0.48241371582169007
53,4,/home/nabizadz/Projects/Mahsa/datasets/lrs2/lrs2_v1/mvlrs_v1/main/6354617145264744350/00007.mp4,94,244,1.2489006519317627,0.6599796378176583
53,5,/home/nabizadz/Projects/Mahsa/datasets/lrs2/lrs2_v1/mvlrs_v1/main/6354755013715009552/00005.mp4,116,266,1.517332911491394,0.7594363918077179
53,6,/home/nabizadz/Projects/Mahsa/datasets/lrs2/lrs2_v1/mvlrs_v1/main/6354988230439182363/00027.mp4,77,227,1.5809917449951172,0.9843291224739125
53,7,/home/nabizadz/Projects/Mahsa/datasets/lrs2/lrs2_v1/mvlrs_v1/main/6354988230439182363/00032.mp4,79,229,1.2391012907028198,0.6479021590863185
54,0,/home/nabizadz/Projects/Mahsa/datasets/lrs2/lrs2_v1/mvlrs_v1/main/6354988230439182363/00053.mp4,87,237,1.2776029109954834,0.5788471482880401
54,1,/home/nabizadz/Projects/Mahsa/datasets/lrs2/lrs2_v1/mvlrs_v1/main/6354988230439182363/00062.mp4,93,243,1.1290810108184814,0.5680505050499514
54,2,/home/nabizadz/Projects/Mahsa/datasets/lrs2/lrs2_v1/mvlrs_v1/main/6334934169140712754/00073.mp4,79,229,1.7356700897216797,0.9325729532139176
54,3,/home/nabizadz/Projects/Mahsa/datasets/lrs2/lrs2_v1/mvlrs_v1/main/6354988230439182363/00070.mp4,89,239,1.2145030498504639,0.6907421146890943
54,4,/home/nabizadz/Projects/Mahsa/datasets/lrs2/lrs2_v1/mvlrs_v1/main/6354988230439182363/00085.mp4,15,165,1.0526506900787354,0.3785829749306015
54,5,/home/nabizadz/Projects/Mahsa/datasets/lrs2/lrs2_v1/mvlrs_v1/main/6354988230439182363/00099.mp4,54,204,1.1812412738800049,0.6511958052646343
54,6,/home/nabizadz/Projects/Mahsa/datasets/lrs2/lrs2_v1/mvlrs_v1/main/6354988230439182363/00107.mp4,16,166,1.0438308715820312,0.34028447510523774
54,7,/home/nabizadz/Projects/Mahsa/datasets/lrs2/lrs2_v1/mvlrs_v1/main/6354988230439182363/00141.mp4,86,236,3.617359161376953,0.9999840704423597
55,0,/home/nabizadz/Projects/Mahsa/datasets/lrs2/lrs2_v1/mvlrs_v1/main/6354988230439182363/00179.mp4,150,300,1.8073790073394775,0.8633956491842548
55,1,/home/nabizadz/Projects/Mahsa/datasets/lrs2/lrs2_v1/mvlrs_v1/main/6355115790967873574/00016.mp4,55,205,1.2386924028396606,0.49813256789950183
55,2,/home/nabizadz/Projects/Mahsa/datasets/lrs2/lrs2_v1/mvlrs_v1/main/6355115790967873574/00020.mp4,12,162,1.0963807106018066,0.3986861115052664
55,3,/home/nabizadz/Projects/Mahsa/datasets/lrs2/lrs2_v1/mvlrs_v1/main/6355115790967873574/00021.mp4,100,250,2.3361408710479736,0.9972132039646978
55,4,/home/nabizadz/Projects/Mahsa/datasets/lrs2/lrs2_v1/mvlrs_v1/main/6355115790967873574/00022.mp4,7,157,1.036942720413208,0.2907648067002828
55,5,/home/nabizadz/Projects/Mahsa/datasets/lrs2/lrs2_v1/mvlrs_v1/main/6331559613336179781/00020.mp4,48,198,1.0259678363800049,0.4117235053771826
55,6,/home/nabizadz/Projects/Mahsa/datasets/lrs2/lrs2_v1/mvlrs_v1/main/6334934169140712754/00082.mp4,63,213,1.2877167463302612,0.5376065542003184
55,7,/home/nabizadz/Projects/Mahsa/datasets/lrs2/lrs2_v1/mvlrs_v1/main/6354988230439182363/00181.mp4,5,155,1.0421971082687378,0.3422536519924719
56,0,/home/nabizadz/Projects/Mahsa/datasets/lrs2/lrs2_v1/mvlrs_v1/main/6354988230439182363/00182.mp4,136,286,1.2922859191894531,0.6423684673690649
56,1,/home/nabizadz/Projects/Mahsa/datasets/lrs2/lrs2_v1/mvlrs_v1/main/6355115790967873574/00006.mp4,47,197,1.1244475841522217,0.6224879321260285
56,2,/home/nabizadz/Projects/Mahsa/datasets/lrs2/lrs2_v1/mvlrs_v1/main/6355115790967873574/00012.mp4,15,165,1.0342659950256348,0.2728370984866561
56,3,/home/nabizadz/Projects/Mahsa/datasets/lrs2/lrs2_v1/mvlrs_v1/main/6355115790967873574/00029.mp4,134,284,1.2001053094863892,0.6545382912417125
56,4,/home/nabizadz/Projects/Mahsa/datasets/lrs2/lrs2_v1/mvlrs_v1/main/6355115790967873574/00035.mp4,146,296,2.701110601425171,0.9791626489539305
56,5,/home/nabizadz/Projects/Mahsa/datasets/lrs2/lrs2_v1/mvlrs_v1/main/6355193100379206640/00008.mp4,4,154,1.0639986991882324,0.16663917251152333
56,6,/home/nabizadz/Projects/Mahsa/datasets/lrs2/lrs2_v1/mvlrs_v1/main/6355414720691614656/00013.mp4,148,298,4.259634494781494,0.9999999999999996
56,7,/home/nabizadz/Projects/Mahsa/datasets/lrs2/lrs2_v1/mvlrs_v1/main/6355459817848285433/00004.mp4,12,162,1.1190118789672852,0.3297768921010685
57,0,/home/nabizadz/Projects/Mahsa/datasets/lrs2/lrs2_v1/mvlrs_v1/main/6355459817848285433/00007.mp4,73,223,1.463816523551941,0.8883076624969671
57,1,/home/nabizadz/Projects/Mahsa/datasets/lrs2/lrs2_v1/mvlrs_v1/main/6335003747610845928/00004.mp4,16,166,1.0758405923843384,0.32597240403253097
57,2,/home/nabizadz/Projects/Mahsa/datasets/lrs2/lrs2_v1/mvlrs_v1/main/6355544858200683461/00002.mp4,87,237,1.1216987371444702,0.7148917873330581
57,3,/home/nabizadz/Projects/Mahsa/datasets/lrs2/lrs2_v1/mvlrs_v1/main/6355556454612448247/00010.mp4,7,157,1.1108355522155762,0.6080404033737011
57,4,/home/nabizadz/Projects/Mahsa/datasets/lrs2/lrs2_v1/mvlrs_v1/main/6355556454612448247/00016.mp4,13,163,1.0611050128936768,0.3350869630302813
57,5,/home/nabizadz/Projects/Mahsa/datasets/lrs2/lrs2_v1/mvlrs_v1/main/6355556454612448247/00018.mp4,57,207,1.2819695472717285,0.6921021331026489
57,6,/home/nabizadz/Projects/Mahsa/datasets/lrs2/lrs2_v1/mvlrs_v1/main/6355568051024147448/00003.mp4,95,245,1.1916970014572144,0.4946944190083536
57,7,/home/nabizadz/Projects/Mahsa/datasets/lrs2/lrs2_v1/mvlrs_v1/main/6355568051024147448/00012.mp4,44,194,1.043657898902893,0.2791136274537816
58,0,/home/nabizadz/Projects/Mahsa/datasets/lrs2/lrs2_v1/mvlrs_v1/main/6355568051024147448/00016.mp4,68,218,1.4668562412261963,0.5714929667713982
58,1,/home/nabizadz/Projects/Mahsa/datasets/lrs2/lrs2_v1/mvlrs_v1/main/6355788382846429521/00004.mp4,52,202,1.210487723350525,0.5302986510898817
58,2,/home/nabizadz/Projects/Mahsa/datasets/lrs2/lrs2_v1/mvlrs_v1/main/6355788382846429521/00005.mp4,118,268,2.1578731536865234,0.9768999316792456
58,3,/home/nabizadz/Projects/Mahsa/datasets/lrs2/lrs2_v1/mvlrs_v1/main/6355788382846429521/00010.mp4,93,243,1.1060372591018677,0.5600562140732908
58,4,/home/nabizadz/Projects/Mahsa/datasets/lrs2/lrs2_v1/mvlrs_v1/main/6335003747610845928/00009.mp4,3,153,1.2366199493408203,0.6344348415136335
58,5,/home/nabizadz/Projects/Mahsa/datasets/lrs2/lrs2_v1/mvlrs_v1/main/6355830903022659925/00014.mp4,136,286,2.711481809616089,0.9669986661247616
58,6,/home/nabizadz/Projects/Mahsa/datasets/lrs2/lrs2_v1/mvlrs_v1/main/6355861826787125225/00006.mp4,19,169,1.1619682312011719,0.6314949236249355
58,7,/home/nabizadz/Projects/Mahsa/datasets/lrs2/lrs2_v1/mvlrs_v1/main/6355861826787125225/00010.mp4,30,180,1.0521806478500366,0.2609590095341537
59,0,/home/nabizadz/Projects/Mahsa/datasets/lrs2/lrs2_v1/mvlrs_v1/main/6355861826787125225/00011.mp4,80,230,1.142532467842102,0.5931074613737038
59,1,/home/nabizadz/Projects/Mahsa/datasets/lrs2/lrs2_v1/mvlrs_v1/main/6355861826787125225/00019.mp4,64,214,1.1934003829956055,0.5948833804890202
59,2,/home/nabizadz/Projects/Mahsa/datasets/lrs2/lrs2_v1/mvlrs_v1/main/6355861826787125225/00037.mp4,111,261,3.856781244277954,1.0
59,3,/home/nabizadz/Projects/Mahsa/datasets/lrs2/lrs2_v1/mvlrs_v1/main/6356201988197034394/00007.mp4,85,235,1.30712890625,0.7483531428058641
59,4,/home/nabizadz/Projects/Mahsa/datasets/lrs2/lrs2_v1/mvlrs_v1/main/6356201988197034394/00018.mp4,140,290,4.080406665802002,0.9999999999999999
59,5,/home/nabizadz/Projects/Mahsa/datasets/lrs2/lrs2_v1/mvlrs_v1/main/6356201988197034394/00026.mp4,75,225,1.2930331230163574,0.5515382643437247
59,6,/home/nabizadz/Projects/Mahsa/datasets/lrs2/lrs2_v1/mvlrs_v1/main/6356201988197034394/00031.mp4,32,182,1.0646167993545532,0.36833877167732293
59,7,/home/nabizadz/Projects/Mahsa/datasets/lrs2/lrs2_v1/mvlrs_v1/main/6335003747610845928/00022.mp4,80,230,1.5323050022125244,0.9064985611818842
60,0,/home/nabizadz/Projects/Mahsa/datasets/lrs2/lrs2_v1/mvlrs_v1/main/6356201988197034394/00034.mp4,33,183,1.068893313407898,0.4571845688715709
60,1,/home/nabizadz/Projects/Mahsa/datasets/lrs2/lrs2_v1/mvlrs_v1/main/6356201988197034394/00044.mp4,11,161,1.0519191026687622,0.24597248341520342
60,2,/home/nabizadz/Projects/Mahsa/datasets/lrs2/lrs2_v1/mvlrs_v1/main/6356232911961499649/00017.mp4,146,296,1.2666594982147217,0.7258509410577073
60,3,/home/nabizadz/Projects/Mahsa/datasets/lrs2/lrs2_v1/mvlrs_v1/main/6356232911961499649/00026.mp4,122,272,3.988184928894043,1.0
60,4,/home/nabizadz/Projects/Mahsa/datasets/lrs2/lrs2_v1/mvlrs_v1/main/6356530553195113872/00001.mp4,105,255,1.6353380680084229,0.8121247458006188
60,5,/home/nabizadz/Projects/Mahsa/datasets/lrs2/lrs2_v1/mvlrs_v1/main/6356530553195178439/00012.mp4,97,247,1.678877830505371,0.8319327343370323
60,6,/home/nabizadz/Projects/Mahsa/datasets/lrs2/lrs2_v1/mvlrs_v1/main/6356530553195178439/00014.mp4,114,264,3.9136157035827637,1.0
60,7,/home/nabizadz/Projects/Mahsa/datasets/lrs2/lrs2_v1/mvlrs_v1/main/6356573073371408843/00023.mp4,116,266,3.7304441928863525,0.9999999999999998
61,0,/home/nabizadz/Projects/Mahsa/datasets/lrs2/lrs2_v1/mvlrs_v1/main/6356573073371408843/00033.mp4,69,219,1.5409122705459595,0.9097991828280165
61,1,/home/nabizadz/Projects/Mahsa/datasets/lrs2/lrs2_v1/mvlrs_v1/main/6356573073371408843/00041.mp4,138,288,4.112527847290039,0.9999999999999998
61,2,/home/nabizadz/Projects/Mahsa/datasets/lrs2/lrs2_v1/mvlrs_v1/main/6335003747610845928/00045.mp4,82,232,1.1584573984146118,0.6042753263915224
61,3,/home/nabizadz/Projects/Mahsa/datasets/lrs2/lrs2_v1/mvlrs_v1/main/6356573073371408843/00045.mp4,95,245,1.4983042478561401,0.6472783644734724
61,4,/home/nabizadz/Projects/Mahsa/datasets/lrs2/lrs2_v1/mvlrs_v1/main/6356603997135874072/00027.mp4,72,222,1.2340693473815918,0.8584276232484044
61,5,/home/nabizadz/Projects/Mahsa/datasets/lrs2/lrs2_v1/mvlrs_v1/main/6356619459018205648/00002.mp4,149,299,4.275487899780273,0.9999999999999999
61,6,/home/nabizadz/Projects/Mahsa/datasets/lrs2/lrs2_v1/mvlrs_v1/main/6356619459018205648/00015.mp4,86,236,1.2113555669784546,0.6354855656339994
61,7,/home/nabizadz/Projects/Mahsa/datasets/lrs2/lrs2_v1/mvlrs_v1/main/6356878445546153116/00001.mp4,116,266,3.9268178939819336,0.9999999999999998
62,0,/home/nabizadz/Projects/Mahsa/datasets/lrs2/lrs2_v1/mvlrs_v1/main/6356878445546153116/00004.mp4,138,288,4.1682515144348145,0.9999999999999993
62,1,/home/nabizadz/Projects/Mahsa/datasets/lrs2/lrs2_v1/mvlrs_v1/main/6356878445546153116/00008.mp4,110,260,1.5037591457366943,0.7627971190306975
62,2,/home/nabizadz/Projects/Mahsa/datasets/lrs2/lrs2_v1/mvlrs_v1/main/6356878445546153116/00011.mp4,120,270,1.2193710803985596,0.6055361008091498
62,3,/home/nabizadz/Projects/Mahsa/datasets/lrs2/lrs2_v1/mvlrs_v1/main/6356878445546153116/00012.mp4,30,180,1.0997377634048462,0.39234823656364676
62,4,/home/nabizadz/Projects/Mahsa/datasets/lrs2/lrs2_v1/mvlrs_v1/main/6356901638369488289/00018.mp4,89,239,1.6945513486862183,0.8100729616996075
62,5,/home/nabizadz/Projects/Mahsa/datasets/lrs2/lrs2_v1/mvlrs_v1/main/6335305254315087182/00011.mp4,103,253,1.310551404953003,0.7492628304276869
62,6,/home/nabizadz/Projects/Mahsa/datasets/lrs2/lrs2_v1/mvlrs_v1/main/6356998275133646895/00004.mp4,107,257,2.9334967136383057,0.9995056969021774
62,7,/home/nabizadz/Projects/Mahsa/datasets/lrs2/lrs2_v1/mvlrs_v1/main/6356998275133646895/00005.mp4,63,213,1.8205854892730713,0.9618136043602044
63,0,/home/nabizadz/Projects/Mahsa/datasets/lrs2/lrs2_v1/mvlrs_v1/main/6357006006074844331/00003.mp4,19,169,1.0431309938430786,0.3852239181348976
63,1,/home/nabizadz/Projects/Mahsa/datasets/lrs2/lrs2_v1/mvlrs_v1/main/6357006006074844331/00008.mp4,61,211,1.1150227785110474,0.6274877595940945
63,2,/home/nabizadz/Projects/Mahsa/datasets/lrs2/lrs2_v1/mvlrs_v1/main/6357006006074844331/00011.mp4,22,172,1.0554596185684204,0.2356034419060314
63,3,/home/nabizadz/Projects/Mahsa/datasets/lrs2/lrs2_v1/mvlrs_v1/main/6357006006074844331/00013.mp4,132,282,1.3761216402053833,0.8294446127488461
63,4,/home/nabizadz/Projects/Mahsa/datasets/lrs2/lrs2_v1/mvlrs_v1/main/6357006006074844331/00015.mp4,87,237,1.5484310388565063,0.7357535546033721
63,5,/home/nabizadz/Projects/Mahsa/datasets/lrs2/lrs2_v1/mvlrs_v1/main/6357353898425821669/00007.mp4,79,229,1.5372164249420166,0.718218142033471
63,6,/home/nabizadz/Projects/Mahsa/datasets/lrs2/lrs2_v1/mvlrs_v1/main/6357353898425821669/00020.mp4,33,183,1.074336051940918,0.48710584077918884
63,7,/home/nabizadz/Projects/Mahsa/datasets/lrs2/lrs2_v1/mvlrs_v1/main/6357353898425821669/00021.mp4,0,150,1.0382202863693237,0.24181241213356017
64,0,/home/nabizadz/Projects/Mahsa/datasets/lrs2/lrs2_v1/mvlrs_v1/main/6335305254315087182/00012.mp4,77,227,1.0835820436477661,0.5710159726120514
64,1,/home/nabizadz/Projects/Mahsa/datasets/lrs2/lrs2_v1/mvlrs_v1/main/6357353898425821669/00030.mp4,86,236,1.1529338359832764,0.5558144711212
64,2,/home/nabizadz/Projects/Mahsa/datasets/lrs2/lrs2_v1/mvlrs_v1/main/6357353898425821669/00040.mp4,32,182,1.1550511121749878,0.44504145770403775
64,3,/home/nabizadz/Projects/Mahsa/datasets/lrs2/lrs2_v1/mvlrs_v1/main/6357353898425821669/00042.mp4,102,252,1.5946767330169678,0.8331825186144306
64,4,/home/nabizadz/Projects/Mahsa/datasets/lrs2/lrs2_v1/mvlrs_v1/main/6357353898425821669/00043.mp4,110,260,3.823782444000244,0.9999999999999994
64,5,/home/nabizadz/Projects/Mahsa/datasets/lrs2/lrs2_v1/mvlrs_v1/main/6357701790776745251/00005.mp4,136,286,1.7166025638580322,0.7060868862233421
64,6,/home/nabizadz/Projects/Mahsa/datasets/lrs2/lrs2_v1/mvlrs_v1/main/6357701790776745251/00011.mp4,113,263,2.066021680831909,0.8487172224769184
64,7,/home/nabizadz/Projects/Mahsa/datasets/lrs2/lrs2_v1/mvlrs_v1/main/6357701790776745251/00013.mp4,49,199,1.2077183723449707,0.7002954883855559
65,0,/home/nabizadz/Projects/Mahsa/datasets/lrs2/lrs2_v1/mvlrs_v1/main/6357701790776745251/00016.mp4,15,165,1.0868244171142578,0.32661495755331726
65,1,/home/nabizadz/Projects/Mahsa/datasets/lrs2/lrs2_v1/mvlrs_v1/main/6357701790776745251/00017.mp4,110,260,1.8018434047698975,0.9157342434579852
65,2,/home/nabizadz/Projects/Mahsa/datasets/lrs2/lrs2_v1/mvlrs_v1/main/6357701790776745251/00021.mp4,146,296,3.1146934032440186,0.9980842334636112
65,3,/home/nabizadz/Projects/Mahsa/datasets/lrs2/lrs2_v1/mvlrs_v1/main/6335305254315087182/00014.mp4,113,263,1.2809162139892578,0.5912462587929552
65,4,/home/nabizadz/Projects/Mahsa/datasets/lrs2/lrs2_v1/mvlrs_v1/main/6357714675678689620/00002.mp4,68,218,1.2201552391052246,0.5224747859403523
65,5,/home/nabizadz/Projects/Mahsa/datasets/lrs2/lrs2_v1/mvlrs_v1/main/6357714675678689620/00010.mp4,65,215,1.231060266494751,0.4142167989644238
65,6,/home/nabizadz/Projects/Mahsa/datasets/lrs2/lrs2_v1/mvlrs_v1/main/6357714675678689620/00025.mp4,33,183,1.0483968257904053,0.40908430357816394
65,7,/home/nabizadz/Projects/Mahsa/datasets/lrs2/lrs2_v1/mvlrs_v1/main/6357714675678689620/00029.mp4,42,192,1.072458267211914,0.4128452007369451
66,0,/home/nabizadz/Projects/Mahsa/datasets/lrs2/lrs2_v1/mvlrs_v1/main/6357714675678689620/00030.mp4,33,183,1.1233323812484741,0.5145723887838652
66,1,/home/nabizadz/Projects/Mahsa/datasets/lrs2/lrs2_v1/mvlrs_v1/main/6357798427540961623/00008.mp4,36,186,1.069890022277832,0.3925087523613976
66,2,/home/nabizadz/Projects/Mahsa/datasets/lrs2/lrs2_v1/mvlrs_v1/main/6357798427540961623/00014.mp4,39,189,1.1538918018341064,0.5475946394853819
66,3,/home/nabizadz/Projects/Mahsa/datasets/lrs2/lrs2_v1/mvlrs_v1/main/6357798427540961623/00015.mp4,6,156,1.0285181999206543,0.26503846502749173
66,4,/home/nabizadz/Projects/Mahsa/datasets/lrs2/lrs2_v1/mvlrs_v1/main/6358014893892677091/00008.mp4,46,196,1.079291820526123,0.4506024731203804
66,5,/home/nabizadz/Projects/Mahsa/datasets/lrs2/lrs2_v1/mvlrs_v1/main/6358057414068907495/00002.mp4,143,293,4.114671230316162,0.9999999999999998
66,6,/home/nabizadz/Projects/Mahsa/datasets/lrs2/lrs2_v1/mvlrs_v1/main/6335305254315087182/00017.mp4,76,226,1.1035778522491455,0.6685543831263994
66,7,/home/nabizadz/Projects/Mahsa/datasets/lrs2/lrs2_v1/mvlrs_v1/main/6358057414068907495/00013.mp4,90,240,1.5544419288635254,0.8784794637343333
67,0,/home/nabizadz/Projects/Mahsa/datasets/lrs2/lrs2_v1/mvlrs_v1/main/6358088337833374405/00011.mp4,22,172,1.032774567604065,0.35484723973818194
67,1,/home/nabizadz/Projects/Mahsa/datasets/lrs2/lrs2_v1/mvlrs_v1/main/6358088337833374405/00015.mp4,54,204,1.0911670923233032,0.5012086169108722
67,2,/home/nabizadz/Projects/Mahsa/datasets/lrs2/lrs2_v1/mvlrs_v1/main/6358111530656837102/00002.mp4,50,200,1.0858880281448364,0.5823000805745232
67,3,/home/nabizadz/Projects/Mahsa/datasets/lrs2/lrs2_v1/mvlrs_v1/main/6358428499243281970/00022.mp4,94,244,2.076166868209839,0.9186987873998207
67,4,/home/nabizadz/Projects/Mahsa/datasets/lrs2/lrs2_v1/mvlrs_v1/main/6358428499243281970/00024.mp4,95,245,1.111237645149231,0.4544859518311577
67,5,/home/nabizadz/Projects/Mahsa/datasets/lrs2/lrs2_v1/mvlrs_v1/main/6358428499243281970/00026.mp4,63,213,1.1350980997085571,0.4048940054756584
67,6,/home/nabizadz/Projects/Mahsa/datasets/lrs2/lrs2_v1/mvlrs_v1/main/6358428499243281970/00028.mp4,97,247,2.3511126041412354,0.9995832230955137
67,7,/home/nabizadz/Projects/Mahsa/datasets/lrs2/lrs2_v1/mvlrs_v1/main/6358428499243281970/00032.mp4,37,187,1.196969747543335,0.35405778942314575
68,0,/home/nabizadz/Projects/Mahsa/datasets/lrs2/lrs2_v1/mvlrs_v1/main/6358459423007748830/00001.mp4,31,181,1.164855718612671,0.3984777987569279
68,1,/home/nabizadz/Projects/Mahsa/datasets/lrs2/lrs2_v1/mvlrs_v1/main/6335305254315087182/00028.mp4,9,159,1.0461971759796143,0.3367663232789789
68,2,/home/nabizadz/Projects/Mahsa/datasets/lrs2/lrs2_v1/mvlrs_v1/main/6358474884890078775/00004.mp4,96,246,3.6517584323883057,0.9999999999999999
68,3,/home/nabizadz/Projects/Mahsa/datasets/lrs2/lrs2_v1/mvlrs_v1/main/6358474884890078775/00013.mp4,82,232,1.1470439434051514,0.6912646896516195
68,4,/home/nabizadz/Projects/Mahsa/datasets/lrs2/lrs2_v1/mvlrs_v1/main/6358757064241425994/00003.mp4,45,195,1.0556113719940186,0.3659845734135457
68,5,/home/nabizadz/Projects/Mahsa/datasets/lrs2/lrs2_v1/mvlrs_v1/main/6358830508182123252/00005.mp4,98,248,1.1350191831588745,0.560960450855535
68,6,/home/nabizadz/Projects/Mahsa/datasets/lrs2/lrs2_v1/mvlrs_v1/main/6358830508182123252/00017.mp4,16,166,1.0459685325622559,0.45601497462411306
68,7,/home/nabizadz/Projects/Mahsa/datasets/lrs2/lrs2_v1/mvlrs_v1/main/6358830508182123252/00029.mp4,23,173,1.0660115480422974,0.4942049737059958
69,0,/home/nabizadz/Projects/Mahsa/datasets/lrs2/lrs2_v1/mvlrs_v1/main/6359128149415800422/00006.mp4,148,298,1.5959855318069458,0.8162918142502879
69,1,/home/nabizadz/Projects/Mahsa/datasets/lrs2/lrs2_v1/mvlrs_v1/main/6359201593356497677/00023.mp4,3,153,1.2401362657546997,0.30493213171219824
69,2,/home/nabizadz/Projects/Mahsa/datasets/lrs2/lrs2_v1/mvlrs_v1/main/6359499234590174850/00009.mp4,21,171,1.0812371969223022,0.12798000971457366
69,3,/home/nabizadz/Projects/Mahsa/datasets/lrs2/lrs2_v1/mvlrs_v1/main/6359541754766405254/00018.mp4,7,157,1.0638360977172852,0.17603503905872994
69,4,/home/nabizadz/Projects/Mahsa/datasets/lrs2/lrs2_v1/mvlrs_v1/main/6331559613336179781/00021.mp4,68,218,1.2773106098175049,0.5837522373260192
69,5,/home/nabizadz/Projects/Mahsa/datasets/lrs2/lrs2_v1/mvlrs_v1/main/6335305254315087182/00032.mp4,66,216,1.2655647993087769,0.5564458825542938
69,6,/home/nabizadz/Projects/Mahsa/datasets/lrs2/lrs2_v1/mvlrs_v1/main/6359541754766405254/00020.mp4,82,232,1.2916072607040405,0.8534114662111654
69,7,/home/nabizadz/Projects/Mahsa/datasets/lrs2/lrs2_v1/mvlrs_v1/main/6359564947589739760/00035.mp4,11,161,1.0519965887069702,0.4735181320142138
70,0,/home/nabizadz/Projects/Mahsa/datasets/lrs2/lrs2_v1/mvlrs_v1/main/6359564947589739760/00043.mp4,80,230,1.2824203968048096,0.7742729909994914
70,1,/home/nabizadz/Projects/Mahsa/datasets/lrs2/lrs2_v1/mvlrs_v1/main/6359580409472005362/00001.mp4,31,181,1.2087976932525635,0.6003185899376479
70,2,/home/nabizadz/Projects/Mahsa/datasets/lrs2/lrs2_v1/mvlrs_v1/main/6359580409472005362/00002.mp4,137,287,2.5691847801208496,0.974552326963607
70,3,/home/nabizadz/Projects/Mahsa/datasets/lrs2/lrs2_v1/mvlrs_v1/main/6359580409472005362/00006.mp4,14,164,1.091636300086975,0.33857884039209146
70,4,/home/nabizadz/Projects/Mahsa/datasets/lrs2/lrs2_v1/mvlrs_v1/main/6359580409472005362/00011.mp4,33,183,1.3660730123519897,0.605703543032307
70,5,/home/nabizadz/Projects/Mahsa/datasets/lrs2/lrs2_v1/mvlrs_v1/main/6359588140413215496/00004.mp4,130,280,4.049167156219482,0.9999999999999996
70,6,/home/nabizadz/Projects/Mahsa/datasets/lrs2/lrs2_v1/mvlrs_v1/main/6359603602295467662/00003.mp4,34,184,1.1306970119476318,0.4059233167661288
70,7,/home/nabizadz/Projects/Mahsa/datasets/lrs2/lrs2_v1/mvlrs_v1/main/6359603602295467662/00006.mp4,25,175,1.1258572340011597,0.423088777712409
71,0,/home/nabizadz/Projects/Mahsa/datasets/lrs2/lrs2_v1/mvlrs_v1/main/6335305254315087182/00035.mp4,54,204,1.0950186252593994,0.4390715195142821
71,1,/home/nabizadz/Projects/Mahsa/datasets/lrs2/lrs2_v1/mvlrs_v1/main/6359603602295467662/00012.mp4,105,255,3.7832019329071045,0.9999999999999998
71,2,/home/nabizadz/Projects/Mahsa/datasets/lrs2/lrs2_v1/mvlrs_v1/main/6359951494646443684/00007.mp4,80,230,1.09853994846344,0.6694323098465478
71,3,/home/nabizadz/Projects/Mahsa/datasets/lrs2/lrs2_v1/mvlrs_v1/main/6359982418410974886/00001.mp4,83,233,1.2548640966415405,0.7457841024419677
71,4,/home/nabizadz/Projects/Mahsa/datasets/lrs2/lrs2_v1/mvlrs_v1/main/6359982418410974886/00003.mp4,16,166,1.0344465970993042,0.27827938470329194
71,5,/home/nabizadz/Projects/Mahsa/datasets/lrs2/lrs2_v1/mvlrs_v1/main/6360322579951237696/00001.mp4,95,245,2.193303108215332,0.9982544085680284
71,6,/home/nabizadz/Projects/Mahsa/datasets/lrs2/lrs2_v1/mvlrs_v1/main/6360322579951237696/00002.mp4,36,186,1.0729117393493652,0.46712178405864985
71,7,/home/nabizadz/Projects/Mahsa/datasets/lrs2/lrs2_v1/mvlrs_v1/main/6360322579951237696/00023.mp4,105,255,1.2946124076843262,0.8129992624321605
72,0,/home/nabizadz/Projects/Mahsa/datasets/lrs2/lrs2_v1/mvlrs_v1/main/6360322579951237696/00025.mp4,34,184,1.0689891576766968,0.3379148276278015
72,1,/home/nabizadz/Projects/Mahsa/datasets/lrs2/lrs2_v1/mvlrs_v1/main/6360322579951237696/00027.mp4,105,255,2.3753204345703125,0.9863750955250237
72,2,/home/nabizadz/Projects/Mahsa/datasets/lrs2/lrs2_v1/mvlrs_v1/main/6360327733781577947/00015.mp4,75,225,1.4070243835449219,0.9074593471031156
72,3,/home/nabizadz/Projects/Mahsa/datasets/lrs2/lrs2_v1/mvlrs_v1/main/6335305254315087182/00036.mp4,70,220,1.2769825458526611,0.44713586513692316
72,4,/home/nabizadz/Projects/Mahsa/datasets/lrs2/lrs2_v1/mvlrs_v1/main/6360322579951237696/00004.mp4,147,297,1.2554905414581299,0.6983426598099768
72,5,/home/nabizadz/Projects/Mahsa/datasets/lrs2/lrs2_v1/mvlrs_v1/main/6360322579951237696/00006.mp4,103,253,1.2619627714157104,0.6126335202355128
72,6,/home/nabizadz/Projects/Mahsa/datasets/lrs2/lrs2_v1/mvlrs_v1/main/6360322579951237696/00016.mp4,26,176,1.146594524383545,0.518527035019627
72,7,/home/nabizadz/Projects/Mahsa/datasets/lrs2/lrs2_v1/mvlrs_v1/main/6360322579951237696/00017.mp4,86,236,3.543229818344116,0.9999667602607706
73,0,/home/nabizadz/Projects/Mahsa/datasets/lrs2/lrs2_v1/mvlrs_v1/main/6360393446781206759/00013.mp4,70,220,1.377541184425354,0.7529358266252932
73,1,/home/nabizadz/Projects/Mahsa/datasets/lrs2/lrs2_v1/mvlrs_v1/main/6360393446781206759/00015.mp4,103,253,1.660970687866211,0.87182092745204
73,2,/home/nabizadz/Projects/Mahsa/datasets/lrs2/lrs2_v1/mvlrs_v1/main/6360393446781206759/00017.mp4,103,253,3.7638909816741943,1.0
73,3,/home/nabizadz/Projects/Mahsa/datasets/lrs2/lrs2_v1/mvlrs_v1/main/6360612490113299870/00013.mp4,112,262,1.5178970098495483,0.9190774187289688
73,4,/home/nabizadz/Projects/Mahsa/datasets/lrs2/lrs2_v1/mvlrs_v1/main/6360327733781577947/00016.mp4,143,293,2.049807071685791,0.9455012719111111
73,5,/home/nabizadz/Projects/Mahsa/datasets/lrs2/lrs2_v1/mvlrs_v1/main/6360327733781577947/00020.mp4,10,160,1.0282261371612549,0.17637780207497222
73,6,/home/nabizadz/Projects/Mahsa/datasets/lrs2/lrs2_v1/mvlrs_v1/main/6335305254315087182/00057.mp4,88,238,1.277359127998352,0.5608276159969912
73,7,/home/nabizadz/Projects/Mahsa/datasets/lrs2/lrs2_v1/mvlrs_v1/main/6360393446781206759/00004.mp4,122,272,1.6113903522491455,0.8429727221251242
74,0,/home/nabizadz/Projects/Mahsa/datasets/lrs2/lrs2_v1/mvlrs_v1/main/6360393446781206759/00011.mp4,106,256,1.2221511602401733,0.6003623504923861
74,1,/home/nabizadz/Projects/Mahsa/datasets/lrs2/lrs2_v1/mvlrs_v1/main/6360612490113299870/00017.mp4,5,155,1.0639808177947998,0.36917021939061123
74,2,/home/nabizadz/Projects/Mahsa/datasets/lrs2/lrs2_v1/mvlrs_v1/main/6360685934053997353/00007.mp4,135,285,1.218698263168335,0.6047777164162385
74,3,/home/nabizadz/Projects/Mahsa/datasets/lrs2/lrs2_v1/mvlrs_v1/main/6360709126877459881/00008.mp4,138,288,4.128820419311523,0.9999999999999999
74,4,/home/nabizadz/Projects/Mahsa/datasets/lrs2/lrs2_v1/mvlrs_v1/main/6360709126877459881/00010.mp4,4,154,1.065259337425232,0.41420595794409537
74,5,/home/nabizadz/Projects/Mahsa/datasets/lrs2/lrs2_v1/mvlrs_v1/main/6360709126877459881/00011.mp4,3,153,1.0275815725326538,0.2864920256568378
74,6,/home/nabizadz/Projects/Mahsa/datasets/lrs2/lrs2_v1/mvlrs_v1/main/6360740050641926958/00002.mp4,95,245,1.3964983224868774,0.7829975786950479
74,7,/home/nabizadz/Projects/Mahsa/datasets/lrs2/lrs2_v1/mvlrs_v1/main/6360740050641926958/00004.mp4,89,239,1.4833381175994873,0.7436954178673923
75,0,/home/nabizadz/Projects/Mahsa/datasets/lrs2/lrs2_v1/mvlrs_v1/main/6360983575287674299/00011.mp4,43,193,1.1487414836883545,0.49241687571466175
75,1,/home/nabizadz/Projects/Mahsa/datasets/lrs2/lrs2_v1/mvlrs_v1/main/6335305254315087182/00058.mp4,85,235,1.279730200767517,0.7599995845252066
75,2,/home/nabizadz/Projects/Mahsa/datasets/lrs2/lrs2_v1/mvlrs_v1/main/6361354660462048727/00006.mp4,121,271,3.9303009510040283,0.9999999999999999
75,3,/home/nabizadz/Projects/Mahsa/datasets/lrs2/lrs2_v1/mvlrs_v1/main/6361354660462048727/00012.mp4,27,177,1.046764850616455,0.2787239451799045
75,4,/home/nabizadz/Projects/Mahsa/datasets/lrs2/lrs2_v1/mvlrs_v1/main/6361428104402746195/00007.mp4,85,235,2.0425174236297607,0.9966051482500649
75,5,/home/nabizadz/Projects/Mahsa/datasets/lrs2/lrs2_v1/mvlrs_v1/main/6361725745636423155/00006.mp4,5,155,1.0350180864334106,0.3362125750778917
75,6,/home/nabizadz/Projects/Mahsa/datasets/lrs2/lrs2_v1/mvlrs_v1/main/6361028672444286629/00005.mp4,45,195,1.2783610820770264,0.6031710958167588
75,7,/home/nabizadz/Projects/Mahsa/datasets/lrs2/lrs2_v1/mvlrs_v1/main/6361028672444286629/00010.mp4,135,285,4.110535621643066,0.9999999999999996
76,0,/home/nabizadz/Projects/Mahsa/datasets/lrs2/lrs2_v1/mvlrs_v1/main/6361028672444286629/00023.mp4,92,242,1.9100863933563232,0.9825361940146135
76,1,/home/nabizadz/Projects/Mahsa/datasets/lrs2/lrs2_v1/mvlrs_v1/main/6361028672444286629/00026.mp4,70,220,1.0865052938461304,0.6008180343119472
76,2,/home/nabizadz/Projects/Mahsa/datasets/lrs2/lrs2_v1/mvlrs_v1/main/6361725745636423155/00010.mp4,30,180,1.0347601175308228,0.32086453121639763
76,3,/home/nabizadz/Projects/Mahsa/datasets/lrs2/lrs2_v1/mvlrs_v1/main/6361725745636423155/00012.mp4,60,210,1.1017433404922485,0.40978137050837043
76,4,/home/nabizadz/Projects/Mahsa/datasets/lrs2/lrs2_v1/mvlrs_v1/main/6335676339489461610/00002.mp4,45,195,1.13137686252594,0.4396557822308222
76,5,/home/nabizadz/Projects/Mahsa/datasets/lrs2/lrs2_v1/mvlrs_v1/main/6361725745636423155/00013.mp4,32,182,1.0493040084838867,0.27219931963957544
76,6,/home/nabizadz/Projects/Mahsa/datasets/lrs2/lrs2_v1/mvlrs_v1/main/6361799189577120616/00001.mp4,1,151,1.0754586458206177,0.6103928234353485
76,7,/home/nabizadz/Projects/Mahsa/datasets/lrs2/lrs2_v1/mvlrs_v1/main/6361799189577120616/00005.mp4,56,206,1.2281051874160767,0.6632384596292736
77,0,/home/nabizadz/Projects/Mahsa/datasets/lrs2/lrs2_v1/mvlrs_v1/main/6361814651459450364/00025.mp4,116,266,1.2817575931549072,0.8502234676845539
77,1,/home/nabizadz/Projects/Mahsa/datasets/lrs2/lrs2_v1/mvlrs_v1/main/6361822382531000645/00001.mp4,51,201,1.2746891975402832,0.5969461205063671
77,2,/home/nabizadz/Projects/Mahsa/datasets/lrs2/lrs2_v1/mvlrs_v1/main/6361822382531000645/00004.mp4,120,270,2.392465114593506,0.9997937196512174
77,3,/home/nabizadz/Projects/Mahsa/datasets/lrs2/lrs2_v1/mvlrs_v1/main/6361822382531000645/00005.mp4,59,209,1.1359180212020874,0.5471156387702482
77,4,/home/nabizadz/Projects/Mahsa/datasets/lrs2/lrs2_v1/mvlrs_v1/main/6362096830810797583/00018.mp4,128,278,1.6891719102859497,0.8166977915344019
77,5,/home/nabizadz/Projects/Mahsa/datasets/lrs2/lrs2_v1/mvlrs_v1/main/6362096830810797583/00021.mp4,37,187,1.067513346672058,0.40036055934586057
77,6,/home/nabizadz/Projects/Mahsa/datasets/lrs2/lrs2_v1/mvlrs_v1/main/6362143216457594387/00003.mp4,149,299,3.532541036605835,0.9936973532882747
77,7,/home/nabizadz/Projects/Mahsa/datasets/lrs2/lrs2_v1/mvlrs_v1/main/6335676339489461610/00011.mp4,52,202,1.286146640777588,0.5716420515563263
78,0,/home/nabizadz/Projects/Mahsa/datasets/lrs2/lrs2_v1/mvlrs_v1/main/6362143216457594387/00008.mp4,22,172,1.1679332256317139,0.2658983084460003
78,1,/home/nabizadz/Projects/Mahsa/datasets/lrs2/lrs2_v1/mvlrs_v1/main/6362143216457594387/00021.mp4,73,223,1.3327006101608276,0.5523102701710854
78,2,/home/nabizadz/Projects/Mahsa/datasets/lrs2/lrs2_v1/mvlrs_v1/main/6362143216457594387/00025.mp4,78,228,1.4336521625518799,0.8810530742944734
78,3,/home/nabizadz/Projects/Mahsa/datasets/lrs2/lrs2_v1/mvlrs_v1/main/6362162543810362236/00006.mp4,80,230,1.092855453491211,0.7052157092123645
78,4,/home/nabizadz/Projects/Mahsa/datasets/lrs2/lrs2_v1/mvlrs_v1/main/6362193467574893437/00002.mp4,27,177,1.190468192100525,0.6031971423761155
78,5,/home/nabizadz/Projects/Mahsa/datasets/lrs2/lrs2_v1/mvlrs_v1/main/6362193467574893437/00007.mp4,118,268,3.8939266204833984,0.9999999999999998
78,6,/home/nabizadz/Projects/Mahsa/datasets/lrs2/lrs2_v1/mvlrs_v1/main/6362460185044046481/00014.mp4,52,202,1.1144483089447021,0.4645593491295763
78,7,/home/nabizadz/Projects/Mahsa/datasets/lrs2/lrs2_v1/mvlrs_v1/main/6362460185044046481/00024.mp4,46,196,1.1768375635147095,0.5697890790305458
79,0,/home/nabizadz/Projects/Mahsa/datasets/lrs2/lrs2_v1/mvlrs_v1/main/6362162543810362236/00008.mp4,100,250,1.2711975574493408,0.6999677443257696
79,1,/home/nabizadz/Projects/Mahsa/datasets/lrs2/lrs2_v1/mvlrs_v1/main/6362162543810362236/00034.mp4,138,288,4.148640155792236,0.9999999999999998
79,2,/home/nabizadz/Projects/Mahsa/datasets/lrs2/lrs2_v1/mvlrs_v1/main/6335676339489461610/00014.mp4,44,194,1.0815500020980835,0.3896621933635124
79,3,/home/nabizadz/Projects/Mahsa/datasets/lrs2/lrs2_v1/mvlrs_v1/main/6362162543810362236/00046.mp4,135,285,1.4181809425354004,0.7816258038772138
79,4,/home/nabizadz/Projects/Mahsa/datasets/lrs2/lrs2_v1/mvlrs_v1/main/6362162543810362236/00053.mp4,74,224,1.1182607412338257,0.5349776509463952
79,5,/home/nabizadz/Projects/Mahsa/datasets/lrs2/lrs2_v1/mvlrs_v1/main/6362460185044046481/00028.mp4,17,167,1.0561152696609497,0.2552407759865341
79,6,/home/nabizadz/Projects/Mahsa/datasets/lrs2/lrs2_v1/mvlrs_v1/main/6362546513886688816/00002.mp4,141,291,3.583927631378174,0.9996354026412521
79,7,/home/nabizadz/Projects/Mahsa/datasets/lrs2/lrs2_v1/mvlrs_v1/main/6362546513886688816/00003.mp4,92,242,1.1565394401550293,0.5650896923604405
80,0,/home/nabizadz/Projects/Mahsa/datasets/lrs2/lrs2_v1/mvlrs_v1/main/6362546513886688816/00004.mp4,54,204,1.562626600265503,0.7731197910053959
80,1,/home/nabizadz/Projects/Mahsa/datasets/lrs2/lrs2_v1/mvlrs_v1/main/6362546513886688816/00008.mp4,96,246,1.4207911491394043,0.7304910155616274
80,2,/home/nabizadz/Projects/Mahsa/datasets/lrs2/lrs2_v1/mvlrs_v1/main/6362726902513062509/00003.mp4,100,250,2.23584246635437,1.0
80,3,/home/nabizadz/Projects/Mahsa/datasets/lrs2/lrs2_v1/mvlrs_v1/main/6362726902513062509/00014.mp4,11,161,1.040253758430481,0.3978511643344465
80,4,/home/nabizadz/Projects/Mahsa/datasets/lrs2/lrs2_v1/mvlrs_v1/main/6362913733590438579/00001.mp4,16,166,1.0738162994384766,0.3781035308437217
80,5,/home/nabizadz/Projects/Mahsa/datasets/lrs2/lrs2_v1/mvlrs_v1/main/6335676339489461610/00030.mp4,149,299,4.222594738006592,0.9999999999999996
80,6,/home/nabizadz/Projects/Mahsa/datasets/lrs2/lrs2_v1/mvlrs_v1/main/6362913733590438579/00002.mp4,58,208,1.3088051080703735,0.5519018528457014
80,7,/home/nabizadz/Projects/Mahsa/datasets/lrs2/lrs2_v1/mvlrs_v1/main/6362913733590438579/00010.mp4,40,190,1.0655044317245483,0.40445557999363846
81,0,/home/nabizadz/Projects/Mahsa/datasets/lrs2/lrs2_v1/mvlrs_v1/main/6362913733590438579/00044.mp4,49,199,1.2075687646865845,0.685386971051407
81,1,/home/nabizadz/Projects/Mahsa/datasets/lrs2/lrs2_v1/mvlrs_v1/main/6362913733590438579/00048.mp4,116,266,1.1454763412475586,0.6386764510506044
81,2,/home/nabizadz/Projects/Mahsa/datasets/lrs2/lrs2_v1/mvlrs_v1/main/6362913733590438579/00051.mp4,147,297,1.8562273979187012,0.7728566230909695
81,3,/home/nabizadz/Projects/Mahsa/datasets/lrs2/lrs2_v1/mvlrs_v1/main/6362913733590438579/00055.mp4,39,189,1.0565671920776367,0.5107385419050932
81,4,/home/nabizadz/Projects/Mahsa/datasets/lrs2/lrs2_v1/mvlrs_v1/main/6362913733590438579/00057.mp4,78,228,1.1282548904418945,0.6319366894746694
81,5,/home/nabizadz/Projects/Mahsa/datasets/lrs2/lrs2_v1/mvlrs_v1/main/6362913733590438579/00065.mp4,31,181,1.2465672492980957,0.5917567093806189
81,6,/home/nabizadz/Projects/Mahsa/datasets/lrs2/lrs2_v1/mvlrs_v1/main/6362913733590438579/00105.mp4,92,242,1.9118213653564453,0.8644939547331169
81,7,/home/nabizadz/Projects/Mahsa/datasets/lrs2/lrs2_v1/mvlrs_v1/main/6362913733590438579/00107.mp4,73,223,1.4765543937683105,0.9305350066029231
82,0,/home/nabizadz/Projects/Mahsa/datasets/lrs2/lrs2_v1/mvlrs_v1/main/6335676339489461610/00031.mp4,26,176,1.1854459047317505,0.5650933921513778
82,1,/home/nabizadz/Projects/Mahsa/datasets/lrs2/lrs2_v1/mvlrs_v1/main/6362913733590438579/00110.mp4,74,224,1.124179720878601,0.6146072359906662
82,2,/home/nabizadz/Projects/Mahsa/datasets/lrs2/lrs2_v1/mvlrs_v1/main/6362913733590438579/00125.mp4,86,236,1.7392401695251465,0.9874739752556467
82,3,/home/nabizadz/Projects/Mahsa/datasets/lrs2/lrs2_v1/mvlrs_v1/main/6362913733590438579/00078.mp4,4,154,1.123408317565918,0.6253825205473205
82,4,/home/nabizadz/Projects/Mahsa/datasets/lrs2/lrs2_v1/mvlrs_v1/main/6362913733590438579/00082.mp4,30,180,1.1103075742721558,0.6633819208057807
82,5,/home/nabizadz/Projects/Mahsa/datasets/lrs2/lrs2_v1/mvlrs_v1/main/6362913733590438579/00092.mp4,2,152,1.0318341255187988,0.4265652969971962
82,6,/home/nabizadz/Projects/Mahsa/datasets/lrs2/lrs2_v1/mvlrs_v1/main/6362913733590438579/00099.mp4,89,239,3.628140449523926,0.9999999999999998
82,7,/home/nabizadz/Projects/Mahsa/datasets/lrs2/lrs2_v1/mvlrs_v1/main/6362913733590438579/00132.mp4,97,247,1.0893683433532715,0.709296311697243
83,0,/home/nabizadz/Projects/Mahsa/datasets/lrs2/lrs2_v1/mvlrs_v1/main/6362913733590438579/00134.mp4,140,290,1.1587944030761719,0.6714711725978103
83,1,/home/nabizadz/Projects/Mahsa/datasets/lrs2/lrs2_v1/mvlrs_v1/main/6362913733590438579/00138.mp4,133,283,1.4471207857131958,0.7849048889866854
83,2,/home/nabizadz/Projects/Mahsa/datasets/lrs2/lrs2_v1/mvlrs_v1/main/6362913733590438579/00142.mp4,16,166,1.0605913400650024,0.3732625376008557
83,3,/home/nabizadz/Projects/Mahsa/datasets/lrs2/lrs2_v1/mvlrs_v1/main/6331559613336179781/00027.mp4,70,220,1.0608792304992676,0.44508736715232394
83,4,/home/nabizadz/Projects/Mahsa/datasets/lrs2/lrs2_v1/mvlrs_v1/main/6335676339489461610/00038.mp4,75,225,1.5857946872711182,0.818340275576914
83,5,/home/nabizadz/Projects/Mahsa/datasets/lrs2/lrs2_v1/mvlrs_v1/main/6362913733590438579/00145.mp4,146,296,4.318179607391357,0.9999999999999998
83,6,/home/nabizadz/Projects/Mahsa/datasets/lrs2/lrs2_v1/mvlrs_v1/main/6362913733590438579/00146.mp4,144,294,3.5659115314483643,1.0
83,7,/home/nabizadz/Projects/Mahsa/datasets/lrs2/lrs2_v1/mvlrs_v1/main/6362913733590438579/00147.mp4,98,248,3.8711416721343994,1.0
84,0,/home/nabizadz/Projects/Mahsa/datasets/lrs2/lrs2_v1/mvlrs_v1/main/6362913733590438579/00153.mp4,30,180,1.0811995267868042,0.443958128266216
84,1,/home/nabizadz/Projects/Mahsa/datasets/lrs2/lrs2_v1/mvlrs_v1/main/6362913733590438579/00185.mp4,121,271,3.990283489227295,0.9999999999999998
84,2,/home/nabizadz/Projects/Mahsa/datasets/lrs2/lrs2_v1/mvlrs_v1/main/6362913733590438579/00193.mp4,107,257,1.81903076171875,0.8664689454983581
84,3,/home/nabizadz/Projects/Mahsa/datasets/lrs2/lrs2_v1/mvlrs_v1/main/6362913733590438579/00196.mp4,81,231,1.505129337310791,0.8642236315652049
84,4,/home/nabizadz/Projects/Mahsa/datasets/lrs2/lrs2_v1/mvlrs_v1/main/6362913733590438579/00199.mp4,63,213,1.2304186820983887,0.7970822477578213
84,5,/home/nabizadz/Projects/Mahsa/datasets/lrs2/lrs2_v1/mvlrs_v1/main/6362913733590438579/00156.mp4,137,287,2.0918726921081543,0.9485857960284209
84,6,/home/nabizadz/Projects/Mahsa/datasets/lrs2/lrs2_v1/mvlrs_v1/main/6362913733590438579/00158.mp4,141,291,1.2367075681686401,0.8107618582074759
84,7,/home/nabizadz/Projects/Mahsa/datasets/lrs2/lrs2_v1/mvlrs_v1/main/6335676339489461610/00042.mp4,58,208,1.3099946975708008,0.6896100524857618
85,0,/home/nabizadz/Projects/Mahsa/datasets/lrs2/lrs2_v1/mvlrs_v1/main/6362913733590438579/00172.mp4,113,263,1.6024060249328613,0.8765193627701315
85,1,/home/nabizadz/Projects/Mahsa/datasets/lrs2/lrs2_v1/mvlrs_v1/main/6362913733590438579/00174.mp4,20,170,1.0484998226165771,0.44011744105005735
85,2,/home/nabizadz/Projects/Mahsa/datasets/lrs2/lrs2_v1/mvlrs_v1/main/6362913733590438579/00204.mp4,124,274,3.89060378074646,1.0
85,3,/home/nabizadz/Projects/Mahsa/datasets/lrs2/lrs2_v1/mvlrs_v1/main/6362913733590438579/00207.mp4,27,177,1.2184504270553589,0.2460784491660804
85,4,/home/nabizadz/Projects/Mahsa/datasets/lrs2/lrs2_v1/mvlrs_v1/main/6362913733590438579/00213.mp4,19,169,1.049147129058838,0.42112300951915804
85,5,/home/nabizadz/Projects/Mahsa/datasets/lrs2/lrs2_v1/mvlrs_v1/main/6362913733590438579/00221.mp4,112,262,3.736011266708374,0.9999990610139933
85,6,/home/nabizadz/Projects/Mahsa/datasets/lrs2/lrs2_v1/mvlrs_v1/main/6362913733590438579/00224.mp4,109,259,2.1595356464385986,0.995921904572523
85,7,/home/nabizadz/Projects/Mahsa/datasets/lrs2/lrs2_v1/mvlrs_v1/main/6362925330002196038/00013.mp4,128,278,3.5414772033691406,0.7874655292366621
86,0,/home/nabizadz/Projects/Mahsa/datasets/lrs2/lrs2_v1/mvlrs_v1/main/6362925330002196038/00014.mp4,100,250,1.2675937414169312,0.7706640612363013
86,1,/home/nabizadz/Projects/Mahsa/datasets/lrs2/lrs2_v1/mvlrs_v1/main/6362925330002196038/00021.mp4,9,159,1.0570666790008545,0.20272952436842218
86,2,/home/nabizadz/Projects/Mahsa/datasets/lrs2/lrs2_v1/mvlrs_v1/main/6335676339489461610/00070.mp4,1,151,1.0613521337509155,0.4167704279219418
86,3,/home/nabizadz/Projects/Mahsa/datasets/lrs2/lrs2_v1/mvlrs_v1/main/6362958830877522951/00003.mp4,36,186,1.0617073774337769,0.4818596698808445
86,4,/home/nabizadz/Projects/Mahsa/datasets/lrs2/lrs2_v1/mvlrs_v1/main/6362958830877522951/00005.mp4,46,196,1.0860832929611206,0.4531205758405527
86,5,/home/nabizadz/Projects/Mahsa/datasets/lrs2/lrs2_v1/mvlrs_v1/main/6362958830877522951/00007.mp4,35,185,1.0569411516189575,0.3587216468114367
86,6,/home/nabizadz/Projects/Mahsa/datasets/lrs2/lrs2_v1/mvlrs_v1/main/6362958830877522951/00008.mp4,123,273,1.6648119688034058,0.8241158188267589
86,7,/home/nabizadz/Projects/Mahsa/datasets/lrs2/lrs2_v1/mvlrs_v1/main/6362993619982210246/00002.mp4,74,224,1.342260718345642,0.8172681003881223
87,0,/home/nabizadz/Projects/Mahsa/datasets/lrs2/lrs2_v1/mvlrs_v1/main/6363210086333922442/00011.mp4,142,292,2.559582471847534,0.9466337095314321
87,1,/home/nabizadz/Projects/Mahsa/datasets/lrs2/lrs2_v1/mvlrs_v1/main/6363283530274620169/00005.mp4,75,225,1.179902195930481,0.6751618644002715
87,2,/home/nabizadz/Projects/Mahsa/datasets/lrs2/lrs2_v1/mvlrs_v1/main/6363283530274620169/00012.mp4,95,245,1.218335747718811,0.6651306265857941
87,3,/home/nabizadz/Projects/Mahsa/datasets/lrs2/lrs2_v1/mvlrs_v1/main/6363283530274620169/00014.mp4,32,182,1.0465681552886963,0.38729827903965536
87,4,/home/nabizadz/Projects/Mahsa/datasets/lrs2/lrs2_v1/mvlrs_v1/main/6363306723098082453/00001.mp4,80,230,1.304598093032837,0.7269870295950235
87,5,/home/nabizadz/Projects/Mahsa/datasets/lrs2/lrs2_v1/mvlrs_v1/main/6335676339489461610/00071.mp4,46,196,1.0613409280776978,0.3511036308483594
87,6,/home/nabizadz/Projects/Mahsa/datasets/lrs2/lrs2_v1/mvlrs_v1/main/6363581171508296879/00005.mp4,74,224,1.609386920928955,0.9941084955183542
87,7,/home/nabizadz/Projects/Mahsa/datasets/lrs2/lrs2_v1/mvlrs_v1/main/6363581171508296879/00006.mp4,143,293,4.042351245880127,0.9999999999999996
88,0,/home/nabizadz/Projects/Mahsa/datasets/lrs2/lrs2_v1/mvlrs_v1/main/6363654615448994597/00012.mp4,70,220,1.2528929710388184,0.7448610815170102
88,1,/home/nabizadz/Projects/Mahsa/datasets/lrs2/lrs2_v1/mvlrs_v1/main/6363654615448994597/00013.mp4,36,186,1.0463765859603882,0.5544330601768159
88,2,/home/nabizadz/Projects/Mahsa/datasets/lrs2/lrs2_v1/mvlrs_v1/main/6363654615448994597/00015.mp4,11,161,1.2011553049087524,0.723289956949782
88,3,/home/nabizadz/Projects/Mahsa/datasets/lrs2/lrs2_v1/mvlrs_v1/main/6363654615448994597/00046.mp4,25,175,1.2444804906845093,0.6449150917557255
88,4,/home/nabizadz/Projects/Mahsa/datasets/lrs2/lrs2_v1/mvlrs_v1/main/6363948391212041701/00004.mp4,15,165,1.0511884689331055,0.19132859240882402
88,5,/home/nabizadz/Projects/Mahsa/datasets/lrs2/lrs2_v1/mvlrs_v1/main/6363952256682671319/00003.mp4,22,172,1.1223667860031128,0.2379357857077524
88,6,/home/nabizadz/Projects/Mahsa/datasets/lrs2/lrs2_v1/mvlrs_v1/main/6363952256682671319/00004.mp4,88,238,1.8258697986602783,0.8732228388838443
88,7,/home/nabizadz/Projects/Mahsa/datasets/lrs2/lrs2_v1/mvlrs_v1/main/6363952256682671319/00010.mp4,57,207,1.2150415182113647,0.6068866176218349
89,0,/home/nabizadz/Projects/Mahsa/datasets/lrs2/lrs2_v1/mvlrs_v1/main/6335676339489461610/00079.mp4,100,250,3.828768491744995,0.9999999999999998
89,1,/home/nabizadz/Projects/Mahsa/datasets/lrs2/lrs2_v1/mvlrs_v1/main/6363952256682671319/00015.mp4,68,218,1.1355234384536743,0.5504220281268973
89,2,/home/nabizadz/Projects/Mahsa/datasets/lrs2/lrs2_v1/mvlrs_v1/main/6363952256682671319/00016.mp4,90,240,1.1657458543777466,0.45996941282060294
89,3,/home/nabizadz/Projects/Mahsa/datasets/lrs2/lrs2_v1/mvlrs_v1/main/6363956122153173818/00006.mp4,64,214,1.1667876243591309,0.5691383630834645
89,4,/home/nabizadz/Projects/Mahsa/datasets/lrs2/lrs2_v1/mvlrs_v1/main/6363956122153173818/00007.mp4,142,292,4.127072811126709,0.9999999999999994
89,5,/home/nabizadz/Projects/Mahsa/datasets/lrs2/lrs2_v1/mvlrs_v1/main/6363956122153173818/00014.mp4,64,214,1.0728504657745361,0.5868383993399355
89,6,/home/nabizadz/Projects/Mahsa/datasets/lrs2/lrs2_v1/mvlrs_v1/main/6363956122153173818/00036.mp4,106,256,2.8805525302886963,0.9995624871104157
89,7,/home/nabizadz/Projects/Mahsa/datasets/lrs2/lrs2_v1/mvlrs_v1/main/6363997353839279323/00010.mp4,97,247,1.171825647354126,0.592939753258615
90,0,/home/nabizadz/Projects/Mahsa/datasets/lrs2/lrs2_v1/mvlrs_v1/main/6363997353839279323/00023.mp4,78,228,1.2075294256210327,0.7672551927670892
90,1,/home/nabizadz/Projects/Mahsa/datasets/lrs2/lrs2_v1/mvlrs_v1/main/6364025700623369025/00016.mp4,146,296,4.285099506378174,1.0
90,2,/home/nabizadz/Projects/Mahsa/datasets/lrs2/lrs2_v1/mvlrs_v1/main/6364025700623369025/00022.mp4,70,220,1.1712663173675537,0.5886465790486033
90,3,/home/nabizadz/Projects/Mahsa/datasets/lrs2/lrs2_v1/mvlrs_v1/main/6336047424663836038/00001.mp4,21,171,1.0643082857131958,0.33621155190834257
90,4,/home/nabizadz/Projects/Mahsa/datasets/lrs2/lrs2_v1/mvlrs_v1/main/6364319476386415444/00005.mp4,28,178,1.0689563751220703,0.2785727007993891
90,5,/home/nabizadz/Projects/Mahsa/datasets/lrs2/lrs2_v1/mvlrs_v1/main/6364319476386415444/00009.mp4,145,295,1.8273727893829346,0.982671238095149
90,6,/home/nabizadz/Projects/Mahsa/datasets/lrs2/lrs2_v1/mvlrs_v1/main/6364327207327548190/00025.mp4,133,283,4.141129493713379,0.9999999999999999
90,7,/home/nabizadz/Projects/Mahsa/datasets/lrs2/lrs2_v1/mvlrs_v1/main/6364327207327548190/00036.mp4,6,156,1.0191653966903687,0.12703128537872327
91,0,/home/nabizadz/Projects/Mahsa/datasets/lrs2/lrs2_v1/mvlrs_v1/main/6364396785797743449/00020.mp4,12,162,1.0633645057678223,0.3809646404657883
91,1,/home/nabizadz/Projects/Mahsa/datasets/lrs2/lrs2_v1/mvlrs_v1/main/6364760140030989000/00017.mp4,146,296,1.864065408706665,0.8922661351207928
91,2,/home/nabizadz/Projects/Mahsa/datasets/lrs2/lrs2_v1/mvlrs_v1/main/6364760140030989000/00021.mp4,74,224,1.4188395738601685,0.7566633025142441
91,3,/home/nabizadz/Projects/Mahsa/datasets/lrs2/lrs2_v1/mvlrs_v1/main/6364791063795516278/00004.mp4,9,159,1.0957167148590088,0.5395950180417647
91,4,/home/nabizadz/Projects/Mahsa/datasets/lrs2/lrs2_v1/mvlrs_v1/main/6364791063795516278/00005.mp4,21,171,1.0247366428375244,0.35770638508507274
91,5,/home/nabizadz/Projects/Mahsa/datasets/lrs2/lrs2_v1/mvlrs_v1/main/6364791063795516278/00010.mp4,122,272,3.9088425636291504,1.0
91,6,/home/nabizadz/Projects/Mahsa/datasets/lrs2/lrs2_v1/mvlrs_v1/main/6336047424663836038/00006.mp4,25,175,1.0711532831192017,0.31641031775663536
91,7,/home/nabizadz/Projects/Mahsa/datasets/lrs2/lrs2_v1/mvlrs_v1/main/6364791063795580193/00005.mp4,64,214,1.0878807306289673,0.5909019704798719
92,0,/home/nabizadz/Projects/Mahsa/datasets/lrs2/lrs2_v1/mvlrs_v1/main/6364791063795580193/00006.mp4,113,263,1.3661471605300903,0.7718460054120034
92,1,/home/nabizadz/Projects/Mahsa/datasets/lrs2/lrs2_v1/mvlrs_v1/main/6364798794736649079/00001.mp4,75,225,1.8791730403900146,0.9949936515550671
92,2,/home/nabizadz/Projects/Mahsa/datasets/lrs2/lrs2_v1/mvlrs_v1/main/6364798794736712994/00008.mp4,105,255,1.1221978664398193,0.5492307972962204
92,3,/home/nabizadz/Projects/Mahsa/datasets/lrs2/lrs2_v1/mvlrs_v1/main/6364798794736712994/00010.mp4,134,284,1.921797275543213,0.927542703350397
92,4,/home/nabizadz/Projects/Mahsa/datasets/lrs2/lrs2_v1/mvlrs_v1/main/6364798794736712994/00012.mp4,10,160,1.0496190786361694,0.2946777743736916
92,5,/home/nabizadz/Projects/Mahsa/datasets/lrs2/lrs2_v1/mvlrs_v1/main/6365141533126941637/00012.mp4,5,155,1.035434365272522,0.2810900365569444
92,6,/home/nabizadz/Projects/Mahsa/datasets/lrs2/lrs2_v1/mvlrs_v1/main/6365141533126941637/00013.mp4,140,290,1.2746875286102295,0.6391249483817315
92,7,/home/nabizadz/Projects/Mahsa/datasets/lrs2/lrs2_v1/mvlrs_v1/main/6365141533126941637/00051.mp4,35,185,1.3192499876022339,0.6252001466481779
93,0,/home/nabizadz/Projects/Mahsa/datasets/lrs2/lrs2_v1/mvlrs_v1/main/6365141533126941637/00056.mp4,124,274,3.096053123474121,0.9875719578283169
93,1,/home/nabizadz/Projects/Mahsa/datasets/lrs2/lrs2_v1/mvlrs_v1/main/6336047424663836038/00008.mp4,94,244,1.438596248626709,0.8302801842769852
93,2,/home/nabizadz/Projects/Mahsa/datasets/lrs2/lrs2_v1/mvlrs_v1/main/6365141533126941637/00057.mp4,4,154,1.0794048309326172,0.2533300338705829
93,3,/home/nabizadz/Projects/Mahsa/datasets/lrs2/lrs2_v1/mvlrs_v1/main/6365141533126941637/00060.mp4,131,281,1.2019275426864624,0.5714087209203206
93,4,/home/nabizadz/Projects/Mahsa/datasets/lrs2/lrs2_v1/mvlrs_v1/main/6365413404556770633/00013.mp4,32,182,1.1434962749481201,0.31730549417504555
93,5,/home/nabizadz/Projects/Mahsa/datasets/lrs2/lrs2_v1/mvlrs_v1/main/6365413404556770633/00023.mp4,16,166,1.0626050233840942,0.23571453411939355
93,6,/home/nabizadz/Projects/Mahsa/datasets/lrs2/lrs2_v1/mvlrs_v1/main/6365413404556770633/00036.mp4,60,210,1.4134197235107422,0.8557149844735357
93,7,/home/nabizadz/Projects/Mahsa/datasets/lrs2/lrs2_v1/mvlrs_v1/main/6365888857436445152/00005.mp4,109,259,1.4778858423233032,0.8363980631559755
94,0,/home/nabizadz/Projects/Mahsa/datasets/lrs2/lrs2_v1/mvlrs_v1/main/6365888857436445152/00006.mp4,75,225,1.1496386528015137,0.6084122975721953
94,1,/home/nabizadz/Projects/Mahsa/datasets/lrs2/lrs2_v1/mvlrs_v1/main/6365888857436445152/00009.mp4,0,150,1.0967799425125122,0.5391610511576937
94,2,/home/nabizadz/Projects/Mahsa/datasets/lrs2/lrs2_v1/mvlrs_v1/main/6365888857436445152/00011.mp4,147,297,4.237893581390381,0.9999999999999998
94,3,/home/nabizadz/Projects/Mahsa/datasets/lrs2/lrs2_v1/mvlrs_v1/main/6365904319318706417/00012.mp4,123,273,4.019718170166016,0.9999999999999999
94,4,/home/nabizadz/Projects/Mahsa/datasets/lrs2/lrs2_v1/mvlrs_v1/main/6336047424663836038/00061.mp4,49,199,1.3299365043640137,0.7252621440631123
94,5,/home/nabizadz/Projects/Mahsa/datasets/lrs2/lrs2_v1/mvlrs_v1/main/6365935243083171934/00003.mp4,46,196,1.108162760734558,0.5602457296104892
94,6,/home/nabizadz/Projects/Mahsa/datasets/lrs2/lrs2_v1/mvlrs_v1/main/6366259942610819561/00005.mp4,61,211,1.8312113285064697,0.9379926194242049
94,7,/home/nabizadz/Projects/Mahsa/datasets/lrs2/lrs2_v1/mvlrs_v1/main/6366259942610819561/00025.mp4,15,165,1.1892403364181519,0.40323326442656265
95,0,/home/nabizadz/Projects/Mahsa/datasets/lrs2/lrs2_v1/mvlrs_v1/main/6366267673551948044/00001.mp4,80,230,1.4896248579025269,0.8989871561036079
95,1,/home/nabizadz/Projects/Mahsa/datasets/lrs2/lrs2_v1/mvlrs_v1/main/6366267673551948044/00008.mp4,104,254,1.1559317111968994,0.5707096456768799
95,2,/home/nabizadz/Projects/Mahsa/datasets/lrs2/lrs2_v1/mvlrs_v1/main/6366267673551948044/00009.mp4,67,217,2.210097074508667,0.8839454685727227
95,3,/home/nabizadz/Projects/Mahsa/datasets/lrs2/lrs2_v1/mvlrs_v1/main/6366631027785194041/00016.mp4,88,238,4.197495460510254,0.6663755113482559
95,4,/home/nabizadz/Projects/Mahsa/datasets/lrs2/lrs2_v1/mvlrs_v1/main/6366631027785194041/00018.mp4,101,251,3.773144245147705,0.9999999999999998
95,5,/home/nabizadz/Projects/Mahsa/datasets/lrs2/lrs2_v1/mvlrs_v1/main/6366944130901006716/00005.mp4,133,283,3.609718084335327,0.9997674297191781
95,6,/home/nabizadz/Projects/Mahsa/datasets/lrs2/lrs2_v1/mvlrs_v1/main/6366944130901006716/00007.mp4,90,240,1.1696248054504395,0.49886799315939584
95,7,/home/nabizadz/Projects/Mahsa/datasets/lrs2/lrs2_v1/mvlrs_v1/main/6336047424663836038/00076.mp4,70,220,1.109209418296814,0.2460156342568786
96,0,/home/nabizadz/Projects/Mahsa/datasets/lrs2/lrs2_v1/mvlrs_v1/main/6366944130901006716/00010.mp4,37,187,1.086933970451355,0.5139527854138589
96,1,/home/nabizadz/Projects/Mahsa/datasets/lrs2/lrs2_v1/mvlrs_v1/main/6366944130901006716/00015.mp4,86,236,1.1058894395828247,0.6464017836093234
96,2,/home/nabizadz/Projects/Mahsa/datasets/lrs2/lrs2_v1/mvlrs_v1/main/6367002112959568594/00006.mp4,43,193,1.1514195203781128,0.45597997107939753
96,3,/home/nabizadz/Projects/Mahsa/datasets/lrs2/lrs2_v1/mvlrs_v1/main/6367002112959568594/00011.mp4,96,246,1.7946645021438599,0.8976535541690995
96,4,/home/nabizadz/Projects/Mahsa/datasets/lrs2/lrs2_v1/mvlrs_v1/main/6367002112959568594/00014.mp4,20,170,1.0903714895248413,0.22309525607020983
96,5,/home/nabizadz/Projects/Mahsa/datasets/lrs2/lrs2_v1/mvlrs_v1/main/6367373198133943465/00014.mp4,109,259,3.837456703186035,1.0
96,6,/home/nabizadz/Projects/Mahsa/datasets/lrs2/lrs2_v1/mvlrs_v1/main/6367373198133943465/00022.mp4,50,200,1.064888596534729,0.5235342882313289
96,7,/home/nabizadz/Projects/Mahsa/datasets/lrs2/lrs2_v1/mvlrs_v1/main/6367373198133943465/00025.mp4,81,231,1.2614693641662598,0.5883841282193871
97,0,/home/nabizadz/Projects/Mahsa/datasets/lrs2/lrs2_v1/mvlrs_v1/main/6367373198133943465/00042.mp4,133,283,4.108354091644287,1.0
97,1,/home/nabizadz/Projects/Mahsa/datasets/lrs2/lrs2_v1/mvlrs_v1/main/6367373198133943465/00046.mp4,63,213,1.4155521392822266,0.8335516361723667
97,2,/home/nabizadz/Projects/Mahsa/datasets/lrs2/lrs2_v1/mvlrs_v1/main/6331559613336179781/00029.mp4,118,268,1.577189564704895,0.852503230415098
97,3,/home/nabizadz/Projects/Mahsa/datasets/lrs2/lrs2_v1/mvlrs_v1/main/6336117003133970558/00003.mp4,150,300,4.276173114776611,0.9999999999999998
97,4,/home/nabizadz/Projects/Mahsa/datasets/lrs2/lrs2_v1/mvlrs_v1/main/6367373198133943465/00054.mp4,45,195,1.055904746055603,0.5827757044717883
97,5,/home/nabizadz/Projects/Mahsa/datasets/lrs2/lrs2_v1/mvlrs_v1/main/6367373198133943465/00058.mp4,16,166,1.1775994300842285,0.3550304686526792
97,6,/home/nabizadz/Projects/Mahsa/datasets/lrs2/lrs2_v1/mvlrs_v1/main/6367373198133943465/00065.mp4,88,238,1.4498801231384277,0.6985030348576216
97,7,/home/nabizadz/Projects/Mahsa/datasets/lrs2/lrs2_v1/mvlrs_v1/main/6367373198133943465/00073.mp4,61,211,1.1510953903198242,0.5429890292087657
98,0,/home/nabizadz/Projects/Mahsa/datasets/lrs2/lrs2_v1/mvlrs_v1/main/6367373198133943465/00076.mp4,93,243,2.6388256549835205,0.9921509082747251
98,1,/home/nabizadz/Projects/Mahsa/datasets/lrs2/lrs2_v1/mvlrs_v1/main/6367373198133943465/00086.mp4,61,211,1.14425790309906,0.6108963187143509
98,2,/home/nabizadz/Projects/Mahsa/datasets/lrs2/lrs2_v1/mvlrs_v1/main/6367373198133943465/00090.mp4,102,252,2.316937208175659,0.9931457486048535
98,3,/home/nabizadz/Projects/Mahsa/datasets/lrs2/lrs2_v1/mvlrs_v1/main/6367373198133943465/00098.mp4,138,288,2.3384008407592773,0.990969449181241
98,4,/home/nabizadz/Projects/Mahsa/datasets/lrs2/lrs2_v1/mvlrs_v1/main/6367373198133943465/00103.mp4,32,182,1.0501567125320435,0.4671065825853715
98,5,/home/nabizadz/Projects/Mahsa/datasets/lrs2/lrs2_v1/mvlrs_v1/main/6367373198133943465/00113.mp4,24,174,1.155273199081421,0.21760457617743828
98,6,/home/nabizadz/Projects/Mahsa/datasets/lrs2/lrs2_v1/mvlrs_v1/main/6336117003133970558/00018.mp4,118,268,3.723743438720703,0.9999999999999997
98,7,/home/nabizadz/Projects/Mahsa/datasets/lrs2/lrs2_v1/mvlrs_v1/main/6367373198133943465/00127.mp4,48,198,1.066229224205017,0.4829645046509963
99,0,/home/nabizadz/Projects/Mahsa/datasets/lrs2/lrs2_v1/mvlrs_v1/main/6367373198133943465/00128.mp4,149,299,4.231901168823242,0.9999999999999999
99,1,/home/nabizadz/Projects/Mahsa/datasets/lrs2/lrs2_v1/mvlrs_v1/main/6367373198133943465/00134.mp4,81,231,1.6848597526550293,0.988268385934891
99,2,/home/nabizadz/Projects/Mahsa/datasets/lrs2/lrs2_v1/mvlrs_v1/main/6367373198133943465/00138.mp4,114,264,2.2738418579101562,0.9996528199343943
99,3,/home/nabizadz/Projects/Mahsa/datasets/lrs2/lrs2_v1/mvlrs_v1/main/6367373198133943465/00139.mp4,137,287,3.507049560546875,0.9993553210757691
99,4,/home/nabizadz/Projects/Mahsa/datasets/lrs2/lrs2_v1/mvlrs_v1/main/6367373198133943465/00141.mp4,79,229,1.280361294746399,0.5921815934486023
99,5,/home/nabizadz/Projects/Mahsa/datasets/lrs2/lrs2_v1/mvlrs_v1/main/6367373198133943465/00143.mp4,133,283,4.123101711273193,0.9999999999999999
99,6,/home/nabizadz/Projects/Mahsa/datasets/lrs2/lrs2_v1/mvlrs_v1/main/6367373198133943465/00144.mp4,92,242,1.2609995603561401,0.7985312862689955
99,7,/home/nabizadz/Projects/Mahsa/datasets/lrs2/lrs2_v1/mvlrs_v1/main/6367373198133943465/00158.mp4,105,255,1.188788890838623,0.5843731027208402
100,0,/home/nabizadz/Projects/Mahsa/datasets/lrs2/lrs2_v1/mvlrs_v1/main/6367373198133943465/00163.mp4,5,155,1.0356059074401855,0.44439044163460695
100,1,/home/nabizadz/Projects/Mahsa/datasets/lrs2/lrs2_v1/mvlrs_v1/main/6336117003133970558/00062.mp4,85,235,3.336920976638794,0.9999913830516869
100,2,/home/nabizadz/Projects/Mahsa/datasets/lrs2/lrs2_v1/mvlrs_v1/main/6367373198133943465/00171.mp4,46,196,1.1090222597122192,0.468503881875309
100,3,/home/nabizadz/Projects/Mahsa/datasets/lrs2/lrs2_v1/mvlrs_v1/main/6367396390957341434/00008.mp4,71,221,1.2549420595169067,0.6213994366586312
100,4,/home/nabizadz/Projects/Mahsa/datasets/lrs2/lrs2_v1/mvlrs_v1/main/6367396390957341434/00011.mp4,94,244,2.2660977840423584,0.9980114573832569
100,5,/home/nabizadz/Projects/Mahsa/datasets/lrs2/lrs2_v1/mvlrs_v1/main/6367396390957341434/00013.mp4,22,172,1.0897549390792847,0.2508614914385693
100,6,/home/nabizadz/Projects/Mahsa/datasets/lrs2/lrs2_v1/mvlrs_v1/main/6367396390957341434/00014.mp4,74,224,1.211179256439209,0.693977612351231
100,7,/home/nabizadz/Projects/Mahsa/datasets/lrs2/lrs2_v1/mvlrs_v1/main/6367744283308252235/00011.mp4,16,166,1.0837618112564087,0.3341705090402404
101,0,/home/nabizadz/Projects/Mahsa/datasets/lrs2/lrs2_v1/mvlrs_v1/main/6367813861908922495/00003.mp4,98,248,2.1746985912323,0.9746224823658137
101,1,/home/nabizadz/Projects/Mahsa/datasets/lrs2/lrs2_v1/mvlrs_v1/main/6367813861908922495/00004.mp4,84,234,1.75948166847229,0.9338484192122369
101,2,/home/nabizadz/Projects/Mahsa/datasets/lrs2/lrs2_v1/mvlrs_v1/main/6367813861908922495/00010.mp4,5,155,1.16641104221344,0.520322542366297
101,3,/home/nabizadz/Projects/Mahsa/datasets/lrs2/lrs2_v1/mvlrs_v1/main/6367813861908922495/00035.mp4,139,289,4.251335620880127,0.9999999999999999
101,4,/home/nabizadz/Projects/Mahsa/datasets/lrs2/lrs2_v1/mvlrs_v1/main/6336117003133970558/00067.mp4,143,293,4.050858497619629,0.9999999999999993
101,5,/home/nabizadz/Projects/Mahsa/datasets/lrs2/lrs2_v1/mvlrs_v1/main/6368096041129860047/00002.mp4,53,203,1.0243881940841675,0.3316293089030293
101,6,/home/nabizadz/Projects/Mahsa/datasets/lrs2/lrs2_v1/mvlrs_v1/main/6368111503012125648/00004.mp4,135,285,4.164855480194092,0.9999999999999991
101,7,/home/nabizadz/Projects/Mahsa/datasets/lrs2/lrs2_v1/mvlrs_v1/main/6368111503012125648/00018.mp4,83,233,1.1456170082092285,0.4542152298938448
102,0,/home/nabizadz/Projects/Mahsa/datasets/lrs2/lrs2_v1/mvlrs_v1/main/6368111503012125648/00025.mp4,88,238,1.0978848934173584,0.5463961474627387
102,1,/home/nabizadz/Projects/Mahsa/datasets/lrs2/lrs2_v1/mvlrs_v1/main/6368111503012125648/00051.mp4,7,157,1.0645368099212646,0.33206352978731923
102,2,/home/nabizadz/Projects/Mahsa/datasets/lrs2/lrs2_v1/mvlrs_v1/main/6368154023188356050/00008.mp4,25,175,1.149342656135559,0.2556673128940832
102,3,/home/nabizadz/Projects/Mahsa/datasets/lrs2/lrs2_v1/mvlrs_v1/main/6368177216011755289/00003.mp4,36,186,1.057755470275879,0.3934815238660935
102,4,/home/nabizadz/Projects/Mahsa/datasets/lrs2/lrs2_v1/mvlrs_v1/main/6368177216011755289/00005.mp4,125,275,3.990748882293701,0.999986407213682
102,5,/home/nabizadz/Projects/Mahsa/datasets/lrs2/lrs2_v1/mvlrs_v1/main/6368177216011755289/00012.mp4,90,240,1.7984787225723267,0.9834500333940005
102,6,/home/nabizadz/Projects/Mahsa/datasets/lrs2/lrs2_v1/mvlrs_v1/main/6368177216011755289/00013.mp4,7,157,1.1973793506622314,0.5518651327603444
102,7,/home/nabizadz/Projects/Mahsa/datasets/lrs2/lrs2_v1/mvlrs_v1/main/6336739343895160063/00006.mp4,25,175,1.08218252658844,0.5604040495535695
103,0,/home/nabizadz/Projects/Mahsa/datasets/lrs2/lrs2_v1/mvlrs_v1/main/6368177216011755289/00016.mp4,147,297,4.230738639831543,1.0
103,1,/home/nabizadz/Projects/Mahsa/datasets/lrs2/lrs2_v1/mvlrs_v1/main/6368494184598133861/00007.mp4,45,195,1.2139431238174438,0.6089028472069654
103,2,/home/nabizadz/Projects/Mahsa/datasets/lrs2/lrs2_v1/mvlrs_v1/main/6368494184598133861/00017.mp4,12,162,1.0761436223983765,0.518497894008102
103,3,/home/nabizadz/Projects/Mahsa/datasets/lrs2/lrs2_v1/mvlrs_v1/main/6368494184598133861/00030.mp4,20,170,1.1747539043426514,0.53424949538533
103,4,/home/nabizadz/Projects/Mahsa/datasets/lrs2/lrs2_v1/mvlrs_v1/main/6368494184598133861/00041.mp4,149,299,1.3063724040985107,0.6086416327406402
103,5,/home/nabizadz/Projects/Mahsa/datasets/lrs2/lrs2_v1/mvlrs_v1/main/6368494184598133861/00046.mp4,82,232,1.5738526582717896,0.655529842141005
103,6,/home/nabizadz/Projects/Mahsa/datasets/lrs2/lrs2_v1/mvlrs_v1/main/6368525108362665063/00017.mp4,56,206,1.0734742879867554,0.5667097843242698
103,7,/home/nabizadz/Projects/Mahsa/datasets/lrs2/lrs2_v1/mvlrs_v1/main/6368525108362665063/00019.mp4,109,259,1.7616746425628662,0.9664049376539319
104,0,/home/nabizadz/Projects/Mahsa/datasets/lrs2/lrs2_v1/mvlrs_v1/main/6368525108362665063/00029.mp4,21,171,1.0362064838409424,0.3254561379555781
104,1,/home/nabizadz/Projects/Mahsa/datasets/lrs2/lrs2_v1/mvlrs_v1/main/6368525108362665063/00045.mp4,120,270,4.084939002990723,1.0
104,2,/home/nabizadz/Projects/Mahsa/datasets/lrs2/lrs2_v1/mvlrs_v1/main/6336739343895160063/00016.mp4,0,150,1.0379841327667236,0.13769658294613846
104,3,/home/nabizadz/Projects/Mahsa/datasets/lrs2/lrs2_v1/mvlrs_v1/main/6368525108362665063/00053.mp4,111,261,1.8971171379089355,0.9969990127713778
104,4,/home/nabizadz/Projects/Mahsa/datasets/lrs2/lrs2_v1/mvlrs_v1/main/6368525108362665063/00055.mp4,52,202,1.1169191598892212,0.5667583953893238
104,5,/home/nabizadz/Projects/Mahsa/datasets/lrs2/lrs2_v1/mvlrs_v1/main/6368525108362665063/00061.mp4,42,192,1.118547797203064,0.42659313155388107
104,6,/home/nabizadz/Projects/Mahsa/datasets/lrs2/lrs2_v1/mvlrs_v1/main/6368525108362665063/00064.mp4,61,211,1.1424695253372192,0.7764577314871594
104,7,/home/nabizadz/Projects/Mahsa/datasets/lrs2/lrs2_v1/mvlrs_v1/main/6368525108362665063/00067.mp4,58,208,1.1368039846420288,0.5247007123125793
105,0,/home/nabizadz/Projects/Mahsa/datasets/lrs2/lrs2_v1/mvlrs_v1/main/6368525108362665063/00068.mp4,91,241,1.1560715436935425,0.5363659354846099
105,1,/home/nabizadz/Projects/Mahsa/datasets/lrs2/lrs2_v1/mvlrs_v1/main/6368525108362665063/00069.mp4,37,187,1.0395585298538208,0.28509493696711496
105,2,/home/nabizadz/Projects/Mahsa/datasets/lrs2/lrs2_v1/mvlrs_v1/main/6368857538831442335/00028.mp4,1,151,1.1302772760391235,0.4725385218525772
105,3,/home/nabizadz/Projects/Mahsa/datasets/lrs2/lrs2_v1/mvlrs_v1/main/6368903924478172740/00007.mp4,54,204,1.2103914022445679,0.6892002647217357
105,4,/home/nabizadz/Projects/Mahsa/datasets/lrs2/lrs2_v1/mvlrs_v1/main/6369220893064682263/00003.mp4,113,263,1.947176456451416,0.9568385390383989
105,5,/home/nabizadz/Projects/Mahsa/datasets/lrs2/lrs2_v1/mvlrs_v1/main/6336739343895160063/00021.mp4,94,244,2.0235981941223145,0.9080891966712836
105,6,/home/nabizadz/Projects/Mahsa/datasets/lrs2/lrs2_v1/mvlrs_v1/main/6369220893064682263/00007.mp4,125,275,3.8897011280059814,0.9999999999999997
105,7,/home/nabizadz/Projects/Mahsa/datasets/lrs2/lrs2_v1/mvlrs_v1/main/6369220893064682263/00023.mp4,65,215,1.2031804323196411,0.4453332644609006
106,0,/home/nabizadz/Projects/Mahsa/datasets/lrs2/lrs2_v1/mvlrs_v1/main/6369220893064682263/00033.mp4,90,240,1.970813512802124,0.9018744058415177
106,1,/home/nabizadz/Projects/Mahsa/datasets/lrs2/lrs2_v1/mvlrs_v1/main/6369220893064682263/00035.mp4,108,258,1.7208011150360107,0.8546378610600148
106,2,/home/nabizadz/Projects/Mahsa/datasets/lrs2/lrs2_v1/mvlrs_v1/main/6369259547770281088/00011.mp4,131,281,1.235086441040039,0.6350815396655467
106,3,/home/nabizadz/Projects/Mahsa/datasets/lrs2/lrs2_v1/mvlrs_v1/main/6369259547770281088/00020.mp4,7,157,1.0950305461883545,0.6136667475935419
106,4,/home/nabizadz/Projects/Mahsa/datasets/lrs2/lrs2_v1/mvlrs_v1/main/6369259547770281088/00021.mp4,50,200,1.0590285062789917,0.40662600368433893
106,5,/home/nabizadz/Projects/Mahsa/datasets/lrs2/lrs2_v1/mvlrs_v1/main/6369259547770346264/00010.mp4,45,195,1.078710913658142,0.5401247175964193
106,6,/home/nabizadz/Projects/Mahsa/datasets/lrs2/lrs2_v1/mvlrs_v1/main/6369259547770346264/00016.mp4,50,200,1.0379507541656494,0.4621125106798819
106,7,/home/nabizadz/Projects/Mahsa/datasets/lrs2/lrs2_v1/mvlrs_v1/main/6369599709180191149/00011.mp4,137,287,1.4558589458465576,0.6852939406195538
107,0,/home/nabizadz/Projects/Mahsa/datasets/lrs2/lrs2_v1/mvlrs_v1/main/6336739343895160063/00027.mp4,37,187,1.3108294010162354,0.4710748546367902
107,1,/home/nabizadz/Projects/Mahsa/datasets/lrs2/lrs2_v1/mvlrs_v1/main/6369599709180191149/00013.mp4,68,218,1.2705726623535156,0.6986556571506332
107,2,/home/nabizadz/Projects/Mahsa/datasets/lrs2/lrs2_v1/mvlrs_v1/main/6369599709180191149/00014.mp4,2,152,1.0495160818099976,0.2003546872891221
107,3,/home/nabizadz/Projects/Mahsa/datasets/lrs2/lrs2_v1/mvlrs_v1/main/6369599709180191149/00017.mp4,90,240,1.2822121381759644,0.6148791158479088
107,4,/home/nabizadz/Projects/Mahsa/datasets/lrs2/lrs2_v1/mvlrs_v1/main/6369599709180191149/00021.mp4,5,155,1.1782604455947876,0.6075179254514661
107,5,/home/nabizadz/Projects/Mahsa/datasets/lrs2/lrs2_v1/mvlrs_v1/main/6369599709180191149/00030.mp4,117,267,1.3824894428253174,0.8513141864039055
107,6,/home/nabizadz/Projects/Mahsa/datasets/lrs2/lrs2_v1/mvlrs_v1/main/6369607440121317877/00006.mp4,49,199,1.3911387920379639,0.7670148436010855
107,7,/home/nabizadz/Projects/Mahsa/datasets/lrs2/lrs2_v1/mvlrs_v1/main/6369912812296002056/00001.mp4,16,166,1.1582117080688477,0.5360021913167459
108,0,/home/nabizadz/Projects/Mahsa/datasets/lrs2/lrs2_v1/mvlrs_v1/main/6369912812296002056/00009.mp4,61,211,1.1269965171813965,0.5380023403150149
108,1,/home/nabizadz/Projects/Mahsa/datasets/lrs2/lrs2_v1/mvlrs_v1/main/6369912812296002056/00016.mp4,113,263,1.2418668270111084,0.6750345030352785
108,2,/home/nabizadz/Projects/Mahsa/datasets/lrs2/lrs2_v1/mvlrs_v1/main/6369912812296002056/00019.mp4,67,217,1.2418988943099976,0.6019909495055595
108,3,/home/nabizadz/Projects/Mahsa/datasets/lrs2/lrs2_v1/mvlrs_v1/main/6336739343895160063/00040.mp4,121,271,1.4879028797149658,0.7473016305105861
108,4,/home/nabizadz/Projects/Mahsa/datasets/lrs2/lrs2_v1/mvlrs_v1/main/6369970794354565537/00002.mp4,136,286,1.8339800834655762,0.7847101891280323
108,5,/home/nabizadz/Projects/Mahsa/datasets/lrs2/lrs2_v1/mvlrs_v1/main/6369970794354565537/00003.mp4,99,249,1.3537176847457886,0.6832397949444136
108,6,/home/nabizadz/Projects/Mahsa/datasets/lrs2/lrs2_v1/mvlrs_v1/main/6369986256236764320/00003.mp4,51,201,1.164505124092102,0.5565912194103261
108,7,/home/nabizadz/Projects/Mahsa/datasets/lrs2/lrs2_v1/mvlrs_v1/main/6369986256236764320/00005.mp4,55,205,1.2941075563430786,0.8822250044854634
109,0,/home/nabizadz/Projects/Mahsa/datasets/lrs2/lrs2_v1/mvlrs_v1/main/6369912812296002056/00022.mp4,79,229,1.4149293899536133,0.8900010180027026
109,1,/home/nabizadz/Projects/Mahsa/datasets/lrs2/lrs2_v1/mvlrs_v1/main/6369912812296002056/00023.mp4,107,257,1.2884726524353027,0.5920919810844086
109,2,/home/nabizadz/Projects/Mahsa/datasets/lrs2/lrs2_v1/mvlrs_v1/main/6369912812296002056/00024.mp4,146,296,1.3526983261108398,0.6923402309819415
109,3,/home/nabizadz/Projects/Mahsa/datasets/lrs2/lrs2_v1/mvlrs_v1/main/6369912812296002056/00025.mp4,106,256,1.6338343620300293,0.7146540403160494
109,4,/home/nabizadz/Projects/Mahsa/datasets/lrs2/lrs2_v1/mvlrs_v1/main/6369986256236764320/00025.mp4,2,152,1.051973819732666,0.4050675875801324
109,5,/home/nabizadz/Projects/Mahsa/datasets/lrs2/lrs2_v1/mvlrs_v1/main/6369986256236764320/00026.mp4,121,271,2.8237528800964355,0.9987495307015846
109,6,/home/nabizadz/Projects/Mahsa/datasets/lrs2/lrs2_v1/mvlrs_v1/main/6336739343895160063/00042.mp4,99,249,1.7563812732696533,0.8908786335083575
109,7,/home/nabizadz/Projects/Mahsa/datasets/lrs2/lrs2_v1/mvlrs_v1/main/6369986256236764320/00031.mp4,32,182,1.0829222202301025,0.41722291715666243
110,0,/home/nabizadz/Projects/Mahsa/datasets/lrs2/lrs2_v1/mvlrs_v1/main/6369986256236764320/00041.mp4,20,170,1.0589540004730225,0.3827853170845583
110,1,/home/nabizadz/Projects/Mahsa/datasets/lrs2/lrs2_v1/mvlrs_v1/main/6369986256236764320/00006.mp4,113,263,1.2213501930236816,0.5396748859779704
110,2,/home/nabizadz/Projects/Mahsa/datasets/lrs2/lrs2_v1/mvlrs_v1/main/6369986256236764320/00008.mp4,45,195,1.0947315692901611,0.5709775762389315
110,3,/home/nabizadz/Projects/Mahsa/datasets/lrs2/lrs2_v1/mvlrs_v1/main/6369986256236764320/00018.mp4,104,254,1.1290433406829834,0.545357745762746
110,4,/home/nabizadz/Projects/Mahsa/datasets/lrs2/lrs2_v1/mvlrs_v1/main/6369986256236764320/00022.mp4,142,292,3.1017234325408936,0.9999045993859753
110,5,/home/nabizadz/Projects/Mahsa/datasets/lrs2/lrs2_v1/mvlrs_v1/main/6369986256236764320/00042.mp4,83,233,1.7212046384811401,0.9866235827077388
110,6,/home/nabizadz/Projects/Mahsa/datasets/lrs2/lrs2_v1/mvlrs_v1/main/6370331571607430336/00003.mp4,19,169,1.1104527711868286,0.3174340266665276
110,7,/home/nabizadz/Projects/Mahsa/datasets/lrs2/lrs2_v1/mvlrs_v1/main/6370331571607430336/00009.mp4,144,294,1.4551446437835693,0.7925905995442745
111,0,/home/nabizadz/Projects/Mahsa/datasets/lrs2/lrs2_v1/mvlrs_v1/main/6370331571607430336/00016.mp4,103,253,3.713242530822754,0.9999999999999999
111,1,/home/nabizadz/Projects/Mahsa/datasets/lrs2/lrs2_v1/mvlrs_v1/main/6331559613336179781/00036.mp4,109,259,2.050704002380371,0.8900128446966412
111,2,/home/nabizadz/Projects/Mahsa/datasets/lrs2/lrs2_v1/mvlrs_v1/main/6336739343895160063/00046.mp4,41,191,1.1680363416671753,0.4742487536792119
111,3,/home/nabizadz/Projects/Mahsa/datasets/lrs2/lrs2_v1/mvlrs_v1/main/6370331571607430336/00019.mp4,102,252,1.5529344081878662,0.8928286134871158
111,4,/home/nabizadz/Projects/Mahsa/datasets/lrs2/lrs2_v1/mvlrs_v1/main/6370331571607430336/00020.mp4,12,162,1.0583783388137817,0.3064128189454101
111,5,/home/nabizadz/Projects/Mahsa/datasets/lrs2/lrs2_v1/mvlrs_v1/main/6370331571607430336/00033.mp4,147,297,4.201671123504639,0.9999999999999999
111,6,/home/nabizadz/Projects/Mahsa/datasets/lrs2/lrs2_v1/mvlrs_v1/main/6370366360842521130/00001.mp4,4,154,1.0492889881134033,0.0726480304034221
111,7,/home/nabizadz/Projects/Mahsa/datasets/lrs2/lrs2_v1/mvlrs_v1/main/6370366360842521130/00006.mp4,50,200,1.0644924640655518,0.5194190805191912
112,0,/home/nabizadz/Projects/Mahsa/datasets/lrs2/lrs2_v1/mvlrs_v1/main/6370728426585516325/00006.mp4,145,295,4.204239368438721,1.0
112,1,/home/nabizadz/Projects/Mahsa/datasets/lrs2/lrs2_v1/mvlrs_v1/main/6370728426585516325/00008.mp4,90,240,1.4376534223556519,0.8820749177704834
112,2,/home/nabizadz/Projects/Mahsa/datasets/lrs2/lrs2_v1/mvlrs_v1/main/6370728426585516325/00012.mp4,115,265,1.7202997207641602,0.8836428125222403
112,3,/home/nabizadz/Projects/Mahsa/datasets/lrs2/lrs2_v1/mvlrs_v1/main/6370728426585516325/00013.mp4,11,161,1.0323643684387207,0.25529052214378417
112,4,/home/nabizadz/Projects/Mahsa/datasets/lrs2/lrs2_v1/mvlrs_v1/main/6370728426585516325/00014.mp4,118,268,3.9452884197235107,1.0
112,5,/home/nabizadz/Projects/Mahsa/datasets/lrs2/lrs2_v1/mvlrs_v1/main/6336739343895160063/00052.mp4,10,160,1.0828192234039307,0.4808134093007038
112,6,/home/nabizadz/Projects/Mahsa/datasets/lrs2/lrs2_v1/mvlrs_v1/main/6370728426585516325/00018.mp4,41,191,1.0565508604049683,0.44890715562590505
112,7,/home/nabizadz/Projects/Mahsa/datasets/lrs2/lrs2_v1/mvlrs_v1/main/6370997721034975856/00008.mp4,2,152,1.06391441822052,0.17400182780926574
113,0,/home/nabizadz/Projects/Mahsa/datasets/lrs2/lrs2_v1/mvlrs_v1/main/6371091780818822750/00005.mp4,46,196,1.098942756652832,0.5624799716827492
113,1,/home/nabizadz/Projects/Mahsa/datasets/lrs2/lrs2_v1/mvlrs_v1/main/6371091780818822750/00006.mp4,132,282,2.309328556060791,0.9626358782888625
113,2,/home/nabizadz/Projects/Mahsa/datasets/lrs2/lrs2_v1/mvlrs_v1/main/6371091780818822750/00018.mp4,131,281,4.035207748413086,0.9999999999999998
113,3,/home/nabizadz/Projects/Mahsa/datasets/lrs2/lrs2_v1/mvlrs_v1/main/6371114973642156346/00011.mp4,59,209,1.3238346576690674,0.7512667477462174
113,4,/home/nabizadz/Projects/Mahsa/datasets/lrs2/lrs2_v1/mvlrs_v1/main/6371114973642156346/00014.mp4,63,213,1.0825387239456177,0.46447797171982497
113,5,/home/nabizadz/Projects/Mahsa/datasets/lrs2/lrs2_v1/mvlrs_v1/main/6371114973642156346/00017.mp4,57,207,1.1372480392456055,0.5305868268819524
113,6,/home/nabizadz/Projects/Mahsa/datasets/lrs2/lrs2_v1/mvlrs_v1/main/6371114973642156346/00018.mp4,79,229,1.1876720190048218,0.6600717878725596
113,7,/home/nabizadz/Projects/Mahsa/datasets/lrs2/lrs2_v1/mvlrs_v1/main/6371114973642156346/00019.mp4,108,258,2.5503625869750977,0.986567509362109
114,0,/home/nabizadz/Projects/Mahsa/datasets/lrs2/lrs2_v1/mvlrs_v1/main/6336739343895160063/00053.mp4,69,219,1.1875535249710083,0.5995150998194074
114,1,/home/nabizadz/Projects/Mahsa/datasets/lrs2/lrs2_v1/mvlrs_v1/main/6371114973642156346/00024.mp4,104,254,2.371594190597534,0.9999999999999999
114,2,/home/nabizadz/Projects/Mahsa/datasets/lrs2/lrs2_v1/mvlrs_v1/main/6371114973642221152/00004.mp4,115,265,2.3194291591644287,0.9500889234556658
114,3,/home/nabizadz/Projects/Mahsa/datasets/lrs2/lrs2_v1/mvlrs_v1/main/6371114973642221152/00010.mp4,13,163,1.0259655714035034,0.24296220822781264
114,4,/home/nabizadz/Projects/Mahsa/datasets/lrs2/lrs2_v1/mvlrs_v1/main/6371389422052370754/00011.mp4,59,209,1.0597590208053589,0.56964053402854
114,5,/home/nabizadz/Projects/Mahsa/datasets/lrs2/lrs2_v1/mvlrs_v1/main/6371462865993190004/00012.mp4,97,247,1.1844573020935059,0.6982122565535376
114,6,/home/nabizadz/Projects/Mahsa/datasets/lrs2/lrs2_v1/mvlrs_v1/main/6371470597064737331/00015.mp4,27,177,1.0964287519454956,0.3232073063248346
114,7,/home/nabizadz/Projects/Mahsa/datasets/lrs2/lrs2_v1/mvlrs_v1/main/6371470597064737331/00017.mp4,42,192,1.0749735832214355,0.3220370549310898
115,0,/home/nabizadz/Projects/Mahsa/datasets/lrs2/lrs2_v1/mvlrs_v1/main/6371470597064737331/00018.mp4,8,158,1.0366029739379883,0.2430595150460216
115,1,/home/nabizadz/Projects/Mahsa/datasets/lrs2/lrs2_v1/mvlrs_v1/main/6371470597064737331/00027.mp4,70,220,1.124980092048645,0.3580718778534046
115,2,/home/nabizadz/Projects/Mahsa/datasets/lrs2/lrs2_v1/mvlrs_v1/main/6371470597064737331/00028.mp4,68,218,1.4181269407272339,0.6613935073483297
115,3,/home/nabizadz/Projects/Mahsa/datasets/lrs2/lrs2_v1/mvlrs_v1/main/6336739343895160063/00056.mp4,119,269,2.611398458480835,0.9904146959023145
115,4,/home/nabizadz/Projects/Mahsa/datasets/lrs2/lrs2_v1/mvlrs_v1/main/6371470597064737331/00032.mp4,84,234,1.7293403148651123,0.8886380941144467
115,5,/home/nabizadz/Projects/Mahsa/datasets/lrs2/lrs2_v1/mvlrs_v1/main/6372918859906543042/00019.mp4,90,240,3.600693702697754,0.9999999999999998
115,6,/home/nabizadz/Projects/Mahsa/datasets/lrs2/lrs2_v1/mvlrs_v1/main/6373112133434795034/00002.mp4,126,276,1.5689036846160889,0.7118815494652385
115,7,/home/nabizadz/Projects/Mahsa/datasets/lrs2/lrs2_v1/mvlrs_v1/main/6373112133434795034/00005.mp4,58,208,1.1152960062026978,0.48136725533175345
116,0,/home/nabizadz/Projects/Mahsa/datasets/lrs2/lrs2_v1/mvlrs_v1/main/6373112133434795034/00007.mp4,129,279,2.8128857612609863,0.9987582828938074
116,1,/home/nabizadz/Projects/Mahsa/datasets/lrs2/lrs2_v1/mvlrs_v1/main/6373202327748070121/00011.mp4,59,209,1.709059476852417,0.543255657622318
116,2,/home/nabizadz/Projects/Mahsa/datasets/lrs2/lrs2_v1/mvlrs_v1/main/6373318291865072119/00019.mp4,11,161,1.058752179145813,0.3031207192033412
116,3,/home/nabizadz/Projects/Mahsa/datasets/lrs2/lrs2_v1/mvlrs_v1/main/6373318291865072119/00024.mp4,64,214,1.4388985633850098,0.8871142024107117
116,4,/home/nabizadz/Projects/Mahsa/datasets/lrs2/lrs2_v1/mvlrs_v1/main/6373318291865072119/00030.mp4,7,157,1.1046712398529053,0.2853525990291463
116,5,/home/nabizadz/Projects/Mahsa/datasets/lrs2/lrs2_v1/mvlrs_v1/main/6373318291865072119/00043.mp4,34,184,1.146991491317749,0.5055273250435883
116,6,/home/nabizadz/Projects/Mahsa/datasets/lrs2/lrs2_v1/mvlrs_v1/main/6336851442541654996/00001.mp4,147,297,4.1724629402160645,0.9999999999999999
116,7,/home/nabizadz/Projects/Mahsa/datasets/lrs2/lrs2_v1/mvlrs_v1/main/6373326022806137973/00005.mp4,1,151,1.0661991834640503,0.419230535590114
117,0,/home/nabizadz/Projects/Mahsa/datasets/lrs2/lrs2_v1/mvlrs_v1/main/6373326022806137973/00014.mp4,36,186,1.084869623184204,0.546888428221222
117,1,/home/nabizadz/Projects/Mahsa/datasets/lrs2/lrs2_v1/mvlrs_v1/main/6373326022806137973/00015.mp4,66,216,1.392517328262329,0.7346548648104624
117,2,/home/nabizadz/Projects/Mahsa/datasets/lrs2/lrs2_v1/mvlrs_v1/main/6373627529510317190/00002.mp4,72,222,1.986688256263733,0.9997367077265568
117,3,/home/nabizadz/Projects/Mahsa/datasets/lrs2/lrs2_v1/mvlrs_v1/main/6373627529510317190/00004.mp4,63,213,1.104750394821167,0.5524719492623462
117,4,/home/nabizadz/Projects/Mahsa/datasets/lrs2/lrs2_v1/mvlrs_v1/main/6373627529510317190/00005.mp4,96,246,1.2130416631698608,0.7147562395820285
117,5,/home/nabizadz/Projects/Mahsa/datasets/lrs2/lrs2_v1/mvlrs_v1/main/6374060462213818017/00007.mp4,8,158,1.0265108346939087,0.3130861119509218
117,6,/home/nabizadz/Projects/Mahsa/datasets/lrs2/lrs2_v1/mvlrs_v1/main/6374060462213818017/00008.mp4,28,178,1.0361868143081665,0.35026056129508065
117,7,/home/nabizadz/Projects/Mahsa/datasets/lrs2/lrs2_v1/mvlrs_v1/main/6374083655037216420/00004.mp4,114,264,1.853269100189209,0.9823693301583067
118,0,/home/nabizadz/Projects/Mahsa/datasets/lrs2/lrs2_v1/mvlrs_v1/main/6374083655167624227/00010.mp4,105,255,1.2144684791564941,0.5726417663138225
118,1,/home/nabizadz/Projects/Mahsa/datasets/lrs2/lrs2_v1/mvlrs_v1/main/6336917155541276097/00004.mp4,89,239,1.2714688777923584,0.6924712973669178
118,2,/home/nabizadz/Projects/Mahsa/datasets/lrs2/lrs2_v1/mvlrs_v1/main/6374083655167624227/00018.mp4,8,158,1.3500500917434692,0.6330618641439333
118,3,/home/nabizadz/Projects/Mahsa/datasets/lrs2/lrs2_v1/mvlrs_v1/main/6374083655167624227/00022.mp4,55,205,1.0817211866378784,0.48429037779724643
118,4,/home/nabizadz/Projects/Mahsa/datasets/lrs2/lrs2_v1/mvlrs_v1/main/6374083655167624227/00037.mp4,112,262,1.2492626905441284,0.6881345409753132
118,5,/home/nabizadz/Projects/Mahsa/datasets/lrs2/lrs2_v1/mvlrs_v1/main/6374083655167624227/00045.mp4,86,236,1.372390866279602,0.49972790180211946
118,6,/home/nabizadz/Projects/Mahsa/datasets/lrs2/lrs2_v1/mvlrs_v1/main/6374083655167624227/00053.mp4,54,204,1.1244198083877563,0.6268458272762211
118,7,/home/nabizadz/Projects/Mahsa/datasets/lrs2/lrs2_v1/mvlrs_v1/main/6374083655167624227/00057.mp4,83,233,1.1468015909194946,0.5461545128582799
119,0,/home/nabizadz/Projects/Mahsa/datasets/lrs2/lrs2_v1/mvlrs_v1/main/6374083655167624227/00058.mp4,21,171,1.099878191947937,0.3231245543488061
119,1,/home/nabizadz/Projects/Mahsa/datasets/lrs2/lrs2_v1/mvlrs_v1/main/6374083655167624227/00059.mp4,35,185,1.114725112915039,0.39551546661969067
119,2,/home/nabizadz/Projects/Mahsa/datasets/lrs2/lrs2_v1/mvlrs_v1/main/6374083655167624227/00079.mp4,52,202,1.198133945465088,0.5342934131937112
119,3,/home/nabizadz/Projects/Mahsa/datasets/lrs2/lrs2_v1/mvlrs_v1/main/6374083655167624227/00083.mp4,147,297,4.233346939086914,0.9999999999999998
119,4,/home/nabizadz/Projects/Mahsa/datasets/lrs2/lrs2_v1/mvlrs_v1/main/6336917155541276097/00005.mp4,30,180,1.1989582777023315,0.5072486422138839
119,5,/home/nabizadz/Projects/Mahsa/datasets/lrs2/lrs2_v1/mvlrs_v1/main/6374083655167624227/00085.mp4,21,171,1.0412960052490234,0.2475023551472219
119,6,/home/nabizadz/Projects/Mahsa/datasets/lrs2/lrs2_v1/mvlrs_v1/main/6374083655167624227/00102.mp4,133,283,4.001733779907227,1.0
119,7,/home/nabizadz/Projects/Mahsa/datasets/lrs2/lrs2_v1/mvlrs_v1/main/6374083655167624227/00105.mp4,3,153,1.0278533697128296,0.3649864658123899
120,0,/home/nabizadz/Projects/Mahsa/datasets/lrs2/lrs2_v1/mvlrs_v1/main/6374083655167624227/00107.mp4,9,159,1.083469271659851,0.25688608959171366
120,1,/home/nabizadz/Projects/Mahsa/datasets/lrs2/lrs2_v1/mvlrs_v1/main/6374083655167624227/00119.mp4,119,269,1.8016455173492432,0.9456996600554827
120,2,/home/nabizadz/Projects/Mahsa/datasets/lrs2/lrs2_v1/mvlrs_v1/main/6374454740211592999/00010.mp4,141,291,4.132279396057129,1.0
120,3,/home/nabizadz/Projects/Mahsa/datasets/lrs2/lrs2_v1/mvlrs_v1/main/6374802632562566873/00011.mp4,126,276,1.057251214981079,0.6910879551062036
120,4,/home/nabizadz/Projects/Mahsa/datasets/lrs2/lrs2_v1/mvlrs_v1/main/6374802632562566873/00024.mp4,92,242,3.641151189804077,0.9999999999999996
120,5,/home/nabizadz/Projects/Mahsa/datasets/lrs2/lrs2_v1/mvlrs_v1/main/6375181448678007969/00005.mp4,12,162,1.0312273502349854,0.3096775571664279
120,6,/home/nabizadz/Projects/Mahsa/datasets/lrs2/lrs2_v1/mvlrs_v1/main/6375181448678076214/00002.mp4,71,221,1.5074032545089722,0.8831254453679374
120,7,/home/nabizadz/Projects/Mahsa/datasets/lrs2/lrs2_v1/mvlrs_v1/main/6336917155541276097/00007.mp4,62,212,1.1881859302520752,0.5931720734021103
121,0,/home/nabizadz/Projects/Mahsa/datasets/lrs2/lrs2_v1/mvlrs_v1/main/6375448166147161013/00031.mp4,7,157,1.1217812299728394,0.2105957071744334
121,1,/home/nabizadz/Projects/Mahsa/datasets/lrs2/lrs2_v1/mvlrs_v1/main/6375480378401815497/00001.mp4,33,183,1.1506015062332153,0.49521091484088975
121,2,/home/nabizadz/Projects/Mahsa/datasets/lrs2/lrs2_v1/mvlrs_v1/main/6375480378401815497/00004.mp4,136,286,4.096924781799316,1.0
121,3,/home/nabizadz/Projects/Mahsa/datasets/lrs2/lrs2_v1/mvlrs_v1/main/6375480378401815497/00011.mp4,61,211,1.256139874458313,0.5818828309843903
121,4,/home/nabizadz/Projects/Mahsa/datasets/lrs2/lrs2_v1/mvlrs_v1/main/6375480378401815497/00024.mp4,94,244,2.810227155685425,0.9893184982752395
121,5,/home/nabizadz/Projects/Mahsa/datasets/lrs2/lrs2_v1/mvlrs_v1/main/6375516456127164915/00004.mp4,97,247,1.3290363550186157,0.6523172098974347
121,6,/home/nabizadz/Projects/Mahsa/datasets/lrs2/lrs2_v1/mvlrs_v1/main/6375516456127164915/00006.mp4,48,198,1.1618828773498535,0.5469977617754633
121,7,/home/nabizadz/Projects/Mahsa/datasets/lrs2/lrs2_v1/mvlrs_v1/main/6375516456127164915/00014.mp4,146,296,4.231970310211182,0.9999999999999994
122,0,/home/nabizadz/Projects/Mahsa/datasets/lrs2/lrs2_v1/mvlrs_v1/main/6375915888085690147/00005.mp4,72,222,1.5253270864486694,0.757513160316229
122,1,/home/nabizadz/Projects/Mahsa/datasets/lrs2/lrs2_v1/mvlrs_v1/main/6375915888085690147/00015.mp4,85,235,1.1663028001785278,0.640606927857386
122,2,/home/nabizadz/Projects/Mahsa/datasets/lrs2/lrs2_v1/mvlrs_v1/main/6336917155541276097/00022.mp4,97,247,1.375551462173462,0.810191745192448
122,3,/home/nabizadz/Projects/Mahsa/datasets/lrs2/lrs2_v1/mvlrs_v1/main/6375915888085690147/00022.mp4,138,288,1.3907991647720337,0.5995828186860181
122,4,/home/nabizadz/Projects/Mahsa/datasets/lrs2/lrs2_v1/mvlrs_v1/main/6375915888085690147/00023.mp4,36,186,1.164682149887085,0.6133044937081765
122,5,/home/nabizadz/Projects/Mahsa/datasets/lrs2/lrs2_v1/mvlrs_v1/main/6375915888085690147/00033.mp4,98,248,2.153934955596924,0.9997405480830713
122,6,/home/nabizadz/Projects/Mahsa/datasets/lrs2/lrs2_v1/mvlrs_v1/main/6375915888085690147/00041.mp4,41,191,1.221252202987671,0.4950058379047616
122,7,/home/nabizadz/Projects/Mahsa/datasets/lrs2/lrs2_v1/mvlrs_v1/main/6375915888085690147/00045.mp4,101,251,1.23188316822052,0.9106346014532942
123,0,/home/nabizadz/Projects/Mahsa/datasets/lrs2/lrs2_v1/mvlrs_v1/main/6375915888085690147/00047.mp4,84,234,1.1652483940124512,0.6019038045105711
123,1,/home/nabizadz/Projects/Mahsa/datasets/lrs2/lrs2_v1/mvlrs_v1/main/6375915888085690147/00048.mp4,41,191,1.0671428442001343,0.2992833459150891
123,2,/home/nabizadz/Projects/Mahsa/datasets/lrs2/lrs2_v1/mvlrs_v1/main/6375923619026758902/00014.mp4,146,296,4.254856586456299,1.0
123,3,/home/nabizadz/Projects/Mahsa/datasets/lrs2/lrs2_v1/mvlrs_v1/main/6375923619026758902/00015.mp4,118,268,1.2261590957641602,0.6284083290109331
123,4,/home/nabizadz/Projects/Mahsa/datasets/lrs2/lrs2_v1/mvlrs_v1/main/6375923619026758902/00020.mp4,12,162,1.070341944694519,0.483038627247621
123,5,/home/nabizadz/Projects/Mahsa/datasets/lrs2/lrs2_v1/mvlrs_v1/main/6336917155541276097/00037.mp4,95,245,3.5719645023345947,0.9999999999999996
123,6,/home/nabizadz/Projects/Mahsa/datasets/lrs2/lrs2_v1/mvlrs_v1/main/6376310166083398929/00004.mp4,141,291,2.3889999389648438,0.9732448328453601
123,7,/home/nabizadz/Projects/Mahsa/datasets/lrs2/lrs2_v1/mvlrs_v1/main/6376623269199281113/00006.mp4,117,267,1.5637552738189697,0.8469406473966427
124,0,/home/nabizadz/Projects/Mahsa/datasets/lrs2/lrs2_v1/mvlrs_v1/main/6376623269199281113/00008.mp4,37,187,1.0580253601074219,0.3074191812093018
124,1,/home/nabizadz/Projects/Mahsa/datasets/lrs2/lrs2_v1/mvlrs_v1/main/6376623269199281113/00012.mp4,125,275,1.392924189567566,0.6954497704085438
124,2,/home/nabizadz/Projects/Mahsa/datasets/lrs2/lrs2_v1/mvlrs_v1/main/6377052336432217027/00002.mp4,10,160,1.0521516799926758,0.35001575297416515
124,3,/home/nabizadz/Projects/Mahsa/datasets/lrs2/lrs2_v1/mvlrs_v1/main/6377052336432217027/00006.mp4,78,228,1.0849782228469849,0.5481607819089852
124,4,/home/nabizadz/Projects/Mahsa/datasets/lrs2/lrs2_v1/mvlrs_v1/main/6377052336432217027/00008.mp4,121,271,3.9026379585266113,0.9999999999999998
124,5,/home/nabizadz/Projects/Mahsa/datasets/lrs2/lrs2_v1/mvlrs_v1/main/6377365439548029922/00007.mp4,93,243,1.1323622465133667,0.457779928165975
124,6,/home/nabizadz/Projects/Mahsa/datasets/lrs2/lrs2_v1/mvlrs_v1/main/6377365439548029922/00009.mp4,113,263,1.6853207349777222,0.963139139475552
124,7,/home/nabizadz/Projects/Mahsa/datasets/lrs2/lrs2_v1/mvlrs_v1/main/6377365439548029922/00022.mp4,19,169,1.0854054689407349,0.2641093238157641
125,0,/home/nabizadz/Projects/Mahsa/datasets/lrs2/lrs2_v1/mvlrs_v1/main/6377365439548029922/00024.mp4,17,167,1.0282939672470093,0.3872425929375349
125,1,/home/nabizadz/Projects/Mahsa/datasets/lrs2/lrs2_v1/mvlrs_v1/main/6377365439548029922/00025.mp4,37,187,1.1197848320007324,0.553569719709962
125,2,/home/nabizadz/Projects/Mahsa/datasets/lrs2/lrs2_v1/mvlrs_v1/main/6377365439548029922/00026.mp4,129,279,2.5060882568359375,0.9683242880080809
125,3,/home/nabizadz/Projects/Mahsa/datasets/lrs2/lrs2_v1/mvlrs_v1/main/6377365439548029922/00031.mp4,33,183,1.0830769538879395,0.5855132978987635
125,4,/home/nabizadz/Projects/Mahsa/datasets/lrs2/lrs2_v1/mvlrs_v1/main/6377365439548029922/00039.mp4,1,151,1.095235824584961,0.25810974769960315
125,5,/home/nabizadz/Projects/Mahsa/datasets/lrs2/lrs2_v1/mvlrs_v1/main/6377400228783189968/00001.mp4,125,275,3.642615556716919,0.9984863274464648
125,6,/home/nabizadz/Projects/Mahsa/datasets/lrs2/lrs2_v1/mvlrs_v1/main/6377400228783189968/00015.mp4,4,154,1.0225560665130615,0.32855991839011683
125,7,/home/nabizadz/Projects/Mahsa/datasets/lrs2/lrs2_v1/mvlrs_v1/main/6377779044898631026/00001.mp4,125,275,1.3066930770874023,0.7902155910951866
126,0,/home/nabizadz/Projects/Mahsa/datasets/lrs2/lrs2_v1/mvlrs_v1/main/6377794506780964609/00004.mp4,45,195,1.0900537967681885,0.2661298161705
126,1,/home/nabizadz/Projects/Mahsa/datasets/lrs2/lrs2_v1/mvlrs_v1/main/6377794506780964609/00009.mp4,123,273,1.637216329574585,0.7829655216092858
126,2,/home/nabizadz/Projects/Mahsa/datasets/lrs2/lrs2_v1/mvlrs_v1/main/6377794506780964609/00010.mp4,16,166,1.0488605499267578,0.4327163138948045
126,3,/home/nabizadz/Projects/Mahsa/datasets/lrs2/lrs2_v1/mvlrs_v1/main/6377794506780964609/00012.mp4,47,197,1.140189528465271,0.5951796273867453
126,4,/home/nabizadz/Projects/Mahsa/datasets/lrs2/lrs2_v1/mvlrs_v1/main/6377794506780964609/00013.mp4,142,292,4.093293190002441,0.9999999999999999
126,5,/home/nabizadz/Projects/Mahsa/datasets/lrs2/lrs2_v1/mvlrs_v1/main/6378096013485054233/00006.mp4,108,258,1.4957644939422607,0.8360941129669389
126,6,/home/nabizadz/Projects/Mahsa/datasets/lrs2/lrs2_v1/mvlrs_v1/main/6378324076248495598/00012.mp4,31,181,1.0854542255401611,0.28815779038734574
126,7,/home/nabizadz/Projects/Mahsa/datasets/lrs2/lrs2_v1/mvlrs_v1/main/6378795663657663776/00003.mp4,37,187,1.1225887537002563,0.4887975710042926
127,0,/home/nabizadz/Projects/Mahsa/datasets/lrs2/lrs2_v1/mvlrs_v1/main/6378795663657663776/00004.mp4,2,152,1.0643032789230347,0.26485304679465177
127,1,/home/nabizadz/Projects/Mahsa/datasets/lrs2/lrs2_v1/mvlrs_v1/main/6378795663657663776/00006.mp4,50,200,1.1866967678070068,0.506406497129373
127,2,/home/nabizadz/Projects/Mahsa/datasets/lrs2/lrs2_v1/mvlrs_v1/main/6378853645716094465/00004.mp4,114,264,2.065753936767578,0.8829475924068901
127,3,/home/nabizadz/Projects/Mahsa/datasets/lrs2/lrs2_v1/mvlrs_v1/main/6378853645716094465/00007.mp4,112,262,2.340674877166748,0.8955231343392571
127,4,/home/nabizadz/Projects/Mahsa/datasets/lrs2/lrs2_v1/mvlrs_v1/main/6378907762304088259/00004.mp4,101,251,1.3996440172195435,0.8729790266289177
127,5,/home/nabizadz/Projects/Mahsa/datasets/lrs2/lrs2_v1/mvlrs_v1/main/6378907762304088259/00008.mp4,18,168,1.080965280532837,0.33154738637190223
127,6,/home/nabizadz/Projects/Mahsa/datasets/lrs2/lrs2_v1/mvlrs_v1/main/6379224730890468911/00024.mp4,107,257,2.126840591430664,0.9955347870577443
127,7,/home/nabizadz/Projects/Mahsa/datasets/lrs2/lrs2_v1/mvlrs_v1/main/6379224730890468911/00025.mp4,118,268,1.8628199100494385,0.9075206490367518
128,0,/home/nabizadz/Projects/Mahsa/datasets/lrs2/lrs2_v1/mvlrs_v1/main/6379537834006412580/00008.mp4,77,227,1.8222064971923828,0.9974191592243206
128,1,/home/nabizadz/Projects/Mahsa/datasets/lrs2/lrs2_v1/mvlrs_v1/main/6379537834006412580/00010.mp4,93,243,1.7609367370605469,0.9570163280936718
128,2,/home/nabizadz/Projects/Mahsa/datasets/lrs2/lrs2_v1/mvlrs_v1/main/6379537834006412580/00017.mp4,117,267,1.4357991218566895,0.8356082197771328
128,3,/home/nabizadz/Projects/Mahsa/datasets/lrs2/lrs2_v1/mvlrs_v1/main/6379537834006412580/00020.mp4,48,198,1.1682544946670532,0.5073099516412486
128,4,/home/nabizadz/Projects/Mahsa/datasets/lrs2/lrs2_v1/mvlrs_v1/main/6379595816064843367/00017.mp4,90,240,1.5895490646362305,0.9479526530239938
128,5,/home/nabizadz/Projects/Mahsa/datasets/lrs2/lrs2_v1/mvlrs_v1/main/6379649932652838513/00008.mp4,126,276,3.9573349952697754,0.9999999999999999
128,6,/home/nabizadz/Projects/Mahsa/datasets/lrs2/lrs2_v1/mvlrs_v1/main/6379649932652838513/00016.mp4,50,200,1.0889863967895508,0.4327477941744931
128,7,/home/nabizadz/Projects/Mahsa/datasets/lrs2/lrs2_v1/mvlrs_v1/main/6379908919180786981/00001.mp4,27,177,1.0742733478546143,0.21968353715443736
129,0,/home/nabizadz/Projects/Mahsa/datasets/lrs2/lrs2_v1/mvlrs_v1/main/6379908919180786981/00003.mp4,30,180,1.0949984788894653,0.383516303143503
129,1,/home/nabizadz/Projects/Mahsa/datasets/lrs2/lrs2_v1/mvlrs_v1/main/6379908919180786981/00007.mp4,98,248,1.3004807233810425,0.6553742049143356
129,2,/home/nabizadz/Projects/Mahsa/datasets/lrs2/lrs2_v1/mvlrs_v1/main/6380021017827118123/00015.mp4,130,280,3.934746742248535,0.9999999999999996
129,3,/home/nabizadz/Projects/Mahsa/datasets/lrs2/lrs2_v1/mvlrs_v1/main/6380021017957616097/00018.mp4,150,300,3.70747971534729,0.9981060119980544
129,4,/home/nabizadz/Projects/Mahsa/datasets/lrs2/lrs2_v1/mvlrs_v1/main/6380021017957616097/00021.mp4,22,172,1.0761210918426514,0.2012375000091703
129,5,/home/nabizadz/Projects/Mahsa/datasets/lrs2/lrs2_v1/mvlrs_v1/main/6380021017957616097/00030.mp4,58,208,1.0680162906646729,0.4635263412394535
129,6,/home/nabizadz/Projects/Mahsa/datasets/lrs2/lrs2_v1/mvlrs_v1/main/6380036479839881698/00007.mp4,4,154,1.0710816383361816,0.5290810674761974
129,7,/home/nabizadz/Projects/Mahsa/datasets/lrs2/lrs2_v1/mvlrs_v1/main/6380036479839881698/00012.mp4,62,212,1.4497090578079224,0.8820560429741138
130,0,/home/nabizadz/Projects/Mahsa/datasets/lrs2/lrs2_v1/mvlrs_v1/main/6380036479839881698/00027.mp4,118,268,1.1632822751998901,0.6119850939539805
130,1,/home/nabizadz/Projects/Mahsa/datasets/lrs2/lrs2_v1/mvlrs_v1/main/6380036479839881698/00029.mp4,111,261,2.3378353118896484,0.9993146886438736
130,2,/home/nabizadz/Projects/Mahsa/datasets/lrs2/lrs2_v1/mvlrs_v1/main/6380036479839881698/00036.mp4,78,228,1.4941986799240112,0.8635794459609599
130,3,/home/nabizadz/Projects/Mahsa/datasets/lrs2/lrs2_v1/mvlrs_v1/main/6380036479839881698/00047.mp4,137,287,3.9916250705718994,0.9999999999999998
130,4,/home/nabizadz/Projects/Mahsa/datasets/lrs2/lrs2_v1/mvlrs_v1/main/6380036479839881698/00049.mp4,19,169,1.0627022981643677,0.3004475250197071
130,5,/home/nabizadz/Projects/Mahsa/datasets/lrs2/lrs2_v1/mvlrs_v1/main/6380280004355161382/00011.mp4,84,234,1.248044729232788,0.7479840446187893
130,6,/home/nabizadz/Projects/Mahsa/datasets/lrs2/lrs2_v1/mvlrs_v1/main/6380280004355161382/00018.mp4,16,166,1.0445606708526611,0.09600025703319517
130,7,/home/nabizadz/Projects/Mahsa/datasets/lrs2/lrs2_v1/mvlrs_v1/main/6380921672469118671/00002.mp4,42,192,1.0625555515289307,0.545949290967743
131,0,/home/nabizadz/Projects/Mahsa/datasets/lrs2/lrs2_v1/mvlrs_v1/main/6381381663466492945/00005.mp4,1,151,1.0446618795394897,0.4155886263556901
131,1,/home/nabizadz/Projects/Mahsa/datasets/lrs2/lrs2_v1/mvlrs_v1/main/6381381663466492945/00031.mp4,29,179,1.037700891494751,0.398466649818693
131,2,/home/nabizadz/Projects/Mahsa/datasets/lrs2/lrs2_v1/mvlrs_v1/main/6381381663466492945/00032.mp4,144,294,1.2456328868865967,0.5870710917197148
131,3,/home/nabizadz/Projects/Mahsa/datasets/lrs2/lrs2_v1/mvlrs_v1/main/6381395836858569746/00005.mp4,33,183,1.0407190322875977,0.36392662576672885
131,4,/home/nabizadz/Projects/Mahsa/datasets/lrs2/lrs2_v1/mvlrs_v1/main/6381395836858569746/00009.mp4,117,267,4.054849147796631,1.0
131,5,/home/nabizadz/Projects/Mahsa/datasets/lrs2/lrs2_v1/mvlrs_v1/main/6381766922032944158/00007.mp4,39,189,1.2423495054244995,0.5016588081404906
131,6,/home/nabizadz/Projects/Mahsa/datasets/lrs2/lrs2_v1/mvlrs_v1/main/6381766922032944158/00011.mp4,127,277,1.3238614797592163,0.6307493482033601
131,7,/home/nabizadz/Projects/Mahsa/datasets/lrs2/lrs2_v1/mvlrs_v1/main/6381766922032944158/00020.mp4,83,233,1.2008975744247437,0.6917027498788875
132,0,/home/nabizadz/Projects/Mahsa/datasets/lrs2/lrs2_v1/mvlrs_v1/main/6381853250875656673/00019.mp4,117,267,2.4323384761810303,0.995998423400407
132,1,/home/nabizadz/Projects/Mahsa/datasets/lrs2/lrs2_v1/mvlrs_v1/main/6381853250875656673/00027.mp4,98,248,1.7161448001861572,0.8884002795762742
132,2,/home/nabizadz/Projects/Mahsa/datasets/lrs2/lrs2_v1/mvlrs_v1/main/6382138007207318567/00010.mp4,81,231,1.1566492319107056,0.4028401793224843
132,3,/home/nabizadz/Projects/Mahsa/datasets/lrs2/lrs2_v1/mvlrs_v1/main/6382189546814897943/00006.mp4,116,266,1.81611967086792,0.9719056994315863
132,4,/home/nabizadz/Projects/Mahsa/datasets/lrs2/lrs2_v1/mvlrs_v1/main/6382189546814897943/00013.mp4,44,194,1.1419708728790283,0.5024007797000707
132,5,/home/nabizadz/Projects/Mahsa/datasets/lrs2/lrs2_v1/mvlrs_v1/main/6382189546814897943/00014.mp4,63,213,1.8590881824493408,0.9978608092338281
132,6,/home/nabizadz/Projects/Mahsa/datasets/lrs2/lrs2_v1/mvlrs_v1/main/6382189546814897943/00018.mp4,105,255,1.1704187393188477,0.591279437654429
132,7,/home/nabizadz/Projects/Mahsa/datasets/lrs2/lrs2_v1/mvlrs_v1/main/6382189546814897943/00019.mp4,74,224,1.4935088157653809,0.5916143765817434
133,0,/home/nabizadz/Projects/Mahsa/datasets/lrs2/lrs2_v1/mvlrs_v1/main/6382232067121597643/00009.mp4,125,275,3.9633395671844482,0.9999999999999997
133,1,/home/nabizadz/Projects/Mahsa/datasets/lrs2/lrs2_v1/mvlrs_v1/main/6382232067121597643/00013.mp4,34,184,1.1030893325805664,0.3522355647463045
133,2,/home/nabizadz/Projects/Mahsa/datasets/lrs2/lrs2_v1/mvlrs_v1/main/6382247528873432347/00016.mp4,144,294,4.121865272521973,0.9999999999999999
133,3,/home/nabizadz/Projects/Mahsa/datasets/lrs2/lrs2_v1/mvlrs_v1/main/6382247528873432347/00020.mp4,30,180,1.0892537832260132,0.37432363216749964
133,4,/home/nabizadz/Projects/Mahsa/datasets/lrs2/lrs2_v1/mvlrs_v1/main/6382189546814897943/00023.mp4,11,161,1.0459049940109253,0.22595998977092543
133,5,/home/nabizadz/Projects/Mahsa/datasets/lrs2/lrs2_v1/mvlrs_v1/main/6382189546814897943/00024.mp4,12,162,1.068567156791687,0.5295237178095242
133,6,/home/nabizadz/Projects/Mahsa/datasets/lrs2/lrs2_v1/mvlrs_v1/main/6382189546814897943/00026.mp4,1,151,1.033038854598999,0.21067380038733047
133,7,/home/nabizadz/Projects/Mahsa/datasets/lrs2/lrs2_v1/mvlrs_v1/main/6382189546814897943/00036.mp4,129,279,1.3823015689849854,0.6919132897927093
134,0,/home/nabizadz/Projects/Mahsa/datasets/lrs2/lrs2_v1/mvlrs_v1/main/6382506515401378320/00001.mp4,45,195,1.1009820699691772,0.6230041253359252
134,1,/home/nabizadz/Projects/Mahsa/datasets/lrs2/lrs2_v1/mvlrs_v1/main/6382595421224405529/00009.mp4,40,190,1.0844364166259766,0.46155434047345056
134,2,/home/nabizadz/Projects/Mahsa/datasets/lrs2/lrs2_v1/mvlrs_v1/main/6382595421224405529/00020.mp4,52,202,1.0967801809310913,0.47118253149296835
134,3,/home/nabizadz/Projects/Mahsa/datasets/lrs2/lrs2_v1/mvlrs_v1/main/6382618614178237455/00003.mp4,97,247,1.1818643808364868,0.5904371485004763
134,4,/home/nabizadz/Projects/Mahsa/datasets/lrs2/lrs2_v1/mvlrs_v1/main/6382618614178237455/00013.mp4,100,250,1.0780314207077026,0.3227045951807548
134,5,/home/nabizadz/Projects/Mahsa/datasets/lrs2/lrs2_v1/mvlrs_v1/main/6382618614178237455/00014.mp4,25,175,1.048697590827942,0.2778964583210115
134,6,/home/nabizadz/Projects/Mahsa/datasets/lrs2/lrs2_v1/mvlrs_v1/main/6382618614178237455/00017.mp4,70,220,1.1370518207550049,0.42070915025596756
134,7,/home/nabizadz/Projects/Mahsa/datasets/lrs2/lrs2_v1/mvlrs_v1/main/6382618614178237455/00020.mp4,79,229,1.1604856252670288,0.7295066240191714
135,0,/home/nabizadz/Projects/Mahsa/datasets/lrs2/lrs2_v1/mvlrs_v1/main/6382618614178237455/00024.mp4,148,298,3.6490767002105713,0.9967300376421775
135,1,/home/nabizadz/Projects/Mahsa/datasets/lrs2/lrs2_v1/mvlrs_v1/main/6382618614178237455/00026.mp4,108,258,1.2394611835479736,0.6745321638450773
135,2,/home/nabizadz/Projects/Mahsa/datasets/lrs2/lrs2_v1/mvlrs_v1/main/6382618614178237455/00029.mp4,31,181,1.413644552230835,0.5965011525541856
135,3,/home/nabizadz/Projects/Mahsa/datasets/lrs2/lrs2_v1/mvlrs_v1/main/6382618614178237455/00033.mp4,27,177,1.0422406196594238,0.3056176295332607
135,4,/home/nabizadz/Projects/Mahsa/datasets/lrs2/lrs2_v1/mvlrs_v1/main/6382618614178237455/00035.mp4,70,220,1.5632835626602173,0.8580554988912966
135,5,/home/nabizadz/Projects/Mahsa/datasets/lrs2/lrs2_v1/mvlrs_v1/main/6382618614178237455/00036.mp4,6,156,1.0770314931869507,0.6059133877115821
135,6,/home/nabizadz/Projects/Mahsa/datasets/lrs2/lrs2_v1/mvlrs_v1/main/6382618614178237455/00037.mp4,50,200,1.175695776939392,0.9303063639033226
135,7,/home/nabizadz/Projects/Mahsa/datasets/lrs2/lrs2_v1/mvlrs_v1/main/6382618614178237455/00045.mp4,92,242,1.328209400177002,0.8293806665461508
136,0,/home/nabizadz/Projects/Mahsa/datasets/lrs2/lrs2_v1/mvlrs_v1/main/6382866004163990600/00003.mp4,33,183,1.0615262985229492,0.4112602542173875
136,1,/home/nabizadz/Projects/Mahsa/datasets/lrs2/lrs2_v1/mvlrs_v1/main/6382877600575782419/00001.mp4,64,214,1.078912377357483,0.6221760067666448
136,2,/home/nabizadz/Projects/Mahsa/datasets/lrs2/lrs2_v1/mvlrs_v1/main/6382880177556067401/00003.mp4,136,286,4.090700149536133,0.9999999999999999
136,3,/home/nabizadz/Projects/Mahsa/datasets/lrs2/lrs2_v1/mvlrs_v1/main/6382880177556067401/00006.mp4,75,225,1.5679640769958496,0.7760654051469122
136,4,/home/nabizadz/Projects/Mahsa/datasets/lrs2/lrs2_v1/mvlrs_v1/main/6382880177556067401/00009.mp4,84,234,1.137844204902649,0.5920821852353177
136,5,/home/nabizadz/Projects/Mahsa/datasets/lrs2/lrs2_v1/mvlrs_v1/main/6382880177556067401/00014.mp4,105,255,1.305647373199463,0.821675727650352
136,6,/home/nabizadz/Projects/Mahsa/datasets/lrs2/lrs2_v1/mvlrs_v1/main/6382880177556067401/00020.mp4,107,257,1.0325074195861816,0.4661367091894528
136,7,/home/nabizadz/Projects/Mahsa/datasets/lrs2/lrs2_v1/mvlrs_v1/main/6382931717163617970/00008.mp4,1,151,1.0841859579086304,0.15957530536472292
137,0,/home/nabizadz/Projects/Mahsa/datasets/lrs2/lrs2_v1/mvlrs_v1/main/6382931717163617970/00017.mp4,124,274,1.9149730205535889,0.8109841522634106
137,1,/home/nabizadz/Projects/Mahsa/datasets/lrs2/lrs2_v1/mvlrs_v1/main/6382931717163617970/00025.mp4,95,245,1.6382808685302734,0.8681390138150022
137,2,/home/nabizadz/Projects/Mahsa/datasets/lrs2/lrs2_v1/mvlrs_v1/main/6382974237339848372/00005.mp4,71,221,2.801774501800537,0.998956604717841
137,3,/home/nabizadz/Projects/Mahsa/datasets/lrs2/lrs2_v1/mvlrs_v1/main/6383596578101103163/00010.mp4,3,153,1.1156684160232544,0.6443875923451396
137,4,/home/nabizadz/Projects/Mahsa/datasets/lrs2/lrs2_v1/mvlrs_v1/main/6383716407688597209/00001.mp4,26,176,1.08265221118927,0.3620601118167235
137,5,/home/nabizadz/Projects/Mahsa/datasets/lrs2/lrs2_v1/mvlrs_v1/main/6383716407688597209/00006.mp4,32,182,1.038453459739685,0.2848382925935348
137,6,/home/nabizadz/Projects/Mahsa/datasets/lrs2/lrs2_v1/mvlrs_v1/main/6383716407688597209/00011.mp4,41,191,1.0973504781723022,0.3700667744098765
137,7,/home/nabizadz/Projects/Mahsa/datasets/lrs2/lrs2_v1/mvlrs_v1/main/6383716407688597209/00018.mp4,97,247,3.0664007663726807,0.9878732831418008
138,0,/home/nabizadz/Projects/Mahsa/datasets/lrs2/lrs2_v1/mvlrs_v1/main/6383716407688597209/00020.mp4,57,207,1.5265283584594727,0.8690444971308984
138,1,/home/nabizadz/Projects/Mahsa/datasets/lrs2/lrs2_v1/mvlrs_v1/main/6383716407688597209/00024.mp4,141,291,2.7600510120391846,0.9655451464931782
138,2,/home/nabizadz/Projects/Mahsa/datasets/lrs2/lrs2_v1/mvlrs_v1/main/6383716407688597209/00025.mp4,19,169,1.0744526386260986,0.3487645200877093
138,3,/home/nabizadz/Projects/Mahsa/datasets/lrs2/lrs2_v1/mvlrs_v1/main/6383716407688597209/00035.mp4,8,158,1.3697959184646606,0.5924179867098283
138,4,/home/nabizadz/Projects/Mahsa/datasets/lrs2/lrs2_v1/mvlrs_v1/main/6383716407688597209/00036.mp4,76,226,1.2105439901351929,0.5230473013253333
138,5,/home/nabizadz/Projects/Mahsa/datasets/lrs2/lrs2_v1/mvlrs_v1/main/6383990856098877828/00004.mp4,127,277,3.2625794410705566,0.9995166025841794
138,6,/home/nabizadz/Projects/Mahsa/datasets/lrs2/lrs2_v1/mvlrs_v1/main/6383990856098877828/00005.mp4,20,170,1.0543828010559082,0.30629186161560834
138,7,/home/nabizadz/Projects/Mahsa/datasets/lrs2/lrs2_v1/mvlrs_v1/main/6383993433079191521/00008.mp4,25,175,1.1178512573242188,0.2802157461796954
139,0,/home/nabizadz/Projects/Mahsa/datasets/lrs2/lrs2_v1/mvlrs_v1/main/6384102954745239874/00014.mp4,85,235,1.6010489463806152,0.8369198919858029
139,1,/home/nabizadz/Projects/Mahsa/datasets/lrs2/lrs2_v1/mvlrs_v1/main/6384102954745239874/00019.mp4,105,255,1.9323654174804688,0.9448883460722783
139,2,/home/nabizadz/Projects/Mahsa/datasets/lrs2/lrs2_v1/mvlrs_v1/main/6384361941273252259/00010.mp4,97,247,2.0878875255584717,0.9918714514439755
139,3,/home/nabizadz/Projects/Mahsa/datasets/lrs2/lrs2_v1/mvlrs_v1/main/6384361941273252259/00012.mp4,39,189,1.2327407598495483,0.6066444696747963
139,4,/home/nabizadz/Projects/Mahsa/datasets/lrs2/lrs2_v1/mvlrs_v1/main/6384044972686741229/00003.mp4,56,206,1.1533201932907104,0.45970528170499403
139,5,/home/nabizadz/Projects/Mahsa/datasets/lrs2/lrs2_v1/mvlrs_v1/main/6384044972686741229/00013.mp4,134,284,1.3575373888015747,0.7159338002237111
139,6,/home/nabizadz/Projects/Mahsa/datasets/lrs2/lrs2_v1/mvlrs_v1/main/6384044972686741229/00035.mp4,15,165,1.2042216062545776,0.575862227695714
139,7,/home/nabizadz/Projects/Mahsa/datasets/lrs2/lrs2_v1/mvlrs_v1/main/6384102954745239874/00007.mp4,144,294,4.129278659820557,1.0
140,0,/home/nabizadz/Projects/Mahsa/datasets/lrs2/lrs2_v1/mvlrs_v1/main/6384364518253565937/00001.mp4,143,293,2.745706796646118,0.999967053665971
140,1,/home/nabizadz/Projects/Mahsa/datasets/lrs2/lrs2_v1/mvlrs_v1/main/6384364518253565937/00011.mp4,135,285,1.1751987934112549,0.6417243381873237
140,2,/home/nabizadz/Projects/Mahsa/datasets/lrs2/lrs2_v1/mvlrs_v1/main/6384364518253565937/00017.mp4,53,203,1.1372733116149902,0.7679373454046118
140,3,/home/nabizadz/Projects/Mahsa/datasets/lrs2/lrs2_v1/mvlrs_v1/main/6384787143035490080/00002.mp4,126,276,1.711303949356079,0.7222957689832058
140,4,/home/nabizadz/Projects/Mahsa/datasets/lrs2/lrs2_v1/mvlrs_v1/main/6384787143035490080/00008.mp4,83,233,1.3992910385131836,0.8209187159878826
140,5,/home/nabizadz/Projects/Mahsa/datasets/lrs2/lrs2_v1/mvlrs_v1/main/6384787143035490080/00011.mp4,119,269,2.446519136428833,0.999346200785895
140,6,/home/nabizadz/Projects/Mahsa/datasets/lrs2/lrs2_v1/mvlrs_v1/main/6384829663342218937/00003.mp4,135,285,2.6043059825897217,0.9997733589323332
140,7,/home/nabizadz/Projects/Mahsa/datasets/lrs2/lrs2_v1/mvlrs_v1/main/6384829663342218937/00011.mp4,13,163,1.1737467050552368,0.625810656360252
141,0,/home/nabizadz/Projects/Mahsa/datasets/lrs2/lrs2_v1/mvlrs_v1/main/6384829663342218937/00013.mp4,120,270,4.027593612670898,0.9999999999999997
141,1,/home/nabizadz/Projects/Mahsa/datasets/lrs2/lrs2_v1/mvlrs_v1/main/6384829663342218937/00026.mp4,17,167,1.028508186340332,0.30549463549854783
141,2,/home/nabizadz/Projects/Mahsa/datasets/lrs2/lrs2_v1/mvlrs_v1/main/6384829663342218937/00028.mp4,26,176,1.0431638956069946,0.2887025706503983
141,3,/home/nabizadz/Projects/Mahsa/datasets/lrs2/lrs2_v1/mvlrs_v1/main/6384829663342218937/00034.mp4,27,177,1.0834869146347046,0.3574927918414256
141,4,/home/nabizadz/Projects/Mahsa/datasets/lrs2/lrs2_v1/mvlrs_v1/main/6384829663342218937/00039.mp4,26,176,1.184264898300171,0.40468298109740003
141,5,/home/nabizadz/Projects/Mahsa/datasets/lrs2/lrs2_v1/mvlrs_v1/main/6385104111622001114/00002.mp4,150,300,4.254822731018066,1.0
141,6,/home/nabizadz/Projects/Mahsa/datasets/lrs2/lrs2_v1/mvlrs_v1/main/6385104111622001114/00007.mp4,102,252,1.1227811574935913,0.4766169216836668
141,7,/home/nabizadz/Projects/Mahsa/datasets/lrs2/lrs2_v1/mvlrs_v1/main/6385106688602316013/00004.mp4,26,176,1.0521738529205322,0.31180142567483193
142,0,/home/nabizadz/Projects/Mahsa/datasets/lrs2/lrs2_v1/mvlrs_v1/main/6385106688602316013/00005.mp4,54,204,1.2875546216964722,0.669850743150353
142,1,/home/nabizadz/Projects/Mahsa/datasets/lrs2/lrs2_v1/mvlrs_v1/main/6385106688602316013/00013.mp4,109,259,1.1390299797058105,0.5329292459823548
142,2,/home/nabizadz/Projects/Mahsa/datasets/lrs2/lrs2_v1/mvlrs_v1/main/6385106688602316013/00026.mp4,143,293,1.8746763467788696,0.9438651065152749
142,3,/home/nabizadz/Projects/Mahsa/datasets/lrs2/lrs2_v1/mvlrs_v1/main/6385106688602316013/00028.mp4,72,222,1.5623332262039185,0.9999999999999999
142,4,/home/nabizadz/Projects/Mahsa/datasets/lrs2/lrs2_v1/mvlrs_v1/main/6385106688602316013/00040.mp4,90,240,1.5154764652252197,0.9081609954019907
142,5,/home/nabizadz/Projects/Mahsa/datasets/lrs2/lrs2_v1/mvlrs_v1/main/6385106688602316013/00041.mp4,125,275,3.9146862030029297,0.9999999999999998
142,6,/home/nabizadz/Projects/Mahsa/datasets/lrs2/lrs2_v1/mvlrs_v1/main/6385158228209864505/00003.mp4,98,248,1.6653648614883423,0.9512828425305173
142,7,/home/nabizadz/Projects/Mahsa/datasets/lrs2/lrs2_v1/mvlrs_v1/main/6385158228209864505/00005.mp4,113,263,3.7812108993530273,0.9999999999999999
143,0,/home/nabizadz/Projects/Mahsa/datasets/lrs2/lrs2_v1/mvlrs_v1/main/6385158228209864505/00020.mp4,140,290,1.3210302591323853,0.7263320095615844
143,1,/home/nabizadz/Projects/Mahsa/datasets/lrs2/lrs2_v1/mvlrs_v1/main/6385158228209864505/00028.mp4,15,165,1.0745643377304077,0.2703694049998667
143,2,/home/nabizadz/Projects/Mahsa/datasets/lrs2/lrs2_v1/mvlrs_v1/main/6385158228209864505/00031.mp4,132,282,1.8652640581130981,0.8461822328683307
143,3,/home/nabizadz/Projects/Mahsa/datasets/lrs2/lrs2_v1/mvlrs_v1/main/6385216210398859008/00005.mp4,50,200,1.1485031843185425,0.6381076497536877
143,4,/home/nabizadz/Projects/Mahsa/datasets/lrs2/lrs2_v1/mvlrs_v1/main/6385216210398859008/00007.mp4,63,213,1.4709019660949707,0.7741940752404807
143,5,/home/nabizadz/Projects/Mahsa/datasets/lrs2/lrs2_v1/mvlrs_v1/main/6385216210398859008/00009.mp4,111,261,1.3941035270690918,0.5753580594851535
143,6,/home/nabizadz/Projects/Mahsa/datasets/lrs2/lrs2_v1/mvlrs_v1/main/6385475196796375542/00001.mp4,83,233,1.6569902896881104,0.9150139245236739
143,7,/home/nabizadz/Projects/Mahsa/datasets/lrs2/lrs2_v1/mvlrs_v1/main/6385571833560469334/00009.mp4,20,170,1.0980976819992065,0.41026616273292615
144,0,/home/nabizadz/Projects/Mahsa/datasets/lrs2/lrs2_v1/mvlrs_v1/main/6386314003909220420/00006.mp4,67,217,1.3593356609344482,0.7850369743427819
144,1,/home/nabizadz/Projects/Mahsa/datasets/lrs2/lrs2_v1/mvlrs_v1/main/6386588452319500723/00008.mp4,115,265,3.798182249069214,1.0
144,2,/home/nabizadz/Projects/Mahsa/datasets/lrs2/lrs2_v1/mvlrs_v1/main/6386588452319500723/00009.mp4,126,276,3.841259479522705,0.9999999999999997
144,3,/home/nabizadz/Projects/Mahsa/datasets/lrs2/lrs2_v1/mvlrs_v1/main/6386588452319500723/00014.mp4,34,184,1.2404907941818237,0.581347836135212
144,4,/home/nabizadz/Projects/Mahsa/datasets/lrs2/lrs2_v1/mvlrs_v1/main/6386700550965861901/00001.mp4,105,255,3.2206475734710693,0.9984372713015821
144,5,/home/nabizadz/Projects/Mahsa/datasets/lrs2/lrs2_v1/mvlrs_v1/main/6386700550965861901/00013.mp4,143,293,4.208735942840576,0.9999999999999999
144,6,/home/nabizadz/Projects/Mahsa/datasets/lrs2/lrs2_v1/mvlrs_v1/main/6386700550965861901/00019.mp4,41,191,1.618523120880127,0.5309360569400048
144,7,/home/nabizadz/Projects/Mahsa/datasets/lrs2/lrs2_v1/mvlrs_v1/main/6386700550965861901/00030.mp4,2,152,1.1594042778015137,0.15232293089057222
145,0,/home/nabizadz/Projects/Mahsa/datasets/lrs2/lrs2_v1/mvlrs_v1/main/6386959537493875163/00003.mp4,139,289,4.15911340713501,0.9999999999999996
145,1,/home/nabizadz/Projects/Mahsa/datasets/lrs2/lrs2_v1/mvlrs_v1/main/6386959537493875163/00004.mp4,129,279,2.2276482582092285,0.9901678965325749
145,2,/home/nabizadz/Projects/Mahsa/datasets/lrs2/lrs2_v1/mvlrs_v1/main/6386959537493875163/00006.mp4,50,200,1.044276237487793,0.47489795484298436
145,3,/home/nabizadz/Projects/Mahsa/datasets/lrs2/lrs2_v1/mvlrs_v1/main/6386959537493875163/00014.mp4,31,181,1.0506521463394165,0.31145056114497216
145,4,/home/nabizadz/Projects/Mahsa/datasets/lrs2/lrs2_v1/mvlrs_v1/main/6387319026256487668/00008.mp4,115,265,3.8745250701904297,0.9999999999999998
145,5,/home/nabizadz/Projects/Mahsa/datasets/lrs2/lrs2_v1/mvlrs_v1/main/6387319026256487668/00016.mp4,115,265,3.0192716121673584,0.9999492258671151
145,6,/home/nabizadz/Projects/Mahsa/datasets/lrs2/lrs2_v1/mvlrs_v1/main/6387330622668248413/00008.mp4,9,159,1.062986135482788,0.3035666068820424
145,7,/home/nabizadz/Projects/Mahsa/datasets/lrs2/lrs2_v1/mvlrs_v1/main/6387701707842623991/00004.mp4,103,253,1.68715238571167,0.8230875822150515
146,0,/home/nabizadz/Projects/Mahsa/datasets/lrs2/lrs2_v1/mvlrs_v1/main/6387701707842623991/00010.mp4,48,198,1.058144211769104,0.2811085004859623
146,1,/home/nabizadz/Projects/Mahsa/datasets/lrs2/lrs2_v1/mvlrs_v1/main/6387705573313124513/00008.mp4,128,278,1.8871986865997314,0.902650985348966
146,2,/home/nabizadz/Projects/Mahsa/datasets/lrs2/lrs2_v1/mvlrs_v1/main/6387705573313124513/00019.mp4,142,292,4.07061243057251,0.9999999999999998
146,3,/home/nabizadz/Projects/Mahsa/datasets/lrs2/lrs2_v1/mvlrs_v1/main/6387755824430487717/00016.mp4,31,181,1.076324701309204,0.15878963622945177
146,4,/home/nabizadz/Projects/Mahsa/datasets/lrs2/lrs2_v1/mvlrs_v1/main/6388072793016998420/00001.mp4,147,297,4.320077896118164,1.0
146,5,/home/nabizadz/Projects/Mahsa/datasets/lrs2/lrs2_v1/mvlrs_v1/main/6388072793016998420/00005.mp4,8,158,1.0892462730407715,0.19659913939859952
146,6,/home/nabizadz/Projects/Mahsa/datasets/lrs2/lrs2_v1/mvlrs_v1/main/6388072793016998420/00007.mp4,82,232,1.2120131254196167,0.7126191099296241
146,7,/home/nabizadz/Projects/Mahsa/datasets/lrs2/lrs2_v1/mvlrs_v1/main/6388072793016998420/00013.mp4,15,165,1.0595386028289795,0.35273860385929096
147,0,/home/nabizadz/Projects/Mahsa/datasets/lrs2/lrs2_v1/mvlrs_v1/main/6388076658487498938/00016.mp4,9,159,1.1078715324401855,0.14774781757671257
147,1,/home/nabizadz/Projects/Mahsa/datasets/lrs2/lrs2_v1/mvlrs_v1/main/6388076658487498938/00021.mp4,132,282,3.17571759223938,0.9999999999999998
147,2,/home/nabizadz/Projects/Mahsa/datasets/lrs2/lrs2_v1/mvlrs_v1/main/6388126909604862142/00007.mp4,85,235,1.3259810209274292,0.6754612750831466
147,3,/home/nabizadz/Projects/Mahsa/datasets/lrs2/lrs2_v1/mvlrs_v1/main/6388126909604862142/00013.mp4,35,185,1.1323792934417725,0.4106702335192606
147,4,/home/nabizadz/Projects/Mahsa/datasets/lrs2/lrs2_v1/mvlrs_v1/main/6388126909604862142/00020.mp4,38,188,1.1943156719207764,0.6033330795901313
147,5,/home/nabizadz/Projects/Mahsa/datasets/lrs2/lrs2_v1/mvlrs_v1/main/6388126909604862142/00022.mp4,140,290,4.07330846786499,1.0
147,6,/home/nabizadz/Projects/Mahsa/datasets/lrs2/lrs2_v1/mvlrs_v1/main/6388126909604862142/00032.mp4,116,266,1.2192524671554565,0.5677654101891415
147,7,/home/nabizadz/Projects/Mahsa/datasets/lrs2/lrs2_v1/mvlrs_v1/main/6388126909604862142/00033.mp4,79,229,1.1889349222183228,0.4905936604665238
148,0,/home/nabizadz/Projects/Mahsa/datasets/lrs2/lrs2_v1/mvlrs_v1/main/6388126909604862142/00035.mp4,94,244,2.2385051250457764,0.995359047978464
148,1,/home/nabizadz/Projects/Mahsa/datasets/lrs2/lrs2_v1/mvlrs_v1/main/6388126909604862142/00038.mp4,57,207,1.0924015045166016,0.3544704790073045
148,2,/home/nabizadz/Projects/Mahsa/datasets/lrs2/lrs2_v1/mvlrs_v1/main/6388726057542659435/00015.mp4,132,282,1.8785810470581055,0.9388071318739547
148,3,/home/nabizadz/Projects/Mahsa/datasets/lrs2/lrs2_v1/mvlrs_v1/main/6388726057542659435/00028.mp4,11,161,1.0408858060836792,0.28717304041350367
148,4,/home/nabizadz/Projects/Mahsa/datasets/lrs2/lrs2_v1/mvlrs_v1/main/6388772443189516866/00002.mp4,105,255,1.6326351165771484,0.8526658361871225
148,5,/home/nabizadz/Projects/Mahsa/datasets/lrs2/lrs2_v1/mvlrs_v1/main/6388911600129842790/00013.mp4,113,263,1.4233741760253906,0.7653722165977485
148,6,/home/nabizadz/Projects/Mahsa/datasets/lrs2/lrs2_v1/mvlrs_v1/main/6389545537302735360/00003.mp4,73,223,1.0971133708953857,0.5127190778111712
148,7,/home/nabizadz/Projects/Mahsa/datasets/lrs2/lrs2_v1/mvlrs_v1/main/6389599653890730492/00015.mp4,120,270,1.3821625709533691,0.6481080953543742
149,0,/home/nabizadz/Projects/Mahsa/datasets/lrs2/lrs2_v1/mvlrs_v1/main/6389599653890730492/00017.mp4,136,286,2.556436061859131,1.0
149,1,/home/nabizadz/Projects/Mahsa/datasets/lrs2/lrs2_v1/mvlrs_v1/main/6389599653890730492/00020.mp4,120,270,3.9171485900878906,1.0
149,2,/home/nabizadz/Projects/Mahsa/datasets/lrs2/lrs2_v1/mvlrs_v1/main/6389599653890730492/00030.mp4,84,234,1.1716527938842773,0.6218576667999139
149,3,/home/nabizadz/Projects/Mahsa/datasets/lrs2/lrs2_v1/mvlrs_v1/main/6389599653890730492/00034.mp4,49,199,1.08712899684906,0.4254860024558313
149,4,/home/nabizadz/Projects/Mahsa/datasets/lrs2/lrs2_v1/mvlrs_v1/main/6389599653890730492/00036.mp4,86,236,2.1487836837768555,0.9947491074591266
149,5,/home/nabizadz/Projects/Mahsa/datasets/lrs2/lrs2_v1/mvlrs_v1/main/6389599653890730492/00051.mp4,69,219,1.1009092330932617,0.38566292353761106
149,6,/home/nabizadz/Projects/Mahsa/datasets/lrs2/lrs2_v1/mvlrs_v1/main/6389684694243125765/00017.mp4,111,261,1.6896463632583618,0.8584575487605846
149,7,/home/nabizadz/Projects/Mahsa/datasets/lrs2/lrs2_v1/mvlrs_v1/main/6389933372849561261/00002.mp4,131,281,4.063968658447266,0.9999999999999999
150,0,/home/nabizadz/Projects/Mahsa/datasets/lrs2/lrs2_v1/mvlrs_v1/main/6389970739065104229/00029.mp4,37,187,1.163814902305603,0.33031174176914535
150,1,/home/nabizadz/Projects/Mahsa/datasets/lrs2/lrs2_v1/mvlrs_v1/main/6390299304063246834/00003.mp4,146,296,4.245052814483643,0.9999999999999998
150,2,/home/nabizadz/Projects/Mahsa/datasets/lrs2/lrs2_v1/mvlrs_v1/main/6390301881043558087/00005.mp4,69,219,1.3015714883804321,0.7810762522950501
150,3,/home/nabizadz/Projects/Mahsa/datasets/lrs2/lrs2_v1/mvlrs_v1/main/6390301881043558087/00009.mp4,76,226,1.4484833478927612,0.876345997755183
150,4,/home/nabizadz/Projects/Mahsa/datasets/lrs2/lrs2_v1/mvlrs_v1/main/6389933372849561261/00016.mp4,99,249,1.3441884517669678,0.7566788829541599
150,5,/home/nabizadz/Projects/Mahsa/datasets/lrs2/lrs2_v1/mvlrs_v1/main/6389933372849561261/00020.mp4,64,214,1.3491089344024658,0.8396470411498812
150,6,/home/nabizadz/Projects/Mahsa/datasets/lrs2/lrs2_v1/mvlrs_v1/main/6389933372849561261/00027.mp4,148,298,4.218570709228516,1.0
150,7,/home/nabizadz/Projects/Mahsa/datasets/lrs2/lrs2_v1/mvlrs_v1/main/6389933372849561261/00028.mp4,6,156,1.1194608211517334,0.5972205103924517
151,0,/home/nabizadz/Projects/Mahsa/datasets/lrs2/lrs2_v1/mvlrs_v1/main/6390301881043558087/00023.mp4,49,199,1.092409372329712,0.5334101552016122
151,1,/home/nabizadz/Projects/Mahsa/datasets/lrs2/lrs2_v1/mvlrs_v1/main/6390301881043558087/00025.mp4,39,189,1.0625083446502686,0.44126757418756996
151,2,/home/nabizadz/Projects/Mahsa/datasets/lrs2/lrs2_v1/mvlrs_v1/main/6390670389237621263/00005.mp4,117,267,1.1359927654266357,0.6412654776827128
151,3,/home/nabizadz/Projects/Mahsa/datasets/lrs2/lrs2_v1/mvlrs_v1/main/6390670389237621263/00007.mp4,9,159,1.1666711568832397,0.1443877208081732
151,4,/home/nabizadz/Projects/Mahsa/datasets/lrs2/lrs2_v1/mvlrs_v1/main/6390670389237621263/00012.mp4,129,279,1.4840220212936401,0.7645657666002654
151,5,/home/nabizadz/Projects/Mahsa/datasets/lrs2/lrs2_v1/mvlrs_v1/main/6390672966217932513/00002.mp4,55,205,1.149241328239441,0.6092297205545543
151,6,/home/nabizadz/Projects/Mahsa/datasets/lrs2/lrs2_v1/mvlrs_v1/main/6390672966217932513/00050.mp4,104,254,1.260669231414795,0.7515116283179806
151,7,/home/nabizadz/Projects/Mahsa/datasets/lrs2/lrs2_v1/mvlrs_v1/main/6390672966217932513/00052.mp4,71,221,1.07381010055542,0.4358258895375411
152,0,/home/nabizadz/Projects/Mahsa/datasets/lrs2/lrs2_v1/mvlrs_v1/main/6390672966217932513/00055.mp4,123,273,3.961446523666382,0.9999999999999997
152,1,/home/nabizadz/Projects/Mahsa/datasets/lrs2/lrs2_v1/mvlrs_v1/main/6390672966217932513/00056.mp4,128,278,1.2023988962173462,0.7609055298497267
152,2,/home/nabizadz/Projects/Mahsa/datasets/lrs2/lrs2_v1/mvlrs_v1/main/6390767026001714921/00009.mp4,71,221,3.3174991607666016,0.9999033731702015
152,3,/home/nabizadz/Projects/Mahsa/datasets/lrs2/lrs2_v1/mvlrs_v1/main/6391420290527506887/00001.mp4,83,233,1.1830952167510986,0.5158395218615965
152,4,/home/nabizadz/Projects/Mahsa/datasets/lrs2/lrs2_v1/mvlrs_v1/main/6391420290527506887/00023.mp4,81,231,1.1805026531219482,0.4547652806264613
152,5,/home/nabizadz/Projects/Mahsa/datasets/lrs2/lrs2_v1/mvlrs_v1/main/6391420290527506887/00024.mp4,126,276,2.162541389465332,0.9960428413141988
152,6,/home/nabizadz/Projects/Mahsa/datasets/lrs2/lrs2_v1/mvlrs_v1/main/6391420290527506887/00036.mp4,26,176,1.1194730997085571,0.29220148474525615
152,7,/home/nabizadz/Projects/Mahsa/datasets/lrs2/lrs2_v1/mvlrs_v1/main/6391783644760745881/00012.mp4,10,160,1.1188071966171265,0.3145034638117932
153,0,/home/nabizadz/Projects/Mahsa/datasets/lrs2/lrs2_v1/mvlrs_v1/main/6392282290463747809/00018.mp4,119,269,2.2857141494750977,0.9750389958083657
153,1,/home/nabizadz/Projects/Mahsa/datasets/lrs2/lrs2_v1/mvlrs_v1/main/6392282290463747809/00025.mp4,4,154,1.1233443021774292,0.14866174749702207
153,2,/home/nabizadz/Projects/Mahsa/datasets/lrs2/lrs2_v1/mvlrs_v1/main/6392525815109495392/00001.mp4,55,205,1.1501415967941284,0.5696209683825798
153,3,/home/nabizadz/Projects/Mahsa/datasets/lrs2/lrs2_v1/mvlrs_v1/main/6392525815109495392/00004.mp4,104,254,3.8589093685150146,0.9999999999999998
153,4,/home/nabizadz/Projects/Mahsa/datasets/lrs2/lrs2_v1/mvlrs_v1/main/6392197250111351363/00002.mp4,61,211,1.1053074598312378,0.41656563777028477
153,5,/home/nabizadz/Projects/Mahsa/datasets/lrs2/lrs2_v1/mvlrs_v1/main/6392197250111351363/00010.mp4,34,184,1.1518911123275757,0.428126054119014
153,6,/home/nabizadz/Projects/Mahsa/datasets/lrs2/lrs2_v1/mvlrs_v1/main/6392197250111351363/00024.mp4,28,178,1.407636284828186,0.49705991705359504
153,7,/home/nabizadz/Projects/Mahsa/datasets/lrs2/lrs2_v1/mvlrs_v1/main/6392282290463747809/00003.mp4,12,162,1.0725810527801514,0.27883931033666554
154,0,/home/nabizadz/Projects/Mahsa/datasets/lrs2/lrs2_v1/mvlrs_v1/main/6392525815109495392/00008.mp4,73,223,1.0974870920181274,0.5692891828813056
154,1,/home/nabizadz/Projects/Mahsa/datasets/lrs2/lrs2_v1/mvlrs_v1/main/6392525815109495392/00010.mp4,67,217,1.3237361907958984,0.7095945125925878
154,2,/home/nabizadz/Projects/Mahsa/datasets/lrs2/lrs2_v1/mvlrs_v1/main/6392525815109495392/00011.mp4,39,189,1.0418784618377686,0.3853821998114754
154,3,/home/nabizadz/Projects/Mahsa/datasets/lrs2/lrs2_v1/mvlrs_v1/main/6392568335285725796/00003.mp4,18,168,1.0569729804992676,0.1652200070785509
154,4,/home/nabizadz/Projects/Mahsa/datasets/lrs2/lrs2_v1/mvlrs_v1/main/6392568335285725796/00011.mp4,139,289,1.3899343013763428,0.7148911410010091
154,5,/home/nabizadz/Projects/Mahsa/datasets/lrs2/lrs2_v1/mvlrs_v1/main/6392568335285725796/00013.mp4,39,189,1.1345778703689575,0.4459036750407795
154,6,/home/nabizadz/Projects/Mahsa/datasets/lrs2/lrs2_v1/mvlrs_v1/main/6392568335285725796/00016.mp4,13,163,1.3124620914459229,0.5795268324107559
154,7,/home/nabizadz/Projects/Mahsa/datasets/lrs2/lrs2_v1/mvlrs_v1/main/6392568335285725796/00017.mp4,149,299,2.041016101837158,0.8491223257875598
155,0,/home/nabizadz/Projects/Mahsa/datasets/lrs2/lrs2_v1/mvlrs_v1/main/6392896900283869820/00003.mp4,148,298,4.154890060424805,0.9999999999999998
155,1,/home/nabizadz/Projects/Mahsa/datasets/lrs2/lrs2_v1/mvlrs_v1/main/6393267985458244248/00006.mp4,90,240,1.7993242740631104,0.9282769317051807
155,2,/home/nabizadz/Projects/Mahsa/datasets/lrs2/lrs2_v1/mvlrs_v1/main/6393267985458244248/00017.mp4,78,228,2.5413219928741455,0.9860093992762601
