batch_idx,sample_in_batch,video_path,gap_start_frame,gap_end_frame,pesq,stoi
0,0,/home/nabizadz/Projects/Mahsa/datasets/grid/test/s33/brbd3a.mpg,278,294,4.2086334228515625,0.9274992724569916
0,1,/home/nabizadz/Projects/Mahsa/datasets/grid/test/s33/lrbh8n.mpg,213,229,4.258424282073975,0.9222769670936252
0,2,/home/nabizadz/Projects/Mahsa/datasets/grid/test/s33/srak9a.mpg,221,237,3.906209707260132,0.8601757857462835
0,3,/home/nabizadz/Projects/Mahsa/datasets/grid/test/s33/srbl3a.mpg,190,206,4.331302165985107,0.9863897111512256
0,4,/home/nabizadz/Projects/Mahsa/datasets/grid/test/s33/sgil5s.mpg,193,209,4.447202682495117,0.96316087381385
0,5,/home/nabizadz/Projects/Mahsa/datasets/grid/test/s33/sgas2n.mpg,33,49,2.4489848613739014,0.9631560421247524
0,6,/home/nabizadz/Projects/Mahsa/datasets/grid/test/s33/swwf9a.mpg,251,267,4.286380767822266,0.8984896559005052
0,7,/home/nabizadz/Projects/Mahsa/datasets/grid/test/s33/bgak2n.mpg,147,163,3.7697768211364746,0.9659532950074551
0,8,/home/nabizadz/Projects/Mahsa/datasets/grid/test/s33/sbix5s.mpg,223,239,4.469903469085693,0.9174951890619651
0,9,/home/nabizadz/Projects/Mahsa/datasets/grid/test/s33/bgij8n.mpg,230,246,4.2907395362854,0.907137286559389
0,10,/home/nabizadz/Projects/Mahsa/datasets/grid/test/s33/lrbh9s.mpg,133,149,3.460740804672241,0.9832533831615602
0,11,/home/nabizadz/Projects/Mahsa/datasets/grid/test/s33/sbix7a.mpg,254,270,4.266902446746826,0.9506766714431254
0,12,/home/nabizadz/Projects/Mahsa/datasets/grid/test/s33/lbaa5s.mpg,101,117,3.6797149181365967,0.9677261051607394
0,13,/home/nabizadz/Projects/Mahsa/datasets/grid/test/s33/bbio4n.mpg,14,30,4.245267868041992,0.9999523865868519
0,14,/home/nabizadz/Projects/Mahsa/datasets/grid/test/s33/lgbxzp.mpg,190,206,4.288829326629639,0.990114720100617
0,15,/home/nabizadz/Projects/Mahsa/datasets/grid/test/s33/pgbbzn.mpg,193,209,4.293389320373535,0.9692788252447085
1,0,/home/nabizadz/Projects/Mahsa/datasets/grid/test/s33/lrwi2n.mpg,208,224,4.272016525268555,0.9713127259816455
1,1,/home/nabizadz/Projects/Mahsa/datasets/grid/test/s33/lwwv9a.mpg,284,300,4.402774810791016,0.9863212894854888
1,2,/home/nabizadz/Projects/Mahsa/datasets/grid/test/s33/bbwx1s.mpg,265,281,4.3322343826293945,0.9554131468733159
1,3,/home/nabizadz/Projects/Mahsa/datasets/grid/test/s33/pwwa8n.mpg,84,100,3.7755396366119385,0.9652465532980667
1,4,/home/nabizadz/Projects/Mahsa/datasets/grid/test/s33/bgby4n.mpg,277,293,4.181436538696289,0.9709101593894786
1,5,/home/nabizadz/Projects/Mahsa/datasets/grid/test/s33/sgwa1a.mpg,60,76,3.257782459259033,0.9612676592361635
1,6,/home/nabizadz/Projects/Mahsa/datasets/grid/test/s33/prif5s.mpg,216,232,4.306342601776123,0.9688447695397701
1,7,/home/nabizadz/Projects/Mahsa/datasets/grid/test/s33/sbby3s.mpg,240,256,4.293878555297852,0.8849020224713551
1,8,/home/nabizadz/Projects/Mahsa/datasets/grid/test/s33/lwih9a.mpg,66,82,3.4242565631866455,0.9764742528036673
1,9,/home/nabizadz/Projects/Mahsa/datasets/grid/test/s33/lgai9a.mpg,156,172,4.2812957763671875,0.9918049831265295
1,10,/home/nabizadz/Projects/Mahsa/datasets/grid/test/s33/lgbj1s.mpg,268,284,4.452115058898926,0.9540611659042787
1,11,/home/nabizadz/Projects/Mahsa/datasets/grid/test/s33/lrwi3s.mpg,40,56,3.4728245735168457,0.9594258819453928
1,12,/home/nabizadz/Projects/Mahsa/datasets/grid/test/s33/lbbh5a.mpg,234,250,4.277563571929932,0.9052704799436168
1,13,/home/nabizadz/Projects/Mahsa/datasets/grid/test/s33/lgbc9a.mpg,142,158,3.6427066326141357,0.9519444436060202
1,14,/home/nabizadz/Projects/Mahsa/datasets/grid/test/s33/lwaizn.mpg,241,257,4.280117511749268,0.8403293544444328
1,15,/home/nabizadz/Projects/Mahsa/datasets/grid/test/s33/pwwuzn.mpg,236,252,4.518436431884766,0.9338920905398511
2,0,/home/nabizadz/Projects/Mahsa/datasets/grid/test/s33/swal5a.mpg,268,284,4.4630022048950195,0.9734374342692503
2,1,/home/nabizadz/Projects/Mahsa/datasets/grid/test/s33/sriyzn.mpg,98,114,1.9497215747833252,0.9520215009569456
2,2,/home/nabizadz/Projects/Mahsa/datasets/grid/test/s33/lbaa4n.mpg,35,51,2.520312786102295,0.9620243680489181
2,3,/home/nabizadz/Projects/Mahsa/datasets/grid/test/s33/lrwo6n.mpg,141,157,3.7548234462738037,0.9678972444802674
2,4,/home/nabizadz/Projects/Mahsa/datasets/grid/test/s33/lwbc3a.mpg,12,28,4.1622700691223145,0.9977669225491138
2,5,/home/nabizadz/Projects/Mahsa/datasets/grid/test/s33/brap4n.mpg,150,166,4.317969799041748,0.9854642186241293
2,6,/home/nabizadz/Projects/Mahsa/datasets/grid/test/s33/sgbf9s.mpg,113,129,3.04437255859375,0.9743266877361317
2,7,/home/nabizadz/Projects/Mahsa/datasets/grid/test/s33/lrwv1s.mpg,265,281,4.289830207824707,0.9513511852070281
2,8,/home/nabizadz/Projects/Mahsa/datasets/grid/test/s33/pras6n.mpg,50,66,2.8966574668884277,0.9685427057269742
2,9,/home/nabizadz/Projects/Mahsa/datasets/grid/test/s33/sgwazp.mpg,171,187,3.920215606689453,0.947233461311853
2,10,/home/nabizadz/Projects/Mahsa/datasets/grid/test/s33/bbaczn.mpg,17,33,3.65639328956604,0.9981041445077986
2,11,/home/nabizadz/Projects/Mahsa/datasets/grid/test/s33/prwt6p.mpg,175,191,3.1612424850463867,0.940881997194245
2,12,/home/nabizadz/Projects/Mahsa/datasets/grid/test/s33/pgin1s.mpg,15,31,4.2121195793151855,0.9990839780962422
2,13,/home/nabizadz/Projects/Mahsa/datasets/grid/test/s33/bbib8p.mpg,4,20,4.359272480010986,0.9999740284900495
2,14,/home/nabizadz/Projects/Mahsa/datasets/grid/test/s33/bwbk2p.mpg,276,292,4.3081583976745605,0.9862302661727241
2,15,/home/nabizadz/Projects/Mahsa/datasets/grid/test/s33/pbbf8p.mpg,167,183,3.6868226528167725,0.9539619337556067
3,0,/home/nabizadz/Projects/Mahsa/datasets/grid/test/s33/bwwrzp.mpg,248,264,4.152073383331299,0.8610381433345219
3,1,/home/nabizadz/Projects/Mahsa/datasets/grid/test/s33/bwwe2p.mpg,184,200,4.3073296546936035,0.9364481338673357
3,2,/home/nabizadz/Projects/Mahsa/datasets/grid/test/s33/pwim6p.mpg,217,233,4.439542770385742,0.9245720926495186
3,3,/home/nabizadz/Projects/Mahsa/datasets/grid/test/s33/lwbv3s.mpg,214,230,1.7022747993469238,0.7618605394957575
3,4,/home/nabizadz/Projects/Mahsa/datasets/grid/test/s33/swbf2n.mpg,86,102,2.9757723808288574,0.9459340836752101
3,5,/home/nabizadz/Projects/Mahsa/datasets/grid/test/s33/swwf7s.mpg,170,186,3.123908042907715,0.9544140742174132
3,6,/home/nabizadz/Projects/Mahsa/datasets/grid/test/s33/lrbizp.mpg,216,232,4.251920223236084,0.9739034608331567
3,7,/home/nabizadz/Projects/Mahsa/datasets/grid/test/s33/pgwh9s.mpg,207,223,4.494610786437988,0.9918015491913957
3,8,/home/nabizadz/Projects/Mahsa/datasets/grid/test/s33/pgan6p.mpg,252,268,4.387098789215088,0.9564314169220127
3,9,/home/nabizadz/Projects/Mahsa/datasets/grid/test/s33/sgif1s.mpg,230,246,4.4511942863464355,0.9748777090761527
3,10,/home/nabizadz/Projects/Mahsa/datasets/grid/test/s33/bbbc4n.mpg,178,194,4.255195140838623,0.9827472807239591
3,11,/home/nabizadz/Projects/Mahsa/datasets/grid/test/s33/prif7a.mpg,216,232,4.3592352867126465,0.9581276773510512
3,12,/home/nabizadz/Projects/Mahsa/datasets/grid/test/s33/pwwh4p.mpg,4,20,4.081424713134766,0.9999644012032649
3,13,/home/nabizadz/Projects/Mahsa/datasets/grid/test/s33/pgaa8p.mpg,256,272,4.368230819702148,0.959079286920137
3,14,/home/nabizadz/Projects/Mahsa/datasets/grid/test/s33/bgiq2n.mpg,76,92,3.305818557739258,0.9747629820522224
3,15,/home/nabizadz/Projects/Mahsa/datasets/grid/test/s33/pgwb4n.mpg,273,289,4.270771026611328,0.9357122048072477
4,0,/home/nabizadz/Projects/Mahsa/datasets/grid/test/s33/bwij2n.mpg,142,158,3.2127158641815186,0.972859934691184
4,1,/home/nabizadz/Projects/Mahsa/datasets/grid/test/s33/sbwe5s.mpg,103,119,3.1501171588897705,0.9501635015922447
4,2,/home/nabizadz/Projects/Mahsa/datasets/grid/test/s33/sbad9a.mpg,176,192,4.381107807159424,0.968515729963693
4,3,/home/nabizadz/Projects/Mahsa/datasets/grid/test/s33/sgwm9a.mpg,173,189,3.9734537601470947,0.9687880016390247
4,4,/home/nabizadz/Projects/Mahsa/datasets/grid/test/s33/swwm2p.mpg,24,40,4.291692733764648,0.9911514107456686
4,5,/home/nabizadz/Projects/Mahsa/datasets/grid/test/s33/prwt5s.mpg,214,230,4.0965256690979,0.8937076848048005
4,6,/home/nabizadz/Projects/Mahsa/datasets/grid/test/s33/swwf8p.mpg,159,175,3.2387115955352783,0.9693587784848987
4,7,/home/nabizadz/Projects/Mahsa/datasets/grid/test/s33/bbwj5a.mpg,189,205,3.742361545562744,0.8869172013315864
4,8,/home/nabizadz/Projects/Mahsa/datasets/grid/test/s33/pgwu7s.mpg,149,165,3.5865108966827393,0.9757056024570867
4,9,/home/nabizadz/Projects/Mahsa/datasets/grid/test/s33/sgiz3s.mpg,146,162,3.6111416816711426,0.96264809988656
4,10,/home/nabizadz/Projects/Mahsa/datasets/grid/test/s33/bwaj8p.mpg,178,194,3.2503316402435303,0.9485560111520206
4,11,/home/nabizadz/Projects/Mahsa/datasets/grid/test/s33/lria7s.mpg,228,244,4.421830654144287,0.8255886139056532
4,12,/home/nabizadz/Projects/Mahsa/datasets/grid/test/s33/bwip6n.mpg,69,85,3.3019773960113525,0.980882871746692
4,13,/home/nabizadz/Projects/Mahsa/datasets/grid/test/s33/swws4n.mpg,130,146,3.147052049636841,0.9657176581000007
4,14,/home/nabizadz/Projects/Mahsa/datasets/grid/test/s33/bwij3s.mpg,160,176,3.5533721446990967,0.9597148324152812
4,15,/home/nabizadz/Projects/Mahsa/datasets/grid/test/s33/lgwq1a.mpg,153,169,4.102883815765381,0.9883955313474451
5,0,/home/nabizadz/Projects/Mahsa/datasets/grid/test/s33/bbib7s.mpg,263,279,4.1377854347229,0.9768709129424953
5,1,/home/nabizadz/Projects/Mahsa/datasets/grid/test/s33/lgiv2p.mpg,284,300,4.256036758422852,0.9926466866347916
5,2,/home/nabizadz/Projects/Mahsa/datasets/grid/test/s33/lbim9s.mpg,129,145,3.7854130268096924,0.9727295085928385
5,3,/home/nabizadz/Projects/Mahsa/datasets/grid/test/s33/pgaa6n.mpg,21,37,4.08264684677124,0.9982388353219945
5,4,/home/nabizadz/Projects/Mahsa/datasets/grid/test/s33/pgig9a.mpg,1,17,4.366570472717285,0.999842376390616
5,5,/home/nabizadz/Projects/Mahsa/datasets/grid/test/s33/srbe6n.mpg,38,54,3.5016021728515625,0.9612391969456525
5,6,/home/nabizadz/Projects/Mahsa/datasets/grid/test/s33/sbiq2p.mpg,194,210,4.3958740234375,0.9675820769685203
5,7,/home/nabizadz/Projects/Mahsa/datasets/grid/test/s33/bgak5a.mpg,50,66,3.278928279876709,0.9593914647910748
5,8,/home/nabizadz/Projects/Mahsa/datasets/grid/test/s33/prbtzn.mpg,263,279,4.258492946624756,0.9056748706156624
5,9,/home/nabizadz/Projects/Mahsa/datasets/grid/test/s33/lgbp5s.mpg,206,222,4.301074504852295,0.9558880740458935
5,10,/home/nabizadz/Projects/Mahsa/datasets/grid/test/s33/brii6n.mpg,98,114,3.748438596725464,0.9827519372520659
5,11,/home/nabizadz/Projects/Mahsa/datasets/grid/test/s33/pgbb1s.mpg,121,137,3.7818305492401123,0.9851345060804544
5,12,/home/nabizadz/Projects/Mahsa/datasets/grid/test/s33/pgwb6p.mpg,214,230,4.233938694000244,0.9763816003756491
5,13,/home/nabizadz/Projects/Mahsa/datasets/grid/test/s33/lbig7a.mpg,113,129,3.3643639087677,0.9715286347929081
5,14,/home/nabizadz/Projects/Mahsa/datasets/grid/test/s33/lgwd1s.mpg,123,139,2.8140788078308105,0.9729361674817537
5,15,/home/nabizadz/Projects/Mahsa/datasets/grid/test/s33/pbir7s.mpg,199,215,4.26053524017334,0.9643218608071522
6,0,/home/nabizadz/Projects/Mahsa/datasets/grid/test/s33/lbwh9a.mpg,53,69,3.316305160522461,0.9727585788319696
6,1,/home/nabizadz/Projects/Mahsa/datasets/grid/test/s33/pbir8p.mpg,281,297,4.211751937866211,0.9757213544013299
6,2,/home/nabizadz/Projects/Mahsa/datasets/grid/test/s33/brac7s.mpg,172,188,3.9959638118743896,0.9543114866889519
6,3,/home/nabizadz/Projects/Mahsa/datasets/grid/test/s33/bgwe8p.mpg,249,265,4.3177409172058105,0.9019932270551216
6,4,/home/nabizadz/Projects/Mahsa/datasets/grid/test/s33/lwwi8n.mpg,198,214,4.404634952545166,0.9602427964083138
6,5,/home/nabizadz/Projects/Mahsa/datasets/grid/test/s33/pwbhzp.mpg,27,43,3.7827823162078857,0.995614743328839
6,6,/home/nabizadz/Projects/Mahsa/datasets/grid/test/s33/bbao8n.mpg,66,82,3.6471500396728516,0.9638401043842009
6,7,/home/nabizadz/Projects/Mahsa/datasets/grid/test/s33/lbwu6p.mpg,27,43,3.511903762817383,0.9815889803025908
6,8,/home/nabizadz/Projects/Mahsa/datasets/grid/test/s33/pgig7s.mpg,277,293,4.279715538024902,0.9836885883476209
6,9,/home/nabizadz/Projects/Mahsa/datasets/grid/test/s33/bgwy9s.mpg,280,296,4.333594799041748,0.9465332434144006
6,10,/home/nabizadz/Projects/Mahsa/datasets/grid/test/s33/bbib9a.mpg,222,238,4.279989242553711,0.9628029996588228
6,11,/home/nabizadz/Projects/Mahsa/datasets/grid/test/s33/lgwx2n.mpg,164,180,4.331301212310791,0.9879432967753209
6,12,/home/nabizadz/Projects/Mahsa/datasets/grid/test/s33/swie5s.mpg,221,237,3.757880926132202,0.9671935941012734
6,13,/home/nabizadz/Projects/Mahsa/datasets/grid/test/s33/srbr5s.mpg,2,18,4.1812968254089355,0.9982925657067401
6,14,/home/nabizadz/Projects/Mahsa/datasets/grid/test/s33/brbx2n.mpg,259,275,4.209162712097168,0.8832518800091631
6,15,/home/nabizadz/Projects/Mahsa/datasets/grid/test/s33/pwwn7s.mpg,158,174,4.297311305999756,0.9318693083832211
7,0,/home/nabizadz/Projects/Mahsa/datasets/grid/test/s33/lrin5s.mpg,51,67,2.6402206420898438,0.9601805750392881
7,1,/home/nabizadz/Projects/Mahsa/datasets/grid/test/s33/sgiszp.mpg,211,227,3.919651985168457,0.8916319761435664
7,2,/home/nabizadz/Projects/Mahsa/datasets/grid/test/s33/pbbf7s.mpg,122,138,3.164314031600952,0.9643087778251036
7,3,/home/nabizadz/Projects/Mahsa/datasets/grid/test/s33/pwbn2n.mpg,215,231,4.295457363128662,0.8859792322646093
7,4,/home/nabizadz/Projects/Mahsa/datasets/grid/test/s33/srbzzp.mpg,80,96,3.3771615028381348,0.9802134744242409
7,5,/home/nabizadz/Projects/Mahsa/datasets/grid/test/s33/pwag5s.mpg,86,102,3.2396233081817627,0.9844489933680963
7,6,/home/nabizadz/Projects/Mahsa/datasets/grid/test/s33/swbs2p.mpg,238,254,4.092472076416016,0.894628914297351
7,7,/home/nabizadz/Projects/Mahsa/datasets/grid/test/s33/sgiz5a.mpg,4,20,4.018532752990723,0.9981459196154947
7,8,/home/nabizadz/Projects/Mahsa/datasets/grid/test/s33/pbwm4n.mpg,282,298,4.36697244644165,0.9921791188659222
7,9,/home/nabizadz/Projects/Mahsa/datasets/grid/test/s33/lwiu4n.mpg,40,56,3.0118210315704346,0.9569798463264316
7,10,/home/nabizadz/Projects/Mahsa/datasets/grid/test/s33/lgbj3a.mpg,239,255,4.21193790435791,0.8017107751208626
7,11,/home/nabizadz/Projects/Mahsa/datasets/grid/test/s33/sgwm6n.mpg,284,300,4.288968086242676,0.9795605298965654
7,12,/home/nabizadz/Projects/Mahsa/datasets/grid/test/s33/lgap3a.mpg,115,131,3.232090711593628,0.9584413990454119
7,13,/home/nabizadz/Projects/Mahsa/datasets/grid/test/s33/swal4p.mpg,140,156,3.363579750061035,0.969741020113064
7,14,/home/nabizadz/Projects/Mahsa/datasets/grid/test/s33/bwbd7s.mpg,134,150,3.5792112350463867,0.9771633930420267
7,15,/home/nabizadz/Projects/Mahsa/datasets/grid/test/s33/sgaf7a.mpg,115,131,3.2301080226898193,0.9732427542909
8,0,/home/nabizadz/Projects/Mahsa/datasets/grid/test/s33/lbim8n.mpg,219,235,4.315030097961426,0.8756599246805187
8,1,/home/nabizadz/Projects/Mahsa/datasets/grid/test/s33/lwih6n.mpg,133,149,3.5270323753356934,0.9763649258099899
8,2,/home/nabizadz/Projects/Mahsa/datasets/grid/test/s33/lgwd2p.mpg,249,265,4.288872241973877,0.9916992813901315
8,3,/home/nabizadz/Projects/Mahsa/datasets/grid/test/s33/srbr6p.mpg,188,204,4.216119766235352,0.974064888912641
8,4,/home/nabizadz/Projects/Mahsa/datasets/grid/test/s33/bbbi8n.mpg,275,291,4.3261799812316895,0.9399321516216529
8,5,/home/nabizadz/Projects/Mahsa/datasets/grid/test/s33/lrbo2n.mpg,88,104,3.099388837814331,0.9780897711465417
8,6,/home/nabizadz/Projects/Mahsa/datasets/grid/test/s33/srblzn.mpg,225,241,4.365921497344971,0.9409186529558647
8,7,/home/nabizadz/Projects/Mahsa/datasets/grid/test/s33/sbax9s.mpg,38,54,3.831354856491089,0.9168187846033553
8,8,/home/nabizadz/Projects/Mahsa/datasets/grid/test/s33/pgin2p.mpg,23,39,3.8189220428466797,0.9959972742366705
8,9,/home/nabizadz/Projects/Mahsa/datasets/grid/test/s33/bgbk8p.mpg,59,75,3.2000975608825684,0.9760726148225237
8,10,/home/nabizadz/Projects/Mahsa/datasets/grid/test/s33/srarzn.mpg,115,131,2.121596336364746,0.9406066938041753
8,11,/home/nabizadz/Projects/Mahsa/datasets/grid/test/s33/sgal9s.mpg,77,93,3.505835771560669,0.9648759149492289
8,12,/home/nabizadz/Projects/Mahsa/datasets/grid/test/s33/sbij9a.mpg,90,106,3.5488758087158203,0.9780346002528898
8,13,/home/nabizadz/Projects/Mahsa/datasets/grid/test/s33/pwim5s.mpg,0,16,4.441006183624268,0.9987114599082636
8,14,/home/nabizadz/Projects/Mahsa/datasets/grid/test/s33/lrbb4n.mpg,112,128,3.4933502674102783,0.9633840494413285
8,15,/home/nabizadz/Projects/Mahsa/datasets/grid/test/s33/brwj9s.mpg,197,213,4.238581657409668,0.8946289236924261
9,0,/home/nabizadz/Projects/Mahsa/datasets/grid/test/s33/brii7s.mpg,34,50,3.2394039630889893,0.957963100530782
9,1,/home/nabizadz/Projects/Mahsa/datasets/grid/test/s33/bgwr5s.mpg,37,53,4.248368263244629,0.9989632586895622
9,2,/home/nabizadz/Projects/Mahsa/datasets/grid/test/s33/bwax4n.mpg,35,51,3.376361131668091,0.9628795930073436
9,3,/home/nabizadz/Projects/Mahsa/datasets/grid/test/s33/swbl8p.mpg,146,162,3.767697334289551,0.9774539457702301
9,4,/home/nabizadz/Projects/Mahsa/datasets/grid/test/s33/sgam1a.mpg,18,34,3.614266872406006,0.9792944505245469
9,5,/home/nabizadz/Projects/Mahsa/datasets/grid/test/s33/pwaa2p.mpg,264,280,3.948436975479126,0.9242119005671406
9,6,/home/nabizadz/Projects/Mahsa/datasets/grid/test/s33/sbid3s.mpg,60,76,3.285844087600708,0.9803449373286521
9,7,/home/nabizadz/Projects/Mahsa/datasets/grid/test/s33/prbm9a.mpg,27,43,3.80952525138855,0.9928663188881982
9,8,/home/nabizadz/Projects/Mahsa/datasets/grid/test/s33/lbbn8p.mpg,192,208,4.201005458831787,0.9578617164314789
9,9,/home/nabizadz/Projects/Mahsa/datasets/grid/test/s33/bbivzp.mpg,73,89,3.1918821334838867,0.934080875104752
9,10,/home/nabizadz/Projects/Mahsa/datasets/grid/test/s33/pram2n.mpg,3,19,3.8553342819213867,0.9994566633006684
9,11,/home/nabizadz/Projects/Mahsa/datasets/grid/test/s33/sgal8n.mpg,192,208,3.610301971435547,0.9757265476355785
9,12,/home/nabizadz/Projects/Mahsa/datasets/grid/test/s33/sbad8p.mpg,175,191,4.2618842124938965,0.9843405605440066
9,13,/home/nabizadz/Projects/Mahsa/datasets/grid/test/s33/priz6n.mpg,48,64,2.670565128326416,0.9610603745605559
9,14,/home/nabizadz/Projects/Mahsa/datasets/grid/test/s33/swws7a.mpg,253,269,4.305064678192139,0.9082324308312442
9,15,/home/nabizadz/Projects/Mahsa/datasets/grid/test/s33/sbix4n.mpg,43,59,3.22700834274292,0.9845560451887543
10,0,/home/nabizadz/Projects/Mahsa/datasets/grid/test/s33/lbag9s.mpg,276,292,4.307419776916504,0.9527377256332938
10,1,/home/nabizadz/Projects/Mahsa/datasets/grid/test/s33/pbal9a.mpg,150,166,3.248993158340454,0.9717103677046359
10,2,/home/nabizadz/Projects/Mahsa/datasets/grid/test/s33/pgbb2p.mpg,193,209,4.248453140258789,0.973872339727296
10,3,/home/nabizadz/Projects/Mahsa/datasets/grid/test/s33/swbs1s.mpg,114,130,3.615701913833618,0.9780827362860374
10,4,/home/nabizadz/Projects/Mahsa/datasets/grid/test/s33/pgaa9a.mpg,238,254,4.2814226150512695,0.888882878299403
10,5,/home/nabizadz/Projects/Mahsa/datasets/grid/test/s33/lbiazn.mpg,255,271,4.31693172454834,0.9072126985026152
10,6,/home/nabizadz/Projects/Mahsa/datasets/grid/test/s33/srby9s.mpg,74,90,3.0729172229766846,0.9806755975057732
10,7,/home/nabizadz/Projects/Mahsa/datasets/grid/test/s33/brbp8n.mpg,242,258,4.310616970062256,0.8289347308476472
10,8,/home/nabizadz/Projects/Mahsa/datasets/grid/test/s33/swws6p.mpg,98,114,3.1408512592315674,0.973625780421095
10,9,/home/nabizadz/Projects/Mahsa/datasets/grid/test/s33/pbws9s.mpg,71,87,3.703623056411743,0.9741193255524966
10,10,/home/nabizadz/Projects/Mahsa/datasets/grid/test/s33/lgwj6p.mpg,94,110,3.2196576595306396,0.9754818822711081
10,11,/home/nabizadz/Projects/Mahsa/datasets/grid/test/s33/prwa5a.mpg,135,151,3.2080605030059814,0.9666059569661932
10,12,/home/nabizadz/Projects/Mahsa/datasets/grid/test/s33/pwwu3a.mpg,186,202,3.0077900886535645,0.9756693071723174
10,13,/home/nabizadz/Projects/Mahsa/datasets/grid/test/s33/swie7a.mpg,179,195,4.227485656738281,0.9541641389858144
10,14,/home/nabizadz/Projects/Mahsa/datasets/grid/test/s33/bwbyzp.mpg,130,146,3.253124713897705,0.9594002414707979
10,15,/home/nabizadz/Projects/Mahsa/datasets/grid/test/s33/pbaz4n.mpg,136,152,3.3199145793914795,0.9655598316075583
11,0,/home/nabizadz/Projects/Mahsa/datasets/grid/test/s33/sbbk5s.mpg,115,131,3.43884539604187,0.9751803857216623
11,1,/home/nabizadz/Projects/Mahsa/datasets/grid/test/s33/swal3s.mpg,131,147,3.2708771228790283,0.968692619600043
11,2,/home/nabizadz/Projects/Mahsa/datasets/grid/test/s33/sbak1s.mpg,260,276,4.292850971221924,0.9205700348312494
11,3,/home/nabizadz/Projects/Mahsa/datasets/grid/test/s33/lrihzn.mpg,86,102,2.9498512744903564,0.971303472375672
11,4,/home/nabizadz/Projects/Mahsa/datasets/grid/test/s33/bgid6p.mpg,83,99,2.942689895629883,0.9698313558144817
11,5,/home/nabizadz/Projects/Mahsa/datasets/grid/test/s33/bgad9s.mpg,64,80,3.4429256916046143,0.9658900756186657
11,6,/home/nabizadz/Projects/Mahsa/datasets/grid/test/s33/lgio7s.mpg,149,165,3.967010498046875,0.9817253802196745
11,7,/home/nabizadz/Projects/Mahsa/datasets/grid/test/s33/prim1a.mpg,43,59,2.69466233253479,0.959306997899134
11,8,/home/nabizadz/Projects/Mahsa/datasets/grid/test/s33/lwav1a.mpg,245,261,4.347226142883301,0.9595875264347314
11,9,/home/nabizadz/Projects/Mahsa/datasets/grid/test/s33/bwbk3a.mpg,154,170,4.084743022918701,0.977877808534052
11,10,/home/nabizadz/Projects/Mahsa/datasets/grid/test/s33/sbad6n.mpg,143,159,3.3677797317504883,0.9646343142904864
11,11,/home/nabizadz/Projects/Mahsa/datasets/grid/test/s33/bwwr1a.mpg,15,31,3.5280537605285645,0.9740253390766552
11,12,/home/nabizadz/Projects/Mahsa/datasets/grid/test/s33/lrin7a.mpg,147,163,2.525996446609497,0.9540967779712956
11,13,/home/nabizadz/Projects/Mahsa/datasets/grid/test/s33/srwz5a.mpg,125,141,3.0798282623291016,0.9677492150925007
11,14,/home/nabizadz/Projects/Mahsa/datasets/grid/test/s33/swbz7a.mpg,209,225,4.365293502807617,0.9637135229773844
11,15,/home/nabizadz/Projects/Mahsa/datasets/grid/test/s33/bbai4n.mpg,138,154,3.6001739501953125,0.9758179846358427
12,0,/home/nabizadz/Projects/Mahsa/datasets/grid/test/s33/pras9a.mpg,261,277,4.28770112991333,0.9183158280603888
12,1,/home/nabizadz/Projects/Mahsa/datasets/grid/test/s33/pwigzn.mpg,44,60,2.923020124435425,0.9528793609801589
12,2,/home/nabizadz/Projects/Mahsa/datasets/grid/test/s33/sriq9a.mpg,261,277,4.20197868347168,0.9156225948917067
12,3,/home/nabizadz/Projects/Mahsa/datasets/grid/test/s33/sray5s.mpg,270,286,4.317021369934082,0.9673923322689537
12,4,/home/nabizadz/Projects/Mahsa/datasets/grid/test/s33/bbwdzp.mpg,178,194,3.710932493209839,0.8786556472383384
12,5,/home/nabizadz/Projects/Mahsa/datasets/grid/test/s33/lbwo2p.mpg,70,86,3.8766632080078125,0.9686364233811741
12,6,/home/nabizadz/Projects/Mahsa/datasets/grid/test/s33/srws1a.mpg,227,243,4.237017631530762,0.8556459927164966
12,7,/home/nabizadz/Projects/Mahsa/datasets/grid/test/s33/lgac4p.mpg,31,47,4.174735069274902,0.9980263847030468
12,8,/home/nabizadz/Projects/Mahsa/datasets/grid/test/s33/pbwg2p.mpg,46,62,2.9719958305358887,0.9743624250614935
12,9,/home/nabizadz/Projects/Mahsa/datasets/grid/test/s33/pwwh3s.mpg,175,191,4.287262916564941,0.9628889000165958
12,10,/home/nabizadz/Projects/Mahsa/datasets/grid/test/s33/bwij5a.mpg,128,144,3.3855741024017334,0.9730494491567512
12,11,/home/nabizadz/Projects/Mahsa/datasets/grid/test/s33/lgwx5a.mpg,51,67,2.564415693283081,0.9817113670081493
12,12,/home/nabizadz/Projects/Mahsa/datasets/grid/test/s33/sbwy9a.mpg,76,92,3.3599326610565186,0.976466496012785
12,13,/home/nabizadz/Projects/Mahsa/datasets/grid/test/s33/pwwu1s.mpg,140,156,3.6714725494384766,0.9799372774465157
12,14,/home/nabizadz/Projects/Mahsa/datasets/grid/test/s33/bbap1a.mpg,234,250,4.338703632354736,0.9113228707011807
12,15,/home/nabizadz/Projects/Mahsa/datasets/grid/test/s33/pgwu9a.mpg,162,178,3.636077642440796,0.9494888262769421
13,0,/home/nabizadz/Projects/Mahsa/datasets/grid/test/s33/bgbr2p.mpg,206,222,4.315164089202881,0.9391408955005124
13,1,/home/nabizadz/Projects/Mahsa/datasets/grid/test/s33/lwbi6p.mpg,7,23,4.327372074127197,0.9999817475605821
13,2,/home/nabizadz/Projects/Mahsa/datasets/grid/test/s33/swwmzn.mpg,135,151,3.1088497638702393,0.9535281884673685
13,3,/home/nabizadz/Projects/Mahsa/datasets/grid/test/s33/pgbo1a.mpg,165,181,3.16489577293396,0.962545308235772
13,4,/home/nabizadz/Projects/Mahsa/datasets/grid/test/s33/swwz9s.mpg,40,56,3.330162525177002,0.9782154729277709
13,5,/home/nabizadz/Projects/Mahsa/datasets/grid/test/s33/sriy1s.mpg,282,298,4.360333442687988,0.9692849124258381
13,6,/home/nabizadz/Projects/Mahsa/datasets/grid/test/s33/lbbu1s.mpg,55,71,3.557284355163574,0.9769905281410707
13,7,/home/nabizadz/Projects/Mahsa/datasets/grid/test/s33/lrih2p.mpg,63,79,3.323336601257324,0.9642804119674917
13,8,/home/nabizadz/Projects/Mahsa/datasets/grid/test/s33/brax1a.mpg,118,134,3.355117082595825,0.9726842717062112
13,9,/home/nabizadz/Projects/Mahsa/datasets/grid/test/s33/bgwe6n.mpg,281,297,4.262173652648926,0.9899888800953559
13,10,/home/nabizadz/Projects/Mahsa/datasets/grid/test/s33/bgwr4n.mpg,54,70,3.4740052223205566,0.9665446333157103
13,11,/home/nabizadz/Projects/Mahsa/datasets/grid/test/s33/lrbo5a.mpg,142,158,3.5724809169769287,0.9717463032157161
13,12,/home/nabizadz/Projects/Mahsa/datasets/grid/test/s33/prwg9a.mpg,48,64,3.6215407848358154,0.9761232814849014
13,13,/home/nabizadz/Projects/Mahsa/datasets/grid/test/s33/lbwb3s.mpg,157,173,3.5895729064941406,0.9500669387541285
13,14,/home/nabizadz/Projects/Mahsa/datasets/grid/test/s33/lwao5s.mpg,148,164,2.7907767295837402,0.9437791027063676
13,15,/home/nabizadz/Projects/Mahsa/datasets/grid/test/s33/lbbbzp.mpg,171,187,3.788384199142456,0.9534958468423096
14,0,/home/nabizadz/Projects/Mahsa/datasets/grid/test/s33/lwwp5a.mpg,147,163,4.287762641906738,0.9844288785001966
14,1,/home/nabizadz/Projects/Mahsa/datasets/grid/test/s33/sgas5a.mpg,41,57,3.332226037979126,0.9701649710706314
14,2,/home/nabizadz/Projects/Mahsa/datasets/grid/test/s33/brajzn.mpg,176,192,3.7740328311920166,0.9273922744263957
14,3,/home/nabizadz/Projects/Mahsa/datasets/grid/test/s33/lbig4n.mpg,14,30,4.294855117797852,0.9755394026117995
14,4,/home/nabizadz/Projects/Mahsa/datasets/grid/test/s33/bgiq4p.mpg,278,294,4.382697105407715,0.9992724268384123
14,5,/home/nabizadz/Projects/Mahsa/datasets/grid/test/s33/sgbm2n.mpg,125,141,3.111523389816284,0.9803296277017959
14,6,/home/nabizadz/Projects/Mahsa/datasets/grid/test/s33/lwio1s.mpg,29,45,2.7920567989349365,0.9893333743958473
14,7,/home/nabizadz/Projects/Mahsa/datasets/grid/test/s33/pbaz6p.mpg,9,25,4.008090972900391,0.9997937954808678
14,8,/home/nabizadz/Projects/Mahsa/datasets/grid/test/s33/lrbu6n.mpg,160,176,3.943777084350586,0.9661471225049395
14,9,/home/nabizadz/Projects/Mahsa/datasets/grid/test/s33/sgaz6n.mpg,280,296,4.1373772621154785,0.9839253632243893
14,10,/home/nabizadz/Projects/Mahsa/datasets/grid/test/s33/lrah4n.mpg,270,286,4.333122730255127,0.972421905326038
14,11,/home/nabizadz/Projects/Mahsa/datasets/grid/test/s33/lbwu5s.mpg,113,129,3.836824655532837,0.9637383946504126
14,12,/home/nabizadz/Projects/Mahsa/datasets/grid/test/s33/pbwm7a.mpg,75,91,3.4681265354156494,0.9755248411714844
14,13,/home/nabizadz/Projects/Mahsa/datasets/grid/test/s33/sgas4p.mpg,77,93,3.1717543601989746,0.9808746684927399
14,14,/home/nabizadz/Projects/Mahsa/datasets/grid/test/s33/priz8p.mpg,243,259,4.0414652824401855,0.8279154216946492
14,15,/home/nabizadz/Projects/Mahsa/datasets/grid/test/s33/swbl7s.mpg,111,127,3.7398793697357178,0.9759393402757218
15,0,/home/nabizadz/Projects/Mahsa/datasets/grid/test/s33/sgbm3s.mpg,89,105,3.2811999320983887,0.9797876749353339
15,1,/home/nabizadz/Projects/Mahsa/datasets/grid/test/s33/sbax8n.mpg,90,106,3.0130295753479004,0.9698434436097496
15,2,/home/nabizadz/Projects/Mahsa/datasets/grid/test/s33/srbl2p.mpg,247,263,4.088962078094482,0.9196930455199723
15,3,/home/nabizadz/Projects/Mahsa/datasets/grid/test/s33/pbie8n.mpg,170,186,4.024529933929443,0.9754767637540456
15,4,/home/nabizadz/Projects/Mahsa/datasets/grid/test/s33/prwt4n.mpg,35,51,4.150571823120117,0.9744927515974179
15,5,/home/nabizadz/Projects/Mahsa/datasets/grid/test/s33/lwab8p.mpg,125,141,3.5285136699676514,0.9649914050796563
15,6,/home/nabizadz/Projects/Mahsa/datasets/grid/test/s33/swbszn.mpg,168,184,4.208779335021973,0.9731658959287245
15,7,/home/nabizadz/Projects/Mahsa/datasets/grid/test/s33/srak8p.mpg,39,55,3.5987396240234375,0.9694708306147427
15,8,/home/nabizadz/Projects/Mahsa/datasets/grid/test/s33/bwwe3a.mpg,149,165,4.146928787231445,0.9863619488364751
15,9,/home/nabizadz/Projects/Mahsa/datasets/grid/test/s33/sgwt3a.mpg,284,300,4.307307720184326,0.9904494682467662
15,10,/home/nabizadz/Projects/Mahsa/datasets/grid/test/s33/lgai8p.mpg,216,232,4.3392438888549805,0.9383487678062142
15,11,/home/nabizadz/Projects/Mahsa/datasets/grid/test/s33/pgit4n.mpg,105,121,3.941526174545288,0.9861547905584584
15,12,/home/nabizadz/Projects/Mahsa/datasets/grid/test/s33/bbiu9s.mpg,209,225,4.4298200607299805,0.9546020528578585
15,13,/home/nabizadz/Projects/Mahsa/datasets/grid/test/s33/sbak2p.mpg,140,156,3.7726337909698486,0.974510187806529
15,14,/home/nabizadz/Projects/Mahsa/datasets/grid/test/s33/pgbn8n.mpg,194,210,4.2502851486206055,0.87957655832722
15,15,/home/nabizadz/Projects/Mahsa/datasets/grid/test/s33/sbay1a.mpg,269,285,4.206602096557617,0.9495493696333057
16,0,/home/nabizadz/Projects/Mahsa/datasets/grid/test/s33/lgwx4p.mpg,157,173,3.6802213191986084,0.9603283592882107
16,1,/home/nabizadz/Projects/Mahsa/datasets/grid/test/s33/lwbi7a.mpg,180,196,4.375120162963867,0.970617565403229
16,2,/home/nabizadz/Projects/Mahsa/datasets/grid/test/s33/primzp.mpg,97,113,3.7355072498321533,0.9715020241524934
16,3,/home/nabizadz/Projects/Mahsa/datasets/grid/test/s33/lgwj5s.mpg,22,38,4.060319900512695,0.9745955292399351
16,4,/home/nabizadz/Projects/Mahsa/datasets/grid/test/s33/srwf3a.mpg,75,91,3.6473820209503174,0.9700147635097014
16,5,/home/nabizadz/Projects/Mahsa/datasets/grid/test/s33/pris5a.mpg,46,62,3.2307515144348145,0.9566127168278168
16,6,/home/nabizadz/Projects/Mahsa/datasets/grid/test/s33/brwd7a.mpg,278,294,4.251808166503906,0.9731565662827276
16,7,/home/nabizadz/Projects/Mahsa/datasets/grid/test/s33/bbav4p.mpg,249,265,4.346188068389893,0.896291076867128
16,8,/home/nabizadz/Projects/Mahsa/datasets/grid/test/s33/pbbm1s.mpg,122,138,3.549129009246826,0.9608166503865703
16,9,/home/nabizadz/Projects/Mahsa/datasets/grid/test/s33/brwd4n.mpg,153,169,3.7752857208251953,0.9747647458849446
16,10,/home/nabizadz/Projects/Mahsa/datasets/grid/test/s33/pwbn5a.mpg,9,25,4.050270080566406,0.9991530226238798
16,11,/home/nabizadz/Projects/Mahsa/datasets/grid/test/s33/bbiu8n.mpg,26,42,3.5773367881774902,0.9631082496408713
16,12,/home/nabizadz/Projects/Mahsa/datasets/grid/test/s33/sbwl1a.mpg,232,248,4.079988479614258,0.8609507337884009
16,13,/home/nabizadz/Projects/Mahsa/datasets/grid/test/s33/brwd5s.mpg,125,141,3.2473628520965576,0.987830937485056
16,14,/home/nabizadz/Projects/Mahsa/datasets/grid/test/s33/bgid7a.mpg,135,151,3.325373649597168,0.9449733999994004
16,15,/home/nabizadz/Projects/Mahsa/datasets/grid/test/s33/sray7a.mpg,6,22,4.352424144744873,0.9966237380709536
17,0,/home/nabizadz/Projects/Mahsa/datasets/grid/test/s33/prbg5a.mpg,264,280,4.357905864715576,0.9493079673464841
17,1,/home/nabizadz/Projects/Mahsa/datasets/grid/test/s33/bbbv8p.mpg,24,40,4.271678924560547,0.9998866746429568
17,2,/home/nabizadz/Projects/Mahsa/datasets/grid/test/s33/sbwe4n.mpg,126,142,3.7767505645751953,0.9687702144719418
17,3,/home/nabizadz/Projects/Mahsa/datasets/grid/test/s33/sbwr3s.mpg,283,299,4.300883769989014,0.9833519302671365
17,4,/home/nabizadz/Projects/Mahsa/datasets/grid/test/s33/bbio6p.mpg,104,120,3.480268955230713,0.9662203720158716
17,5,/home/nabizadz/Projects/Mahsa/datasets/grid/test/s33/swbl9a.mpg,164,180,3.7166385650634766,0.986293582204365
17,6,/home/nabizadz/Projects/Mahsa/datasets/grid/test/s33/srwfzn.mpg,60,76,4.06389856338501,0.978192905110218
17,7,/home/nabizadz/Projects/Mahsa/datasets/grid/test/s33/pram4p.mpg,145,161,3.9185287952423096,0.9715617046319246
17,8,/home/nabizadz/Projects/Mahsa/datasets/grid/test/s33/bgwe7s.mpg,161,177,3.545389175415039,0.970061209992197
17,9,/home/nabizadz/Projects/Mahsa/datasets/grid/test/s33/lwavzp.mpg,202,218,4.260942459106445,0.9180265083237539
17,10,/home/nabizadz/Projects/Mahsa/datasets/grid/test/s33/bgbe3s.mpg,97,113,3.6589558124542236,0.9792777283291786
17,11,/home/nabizadz/Projects/Mahsa/datasets/grid/test/s33/srbr4n.mpg,218,234,4.187139987945557,0.8699575913759658
17,12,/home/nabizadz/Projects/Mahsa/datasets/grid/test/s33/brwq3s.mpg,0,16,4.4691243171691895,0.9921942302421174
17,13,/home/nabizadz/Projects/Mahsa/datasets/grid/test/s33/lwai2p.mpg,20,36,4.13543176651001,0.9982010499805397
17,14,/home/nabizadz/Projects/Mahsa/datasets/grid/test/s33/sbid4p.mpg,137,153,3.545206069946289,0.9623615067285387
17,15,/home/nabizadz/Projects/Mahsa/datasets/grid/test/s33/prwn2p.mpg,86,102,3.0714993476867676,0.9497563830454984
18,0,/home/nabizadz/Projects/Mahsa/datasets/grid/test/s33/pwbg9s.mpg,160,176,3.34075927734375,0.965523650589205
18,1,/home/nabizadz/Projects/Mahsa/datasets/grid/test/s33/lgbj2p.mpg,234,250,4.276693820953369,0.952441379031085
18,2,/home/nabizadz/Projects/Mahsa/datasets/grid/test/s33/sbby5a.mpg,28,44,3.9626777172088623,0.9941802097505134
18,3,/home/nabizadz/Projects/Mahsa/datasets/grid/test/s33/bgay1s.mpg,253,269,4.212182521820068,0.8751211028348798
18,4,/home/nabizadz/Projects/Mahsa/datasets/grid/test/s33/sgbs8p.mpg,5,21,4.100500583648682,0.991870647291903
18,5,/home/nabizadz/Projects/Mahsa/datasets/grid/test/s33/pgbozp.mpg,38,54,2.92446231842041,0.9543614748665316
18,6,/home/nabizadz/Projects/Mahsa/datasets/grid/test/s33/sgwg3s.mpg,61,77,3.164853572845459,0.9705409968427277
18,7,/home/nabizadz/Projects/Mahsa/datasets/grid/test/s33/pgwo5a.mpg,262,278,4.245342254638672,0.979521103695338
18,8,/home/nabizadz/Projects/Mahsa/datasets/grid/test/s33/bric3s.mpg,37,53,3.339446783065796,0.9714526944941032
18,9,/home/nabizadz/Projects/Mahsa/datasets/grid/test/s33/lwwc7a.mpg,125,141,3.591383218765259,0.9673102294630976
18,10,/home/nabizadz/Projects/Mahsa/datasets/grid/test/s33/bgwr7a.mpg,117,133,3.3813223838806152,0.9744908793454711
18,11,/home/nabizadz/Projects/Mahsa/datasets/grid/test/s33/lgbjzn.mpg,236,252,4.309386253356934,0.9341994125058046
18,12,/home/nabizadz/Projects/Mahsa/datasets/grid/test/s33/lrwo9a.mpg,24,40,4.271627426147461,0.9933552134002029
18,13,/home/nabizadz/Projects/Mahsa/datasets/grid/test/s33/pwanzp.mpg,25,41,4.003752708435059,0.9955785277570421
18,14,/home/nabizadz/Projects/Mahsa/datasets/grid/test/s33/srik2n.mpg,163,179,3.9022769927978516,0.9748171198111125
18,15,/home/nabizadz/Projects/Mahsa/datasets/grid/test/s33/bwaj6n.mpg,219,235,4.268467426300049,0.918621182002124
19,0,/home/nabizadz/Projects/Mahsa/datasets/grid/test/s33/bgbe5a.mpg,114,130,3.413973569869995,0.980523236140602
19,1,/home/nabizadz/Projects/Mahsa/datasets/grid/test/s33/pwbn4p.mpg,277,293,4.373799800872803,0.9952104632231837
19,2,/home/nabizadz/Projects/Mahsa/datasets/grid/test/s33/lwiu7a.mpg,178,194,4.362607002258301,0.9966857169046536
19,3,/home/nabizadz/Projects/Mahsa/datasets/grid/test/s33/bbbjzp.mpg,107,123,3.0374069213867188,0.9613741403261891
19,4,/home/nabizadz/Projects/Mahsa/datasets/grid/test/s33/pwit1a.mpg,135,151,3.407170057296753,0.9754524309528123
19,5,/home/nabizadz/Projects/Mahsa/datasets/grid/test/s33/prbm8p.mpg,242,258,4.415541172027588,0.9376704995761979
19,6,/home/nabizadz/Projects/Mahsa/datasets/grid/test/s33/bgwz1a.mpg,259,275,4.14554500579834,0.9591387014929333
19,7,/home/nabizadz/Projects/Mahsa/datasets/grid/test/s33/bgix8p.mpg,194,210,3.993736505508423,0.9858622369432668
19,8,/home/nabizadz/Projects/Mahsa/datasets/grid/test/s33/pgig8p.mpg,130,146,3.424849271774292,0.9496743114691232
19,9,/home/nabizadz/Projects/Mahsa/datasets/grid/test/s33/bgae1a.mpg,263,279,4.094676494598389,0.9230113133185388
19,10,/home/nabizadz/Projects/Mahsa/datasets/grid/test/s33/sbbk4n.mpg,239,255,4.355154991149902,0.9492498547970926
19,11,/home/nabizadz/Projects/Mahsa/datasets/grid/test/s33/sriq7s.mpg,63,79,3.1562533378601074,0.9794039943430755
19,12,/home/nabizadz/Projects/Mahsa/datasets/grid/test/s33/bbwc8n.mpg,258,274,3.529594898223877,0.9621036961977608
19,13,/home/nabizadz/Projects/Mahsa/datasets/grid/test/s33/brac9a.mpg,274,290,4.216326713562012,0.9512512739284581
19,14,/home/nabizadz/Projects/Mahsa/datasets/grid/test/s33/brac8p.mpg,47,63,3.433335781097412,0.9588957020637002
19,15,/home/nabizadz/Projects/Mahsa/datasets/grid/test/s33/bgad8n.mpg,73,89,3.322391986846924,0.9617776528540478
20,0,/home/nabizadz/Projects/Mahsa/datasets/grid/test/s33/lbinzp.mpg,55,71,3.8078043460845947,0.977983783691552
20,1,/home/nabizadz/Projects/Mahsa/datasets/grid/test/s33/lgbp4n.mpg,132,148,3.3936829566955566,0.9608430239428482
20,2,/home/nabizadz/Projects/Mahsa/datasets/grid/test/s33/lrih3a.mpg,213,229,4.2144927978515625,0.8664302732431721
20,3,/home/nabizadz/Projects/Mahsa/datasets/grid/test/s33/lwwjzp.mpg,232,248,4.3376641273498535,0.9555266741938369
20,4,/home/nabizadz/Projects/Mahsa/datasets/grid/test/s33/pgwo2n.mpg,20,36,4.318118572235107,0.9999055755281828
20,5,/home/nabizadz/Projects/Mahsa/datasets/grid/test/s33/sbid2n.mpg,165,181,4.414046764373779,0.9557006444406069
20,6,/home/nabizadz/Projects/Mahsa/datasets/grid/test/s33/lran9s.mpg,231,247,4.105129718780518,0.8885130066686883
20,7,/home/nabizadz/Projects/Mahsa/datasets/grid/test/s33/prwg8p.mpg,227,243,4.479866027832031,0.956190122790776
20,8,/home/nabizadz/Projects/Mahsa/datasets/grid/test/s33/prbg3s.mpg,244,260,4.495327949523926,0.9336602472423359
20,9,/home/nabizadz/Projects/Mahsa/datasets/grid/test/s33/pbwgzn.mpg,156,172,3.8373544216156006,0.9463622800300904
20,10,/home/nabizadz/Projects/Mahsa/datasets/grid/test/s33/lwih7s.mpg,48,64,2.4873440265655518,0.9651436110375583
20,11,/home/nabizadz/Projects/Mahsa/datasets/grid/test/s33/sgaf6p.mpg,39,55,3.7493796348571777,0.9907167252203161
20,12,/home/nabizadz/Projects/Mahsa/datasets/grid/test/s33/bbai6p.mpg,37,53,4.25408935546875,0.998537094383199
20,13,/home/nabizadz/Projects/Mahsa/datasets/grid/test/s33/swazzn.mpg,171,187,4.259399890899658,0.9618432794879437
20,14,/home/nabizadz/Projects/Mahsa/datasets/grid/test/s33/lrbu9a.mpg,135,151,3.7158761024475098,0.9478297917408585
20,15,/home/nabizadz/Projects/Mahsa/datasets/grid/test/s33/pbir9a.mpg,192,208,4.385282039642334,0.9924719580420438
21,0,/home/nabizadz/Projects/Mahsa/datasets/grid/test/s33/sbbq8n.mpg,171,187,4.237420082092285,0.9642418650265479
21,1,/home/nabizadz/Projects/Mahsa/datasets/grid/test/s33/pgwu8p.mpg,136,152,3.3041038513183594,0.969181832133585
21,2,/home/nabizadz/Projects/Mahsa/datasets/grid/test/s33/pwig1s.mpg,98,114,3.1455090045928955,0.9750443471009718
21,3,/home/nabizadz/Projects/Mahsa/datasets/grid/test/s33/bbai7a.mpg,132,148,3.3672847747802734,0.939293149952152
21,4,/home/nabizadz/Projects/Mahsa/datasets/grid/test/s33/bwwq9s.mpg,66,82,3.511171340942383,0.9763983071629385
21,5,/home/nabizadz/Projects/Mahsa/datasets/grid/test/s33/lwao7a.mpg,125,141,2.335573434829712,0.9490366342779176
21,6,/home/nabizadz/Projects/Mahsa/datasets/grid/test/s33/brbx4p.mpg,166,182,3.6731369495391846,0.9675573634381865
21,7,/home/nabizadz/Projects/Mahsa/datasets/grid/test/s33/srar1s.mpg,249,265,4.330411911010742,0.8969784106069381
21,8,/home/nabizadz/Projects/Mahsa/datasets/grid/test/s33/bwwq8n.mpg,283,299,4.3756561279296875,0.9608168469027248
21,9,/home/nabizadz/Projects/Mahsa/datasets/grid/test/s33/lbaa6p.mpg,259,275,4.2127156257629395,0.9779395863087329
21,10,/home/nabizadz/Projects/Mahsa/datasets/grid/test/s33/lwau9s.mpg,190,206,4.278999328613281,0.9479122538525998
21,11,/home/nabizadz/Projects/Mahsa/datasets/grid/test/s33/pgauzp.mpg,75,91,3.3065226078033447,0.9762293232029903
21,12,/home/nabizadz/Projects/Mahsa/datasets/grid/test/s33/lrah6p.mpg,79,95,3.2149925231933594,0.9656984730999428
21,13,/home/nabizadz/Projects/Mahsa/datasets/grid/test/s33/lgio6n.mpg,272,288,4.0163164138793945,0.9252225547671661
21,14,/home/nabizadz/Projects/Mahsa/datasets/grid/test/s33/lrau5a.mpg,265,281,4.267766952514648,0.9809035263923627
21,15,/home/nabizadz/Projects/Mahsa/datasets/grid/test/s33/prbt1s.mpg,160,176,3.9312503337860107,0.952587993165582
22,0,/home/nabizadz/Projects/Mahsa/datasets/grid/test/s33/sgif2p.mpg,270,286,4.300830841064453,0.9516816900258857
22,1,/home/nabizadz/Projects/Mahsa/datasets/grid/test/s33/bgwl1s.mpg,280,296,4.268978118896484,0.9861511480759928
22,2,/home/nabizadz/Projects/Mahsa/datasets/grid/test/s33/sbwy7s.mpg,155,171,3.40746808052063,0.9764323574468875
22,3,/home/nabizadz/Projects/Mahsa/datasets/grid/test/s33/brwkzp.mpg,162,178,3.281344413757324,0.9480627974038015
22,4,/home/nabizadz/Projects/Mahsa/datasets/grid/test/s33/sbby2n.mpg,178,194,4.040195465087891,0.972634509489734
22,5,/home/nabizadz/Projects/Mahsa/datasets/grid/test/s33/sray4n.mpg,203,219,4.106536865234375,0.888142884746414
22,6,/home/nabizadz/Projects/Mahsa/datasets/grid/test/s33/bwip8p.mpg,216,232,4.306131362915039,0.9471667898229309
22,7,/home/nabizadz/Projects/Mahsa/datasets/grid/test/s33/bbbp3s.mpg,132,148,3.8805580139160156,0.9569266370949976
22,8,/home/nabizadz/Projects/Mahsa/datasets/grid/test/s33/pbaszn.mpg,135,151,3.6413893699645996,0.960936805724188
22,9,/home/nabizadz/Projects/Mahsa/datasets/grid/test/s33/bbac3a.mpg,129,145,3.4524073600769043,0.9410433039566503
22,10,/home/nabizadz/Projects/Mahsa/datasets/grid/test/s33/pwim4n.mpg,256,272,4.325985431671143,0.9097259603808242
22,11,/home/nabizadz/Projects/Mahsa/datasets/grid/test/s33/lbwb2n.mpg,13,29,4.2456254959106445,0.9657710644626593
22,12,/home/nabizadz/Projects/Mahsa/datasets/grid/test/s33/bbib6n.mpg,62,78,3.20743465423584,0.9640322332352884
22,13,/home/nabizadz/Projects/Mahsa/datasets/grid/test/s33/srae2n.mpg,202,218,4.048333644866943,0.9353328779394576
22,14,/home/nabizadz/Projects/Mahsa/datasets/grid/test/s33/sbbezn.mpg,250,266,4.3856520652771,0.9280298307975691
22,15,/home/nabizadz/Projects/Mahsa/datasets/grid/test/s33/swwz8n.mpg,89,105,3.154910087585449,0.981710695130694
23,0,/home/nabizadz/Projects/Mahsa/datasets/grid/test/s33/pbbf9a.mpg,239,255,4.313015460968018,0.8699256240088173
23,1,/home/nabizadz/Projects/Mahsa/datasets/grid/test/s33/pgbu3s.mpg,102,118,3.2776618003845215,0.968305870696906
23,2,/home/nabizadz/Projects/Mahsa/datasets/grid/test/s33/pwis8n.mpg,47,63,2.917768955230713,0.9665351366499695
23,3,/home/nabizadz/Projects/Mahsa/datasets/grid/test/s33/sbiq3a.mpg,216,232,4.383997440338135,0.9605545489915635
23,4,/home/nabizadz/Projects/Mahsa/datasets/grid/test/s33/lban2n.mpg,61,77,3.4452977180480957,0.9461970191273098
23,5,/home/nabizadz/Projects/Mahsa/datasets/grid/test/s33/pgbh4n.mpg,65,81,3.035892963409424,0.9694794312057493
23,6,/home/nabizadz/Projects/Mahsa/datasets/grid/test/s33/bbwc9s.mpg,38,54,3.1952812671661377,0.9551439477546483
23,7,/home/nabizadz/Projects/Mahsa/datasets/grid/test/s33/sbij8p.mpg,88,104,2.732447862625122,0.91494881670052
23,8,/home/nabizadz/Projects/Mahsa/datasets/grid/test/s33/pwbt6n.mpg,120,136,3.7075259685516357,0.9858839591169082
23,9,/home/nabizadz/Projects/Mahsa/datasets/grid/test/s33/pbbs7a.mpg,272,288,4.27504301071167,0.9562307133456446
23,10,/home/nabizadz/Projects/Mahsa/datasets/grid/test/s33/lraozp.mpg,199,215,4.357542037963867,0.8583621602072325
23,11,/home/nabizadz/Projects/Mahsa/datasets/grid/test/s33/lwwc6p.mpg,182,198,3.760049343109131,0.9675024096758692
23,12,/home/nabizadz/Projects/Mahsa/datasets/grid/test/s33/bwwy3s.mpg,241,257,4.041318893432617,0.8960141888322173
23,13,/home/nabizadz/Projects/Mahsa/datasets/grid/test/s33/prwt7a.mpg,66,82,3.524226188659668,0.984131936624959
23,14,/home/nabizadz/Projects/Mahsa/datasets/grid/test/s33/pgbu5a.mpg,62,78,3.538627862930298,0.9672903748159116
23,15,/home/nabizadz/Projects/Mahsa/datasets/grid/test/s33/swbz4n.mpg,39,55,3.363025188446045,0.9717558835509449
24,0,/home/nabizadz/Projects/Mahsa/datasets/grid/test/s33/bwad5a.mpg,253,269,4.297110080718994,0.9832150896533141
24,1,/home/nabizadz/Projects/Mahsa/datasets/grid/test/s33/sgwg4p.mpg,240,256,4.309086322784424,0.9367060960242668
24,2,/home/nabizadz/Projects/Mahsa/datasets/grid/test/s33/srbz1a.mpg,160,176,3.560842990875244,0.9753358223563775
24,3,/home/nabizadz/Projects/Mahsa/datasets/grid/test/s33/pwaa3a.mpg,176,192,4.441615581512451,0.9673537751956546
24,4,/home/nabizadz/Projects/Mahsa/datasets/grid/test/s33/lrab2p.mpg,38,54,3.8684375286102295,0.9861594283627939
24,5,/home/nabizadz/Projects/Mahsa/datasets/grid/test/s33/lbia2p.mpg,77,93,3.3369436264038086,0.9322992370747274
24,6,/home/nabizadz/Projects/Mahsa/datasets/grid/test/s33/swir4p.mpg,140,156,3.6229546070098877,0.9507522883813838
24,7,/home/nabizadz/Projects/Mahsa/datasets/grid/test/s33/sriq6n.mpg,252,268,4.499380111694336,0.9689619743126184
24,8,/home/nabizadz/Projects/Mahsa/datasets/grid/test/s33/swar9a.mpg,153,169,3.148669958114624,0.9536855472457911
24,9,/home/nabizadz/Projects/Mahsa/datasets/grid/test/s33/bgwl2p.mpg,97,113,3.66141939163208,0.9532553814517165
24,10,/home/nabizadz/Projects/Mahsa/datasets/grid/test/s33/brwx8p.mpg,46,62,3.1239278316497803,0.9712059138642072
24,11,/home/nabizadz/Projects/Mahsa/datasets/grid/test/s33/srwf1s.mpg,18,34,4.279399871826172,0.9757880585911717
24,12,/home/nabizadz/Projects/Mahsa/datasets/grid/test/s33/lgib9s.mpg,180,196,4.3709797859191895,0.950399137230169
24,13,/home/nabizadz/Projects/Mahsa/datasets/grid/test/s33/lrwo8p.mpg,93,109,1.972428798675537,0.9276273674336163
24,14,/home/nabizadz/Projects/Mahsa/datasets/grid/test/s33/lbbn6n.mpg,97,113,3.909160614013672,0.981138856046077
24,15,/home/nabizadz/Projects/Mahsa/datasets/grid/test/s33/pgbu4p.mpg,38,54,3.120985507965088,0.97452124645631
25,0,/home/nabizadz/Projects/Mahsa/datasets/grid/test/s33/pris3s.mpg,210,226,3.650554656982422,0.9463106627503388
25,1,/home/nabizadz/Projects/Mahsa/datasets/grid/test/s33/swbz6p.mpg,252,268,4.429011821746826,0.9499652250957413
25,2,/home/nabizadz/Projects/Mahsa/datasets/grid/test/s33/lbwh8p.mpg,26,42,4.040548801422119,0.9994073949664912
25,3,/home/nabizadz/Projects/Mahsa/datasets/grid/test/s33/pgah2p.mpg,136,152,3.0619711875915527,0.9741596963263861
25,4,/home/nabizadz/Projects/Mahsa/datasets/grid/test/s33/lwbo9s.mpg,135,151,3.5095832347869873,0.9232270260040062
25,5,/home/nabizadz/Projects/Mahsa/datasets/grid/test/s33/pbws8n.mpg,246,262,4.2394561767578125,0.882513521050855
25,6,/home/nabizadz/Projects/Mahsa/datasets/grid/test/s33/bgak3s.mpg,266,282,4.351789951324463,0.9078991277712801
25,7,/home/nabizadz/Projects/Mahsa/datasets/grid/test/s33/srik4p.mpg,65,81,3.315812349319458,0.9851955032549673
25,8,/home/nabizadz/Projects/Mahsa/datasets/grid/test/s33/bric5a.mpg,66,82,3.709116220474243,0.9654970767129856
25,9,/home/nabizadz/Projects/Mahsa/datasets/grid/test/s33/lgbc6n.mpg,149,165,3.651768922805786,0.9864343606399741
25,10,/home/nabizadz/Projects/Mahsa/datasets/grid/test/s33/lrwo7s.mpg,234,250,4.472426414489746,0.9243650831810654
25,11,/home/nabizadz/Projects/Mahsa/datasets/grid/test/s33/bgid4n.mpg,77,93,3.4205799102783203,0.9881955963439768
25,12,/home/nabizadz/Projects/Mahsa/datasets/grid/test/s33/swwf6n.mpg,110,126,3.6071696281433105,0.9899456868652086
25,13,/home/nabizadz/Projects/Mahsa/datasets/grid/test/s33/sbaq7a.mpg,206,222,4.441538333892822,0.9433869745014436
25,14,/home/nabizadz/Projects/Mahsa/datasets/grid/test/s33/swal2n.mpg,16,32,3.5860495567321777,0.9905456408430519
25,15,/home/nabizadz/Projects/Mahsa/datasets/grid/test/s33/sgbs9a.mpg,94,110,3.138124465942383,0.970101686628784
26,0,/home/nabizadz/Projects/Mahsa/datasets/grid/test/s33/pbil5a.mpg,201,217,4.502080917358398,0.956275823648277
26,1,/home/nabizadz/Projects/Mahsa/datasets/grid/test/s33/lbba8n.mpg,119,135,3.580763578414917,0.9494678930344839
26,2,/home/nabizadz/Projects/Mahsa/datasets/grid/test/s33/lrbi1a.mpg,51,67,3.310399055480957,0.9585271672185738
26,3,/home/nabizadz/Projects/Mahsa/datasets/grid/test/s33/pgbh7a.mpg,276,292,4.322238445281982,0.9787786281727741
26,4,/home/nabizadz/Projects/Mahsa/datasets/grid/test/s33/pbbs4n.mpg,220,236,4.446221828460693,0.919492497074164
26,5,/home/nabizadz/Projects/Mahsa/datasets/grid/test/s33/pwba6p.mpg,125,141,3.811149835586548,0.982223346877105
26,6,/home/nabizadz/Projects/Mahsa/datasets/grid/test/s33/pgbh6p.mpg,212,228,4.291179656982422,0.9550803265531748
26,7,/home/nabizadz/Projects/Mahsa/datasets/grid/test/s33/bgwe9a.mpg,238,254,4.265156269073486,0.8010245277988121
26,8,/home/nabizadz/Projects/Mahsa/datasets/grid/test/s33/bbapzp.mpg,36,52,4.131484031677246,0.9999972721663899
26,9,/home/nabizadz/Projects/Mahsa/datasets/grid/test/s33/bwic9s.mpg,74,90,3.4857230186462402,0.9809846791239589
26,10,/home/nabizadz/Projects/Mahsa/datasets/grid/test/s33/sgif3a.mpg,54,70,2.4040229320526123,0.9835583434608424
26,11,/home/nabizadz/Projects/Mahsa/datasets/grid/test/s33/srie1a.mpg,166,182,4.386141777038574,0.9784282475942431
26,12,/home/nabizadz/Projects/Mahsa/datasets/grid/test/s33/swwm3a.mpg,39,55,3.7664310932159424,0.9875089774027226
26,13,/home/nabizadz/Projects/Mahsa/datasets/grid/test/s33/sbbq9s.mpg,34,50,4.02006721496582,0.997135045927597
26,14,/home/nabizadz/Projects/Mahsa/datasets/grid/test/s33/swir2n.mpg,131,147,3.2727644443511963,0.9730637276342882
26,15,/home/nabizadz/Projects/Mahsa/datasets/grid/test/s33/bwbq4n.mpg,222,238,4.260284423828125,0.8393954433555251
27,0,/home/nabizadz/Projects/Mahsa/datasets/grid/test/s33/pwba4n.mpg,42,58,2.9454712867736816,0.9664283217360637
27,1,/home/nabizadz/Projects/Mahsa/datasets/grid/test/s33/bgbe4p.mpg,265,281,4.413266181945801,0.9647441296378906
27,2,/home/nabizadz/Projects/Mahsa/datasets/grid/test/s33/bgij9s.mpg,161,177,4.267834186553955,0.9839384348948722
27,3,/home/nabizadz/Projects/Mahsa/datasets/grid/test/s33/lrbu7s.mpg,19,35,4.284387588500977,0.9997262493168083
27,4,/home/nabizadz/Projects/Mahsa/datasets/grid/test/s33/swie6p.mpg,68,84,3.1515989303588867,0.9822901073969962
27,5,/home/nabizadz/Projects/Mahsa/datasets/grid/test/s33/pwam9s.mpg,50,66,3.4205620288848877,0.9718906355584308
27,6,/home/nabizadz/Projects/Mahsa/datasets/grid/test/s33/lrbu8p.mpg,81,97,3.686697244644165,0.97550371848263
27,7,/home/nabizadz/Projects/Mahsa/datasets/grid/test/s33/sgiz4p.mpg,206,222,3.60996675491333,0.9649929838583499
27,8,/home/nabizadz/Projects/Mahsa/datasets/grid/test/s33/lgapzn.mpg,245,261,4.345780849456787,0.925662276718197
27,9,/home/nabizadz/Projects/Mahsa/datasets/grid/test/s33/srwr9s.mpg,174,190,3.4352505207061768,0.9612423213223039
27,10,/home/nabizadz/Projects/Mahsa/datasets/grid/test/s33/lrau2n.mpg,237,253,4.343461036682129,0.8215735084875467
27,11,/home/nabizadz/Projects/Mahsa/datasets/grid/test/s33/lbat8p.mpg,160,176,4.071062088012695,0.9691730074678482
27,12,/home/nabizadz/Projects/Mahsa/datasets/grid/test/s33/bgay3a.mpg,28,44,3.829974889755249,0.9941415103427392
27,13,/home/nabizadz/Projects/Mahsa/datasets/grid/test/s33/bbbp4p.mpg,176,192,3.7513961791992188,0.9641431653443129
27,14,/home/nabizadz/Projects/Mahsa/datasets/grid/test/s33/pwaa1s.mpg,66,82,3.2529821395874023,0.9725850031642038
27,15,/home/nabizadz/Projects/Mahsa/datasets/grid/test/s33/lrab3a.mpg,238,254,4.349476337432861,0.92848312755733
28,0,/home/nabizadz/Projects/Mahsa/datasets/grid/test/s33/pbbm2p.mpg,281,297,4.16734504699707,0.983486806066103
28,1,/home/nabizadz/Projects/Mahsa/datasets/grid/test/s33/swar6n.mpg,137,153,3.296708345413208,0.9701799306112481
28,2,/home/nabizadz/Projects/Mahsa/datasets/grid/test/s33/bwid1a.mpg,211,227,4.361063480377197,0.9387705392593293
28,3,/home/nabizadz/Projects/Mahsa/datasets/grid/test/s33/swwm1s.mpg,182,198,4.321585655212402,0.9640588161534829
28,4,/home/nabizadz/Projects/Mahsa/datasets/grid/test/s33/brwq5a.mpg,15,31,4.286096096038818,0.9999176700811486
28,5,/home/nabizadz/Projects/Mahsa/datasets/grid/test/s33/lwwv7s.mpg,265,281,4.25815486907959,0.9649120522581549
28,6,/home/nabizadz/Projects/Mahsa/datasets/grid/test/s33/praf8n.mpg,167,183,4.318443298339844,0.9244073617944503
28,7,/home/nabizadz/Projects/Mahsa/datasets/grid/test/s33/lwio3a.mpg,274,290,4.197941780090332,0.9513428685128067
28,8,/home/nabizadz/Projects/Mahsa/datasets/grid/test/s33/lgii4p.mpg,29,45,2.9205784797668457,0.9837149383661419
28,9,/home/nabizadz/Projects/Mahsa/datasets/grid/test/s33/brwx7s.mpg,181,197,4.230459690093994,0.9624148944612896
28,10,/home/nabizadz/Projects/Mahsa/datasets/grid/test/s33/bbav3s.mpg,31,47,4.327517032623291,0.9977933930711254
28,11,/home/nabizadz/Projects/Mahsa/datasets/grid/test/s33/swbf3s.mpg,208,224,4.320989608764648,0.9194472752518749
28,12,/home/nabizadz/Projects/Mahsa/datasets/grid/test/s33/pgan7a.mpg,129,145,3.742239475250244,0.9900789430047211
28,13,/home/nabizadz/Projects/Mahsa/datasets/grid/test/s33/bbwj2n.mpg,99,115,3.550740957260132,0.9589299545878467
28,14,/home/nabizadz/Projects/Mahsa/datasets/grid/test/s33/lrwi5a.mpg,197,213,4.318566799163818,0.9159199191430105
28,15,/home/nabizadz/Projects/Mahsa/datasets/grid/test/s33/srwr8n.mpg,206,222,4.3886003494262695,0.9517310740667357
29,0,/home/nabizadz/Projects/Mahsa/datasets/grid/test/s33/lrah7a.mpg,27,43,2.595036029815674,0.9904731056134223
29,1,/home/nabizadz/Projects/Mahsa/datasets/grid/test/s33/sbbe3a.mpg,207,223,4.365350246429443,0.9096587941107406
29,2,/home/nabizadz/Projects/Mahsa/datasets/grid/test/s33/lwbc1s.mpg,280,296,4.260110855102539,0.9904751498019287
29,3,/home/nabizadz/Projects/Mahsa/datasets/grid/test/s33/lwbv4p.mpg,241,257,4.343785762786865,0.9795037724309139
29,4,/home/nabizadz/Projects/Mahsa/datasets/grid/test/s33/bgid5s.mpg,266,282,4.2009406089782715,0.9742229087693571
29,5,/home/nabizadz/Projects/Mahsa/datasets/grid/test/s33/bgay2p.mpg,97,113,3.5918240547180176,0.9819776140125273
29,6,/home/nabizadz/Projects/Mahsa/datasets/grid/test/s33/prbm6n.mpg,15,31,3.62052583694458,0.9978432384385132
29,7,/home/nabizadz/Projects/Mahsa/datasets/grid/test/s33/sbix6p.mpg,95,111,3.6665048599243164,0.9749938513580857
29,8,/home/nabizadz/Projects/Mahsa/datasets/grid/test/s33/lbahzp.mpg,57,73,2.386523485183716,0.9451669276339238
29,9,/home/nabizadz/Projects/Mahsa/datasets/grid/test/s33/bbbv7s.mpg,99,115,3.591062307357788,0.9650094799816243
29,10,/home/nabizadz/Projects/Mahsa/datasets/grid/test/s33/pgbh5s.mpg,77,93,3.3088576793670654,0.9781686928019293
29,11,/home/nabizadz/Projects/Mahsa/datasets/grid/test/s33/sgbm4p.mpg,257,273,4.432414531707764,0.9793644255112234
29,12,/home/nabizadz/Projects/Mahsa/datasets/grid/test/s33/bric2n.mpg,201,217,4.339195251464844,0.9051589173733626
29,13,/home/nabizadz/Projects/Mahsa/datasets/grid/test/s33/lrit8n.mpg,37,53,4.2110090255737305,0.9996145805454143
29,14,/home/nabizadz/Projects/Mahsa/datasets/grid/test/s33/pbaz5s.mpg,215,231,4.312042713165283,0.9077749162931631
29,15,/home/nabizadz/Projects/Mahsa/datasets/grid/test/s33/bbac2p.mpg,191,207,4.2071757316589355,0.917591873324864
30,0,/home/nabizadz/Projects/Mahsa/datasets/grid/test/s33/brap5s.mpg,38,54,3.501645565032959,0.9720437687631082
30,1,/home/nabizadz/Projects/Mahsa/datasets/grid/test/s33/lrbb5s.mpg,261,277,4.411301136016846,0.9622103625589588
30,2,/home/nabizadz/Projects/Mahsa/datasets/grid/test/s33/bgaezp.mpg,49,65,3.3952133655548096,0.9792178449147875
30,3,/home/nabizadz/Projects/Mahsa/datasets/grid/test/s33/bwixzn.mpg,145,161,3.3884243965148926,0.9532357438198216
30,4,/home/nabizadz/Projects/Mahsa/datasets/grid/test/s33/brwx6n.mpg,96,112,3.173940420150757,0.9571006100214049
30,5,/home/nabizadz/Projects/Mahsa/datasets/grid/test/s33/lbwb4p.mpg,151,167,3.9471487998962402,0.9736412816970358
30,6,/home/nabizadz/Projects/Mahsa/datasets/grid/test/s33/sgis1a.mpg,33,49,3.9891152381896973,0.9946292910033497
30,7,/home/nabizadz/Projects/Mahsa/datasets/grid/test/s33/lrbb6p.mpg,62,78,3.39909029006958,0.9586748188413506
30,8,/home/nabizadz/Projects/Mahsa/datasets/grid/test/s33/lbbu3a.mpg,277,293,4.388484954833984,0.9399842579214598
30,9,/home/nabizadz/Projects/Mahsa/datasets/grid/test/s33/lwao4n.mpg,79,95,3.0274438858032227,0.960821693779288
30,10,/home/nabizadz/Projects/Mahsa/datasets/grid/test/s33/bgikzp.mpg,178,194,3.5191564559936523,0.9667267054398558
30,11,/home/nabizadz/Projects/Mahsa/datasets/grid/test/s33/lbat6n.mpg,53,69,3.506622552871704,0.9705939881568699
30,12,/home/nabizadz/Projects/Mahsa/datasets/grid/test/s33/pbifzp.mpg,176,192,3.7536680698394775,0.9581343942580012
30,13,/home/nabizadz/Projects/Mahsa/datasets/grid/test/s33/pbwm6p.mpg,165,181,3.7141990661621094,0.9689563065556935
30,14,/home/nabizadz/Projects/Mahsa/datasets/grid/test/s33/bbwp7s.mpg,241,257,4.386255741119385,0.9889850513354261
30,15,/home/nabizadz/Projects/Mahsa/datasets/grid/test/s33/sbbk7a.mpg,70,86,3.3664183616638184,0.9736991881499543
31,0,/home/nabizadz/Projects/Mahsa/datasets/grid/test/s33/lrabzn.mpg,108,124,2.652906894683838,0.9403360203436681
31,1,/home/nabizadz/Projects/Mahsa/datasets/grid/test/s33/sgwg2n.mpg,227,243,4.279236793518066,0.8955661126283736
31,2,/home/nabizadz/Projects/Mahsa/datasets/grid/test/s33/lwih8p.mpg,258,274,4.285240173339844,0.9087056527760775
31,3,/home/nabizadz/Projects/Mahsa/datasets/grid/test/s33/bgaq7s.mpg,193,209,4.33989953994751,0.9354209033289903
31,4,/home/nabizadz/Projects/Mahsa/datasets/grid/test/s33/bwwk6p.mpg,231,247,4.150757789611816,0.8728649552917925
31,5,/home/nabizadz/Projects/Mahsa/datasets/grid/test/s33/lwab7s.mpg,63,79,3.471836566925049,0.9629040574855601
31,6,/home/nabizadz/Projects/Mahsa/datasets/grid/test/s33/lgav5s.mpg,237,253,4.134154796600342,0.8416057206268955
31,7,/home/nabizadz/Projects/Mahsa/datasets/grid/test/s33/sgwg5a.mpg,139,155,3.0727791786193848,0.9646428306492008
31,8,/home/nabizadz/Projects/Mahsa/datasets/grid/test/s33/bgik1a.mpg,24,40,4.271556377410889,0.9999708880144269
31,9,/home/nabizadz/Projects/Mahsa/datasets/grid/test/s33/lrbo3s.mpg,128,144,3.3537936210632324,0.9643778212050899
31,10,/home/nabizadz/Projects/Mahsa/datasets/grid/test/s33/bwad4p.mpg,110,126,3.2292850017547607,0.960744008228221
31,11,/home/nabizadz/Projects/Mahsa/datasets/grid/test/s33/sriq8p.mpg,38,54,4.184101581573486,0.9848312383860237
31,12,/home/nabizadz/Projects/Mahsa/datasets/grid/test/s33/pgia4p.mpg,27,43,3.3539927005767822,0.9809103534225381
31,13,/home/nabizadz/Projects/Mahsa/datasets/grid/test/s33/bripzn.mpg,62,78,3.21891713142395,0.9648402214024189
31,14,/home/nabizadz/Projects/Mahsa/datasets/grid/test/s33/sbbrzp.mpg,94,110,3.5204062461853027,0.9627234512472024
31,15,/home/nabizadz/Projects/Mahsa/datasets/grid/test/s33/pwwbzp.mpg,220,236,4.382000923156738,0.9887722037383586
32,0,/home/nabizadz/Projects/Mahsa/datasets/grid/test/s33/pgwb5s.mpg,53,69,2.6353468894958496,0.9517182765997946
32,1,/home/nabizadz/Projects/Mahsa/datasets/grid/test/s33/bgby7a.mpg,106,122,3.7375025749206543,0.9690546545476246
32,2,/home/nabizadz/Projects/Mahsa/datasets/grid/test/s33/brwd6p.mpg,108,124,3.2420709133148193,0.9727427307509038
32,3,/home/nabizadz/Projects/Mahsa/datasets/grid/test/s33/pbal6n.mpg,262,278,4.3452558517456055,0.9326748589547645
32,4,/home/nabizadz/Projects/Mahsa/datasets/grid/test/s33/lgiv1s.mpg,33,49,2.310269832611084,0.9807983827762501
32,5,/home/nabizadz/Projects/Mahsa/datasets/grid/test/s33/pbaf3s.mpg,170,186,4.243393421173096,0.9756082281163346
32,6,/home/nabizadz/Projects/Mahsa/datasets/grid/test/s33/brwx9a.mpg,233,249,4.190855026245117,0.894848961254454
32,7,/home/nabizadz/Projects/Mahsa/datasets/grid/test/s33/pbaz7a.mpg,113,129,3.285222053527832,0.9751757772469565
32,8,/home/nabizadz/Projects/Mahsa/datasets/grid/test/s33/pwat2n.mpg,279,295,4.251109600067139,0.9807634340608814
32,9,/home/nabizadz/Projects/Mahsa/datasets/grid/test/s33/lbit5a.mpg,220,236,4.077779293060303,0.8899259126274577
32,10,/home/nabizadz/Projects/Mahsa/datasets/grid/test/s33/lbbb1a.mpg,99,115,3.8643972873687744,0.9629888244438156
32,11,/home/nabizadz/Projects/Mahsa/datasets/grid/test/s33/bbac1s.mpg,75,91,3.1316816806793213,0.9766699055152503
32,12,/home/nabizadz/Projects/Mahsa/datasets/grid/test/s33/pbif1a.mpg,119,135,3.7688090801239014,0.970529582530456
32,13,/home/nabizadz/Projects/Mahsa/datasets/grid/test/s33/brbd1s.mpg,256,272,4.407194137573242,0.9604900742260492
32,14,/home/nabizadz/Projects/Mahsa/datasets/grid/test/s33/lrih1s.mpg,208,224,4.26539421081543,0.8650408890372723
32,15,/home/nabizadz/Projects/Mahsa/datasets/grid/test/s33/pbbz9s.mpg,31,47,3.529076337814331,0.9743982792659499
33,0,/home/nabizadz/Projects/Mahsa/datasets/grid/test/s33/swiy7s.mpg,141,157,3.3132200241088867,0.9786799148176734
33,1,/home/nabizadz/Projects/Mahsa/datasets/grid/test/s33/lwbv5a.mpg,267,283,4.146918773651123,0.9961982250539002
33,2,/home/nabizadz/Projects/Mahsa/datasets/grid/test/s33/pbie9s.mpg,60,76,3.3571698665618896,0.964508091210194
33,3,/home/nabizadz/Projects/Mahsa/datasets/grid/test/s33/pragzp.mpg,64,80,3.554232358932495,0.9786679612244488
33,4,/home/nabizadz/Projects/Mahsa/datasets/grid/test/s33/bwbk1s.mpg,115,131,3.5067663192749023,0.9781932702247159
33,5,/home/nabizadz/Projects/Mahsa/datasets/grid/test/s33/bgbr1s.mpg,238,254,4.223368167877197,0.9670720251272106
33,6,/home/nabizadz/Projects/Mahsa/datasets/grid/test/s33/bwwk7a.mpg,81,97,3.2920033931732178,0.9690789580945689
33,7,/home/nabizadz/Projects/Mahsa/datasets/grid/test/s33/srar2p.mpg,198,214,4.271496295928955,0.901374564089635
33,8,/home/nabizadz/Projects/Mahsa/datasets/grid/test/s33/pbaf4p.mpg,251,267,4.379829406738281,0.9537077359401848
33,9,/home/nabizadz/Projects/Mahsa/datasets/grid/test/s33/lwau8n.mpg,251,267,4.3050360679626465,0.9814438608937904
33,10,/home/nabizadz/Projects/Mahsa/datasets/grid/test/s33/bwwe1s.mpg,233,249,4.134281158447266,0.8121139611904812
33,11,/home/nabizadz/Projects/Mahsa/datasets/grid/test/s33/bbii1s.mpg,228,244,4.46946907043457,0.890388390315183
33,12,/home/nabizadz/Projects/Mahsa/datasets/grid/test/s33/briv5s.mpg,25,41,3.3674771785736084,0.9640453709349697
33,13,/home/nabizadz/Projects/Mahsa/datasets/grid/test/s33/lbia1s.mpg,80,96,3.199178457260132,0.9201234387248404
33,14,/home/nabizadz/Projects/Mahsa/datasets/grid/test/s33/pbiz1s.mpg,237,253,4.170054912567139,0.8830668531575904
33,15,/home/nabizadz/Projects/Mahsa/datasets/grid/test/s33/sbij7s.mpg,50,66,2.1112093925476074,0.987122515767772
34,0,/home/nabizadz/Projects/Mahsa/datasets/grid/test/s33/brbp9s.mpg,131,147,3.4663376808166504,0.9774051107776864
34,1,/home/nabizadz/Projects/Mahsa/datasets/grid/test/s33/lwbv2n.mpg,26,42,3.549123525619507,0.978952227134161
34,2,/home/nabizadz/Projects/Mahsa/datasets/grid/test/s33/pgwu6n.mpg,276,292,4.373779296875,0.9561645937100988
34,3,/home/nabizadz/Projects/Mahsa/datasets/grid/test/s33/lrwi4p.mpg,13,29,4.116203308105469,0.9997727533044154
34,4,/home/nabizadz/Projects/Mahsa/datasets/grid/test/s33/bwwy5a.mpg,124,140,3.764453887939453,0.9797128313315951
34,5,/home/nabizadz/Projects/Mahsa/datasets/grid/test/s33/lbin1a.mpg,210,226,4.189766883850098,0.899682629600754
34,6,/home/nabizadz/Projects/Mahsa/datasets/grid/test/s33/lbwh6n.mpg,205,221,4.394418239593506,0.9756899119659996
34,7,/home/nabizadz/Projects/Mahsa/datasets/grid/test/s33/lwbpzp.mpg,273,289,4.443944454193115,0.973933937660488
34,8,/home/nabizadz/Projects/Mahsa/datasets/grid/test/s33/pbwtzp.mpg,6,22,3.8929994106292725,0.9870085992025508
34,9,/home/nabizadz/Projects/Mahsa/datasets/grid/test/s33/lrbo4p.mpg,13,29,4.165499210357666,0.9990937118323175
34,10,/home/nabizadz/Projects/Mahsa/datasets/grid/test/s33/brwj8n.mpg,253,269,4.178219795227051,0.9162282946243772
34,11,/home/nabizadz/Projects/Mahsa/datasets/grid/test/s33/lgai6n.mpg,173,189,4.062719821929932,0.9269043155644502
34,12,/home/nabizadz/Projects/Mahsa/datasets/grid/test/s33/lgbv8n.mpg,273,289,4.364853858947754,0.9681531545044996
34,13,/home/nabizadz/Projects/Mahsa/datasets/grid/test/s33/bbwj4p.mpg,96,112,3.721888780593872,0.9800830950376199
34,14,/home/nabizadz/Projects/Mahsa/datasets/grid/test/s33/pwwu2p.mpg,118,134,3.7593142986297607,0.9754360322926173
34,15,/home/nabizadz/Projects/Mahsa/datasets/grid/test/s33/lwab6n.mpg,237,253,4.301304817199707,0.8261507274590292
35,0,/home/nabizadz/Projects/Mahsa/datasets/grid/test/s33/bwax7a.mpg,115,131,4.080822467803955,0.9919347793174547
35,1,/home/nabizadz/Projects/Mahsa/datasets/grid/test/s33/lria8p.mpg,227,243,4.455649375915527,0.9074517776802249
35,2,/home/nabizadz/Projects/Mahsa/datasets/grid/test/s33/brbx5a.mpg,183,199,4.3748064041137695,0.9932767010223009
35,3,/home/nabizadz/Projects/Mahsa/datasets/grid/test/s33/brip1s.mpg,174,190,4.374755859375,0.9817653665965804
35,4,/home/nabizadz/Projects/Mahsa/datasets/grid/test/s33/sbbe2p.mpg,70,86,3.5561747550964355,0.9674125093919578
35,5,/home/nabizadz/Projects/Mahsa/datasets/grid/test/s33/swar7s.mpg,118,134,3.080007314682007,0.9658424768483573
35,6,/home/nabizadz/Projects/Mahsa/datasets/grid/test/s33/brii9a.mpg,12,28,4.017645359039307,0.9932007582211029
35,7,/home/nabizadz/Projects/Mahsa/datasets/grid/test/s33/bbwp6n.mpg,250,266,4.05255651473999,0.8660820416828162
35,8,/home/nabizadz/Projects/Mahsa/datasets/grid/test/s33/lwib3s.mpg,84,100,3.7071666717529297,0.9453684482820227
35,9,/home/nabizadz/Projects/Mahsa/datasets/grid/test/s33/lrau3s.mpg,169,185,4.344442844390869,0.961727527266585
35,10,/home/nabizadz/Projects/Mahsa/datasets/grid/test/s33/lwwj1a.mpg,132,148,3.6420998573303223,0.9752778985194114
35,11,/home/nabizadz/Projects/Mahsa/datasets/grid/test/s33/bbbi9s.mpg,239,255,4.452989101409912,0.9026050470454711
35,12,/home/nabizadz/Projects/Mahsa/datasets/grid/test/s33/prbazp.mpg,237,253,4.3623948097229,0.9224950030731139
35,13,/home/nabizadz/Projects/Mahsa/datasets/grid/test/s33/pwbg8n.mpg,122,138,3.4845871925354004,0.9816890064912402
35,14,/home/nabizadz/Projects/Mahsa/datasets/grid/test/s33/pbiz3a.mpg,240,256,4.287692546844482,0.9730579871279752
35,15,/home/nabizadz/Projects/Mahsa/datasets/grid/test/s33/pgaa7s.mpg,276,292,4.281749725341797,0.9162938877601896
36,0,/home/nabizadz/Projects/Mahsa/datasets/grid/test/s33/pbbmzn.mpg,50,66,3.273676633834839,0.9453993430081653
36,1,/home/nabizadz/Projects/Mahsa/datasets/grid/test/s33/lbaa7a.mpg,131,147,3.965648651123047,0.9874627999709032
36,2,/home/nabizadz/Projects/Mahsa/datasets/grid/test/s33/lwiu6p.mpg,42,58,3.3226561546325684,0.9877080614533376
36,3,/home/nabizadz/Projects/Mahsa/datasets/grid/test/s33/lwwp2n.mpg,189,205,3.9904298782348633,0.8301787197890872
36,4,/home/nabizadz/Projects/Mahsa/datasets/grid/test/s33/pwwn8p.mpg,250,266,4.267510890960693,0.8844429617623097
36,5,/home/nabizadz/Projects/Mahsa/datasets/grid/test/s33/lwwv6n.mpg,27,43,4.177800178527832,0.9901793248683305
36,6,/home/nabizadz/Projects/Mahsa/datasets/grid/test/s33/lbat7s.mpg,78,94,3.582216501235962,0.9694386643329375
36,7,/home/nabizadz/Projects/Mahsa/datasets/grid/test/s33/sbid5a.mpg,40,56,3.363058090209961,0.9766938073235348
36,8,/home/nabizadz/Projects/Mahsa/datasets/grid/test/s33/sgir9s.mpg,141,157,3.6764075756073,0.9802838639045915
36,9,/home/nabizadz/Projects/Mahsa/datasets/grid/test/s33/swae9s.mpg,161,177,4.24328088760376,0.9655397376541661
36,10,/home/nabizadz/Projects/Mahsa/datasets/grid/test/s33/bwix3a.mpg,119,135,3.347614049911499,0.974484737411198
36,11,/home/nabizadz/Projects/Mahsa/datasets/grid/test/s33/bwwk4n.mpg,35,51,3.648557424545288,0.9858128595992958
36,12,/home/nabizadz/Projects/Mahsa/datasets/grid/test/s33/brwq4p.mpg,249,265,4.0686750411987305,0.9101550741006551
36,13,/home/nabizadz/Projects/Mahsa/datasets/grid/test/s33/bgaq6n.mpg,221,237,4.304193496704102,0.8431890751412968
36,14,/home/nabizadz/Projects/Mahsa/datasets/grid/test/s33/bwwy2n.mpg,101,117,3.687971591949463,0.9823558254792281
36,15,/home/nabizadz/Projects/Mahsa/datasets/grid/test/s33/lgwx3s.mpg,275,291,4.261174201965332,0.955180818915504
37,0,/home/nabizadz/Projects/Mahsa/datasets/grid/test/s33/bwwezn.mpg,205,221,4.3184990882873535,0.9014631558660444
37,1,/home/nabizadz/Projects/Mahsa/datasets/grid/test/s33/bbbc7a.mpg,112,128,3.1966917514801025,0.9675086868662083
37,2,/home/nabizadz/Projects/Mahsa/datasets/grid/test/s33/bbbp5a.mpg,273,289,4.383992671966553,0.9756552686073499
37,3,/home/nabizadz/Projects/Mahsa/datasets/grid/test/s33/sbwe7a.mpg,247,263,4.287745952606201,0.8551193600885407
37,4,/home/nabizadz/Projects/Mahsa/datasets/grid/test/s33/pgia3s.mpg,124,140,3.7000811100006104,0.9600663806152293
37,5,/home/nabizadz/Projects/Mahsa/datasets/grid/test/s33/lgiv3a.mpg,17,33,3.444188117980957,0.994042557678574
37,6,/home/nabizadz/Projects/Mahsa/datasets/grid/test/s33/bwaqzn.mpg,281,297,4.254608154296875,0.9444315784627287
37,7,/home/nabizadz/Projects/Mahsa/datasets/grid/test/s33/pbwm5s.mpg,33,49,3.6976075172424316,0.9791264359697175
37,8,/home/nabizadz/Projects/Mahsa/datasets/grid/test/s33/pwba7a.mpg,203,219,4.317304611206055,0.9240869104519178
37,9,/home/nabizadz/Projects/Mahsa/datasets/grid/test/s33/srae5a.mpg,67,83,3.3412749767303467,0.9787108114836788
37,10,/home/nabizadz/Projects/Mahsa/datasets/grid/test/s33/prwn1s.mpg,161,177,3.374267101287842,0.975771215493007
37,11,/home/nabizadz/Projects/Mahsa/datasets/grid/test/s33/pbbz8n.mpg,169,185,4.1244401931762695,0.9565580437685272
37,12,/home/nabizadz/Projects/Mahsa/datasets/grid/test/s33/brac6n.mpg,82,98,3.0580170154571533,0.9842369694124696
37,13,/home/nabizadz/Projects/Mahsa/datasets/grid/test/s33/sbij6n.mpg,152,168,3.4126319885253906,0.9596920362745176
37,14,/home/nabizadz/Projects/Mahsa/datasets/grid/test/s33/lrbb7a.mpg,34,50,3.2878530025482178,0.9503980840059721
37,15,/home/nabizadz/Projects/Mahsa/datasets/grid/test/s33/pbil4p.mpg,138,154,3.741515874862671,0.9483871483002307
38,0,/home/nabizadz/Projects/Mahsa/datasets/grid/test/s33/lrin6p.mpg,178,194,4.295603275299072,0.9886186012455077
38,1,/home/nabizadz/Projects/Mahsa/datasets/grid/test/s33/swbs3a.mpg,273,289,4.36997652053833,0.9855586581139107
38,2,/home/nabizadz/Projects/Mahsa/datasets/grid/test/s33/lgwj7a.mpg,30,46,4.096080303192139,0.9974692856198665
38,3,/home/nabizadz/Projects/Mahsa/datasets/grid/test/s33/sbwr2n.mpg,198,214,4.331283092498779,0.9402486941939076
38,4,/home/nabizadz/Projects/Mahsa/datasets/grid/test/s33/srae4p.mpg,218,234,3.8257150650024414,0.8205534784603334
38,5,/home/nabizadz/Projects/Mahsa/datasets/grid/test/s33/bwbd8p.mpg,70,86,3.040827989578247,0.9833462620079221
38,6,/home/nabizadz/Projects/Mahsa/datasets/grid/test/s33/bbiv1a.mpg,1,17,4.119859218597412,0.9968774922818907
38,7,/home/nabizadz/Projects/Mahsa/datasets/grid/test/s33/swbl6n.mpg,243,259,4.235101699829102,0.8840272759644932
38,8,/home/nabizadz/Projects/Mahsa/datasets/grid/test/s33/pwwn6n.mpg,187,203,4.217443466186523,0.9470844660958545
38,9,/home/nabizadz/Projects/Mahsa/datasets/grid/test/s33/bwic8n.mpg,208,224,4.161301612854004,0.8422721188003879
38,10,/home/nabizadz/Projects/Mahsa/datasets/grid/test/s33/pwam8n.mpg,150,166,3.4853224754333496,0.9741944626783804
38,11,/home/nabizadz/Projects/Mahsa/datasets/grid/test/s33/lbwo3a.mpg,274,290,4.2366557121276855,0.9808731125717189
38,12,/home/nabizadz/Projects/Mahsa/datasets/grid/test/s33/pras7s.mpg,81,97,3.033263921737671,0.9603205707695135
38,13,/home/nabizadz/Projects/Mahsa/datasets/grid/test/s33/briv4n.mpg,231,247,4.337746620178223,0.8435531233142877
38,14,/home/nabizadz/Projects/Mahsa/datasets/grid/test/s33/pwaazn.mpg,132,148,3.239264965057373,0.9719782260260618
38,15,/home/nabizadz/Projects/Mahsa/datasets/grid/test/s33/sgbs7s.mpg,229,245,4.301061153411865,0.916062438405328
39,0,/home/nabizadz/Projects/Mahsa/datasets/grid/test/s33/sgiz2n.mpg,264,280,4.1812543869018555,0.9303034719964083
39,1,/home/nabizadz/Projects/Mahsa/datasets/grid/test/s33/pgahzn.mpg,246,262,4.20711088180542,0.8457854104557745
39,2,/home/nabizadz/Projects/Mahsa/datasets/grid/test/s33/sgaf5s.mpg,156,172,3.8030002117156982,0.9636492514484192
39,3,/home/nabizadz/Projects/Mahsa/datasets/grid/test/s33/lbah1a.mpg,40,56,3.188762903213501,0.9558559268171472
39,4,/home/nabizadz/Projects/Mahsa/datasets/grid/test/s33/bbwx2p.mpg,226,242,4.123781681060791,0.968219312633243
39,5,/home/nabizadz/Projects/Mahsa/datasets/grid/test/s33/bbio7a.mpg,163,179,3.814422607421875,0.9701068668254358
39,6,/home/nabizadz/Projects/Mahsa/datasets/grid/test/s33/srwl6p.mpg,182,198,4.345335483551025,0.9858053865972501
39,7,/home/nabizadz/Projects/Mahsa/datasets/grid/test/s33/sgaf4n.mpg,181,197,3.570892810821533,0.8303489352033058
39,8,/home/nabizadz/Projects/Mahsa/datasets/grid/test/s33/sgaz7s.mpg,271,287,4.190873622894287,0.9184601358685731
39,9,/home/nabizadz/Projects/Mahsa/datasets/grid/test/s33/pras8p.mpg,103,119,2.888430595397949,0.9765953459080075
39,10,/home/nabizadz/Projects/Mahsa/datasets/grid/test/s33/braj3a.mpg,226,242,4.001347064971924,0.8243481235223636
39,11,/home/nabizadz/Projects/Mahsa/datasets/grid/test/s33/bgbrzn.mpg,93,109,3.4244208335876465,0.9733572584369912
39,12,/home/nabizadz/Projects/Mahsa/datasets/grid/test/s33/prwa4p.mpg,11,27,4.345397472381592,0.9933226451166883
39,13,/home/nabizadz/Projects/Mahsa/datasets/grid/test/s33/pwbt8p.mpg,198,214,4.289154052734375,0.9594356325341766
39,14,/home/nabizadz/Projects/Mahsa/datasets/grid/test/s33/braj2p.mpg,150,166,3.247109889984131,0.9449096536465184
39,15,/home/nabizadz/Projects/Mahsa/datasets/grid/test/s33/pbiz2p.mpg,136,152,3.661728858947754,0.9653433910108533
40,0,/home/nabizadz/Projects/Mahsa/datasets/grid/test/s33/srbe7s.mpg,52,68,3.3787012100219727,0.9878539650139275
40,1,/home/nabizadz/Projects/Mahsa/datasets/grid/test/s33/bwbq7a.mpg,78,94,3.367924213409424,0.9640160195075265
40,2,/home/nabizadz/Projects/Mahsa/datasets/grid/test/s33/swiy6n.mpg,45,61,3.1586287021636963,0.9789367086461518
40,3,/home/nabizadz/Projects/Mahsa/datasets/grid/test/s33/bwix1s.mpg,282,298,4.237925052642822,0.9712554620392966
40,4,/home/nabizadz/Projects/Mahsa/datasets/grid/test/s33/pwwh2n.mpg,60,76,3.236692428588867,0.9759068535629523
40,5,/home/nabizadz/Projects/Mahsa/datasets/grid/test/s33/pwbt7s.mpg,10,26,4.374636173248291,0.9832220227231073
40,6,/home/nabizadz/Projects/Mahsa/datasets/grid/test/s33/sgbm5a.mpg,146,162,3.8107447624206543,0.9713204639666106
40,7,/home/nabizadz/Projects/Mahsa/datasets/grid/test/s33/sgamzp.mpg,150,166,3.154987096786499,0.9550061139456101
40,8,/home/nabizadz/Projects/Mahsa/datasets/grid/test/s33/lbit2n.mpg,153,169,3.559264898300171,0.9747505879752459
40,9,/home/nabizadz/Projects/Mahsa/datasets/grid/test/s33/bwaj7s.mpg,84,100,3.2828102111816406,0.9833972196172277
40,10,/home/nabizadz/Projects/Mahsa/datasets/grid/test/s33/pwig2p.mpg,170,186,3.841003894805908,0.9782037052279623
40,11,/home/nabizadz/Projects/Mahsa/datasets/grid/test/s33/pgbb3a.mpg,139,155,3.8154921531677246,0.9839570395835647
40,12,/home/nabizadz/Projects/Mahsa/datasets/grid/test/s33/lwai3a.mpg,168,184,4.001687049865723,0.906770642259499
40,13,/home/nabizadz/Projects/Mahsa/datasets/grid/test/s33/bgbr3a.mpg,237,253,4.229546070098877,0.9263520060647049
40,14,/home/nabizadz/Projects/Mahsa/datasets/grid/test/s33/pgbn9s.mpg,109,125,3.153700351715088,0.976508066947344
40,15,/home/nabizadz/Projects/Mahsa/datasets/grid/test/s33/bgwy8n.mpg,139,155,3.0584661960601807,0.9675631939249377
41,0,/home/nabizadz/Projects/Mahsa/datasets/grid/test/s33/lwbczn.mpg,212,228,4.435428142547607,0.912876762798203
41,1,/home/nabizadz/Projects/Mahsa/datasets/grid/test/s33/bwidzp.mpg,282,298,4.290765762329102,0.9985415976246953
41,2,/home/nabizadz/Projects/Mahsa/datasets/grid/test/s33/bgbk7s.mpg,37,53,3.7213222980499268,0.9613583578785737
41,3,/home/nabizadz/Projects/Mahsa/datasets/grid/test/s33/prwa2n.mpg,188,204,4.064620494842529,0.8022236692503254
41,4,/home/nabizadz/Projects/Mahsa/datasets/grid/test/s33/prbg4p.mpg,51,67,3.443114757537842,0.9715626515553188
41,5,/home/nabizadz/Projects/Mahsa/datasets/grid/test/s33/sbbe1s.mpg,272,288,4.227824687957764,0.9669148494724643
41,6,/home/nabizadz/Projects/Mahsa/datasets/grid/test/s33/lgio9a.mpg,147,163,3.8075125217437744,0.9762448686436714
41,7,/home/nabizadz/Projects/Mahsa/datasets/grid/test/s33/lran8n.mpg,131,147,3.8604440689086914,0.9730779125087458
41,8,/home/nabizadz/Projects/Mahsa/datasets/grid/test/s33/bbwxzn.mpg,82,98,3.427367687225342,0.9598200831559768
41,9,/home/nabizadz/Projects/Mahsa/datasets/grid/test/s33/swbf4p.mpg,123,139,3.313481092453003,0.9709971451088307
41,10,/home/nabizadz/Projects/Mahsa/datasets/grid/test/s33/srwz4p.mpg,234,250,4.201661586761475,0.9557739160439167
41,11,/home/nabizadz/Projects/Mahsa/datasets/grid/test/s33/swir5a.mpg,25,41,3.9609322547912598,0.995595342543413
41,12,/home/nabizadz/Projects/Mahsa/datasets/grid/test/s33/praf9s.mpg,29,45,4.223846435546875,0.9999469465585835
41,13,/home/nabizadz/Projects/Mahsa/datasets/grid/test/s33/swilzp.mpg,133,149,3.405245304107666,0.9602372057080353
41,14,/home/nabizadz/Projects/Mahsa/datasets/grid/test/s33/pril8n.mpg,51,67,3.473942279815674,0.9789795344498622
41,15,/home/nabizadz/Projects/Mahsa/datasets/grid/test/s33/bbbj1a.mpg,167,183,4.342373371124268,0.9887095595740889
42,0,/home/nabizadz/Projects/Mahsa/datasets/grid/test/s33/pgah1s.mpg,176,192,4.217806816101074,0.9662000518735276
42,1,/home/nabizadz/Projects/Mahsa/datasets/grid/test/s33/bwby1a.mpg,30,46,3.794576644897461,0.9408945964498989
42,2,/home/nabizadz/Projects/Mahsa/datasets/grid/test/s33/lwwc4n.mpg,262,278,4.265688419342041,0.9552738467314903
42,3,/home/nabizadz/Projects/Mahsa/datasets/grid/test/s33/sbiqzn.mpg,66,82,3.4078140258789062,0.979181192662568
42,4,/home/nabizadz/Projects/Mahsa/datasets/grid/test/s33/pgin3a.mpg,232,248,4.216388702392578,0.8401114342582573
42,5,/home/nabizadz/Projects/Mahsa/datasets/grid/test/s33/lrau4p.mpg,118,134,3.5899581909179688,0.9680279309534228
42,6,/home/nabizadz/Projects/Mahsa/datasets/grid/test/s33/lbbuzn.mpg,146,162,3.8944220542907715,0.944242522702831
42,7,/home/nabizadz/Projects/Mahsa/datasets/grid/test/s33/priz7s.mpg,195,211,4.390519142150879,0.9797165477810426
42,8,/home/nabizadz/Projects/Mahsa/datasets/grid/test/s33/pwan1a.mpg,82,98,3.4598522186279297,0.9771307075214557
42,9,/home/nabizadz/Projects/Mahsa/datasets/grid/test/s33/pgat8n.mpg,73,89,3.4069888591766357,0.9731633963063455
42,10,/home/nabizadz/Projects/Mahsa/datasets/grid/test/s33/lgai7s.mpg,195,211,4.304078578948975,0.9560288111748761
42,11,/home/nabizadz/Projects/Mahsa/datasets/grid/test/s33/brip2p.mpg,191,207,4.29953670501709,0.9506998456574128
42,12,/home/nabizadz/Projects/Mahsa/datasets/grid/test/s33/lrwv2p.mpg,243,259,4.3095808029174805,0.9848422634054526
42,13,/home/nabizadz/Projects/Mahsa/datasets/grid/test/s33/sgaz8p.mpg,26,42,3.779165267944336,0.9948927119404086
42,14,/home/nabizadz/Projects/Mahsa/datasets/grid/test/s33/lbwh7s.mpg,120,136,3.438297748565674,0.9640956997707139
42,15,/home/nabizadz/Projects/Mahsa/datasets/grid/test/s33/pgia2n.mpg,134,150,3.3200225830078125,0.9704949286621042
43,0,/home/nabizadz/Projects/Mahsa/datasets/grid/test/s33/bgwl3a.mpg,269,285,4.332453727722168,0.9683516120767782
43,1,/home/nabizadz/Projects/Mahsa/datasets/grid/test/s33/bgby5s.mpg,51,67,3.325227737426758,0.964300326072617
43,2,/home/nabizadz/Projects/Mahsa/datasets/grid/test/s33/brap7a.mpg,44,60,3.401736259460449,0.9693912591863152
43,3,/home/nabizadz/Projects/Mahsa/datasets/grid/test/s33/pbas3a.mpg,199,215,4.2881011962890625,0.9054257273521835
43,4,/home/nabizadz/Projects/Mahsa/datasets/grid/test/s33/brbj4n.mpg,127,143,3.5804505348205566,0.9741590050355753
43,5,/home/nabizadz/Projects/Mahsa/datasets/grid/test/s33/bwbq5s.mpg,22,38,3.9825055599212646,0.9989831509580445
43,6,/home/nabizadz/Projects/Mahsa/datasets/grid/test/s33/lgap1s.mpg,228,244,4.456887722015381,0.9220030176817446
43,7,/home/nabizadz/Projects/Mahsa/datasets/grid/test/s33/lgic1a.mpg,245,261,4.296409606933594,0.853671647733626
43,8,/home/nabizadz/Projects/Mahsa/datasets/grid/test/s33/bwaj9a.mpg,63,79,3.5010809898376465,0.9765190091330421
43,9,/home/nabizadz/Projects/Mahsa/datasets/grid/test/s33/pbal7s.mpg,72,88,3.2686963081359863,0.9762061726974991
43,10,/home/nabizadz/Projects/Mahsa/datasets/grid/test/s33/lgii2n.mpg,232,248,4.070243835449219,0.9393475524903933
43,11,/home/nabizadz/Projects/Mahsa/datasets/grid/test/s33/pgau1a.mpg,111,127,3.2943172454833984,0.9476875139525511
43,12,/home/nabizadz/Projects/Mahsa/datasets/grid/test/s33/sbbk6p.mpg,76,92,3.34860897064209,0.9700742474415862
43,13,/home/nabizadz/Projects/Mahsa/datasets/grid/test/s33/lbbn9a.mpg,12,28,3.822925567626953,0.9710825344701918
43,14,/home/nabizadz/Projects/Mahsa/datasets/grid/test/s33/bwbd6n.mpg,167,183,4.228878974914551,0.9760403675134323
43,15,/home/nabizadz/Projects/Mahsa/datasets/grid/test/s33/brav9s.mpg,189,205,4.29166841506958,0.9540643992429007
44,0,/home/nabizadz/Projects/Mahsa/datasets/grid/test/s33/srid8n.mpg,172,188,4.337141036987305,0.9693383397168085
44,1,/home/nabizadz/Projects/Mahsa/datasets/grid/test/s33/pbil2n.mpg,181,197,4.182215690612793,0.9145019449599919
44,2,/home/nabizadz/Projects/Mahsa/datasets/grid/test/s33/bgbk6n.mpg,72,88,3.313308000564575,0.9783022921771091
44,3,/home/nabizadz/Projects/Mahsa/datasets/grid/test/s33/srbr7a.mpg,272,288,4.283173084259033,0.9565128214246857
44,4,/home/nabizadz/Projects/Mahsa/datasets/grid/test/s33/lgib8n.mpg,194,210,4.285558223724365,0.8954326031687385
44,5,/home/nabizadz/Projects/Mahsa/datasets/grid/test/s33/swik9s.mpg,92,108,3.173105001449585,0.9342514781139877
44,6,/home/nabizadz/Projects/Mahsa/datasets/grid/test/s33/pgah3a.mpg,139,155,3.507890462875366,0.9872258475254603
44,7,/home/nabizadz/Projects/Mahsa/datasets/grid/test/s33/lrao1a.mpg,123,139,2.613375425338745,0.9625091849458132
44,8,/home/nabizadz/Projects/Mahsa/datasets/grid/test/s33/lgio8p.mpg,42,58,3.8215324878692627,0.9858896469672939
44,9,/home/nabizadz/Projects/Mahsa/datasets/grid/test/s33/srwz3s.mpg,266,282,4.3877739906311035,0.9462446965200966
44,10,/home/nabizadz/Projects/Mahsa/datasets/grid/test/s33/lgbp6p.mpg,128,144,3.585009813308716,0.9820702708185522
44,11,/home/nabizadz/Projects/Mahsa/datasets/grid/test/s33/lwib2n.mpg,117,133,3.6881420612335205,0.965302076047111
44,12,/home/nabizadz/Projects/Mahsa/datasets/grid/test/s33/pbal8p.mpg,26,42,4.2215681076049805,0.9924255526787282
44,13,/home/nabizadz/Projects/Mahsa/datasets/grid/test/s33/brbj5s.mpg,5,21,4.228330135345459,0.9999438741864982
44,14,/home/nabizadz/Projects/Mahsa/datasets/grid/test/s33/bbbp2n.mpg,135,151,3.889831304550171,0.9816197597023965
44,15,/home/nabizadz/Projects/Mahsa/datasets/grid/test/s33/lban4p.mpg,2,18,3.5632848739624023,0.9934035896260408
45,0,/home/nabizadz/Projects/Mahsa/datasets/grid/test/s33/bbbc6p.mpg,25,41,4.322664737701416,0.9955749772115239
45,1,/home/nabizadz/Projects/Mahsa/datasets/grid/test/s33/sgil7a.mpg,139,155,3.1443428993225098,0.951795260306451
45,2,/home/nabizadz/Projects/Mahsa/datasets/grid/test/s33/lwiu5s.mpg,258,274,4.121428489685059,0.897817275983011
45,3,/home/nabizadz/Projects/Mahsa/datasets/grid/test/s33/lwwi9s.mpg,163,179,4.295019626617432,0.9475434957316983
45,4,/home/nabizadz/Projects/Mahsa/datasets/grid/test/s33/lria9a.mpg,266,282,4.265127182006836,0.9852483793823639
45,5,/home/nabizadz/Projects/Mahsa/datasets/grid/test/s33/sriy3a.mpg,187,203,4.117159843444824,0.9243017287082362
45,6,/home/nabizadz/Projects/Mahsa/datasets/grid/test/s33/lgiczp.mpg,68,84,3.8470568656921387,0.9670947721710659
45,7,/home/nabizadz/Projects/Mahsa/datasets/grid/test/s33/bwaq1s.mpg,219,235,3.914447546005249,0.8253211733871226
45,8,/home/nabizadz/Projects/Mahsa/datasets/grid/test/s33/bbbc5s.mpg,106,122,3.4294862747192383,0.9710501077758128
45,9,/home/nabizadz/Projects/Mahsa/datasets/grid/test/s33/sgir8n.mpg,256,272,4.272489547729492,0.8573556213101188
45,10,/home/nabizadz/Projects/Mahsa/datasets/grid/test/s33/prba1a.mpg,134,150,3.8341972827911377,0.9837427996442705
45,11,/home/nabizadz/Projects/Mahsa/datasets/grid/test/s33/swaz2p.mpg,271,287,4.373748302459717,0.9419259342691745
45,12,/home/nabizadz/Projects/Mahsa/datasets/grid/test/s33/pwbh1a.mpg,6,22,4.33870267868042,0.9967659356908009
45,13,/home/nabizadz/Projects/Mahsa/datasets/grid/test/s33/pbaf5a.mpg,83,99,3.233088970184326,0.9807805469497225
45,14,/home/nabizadz/Projects/Mahsa/datasets/grid/test/s33/prwnzn.mpg,1,17,4.424269676208496,0.9995218864416201
45,15,/home/nabizadz/Projects/Mahsa/datasets/grid/test/s33/pwwa9s.mpg,179,195,4.389898777008057,0.9647167518044474
46,0,/home/nabizadz/Projects/Mahsa/datasets/grid/test/s33/sbby4p.mpg,264,280,4.413980960845947,0.9935856964521467
46,1,/home/nabizadz/Projects/Mahsa/datasets/grid/test/s33/bgwr6p.mpg,58,74,3.4981296062469482,0.9731723627798582
46,2,/home/nabizadz/Projects/Mahsa/datasets/grid/test/s33/bbbv6n.mpg,125,141,3.6276137828826904,0.9768915169083369
46,3,/home/nabizadz/Projects/Mahsa/datasets/grid/test/s33/bwad2n.mpg,231,247,4.235970973968506,0.9546994790980171
46,4,/home/nabizadz/Projects/Mahsa/datasets/grid/test/s33/lbwozn.mpg,18,34,4.075896263122559,0.9999052617095708
46,5,/home/nabizadz/Projects/Mahsa/datasets/grid/test/s33/bgwzzp.mpg,105,121,3.772545099258423,0.9886704577249329
46,6,/home/nabizadz/Projects/Mahsa/datasets/grid/test/s33/pris2n.mpg,9,25,4.010076999664307,0.9989090367097215
46,7,/home/nabizadz/Projects/Mahsa/datasets/grid/test/s33/lgwd3a.mpg,110,126,2.7754974365234375,0.9560968592517296
46,8,/home/nabizadz/Projects/Mahsa/datasets/grid/test/s33/sgbf8n.mpg,50,66,3.324070930480957,0.9766682415308322
46,9,/home/nabizadz/Projects/Mahsa/datasets/grid/test/s33/bbwp9a.mpg,84,100,3.3116555213928223,0.9634310518036096
46,10,/home/nabizadz/Projects/Mahsa/datasets/grid/test/s33/bwbx8n.mpg,76,92,3.0757174491882324,0.976357970063701
46,11,/home/nabizadz/Projects/Mahsa/datasets/grid/test/s33/pwwn9a.mpg,252,268,4.111194610595703,0.9054547731031092
46,12,/home/nabizadz/Projects/Mahsa/datasets/grid/test/s33/srar3a.mpg,1,17,4.047827243804932,0.9981577241030397
46,13,/home/nabizadz/Projects/Mahsa/datasets/grid/test/s33/sriy2p.mpg,138,154,3.300737142562866,0.9496405956787212
46,14,/home/nabizadz/Projects/Mahsa/datasets/grid/test/s33/sgil4n.mpg,162,178,3.8910164833068848,0.9761817117688913
46,15,/home/nabizadz/Projects/Mahsa/datasets/grid/test/s33/pgit6p.mpg,6,22,3.5774433612823486,0.999650279373958
47,0,/home/nabizadz/Projects/Mahsa/datasets/grid/test/s33/lwbc2p.mpg,236,252,4.218760967254639,0.9159802697723822
47,1,/home/nabizadz/Projects/Mahsa/datasets/grid/test/s33/sgifzn.mpg,102,118,3.2971601486206055,0.967633216928782
47,2,/home/nabizadz/Projects/Mahsa/datasets/grid/test/s33/sgaz9a.mpg,255,271,4.332016944885254,0.9383410149424473
47,3,/home/nabizadz/Projects/Mahsa/datasets/grid/test/s33/pwba5s.mpg,35,51,3.388702154159546,0.97269223935861
47,4,/home/nabizadz/Projects/Mahsa/datasets/grid/test/s33/pwag4n.mpg,109,125,3.571469783782959,0.9615798976289981
47,5,/home/nabizadz/Projects/Mahsa/datasets/grid/test/s33/lbbh4p.mpg,58,74,3.5937554836273193,0.9629910963387803
47,6,/home/nabizadz/Projects/Mahsa/datasets/grid/test/s33/srbe9a.mpg,63,79,3.5425431728363037,0.979198371415986
47,7,/home/nabizadz/Projects/Mahsa/datasets/grid/test/s33/srwz2n.mpg,145,161,3.1802711486816406,0.9540202348039502
47,8,/home/nabizadz/Projects/Mahsa/datasets/grid/test/s33/sbiq1s.mpg,263,279,4.3219780921936035,0.9472702756229907
47,9,/home/nabizadz/Projects/Mahsa/datasets/grid/test/s33/lgav4n.mpg,98,114,2.490638017654419,0.962392531710257
47,10,/home/nabizadz/Projects/Mahsa/datasets/grid/test/s33/bgayzn.mpg,14,30,4.111614227294922,0.9989311356568016
47,11,/home/nabizadz/Projects/Mahsa/datasets/grid/test/s33/srwl4n.mpg,87,103,3.2291946411132812,0.963409267116344
47,12,/home/nabizadz/Projects/Mahsa/datasets/grid/test/s33/lgap2p.mpg,177,193,4.088327407836914,0.9785353562173877
47,13,/home/nabizadz/Projects/Mahsa/datasets/grid/test/s33/lbbh2n.mpg,254,270,4.216879844665527,0.9365431405885757
47,14,/home/nabizadz/Projects/Mahsa/datasets/grid/test/s33/lgbx1a.mpg,5,21,4.343129634857178,0.9999509110707472
47,15,/home/nabizadz/Projects/Mahsa/datasets/grid/test/s33/brav8n.mpg,16,32,3.476799249649048,0.9946391585419426
48,0,/home/nabizadz/Projects/Mahsa/datasets/grid/test/s33/brbqzp.mpg,17,33,4.269351959228516,0.9999999999999993
48,1,/home/nabizadz/Projects/Mahsa/datasets/grid/test/s33/swik8n.mpg,125,141,3.28940486907959,0.9661971148047906
48,2,/home/nabizadz/Projects/Mahsa/datasets/grid/test/s33/bwix2p.mpg,49,65,3.401350259780884,0.9307603967192148
48,3,/home/nabizadz/Projects/Mahsa/datasets/grid/test/s33/brwq2n.mpg,89,105,3.4756975173950195,0.9614099953879678
48,4,/home/nabizadz/Projects/Mahsa/datasets/grid/test/s33/lwib5a.mpg,95,111,3.908952474594116,0.9804202548309343
48,5,/home/nabizadz/Projects/Mahsa/datasets/grid/test/s33/pram5a.mpg,33,49,3.4512593746185303,0.9796572406489614
48,6,/home/nabizadz/Projects/Mahsa/datasets/grid/test/s33/bgix7s.mpg,157,173,3.7077016830444336,0.956513416797417
48,7,/home/nabizadz/Projects/Mahsa/datasets/grid/test/s33/lgwp9s.mpg,53,69,3.354919195175171,0.9482395871134923
48,8,/home/nabizadz/Projects/Mahsa/datasets/grid/test/s33/lgii3s.mpg,231,247,4.149017810821533,0.957927022883551
48,9,/home/nabizadz/Projects/Mahsa/datasets/grid/test/s33/bgix6n.mpg,132,148,3.5387299060821533,0.9631838733058457
48,10,/home/nabizadz/Projects/Mahsa/datasets/grid/test/s33/sgwm7s.mpg,193,209,3.7545957565307617,0.8928448738662162
48,11,/home/nabizadz/Projects/Mahsa/datasets/grid/test/s33/pbbf6n.mpg,33,49,3.5937697887420654,0.9707246465083734
48,12,/home/nabizadz/Projects/Mahsa/datasets/grid/test/s33/pwim7a.mpg,271,287,4.370274066925049,0.9817717395545323
48,13,/home/nabizadz/Projects/Mahsa/datasets/grid/test/s33/sgil6p.mpg,233,249,4.323721408843994,0.896495804547562
48,14,/home/nabizadz/Projects/Mahsa/datasets/grid/test/s33/bbwp8p.mpg,10,26,3.5408518314361572,0.995362271156082
48,15,/home/nabizadz/Projects/Mahsa/datasets/grid/test/s33/swae8n.mpg,61,77,3.1872332096099854,0.9796135827306501
49,0,/home/nabizadz/Projects/Mahsa/datasets/grid/test/s33/braj1s.mpg,191,207,3.6926918029785156,0.9712678399295308
49,1,/home/nabizadz/Projects/Mahsa/datasets/grid/test/s33/prwn3a.mpg,180,196,3.234248399734497,0.9660367729236118
49,2,/home/nabizadz/Projects/Mahsa/datasets/grid/test/s33/bwbq6p.mpg,182,198,3.523951768875122,0.9690021053228239
49,3,/home/nabizadz/Projects/Mahsa/datasets/grid/test/s33/lban3s.mpg,225,241,4.252601623535156,0.8472772298412694
49,4,/home/nabizadz/Projects/Mahsa/datasets/grid/test/s33/bwax5s.mpg,37,53,3.4329757690429688,0.949499348641118
49,5,/home/nabizadz/Projects/Mahsa/datasets/grid/test/s33/lbit4p.mpg,75,91,3.698901414871216,0.967912860363325
49,6,/home/nabizadz/Projects/Mahsa/datasets/grid/test/s33/brii8p.mpg,160,176,3.3627445697784424,0.9329225114174711
49,7,/home/nabizadz/Projects/Mahsa/datasets/grid/test/s33/pbil3s.mpg,91,107,3.3565566539764404,0.9295741156383196
49,8,/home/nabizadz/Projects/Mahsa/datasets/grid/test/s33/lwbi5s.mpg,267,283,4.200107097625732,0.9265681219931158
49,9,/home/nabizadz/Projects/Mahsa/datasets/grid/test/s33/lwbp1a.mpg,2,18,4.259130477905273,0.9999972756446805
49,10,/home/nabizadz/Projects/Mahsa/datasets/grid/test/s33/prwa3s.mpg,59,75,2.7787716388702393,0.964858490238388
49,11,/home/nabizadz/Projects/Mahsa/datasets/grid/test/s33/sbakzn.mpg,167,183,3.893876314163208,0.9778334474027609
49,12,/home/nabizadz/Projects/Mahsa/datasets/grid/test/s33/lwwp4p.mpg,60,76,3.3233838081359863,0.96217599735335
49,13,/home/nabizadz/Projects/Mahsa/datasets/grid/test/s33/srak6n.mpg,104,120,3.3699824810028076,0.9878752287547092
49,14,/home/nabizadz/Projects/Mahsa/datasets/grid/test/s33/swaf1a.mpg,207,223,4.393790245056152,0.9233867020886283
49,15,/home/nabizadz/Projects/Mahsa/datasets/grid/test/s33/pbwg3a.mpg,185,201,4.426860332489014,0.9675227480400657
50,0,/home/nabizadz/Projects/Mahsa/datasets/grid/test/s33/bwip7s.mpg,129,145,3.353609085083008,0.9669115903118026
50,1,/home/nabizadz/Projects/Mahsa/datasets/grid/test/s33/lrwb9s.mpg,81,97,3.5804834365844727,0.9793317405047604
50,2,/home/nabizadz/Projects/Mahsa/datasets/grid/test/s33/bgaq8p.mpg,209,225,4.374176979064941,0.9340226210820897
50,3,/home/nabizadz/Projects/Mahsa/datasets/grid/test/s33/pginzn.mpg,58,74,2.6361019611358643,0.9495904296116829
50,4,/home/nabizadz/Projects/Mahsa/datasets/grid/test/s33/srbl1s.mpg,82,98,3.9208786487579346,0.9686639411312044
50,5,/home/nabizadz/Projects/Mahsa/datasets/grid/test/s33/swiy9a.mpg,201,217,4.329290390014648,0.9055178767630436
50,6,/home/nabizadz/Projects/Mahsa/datasets/grid/test/s33/bwax6p.mpg,119,135,2.8710732460021973,0.9744713882510134
50,7,/home/nabizadz/Projects/Mahsa/datasets/grid/test/s33/sbwr5a.mpg,201,217,4.315188884735107,0.922587216760456
50,8,/home/nabizadz/Projects/Mahsa/datasets/grid/test/s33/sbaq4n.mpg,159,175,4.232987880706787,0.9664529708069388
50,9,/home/nabizadz/Projects/Mahsa/datasets/grid/test/s33/briv7a.mpg,36,52,3.4759809970855713,0.9598224570218166
50,10,/home/nabizadz/Projects/Mahsa/datasets/grid/test/s33/lgbc8p.mpg,40,56,2.7443079948425293,0.9603616299757801
50,11,/home/nabizadz/Projects/Mahsa/datasets/grid/test/s33/lbig5s.mpg,53,69,3.1523427963256836,0.9620409113196124
50,12,/home/nabizadz/Projects/Mahsa/datasets/grid/test/s33/sbwlzp.mpg,213,229,4.4187493324279785,0.9674124063922204
50,13,/home/nabizadz/Projects/Mahsa/datasets/grid/test/s33/pram3s.mpg,73,89,3.061171054840088,0.9702493521887331
50,14,/home/nabizadz/Projects/Mahsa/datasets/grid/test/s33/pbbs5s.mpg,272,288,4.300837993621826,0.9602173492740883
50,15,/home/nabizadz/Projects/Mahsa/datasets/grid/test/s33/prag1a.mpg,146,162,3.2491626739501953,0.9569048726030835
51,0,/home/nabizadz/Projects/Mahsa/datasets/grid/test/s33/bgix9a.mpg,223,239,4.327503204345703,0.9137299582740882
51,1,/home/nabizadz/Projects/Mahsa/datasets/grid/test/s33/pgia5a.mpg,132,148,3.167515754699707,0.9710207476862011
51,2,/home/nabizadz/Projects/Mahsa/datasets/grid/test/s33/lgbv9s.mpg,69,85,3.354998826980591,0.9638073179107828
51,3,/home/nabizadz/Projects/Mahsa/datasets/grid/test/s33/srwl5s.mpg,133,149,3.64776349067688,0.9844409010718354
51,4,/home/nabizadz/Projects/Mahsa/datasets/grid/test/s33/pbwt1a.mpg,109,125,3.64121675491333,0.9635860427019113
51,5,/home/nabizadz/Projects/Mahsa/datasets/grid/test/s33/lgivzn.mpg,19,35,4.330911636352539,0.9999871525070868
51,6,/home/nabizadz/Projects/Mahsa/datasets/grid/test/s33/brbx3s.mpg,105,121,3.951565742492676,0.9845027860854777
51,7,/home/nabizadz/Projects/Mahsa/datasets/grid/test/s33/swil1a.mpg,101,117,3.712808847427368,0.9755189346100456
51,8,/home/nabizadz/Projects/Mahsa/datasets/grid/test/s33/lban5a.mpg,78,94,2.7003042697906494,0.9638088667595717
51,9,/home/nabizadz/Projects/Mahsa/datasets/grid/test/s33/bwij4p.mpg,281,297,2.3019089698791504,0.947409470044706
51,10,/home/nabizadz/Projects/Mahsa/datasets/grid/test/s33/bbii2p.mpg,29,45,4.172085762023926,0.9999569579271417
51,11,/home/nabizadz/Projects/Mahsa/datasets/grid/test/s33/pgan4n.mpg,269,285,4.140953063964844,0.9095500151537698
51,12,/home/nabizadz/Projects/Mahsa/datasets/grid/test/s33/brbdzn.mpg,252,268,4.323977947235107,0.9569627240580627
51,13,/home/nabizadz/Projects/Mahsa/datasets/grid/test/s33/pbizzn.mpg,179,195,4.2303466796875,0.9853085552365625
51,14,/home/nabizadz/Projects/Mahsa/datasets/grid/test/s33/lrwv3a.mpg,95,111,3.7899434566497803,0.9797594219390549
51,15,/home/nabizadz/Projects/Mahsa/datasets/grid/test/s33/brap6p.mpg,49,65,3.1414968967437744,0.9524679005833613
52,0,/home/nabizadz/Projects/Mahsa/datasets/grid/test/s33/lrit9s.mpg,225,241,4.351624965667725,0.8425555557934479
52,1,/home/nabizadz/Projects/Mahsa/datasets/grid/test/s33/pwwb1a.mpg,240,256,4.187136173248291,0.8693778851286975
52,2,/home/nabizadz/Projects/Mahsa/datasets/grid/test/s33/sbaq5s.mpg,181,197,4.261331558227539,0.956826524025229
52,3,/home/nabizadz/Projects/Mahsa/datasets/grid/test/s33/prbg2n.mpg,9,25,4.411454200744629,0.9998672176743402
52,4,/home/nabizadz/Projects/Mahsa/datasets/grid/test/s33/lbwb5a.mpg,130,146,3.469855546951294,0.9596329350150561
52,5,/home/nabizadz/Projects/Mahsa/datasets/grid/test/s33/bgiq3s.mpg,14,30,3.649444103240967,0.9969906621048575
52,6,/home/nabizadz/Projects/Mahsa/datasets/grid/test/s33/bbbv9a.mpg,265,281,4.267978191375732,0.9752350305557974
52,7,/home/nabizadz/Projects/Mahsa/datasets/grid/test/s33/sbwy8p.mpg,118,134,3.425032615661621,0.9772363304590309
52,8,/home/nabizadz/Projects/Mahsa/datasets/grid/test/s33/swie4n.mpg,10,26,3.8600893020629883,0.9987361648320331
52,9,/home/nabizadz/Projects/Mahsa/datasets/grid/test/s33/sgbg1a.mpg,93,109,2.9546942710876465,0.9722304992572247
52,10,/home/nabizadz/Projects/Mahsa/datasets/grid/test/s33/prbm7s.mpg,203,219,4.2909016609191895,0.9198924311902562
52,11,/home/nabizadz/Projects/Mahsa/datasets/grid/test/s33/lgav7a.mpg,278,294,4.120842456817627,0.963797367364611
52,12,/home/nabizadz/Projects/Mahsa/datasets/grid/test/s33/lwab9a.mpg,56,72,2.8026976585388184,0.9479427300497377
52,13,/home/nabizadz/Projects/Mahsa/datasets/grid/test/s33/bbiizn.mpg,217,233,4.264729976654053,0.9731452491364945
52,14,/home/nabizadz/Projects/Mahsa/datasets/grid/test/s33/sgbs6n.mpg,187,203,4.388948917388916,0.9783944963132806
52,15,/home/nabizadz/Projects/Mahsa/datasets/grid/test/s33/bbwj3s.mpg,232,248,4.232619285583496,0.9054305561391798
53,0,/home/nabizadz/Projects/Mahsa/datasets/grid/test/s33/sray6p.mpg,256,272,3.5611650943756104,0.8754176916936587
53,1,/home/nabizadz/Projects/Mahsa/datasets/grid/test/s33/bgby6p.mpg,46,62,3.256218433380127,0.9740328898985777
53,2,/home/nabizadz/Projects/Mahsa/datasets/grid/test/s33/srik5a.mpg,20,36,4.141687870025635,0.9863508473406859
53,3,/home/nabizadz/Projects/Mahsa/datasets/grid/test/s33/lgwp8n.mpg,29,45,3.745227813720703,0.9901321405374136
53,4,/home/nabizadz/Projects/Mahsa/datasets/grid/test/s33/lrwb8n.mpg,107,123,3.715031623840332,0.9722958081616813
53,5,/home/nabizadz/Projects/Mahsa/datasets/grid/test/s33/prwg7s.mpg,155,171,3.62260365486145,0.9790391530004672
53,6,/home/nabizadz/Projects/Mahsa/datasets/grid/test/s33/sbayzp.mpg,230,246,4.306246280670166,0.9592600110210457
53,7,/home/nabizadz/Projects/Mahsa/datasets/grid/test/s33/lrwc1a.mpg,50,66,2.175690174102783,0.9592880856246492
53,8,/home/nabizadz/Projects/Mahsa/datasets/grid/test/s33/swar8p.mpg,192,208,4.101438522338867,0.9475883974358641
53,9,/home/nabizadz/Projects/Mahsa/datasets/grid/test/s33/pgbu2n.mpg,120,136,3.259366273880005,0.956811103007745
53,10,/home/nabizadz/Projects/Mahsa/datasets/grid/test/s33/lgwj4n.mpg,222,238,4.381354808807373,0.8885288093964765
53,11,/home/nabizadz/Projects/Mahsa/datasets/grid/test/s33/bbwd1a.mpg,99,115,2.945727825164795,0.963292453982854
53,12,/home/nabizadz/Projects/Mahsa/datasets/grid/test/s33/lrab1s.mpg,260,276,4.297754287719727,0.8466119306558585
53,13,/home/nabizadz/Projects/Mahsa/datasets/grid/test/s33/bgak4p.mpg,37,53,3.2959463596343994,0.946829245567815
53,14,/home/nabizadz/Projects/Mahsa/datasets/grid/test/s33/sgwt2p.mpg,213,229,4.390402317047119,0.922763243770208
53,15,/home/nabizadz/Projects/Mahsa/datasets/grid/test/s33/lwwv8p.mpg,227,243,4.312903881072998,0.9847093752273354
54,0,/home/nabizadz/Projects/Mahsa/datasets/grid/test/s33/lbba9s.mpg,89,105,3.588016986846924,0.9696085929694861
54,1,/home/nabizadz/Projects/Mahsa/datasets/grid/test/s33/bwaq2p.mpg,253,269,4.346292972564697,0.9216286756186224
54,2,/home/nabizadz/Projects/Mahsa/datasets/grid/test/s33/lwiozn.mpg,145,161,3.7200183868408203,0.9557863558697605
54,3,/home/nabizadz/Projects/Mahsa/datasets/grid/test/s33/pbbm3a.mpg,244,260,4.405216217041016,0.9631592963089236
54,4,/home/nabizadz/Projects/Mahsa/datasets/grid/test/s33/sbwe6p.mpg,248,264,4.372097492218018,0.8697638412306185
54,5,/home/nabizadz/Projects/Mahsa/datasets/grid/test/s33/bwaq3a.mpg,22,38,4.11936616897583,0.9960077490195886
54,6,/home/nabizadz/Projects/Mahsa/datasets/grid/test/s33/lbwo1s.mpg,123,139,2.846144199371338,0.9598354319652636
54,7,/home/nabizadz/Projects/Mahsa/datasets/grid/test/s33/pwbn3s.mpg,205,221,4.146143436431885,0.8864090439448599
54,8,/home/nabizadz/Projects/Mahsa/datasets/grid/test/s33/sbwk8n.mpg,30,46,4.3209428787231445,0.9968268685894652
54,9,/home/nabizadz/Projects/Mahsa/datasets/grid/test/s33/lwib4p.mpg,262,278,4.354064464569092,0.9373143566711934
54,10,/home/nabizadz/Projects/Mahsa/datasets/grid/test/s33/prif6p.mpg,123,139,3.210164785385132,0.9820519738391685
54,11,/home/nabizadz/Projects/Mahsa/datasets/grid/test/s33/lwbi4n.mpg,48,64,3.5078041553497314,0.9623761009770512
54,12,/home/nabizadz/Projects/Mahsa/datasets/grid/test/s33/lbbu2p.mpg,187,203,4.207156658172607,0.9055820734691503
54,13,/home/nabizadz/Projects/Mahsa/datasets/grid/test/s33/swir3s.mpg,2,18,4.409323692321777,0.9995450794121733
54,14,/home/nabizadz/Projects/Mahsa/datasets/grid/test/s33/swws5s.mpg,270,286,4.196232795715332,0.90737569641768
54,15,/home/nabizadz/Projects/Mahsa/datasets/grid/test/s33/swaz1s.mpg,56,72,2.9959850311279297,0.9884775381089267
55,0,/home/nabizadz/Projects/Mahsa/datasets/grid/test/s33/lwao6p.mpg,239,255,3.765232563018799,0.9703712803459512
55,1,/home/nabizadz/Projects/Mahsa/datasets/grid/test/s33/pris4p.mpg,58,74,3.107487678527832,0.9580517564932522
55,2,/home/nabizadz/Projects/Mahsa/datasets/grid/test/s33/pwitzp.mpg,186,202,3.645904064178467,0.9535755844204129
55,3,/home/nabizadz/Projects/Mahsa/datasets/grid/test/s33/pgwb7a.mpg,248,264,3.8572633266448975,0.8841212671130065
55,4,/home/nabizadz/Projects/Mahsa/datasets/grid/test/s33/pwat3s.mpg,266,282,4.355722904205322,0.9834919390520499
55,5,/home/nabizadz/Projects/Mahsa/datasets/grid/test/s33/pril9s.mpg,20,36,3.9047765731811523,0.9994508614508902
55,6,/home/nabizadz/Projects/Mahsa/datasets/grid/test/s33/bgwlzn.mpg,212,228,4.382935047149658,0.9012562095632012
55,7,/home/nabizadz/Projects/Mahsa/datasets/grid/test/s33/sbwr4p.mpg,284,300,4.3209686279296875,0.9667996765182041
55,8,/home/nabizadz/Projects/Mahsa/datasets/grid/test/s33/bbai5s.mpg,237,253,4.32093620300293,0.9702211903576925
55,9,/home/nabizadz/Projects/Mahsa/datasets/grid/test/s33/swbf5a.mpg,4,20,4.216302871704102,0.9904448664897184
55,10,/home/nabizadz/Projects/Mahsa/datasets/grid/test/s33/brbj6p.mpg,156,172,3.8126683235168457,0.9624584283324398
55,11,/home/nabizadz/Projects/Mahsa/datasets/grid/test/s33/lwwc5s.mpg,195,211,4.316499710083008,0.9230987872418076
55,12,/home/nabizadz/Projects/Mahsa/datasets/grid/test/s33/srik3s.mpg,38,54,3.180039405822754,0.9694767362040511
55,13,/home/nabizadz/Projects/Mahsa/datasets/grid/test/s33/bwbx9s.mpg,191,207,3.887022018432617,0.9401744702807117
55,14,/home/nabizadz/Projects/Mahsa/datasets/grid/test/s33/brbq1a.mpg,245,261,4.324260234832764,0.8838518241283866
55,15,/home/nabizadz/Projects/Mahsa/datasets/grid/test/s33/sgas3s.mpg,130,146,3.657197952270508,0.9784179436451895
56,0,/home/nabizadz/Projects/Mahsa/datasets/grid/test/s33/briv6p.mpg,94,110,3.114680290222168,0.9705653096566698
56,1,/home/nabizadz/Projects/Mahsa/datasets/grid/test/s33/pwag7a.mpg,94,110,3.2169878482818604,0.9688495339691586
56,2,/home/nabizadz/Projects/Mahsa/datasets/grid/test/s33/pgwizp.mpg,143,159,3.069826126098633,0.9506136516485518
56,3,/home/nabizadz/Projects/Mahsa/datasets/grid/test/s33/brip3a.mpg,96,112,3.2905375957489014,0.9577922458888398
56,4,/home/nabizadz/Projects/Mahsa/datasets/grid/test/s33/pgig6n.mpg,121,137,3.562565565109253,0.9844731819186101
56,5,/home/nabizadz/Projects/Mahsa/datasets/grid/test/s33/lgwdzn.mpg,92,108,3.7515077590942383,0.9807824472010834
56,6,/home/nabizadz/Projects/Mahsa/datasets/grid/test/s33/pbwg1s.mpg,214,230,4.302975654602051,0.8865370078254879
56,7,/home/nabizadz/Projects/Mahsa/datasets/grid/test/s33/lbat9a.mpg,148,164,4.300743579864502,0.9834156744064497
56,8,/home/nabizadz/Projects/Mahsa/datasets/grid/test/s33/lrin4n.mpg,256,272,4.230907917022705,0.9999952360105849
56,9,/home/nabizadz/Projects/Mahsa/datasets/grid/test/s33/lwwp3s.mpg,194,210,4.356254577636719,0.8787464112632929
56,10,/home/nabizadz/Projects/Mahsa/datasets/grid/test/s33/brbd2p.mpg,20,36,3.9368348121643066,0.9993938525792565
56,11,/home/nabizadz/Projects/Mahsa/datasets/grid/test/s33/bwbkzn.mpg,74,90,3.3276376724243164,0.9736978420328498
56,12,/home/nabizadz/Projects/Mahsa/datasets/grid/test/s33/priz9a.mpg,276,292,4.345738410949707,0.9679707960778844
56,13,/home/nabizadz/Projects/Mahsa/datasets/grid/test/s33/bgaq9a.mpg,214,230,4.268969535827637,0.9296374151336196
56,14,/home/nabizadz/Projects/Mahsa/datasets/grid/test/s33/prbt2p.mpg,252,268,4.142548084259033,0.917491868739119
56,15,/home/nabizadz/Projects/Mahsa/datasets/grid/test/s33/pbir6n.mpg,161,177,3.8262388706207275,0.9799705222550321
57,0,/home/nabizadz/Projects/Mahsa/datasets/grid/test/s33/sgwtzn.mpg,222,238,4.3713579177856445,0.9691113875639138
57,1,/home/nabizadz/Projects/Mahsa/datasets/grid/test/s33/srak7s.mpg,179,195,3.5668623447418213,0.8757529603747292
57,2,/home/nabizadz/Projects/Mahsa/datasets/grid/test/s33/sbwy6n.mpg,264,280,4.284187316894531,0.9083270387352179
57,3,/home/nabizadz/Projects/Mahsa/datasets/grid/test/s33/bbwx3a.mpg,109,125,3.553187131881714,0.9889669358430262
57,4,/home/nabizadz/Projects/Mahsa/datasets/grid/test/s33/lwai1s.mpg,169,185,4.302609920501709,0.965053459384184
57,5,/home/nabizadz/Projects/Mahsa/datasets/grid/test/s33/sgwm8p.mpg,69,85,3.363858699798584,0.9558977233598066
57,6,/home/nabizadz/Projects/Mahsa/datasets/grid/test/s33/pwis9s.mpg,235,251,4.3193039894104,0.9952830740046895
57,7,/home/nabizadz/Projects/Mahsa/datasets/grid/test/s33/bgbe2n.mpg,260,276,4.38408899307251,0.9518949095941202
57,8,/home/nabizadz/Projects/Mahsa/datasets/grid/test/s33/lbbn7s.mpg,134,150,3.4281227588653564,0.9651016827064816
57,9,/home/nabizadz/Projects/Mahsa/datasets/grid/test/s33/lbag8n.mpg,231,247,4.280594825744629,0.8549062632157329
57,10,/home/nabizadz/Projects/Mahsa/datasets/grid/test/s33/pbbs6p.mpg,180,196,3.4462292194366455,0.9471224709029973
57,11,/home/nabizadz/Projects/Mahsa/datasets/grid/test/s33/pwig3a.mpg,98,114,3.6971545219421387,0.9744696307056665
57,12,/home/nabizadz/Projects/Mahsa/datasets/grid/test/s33/pgwo4p.mpg,46,62,3.024817943572998,0.9692885068169639
57,13,/home/nabizadz/Projects/Mahsa/datasets/grid/test/s33/braxzp.mpg,234,250,4.331962585449219,0.9000582058648168
57,14,/home/nabizadz/Projects/Mahsa/datasets/grid/test/s33/swiy8p.mpg,183,199,4.06387996673584,0.9753315351621245
57,15,/home/nabizadz/Projects/Mahsa/datasets/grid/test/s33/lgbp7a.mpg,53,69,2.928006410598755,0.9590512717731124
58,0,/home/nabizadz/Projects/Mahsa/datasets/grid/test/s33/pwwh5a.mpg,177,193,4.367891311645508,0.9972293611972131
58,1,/home/nabizadz/Projects/Mahsa/datasets/grid/test/s33/pbaf2n.mpg,8,24,4.143939018249512,0.9858325317004746
58,2,/home/nabizadz/Projects/Mahsa/datasets/grid/test/s33/lbia3a.mpg,9,25,3.9410250186920166,0.996218177211117
58,3,/home/nabizadz/Projects/Mahsa/datasets/grid/test/s33/lgii5a.mpg,68,84,2.820645809173584,0.9550822936799047
58,4,/home/nabizadz/Projects/Mahsa/datasets/grid/test/s33/lbwu7a.mpg,93,109,3.7196402549743652,0.9658314159477541
58,5,/home/nabizadz/Projects/Mahsa/datasets/grid/test/s33/srid9s.mpg,237,253,4.15299654006958,0.876840376764622
58,6,/home/nabizadz/Projects/Mahsa/datasets/grid/test/s33/lrwvzn.mpg,165,181,4.1805925369262695,0.983543370140552
58,7,/home/nabizadz/Projects/Mahsa/datasets/grid/test/s33/lrah5s.mpg,188,204,4.401249885559082,0.9517979458962821
58,8,/home/nabizadz/Projects/Mahsa/datasets/grid/test/s33/srwf2p.mpg,24,40,4.248025417327881,0.9863061680348353
58,9,/home/nabizadz/Projects/Mahsa/datasets/grid/test/s33/lbig6p.mpg,35,51,3.5968270301818848,0.9752649740685424
58,10,/home/nabizadz/Projects/Mahsa/datasets/grid/test/s33/pwat4p.mpg,122,138,3.7154788970947266,0.9764229696691902
58,11,/home/nabizadz/Projects/Mahsa/datasets/grid/test/s33/bbio5s.mpg,91,107,3.4543333053588867,0.978465425950477
58,12,/home/nabizadz/Projects/Mahsa/datasets/grid/test/s33/srwl7a.mpg,260,276,4.266382217407227,0.9401432058586755
58,13,/home/nabizadz/Projects/Mahsa/datasets/grid/test/s33/bwwy4p.mpg,189,205,4.151806831359863,0.9745883472283784
58,14,/home/nabizadz/Projects/Mahsa/datasets/grid/test/s33/sgbgzp.mpg,95,111,3.168445110321045,0.9720796812468468
58,15,/home/nabizadz/Projects/Mahsa/datasets/grid/test/s33/swafzp.mpg,221,237,4.432551860809326,0.9785734239864382
59,0,/home/nabizadz/Projects/Mahsa/datasets/grid/test/s33/pwbt9a.mpg,93,109,3.5718204975128174,0.9826608049594847
59,1,/home/nabizadz/Projects/Mahsa/datasets/grid/test/s33/bwwk5s.mpg,30,46,3.5508310794830322,0.9734865270864911
59,2,/home/nabizadz/Projects/Mahsa/datasets/grid/test/s33/swbz5s.mpg,7,23,4.211225509643555,0.9982147368059435
59,3,/home/nabizadz/Projects/Mahsa/datasets/grid/test/s33/sbbr1a.mpg,283,299,4.354158401489258,0.9942303216059369
59,4,/home/nabizadz/Projects/Mahsa/datasets/grid/test/s33/pgwh8n.mpg,168,184,4.240226745605469,0.9873437651289699
59,5,/home/nabizadz/Projects/Mahsa/datasets/grid/test/s33/swaz3a.mpg,168,184,3.640275716781616,0.9797999256193417
59,6,/home/nabizadz/Projects/Mahsa/datasets/grid/test/s33/bbao9s.mpg,153,169,4.1859822273254395,0.9768522056584629
59,7,/home/nabizadz/Projects/Mahsa/datasets/grid/test/s33/bwip9a.mpg,140,156,3.601919174194336,0.9524442534150227
59,8,/home/nabizadz/Projects/Mahsa/datasets/grid/test/s33/lgac2n.mpg,176,192,3.8073270320892334,0.9766118039701881
59,9,/home/nabizadz/Projects/Mahsa/datasets/grid/test/s33/bwbd9a.mpg,268,284,4.04902458190918,0.9393656981777947
59,10,/home/nabizadz/Projects/Mahsa/datasets/grid/test/s33/pgit7a.mpg,228,244,4.4789862632751465,0.9476703118050889
59,11,/home/nabizadz/Projects/Mahsa/datasets/grid/test/s33/prwg6n.mpg,27,43,3.9315645694732666,0.9931512129342216
59,12,/home/nabizadz/Projects/Mahsa/datasets/grid/test/s33/pwag6p.mpg,30,46,3.9632461071014404,0.9974609026548386
59,13,/home/nabizadz/Projects/Mahsa/datasets/grid/test/s33/sbaq6p.mpg,226,242,4.149064540863037,0.8710287525750996
59,14,/home/nabizadz/Projects/Mahsa/datasets/grid/test/s33/bbav2n.mpg,108,124,3.6779136657714844,0.9644462400491387
59,15,/home/nabizadz/Projects/Mahsa/datasets/grid/test/s33/srwszp.mpg,232,248,4.275536060333252,0.8741618532179651
60,0,/home/nabizadz/Projects/Mahsa/datasets/grid/test/s33/sriezp.mpg,45,61,4.052407264709473,0.9929255083138115
60,1,/home/nabizadz/Projects/Mahsa/datasets/grid/test/s33/lgbc7s.mpg,164,180,4.145605087280273,0.953826752429607
60,2,/home/nabizadz/Projects/Mahsa/datasets/grid/test/s33/pgwi1a.mpg,225,241,4.271845817565918,0.8725319177149271
60,3,/home/nabizadz/Projects/Mahsa/datasets/grid/test/s33/srbe8p.mpg,66,82,3.4286837577819824,0.9863515753017724
60,4,/home/nabizadz/Projects/Mahsa/datasets/grid/test/s33/pgit5s.mpg,104,120,3.1608474254608154,0.9683410178721151
60,5,/home/nabizadz/Projects/Mahsa/datasets/grid/test/s33/lrwczp.mpg,172,188,2.377929210662842,0.9527227960073227
60,6,/home/nabizadz/Projects/Mahsa/datasets/grid/test/s33/lbwu4n.mpg,273,289,4.216554641723633,0.9212653173938805
60,7,/home/nabizadz/Projects/Mahsa/datasets/grid/test/s33/pgan5s.mpg,254,270,4.384010314941406,0.9086972771440975
60,8,/home/nabizadz/Projects/Mahsa/datasets/grid/test/s33/lgwqzp.mpg,61,77,3.4202635288238525,0.9697982122102614
60,9,/home/nabizadz/Projects/Mahsa/datasets/grid/test/s33/bric4p.mpg,148,164,3.4615893363952637,0.980867950508322
60,10,/home/nabizadz/Projects/Mahsa/datasets/grid/test/s33/bbii3a.mpg,186,202,4.214014530181885,0.954167731203181
60,11,/home/nabizadz/Projects/Mahsa/datasets/grid/test/s33/lwio2p.mpg,239,255,4.290588855743408,0.8629476871520205
60,12,/home/nabizadz/Projects/Mahsa/datasets/grid/test/s33/pbas1s.mpg,39,55,3.423462390899658,0.9688457231884586
60,13,/home/nabizadz/Projects/Mahsa/datasets/grid/test/s33/pgat9s.mpg,240,256,4.140933513641357,0.8094977579128256
60,14,/home/nabizadz/Projects/Mahsa/datasets/grid/test/s33/brbj7a.mpg,39,55,3.0325536727905273,0.9709761837702826
60,15,/home/nabizadz/Projects/Mahsa/datasets/grid/test/s33/sbad7s.mpg,23,39,3.8141326904296875,0.9833463262038653
61,0,/home/nabizadz/Projects/Mahsa/datasets/grid/test/s33/brwk1a.mpg,251,267,4.325382709503174,0.9634607533112974
61,1,/home/nabizadz/Projects/Mahsa/datasets/grid/test/s33/sgwt1s.mpg,97,113,3.486741781234741,0.9801763146707967
61,2,/home/nabizadz/Projects/Mahsa/datasets/grid/test/s33/lriuzp.mpg,133,149,3.5038580894470215,0.9560764429255838
61,3,/home/nabizadz/Projects/Mahsa/datasets/grid/test/s33/pwat5a.mpg,131,147,3.4882802963256836,0.9647896635875011
61,4,/home/nabizadz/Projects/Mahsa/datasets/grid/test/s33/lriu1a.mpg,139,155,3.8812248706817627,0.9799587364630031
61,5,/home/nabizadz/Projects/Mahsa/datasets/grid/test/s33/lria6n.mpg,148,164,3.917241096496582,0.9727039536110063
61,6,/home/nabizadz/Projects/Mahsa/datasets/grid/test/s33/pgwo3s.mpg,224,240,4.107409954071045,0.8270572134896541
61,7,/home/nabizadz/Projects/Mahsa/datasets/grid/test/s33/srby8n.mpg,265,281,4.374595642089844,0.9280939329861003
61,8,/home/nabizadz/Projects/Mahsa/datasets/grid/test/s33/lwbo8n.mpg,205,221,4.528690338134766,0.9169034925406405
61,9,/home/nabizadz/Projects/Mahsa/datasets/grid/test/s33/lgac5a.mpg,108,124,3.45004940032959,0.9502717591057822
61,10,/home/nabizadz/Projects/Mahsa/datasets/grid/test/s33/prbt3a.mpg,152,168,3.774167776107788,0.9813858987904331
61,11,/home/nabizadz/Projects/Mahsa/datasets/grid/test/s33/lgac3s.mpg,52,68,3.109102487564087,0.9644275125628383
61,12,/home/nabizadz/Projects/Mahsa/datasets/grid/test/s33/lgav6p.mpg,72,88,3.221438407897949,0.956820042051023
61,13,/home/nabizadz/Projects/Mahsa/datasets/grid/test/s33/lbit3s.mpg,269,285,4.206752300262451,0.9591923302707891
61,14,/home/nabizadz/Projects/Mahsa/datasets/grid/test/s33/bbav5a.mpg,264,280,4.205183029174805,0.9881071340335038
61,15,/home/nabizadz/Projects/Mahsa/datasets/grid/test/s33/bwad3s.mpg,168,184,4.296319961547852,0.967289893513814
62,0,/home/nabizadz/Projects/Mahsa/datasets/grid/test/s33/lbbh3s.mpg,104,120,3.143256664276123,0.9680884778794686
62,1,/home/nabizadz/Projects/Mahsa/datasets/grid/test/s33/prif4n.mpg,143,159,3.7148590087890625,0.9516903666197166
62,2,/home/nabizadz/Projects/Mahsa/datasets/grid/test/s33/bgiq5a.mpg,122,138,3.8662667274475098,0.9797213945881983
62,3,/home/nabizadz/Projects/Mahsa/datasets/grid/test/s33/pbas2p.mpg,109,125,3.2514336109161377,0.9360916207302322
62,4,/home/nabizadz/Projects/Mahsa/datasets/grid/test/s33/sbak3a.mpg,158,174,3.3617687225341797,0.9473596874505394
62,5,/home/nabizadz/Projects/Mahsa/datasets/grid/test/s33/sbwk9s.mpg,276,292,4.471624851226807,0.9708789563385748
62,6,/home/nabizadz/Projects/Mahsa/datasets/grid/test/s33/srae3s.mpg,82,98,3.1352105140686035,0.9707355478820989
62,7,/home/nabizadz/Projects/Mahsa/datasets/grid/test/s33/bgbk9a.mpg,198,214,4.445216655731201,0.9288266547724766
62,8,/home/nabizadz/Projects/Mahsa/datasets/grid/test/s30/bwax9p.mpg,204,220,3.8552236557006836,0.9589176421366877
62,9,/home/nabizadz/Projects/Mahsa/datasets/grid/test/s30/bbai9p.mpg,107,123,3.376490831375122,0.976930197446812
62,10,/home/nabizadz/Projects/Mahsa/datasets/grid/test/s30/bgbr5p.mpg,142,158,4.219303607940674,0.9835749706248224
62,11,/home/nabizadz/Projects/Mahsa/datasets/grid/test/s30/swas1p.mpg,121,137,2.6752686500549316,0.9482956483533574
62,12,/home/nabizadz/Projects/Mahsa/datasets/grid/test/s30/srbl5p.mpg,121,137,3.630509614944458,0.9789030001054727
62,13,/home/nabizadz/Projects/Mahsa/datasets/grid/test/s30/bbwd2s.mpg,127,143,3.7533342838287354,0.9908356593033691
62,14,/home/nabizadz/Projects/Mahsa/datasets/grid/test/s30/srae7p.mpg,38,54,3.6609153747558594,0.973698021828819
62,15,/home/nabizadz/Projects/Mahsa/datasets/grid/test/s30/lbauzs.mpg,86,102,2.8331098556518555,0.9495611970845423
63,0,/home/nabizadz/Projects/Mahsa/datasets/grid/test/s30/pgwb8s.mpg,278,294,4.239794731140137,0.9713852406285302
63,1,/home/nabizadz/Projects/Mahsa/datasets/grid/test/s30/pbwnza.mpg,231,247,4.286476135253906,0.9920588691167814
63,2,/home/nabizadz/Projects/Mahsa/datasets/grid/test/s30/pwwu5p.mpg,187,203,3.8836405277252197,0.9635258522981407
63,3,/home/nabizadz/Projects/Mahsa/datasets/grid/test/s30/bgieza.mpg,222,238,3.862126350402832,0.9904939745727517
63,4,/home/nabizadz/Projects/Mahsa/datasets/grid/test/s30/lgic4a.mpg,54,70,3.2508888244628906,0.9898563119871802
63,5,/home/nabizadz/Projects/Mahsa/datasets/grid/test/s30/pwbh1n.mpg,32,48,3.335986375808716,0.9827827788630523
63,6,/home/nabizadz/Projects/Mahsa/datasets/grid/test/s30/swifza.mpg,152,168,3.762930393218994,0.9832535460192993
63,7,/home/nabizadz/Projects/Mahsa/datasets/grid/test/s30/lriu2s.mpg,208,224,3.316819190979004,0.9624728168671525
63,8,/home/nabizadz/Projects/Mahsa/datasets/grid/test/s30/lwib8a.mpg,276,292,4.4094390869140625,0.9743046097972705
63,9,/home/nabizadz/Projects/Mahsa/datasets/grid/test/s30/bwby4a.mpg,57,73,3.6297662258148193,0.9849063427137075
63,10,/home/nabizadz/Projects/Mahsa/datasets/grid/test/s30/sgaf7n.mpg,171,187,3.9161815643310547,0.9824783202261073
63,11,/home/nabizadz/Projects/Mahsa/datasets/grid/test/s30/lgwq4a.mpg,211,227,4.399947643280029,0.980753667428873
63,12,/home/nabizadz/Projects/Mahsa/datasets/grid/test/s30/pwwb3p.mpg,157,173,3.68560791015625,0.9705852396098306
63,13,/home/nabizadz/Projects/Mahsa/datasets/grid/test/s30/bwij6s.mpg,70,86,3.061485528945923,0.969264410363777
63,14,/home/nabizadz/Projects/Mahsa/datasets/grid/test/s30/bwip9n.mpg,107,123,3.4042975902557373,0.9571349119041344
63,15,/home/nabizadz/Projects/Mahsa/datasets/grid/test/s30/srie1n.mpg,9,25,4.43421745300293,0.9997877771498584
64,0,/home/nabizadz/Projects/Mahsa/datasets/grid/test/s30/lbbo1p.mpg,262,278,4.35668420791626,0.9781422364650757
64,1,/home/nabizadz/Projects/Mahsa/datasets/grid/test/s30/sgwm9n.mpg,223,239,4.374495983123779,0.9611951763446904
64,2,/home/nabizadz/Projects/Mahsa/datasets/grid/test/s30/swws7n.mpg,109,125,3.7498817443847656,0.9877617466038526
64,3,/home/nabizadz/Projects/Mahsa/datasets/grid/test/s30/brbkza.mpg,271,287,4.314545631408691,0.9999939629555653
64,4,/home/nabizadz/Projects/Mahsa/datasets/grid/test/s30/srik7p.mpg,0,16,4.497198104858398,0.9956046746725623
64,5,/home/nabizadz/Projects/Mahsa/datasets/grid/test/s30/lbig7n.mpg,12,28,4.397496223449707,0.9973082372054007
64,6,/home/nabizadz/Projects/Mahsa/datasets/grid/test/s30/pgbu7p.mpg,273,289,4.1813740730285645,0.960205586160067
64,7,/home/nabizadz/Projects/Mahsa/datasets/grid/test/s30/lgwq2s.mpg,138,154,3.516254186630249,0.9787946973495129
64,8,/home/nabizadz/Projects/Mahsa/datasets/grid/test/s30/swbs6a.mpg,234,250,4.160757541656494,0.9588791794627325
64,9,/home/nabizadz/Projects/Mahsa/datasets/grid/test/s30/sbix9p.mpg,5,21,4.440838813781738,0.9999997875304628
64,10,/home/nabizadz/Projects/Mahsa/datasets/grid/test/s30/sral1p.mpg,255,271,4.36904239654541,0.9683080271316078
64,11,/home/nabizadz/Projects/Mahsa/datasets/grid/test/s30/pwwb4a.mpg,2,18,4.403602600097656,0.9975467881961172
64,12,/home/nabizadz/Projects/Mahsa/datasets/grid/test/s30/sriy4s.mpg,178,194,3.2625224590301514,0.9483904656125896
64,13,/home/nabizadz/Projects/Mahsa/datasets/grid/test/s30/pbbm5p.mpg,263,279,4.376204013824463,0.9983386401592577
64,14,/home/nabizadz/Projects/Mahsa/datasets/grid/test/s30/pbwg3n.mpg,16,32,4.365875244140625,0.999932155395389
64,15,/home/nabizadz/Projects/Mahsa/datasets/grid/test/s30/lgwj8s.mpg,204,220,4.1635541915893555,0.9894778843600436
65,0,/home/nabizadz/Projects/Mahsa/datasets/grid/test/s30/lgaj2a.mpg,16,32,4.27515172958374,0.9987971652177379
65,1,/home/nabizadz/Projects/Mahsa/datasets/grid/test/s30/lwbi7n.mpg,202,218,4.1869707107543945,0.9522060228851669
65,2,/home/nabizadz/Projects/Mahsa/datasets/grid/test/s30/bbav5n.mpg,205,221,4.367255687713623,0.8870081964931668
65,3,/home/nabizadz/Projects/Mahsa/datasets/grid/test/s30/brap9p.mpg,157,173,3.500197410583496,0.9641518295875203
65,4,/home/nabizadz/Projects/Mahsa/datasets/grid/test/s30/swas2a.mpg,49,65,3.3375449180603027,0.9822164352669077
65,5,/home/nabizadz/Projects/Mahsa/datasets/grid/test/s30/prwhzs.mpg,255,271,4.304559707641602,0.9952332806014361
65,6,/home/nabizadz/Projects/Mahsa/datasets/grid/test/s30/pbil8a.mpg,35,51,4.34332275390625,0.9999619296268822
65,7,/home/nabizadz/Projects/Mahsa/datasets/grid/test/s30/srbfzs.mpg,245,261,4.253800868988037,0.993186122947768
65,8,/home/nabizadz/Projects/Mahsa/datasets/grid/test/s30/lgac7p.mpg,73,89,2.9801671504974365,0.9819704147914322
65,9,/home/nabizadz/Projects/Mahsa/datasets/grid/test/s30/sbaq8s.mpg,76,92,3.366431951522827,0.981036313871672
65,10,/home/nabizadz/Projects/Mahsa/datasets/grid/test/s30/prbn2a.mpg,275,291,4.52255392074585,0.979685436575415
65,11,/home/nabizadz/Projects/Mahsa/datasets/grid/test/s30/lbbh6s.mpg,99,115,3.700453042984009,0.9739053380241708
65,12,/home/nabizadz/Projects/Mahsa/datasets/grid/test/s30/pwit2s.mpg,135,151,3.6526458263397217,0.9673265624867062
65,13,/home/nabizadz/Projects/Mahsa/datasets/grid/test/s30/swwg1p.mpg,42,58,3.7511086463928223,0.9846526586928015
65,14,/home/nabizadz/Projects/Mahsa/datasets/grid/test/s30/bwix4s.mpg,186,202,3.6706724166870117,0.9805560294241924
65,15,/home/nabizadz/Projects/Mahsa/datasets/grid/test/s30/sbbr3p.mpg,259,275,4.3212175369262695,0.9926542690416978
66,0,/home/nabizadz/Projects/Mahsa/datasets/grid/test/s30/lrbi1n.mpg,168,184,4.3223795890808105,0.9771608874215691
66,1,/home/nabizadz/Projects/Mahsa/datasets/grid/test/s30/pbbgzs.mpg,31,47,4.37420654296875,0.999994828344362
66,2,/home/nabizadz/Projects/Mahsa/datasets/grid/test/s30/pris7p.mpg,69,85,3.395556926727295,0.9781431497677756
66,3,/home/nabizadz/Projects/Mahsa/datasets/grid/test/s30/brax1n.mpg,127,143,3.7998147010803223,0.9634881313477182
66,4,/home/nabizadz/Projects/Mahsa/datasets/grid/test/s30/lwii1p.mpg,250,266,4.255636692047119,0.9147786323185741
66,5,/home/nabizadz/Projects/Mahsa/datasets/grid/test/s30/sgbs9n.mpg,171,187,4.026355743408203,0.9848260510316169
66,6,/home/nabizadz/Projects/Mahsa/datasets/grid/test/s30/lgii7p.mpg,8,24,4.44084358215332,0.9999879162936445
66,7,/home/nabizadz/Projects/Mahsa/datasets/grid/test/s30/srae6s.mpg,43,59,3.525442600250244,0.9685825673124038
66,8,/home/nabizadz/Projects/Mahsa/datasets/grid/test/s30/lwav1n.mpg,57,73,3.615877151489258,0.979852584489858
66,9,/home/nabizadz/Projects/Mahsa/datasets/grid/test/s30/pbif3p.mpg,104,120,3.2413315773010254,0.9853304620713305
66,10,/home/nabizadz/Projects/Mahsa/datasets/grid/test/s30/pwag7n.mpg,120,136,3.1776342391967773,0.9804395271682287
66,11,/home/nabizadz/Projects/Mahsa/datasets/grid/test/s30/lgio9n.mpg,69,85,3.1551053524017334,0.9838718092873617
66,12,/home/nabizadz/Projects/Mahsa/datasets/grid/test/s30/bbap1n.mpg,251,267,4.380013942718506,0.9875163930627503
66,13,/home/nabizadz/Projects/Mahsa/datasets/grid/test/s30/lbia5p.mpg,142,158,4.026292324066162,0.9840014943688786
66,14,/home/nabizadz/Projects/Mahsa/datasets/grid/test/s30/sbbr4a.mpg,207,223,3.840545654296875,0.9841952616825026
66,15,/home/nabizadz/Projects/Mahsa/datasets/grid/test/s30/pgabzs.mpg,87,103,3.6096625328063965,0.9852368128985465
67,0,/home/nabizadz/Projects/Mahsa/datasets/grid/test/s30/pgwo7p.mpg,21,37,4.387933254241943,0.9999733044996365
67,1,/home/nabizadz/Projects/Mahsa/datasets/grid/test/s30/brii9n.mpg,74,90,3.6371278762817383,0.9736666787415403
67,2,/home/nabizadz/Projects/Mahsa/datasets/grid/test/s30/lbwo6a.mpg,155,171,3.422868013381958,0.9830022150627646
67,3,/home/nabizadz/Projects/Mahsa/datasets/grid/test/s30/lbbn9n.mpg,212,228,4.1147027015686035,0.9863038838778646
67,4,/home/nabizadz/Projects/Mahsa/datasets/grid/test/s30/sgwa3p.mpg,41,57,2.9280099868774414,0.9826344028802916
67,5,/home/nabizadz/Projects/Mahsa/datasets/grid/test/s30/pbas5p.mpg,138,154,3.8140151500701904,0.9822769808694966
67,6,/home/nabizadz/Projects/Mahsa/datasets/grid/test/s30/pwat7p.mpg,175,191,3.7378456592559814,0.9507327760796632
67,7,/home/nabizadz/Projects/Mahsa/datasets/grid/test/s30/bwij5n.mpg,41,57,3.6742897033691406,0.9729910524951259
67,8,/home/nabizadz/Projects/Mahsa/datasets/grid/test/s30/brweza.mpg,270,286,3.8707315921783447,0.9981781889324562
67,9,/home/nabizadz/Projects/Mahsa/datasets/grid/test/s30/srws1n.mpg,30,46,4.265672206878662,0.9998805514751401
67,10,/home/nabizadz/Projects/Mahsa/datasets/grid/test/s30/sral2a.mpg,92,108,3.205143451690674,0.9815874485474555
67,11,/home/nabizadz/Projects/Mahsa/datasets/grid/test/s30/pwbbza.mpg,43,59,2.9804537296295166,0.9770259466453988
67,12,/home/nabizadz/Projects/Mahsa/datasets/grid/test/s30/pbbs9p.mpg,139,155,3.734311103820801,0.9784293715632778
67,13,/home/nabizadz/Projects/Mahsa/datasets/grid/test/s30/pbwazs.mpg,205,221,3.6992249488830566,0.9763233748385913
67,14,/home/nabizadz/Projects/Mahsa/datasets/grid/test/s30/brbj8s.mpg,23,39,4.109595775604248,0.9981253332245944
67,15,/home/nabizadz/Projects/Mahsa/datasets/grid/test/s30/bwbq8s.mpg,139,155,3.8022313117980957,0.9878508592635608
68,0,/home/nabizadz/Projects/Mahsa/datasets/grid/test/s30/lgbx1n.mpg,273,289,4.345390796661377,0.9419594768850714
68,1,/home/nabizadz/Projects/Mahsa/datasets/grid/test/s30/lwapza.mpg,162,178,4.032764911651611,0.9760220453504678
68,2,/home/nabizadz/Projects/Mahsa/datasets/grid/test/s30/pbaz7n.mpg,115,131,3.4517064094543457,0.9689920602316722
68,3,/home/nabizadz/Projects/Mahsa/datasets/grid/test/s30/pbas4s.mpg,263,279,4.3658294677734375,0.9982156212538723
68,4,/home/nabizadz/Projects/Mahsa/datasets/grid/test/s30/lrwo9n.mpg,33,49,3.920560121536255,0.9807576038148111
68,5,/home/nabizadz/Projects/Mahsa/datasets/grid/test/s30/lrbb9p.mpg,26,42,4.320721626281738,0.9999656497490035
68,6,/home/nabizadz/Projects/Mahsa/datasets/grid/test/s30/lrwi6s.mpg,6,22,4.395484924316406,0.995489755705766
68,7,/home/nabizadz/Projects/Mahsa/datasets/grid/test/s30/pgit8s.mpg,18,34,4.341018199920654,0.9999341691315203
68,8,/home/nabizadz/Projects/Mahsa/datasets/grid/test/s30/bgik2s.mpg,225,241,4.259954929351807,0.9525856831943956
68,9,/home/nabizadz/Projects/Mahsa/datasets/grid/test/s30/sgbm7p.mpg,197,213,3.592494249343872,0.9646756807709238
68,10,/home/nabizadz/Projects/Mahsa/datasets/grid/test/s30/brbd3n.mpg,164,180,4.235191345214844,0.9811000852277884
68,11,/home/nabizadz/Projects/Mahsa/datasets/grid/test/s30/sbiq6a.mpg,3,19,4.346357822418213,0.9999939915515977
68,12,/home/nabizadz/Projects/Mahsa/datasets/grid/test/s30/bbwd3p.mpg,31,47,4.340583801269531,0.9999938621623181
68,13,/home/nabizadz/Projects/Mahsa/datasets/grid/test/s30/prim4a.mpg,135,151,3.3564882278442383,0.9504334127596734
68,14,/home/nabizadz/Projects/Mahsa/datasets/grid/test/s30/swaszs.mpg,158,174,3.4898595809936523,0.9828428974058797
68,15,/home/nabizadz/Projects/Mahsa/datasets/grid/test/s30/swaz3n.mpg,192,208,4.313220024108887,0.975688566071867
69,0,/home/nabizadz/Projects/Mahsa/datasets/grid/test/s30/pwbuzs.mpg,225,241,4.492889404296875,0.9717966389567135
69,1,/home/nabizadz/Projects/Mahsa/datasets/grid/test/s30/bwid1n.mpg,71,87,3.167234420776367,0.9771520230484366
69,2,/home/nabizadz/Projects/Mahsa/datasets/grid/test/s30/srbz4a.mpg,279,295,4.375993251800537,0.9633487318004254
69,3,/home/nabizadz/Projects/Mahsa/datasets/grid/test/s30/pbaz9p.mpg,157,173,3.826472759246826,0.9558786308041114
69,4,/home/nabizadz/Projects/Mahsa/datasets/grid/test/s30/lgwkza.mpg,129,145,3.9356439113616943,0.977642105507137
69,5,/home/nabizadz/Projects/Mahsa/datasets/grid/test/s30/swaf4a.mpg,66,82,3.184112071990967,0.9701712318710315
69,6,/home/nabizadz/Projects/Mahsa/datasets/grid/test/s30/sgas8a.mpg,204,220,3.9671995639801025,0.9826410035724594
69,7,/home/nabizadz/Projects/Mahsa/datasets/grid/test/s30/pwba9p.mpg,60,76,2.7705745697021484,0.978388365903984
69,8,/home/nabizadz/Projects/Mahsa/datasets/grid/test/s30/prbt6a.mpg,240,256,4.277225017547607,0.958588798442587
69,9,/home/nabizadz/Projects/Mahsa/datasets/grid/test/s30/pwwo2a.mpg,105,121,3.6846976280212402,0.9948947669488797
69,10,/home/nabizadz/Projects/Mahsa/datasets/grid/test/s30/sriy5p.mpg,24,40,3.60746693611145,0.9707274742977631
69,11,/home/nabizadz/Projects/Mahsa/datasets/grid/test/s30/swws9p.mpg,57,73,2.818204402923584,0.9789088929853785
69,12,/home/nabizadz/Projects/Mahsa/datasets/grid/test/s30/lrin9p.mpg,140,156,3.7993812561035156,0.9849339126276997
69,13,/home/nabizadz/Projects/Mahsa/datasets/grid/test/s30/bwbq9p.mpg,279,295,4.3730549812316895,0.9936765243879679
69,14,/home/nabizadz/Projects/Mahsa/datasets/grid/test/s30/lgbj3n.mpg,156,172,3.7121527194976807,0.9716565338171215
69,15,/home/nabizadz/Projects/Mahsa/datasets/grid/test/s30/bgwf1p.mpg,14,30,4.349673271179199,0.9897656844457724
70,0,/home/nabizadz/Projects/Mahsa/datasets/grid/test/s30/bgiy1p.mpg,171,187,3.5328822135925293,0.9718656116738789
70,1,/home/nabizadz/Projects/Mahsa/datasets/grid/test/s30/lrih5p.mpg,69,85,3.1723413467407227,0.9840214018366136
70,2,/home/nabizadz/Projects/Mahsa/datasets/grid/test/s30/lwio4s.mpg,284,300,4.494997501373291,0.9730779869657775
70,3,/home/nabizadz/Projects/Mahsa/datasets/grid/test/s30/bgar1p.mpg,162,178,3.661165714263916,0.9672053612413936
70,4,/home/nabizadz/Projects/Mahsa/datasets/grid/test/s30/pgih2a.mpg,235,251,4.374195098876953,0.9592812304495466
70,5,/home/nabizadz/Projects/Mahsa/datasets/grid/test/s30/sgwa1n.mpg,123,139,3.976980209350586,0.9843337724802428
70,6,/home/nabizadz/Projects/Mahsa/datasets/grid/test/s30/brwd9p.mpg,207,223,4.462843418121338,0.9658537424341114
70,7,/home/nabizadz/Projects/Mahsa/datasets/grid/test/s30/bgiq6s.mpg,28,44,4.236880779266357,0.999736062943754
70,8,/home/nabizadz/Projects/Mahsa/datasets/grid/test/s30/pwbu2a.mpg,3,19,4.496280193328857,0.9995206130742991
70,9,/home/nabizadz/Projects/Mahsa/datasets/grid/test/s30/brij1p.mpg,160,176,3.596956729888916,0.9560132443526641
70,10,/home/nabizadz/Projects/Mahsa/datasets/grid/test/s30/swbf8a.mpg,143,159,3.530463457107544,0.9871181260981131
70,11,/home/nabizadz/Projects/Mahsa/datasets/grid/test/s30/brwk4a.mpg,177,193,3.720127820968628,0.9812201020963558
70,12,/home/nabizadz/Projects/Mahsa/datasets/grid/test/s30/lwbc3n.mpg,77,93,3.6222071647644043,0.9822422271704531
70,13,/home/nabizadz/Projects/Mahsa/datasets/grid/test/s30/pgab2a.mpg,29,45,4.274711608886719,0.9999986680119155
70,14,/home/nabizadz/Projects/Mahsa/datasets/grid/test/s30/sbbk9p.mpg,144,160,3.606010913848877,0.941664732159376
70,15,/home/nabizadz/Projects/Mahsa/datasets/grid/test/s30/pgwo6s.mpg,36,52,4.328327655792236,0.9999976160277578
71,0,/home/nabizadz/Projects/Mahsa/datasets/grid/test/s30/pgbu8a.mpg,13,29,4.2754669189453125,0.9251412296343487
71,1,/home/nabizadz/Projects/Mahsa/datasets/grid/test/s30/bbbp7p.mpg,267,283,4.3730149269104,0.9834468418860907
71,2,/home/nabizadz/Projects/Mahsa/datasets/grid/test/s30/bgbr6a.mpg,121,137,3.290306568145752,0.9733986783457659
71,3,/home/nabizadz/Projects/Mahsa/datasets/grid/test/s30/pgwv1p.mpg,81,97,3.366887331008911,0.9672288307424309
71,4,/home/nabizadz/Projects/Mahsa/datasets/grid/test/s30/swil1n.mpg,79,95,3.5544211864471436,0.9901999392391339
71,5,/home/nabizadz/Projects/Mahsa/datasets/grid/test/s30/bwad7p.mpg,151,167,3.3759396076202393,0.969575912126673
71,6,/home/nabizadz/Projects/Mahsa/datasets/grid/test/s30/prwt7n.mpg,242,258,4.197566509246826,0.9925130614944687
71,7,/home/nabizadz/Projects/Mahsa/datasets/grid/test/s30/sgbg4a.mpg,133,149,3.4510300159454346,0.9760150394022205
71,8,/home/nabizadz/Projects/Mahsa/datasets/grid/test/s30/lrbo8a.mpg,142,158,3.546435594558716,0.9589332927970211
71,9,/home/nabizadz/Projects/Mahsa/datasets/grid/test/s30/bgbe5n.mpg,277,293,4.303321361541748,0.9944330472590349
71,10,/home/nabizadz/Projects/Mahsa/datasets/grid/test/s30/bgbl1p.mpg,256,272,4.408969402313232,0.9999697014858059
71,11,/home/nabizadz/Projects/Mahsa/datasets/grid/test/s30/swal5n.mpg,60,76,3.274895429611206,0.9939098240249915
71,12,/home/nabizadz/Projects/Mahsa/datasets/grid/test/s30/lbwo3n.mpg,210,226,4.390147686004639,0.9808981815758414
71,13,/home/nabizadz/Projects/Mahsa/datasets/grid/test/s30/sbaq9p.mpg,132,148,3.511739730834961,0.9763070648214066
71,14,/home/nabizadz/Projects/Mahsa/datasets/grid/test/s30/brip3n.mpg,78,94,3.2614731788635254,0.9767542227568548
71,15,/home/nabizadz/Projects/Mahsa/datasets/grid/test/s30/pbamzs.mpg,73,89,3.810558319091797,0.9949848514167156
72,0,/home/nabizadz/Projects/Mahsa/datasets/grid/test/s30/lrwc2s.mpg,136,152,3.7451601028442383,0.9754699560351046
72,1,/home/nabizadz/Projects/Mahsa/datasets/grid/test/s30/srazza.mpg,21,37,3.239544630050659,0.9746476753984448
72,2,/home/nabizadz/Projects/Mahsa/datasets/grid/test/s30/lbwo4s.mpg,253,269,4.378453254699707,0.9529458287919184
72,3,/home/nabizadz/Projects/Mahsa/datasets/grid/test/s30/bbwj6s.mpg,98,114,3.4963536262512207,0.980822473892396
72,4,/home/nabizadz/Projects/Mahsa/datasets/grid/test/s30/brbq1n.mpg,233,249,4.012787342071533,0.9841673913050369
72,5,/home/nabizadz/Projects/Mahsa/datasets/grid/test/s30/brij2a.mpg,73,89,3.0656280517578125,0.9729715517106495
72,6,/home/nabizadz/Projects/Mahsa/datasets/grid/test/s30/lrwv5p.mpg,101,117,3.867385149002075,0.9909919682822451
72,7,/home/nabizadz/Projects/Mahsa/datasets/grid/test/s30/sriy6a.mpg,120,136,3.069692850112915,0.9780301970964156
72,8,/home/nabizadz/Projects/Mahsa/datasets/grid/test/s30/srar5p.mpg,221,237,4.347574710845947,0.9895623679720825
72,9,/home/nabizadz/Projects/Mahsa/datasets/grid/test/s30/brax4a.mpg,173,189,3.5630757808685303,0.9829631728457167
72,10,/home/nabizadz/Projects/Mahsa/datasets/grid/test/s30/sbwz1p.mpg,21,37,3.847311496734619,0.9663236348143719
72,11,/home/nabizadz/Projects/Mahsa/datasets/grid/test/s30/bgwr7n.mpg,212,228,4.104349613189697,0.9806269427961665
72,12,/home/nabizadz/Projects/Mahsa/datasets/grid/test/s30/bgae3p.mpg,200,216,3.878833770751953,0.9697190796914423
72,13,/home/nabizadz/Projects/Mahsa/datasets/grid/test/s30/swaz6a.mpg,136,152,3.416379690170288,0.9864184578444029
72,14,/home/nabizadz/Projects/Mahsa/datasets/grid/test/s30/pgah4s.mpg,200,216,4.25156307220459,0.9997908172608452
72,15,/home/nabizadz/Projects/Mahsa/datasets/grid/test/s30/bgby8s.mpg,40,56,4.295713901519775,0.989731711654661
73,0,/home/nabizadz/Projects/Mahsa/datasets/grid/test/s30/lrin8s.mpg,211,227,4.453421115875244,0.9888798737478783
73,1,/home/nabizadz/Projects/Mahsa/datasets/grid/test/s30/lgav8s.mpg,43,59,3.544595241546631,0.9818478235205601
73,2,/home/nabizadz/Projects/Mahsa/datasets/grid/test/s30/lwav2s.mpg,111,127,3.2788052558898926,0.9790445468613562
73,3,/home/nabizadz/Projects/Mahsa/datasets/grid/test/s30/lwib5n.mpg,146,162,3.7443583011627197,0.970257822753248
73,4,/home/nabizadz/Projects/Mahsa/datasets/grid/test/s30/sbix7n.mpg,185,201,4.0254926681518555,0.9803496835173473
73,5,/home/nabizadz/Projects/Mahsa/datasets/grid/test/s30/bgik1n.mpg,85,101,3.268054723739624,0.9792687221270344
73,6,/home/nabizadz/Projects/Mahsa/datasets/grid/test/s30/pbwm9p.mpg,247,263,3.8856308460235596,0.9811696620338175
73,7,/home/nabizadz/Projects/Mahsa/datasets/grid/test/s30/bwiq2a.mpg,274,290,4.384782314300537,0.9792339814275981
73,8,/home/nabizadz/Projects/Mahsa/datasets/grid/test/s30/sbae2a.mpg,135,151,3.504971742630005,0.9709119283917476
73,9,/home/nabizadz/Projects/Mahsa/datasets/grid/test/s30/bbav7p.mpg,39,55,3.8411123752593994,0.9919461066293517
73,10,/home/nabizadz/Projects/Mahsa/datasets/grid/test/s30/sbij9n.mpg,91,107,3.340386152267456,0.9805508222772442
73,11,/home/nabizadz/Projects/Mahsa/datasets/grid/test/s30/bbii4s.mpg,269,285,4.277501106262207,0.9935308893729785
73,12,/home/nabizadz/Projects/Mahsa/datasets/grid/test/s30/lbwo5p.mpg,61,77,3.8029065132141113,0.9853543744803878
73,13,/home/nabizadz/Projects/Mahsa/datasets/grid/test/s30/bric6s.mpg,35,51,4.467687129974365,0.9999998624823616
73,14,/home/nabizadz/Projects/Mahsa/datasets/grid/test/s30/brwx9n.mpg,223,239,4.253502368927002,0.972938014293574
73,15,/home/nabizadz/Projects/Mahsa/datasets/grid/test/s30/lrbi4a.mpg,126,142,3.7794878482818604,0.9781843694529663
74,0,/home/nabizadz/Projects/Mahsa/datasets/grid/test/s30/sbay2s.mpg,16,32,4.435835361480713,0.999991534302047
74,1,/home/nabizadz/Projects/Mahsa/datasets/grid/test/s30/lbau1p.mpg,93,109,3.1897079944610596,0.9727405171009907
74,2,/home/nabizadz/Projects/Mahsa/datasets/grid/test/s30/lwwdza.mpg,30,46,4.134881496429443,0.988038698219615
74,3,/home/nabizadz/Projects/Mahsa/datasets/grid/test/s30/swil4a.mpg,212,228,4.470387935638428,0.9866544731785766
74,4,/home/nabizadz/Projects/Mahsa/datasets/grid/test/s30/bbap4a.mpg,194,210,4.187366485595703,0.9846443844047323
74,5,/home/nabizadz/Projects/Mahsa/datasets/grid/test/s30/lgiv6a.mpg,263,279,4.268861770629883,0.93615069088463
74,6,/home/nabizadz/Projects/Mahsa/datasets/grid/test/s30/prbg6s.mpg,112,128,3.702707290649414,0.9993005737397633
74,7,/home/nabizadz/Projects/Mahsa/datasets/grid/test/s30/sgil7n.mpg,52,68,2.8677704334259033,0.9673924429148933
74,8,/home/nabizadz/Projects/Mahsa/datasets/grid/test/s30/bbbc9p.mpg,125,141,3.5234036445617676,0.9776638789841302
74,9,/home/nabizadz/Projects/Mahsa/datasets/grid/test/s30/braj3n.mpg,127,143,3.4371814727783203,0.9820429133296672
74,10,/home/nabizadz/Projects/Mahsa/datasets/grid/test/s30/pbwt3p.mpg,162,178,3.1252686977386475,0.9429130516307062
74,11,/home/nabizadz/Projects/Mahsa/datasets/grid/test/s30/swil2s.mpg,118,134,3.7721967697143555,0.9645686207702512
74,12,/home/nabizadz/Projects/Mahsa/datasets/grid/test/s30/lgwd4s.mpg,137,153,3.856905937194824,0.9685262824085322
74,13,/home/nabizadz/Projects/Mahsa/datasets/grid/test/s30/lwai5p.mpg,58,74,3.1366353034973145,0.9830434091269402
74,14,/home/nabizadz/Projects/Mahsa/datasets/grid/test/s30/bgiq5n.mpg,145,161,4.000342845916748,0.983431000666766
74,15,/home/nabizadz/Projects/Mahsa/datasets/grid/test/s30/lwao8s.mpg,191,207,4.4934821128845215,0.9804015064949951
75,0,/home/nabizadz/Projects/Mahsa/datasets/grid/test/s30/pwit3p.mpg,208,224,4.273423671722412,0.9899654616948492
75,1,/home/nabizadz/Projects/Mahsa/datasets/grid/test/s30/lrbo5n.mpg,233,249,4.2656569480896,0.9787576080998404
75,2,/home/nabizadz/Projects/Mahsa/datasets/grid/test/s30/pbwt1n.mpg,96,112,3.704765796661377,0.9782603025035022
75,3,/home/nabizadz/Projects/Mahsa/datasets/grid/test/s30/pbas3n.mpg,235,251,4.332393646240234,0.9998405551777693
75,4,/home/nabizadz/Projects/Mahsa/datasets/grid/test/s30/bbib9n.mpg,137,153,3.9464259147644043,0.9807232666977976
75,5,/home/nabizadz/Projects/Mahsa/datasets/grid/test/s30/pwig4s.mpg,28,44,4.430646896362305,0.999769138867708
75,6,/home/nabizadz/Projects/Mahsa/datasets/grid/test/s30/swaf2s.mpg,174,190,3.4994215965270996,0.970707979390813
75,7,/home/nabizadz/Projects/Mahsa/datasets/grid/test/s30/lbwb7p.mpg,163,179,3.6198766231536865,0.9829861559169385
75,8,/home/nabizadz/Projects/Mahsa/datasets/grid/test/s30/lrbcza.mpg,213,229,3.8102591037750244,0.984310345903546
75,9,/home/nabizadz/Projects/Mahsa/datasets/grid/test/s30/sgbt1p.mpg,115,131,3.7018139362335205,0.9807207112124767
75,10,/home/nabizadz/Projects/Mahsa/datasets/grid/test/s30/lrah8s.mpg,147,163,3.4017488956451416,0.983277739609376
75,11,/home/nabizadz/Projects/Mahsa/datasets/grid/test/s30/bwiqzs.mpg,250,266,4.412532329559326,0.9142282984602146
75,12,/home/nabizadz/Projects/Mahsa/datasets/grid/test/s30/srwl9p.mpg,259,275,4.185651779174805,0.9821737488531537
75,13,/home/nabizadz/Projects/Mahsa/datasets/grid/test/s30/lgac8a.mpg,56,72,3.3565399646759033,0.9890489755123907
75,14,/home/nabizadz/Projects/Mahsa/datasets/grid/test/s30/sgam4a.mpg,220,236,4.336803913116455,0.9999985627981571
75,15,/home/nabizadz/Projects/Mahsa/datasets/grid/test/s30/lrih6a.mpg,13,29,4.411128044128418,0.9858393879930069
76,0,/home/nabizadz/Projects/Mahsa/datasets/grid/test/s30/lgbdzs.mpg,87,103,3.4059393405914307,0.9542318464797411
76,1,/home/nabizadz/Projects/Mahsa/datasets/grid/test/s30/pgbu6s.mpg,224,240,4.3010969161987305,0.9901483503389449
76,2,/home/nabizadz/Projects/Mahsa/datasets/grid/test/s30/pwwh7p.mpg,249,265,4.42073392868042,0.9845670039123224
76,3,/home/nabizadz/Projects/Mahsa/datasets/grid/test/s30/brwq7p.mpg,234,250,4.3301568031311035,0.9650179351167233
76,4,/home/nabizadz/Projects/Mahsa/datasets/grid/test/s30/lgbqza.mpg,219,235,4.278408527374268,0.9068570505766649
76,5,/home/nabizadz/Projects/Mahsa/datasets/grid/test/s30/sbarza.mpg,163,179,4.158962726593018,0.965458309035321
76,6,/home/nabizadz/Projects/Mahsa/datasets/grid/test/s30/bgwfzs.mpg,193,209,3.806436777114868,0.982179136637237
76,7,/home/nabizadz/Projects/Mahsa/datasets/grid/test/s30/srbz3p.mpg,197,213,4.118553638458252,0.9241028393270195
76,8,/home/nabizadz/Projects/Mahsa/datasets/grid/test/s30/swbf6s.mpg,6,22,4.4843268394470215,0.9987368772318936
76,9,/home/nabizadz/Projects/Mahsa/datasets/grid/test/s30/sbwr6s.mpg,146,162,3.6700711250305176,0.9909732384895596
76,10,/home/nabizadz/Projects/Mahsa/datasets/grid/test/s30/srwl8s.mpg,207,223,4.428897857666016,0.9801979744004017
76,11,/home/nabizadz/Projects/Mahsa/datasets/grid/test/s30/pgih1p.mpg,16,32,4.031121730804443,0.9929651056643936
76,12,/home/nabizadz/Projects/Mahsa/datasets/grid/test/s30/prba4a.mpg,29,45,4.272551536560059,0.9997014277852427
76,13,/home/nabizadz/Projects/Mahsa/datasets/grid/test/s30/lrah9p.mpg,67,83,3.0864176750183105,0.9701610258015844
76,14,/home/nabizadz/Projects/Mahsa/datasets/grid/test/s30/sbikzs.mpg,99,115,3.8645079135894775,0.995881074745358
76,15,/home/nabizadz/Projects/Mahsa/datasets/grid/test/s30/bbbj3p.mpg,146,162,3.650568723678589,0.9861650236751482
77,0,/home/nabizadz/Projects/Mahsa/datasets/grid/test/s30/sgif4s.mpg,78,94,2.9087753295898438,0.9634392578062603
77,1,/home/nabizadz/Projects/Mahsa/datasets/grid/test/s30/lrab6a.mpg,273,289,4.460490703582764,0.9719985464666445
77,2,/home/nabizadz/Projects/Mahsa/datasets/grid/test/s30/sgwt5p.mpg,36,52,4.088249206542969,0.9992701616144195
77,3,/home/nabizadz/Projects/Mahsa/datasets/grid/test/s30/bbwj5n.mpg,90,106,3.5653202533721924,0.9787276190485837
77,4,/home/nabizadz/Projects/Mahsa/datasets/grid/test/s30/sgagza.mpg,8,24,3.3125667572021484,0.9893066508952546
77,5,/home/nabizadz/Projects/Mahsa/datasets/grid/test/s30/pgbh7n.mpg,109,125,3.5643842220306396,0.9768830013839899
77,6,/home/nabizadz/Projects/Mahsa/datasets/grid/test/s30/pgwu9n.mpg,28,44,4.160438537597656,0.9338628525358335
77,7,/home/nabizadz/Projects/Mahsa/datasets/grid/test/s30/srbsza.mpg,12,28,4.430326461791992,0.9963169277533522
77,8,/home/nabizadz/Projects/Mahsa/datasets/grid/test/s30/bwwy5n.mpg,158,174,3.650790214538574,0.9910193315339914
77,9,/home/nabizadz/Projects/Mahsa/datasets/grid/test/s30/bwwe6a.mpg,126,142,3.8100807666778564,0.969734462600158
77,10,/home/nabizadz/Projects/Mahsa/datasets/grid/test/s30/bric5n.mpg,39,55,3.7768263816833496,0.9818058763243416
77,11,/home/nabizadz/Projects/Mahsa/datasets/grid/test/s30/lbwvza.mpg,194,210,4.004099369049072,0.9708524183184163
77,12,/home/nabizadz/Projects/Mahsa/datasets/grid/test/s30/lrwpzs.mpg,16,32,4.419881343841553,0.9982845533959613
77,13,/home/nabizadz/Projects/Mahsa/datasets/grid/test/s30/prag4a.mpg,216,232,4.32121467590332,0.9738921729917178
77,14,/home/nabizadz/Projects/Mahsa/datasets/grid/test/s30/pgwb9p.mpg,238,254,4.372140884399414,0.9576709489066433
77,15,/home/nabizadz/Projects/Mahsa/datasets/grid/test/s30/bwid2s.mpg,236,252,4.4311394691467285,0.9952107606900337
78,0,/home/nabizadz/Projects/Mahsa/datasets/grid/test/s30/lwac2a.mpg,267,283,4.175610065460205,0.9995918593773081
78,1,/home/nabizadz/Projects/Mahsa/datasets/grid/test/s30/lrib1p.mpg,270,286,4.483521461486816,0.9906489956915357
78,2,/home/nabizadz/Projects/Mahsa/datasets/grid/test/s30/sgbm8a.mpg,123,139,3.289968490600586,0.9817834073000179
78,3,/home/nabizadz/Projects/Mahsa/datasets/grid/test/s30/pwbn6s.mpg,16,32,4.33943510055542,0.9999903544944929
78,4,/home/nabizadz/Projects/Mahsa/datasets/grid/test/s30/pbbm3n.mpg,68,84,3.4670863151550293,0.97749397779624
78,5,/home/nabizadz/Projects/Mahsa/datasets/grid/test/s30/pgwvzs.mpg,277,293,4.267165184020996,0.9786126381843987
78,6,/home/nabizadz/Projects/Mahsa/datasets/grid/test/s30/lrao3p.mpg,1,17,4.326606273651123,0.9990677073396825
78,7,/home/nabizadz/Projects/Mahsa/datasets/grid/test/s30/bgid7n.mpg,151,167,3.653701066970825,0.9667363798719569
78,8,/home/nabizadz/Projects/Mahsa/datasets/grid/test/s30/bwax8s.mpg,14,30,4.334610462188721,0.9839349751527412
78,9,/home/nabizadz/Projects/Mahsa/datasets/grid/test/s30/pbis1p.mpg,45,61,3.5460355281829834,0.9893088824367654
78,10,/home/nabizadz/Projects/Mahsa/datasets/grid/test/s30/lbbo2a.mpg,37,53,3.656989097595215,0.9955682445133452
78,11,/home/nabizadz/Projects/Mahsa/datasets/grid/test/s30/pgit7n.mpg,93,109,3.4176313877105713,0.9726079285665588
78,12,/home/nabizadz/Projects/Mahsa/datasets/grid/test/s30/sbid8a.mpg,28,44,4.221242904663086,0.9999638267026449
78,13,/home/nabizadz/Projects/Mahsa/datasets/grid/test/s30/bgwl5p.mpg,105,121,3.6312954425811768,0.9888393813401154
78,14,/home/nabizadz/Projects/Mahsa/datasets/grid/test/s30/briv8s.mpg,279,295,4.26535701751709,0.955087975770172
78,15,/home/nabizadz/Projects/Mahsa/datasets/grid/test/s30/lbin2s.mpg,177,193,4.114501953125,0.9868521983222156
79,0,/home/nabizadz/Projects/Mahsa/datasets/grid/test/s30/prwt8s.mpg,104,120,3.0064408779144287,0.9854911412015572
79,1,/home/nabizadz/Projects/Mahsa/datasets/grid/test/s30/lwaczs.mpg,241,257,3.835512399673462,0.9739553183465444
79,2,/home/nabizadz/Projects/Mahsa/datasets/grid/test/s30/sralzs.mpg,203,219,4.442803859710693,0.9900293917453404
79,3,/home/nabizadz/Projects/Mahsa/datasets/grid/test/s30/pbiz6a.mpg,259,275,4.467870235443115,0.989717781959162
79,4,/home/nabizadz/Projects/Mahsa/datasets/grid/test/s30/bwid4a.mpg,181,197,4.072949409484863,0.9731785298258948
79,5,/home/nabizadz/Projects/Mahsa/datasets/grid/test/s30/lrbu9n.mpg,61,77,4.409032821655273,0.9878283753365003
79,6,/home/nabizadz/Projects/Mahsa/datasets/grid/test/s30/pwahza.mpg,6,22,3.7883682250976562,0.999167220836171
79,7,/home/nabizadz/Projects/Mahsa/datasets/grid/test/s30/srak9n.mpg,166,182,3.732628107070923,0.9729525922067278
79,8,/home/nabizadz/Projects/Mahsa/datasets/grid/test/s30/bbac3n.mpg,245,261,4.377148151397705,0.9996331175617261
79,9,/home/nabizadz/Projects/Mahsa/datasets/grid/test/s30/pbif1n.mpg,207,223,4.3057861328125,0.9999600448123216
79,10,/home/nabizadz/Projects/Mahsa/datasets/grid/test/s30/brwd7n.mpg,248,264,4.18358850479126,0.9110679325356977
79,11,/home/nabizadz/Projects/Mahsa/datasets/grid/test/s30/lgai9n.mpg,218,234,4.250965118408203,0.970967385972647
79,12,/home/nabizadz/Projects/Mahsa/datasets/grid/test/s30/lbabza.mpg,227,243,4.319590091705322,0.9552192017744688
79,13,/home/nabizadz/Projects/Mahsa/datasets/grid/test/s30/swal7p.mpg,80,96,3.368565320968628,0.9869824225332633
79,14,/home/nabizadz/Projects/Mahsa/datasets/grid/test/s30/sbwy9n.mpg,112,128,3.8219385147094727,0.996295554352364
79,15,/home/nabizadz/Projects/Mahsa/datasets/grid/test/s30/bwbk3n.mpg,166,182,3.4284188747406006,0.9830629354601553
80,0,/home/nabizadz/Projects/Mahsa/datasets/grid/test/s30/swbm2a.mpg,2,18,4.162205219268799,0.9781203454267531
80,1,/home/nabizadz/Projects/Mahsa/datasets/grid/test/s30/sbiq5p.mpg,0,16,4.485795021057129,0.9987997564312036
80,2,/home/nabizadz/Projects/Mahsa/datasets/grid/test/s30/swir5n.mpg,115,131,3.712705612182617,0.9863688181519024
80,3,/home/nabizadz/Projects/Mahsa/datasets/grid/test/s30/sgbg1n.mpg,101,117,3.7723305225372314,0.9819128523011572
80,4,/home/nabizadz/Projects/Mahsa/datasets/grid/test/s30/bgbk9n.mpg,1,17,4.322019100189209,0.9999984146639537
80,5,/home/nabizadz/Projects/Mahsa/datasets/grid/test/s30/praaza.mpg,69,85,1.9536775350570679,0.9734117274828574
80,6,/home/nabizadz/Projects/Mahsa/datasets/grid/test/s30/brwq8a.mpg,55,71,3.578650951385498,0.9677309799717755
80,7,/home/nabizadz/Projects/Mahsa/datasets/grid/test/s30/lgwx7p.mpg,38,54,3.8567073345184326,0.9923511488650684
80,8,/home/nabizadz/Projects/Mahsa/datasets/grid/test/s30/pwwozs.mpg,212,228,4.310936450958252,0.9507974347446677
80,9,/home/nabizadz/Projects/Mahsa/datasets/grid/test/s30/swbz8s.mpg,74,90,3.824151039123535,0.9896590694589253
80,10,/home/nabizadz/Projects/Mahsa/datasets/grid/test/s30/bgbl2a.mpg,5,21,4.426604747772217,0.9999916120185661
80,11,/home/nabizadz/Projects/Mahsa/datasets/grid/test/s30/pbiz4s.mpg,243,259,4.437189102172852,0.9999990133326468
80,12,/home/nabizadz/Projects/Mahsa/datasets/grid/test/s30/pbbf9n.mpg,16,32,4.4065775871276855,0.998888729081598
80,13,/home/nabizadz/Projects/Mahsa/datasets/grid/test/s30/lgwx6s.mpg,98,114,3.8411364555358887,0.9727022331898331
80,14,/home/nabizadz/Projects/Mahsa/datasets/grid/test/s30/lgii5n.mpg,269,285,4.410597801208496,0.9342098916723238
80,15,/home/nabizadz/Projects/Mahsa/datasets/grid/test/s30/bgwr9p.mpg,133,149,3.394117832183838,0.9632526815058096
81,0,/home/nabizadz/Projects/Mahsa/datasets/grid/test/s30/pbir9n.mpg,58,74,3.094947099685669,0.9816619432778204
81,1,/home/nabizadz/Projects/Mahsa/datasets/grid/test/s30/lwio3n.mpg,264,280,3.9029808044433594,0.9421677599023716
81,2,/home/nabizadz/Projects/Mahsa/datasets/grid/test/s30/pgwo5n.mpg,81,97,3.4802334308624268,0.9755896455153774
81,3,/home/nabizadz/Projects/Mahsa/datasets/grid/test/s30/pgbb4s.mpg,251,267,4.380474090576172,0.9999972457672098
81,4,/home/nabizadz/Projects/Mahsa/datasets/grid/test/s30/prif9p.mpg,189,205,3.408912181854248,0.9439211911074751
81,5,/home/nabizadz/Projects/Mahsa/datasets/grid/test/s30/pwia1p.mpg,118,134,3.44877028465271,0.9983607426412681
81,6,/home/nabizadz/Projects/Mahsa/datasets/grid/test/s30/pwba8s.mpg,100,116,3.404881477355957,0.9897516557778678
81,7,/home/nabizadz/Projects/Mahsa/datasets/grid/test/s30/prbt3n.mpg,152,168,3.7462821006774902,0.9481632693881564
81,8,/home/nabizadz/Projects/Mahsa/datasets/grid/test/s30/srwl7n.mpg,278,294,4.282683372497559,0.9647654016711459
81,9,/home/nabizadz/Projects/Mahsa/datasets/grid/test/s30/lwai6a.mpg,121,137,3.11696195602417,0.9646471385590125
81,10,/home/nabizadz/Projects/Mahsa/datasets/grid/test/s30/lwbc6a.mpg,58,74,3.341900587081909,0.9816771464660665
81,11,/home/nabizadz/Projects/Mahsa/datasets/grid/test/s30/bwbq7n.mpg,183,199,4.023331165313721,0.9812339703536245
81,12,/home/nabizadz/Projects/Mahsa/datasets/grid/test/s30/lbah4a.mpg,237,253,4.308021068572998,0.9552807741702355
81,13,/home/nabizadz/Projects/Mahsa/datasets/grid/test/s30/lbbh7p.mpg,54,70,4.032201766967773,0.9893621514045337
81,14,/home/nabizadz/Projects/Mahsa/datasets/grid/test/s30/lbit8a.mpg,95,111,3.7052109241485596,0.9717704600603168
81,15,/home/nabizadz/Projects/Mahsa/datasets/grid/test/s30/bbio8s.mpg,135,151,3.2704875469207764,0.9346568189850368
82,0,/home/nabizadz/Projects/Mahsa/datasets/grid/test/s30/bwby2s.mpg,192,208,3.5494091510772705,0.9962195506885483
82,1,/home/nabizadz/Projects/Mahsa/datasets/grid/test/s30/lgwx8a.mpg,186,202,3.1963038444519043,0.9823602766273238
82,2,/home/nabizadz/Projects/Mahsa/datasets/grid/test/s30/bwakzs.mpg,50,66,3.4695019721984863,0.974976285534211
82,3,/home/nabizadz/Projects/Mahsa/datasets/grid/test/s30/sbbe5p.mpg,273,289,4.345006465911865,0.9999951354257941
82,4,/home/nabizadz/Projects/Mahsa/datasets/grid/test/s30/sbak6a.mpg,198,214,3.848456382751465,0.9970350760150261
82,5,/home/nabizadz/Projects/Mahsa/datasets/grid/test/s30/lrao4a.mpg,47,63,4.255405902862549,0.9808324165476502
82,6,/home/nabizadz/Projects/Mahsa/datasets/grid/test/s30/sbaezs.mpg,113,129,3.6240670680999756,0.9769808799001847
82,7,/home/nabizadz/Projects/Mahsa/datasets/grid/test/s30/bbap2s.mpg,229,245,4.132706642150879,0.9999657443015564
82,8,/home/nabizadz/Projects/Mahsa/datasets/grid/test/s30/bwiq1p.mpg,222,238,4.027408123016357,0.9748753896268301
82,9,/home/nabizadz/Projects/Mahsa/datasets/grid/test/s30/swil3p.mpg,152,168,3.5573878288269043,0.943826281930325
82,10,/home/nabizadz/Projects/Mahsa/datasets/grid/test/s30/lwao7n.mpg,138,154,3.875216484069824,0.9760207993146375
82,11,/home/nabizadz/Projects/Mahsa/datasets/grid/test/s30/pratzs.mpg,2,18,4.238689422607422,0.9999135295712674
82,12,/home/nabizadz/Projects/Mahsa/datasets/grid/test/s30/bwbezs.mpg,58,74,3.4854142665863037,0.9660422036975423
82,13,/home/nabizadz/Projects/Mahsa/datasets/grid/test/s30/prim3p.mpg,84,100,3.5355422496795654,0.9800607421548542
82,14,/home/nabizadz/Projects/Mahsa/datasets/grid/test/s30/sgis2s.mpg,26,42,3.5811238288879395,0.989667222127018
82,15,/home/nabizadz/Projects/Mahsa/datasets/grid/test/s30/swizzs.mpg,133,149,3.1683504581451416,0.9873665905413502
83,0,/home/nabizadz/Projects/Mahsa/datasets/grid/test/s30/pbam2a.mpg,171,187,3.447455406188965,0.9821595697052596
83,1,/home/nabizadz/Projects/Mahsa/datasets/grid/test/s30/sgwg7p.mpg,57,73,3.4042811393737793,0.933899850733529
83,2,/home/nabizadz/Projects/Mahsa/datasets/grid/test/s30/lgbd2a.mpg,136,152,3.6699039936065674,0.9791928089177845
83,3,/home/nabizadz/Projects/Mahsa/datasets/grid/test/s30/pgbo2s.mpg,192,208,3.8674161434173584,0.9831486777814933
83,4,/home/nabizadz/Projects/Mahsa/datasets/grid/test/s30/lbbb2s.mpg,88,104,3.4711430072784424,0.9486201572109116
83,5,/home/nabizadz/Projects/Mahsa/datasets/grid/test/s30/pgaa9n.mpg,261,277,4.323643207550049,0.9748885471054577
83,6,/home/nabizadz/Projects/Mahsa/datasets/grid/test/s30/pbil5n.mpg,175,191,3.9067840576171875,0.9759715500240544
83,7,/home/nabizadz/Projects/Mahsa/datasets/grid/test/s30/lbin4a.mpg,242,258,4.402702331542969,0.9834324898695334
83,8,/home/nabizadz/Projects/Mahsa/datasets/grid/test/s30/lbwb8a.mpg,190,206,3.696650266647339,0.9697064811155754
83,9,/home/nabizadz/Projects/Mahsa/datasets/grid/test/s30/sbbr2s.mpg,38,54,4.150439262390137,0.9999973136476391
83,10,/home/nabizadz/Projects/Mahsa/datasets/grid/test/s30/lbwb6s.mpg,58,74,3.7144036293029785,0.9914030258641211
83,11,/home/nabizadz/Projects/Mahsa/datasets/grid/test/s30/srbf1p.mpg,69,85,3.4477479457855225,0.9898387199164599
83,12,/home/nabizadz/Projects/Mahsa/datasets/grid/test/s30/braj4s.mpg,11,27,4.154202938079834,0.9747953616757374
83,13,/home/nabizadz/Projects/Mahsa/datasets/grid/test/s30/prbt4s.mpg,168,184,3.3408398628234863,0.9777773153853703
83,14,/home/nabizadz/Projects/Mahsa/datasets/grid/test/s30/bwwy8a.mpg,101,117,3.6949219703674316,0.9724143054272565
83,15,/home/nabizadz/Projects/Mahsa/datasets/grid/test/s30/lwav3p.mpg,37,53,4.345738410949707,0.9976212159918256
84,0,/home/nabizadz/Projects/Mahsa/datasets/grid/test/s30/lban6s.mpg,220,236,4.412156581878662,0.9564112200309473
84,1,/home/nabizadz/Projects/Mahsa/datasets/grid/test/s30/pbwm7n.mpg,202,218,3.9542434215545654,0.9710407255961977
84,2,/home/nabizadz/Projects/Mahsa/datasets/grid/test/s30/swar9n.mpg,134,150,3.684615135192871,0.9490457357266792
84,3,/home/nabizadz/Projects/Mahsa/datasets/grid/test/s30/lrin7n.mpg,163,179,3.717695713043213,0.9479446932001208
84,4,/home/nabizadz/Projects/Mahsa/datasets/grid/test/s30/sgwn1p.mpg,209,225,4.277872085571289,0.8929348448230021
84,5,/home/nabizadz/Projects/Mahsa/datasets/grid/test/s30/prwa5n.mpg,282,298,4.3485798835754395,0.9555497328128569
84,6,/home/nabizadz/Projects/Mahsa/datasets/grid/test/s30/lgwq1n.mpg,87,103,3.424929141998291,0.9798163850626129
84,7,/home/nabizadz/Projects/Mahsa/datasets/grid/test/s30/pwig5p.mpg,229,245,4.317749977111816,0.9999394043028969
84,8,/home/nabizadz/Projects/Mahsa/datasets/grid/test/s30/pgab1p.mpg,250,266,4.191610336303711,0.9198532655161052
84,9,/home/nabizadz/Projects/Mahsa/datasets/grid/test/s30/lrbo6s.mpg,202,218,4.374880790710449,0.9826840003209019
84,10,/home/nabizadz/Projects/Mahsa/datasets/grid/test/s30/pwbn7p.mpg,184,200,3.9509007930755615,0.9721078083819353
84,11,/home/nabizadz/Projects/Mahsa/datasets/grid/test/s30/pwig6a.mpg,134,150,3.080012798309326,0.9415459184864969
84,12,/home/nabizadz/Projects/Mahsa/datasets/grid/test/s30/lwbc5p.mpg,8,24,4.318498611450195,0.9999970957542562
84,13,/home/nabizadz/Projects/Mahsa/datasets/grid/test/s30/swbmzs.mpg,88,104,3.556697368621826,0.9823505571906365
84,14,/home/nabizadz/Projects/Mahsa/datasets/grid/test/s30/lgiv4s.mpg,63,79,3.5061323642730713,0.9744921985720669
84,15,/home/nabizadz/Projects/Mahsa/datasets/grid/test/s30/lgwd6a.mpg,103,119,3.8187921047210693,0.9944490097577114
85,0,/home/nabizadz/Projects/Mahsa/datasets/grid/test/s30/bwbd9n.mpg,70,86,3.0532052516937256,0.9726952606510525
85,1,/home/nabizadz/Projects/Mahsa/datasets/grid/test/s30/sbbk8s.mpg,87,103,1.7174971103668213,0.9761414616029157
85,2,/home/nabizadz/Projects/Mahsa/datasets/grid/test/s30/sbblza.mpg,39,55,4.417205810546875,0.9952813591738066
85,3,/home/nabizadz/Projects/Mahsa/datasets/grid/test/s30/lrwi7p.mpg,214,230,4.3296613693237305,0.918062970616182
85,4,/home/nabizadz/Projects/Mahsa/datasets/grid/test/s30/sriq9n.mpg,57,73,3.0544798374176025,0.9867290243448902
85,5,/home/nabizadz/Projects/Mahsa/datasets/grid/test/s30/bbav6s.mpg,158,174,3.681565046310425,0.9757650780976936
85,6,/home/nabizadz/Projects/Mahsa/datasets/grid/test/s30/bwwy7p.mpg,150,166,4.0015411376953125,0.9949919017713159
85,7,/home/nabizadz/Projects/Mahsa/datasets/grid/test/s30/lbia3n.mpg,178,194,3.939619541168213,0.9774365485122104
85,8,/home/nabizadz/Projects/Mahsa/datasets/grid/test/s30/sbwz2a.mpg,123,139,3.867046356201172,0.9761195067800632
85,9,/home/nabizadz/Projects/Mahsa/datasets/grid/test/s30/brijzs.mpg,267,283,4.489721298217773,0.9870963841162975
85,10,/home/nabizadz/Projects/Mahsa/datasets/grid/test/s30/sgbt2a.mpg,109,125,3.656374931335449,0.9840949905505608
85,11,/home/nabizadz/Projects/Mahsa/datasets/grid/test/s30/bbwx5p.mpg,90,106,2.932770252227783,0.9640103783991198
85,12,/home/nabizadz/Projects/Mahsa/datasets/grid/test/s30/sgwa4a.mpg,9,25,4.361827373504639,0.9826134426262522
85,13,/home/nabizadz/Projects/Mahsa/datasets/grid/test/s30/prwa8a.mpg,26,42,4.485109329223633,0.9985015454223133
85,14,/home/nabizadz/Projects/Mahsa/datasets/grid/test/s30/lwao9p.mpg,218,234,3.8781020641326904,0.9805213542475737
85,15,/home/nabizadz/Projects/Mahsa/datasets/grid/test/s30/bgiy2a.mpg,29,45,3.326870918273926,0.9825281862142544
86,0,/home/nabizadz/Projects/Mahsa/datasets/grid/test/s30/swwtza.mpg,104,120,3.192669630050659,0.9757564136582569
86,1,/home/nabizadz/Projects/Mahsa/datasets/grid/test/s30/pras9n.mpg,168,184,4.015028953552246,0.9871390611604735
86,2,/home/nabizadz/Projects/Mahsa/datasets/grid/test/s30/sgiz8a.mpg,213,229,3.9278907775878906,0.9623463557890449
86,3,/home/nabizadz/Projects/Mahsa/datasets/grid/test/s30/lgwd3n.mpg,32,48,4.306784152984619,0.9900038813189939
86,4,/home/nabizadz/Projects/Mahsa/datasets/grid/test/s30/bgar2a.mpg,253,269,4.32720947265625,0.9396495205082598
86,5,/home/nabizadz/Projects/Mahsa/datasets/grid/test/s30/srik6s.mpg,172,188,3.3317694664001465,0.9642006224671745
86,6,/home/nabizadz/Projects/Mahsa/datasets/grid/test/s30/bwix5p.mpg,253,269,4.338418483734131,0.987787599006835
86,7,/home/nabizadz/Projects/Mahsa/datasets/grid/test/s30/pwba7n.mpg,186,202,3.0710361003875732,0.9813222373466687
86,8,/home/nabizadz/Projects/Mahsa/datasets/grid/test/s30/pgah3n.mpg,165,181,3.852370023727417,0.985475524894956
86,9,/home/nabizadz/Projects/Mahsa/datasets/grid/test/s30/lrau6s.mpg,37,53,4.1047043800354,0.9891868286126146
86,10,/home/nabizadz/Projects/Mahsa/datasets/grid/test/s30/bgay6a.mpg,111,127,3.6528725624084473,0.9719732705523262
86,11,/home/nabizadz/Projects/Mahsa/datasets/grid/test/s30/lgbc9n.mpg,224,240,4.138957977294922,0.9978299131872723
86,12,/home/nabizadz/Projects/Mahsa/datasets/grid/test/s30/sbby5n.mpg,181,197,3.854215621948242,0.9765273918949857
86,13,/home/nabizadz/Projects/Mahsa/datasets/grid/test/s30/lwwc9p.mpg,43,59,3.798402786254883,0.9879482400431482
86,14,/home/nabizadz/Projects/Mahsa/datasets/grid/test/s30/srbe9n.mpg,252,268,4.36598539352417,0.9748157875955528
86,15,/home/nabizadz/Projects/Mahsa/datasets/grid/test/s30/lgap5p.mpg,90,106,3.1818315982818604,0.9551059578567269
87,0,/home/nabizadz/Projects/Mahsa/datasets/grid/test/s30/sbbe3n.mpg,200,216,4.28003454208374,0.9762772511485449
87,1,/home/nabizadz/Projects/Mahsa/datasets/grid/test/s30/brwy2a.mpg,10,26,4.347875118255615,0.9799409377639119
87,2,/home/nabizadz/Projects/Mahsa/datasets/grid/test/s30/pgbo1n.mpg,188,204,3.8771109580993652,0.972728277184197
87,3,/home/nabizadz/Projects/Mahsa/datasets/grid/test/s30/bbai8s.mpg,137,153,3.8155829906463623,0.9775734188917347
87,4,/home/nabizadz/Projects/Mahsa/datasets/grid/test/s30/brwq5n.mpg,129,145,3.813408613204956,0.9722355224316634
87,5,/home/nabizadz/Projects/Mahsa/datasets/grid/test/s30/prwg9n.mpg,18,34,4.201352119445801,0.9861234152882076
87,6,/home/nabizadz/Projects/Mahsa/datasets/grid/test/s30/prba3p.mpg,86,102,3.4379312992095947,0.9828206840635126
87,7,/home/nabizadz/Projects/Mahsa/datasets/grid/test/s30/bgby7n.mpg,78,94,3.309269428253174,0.9618226296436192
87,8,/home/nabizadz/Projects/Mahsa/datasets/grid/test/s30/pgwcza.mpg,99,115,2.9234321117401123,0.9742581044656591
87,9,/home/nabizadz/Projects/Mahsa/datasets/grid/test/s30/bwak2a.mpg,167,183,3.4833858013153076,0.9627817971277671
87,10,/home/nabizadz/Projects/Mahsa/datasets/grid/test/s30/lgbj4s.mpg,132,148,3.9792468547821045,0.9839970613853761
87,11,/home/nabizadz/Projects/Mahsa/datasets/grid/test/s30/sgis4a.mpg,270,286,4.315438747406006,0.9467770540202565
87,12,/home/nabizadz/Projects/Mahsa/datasets/grid/test/s30/lgap3n.mpg,187,203,3.8684511184692383,0.9737440244962072
87,13,/home/nabizadz/Projects/Mahsa/datasets/grid/test/s30/sgwt6a.mpg,66,82,3.1065216064453125,0.989791885278294
87,14,/home/nabizadz/Projects/Mahsa/datasets/grid/test/s30/lgaxza.mpg,243,259,4.266856670379639,0.9130772849310059
87,15,/home/nabizadz/Projects/Mahsa/datasets/grid/test/s30/lwac1p.mpg,201,217,4.263012409210205,0.9702397760997814
88,0,/home/nabizadz/Projects/Mahsa/datasets/grid/test/s30/pbwt4a.mpg,74,90,3.44284725189209,0.9821981612864243
88,1,/home/nabizadz/Projects/Mahsa/datasets/grid/test/s30/lbwi1p.mpg,41,57,3.6186676025390625,0.9834697215074379
88,2,/home/nabizadz/Projects/Mahsa/datasets/grid/test/s30/pgwi1n.mpg,185,201,4.34729528427124,0.9402320357852647
88,3,/home/nabizadz/Projects/Mahsa/datasets/grid/test/s30/brbq2s.mpg,40,56,4.166103839874268,0.9947054744772982
88,4,/home/nabizadz/Projects/Mahsa/datasets/grid/test/s30/lbah1n.mpg,90,106,2.9883086681365967,0.9685597707878043
88,5,/home/nabizadz/Projects/Mahsa/datasets/grid/test/s30/sgis3p.mpg,171,187,3.6699726581573486,0.9430174881677708
88,6,/home/nabizadz/Projects/Mahsa/datasets/grid/test/s30/sgas6s.mpg,91,107,3.036390542984009,0.9574684005726097
88,7,/home/nabizadz/Projects/Mahsa/datasets/grid/test/s30/bwwe3n.mpg,219,235,4.4831695556640625,0.943733397579023
88,8,/home/nabizadz/Projects/Mahsa/datasets/grid/test/s30/pbas6a.mpg,6,22,4.333205699920654,0.9999995793187484
88,9,/home/nabizadz/Projects/Mahsa/datasets/grid/test/s30/lbwu9p.mpg,162,178,3.5484628677368164,0.9444141141615148
88,10,/home/nabizadz/Projects/Mahsa/datasets/grid/test/s30/brap8s.mpg,164,180,3.7392067909240723,0.9440526429927566
88,11,/home/nabizadz/Projects/Mahsa/datasets/grid/test/s30/pbbtza.mpg,15,31,4.409602642059326,0.9949431082594306
88,12,/home/nabizadz/Projects/Mahsa/datasets/grid/test/s30/bwwe5p.mpg,230,246,4.478243827819824,0.985567971326963
88,13,/home/nabizadz/Projects/Mahsa/datasets/grid/test/s30/bbac6a.mpg,8,24,4.270444869995117,0.9889141328319301
88,14,/home/nabizadz/Projects/Mahsa/datasets/grid/test/s30/pwit1n.mpg,206,222,4.240188121795654,0.9731121260824932
88,15,/home/nabizadz/Projects/Mahsa/datasets/grid/test/s30/lria9n.mpg,119,135,3.9879820346832275,0.9584953838495887
89,0,/home/nabizadz/Projects/Mahsa/datasets/grid/test/s30/sbwe7n.mpg,192,208,4.234181880950928,0.9899739407018489
89,1,/home/nabizadz/Projects/Mahsa/datasets/grid/test/s30/sgwt4s.mpg,249,265,4.409221649169922,0.9881258919807537
89,2,/home/nabizadz/Projects/Mahsa/datasets/grid/test/s30/pbil6s.mpg,270,286,4.37530517578125,0.9661226134384827
89,3,/home/nabizadz/Projects/Mahsa/datasets/grid/test/s30/lrbi2s.mpg,11,27,4.340605735778809,0.999996211801309
89,4,/home/nabizadz/Projects/Mahsa/datasets/grid/test/s30/bgbzza.mpg,42,58,4.436304092407227,0.9997752527707829
89,5,/home/nabizadz/Projects/Mahsa/datasets/grid/test/s30/bgwl6a.mpg,110,126,3.6455414295196533,0.9805345762971605
89,6,/home/nabizadz/Projects/Mahsa/datasets/grid/test/s30/pgig9n.mpg,22,38,4.287121772766113,0.9843908899298814
89,7,/home/nabizadz/Projects/Mahsa/datasets/grid/test/s30/sbaq7n.mpg,246,262,4.293907642364502,0.9996056637165374
89,8,/home/nabizadz/Projects/Mahsa/datasets/grid/test/s30/lban5n.mpg,174,190,3.848764419555664,0.9866020906991598
89,9,/home/nabizadz/Projects/Mahsa/datasets/grid/test/s30/pwig3n.mpg,247,263,4.401028633117676,0.9787248769270326
89,10,/home/nabizadz/Projects/Mahsa/datasets/grid/test/s30/pwinza.mpg,185,201,3.866692543029785,0.9818183300545542
89,11,/home/nabizadz/Projects/Mahsa/datasets/grid/test/s30/pwan3p.mpg,158,174,3.375849723815918,0.9528749800651702
89,12,/home/nabizadz/Projects/Mahsa/datasets/grid/test/s30/brwk1n.mpg,238,254,4.111511707305908,0.9906452608912792
89,13,/home/nabizadz/Projects/Mahsa/datasets/grid/test/s30/sgiz6s.mpg,253,269,4.3012871742248535,0.999908145364503
89,14,/home/nabizadz/Projects/Mahsa/datasets/grid/test/s30/pwim9p.mpg,241,257,4.389472961425781,0.9999999999999998
89,15,/home/nabizadz/Projects/Mahsa/datasets/grid/test/s30/sbwl4a.mpg,240,256,4.168521881103516,0.8490225170056506
90,0,/home/nabizadz/Projects/Mahsa/datasets/grid/test/s30/lribzs.mpg,80,96,3.4217591285705566,0.9845949271902296
90,1,/home/nabizadz/Projects/Mahsa/datasets/grid/test/s30/lraiza.mpg,195,211,3.359722375869751,0.9574030097974425
90,2,/home/nabizadz/Projects/Mahsa/datasets/grid/test/s30/lwwp5n.mpg,77,93,3.0041420459747314,0.9691691489827048
90,3,/home/nabizadz/Projects/Mahsa/datasets/grid/test/s30/lgaj1p.mpg,1,17,4.421758651733398,0.9743061905009823
90,4,/home/nabizadz/Projects/Mahsa/datasets/grid/test/s30/bgae2s.mpg,197,213,3.387273073196411,0.9547780468736504
90,5,/home/nabizadz/Projects/Mahsa/datasets/grid/test/s30/bwwy6s.mpg,69,85,3.5594334602355957,0.9866160766973583
90,6,/home/nabizadz/Projects/Mahsa/datasets/grid/test/s30/briv9p.mpg,28,44,4.099365711212158,0.9247898958637439
90,7,/home/nabizadz/Projects/Mahsa/datasets/grid/test/s30/srwz8a.mpg,134,150,3.7413220405578613,0.9794675978692908
90,8,/home/nabizadz/Projects/Mahsa/datasets/grid/test/s30/bbiv3p.mpg,194,210,4.176147937774658,0.9873225160682229
90,9,/home/nabizadz/Projects/Mahsa/datasets/grid/test/s30/sgwn2a.mpg,51,67,3.3515796661376953,0.9835610896785377
90,10,/home/nabizadz/Projects/Mahsa/datasets/grid/test/s30/prim2s.mpg,107,123,3.3207523822784424,0.9809621256643013
90,11,/home/nabizadz/Projects/Mahsa/datasets/grid/test/s30/srbr9p.mpg,174,190,3.322943925857544,0.9487601539396526
90,12,/home/nabizadz/Projects/Mahsa/datasets/grid/test/s30/bbii6a.mpg,253,269,4.313422203063965,0.9640840371220873
90,13,/home/nabizadz/Projects/Mahsa/datasets/grid/test/s30/lwwp8a.mpg,24,40,4.30889368057251,0.999395793352563
90,14,/home/nabizadz/Projects/Mahsa/datasets/grid/test/s30/pbaz8s.mpg,27,43,4.301085472106934,0.9999968244744863
90,15,/home/nabizadz/Projects/Mahsa/datasets/grid/test/s30/pwat8a.mpg,126,142,3.140240430831909,0.9647692910808839
91,0,/home/nabizadz/Projects/Mahsa/datasets/grid/test/s30/bbajza.mpg,234,250,4.47045373916626,0.9868260959489438
91,1,/home/nabizadz/Projects/Mahsa/datasets/grid/test/s30/bbii3n.mpg,212,228,4.33867883682251,0.9838962723686091
91,2,/home/nabizadz/Projects/Mahsa/datasets/grid/test/s30/pbaf5n.mpg,39,55,4.229006290435791,0.997163958291016
91,3,/home/nabizadz/Projects/Mahsa/datasets/grid/test/s30/braqza.mpg,62,78,3.233696937561035,0.9778846613035749
91,4,/home/nabizadz/Projects/Mahsa/datasets/grid/test/s30/lbaa9p.mpg,127,143,3.5142383575439453,0.9677717435584413
91,5,/home/nabizadz/Projects/Mahsa/datasets/grid/test/s30/sgbm5n.mpg,253,269,3.698014736175537,0.9179213966766278
91,6,/home/nabizadz/Projects/Mahsa/datasets/grid/test/s30/pwag8s.mpg,67,83,3.3286709785461426,0.9819769061780967
91,7,/home/nabizadz/Projects/Mahsa/datasets/grid/test/s30/sray7n.mpg,114,130,3.785419225692749,0.9721581500228759
91,8,/home/nabizadz/Projects/Mahsa/datasets/grid/test/s30/lbaa8s.mpg,91,107,3.4151840209960938,0.9786489777549671
91,9,/home/nabizadz/Projects/Mahsa/datasets/grid/test/s30/lwih9n.mpg,219,235,4.128674507141113,0.8953606085948986
91,10,/home/nabizadz/Projects/Mahsa/datasets/grid/test/s30/pwbn5n.mpg,281,297,4.436030864715576,0.9976431609112926
91,11,/home/nabizadz/Projects/Mahsa/datasets/grid/test/s30/lrau8a.mpg,189,205,3.8599607944488525,0.9865387560636818
91,12,/home/nabizadz/Projects/Mahsa/datasets/grid/test/s30/bbbxzs.mpg,60,76,3.581202745437622,0.9681803146485326
91,13,/home/nabizadz/Projects/Mahsa/datasets/grid/test/s30/pbil7p.mpg,271,287,4.389029026031494,0.9996279646188454
91,14,/home/nabizadz/Projects/Mahsa/datasets/grid/test/s30/bbio9p.mpg,29,45,3.3016130924224854,0.97751946690769
91,15,/home/nabizadz/Projects/Mahsa/datasets/grid/test/s30/lbbu5p.mpg,112,128,3.613743543624878,0.9833158147747637
92,0,/home/nabizadz/Projects/Mahsa/datasets/grid/test/s30/bwayza.mpg,266,282,4.294857501983643,0.9321230947204038
92,1,/home/nabizadz/Projects/Mahsa/datasets/grid/test/s30/lriu1n.mpg,253,269,4.468939304351807,0.9677127669731865
92,2,/home/nabizadz/Projects/Mahsa/datasets/grid/test/s30/bbwq2a.mpg,222,238,3.958836078643799,0.9680021450042553
92,3,/home/nabizadz/Projects/Mahsa/datasets/grid/test/s30/srbz1n.mpg,87,103,3.172708511352539,0.9780642057554163
92,4,/home/nabizadz/Projects/Mahsa/datasets/grid/test/s30/lgwq3p.mpg,245,261,4.275893211364746,0.955815916532447
92,5,/home/nabizadz/Projects/Mahsa/datasets/grid/test/s30/lrbb7n.mpg,84,100,3.6431357860565186,0.9914319535459868
92,6,/home/nabizadz/Projects/Mahsa/datasets/grid/test/s30/lrwi8a.mpg,77,93,3.623812675476074,0.9777777306471681
92,7,/home/nabizadz/Projects/Mahsa/datasets/grid/test/s30/srar6a.mpg,14,30,4.353027820587158,0.9973307641735765
92,8,/home/nabizadz/Projects/Mahsa/datasets/grid/test/s30/bbwqzs.mpg,57,73,3.592965841293335,0.9816796356160608
92,9,/home/nabizadz/Projects/Mahsa/datasets/grid/test/s30/pbwg4s.mpg,250,266,4.388883113861084,0.9989876418470705
92,10,/home/nabizadz/Projects/Mahsa/datasets/grid/test/s30/lrih4s.mpg,12,28,4.486301898956299,0.9993144572142153
92,11,/home/nabizadz/Projects/Mahsa/datasets/grid/test/s30/brbj7n.mpg,7,23,4.140367031097412,0.9816821541884072
92,12,/home/nabizadz/Projects/Mahsa/datasets/grid/test/s30/pwaa3n.mpg,138,154,3.3557288646698,0.9842461215237894
92,13,/home/nabizadz/Projects/Mahsa/datasets/grid/test/s30/lgac5n.mpg,204,220,4.0198211669921875,0.9839447536785197
92,14,/home/nabizadz/Projects/Mahsa/datasets/grid/test/s30/bgwz3p.mpg,57,73,3.4643404483795166,0.9757165853222208
92,15,/home/nabizadz/Projects/Mahsa/datasets/grid/test/s30/sbay1n.mpg,6,22,4.090292930603027,0.9998958077118986
93,0,/home/nabizadz/Projects/Mahsa/datasets/grid/test/s30/pwag9p.mpg,51,67,3.3017380237579346,0.977101193752971
93,1,/home/nabizadz/Projects/Mahsa/datasets/grid/test/s30/lgav9p.mpg,273,289,4.253414630889893,0.9998039870064049
93,2,/home/nabizadz/Projects/Mahsa/datasets/grid/test/s30/bwbk5p.mpg,220,236,3.718271255493164,0.9342759287895842
93,3,/home/nabizadz/Projects/Mahsa/datasets/grid/test/s30/srar3n.mpg,234,250,4.294907569885254,0.8311875813727078
93,4,/home/nabizadz/Projects/Mahsa/datasets/grid/test/s30/bbbc8s.mpg,122,138,2.8939077854156494,0.9711886809117406
93,5,/home/nabizadz/Projects/Mahsa/datasets/grid/test/s30/sgas5n.mpg,169,185,3.5407025814056396,0.9844775562161157
93,6,/home/nabizadz/Projects/Mahsa/datasets/grid/test/s30/prag3p.mpg,73,89,3.239199638366699,0.9783333776218328
93,7,/home/nabizadz/Projects/Mahsa/datasets/grid/test/s30/lwbi8s.mpg,53,69,3.1796717643737793,0.9759276636324177
93,8,/home/nabizadz/Projects/Mahsa/datasets/grid/test/s30/sbwl1n.mpg,258,274,4.419585704803467,0.9980932741577848
93,9,/home/nabizadz/Projects/Mahsa/datasets/grid/test/s30/lwwj1n.mpg,128,144,4.013806343078613,0.9948493493568016
93,10,/home/nabizadz/Projects/Mahsa/datasets/grid/test/s30/srir1p.mpg,19,35,3.6438534259796143,0.9781579195608859
93,11,/home/nabizadz/Projects/Mahsa/datasets/grid/test/s30/pgwi3p.mpg,85,101,2.919921636581421,0.9802230770928895
93,12,/home/nabizadz/Projects/Mahsa/datasets/grid/test/s30/lwbv5n.mpg,234,250,4.400040149688721,0.9990658250091291
93,13,/home/nabizadz/Projects/Mahsa/datasets/grid/test/s30/prwn4s.mpg,237,253,4.313967227935791,0.9310044981417185
93,14,/home/nabizadz/Projects/Mahsa/datasets/grid/test/s30/pwaa4s.mpg,186,202,4.027256011962891,0.9714184626125697
93,15,/home/nabizadz/Projects/Mahsa/datasets/grid/test/s30/sgbg3p.mpg,56,72,3.2346396446228027,0.992607362177652
94,0,/home/nabizadz/Projects/Mahsa/datasets/grid/test/s30/sgiz5n.mpg,22,38,4.026340484619141,0.9961366504289346
94,1,/home/nabizadz/Projects/Mahsa/datasets/grid/test/s30/lgiv5p.mpg,11,27,3.883197546005249,0.9944789599385019
94,2,/home/nabizadz/Projects/Mahsa/datasets/grid/test/s30/pwan2s.mpg,97,113,3.145766019821167,0.9776733898423907
94,3,/home/nabizadz/Projects/Mahsa/datasets/grid/test/s30/pgia5n.mpg,114,130,3.752387762069702,0.9742627556097839
94,4,/home/nabizadz/Projects/Mahsa/datasets/grid/test/s30/prwa6s.mpg,279,295,4.360513210296631,0.9968626808618096
94,5,/home/nabizadz/Projects/Mahsa/datasets/grid/test/s30/lrwv3n.mpg,58,74,3.5027384757995605,0.9754405239620464
94,6,/home/nabizadz/Projects/Mahsa/datasets/grid/test/s30/bbac5p.mpg,199,215,4.4405717849731445,0.9545582863523652
94,7,/home/nabizadz/Projects/Mahsa/datasets/grid/test/s30/sgil8s.mpg,255,271,4.494791030883789,0.9525691070958295
94,8,/home/nabizadz/Projects/Mahsa/datasets/grid/test/s30/pbaf7p.mpg,189,205,4.428348541259766,0.9481763128207423
94,9,/home/nabizadz/Projects/Mahsa/datasets/grid/test/s30/bgwl4s.mpg,54,70,3.4206011295318604,0.9711200084393093
94,10,/home/nabizadz/Projects/Mahsa/datasets/grid/test/s30/sgam1n.mpg,220,236,4.249475955963135,0.86339650847753
94,11,/home/nabizadz/Projects/Mahsa/datasets/grid/test/s30/pwiazs.mpg,265,281,4.385711669921875,0.976012998674997
94,12,/home/nabizadz/Projects/Mahsa/datasets/grid/test/s30/sbwr5n.mpg,9,25,4.330511093139648,0.9919966345179552
94,13,/home/nabizadz/Projects/Mahsa/datasets/grid/test/s30/prigza.mpg,180,196,3.5740585327148438,0.9695440951869222
94,14,/home/nabizadz/Projects/Mahsa/datasets/grid/test/s30/bgay4s.mpg,263,279,4.21474027633667,0.9984193626557245
94,15,/home/nabizadz/Projects/Mahsa/datasets/grid/test/s30/bwby1n.mpg,91,107,3.7132065296173096,0.9885801144352099
95,0,/home/nabizadz/Projects/Mahsa/datasets/grid/test/s30/pwwh6s.mpg,263,279,4.529144763946533,0.9888028920815605
95,1,/home/nabizadz/Projects/Mahsa/datasets/grid/test/s30/lgic2s.mpg,229,245,4.34426736831665,0.9530533598998626
95,2,/home/nabizadz/Projects/Mahsa/datasets/grid/test/s30/bbiv1n.mpg,109,125,3.1130568981170654,0.9422778413175124
95,3,/home/nabizadz/Projects/Mahsa/datasets/grid/test/s30/priz9n.mpg,31,47,4.452602863311768,0.9976524302716451
95,4,/home/nabizadz/Projects/Mahsa/datasets/grid/test/s30/swaz5p.mpg,272,288,4.238394260406494,0.968943887063343
95,5,/home/nabizadz/Projects/Mahsa/datasets/grid/test/s30/srws4a.mpg,104,120,3.2514193058013916,0.9953662818362498
95,6,/home/nabizadz/Projects/Mahsa/datasets/grid/test/s30/bgid9p.mpg,160,176,3.79824161529541,0.9549630791127409
95,7,/home/nabizadz/Projects/Mahsa/datasets/grid/test/s30/lwiu9p.mpg,252,268,3.945939779281616,0.8059240755011637
95,8,/home/nabizadz/Projects/Mahsa/datasets/grid/test/s30/sbak3n.mpg,248,264,4.177041530609131,1.0
95,9,/home/nabizadz/Projects/Mahsa/datasets/grid/test/s30/pgbh8s.mpg,247,263,4.16793966293335,0.9941595689192253
95,10,/home/nabizadz/Projects/Mahsa/datasets/grid/test/s30/pgan8s.mpg,196,212,4.125611305236816,0.9764853942772918
95,11,/home/nabizadz/Projects/Mahsa/datasets/grid/test/s30/pwwn9n.mpg,158,174,3.996577024459839,0.939725828617066
95,12,/home/nabizadz/Projects/Mahsa/datasets/grid/test/s30/pgia8a.mpg,32,48,4.250084400177002,0.9999811759759608
95,13,/home/nabizadz/Projects/Mahsa/datasets/grid/test/s30/srws3p.mpg,133,149,3.0100221633911133,0.9565192110919004
95,14,/home/nabizadz/Projects/Mahsa/datasets/grid/test/s30/pgwb7n.mpg,64,80,3.233635187149048,0.9812959285966073
95,15,/home/nabizadz/Projects/Mahsa/datasets/grid/test/s30/bbwd1n.mpg,102,118,3.332390308380127,0.9572883859934036
96,0,/home/nabizadz/Projects/Mahsa/datasets/grid/test/s30/sgbtzs.mpg,268,284,4.247697353363037,0.9957024909347357
96,1,/home/nabizadz/Projects/Mahsa/datasets/grid/test/s30/lgac6s.mpg,262,278,4.374915599822998,0.9946215991280535
96,2,/home/nabizadz/Projects/Mahsa/datasets/grid/test/s30/brbx5n.mpg,88,104,3.3661460876464844,0.9781583121215591
96,3,/home/nabizadz/Projects/Mahsa/datasets/grid/test/s30/sbby7p.mpg,136,152,3.5149996280670166,0.9472786325703718
96,4,/home/nabizadz/Projects/Mahsa/datasets/grid/test/s30/srwf3n.mpg,47,63,3.277653694152832,0.9714133587945096
96,5,/home/nabizadz/Projects/Mahsa/datasets/grid/test/s30/lgbx3p.mpg,185,201,3.4731125831604004,0.9397418727255891
96,6,/home/nabizadz/Projects/Mahsa/datasets/grid/test/s30/sbiq3n.mpg,179,195,4.185372352600098,0.9931610669303956
96,7,/home/nabizadz/Projects/Mahsa/datasets/grid/test/s30/bgby9p.mpg,206,222,3.4557647705078125,0.9343545942807672
96,8,/home/nabizadz/Projects/Mahsa/datasets/grid/test/s30/srirzs.mpg,101,117,3.5452709197998047,0.9825644997599708
96,9,/home/nabizadz/Projects/Mahsa/datasets/grid/test/s30/lwbp3p.mpg,115,131,3.6157679557800293,0.9604867535907838
96,10,/home/nabizadz/Projects/Mahsa/datasets/grid/test/s30/pbaf6s.mpg,46,62,4.094003677368164,0.9995644430087447
96,11,/home/nabizadz/Projects/Mahsa/datasets/grid/test/s30/lrbb8s.mpg,130,146,3.7419981956481934,0.9796456845247236
96,12,/home/nabizadz/Projects/Mahsa/datasets/grid/test/s30/lriu4a.mpg,217,233,4.168150424957275,0.9753234879018923
96,13,/home/nabizadz/Projects/Mahsa/datasets/grid/test/s30/lwiizs.mpg,274,290,4.2778496742248535,0.9986329563814157
96,14,/home/nabizadz/Projects/Mahsa/datasets/grid/test/s30/prat1p.mpg,186,202,3.9165539741516113,0.9696795893019383
96,15,/home/nabizadz/Projects/Mahsa/datasets/grid/test/s30/sgwg5n.mpg,133,149,3.1070916652679443,0.9704440360140506
97,0,/home/nabizadz/Projects/Mahsa/datasets/grid/test/s30/lgbp9p.mpg,156,172,3.82270884513855,0.9810116827620654
97,1,/home/nabizadz/Projects/Mahsa/datasets/grid/test/s30/lwib7p.mpg,258,274,4.158602237701416,0.9797419293494299
97,2,/home/nabizadz/Projects/Mahsa/datasets/grid/test/s30/bgay3n.mpg,144,160,3.2247698307037354,0.978967690665499
97,3,/home/nabizadz/Projects/Mahsa/datasets/grid/test/s30/bwaq6a.mpg,222,238,3.942822217941284,0.8970389312106899
97,4,/home/nabizadz/Projects/Mahsa/datasets/grid/test/s30/lwbi9p.mpg,188,204,4.438320159912109,0.9473409260434134
97,5,/home/nabizadz/Projects/Mahsa/datasets/grid/test/s30/lgbp7n.mpg,37,53,4.299343109130859,0.9999997397538372
97,6,/home/nabizadz/Projects/Mahsa/datasets/grid/test/s30/lgbj5p.mpg,149,165,3.6002631187438965,0.9715884865696902
97,7,/home/nabizadz/Projects/Mahsa/datasets/grid/test/s30/lrah7n.mpg,132,148,3.8381400108337402,0.9823139522320139
97,8,/home/nabizadz/Projects/Mahsa/datasets/grid/test/s30/bbwx6a.mpg,46,62,3.8083114624023438,0.9908876996943877
97,9,/home/nabizadz/Projects/Mahsa/datasets/grid/test/s30/bgwe9n.mpg,117,133,3.7139391899108887,0.9707745120739105
97,10,/home/nabizadz/Projects/Mahsa/datasets/grid/test/s30/sbid7p.mpg,12,28,4.3762993812561035,0.9847723664019997
97,11,/home/nabizadz/Projects/Mahsa/datasets/grid/test/s30/sgam2s.mpg,33,49,4.180831432342529,0.9895085975118938
97,12,/home/nabizadz/Projects/Mahsa/datasets/grid/test/s30/lwiu8s.mpg,89,105,3.4264652729034424,0.9726356225682211
97,13,/home/nabizadz/Projects/Mahsa/datasets/grid/test/s30/lbwb5n.mpg,249,265,4.406036853790283,0.9489455432905969
97,14,/home/nabizadz/Projects/Mahsa/datasets/grid/test/s30/bgwz2s.mpg,104,120,3.320103406906128,0.9722221934761841
97,15,/home/nabizadz/Projects/Mahsa/datasets/grid/test/s30/pwaa6a.mpg,253,269,4.2705302238464355,0.9312448258893455
98,0,/home/nabizadz/Projects/Mahsa/datasets/grid/test/s30/pgia6s.mpg,165,181,4.236863136291504,0.9830503595863191
98,1,/home/nabizadz/Projects/Mahsa/datasets/grid/test/s30/lbit6s.mpg,217,233,4.390218734741211,0.9514652642481412
98,2,/home/nabizadz/Projects/Mahsa/datasets/grid/test/s30/prwa7p.mpg,238,254,4.279371738433838,0.9247905663681254
98,3,/home/nabizadz/Projects/Mahsa/datasets/grid/test/s30/pgwi2s.mpg,238,254,4.212553977966309,0.9960904384293577
98,4,/home/nabizadz/Projects/Mahsa/datasets/grid/test/s30/bgik4a.mpg,27,43,3.493969202041626,0.9942434571757011
98,5,/home/nabizadz/Projects/Mahsa/datasets/grid/test/s30/lwwp7p.mpg,192,208,3.6453697681427,0.955791419306893
98,6,/home/nabizadz/Projects/Mahsa/datasets/grid/test/s30/lwivza.mpg,144,160,3.538316488265991,0.9631332469159248
98,7,/home/nabizadz/Projects/Mahsa/datasets/grid/test/s30/lrao2s.mpg,245,261,4.346612453460693,0.8875734815748638
98,8,/home/nabizadz/Projects/Mahsa/datasets/grid/test/s30/lban7p.mpg,46,62,3.563429355621338,0.9913598887407586
98,9,/home/nabizadz/Projects/Mahsa/datasets/grid/test/s30/lwav4a.mpg,266,282,3.6676039695739746,0.8609550847891133
98,10,/home/nabizadz/Projects/Mahsa/datasets/grid/test/s30/srar4s.mpg,262,278,4.337396144866943,0.9951427597077123
98,11,/home/nabizadz/Projects/Mahsa/datasets/grid/test/s30/sbby8a.mpg,282,298,4.446293354034424,0.9939487696494745
98,12,/home/nabizadz/Projects/Mahsa/datasets/grid/test/s30/sbwzzs.mpg,196,212,4.483078956604004,0.9947163501156123
98,13,/home/nabizadz/Projects/Mahsa/datasets/grid/test/s30/bbai7n.mpg,144,160,3.837905168533325,0.9342360758939584
98,14,/home/nabizadz/Projects/Mahsa/datasets/grid/test/s30/lwwj2s.mpg,48,64,3.204064130783081,0.9900838553735654
98,15,/home/nabizadz/Projects/Mahsa/datasets/grid/test/s30/brac9n.mpg,192,208,3.6413321495056152,0.9749837387105944
99,0,/home/nabizadz/Projects/Mahsa/datasets/grid/test/s30/bric7p.mpg,115,131,3.261063814163208,0.9785942244526675
99,1,/home/nabizadz/Projects/Mahsa/datasets/grid/test/s30/prba1n.mpg,86,102,3.061319351196289,0.98233464028022
99,2,/home/nabizadz/Projects/Mahsa/datasets/grid/test/s30/pgau2s.mpg,233,249,4.369330406188965,0.9335057658205582
99,3,/home/nabizadz/Projects/Mahsa/datasets/grid/test/s30/bgbe7p.mpg,226,242,4.247148513793945,0.9972643728867111
99,4,/home/nabizadz/Projects/Mahsa/datasets/grid/test/s30/bgaq9n.mpg,187,203,4.333099842071533,0.9543597761959043
99,5,/home/nabizadz/Projects/Mahsa/datasets/grid/test/s30/lwbc4s.mpg,125,141,3.331620216369629,0.9782505300537522
99,6,/home/nabizadz/Projects/Mahsa/datasets/grid/test/s30/pgan9p.mpg,69,85,3.252709150314331,0.9673487956949628
99,7,/home/nabizadz/Projects/Mahsa/datasets/grid/test/s30/sbid5n.mpg,147,163,3.6257526874542236,0.9607564272896664
99,8,/home/nabizadz/Projects/Mahsa/datasets/grid/test/s30/lbin3p.mpg,29,45,4.415961265563965,0.9968218720060856
99,9,/home/nabizadz/Projects/Mahsa/datasets/grid/test/s30/bbwj7p.mpg,184,200,3.1389684677124023,0.9583930555036763
99,10,/home/nabizadz/Projects/Mahsa/datasets/grid/test/s30/sgwnzs.mpg,100,116,3.8312294483184814,0.9846855992613457
99,11,/home/nabizadz/Projects/Mahsa/datasets/grid/test/s30/bwix6a.mpg,219,235,4.255184650421143,0.9295584306279294
99,12,/home/nabizadz/Projects/Mahsa/datasets/grid/test/s30/pgwi4a.mpg,86,102,3.672100782394409,0.9744173224796975
99,13,/home/nabizadz/Projects/Mahsa/datasets/grid/test/s30/sgif6a.mpg,132,148,3.303500175476074,0.98474957385488
99,14,/home/nabizadz/Projects/Mahsa/datasets/grid/test/s30/srae8a.mpg,134,150,3.7570090293884277,0.9899267903255429
99,15,/home/nabizadz/Projects/Mahsa/datasets/grid/test/s30/lrib2a.mpg,252,268,4.437086582183838,0.9355569202701635
100,0,/home/nabizadz/Projects/Mahsa/datasets/grid/test/s30/brwk2s.mpg,122,138,3.6360883712768555,0.9619104185489209
100,1,/home/nabizadz/Projects/Mahsa/datasets/grid/test/s30/prwn6a.mpg,201,217,3.994993209838867,0.9779963832615863
100,2,/home/nabizadz/Projects/Mahsa/datasets/grid/test/s30/pbwa2a.mpg,70,86,3.310272455215454,0.989411363058279
100,3,/home/nabizadz/Projects/Mahsa/datasets/grid/test/s30/pbwt2s.mpg,26,42,4.308753490447998,0.9935129940025668
100,4,/home/nabizadz/Projects/Mahsa/datasets/grid/test/s30/pwwo1p.mpg,242,258,4.309319496154785,0.8523722358497277
100,5,/home/nabizadz/Projects/Mahsa/datasets/grid/test/s30/srae5n.mpg,139,155,4.078085899353027,0.9864444369899741
100,6,/home/nabizadz/Projects/Mahsa/datasets/grid/test/s30/sbak4s.mpg,208,224,3.804328441619873,0.9813096102070886
100,7,/home/nabizadz/Projects/Mahsa/datasets/grid/test/s30/bwak1p.mpg,53,69,3.1922197341918945,0.9817083688872227
100,8,/home/nabizadz/Projects/Mahsa/datasets/grid/test/s30/bwbk4s.mpg,227,243,4.0729475021362305,0.9976884758267627
100,9,/home/nabizadz/Projects/Mahsa/datasets/grid/test/s30/bgid8s.mpg,179,195,4.268710613250732,0.9790099041112476
100,10,/home/nabizadz/Projects/Mahsa/datasets/grid/test/s30/bwad6s.mpg,245,261,4.11883020401001,0.894001520547691
100,11,/home/nabizadz/Projects/Mahsa/datasets/grid/test/s30/pgbiza.mpg,260,276,4.312500476837158,0.9921903937870737
100,12,/home/nabizadz/Projects/Mahsa/datasets/grid/test/s30/sgimza.mpg,2,18,4.41163444519043,0.995557571661781
100,13,/home/nabizadz/Projects/Mahsa/datasets/grid/test/s30/bgwz4a.mpg,147,163,3.3825623989105225,0.9778439276649048
100,14,/home/nabizadz/Projects/Mahsa/datasets/grid/test/s30/swwf9n.mpg,77,93,3.0645110607147217,0.9748707541887757
100,15,/home/nabizadz/Projects/Mahsa/datasets/grid/test/s30/bwwr2s.mpg,93,109,3.391104221343994,0.9659118381058294
101,0,/home/nabizadz/Projects/Mahsa/datasets/grid/test/s30/lgic1n.mpg,247,263,4.339943885803223,0.9837151801410634
101,1,/home/nabizadz/Projects/Mahsa/datasets/grid/test/s30/bbwp9n.mpg,34,50,4.227214336395264,0.988051485799608
101,2,/home/nabizadz/Projects/Mahsa/datasets/grid/test/s30/pgwv2a.mpg,90,106,2.8364315032958984,0.9628724775133168
101,3,/home/nabizadz/Projects/Mahsa/datasets/grid/test/s30/lgwj7n.mpg,247,263,4.194063663482666,0.9999620599417723
101,4,/home/nabizadz/Projects/Mahsa/datasets/grid/test/s30/bgwsza.mpg,15,31,4.333163738250732,0.988206364011963
101,5,/home/nabizadz/Projects/Mahsa/datasets/grid/test/s30/bbwx3n.mpg,281,297,4.165649890899658,0.9983115236498928
101,6,/home/nabizadz/Projects/Mahsa/datasets/grid/test/s30/bwwr3p.mpg,230,246,4.000141143798828,0.9658565272244908
101,7,/home/nabizadz/Projects/Mahsa/datasets/grid/test/s30/lbihza.mpg,26,42,4.324104309082031,0.9999971886295138
101,8,/home/nabizadz/Projects/Mahsa/datasets/grid/test/s30/lriu3p.mpg,52,68,3.377614736557007,0.9857625097110233
101,9,/home/nabizadz/Projects/Mahsa/datasets/grid/test/s30/bwad8a.mpg,145,161,3.361269235610962,0.9628057813801681
101,10,/home/nabizadz/Projects/Mahsa/datasets/grid/test/s30/pbbm4s.mpg,281,297,4.3212103843688965,0.9570451662719243
101,11,/home/nabizadz/Projects/Mahsa/datasets/grid/test/s30/pbbs8s.mpg,258,274,4.141985893249512,0.9587140440718585
101,12,/home/nabizadz/Projects/Mahsa/datasets/grid/test/s30/pwia2a.mpg,125,141,3.1832308769226074,0.9753911404044268
101,13,/home/nabizadz/Projects/Mahsa/datasets/grid/test/s30/swwm5p.mpg,11,27,4.3446125984191895,0.9899459131673463
101,14,/home/nabizadz/Projects/Mahsa/datasets/grid/test/s30/lrwv4s.mpg,127,143,3.3796699047088623,0.9664849534726743
101,15,/home/nabizadz/Projects/Mahsa/datasets/grid/test/s30/bwwk8s.mpg,21,37,4.20564603805542,0.9981709094509734
102,0,/home/nabizadz/Projects/Mahsa/datasets/grid/test/s30/lgajzs.mpg,260,276,4.387385845184326,0.9573912702318077
102,1,/home/nabizadz/Projects/Mahsa/datasets/grid/test/s30/srbf2a.mpg,159,175,3.927278518676758,0.9880066714500466
102,2,/home/nabizadz/Projects/Mahsa/datasets/grid/test/s30/pgau3p.mpg,23,39,4.063292026519775,0.9999722130820715
102,3,/home/nabizadz/Projects/Mahsa/datasets/grid/test/s30/pbal9n.mpg,176,192,3.9782564640045166,0.9776482021437958
102,4,/home/nabizadz/Projects/Mahsa/datasets/grid/test/s30/lrau7p.mpg,237,253,4.365799903869629,0.8938526246393012
102,5,/home/nabizadz/Projects/Mahsa/datasets/grid/test/s30/pram7p.mpg,74,90,3.2576510906219482,0.9849842868398808
102,6,/home/nabizadz/Projects/Mahsa/datasets/grid/test/s30/bwwr4a.mpg,147,163,3.4061410427093506,0.9538213568267147
102,7,/home/nabizadz/Projects/Mahsa/datasets/grid/test/s30/pgan7n.mpg,160,176,3.9238715171813965,0.9796505735794788
102,8,/home/nabizadz/Projects/Mahsa/datasets/grid/test/s30/lrwi5n.mpg,85,101,3.630432605743408,0.9748105654812292
102,9,/home/nabizadz/Projects/Mahsa/datasets/grid/test/s30/lgwx5n.mpg,24,40,4.0560078620910645,0.9777649896527706
102,10,/home/nabizadz/Projects/Mahsa/datasets/grid/test/s30/pwbh2s.mpg,236,252,3.9785470962524414,0.9727646729048258
102,11,/home/nabizadz/Projects/Mahsa/datasets/grid/test/s30/lbbh5n.mpg,81,97,3.544797897338867,0.9789930960237191
102,12,/home/nabizadz/Projects/Mahsa/datasets/grid/test/s30/pgwo8a.mpg,241,257,4.266467094421387,0.8743907832656561
102,13,/home/nabizadz/Projects/Mahsa/datasets/grid/test/s30/bwbk6a.mpg,267,283,4.272857189178467,0.9903003576460216
102,14,/home/nabizadz/Projects/Mahsa/datasets/grid/test/s30/bbbp6s.mpg,191,207,3.701737642288208,0.9807182632810444
102,15,/home/nabizadz/Projects/Mahsa/datasets/grid/test/s30/pbaf8a.mpg,274,290,4.41388463973999,0.969814137485331
103,0,/home/nabizadz/Projects/Mahsa/datasets/grid/test/s30/brbj9p.mpg,106,122,3.3956124782562256,0.9769364417202558
103,1,/home/nabizadz/Projects/Mahsa/datasets/grid/test/s30/bgarzs.mpg,75,91,3.4403600692749023,0.9850587905666387
103,2,/home/nabizadz/Projects/Mahsa/datasets/grid/test/s30/sbwe9p.mpg,108,124,2.7420084476470947,0.9654819792872433
103,3,/home/nabizadz/Projects/Mahsa/datasets/grid/test/s30/brwd8s.mpg,145,161,3.508784055709839,0.9794249969403331
103,4,/home/nabizadz/Projects/Mahsa/datasets/grid/test/s30/pram8a.mpg,232,248,4.24309778213501,0.9870510869037106
103,5,/home/nabizadz/Projects/Mahsa/datasets/grid/test/s30/lwwj3p.mpg,115,131,3.8865561485290527,0.9887115149140693
103,6,/home/nabizadz/Projects/Mahsa/datasets/grid/test/s30/swiz1p.mpg,180,196,3.9317049980163574,0.9749636941684424
103,7,/home/nabizadz/Projects/Mahsa/datasets/grid/test/s30/lrwv6a.mpg,238,254,4.431698799133301,0.967577635893689
103,8,/home/nabizadz/Projects/Mahsa/datasets/grid/test/s30/bwij8a.mpg,54,70,3.2032337188720703,0.9602399044490122
103,9,/home/nabizadz/Projects/Mahsa/datasets/grid/test/s30/sbwr8a.mpg,167,183,3.338104724884033,0.9922305510990861
103,10,/home/nabizadz/Projects/Mahsa/datasets/grid/test/s30/prbnzs.mpg,233,249,4.451580047607422,0.9680923983902289
103,11,/home/nabizadz/Projects/Mahsa/datasets/grid/test/s30/lrwp1p.mpg,258,274,4.3377180099487305,0.9683766358543596
103,12,/home/nabizadz/Projects/Mahsa/datasets/grid/test/s30/lgipzs.mpg,177,193,3.9382870197296143,0.9859581528719183
103,13,/home/nabizadz/Projects/Mahsa/datasets/grid/test/s30/bgbe8a.mpg,51,67,3.9793431758880615,0.9597370530819392
103,14,/home/nabizadz/Projects/Mahsa/datasets/grid/test/s30/sbbe4s.mpg,228,244,4.24519157409668,0.998595985756652
103,15,/home/nabizadz/Projects/Mahsa/datasets/grid/test/s30/sgbm6s.mpg,121,137,3.531069040298462,0.9703521362424262
104,0,/home/nabizadz/Projects/Mahsa/datasets/grid/test/s30/pbiz3n.mpg,145,161,3.918848991394043,0.9707202613740892
104,1,/home/nabizadz/Projects/Mahsa/datasets/grid/test/s30/srwf6a.mpg,69,85,3.097090482711792,0.9813293466070876
104,2,/home/nabizadz/Projects/Mahsa/datasets/grid/test/s30/lwiu7n.mpg,61,77,3.50618052482605,0.9719196858934672
104,3,/home/nabizadz/Projects/Mahsa/datasets/grid/test/s30/lgwj9p.mpg,257,273,4.51648473739624,0.9872912865628073
104,4,/home/nabizadz/Projects/Mahsa/datasets/grid/test/s30/pwwu3n.mpg,280,296,4.2828874588012695,0.9914547674922649
104,5,/home/nabizadz/Projects/Mahsa/datasets/grid/test/s30/bbav8a.mpg,26,42,3.9075891971588135,0.9940598954519712
104,6,/home/nabizadz/Projects/Mahsa/datasets/grid/test/s30/lgii6s.mpg,43,59,3.3697032928466797,0.9669004181900194
104,7,/home/nabizadz/Projects/Mahsa/datasets/grid/test/s30/bwaj9n.mpg,155,171,3.8856887817382812,0.9819760438438511
104,8,/home/nabizadz/Projects/Mahsa/datasets/grid/test/s30/sgil9p.mpg,197,213,4.255437850952148,0.945287052650064
104,9,/home/nabizadz/Projects/Mahsa/datasets/grid/test/s30/sbad9n.mpg,262,278,3.999314069747925,0.8480353184618825
104,10,/home/nabizadz/Projects/Mahsa/datasets/grid/test/s30/lrih3n.mpg,189,205,4.041199207305908,0.9772433339546668
104,11,/home/nabizadz/Projects/Mahsa/datasets/grid/test/s30/bgix9n.mpg,187,203,3.812819480895996,0.9651493659324183
104,12,/home/nabizadz/Projects/Mahsa/datasets/grid/test/s30/brap7n.mpg,68,84,3.209683656692505,0.9776625893216236
104,13,/home/nabizadz/Projects/Mahsa/datasets/grid/test/s30/sriy3n.mpg,37,53,4.3563456535339355,0.9999999062943047
104,14,/home/nabizadz/Projects/Mahsa/datasets/grid/test/s30/lwwxzs.mpg,217,233,4.441004753112793,0.9697271114227527
104,15,/home/nabizadz/Projects/Mahsa/datasets/grid/test/s30/bwid3p.mpg,96,112,3.0726306438446045,0.9700806544618213
105,0,/home/nabizadz/Projects/Mahsa/datasets/grid/test/s30/lbah2s.mpg,210,226,4.175775051116943,0.9537148167730088
105,1,/home/nabizadz/Projects/Mahsa/datasets/grid/test/s30/brbx8a.mpg,39,55,4.361514091491699,0.9790822053476779
105,2,/home/nabizadz/Projects/Mahsa/datasets/grid/test/s30/sbwr7p.mpg,110,126,2.850290060043335,0.971496133385914
105,3,/home/nabizadz/Projects/Mahsa/datasets/grid/test/s30/lbbb4a.mpg,217,233,4.30575704574585,0.9654673350068831
105,4,/home/nabizadz/Projects/Mahsa/datasets/grid/test/s30/pbif4a.mpg,213,229,4.34041690826416,0.9082687730626228
105,5,/home/nabizadz/Projects/Mahsa/datasets/grid/test/s30/bgwz1n.mpg,246,262,4.383845806121826,0.9306043548391951
105,6,/home/nabizadz/Projects/Mahsa/datasets/grid/test/s30/bwad5n.mpg,146,162,3.8828837871551514,0.985295825066904
105,7,/home/nabizadz/Projects/Mahsa/datasets/grid/test/s30/swbf7p.mpg,50,66,3.5054783821105957,0.9783874667678821
105,8,/home/nabizadz/Projects/Mahsa/datasets/grid/test/s30/pgbh9p.mpg,257,273,4.3160319328308105,0.9394370458884342
105,9,/home/nabizadz/Projects/Mahsa/datasets/grid/test/s30/swiz2a.mpg,60,76,3.242379665374756,0.9822808034696204
105,10,/home/nabizadz/Projects/Mahsa/datasets/grid/test/s30/lrab4s.mpg,102,118,3.7785332202911377,0.9766185652382692
105,11,/home/nabizadz/Projects/Mahsa/datasets/grid/test/s30/brwyzs.mpg,138,154,3.282559394836426,0.969190118411231
105,12,/home/nabizadz/Projects/Mahsa/datasets/grid/test/s30/brwq6s.mpg,104,120,3.241854429244995,0.9573853306300107
105,13,/home/nabizadz/Projects/Mahsa/datasets/grid/test/s30/bbii5p.mpg,149,165,3.5160269737243652,0.9797764171956812
105,14,/home/nabizadz/Projects/Mahsa/datasets/grid/test/s30/pwit4a.mpg,263,279,4.350796699523926,0.9886323554977082
105,15,/home/nabizadz/Projects/Mahsa/datasets/grid/test/s30/swaz4s.mpg,19,35,4.438425064086914,0.9999998645089421
106,0,/home/nabizadz/Projects/Mahsa/datasets/grid/test/s30/pris8a.mpg,252,268,4.259158611297607,0.9999086235207878
106,1,/home/nabizadz/Projects/Mahsa/datasets/grid/test/s30/lrbo7p.mpg,173,189,3.6550605297088623,0.9437650974137911
106,2,/home/nabizadz/Projects/Mahsa/datasets/grid/test/s30/swwm3n.mpg,25,41,4.320582389831543,0.9805886895191179
106,3,/home/nabizadz/Projects/Mahsa/datasets/grid/test/s30/bbbj4a.mpg,9,25,4.382920265197754,0.9999825240432122
106,4,/home/nabizadz/Projects/Mahsa/datasets/grid/test/s30/sgbg2s.mpg,78,94,3.252155303955078,0.9756842192828789
106,5,/home/nabizadz/Projects/Mahsa/datasets/grid/test/s30/bwby3p.mpg,47,63,4.450953006744385,0.9999113649209216
106,6,/home/nabizadz/Projects/Mahsa/datasets/grid/test/s30/lwbv7p.mpg,281,297,4.35064697265625,0.9999472642180283
106,7,/home/nabizadz/Projects/Mahsa/datasets/grid/test/s30/bgak6s.mpg,35,51,4.110879898071289,0.9999940992068315
106,8,/home/nabizadz/Projects/Mahsa/datasets/grid/test/s30/swbs4s.mpg,240,256,4.28500509262085,0.9996665093272608
106,9,/home/nabizadz/Projects/Mahsa/datasets/grid/test/s30/lgbx4a.mpg,2,18,4.323817253112793,0.9611875466869163
106,10,/home/nabizadz/Projects/Mahsa/datasets/grid/test/s30/bgblzs.mpg,9,25,4.422601699829102,0.99999901380048
106,11,/home/nabizadz/Projects/Mahsa/datasets/grid/test/s30/lgbj6a.mpg,161,177,3.7035164833068848,0.9773559447431733
106,12,/home/nabizadz/Projects/Mahsa/datasets/grid/test/s30/bbbp5n.mpg,73,89,3.2734246253967285,0.9777777863628956
106,13,/home/nabizadz/Projects/Mahsa/datasets/grid/test/s30/lbwizs.mpg,89,105,3.6397409439086914,0.9809016680314862
106,14,/home/nabizadz/Projects/Mahsa/datasets/grid/test/s30/swir8a.mpg,4,20,4.390946388244629,0.9885004788331017
106,15,/home/nabizadz/Projects/Mahsa/datasets/grid/test/s30/bbac4s.mpg,30,46,4.26658296585083,0.9999983620237392
107,0,/home/nabizadz/Projects/Mahsa/datasets/grid/test/s30/prim1n.mpg,105,121,2.994152784347534,0.9765837799398517
107,1,/home/nabizadz/Projects/Mahsa/datasets/grid/test/s30/sgiz7p.mpg,135,151,3.249786615371704,0.981712395392474
107,2,/home/nabizadz/Projects/Mahsa/datasets/grid/test/s30/bwwk9p.mpg,241,257,4.420027732849121,0.969347662565869
107,3,/home/nabizadz/Projects/Mahsa/datasets/grid/test/s30/bbwd4a.mpg,259,275,4.355050086975098,0.9430435075369448
107,4,/home/nabizadz/Projects/Mahsa/datasets/grid/test/s30/prat2a.mpg,36,52,4.153788089752197,0.9940837183050495
107,5,/home/nabizadz/Projects/Mahsa/datasets/grid/test/s30/bwaq3n.mpg,163,179,3.6848480701446533,0.9852425820099082
107,6,/home/nabizadz/Projects/Mahsa/datasets/grid/test/s30/pgau1n.mpg,0,16,3.9883804321289062,0.9957480309638553
107,7,/home/nabizadz/Projects/Mahsa/datasets/grid/test/s30/swal8a.mpg,165,181,3.7037341594696045,0.9785270352372123
107,8,/home/nabizadz/Projects/Mahsa/datasets/grid/test/s30/pgau4a.mpg,112,128,3.2069544792175293,0.9834181903449881
107,9,/home/nabizadz/Projects/Mahsa/datasets/grid/test/s30/srir2a.mpg,227,243,4.370412349700928,0.9533656393134496
107,10,/home/nabizadz/Projects/Mahsa/datasets/grid/test/s30/lbwu8s.mpg,171,187,3.9768002033233643,0.927803375751284
107,11,/home/nabizadz/Projects/Mahsa/datasets/grid/test/s30/lwwc7n.mpg,33,49,4.397765636444092,0.9999883754437958
107,12,/home/nabizadz/Projects/Mahsa/datasets/grid/test/s30/pwwh5n.mpg,121,137,3.8298604488372803,0.9898183851021489
107,13,/home/nabizadz/Projects/Mahsa/datasets/grid/test/s30/lrwc1n.mpg,112,128,3.1722469329833984,0.9653889132645063
107,14,/home/nabizadz/Projects/Mahsa/datasets/grid/test/s30/lrwp2a.mpg,255,271,4.378393173217773,0.9946230178467579
107,15,/home/nabizadz/Projects/Mahsa/datasets/grid/test/s30/sgwg8a.mpg,250,266,4.265540599822998,0.9962454884635725
108,0,/home/nabizadz/Projects/Mahsa/datasets/grid/test/s30/pwwu6a.mpg,157,173,3.279531240463257,0.9223213586719085
108,1,/home/nabizadz/Projects/Mahsa/datasets/grid/test/s30/swwm4s.mpg,277,293,4.472579002380371,0.9999036954557804
108,2,/home/nabizadz/Projects/Mahsa/datasets/grid/test/s30/bgae4a.mpg,27,43,3.8218626976013184,0.9621970829273788
108,3,/home/nabizadz/Projects/Mahsa/datasets/grid/test/s30/pgin4s.mpg,198,214,3.902447462081909,0.9825882468021996
108,4,/home/nabizadz/Projects/Mahsa/datasets/grid/test/s30/pgin6a.mpg,80,96,3.2560932636260986,0.9791348387773645
108,5,/home/nabizadz/Projects/Mahsa/datasets/grid/test/s30/pwim8s.mpg,233,249,4.490066051483154,0.9705875719551991
108,6,/home/nabizadz/Projects/Mahsa/datasets/grid/test/s30/bwbe2a.mpg,228,244,4.3035888671875,0.9778437554139519
108,7,/home/nabizadz/Projects/Mahsa/datasets/grid/test/s30/srbl6a.mpg,145,161,3.743582248687744,0.9762384452513121
108,8,/home/nabizadz/Projects/Mahsa/datasets/grid/test/s30/lgbp8s.mpg,160,176,3.684027671813965,0.9741097474408095
108,9,/home/nabizadz/Projects/Mahsa/datasets/grid/test/s30/brip4s.mpg,140,156,3.4515676498413086,0.970794553612657
108,10,/home/nabizadz/Projects/Mahsa/datasets/grid/test/s30/sgam3p.mpg,133,149,3.8230528831481934,0.9717715376449525
108,11,/home/nabizadz/Projects/Mahsa/datasets/grid/test/s30/pwwu4s.mpg,40,56,3.4671337604522705,0.9875300723178179
108,12,/home/nabizadz/Projects/Mahsa/datasets/grid/test/s30/lwab9n.mpg,241,257,4.367649555206299,0.9581047885037941
108,13,/home/nabizadz/Projects/Mahsa/datasets/grid/test/s30/brbq3p.mpg,242,258,4.434202194213867,0.9808851106622746
108,14,/home/nabizadz/Projects/Mahsa/datasets/grid/test/s30/bbiv2s.mpg,46,62,4.257610321044922,0.9999928850788373
108,15,/home/nabizadz/Projects/Mahsa/datasets/grid/test/s30/pgbb3n.mpg,47,63,3.306687593460083,0.9376053362421595
109,0,/home/nabizadz/Projects/Mahsa/datasets/grid/test/s30/prbg5n.mpg,246,262,4.300116062164307,0.9524426507580697
109,1,/home/nabizadz/Projects/Mahsa/datasets/grid/test/s30/pwat6s.mpg,182,198,2.971372127532959,0.9392551162550655
109,2,/home/nabizadz/Projects/Mahsa/datasets/grid/test/s30/prif7n.mpg,126,142,3.6210639476776123,0.9860385168536898
109,3,/home/nabizadz/Projects/Mahsa/datasets/grid/test/s30/srie2s.mpg,197,213,4.2090020179748535,0.9746868052607592
109,4,/home/nabizadz/Projects/Mahsa/datasets/grid/test/s30/srbl4s.mpg,121,137,3.4508702754974365,0.9771405525659036
109,5,/home/nabizadz/Projects/Mahsa/datasets/grid/test/s30/pbwg6a.mpg,33,49,3.7660021781921387,0.9860420810156854
109,6,/home/nabizadz/Projects/Mahsa/datasets/grid/test/s30/lbat9n.mpg,190,206,4.039173603057861,0.956939730467078
109,7,/home/nabizadz/Projects/Mahsa/datasets/grid/test/s30/swal6s.mpg,217,233,4.397769451141357,0.845613145655388
109,8,/home/nabizadz/Projects/Mahsa/datasets/grid/test/s30/sbwl3p.mpg,31,47,4.307467937469482,0.9999990851118269
109,9,/home/nabizadz/Projects/Mahsa/datasets/grid/test/s30/brbd6a.mpg,129,145,3.642601251602173,0.9805844527256122
109,10,/home/nabizadz/Projects/Mahsa/datasets/grid/test/s30/bbic1p.mpg,236,252,4.295464992523193,0.995732661064547
109,11,/home/nabizadz/Projects/Mahsa/datasets/grid/test/s30/braj5p.mpg,281,297,4.510278224945068,0.9876533634493688
109,12,/home/nabizadz/Projects/Mahsa/datasets/grid/test/s30/swiy9n.mpg,86,102,3.488070011138916,0.9886141451488607
109,13,/home/nabizadz/Projects/Mahsa/datasets/grid/test/s30/bbwq1p.mpg,173,189,4.317305564880371,0.9456200962764928
109,14,/home/nabizadz/Projects/Mahsa/datasets/grid/test/s30/srbr7n.mpg,206,222,4.395059108734131,0.9747766111619225
109,15,/home/nabizadz/Projects/Mahsa/datasets/grid/test/s30/prif8s.mpg,63,79,3.4501752853393555,0.9674248014815083
110,0,/home/nabizadz/Projects/Mahsa/datasets/grid/test/s30/prwh2a.mpg,104,120,3.5650758743286133,0.9889890931086925
110,1,/home/nabizadz/Projects/Mahsa/datasets/grid/test/s30/swir6s.mpg,96,112,3.801086902618408,0.9789245132595918
110,2,/home/nabizadz/Projects/Mahsa/datasets/grid/test/s30/lgip1p.mpg,9,25,4.226171970367432,0.9644951855115119
110,3,/home/nabizadz/Projects/Mahsa/datasets/grid/test/s30/sbbe6a.mpg,120,136,3.372006416320801,0.9679386321807101
110,4,/home/nabizadz/Projects/Mahsa/datasets/grid/test/s30/bgak5n.mpg,235,251,3.913059949874878,0.9967585621259222
110,5,/home/nabizadz/Projects/Mahsa/datasets/grid/test/s30/lwib6s.mpg,112,128,3.6322193145751953,0.9590790035013574
110,6,/home/nabizadz/Projects/Mahsa/datasets/grid/test/s30/sgwt3n.mpg,3,19,4.142711162567139,0.9770288052005004
110,7,/home/nabizadz/Projects/Mahsa/datasets/grid/test/s30/brip6a.mpg,149,165,2.9467062950134277,0.9440717411061039
110,8,/home/nabizadz/Projects/Mahsa/datasets/grid/test/s30/pwaa5p.mpg,5,21,4.385153293609619,0.9840558399359826
110,9,/home/nabizadz/Projects/Mahsa/datasets/grid/test/s30/lgii8a.mpg,185,201,3.7537474632263184,0.974737876837771
110,10,/home/nabizadz/Projects/Mahsa/datasets/grid/test/s30/bwij7p.mpg,152,168,3.3016443252563477,0.9735990532717355
110,11,/home/nabizadz/Projects/Mahsa/datasets/grid/test/s30/pbbm6a.mpg,44,60,4.036865234375,0.9945211383504583
110,12,/home/nabizadz/Projects/Mahsa/datasets/grid/test/s30/pgbb5p.mpg,79,95,3.036454200744629,0.9798143780459584
110,13,/home/nabizadz/Projects/Mahsa/datasets/grid/test/s30/bgbr3n.mpg,75,91,3.5599722862243652,0.984677722901339
110,14,/home/nabizadz/Projects/Mahsa/datasets/grid/test/s30/pwbt9n.mpg,83,99,3.4210145473480225,0.9918498458951261
110,15,/home/nabizadz/Projects/Mahsa/datasets/grid/test/s30/prbg8a.mpg,58,74,3.4094183444976807,0.9775008579129643
111,0,/home/nabizadz/Projects/Mahsa/datasets/grid/test/s30/swbf5n.mpg,205,221,4.3253655433654785,0.9266494142246008
111,1,/home/nabizadz/Projects/Mahsa/datasets/grid/test/s30/bbap3p.mpg,99,115,2.829360008239746,0.9717928728248945
111,2,/home/nabizadz/Projects/Mahsa/datasets/grid/test/s30/bwwlza.mpg,100,116,3.0015082359313965,0.9806663033393039
111,3,/home/nabizadz/Projects/Mahsa/datasets/grid/test/s30/lbwu7n.mpg,49,65,3.6495258808135986,0.9830912271357222
111,4,/home/nabizadz/Projects/Mahsa/datasets/grid/test/s30/lban8a.mpg,200,216,4.2676920890808105,0.9605223583925866
111,5,/home/nabizadz/Projects/Mahsa/datasets/grid/test/s30/bgwf2a.mpg,231,247,3.9846630096435547,0.9089374415030018
111,6,/home/nabizadz/Projects/Mahsa/datasets/grid/test/s30/sgif5p.mpg,144,160,3.952446222305298,0.9905034568454059
111,7,/home/nabizadz/Projects/Mahsa/datasets/grid/test/s30/bgiq7p.mpg,260,276,4.269573211669922,0.9731386764473579
111,8,/home/nabizadz/Projects/Mahsa/datasets/grid/test/s30/pbwa1p.mpg,202,218,4.199275493621826,0.9569261259198584
111,9,/home/nabizadz/Projects/Mahsa/datasets/grid/test/s30/brad2a.mpg,176,192,3.669877290725708,0.9918434565019408
111,10,/home/nabizadz/Projects/Mahsa/datasets/grid/test/s30/srwmza.mpg,154,170,3.6635940074920654,0.9740881946611206
111,11,/home/nabizadz/Projects/Mahsa/datasets/grid/test/s30/lrao1n.mpg,161,177,4.233694076538086,0.9799129992516845
111,12,/home/nabizadz/Projects/Mahsa/datasets/grid/test/s30/sbwl2s.mpg,258,274,4.372165679931641,0.9149785141495739
111,13,/home/nabizadz/Projects/Mahsa/datasets/grid/test/s30/srwf5p.mpg,57,73,3.261030435562134,0.9617927392010491
111,14,/home/nabizadz/Projects/Mahsa/datasets/grid/test/s30/bric8a.mpg,60,76,3.416121006011963,0.9527828331706053
111,15,/home/nabizadz/Projects/Mahsa/datasets/grid/test/s30/sbbk7n.mpg,211,227,4.119200706481934,0.9853129406027098
112,0,/home/nabizadz/Projects/Mahsa/datasets/grid/test/s30/pbbs7n.mpg,89,105,3.0044987201690674,0.9739235035712159
112,1,/home/nabizadz/Projects/Mahsa/datasets/grid/test/s30/brwy1p.mpg,134,150,3.375156879425049,0.9770299597458979
112,2,/home/nabizadz/Projects/Mahsa/datasets/grid/test/s30/sbay4a.mpg,177,193,3.2669765949249268,0.9561048345110009
112,3,/home/nabizadz/Projects/Mahsa/datasets/grid/test/s30/lbit5n.mpg,238,254,4.244708061218262,0.8340735157407677
112,4,/home/nabizadz/Projects/Mahsa/datasets/grid/test/s30/bwwr1n.mpg,119,135,3.89798641204834,0.9608166647129884
112,5,/home/nabizadz/Projects/Mahsa/datasets/grid/test/s30/prbm9n.mpg,152,168,3.533308506011963,0.9626561974559228
112,6,/home/nabizadz/Projects/Mahsa/datasets/grid/test/s30/bbic2a.mpg,225,241,4.339781284332275,0.9790310356583624
112,7,/home/nabizadz/Projects/Mahsa/datasets/grid/test/s30/pbwg5p.mpg,198,214,3.1077489852905273,0.9389155581781333
112,8,/home/nabizadz/Projects/Mahsa/datasets/grid/test/s30/pgin3n.mpg,109,125,3.7347214221954346,0.9794212981463724
112,9,/home/nabizadz/Projects/Mahsa/datasets/grid/test/s30/pwan1n.mpg,115,131,3.24692440032959,0.962931961773123
112,10,/home/nabizadz/Projects/Mahsa/datasets/grid/test/s30/sbid6s.mpg,68,84,3.7851362228393555,0.9996649564304213
112,11,/home/nabizadz/Projects/Mahsa/datasets/grid/test/s30/sray9p.mpg,13,29,3.539320230484009,0.9976895883034307
112,12,/home/nabizadz/Projects/Mahsa/datasets/grid/test/s30/sbwfza.mpg,36,52,3.372326135635376,0.9978083920042276
112,13,/home/nabizadz/Projects/Mahsa/datasets/grid/test/s30/lrbi3p.mpg,170,186,3.621945381164551,0.9743013902724058
112,14,/home/nabizadz/Projects/Mahsa/datasets/grid/test/s30/lgap6a.mpg,39,55,3.8610877990722656,0.9972248566357798
112,15,/home/nabizadz/Projects/Mahsa/datasets/grid/test/s30/lbbb1n.mpg,208,224,4.069379806518555,0.9404311891103807
113,0,/home/nabizadz/Projects/Mahsa/datasets/grid/test/s30/srwz5n.mpg,201,217,4.06817626953125,0.9829083327170325
113,1,/home/nabizadz/Projects/Mahsa/datasets/grid/test/s30/sbik1p.mpg,34,50,4.203606605529785,0.999996648723253
113,2,/home/nabizadz/Projects/Mahsa/datasets/grid/test/s30/pbiz5p.mpg,111,127,3.4381802082061768,0.9858816665452503
113,3,/home/nabizadz/Projects/Mahsa/datasets/grid/test/s30/pwan4a.mpg,158,174,3.6297719478607178,0.9772223277158971
113,4,/home/nabizadz/Projects/Mahsa/datasets/grid/test/s30/bwwe4s.mpg,116,132,3.7689754962921143,0.9619892230055825
113,5,/home/nabizadz/Projects/Mahsa/datasets/grid/test/s30/prwn3n.mpg,60,76,3.5725443363189697,0.982495753537487
113,6,/home/nabizadz/Projects/Mahsa/datasets/grid/test/s30/lbbu4s.mpg,180,196,3.652982711791992,0.9782394688033067
113,7,/home/nabizadz/Projects/Mahsa/datasets/grid/test/s30/sgis1n.mpg,252,268,4.385985374450684,0.9965485709967037
113,8,/home/nabizadz/Projects/Mahsa/datasets/grid/test/s30/bbipza.mpg,244,260,4.091813087463379,0.9994352567975404
113,9,/home/nabizadz/Projects/Mahsa/datasets/grid/test/s30/sbbr1n.mpg,198,214,4.377790927886963,0.9945833527342958
113,10,/home/nabizadz/Projects/Mahsa/datasets/grid/test/s30/lbau2a.mpg,166,182,3.5934693813323975,0.9708088903551827
113,11,/home/nabizadz/Projects/Mahsa/datasets/grid/test/s30/srbr8s.mpg,37,53,4.249925136566162,0.9983470955166699
113,12,/home/nabizadz/Projects/Mahsa/datasets/grid/test/s30/brbx7p.mpg,123,139,3.086394786834717,0.9610030870228728
113,13,/home/nabizadz/Projects/Mahsa/datasets/grid/test/s30/bgbr4s.mpg,94,110,3.465928316116333,0.9667497818228376
113,14,/home/nabizadz/Projects/Mahsa/datasets/grid/test/s30/pgia7p.mpg,168,184,3.854322671890259,0.980567714264607
113,15,/home/nabizadz/Projects/Mahsa/datasets/grid/test/s30/lwai3n.mpg,251,267,4.370253086090088,0.9147536969594093
114,0,/home/nabizadz/Projects/Mahsa/datasets/grid/test/s30/lbbh8a.mpg,263,279,4.5023980140686035,0.9664279317193267
114,1,/home/nabizadz/Projects/Mahsa/datasets/grid/test/s30/lgic3p.mpg,106,122,3.3116886615753174,0.9387638607596032
114,2,/home/nabizadz/Projects/Mahsa/datasets/grid/test/s30/pgah6a.mpg,135,151,3.827789783477783,0.9880952585071406
114,3,/home/nabizadz/Projects/Mahsa/datasets/grid/test/s30/sbae1p.mpg,136,152,3.6161890029907227,0.9805002327103961
114,4,/home/nabizadz/Projects/Mahsa/datasets/grid/test/s30/bbbp8a.mpg,224,240,4.495730876922607,0.9986972665273257
114,5,/home/nabizadz/Projects/Mahsa/datasets/grid/test/s30/lrbvzs.mpg,122,138,3.7792599201202393,0.9813476755460339
114,6,/home/nabizadz/Projects/Mahsa/datasets/grid/test/s30/pbam1p.mpg,134,150,3.656801223754883,0.961459802848577
114,7,/home/nabizadz/Projects/Mahsa/datasets/grid/test/s30/bbbdza.mpg,195,211,4.293422698974609,0.9521001705973324
114,8,/home/nabizadz/Projects/Mahsa/datasets/grid/test/s30/lbaa7n.mpg,79,95,2.969832181930542,0.9643792221257419
114,9,/home/nabizadz/Projects/Mahsa/datasets/grid/test/s30/bwwk7n.mpg,61,77,3.6920552253723145,0.987414579252657
114,10,/home/nabizadz/Projects/Mahsa/datasets/grid/test/s30/bgiyzs.mpg,151,167,3.7678542137145996,0.9724603474664203
114,11,/home/nabizadz/Projects/Mahsa/datasets/grid/test/s30/lgbd1p.mpg,164,180,3.6892645359039307,0.9619526901033552
114,12,/home/nabizadz/Projects/Mahsa/datasets/grid/test/s30/brwk3p.mpg,224,240,4.069121360778809,0.9753519354005644
114,13,/home/nabizadz/Projects/Mahsa/datasets/grid/test/s30/bbbj1n.mpg,228,244,4.368618488311768,0.9738606884526559
114,14,/home/nabizadz/Projects/Mahsa/datasets/grid/test/s30/pgin5p.mpg,167,183,3.435655117034912,0.9838304459153389
114,15,/home/nabizadz/Projects/Mahsa/datasets/grid/test/s30/sbix8s.mpg,209,225,3.688351631164551,0.9588964818971867
115,0,/home/nabizadz/Projects/Mahsa/datasets/grid/test/s30/lrbv2a.mpg,238,254,3.6124401092529297,0.8146465035974433
115,1,/home/nabizadz/Projects/Mahsa/datasets/grid/test/s30/brbd4s.mpg,273,289,4.508615016937256,0.9791733387319065
115,2,/home/nabizadz/Projects/Mahsa/datasets/grid/test/s30/bbbx1p.mpg,16,32,4.310464859008789,0.9555112879487756
115,3,/home/nabizadz/Projects/Mahsa/datasets/grid/test/s30/lwwp6s.mpg,27,43,4.186801910400391,0.9999921052491183
115,4,/home/nabizadz/Projects/Mahsa/datasets/grid/test/s30/pwwb2s.mpg,56,72,3.622368574142456,0.9885591506762802
115,5,/home/nabizadz/Projects/Mahsa/datasets/grid/test/s30/pgihzs.mpg,224,240,4.402707099914551,0.9253577859984201
115,6,/home/nabizadz/Projects/Mahsa/datasets/grid/test/s30/lwwx1p.mpg,257,273,4.332566738128662,0.8799527108383889
115,7,/home/nabizadz/Projects/Mahsa/datasets/grid/test/s30/prbn1p.mpg,204,220,4.319963455200195,0.9307664879558099
115,8,/home/nabizadz/Projects/Mahsa/datasets/grid/test/s30/lbia6a.mpg,282,298,4.232128143310547,0.9770100187891084
115,9,/home/nabizadz/Projects/Mahsa/datasets/grid/test/s30/pgaoza.mpg,196,212,4.305446147918701,0.9845219045990227
115,10,/home/nabizadz/Projects/Mahsa/datasets/grid/test/s30/bbbv9n.mpg,283,299,4.1363525390625,0.979977051140642
115,11,/home/nabizadz/Projects/Mahsa/datasets/grid/test/s30/swws8s.mpg,15,31,4.4520463943481445,0.999995708510979
115,12,/home/nabizadz/Projects/Mahsa/datasets/grid/test/s30/prwn5p.mpg,51,67,3.0038578510284424,0.9838337598367871
115,13,/home/nabizadz/Projects/Mahsa/datasets/grid/test/s30/brbq4a.mpg,230,246,4.2418670654296875,0.8911687686943457
115,14,/home/nabizadz/Projects/Mahsa/datasets/grid/test/s30/brax3p.mpg,279,295,4.3898725509643555,0.9830319489689646
115,15,/home/nabizadz/Projects/Mahsa/datasets/grid/test/s30/lrioza.mpg,73,89,3.145343542098999,0.9684342967514732
116,0,/home/nabizadz/Projects/Mahsa/datasets/grid/test/s30/sbiq4s.mpg,260,276,4.190704345703125,0.9892544603248704
116,1,/home/nabizadz/Projects/Mahsa/datasets/grid/test/s30/prba2s.mpg,281,297,4.373197078704834,0.9917380088542264
116,2,/home/nabizadz/Projects/Mahsa/datasets/grid/test/s30/pris5n.mpg,151,167,3.4440112113952637,0.9705180330320188
116,3,/home/nabizadz/Projects/Mahsa/datasets/grid/test/s30/lwwx2a.mpg,276,292,4.376397609710693,0.9723833613965549
116,4,/home/nabizadz/Projects/Mahsa/datasets/grid/test/s30/lgav7n.mpg,248,264,4.2730913162231445,0.9134502830295415
116,5,/home/nabizadz/Projects/Mahsa/datasets/grid/test/s30/brax2s.mpg,96,112,3.1836066246032715,0.9840938542364112
116,6,/home/nabizadz/Projects/Mahsa/datasets/grid/test/s30/swbl9n.mpg,237,253,4.3639912605285645,0.9358246934018718
116,7,/home/nabizadz/Projects/Mahsa/datasets/grid/test/s30/srik8a.mpg,208,224,4.152895450592041,0.9199083720921374
116,8,/home/nabizadz/Projects/Mahsa/datasets/grid/test/s30/lrab5p.mpg,17,33,4.373382568359375,0.9849615118802414
116,9,/home/nabizadz/Projects/Mahsa/datasets/grid/test/s30/lbit7p.mpg,122,138,3.893885612487793,0.9776928814974781
116,10,/home/nabizadz/Projects/Mahsa/datasets/grid/test/s30/bgwr8s.mpg,14,30,4.437328815460205,0.9964016424298556
116,11,/home/nabizadz/Projects/Mahsa/datasets/grid/test/s30/lbbu3n.mpg,67,83,3.4382197856903076,0.9865992776784467
116,12,/home/nabizadz/Projects/Mahsa/datasets/grid/test/s30/bbbx2a.mpg,41,57,3.586189031600952,0.975129071002861
116,13,/home/nabizadz/Projects/Mahsa/datasets/grid/test/s30/pris6s.mpg,149,165,3.889012575149536,0.9860255440511765
116,14,/home/nabizadz/Projects/Mahsa/datasets/grid/test/s30/bwaq4s.mpg,37,53,4.10470724105835,0.993435214784006
116,15,/home/nabizadz/Projects/Mahsa/datasets/grid/test/s30/lgwd5p.mpg,277,293,4.497560024261475,0.9793957718410811
117,0,/home/nabizadz/Projects/Mahsa/datasets/grid/test/s30/lwai4s.mpg,7,23,4.488953113555908,0.9999947271206255
117,1,/home/nabizadz/Projects/Mahsa/datasets/grid/test/s30/pwwb1n.mpg,60,76,3.598726749420166,0.9744046867656727
117,2,/home/nabizadz/Projects/Mahsa/datasets/grid/test/s30/pgit9p.mpg,237,253,4.455239772796631,0.9626710799989263
117,3,/home/nabizadz/Projects/Mahsa/datasets/grid/test/s30/lwbp4a.mpg,283,299,4.350734233856201,0.9919900462943929
117,4,/home/nabizadz/Projects/Mahsa/datasets/grid/test/s30/swie7n.mpg,64,80,2.952131748199463,0.9816993477558645
117,5,/home/nabizadz/Projects/Mahsa/datasets/grid/test/s30/prwt9p.mpg,46,62,3.4135196208953857,0.9796577555247649
117,6,/home/nabizadz/Projects/Mahsa/datasets/grid/test/s30/brad1p.mpg,71,87,3.3447723388671875,0.9762695896963717
117,7,/home/nabizadz/Projects/Mahsa/datasets/grid/test/s30/pgah5p.mpg,70,86,3.0670840740203857,0.9819030447223966
117,8,/home/nabizadz/Projects/Mahsa/datasets/grid/test/s30/swwg2a.mpg,180,196,3.857023239135742,0.9817240056956256
117,9,/home/nabizadz/Projects/Mahsa/datasets/grid/test/s30/prag2s.mpg,22,38,4.234715938568115,0.9995115207818617
117,10,/home/nabizadz/Projects/Mahsa/datasets/grid/test/s30/bbbj2s.mpg,42,58,3.989475965499878,0.9950983658557926
117,11,/home/nabizadz/Projects/Mahsa/datasets/grid/test/s30/sbiyza.mpg,255,271,4.452126502990723,0.9918429547110437
117,12,/home/nabizadz/Projects/Mahsa/datasets/grid/test/s30/swie9p.mpg,68,84,3.5437326431274414,0.9901204153854879
117,13,/home/nabizadz/Projects/Mahsa/datasets/grid/test/s30/pwbn8a.mpg,263,279,4.323233127593994,0.9744188524051338
117,14,/home/nabizadz/Projects/Mahsa/datasets/grid/test/s30/swir7p.mpg,222,238,3.9609827995300293,0.9699220256456396
117,15,/home/nabizadz/Projects/Mahsa/datasets/grid/test/s30/pram6s.mpg,215,231,3.6275715827941895,0.9822469743383884
118,0,/home/nabizadz/Projects/Mahsa/datasets/grid/test/s30/sbay3p.mpg,57,73,2.006082534790039,0.9760261230111574
118,1,/home/nabizadz/Projects/Mahsa/datasets/grid/test/s30/lrbv1p.mpg,270,286,4.427433967590332,0.9991483717868538
118,2,/home/nabizadz/Projects/Mahsa/datasets/grid/test/s30/lwbv6s.mpg,199,215,3.5736963748931885,0.9552982475575854
118,3,/home/nabizadz/Projects/Mahsa/datasets/grid/test/s30/lgiv3n.mpg,192,208,4.348316669464111,0.9533590034406427
118,4,/home/nabizadz/Projects/Mahsa/datasets/grid/test/s30/braj6a.mpg,82,98,3.2414710521698,0.9724143409339999
118,5,/home/nabizadz/Projects/Mahsa/datasets/grid/test/s30/bwax7n.mpg,53,69,3.3217639923095703,0.9872465317137717
118,6,/home/nabizadz/Projects/Mahsa/datasets/grid/test/s30/lgap4s.mpg,45,61,4.274853706359863,0.9993892905840241
118,7,/home/nabizadz/Projects/Mahsa/datasets/grid/test/s30/lrau5n.mpg,117,133,3.7054355144500732,0.9679175640569353
118,8,/home/nabizadz/Projects/Mahsa/datasets/grid/test/s30/srwf4s.mpg,208,224,4.201091289520264,0.9477630939722232
118,9,/home/nabizadz/Projects/Mahsa/datasets/grid/test/s30/lgip2a.mpg,222,238,4.3978071212768555,0.940702128050922
118,10,/home/nabizadz/Projects/Mahsa/datasets/grid/test/s30/bgiq8a.mpg,58,74,3.2012012004852295,0.9799387482549563
118,11,/home/nabizadz/Projects/Mahsa/datasets/grid/test/s30/lwbp2s.mpg,18,34,4.35925817489624,0.9965836301421704
118,12,/home/nabizadz/Projects/Mahsa/datasets/grid/test/s30/srws2s.mpg,24,40,4.263067722320557,0.989505870125545
118,13,/home/nabizadz/Projects/Mahsa/datasets/grid/test/s30/prag1n.mpg,195,211,4.362154006958008,0.9508731465596093
118,14,/home/nabizadz/Projects/Mahsa/datasets/grid/test/s30/bbbc7n.mpg,192,208,3.175565719604492,0.943345161096279
118,15,/home/nabizadz/Projects/Mahsa/datasets/grid/test/s30/pwbu1p.mpg,120,136,3.698307991027832,0.9826162270866481
119,0,/home/nabizadz/Projects/Mahsa/datasets/grid/test/s30/lbig8s.mpg,240,256,4.4283447265625,0.9502193001944449
119,1,/home/nabizadz/Projects/Mahsa/datasets/grid/test/s30/lbig9p.mpg,130,146,3.364800453186035,0.9664360016215084
119,2,/home/nabizadz/Projects/Mahsa/datasets/grid/test/s30/lbwh9n.mpg,63,79,3.5405280590057373,0.9637538489867302
119,3,/home/nabizadz/Projects/Mahsa/datasets/grid/test/s30/bradzs.mpg,132,148,3.2937841415405273,0.9800893162361763
119,4,/home/nabizadz/Projects/Mahsa/datasets/grid/test/s30/sbwe8s.mpg,93,109,3.329456329345703,0.9553009070631525
119,5,/home/nabizadz/Projects/Mahsa/datasets/grid/test/s30/prbt5p.mpg,8,24,4.347836017608643,0.9706801289962941
119,6,/home/nabizadz/Projects/Mahsa/datasets/grid/test/s30/bbiczs.mpg,82,98,3.5158231258392334,0.958428562126558
119,7,/home/nabizadz/Projects/Mahsa/datasets/grid/test/s30/lrwc3p.mpg,163,179,3.3587934970855713,0.9655016116126871
119,8,/home/nabizadz/Projects/Mahsa/datasets/grid/test/s30/bwix3n.mpg,270,286,4.363941192626953,0.9994150070813956
119,9,/home/nabizadz/Projects/Mahsa/datasets/grid/test/s30/lrwc4a.mpg,141,157,3.481781482696533,0.9777892484365696
119,10,/home/nabizadz/Projects/Mahsa/datasets/grid/test/s30/sgbaza.mpg,119,135,3.625279188156128,0.9766646837083156
119,11,/home/nabizadz/Projects/Mahsa/datasets/grid/test/s30/srik5n.mpg,6,22,4.311128616333008,0.999998377270685
119,12,/home/nabizadz/Projects/Mahsa/datasets/grid/test/s30/swwgzs.mpg,146,162,3.6391794681549072,0.9468476415587748
119,13,/home/nabizadz/Projects/Mahsa/datasets/grid/test/s30/srie4a.mpg,195,211,4.337604999542236,0.9807976881701342
119,14,/home/nabizadz/Projects/Mahsa/datasets/grid/test/s30/lwii2a.mpg,75,91,3.316056966781616,0.9725126231393392
119,15,/home/nabizadz/Projects/Mahsa/datasets/grid/test/s30/lbah3p.mpg,119,135,3.3097996711730957,0.9822300436502197
120,0,/home/nabizadz/Projects/Mahsa/datasets/grid/test/s30/swbs3n.mpg,178,194,3.614259958267212,0.9790238930154435
120,1,/home/nabizadz/Projects/Mahsa/datasets/grid/test/s30/pbiszs.mpg,248,264,4.266152858734131,0.999871867702367
120,2,/home/nabizadz/Projects/Mahsa/datasets/grid/test/s30/sgas7p.mpg,49,65,3.0797314643859863,0.9479444270191238
120,3,/home/nabizadz/Projects/Mahsa/datasets/grid/test/s30/swaf3p.mpg,226,242,4.218315601348877,0.8470985322127098
120,4,/home/nabizadz/Projects/Mahsa/datasets/grid/test/s30/lwio5p.mpg,58,74,3.3846890926361084,0.9864413315443158
120,5,/home/nabizadz/Projects/Mahsa/datasets/grid/test/s30/pgbo3p.mpg,282,298,4.479604721069336,0.9947260358027897
120,6,/home/nabizadz/Projects/Mahsa/datasets/grid/test/s30/bgik3p.mpg,125,141,3.758262872695923,0.9526954447826056
120,7,/home/nabizadz/Projects/Mahsa/datasets/grid/test/s30/lbbb3p.mpg,21,37,4.383142948150635,0.9955897612305873
120,8,/home/nabizadz/Projects/Mahsa/datasets/grid/test/s30/sgaz9n.mpg,59,75,3.067758798599243,0.9861688418666154
120,9,/home/nabizadz/Projects/Mahsa/datasets/grid/test/s30/bgak8a.mpg,250,266,4.236667156219482,0.9873109751684781
120,10,/home/nabizadz/Projects/Mahsa/datasets/grid/test/s30/pbif2s.mpg,244,260,4.292280197143555,0.9997391234723426
120,11,/home/nabizadz/Projects/Mahsa/datasets/grid/test/s30/sgaf8s.mpg,199,215,4.2620415687561035,0.9648982891148983
120,12,/home/nabizadz/Projects/Mahsa/datasets/grid/test/s30/pbwm8s.mpg,171,187,4.264906883239746,0.9701015202307984
120,13,/home/nabizadz/Projects/Mahsa/datasets/grid/test/s30/pwim7n.mpg,140,156,3.6629810333251953,0.9541223380592313
120,14,/home/nabizadz/Projects/Mahsa/datasets/grid/test/s30/sgwg6s.mpg,66,82,2.9964072704315186,0.9738897861752058
120,15,/home/nabizadz/Projects/Mahsa/datasets/grid/test/s30/bbio7n.mpg,274,290,4.190883159637451,0.9127890824664783
121,0,/home/nabizadz/Projects/Mahsa/datasets/grid/test/s30/lbwi2a.mpg,141,157,3.464669942855835,0.9561199431347202
121,1,/home/nabizadz/Projects/Mahsa/datasets/grid/test/s30/sgif3n.mpg,47,63,3.2794573307037354,0.9736552393748171
121,2,/home/nabizadz/Projects/Mahsa/datasets/grid/test/s30/srbz2s.mpg,232,248,4.062297821044922,0.984406940975231
121,3,/home/nabizadz/Projects/Mahsa/datasets/grid/test/s30/pbis2a.mpg,129,145,3.469965934753418,0.9821464127531209
121,4,/home/nabizadz/Projects/Mahsa/datasets/grid/test/s30/lwwv9n.mpg,247,263,4.33799409866333,0.9996354371661788
121,5,/home/nabizadz/Projects/Mahsa/datasets/grid/test/s30/bwbe1p.mpg,144,160,3.4375715255737305,0.9620224542970215
121,6,/home/nabizadz/Projects/Mahsa/datasets/grid/test/s30/lgbx2s.mpg,170,186,3.2153782844543457,0.9576390618330403
121,7,/home/nabizadz/Projects/Mahsa/datasets/grid/test/s30/bgwl3n.mpg,124,140,4.010204315185547,0.9942460651587621
121,8,/home/nabizadz/Projects/Mahsa/datasets/grid/test/s30/bbiv4a.mpg,169,185,3.538278102874756,0.9421424303472303
121,9,/home/nabizadz/Projects/Mahsa/datasets/grid/test/s30/sbak5p.mpg,245,261,3.871335983276367,0.9883116804874474
121,10,/home/nabizadz/Projects/Mahsa/datasets/grid/test/s30/swaf1n.mpg,172,188,3.9943203926086426,0.9785633779552894
121,11,/home/nabizadz/Projects/Mahsa/datasets/grid/test/s30/bgbe6s.mpg,141,157,3.1321194171905518,0.9796745265773568
121,12,/home/nabizadz/Projects/Mahsa/datasets/grid/test/s30/sray8s.mpg,210,226,4.306172847747803,0.9264449698385204
121,13,/home/nabizadz/Projects/Mahsa/datasets/grid/test/s30/pwbh3p.mpg,43,59,4.383197784423828,0.9940088339505736
121,14,/home/nabizadz/Projects/Mahsa/datasets/grid/test/s30/pgiuza.mpg,52,68,3.6603190898895264,0.9885971010303571
121,15,/home/nabizadz/Projects/Mahsa/datasets/grid/test/s30/pgbo4a.mpg,272,288,4.503037929534912,0.9910642258492648
122,0,/home/nabizadz/Projects/Mahsa/datasets/grid/test/s30/srbl3n.mpg,147,163,3.4414963722229004,0.9520846882712067
122,1,/home/nabizadz/Projects/Mahsa/datasets/grid/test/s30/swbm1p.mpg,1,17,4.484945297241211,0.9999999280784893
122,2,/home/nabizadz/Projects/Mahsa/datasets/grid/test/s30/bgae1n.mpg,187,203,3.916200876235962,0.9806146084830692
122,3,/home/nabizadz/Projects/Mahsa/datasets/grid/test/s30/brixza.mpg,284,300,4.3755621910095215,0.9924821814761738
122,4,/home/nabizadz/Projects/Mahsa/datasets/grid/test/s30/brbx6s.mpg,194,210,4.332802772521973,0.9719916544764956
122,5,/home/nabizadz/Projects/Mahsa/datasets/grid/test/s30/swbz9p.mpg,50,66,3.697824716567993,0.9844796351786493
122,6,/home/nabizadz/Projects/Mahsa/datasets/grid/test/s30/swie8s.mpg,168,184,2.6916353702545166,0.9488693681550766
122,7,/home/nabizadz/Projects/Mahsa/datasets/grid/test/s30/sgaf9p.mpg,32,48,4.0374040603637695,0.9999147467761617
122,8,/home/nabizadz/Projects/Mahsa/datasets/grid/test/s30/pwbh4a.mpg,259,275,4.407751083374023,0.9853775287804756
122,9,/home/nabizadz/Projects/Mahsa/datasets/grid/test/s30/lbia4s.mpg,258,274,4.294064521789551,0.9980057953428931
122,10,/home/nabizadz/Projects/Mahsa/datasets/grid/test/s30/bwaq5p.mpg,264,280,4.414356708526611,0.9845858995833852
122,11,/home/nabizadz/Projects/Mahsa/datasets/grid/test/s30/lwbv8a.mpg,116,132,3.671971082687378,0.9620820283858755
122,12,/home/nabizadz/Projects/Mahsa/datasets/grid/test/s30/lwbjza.mpg,280,296,4.197271347045898,0.9971338584224809
122,13,/home/nabizadz/Projects/Mahsa/datasets/grid/test/s30/pbbg2a.mpg,77,93,2.915494918823242,0.9707396635124681
122,14,/home/nabizadz/Projects/Mahsa/datasets/grid/test/s30/pgbu5n.mpg,44,60,3.5159521102905273,0.9566248256274142
122,15,/home/nabizadz/Projects/Mahsa/datasets/grid/test/s30/lbbozs.mpg,281,297,4.397306442260742,0.9999909721884238
123,0,/home/nabizadz/Projects/Mahsa/datasets/grid/test/s30/prbg7p.mpg,137,153,3.2443454265594482,0.975300941892886
123,1,/home/nabizadz/Projects/Mahsa/datasets/grid/test/s30/lwwc8s.mpg,131,147,3.2768874168395996,0.9523154759197476
123,2,/home/nabizadz/Projects/Mahsa/datasets/grid/test/s30/pwat5n.mpg,251,267,4.258152961730957,0.9999988741070203
123,3,/home/nabizadz/Projects/Mahsa/datasets/grid/test/s30/srie3p.mpg,14,30,4.39999532699585,0.9864097946359047
123,4,/home/nabizadz/Projects/Mahsa/datasets/grid/test/s30/sgwa2s.mpg,161,177,3.7706210613250732,0.9814258948528702
123,5,/home/nabizadz/Projects/Mahsa/datasets/grid/test/s30/briv7n.mpg,72,88,3.2297701835632324,0.9694238005391268
123,6,/home/nabizadz/Projects/Mahsa/datasets/grid/test/s30/lbin1n.mpg,251,267,4.39016056060791,0.9176848475904306
123,7,/home/nabizadz/Projects/Mahsa/datasets/grid/test/s30/pbbg1p.mpg,214,230,4.2889909744262695,0.9974555771975137
123,8,/home/nabizadz/Projects/Mahsa/datasets/grid/test/s30/bbwj8a.mpg,270,286,4.302657127380371,0.9995275362746923
123,9,/home/nabizadz/Projects/Mahsa/datasets/grid/test/s30/bgak7p.mpg,207,223,4.00139856338501,0.9561078431071114
123,10,/home/nabizadz/Projects/Mahsa/datasets/grid/test/s30/srwz6s.mpg,56,72,3.425601005554199,0.98367861256784
123,11,/home/nabizadz/Projects/Mahsa/datasets/grid/test/s30/sbby6s.mpg,103,119,3.498084545135498,0.9758065434667679
123,12,/home/nabizadz/Projects/Mahsa/datasets/grid/test/s30/lbbu6a.mpg,56,72,3.6820828914642334,0.9190630021796129
123,13,/home/nabizadz/Projects/Mahsa/datasets/grid/test/s30/pram5n.mpg,6,22,4.077735424041748,0.9446750672412759
123,14,/home/nabizadz/Projects/Mahsa/datasets/grid/test/s30/brip5p.mpg,101,117,3.3907904624938965,0.9456991783497163
123,15,/home/nabizadz/Projects/Mahsa/datasets/grid/test/s30/srwz7p.mpg,164,180,3.1586248874664307,0.9694983851128286
124,0,/home/nabizadz/Projects/Mahsa/datasets/grid/test/s30/swbs5p.mpg,40,56,4.051944255828857,0.9992502874806457
124,1,/home/nabizadz/Projects/Mahsa/datasets/grid/test/s30/lwbp1n.mpg,259,275,4.276795864105225,0.9799025794779485
124,2,/home/nabizadz/Projects/Mahsa/datasets/grid/test/s30/pgbb6a.mpg,105,121,3.4348196983337402,0.9840539115260195
124,3,/home/nabizadz/Projects/Mahsa/datasets/grid/test/s30/prwuza.mpg,45,61,3.7438387870788574,0.9946729830573078
124,4,/home/nabizadz/Projects/Mahsa/datasets/grid/test/s30/lrab3n.mpg,44,60,3.7957253456115723,0.9824379358566443
124,5,/home/nabizadz/Projects/Mahsa/datasets/grid/test/s30/swwm6a.mpg,158,174,3.706718683242798,0.989447636590067
124,6,/home/nabizadz/Projects/Mahsa/datasets/grid/test/s30/bgay5p.mpg,190,206,3.5527870655059814,0.986117952923401
124,7,/home/nabizadz/Projects/Mahsa/datasets/grid/test/s30/sbik2a.mpg,17,33,3.8467893600463867,0.9960112456259358
124,8,/home/nabizadz/Projects/Mahsa/datasets/grid/test/s30/pwwh8a.mpg,221,237,4.125226020812988,0.9992685402894353
124,9,/home/nabizadz/Projects/Mahsa/datasets/grid/test/s30/prwh1p.mpg,39,55,3.740253210067749,0.9819652569961708
124,10,/home/nabizadz/Projects/Mahsa/datasets/grid/test/s30/bwbrza.mpg,153,169,3.347686290740967,0.9749906277052055
124,11,/home/nabizadz/Projects/Mahsa/datasets/grid/test/s30/swbz7n.mpg,113,129,3.944700002670288,0.9909655600504661
124,12,/home/nabizadz/Projects/Mahsa/datasets/grid/test/s30/lwwj4a.mpg,257,273,4.380667686462402,0.9697282732374829
124,13,/home/nabizadz/Projects/Mahsa/datasets/grid/test/s30/bbwx4s.mpg,212,228,4.2636003494262695,0.9563464325205021
124,14,/home/nabizadz/Projects/Mahsa/datasets/grid/test/s30/brbd5p.mpg,116,132,3.8399658203125,0.9932837533439376
124,15,/home/nabizadz/Projects/Mahsa/datasets/grid/test/s30/lwio6a.mpg,153,169,3.6233935356140137,0.9826742471096704
125,0,/home/nabizadz/Projects/Mahsa/datasets/grid/test/s34/lbia2a.mpg,227,243,4.300743103027344,0.9693415445468118
125,1,/home/nabizadz/Projects/Mahsa/datasets/grid/test/s34/bbio5p.mpg,92,108,3.6426403522491455,0.9627070990126484
125,2,/home/nabizadz/Projects/Mahsa/datasets/grid/test/s34/pgaa8a.mpg,228,244,3.9140355587005615,0.980645711003459
125,3,/home/nabizadz/Projects/Mahsa/datasets/grid/test/s34/lrau3p.mpg,7,23,4.44047737121582,0.9999859681558644
125,4,/home/nabizadz/Projects/Mahsa/datasets/grid/test/s34/brbx1n.mpg,95,111,3.7351818084716797,0.9923195580550599
125,5,/home/nabizadz/Projects/Mahsa/datasets/grid/test/s34/lgwp7n.mpg,148,164,3.675062656402588,0.9852442947680623
125,6,/home/nabizadz/Projects/Mahsa/datasets/grid/test/s34/bgby6a.mpg,280,296,4.402977466583252,0.9993861504986021
125,7,/home/nabizadz/Projects/Mahsa/datasets/grid/test/s34/lrit7n.mpg,168,184,2.897416114807129,0.9622822036123015
125,8,/home/nabizadz/Projects/Mahsa/datasets/grid/test/s34/srbe5n.mpg,78,94,3.5274462699890137,0.9859643673131486
125,9,/home/nabizadz/Projects/Mahsa/datasets/grid/test/s34/swik8s.mpg,0,16,4.424170017242432,0.9982240784811333
125,10,/home/nabizadz/Projects/Mahsa/datasets/grid/test/s34/sbak2a.mpg,87,103,3.6849491596221924,0.9667775818294366
125,11,/home/nabizadz/Projects/Mahsa/datasets/grid/test/s34/brii5n.mpg,190,206,3.9363884925842285,0.9634530678667714
125,12,/home/nabizadz/Projects/Mahsa/datasets/grid/test/s34/lrbu5n.mpg,105,121,3.9004836082458496,0.9887370100026525
125,13,/home/nabizadz/Projects/Mahsa/datasets/grid/test/s34/lwiu4s.mpg,81,97,2.7713143825531006,0.9679755352603663
125,14,/home/nabizadz/Projects/Mahsa/datasets/grid/test/s34/bgid6a.mpg,76,92,3.698676586151123,0.9725427073606734
125,15,/home/nabizadz/Projects/Mahsa/datasets/grid/test/s34/lbwb2s.mpg,33,49,4.206118583679199,0.9973774349161665
126,0,/home/nabizadz/Projects/Mahsa/datasets/grid/test/s34/sray5p.mpg,201,217,4.146801948547363,0.9977881824047237
126,1,/home/nabizadz/Projects/Mahsa/datasets/grid/test/s34/pgah2a.mpg,212,228,3.8759825229644775,0.9803371498183147
126,2,/home/nabizadz/Projects/Mahsa/datasets/grid/test/s34/bgwr6a.mpg,277,293,4.40020227432251,0.9731139425034305
126,3,/home/nabizadz/Projects/Mahsa/datasets/grid/test/s34/prwg6s.mpg,21,37,4.3928937911987305,0.999628503654415
126,4,/home/nabizadz/Projects/Mahsa/datasets/grid/test/s34/srbzza.mpg,150,166,2.861171245574951,0.9861793032338021
126,5,/home/nabizadz/Projects/Mahsa/datasets/grid/test/s34/bwip8a.mpg,86,102,3.3374898433685303,0.9745297580355735
126,6,/home/nabizadz/Projects/Mahsa/datasets/grid/test/s34/sbbk4s.mpg,25,41,3.9125523567199707,0.9996442205782086
126,7,/home/nabizadz/Projects/Mahsa/datasets/grid/test/s34/lwbi5p.mpg,239,255,3.768148899078369,0.9705295190050578
126,8,/home/nabizadz/Projects/Mahsa/datasets/grid/test/s34/pbbz7n.mpg,132,148,3.759138584136963,0.9679785176856501
126,9,/home/nabizadz/Projects/Mahsa/datasets/grid/test/s34/pgan5p.mpg,115,131,3.3497507572174072,0.9819620787036677
126,10,/home/nabizadz/Projects/Mahsa/datasets/grid/test/s34/swiy6s.mpg,236,252,3.5475494861602783,0.9632009030673777
126,11,/home/nabizadz/Projects/Mahsa/datasets/grid/test/s34/bgiq2s.mpg,17,33,4.405261516571045,0.9844634489234177
126,12,/home/nabizadz/Projects/Mahsa/datasets/grid/test/s34/sbbezs.mpg,156,172,3.802907943725586,0.9862673200080005
126,13,/home/nabizadz/Projects/Mahsa/datasets/grid/test/s34/sbbq7n.mpg,270,286,4.317314624786377,0.9998465935361182
126,14,/home/nabizadz/Projects/Mahsa/datasets/grid/test/s34/bwwy2s.mpg,195,211,3.4998812675476074,0.9662145808326296
126,15,/home/nabizadz/Projects/Mahsa/datasets/grid/test/s34/lgav5p.mpg,219,235,4.033387184143066,0.9897495953272837
127,0,/home/nabizadz/Projects/Mahsa/datasets/grid/test/s34/pwbt8a.mpg,204,220,3.7520811557769775,0.973297149469667
127,1,/home/nabizadz/Projects/Mahsa/datasets/grid/test/s34/sgisza.mpg,145,161,3.197763204574585,0.9744236239013616
127,2,/home/nabizadz/Projects/Mahsa/datasets/grid/test/s34/swwz9p.mpg,58,74,2.8895866870880127,0.9610677573316057
127,3,/home/nabizadz/Projects/Mahsa/datasets/grid/test/s34/lgwp8s.mpg,69,85,2.3217098712921143,0.9543901790635904
127,4,/home/nabizadz/Projects/Mahsa/datasets/grid/test/s34/lgbp6a.mpg,270,286,4.427225589752197,0.9899826325827473
127,5,/home/nabizadz/Projects/Mahsa/datasets/grid/test/s34/braxza.mpg,50,66,3.0213348865509033,0.9701412833261718
127,6,/home/nabizadz/Projects/Mahsa/datasets/grid/test/s34/lwai1p.mpg,216,232,3.506549835205078,0.9585463706247065
127,7,/home/nabizadz/Projects/Mahsa/datasets/grid/test/s34/pbbm2a.mpg,146,162,3.100353956222534,0.969560890556816
127,8,/home/nabizadz/Projects/Mahsa/datasets/grid/test/s34/priz6s.mpg,84,100,3.693748950958252,0.9754772011501344
127,9,/home/nabizadz/Projects/Mahsa/datasets/grid/test/s34/pwbn4a.mpg,243,259,3.7229034900665283,0.9663596367014093
127,10,/home/nabizadz/Projects/Mahsa/datasets/grid/test/s34/sgwg2s.mpg,107,123,3.4995005130767822,0.9742275457878812
127,11,/home/nabizadz/Projects/Mahsa/datasets/grid/test/s34/bbav2s.mpg,218,234,3.734069585800171,0.9624012829625808
127,12,/home/nabizadz/Projects/Mahsa/datasets/grid/test/s34/lgbjzs.mpg,92,108,3.7071878910064697,0.9881465407523814
127,13,/home/nabizadz/Projects/Mahsa/datasets/grid/test/s34/brajzs.mpg,48,64,3.0017848014831543,0.9683072377258304
127,14,/home/nabizadz/Projects/Mahsa/datasets/grid/test/s34/bwwy4a.mpg,177,193,3.882565975189209,0.9851382281098292
127,15,/home/nabizadz/Projects/Mahsa/datasets/grid/test/s34/pbws9p.mpg,171,187,3.214022397994995,0.9709680102286072
128,0,/home/nabizadz/Projects/Mahsa/datasets/grid/test/s34/bgbk5n.mpg,162,178,2.7214877605438232,0.9334506816381575
128,1,/home/nabizadz/Projects/Mahsa/datasets/grid/test/s34/bwip5n.mpg,145,161,3.016780138015747,0.9571779187153857
128,2,/home/nabizadz/Projects/Mahsa/datasets/grid/test/s34/bwbkzs.mpg,145,161,3.1739437580108643,0.9594289669704692
128,3,/home/nabizadz/Projects/Mahsa/datasets/grid/test/s34/lbwb1n.mpg,38,54,2.604346513748169,0.9890711259346021
128,4,/home/nabizadz/Projects/Mahsa/datasets/grid/test/s34/pgbu4a.mpg,278,294,4.383493423461914,0.9993112567254673
128,5,/home/nabizadz/Projects/Mahsa/datasets/grid/test/s34/pgbh4s.mpg,90,106,2.2839059829711914,0.9657289326510813
128,6,/home/nabizadz/Projects/Mahsa/datasets/grid/test/s34/lbag9p.mpg,233,249,4.105818748474121,0.9820972347613366
128,7,/home/nabizadz/Projects/Mahsa/datasets/grid/test/s34/bbii1p.mpg,124,140,3.7809059619903564,0.9837765866562133
128,8,/home/nabizadz/Projects/Mahsa/datasets/grid/test/s34/pbiz2a.mpg,65,81,3.106574296951294,0.9803788005988237
128,9,/home/nabizadz/Projects/Mahsa/datasets/grid/test/s34/bgiq4a.mpg,13,29,4.345630645751953,0.9999659160871718
128,10,/home/nabizadz/Projects/Mahsa/datasets/grid/test/s34/lgwx3p.mpg,142,158,3.7351150512695312,0.9880423127046761
128,11,/home/nabizadz/Projects/Mahsa/datasets/grid/test/s34/bwidza.mpg,101,117,3.5126774311065674,0.9819956292215369
128,12,/home/nabizadz/Projects/Mahsa/datasets/grid/test/s34/pbaz6a.mpg,159,175,3.6588377952575684,0.98846274710235
128,13,/home/nabizadz/Projects/Mahsa/datasets/grid/test/s34/bwbd6s.mpg,223,239,3.7240445613861084,0.947903731872129
128,14,/home/nabizadz/Projects/Mahsa/datasets/grid/test/s34/pwig1p.mpg,254,270,4.4097795486450195,0.9970796108800402
128,15,/home/nabizadz/Projects/Mahsa/datasets/grid/test/s34/lwao4s.mpg,16,32,4.3908772468566895,0.9999981758397096
129,0,/home/nabizadz/Projects/Mahsa/datasets/grid/test/s34/swwmzs.mpg,156,172,3.6265602111816406,0.9641259820775038
129,1,/home/nabizadz/Projects/Mahsa/datasets/grid/test/s34/bwwq9p.mpg,103,119,3.3182437419891357,0.9841722401213171
129,2,/home/nabizadz/Projects/Mahsa/datasets/grid/test/s34/pril8s.mpg,104,120,3.162869930267334,0.9795549638619255
129,3,/home/nabizadz/Projects/Mahsa/datasets/grid/test/s34/bgbr2a.mpg,237,253,4.11240291595459,0.9943600926177675
129,4,/home/nabizadz/Projects/Mahsa/datasets/grid/test/s34/bwad4a.mpg,183,199,3.6790308952331543,0.980660461304091
129,5,/home/nabizadz/Projects/Mahsa/datasets/grid/test/s34/pwaazs.mpg,211,227,3.9976401329040527,0.9429826738739572
129,6,/home/nabizadz/Projects/Mahsa/datasets/grid/test/s34/sgas3p.mpg,144,160,2.0957190990448,0.9729000258272346
129,7,/home/nabizadz/Projects/Mahsa/datasets/grid/test/s34/sgwg4a.mpg,136,152,3.5585591793060303,0.9799949291359294
129,8,/home/nabizadz/Projects/Mahsa/datasets/grid/test/s34/sriq7p.mpg,165,181,3.2344131469726562,0.9688974066775886
129,9,/home/nabizadz/Projects/Mahsa/datasets/grid/test/s34/pwwh4a.mpg,43,59,2.3381099700927734,0.9462917844872804
129,10,/home/nabizadz/Projects/Mahsa/datasets/grid/test/s34/bwwezs.mpg,13,29,4.349311828613281,0.987886990068095
129,11,/home/nabizadz/Projects/Mahsa/datasets/grid/test/s34/pwba5p.mpg,231,247,3.9934134483337402,0.9828731211505308
129,12,/home/nabizadz/Projects/Mahsa/datasets/grid/test/s34/sbad5n.mpg,86,102,3.972611904144287,0.9811065021846098
129,13,/home/nabizadz/Projects/Mahsa/datasets/grid/test/s34/brbj3n.mpg,3,19,4.3508806228637695,0.9860849110717482
129,14,/home/nabizadz/Projects/Mahsa/datasets/grid/test/s34/lwio1p.mpg,254,270,4.174651622772217,0.9880057075840871
129,15,/home/nabizadz/Projects/Mahsa/datasets/grid/test/s34/sray4s.mpg,131,147,3.606309175491333,0.9756540894617076
130,0,/home/nabizadz/Projects/Mahsa/datasets/grid/test/s34/pgaa6s.mpg,17,33,4.490192413330078,0.9999916341867381
130,1,/home/nabizadz/Projects/Mahsa/datasets/grid/test/s34/lgio7p.mpg,260,276,4.308110237121582,0.9895166861639473
130,2,/home/nabizadz/Projects/Mahsa/datasets/grid/test/s34/lbba7n.mpg,41,57,4.391641139984131,0.974371961396879
130,3,/home/nabizadz/Projects/Mahsa/datasets/grid/test/s34/bgbe3p.mpg,151,167,3.739732027053833,0.979578328449494
130,4,/home/nabizadz/Projects/Mahsa/datasets/grid/test/s34/sgas2s.mpg,42,58,2.105543375015259,0.9622831955044474
130,5,/home/nabizadz/Projects/Mahsa/datasets/grid/test/s34/sbwk9p.mpg,34,50,4.344120502471924,0.9957454357239904
130,6,/home/nabizadz/Projects/Mahsa/datasets/grid/test/s34/brip2a.mpg,104,120,3.3437910079956055,0.964342895768732
130,7,/home/nabizadz/Projects/Mahsa/datasets/grid/test/s34/srwl6a.mpg,157,173,3.7300615310668945,0.9957182566388068
130,8,/home/nabizadz/Projects/Mahsa/datasets/grid/test/s34/sbwy5n.mpg,90,106,3.248290538787842,0.9770820117644256
130,9,/home/nabizadz/Projects/Mahsa/datasets/grid/test/s34/brwj8s.mpg,70,86,3.091090440750122,0.975296886916
130,10,/home/nabizadz/Projects/Mahsa/datasets/grid/test/s34/bbac2a.mpg,129,145,3.5220553874969482,0.9606540861312408
130,11,/home/nabizadz/Projects/Mahsa/datasets/grid/test/s34/swik7n.mpg,99,115,2.8595986366271973,0.9704487405628058
130,12,/home/nabizadz/Projects/Mahsa/datasets/grid/test/s34/lwwc6a.mpg,90,106,3.058708906173706,0.9776517044849723
130,13,/home/nabizadz/Projects/Mahsa/datasets/grid/test/s34/swal1n.mpg,142,158,3.259518623352051,0.9874718000976058
130,14,/home/nabizadz/Projects/Mahsa/datasets/grid/test/s34/bbbp4a.mpg,237,253,3.915766716003418,0.9896918247145452
130,15,/home/nabizadz/Projects/Mahsa/datasets/grid/test/s34/sgas1n.mpg,98,114,3.429629325866699,0.9621981493118157
131,0,/home/nabizadz/Projects/Mahsa/datasets/grid/test/s34/bgaq5n.mpg,94,110,3.2912240028381348,0.9653454240355819
131,1,/home/nabizadz/Projects/Mahsa/datasets/grid/test/s34/brwx6s.mpg,146,162,3.9485411643981934,0.9805719183375896
131,2,/home/nabizadz/Projects/Mahsa/datasets/grid/test/s34/sgws9n.mpg,6,22,4.276270389556885,0.9999961227193245
131,3,/home/nabizadz/Projects/Mahsa/datasets/grid/test/s34/sgbs6s.mpg,146,162,3.3468780517578125,0.9823326863407513
131,4,/home/nabizadz/Projects/Mahsa/datasets/grid/test/s34/brwkza.mpg,234,250,4.153392314910889,0.9934656446226048
131,5,/home/nabizadz/Projects/Mahsa/datasets/grid/test/s34/brai9n.mpg,104,120,3.5130741596221924,0.9835288280437839
131,6,/home/nabizadz/Projects/Mahsa/datasets/grid/test/s34/pwam8s.mpg,217,233,3.7280163764953613,0.9594356490168523
131,7,/home/nabizadz/Projects/Mahsa/datasets/grid/test/s34/pwim4s.mpg,205,221,3.5672717094421387,0.9851903998767414
131,8,/home/nabizadz/Projects/Mahsa/datasets/grid/test/s34/sbbrza.mpg,55,71,3.7526066303253174,0.9815087038750988
131,9,/home/nabizadz/Projects/Mahsa/datasets/grid/test/s34/swal2s.mpg,256,272,4.392212867736816,0.995226451052251
131,10,/home/nabizadz/Projects/Mahsa/datasets/grid/test/s34/bbbv7p.mpg,77,93,3.1505041122436523,0.9771124348948645
131,11,/home/nabizadz/Projects/Mahsa/datasets/grid/test/s34/lriuza.mpg,157,173,3.520998001098633,0.9644023345490247
131,12,/home/nabizadz/Projects/Mahsa/datasets/grid/test/s34/pwbn1n.mpg,17,33,4.414409160614014,0.9965183326597337
131,13,/home/nabizadz/Projects/Mahsa/datasets/grid/test/s34/sbiq2a.mpg,159,175,3.052417516708374,0.9343385344982562
131,14,/home/nabizadz/Projects/Mahsa/datasets/grid/test/s34/sgwtzs.mpg,137,153,3.4297337532043457,0.9633773283048631
131,15,/home/nabizadz/Projects/Mahsa/datasets/grid/test/s34/pwwh2s.mpg,231,247,3.94360089302063,0.9761992467976232
132,0,/home/nabizadz/Projects/Mahsa/datasets/grid/test/s34/priz8a.mpg,136,152,2.623284101486206,0.9538018017758267
132,1,/home/nabizadz/Projects/Mahsa/datasets/grid/test/s34/srwe9n.mpg,270,286,4.388406276702881,0.9999988204374503
132,2,/home/nabizadz/Projects/Mahsa/datasets/grid/test/s34/lgwc9n.mpg,37,53,3.906097412109375,0.9888674217987022
132,3,/home/nabizadz/Projects/Mahsa/datasets/grid/test/s34/lbat5n.mpg,121,137,3.8383734226226807,0.9754280592905326
132,4,/home/nabizadz/Projects/Mahsa/datasets/grid/test/s34/lgwd1p.mpg,198,214,4.015084266662598,0.9764166633087148
132,5,/home/nabizadz/Projects/Mahsa/datasets/grid/test/s34/bwic9p.mpg,27,43,4.3640031814575195,0.9999879702548861
132,6,/home/nabizadz/Projects/Mahsa/datasets/grid/test/s34/srwf2a.mpg,235,251,4.287349224090576,0.9911921994473422
132,7,/home/nabizadz/Projects/Mahsa/datasets/grid/test/s34/brac8a.mpg,190,206,3.7916178703308105,0.9896558954465648
132,8,/home/nabizadz/Projects/Mahsa/datasets/grid/test/s34/sbix6a.mpg,99,115,2.5755226612091064,0.9757745538150908
132,9,/home/nabizadz/Projects/Mahsa/datasets/grid/test/s34/lgbj1p.mpg,39,55,4.371762752532959,0.9891476387192273
132,10,/home/nabizadz/Projects/Mahsa/datasets/grid/test/s34/lgbi9n.mpg,259,275,4.302989482879639,0.996143517586129
132,11,/home/nabizadz/Projects/Mahsa/datasets/grid/test/s34/sgamza.mpg,32,48,4.096806049346924,0.9907603062220823
132,12,/home/nabizadz/Projects/Mahsa/datasets/grid/test/s34/pgah1p.mpg,58,74,2.9674746990203857,0.9671401516559264
132,13,/home/nabizadz/Projects/Mahsa/datasets/grid/test/s34/lria6s.mpg,39,55,4.343896865844727,0.9775144190489239
132,14,/home/nabizadz/Projects/Mahsa/datasets/grid/test/s34/bwwk6a.mpg,199,215,3.8410613536834717,0.9835139298464868
132,15,/home/nabizadz/Projects/Mahsa/datasets/grid/test/s34/lrihzs.mpg,217,233,3.9789109230041504,0.9858582978707968
133,0,/home/nabizadz/Projects/Mahsa/datasets/grid/test/s34/brii6s.mpg,133,149,3.4330406188964844,0.9750135055067675
133,1,/home/nabizadz/Projects/Mahsa/datasets/grid/test/s34/sgaf3n.mpg,81,97,3.451948881149292,0.9696107290185982
133,2,/home/nabizadz/Projects/Mahsa/datasets/grid/test/s34/srik4a.mpg,167,183,3.1765494346618652,0.9397504286792246
133,3,/home/nabizadz/Projects/Mahsa/datasets/grid/test/s34/sbij5n.mpg,198,214,3.2568678855895996,0.9263016526758662
133,4,/home/nabizadz/Projects/Mahsa/datasets/grid/test/s34/bwbk2a.mpg,209,225,3.155763626098633,0.9108838321228893
133,5,/home/nabizadz/Projects/Mahsa/datasets/grid/test/s34/pwbhza.mpg,210,226,3.742086410522461,0.9771409496716588
133,6,/home/nabizadz/Projects/Mahsa/datasets/grid/test/s34/bbao9p.mpg,24,40,4.348635673522949,0.9690541112021566
133,7,/home/nabizadz/Projects/Mahsa/datasets/grid/test/s34/sriq5n.mpg,192,208,2.6124978065490723,0.9589391547917409
133,8,/home/nabizadz/Projects/Mahsa/datasets/grid/test/s34/pbaf3p.mpg,36,52,3.1399593353271484,0.9684554499564357
133,9,/home/nabizadz/Projects/Mahsa/datasets/grid/test/s34/bbbc4s.mpg,208,224,3.1104395389556885,0.9786886010912956
133,10,/home/nabizadz/Projects/Mahsa/datasets/grid/test/s34/lrah3n.mpg,112,128,3.5555896759033203,0.9663422423289296
133,11,/home/nabizadz/Projects/Mahsa/datasets/grid/test/s34/sgaz5n.mpg,282,298,4.2931952476501465,0.974507235761724
133,12,/home/nabizadz/Projects/Mahsa/datasets/grid/test/s34/pbaz5p.mpg,271,287,4.10191535949707,0.9929255794431003
133,13,/home/nabizadz/Projects/Mahsa/datasets/grid/test/s34/lrabzs.mpg,279,295,3.965182304382324,0.9988956608409898
133,14,/home/nabizadz/Projects/Mahsa/datasets/grid/test/s34/bwij3p.mpg,195,211,2.262964963912964,0.9825919157481767
133,15,/home/nabizadz/Projects/Mahsa/datasets/grid/test/s34/bbav1n.mpg,272,288,4.309077262878418,0.9997505344357857
134,0,/home/nabizadz/Projects/Mahsa/datasets/grid/test/s34/pwbt7p.mpg,232,248,3.8495800495147705,0.9799634212957816
134,1,/home/nabizadz/Projects/Mahsa/datasets/grid/test/s34/bbib6s.mpg,108,124,3.159618854522705,0.9572698676687045
134,2,/home/nabizadz/Projects/Mahsa/datasets/grid/test/s34/pbil4a.mpg,195,211,3.8609468936920166,0.9735455297681486
134,3,/home/nabizadz/Projects/Mahsa/datasets/grid/test/s34/bwaj8a.mpg,100,116,3.6808316707611084,0.986013627677218
134,4,/home/nabizadz/Projects/Mahsa/datasets/grid/test/s34/sbip9n.mpg,221,237,3.575021505355835,0.9474964068763247
134,5,/home/nabizadz/Projects/Mahsa/datasets/grid/test/s34/bwad3p.mpg,281,297,4.329556941986084,0.9999999661625618
134,6,/home/nabizadz/Projects/Mahsa/datasets/grid/test/s34/lwih8a.mpg,63,79,3.325770378112793,0.9879048191267376
134,7,/home/nabizadz/Projects/Mahsa/datasets/grid/test/s34/pbwtza.mpg,77,93,3.2505576610565186,0.9790158554213207
134,8,/home/nabizadz/Projects/Mahsa/datasets/grid/test/s34/pwwbza.mpg,74,90,3.6898627281188965,0.9924804910287339
134,9,/home/nabizadz/Projects/Mahsa/datasets/grid/test/s34/pwam7n.mpg,55,71,2.210916519165039,0.9594556285501665
134,10,/home/nabizadz/Projects/Mahsa/datasets/grid/test/s34/pwam9p.mpg,104,120,3.1477222442626953,0.9735820617946506
134,11,/home/nabizadz/Projects/Mahsa/datasets/grid/test/s34/bwbd5n.mpg,220,236,3.846562147140503,0.9392537010680297
134,12,/home/nabizadz/Projects/Mahsa/datasets/grid/test/s34/srbe6s.mpg,86,102,3.313826084136963,0.9826202813691807
134,13,/home/nabizadz/Projects/Mahsa/datasets/grid/test/s34/bwic8s.mpg,64,80,3.410698890686035,0.968950102093875
134,14,/home/nabizadz/Projects/Mahsa/datasets/grid/test/s34/sbaq3n.mpg,6,22,4.407012462615967,0.9998658253439765
134,15,/home/nabizadz/Projects/Mahsa/datasets/grid/test/s34/lbag8s.mpg,143,159,3.1563303470611572,0.972913801510234
135,0,/home/nabizadz/Projects/Mahsa/datasets/grid/test/s34/swaz2a.mpg,269,285,3.931623935699463,0.9969897527756757
135,1,/home/nabizadz/Projects/Mahsa/datasets/grid/test/s34/sbax8s.mpg,211,227,4.287478446960449,0.9994229321032931
135,2,/home/nabizadz/Projects/Mahsa/datasets/grid/test/s34/pginzs.mpg,175,191,3.730674982070923,0.9789855109660235
135,3,/home/nabizadz/Projects/Mahsa/datasets/grid/test/s34/prbt2a.mpg,268,284,4.31691837310791,0.9999900012456321
135,4,/home/nabizadz/Projects/Mahsa/datasets/grid/test/s34/brii8a.mpg,165,181,3.9786055088043213,0.9904096147319874
135,5,/home/nabizadz/Projects/Mahsa/datasets/grid/test/s34/bwip7p.mpg,115,131,3.1484298706054688,0.9602866205455093
135,6,/home/nabizadz/Projects/Mahsa/datasets/grid/test/s34/pwba4s.mpg,127,143,3.874929666519165,0.9972861022500583
135,7,/home/nabizadz/Projects/Mahsa/datasets/grid/test/s34/pgbb1p.mpg,165,181,3.399205207824707,0.9682872915578228
135,8,/home/nabizadz/Projects/Mahsa/datasets/grid/test/s34/lrwcza.mpg,64,80,3.9129762649536133,0.9860851021371164
135,9,/home/nabizadz/Projects/Mahsa/datasets/grid/test/s34/bbbv8a.mpg,18,34,4.341110706329346,0.9953139811831951
135,10,/home/nabizadz/Projects/Mahsa/datasets/grid/test/s34/lbba9p.mpg,56,72,2.602705478668213,0.9549913327193735
135,11,/home/nabizadz/Projects/Mahsa/datasets/grid/test/s34/srak8a.mpg,176,192,2.7486424446105957,0.9829978445716743
135,12,/home/nabizadz/Projects/Mahsa/datasets/grid/test/s34/sbwk7n.mpg,194,210,3.768944025039673,0.9715748141131904
135,13,/home/nabizadz/Projects/Mahsa/datasets/grid/test/s34/lgbv9p.mpg,270,286,4.4017205238342285,0.9998880873268469
135,14,/home/nabizadz/Projects/Mahsa/datasets/grid/test/s34/lbbu2a.mpg,92,108,3.3778316974639893,0.9740466923205848
135,15,/home/nabizadz/Projects/Mahsa/datasets/grid/test/s34/lwavza.mpg,279,295,4.295492172241211,0.9999779669902692
136,0,/home/nabizadz/Projects/Mahsa/datasets/grid/test/s34/srar2a.mpg,62,78,3.6866629123687744,0.9832027237908895
136,1,/home/nabizadz/Projects/Mahsa/datasets/grid/test/s34/sgwm6s.mpg,280,296,4.515839099884033,0.9999677036797897
136,2,/home/nabizadz/Projects/Mahsa/datasets/grid/test/s34/lgbc6s.mpg,165,181,3.747117042541504,0.9720449722878327
136,3,/home/nabizadz/Projects/Mahsa/datasets/grid/test/s34/lgac4a.mpg,6,22,4.302764415740967,0.9977725094928876
136,4,/home/nabizadz/Projects/Mahsa/datasets/grid/test/s34/pris4a.mpg,13,29,4.507449626922607,0.9999311049245715
136,5,/home/nabizadz/Projects/Mahsa/datasets/grid/test/s34/sgbm2s.mpg,120,136,3.1976332664489746,0.9837530370840503
136,6,/home/nabizadz/Projects/Mahsa/datasets/grid/test/s34/sbwlza.mpg,256,272,4.3291544914245605,0.9983136283599361
136,7,/home/nabizadz/Projects/Mahsa/datasets/grid/test/s34/prwa4a.mpg,104,120,3.780543327331543,0.9897117953128368
136,8,/home/nabizadz/Projects/Mahsa/datasets/grid/test/s34/sgiz3p.mpg,97,113,2.2854108810424805,0.9439212196973767
136,9,/home/nabizadz/Projects/Mahsa/datasets/grid/test/s34/srae3p.mpg,20,36,4.331081390380859,0.9980544928011252
136,10,/home/nabizadz/Projects/Mahsa/datasets/grid/test/s34/pbaf2s.mpg,195,211,3.318934202194214,0.944071605524392
136,11,/home/nabizadz/Projects/Mahsa/datasets/grid/test/s34/lwwv7p.mpg,208,224,3.665095806121826,0.9478345386621322
136,12,/home/nabizadz/Projects/Mahsa/datasets/grid/test/s34/lgwx1n.mpg,252,268,3.666790246963501,0.9891551158211748
136,13,/home/nabizadz/Projects/Mahsa/datasets/grid/test/s34/praf8s.mpg,77,93,3.155226469039917,0.9728675360777178
136,14,/home/nabizadz/Projects/Mahsa/datasets/grid/test/s34/pras8a.mpg,219,235,3.7076196670532227,0.9861261105912281
136,15,/home/nabizadz/Projects/Mahsa/datasets/grid/test/s34/lwbi6a.mpg,150,166,2.2835352420806885,0.9609221058734698
137,0,/home/nabizadz/Projects/Mahsa/datasets/grid/test/s34/swwf6s.mpg,66,82,3.6250784397125244,0.972417035953799
137,1,/home/nabizadz/Projects/Mahsa/datasets/grid/test/s34/sgbf7n.mpg,236,252,3.905773401260376,0.980889571477501
137,2,/home/nabizadz/Projects/Mahsa/datasets/grid/test/s34/pwbt5n.mpg,142,158,3.6369025707244873,0.9685968586983904
137,3,/home/nabizadz/Projects/Mahsa/datasets/grid/test/s34/lrbu6s.mpg,155,171,3.9335684776306152,0.9649758492412043
137,4,/home/nabizadz/Projects/Mahsa/datasets/grid/test/s34/bwaq2a.mpg,97,113,3.688838243484497,0.9857097345033892
137,5,/home/nabizadz/Projects/Mahsa/datasets/grid/test/s34/srbe8a.mpg,235,251,3.476608991622925,0.9768416492041642
137,6,/home/nabizadz/Projects/Mahsa/datasets/grid/test/s34/pgia1n.mpg,121,137,3.3374643325805664,0.9738877592317974
137,7,/home/nabizadz/Projects/Mahsa/datasets/grid/test/s34/srak5n.mpg,143,159,3.788342237472534,0.9770693400010179
137,8,/home/nabizadz/Projects/Mahsa/datasets/grid/test/s34/sgbm4a.mpg,3,19,4.418304443359375,0.9998236778779399
137,9,/home/nabizadz/Projects/Mahsa/datasets/grid/test/s34/swae7n.mpg,271,287,4.076295375823975,0.9998353163879862
137,10,/home/nabizadz/Projects/Mahsa/datasets/grid/test/s34/briv5p.mpg,16,32,4.349944114685059,0.9998793466827156
137,11,/home/nabizadz/Projects/Mahsa/datasets/grid/test/s34/pgan6a.mpg,283,299,4.327912330627441,0.9999294226919037
137,12,/home/nabizadz/Projects/Mahsa/datasets/grid/test/s34/sbiqzs.mpg,257,273,4.334017276763916,0.9955775556344625
137,13,/home/nabizadz/Projects/Mahsa/datasets/grid/test/s34/lria5n.mpg,9,25,4.438770771026611,0.9999967980543578
137,14,/home/nabizadz/Projects/Mahsa/datasets/grid/test/s34/lrwo7p.mpg,229,245,3.8952553272247314,0.9901429989964184
137,15,/home/nabizadz/Projects/Mahsa/datasets/grid/test/s34/prif6a.mpg,108,124,3.624319553375244,0.9778582749422001
138,0,/home/nabizadz/Projects/Mahsa/datasets/grid/test/s34/bbbp2s.mpg,69,85,3.4498367309570312,0.9723572720621352
138,1,/home/nabizadz/Projects/Mahsa/datasets/grid/test/s34/lrwi3p.mpg,86,102,3.606767177581787,0.9810218882754536
138,2,/home/nabizadz/Projects/Mahsa/datasets/grid/test/s34/pbil1n.mpg,266,282,4.375270843505859,0.9999388833030183
138,3,/home/nabizadz/Projects/Mahsa/datasets/grid/test/s34/lrwvzs.mpg,193,209,4.046497821807861,0.9788528122359669
138,4,/home/nabizadz/Projects/Mahsa/datasets/grid/test/s34/lgwj4s.mpg,219,235,2.483867645263672,0.9573440321598395
138,5,/home/nabizadz/Projects/Mahsa/datasets/grid/test/s34/pbwf9n.mpg,132,148,3.8068904876708984,0.9947894381369027
138,6,/home/nabizadz/Projects/Mahsa/datasets/grid/test/s34/pgig5n.mpg,2,18,4.311392307281494,0.9998591162920937
138,7,/home/nabizadz/Projects/Mahsa/datasets/grid/test/s34/lrwv2a.mpg,230,246,4.389934539794922,0.9995060145045326
138,8,/home/nabizadz/Projects/Mahsa/datasets/grid/test/s34/lrin6a.mpg,169,185,2.7247517108917236,0.9845427513784663
138,9,/home/nabizadz/Projects/Mahsa/datasets/grid/test/s34/sbix3n.mpg,157,173,4.229881286621094,0.997676340115111
138,10,/home/nabizadz/Projects/Mahsa/datasets/grid/test/s34/lwbb9n.mpg,84,100,2.6271636486053467,0.9818705500551108
138,11,/home/nabizadz/Projects/Mahsa/datasets/grid/test/s34/bbiu7n.mpg,129,145,2.8680620193481445,0.9671841540454966
138,12,/home/nabizadz/Projects/Mahsa/datasets/grid/test/s34/pram4a.mpg,134,150,3.0973548889160156,0.9596156268554775
138,13,/home/nabizadz/Projects/Mahsa/datasets/grid/test/s34/brbx2s.mpg,194,210,3.753864288330078,0.9917847882329209
138,14,/home/nabizadz/Projects/Mahsa/datasets/grid/test/s34/sbix4s.mpg,255,271,3.8389248847961426,0.9909150870155942
138,15,/home/nabizadz/Projects/Mahsa/datasets/grid/test/s34/sgbgza.mpg,251,267,4.1994805335998535,0.9787275694001546
139,0,/home/nabizadz/Projects/Mahsa/datasets/grid/test/s34/pwwh3p.mpg,260,276,4.304579734802246,0.9956901426047403
139,1,/home/nabizadz/Projects/Mahsa/datasets/grid/test/s34/brwd5p.mpg,183,199,4.074441909790039,0.9890402696856665
139,2,/home/nabizadz/Projects/Mahsa/datasets/grid/test/s34/lbig5p.mpg,178,194,3.9943957328796387,0.9720838897870124
139,3,/home/nabizadz/Projects/Mahsa/datasets/grid/test/s34/pgia3p.mpg,218,234,3.905921459197998,0.9714421492799362
139,4,/home/nabizadz/Projects/Mahsa/datasets/grid/test/s34/pbbf5n.mpg,90,106,2.8067166805267334,0.9712536538691243
139,5,/home/nabizadz/Projects/Mahsa/datasets/grid/test/s34/lbwb3p.mpg,11,27,4.415380477905273,0.9921186799610632
139,6,/home/nabizadz/Projects/Mahsa/datasets/grid/test/s34/lwwv5n.mpg,143,159,3.880613088607788,0.979670405273045
139,7,/home/nabizadz/Projects/Mahsa/datasets/grid/test/s34/brii7p.mpg,101,117,3.324434757232666,0.965588024349146
139,8,/home/nabizadz/Projects/Mahsa/datasets/grid/test/s34/lrau2s.mpg,171,187,3.0663881301879883,0.9862520513909907
139,9,/home/nabizadz/Projects/Mahsa/datasets/grid/test/s34/pgbh6a.mpg,266,282,4.510796070098877,0.9999939348730343
139,10,/home/nabizadz/Projects/Mahsa/datasets/grid/test/s34/bric3p.mpg,197,213,3.785374164581299,0.9687447617690622
139,11,/home/nabizadz/Projects/Mahsa/datasets/grid/test/s34/lgib7n.mpg,30,46,3.8607985973358154,0.9964458393500196
139,12,/home/nabizadz/Projects/Mahsa/datasets/grid/test/s34/pwif9n.mpg,163,179,3.760603189468384,0.9646230491870152
139,13,/home/nabizadz/Projects/Mahsa/datasets/grid/test/s34/pgwb6a.mpg,86,102,2.8907461166381836,0.9680916324897592
139,14,/home/nabizadz/Projects/Mahsa/datasets/grid/test/s34/sbaj9n.mpg,203,219,3.0750246047973633,0.9872968816530759
139,15,/home/nabizadz/Projects/Mahsa/datasets/grid/test/s34/bgbe2s.mpg,264,280,4.325814723968506,0.99754730652105
140,0,/home/nabizadz/Projects/Mahsa/datasets/grid/test/s34/lbag7n.mpg,19,35,4.450844764709473,0.9964802885649371
140,1,/home/nabizadz/Projects/Mahsa/datasets/grid/test/s34/bgid4s.mpg,222,238,3.97503924369812,0.9812792377276572
140,2,/home/nabizadz/Projects/Mahsa/datasets/grid/test/s34/bgwe7p.mpg,254,270,4.154146194458008,0.9632114694189424
140,3,/home/nabizadz/Projects/Mahsa/datasets/grid/test/s34/lwwv8a.mpg,67,83,2.861246347427368,0.958804836448234
140,4,/home/nabizadz/Projects/Mahsa/datasets/grid/test/s34/lwwc5p.mpg,20,36,4.411840438842773,0.9999843137334468
140,5,/home/nabizadz/Projects/Mahsa/datasets/grid/test/s34/bwix2a.mpg,169,185,3.8037164211273193,0.9825308029270559
140,6,/home/nabizadz/Projects/Mahsa/datasets/grid/test/s34/lraoza.mpg,62,78,2.894212007522583,0.9612008550224671
140,7,/home/nabizadz/Projects/Mahsa/datasets/grid/test/s34/pgit4s.mpg,250,266,4.349778652191162,0.9920047348249047
140,8,/home/nabizadz/Projects/Mahsa/datasets/grid/test/s34/pgbn9p.mpg,235,251,3.540966749191284,0.951836374109029
140,9,/home/nabizadz/Projects/Mahsa/datasets/grid/test/s34/lrbo1n.mpg,8,24,4.409087181091309,0.9999876249351114
140,10,/home/nabizadz/Projects/Mahsa/datasets/grid/test/s34/praf7n.mpg,116,132,3.429872989654541,0.9712691108482889
140,11,/home/nabizadz/Projects/Mahsa/datasets/grid/test/s34/pgwb3n.mpg,117,133,3.4750659465789795,0.9892829612175802
140,12,/home/nabizadz/Projects/Mahsa/datasets/grid/test/s34/pbal5n.mpg,73,89,3.1403284072875977,0.9676191831905406
140,13,/home/nabizadz/Projects/Mahsa/datasets/grid/test/s34/srwr9p.mpg,250,266,4.201065540313721,0.9820739799963234
140,14,/home/nabizadz/Projects/Mahsa/datasets/grid/test/s34/sbbe2a.mpg,106,122,2.4193150997161865,0.9784539010305279
140,15,/home/nabizadz/Projects/Mahsa/datasets/grid/test/s34/pbbf8a.mpg,181,197,3.619276523590088,0.9825215979778842
141,0,/home/nabizadz/Projects/Mahsa/datasets/grid/test/s34/lwai2a.mpg,19,35,4.492537498474121,0.9999162844394244
141,1,/home/nabizadz/Projects/Mahsa/datasets/grid/test/s34/pbwm4s.mpg,108,124,3.266702890396118,0.9825704621443658
141,2,/home/nabizadz/Projects/Mahsa/datasets/grid/test/s34/priz5n.mpg,250,266,4.503739833831787,0.99904706215914
141,3,/home/nabizadz/Projects/Mahsa/datasets/grid/test/s34/lwau7n.mpg,59,75,2.699695348739624,0.9510227696427263
141,4,/home/nabizadz/Projects/Mahsa/datasets/grid/test/s34/bwbx7n.mpg,248,264,4.065077781677246,0.9902122917739421
141,5,/home/nabizadz/Projects/Mahsa/datasets/grid/test/s34/bwax3n.mpg,39,55,2.8872029781341553,0.9466469527890217
141,6,/home/nabizadz/Projects/Mahsa/datasets/grid/test/s34/sbaq6a.mpg,100,116,3.5681145191192627,0.9544857689499087
141,7,/home/nabizadz/Projects/Mahsa/datasets/grid/test/s34/pgbh5p.mpg,242,258,4.128631591796875,0.9538900658952121
141,8,/home/nabizadz/Projects/Mahsa/datasets/grid/test/s34/bbio4s.mpg,254,270,3.8739774227142334,0.9968362409341865
141,9,/home/nabizadz/Projects/Mahsa/datasets/grid/test/s34/lrwb7n.mpg,76,92,3.375279188156128,0.980374785328943
141,10,/home/nabizadz/Projects/Mahsa/datasets/grid/test/s34/pwaa1p.mpg,283,299,4.562999725341797,0.9999996330734161
141,11,/home/nabizadz/Projects/Mahsa/datasets/grid/test/s34/bbac1p.mpg,68,84,3.2813029289245605,0.981897718663449
141,12,/home/nabizadz/Projects/Mahsa/datasets/grid/test/s34/bwaq1p.mpg,241,257,3.6581995487213135,0.9691619186012176
141,13,/home/nabizadz/Projects/Mahsa/datasets/grid/test/s34/sgaf5p.mpg,191,207,3.8984601497650146,0.9908756751416681
141,14,/home/nabizadz/Projects/Mahsa/datasets/grid/test/s34/sgbf9p.mpg,256,272,4.020178318023682,0.9921240619974175
141,15,/home/nabizadz/Projects/Mahsa/datasets/grid/test/s34/swie5p.mpg,38,54,3.9851090908050537,0.999926396778944
142,0,/home/nabizadz/Projects/Mahsa/datasets/grid/test/s34/lwwi8s.mpg,211,227,3.4463086128234863,0.9729445686318673
142,1,/home/nabizadz/Projects/Mahsa/datasets/grid/test/s34/bbwp6s.mpg,237,253,4.311424732208252,0.9890691276317611
142,2,/home/nabizadz/Projects/Mahsa/datasets/grid/test/s34/lbbh2s.mpg,216,232,2.980915069580078,0.9509763587212797
142,3,/home/nabizadz/Projects/Mahsa/datasets/grid/test/s34/bbiu9p.mpg,140,156,3.961533784866333,0.98576056598364
142,4,/home/nabizadz/Projects/Mahsa/datasets/grid/test/s34/sbbk6a.mpg,103,119,3.7194464206695557,0.980613894006324
142,5,/home/nabizadz/Projects/Mahsa/datasets/grid/test/s34/bwwy1n.mpg,135,151,3.5299224853515625,0.9756626590451781
142,6,/home/nabizadz/Projects/Mahsa/datasets/grid/test/s34/lria8a.mpg,262,278,4.369004249572754,0.9999722157204503
142,7,/home/nabizadz/Projects/Mahsa/datasets/grid/test/s34/pbaf1n.mpg,256,272,4.455897331237793,0.9999764419896474
142,8,/home/nabizadz/Projects/Mahsa/datasets/grid/test/s34/pgia2s.mpg,26,42,3.93611216545105,0.9916920901449265
142,9,/home/nabizadz/Projects/Mahsa/datasets/grid/test/s34/bbai3n.mpg,193,209,3.8475077152252197,0.9539526000317746
142,10,/home/nabizadz/Projects/Mahsa/datasets/grid/test/s34/pbaz3n.mpg,184,200,3.3790783882141113,0.9582322031321712
142,11,/home/nabizadz/Projects/Mahsa/datasets/grid/test/s34/lgbc7p.mpg,89,105,3.2268903255462646,0.9795999816569476
142,12,/home/nabizadz/Projects/Mahsa/datasets/grid/test/s34/sgal8s.mpg,84,100,3.633317708969116,0.9735100692129166
142,13,/home/nabizadz/Projects/Mahsa/datasets/grid/test/s34/lwau8s.mpg,173,189,3.470747709274292,0.9747191731128435
142,14,/home/nabizadz/Projects/Mahsa/datasets/grid/test/s34/bbio3n.mpg,39,55,3.6686244010925293,0.9591550948056861
142,15,/home/nabizadz/Projects/Mahsa/datasets/grid/test/s34/bgwr3n.mpg,79,95,3.3547565937042236,0.9579430315954864
143,0,/home/nabizadz/Projects/Mahsa/datasets/grid/test/s34/prbm8a.mpg,147,163,2.9947688579559326,0.9549883715204467
143,1,/home/nabizadz/Projects/Mahsa/datasets/grid/test/s34/srik1n.mpg,209,225,3.942861795425415,0.9773934234468631
143,2,/home/nabizadz/Projects/Mahsa/datasets/grid/test/s34/bgij7n.mpg,160,176,3.4475088119506836,0.954659620028165
143,3,/home/nabizadz/Projects/Mahsa/datasets/grid/test/s34/lbaa3n.mpg,143,159,4.0579376220703125,0.9961541572454159
143,4,/home/nabizadz/Projects/Mahsa/datasets/grid/test/s34/bgay1p.mpg,206,222,3.46701979637146,0.960334010464833
143,5,/home/nabizadz/Projects/Mahsa/datasets/grid/test/s34/lgbc5n.mpg,162,178,3.8731307983398438,0.9892377992988073
143,6,/home/nabizadz/Projects/Mahsa/datasets/grid/test/s34/srae1n.mpg,166,182,3.187892436981201,0.9423951190704074
143,7,/home/nabizadz/Projects/Mahsa/datasets/grid/test/s34/lwau9p.mpg,207,223,3.9026153087615967,0.9829268668974956
143,8,/home/nabizadz/Projects/Mahsa/datasets/grid/test/s34/pwwa7n.mpg,21,37,4.34917688369751,0.9998236591990629
143,9,/home/nabizadz/Projects/Mahsa/datasets/grid/test/s34/sray6a.mpg,177,193,4.046570777893066,0.9956232069597601
143,10,/home/nabizadz/Projects/Mahsa/datasets/grid/test/s34/prwg7p.mpg,253,269,3.993450880050659,0.9762068349030587
143,11,/home/nabizadz/Projects/Mahsa/datasets/grid/test/s34/lbbh4a.mpg,157,173,3.9294192790985107,0.9762542167670819
143,12,/home/nabizadz/Projects/Mahsa/datasets/grid/test/s34/lbit2s.mpg,36,52,3.6405344009399414,0.9725917842016488
143,13,/home/nabizadz/Projects/Mahsa/datasets/grid/test/s34/sbby4a.mpg,114,130,3.2806363105773926,0.9708325586340905
143,14,/home/nabizadz/Projects/Mahsa/datasets/grid/test/s34/lbwu5p.mpg,44,60,2.9660589694976807,0.9659278325182609
143,15,/home/nabizadz/Projects/Mahsa/datasets/grid/test/s34/sgbs5n.mpg,233,249,3.9973843097686768,0.984905342680718
144,0,/home/nabizadz/Projects/Mahsa/datasets/grid/test/s34/bbwx1p.mpg,278,294,4.392636299133301,0.9989337295824403
144,1,/home/nabizadz/Projects/Mahsa/datasets/grid/test/s34/sbij6s.mpg,128,144,2.493882417678833,0.9450069870994044
144,2,/home/nabizadz/Projects/Mahsa/datasets/grid/test/s34/sbwy6s.mpg,167,183,3.2277958393096924,0.9751254841307269
144,3,/home/nabizadz/Projects/Mahsa/datasets/grid/test/s34/bwbq3n.mpg,263,279,4.489675998687744,0.9999998560489598
144,4,/home/nabizadz/Projects/Mahsa/datasets/grid/test/s34/bbbc6a.mpg,38,54,3.361492156982422,0.9692290285452935
144,5,/home/nabizadz/Projects/Mahsa/datasets/grid/test/s34/lbbbza.mpg,26,42,3.9932873249053955,0.9930189425268424
144,6,/home/nabizadz/Projects/Mahsa/datasets/grid/test/s34/bbav4a.mpg,97,113,3.255948305130005,0.9608012781741748
144,7,/home/nabizadz/Projects/Mahsa/datasets/grid/test/s34/sbad8a.mpg,21,37,4.235989570617676,0.9920993501021056
144,8,/home/nabizadz/Projects/Mahsa/datasets/grid/test/s34/bgikza.mpg,141,157,3.4352259635925293,0.9851239148928632
144,9,/home/nabizadz/Projects/Mahsa/datasets/grid/test/s34/lgai6s.mpg,128,144,3.3437342643737793,0.9855285903341613
144,10,/home/nabizadz/Projects/Mahsa/datasets/grid/test/s34/bbai4s.mpg,2,18,4.531259536743164,0.9837828451595327
144,11,/home/nabizadz/Projects/Mahsa/datasets/grid/test/s34/lgii1n.mpg,206,222,4.035991191864014,0.9845473239075794
144,12,/home/nabizadz/Projects/Mahsa/datasets/grid/test/s34/sbad7p.mpg,88,104,3.7951819896698,0.9819449624411289
144,13,/home/nabizadz/Projects/Mahsa/datasets/grid/test/s34/pbaz4s.mpg,141,157,3.328580856323242,0.9828033094818326
144,14,/home/nabizadz/Projects/Mahsa/datasets/grid/test/s34/lwiu3n.mpg,106,122,2.6561319828033447,0.978570885248885
144,15,/home/nabizadz/Projects/Mahsa/datasets/grid/test/s34/bbbp3p.mpg,172,188,4.068588733673096,0.9885785106332788
145,0,/home/nabizadz/Projects/Mahsa/datasets/grid/test/s34/bgwe6s.mpg,79,95,3.062232255935669,0.9485490300361651
145,1,/home/nabizadz/Projects/Mahsa/datasets/grid/test/s34/brbdzs.mpg,122,138,3.765326976776123,0.9716000465830973
145,2,/home/nabizadz/Projects/Mahsa/datasets/grid/test/s34/bric2s.mpg,236,252,3.6992058753967285,0.9746333109548825
145,3,/home/nabizadz/Projects/Mahsa/datasets/grid/test/s34/pbie9p.mpg,161,177,3.2491326332092285,0.9698998134598785
145,4,/home/nabizadz/Projects/Mahsa/datasets/grid/test/s34/lrbb4s.mpg,31,47,3.92490816116333,0.9995123075165717
145,5,/home/nabizadz/Projects/Mahsa/datasets/grid/test/s34/lwbi3n.mpg,3,19,4.285523891448975,0.9948193728908681
145,6,/home/nabizadz/Projects/Mahsa/datasets/grid/test/s34/pbar9n.mpg,210,226,3.914062738418579,0.9733729561189223
145,7,/home/nabizadz/Projects/Mahsa/datasets/grid/test/s34/lbwh8a.mpg,217,233,4.3417792320251465,0.9946601882085742
145,8,/home/nabizadz/Projects/Mahsa/datasets/grid/test/s34/lrwo8a.mpg,171,187,3.703630208969116,0.9911053066988832
145,9,/home/nabizadz/Projects/Mahsa/datasets/grid/test/s34/srbr4s.mpg,218,234,3.8184356689453125,0.9686193273281265
145,10,/home/nabizadz/Projects/Mahsa/datasets/grid/test/s34/pbwg2a.mpg,273,289,4.512558937072754,0.9999913705727388
145,11,/home/nabizadz/Projects/Mahsa/datasets/grid/test/s34/bgij9p.mpg,94,110,3.3961832523345947,0.9783829622634415
145,12,/home/nabizadz/Projects/Mahsa/datasets/grid/test/s34/pgwh7n.mpg,99,115,2.4634690284729004,0.9679935410990519
145,13,/home/nabizadz/Projects/Mahsa/datasets/grid/test/s34/swbr9n.mpg,134,150,3.714141368865967,0.9527338232845153
145,14,/home/nabizadz/Projects/Mahsa/datasets/grid/test/s34/pgwu7p.mpg,248,264,4.38053560256958,0.9973447397074271
145,15,/home/nabizadz/Projects/Mahsa/datasets/grid/test/s34/sbwe3n.mpg,217,233,4.008133411407471,0.9748496717526935
146,0,/home/nabizadz/Projects/Mahsa/datasets/grid/test/s34/bbivza.mpg,227,243,4.108428478240967,0.9945482096171843
146,1,/home/nabizadz/Projects/Mahsa/datasets/grid/test/s34/sgif2a.mpg,50,66,4.094748020172119,0.9928873845778278
146,2,/home/nabizadz/Projects/Mahsa/datasets/grid/test/s34/sgifzs.mpg,57,73,2.9030096530914307,0.9661608368744761
146,3,/home/nabizadz/Projects/Mahsa/datasets/grid/test/s34/bbbp1n.mpg,267,283,4.322997093200684,0.9970919906719306
146,4,/home/nabizadz/Projects/Mahsa/datasets/grid/test/s34/bwwk3n.mpg,163,179,3.203690767288208,0.9049335335342401
146,5,/home/nabizadz/Projects/Mahsa/datasets/grid/test/s34/lbbn5n.mpg,222,238,3.4557113647460938,0.9925880912829916
146,6,/home/nabizadz/Projects/Mahsa/datasets/grid/test/s34/sbwy8a.mpg,75,91,3.881465196609497,0.9719692243440985
146,7,/home/nabizadz/Projects/Mahsa/datasets/grid/test/s34/pwwa8s.mpg,135,151,3.033883810043335,0.9523837689629276
146,8,/home/nabizadz/Projects/Mahsa/datasets/grid/test/s34/sgaz6s.mpg,173,189,3.6859288215637207,0.9732110037120603
146,9,/home/nabizadz/Projects/Mahsa/datasets/grid/test/s34/bbbc5p.mpg,110,126,3.436574697494507,0.9864667865653305
146,10,/home/nabizadz/Projects/Mahsa/datasets/grid/test/s34/bwwk5p.mpg,79,95,3.280015707015991,0.9697975868154897
146,11,/home/nabizadz/Projects/Mahsa/datasets/grid/test/s34/lgao9n.mpg,116,132,3.5425779819488525,0.9669258916154659
146,12,/home/nabizadz/Projects/Mahsa/datasets/grid/test/s34/lwbc1p.mpg,19,35,4.342944622039795,0.9999979210096722
146,13,/home/nabizadz/Projects/Mahsa/datasets/grid/test/s34/lbat8a.mpg,4,20,4.298272132873535,0.9991319643836153
146,14,/home/nabizadz/Projects/Mahsa/datasets/grid/test/s34/bbwx2a.mpg,209,225,3.9793601036071777,0.9780253357078451
146,15,/home/nabizadz/Projects/Mahsa/datasets/grid/test/s34/pbal7p.mpg,126,142,3.5098400115966797,0.9842039515107746
147,0,/home/nabizadz/Projects/Mahsa/datasets/grid/test/s34/bbib8a.mpg,228,244,3.930630683898926,0.9836766659040853
147,1,/home/nabizadz/Projects/Mahsa/datasets/grid/test/s34/brbp8s.mpg,253,269,3.841921329498291,0.9758499261918502
147,2,/home/nabizadz/Projects/Mahsa/datasets/grid/test/s34/prif4s.mpg,266,282,4.360805034637451,0.9987980030857093
147,3,/home/nabizadz/Projects/Mahsa/datasets/grid/test/s34/prwt6a.mpg,149,165,3.3523457050323486,0.9744688939206563
147,4,/home/nabizadz/Projects/Mahsa/datasets/grid/test/s34/brwd4s.mpg,40,56,3.1871728897094727,0.9523557553987169
147,5,/home/nabizadz/Projects/Mahsa/datasets/grid/test/s34/srak6s.mpg,3,19,4.401979923248291,0.9997976181353336
147,6,/home/nabizadz/Projects/Mahsa/datasets/grid/test/s34/lria7p.mpg,39,55,4.232297420501709,0.9989291923473015
147,7,/home/nabizadz/Projects/Mahsa/datasets/grid/test/s34/lrit9p.mpg,270,286,4.284633159637451,0.9960822044338219
147,8,/home/nabizadz/Projects/Mahsa/datasets/grid/test/s34/pwat1n.mpg,61,77,2.983799457550049,0.9453235153481941
147,9,/home/nabizadz/Projects/Mahsa/datasets/grid/test/s34/prwt5p.mpg,229,245,3.896900177001953,0.9784202144196953
147,10,/home/nabizadz/Projects/Mahsa/datasets/grid/test/s34/sbij7p.mpg,244,260,4.358718395233154,0.9739300857285854
147,11,/home/nabizadz/Projects/Mahsa/datasets/grid/test/s34/pwbn2s.mpg,8,24,4.476611137390137,0.9999981939518192
147,12,/home/nabizadz/Projects/Mahsa/datasets/grid/test/s34/sgal9p.mpg,51,67,2.553621768951416,0.9636854284558762
147,13,/home/nabizadz/Projects/Mahsa/datasets/grid/test/s34/bgay2a.mpg,259,275,4.411062717437744,0.9935088375566244
147,14,/home/nabizadz/Projects/Mahsa/datasets/grid/test/s34/srwz1n.mpg,217,233,3.8658623695373535,0.97121690922555
147,15,/home/nabizadz/Projects/Mahsa/datasets/grid/test/s34/pwba3n.mpg,230,246,3.728907823562622,0.9668002523703589
148,0,/home/nabizadz/Projects/Mahsa/datasets/grid/test/s34/lgii3p.mpg,15,31,4.481991291046143,0.9997338349824652
148,1,/home/nabizadz/Projects/Mahsa/datasets/grid/test/s34/bbwj2s.mpg,57,73,3.2592923641204834,0.9650886801564611
148,2,/home/nabizadz/Projects/Mahsa/datasets/grid/test/s34/srid9p.mpg,244,260,4.100090026855469,0.9708486906150132
148,3,/home/nabizadz/Projects/Mahsa/datasets/grid/test/s34/bgix6s.mpg,6,22,4.407083511352539,0.9999970152164885
148,4,/home/nabizadz/Projects/Mahsa/datasets/grid/test/s34/pgauza.mpg,213,229,3.9915947914123535,0.9835342262100878
148,5,/home/nabizadz/Projects/Mahsa/datasets/grid/test/s34/lgav3n.mpg,199,215,3.5528297424316406,0.9868959495468268
148,6,/home/nabizadz/Projects/Mahsa/datasets/grid/test/s34/sgbm1n.mpg,48,64,2.6190476417541504,0.9635930726114731
148,7,/home/nabizadz/Projects/Mahsa/datasets/grid/test/s34/lwib1n.mpg,232,248,4.010715484619141,0.9852559894133189
148,8,/home/nabizadz/Projects/Mahsa/datasets/grid/test/s34/pgwb4s.mpg,231,247,3.6233370304107666,0.9669529369765297
148,9,/home/nabizadz/Projects/Mahsa/datasets/grid/test/s34/lgbp3n.mpg,181,197,3.240539789199829,0.9642100198041581
148,10,/home/nabizadz/Projects/Mahsa/datasets/grid/test/s34/pgag9n.mpg,114,130,3.2637076377868652,0.966644141515069
148,11,/home/nabizadz/Projects/Mahsa/datasets/grid/test/s34/bgid3n.mpg,242,258,4.455848217010498,0.9995556494327866
148,12,/home/nabizadz/Projects/Mahsa/datasets/grid/test/s34/sbbq8s.mpg,244,260,4.534899711608887,0.9879122659734388
148,13,/home/nabizadz/Projects/Mahsa/datasets/grid/test/s34/praf9p.mpg,267,283,4.303924560546875,0.9957296221185191
148,14,/home/nabizadz/Projects/Mahsa/datasets/grid/test/s34/pras6s.mpg,184,200,3.9334399700164795,0.9956274789733278
148,15,/home/nabizadz/Projects/Mahsa/datasets/grid/test/s34/srwl4s.mpg,207,223,3.491942882537842,0.9710769364968592
149,0,/home/nabizadz/Projects/Mahsa/datasets/grid/test/s34/pwwuzs.mpg,283,299,4.491450309753418,0.9999586434676413
149,1,/home/nabizadz/Projects/Mahsa/datasets/grid/test/s34/bwij1n.mpg,199,215,3.0969924926757812,0.9369758042977997
149,2,/home/nabizadz/Projects/Mahsa/datasets/grid/test/s34/bgaq7p.mpg,279,295,4.465167999267578,0.9999954020128241
149,3,/home/nabizadz/Projects/Mahsa/datasets/grid/test/s34/lwih5n.mpg,236,252,4.41240930557251,0.9999946434751777
149,4,/home/nabizadz/Projects/Mahsa/datasets/grid/test/s34/lbig6a.mpg,228,244,3.980895757675171,0.9925010990227973
149,5,/home/nabizadz/Projects/Mahsa/datasets/grid/test/s34/bbbv6s.mpg,92,108,3.673847198486328,0.9862287796935685
149,6,/home/nabizadz/Projects/Mahsa/datasets/grid/test/s34/lwib3p.mpg,175,191,3.76584792137146,0.9783872419507854
149,7,/home/nabizadz/Projects/Mahsa/datasets/grid/test/s34/sgbz9n.mpg,72,88,3.653027057647705,0.9805059805331351
149,8,/home/nabizadz/Projects/Mahsa/datasets/grid/test/s34/priz7p.mpg,105,121,3.3540518283843994,0.9810667897546389
149,9,/home/nabizadz/Projects/Mahsa/datasets/grid/test/s34/swwz8s.mpg,268,284,4.43965482711792,0.9999307128076893
149,10,/home/nabizadz/Projects/Mahsa/datasets/grid/test/s34/bgij8s.mpg,215,231,3.8546106815338135,0.9908288727613004
149,11,/home/nabizadz/Projects/Mahsa/datasets/grid/test/s34/lrih1p.mpg,78,94,3.216355562210083,0.9759231226243249
149,12,/home/nabizadz/Projects/Mahsa/datasets/grid/test/s34/bbbi9p.mpg,80,96,3.1865761280059814,0.9814179598765934
149,13,/home/nabizadz/Projects/Mahsa/datasets/grid/test/s34/sgiz1n.mpg,282,298,4.410629749298096,0.9999999778619066
149,14,/home/nabizadz/Projects/Mahsa/datasets/grid/test/s34/bbii2a.mpg,152,168,3.8048923015594482,0.983579941316774
149,15,/home/nabizadz/Projects/Mahsa/datasets/grid/test/s34/lgwj3n.mpg,139,155,3.682523727416992,0.9902903415979227
150,0,/home/nabizadz/Projects/Mahsa/datasets/grid/test/s34/bwaqzs.mpg,10,26,4.451887607574463,0.9999904967054885
150,1,/home/nabizadz/Projects/Mahsa/datasets/grid/test/s34/brwx8a.mpg,268,284,4.082863807678223,0.9964638484677898
150,2,/home/nabizadz/Projects/Mahsa/datasets/grid/test/s34/brwx7p.mpg,219,235,3.990381956100464,0.9817895532355269
150,3,/home/nabizadz/Projects/Mahsa/datasets/grid/test/s34/lbwh6s.mpg,52,68,2.6888530254364014,0.9711288386780295
150,4,/home/nabizadz/Projects/Mahsa/datasets/grid/test/s34/lrbb5p.mpg,9,25,4.474350452423096,0.9999981998597925
150,5,/home/nabizadz/Projects/Mahsa/datasets/grid/test/s34/srby8s.mpg,125,141,3.334594964981079,0.9619627018715124
150,6,/home/nabizadz/Projects/Mahsa/datasets/grid/test/s34/lrah4s.mpg,124,140,3.693140983581543,0.9689543511044062
150,7,/home/nabizadz/Projects/Mahsa/datasets/grid/test/s34/lrbu7p.mpg,5,21,4.496974945068359,0.9999998104992074
150,8,/home/nabizadz/Projects/Mahsa/datasets/grid/test/s34/sgil3n.mpg,268,284,4.456671714782715,0.9986360105141626
150,9,/home/nabizadz/Projects/Mahsa/datasets/grid/test/s34/pram2s.mpg,59,75,2.808690071105957,0.9555124981225601
150,10,/home/nabizadz/Projects/Mahsa/datasets/grid/test/s34/lwah9n.mpg,14,30,4.477235317230225,0.9999735670006825
150,11,/home/nabizadz/Projects/Mahsa/datasets/grid/test/s34/brwj9p.mpg,125,141,3.7283480167388916,0.9874914863427596
150,12,/home/nabizadz/Projects/Mahsa/datasets/grid/test/s34/brwq3p.mpg,201,217,4.013885498046875,0.9742644901919113
150,13,/home/nabizadz/Projects/Mahsa/datasets/grid/test/s34/srwf1p.mpg,60,76,3.0149993896484375,0.9317762530325141
150,14,/home/nabizadz/Projects/Mahsa/datasets/grid/test/s34/bbwp5n.mpg,45,61,3.032701015472412,0.9613056675922439
150,15,/home/nabizadz/Projects/Mahsa/datasets/grid/test/s34/swbs1p.mpg,45,61,3.9877893924713135,0.9937139903788741
151,0,/home/nabizadz/Projects/Mahsa/datasets/grid/test/s34/pwbn3p.mpg,39,55,3.6623573303222656,0.9832889906248348
151,1,/home/nabizadz/Projects/Mahsa/datasets/grid/test/s34/bwip6s.mpg,133,149,2.992431879043579,0.9571048887968077
151,2,/home/nabizadz/Projects/Mahsa/datasets/grid/test/s34/lbat6s.mpg,29,45,4.2721405029296875,0.999998522644698
151,3,/home/nabizadz/Projects/Mahsa/datasets/grid/test/s34/pgahzs.mpg,124,140,3.1111226081848145,0.9598303034720717
151,4,/home/nabizadz/Projects/Mahsa/datasets/grid/test/s34/srwl3n.mpg,177,193,2.4919517040252686,0.9537716691592358
151,5,/home/nabizadz/Projects/Mahsa/datasets/grid/test/s34/pbiy9n.mpg,266,282,4.4657392501831055,0.9998474609506012
151,6,/home/nabizadz/Projects/Mahsa/datasets/grid/test/s34/bgwr4s.mpg,184,200,3.3637747764587402,0.967847179222099
151,7,/home/nabizadz/Projects/Mahsa/datasets/grid/test/s34/pwwt9n.mpg,196,212,3.837096691131592,0.9609131113055294
151,8,/home/nabizadz/Projects/Mahsa/datasets/grid/test/s34/pgbu1n.mpg,146,162,3.441230297088623,0.9761140780481846
151,9,/home/nabizadz/Projects/Mahsa/datasets/grid/test/s34/pwwa9p.mpg,257,273,4.486901760101318,0.9999510112753978
151,10,/home/nabizadz/Projects/Mahsa/datasets/grid/test/s34/brav7n.mpg,46,62,2.773390054702759,0.9667801259175172
151,11,/home/nabizadz/Projects/Mahsa/datasets/grid/test/s34/swbf2s.mpg,118,134,3.514061212539673,0.9861317494303358
151,12,/home/nabizadz/Projects/Mahsa/datasets/grid/test/s34/brbp9p.mpg,79,95,3.73221492767334,0.9660655401289822
151,13,/home/nabizadz/Projects/Mahsa/datasets/grid/test/s34/swiy8a.mpg,96,112,3.557281970977783,0.9893090464047412
151,14,/home/nabizadz/Projects/Mahsa/datasets/grid/test/s34/pgat9p.mpg,114,130,3.8743302822113037,0.9845212427297023
151,15,/home/nabizadz/Projects/Mahsa/datasets/grid/test/s34/pwat3p.mpg,57,73,3.2148311138153076,0.9746295948655386
152,0,/home/nabizadz/Projects/Mahsa/datasets/grid/test/s34/brwd6a.mpg,28,44,4.4537458419799805,0.9862736388951976
152,1,/home/nabizadz/Projects/Mahsa/datasets/grid/test/s34/sbwr4a.mpg,45,61,3.296201467514038,0.978692054382478
152,2,/home/nabizadz/Projects/Mahsa/datasets/grid/test/s34/lbim7n.mpg,96,112,3.463465929031372,0.9607962411957476
152,3,/home/nabizadz/Projects/Mahsa/datasets/grid/test/s34/lwab7p.mpg,245,261,4.298829555511475,0.9657491205877264
152,4,/home/nabizadz/Projects/Mahsa/datasets/grid/test/s34/bbib7p.mpg,236,252,4.292680263519287,0.9992856665350353
152,5,/home/nabizadz/Projects/Mahsa/datasets/grid/test/s34/lrin4s.mpg,260,276,4.541194915771484,0.9999901471835297
152,6,/home/nabizadz/Projects/Mahsa/datasets/grid/test/s34/prwt3n.mpg,91,107,3.335923671722412,0.9760020968812776
152,7,/home/nabizadz/Projects/Mahsa/datasets/grid/test/s34/prwa1n.mpg,13,29,4.458001136779785,0.9819161124588761
152,8,/home/nabizadz/Projects/Mahsa/datasets/grid/test/s34/swir2s.mpg,187,203,2.3272252082824707,0.9735602967066677
152,9,/home/nabizadz/Projects/Mahsa/datasets/grid/test/s34/swar8a.mpg,151,167,3.807465076446533,0.9803241743495669
152,10,/home/nabizadz/Projects/Mahsa/datasets/grid/test/s34/sbid1n.mpg,117,133,3.332643747329712,0.9764589595359929
152,11,/home/nabizadz/Projects/Mahsa/datasets/grid/test/s34/lbwn9n.mpg,254,270,4.394077301025391,0.926261529806331
152,12,/home/nabizadz/Projects/Mahsa/datasets/grid/test/s34/sgil5p.mpg,60,76,2.321807622909546,0.9748598546439226
152,13,/home/nabizadz/Projects/Mahsa/datasets/grid/test/s34/sgbs7p.mpg,132,148,3.0774130821228027,0.9760796412029572
152,14,/home/nabizadz/Projects/Mahsa/datasets/grid/test/s34/lwab6s.mpg,27,43,4.378265380859375,0.9999943507774092
152,15,/home/nabizadz/Projects/Mahsa/datasets/grid/test/s34/lgav4s.mpg,126,142,3.8538620471954346,0.993833044879033
153,0,/home/nabizadz/Projects/Mahsa/datasets/grid/test/s34/bwwd9n.mpg,283,299,4.257218360900879,0.999909456072038
153,1,/home/nabizadz/Projects/Mahsa/datasets/grid/test/s34/pbir6s.mpg,148,164,3.3726415634155273,0.9746955862308384
153,2,/home/nabizadz/Projects/Mahsa/datasets/grid/test/s34/pwwu2a.mpg,201,217,3.6046805381774902,0.9771911103234067
153,3,/home/nabizadz/Projects/Mahsa/datasets/grid/test/s34/lbbh3p.mpg,184,200,3.457174301147461,0.9667459375491576
153,4,/home/nabizadz/Projects/Mahsa/datasets/grid/test/s34/bbab9n.mpg,16,32,4.384326934814453,0.9999551469764413
153,5,/home/nabizadz/Projects/Mahsa/datasets/grid/test/s34/lwbo8s.mpg,109,125,3.503932237625122,0.976943746362911
153,6,/home/nabizadz/Projects/Mahsa/datasets/grid/test/s34/lgac2s.mpg,173,189,3.8332152366638184,0.9851042770576969
153,7,/home/nabizadz/Projects/Mahsa/datasets/grid/test/s34/bgbe1n.mpg,64,80,3.314094066619873,0.9702103437035117
153,8,/home/nabizadz/Projects/Mahsa/datasets/grid/test/s34/briv3n.mpg,259,275,4.476195335388184,0.999924985330327
153,9,/home/nabizadz/Projects/Mahsa/datasets/grid/test/s34/lwbi4s.mpg,86,102,3.428067684173584,0.9804524659268127
153,10,/home/nabizadz/Projects/Mahsa/datasets/grid/test/s34/bbiizs.mpg,215,231,3.982602119445801,0.9727336081467113
153,11,/home/nabizadz/Projects/Mahsa/datasets/grid/test/s34/bgwlzs.mpg,136,152,3.530303478240967,0.9740765928851225
153,12,/home/nabizadz/Projects/Mahsa/datasets/grid/test/s34/lgbc8a.mpg,255,271,4.460017204284668,0.9999998529296841
153,13,/home/nabizadz/Projects/Mahsa/datasets/grid/test/s34/lrab2a.mpg,165,181,3.780561923980713,0.9681546325572565
153,14,/home/nabizadz/Projects/Mahsa/datasets/grid/test/s34/lrin5p.mpg,243,259,3.8958656787872314,0.9518410088130099
153,15,/home/nabizadz/Projects/Mahsa/datasets/grid/test/s34/swiy7p.mpg,205,221,3.664559841156006,0.9606489585457081
154,0,/home/nabizadz/Projects/Mahsa/datasets/grid/test/s34/pris3p.mpg,274,290,4.394583225250244,0.9993038078953372
154,1,/home/nabizadz/Projects/Mahsa/datasets/grid/test/s34/bgbk6s.mpg,95,111,3.4647626876831055,0.9760186726262168
154,2,/home/nabizadz/Projects/Mahsa/datasets/grid/test/s34/bwwq7n.mpg,59,75,2.853522539138794,0.9721099983143124
154,3,/home/nabizadz/Projects/Mahsa/datasets/grid/test/s34/lbwu6a.mpg,238,254,4.443964004516602,0.9999640062645344
154,4,/home/nabizadz/Projects/Mahsa/datasets/grid/test/s34/lbwo2a.mpg,276,292,4.3192973136901855,0.9814588307229477
154,5,/home/nabizadz/Projects/Mahsa/datasets/grid/test/s34/brbc9n.mpg,63,79,3.2659671306610107,0.964931988118119
154,6,/home/nabizadz/Projects/Mahsa/datasets/grid/test/s34/lrwv1p.mpg,108,124,3.451525926589966,0.982280928473904
154,7,/home/nabizadz/Projects/Mahsa/datasets/grid/test/s34/lrah6a.mpg,161,177,4.131196022033691,0.9933044955457144
154,8,/home/nabizadz/Projects/Mahsa/datasets/grid/test/s34/pgin1p.mpg,262,278,4.393734455108643,0.9993955446821431
154,9,/home/nabizadz/Projects/Mahsa/datasets/grid/test/s34/bbbi7n.mpg,31,47,4.516629219055176,0.9855485079393479
154,10,/home/nabizadz/Projects/Mahsa/datasets/grid/test/s34/pwbg9p.mpg,6,22,4.435582160949707,0.9823635922092232
154,11,/home/nabizadz/Projects/Mahsa/datasets/grid/test/s34/pbbs6a.mpg,6,22,4.352417469024658,0.9794224591647893
154,12,/home/nabizadz/Projects/Mahsa/datasets/grid/test/s34/swbz3n.mpg,276,292,4.144413948059082,0.9971707443716413
154,13,/home/nabizadz/Projects/Mahsa/datasets/grid/test/s34/pgbb2a.mpg,133,149,3.1515631675720215,0.9754701902071613
154,14,/home/nabizadz/Projects/Mahsa/datasets/grid/test/s34/brap6a.mpg,138,154,3.688488721847534,0.9627916363129495
154,15,/home/nabizadz/Projects/Mahsa/datasets/grid/test/s34/lrbu8a.mpg,221,237,2.4658594131469727,0.9848761192147869
155,0,/home/nabizadz/Projects/Mahsa/datasets/grid/test/s34/lgbp4s.mpg,261,277,3.6599974632263184,0.9895149825991275
155,1,/home/nabizadz/Projects/Mahsa/datasets/grid/test/s34/brap3n.mpg,7,23,4.482517719268799,0.9973686932909912
155,2,/home/nabizadz/Projects/Mahsa/datasets/grid/test/s34/bgix5n.mpg,252,268,4.044798374176025,0.9990587290200025
155,3,/home/nabizadz/Projects/Mahsa/datasets/grid/test/s34/swbl7p.mpg,196,212,3.7692272663116455,0.9912913055999097
155,4,/home/nabizadz/Projects/Mahsa/datasets/grid/test/s34/swws4s.mpg,224,240,3.693824052810669,0.9736277950881006
155,5,/home/nabizadz/Projects/Mahsa/datasets/grid/test/s34/sgwaza.mpg,22,38,4.467764377593994,0.9999874595599092
155,6,/home/nabizadz/Projects/Mahsa/datasets/grid/test/s34/sgil4s.mpg,180,196,3.6402220726013184,0.9705922145712177
155,7,/home/nabizadz/Projects/Mahsa/datasets/grid/test/s34/brip1p.mpg,204,220,4.030640602111816,0.9857904182878787
155,8,/home/nabizadz/Projects/Mahsa/datasets/grid/test/s34/sbwk8s.mpg,121,137,3.622945547103882,0.979613060617407
155,9,/home/nabizadz/Projects/Mahsa/datasets/grid/test/s34/srwr7n.mpg,105,121,3.566359043121338,0.9772115722473713
155,10,/home/nabizadz/Projects/Mahsa/datasets/grid/test/s34/braj1p.mpg,60,76,2.121769666671753,0.9616085484729094
155,11,/home/nabizadz/Projects/Mahsa/datasets/grid/test/s34/lrwi4a.mpg,25,41,4.381901741027832,0.9996981992405831
155,12,/home/nabizadz/Projects/Mahsa/datasets/grid/test/s34/swbl6s.mpg,131,147,3.34712815284729,0.9863429005366989
155,13,/home/nabizadz/Projects/Mahsa/datasets/grid/test/s34/lbwb4a.mpg,221,237,3.874990701675415,0.984336314198131
155,14,/home/nabizadz/Projects/Mahsa/datasets/grid/test/s34/lban3p.mpg,231,247,4.045544624328613,0.9677891351203485
155,15,/home/nabizadz/Projects/Mahsa/datasets/grid/test/s34/pbal8a.mpg,88,104,3.677509069442749,0.9799954492359698
156,0,/home/nabizadz/Projects/Mahsa/datasets/grid/test/s34/pgia4a.mpg,107,123,3.680467128753662,0.9783889375841723
156,1,/home/nabizadz/Projects/Mahsa/datasets/grid/test/s34/prwg5n.mpg,73,89,3.5715200901031494,0.9818774346506327
156,2,/home/nabizadz/Projects/Mahsa/datasets/grid/test/s34/pgbh3n.mpg,65,81,3.857694387435913,0.9932821325780582
156,3,/home/nabizadz/Projects/Mahsa/datasets/grid/test/s34/swae8s.mpg,28,44,2.6044089794158936,0.9689253520775443
156,4,/home/nabizadz/Projects/Mahsa/datasets/grid/test/s34/lbim9p.mpg,136,152,2.3102495670318604,0.9609248217639916
156,5,/home/nabizadz/Projects/Mahsa/datasets/grid/test/s34/swir3p.mpg,85,101,2.0968432426452637,0.9804771660176352
156,6,/home/nabizadz/Projects/Mahsa/datasets/grid/test/s34/swwf7p.mpg,209,225,3.9744765758514404,0.9660014431629791
156,7,/home/nabizadz/Projects/Mahsa/datasets/grid/test/s34/sray3n.mpg,260,276,4.310423851013184,0.9999937709747994
156,8,/home/nabizadz/Projects/Mahsa/datasets/grid/test/s34/sgwg1n.mpg,229,245,3.6384847164154053,0.9752429065110864
156,9,/home/nabizadz/Projects/Mahsa/datasets/grid/test/s34/pbir8a.mpg,69,85,3.286652088165283,0.9684340145450261
156,10,/home/nabizadz/Projects/Mahsa/datasets/grid/test/s34/pwba6a.mpg,190,206,3.412938117980957,0.9536969183032465
156,11,/home/nabizadz/Projects/Mahsa/datasets/grid/test/s34/bwwe1p.mpg,50,66,2.3017032146453857,0.9494471084256298
156,12,/home/nabizadz/Projects/Mahsa/datasets/grid/test/s34/lrab1p.mpg,265,281,4.503939151763916,0.9816452187453586
156,13,/home/nabizadz/Projects/Mahsa/datasets/grid/test/s34/srbr5p.mpg,146,162,3.531822443008423,0.9864594751701633
156,14,/home/nabizadz/Projects/Mahsa/datasets/grid/test/s34/pbbs3n.mpg,148,164,3.1693594455718994,0.9646437840624472
156,15,/home/nabizadz/Projects/Mahsa/datasets/grid/test/s34/prwn1p.mpg,200,216,3.900132179260254,0.975210393162771
157,0,/home/nabizadz/Projects/Mahsa/datasets/grid/test/s34/pbbz8s.mpg,255,271,3.675893545150757,0.9725047451579559
157,1,/home/nabizadz/Projects/Mahsa/datasets/grid/test/s34/sgaf4s.mpg,227,243,4.489534378051758,0.9999692803284025
157,2,/home/nabizadz/Projects/Mahsa/datasets/grid/test/s34/pbiz1p.mpg,172,188,3.7206177711486816,0.9789753467185276
157,3,/home/nabizadz/Projects/Mahsa/datasets/grid/test/s34/lrwi1n.mpg,254,270,3.819652795791626,0.9228211164398619
157,4,/home/nabizadz/Projects/Mahsa/datasets/grid/test/s34/lrit8s.mpg,170,186,3.292632579803467,0.9818974844853661
157,5,/home/nabizadz/Projects/Mahsa/datasets/grid/test/s34/srbl2a.mpg,192,208,3.8979952335357666,0.986218649292682
157,6,/home/nabizadz/Projects/Mahsa/datasets/grid/test/s34/bgwr5p.mpg,274,290,4.092912673950195,0.9490426485386046
157,7,/home/nabizadz/Projects/Mahsa/datasets/grid/test/s34/lbia1p.mpg,78,94,3.117050886154175,0.9767750923451816
157,8,/home/nabizadz/Projects/Mahsa/datasets/grid/test/s34/lbbh1n.mpg,33,49,4.117337703704834,0.9976540097044339
157,9,/home/nabizadz/Projects/Mahsa/datasets/grid/test/s34/sgwm5n.mpg,36,52,3.867825508117676,0.9872914728449673
157,10,/home/nabizadz/Projects/Mahsa/datasets/grid/test/s34/bgbr1p.mpg,280,296,4.4251837730407715,0.999092548025529
157,11,/home/nabizadz/Projects/Mahsa/datasets/grid/test/s34/bwad1n.mpg,70,86,3.1641931533813477,0.9740113825414211
157,12,/home/nabizadz/Projects/Mahsa/datasets/grid/test/s34/pbbmzs.mpg,130,146,3.2713136672973633,0.9533868820321187
157,13,/home/nabizadz/Projects/Mahsa/datasets/grid/test/s34/lgwd2a.mpg,39,55,3.3709566593170166,0.9838763515471115
157,14,/home/nabizadz/Projects/Mahsa/datasets/grid/test/s34/lbat7p.mpg,49,65,2.2350335121154785,0.9749497895440733
157,15,/home/nabizadz/Projects/Mahsa/datasets/grid/test/s34/bgak3p.mpg,243,259,4.2867608070373535,0.9730483694075518
158,0,/home/nabizadz/Projects/Mahsa/datasets/grid/test/s34/swbl5n.mpg,149,165,3.4032464027404785,0.9721160612219217
158,1,/home/nabizadz/Projects/Mahsa/datasets/grid/test/s34/lrwu9n.mpg,229,245,4.1012372970581055,0.9961780297967049
158,2,/home/nabizadz/Projects/Mahsa/datasets/grid/test/s34/pril7n.mpg,164,180,3.5159988403320312,0.9811602538943692
158,3,/home/nabizadz/Projects/Mahsa/datasets/grid/test/s34/bwax4s.mpg,217,233,3.6709253787994385,0.9698397513357191
158,4,/home/nabizadz/Projects/Mahsa/datasets/grid/test/s34/pbwm3n.mpg,85,101,4.0992631912231445,0.9908017106632842
158,5,/home/nabizadz/Projects/Mahsa/datasets/grid/test/s34/pwwn5n.mpg,160,176,3.60603666305542,0.9865312109317721
158,6,/home/nabizadz/Projects/Mahsa/datasets/grid/test/s34/lwih7p.mpg,269,285,4.3128767013549805,0.9999954677712545
158,7,/home/nabizadz/Projects/Mahsa/datasets/grid/test/s34/pgwu5n.mpg,112,128,2.1067428588867188,0.947481611803308
158,8,/home/nabizadz/Projects/Mahsa/datasets/grid/test/s34/pbaf4a.mpg,151,167,3.783175468444824,0.9840328226552822
158,9,/home/nabizadz/Projects/Mahsa/datasets/grid/test/s34/bbbjza.mpg,112,128,3.5153727531433105,0.9843760637868986
158,10,/home/nabizadz/Projects/Mahsa/datasets/grid/test/s34/brbx3p.mpg,0,16,4.513176918029785,0.9999917571356823
158,11,/home/nabizadz/Projects/Mahsa/datasets/grid/test/s34/prbaza.mpg,198,214,3.2875494956970215,0.9762178939923167
158,12,/home/nabizadz/Projects/Mahsa/datasets/grid/test/s34/sraq9n.mpg,165,181,3.7542412281036377,0.9756413438331625
158,13,/home/nabizadz/Projects/Mahsa/datasets/grid/test/s34/pwwh1n.mpg,26,42,4.386519908905029,0.9995708101222279
158,14,/home/nabizadz/Projects/Mahsa/datasets/grid/test/s34/lwwp4a.mpg,184,200,3.1901395320892334,0.9698057202115592
158,15,/home/nabizadz/Projects/Mahsa/datasets/grid/test/s34/lgib8s.mpg,230,246,3.242913246154785,0.9732952977735033
159,0,/home/nabizadz/Projects/Mahsa/datasets/grid/test/s34/pwis8s.mpg,257,273,4.431277275085449,0.994925715097288
159,1,/home/nabizadz/Projects/Mahsa/datasets/grid/test/s34/pgwiza.mpg,2,18,4.533597946166992,0.9999881110650873
159,2,/home/nabizadz/Projects/Mahsa/datasets/grid/test/s34/srid7n.mpg,230,246,3.6979787349700928,0.9782863220933602
159,3,/home/nabizadz/Projects/Mahsa/datasets/grid/test/s34/srwl5p.mpg,228,244,3.801072835922241,0.9588003581098644
159,4,/home/nabizadz/Projects/Mahsa/datasets/grid/test/s34/sgie9n.mpg,34,50,4.200103759765625,0.9997403761859917
159,5,/home/nabizadz/Projects/Mahsa/datasets/grid/test/s34/swbz4s.mpg,101,117,3.0038578510284424,0.9707150133379168
159,6,/home/nabizadz/Projects/Mahsa/datasets/grid/test/s34/swie6a.mpg,0,16,4.50076961517334,0.9999925453500482
159,7,/home/nabizadz/Projects/Mahsa/datasets/grid/test/s34/bbwdza.mpg,15,31,4.371063709259033,0.9999936242581093
159,8,/home/nabizadz/Projects/Mahsa/datasets/grid/test/s34/pgboza.mpg,244,260,4.392941951751709,0.9999417903523395
159,9,/home/nabizadz/Projects/Mahsa/datasets/grid/test/s34/brwd3n.mpg,214,230,4.033880233764648,0.9802606451339944
159,10,/home/nabizadz/Projects/Mahsa/datasets/grid/test/s34/lwih6s.mpg,183,199,3.4753944873809814,0.9813775577830006
159,11,/home/nabizadz/Projects/Mahsa/datasets/grid/test/s34/lbig4s.mpg,75,91,3.2730395793914795,0.9830945396354591
159,12,/home/nabizadz/Projects/Mahsa/datasets/grid/test/s34/pwim5p.mpg,72,88,3.4697275161743164,0.9851264227530242
159,13,/home/nabizadz/Projects/Mahsa/datasets/grid/test/s34/lbaa4s.mpg,22,38,4.493418216705322,0.9999977908311372
159,14,/home/nabizadz/Projects/Mahsa/datasets/grid/test/s34/lwwi7n.mpg,184,200,3.7049078941345215,0.9779882428343664
159,15,/home/nabizadz/Projects/Mahsa/datasets/grid/test/s34/pwwu1p.mpg,234,250,3.7755329608917236,0.9504074072135624
160,0,/home/nabizadz/Projects/Mahsa/datasets/grid/test/s34/bgaeza.mpg,57,73,2.8209571838378906,0.962639355461761
160,1,/home/nabizadz/Projects/Mahsa/datasets/grid/test/s34/lwbczs.mpg,221,237,3.145630359649658,0.9856981138508591
160,2,/home/nabizadz/Projects/Mahsa/datasets/grid/test/s34/bbbc3n.mpg,54,70,2.993062734603882,0.9574601147541538
160,3,/home/nabizadz/Projects/Mahsa/datasets/grid/test/s34/bgix8a.mpg,36,52,3.1082093715667725,0.9484106749958647
160,4,/home/nabizadz/Projects/Mahsa/datasets/grid/test/s34/bgad7n.mpg,255,271,4.501250267028809,0.9963233800225335
160,5,/home/nabizadz/Projects/Mahsa/datasets/grid/test/s34/pwis9p.mpg,49,65,3.131094455718994,0.9249617836746395
160,6,/home/nabizadz/Projects/Mahsa/datasets/grid/test/s34/bgwe5n.mpg,167,183,3.4254677295684814,0.977264703209319
160,7,/home/nabizadz/Projects/Mahsa/datasets/grid/test/s34/bwaj5n.mpg,215,231,3.3132576942443848,0.9388399445288909
160,8,/home/nabizadz/Projects/Mahsa/datasets/grid/test/s34/lgiv1p.mpg,84,100,3.6657731533050537,0.9764374187018717
160,9,/home/nabizadz/Projects/Mahsa/datasets/grid/test/s34/lwbpza.mpg,87,103,3.6200056076049805,0.978976351391356
160,10,/home/nabizadz/Projects/Mahsa/datasets/grid/test/s34/lrwi2s.mpg,156,172,3.9751312732696533,0.9857151462075278
160,11,/home/nabizadz/Projects/Mahsa/datasets/grid/test/s34/lgivzs.mpg,284,300,4.457019329071045,0.9999690426561312
160,12,/home/nabizadz/Projects/Mahsa/datasets/grid/test/s34/brap4s.mpg,169,185,3.064741373062134,0.9738585410583036
160,13,/home/nabizadz/Projects/Mahsa/datasets/grid/test/s34/swafza.mpg,160,176,3.7365097999572754,0.9915614360921652
160,14,/home/nabizadz/Projects/Mahsa/datasets/grid/test/s34/srby9p.mpg,220,236,3.7521376609802246,0.9591957979000897
160,15,/home/nabizadz/Projects/Mahsa/datasets/grid/test/s34/swar6s.mpg,100,116,3.24651837348938,0.9722572599568491
161,0,/home/nabizadz/Projects/Mahsa/datasets/grid/test/s34/sbby1n.mpg,27,43,3.952562093734741,0.9999216214161255
161,1,/home/nabizadz/Projects/Mahsa/datasets/grid/test/s34/swir4a.mpg,24,40,4.460546970367432,0.9846774247157583
161,2,/home/nabizadz/Projects/Mahsa/datasets/grid/test/s34/bwij2s.mpg,91,107,3.4385550022125244,0.9853583662639861
161,3,/home/nabizadz/Projects/Mahsa/datasets/grid/test/s34/lbbn8a.mpg,74,90,3.392693519592285,0.9783158300252508
161,4,/home/nabizadz/Projects/Mahsa/datasets/grid/test/s34/pbbl9n.mpg,276,292,4.306159496307373,0.960506489826915
161,5,/home/nabizadz/Projects/Mahsa/datasets/grid/test/s34/bgby4s.mpg,126,142,3.338496685028076,0.9809454709321267
161,6,/home/nabizadz/Projects/Mahsa/datasets/grid/test/s34/brav8s.mpg,4,20,4.412694454193115,0.9999621403402008
161,7,/home/nabizadz/Projects/Mahsa/datasets/grid/test/s34/lwio2a.mpg,53,69,1.9974831342697144,0.9745315333373934
161,8,/home/nabizadz/Projects/Mahsa/datasets/grid/test/s34/sriq8a.mpg,253,269,4.338253498077393,0.9990564189683295
161,9,/home/nabizadz/Projects/Mahsa/datasets/grid/test/s34/pris2s.mpg,62,78,3.962942600250244,0.9941575713290357
161,10,/home/nabizadz/Projects/Mahsa/datasets/grid/test/s34/lbwh5n.mpg,250,266,3.909560203552246,0.9899061074883916
161,11,/home/nabizadz/Projects/Mahsa/datasets/grid/test/s34/bwbx8s.mpg,29,45,4.383677959442139,0.999887243678415
161,12,/home/nabizadz/Projects/Mahsa/datasets/grid/test/s34/sgbf8s.mpg,138,154,3.0507895946502686,0.9769822593652815
161,13,/home/nabizadz/Projects/Mahsa/datasets/grid/test/s34/bgbk8a.mpg,212,228,3.5398852825164795,0.9783148275922048
161,14,/home/nabizadz/Projects/Mahsa/datasets/grid/test/s34/lwab5n.mpg,160,176,2.5177416801452637,0.96612381397968
161,15,/home/nabizadz/Projects/Mahsa/datasets/grid/test/s34/lrbo4a.mpg,76,92,2.882349729537964,0.9569925902782105
162,0,/home/nabizadz/Projects/Mahsa/datasets/grid/test/s34/bbaczs.mpg,224,240,3.270936965942383,0.9664085428624107
162,1,/home/nabizadz/Projects/Mahsa/datasets/grid/test/s34/bgby5p.mpg,236,252,3.8996007442474365,0.9641751986844476
162,2,/home/nabizadz/Projects/Mahsa/datasets/grid/test/s34/lwib4a.mpg,85,101,3.353487968444824,0.9733820549362339
162,3,/home/nabizadz/Projects/Mahsa/datasets/grid/test/s34/pbbf7p.mpg,152,168,3.3235647678375244,0.9988780339581006
162,4,/home/nabizadz/Projects/Mahsa/datasets/grid/test/s34/lban4a.mpg,28,44,3.47294545173645,0.9872137910285856
162,5,/home/nabizadz/Projects/Mahsa/datasets/grid/test/s34/lrwb9p.mpg,85,101,3.4550654888153076,0.9894312590085306
162,6,/home/nabizadz/Projects/Mahsa/datasets/grid/test/s34/bgak1n.mpg,254,270,4.359319686889648,0.8933232664349652
162,7,/home/nabizadz/Projects/Mahsa/datasets/grid/test/s34/pgwu8a.mpg,168,184,3.3643791675567627,0.9668621117770307
162,8,/home/nabizadz/Projects/Mahsa/datasets/grid/test/s34/lwbv4a.mpg,135,151,3.552290678024292,0.9916697934727989
162,9,/home/nabizadz/Projects/Mahsa/datasets/grid/test/s34/pbas1p.mpg,185,201,3.942946672439575,0.971243914265465
162,10,/home/nabizadz/Projects/Mahsa/datasets/grid/test/s34/pgit6a.mpg,25,41,4.336705207824707,0.9997233990057239
162,11,/home/nabizadz/Projects/Mahsa/datasets/grid/test/s34/pram1n.mpg,124,140,3.259443759918213,0.9799547001595236
162,12,/home/nabizadz/Projects/Mahsa/datasets/grid/test/s34/brbj6a.mpg,204,220,3.803619384765625,0.9689533893810074
162,13,/home/nabizadz/Projects/Mahsa/datasets/grid/test/s34/pgwo1n.mpg,89,105,3.440094470977783,0.9608526889780086
162,14,/home/nabizadz/Projects/Mahsa/datasets/grid/test/s34/lbiazs.mpg,184,200,3.8539748191833496,0.9870452689460134
162,15,/home/nabizadz/Projects/Mahsa/datasets/grid/test/s34/sbakzs.mpg,26,42,4.239038944244385,0.970060741097738
163,0,/home/nabizadz/Projects/Mahsa/datasets/grid/test/s34/bbai6a.mpg,6,22,4.339218616485596,0.9999240322047361
163,1,/home/nabizadz/Projects/Mahsa/datasets/grid/test/s34/lbbuzs.mpg,135,151,3.8737313747406006,0.9862437756568029
163,2,/home/nabizadz/Projects/Mahsa/datasets/grid/test/s34/bwixzs.mpg,214,230,3.763867139816284,0.9784505845236113
163,3,/home/nabizadz/Projects/Mahsa/datasets/grid/test/s34/srieza.mpg,260,276,3.7337751388549805,0.9820106334086406
163,4,/home/nabizadz/Projects/Mahsa/datasets/grid/test/s34/lwib2s.mpg,247,263,3.800657033920288,0.9896345701331853
163,5,/home/nabizadz/Projects/Mahsa/datasets/grid/test/s34/srbr6a.mpg,133,149,2.8415937423706055,0.9581081207011394
163,6,/home/nabizadz/Projects/Mahsa/datasets/grid/test/s34/lraa9n.mpg,12,28,4.416326999664307,0.9982659614539414
163,7,/home/nabizadz/Projects/Mahsa/datasets/grid/test/s34/bbwc8s.mpg,117,133,3.8251724243164062,0.9978002864703092
163,8,/home/nabizadz/Projects/Mahsa/datasets/grid/test/s34/lrbh8s.mpg,125,141,3.4129154682159424,0.9707948838979544
163,9,/home/nabizadz/Projects/Mahsa/datasets/grid/test/s34/bwbx9p.mpg,210,226,3.7849347591400146,0.9541934081518193
163,10,/home/nabizadz/Projects/Mahsa/datasets/grid/test/s34/sgaz7p.mpg,259,275,4.484786510467529,0.9998332923996792
163,11,/home/nabizadz/Projects/Mahsa/datasets/grid/test/s34/pbizzs.mpg,43,59,3.433291435241699,0.9700321343589725
163,12,/home/nabizadz/Projects/Mahsa/datasets/grid/test/s34/lbig3n.mpg,157,173,3.7046425342559814,0.9802847251336468
163,13,/home/nabizadz/Projects/Mahsa/datasets/grid/test/s34/pbir7p.mpg,229,245,3.979994773864746,0.9784827852160127
163,14,/home/nabizadz/Projects/Mahsa/datasets/grid/test/s34/prbs9n.mpg,159,175,3.570915460586548,0.9728140964657246
163,15,/home/nabizadz/Projects/Mahsa/datasets/grid/test/s34/lwbo9p.mpg,253,269,4.102142333984375,0.9862139858718104
164,0,/home/nabizadz/Projects/Mahsa/datasets/grid/test/s34/lbit4a.mpg,89,105,3.5827157497406006,0.9560708392354786
164,1,/home/nabizadz/Projects/Mahsa/datasets/grid/test/s34/srblzs.mpg,85,101,4.084109306335449,0.9983131719995223
164,2,/home/nabizadz/Projects/Mahsa/datasets/grid/test/s34/lwao5p.mpg,250,266,4.320207595825195,0.9989386301216792
164,3,/home/nabizadz/Projects/Mahsa/datasets/grid/test/s34/lgbxza.mpg,106,122,3.160029888153076,0.9726553262597609
164,4,/home/nabizadz/Projects/Mahsa/datasets/grid/test/s34/pgin2a.mpg,118,134,3.858092784881592,0.9745402689483118
164,5,/home/nabizadz/Projects/Mahsa/datasets/grid/test/s34/sbbe1p.mpg,129,145,3.25169038772583,0.9733607688678132
164,6,/home/nabizadz/Projects/Mahsa/datasets/grid/test/s34/bwic7n.mpg,24,40,3.232884645462036,0.9525617727275538
164,7,/home/nabizadz/Projects/Mahsa/datasets/grid/test/s34/pgbu2s.mpg,19,35,4.247805118560791,0.9995673057687597
164,8,/home/nabizadz/Projects/Mahsa/datasets/grid/test/s34/bbwc7n.mpg,30,46,3.07194447517395,0.9166717895165064
164,9,/home/nabizadz/Projects/Mahsa/datasets/grid/test/s34/braj2a.mpg,92,108,3.7175240516662598,0.9689325494811064
164,10,/home/nabizadz/Projects/Mahsa/datasets/grid/test/s34/pgba9n.mpg,128,144,3.1451799869537354,0.9556427896657979
164,11,/home/nabizadz/Projects/Mahsa/datasets/grid/test/s34/srwsza.mpg,227,243,3.7541966438293457,0.9856162207513761
164,12,/home/nabizadz/Projects/Mahsa/datasets/grid/test/s34/primza.mpg,191,207,3.281888723373413,0.9670867752744946
164,13,/home/nabizadz/Projects/Mahsa/datasets/grid/test/s34/bgak2s.mpg,183,199,3.783400774002075,0.9845404930184414
164,14,/home/nabizadz/Projects/Mahsa/datasets/grid/test/s34/prwa3p.mpg,192,208,3.8739500045776367,0.9725754455302011
164,15,/home/nabizadz/Projects/Mahsa/datasets/grid/test/s34/pwbt6s.mpg,183,199,4.067438125610352,0.9958856596208491
165,0,/home/nabizadz/Projects/Mahsa/datasets/grid/test/s34/prbg3p.mpg,196,212,3.9374947547912598,0.9837460464677329
165,1,/home/nabizadz/Projects/Mahsa/datasets/grid/test/s34/srar1p.mpg,247,263,3.7794883251190186,0.976878097941602
165,2,/home/nabizadz/Projects/Mahsa/datasets/grid/test/s34/swal3p.mpg,134,150,3.529170036315918,0.9906962239483954
165,3,/home/nabizadz/Projects/Mahsa/datasets/grid/test/s34/lwiu6a.mpg,119,135,3.591449499130249,0.9839674281329025
165,4,/home/nabizadz/Projects/Mahsa/datasets/grid/test/s34/bbbv5n.mpg,251,267,3.7869131565093994,0.9958617435096563
165,5,/home/nabizadz/Projects/Mahsa/datasets/grid/test/s34/swiy5n.mpg,82,98,3.5952186584472656,0.9818641946083905
165,6,/home/nabizadz/Projects/Mahsa/datasets/grid/test/s34/bgwy9p.mpg,161,177,3.789360284805298,0.9701284839076304
165,7,/home/nabizadz/Projects/Mahsa/datasets/grid/test/s34/pwat4a.mpg,122,138,3.1931943893432617,0.9560896693575769
165,8,/home/nabizadz/Projects/Mahsa/datasets/grid/test/s34/sbaq5p.mpg,27,43,4.0221123695373535,0.9997732986013903
165,9,/home/nabizadz/Projects/Mahsa/datasets/grid/test/s34/bgiq1n.mpg,121,137,3.5241003036499023,0.9755204043601319
165,10,/home/nabizadz/Projects/Mahsa/datasets/grid/test/s34/srbl1p.mpg,29,45,4.357631206512451,0.9999531375753767
165,11,/home/nabizadz/Projects/Mahsa/datasets/grid/test/s34/bbav3p.mpg,99,115,3.7934556007385254,0.954872136296797
165,12,/home/nabizadz/Projects/Mahsa/datasets/grid/test/s34/bripzs.mpg,49,65,2.7975518703460693,0.8881318684685331
165,13,/home/nabizadz/Projects/Mahsa/datasets/grid/test/s34/sbbq9p.mpg,74,90,3.3396096229553223,0.9758778077295975
165,14,/home/nabizadz/Projects/Mahsa/datasets/grid/test/s34/bgiq3p.mpg,215,231,3.805314779281616,0.9734044212676783
165,15,/home/nabizadz/Projects/Mahsa/datasets/grid/test/s34/pgat7n.mpg,202,218,3.9256536960601807,0.995347101229734
166,0,/home/nabizadz/Projects/Mahsa/datasets/grid/test/s34/bwbd8a.mpg,155,171,3.5581777095794678,0.9816682915815446
166,1,/home/nabizadz/Projects/Mahsa/datasets/grid/test/s34/pgan3n.mpg,121,137,3.209887981414795,0.9656551683322222
166,2,/home/nabizadz/Projects/Mahsa/datasets/grid/test/s34/lrwb8s.mpg,244,260,3.7623467445373535,0.9637423891555973
166,3,/home/nabizadz/Projects/Mahsa/datasets/grid/test/s34/swwf5n.mpg,274,290,4.480122089385986,0.999996166127711
166,4,/home/nabizadz/Projects/Mahsa/datasets/grid/test/s34/srid8s.mpg,267,283,4.250443935394287,0.90238354649219
166,5,/home/nabizadz/Projects/Mahsa/datasets/grid/test/s34/bgwe8a.mpg,223,239,3.8649606704711914,0.9933986162104018
166,6,/home/nabizadz/Projects/Mahsa/datasets/grid/test/s34/pbwgzs.mpg,155,171,3.54402494430542,0.9747891623687859
166,7,/home/nabizadz/Projects/Mahsa/datasets/grid/test/s34/sbwr1n.mpg,46,62,4.150738716125488,0.999991478767151
166,8,/home/nabizadz/Projects/Mahsa/datasets/grid/test/s34/prbg1n.mpg,72,88,3.3781838417053223,0.9799604720726804
166,9,/home/nabizadz/Projects/Mahsa/datasets/grid/test/s34/sbwe5p.mpg,268,284,4.284400939941406,0.9974917445540377
166,10,/home/nabizadz/Projects/Mahsa/datasets/grid/test/s34/bbwv9n.mpg,167,183,3.832927942276001,0.9681322571360743
166,11,/home/nabizadz/Projects/Mahsa/datasets/grid/test/s34/sgwm8a.mpg,132,148,3.7396154403686523,0.9869457940505324
166,12,/home/nabizadz/Projects/Mahsa/datasets/grid/test/s34/pbas2a.mpg,284,300,4.349612712860107,0.9819755626805685
166,13,/home/nabizadz/Projects/Mahsa/datasets/grid/test/s34/swar7p.mpg,272,288,4.417331218719482,0.9999103307596552
166,14,/home/nabizadz/Projects/Mahsa/datasets/grid/test/s34/swaz1p.mpg,49,65,4.503737449645996,0.9986314671708945
166,15,/home/nabizadz/Projects/Mahsa/datasets/grid/test/s34/sbax9p.mpg,237,253,3.5998919010162354,0.9774872730446321
167,0,/home/nabizadz/Projects/Mahsa/datasets/grid/test/s34/prif3n.mpg,99,115,2.9826533794403076,0.9589225484441538
167,1,/home/nabizadz/Projects/Mahsa/datasets/grid/test/s34/sbad6s.mpg,39,55,3.4898147583007812,0.9772531154818117
167,2,/home/nabizadz/Projects/Mahsa/datasets/grid/test/s34/swbz5p.mpg,252,268,3.9851956367492676,0.9859626012680851
167,3,/home/nabizadz/Projects/Mahsa/datasets/grid/test/s34/lbit1n.mpg,253,269,4.292366981506348,0.9999098798618936
167,4,/home/nabizadz/Projects/Mahsa/datasets/grid/test/s34/sbby2s.mpg,93,109,3.416996717453003,0.9770097196319723
167,5,/home/nabizadz/Projects/Mahsa/datasets/grid/test/s34/prbg4a.mpg,99,115,3.4615139961242676,0.9877921200423551
167,6,/home/nabizadz/Projects/Mahsa/datasets/grid/test/s34/lbinza.mpg,28,44,4.268830299377441,0.991723361003035
167,7,/home/nabizadz/Projects/Mahsa/datasets/grid/test/s34/lwbv1n.mpg,90,106,3.5551693439483643,0.9836433719384687
167,8,/home/nabizadz/Projects/Mahsa/datasets/grid/test/s34/bbih9n.mpg,271,287,3.9086437225341797,0.9943903822994637
167,9,/home/nabizadz/Projects/Mahsa/datasets/grid/test/s34/pgig7p.mpg,157,173,3.6912477016448975,0.9891569498478325
167,10,/home/nabizadz/Projects/Mahsa/datasets/grid/test/s34/prwa2s.mpg,46,62,1.9916064739227295,0.9489286246614691
167,11,/home/nabizadz/Projects/Mahsa/datasets/grid/test/s34/lgac3p.mpg,141,157,2.6967568397521973,0.9425838833921115
167,12,/home/nabizadz/Projects/Mahsa/datasets/grid/test/s34/lgbj2a.mpg,175,191,3.7154035568237305,0.9833662492403228
167,13,/home/nabizadz/Projects/Mahsa/datasets/grid/test/s34/pgig6s.mpg,102,118,3.0734667778015137,0.9522838970888285
167,14,/home/nabizadz/Projects/Mahsa/datasets/grid/test/s34/pwat2s.mpg,276,292,4.389839172363281,0.999701699908609
167,15,/home/nabizadz/Projects/Mahsa/datasets/grid/test/s34/sgiz4a.mpg,257,273,4.2812700271606445,0.9999822347493019
168,0,/home/nabizadz/Projects/Mahsa/datasets/grid/test/s34/lgii2s.mpg,6,22,4.380152702331543,0.9999946704461586
168,1,/home/nabizadz/Projects/Mahsa/datasets/grid/test/s34/swbszs.mpg,248,264,3.8296122550964355,0.9855105709979607
168,2,/home/nabizadz/Projects/Mahsa/datasets/grid/test/s34/sbwy7p.mpg,254,270,4.282257556915283,0.9999753819429332
168,3,/home/nabizadz/Projects/Mahsa/datasets/grid/test/s34/pbws8s.mpg,161,177,3.9109606742858887,0.9584395689780386
168,4,/home/nabizadz/Projects/Mahsa/datasets/grid/test/s34/lban1n.mpg,83,99,3.5103304386138916,0.9767355806076906
168,5,/home/nabizadz/Projects/Mahsa/datasets/grid/test/s34/lwwc3n.mpg,3,19,4.408614635467529,0.9909005898654406
168,6,/home/nabizadz/Projects/Mahsa/datasets/grid/test/s34/sgal7n.mpg,202,218,3.102647542953491,0.976080605921745
168,7,/home/nabizadz/Projects/Mahsa/datasets/grid/test/s34/prbt1p.mpg,156,172,3.501965045928955,0.9802157397048635
168,8,/home/nabizadz/Projects/Mahsa/datasets/grid/test/s34/lgac1n.mpg,48,64,3.5841526985168457,0.990318979612019
168,9,/home/nabizadz/Projects/Mahsa/datasets/grid/test/s34/swws3n.mpg,21,37,3.8748483657836914,0.9776065491142858
168,10,/home/nabizadz/Projects/Mahsa/datasets/grid/test/s34/lrbb3n.mpg,18,34,4.393617153167725,0.9999800109616294
168,11,/home/nabizadz/Projects/Mahsa/datasets/grid/test/s34/bwaj6s.mpg,262,278,4.372673988342285,0.9999994675760067
168,12,/home/nabizadz/Projects/Mahsa/datasets/grid/test/s34/lbwu3n.mpg,22,38,4.251599311828613,0.998348361009799
168,13,/home/nabizadz/Projects/Mahsa/datasets/grid/test/s34/lgwx4a.mpg,281,297,4.35571813583374,0.9990997227037413
168,14,/home/nabizadz/Projects/Mahsa/datasets/grid/test/s34/swwm2a.mpg,214,230,3.3933334350585938,0.9703525410875212
168,15,/home/nabizadz/Projects/Mahsa/datasets/grid/test/s34/lgiv2a.mpg,82,98,2.6318466663360596,0.9566280706663796
169,0,/home/nabizadz/Projects/Mahsa/datasets/grid/test/s34/swws6a.mpg,101,117,3.4831912517547607,0.9814473676997189
169,1,/home/nabizadz/Projects/Mahsa/datasets/grid/test/s34/lwab8a.mpg,198,214,3.969696283340454,0.9917985705046359
169,2,/home/nabizadz/Projects/Mahsa/datasets/grid/test/s34/pbaszs.mpg,9,25,2.5931849479675293,0.9803008937111891
169,3,/home/nabizadz/Projects/Mahsa/datasets/grid/test/s34/lgio8a.mpg,131,147,3.547792434692383,0.9837854280489738
169,4,/home/nabizadz/Projects/Mahsa/datasets/grid/test/s34/lban2s.mpg,209,225,2.5284135341644287,0.9530275546942668
169,5,/home/nabizadz/Projects/Mahsa/datasets/grid/test/s34/pwag4s.mpg,97,113,3.8379321098327637,0.9852012998745165
169,6,/home/nabizadz/Projects/Mahsa/datasets/grid/test/s34/lrbh7n.mpg,102,118,3.134133815765381,0.969698348383406
169,7,/home/nabizadz/Projects/Mahsa/datasets/grid/test/s34/sbiq1p.mpg,55,71,2.884309768676758,0.9633683291970164
169,8,/home/nabizadz/Projects/Mahsa/datasets/grid/test/s34/bgix7p.mpg,6,22,4.341314315795898,0.9999879213526517
169,9,/home/nabizadz/Projects/Mahsa/datasets/grid/test/s34/pras7p.mpg,256,272,4.421727657318115,0.9999284721162841
169,10,/home/nabizadz/Projects/Mahsa/datasets/grid/test/s34/swws5p.mpg,53,69,3.27085542678833,0.9736029961596933
169,11,/home/nabizadz/Projects/Mahsa/datasets/grid/test/s34/lbahza.mpg,197,213,3.429715394973755,0.9751909031733714
169,12,/home/nabizadz/Projects/Mahsa/datasets/grid/test/s34/bgbrzs.mpg,24,40,3.0902698040008545,0.968927924894294
169,13,/home/nabizadz/Projects/Mahsa/datasets/grid/test/s34/pbil3p.mpg,245,261,4.060144901275635,0.9781662823408768
169,14,/home/nabizadz/Projects/Mahsa/datasets/grid/test/s34/sbid2s.mpg,177,193,3.1598331928253174,0.9162519074307001
169,15,/home/nabizadz/Projects/Mahsa/datasets/grid/test/s34/pwigzs.mpg,176,192,3.7196478843688965,0.977721802920839
170,0,/home/nabizadz/Projects/Mahsa/datasets/grid/test/s34/bwwq8s.mpg,237,253,4.398301601409912,0.9793728634801809
170,1,/home/nabizadz/Projects/Mahsa/datasets/grid/test/s34/lbwo1p.mpg,129,145,2.96772837638855,0.9658797586545064
170,2,/home/nabizadz/Projects/Mahsa/datasets/grid/test/s34/sgbs8a.mpg,53,69,3.3009164333343506,0.9625475080846151
170,3,/home/nabizadz/Projects/Mahsa/datasets/grid/test/s34/sgwm7p.mpg,59,75,3.405148506164551,0.9573558867707762
170,4,/home/nabizadz/Projects/Mahsa/datasets/grid/test/s34/pgan4s.mpg,210,226,3.7815208435058594,0.9700310114508524
170,5,/home/nabizadz/Projects/Mahsa/datasets/grid/test/s34/srik3p.mpg,69,85,3.424530029296875,0.9910748689007565
170,6,/home/nabizadz/Projects/Mahsa/datasets/grid/test/s34/srik2s.mpg,247,263,4.45694637298584,0.9998294705974546
170,7,/home/nabizadz/Projects/Mahsa/datasets/grid/test/s34/swie4s.mpg,57,73,3.0956244468688965,0.9509293011257802
170,8,/home/nabizadz/Projects/Mahsa/datasets/grid/test/s34/bwbyza.mpg,134,150,3.5272748470306396,0.982368342422572
170,9,/home/nabizadz/Projects/Mahsa/datasets/grid/test/s34/pgit3n.mpg,142,158,3.322849750518799,0.9450042386699598
170,10,/home/nabizadz/Projects/Mahsa/datasets/grid/test/s34/pgit5p.mpg,251,267,4.239621639251709,0.9842419566175798
170,11,/home/nabizadz/Projects/Mahsa/datasets/grid/test/s34/bgaq8a.mpg,231,247,4.420349597930908,0.9999965764247809
170,12,/home/nabizadz/Projects/Mahsa/datasets/grid/test/s34/sgwt1p.mpg,121,137,3.360316276550293,0.972674540392529
170,13,/home/nabizadz/Projects/Mahsa/datasets/grid/test/s34/bwbd7p.mpg,254,270,4.287474155426025,0.9790333750526986
170,14,/home/nabizadz/Projects/Mahsa/datasets/grid/test/s34/sgwt2a.mpg,279,295,4.517003536224365,0.9999140338734146
170,15,/home/nabizadz/Projects/Mahsa/datasets/grid/test/s34/lgiu9n.mpg,178,194,3.7266125679016113,0.9577464770672142
171,0,/home/nabizadz/Projects/Mahsa/datasets/grid/test/s34/lgav6a.mpg,123,139,3.457873582839966,0.9652754233820667
171,1,/home/nabizadz/Projects/Mahsa/datasets/grid/test/s34/bgad8s.mpg,196,212,4.039708137512207,0.9903977110154683
171,2,/home/nabizadz/Projects/Mahsa/datasets/grid/test/s34/lbwozs.mpg,172,188,4.208248615264893,0.986520606531668
171,3,/home/nabizadz/Projects/Mahsa/datasets/grid/test/s34/lwwp3p.mpg,14,30,4.37754487991333,0.9999957951990728
171,4,/home/nabizadz/Projects/Mahsa/datasets/grid/test/s34/sbaq4s.mpg,250,266,3.978829860687256,0.9960984420467431
171,5,/home/nabizadz/Projects/Mahsa/datasets/grid/test/s34/pbwg1p.mpg,255,271,4.3225860595703125,0.9826705830796839
171,6,/home/nabizadz/Projects/Mahsa/datasets/grid/test/s34/lwwi9p.mpg,148,164,3.5541043281555176,0.9638723690621437
171,7,/home/nabizadz/Projects/Mahsa/datasets/grid/test/s34/prif5p.mpg,196,212,3.6419677734375,0.9780309903228392
171,8,/home/nabizadz/Projects/Mahsa/datasets/grid/test/s34/srbe7p.mpg,161,177,3.255418062210083,0.9633664532507377
171,9,/home/nabizadz/Projects/Mahsa/datasets/grid/test/s34/lgai7p.mpg,6,22,4.438858509063721,0.9999148219830829
171,10,/home/nabizadz/Projects/Mahsa/datasets/grid/test/s34/lbbn6s.mpg,282,298,4.279169082641602,0.9993852639136316
171,11,/home/nabizadz/Projects/Mahsa/datasets/grid/test/s34/bwwe2a.mpg,200,216,3.3381459712982178,0.9828048565596205
171,12,/home/nabizadz/Projects/Mahsa/datasets/grid/test/s34/lrau1n.mpg,167,183,2.70483660697937,0.9544547717179168
171,13,/home/nabizadz/Projects/Mahsa/datasets/grid/test/s34/bwax6a.mpg,47,63,3.537106513977051,0.9717041575975468
171,14,/home/nabizadz/Projects/Mahsa/datasets/grid/test/s34/bgbk7p.mpg,209,225,3.7212963104248047,0.9851782200038052
171,15,/home/nabizadz/Projects/Mahsa/datasets/grid/test/s34/lbbn7p.mpg,102,118,3.4961061477661133,0.9848130343155397
172,0,/home/nabizadz/Projects/Mahsa/datasets/grid/test/s34/swbs2a.mpg,49,65,3.142524242401123,0.9758809824157921
172,1,/home/nabizadz/Projects/Mahsa/datasets/grid/test/s34/swwm1p.mpg,121,137,3.5569334030151367,0.9812523410007218
172,2,/home/nabizadz/Projects/Mahsa/datasets/grid/test/s34/lbwu4s.mpg,24,40,4.3615312576293945,0.9999989610046162
172,3,/home/nabizadz/Projects/Mahsa/datasets/grid/test/s34/srwz2s.mpg,123,139,2.426264762878418,0.9722510379041375
172,4,/home/nabizadz/Projects/Mahsa/datasets/grid/test/s34/pgim9n.mpg,43,59,3.453923225402832,0.9673769612437663
172,5,/home/nabizadz/Projects/Mahsa/datasets/grid/test/s34/lgwx2s.mpg,24,40,4.289041519165039,0.9998805638560447
172,6,/home/nabizadz/Projects/Mahsa/datasets/grid/test/s34/sbbk5p.mpg,39,55,3.849604606628418,0.9900139946667444
172,7,/home/nabizadz/Projects/Mahsa/datasets/grid/test/s34/lwao3n.mpg,173,189,2.5026559829711914,0.9718948643132761
172,8,/home/nabizadz/Projects/Mahsa/datasets/grid/test/s34/srbr3n.mpg,114,130,3.996140956878662,0.9921890568853833
172,9,/home/nabizadz/Projects/Mahsa/datasets/grid/test/s34/sbby3p.mpg,128,144,3.207066774368286,0.97533467569121
172,10,/home/nabizadz/Projects/Mahsa/datasets/grid/test/s34/sbid4a.mpg,220,236,3.7801454067230225,0.9720700347094116
172,11,/home/nabizadz/Projects/Mahsa/datasets/grid/test/s34/swbf1n.mpg,172,188,3.6993584632873535,0.9874601855662581
172,12,/home/nabizadz/Projects/Mahsa/datasets/grid/test/s34/pwis7n.mpg,38,54,3.825303077697754,0.9712256438256283
172,13,/home/nabizadz/Projects/Mahsa/datasets/grid/test/s34/sbwe4s.mpg,89,105,3.6220600605010986,0.9678487411692114
172,14,/home/nabizadz/Projects/Mahsa/datasets/grid/test/s34/brbj4s.mpg,194,210,3.363403797149658,0.9786537970914374
172,15,/home/nabizadz/Projects/Mahsa/datasets/grid/test/s34/lgbv7n.mpg,88,104,2.7104663848876953,0.9766338400893916
173,0,/home/nabizadz/Projects/Mahsa/datasets/grid/test/s34/lbbt9n.mpg,42,58,2.5250277519226074,0.9863354931102354
173,1,/home/nabizadz/Projects/Mahsa/datasets/grid/test/s34/brbd2a.mpg,41,57,3.7120001316070557,0.9703513313705606
173,2,/home/nabizadz/Projects/Mahsa/datasets/grid/test/s34/bbiu8s.mpg,165,181,3.772277355194092,0.9982913101584939
173,3,/home/nabizadz/Projects/Mahsa/datasets/grid/test/s34/sriy1p.mpg,202,218,3.949490547180176,0.9667999566571139
173,4,/home/nabizadz/Projects/Mahsa/datasets/grid/test/s34/swae9p.mpg,84,100,3.278533458709717,0.9730838310650167
173,5,/home/nabizadz/Projects/Mahsa/datasets/grid/test/s34/brav9p.mpg,240,256,3.2261650562286377,0.9394592563986984
173,6,/home/nabizadz/Projects/Mahsa/datasets/grid/test/s34/lwwp2s.mpg,66,82,3.247222423553467,0.9811348985470291
173,7,/home/nabizadz/Projects/Mahsa/datasets/grid/test/s34/pwwn8a.mpg,224,240,4.0863142013549805,0.9627141483934268
173,8,/home/nabizadz/Projects/Mahsa/datasets/grid/test/s34/lwin9n.mpg,39,55,3.8669638633728027,0.9865495066300777
173,9,/home/nabizadz/Projects/Mahsa/datasets/grid/test/s34/lgib9p.mpg,283,299,4.337652206420898,0.9876383680281139
173,10,/home/nabizadz/Projects/Mahsa/datasets/grid/test/s34/bwaj7p.mpg,101,117,3.9048612117767334,0.9911381411843792
173,11,/home/nabizadz/Projects/Mahsa/datasets/grid/test/s34/pril9p.mpg,184,200,3.4688034057617188,0.9843035866361219
173,12,/home/nabizadz/Projects/Mahsa/datasets/grid/test/s34/bwbq6a.mpg,55,71,2.965392827987671,0.9575635921056824
173,13,/home/nabizadz/Projects/Mahsa/datasets/grid/test/s34/brac5n.mpg,193,209,3.6321370601654053,0.9715837812074384
173,14,/home/nabizadz/Projects/Mahsa/datasets/grid/test/s34/bric4a.mpg,252,268,4.500086784362793,0.9909255311608548
173,15,/home/nabizadz/Projects/Mahsa/datasets/grid/test/s34/sgaf6a.mpg,183,199,3.6551132202148438,0.9779620344204997
174,0,/home/nabizadz/Projects/Mahsa/datasets/grid/test/s34/bbai5p.mpg,256,272,4.069754123687744,0.9825009635236303
174,1,/home/nabizadz/Projects/Mahsa/datasets/grid/test/s34/pgbbzs.mpg,215,231,3.737218141555786,0.9891962589718823
174,2,/home/nabizadz/Projects/Mahsa/datasets/grid/test/s34/bwax5p.mpg,24,40,4.299946308135986,0.999960402427244
174,3,/home/nabizadz/Projects/Mahsa/datasets/grid/test/s34/sriq6s.mpg,154,170,3.3921852111816406,0.954727061769011
174,4,/home/nabizadz/Projects/Mahsa/datasets/grid/test/s34/bwix1p.mpg,158,174,2.5219199657440186,0.9729458392420295
174,5,/home/nabizadz/Projects/Mahsa/datasets/grid/test/s34/lrbo3p.mpg,110,126,3.51037859916687,0.9896791091008749
174,6,/home/nabizadz/Projects/Mahsa/datasets/grid/test/s34/lgwj5p.mpg,269,285,4.359765529632568,0.9944020653271279
174,7,/home/nabizadz/Projects/Mahsa/datasets/grid/test/s34/briv4s.mpg,208,224,3.820657968521118,0.9663926113813539
174,8,/home/nabizadz/Projects/Mahsa/datasets/grid/test/s34/sgil6a.mpg,142,158,3.5405800342559814,0.9658663281058426
174,9,/home/nabizadz/Projects/Mahsa/datasets/grid/test/s34/bwbk1p.mpg,10,26,4.4326558113098145,0.9999961670916603
174,10,/home/nabizadz/Projects/Mahsa/datasets/grid/test/s34/pram3p.mpg,81,97,3.3784966468811035,0.976023714329237
174,11,/home/nabizadz/Projects/Mahsa/datasets/grid/test/s34/bbao7n.mpg,236,252,4.426692008972168,0.9659258220984511
174,12,/home/nabizadz/Projects/Mahsa/datasets/grid/test/s34/bgayzs.mpg,183,199,4.003418922424316,0.9837265691171987
174,13,/home/nabizadz/Projects/Mahsa/datasets/grid/test/s34/lbba8s.mpg,60,76,3.5132906436920166,0.9800319833158156
174,14,/home/nabizadz/Projects/Mahsa/datasets/grid/test/s34/pwbg8s.mpg,50,66,2.795227289199829,0.9730644348282189
174,15,/home/nabizadz/Projects/Mahsa/datasets/grid/test/s34/sgwg3p.mpg,186,202,3.6697440147399902,0.9593101048980683
175,0,/home/nabizadz/Projects/Mahsa/datasets/grid/test/s34/pgaa7p.mpg,270,286,4.38542366027832,0.9999646531217671
175,1,/home/nabizadz/Projects/Mahsa/datasets/grid/test/s34/pwwn7p.mpg,282,298,4.038830280303955,0.9466171076359534
175,2,/home/nabizadz/Projects/Mahsa/datasets/grid/test/s34/bbib5n.mpg,155,171,3.657773733139038,0.9917851840496898
175,3,/home/nabizadz/Projects/Mahsa/datasets/grid/test/s34/lrbiza.mpg,191,207,4.035632133483887,0.9752525186168072
175,4,/home/nabizadz/Projects/Mahsa/datasets/grid/test/s34/pgwu6s.mpg,275,291,4.408878326416016,0.9999771555413659
175,5,/home/nabizadz/Projects/Mahsa/datasets/grid/test/s34/sgir8s.mpg,158,174,4.029817581176758,0.9850541556052151
175,6,/home/nabizadz/Projects/Mahsa/datasets/grid/test/s34/swwz7n.mpg,187,203,3.8061938285827637,0.9817660387831335
175,7,/home/nabizadz/Projects/Mahsa/datasets/grid/test/s34/praz9n.mpg,81,97,3.481429100036621,0.9782929095100428
175,8,/home/nabizadz/Projects/Mahsa/datasets/grid/test/s34/lbaa6a.mpg,221,237,4.453977584838867,0.9996883383317522
175,9,/home/nabizadz/Projects/Mahsa/datasets/grid/test/s34/lgwqza.mpg,148,164,3.3382294178009033,0.9772031781384785
175,10,/home/nabizadz/Projects/Mahsa/datasets/grid/test/s34/lrig9n.mpg,61,77,2.175367832183838,0.947737135827025
175,11,/home/nabizadz/Projects/Mahsa/datasets/grid/test/s34/bwbq5p.mpg,25,41,3.519604206085205,0.9747462001083298
175,12,/home/nabizadz/Projects/Mahsa/datasets/grid/test/s34/pgaa5n.mpg,249,265,3.8645966053009033,0.9761526073510612
175,13,/home/nabizadz/Projects/Mahsa/datasets/grid/test/s34/lgai8a.mpg,29,45,4.097951412200928,0.9981977362269073
175,14,/home/nabizadz/Projects/Mahsa/datasets/grid/test/s34/pwim3n.mpg,71,87,3.6536929607391357,0.9935547365461175
175,15,/home/nabizadz/Projects/Mahsa/datasets/grid/test/s34/sbak1p.mpg,246,262,3.7070019245147705,0.9725235598243154
176,0,/home/nabizadz/Projects/Mahsa/datasets/grid/test/s34/pwbg7n.mpg,245,261,3.8508834838867188,0.9920709241080574
176,1,/home/nabizadz/Projects/Mahsa/datasets/grid/test/s34/lgwdzs.mpg,23,39,4.331526279449463,0.999999923485587
176,2,/home/nabizadz/Projects/Mahsa/datasets/grid/test/s34/sbwr2s.mpg,217,233,3.306748151779175,0.9496889897608431
176,3,/home/nabizadz/Projects/Mahsa/datasets/grid/test/s34/lwiozs.mpg,106,122,3.8128695487976074,0.974692618938696
176,4,/home/nabizadz/Projects/Mahsa/datasets/grid/test/s34/srae4a.mpg,252,268,4.482804298400879,0.999835499251531
176,5,/home/nabizadz/Projects/Mahsa/datasets/grid/test/s34/prbm6s.mpg,189,205,3.765394926071167,0.9548952574623997
176,6,/home/nabizadz/Projects/Mahsa/datasets/grid/test/s34/srae2s.mpg,147,163,3.48018479347229,0.9531249846340051
176,7,/home/nabizadz/Projects/Mahsa/datasets/grid/test/s34/sbid3p.mpg,106,122,3.704753875732422,0.9720496244155417
176,8,/home/nabizadz/Projects/Mahsa/datasets/grid/test/s34/pwwn6s.mpg,72,88,3.1424832344055176,0.9784028254739698
176,9,/home/nabizadz/Projects/Mahsa/datasets/grid/test/s34/pbbf6s.mpg,169,185,3.7724251747131348,0.9878853645125426
176,10,/home/nabizadz/Projects/Mahsa/datasets/grid/test/s34/swwl9n.mpg,121,137,3.1488749980926514,0.945469866548462
176,11,/home/nabizadz/Projects/Mahsa/datasets/grid/test/s34/lrah5p.mpg,71,87,1.771520733833313,0.955711195349804
176,12,/home/nabizadz/Projects/Mahsa/datasets/grid/test/s34/lgwj6a.mpg,49,65,2.2974987030029297,0.9643278135153357
176,13,/home/nabizadz/Projects/Mahsa/datasets/grid/test/s34/bbwj3p.mpg,44,60,3.373324394226074,0.9462087273225742
176,14,/home/nabizadz/Projects/Mahsa/datasets/grid/test/s34/brwq4a.mpg,268,284,4.426547050476074,0.9953573669395609
176,15,/home/nabizadz/Projects/Mahsa/datasets/grid/test/s34/lgap1p.mpg,250,266,4.318082809448242,0.9924158743327833
177,0,/home/nabizadz/Projects/Mahsa/datasets/grid/test/s34/srak7p.mpg,197,213,2.787658452987671,0.9916445138156335
177,1,/home/nabizadz/Projects/Mahsa/datasets/grid/test/s34/bgwl2a.mpg,239,255,4.466470241546631,0.9859109113342955
177,2,/home/nabizadz/Projects/Mahsa/datasets/grid/test/s34/prbtzs.mpg,116,132,3.47052264213562,0.9639486186938876
177,3,/home/nabizadz/Projects/Mahsa/datasets/grid/test/s34/pgbn8s.mpg,214,230,3.304286479949951,0.9495808200499015
177,4,/home/nabizadz/Projects/Mahsa/datasets/grid/test/s34/pbws7n.mpg,66,82,3.3772425651550293,0.9759620618451553
177,5,/home/nabizadz/Projects/Mahsa/datasets/grid/test/s34/sbbd9n.mpg,166,182,3.4037740230560303,0.9558819222516514
177,6,/home/nabizadz/Projects/Mahsa/datasets/grid/test/s34/bwbq4s.mpg,36,52,3.9588003158569336,0.9914309771537131
177,7,/home/nabizadz/Projects/Mahsa/datasets/grid/test/s34/bwwrza.mpg,20,36,3.0540733337402344,0.9648223687745968
177,8,/home/nabizadz/Projects/Mahsa/datasets/grid/test/s34/bwij4a.mpg,10,26,4.393778324127197,0.9999882169714631
177,9,/home/nabizadz/Projects/Mahsa/datasets/grid/test/s34/bbwxzs.mpg,183,199,3.910860538482666,0.9821192972996674
177,10,/home/nabizadz/Projects/Mahsa/datasets/grid/test/s34/lbaa5p.mpg,113,129,2.3831424713134766,0.9786526789258199
177,11,/home/nabizadz/Projects/Mahsa/datasets/grid/test/s34/bwad2s.mpg,107,123,3.0222582817077637,0.9801546136554024
177,12,/home/nabizadz/Projects/Mahsa/datasets/grid/test/s34/lran9p.mpg,236,252,4.242177963256836,0.9809912526906394
177,13,/home/nabizadz/Projects/Mahsa/datasets/grid/test/s34/lwbv3p.mpg,185,201,3.412588119506836,0.975481690775356
177,14,/home/nabizadz/Projects/Mahsa/datasets/grid/test/s34/pbwm5p.mpg,79,95,3.6035196781158447,0.9749214764700432
177,15,/home/nabizadz/Projects/Mahsa/datasets/grid/test/s34/bgid5p.mpg,158,174,3.4576175212860107,0.982486071080427
178,0,/home/nabizadz/Projects/Mahsa/datasets/grid/test/s34/sriyzs.mpg,35,51,3.2701454162597656,0.9959372488060412
178,1,/home/nabizadz/Projects/Mahsa/datasets/grid/test/s34/lgbv8s.mpg,222,238,3.702211380004883,0.9679449778408773
178,2,/home/nabizadz/Projects/Mahsa/datasets/grid/test/s34/lrbo2s.mpg,132,148,3.6915650367736816,0.9834820224356107
178,3,/home/nabizadz/Projects/Mahsa/datasets/grid/test/s34/bric1n.mpg,100,116,3.7017500400543213,0.9720610058394826
178,4,/home/nabizadz/Projects/Mahsa/datasets/grid/test/s34/prwn2a.mpg,83,99,3.1913273334503174,0.9863895097908204
178,5,/home/nabizadz/Projects/Mahsa/datasets/grid/test/s34/swbz6a.mpg,15,31,4.494951248168945,0.998990952867242
178,6,/home/nabizadz/Projects/Mahsa/datasets/grid/test/s34/swik9p.mpg,145,161,3.447111129760742,0.9690947099022774
178,7,/home/nabizadz/Projects/Mahsa/datasets/grid/test/s34/lwwc4s.mpg,267,283,4.413599491119385,0.999942756803038
178,8,/home/nabizadz/Projects/Mahsa/datasets/grid/test/s34/brio9n.mpg,151,167,3.21398663520813,0.9704116574983733
178,9,/home/nabizadz/Projects/Mahsa/datasets/grid/test/s34/bbwj4a.mpg,209,225,3.8176157474517822,0.9838925173791008
178,10,/home/nabizadz/Projects/Mahsa/datasets/grid/test/s34/brac7p.mpg,81,97,3.6186749935150146,0.9770656114425692
178,11,/home/nabizadz/Projects/Mahsa/datasets/grid/test/s34/pbie8s.mpg,16,32,4.4438276290893555,0.9923471330666527
178,12,/home/nabizadz/Projects/Mahsa/datasets/grid/test/s34/lwao6a.mpg,253,269,4.40020751953125,0.9999757355373965
178,13,/home/nabizadz/Projects/Mahsa/datasets/grid/test/s34/swbl8a.mpg,218,234,3.85198974609375,0.9843904473716123
178,14,/home/nabizadz/Projects/Mahsa/datasets/grid/test/s34/lrau4a.mpg,188,204,3.2875466346740723,0.9435393677713348
178,15,/home/nabizadz/Projects/Mahsa/datasets/grid/test/s34/sbij8a.mpg,255,271,3.8670654296875,0.9948172307460543
179,0,/home/nabizadz/Projects/Mahsa/datasets/grid/test/s34/pris1n.mpg,167,183,3.7298035621643066,0.9766140913879428
179,1,/home/nabizadz/Projects/Mahsa/datasets/grid/test/s34/srarzs.mpg,207,223,4.07841157913208,0.9953211596618823
179,2,/home/nabizadz/Projects/Mahsa/datasets/grid/test/s34/swal4a.mpg,1,17,4.465757846832275,0.9999974135922816
179,3,/home/nabizadz/Projects/Mahsa/datasets/grid/test/s34/pgwo3p.mpg,44,60,2.739588499069214,0.9699858994869638
179,4,/home/nabizadz/Projects/Mahsa/datasets/grid/test/s34/swilza.mpg,65,81,3.282741069793701,0.9692322492310773
179,5,/home/nabizadz/Projects/Mahsa/datasets/grid/test/s34/lwaizs.mpg,234,250,3.879376173019409,0.9657077861072216
179,6,/home/nabizadz/Projects/Mahsa/datasets/grid/test/s34/pbbz9p.mpg,260,276,4.314489841461182,0.9987849421865519
179,7,/home/nabizadz/Projects/Mahsa/datasets/grid/test/s34/sriy2a.mpg,187,203,3.743649959564209,0.9701906079996271
179,8,/home/nabizadz/Projects/Mahsa/datasets/grid/test/s34/pgwh8s.mpg,138,154,2.801417589187622,0.9768995137145519
179,9,/home/nabizadz/Projects/Mahsa/datasets/grid/test/s34/lbit3p.mpg,274,290,4.32797384262085,0.9996934781238745
179,10,/home/nabizadz/Projects/Mahsa/datasets/grid/test/s34/pwitza.mpg,53,69,2.772592067718506,0.9655044593494442
179,11,/home/nabizadz/Projects/Mahsa/datasets/grid/test/s34/pras5n.mpg,28,44,3.8539509773254395,0.9897603893651645
179,12,/home/nabizadz/Projects/Mahsa/datasets/grid/test/s34/bbwc9p.mpg,256,272,4.3156962394714355,0.978163672374198
179,13,/home/nabizadz/Projects/Mahsa/datasets/grid/test/s34/swwf8a.mpg,243,259,4.3577985763549805,0.9995771860348088
179,14,/home/nabizadz/Projects/Mahsa/datasets/grid/test/s34/brac6s.mpg,200,216,3.9656119346618652,0.9872376184251473
179,15,/home/nabizadz/Projects/Mahsa/datasets/grid/test/s34/pwanza.mpg,225,241,3.7957258224487305,0.9781149565307774
180,0,/home/nabizadz/Projects/Mahsa/datasets/grid/test/s34/bwbj9n.mpg,116,132,3.1337337493896484,0.9639633831357884
180,1,/home/nabizadz/Projects/Mahsa/datasets/grid/test/s34/bgwy7n.mpg,90,106,3.1277005672454834,0.9679869852019726
180,2,/home/nabizadz/Projects/Mahsa/datasets/grid/test/s34/briv6a.mpg,101,117,3.8622281551361084,0.9690455343874353
180,3,/home/nabizadz/Projects/Mahsa/datasets/grid/test/s34/bgwy8s.mpg,91,107,3.315286636352539,0.9474471546216631
180,4,/home/nabizadz/Projects/Mahsa/datasets/grid/test/s34/lgbp5p.mpg,194,210,3.9409706592559814,0.986316823461584
180,5,/home/nabizadz/Projects/Mahsa/datasets/grid/test/s34/lrbb6a.mpg,257,273,3.7930150032043457,0.9832929707155491
180,6,/home/nabizadz/Projects/Mahsa/datasets/grid/test/s34/lwiu5p.mpg,63,79,2.138420343399048,0.9590128514320723
180,7,/home/nabizadz/Projects/Mahsa/datasets/grid/test/s34/brbqza.mpg,199,215,3.9182469844818115,0.9799152020926568
180,8,/home/nabizadz/Projects/Mahsa/datasets/grid/test/s34/bwiv9n.mpg,133,149,3.098665475845337,0.95069203972349
180,9,/home/nabizadz/Projects/Mahsa/datasets/grid/test/s34/sgbm3p.mpg,203,219,3.5514442920684814,0.982433845303761
180,10,/home/nabizadz/Projects/Mahsa/datasets/grid/test/s34/bgwk9n.mpg,272,288,4.483913421630859,0.9996143794931399
180,11,/home/nabizadz/Projects/Mahsa/datasets/grid/test/s34/pgwh9p.mpg,171,187,3.19280743598938,0.9792600209805253
180,12,/home/nabizadz/Projects/Mahsa/datasets/grid/test/s34/sgaz8a.mpg,82,98,3.901979684829712,0.9629347876101543
180,13,/home/nabizadz/Projects/Mahsa/datasets/grid/test/s34/bgak4a.mpg,2,18,4.51197624206543,0.9689309316188558
180,14,/home/nabizadz/Projects/Mahsa/datasets/grid/test/s34/pbwm6a.mpg,47,63,3.077913284301758,0.956254504146562
180,15,/home/nabizadz/Projects/Mahsa/datasets/grid/test/s34/lgai5n.mpg,167,183,3.907733917236328,0.9896572296016887
181,0,/home/nabizadz/Projects/Mahsa/datasets/grid/test/s34/srwz4a.mpg,228,244,4.356728553771973,0.9999083236376183
181,1,/home/nabizadz/Projects/Mahsa/datasets/grid/test/s34/srwz3p.mpg,282,298,4.006832122802734,0.9986882816402181
181,2,/home/nabizadz/Projects/Mahsa/datasets/grid/test/s34/prwg8a.mpg,3,19,4.4365410804748535,0.9993588876415715
181,3,/home/nabizadz/Projects/Mahsa/datasets/grid/test/s34/bwap9n.mpg,177,193,3.773806095123291,0.9647036394046691
181,4,/home/nabizadz/Projects/Mahsa/datasets/grid/test/s34/srix9n.mpg,101,117,3.660468101501465,0.9700103775911707
181,5,/home/nabizadz/Projects/Mahsa/datasets/grid/test/s34/pbbs5p.mpg,219,235,2.65973162651062,0.9737343601793862
181,6,/home/nabizadz/Projects/Mahsa/datasets/grid/test/s34/pbifza.mpg,175,191,3.6146976947784424,0.9699889377175404
181,7,/home/nabizadz/Projects/Mahsa/datasets/grid/test/s34/lgap2a.mpg,73,89,3.295358180999756,0.9815271651114175
181,8,/home/nabizadz/Projects/Mahsa/datasets/grid/test/s34/bwwy3p.mpg,250,266,4.434962749481201,0.9981704209154577
181,9,/home/nabizadz/Projects/Mahsa/datasets/grid/test/s34/brap5p.mpg,140,156,2.823643445968628,0.9659138841826116
181,10,/home/nabizadz/Projects/Mahsa/datasets/grid/test/s34/lrbh9p.mpg,36,52,4.342976093292236,0.9863076074407289
181,11,/home/nabizadz/Projects/Mahsa/datasets/grid/test/s34/prwm9n.mpg,155,171,3.118931531906128,0.9562452534722669
181,12,/home/nabizadz/Projects/Mahsa/datasets/grid/test/s34/lrin3n.mpg,57,73,2.3705763816833496,0.9512060738344095
181,13,/home/nabizadz/Projects/Mahsa/datasets/grid/test/s34/swazzs.mpg,186,202,3.8186521530151367,0.98121450180973
181,14,/home/nabizadz/Projects/Mahsa/datasets/grid/test/s34/brwq2s.mpg,158,174,3.723797082901001,0.9622829792849978
181,15,/home/nabizadz/Projects/Mahsa/datasets/grid/test/s34/lbbu1p.mpg,64,80,2.708334445953369,0.9776959559183561
182,0,/home/nabizadz/Projects/Mahsa/datasets/grid/test/s34/swie3n.mpg,220,236,3.9158811569213867,0.9793860021966545
182,1,/home/nabizadz/Projects/Mahsa/datasets/grid/test/s34/pgbu3p.mpg,269,285,4.38325834274292,0.9992601134847582
182,2,/home/nabizadz/Projects/Mahsa/datasets/grid/test/s34/srwr8s.mpg,203,219,4.075375080108643,0.9679760734377594
182,3,/home/nabizadz/Projects/Mahsa/datasets/grid/test/s34/sbbk3n.mpg,209,225,3.5597455501556396,0.9734216629688844
182,4,/home/nabizadz/Projects/Mahsa/datasets/grid/test/s34/lwbo7n.mpg,256,272,4.288514137268066,0.9910910042684611
182,5,/home/nabizadz/Projects/Mahsa/datasets/grid/test/s34/bbwp8a.mpg,24,40,4.2457804679870605,0.999807978159731
182,6,/home/nabizadz/Projects/Mahsa/datasets/grid/test/s34/sgir9p.mpg,179,195,2.1475930213928223,0.9275404932108056
182,7,/home/nabizadz/Projects/Mahsa/datasets/grid/test/s34/swar5n.mpg,52,68,2.9938623905181885,0.9669270871517991
182,8,/home/nabizadz/Projects/Mahsa/datasets/grid/test/s34/sgiz2s.mpg,143,159,3.0655040740966797,0.9546725083161101
182,9,/home/nabizadz/Projects/Mahsa/datasets/grid/test/s34/bgbe4a.mpg,130,146,3.7067718505859375,0.9826623532875489
182,10,/home/nabizadz/Projects/Mahsa/datasets/grid/test/s34/bgbq9n.mpg,114,130,3.1431217193603516,0.9618442879669739
182,11,/home/nabizadz/Projects/Mahsa/datasets/grid/test/s34/sgir7n.mpg,176,192,3.629591941833496,0.9742860581423823
182,12,/home/nabizadz/Projects/Mahsa/datasets/grid/test/s34/brwq1n.mpg,62,78,3.3096837997436523,0.9749522614051832
182,13,/home/nabizadz/Projects/Mahsa/datasets/grid/test/s34/bbwj1n.mpg,117,133,3.476951837539673,0.9765384291763816
182,14,/home/nabizadz/Projects/Mahsa/datasets/grid/test/s34/pbal6s.mpg,215,231,4.515697002410889,0.9891571055799286
182,15,/home/nabizadz/Projects/Mahsa/datasets/grid/test/s34/brbp7n.mpg,88,104,3.5473389625549316,0.9812503870112402
183,0,/home/nabizadz/Projects/Mahsa/datasets/grid/test/s34/prwnzs.mpg,147,163,3.63568377494812,0.9745038950856814
183,1,/home/nabizadz/Projects/Mahsa/datasets/grid/test/s34/swbf4a.mpg,257,273,4.451934814453125,0.9999930360617701
183,2,/home/nabizadz/Projects/Mahsa/datasets/grid/test/s34/lgio6s.mpg,70,86,2.4863133430480957,0.968355815880169
183,3,/home/nabizadz/Projects/Mahsa/datasets/grid/test/s34/bwwk4s.mpg,93,109,3.285123586654663,0.9761909545333035
183,4,/home/nabizadz/Projects/Mahsa/datasets/grid/test/s34/lran8s.mpg,191,207,3.4861629009246826,0.9473890244723276
183,5,/home/nabizadz/Projects/Mahsa/datasets/grid/test/s34/lwwjza.mpg,152,168,3.6565916538238525,0.9810790750822389
183,6,/home/nabizadz/Projects/Mahsa/datasets/grid/test/s34/pgat8s.mpg,99,115,3.20978045463562,0.9714328762999975
183,7,/home/nabizadz/Projects/Mahsa/datasets/grid/test/s34/sway9n.mpg,97,113,3.503418207168579,0.975604540403369
183,8,/home/nabizadz/Projects/Mahsa/datasets/grid/test/s34/lgio5n.mpg,103,119,3.787553071975708,0.9863506644765647
183,9,/home/nabizadz/Projects/Mahsa/datasets/grid/test/s34/sbwr3p.mpg,163,179,3.5250048637390137,0.9603231803208481
183,10,/home/nabizadz/Projects/Mahsa/datasets/grid/test/s34/bgaq6s.mpg,155,171,3.9384043216705322,0.9937322117281168
183,11,/home/nabizadz/Projects/Mahsa/datasets/grid/test/s34/bbao8s.mpg,246,262,3.350860595703125,0.9526025921372333
183,12,/home/nabizadz/Projects/Mahsa/datasets/grid/test/s34/bbapza.mpg,184,200,3.7358381748199463,0.9736670760326123
183,13,/home/nabizadz/Projects/Mahsa/datasets/grid/test/s34/pbbm1p.mpg,64,80,4.046442031860352,0.9882488026099384
183,14,/home/nabizadz/Projects/Mahsa/datasets/grid/test/s34/srwfzs.mpg,33,49,4.073134422302246,0.999966743434452
183,15,/home/nabizadz/Projects/Mahsa/datasets/grid/test/s34/pgwo4a.mpg,268,284,4.436372756958008,0.9947341634420197
184,0,/home/nabizadz/Projects/Mahsa/datasets/grid/test/s34/pbbs4s.mpg,66,82,3.3486881256103516,0.9823131049918243
184,1,/home/nabizadz/Projects/Mahsa/datasets/grid/test/s34/lgwp9p.mpg,176,192,3.7213642597198486,0.9818390383708973
184,2,/home/nabizadz/Projects/Mahsa/datasets/grid/test/s34/bgwl1p.mpg,195,211,3.4951343536376953,0.9738453133395679
184,3,/home/nabizadz/Projects/Mahsa/datasets/grid/test/s34/pgbn7n.mpg,122,138,3.1042263507843018,0.9820762104704436
184,4,/home/nabizadz/Projects/Mahsa/datasets/grid/test/s34/prbm5n.mpg,28,44,4.380113124847412,0.998939392165742
184,5,/home/nabizadz/Projects/Mahsa/datasets/grid/test/s34/brbj5p.mpg,88,104,3.478924512863159,0.9684678364039708
184,6,/home/nabizadz/Projects/Mahsa/datasets/grid/test/s34/pwag3n.mpg,159,175,3.588169813156128,0.9801177924011044
184,7,/home/nabizadz/Projects/Mahsa/datasets/grid/test/s34/brwx5n.mpg,128,144,3.472844362258911,0.9795215085473218
184,8,/home/nabizadz/Projects/Mahsa/datasets/grid/test/s34/prwt4s.mpg,189,205,3.2917587757110596,0.9512041829498974
184,9,/home/nabizadz/Projects/Mahsa/datasets/grid/test/s34/lbim8s.mpg,28,44,2.7021758556365967,0.9669879732130343
184,10,/home/nabizadz/Projects/Mahsa/datasets/grid/test/s34/pbie7n.mpg,271,287,4.419727802276611,0.9985636261012717
184,11,/home/nabizadz/Projects/Mahsa/datasets/grid/test/s34/lwwv6s.mpg,15,31,4.466782093048096,0.9998599491945468
184,12,/home/nabizadz/Projects/Mahsa/datasets/grid/test/s34/lgii4a.mpg,192,208,3.445464611053467,0.9652765449818892
184,13,/home/nabizadz/Projects/Mahsa/datasets/grid/test/s34/lgapzs.mpg,73,89,3.7359774112701416,0.9877707523481078
184,14,/home/nabizadz/Projects/Mahsa/datasets/grid/test/s34/bgwzza.mpg,99,115,2.5360312461853027,0.958742061644888
184,15,/home/nabizadz/Projects/Mahsa/datasets/grid/test/s34/lwbv2s.mpg,199,215,3.8551812171936035,0.970472972170883
185,0,/home/nabizadz/Projects/Mahsa/datasets/grid/test/s34/lrwo5n.mpg,252,268,4.345926284790039,0.9890492108441578
185,1,/home/nabizadz/Projects/Mahsa/datasets/grid/test/s34/pgig8a.mpg,56,72,3.1265957355499268,0.9638121469715979
185,2,/home/nabizadz/Projects/Mahsa/datasets/grid/test/s34/sbayza.mpg,4,20,4.495939254760742,0.9996803623299527
185,3,/home/nabizadz/Projects/Mahsa/datasets/grid/test/s34/bbio6a.mpg,226,242,4.245253562927246,0.9995792480496285
185,4,/home/nabizadz/Projects/Mahsa/datasets/grid/test/s34/brbx4a.mpg,3,19,4.46720552444458,0.997237672509147
185,5,/home/nabizadz/Projects/Mahsa/datasets/grid/test/s34/sgas4a.mpg,28,44,4.405270099639893,0.9982277542988667
185,6,/home/nabizadz/Projects/Mahsa/datasets/grid/test/s34/lrih2a.mpg,120,136,3.510037660598755,0.9598579356812974
185,7,/home/nabizadz/Projects/Mahsa/datasets/grid/test/s34/swir1n.mpg,21,37,4.035027027130127,0.9978732273700582
185,8,/home/nabizadz/Projects/Mahsa/datasets/grid/test/s34/pgwo2s.mpg,92,108,3.6792657375335693,0.9805005345812214
185,9,/home/nabizadz/Projects/Mahsa/datasets/grid/test/s34/lgicza.mpg,261,277,3.171088218688965,0.9849678200948339
185,10,/home/nabizadz/Projects/Mahsa/datasets/grid/test/s34/pbir5n.mpg,172,188,3.2660024166107178,0.9413057140807267
185,11,/home/nabizadz/Projects/Mahsa/datasets/grid/test/s34/lwwp1n.mpg,275,291,4.386754512786865,0.9970460015159645
185,12,/home/nabizadz/Projects/Mahsa/datasets/grid/test/s34/pwag6a.mpg,113,129,3.6541411876678467,0.9766390359464935
185,13,/home/nabizadz/Projects/Mahsa/datasets/grid/test/s34/bgax9n.mpg,92,108,3.694373369216919,0.9772280229079625
185,14,/home/nabizadz/Projects/Mahsa/datasets/grid/test/s34/srbk9n.mpg,97,113,3.3869197368621826,0.9840733289622924
185,15,/home/nabizadz/Projects/Mahsa/datasets/grid/test/s34/pwig2a.mpg,192,208,3.6297059059143066,0.9710756666720708
186,0,/home/nabizadz/Projects/Mahsa/datasets/grid/test/s34/srby7n.mpg,26,42,4.501489639282227,0.999997843500944
186,1,/home/nabizadz/Projects/Mahsa/datasets/grid/test/s34/sbwe6a.mpg,169,185,3.126922845840454,0.9885051801109898
186,2,/home/nabizadz/Projects/Mahsa/datasets/grid/test/s34/sgif1p.mpg,87,103,3.2947630882263184,0.9804733456804607
186,3,/home/nabizadz/Projects/Mahsa/datasets/grid/test/s34/sbax7n.mpg,54,70,4.320350646972656,0.9726964661906924
186,4,/home/nabizadz/Projects/Mahsa/datasets/grid/test/s34/prbm7p.mpg,47,63,3.0095272064208984,0.9641427430899749
186,5,/home/nabizadz/Projects/Mahsa/datasets/grid/test/s34/swbf3p.mpg,30,46,4.075224876403809,0.9826416210788549
186,6,/home/nabizadz/Projects/Mahsa/datasets/grid/test/s34/pwim6a.mpg,15,31,4.525217533111572,0.9999989478820736
186,7,/home/nabizadz/Projects/Mahsa/datasets/grid/test/s34/lran7n.mpg,39,55,4.16402530670166,0.9808271374652053
186,8,/home/nabizadz/Projects/Mahsa/datasets/grid/test/s34/pwaa2a.mpg,229,245,3.9685797691345215,0.9761903429814383
186,9,/home/nabizadz/Projects/Mahsa/datasets/grid/test/s34/bgby3n.mpg,237,253,4.121705055236816,0.9393895332978398
186,10,/home/nabizadz/Projects/Mahsa/datasets/grid/test/s34/pgwb5p.mpg,183,199,3.7573091983795166,0.9752140314113076
186,11,/home/nabizadz/Projects/Mahsa/datasets/grid/test/s34/bbbi8s.mpg,250,266,3.5336172580718994,0.9712072189083722
186,12,/home/nabizadz/Projects/Mahsa/datasets/grid/test/s34/pbil2s.mpg,203,219,3.9608678817749023,0.9763166980804149
186,13,/home/nabizadz/Projects/Mahsa/datasets/grid/test/s34/prbg2s.mpg,73,89,2.7840776443481445,0.9813846813003445
186,14,/home/nabizadz/Projects/Mahsa/datasets/grid/test/s34/pragza.mpg,5,21,4.274702548980713,0.9999705045293734
186,15,/home/nabizadz/Projects/Mahsa/datasets/grid/test/s34/lwbc2a.mpg,112,128,3.4897193908691406,0.9785195578134724
187,0,/home/nabizadz/Projects/Mahsa/datasets/grid/test/s34/brbd1p.mpg,200,216,3.3376879692077637,0.9449030270088464
187,1,/home/nabizadz/Projects/Mahsa/datasets/grid/test/s34/pwag5p.mpg,2,18,4.42429780960083,0.9999907191031592
187,2,/home/nabizadz/Projects/Mahsa/datasets/grid/test/s34/bgad9p.mpg,137,153,2.9608333110809326,0.9828633790167374
187,3,/home/nabizadz/Projects/Mahsa/datasets/grid/test/s34/lrwo6s.mpg,58,74,2.7410314083099365,0.9698104059828727
187,4,/home/nabizadz/Projects/Mahsa/datasets/grid/test/s34/lbwh7p.mpg,230,246,4.0190253257751465,0.9593916363965527
187,5,/home/nabizadz/Projects/Mahsa/datasets/grid/test/s34/bbwp7p.mpg,218,234,4.175460338592529,0.977848108019906
187,6,/home/nabizadz/Projects/Mahsa/datasets/grid/test/s34/brwj7n.mpg,245,261,4.066775321960449,0.9375088148964656
187,7,/home/nabizadz/Projects/Mahsa/datasets/grid/test/s34/sbix5p.mpg,231,247,3.6876909732818604,0.9807407493078655
187,8,/home/nabizadz/Projects/Mahsa/datasets/grid/test/s32/prbazs.mpg,229,245,3.810786008834839,0.9757617422772907
187,9,/home/nabizadz/Projects/Mahsa/datasets/grid/test/s32/bwwe3p.mpg,24,40,4.3622331619262695,0.9919535604455816
187,10,/home/nabizadz/Projects/Mahsa/datasets/grid/test/s32/lgio9p.mpg,150,166,3.4039535522460938,0.9741539924819864
187,11,/home/nabizadz/Projects/Mahsa/datasets/grid/test/s32/pwwh5p.mpg,113,129,3.307952642440796,0.9718979756840619
187,12,/home/nabizadz/Projects/Mahsa/datasets/grid/test/s32/lrah7p.mpg,190,206,3.908386468887329,0.9650199011653549
187,13,/home/nabizadz/Projects/Mahsa/datasets/grid/test/s32/sgis2a.mpg,247,263,4.251542091369629,0.8799144873668058
187,14,/home/nabizadz/Projects/Mahsa/datasets/grid/test/s32/pgbb3p.mpg,160,176,3.6961417198181152,0.9654602501949682
187,15,/home/nabizadz/Projects/Mahsa/datasets/grid/test/s32/lrbizs.mpg,82,98,3.062985897064209,0.9815145319332488
188,0,/home/nabizadz/Projects/Mahsa/datasets/grid/test/s32/sgbm3n.mpg,242,258,4.30742073059082,0.8768327893648253
188,1,/home/nabizadz/Projects/Mahsa/datasets/grid/test/s32/srbe7n.mpg,275,291,4.3824238777160645,0.9515330300011544
188,2,/home/nabizadz/Projects/Mahsa/datasets/grid/test/s32/swbf3n.mpg,148,164,2.4597413539886475,0.9805868168679269
188,3,/home/nabizadz/Projects/Mahsa/datasets/grid/test/s32/lban4s.mpg,190,206,3.389737606048584,0.9623496967251864
188,4,/home/nabizadz/Projects/Mahsa/datasets/grid/test/s32/lwwp5p.mpg,12,28,4.497774600982666,0.999999633371082
188,5,/home/nabizadz/Projects/Mahsa/datasets/grid/test/s32/brwq3n.mpg,121,137,3.5882108211517334,0.9792261953133791
188,6,/home/nabizadz/Projects/Mahsa/datasets/grid/test/s32/bgwl3p.mpg,109,125,3.2935678958892822,0.9744606881764679
188,7,/home/nabizadz/Projects/Mahsa/datasets/grid/test/s32/bbbv9p.mpg,278,294,4.101734638214111,0.9231992649511069
188,8,/home/nabizadz/Projects/Mahsa/datasets/grid/test/s32/lbaa7p.mpg,4,20,4.294708251953125,0.9883155456554161
188,9,/home/nabizadz/Projects/Mahsa/datasets/grid/test/s32/bgik2a.mpg,86,102,3.317471742630005,0.97190949758016
188,10,/home/nabizadz/Projects/Mahsa/datasets/grid/test/s32/bbbjzs.mpg,12,28,4.49472713470459,0.9773686218804839
188,11,/home/nabizadz/Projects/Mahsa/datasets/grid/test/s32/lwiu6s.mpg,114,130,3.535378932952881,0.9730157002782208
188,12,/home/nabizadz/Projects/Mahsa/datasets/grid/test/s32/bbapzs.mpg,33,49,4.164851188659668,0.989519548713139
188,13,/home/nabizadz/Projects/Mahsa/datasets/grid/test/s32/sray8a.mpg,8,24,4.4635419845581055,0.9611806945443427
188,14,/home/nabizadz/Projects/Mahsa/datasets/grid/test/s32/srwl8a.mpg,149,165,3.151106595993042,0.9652214487074019
188,15,/home/nabizadz/Projects/Mahsa/datasets/grid/test/s32/bgiq4s.mpg,76,92,3.4288642406463623,0.9639278632371263
189,0,/home/nabizadz/Projects/Mahsa/datasets/grid/test/s32/bwwy5p.mpg,160,176,2.062546491622925,0.9799990093505159
189,1,/home/nabizadz/Projects/Mahsa/datasets/grid/test/s32/bbio7p.mpg,164,180,3.338454484939575,0.9678671610857332
189,2,/home/nabizadz/Projects/Mahsa/datasets/grid/test/s32/swasza.mpg,142,158,2.9032483100891113,0.9726057373448821
189,3,/home/nabizadz/Projects/Mahsa/datasets/grid/test/s32/bbbj2a.mpg,99,115,2.8804633617401123,0.9733591833130303
189,4,/home/nabizadz/Projects/Mahsa/datasets/grid/test/s32/lwab7n.mpg,278,294,4.079300880432129,0.9373856936790766
189,5,/home/nabizadz/Projects/Mahsa/datasets/grid/test/s32/pbbgza.mpg,0,16,4.450985431671143,0.9768017075655527
189,6,/home/nabizadz/Projects/Mahsa/datasets/grid/test/s32/sbiq2s.mpg,216,232,4.341093063354492,0.9527839648647823
189,7,/home/nabizadz/Projects/Mahsa/datasets/grid/test/s32/lgwd3p.mpg,283,299,4.262392044067383,0.9938335378767069
189,8,/home/nabizadz/Projects/Mahsa/datasets/grid/test/s32/pwwb2a.mpg,245,261,4.3143181800842285,0.96133281395083
189,9,/home/nabizadz/Projects/Mahsa/datasets/grid/test/s32/pbwg4a.mpg,105,121,3.848536491394043,0.989169832075803
189,10,/home/nabizadz/Projects/Mahsa/datasets/grid/test/s32/pwbn4s.mpg,144,160,3.780714273452759,0.9780229208258208
189,11,/home/nabizadz/Projects/Mahsa/datasets/grid/test/s32/lbbn8s.mpg,63,79,3.3579061031341553,0.983079550087258
189,12,/home/nabizadz/Projects/Mahsa/datasets/grid/test/s32/sbbe4a.mpg,105,121,3.360637664794922,0.987433816410682
189,13,/home/nabizadz/Projects/Mahsa/datasets/grid/test/s32/bbbj1p.mpg,207,223,4.22291374206543,0.8579837179479656
189,14,/home/nabizadz/Projects/Mahsa/datasets/grid/test/s32/pram5p.mpg,232,248,4.308625221252441,0.9179093565089885
189,15,/home/nabizadz/Projects/Mahsa/datasets/grid/test/s32/pbiz2s.mpg,275,291,3.947540521621704,0.9316280540915944
190,0,/home/nabizadz/Projects/Mahsa/datasets/grid/test/s32/bwwk7p.mpg,205,221,3.7242989540100098,0.9802714822738655
190,1,/home/nabizadz/Projects/Mahsa/datasets/grid/test/s32/pgwu9p.mpg,251,267,4.491113662719727,0.9368393827589964
190,2,/home/nabizadz/Projects/Mahsa/datasets/grid/test/s32/pwbg9n.mpg,168,184,2.3661439418792725,0.9741825013769613
190,3,/home/nabizadz/Projects/Mahsa/datasets/grid/test/s32/bgak5p.mpg,223,239,4.235933780670166,0.9515697628009414
190,4,/home/nabizadz/Projects/Mahsa/datasets/grid/test/s32/bwbq7p.mpg,19,35,4.459291934967041,0.9852107828972464
190,5,/home/nabizadz/Projects/Mahsa/datasets/grid/test/s32/pwwn7n.mpg,215,231,4.451181411743164,0.9652775395688045
190,6,/home/nabizadz/Projects/Mahsa/datasets/grid/test/s32/brwd7p.mpg,98,114,3.6291115283966064,0.9816854289040703
190,7,/home/nabizadz/Projects/Mahsa/datasets/grid/test/s32/sgwm8s.mpg,9,25,4.441328048706055,0.995081654130881
190,8,/home/nabizadz/Projects/Mahsa/datasets/grid/test/s32/sbby3n.mpg,145,161,3.177521228790283,0.9581924297153406
190,9,/home/nabizadz/Projects/Mahsa/datasets/grid/test/s32/pgwi1p.mpg,131,147,3.201408863067627,0.9681365958802934
190,10,/home/nabizadz/Projects/Mahsa/datasets/grid/test/s32/srik4s.mpg,76,92,3.199061870574951,0.9722936620188689
190,11,/home/nabizadz/Projects/Mahsa/datasets/grid/test/s32/bwwy6a.mpg,184,200,2.9581432342529297,0.9746411986832311
190,12,/home/nabizadz/Projects/Mahsa/datasets/grid/test/s32/swir4s.mpg,37,53,4.057882308959961,0.9592762213961543
190,13,/home/nabizadz/Projects/Mahsa/datasets/grid/test/s32/bwwk5n.mpg,124,140,2.1922404766082764,0.9670268603470037
190,14,/home/nabizadz/Projects/Mahsa/datasets/grid/test/s32/sgif3p.mpg,114,130,3.475557327270508,0.9708632823602998
190,15,/home/nabizadz/Projects/Mahsa/datasets/grid/test/s32/brwx8s.mpg,101,117,2.883261203765869,0.9645949515211857
191,0,/home/nabizadz/Projects/Mahsa/datasets/grid/test/s32/lwao7p.mpg,256,272,1.8255460262298584,0.8887124377060798
191,1,/home/nabizadz/Projects/Mahsa/datasets/grid/test/s32/pwaa1n.mpg,0,16,4.485806465148926,0.9976363974533339
191,2,/home/nabizadz/Projects/Mahsa/datasets/grid/test/s32/swar9p.mpg,117,133,3.5623855590820312,0.9926990495920841
191,3,/home/nabizadz/Projects/Mahsa/datasets/grid/test/s32/lwao8a.mpg,24,40,4.349430084228516,0.9838863628695821
191,4,/home/nabizadz/Projects/Mahsa/datasets/grid/test/s32/lrin5n.mpg,21,37,4.373187065124512,0.9724356130291167
191,5,/home/nabizadz/Projects/Mahsa/datasets/grid/test/s32/bwax5n.mpg,113,129,3.63242769241333,0.9854680319619372
191,6,/home/nabizadz/Projects/Mahsa/datasets/grid/test/s32/lgac5p.mpg,249,265,4.328627586364746,0.9014023243887748
191,7,/home/nabizadz/Projects/Mahsa/datasets/grid/test/s32/bgwr5n.mpg,138,154,3.4772205352783203,0.9690664297298432
191,8,/home/nabizadz/Projects/Mahsa/datasets/grid/test/s32/pgwo6a.mpg,84,100,3.0031118392944336,0.9596678368037955
191,9,/home/nabizadz/Projects/Mahsa/datasets/grid/test/s32/brwq4s.mpg,130,146,3.49609637260437,0.9739480916562213
191,10,/home/nabizadz/Projects/Mahsa/datasets/grid/test/s32/bwwq9n.mpg,43,59,4.39524507522583,0.9771320006555756
191,11,/home/nabizadz/Projects/Mahsa/datasets/grid/test/s32/lriu2a.mpg,71,87,2.2203140258789062,0.9665201671049262
191,12,/home/nabizadz/Projects/Mahsa/datasets/grid/test/s32/srar4a.mpg,265,281,4.307758808135986,0.8886481844094687
191,13,/home/nabizadz/Projects/Mahsa/datasets/grid/test/s32/prif5n.mpg,58,74,3.5757033824920654,0.9722078233438631
191,14,/home/nabizadz/Projects/Mahsa/datasets/grid/test/s32/pwbh2a.mpg,59,75,3.1078197956085205,0.9826851312411186
191,15,/home/nabizadz/Projects/Mahsa/datasets/grid/test/s32/bbwx2s.mpg,227,243,4.255273818969727,0.861494559906829
192,0,/home/nabizadz/Projects/Mahsa/datasets/grid/test/s32/srwf3p.mpg,184,200,3.8283071517944336,0.9734582848903802
192,1,/home/nabizadz/Projects/Mahsa/datasets/grid/test/s32/lrbi2a.mpg,155,171,3.00215220451355,0.9612211680003704
192,2,/home/nabizadz/Projects/Mahsa/datasets/grid/test/s32/lban5p.mpg,178,194,4.316452503204346,0.9777445240730979
192,3,/home/nabizadz/Projects/Mahsa/datasets/grid/test/s32/brap6s.mpg,186,202,4.04693603515625,0.975388270316941
192,4,/home/nabizadz/Projects/Mahsa/datasets/grid/test/s32/pwbhzs.mpg,261,277,4.228238582611084,0.8871330511565823
192,5,/home/nabizadz/Projects/Mahsa/datasets/grid/test/s32/lwwc5n.mpg,275,291,4.332258701324463,0.9383329577072467
192,6,/home/nabizadz/Projects/Mahsa/datasets/grid/test/s32/sgwg3n.mpg,209,225,4.359634876251221,0.9704014146503915
192,7,/home/nabizadz/Projects/Mahsa/datasets/grid/test/s32/pratza.mpg,130,146,3.4437530040740967,0.9694984225531429
192,8,/home/nabizadz/Projects/Mahsa/datasets/grid/test/s32/lwbv4s.mpg,259,275,4.214547634124756,0.8646005525241401
192,9,/home/nabizadz/Projects/Mahsa/datasets/grid/test/s32/lrbo4s.mpg,73,89,3.3023366928100586,0.974235527411022
192,10,/home/nabizadz/Projects/Mahsa/datasets/grid/test/s32/swwm1n.mpg,257,273,4.151278018951416,0.8688053457581432
192,11,/home/nabizadz/Projects/Mahsa/datasets/grid/test/s32/bbbc7p.mpg,263,279,4.373895645141602,0.8999547420424724
192,12,/home/nabizadz/Projects/Mahsa/datasets/grid/test/s32/lgic1p.mpg,180,196,4.180584907531738,0.97245692938258
192,13,/home/nabizadz/Projects/Mahsa/datasets/grid/test/s32/lbbbzs.mpg,201,217,4.417906761169434,0.9657336462809377
192,14,/home/nabizadz/Projects/Mahsa/datasets/grid/test/s32/brip2s.mpg,209,225,4.2464518547058105,0.9928365405814193
192,15,/home/nabizadz/Projects/Mahsa/datasets/grid/test/s32/bbac2s.mpg,1,17,4.260193824768066,0.9836556567664726
193,0,/home/nabizadz/Projects/Mahsa/datasets/grid/test/s32/lrwc2a.mpg,118,134,3.147181749343872,0.9735321100991136
193,1,/home/nabizadz/Projects/Mahsa/datasets/grid/test/s32/lbbh3n.mpg,58,74,2.8102223873138428,0.9647505759653167
193,2,/home/nabizadz/Projects/Mahsa/datasets/grid/test/s32/lria8s.mpg,0,16,4.497471809387207,0.9999992517329841
193,3,/home/nabizadz/Projects/Mahsa/datasets/grid/test/s32/lbwu5n.mpg,261,277,4.203355312347412,0.9188421766356316
193,4,/home/nabizadz/Projects/Mahsa/datasets/grid/test/s32/lwavzs.mpg,280,296,4.325706958770752,0.9717311269206674
193,5,/home/nabizadz/Projects/Mahsa/datasets/grid/test/s32/swal6a.mpg,232,248,4.174067974090576,0.8809399437691144
193,6,/home/nabizadz/Projects/Mahsa/datasets/grid/test/s32/sbid4s.mpg,84,100,3.637111186981201,0.9741976180522018
193,7,/home/nabizadz/Projects/Mahsa/datasets/grid/test/s32/lwwv8s.mpg,158,174,3.93772029876709,0.9539014499580842
193,8,/home/nabizadz/Projects/Mahsa/datasets/grid/test/s32/swil2a.mpg,117,133,3.792597532272339,0.9887159568401233
193,9,/home/nabizadz/Projects/Mahsa/datasets/grid/test/s32/lrao2a.mpg,270,286,4.428734302520752,0.9724121887731455
193,10,/home/nabizadz/Projects/Mahsa/datasets/grid/test/s32/pgabza.mpg,4,20,4.337518215179443,0.9999833123342494
193,11,/home/nabizadz/Projects/Mahsa/datasets/grid/test/s32/srbe8s.mpg,190,206,4.362146854400635,0.9853428234733935
193,12,/home/nabizadz/Projects/Mahsa/datasets/grid/test/s32/pgit5n.mpg,127,143,3.5587751865386963,0.9814495223471558
193,13,/home/nabizadz/Projects/Mahsa/datasets/grid/test/s32/pbal8s.mpg,165,181,3.3266444206237793,0.9782728021366061
193,14,/home/nabizadz/Projects/Mahsa/datasets/grid/test/s32/sgif1n.mpg,214,230,4.202054977416992,0.9097182119966019
193,15,/home/nabizadz/Projects/Mahsa/datasets/grid/test/s32/bbbxza.mpg,167,183,3.186044692993164,0.9618417029752068
194,0,/home/nabizadz/Projects/Mahsa/datasets/grid/test/s32/lbbu2s.mpg,239,255,4.373403549194336,0.9087591055516981
194,1,/home/nabizadz/Projects/Mahsa/datasets/grid/test/s32/srid9n.mpg,151,167,2.6552035808563232,0.9726090615328778
194,2,/home/nabizadz/Projects/Mahsa/datasets/grid/test/s32/bgby5n.mpg,10,26,4.3703131675720215,0.9523646189713671
194,3,/home/nabizadz/Projects/Mahsa/datasets/grid/test/s32/swws7p.mpg,157,173,3.699634313583374,0.95675329526367
194,4,/home/nabizadz/Projects/Mahsa/datasets/grid/test/s32/brbx4s.mpg,87,103,3.124420642852783,0.9675653773965837
194,5,/home/nabizadz/Projects/Mahsa/datasets/grid/test/s32/srirza.mpg,277,293,3.81854510307312,0.9195757341062765
194,6,/home/nabizadz/Projects/Mahsa/datasets/grid/test/s32/pgig9p.mpg,113,129,3.2772932052612305,0.974597431228126
194,7,/home/nabizadz/Projects/Mahsa/datasets/grid/test/s32/pras7n.mpg,273,289,4.340168476104736,0.916373191580975
194,8,/home/nabizadz/Projects/Mahsa/datasets/grid/test/s32/swbs3p.mpg,10,26,4.409167766571045,0.9934765642906275
194,9,/home/nabizadz/Projects/Mahsa/datasets/grid/test/s32/swbf4s.mpg,177,193,3.596177101135254,0.9812337523825027
194,10,/home/nabizadz/Projects/Mahsa/datasets/grid/test/s32/sbwe5n.mpg,251,267,4.315438747406006,0.8839043695447311
194,11,/home/nabizadz/Projects/Mahsa/datasets/grid/test/s32/primzs.mpg,147,163,3.1656131744384766,0.9748801041402972
194,12,/home/nabizadz/Projects/Mahsa/datasets/grid/test/s32/sray7p.mpg,158,174,3.876984119415283,0.9836746660666346
194,13,/home/nabizadz/Projects/Mahsa/datasets/grid/test/s32/lrwb9n.mpg,18,34,4.270582675933838,0.9844338939880062
194,14,/home/nabizadz/Projects/Mahsa/datasets/grid/test/s32/lbit6a.mpg,164,180,3.7345659732818604,0.9837951834018466
194,15,/home/nabizadz/Projects/Mahsa/datasets/grid/test/s32/sgwg5p.mpg,105,121,2.8673484325408936,0.9710502170092116
195,0,/home/nabizadz/Projects/Mahsa/datasets/grid/test/s32/pbbf8s.mpg,153,169,4.295013904571533,0.9733965772746261
195,1,/home/nabizadz/Projects/Mahsa/datasets/grid/test/s32/bgaezs.mpg,156,172,3.355323076248169,0.9813483286478638
195,2,/home/nabizadz/Projects/Mahsa/datasets/grid/test/s32/bgbk8s.mpg,278,294,4.247310161590576,0.9659398940410343
195,3,/home/nabizadz/Projects/Mahsa/datasets/grid/test/s32/bgbe4s.mpg,126,142,3.2960708141326904,0.9709004922671555
195,4,/home/nabizadz/Projects/Mahsa/datasets/grid/test/s32/pwwbzs.mpg,266,282,4.209588527679443,0.9543292855236957
195,5,/home/nabizadz/Projects/Mahsa/datasets/grid/test/s32/pgah4a.mpg,154,170,2.927574396133423,0.9755504223348933
195,6,/home/nabizadz/Projects/Mahsa/datasets/grid/test/s32/lribza.mpg,213,229,4.30816125869751,0.980453202277307
195,7,/home/nabizadz/Projects/Mahsa/datasets/grid/test/s32/sbwr5p.mpg,71,87,2.787346363067627,0.9822090487161196
195,8,/home/nabizadz/Projects/Mahsa/datasets/grid/test/s32/brii8s.mpg,30,46,4.150444030761719,0.9488140368270443
195,9,/home/nabizadz/Projects/Mahsa/datasets/grid/test/s32/brwd5n.mpg,49,65,2.7808828353881836,0.9663000479868465
195,10,/home/nabizadz/Projects/Mahsa/datasets/grid/test/s32/bbbc8a.mpg,269,285,4.20242166519165,0.9085645495811209
195,11,/home/nabizadz/Projects/Mahsa/datasets/grid/test/s32/lwbpzs.mpg,243,259,3.8808963298797607,0.9777825658184509
195,12,/home/nabizadz/Projects/Mahsa/datasets/grid/test/s32/pbaf5p.mpg,161,177,3.895399332046509,0.9610181081164534
195,13,/home/nabizadz/Projects/Mahsa/datasets/grid/test/s32/pbifzs.mpg,176,192,3.1612069606781006,0.9781885204158621
195,14,/home/nabizadz/Projects/Mahsa/datasets/grid/test/s32/lwab9p.mpg,279,295,4.333657264709473,0.9566559180137012
195,15,/home/nabizadz/Projects/Mahsa/datasets/grid/test/s32/lbin2a.mpg,105,121,3.731114625930786,0.989516287800929
196,0,/home/nabizadz/Projects/Mahsa/datasets/grid/test/s32/sbbk5n.mpg,65,81,3.578458070755005,0.9873088531643037
196,1,/home/nabizadz/Projects/Mahsa/datasets/grid/test/s32/lran9n.mpg,255,271,4.485384941101074,0.9161526569520179
196,2,/home/nabizadz/Projects/Mahsa/datasets/grid/test/s32/bwidzs.mpg,58,74,3.284003734588623,0.9754783626604386
196,3,/home/nabizadz/Projects/Mahsa/datasets/grid/test/s32/srbl1n.mpg,263,279,4.225719928741455,0.9083180707956918
196,4,/home/nabizadz/Projects/Mahsa/datasets/grid/test/s32/brbj5n.mpg,97,113,3.1497626304626465,0.9678810043578407
196,5,/home/nabizadz/Projects/Mahsa/datasets/grid/test/s32/pgwi2a.mpg,24,40,4.239211082458496,0.9638626730536443
196,6,/home/nabizadz/Projects/Mahsa/datasets/grid/test/s32/pbas3p.mpg,159,175,3.7917604446411133,0.9684826698971599
196,7,/home/nabizadz/Projects/Mahsa/datasets/grid/test/s32/brac7n.mpg,145,161,3.371462106704712,0.9791531552284269
196,8,/home/nabizadz/Projects/Mahsa/datasets/grid/test/s32/pgbb4a.mpg,143,159,3.605320692062378,0.9841167441537559
196,9,/home/nabizadz/Projects/Mahsa/datasets/grid/test/s32/brip3p.mpg,282,298,4.166584014892578,0.9778467960682196
196,10,/home/nabizadz/Projects/Mahsa/datasets/grid/test/s32/bbivzs.mpg,69,85,3.3167691230773926,0.9705527060976117
196,11,/home/nabizadz/Projects/Mahsa/datasets/grid/test/s32/lgbp8a.mpg,50,66,3.616297483444214,0.978014523241291
196,12,/home/nabizadz/Projects/Mahsa/datasets/grid/test/s32/bwwe4a.mpg,153,169,3.7512474060058594,0.9824546374005185
196,13,/home/nabizadz/Projects/Mahsa/datasets/grid/test/s32/pbbm1n.mpg,81,97,3.1217288970947266,0.980726816828728
196,14,/home/nabizadz/Projects/Mahsa/datasets/grid/test/s32/bbap2a.mpg,52,68,3.2146897315979004,0.9740782419081911
196,15,/home/nabizadz/Projects/Mahsa/datasets/grid/test/s32/brbx6a.mpg,241,257,4.492755889892578,0.9544492213439306
197,0,/home/nabizadz/Projects/Mahsa/datasets/grid/test/s32/pgia5p.mpg,254,270,4.430202484130859,0.9113509991141013
197,1,/home/nabizadz/Projects/Mahsa/datasets/grid/test/s32/bwip7n.mpg,26,42,4.315877914428711,0.9600920487740351
197,2,/home/nabizadz/Projects/Mahsa/datasets/grid/test/s32/swar7n.mpg,23,39,3.2162582874298096,0.9832645378456631
197,3,/home/nabizadz/Projects/Mahsa/datasets/grid/test/s32/pgin3p.mpg,235,251,4.403364658355713,0.881779348592565
197,4,/home/nabizadz/Projects/Mahsa/datasets/grid/test/s32/pgig8s.mpg,221,237,4.323757171630859,0.9089909354585538
197,5,/home/nabizadz/Projects/Mahsa/datasets/grid/test/s32/lgwqzs.mpg,55,71,3.2939422130584717,0.9840541317814606
197,6,/home/nabizadz/Projects/Mahsa/datasets/grid/test/s32/bwij4s.mpg,93,109,3.432431697845459,0.9760341588130519
197,7,/home/nabizadz/Projects/Mahsa/datasets/grid/test/s32/sgwazs.mpg,190,206,3.296830892562866,0.9805372639539544
197,8,/home/nabizadz/Projects/Mahsa/datasets/grid/test/s32/sbaq5n.mpg,254,270,4.266653060913086,0.8948903091397893
197,9,/home/nabizadz/Projects/Mahsa/datasets/grid/test/s32/sgbf9n.mpg,41,57,3.5265438556671143,0.9830202750062914
197,10,/home/nabizadz/Projects/Mahsa/datasets/grid/test/s32/sbay1p.mpg,161,177,3.6459593772888184,0.9585624776712601
197,11,/home/nabizadz/Projects/Mahsa/datasets/grid/test/s32/pwwh3n.mpg,112,128,3.7541918754577637,0.9606804691869197
197,12,/home/nabizadz/Projects/Mahsa/datasets/grid/test/s32/prwa5p.mpg,237,253,4.326267719268799,0.9481079813655053
197,13,/home/nabizadz/Projects/Mahsa/datasets/grid/test/s32/pgah1n.mpg,100,116,3.335669994354248,0.9717222216461684
197,14,/home/nabizadz/Projects/Mahsa/datasets/grid/test/s32/pbiz1n.mpg,199,215,4.264615058898926,0.9803504498995096
197,15,/home/nabizadz/Projects/Mahsa/datasets/grid/test/s32/sriezs.mpg,49,65,4.023514747619629,0.9496079226336663
198,0,/home/nabizadz/Projects/Mahsa/datasets/grid/test/s32/lgav8a.mpg,242,258,4.482564449310303,0.949992212282899
198,1,/home/nabizadz/Projects/Mahsa/datasets/grid/test/s32/pwat6a.mpg,34,50,4.305395603179932,0.987437215488272
198,2,/home/nabizadz/Projects/Mahsa/datasets/grid/test/s32/swaz2s.mpg,153,169,3.882427453994751,0.9908575980841526
198,3,/home/nabizadz/Projects/Mahsa/datasets/grid/test/s32/lgwj8a.mpg,96,112,2.9124746322631836,0.9644375711843062
198,4,/home/nabizadz/Projects/Mahsa/datasets/grid/test/s32/brii7n.mpg,255,271,4.344799518585205,0.9074460143277698
198,5,/home/nabizadz/Projects/Mahsa/datasets/grid/test/s32/bwad6a.mpg,232,248,4.143606185913086,0.929506737109745
198,6,/home/nabizadz/Projects/Mahsa/datasets/grid/test/s32/lbbb1p.mpg,194,210,4.138312339782715,0.969013674041101
198,7,/home/nabizadz/Projects/Mahsa/datasets/grid/test/s32/lbbu1n.mpg,140,156,2.921060800552368,0.9742370779096472
198,8,/home/nabizadz/Projects/Mahsa/datasets/grid/test/s32/sgil7p.mpg,181,197,3.830227851867676,0.9709167186884371
198,9,/home/nabizadz/Projects/Mahsa/datasets/grid/test/s32/lbwh8s.mpg,263,279,4.229034900665283,0.908600084947856
198,10,/home/nabizadz/Projects/Mahsa/datasets/grid/test/s32/lwwv7n.mpg,25,41,4.267979145050049,0.9764158904594963
198,11,/home/nabizadz/Projects/Mahsa/datasets/grid/test/s32/srwr9n.mpg,248,264,4.373044490814209,0.9809064276836453
198,12,/home/nabizadz/Projects/Mahsa/datasets/grid/test/s32/brwj9n.mpg,272,288,4.29008674621582,0.9447401331598981
198,13,/home/nabizadz/Projects/Mahsa/datasets/grid/test/s32/swbmza.mpg,73,89,3.5347282886505127,0.9842901071943595
198,14,/home/nabizadz/Projects/Mahsa/datasets/grid/test/s32/sralza.mpg,86,102,3.427330255508423,0.9738966536488448
198,15,/home/nabizadz/Projects/Mahsa/datasets/grid/test/s32/sbwk9n.mpg,70,86,2.918266773223877,0.9715379629284793
199,0,/home/nabizadz/Projects/Mahsa/datasets/grid/test/s32/bwwy3n.mpg,282,298,4.411942481994629,0.9750335911803965
199,1,/home/nabizadz/Projects/Mahsa/datasets/grid/test/s32/pbwm5n.mpg,263,279,4.358856678009033,0.9406903816578474
199,2,/home/nabizadz/Projects/Mahsa/datasets/grid/test/s32/lbwu6s.mpg,46,62,3.361940383911133,0.9761961483372804
199,3,/home/nabizadz/Projects/Mahsa/datasets/grid/test/s32/bbwd1p.mpg,121,137,2.6084811687469482,0.974501001565206
199,4,/home/nabizadz/Projects/Mahsa/datasets/grid/test/s32/pwim5n.mpg,182,198,2.073683500289917,0.9710698149891234
199,5,/home/nabizadz/Projects/Mahsa/datasets/grid/test/s32/sbix6s.mpg,67,83,3.2828688621520996,0.9852572074421779
199,6,/home/nabizadz/Projects/Mahsa/datasets/grid/test/s32/briv7p.mpg,156,172,3.3494346141815186,0.9533611578976701
199,7,/home/nabizadz/Projects/Mahsa/datasets/grid/test/s32/bgij9n.mpg,177,193,4.027345180511475,0.970890746668355
199,8,/home/nabizadz/Projects/Mahsa/datasets/grid/test/s32/srae4s.mpg,205,221,4.319604873657227,0.8928335514412489
199,9,/home/nabizadz/Projects/Mahsa/datasets/grid/test/s32/bwbk2s.mpg,101,117,3.2493398189544678,0.962308159225775
199,10,/home/nabizadz/Projects/Mahsa/datasets/grid/test/s32/pgwb5n.mpg,161,177,3.3517441749572754,0.9742884256633554
199,11,/home/nabizadz/Projects/Mahsa/datasets/grid/test/s32/sbaq7p.mpg,185,201,3.920532703399658,0.9732992306729467
199,12,/home/nabizadz/Projects/Mahsa/datasets/grid/test/s32/lgajza.mpg,7,23,4.113945484161377,0.9429210395822274
199,13,/home/nabizadz/Projects/Mahsa/datasets/grid/test/s32/sbikza.mpg,230,246,4.096136093139648,0.8455708714623635
199,14,/home/nabizadz/Projects/Mahsa/datasets/grid/test/s32/lwab8s.mpg,211,227,4.361046314239502,0.9597364324940123
199,15,/home/nabizadz/Projects/Mahsa/datasets/grid/test/s32/lgiv1n.mpg,112,128,3.154571771621704,0.9719381685928044
200,0,/home/nabizadz/Projects/Mahsa/datasets/grid/test/s32/priz9p.mpg,180,196,3.837214231491089,0.9503172291092505
200,1,/home/nabizadz/Projects/Mahsa/datasets/grid/test/s32/bgby7p.mpg,272,288,4.342059135437012,0.9934923040970768
200,2,/home/nabizadz/Projects/Mahsa/datasets/grid/test/s32/lrau5p.mpg,11,27,4.273921012878418,0.9984565859020469
200,3,/home/nabizadz/Projects/Mahsa/datasets/grid/test/s32/prbm7n.mpg,91,107,3.2612383365631104,0.9837919577080051
200,4,/home/nabizadz/Projects/Mahsa/datasets/grid/test/s32/sgwt2s.mpg,243,259,4.2059712409973145,0.9829350376704864
200,5,/home/nabizadz/Projects/Mahsa/datasets/grid/test/s32/lwiu8a.mpg,61,77,3.0284714698791504,0.9708945735816432
200,6,/home/nabizadz/Projects/Mahsa/datasets/grid/test/s32/lria7n.mpg,222,238,4.312221527099609,0.9309895721313077
200,7,/home/nabizadz/Projects/Mahsa/datasets/grid/test/s32/lbwu8a.mpg,277,293,4.137490749359131,0.9802772376934497
200,8,/home/nabizadz/Projects/Mahsa/datasets/grid/test/s32/bwwe2s.mpg,151,167,3.5687766075134277,0.956386391202522
200,9,/home/nabizadz/Projects/Mahsa/datasets/grid/test/s32/lrin8a.mpg,255,271,4.239161014556885,0.9353907494507941
200,10,/home/nabizadz/Projects/Mahsa/datasets/grid/test/s32/brwyza.mpg,259,275,4.415111064910889,0.9540206752219242
200,11,/home/nabizadz/Projects/Mahsa/datasets/grid/test/s32/bgby8a.mpg,126,142,3.2210805416107178,0.9552550906618428
200,12,/home/nabizadz/Projects/Mahsa/datasets/grid/test/s32/pwan2a.mpg,118,134,3.4351420402526855,0.9813969204848645
200,13,/home/nabizadz/Projects/Mahsa/datasets/grid/test/s32/bbav6a.mpg,188,204,3.745706796646118,0.9719628791719551
200,14,/home/nabizadz/Projects/Mahsa/datasets/grid/test/s32/swaz3p.mpg,141,157,3.978358268737793,0.9632116983651616
200,15,/home/nabizadz/Projects/Mahsa/datasets/grid/test/s32/bwip9p.mpg,206,222,4.30449104309082,0.8960847463443099
201,0,/home/nabizadz/Projects/Mahsa/datasets/grid/test/s32/lrbb8a.mpg,171,187,3.6572728157043457,0.9746607093523547
201,1,/home/nabizadz/Projects/Mahsa/datasets/grid/test/s32/lgap2s.mpg,93,109,3.1309893131256104,0.9765892911133208
201,2,/home/nabizadz/Projects/Mahsa/datasets/grid/test/s32/srik3n.mpg,265,281,4.248114109039307,0.928360067486541
201,3,/home/nabizadz/Projects/Mahsa/datasets/grid/test/s32/sbij7n.mpg,98,114,3.7362213134765625,0.9776262980236718
201,4,/home/nabizadz/Projects/Mahsa/datasets/grid/test/s32/sbid5p.mpg,128,144,3.585232734680176,0.9812059217117317
201,5,/home/nabizadz/Projects/Mahsa/datasets/grid/test/s32/lgiv2s.mpg,243,259,4.302205562591553,0.9153199768523738
201,6,/home/nabizadz/Projects/Mahsa/datasets/grid/test/s32/pgan8a.mpg,167,183,3.2689661979675293,0.9786635728995006
201,7,/home/nabizadz/Projects/Mahsa/datasets/grid/test/s32/bgae1p.mpg,102,118,3.0874669551849365,0.969749672736516
201,8,/home/nabizadz/Projects/Mahsa/datasets/grid/test/s32/sgaz9p.mpg,242,258,4.302491664886475,0.9243872633943994
201,9,/home/nabizadz/Projects/Mahsa/datasets/grid/test/s32/lgbx1p.mpg,153,169,3.8503386974334717,0.9453940130523106
201,10,/home/nabizadz/Projects/Mahsa/datasets/grid/test/s32/sgif2s.mpg,224,240,4.060011863708496,0.8356125937200047
201,11,/home/nabizadz/Projects/Mahsa/datasets/grid/test/s32/pbie9n.mpg,59,75,3.029186248779297,0.9467692647286939
201,12,/home/nabizadz/Projects/Mahsa/datasets/grid/test/s32/bbbp4s.mpg,117,133,3.5668883323669434,0.9785605106281364
201,13,/home/nabizadz/Projects/Mahsa/datasets/grid/test/s32/sbbk8a.mpg,192,208,4.09947395324707,0.9377367613382221
201,14,/home/nabizadz/Projects/Mahsa/datasets/grid/test/s32/pris6a.mpg,24,40,4.337647438049316,0.975306414258461
201,15,/home/nabizadz/Projects/Mahsa/datasets/grid/test/s32/lrwo9p.mpg,206,222,4.252407073974609,0.9611710849953502
202,0,/home/nabizadz/Projects/Mahsa/datasets/grid/test/s32/sbiq1n.mpg,92,108,3.26191782951355,0.978648250602216
202,1,/home/nabizadz/Projects/Mahsa/datasets/grid/test/s32/pbamza.mpg,180,196,3.377251148223877,0.9662738519103599
202,2,/home/nabizadz/Projects/Mahsa/datasets/grid/test/s32/bric4s.mpg,119,135,2.9890527725219727,0.969419781647582
202,3,/home/nabizadz/Projects/Mahsa/datasets/grid/test/s32/pwwu3p.mpg,223,239,4.170045375823975,0.8735633462321926
202,4,/home/nabizadz/Projects/Mahsa/datasets/grid/test/s32/sbbe2s.mpg,213,229,4.248628616333008,0.8883862746022393
202,5,/home/nabizadz/Projects/Mahsa/datasets/grid/test/s32/brii9p.mpg,199,215,4.390141010284424,0.975360698919924
202,6,/home/nabizadz/Projects/Mahsa/datasets/grid/test/s32/sgwm9p.mpg,177,193,3.3558175563812256,0.9617083522829545
202,7,/home/nabizadz/Projects/Mahsa/datasets/grid/test/s32/lgai8s.mpg,183,199,3.463132858276367,0.9689901412962674
202,8,/home/nabizadz/Projects/Mahsa/datasets/grid/test/s32/pwbn5p.mpg,74,90,2.733732223510742,0.9689394821611812
202,9,/home/nabizadz/Projects/Mahsa/datasets/grid/test/s32/swafzs.mpg,12,28,4.348243236541748,0.9805409501580926
202,10,/home/nabizadz/Projects/Mahsa/datasets/grid/test/s32/pbbz9n.mpg,216,232,4.355837821960449,0.9312397968314046
202,11,/home/nabizadz/Projects/Mahsa/datasets/grid/test/s32/lrbu9p.mpg,193,209,3.9245331287384033,0.9457914976358243
202,12,/home/nabizadz/Projects/Mahsa/datasets/grid/test/s32/lbbh5p.mpg,48,64,3.390451669692993,0.9533826661407404
202,13,/home/nabizadz/Projects/Mahsa/datasets/grid/test/s32/lwbp2a.mpg,14,30,4.3652729988098145,0.973095972752428
202,14,/home/nabizadz/Projects/Mahsa/datasets/grid/test/s32/brap7p.mpg,128,144,3.159822940826416,0.9763073575588215
202,15,/home/nabizadz/Projects/Mahsa/datasets/grid/test/s32/lwiu5n.mpg,123,139,3.8107941150665283,0.9704123674013713
203,0,/home/nabizadz/Projects/Mahsa/datasets/grid/test/s32/swbs2s.mpg,194,210,4.207808017730713,0.9760163929076886
203,1,/home/nabizadz/Projects/Mahsa/datasets/grid/test/s32/lbia1n.mpg,44,60,3.919783353805542,0.957799551440238
203,2,/home/nabizadz/Projects/Mahsa/datasets/grid/test/s32/pwwoza.mpg,247,263,4.27009916305542,0.9898205696858362
203,3,/home/nabizadz/Projects/Mahsa/datasets/grid/test/s32/lgib9n.mpg,230,246,4.323212146759033,0.9450750478156275
203,4,/home/nabizadz/Projects/Mahsa/datasets/grid/test/s32/lwwc7p.mpg,227,243,4.315456867218018,0.9840681587371811
203,5,/home/nabizadz/Projects/Mahsa/datasets/grid/test/s32/bwby1p.mpg,227,243,4.375576972961426,0.8634721753268485
203,6,/home/nabizadz/Projects/Mahsa/datasets/grid/test/s32/pbir8s.mpg,186,202,4.113795280456543,0.9483980950246154
203,7,/home/nabizadz/Projects/Mahsa/datasets/grid/test/s32/sgiz4s.mpg,39,55,3.8477416038513184,0.9868875193016159
203,8,/home/nabizadz/Projects/Mahsa/datasets/grid/test/s32/pwba7p.mpg,206,222,3.936030149459839,0.9304783199024342
203,9,/home/nabizadz/Projects/Mahsa/datasets/grid/test/s32/pgat9n.mpg,86,102,3.181339740753174,0.9812013669795611
203,10,/home/nabizadz/Projects/Mahsa/datasets/grid/test/s32/pbwm6s.mpg,115,131,3.758605480194092,0.9778403995116757
203,11,/home/nabizadz/Projects/Mahsa/datasets/grid/test/s32/lwih7n.mpg,160,176,2.961371421813965,0.954997000257565
203,12,/home/nabizadz/Projects/Mahsa/datasets/grid/test/s32/lrih3p.mpg,148,164,3.689365863800049,0.9791891273747072
203,13,/home/nabizadz/Projects/Mahsa/datasets/grid/test/s32/sgbg1p.mpg,258,274,4.246758460998535,0.8823425369810776
203,14,/home/nabizadz/Projects/Mahsa/datasets/grid/test/s32/sgaf6s.mpg,105,121,3.6990442276000977,0.9884446868001178
203,15,/home/nabizadz/Projects/Mahsa/datasets/grid/test/s32/bbai5n.mpg,252,268,4.278986930847168,0.8674995863584798
204,0,/home/nabizadz/Projects/Mahsa/datasets/grid/test/s32/srbl3p.mpg,240,256,4.409068584442139,0.9185834910308336
204,1,/home/nabizadz/Projects/Mahsa/datasets/grid/test/s32/lrwpza.mpg,101,117,3.526355743408203,0.9766717220961163
204,2,/home/nabizadz/Projects/Mahsa/datasets/grid/test/s32/swbl9p.mpg,250,266,4.333996772766113,0.9306055002535426
204,3,/home/nabizadz/Projects/Mahsa/datasets/grid/test/s32/pgbh5n.mpg,126,142,3.650967836380005,0.9603776547841164
204,4,/home/nabizadz/Projects/Mahsa/datasets/grid/test/s32/pgin2s.mpg,174,190,3.565655469894409,0.975789622908075
204,5,/home/nabizadz/Projects/Mahsa/datasets/grid/test/s32/bwwe1n.mpg,11,27,4.541252136230469,0.9937711075836654
204,6,/home/nabizadz/Projects/Mahsa/datasets/grid/test/s32/prwg7n.mpg,242,258,4.28045654296875,0.9643896486455562
204,7,/home/nabizadz/Projects/Mahsa/datasets/grid/test/s32/sbwe6s.mpg,162,178,3.8756766319274902,0.9854181257153148
204,8,/home/nabizadz/Projects/Mahsa/datasets/grid/test/s32/sbbk6s.mpg,94,110,3.5357606410980225,0.9802985935164148
204,9,/home/nabizadz/Projects/Mahsa/datasets/grid/test/s32/bwbk3p.mpg,99,115,3.5289463996887207,0.978373648206435
204,10,/home/nabizadz/Projects/Mahsa/datasets/grid/test/s32/sbiq3p.mpg,10,26,4.362447261810303,0.9879875725107836
204,11,/home/nabizadz/Projects/Mahsa/datasets/grid/test/s32/swir6a.mpg,256,272,4.346155643463135,0.9211751992556909
204,12,/home/nabizadz/Projects/Mahsa/datasets/grid/test/s32/srbz2a.mpg,100,116,3.150738477706909,0.9663167003671779
204,13,/home/nabizadz/Projects/Mahsa/datasets/grid/test/s32/pbbf9p.mpg,258,274,3.9836983680725098,0.8599947287213695
204,14,/home/nabizadz/Projects/Mahsa/datasets/grid/test/s32/prwn3p.mpg,201,217,4.329270839691162,0.9382083341998648
204,15,/home/nabizadz/Projects/Mahsa/datasets/grid/test/s32/lbwo4a.mpg,213,229,4.403287887573242,0.9519283327280419
205,0,/home/nabizadz/Projects/Mahsa/datasets/grid/test/s32/lgwj5n.mpg,172,188,3.5878233909606934,0.9704119838728953
205,1,/home/nabizadz/Projects/Mahsa/datasets/grid/test/s32/bgwl2s.mpg,138,154,3.4069111347198486,0.9532521005833722
205,2,/home/nabizadz/Projects/Mahsa/datasets/grid/test/s32/pwaa2s.mpg,77,93,3.2183282375335693,0.9771207227305487
205,3,/home/nabizadz/Projects/Mahsa/datasets/grid/test/s32/bwaq3p.mpg,259,275,4.3587260246276855,0.9193657243789083
205,4,/home/nabizadz/Projects/Mahsa/datasets/grid/test/s32/lrbvza.mpg,233,249,4.3436713218688965,0.8919828082124004
205,5,/home/nabizadz/Projects/Mahsa/datasets/grid/test/s32/swiy9p.mpg,205,221,4.517245292663574,0.9715236731480691
205,6,/home/nabizadz/Projects/Mahsa/datasets/grid/test/s32/brbx5p.mpg,25,41,4.418646335601807,0.9452723663465007
205,7,/home/nabizadz/Projects/Mahsa/datasets/grid/test/s32/sgwg6a.mpg,132,148,3.6290128231048584,0.9847392618335706
205,8,/home/nabizadz/Projects/Mahsa/datasets/grid/test/s32/bgwr6s.mpg,213,229,4.481752872467041,0.9886200585697601
205,9,/home/nabizadz/Projects/Mahsa/datasets/grid/test/s32/bwbk4a.mpg,11,27,4.295912265777588,0.9829424340438838
205,10,/home/nabizadz/Projects/Mahsa/datasets/grid/test/s32/pwwn9p.mpg,32,48,3.506680965423584,0.986241087562745
205,11,/home/nabizadz/Projects/Mahsa/datasets/grid/test/s32/pgah2s.mpg,216,232,4.242116928100586,0.9888183015774166
205,12,/home/nabizadz/Projects/Mahsa/datasets/grid/test/s32/srie2a.mpg,234,250,4.322495937347412,0.9126632351303865
205,13,/home/nabizadz/Projects/Mahsa/datasets/grid/test/s32/pbwtzs.mpg,17,33,4.3994526863098145,0.9999113484215356
205,14,/home/nabizadz/Projects/Mahsa/datasets/grid/test/s32/lrab4a.mpg,182,198,4.3063836097717285,0.9799813937960429
205,15,/home/nabizadz/Projects/Mahsa/datasets/grid/test/s32/srak8s.mpg,68,84,2.1843485832214355,0.9830061516048842
206,0,/home/nabizadz/Projects/Mahsa/datasets/grid/test/s32/sbwl2a.mpg,107,123,2.885125160217285,0.9745004147019385
206,1,/home/nabizadz/Projects/Mahsa/datasets/grid/test/s32/prba1p.mpg,34,50,4.232081413269043,0.987220735426717
206,2,/home/nabizadz/Projects/Mahsa/datasets/grid/test/s32/braxzs.mpg,27,43,4.287609100341797,0.9999734101788796
206,3,/home/nabizadz/Projects/Mahsa/datasets/grid/test/s32/sriq7n.mpg,74,90,2.8170766830444336,0.9810675304729894
206,4,/home/nabizadz/Projects/Mahsa/datasets/grid/test/s32/lgap4a.mpg,21,37,4.2773118019104,0.9437472999265654
206,5,/home/nabizadz/Projects/Mahsa/datasets/grid/test/s32/pwat5p.mpg,233,249,4.224110126495361,0.9782333380087752
206,6,/home/nabizadz/Projects/Mahsa/datasets/grid/test/s32/lbwh9p.mpg,239,255,4.321659088134766,0.8541815786396361
206,7,/home/nabizadz/Projects/Mahsa/datasets/grid/test/s32/lrih2s.mpg,64,80,2.5953338146209717,0.9441352387159077
206,8,/home/nabizadz/Projects/Mahsa/datasets/grid/test/s32/bbwp9p.mpg,208,224,4.279516220092773,0.9593873160089222
206,9,/home/nabizadz/Projects/Mahsa/datasets/grid/test/s32/lbwiza.mpg,21,37,4.312084674835205,0.9826196161668103
206,10,/home/nabizadz/Projects/Mahsa/datasets/grid/test/s32/sbix8a.mpg,168,184,2.928436517715454,0.981694892005134
206,11,/home/nabizadz/Projects/Mahsa/datasets/grid/test/s32/bwwr1p.mpg,143,159,3.579105854034424,0.9686527156163056
206,12,/home/nabizadz/Projects/Mahsa/datasets/grid/test/s32/brijza.mpg,83,99,2.7416913509368896,0.9759750977517297
206,13,/home/nabizadz/Projects/Mahsa/datasets/grid/test/s32/prbg4s.mpg,209,225,4.50978946685791,0.9794306039239244
206,14,/home/nabizadz/Projects/Mahsa/datasets/grid/test/s32/prbm8s.mpg,136,152,3.4000487327575684,0.9837988800536871
206,15,/home/nabizadz/Projects/Mahsa/datasets/grid/test/s32/pgwb6s.mpg,266,282,4.155740737915039,0.9318285506800793
207,0,/home/nabizadz/Projects/Mahsa/datasets/grid/test/s32/bwax6s.mpg,148,164,3.748373031616211,0.9918898590236436
207,1,/home/nabizadz/Projects/Mahsa/datasets/grid/test/s32/prwt7p.mpg,65,81,2.983642816543579,0.980722634392936
207,2,/home/nabizadz/Projects/Mahsa/datasets/grid/test/s32/bwaq2s.mpg,73,89,3.3474185466766357,0.9660552829892785
207,3,/home/nabizadz/Projects/Mahsa/datasets/grid/test/s32/swar8s.mpg,43,59,3.3268649578094482,0.9594022636457616
207,4,/home/nabizadz/Projects/Mahsa/datasets/grid/test/s32/pwag6s.mpg,23,39,4.306816577911377,0.9796100330141214
207,5,/home/nabizadz/Projects/Mahsa/datasets/grid/test/s32/bgad9n.mpg,15,31,4.346465587615967,0.9846257246319471
207,6,/home/nabizadz/Projects/Mahsa/datasets/grid/test/s32/lgbxzs.mpg,100,116,3.6669986248016357,0.9814174608232463
207,7,/home/nabizadz/Projects/Mahsa/datasets/grid/test/s32/swbl8s.mpg,107,123,3.6662707328796387,0.9655637718920014
207,8,/home/nabizadz/Projects/Mahsa/datasets/grid/test/s32/lbbn7n.mpg,221,237,4.449592113494873,0.9548721283488677
207,9,/home/nabizadz/Projects/Mahsa/datasets/grid/test/s32/swbf5p.mpg,246,262,4.490447998046875,0.9381120771816074
207,10,/home/nabizadz/Projects/Mahsa/datasets/grid/test/s32/sgwg4s.mpg,259,275,4.272749423980713,0.9172442897230999
207,11,/home/nabizadz/Projects/Mahsa/datasets/grid/test/s32/prif7p.mpg,154,170,3.5346312522888184,0.9628965496934786
207,12,/home/nabizadz/Projects/Mahsa/datasets/grid/test/s32/sbwr3n.mpg,183,199,3.902585744857788,0.9750081143156549
207,13,/home/nabizadz/Projects/Mahsa/datasets/grid/test/s32/sbaq8a.mpg,37,53,4.037304401397705,0.9753049974291709
207,14,/home/nabizadz/Projects/Mahsa/datasets/grid/test/s32/lwbi5n.mpg,167,183,2.1364829540252686,0.9822223115447494
207,15,/home/nabizadz/Projects/Mahsa/datasets/grid/test/s32/swir3n.mpg,87,103,3.1603167057037354,0.9849764334045862
208,0,/home/nabizadz/Projects/Mahsa/datasets/grid/test/s32/lwib6a.mpg,107,123,3.571566104888916,0.9658152344690087
208,1,/home/nabizadz/Projects/Mahsa/datasets/grid/test/s32/lwio4a.mpg,51,67,3.008157968521118,0.9806073459263318
208,2,/home/nabizadz/Projects/Mahsa/datasets/grid/test/s32/srbr6s.mpg,187,203,3.3073506355285645,0.963621242104402
208,3,/home/nabizadz/Projects/Mahsa/datasets/grid/test/s32/bbbp3n.mpg,29,45,4.219424247741699,0.9336358941694987
208,4,/home/nabizadz/Projects/Mahsa/datasets/grid/test/s32/bwbeza.mpg,76,92,3.128610610961914,0.9745037830024958
208,5,/home/nabizadz/Projects/Mahsa/datasets/grid/test/s32/lrbb7p.mpg,152,168,3.75746750831604,0.9792496582363746
208,6,/home/nabizadz/Projects/Mahsa/datasets/grid/test/s32/pwbh1p.mpg,144,160,2.9382097721099854,0.9694063778754953
208,7,/home/nabizadz/Projects/Mahsa/datasets/grid/test/s32/lgwj7p.mpg,11,27,4.084544658660889,0.9737604220232787
208,8,/home/nabizadz/Projects/Mahsa/datasets/grid/test/s32/srwl6s.mpg,103,119,2.0354576110839844,0.9709400806165664
208,9,/home/nabizadz/Projects/Mahsa/datasets/grid/test/s32/prwa6a.mpg,282,298,4.323707580566406,0.9476299412804196
208,10,/home/nabizadz/Projects/Mahsa/datasets/grid/test/s32/lrbb5n.mpg,195,211,4.363746166229248,0.9789809496947658
208,11,/home/nabizadz/Projects/Mahsa/datasets/grid/test/s32/bgix8s.mpg,96,112,3.2098913192749023,0.9830342925198574
208,12,/home/nabizadz/Projects/Mahsa/datasets/grid/test/s32/bric3n.mpg,81,97,3.388150691986084,0.9764482554484251
208,13,/home/nabizadz/Projects/Mahsa/datasets/grid/test/s32/bwiqza.mpg,119,135,3.6127963066101074,0.965999312759035
208,14,/home/nabizadz/Projects/Mahsa/datasets/grid/test/s32/bgiq6a.mpg,44,60,3.5598230361938477,0.9653392873208442
208,15,/home/nabizadz/Projects/Mahsa/datasets/grid/test/s32/sgil5n.mpg,216,232,4.4671101570129395,0.9834418103505941
209,0,/home/nabizadz/Projects/Mahsa/datasets/grid/test/s32/braj4a.mpg,120,136,3.3626420497894287,0.9640696179978788
209,1,/home/nabizadz/Projects/Mahsa/datasets/grid/test/s32/bbio8a.mpg,275,291,4.463212966918945,0.9661508453686258
209,2,/home/nabizadz/Projects/Mahsa/datasets/grid/test/s32/lrah6s.mpg,55,71,3.5515658855438232,0.9773925211211459
209,3,/home/nabizadz/Projects/Mahsa/datasets/grid/test/s32/pwat4s.mpg,254,270,4.369009494781494,0.8793264056052662
209,4,/home/nabizadz/Projects/Mahsa/datasets/grid/test/s32/lbig6s.mpg,179,195,3.7633023262023926,0.9775952069823775
209,5,/home/nabizadz/Projects/Mahsa/datasets/grid/test/s32/bgbe5p.mpg,39,55,4.266866207122803,0.9747166525784983
209,6,/home/nabizadz/Projects/Mahsa/datasets/grid/test/s32/sbad9p.mpg,281,297,4.402423858642578,0.9981335773042881
209,7,/home/nabizadz/Projects/Mahsa/datasets/grid/test/s32/bgay1n.mpg,151,167,2.751526117324829,0.9675494595872315
209,8,/home/nabizadz/Projects/Mahsa/datasets/grid/test/s32/lwio2s.mpg,234,250,4.472053527832031,0.9870176079365781
209,9,/home/nabizadz/Projects/Mahsa/datasets/grid/test/s32/bwbk1n.mpg,37,53,3.725587844848633,0.9854871340404755
209,10,/home/nabizadz/Projects/Mahsa/datasets/grid/test/s32/lgio8s.mpg,179,195,4.12366247177124,0.9733778178673093
209,11,/home/nabizadz/Projects/Mahsa/datasets/grid/test/s32/bbai7p.mpg,204,220,4.437417984008789,0.9086302137492174
209,12,/home/nabizadz/Projects/Mahsa/datasets/grid/test/s32/prbm9p.mpg,166,182,3.7908549308776855,0.9771846257220665
209,13,/home/nabizadz/Projects/Mahsa/datasets/grid/test/s32/lbbb2a.mpg,141,157,2.4973831176757812,0.9584369989493
209,14,/home/nabizadz/Projects/Mahsa/datasets/grid/test/s32/sbid3n.mpg,97,113,1.9200265407562256,0.9827604704041979
209,15,/home/nabizadz/Projects/Mahsa/datasets/grid/test/s32/swbz5n.mpg,164,180,3.807546377182007,0.9862231534202589
210,0,/home/nabizadz/Projects/Mahsa/datasets/grid/test/s32/lria9p.mpg,193,209,3.7365221977233887,0.9634764090040561
210,1,/home/nabizadz/Projects/Mahsa/datasets/grid/test/s32/sgaz7n.mpg,192,208,2.776947259902954,0.982115260378287
210,2,/home/nabizadz/Projects/Mahsa/datasets/grid/test/s32/sgaz8s.mpg,249,265,4.34273624420166,0.9696347840652897
210,3,/home/nabizadz/Projects/Mahsa/datasets/grid/test/s32/sbbe3p.mpg,0,16,4.237212181091309,0.993556139329092
210,4,/home/nabizadz/Projects/Mahsa/datasets/grid/test/s32/bradza.mpg,50,66,4.308493614196777,0.9959534534976676
210,5,/home/nabizadz/Projects/Mahsa/datasets/grid/test/s32/bbav3n.mpg,152,168,3.3002536296844482,0.9639268743325871
210,6,/home/nabizadz/Projects/Mahsa/datasets/grid/test/s32/prba2a.mpg,241,257,4.463028907775879,0.9461277298271158
210,7,/home/nabizadz/Projects/Mahsa/datasets/grid/test/s32/pwbn6a.mpg,43,59,3.3187291622161865,0.9613485125251281
210,8,/home/nabizadz/Projects/Mahsa/datasets/grid/test/s32/prbt1n.mpg,129,145,3.1377127170562744,0.9629228051111535
210,9,/home/nabizadz/Projects/Mahsa/datasets/grid/test/s32/lrwv1n.mpg,23,39,4.456670761108398,0.9947937763659689
210,10,/home/nabizadz/Projects/Mahsa/datasets/grid/test/s32/pgbb1n.mpg,39,55,3.531001567840576,0.9644569374460992
210,11,/home/nabizadz/Projects/Mahsa/datasets/grid/test/s32/srar3p.mpg,217,233,4.297840118408203,0.9255798636495073
210,12,/home/nabizadz/Projects/Mahsa/datasets/grid/test/s32/lrwo7n.mpg,120,136,3.512195587158203,0.9672588738621241
210,13,/home/nabizadz/Projects/Mahsa/datasets/grid/test/s32/bwij6a.mpg,25,41,4.295518398284912,0.9867288388872699
210,14,/home/nabizadz/Projects/Mahsa/datasets/grid/test/s32/pbws9n.mpg,279,295,4.321433067321777,0.9769237038896108
210,15,/home/nabizadz/Projects/Mahsa/datasets/grid/test/s32/bbwdzs.mpg,193,209,3.490550994873047,0.9865372622855623
211,0,/home/nabizadz/Projects/Mahsa/datasets/grid/test/s32/bgblza.mpg,204,220,4.308414459228516,0.9436680268344242
211,1,/home/nabizadz/Projects/Mahsa/datasets/grid/test/s32/lrao1p.mpg,125,141,2.3317766189575195,0.9634324893247195
211,2,/home/nabizadz/Projects/Mahsa/datasets/grid/test/s32/bbai8a.mpg,176,192,3.4714019298553467,0.977335963257521
211,3,/home/nabizadz/Projects/Mahsa/datasets/grid/test/s32/swbz6s.mpg,255,271,4.214565277099609,0.8673993100425647
211,4,/home/nabizadz/Projects/Mahsa/datasets/grid/test/s32/swaz1n.mpg,194,210,4.334566116333008,0.9581547180053673
211,5,/home/nabizadz/Projects/Mahsa/datasets/grid/test/s32/swws8a.mpg,210,226,4.326533794403076,0.97274428607819
211,6,/home/nabizadz/Projects/Mahsa/datasets/grid/test/s32/pwbt7n.mpg,131,147,3.4315953254699707,0.9591218898876066
211,7,/home/nabizadz/Projects/Mahsa/datasets/grid/test/s32/pwbt8s.mpg,244,260,4.450584411621094,0.8859739221273735
211,8,/home/nabizadz/Projects/Mahsa/datasets/grid/test/s32/brwk2a.mpg,270,286,4.28951358795166,0.9954958123461607
211,9,/home/nabizadz/Projects/Mahsa/datasets/grid/test/s32/lban6a.mpg,265,281,4.207664966583252,0.8927885049390929
211,10,/home/nabizadz/Projects/Mahsa/datasets/grid/test/s32/pgaa7n.mpg,105,121,2.9196646213531494,0.9729829419705868
211,11,/home/nabizadz/Projects/Mahsa/datasets/grid/test/s32/lgap1n.mpg,124,140,3.3299689292907715,0.9803621141539645
211,12,/home/nabizadz/Projects/Mahsa/datasets/grid/test/s32/pgbu5p.mpg,88,104,2.8163013458251953,0.9883860577013541
211,13,/home/nabizadz/Projects/Mahsa/datasets/grid/test/s32/lgav5n.mpg,73,89,2.9929263591766357,0.9796421073152154
211,14,/home/nabizadz/Projects/Mahsa/datasets/grid/test/s32/sgis1p.mpg,127,143,3.78287410736084,0.9867744422723863
211,15,/home/nabizadz/Projects/Mahsa/datasets/grid/test/s32/lrwi5p.mpg,229,245,4.393354892730713,0.9349331122172729
212,0,/home/nabizadz/Projects/Mahsa/datasets/grid/test/s32/pgaa8s.mpg,222,238,4.431960582733154,0.9655572945557633
212,1,/home/nabizadz/Projects/Mahsa/datasets/grid/test/s32/bric5p.mpg,125,141,3.3100929260253906,0.980682794862942
212,2,/home/nabizadz/Projects/Mahsa/datasets/grid/test/s32/bwby2a.mpg,208,224,4.3819260597229,0.9646388412386888
212,3,/home/nabizadz/Projects/Mahsa/datasets/grid/test/s32/bgiyza.mpg,219,235,4.277878284454346,0.959262862984964
212,4,/home/nabizadz/Projects/Mahsa/datasets/grid/test/s32/lriuzs.mpg,67,83,2.1816794872283936,0.9732887203443059
212,5,/home/nabizadz/Projects/Mahsa/datasets/grid/test/s32/lbah2a.mpg,112,128,3.3690927028656006,0.9749062198550709
212,6,/home/nabizadz/Projects/Mahsa/datasets/grid/test/s32/bgbr4a.mpg,274,290,4.093817234039307,0.9621681888829884
212,7,/home/nabizadz/Projects/Mahsa/datasets/grid/test/s32/swizza.mpg,279,295,4.325240612030029,0.9889615502318062
212,8,/home/nabizadz/Projects/Mahsa/datasets/grid/test/s32/lbba9n.mpg,68,84,2.1735782623291016,0.9815900632895932
212,9,/home/nabizadz/Projects/Mahsa/datasets/grid/test/s32/lbwb6a.mpg,10,26,4.431604862213135,0.9840893037519569
212,10,/home/nabizadz/Projects/Mahsa/datasets/grid/test/s32/sgwa1p.mpg,43,59,4.042898654937744,0.9790027438614944
212,11,/home/nabizadz/Projects/Mahsa/datasets/grid/test/s32/lgbx2a.mpg,11,27,4.175631999969482,0.9620613442853796
212,12,/home/nabizadz/Projects/Mahsa/datasets/grid/test/s32/lgbv9n.mpg,165,181,3.376633405685425,0.9759565063049975
212,13,/home/nabizadz/Projects/Mahsa/datasets/grid/test/s32/lbit3n.mpg,154,170,3.1699912548065186,0.9690323617510923
212,14,/home/nabizadz/Projects/Mahsa/datasets/grid/test/s32/lrab3p.mpg,263,279,4.296052932739258,0.9554197200057553
212,15,/home/nabizadz/Projects/Mahsa/datasets/grid/test/s32/bwic9n.mpg,79,95,3.390834093093872,0.9749309729408295
213,0,/home/nabizadz/Projects/Mahsa/datasets/grid/test/s32/bwaq4a.mpg,234,250,4.148988723754883,0.8810744235268696
213,1,/home/nabizadz/Projects/Mahsa/datasets/grid/test/s32/prwn2s.mpg,45,61,3.4987194538116455,0.981049004551106
213,2,/home/nabizadz/Projects/Mahsa/datasets/grid/test/s32/bbii1n.mpg,177,193,3.6880977153778076,0.9772795883451156
213,3,/home/nabizadz/Projects/Mahsa/datasets/grid/test/s32/pgig7n.mpg,21,37,3.540003776550293,0.9751961399824447
213,4,/home/nabizadz/Projects/Mahsa/datasets/grid/test/s32/pgwh9n.mpg,79,95,3.475635051727295,0.9702719409703557
213,5,/home/nabizadz/Projects/Mahsa/datasets/grid/test/s32/pram4s.mpg,26,42,4.008075714111328,0.9743330382868955
213,6,/home/nabizadz/Projects/Mahsa/datasets/grid/test/s32/swik9n.mpg,262,278,4.397702693939209,0.9453279471847948
213,7,/home/nabizadz/Projects/Mahsa/datasets/grid/test/s32/sbiq4a.mpg,178,194,3.755667209625244,0.972809039324831
213,8,/home/nabizadz/Projects/Mahsa/datasets/grid/test/s32/brbx3n.mpg,228,244,4.4884352684021,0.8751426692145624
213,9,/home/nabizadz/Projects/Mahsa/datasets/grid/test/s32/swwf9p.mpg,155,171,3.6368978023529053,0.9690005908543364
213,10,/home/nabizadz/Projects/Mahsa/datasets/grid/test/s32/bgae2a.mpg,258,274,4.224491119384766,0.9235820141700923
213,11,/home/nabizadz/Projects/Mahsa/datasets/grid/test/s32/bbav4s.mpg,150,166,3.4201409816741943,0.9702493474335747
213,12,/home/nabizadz/Projects/Mahsa/datasets/grid/test/s32/pgbo1p.mpg,126,142,3.1247575283050537,0.9638189121973971
213,13,/home/nabizadz/Projects/Mahsa/datasets/grid/test/s32/srws1p.mpg,88,104,3.254213571548462,0.9827093464592689
213,14,/home/nabizadz/Projects/Mahsa/datasets/grid/test/s32/lwwv9p.mpg,225,241,4.2701029777526855,0.9261458729172195
213,15,/home/nabizadz/Projects/Mahsa/datasets/grid/test/s32/lwau9n.mpg,103,119,3.7817113399505615,0.9887802374684954
214,0,/home/nabizadz/Projects/Mahsa/datasets/grid/test/s32/swwf8s.mpg,77,93,3.3100075721740723,0.9525258103438001
214,1,/home/nabizadz/Projects/Mahsa/datasets/grid/test/s32/sgam1p.mpg,135,151,3.523547887802124,0.9688686694823005
214,2,/home/nabizadz/Projects/Mahsa/datasets/grid/test/s32/brax1p.mpg,3,19,4.297619342803955,0.9950182752536612
214,3,/home/nabizadz/Projects/Mahsa/datasets/grid/test/s32/bbii2s.mpg,241,257,4.376376152038574,0.9410195641809759
214,4,/home/nabizadz/Projects/Mahsa/datasets/grid/test/s32/pril9n.mpg,151,167,3.029205799102783,0.9459130486605686
214,5,/home/nabizadz/Projects/Mahsa/datasets/grid/test/s32/srbr8a.mpg,50,66,3.3240551948547363,0.9754163880265355
214,6,/home/nabizadz/Projects/Mahsa/datasets/grid/test/s32/bgay4a.mpg,94,110,3.483358860015869,0.9870341973103766
214,7,/home/nabizadz/Projects/Mahsa/datasets/grid/test/s32/swbs4a.mpg,189,205,4.274354934692383,0.976894225001348
214,8,/home/nabizadz/Projects/Mahsa/datasets/grid/test/s32/swie7p.mpg,191,207,3.8435635566711426,0.9490517135539059
214,9,/home/nabizadz/Projects/Mahsa/datasets/grid/test/s32/lwai1n.mpg,273,289,4.265069961547852,0.9354457599696856
214,10,/home/nabizadz/Projects/Mahsa/datasets/grid/test/s32/srwszs.mpg,88,104,3.1859140396118164,0.9760440029937718
214,11,/home/nabizadz/Projects/Mahsa/datasets/grid/test/s32/pwig3p.mpg,23,39,4.232466220855713,0.9824306952653934
214,12,/home/nabizadz/Projects/Mahsa/datasets/grid/test/s32/pgia6a.mpg,76,92,3.0144922733306885,0.9535834873952647
214,13,/home/nabizadz/Projects/Mahsa/datasets/grid/test/s32/sgiz3n.mpg,275,291,4.173981189727783,0.9437055046421874
214,14,/home/nabizadz/Projects/Mahsa/datasets/grid/test/s32/lgap3p.mpg,256,272,4.318829536437988,0.9095267588102837
214,15,/home/nabizadz/Projects/Mahsa/datasets/grid/test/s32/pgin4a.mpg,1,17,4.397270202636719,0.9997903575454747
215,0,/home/nabizadz/Projects/Mahsa/datasets/grid/test/s32/sgbm5p.mpg,7,23,4.352224826812744,0.974472988205994
215,1,/home/nabizadz/Projects/Mahsa/datasets/grid/test/s32/bbiv2a.mpg,78,94,3.4560391902923584,0.9653582946661649
215,2,/home/nabizadz/Projects/Mahsa/datasets/grid/test/s32/pgwb7p.mpg,198,214,4.044259548187256,0.9843185294295652
215,3,/home/nabizadz/Projects/Mahsa/datasets/grid/test/s32/lrab1n.mpg,165,181,4.086249351501465,0.9851803785773526
215,4,/home/nabizadz/Projects/Mahsa/datasets/grid/test/s32/pgbu4s.mpg,10,26,4.333347320556641,0.9835511434258761
215,5,/home/nabizadz/Projects/Mahsa/datasets/grid/test/s32/srik5p.mpg,242,258,4.393699645996094,0.9755942351919269
215,6,/home/nabizadz/Projects/Mahsa/datasets/grid/test/s32/pbas1n.mpg,225,241,4.46542501449585,0.9671248230378049
215,7,/home/nabizadz/Projects/Mahsa/datasets/grid/test/s32/lwih9p.mpg,48,64,3.8704519271850586,0.989338897808252
215,8,/home/nabizadz/Projects/Mahsa/datasets/grid/test/s32/briv8a.mpg,160,176,3.311548948287964,0.9757613074423649
215,9,/home/nabizadz/Projects/Mahsa/datasets/grid/test/s32/lbwb3n.mpg,127,143,3.7003610134124756,0.9765638241361376
215,10,/home/nabizadz/Projects/Mahsa/datasets/grid/test/s32/brbp9n.mpg,219,235,4.294156551361084,0.9761957372634176
215,11,/home/nabizadz/Projects/Mahsa/datasets/grid/test/s32/pwit2a.mpg,109,125,3.537243127822876,0.9859601098729195
215,12,/home/nabizadz/Projects/Mahsa/datasets/grid/test/s32/lbbh4s.mpg,92,108,3.1229677200317383,0.977928706517986
215,13,/home/nabizadz/Projects/Mahsa/datasets/grid/test/s32/bbwj3n.mpg,244,260,4.350856781005859,0.8704889002059871
215,14,/home/nabizadz/Projects/Mahsa/datasets/grid/test/s32/lbaa5n.mpg,192,208,3.5269687175750732,0.9728704626398925
215,15,/home/nabizadz/Projects/Mahsa/datasets/grid/test/s32/lwbi6s.mpg,40,56,3.6172702312469482,0.9844485459625224
216,0,/home/nabizadz/Projects/Mahsa/datasets/grid/test/s32/lbia3p.mpg,150,166,2.843491792678833,0.9410589834576117
216,1,/home/nabizadz/Projects/Mahsa/datasets/grid/test/s32/lgii4s.mpg,253,269,4.21986198425293,0.8537813285298539
216,2,/home/nabizadz/Projects/Mahsa/datasets/grid/test/s32/sbaq6s.mpg,83,99,3.130005359649658,0.96835947650855
216,3,/home/nabizadz/Projects/Mahsa/datasets/grid/test/s32/braj2s.mpg,41,57,3.482473134994507,0.9547523452711053
216,4,/home/nabizadz/Projects/Mahsa/datasets/grid/test/s32/pbil6a.mpg,281,297,3.9122750759124756,0.9493257450487451
216,5,/home/nabizadz/Projects/Mahsa/datasets/grid/test/s32/lbah1p.mpg,6,22,4.388573169708252,0.9887473241989482
216,6,/home/nabizadz/Projects/Mahsa/datasets/grid/test/s32/priz7n.mpg,46,62,3.3447201251983643,0.9829278772072673
216,7,/home/nabizadz/Projects/Mahsa/datasets/grid/test/s32/pwag8a.mpg,145,161,3.22879958152771,0.9594385861878914
216,8,/home/nabizadz/Projects/Mahsa/datasets/grid/test/s32/lgbp6s.mpg,63,79,3.1820614337921143,0.9438416680501587
216,9,/home/nabizadz/Projects/Mahsa/datasets/grid/test/s32/brwd6s.mpg,44,60,3.9775490760803223,0.9882768009253775
216,10,/home/nabizadz/Projects/Mahsa/datasets/grid/test/s32/lgwx6a.mpg,64,80,3.2796027660369873,0.9606256821972543
216,11,/home/nabizadz/Projects/Mahsa/datasets/grid/test/s32/swal5p.mpg,60,76,3.47194766998291,0.9677648879517522
216,12,/home/nabizadz/Projects/Mahsa/datasets/grid/test/s32/pbiz4a.mpg,2,18,4.287572860717773,0.9514527148790466
216,13,/home/nabizadz/Projects/Mahsa/datasets/grid/test/s32/prif8a.mpg,138,154,3.598639965057373,0.9751173043643719
216,14,/home/nabizadz/Projects/Mahsa/datasets/grid/test/s32/sgiz5p.mpg,273,289,4.3581085205078125,0.942673249011234
216,15,/home/nabizadz/Projects/Mahsa/datasets/grid/test/s32/brwk1p.mpg,57,73,4.455885887145996,0.9904326196885037
217,0,/home/nabizadz/Projects/Mahsa/datasets/grid/test/s32/prbg6a.mpg,40,56,4.311713218688965,0.9774055966377763
217,1,/home/nabizadz/Projects/Mahsa/datasets/grid/test/s32/brac8s.mpg,12,28,4.475551128387451,0.992969064632037
217,2,/home/nabizadz/Projects/Mahsa/datasets/grid/test/s32/pbbm3p.mpg,2,18,4.346526145935059,0.9736443791351826
217,3,/home/nabizadz/Projects/Mahsa/datasets/grid/test/s32/bwwr2a.mpg,199,215,4.290036678314209,0.9297655458551781
217,4,/home/nabizadz/Projects/Mahsa/datasets/grid/test/s32/lbat8s.mpg,190,206,4.428976535797119,0.967537079153265
217,5,/home/nabizadz/Projects/Mahsa/datasets/grid/test/s32/priz8s.mpg,42,58,3.9050002098083496,0.9621884718577154
217,6,/home/nabizadz/Projects/Mahsa/datasets/grid/test/s32/pwbn3n.mpg,116,132,3.677457571029663,0.9810910572014436
217,7,/home/nabizadz/Projects/Mahsa/datasets/grid/test/s32/sbby4s.mpg,230,246,4.37269401550293,0.8678243332759367
217,8,/home/nabizadz/Projects/Mahsa/datasets/grid/test/s32/braj3p.mpg,96,112,3.266903877258301,0.9672760066027046
217,9,/home/nabizadz/Projects/Mahsa/datasets/grid/test/s32/bwid2a.mpg,142,158,3.5384368896484375,0.9516180511224791
217,10,/home/nabizadz/Projects/Mahsa/datasets/grid/test/s32/pwwu1n.mpg,194,210,4.308330059051514,0.9773845038013858
217,11,/home/nabizadz/Projects/Mahsa/datasets/grid/test/s32/lrwi3n.mpg,37,53,3.521763324737549,0.955831977971141
217,12,/home/nabizadz/Projects/Mahsa/datasets/grid/test/s32/bgwr8a.mpg,96,112,2.895810842514038,0.9718016847967916
217,13,/home/nabizadz/Projects/Mahsa/datasets/grid/test/s32/pwig2s.mpg,177,193,4.2524285316467285,0.968450695331036
217,14,/home/nabizadz/Projects/Mahsa/datasets/grid/test/s32/lgbp5n.mpg,17,33,4.163751602172852,0.971571943906782
217,15,/home/nabizadz/Projects/Mahsa/datasets/grid/test/s32/bgwy9n.mpg,163,179,3.8695971965789795,0.9472684671033144
218,0,/home/nabizadz/Projects/Mahsa/datasets/grid/test/s32/pgin1n.mpg,195,211,4.325794219970703,0.9878073201472068
218,1,/home/nabizadz/Projects/Mahsa/datasets/grid/test/s32/bbbv7n.mpg,140,156,3.5256502628326416,0.9768755787818545
218,2,/home/nabizadz/Projects/Mahsa/datasets/grid/test/s32/pgihza.mpg,8,24,4.283015251159668,0.9553662540582357
218,3,/home/nabizadz/Projects/Mahsa/datasets/grid/test/s32/bwbd9p.mpg,98,114,3.294853687286377,0.9727689104042866
218,4,/home/nabizadz/Projects/Mahsa/datasets/grid/test/s32/pwbuza.mpg,255,271,4.307109832763672,0.9425844700826495
218,5,/home/nabizadz/Projects/Mahsa/datasets/grid/test/s32/pwaa4a.mpg,40,56,3.370751142501831,0.9578164225942586
218,6,/home/nabizadz/Projects/Mahsa/datasets/grid/test/s32/prag1p.mpg,36,52,4.468768119812012,0.9860445836310495
218,7,/home/nabizadz/Projects/Mahsa/datasets/grid/test/s32/swal3n.mpg,251,267,4.250814437866211,0.9852834231977625
218,8,/home/nabizadz/Projects/Mahsa/datasets/grid/test/s32/pwbt9p.mpg,33,49,4.174830913543701,0.9857063953952263
218,9,/home/nabizadz/Projects/Mahsa/datasets/grid/test/s32/bwax8a.mpg,65,81,2.9349377155303955,0.9694367242291684
218,10,/home/nabizadz/Projects/Mahsa/datasets/grid/test/s32/srak9p.mpg,132,148,3.6249313354492188,0.9764231120646713
218,11,/home/nabizadz/Projects/Mahsa/datasets/grid/test/s32/bgaq7n.mpg,176,192,3.342278003692627,0.9627320674559203
218,12,/home/nabizadz/Projects/Mahsa/datasets/grid/test/s32/swie6s.mpg,80,96,2.4273171424865723,0.9709576619819216
218,13,/home/nabizadz/Projects/Mahsa/datasets/grid/test/s32/sgbtza.mpg,155,171,1.7752878665924072,0.9620643752776432
218,14,/home/nabizadz/Projects/Mahsa/datasets/grid/test/s32/sbix7p.mpg,180,196,4.004924774169922,0.966760179717993
218,15,/home/nabizadz/Projects/Mahsa/datasets/grid/test/s32/lrwi4s.mpg,202,218,4.322831630706787,0.9816677653565088
219,0,/home/nabizadz/Projects/Mahsa/datasets/grid/test/s32/lwiu7p.mpg,22,38,4.2841596603393555,0.9845316780948956
219,1,/home/nabizadz/Projects/Mahsa/datasets/grid/test/s32/bgiq5p.mpg,128,144,3.3480987548828125,0.9864780585956047
219,2,/home/nabizadz/Projects/Mahsa/datasets/grid/test/s32/lgiv4a.mpg,176,192,3.6033809185028076,0.971349046401447
219,3,/home/nabizadz/Projects/Mahsa/datasets/grid/test/s32/prbt3p.mpg,150,166,3.060359001159668,0.9499988744662636
219,4,/home/nabizadz/Projects/Mahsa/datasets/grid/test/s32/swbs1n.mpg,143,159,3.4077632427215576,0.9765111730222634
219,5,/home/nabizadz/Projects/Mahsa/datasets/grid/test/s32/pwba8a.mpg,280,296,4.2069172859191895,0.9374202105903948
219,6,/home/nabizadz/Projects/Mahsa/datasets/grid/test/s32/bbicza.mpg,105,121,3.6146252155303955,0.9624473618946641
219,7,/home/nabizadz/Projects/Mahsa/datasets/grid/test/s32/pgbu6a.mpg,273,289,4.281322956085205,0.989289682885631
219,8,/home/nabizadz/Projects/Mahsa/datasets/grid/test/s32/sgbgzs.mpg,158,174,3.268299102783203,0.9818740967019561
219,9,/home/nabizadz/Projects/Mahsa/datasets/grid/test/s32/pbal9p.mpg,24,40,4.180261611938477,0.9885468651659033
219,10,/home/nabizadz/Projects/Mahsa/datasets/grid/test/s32/sgam2a.mpg,183,199,3.605010747909546,0.9844670427064784
219,11,/home/nabizadz/Projects/Mahsa/datasets/grid/test/s32/lgii5p.mpg,26,42,4.23936128616333,0.9855514581077852
219,12,/home/nabizadz/Projects/Mahsa/datasets/grid/test/s32/sbwr6a.mpg,10,26,4.520050525665283,0.9987437642459546
219,13,/home/nabizadz/Projects/Mahsa/datasets/grid/test/s32/lbwo2s.mpg,116,132,3.227640390396118,0.9801830039295916
219,14,/home/nabizadz/Projects/Mahsa/datasets/grid/test/s32/bbac3p.mpg,255,271,4.207561492919922,0.8639725125912495
219,15,/home/nabizadz/Projects/Mahsa/datasets/grid/test/s32/swie5n.mpg,277,293,4.213137149810791,0.9326113669263235
220,0,/home/nabizadz/Projects/Mahsa/datasets/grid/test/s32/bgid5n.mpg,276,292,4.384158134460449,0.9705701399168964
220,1,/home/nabizadz/Projects/Mahsa/datasets/grid/test/s32/lrwi6a.mpg,224,240,4.540900707244873,0.9588034043336318
220,2,/home/nabizadz/Projects/Mahsa/datasets/grid/test/s32/sgas3n.mpg,246,262,4.220367431640625,0.836809889006933
220,3,/home/nabizadz/Projects/Mahsa/datasets/grid/test/s32/brwx9p.mpg,111,127,3.017551898956299,0.9724280973316604
220,4,/home/nabizadz/Projects/Mahsa/datasets/grid/test/s32/bwix2s.mpg,6,22,4.349862575531006,0.9563639650046862
220,5,/home/nabizadz/Projects/Mahsa/datasets/grid/test/s32/bwaq1n.mpg,270,286,4.230118751525879,0.930974594689274
220,6,/home/nabizadz/Projects/Mahsa/datasets/grid/test/s32/lrwo8s.mpg,29,45,3.520397663116455,0.9363208762959316
220,7,/home/nabizadz/Projects/Mahsa/datasets/grid/test/s32/lgbj1n.mpg,5,21,4.35177755355835,0.9858867166577479
220,8,/home/nabizadz/Projects/Mahsa/datasets/grid/test/s32/pgwo4s.mpg,184,200,3.246273994445801,0.9661900469465993
220,9,/home/nabizadz/Projects/Mahsa/datasets/grid/test/s32/srbzzs.mpg,240,256,4.340003490447998,0.9109317091664987
220,10,/home/nabizadz/Projects/Mahsa/datasets/grid/test/s32/prbt4a.mpg,124,140,3.500401258468628,0.9859105547215417
220,11,/home/nabizadz/Projects/Mahsa/datasets/grid/test/s32/sgwm7n.mpg,252,268,4.351932048797607,0.9179333522711093
220,12,/home/nabizadz/Projects/Mahsa/datasets/grid/test/s32/bbbv8s.mpg,112,128,3.3739233016967773,0.9658734736262092
220,13,/home/nabizadz/Projects/Mahsa/datasets/grid/test/s32/pgwu8s.mpg,110,126,3.2145705223083496,0.9716709638222376
220,14,/home/nabizadz/Projects/Mahsa/datasets/grid/test/s32/lgwq2a.mpg,265,281,4.121554851531982,0.91222828832818
220,15,/home/nabizadz/Projects/Mahsa/datasets/grid/test/s32/lbwh7n.mpg,65,81,2.3533425331115723,0.9596287993482702
221,0,/home/nabizadz/Projects/Mahsa/datasets/grid/test/s32/lwih8s.mpg,192,208,4.242439270019531,0.9638134678114947
221,1,/home/nabizadz/Projects/Mahsa/datasets/grid/test/s32/bbib9p.mpg,37,53,4.22120475769043,0.984831452903771
221,2,/home/nabizadz/Projects/Mahsa/datasets/grid/test/s32/sgbg2a.mpg,196,212,2.9461355209350586,0.9804683742620498
221,3,/home/nabizadz/Projects/Mahsa/datasets/grid/test/s32/pgah3p.mpg,165,181,3.0432965755462646,0.9706297581379529
221,4,/home/nabizadz/Projects/Mahsa/datasets/grid/test/s32/pragzs.mpg,89,105,3.105816125869751,0.9721113952435205
221,5,/home/nabizadz/Projects/Mahsa/datasets/grid/test/s32/lrih1n.mpg,17,33,4.354097366333008,0.9997519704869992
221,6,/home/nabizadz/Projects/Mahsa/datasets/grid/test/s32/sgaf7p.mpg,76,92,3.393326997756958,0.969910435726445
221,7,/home/nabizadz/Projects/Mahsa/datasets/grid/test/s32/bwaj9p.mpg,120,136,3.2552459239959717,0.9733710636449745
221,8,/home/nabizadz/Projects/Mahsa/datasets/grid/test/s32/sgwt3p.mpg,217,233,4.190003871917725,0.9519348146381202
221,9,/home/nabizadz/Projects/Mahsa/datasets/grid/test/s32/srbl2s.mpg,152,168,2.5052154064178467,0.9505254428383402
221,10,/home/nabizadz/Projects/Mahsa/datasets/grid/test/s32/pbif2a.mpg,195,211,4.251832962036133,0.941695331448938
221,11,/home/nabizadz/Projects/Mahsa/datasets/grid/test/s32/prbnza.mpg,210,226,3.8920772075653076,0.9708288078485624
221,12,/home/nabizadz/Projects/Mahsa/datasets/grid/test/s32/lbia2s.mpg,52,68,3.0768520832061768,0.9675985218441835
221,13,/home/nabizadz/Projects/Mahsa/datasets/grid/test/s32/pgan6s.mpg,275,291,4.261641979217529,0.9969458830835103
221,14,/home/nabizadz/Projects/Mahsa/datasets/grid/test/s32/pbal7n.mpg,33,49,4.109729290008545,0.9815482557919584
221,15,/home/nabizadz/Projects/Mahsa/datasets/grid/test/s32/pras8s.mpg,61,77,3.203801155090332,0.9825683439331548
222,0,/home/nabizadz/Projects/Mahsa/datasets/grid/test/s32/lwwp6a.mpg,43,59,3.448808431625366,0.9520138899238245
222,1,/home/nabizadz/Projects/Mahsa/datasets/grid/test/s32/lwbc1n.mpg,284,300,4.2675604820251465,0.9425641537023226
222,2,/home/nabizadz/Projects/Mahsa/datasets/grid/test/s32/prwg8s.mpg,75,91,3.3279948234558105,0.9805108909633519
222,3,/home/nabizadz/Projects/Mahsa/datasets/grid/test/s32/bgix9p.mpg,49,65,3.0524325370788574,0.9667072379811518
222,4,/home/nabizadz/Projects/Mahsa/datasets/grid/test/s32/bgid8a.mpg,0,16,4.139725685119629,0.9760845288319854
222,5,/home/nabizadz/Projects/Mahsa/datasets/grid/test/s32/srae6a.mpg,271,287,4.286073684692383,0.9213360626680459
222,6,/home/nabizadz/Projects/Mahsa/datasets/grid/test/s32/lrwczs.mpg,251,267,4.269330024719238,0.9166320933416474
222,7,/home/nabizadz/Projects/Mahsa/datasets/grid/test/s32/brbqzs.mpg,191,207,3.8625411987304688,0.9766355548666799
222,8,/home/nabizadz/Projects/Mahsa/datasets/grid/test/s32/lgwd2s.mpg,271,287,4.357696533203125,0.9295850405880672
222,9,/home/nabizadz/Projects/Mahsa/datasets/grid/test/s32/swws5n.mpg,193,209,3.4799749851226807,0.9763861777271933
222,10,/home/nabizadz/Projects/Mahsa/datasets/grid/test/s32/swil1p.mpg,133,149,3.541529417037964,0.9702520551766536
222,11,/home/nabizadz/Projects/Mahsa/datasets/grid/test/s32/bgbe6a.mpg,225,241,4.428817272186279,0.9799578093272387
222,12,/home/nabizadz/Projects/Mahsa/datasets/grid/test/s32/pris4s.mpg,185,201,4.3447160720825195,0.9508201182924619
222,13,/home/nabizadz/Projects/Mahsa/datasets/grid/test/s32/pram6a.mpg,279,295,4.356732368469238,0.9697075119358691
222,14,/home/nabizadz/Projects/Mahsa/datasets/grid/test/s32/lwiiza.mpg,187,203,3.3973441123962402,0.9776237573306952
222,15,/home/nabizadz/Projects/Mahsa/datasets/grid/test/s32/brwq5p.mpg,257,273,4.3344268798828125,0.9435096702461455
223,0,/home/nabizadz/Projects/Mahsa/datasets/grid/test/s32/lwao6s.mpg,108,124,3.208254337310791,0.9734793204314055
223,1,/home/nabizadz/Projects/Mahsa/datasets/grid/test/s32/lwacza.mpg,129,145,3.3275270462036133,0.9568663095527472
223,2,/home/nabizadz/Projects/Mahsa/datasets/grid/test/s32/pbaf3n.mpg,1,17,4.470767021179199,0.9946751208497543
223,3,/home/nabizadz/Projects/Mahsa/datasets/grid/test/s32/brav9n.mpg,32,48,4.362259864807129,0.9809809574502556
223,4,/home/nabizadz/Projects/Mahsa/datasets/grid/test/s32/bbwd2a.mpg,79,95,3.733104705810547,0.963113244659501
223,5,/home/nabizadz/Projects/Mahsa/datasets/grid/test/s32/bwaj8s.mpg,48,64,3.509122371673584,0.9673988877735274
223,6,/home/nabizadz/Projects/Mahsa/datasets/grid/test/s32/lraozs.mpg,176,192,3.7196478843688965,0.9793999222303638
223,7,/home/nabizadz/Projects/Mahsa/datasets/grid/test/s32/sbay2a.mpg,281,297,4.257062911987305,0.9696215011690755
223,8,/home/nabizadz/Projects/Mahsa/datasets/grid/test/s32/bgay3p.mpg,56,72,3.310732841491699,0.9853803584547286
223,9,/home/nabizadz/Projects/Mahsa/datasets/grid/test/s32/bgak6a.mpg,246,262,4.340372085571289,0.8570622728267766
223,10,/home/nabizadz/Projects/Mahsa/datasets/grid/test/s32/brac9p.mpg,245,261,4.362123489379883,0.9341500103237761
223,11,/home/nabizadz/Projects/Mahsa/datasets/grid/test/s32/lgic2a.mpg,196,212,4.293888568878174,0.9545063622509018
223,12,/home/nabizadz/Projects/Mahsa/datasets/grid/test/s32/pwis9n.mpg,81,97,3.4057037830352783,0.9667589752096271
223,13,/home/nabizadz/Projects/Mahsa/datasets/grid/test/s32/prwn4a.mpg,191,207,4.366507530212402,0.9899908412962486
223,14,/home/nabizadz/Projects/Mahsa/datasets/grid/test/s32/bgik1p.mpg,233,249,4.382243633270264,0.9489075640083915
223,15,/home/nabizadz/Projects/Mahsa/datasets/grid/test/s32/pwwa9n.mpg,126,142,3.113081216812134,0.9689906573228273
224,0,/home/nabizadz/Projects/Mahsa/datasets/grid/test/s32/swwm4a.mpg,221,237,4.460604190826416,0.954938493640845
224,1,/home/nabizadz/Projects/Mahsa/datasets/grid/test/s32/brbj6s.mpg,108,124,2.911658763885498,0.9583767578316569
224,2,/home/nabizadz/Projects/Mahsa/datasets/grid/test/s32/lrih4a.mpg,251,267,4.345817565917969,0.8585999425690384
224,3,/home/nabizadz/Projects/Mahsa/datasets/grid/test/s32/lgbdza.mpg,120,136,1.874620795249939,0.9818740482611829
224,4,/home/nabizadz/Projects/Mahsa/datasets/grid/test/s32/pbaz6s.mpg,76,92,3.261751651763916,0.9712868825036761
224,5,/home/nabizadz/Projects/Mahsa/datasets/grid/test/s32/bbwp7n.mpg,211,227,4.336968898773193,0.8959254800674724
224,6,/home/nabizadz/Projects/Mahsa/datasets/grid/test/s32/lbwu7p.mpg,4,20,4.412271499633789,0.9857597755832097
224,7,/home/nabizadz/Projects/Mahsa/datasets/grid/test/s32/bwij3n.mpg,18,34,3.7918665409088135,0.9704687381607338
224,8,/home/nabizadz/Projects/Mahsa/datasets/grid/test/s32/pbaf4s.mpg,113,129,3.0989186763763428,0.9708917469405431
224,9,/home/nabizadz/Projects/Mahsa/datasets/grid/test/s32/pbbs8a.mpg,264,280,4.308220386505127,0.9283512311184954
224,10,/home/nabizadz/Projects/Mahsa/datasets/grid/test/s32/pwag5n.mpg,141,157,3.6604318618774414,0.9791333574233307
224,11,/home/nabizadz/Projects/Mahsa/datasets/grid/test/s32/bgwe7n.mpg,7,23,4.324789047241211,0.9718113753267151
224,12,/home/nabizadz/Projects/Mahsa/datasets/grid/test/s32/bwaj7n.mpg,127,143,3.243459939956665,0.9763530952834281
224,13,/home/nabizadz/Projects/Mahsa/datasets/grid/test/s32/lbig7p.mpg,262,278,4.188196659088135,0.914655134768189
224,14,/home/nabizadz/Projects/Mahsa/datasets/grid/test/s32/bgby6s.mpg,32,48,4.338125705718994,0.9996849270305571
224,15,/home/nabizadz/Projects/Mahsa/datasets/grid/test/s32/bgwz2a.mpg,243,259,4.057877540588379,0.8370398444076973
225,0,/home/nabizadz/Projects/Mahsa/datasets/grid/test/s32/bbwj4s.mpg,219,235,4.434569358825684,0.9176501458688238
225,1,/home/nabizadz/Projects/Mahsa/datasets/grid/test/s32/briv5n.mpg,25,41,4.3744893074035645,0.9843233073199237
225,2,/home/nabizadz/Projects/Mahsa/datasets/grid/test/s32/pgia4s.mpg,55,71,3.456774950027466,0.9815076275591611
225,3,/home/nabizadz/Projects/Mahsa/datasets/grid/test/s32/sgas6a.mpg,182,198,3.577643871307373,0.9757502119272409
225,4,/home/nabizadz/Projects/Mahsa/datasets/grid/test/s32/pram3n.mpg,112,128,3.3779163360595703,0.993073069999412
225,5,/home/nabizadz/Projects/Mahsa/datasets/grid/test/s32/sgil6s.mpg,249,265,4.267671585083008,0.9822195091278891
225,6,/home/nabizadz/Projects/Mahsa/datasets/grid/test/s32/lrin6s.mpg,22,38,4.150485515594482,0.9588002582606256
225,7,/home/nabizadz/Projects/Mahsa/datasets/grid/test/s32/swbl7n.mpg,180,196,2.8758976459503174,0.9683778145908359
225,8,/home/nabizadz/Projects/Mahsa/datasets/grid/test/s32/srar1n.mpg,3,19,4.459470748901367,0.9961157607444454
225,9,/home/nabizadz/Projects/Mahsa/datasets/grid/test/s32/lgbc8s.mpg,42,58,4.218685626983643,0.9818317227487904
225,10,/home/nabizadz/Projects/Mahsa/datasets/grid/test/s32/lwbp1p.mpg,94,110,3.0292863845825195,0.9781406048971867
225,11,/home/nabizadz/Projects/Mahsa/datasets/grid/test/s32/lbaa8a.mpg,114,130,3.388516664505005,0.9597877915183
225,12,/home/nabizadz/Projects/Mahsa/datasets/grid/test/s32/lwbv6a.mpg,49,65,3.0651512145996094,0.9776893709139686
225,13,/home/nabizadz/Projects/Mahsa/datasets/grid/test/s32/brbd2s.mpg,186,202,3.9025325775146484,0.9849250008879279
225,14,/home/nabizadz/Projects/Mahsa/datasets/grid/test/s32/lbwb4s.mpg,186,202,3.4573514461517334,0.9679967070671068
225,15,/home/nabizadz/Projects/Mahsa/datasets/grid/test/s32/lwbc3p.mpg,218,234,4.407958984375,0.971591426276576
226,0,/home/nabizadz/Projects/Mahsa/datasets/grid/test/s32/swaf1p.mpg,8,24,4.345308303833008,0.9860842262802427
226,1,/home/nabizadz/Projects/Mahsa/datasets/grid/test/s32/pgit7p.mpg,255,271,4.330313682556152,0.9129864811225358
226,2,/home/nabizadz/Projects/Mahsa/datasets/grid/test/s32/pgbh6s.mpg,58,74,3.253783702850342,0.9607850747327169
226,3,/home/nabizadz/Projects/Mahsa/datasets/grid/test/s32/bwwy4s.mpg,92,108,3.434697151184082,0.9851613757935738
226,4,/home/nabizadz/Projects/Mahsa/datasets/grid/test/s32/sriy2s.mpg,41,57,3.54793643951416,0.9635753799322202
226,5,/home/nabizadz/Projects/Mahsa/datasets/grid/test/s32/pwwh6a.mpg,263,279,4.317318916320801,0.9308701978000419
226,6,/home/nabizadz/Projects/Mahsa/datasets/grid/test/s32/bbwc9n.mpg,193,209,3.8995375633239746,0.977369819574116
226,7,/home/nabizadz/Projects/Mahsa/datasets/grid/test/s32/lgipza.mpg,197,213,4.264929294586182,0.9561516234667888
226,8,/home/nabizadz/Projects/Mahsa/datasets/grid/test/s32/bbwx4a.mpg,126,142,3.2781996726989746,0.9727366378021672
226,9,/home/nabizadz/Projects/Mahsa/datasets/grid/test/s32/pgwb8a.mpg,111,127,3.7705113887786865,0.9712573262915132
226,10,/home/nabizadz/Projects/Mahsa/datasets/grid/test/s32/lgiv3p.mpg,75,91,3.571715831756592,0.9802647359247233
226,11,/home/nabizadz/Projects/Mahsa/datasets/grid/test/s32/pgau1p.mpg,59,75,3.0816662311553955,0.9800048754776605
226,12,/home/nabizadz/Projects/Mahsa/datasets/grid/test/s32/bwwk8a.mpg,261,277,4.337735176086426,0.9065146914213456
226,13,/home/nabizadz/Projects/Mahsa/datasets/grid/test/s32/pwig1n.mpg,31,47,4.307816505432129,0.9837469565649247
226,14,/home/nabizadz/Projects/Mahsa/datasets/grid/test/s32/lgii3n.mpg,121,137,3.285515308380127,0.9841560536552816
226,15,/home/nabizadz/Projects/Mahsa/datasets/grid/test/s32/lrbh9n.mpg,212,228,4.327787399291992,0.9422952948603323
227,0,/home/nabizadz/Projects/Mahsa/datasets/grid/test/s32/lwwxza.mpg,45,61,3.817861318588257,0.9760616106739135
227,1,/home/nabizadz/Projects/Mahsa/datasets/grid/test/s32/lban3n.mpg,106,122,3.59649395942688,0.9833865790647951
227,2,/home/nabizadz/Projects/Mahsa/datasets/grid/test/s32/lbwo3p.mpg,180,196,4.238819599151611,0.9726270860108057
227,3,/home/nabizadz/Projects/Mahsa/datasets/grid/test/s32/srwz3n.mpg,165,181,2.101555585861206,0.9435556530779385
227,4,/home/nabizadz/Projects/Mahsa/datasets/grid/test/s32/pwim6s.mpg,179,195,4.09375,0.9838670054376508
227,5,/home/nabizadz/Projects/Mahsa/datasets/grid/test/s32/sbby5p.mpg,42,58,4.132901191711426,0.9436050209274613
227,6,/home/nabizadz/Projects/Mahsa/datasets/grid/test/s32/lbat7n.mpg,184,200,3.6895737648010254,0.9805295791302
227,7,/home/nabizadz/Projects/Mahsa/datasets/grid/test/s32/pbaz8a.mpg,162,178,3.588169813156128,0.9816644208253114
227,8,/home/nabizadz/Projects/Mahsa/datasets/grid/test/s32/swbz8a.mpg,72,88,3.211272716522217,0.9857585050179491
227,9,/home/nabizadz/Projects/Mahsa/datasets/grid/test/s32/pwba6s.mpg,284,300,4.107933521270752,0.9959965234821319
227,10,/home/nabizadz/Projects/Mahsa/datasets/grid/test/s32/lbig8a.mpg,19,35,4.395775318145752,0.9918672970860032
227,11,/home/nabizadz/Projects/Mahsa/datasets/grid/test/s32/prag2a.mpg,43,59,3.120194435119629,0.9694275889267148
227,12,/home/nabizadz/Projects/Mahsa/datasets/grid/test/s32/bwwk6s.mpg,194,210,3.7935659885406494,0.9655975248484661
227,13,/home/nabizadz/Projects/Mahsa/datasets/grid/test/s32/pbir7n.mpg,139,155,3.613673686981201,0.9730120008265178
227,14,/home/nabizadz/Projects/Mahsa/datasets/grid/test/s32/pwwh4s.mpg,160,176,3.652151346206665,0.9815211709460754
227,15,/home/nabizadz/Projects/Mahsa/datasets/grid/test/s32/sgas5p.mpg,75,91,3.319349527359009,0.9801814085256391
228,0,/home/nabizadz/Projects/Mahsa/datasets/grid/test/s32/pgbu3n.mpg,159,175,3.915510892868042,0.9741912544291226
228,1,/home/nabizadz/Projects/Mahsa/datasets/grid/test/s32/sgbm4s.mpg,110,126,3.0748722553253174,0.9802812666190361
228,2,/home/nabizadz/Projects/Mahsa/datasets/grid/test/s32/lrau6a.mpg,135,151,3.0378384590148926,0.9738998890379744
228,3,/home/nabizadz/Projects/Mahsa/datasets/grid/test/s32/sbbr2a.mpg,265,281,4.223974227905273,0.9339138773051113
228,4,/home/nabizadz/Projects/Mahsa/datasets/grid/test/s32/prbt2s.mpg,23,39,3.5916390419006348,0.959702138120297
228,5,/home/nabizadz/Projects/Mahsa/datasets/grid/test/s32/sbwzza.mpg,62,78,2.2344772815704346,0.9891311215410579
228,6,/home/nabizadz/Projects/Mahsa/datasets/grid/test/s32/lwwjzs.mpg,234,250,4.32598352432251,0.9672194668365145
228,7,/home/nabizadz/Projects/Mahsa/datasets/grid/test/s32/pbbm2s.mpg,67,83,3.300661563873291,0.9858130829608758
228,8,/home/nabizadz/Projects/Mahsa/datasets/grid/test/s32/sgal9n.mpg,43,59,3.758151054382324,0.9756280780361649
228,9,/home/nabizadz/Projects/Mahsa/datasets/grid/test/s32/srby9n.mpg,120,136,3.433061122894287,0.9533036742448916
228,10,/home/nabizadz/Projects/Mahsa/datasets/grid/test/s32/sgbm6a.mpg,19,35,3.3630168437957764,0.9499888287469727
228,11,/home/nabizadz/Projects/Mahsa/datasets/grid/test/s32/lbbn9p.mpg,41,57,4.198679447174072,0.937445146944846
228,12,/home/nabizadz/Projects/Mahsa/datasets/grid/test/s32/pwim8a.mpg,87,103,3.6120119094848633,0.9722683406932756
228,13,/home/nabizadz/Projects/Mahsa/datasets/grid/test/s32/pgbb2s.mpg,243,259,4.356814384460449,0.9543097601373671
228,14,/home/nabizadz/Projects/Mahsa/datasets/grid/test/s32/lgwx4s.mpg,200,216,3.729494333267212,0.9792867407956746
228,15,/home/nabizadz/Projects/Mahsa/datasets/grid/test/s32/pgwvza.mpg,237,253,4.307147979736328,0.9132240831109071
229,0,/home/nabizadz/Projects/Mahsa/datasets/grid/test/s32/bgikzs.mpg,139,155,3.379201650619507,0.9856116146305303
229,1,/home/nabizadz/Projects/Mahsa/datasets/grid/test/s32/lwio1n.mpg,206,222,4.376916408538818,0.9632335146418701
229,2,/home/nabizadz/Projects/Mahsa/datasets/grid/test/s32/pgbn9n.mpg,228,244,4.092688083648682,0.8525301606414095
229,3,/home/nabizadz/Projects/Mahsa/datasets/grid/test/s32/lgbp7p.mpg,267,283,4.33074951171875,0.9550339544686312
229,4,/home/nabizadz/Projects/Mahsa/datasets/grid/test/s32/lwav2a.mpg,256,272,4.074718475341797,0.8568434950620276
229,5,/home/nabizadz/Projects/Mahsa/datasets/grid/test/s32/sray6s.mpg,263,279,4.267265319824219,0.9825603378665565
229,6,/home/nabizadz/Projects/Mahsa/datasets/grid/test/s32/prbg5p.mpg,270,286,4.084524154663086,0.9040338008223638
229,7,/home/nabizadz/Projects/Mahsa/datasets/grid/test/s32/brbj8a.mpg,105,121,2.859374523162842,0.9398221531513298
229,8,/home/nabizadz/Projects/Mahsa/datasets/grid/test/s32/lgbc7n.mpg,6,22,4.351677894592285,0.9863961869309456
229,9,/home/nabizadz/Projects/Mahsa/datasets/grid/test/s32/pgbh7p.mpg,235,251,3.971477508544922,0.9129528594549031
229,10,/home/nabizadz/Projects/Mahsa/datasets/grid/test/s32/lbahzs.mpg,255,271,4.2763824462890625,0.8953204675843078
229,11,/home/nabizadz/Projects/Mahsa/datasets/grid/test/s32/bwad5p.mpg,90,106,3.168152093887329,0.9787407276147749
229,12,/home/nabizadz/Projects/Mahsa/datasets/grid/test/s32/lwwp3n.mpg,37,53,4.335906505584717,0.9977341775088902
229,13,/home/nabizadz/Projects/Mahsa/datasets/grid/test/s32/lgac3n.mpg,51,67,3.3525614738464355,0.979047954690764
229,14,/home/nabizadz/Projects/Mahsa/datasets/grid/test/s32/bwix4a.mpg,188,204,3.6213293075561523,0.9761914029231775
229,15,/home/nabizadz/Projects/Mahsa/datasets/grid/test/s32/bwij5p.mpg,173,189,3.6993257999420166,0.960047008218827
230,0,/home/nabizadz/Projects/Mahsa/datasets/grid/test/s32/pgbh8a.mpg,175,191,4.192825794219971,0.9791190801930788
230,1,/home/nabizadz/Projects/Mahsa/datasets/grid/test/s32/lgwq1p.mpg,254,270,4.254975318908691,0.8846557282913035
230,2,/home/nabizadz/Projects/Mahsa/datasets/grid/test/s32/swilzs.mpg,0,16,4.427927017211914,0.9899022686816853
230,3,/home/nabizadz/Projects/Mahsa/datasets/grid/test/s32/pbisza.mpg,271,287,4.256429195404053,0.9374705931361023
230,4,/home/nabizadz/Projects/Mahsa/datasets/grid/test/s32/sgir9n.mpg,190,206,4.194180488586426,0.8807674031793431
230,5,/home/nabizadz/Projects/Mahsa/datasets/grid/test/s32/pwam9n.mpg,244,260,4.352135181427002,0.926836664741659
230,6,/home/nabizadz/Projects/Mahsa/datasets/grid/test/s32/lgwd1n.mpg,73,89,3.0992984771728516,0.9460227704981824
230,7,/home/nabizadz/Projects/Mahsa/datasets/grid/test/s32/sbak1n.mpg,256,272,4.38037633895874,0.9648171972040038
230,8,/home/nabizadz/Projects/Mahsa/datasets/grid/test/s32/bbwqza.mpg,190,206,4.039580345153809,0.9780358278629979
230,9,/home/nabizadz/Projects/Mahsa/datasets/grid/test/s32/sgwt4a.mpg,130,146,3.7662761211395264,0.9898325846009901
230,10,/home/nabizadz/Projects/Mahsa/datasets/grid/test/s32/lbin1p.mpg,97,113,3.5128371715545654,0.9555454843683312
230,11,/home/nabizadz/Projects/Mahsa/datasets/grid/test/s32/bgak4s.mpg,117,133,3.552399158477783,0.9749110953499741
230,12,/home/nabizadz/Projects/Mahsa/datasets/grid/test/s32/srie1p.mpg,118,134,3.2923099994659424,0.9571436611523297
230,13,/home/nabizadz/Projects/Mahsa/datasets/grid/test/s32/pwwn8s.mpg,174,190,4.064610004425049,0.9857335813948661
230,14,/home/nabizadz/Projects/Mahsa/datasets/grid/test/s32/sgaf8a.mpg,193,209,4.333940505981445,0.9923915498959907
230,15,/home/nabizadz/Projects/Mahsa/datasets/grid/test/s32/lgwx3n.mpg,65,81,3.469888210296631,0.9864054919939444
231,0,/home/nabizadz/Projects/Mahsa/datasets/grid/test/s32/bbbi9n.mpg,268,284,4.261885166168213,0.9278057526628608
231,1,/home/nabizadz/Projects/Mahsa/datasets/grid/test/s32/sbad8s.mpg,87,103,3.1429061889648438,0.9685484207858395
231,2,/home/nabizadz/Projects/Mahsa/datasets/grid/test/s32/pgan5n.mpg,59,75,3.7850406169891357,0.9843384138647093
231,3,/home/nabizadz/Projects/Mahsa/datasets/grid/test/s32/pwat3n.mpg,65,81,3.300420045852661,0.9786608115064263
231,4,/home/nabizadz/Projects/Mahsa/datasets/grid/test/s32/brwq6a.mpg,72,88,3.169011354446411,0.9746973906232246
231,5,/home/nabizadz/Projects/Mahsa/datasets/grid/test/s32/bwwrzs.mpg,102,118,3.52129864692688,0.9627338651636802
231,6,/home/nabizadz/Projects/Mahsa/datasets/grid/test/s32/srae3n.mpg,223,239,4.219792366027832,0.8318332255601681
231,7,/home/nabizadz/Projects/Mahsa/datasets/grid/test/s32/pbwm7p.mpg,279,295,4.398787498474121,0.9790714897354797
231,8,/home/nabizadz/Projects/Mahsa/datasets/grid/test/s32/bric6a.mpg,87,103,3.7848126888275146,0.9864773484000264
231,9,/home/nabizadz/Projects/Mahsa/datasets/grid/test/s32/bbib8s.mpg,166,182,2.960416555404663,0.9676396371849456
231,10,/home/nabizadz/Projects/Mahsa/datasets/grid/test/s32/sgil8a.mpg,274,290,4.315584182739258,0.9400557678277799
231,11,/home/nabizadz/Projects/Mahsa/datasets/grid/test/s32/bbao9n.mpg,16,32,3.4292240142822266,0.9943619164714429
231,12,/home/nabizadz/Projects/Mahsa/datasets/grid/test/s32/sbak4a.mpg,283,299,4.252879619598389,0.9652709708738514
231,13,/home/nabizadz/Projects/Mahsa/datasets/grid/test/s32/sgbs9p.mpg,238,254,4.209705352783203,0.8506716480002761
231,14,/home/nabizadz/Projects/Mahsa/datasets/grid/test/s32/lrwv2s.mpg,228,244,4.1479949951171875,0.8301057889671538
231,15,/home/nabizadz/Projects/Mahsa/datasets/grid/test/s32/lbbu3p.mpg,221,237,4.10520076751709,0.9084965812543117
232,0,/home/nabizadz/Projects/Mahsa/datasets/grid/test/s32/brbd3p.mpg,32,48,4.337625980377197,0.9925575792993301
232,1,/home/nabizadz/Projects/Mahsa/datasets/grid/test/s32/pwig4a.mpg,104,120,3.1554484367370605,0.9777533195939659
232,2,/home/nabizadz/Projects/Mahsa/datasets/grid/test/s32/bwbd8s.mpg,106,122,3.0143094062805176,0.9817234734445867
232,3,/home/nabizadz/Projects/Mahsa/datasets/grid/test/s32/bbio6s.mpg,255,271,4.355002403259277,0.8994950978250957
232,4,/home/nabizadz/Projects/Mahsa/datasets/grid/test/s32/lwib5p.mpg,71,87,2.7282114028930664,0.9821993411519161
232,5,/home/nabizadz/Projects/Mahsa/datasets/grid/test/s32/pbwg2s.mpg,93,109,3.382179021835327,0.9712774755569697
232,6,/home/nabizadz/Projects/Mahsa/datasets/grid/test/s32/swae9n.mpg,26,42,4.384430408477783,0.9923612405623532
232,7,/home/nabizadz/Projects/Mahsa/datasets/grid/test/s32/bwad4s.mpg,2,18,4.363343715667725,0.9887689105562276
232,8,/home/nabizadz/Projects/Mahsa/datasets/grid/test/s32/bbiv1p.mpg,234,250,4.276817321777344,0.8842185874290356
232,9,/home/nabizadz/Projects/Mahsa/datasets/grid/test/s32/pris5p.mpg,51,67,3.2606449127197266,0.975490206411533
232,10,/home/nabizadz/Projects/Mahsa/datasets/grid/test/s32/brbd1n.mpg,156,172,3.0965559482574463,0.9632891837773304
232,11,/home/nabizadz/Projects/Mahsa/datasets/grid/test/s32/srws2a.mpg,79,95,3.328580856323242,0.975026821657716
232,12,/home/nabizadz/Projects/Mahsa/datasets/grid/test/s32/srwz6a.mpg,57,73,4.332247257232666,0.986924502031758
232,13,/home/nabizadz/Projects/Mahsa/datasets/grid/test/s32/lgav6s.mpg,243,259,4.234499454498291,0.8302913923891401
232,14,/home/nabizadz/Projects/Mahsa/datasets/grid/test/s32/lwbc2s.mpg,107,123,3.7056353092193604,0.9746529825746498
232,15,/home/nabizadz/Projects/Mahsa/datasets/grid/test/s32/bgwr7p.mpg,4,20,4.008069038391113,0.9940627744107138
233,0,/home/nabizadz/Projects/Mahsa/datasets/grid/test/s32/lwbv3n.mpg,111,127,3.7021312713623047,0.9857163204809213
233,1,/home/nabizadz/Projects/Mahsa/datasets/grid/test/s32/pbwg3p.mpg,223,239,4.367928504943848,0.9448438761618488
233,2,/home/nabizadz/Projects/Mahsa/datasets/grid/test/s32/swbz7p.mpg,197,213,3.8249192237854004,0.9815834955995734
233,3,/home/nabizadz/Projects/Mahsa/datasets/grid/test/s32/swiy8s.mpg,202,218,4.424299716949463,0.9748984777600418
233,4,/home/nabizadz/Projects/Mahsa/datasets/grid/test/s32/brwkzs.mpg,84,100,2.285022497177124,0.9876613019854729
233,5,/home/nabizadz/Projects/Mahsa/datasets/grid/test/s32/pgia3n.mpg,136,152,3.5154638290405273,0.9732813469415494
233,6,/home/nabizadz/Projects/Mahsa/datasets/grid/test/s32/bgwe8s.mpg,8,24,4.281930923461914,0.9568872704761081
233,7,/home/nabizadz/Projects/Mahsa/datasets/grid/test/s32/lbim9n.mpg,131,147,1.734830379486084,0.936123526072173
233,8,/home/nabizadz/Projects/Mahsa/datasets/grid/test/s32/prbg3n.mpg,16,32,4.266562461853027,0.9973102246424184
233,9,/home/nabizadz/Projects/Mahsa/datasets/grid/test/s32/lbat9p.mpg,224,240,4.0686140060424805,0.9168399922311384
233,10,/home/nabizadz/Projects/Mahsa/datasets/grid/test/s32/sray5n.mpg,61,77,3.7981178760528564,0.9762720977841394
233,11,/home/nabizadz/Projects/Mahsa/datasets/grid/test/s32/bgid6s.mpg,224,240,4.381755352020264,0.9743203656011722
233,12,/home/nabizadz/Projects/Mahsa/datasets/grid/test/s32/swwz9n.mpg,101,117,2.216116428375244,0.9873658561087147
233,13,/home/nabizadz/Projects/Mahsa/datasets/grid/test/s32/lrbo3n.mpg,142,158,2.8493175506591797,0.982531960123889
233,14,/home/nabizadz/Projects/Mahsa/datasets/grid/test/s32/sriq9p.mpg,221,237,4.3079752922058105,0.9211937637745716
233,15,/home/nabizadz/Projects/Mahsa/datasets/grid/test/s32/pbaz5n.mpg,86,102,3.5169923305511475,0.996955736402584
234,0,/home/nabizadz/Projects/Mahsa/datasets/grid/test/s32/srwf4a.mpg,36,52,4.141547203063965,0.9680316187939945
234,1,/home/nabizadz/Projects/Mahsa/datasets/grid/test/s32/lrau3n.mpg,282,298,4.344794750213623,0.9665458076703287
234,2,/home/nabizadz/Projects/Mahsa/datasets/grid/test/s32/lbbh6a.mpg,67,83,3.5449936389923096,0.9868096964221029
234,3,/home/nabizadz/Projects/Mahsa/datasets/grid/test/s32/sriq8s.mpg,133,149,2.6567137241363525,0.9842030252816036
234,4,/home/nabizadz/Projects/Mahsa/datasets/grid/test/s32/prim2a.mpg,6,22,4.4336137771606445,0.9700021814890731
234,5,/home/nabizadz/Projects/Mahsa/datasets/grid/test/s32/lwao5n.mpg,76,92,2.7323832511901855,0.9783801370210583
234,6,/home/nabizadz/Projects/Mahsa/datasets/grid/test/s32/lbauza.mpg,161,177,3.592730760574341,0.9530895644103831
234,7,/home/nabizadz/Projects/Mahsa/datasets/grid/test/s32/pgwo3n.mpg,38,54,4.255140781402588,0.967688386499971
234,8,/home/nabizadz/Projects/Mahsa/datasets/grid/test/s32/lgwp9n.mpg,47,63,3.738579750061035,0.9530336138985542
234,9,/home/nabizadz/Projects/Mahsa/datasets/grid/test/s32/bgay2s.mpg,112,128,3.8150634765625,0.9854038192883776
234,10,/home/nabizadz/Projects/Mahsa/datasets/grid/test/s32/pgan7p.mpg,86,102,3.185379981994629,0.9760543704125719
234,11,/home/nabizadz/Projects/Mahsa/datasets/grid/test/s32/pbwm8a.mpg,90,106,3.0587971210479736,0.9583903228866852
234,12,/home/nabizadz/Projects/Mahsa/datasets/grid/test/s32/sgaf5n.mpg,97,113,2.9608278274536133,0.9626084491496065
234,13,/home/nabizadz/Projects/Mahsa/datasets/grid/test/s32/srbfza.mpg,80,96,1.9294415712356567,0.979183991200224
234,14,/home/nabizadz/Projects/Mahsa/datasets/grid/test/s32/bwbx9n.mpg,97,113,3.0847508907318115,0.9716449665115324
234,15,/home/nabizadz/Projects/Mahsa/datasets/grid/test/s32/lbwb5p.mpg,30,46,4.050048828125,0.9666912769802779
235,0,/home/nabizadz/Projects/Mahsa/datasets/grid/test/s32/lgbj3p.mpg,56,72,3.3350319862365723,0.9763561534585259
235,1,/home/nabizadz/Projects/Mahsa/datasets/grid/test/s32/bgbr2s.mpg,208,224,4.263301849365234,0.922032895613738
235,2,/home/nabizadz/Projects/Mahsa/datasets/grid/test/s32/lgai7n.mpg,214,230,4.209426403045654,0.9120495516847811
235,3,/home/nabizadz/Projects/Mahsa/datasets/grid/test/s32/pgauzs.mpg,209,225,4.35505485534668,0.9427952960957992
235,4,/home/nabizadz/Projects/Mahsa/datasets/grid/test/s32/lrah8a.mpg,185,201,2.6694955825805664,0.9791401769819095
235,5,/home/nabizadz/Projects/Mahsa/datasets/grid/test/s32/pbwaza.mpg,96,112,3.6422715187072754,0.9637323044664935
235,6,/home/nabizadz/Projects/Mahsa/datasets/grid/test/s32/lbbu4a.mpg,232,248,4.352595806121826,0.9503450380192321
235,7,/home/nabizadz/Projects/Mahsa/datasets/grid/test/s32/brwd8a.mpg,198,214,4.245285511016846,0.9466497385686602
235,8,/home/nabizadz/Projects/Mahsa/datasets/grid/test/s32/prif6s.mpg,107,123,3.2307803630828857,0.9751370469076186
235,9,/home/nabizadz/Projects/Mahsa/datasets/grid/test/s32/bwip8s.mpg,203,219,4.347631931304932,0.9511662100111509
235,10,/home/nabizadz/Projects/Mahsa/datasets/grid/test/s32/swir5p.mpg,74,90,1.9993176460266113,0.9841766211036533
235,11,/home/nabizadz/Projects/Mahsa/datasets/grid/test/s32/srbe9p.mpg,39,55,4.055994987487793,0.9967207769370601
235,12,/home/nabizadz/Projects/Mahsa/datasets/grid/test/s32/lbig5n.mpg,116,132,3.6082816123962402,0.9838153789511528
235,13,/home/nabizadz/Projects/Mahsa/datasets/grid/test/s32/sbak3p.mpg,91,107,2.95479154586792,0.9752197584876673
235,14,/home/nabizadz/Projects/Mahsa/datasets/grid/test/s32/lrwv4a.mpg,183,199,3.9929394721984863,0.9686030242414118
235,15,/home/nabizadz/Projects/Mahsa/datasets/grid/test/s32/sbbr1p.mpg,4,20,4.3736891746521,0.9871146787270084
236,0,/home/nabizadz/Projects/Mahsa/datasets/grid/test/s32/lwbc4a.mpg,74,90,2.9468624591827393,0.9720477937936965
236,1,/home/nabizadz/Projects/Mahsa/datasets/grid/test/s32/prwg9p.mpg,176,192,3.684113025665283,0.9578949750206711
236,2,/home/nabizadz/Projects/Mahsa/datasets/grid/test/s32/sbbrzs.mpg,282,298,4.357154369354248,0.9603522485870202
236,3,/home/nabizadz/Projects/Mahsa/datasets/grid/test/s32/lwwj2a.mpg,143,159,3.420142889022827,0.9521578985216578
236,4,/home/nabizadz/Projects/Mahsa/datasets/grid/test/s32/pwaa3p.mpg,154,170,3.6271958351135254,0.965882684818912
236,5,/home/nabizadz/Projects/Mahsa/datasets/grid/test/s32/pgaa9p.mpg,79,95,3.465646505355835,0.9574134366746778
236,6,/home/nabizadz/Projects/Mahsa/datasets/grid/test/s32/lrau4s.mpg,50,66,2.2025232315063477,0.9818835324024802
236,7,/home/nabizadz/Projects/Mahsa/datasets/grid/test/s32/sbij9p.mpg,171,187,3.6257987022399902,0.9851964594702469
236,8,/home/nabizadz/Projects/Mahsa/datasets/grid/test/s32/pwan1p.mpg,123,139,2.819796562194824,0.9662933942782431
236,9,/home/nabizadz/Projects/Mahsa/datasets/grid/test/s32/lwwj1p.mpg,273,289,4.1296257972717285,0.9079276828348105
236,10,/home/nabizadz/Projects/Mahsa/datasets/grid/test/s32/prim1p.mpg,132,148,3.107567310333252,0.9429667487433439
236,11,/home/nabizadz/Projects/Mahsa/datasets/grid/test/s32/pbbs6s.mpg,132,148,3.300694227218628,0.985194823848237
236,12,/home/nabizadz/Projects/Mahsa/datasets/grid/test/s32/pbaf6a.mpg,135,151,3.768840789794922,0.9790850950605668
236,13,/home/nabizadz/Projects/Mahsa/datasets/grid/test/s32/pgit8a.mpg,271,287,4.21611213684082,0.9493711535965101
236,14,/home/nabizadz/Projects/Mahsa/datasets/grid/test/s32/prwhza.mpg,83,99,2.069617986679077,0.9778519409638171
236,15,/home/nabizadz/Projects/Mahsa/datasets/grid/test/s32/srae5p.mpg,191,207,4.380610942840576,0.9797375819787112
237,0,/home/nabizadz/Projects/Mahsa/datasets/grid/test/s32/lrwv3p.mpg,33,49,4.246007919311523,0.9620748619759261
237,1,/home/nabizadz/Projects/Mahsa/datasets/grid/test/s32/bwad3n.mpg,130,146,3.734316825866699,0.9819871221212878
237,2,/home/nabizadz/Projects/Mahsa/datasets/grid/test/s32/bgwz1p.mpg,138,154,3.3643524646759033,0.982700194545717
237,3,/home/nabizadz/Projects/Mahsa/datasets/grid/test/s32/sbby6a.mpg,190,206,3.843485116958618,0.9594969515499648
237,4,/home/nabizadz/Projects/Mahsa/datasets/grid/test/s32/lgwx5p.mpg,129,145,3.5092310905456543,0.9772847498338783
237,5,/home/nabizadz/Projects/Mahsa/datasets/grid/test/s32/lwwc8a.mpg,55,71,3.3063454627990723,0.9694740969734772
237,6,/home/nabizadz/Projects/Mahsa/datasets/grid/test/s32/lrbb6s.mpg,43,59,3.814305067062378,0.9735022393877766
237,7,/home/nabizadz/Projects/Mahsa/datasets/grid/test/s32/prwn1n.mpg,116,132,2.7471213340759277,0.9604818737497031
237,8,/home/nabizadz/Projects/Mahsa/datasets/grid/test/s32/srak7n.mpg,280,296,4.486884117126465,0.9897394362792887
237,9,/home/nabizadz/Projects/Mahsa/datasets/grid/test/s32/pbbs7p.mpg,137,153,3.5740134716033936,0.9822079346067651
237,10,/home/nabizadz/Projects/Mahsa/datasets/grid/test/s32/bgarza.mpg,151,167,3.7011969089508057,0.9700057417065533
237,11,/home/nabizadz/Projects/Mahsa/datasets/grid/test/s32/briv6s.mpg,110,126,3.5888688564300537,0.9758308708932752
237,12,/home/nabizadz/Projects/Mahsa/datasets/grid/test/s32/srbr5n.mpg,100,116,2.395400285720825,0.9747899032955877
237,13,/home/nabizadz/Projects/Mahsa/datasets/grid/test/s32/lrbi1p.mpg,208,224,4.2972283363342285,0.878698176455132
237,14,/home/nabizadz/Projects/Mahsa/datasets/grid/test/s32/lgiczs.mpg,24,40,3.9797139167785645,0.9827823621847593
237,15,/home/nabizadz/Projects/Mahsa/datasets/grid/test/s32/swaf2a.mpg,82,98,3.5457346439361572,0.9788886268461172
238,0,/home/nabizadz/Projects/Mahsa/datasets/grid/test/s32/bbib7n.mpg,85,101,3.4607808589935303,0.9556268848174475
238,1,/home/nabizadz/Projects/Mahsa/datasets/grid/test/s32/sbij8s.mpg,154,170,2.62190318107605,0.9704993864337511
238,2,/home/nabizadz/Projects/Mahsa/datasets/grid/test/s32/lrbo5p.mpg,58,74,1.9448156356811523,0.9869633668099194
238,3,/home/nabizadz/Projects/Mahsa/datasets/grid/test/s32/lwwc6s.mpg,17,33,4.496514797210693,0.9963174132473356
238,4,/home/nabizadz/Projects/Mahsa/datasets/grid/test/s32/pwanzs.mpg,129,145,3.2501676082611084,0.9625589120259963
238,5,/home/nabizadz/Projects/Mahsa/datasets/grid/test/s32/pwim7p.mpg,134,150,3.592099666595459,0.978936994076366
238,6,/home/nabizadz/Projects/Mahsa/datasets/grid/test/s32/sbwy9p.mpg,169,185,3.8291943073272705,0.9821727041927034
238,7,/home/nabizadz/Projects/Mahsa/datasets/grid/test/s32/prwa3n.mpg,166,182,3.1100635528564453,0.9821203503575956
238,8,/home/nabizadz/Projects/Mahsa/datasets/grid/test/s32/sbwy7n.mpg,190,206,3.9275782108306885,0.9781577795275307
238,9,/home/nabizadz/Projects/Mahsa/datasets/grid/test/s32/prwt5n.mpg,2,18,4.547048091888428,0.9968745002726976
238,10,/home/nabizadz/Projects/Mahsa/datasets/grid/test/s32/swie8a.mpg,170,186,4.323215484619141,0.9638954546583048
238,11,/home/nabizadz/Projects/Mahsa/datasets/grid/test/s32/pbas2s.mpg,198,214,4.073060035705566,0.9905887082775929
238,12,/home/nabizadz/Projects/Mahsa/datasets/grid/test/s32/lbwo1n.mpg,194,210,4.4195780754089355,0.981930313451963
238,13,/home/nabizadz/Projects/Mahsa/datasets/grid/test/s32/bwax7p.mpg,97,113,3.8516108989715576,0.9843607389262413
238,14,/home/nabizadz/Projects/Mahsa/datasets/grid/test/s32/lriu1p.mpg,63,79,3.1882426738739014,0.9523927549108496
238,15,/home/nabizadz/Projects/Mahsa/datasets/grid/test/s32/bwix1n.mpg,215,231,4.3281989097595215,0.9344945493815129
239,0,/home/nabizadz/Projects/Mahsa/datasets/grid/test/s32/bgid7p.mpg,212,228,4.212578296661377,0.9177921061122155
239,1,/home/nabizadz/Projects/Mahsa/datasets/grid/test/s32/lwav1p.mpg,123,139,3.5597686767578125,0.9733381690021528
239,2,/home/nabizadz/Projects/Mahsa/datasets/grid/test/s32/lgac6a.mpg,89,105,3.1963329315185547,0.9745093771807494
239,3,/home/nabizadz/Projects/Mahsa/datasets/grid/test/s32/srwz5p.mpg,206,222,4.332090854644775,0.9546085354091604
239,4,/home/nabizadz/Projects/Mahsa/datasets/grid/test/s32/sbwr4s.mpg,128,144,3.350607395172119,0.9716681991237335
239,5,/home/nabizadz/Projects/Mahsa/datasets/grid/test/s32/sgwa2a.mpg,275,291,4.20420503616333,0.9321015325015516
239,6,/home/nabizadz/Projects/Mahsa/datasets/grid/test/s32/swwm3p.mpg,276,292,3.7392351627349854,0.9661766135720435
239,7,/home/nabizadz/Projects/Mahsa/datasets/grid/test/s32/swal4s.mpg,119,135,3.361909866333008,0.9752726913386969
239,8,/home/nabizadz/Projects/Mahsa/datasets/grid/test/s32/sbak2s.mpg,77,93,3.166289806365967,0.9622988998637733
239,9,/home/nabizadz/Projects/Mahsa/datasets/grid/test/s32/sgwt1n.mpg,249,265,4.2155585289001465,0.8577168056097356
239,10,/home/nabizadz/Projects/Mahsa/datasets/grid/test/s32/sbad7n.mpg,62,78,3.32057785987854,0.9801353690274117
239,11,/home/nabizadz/Projects/Mahsa/datasets/grid/test/s32/pwba5n.mpg,281,297,4.320095539093018,0.949400447414052
239,12,/home/nabizadz/Projects/Mahsa/datasets/grid/test/s32/sgiszs.mpg,136,152,2.773284673690796,0.9469077602585879
239,13,/home/nabizadz/Projects/Mahsa/datasets/grid/test/s32/lwbi7p.mpg,284,300,4.48416805267334,0.9987702772166472
239,14,/home/nabizadz/Projects/Mahsa/datasets/grid/test/s32/prwt8a.mpg,45,61,3.5825693607330322,0.9761166969683251
239,15,/home/nabizadz/Projects/Mahsa/datasets/grid/test/s32/lwib3n.mpg,219,235,4.383004665374756,0.9212012356814291
240,0,/home/nabizadz/Projects/Mahsa/datasets/grid/test/s32/pbbm4a.mpg,17,33,4.233695983886719,0.9903571365618328
240,1,/home/nabizadz/Projects/Mahsa/datasets/grid/test/s32/lwwi9n.mpg,98,114,2.5486583709716797,0.9457301730232883
240,2,/home/nabizadz/Projects/Mahsa/datasets/grid/test/s32/lgac4s.mpg,45,61,3.0974950790405273,0.95236775256776
240,3,/home/nabizadz/Projects/Mahsa/datasets/grid/test/s32/lgio7n.mpg,85,101,1.9768327474594116,0.9732820353535323
240,4,/home/nabizadz/Projects/Mahsa/datasets/grid/test/s32/lwio3p.mpg,97,113,3.2435882091522217,0.9506937248779997
240,5,/home/nabizadz/Projects/Mahsa/datasets/grid/test/s32/pbwg1n.mpg,114,130,3.5851643085479736,0.9573389368335798
240,6,/home/nabizadz/Projects/Mahsa/datasets/grid/test/s32/bbai6s.mpg,80,96,2.8495945930480957,0.9627040940953262
240,7,/home/nabizadz/Projects/Mahsa/datasets/grid/test/s32/bwbq8a.mpg,223,239,4.462588310241699,0.9612723757151962
240,8,/home/nabizadz/Projects/Mahsa/datasets/grid/test/s32/brip1n.mpg,179,195,4.335269927978516,0.9858555801053985
240,9,/home/nabizadz/Projects/Mahsa/datasets/grid/test/s32/sbbq9n.mpg,73,89,3.485612392425537,0.9805018586002923
240,10,/home/nabizadz/Projects/Mahsa/datasets/grid/test/s32/praf9n.mpg,86,102,2.9907002449035645,0.96687036848252
240,11,/home/nabizadz/Projects/Mahsa/datasets/grid/test/s32/bwbyzs.mpg,146,162,2.8326075077056885,0.9637185771250703
240,12,/home/nabizadz/Projects/Mahsa/datasets/grid/test/s32/bgbe3n.mpg,19,35,4.1530046463012695,0.9907356414371621
240,13,/home/nabizadz/Projects/Mahsa/datasets/grid/test/s32/bbbp6a.mpg,276,292,4.221018314361572,0.9355798917443523
240,14,/home/nabizadz/Projects/Mahsa/datasets/grid/test/s32/pbil3n.mpg,123,139,3.4951276779174805,0.9747393404152783
240,15,/home/nabizadz/Projects/Mahsa/datasets/grid/test/s32/srbr7p.mpg,149,165,3.511420249938965,0.9872898353050871
241,0,/home/nabizadz/Projects/Mahsa/datasets/grid/test/s32/sbax9n.mpg,224,240,4.398006916046143,0.9359455388947291
241,1,/home/nabizadz/Projects/Mahsa/datasets/grid/test/s32/lrbo6a.mpg,34,50,2.7865428924560547,0.9923258051808145
241,2,/home/nabizadz/Projects/Mahsa/datasets/grid/test/s32/sbix5n.mpg,79,95,3.4037492275238037,0.9753311185667308
241,3,/home/nabizadz/Projects/Mahsa/datasets/grid/test/s32/swws6s.mpg,227,243,4.365221977233887,0.9160509830260282
241,4,/home/nabizadz/Projects/Mahsa/datasets/grid/test/s32/pwitzs.mpg,238,254,4.233633041381836,0.865297734305155
241,5,/home/nabizadz/Projects/Mahsa/datasets/grid/test/s32/pgbozs.mpg,152,168,3.298957109451294,0.9594024510695265
241,6,/home/nabizadz/Projects/Mahsa/datasets/grid/test/s32/lwwp4s.mpg,229,245,4.088921070098877,0.8700158831485739
241,7,/home/nabizadz/Projects/Mahsa/datasets/grid/test/s32/swaz4a.mpg,238,254,4.333028793334961,0.961436403887607
241,8,/home/nabizadz/Projects/Mahsa/datasets/grid/test/s32/sbwe7p.mpg,8,24,4.2366156578063965,0.9989164937827425
241,9,/home/nabizadz/Projects/Mahsa/datasets/grid/test/s32/pbiz3p.mpg,117,133,3.5498313903808594,0.9734097692242601
241,10,/home/nabizadz/Projects/Mahsa/datasets/grid/test/s32/bwix3p.mpg,112,128,3.7561745643615723,0.982518714457736
241,11,/home/nabizadz/Projects/Mahsa/datasets/grid/test/s32/srwl5n.mpg,84,100,3.477860689163208,0.9739450098582698
241,12,/home/nabizadz/Projects/Mahsa/datasets/grid/test/s32/lrah5n.mpg,59,75,2.0245771408081055,0.9794879154369492
241,13,/home/nabizadz/Projects/Mahsa/datasets/grid/test/s32/bgak3n.mpg,21,37,4.362150192260742,0.9678702299803984
241,14,/home/nabizadz/Projects/Mahsa/datasets/grid/test/s32/sbbe1n.mpg,157,173,2.733340263366699,0.9763528183698191
241,15,/home/nabizadz/Projects/Mahsa/datasets/grid/test/s32/pbil4s.mpg,50,66,3.6097753047943115,0.9732234292702824
242,0,/home/nabizadz/Projects/Mahsa/datasets/grid/test/s32/bbii4a.mpg,135,151,2.9188857078552246,0.9792692663743123
242,1,/home/nabizadz/Projects/Mahsa/datasets/grid/test/s32/bgwl1n.mpg,151,167,3.659174680709839,0.9790695035882098
242,2,/home/nabizadz/Projects/Mahsa/datasets/grid/test/s32/sgif4a.mpg,144,160,3.3070108890533447,0.9602076585899069
242,3,/home/nabizadz/Projects/Mahsa/datasets/grid/test/s32/bgbr1n.mpg,71,87,3.4240615367889404,0.9682745228822258
242,4,/home/nabizadz/Projects/Mahsa/datasets/grid/test/s32/swwf7n.mpg,271,287,4.286292552947998,0.9227051810172543
242,5,/home/nabizadz/Projects/Mahsa/datasets/grid/test/s32/bbwj6a.mpg,181,197,3.72111439704895,0.9853400717875747
242,6,/home/nabizadz/Projects/Mahsa/datasets/grid/test/s32/lbboza.mpg,256,272,4.322734355926514,0.9009057552407652
242,7,/home/nabizadz/Projects/Mahsa/datasets/grid/test/s32/bgwzzs.mpg,92,108,3.671337366104126,0.9807929316692844
242,8,/home/nabizadz/Projects/Mahsa/datasets/grid/test/s32/bgwl4a.mpg,70,86,3.4577765464782715,0.9695157518625517
242,9,/home/nabizadz/Projects/Mahsa/datasets/grid/test/s32/srwz4s.mpg,194,210,4.279911994934082,0.9737064228060225
242,10,/home/nabizadz/Projects/Mahsa/datasets/grid/test/s32/pgwizs.mpg,186,202,3.534919023513794,0.9646693837517802
242,11,/home/nabizadz/Projects/Mahsa/datasets/grid/test/s32/pwiaza.mpg,135,151,3.4805643558502197,0.960236971849216
242,12,/home/nabizadz/Projects/Mahsa/datasets/grid/test/s32/sgiz6a.mpg,117,133,3.2120699882507324,0.9843826182817844
242,13,/home/nabizadz/Projects/Mahsa/datasets/grid/test/s32/srwf1n.mpg,215,231,4.130375862121582,0.8559253462516853
242,14,/home/nabizadz/Projects/Mahsa/datasets/grid/test/s32/pwit1p.mpg,190,206,4.1281561851501465,0.8961828863177239
242,15,/home/nabizadz/Projects/Mahsa/datasets/grid/test/s32/sgbs8s.mpg,258,274,4.348499774932861,0.9217425026388424
243,0,/home/nabizadz/Projects/Mahsa/datasets/grid/test/s32/pwag7p.mpg,36,52,4.044475078582764,0.9631696481283114
243,1,/home/nabizadz/Projects/Mahsa/datasets/grid/test/s32/bgwe9p.mpg,163,179,3.547905445098877,0.9692993203748692
243,2,/home/nabizadz/Projects/Mahsa/datasets/grid/test/s32/lbit5p.mpg,264,280,4.211384296417236,0.9105477702099337
243,3,/home/nabizadz/Projects/Mahsa/datasets/grid/test/s32/lrwc1p.mpg,96,112,2.1473166942596436,0.9798709579403763
243,4,/home/nabizadz/Projects/Mahsa/datasets/grid/test/s32/bbac1n.mpg,144,160,2.8236896991729736,0.9345041449776257
243,5,/home/nabizadz/Projects/Mahsa/datasets/grid/test/s32/lrbu7n.mpg,8,24,4.313138961791992,0.9997271039840275
243,6,/home/nabizadz/Projects/Mahsa/datasets/grid/test/s32/srik6a.mpg,258,274,4.340414047241211,0.9139744295137192
243,7,/home/nabizadz/Projects/Mahsa/datasets/grid/test/s32/sgwnza.mpg,100,116,2.351796865463257,0.9581322715422315
243,8,/home/nabizadz/Projects/Mahsa/datasets/grid/test/s32/lwbi8a.mpg,84,100,2.924412727355957,0.968223969903728
243,9,/home/nabizadz/Projects/Mahsa/datasets/grid/test/s32/bwbd7n.mpg,98,114,3.1247379779815674,0.976328249155417
243,10,/home/nabizadz/Projects/Mahsa/datasets/grid/test/s32/lgwj6s.mpg,230,246,4.346811294555664,0.9531521882856532
243,11,/home/nabizadz/Projects/Mahsa/datasets/grid/test/s32/pbaz7p.mpg,161,177,3.9138684272766113,0.9857679572940342
243,12,/home/nabizadz/Projects/Mahsa/datasets/grid/test/s32/bgbk9p.mpg,176,192,3.8669567108154297,0.9587313160570271
243,13,/home/nabizadz/Projects/Mahsa/datasets/grid/test/s32/pras9p.mpg,182,198,3.962259531021118,0.9188917527439037
243,14,/home/nabizadz/Projects/Mahsa/datasets/grid/test/s32/pbil5p.mpg,112,128,3.864060878753662,0.9760608349630192
243,15,/home/nabizadz/Projects/Mahsa/datasets/grid/test/s32/prwt6s.mpg,205,221,2.143913507461548,0.9888379779722648
244,0,/home/nabizadz/Projects/Mahsa/datasets/grid/test/s32/srbl4a.mpg,66,82,2.514206647872925,0.9596512826524839
244,1,/home/nabizadz/Projects/Mahsa/datasets/grid/test/s32/brbd4a.mpg,70,86,3.4404375553131104,0.9777991204561242
244,2,/home/nabizadz/Projects/Mahsa/datasets/grid/test/s32/lrit9n.mpg,204,220,4.293900489807129,0.9838562878143329
244,3,/home/nabizadz/Projects/Mahsa/datasets/grid/test/s32/bbbc5n.mpg,31,47,4.179000377655029,0.9745318730076815
244,4,/home/nabizadz/Projects/Mahsa/datasets/grid/test/s32/braj1n.mpg,246,262,4.416377544403076,0.9130408166643839
244,5,/home/nabizadz/Projects/Mahsa/datasets/grid/test/s32/lrab2s.mpg,174,190,3.927300453186035,0.9846795187881398
244,6,/home/nabizadz/Projects/Mahsa/datasets/grid/test/s32/brbq2a.mpg,213,229,4.373449325561523,0.9209909629551857
244,7,/home/nabizadz/Projects/Mahsa/datasets/grid/test/s32/lgai9p.mpg,232,248,4.184909820556641,0.8665894706785935
244,8,/home/nabizadz/Projects/Mahsa/datasets/grid/test/s32/lbinzs.mpg,17,33,4.4612345695495605,0.9598797938141216
244,9,/home/nabizadz/Projects/Mahsa/datasets/grid/test/s32/pbas4a.mpg,226,242,4.056302547454834,0.8598039403518337
244,10,/home/nabizadz/Projects/Mahsa/datasets/grid/test/s32/bbwj5p.mpg,147,163,3.902395725250244,0.9823849937543645
244,11,/home/nabizadz/Projects/Mahsa/datasets/grid/test/s32/bgaq8s.mpg,194,210,3.6148204803466797,0.9679233697399057
244,12,/home/nabizadz/Projects/Mahsa/datasets/grid/test/s32/swiy7n.mpg,154,170,3.6216330528259277,0.9738688811975326
244,13,/home/nabizadz/Projects/Mahsa/datasets/grid/test/s32/bbbp5p.mpg,26,42,3.2668912410736084,0.9814945294233344
244,14,/home/nabizadz/Projects/Mahsa/datasets/grid/test/s32/sbwy8s.mpg,184,200,3.759997844696045,0.9747696292222832
244,15,/home/nabizadz/Projects/Mahsa/datasets/grid/test/s32/brip4a.mpg,48,64,3.743474006652832,0.9827018512247822
245,0,/home/nabizadz/Projects/Mahsa/datasets/grid/test/s32/bbwx3p.mpg,232,248,4.492767333984375,0.8918095372196931
245,1,/home/nabizadz/Projects/Mahsa/datasets/grid/test/s32/bbbc6s.mpg,245,261,4.254354476928711,0.8715757117023702
245,2,/home/nabizadz/Projects/Mahsa/datasets/grid/test/s32/lbaa6s.mpg,50,66,3.781050443649292,0.9844189191730587
245,3,/home/nabizadz/Projects/Mahsa/datasets/grid/test/s32/lwbo9n.mpg,52,68,3.6141903400421143,0.974622384349647
245,4,/home/nabizadz/Projects/Mahsa/datasets/grid/test/s32/lwai2s.mpg,130,146,3.6967320442199707,0.9779679091454643
245,5,/home/nabizadz/Projects/Mahsa/datasets/grid/test/s32/brap5n.mpg,265,281,4.327263832092285,0.892920356065272
245,6,/home/nabizadz/Projects/Mahsa/datasets/grid/test/s32/sgamzs.mpg,166,182,3.244987726211548,0.9616177924898456
245,7,/home/nabizadz/Projects/Mahsa/datasets/grid/test/s32/lwai3p.mpg,268,284,4.192402362823486,0.9164032089970915
245,8,/home/nabizadz/Projects/Mahsa/datasets/grid/test/s32/srwf2s.mpg,181,197,3.411125898361206,0.9767709617575474
245,9,/home/nabizadz/Projects/Mahsa/datasets/grid/test/s32/brap8a.mpg,134,150,3.238849639892578,0.9790454612270691
245,10,/home/nabizadz/Projects/Mahsa/datasets/grid/test/s32/sbwlzs.mpg,104,120,3.6371347904205322,0.9531589620182949
245,11,/home/nabizadz/Projects/Mahsa/datasets/grid/test/s32/bwid1p.mpg,69,85,3.3686861991882324,0.9804633032945967
245,12,/home/nabizadz/Projects/Mahsa/datasets/grid/test/s32/pgwu7n.mpg,31,47,3.1513662338256836,0.981904926663988
245,13,/home/nabizadz/Projects/Mahsa/datasets/grid/test/s32/pbbf7n.mpg,155,171,3.411881923675537,0.9757573851053462
245,14,/home/nabizadz/Projects/Mahsa/datasets/grid/test/s32/bgbk7n.mpg,218,234,4.272241115570068,0.9294476515921025
245,15,/home/nabizadz/Projects/Mahsa/datasets/grid/test/s32/sgbs7n.mpg,129,145,3.5762345790863037,0.9864286044028563
246,0,/home/nabizadz/Projects/Mahsa/datasets/grid/test/s32/bbwp8s.mpg,13,29,4.372594833374023,0.9889335448431165
246,1,/home/nabizadz/Projects/Mahsa/datasets/grid/test/s32/srar2s.mpg,13,29,4.235263347625732,0.9653813865158459
246,2,/home/nabizadz/Projects/Mahsa/datasets/grid/test/s32/lrin7p.mpg,108,124,3.2339887619018555,0.9798799309746433
246,3,/home/nabizadz/Projects/Mahsa/datasets/grid/test/s32/pgau2a.mpg,247,263,4.361597537994385,0.8662740928375464
246,4,/home/nabizadz/Projects/Mahsa/datasets/grid/test/s32/bgbr3p.mpg,229,245,4.217868328094482,0.8460945983446982
246,5,/home/nabizadz/Projects/Mahsa/datasets/grid/test/s32/prwa4s.mpg,189,205,3.967010974884033,0.986965334672754
246,6,/home/nabizadz/Projects/Mahsa/datasets/grid/test/s32/bgiq3n.mpg,59,75,3.4432599544525146,0.9530205692929299
246,7,/home/nabizadz/Projects/Mahsa/datasets/grid/test/s32/lwai4a.mpg,209,225,4.275495529174805,0.9849362376971392
246,8,/home/nabizadz/Projects/Mahsa/datasets/grid/test/s32/pbbs5n.mpg,45,61,3.503709316253662,0.9590121854327935
246,9,/home/nabizadz/Projects/Mahsa/datasets/grid/test/s32/bbav5p.mpg,6,22,4.5056843757629395,0.9997339994605036
246,10,/home/nabizadz/Projects/Mahsa/datasets/grid/test/s32/lgav7p.mpg,73,89,3.0125367641448975,0.9589551724862334
246,11,/home/nabizadz/Projects/Mahsa/datasets/grid/test/s32/brbq1p.mpg,128,144,3.1787877082824707,0.9777001495070472
246,12,/home/nabizadz/Projects/Mahsa/datasets/grid/test/s32/lgwd4a.mpg,283,299,4.284327030181885,0.9572484739543554
246,13,/home/nabizadz/Projects/Mahsa/datasets/grid/test/s32/bwbq6s.mpg,224,240,4.411409378051758,0.962233189865056
246,14,/home/nabizadz/Projects/Mahsa/datasets/grid/test/s32/bbio5n.mpg,42,58,4.131527900695801,0.9949134980345278
246,15,/home/nabizadz/Projects/Mahsa/datasets/grid/test/s32/bbap1p.mpg,214,230,4.39426326751709,0.8655462045713394
247,0,/home/nabizadz/Projects/Mahsa/datasets/grid/test/s32/pbir9p.mpg,132,148,1.9917055368423462,0.9650550999783256
247,1,/home/nabizadz/Projects/Mahsa/datasets/grid/test/s32/bbiu9n.mpg,16,32,3.50018310546875,0.9787508965920438
247,2,/home/nabizadz/Projects/Mahsa/datasets/grid/test/s32/pbwt2a.mpg,138,154,1.4351115226745605,0.977608842316244
247,3,/home/nabizadz/Projects/Mahsa/datasets/grid/test/s32/brax2a.mpg,85,101,1.9989662170410156,0.9815138364438443
247,4,/home/nabizadz/Projects/Mahsa/datasets/grid/test/s32/swwgza.mpg,284,300,4.372575283050537,0.9747789160299386
247,5,/home/nabizadz/Projects/Mahsa/datasets/grid/test/s32/pgit6s.mpg,54,70,3.2731032371520996,0.9800287169969536
247,6,/home/nabizadz/Projects/Mahsa/datasets/grid/test/s32/lbia4a.mpg,198,214,4.3568596839904785,0.9760608175689146
247,7,/home/nabizadz/Projects/Mahsa/datasets/grid/test/s32/pris3n.mpg,68,84,3.3844666481018066,0.977996492212351
247,8,/home/nabizadz/Projects/Mahsa/datasets/grid/test/s32/bbii3p.mpg,180,196,3.62192702293396,0.9538881252752965
247,9,/home/nabizadz/Projects/Mahsa/datasets/grid/test/s32/sriy3p.mpg,88,104,3.1682512760162354,0.97038924521126
247,10,/home/nabizadz/Projects/Mahsa/datasets/grid/test/s32/pwwb1p.mpg,185,201,4.063340663909912,0.9725434067893485
247,11,/home/nabizadz/Projects/Mahsa/datasets/grid/test/s32/bgix7n.mpg,76,92,3.4989449977874756,0.972517657779478
247,12,/home/nabizadz/Projects/Mahsa/datasets/grid/test/s32/lgbc9p.mpg,155,171,3.5262629985809326,0.9587770140640078
247,13,/home/nabizadz/Projects/Mahsa/datasets/grid/test/s32/pwwu4a.mpg,16,32,4.349077224731445,0.9788380259876949
247,14,/home/nabizadz/Projects/Mahsa/datasets/grid/test/s32/lgbj2s.mpg,203,219,3.8684277534484863,0.9557056344362632
247,15,/home/nabizadz/Projects/Mahsa/datasets/grid/test/s32/sbbk7p.mpg,201,217,3.9631869792938232,0.9740458386046952
248,0,/home/nabizadz/Projects/Mahsa/datasets/grid/test/s32/brwx7n.mpg,87,103,3.415271043777466,0.9812958993867402
248,1,/home/nabizadz/Projects/Mahsa/datasets/grid/test/s32/lgbj4a.mpg,22,38,4.242125511169434,0.9941639023284116
248,2,/home/nabizadz/Projects/Mahsa/datasets/grid/test/s32/sriy4a.mpg,49,65,3.4058237075805664,0.969497566935989
248,3,/home/nabizadz/Projects/Mahsa/datasets/grid/test/s32/pwwu2s.mpg,54,70,3.3313872814178467,0.967330233941594
248,4,/home/nabizadz/Projects/Mahsa/datasets/grid/test/s32/swwm2s.mpg,227,243,4.450201511383057,0.9853748083246865
248,5,/home/nabizadz/Projects/Mahsa/datasets/grid/test/s32/pbwt1p.mpg,144,160,2.998819351196289,0.9713709208977871
248,6,/home/nabizadz/Projects/Mahsa/datasets/grid/test/s32/pgwo5p.mpg,178,194,3.998976945877075,0.9645646622358778
248,7,/home/nabizadz/Projects/Mahsa/datasets/grid/test/s32/lrbu8s.mpg,162,178,2.1231484413146973,0.9652693622515809
248,8,/home/nabizadz/Projects/Mahsa/datasets/grid/test/s32/sbwl1p.mpg,51,67,3.1662790775299072,0.951758103267139
248,9,/home/nabizadz/Projects/Mahsa/datasets/grid/test/s32/lwib4s.mpg,39,55,3.900263786315918,0.9506569710528279
248,10,/home/nabizadz/Projects/Mahsa/datasets/grid/test/s32/bwakza.mpg,92,108,3.226656913757324,0.9784184371248814
248,11,/home/nabizadz/Projects/Mahsa/datasets/grid/test/s32/pgbo2a.mpg,234,250,4.450000286102295,0.9297256073064802
248,12,/home/nabizadz/Projects/Mahsa/datasets/grid/test/s32/sbid6a.mpg,85,101,3.340327262878418,0.9730947316042118
248,13,/home/nabizadz/Projects/Mahsa/datasets/grid/test/s32/lgii6a.mpg,4,20,4.364933967590332,0.9870596554697825
248,14,/home/nabizadz/Projects/Mahsa/datasets/grid/test/s32/sriy1n.mpg,18,34,4.375601768493652,0.9806565699551126
248,15,/home/nabizadz/Projects/Mahsa/datasets/grid/test/s32/swbf6a.mpg,189,205,4.448465347290039,0.9699214572847858
249,0,/home/nabizadz/Projects/Mahsa/datasets/grid/test/s32/sbwe8a.mpg,63,79,3.477215051651001,0.9903427942925654
249,1,/home/nabizadz/Projects/Mahsa/datasets/grid/test/s32/srwl7p.mpg,63,79,3.54472279548645,0.9800067390821683
249,2,/home/nabizadz/Projects/Mahsa/datasets/grid/test/s32/bbac4a.mpg,112,128,3.528177499771118,0.9593241153758658
249,3,/home/nabizadz/Projects/Mahsa/datasets/grid/test/s32/lbag9n.mpg,32,48,4.261269569396973,0.9963113901985111
249,4,/home/nabizadz/Projects/Mahsa/datasets/grid/test/s32/srbz1p.mpg,79,95,3.2184836864471436,0.9877272258962463
249,5,/home/nabizadz/Projects/Mahsa/datasets/grid/test/s32/lbit4s.mpg,70,86,3.1223268508911133,0.9775025374408797
249,6,/home/nabizadz/Projects/Mahsa/datasets/grid/test/s32/pbif1p.mpg,182,198,4.134335517883301,0.9643324915708666
249,7,/home/nabizadz/Projects/Mahsa/datasets/grid/test/s32/sgas4s.mpg,107,123,3.7128841876983643,0.9857702952175789
249,8,/home/nabizadz/Projects/Mahsa/datasets/grid/test/s32/lwbv5p.mpg,105,121,3.0849437713623047,0.9773960937098216
249,9,/home/nabizadz/Projects/Mahsa/datasets/grid/test/s32/bgaq9p.mpg,149,165,3.9089629650115967,0.9742493925859464
249,10,/home/nabizadz/Projects/Mahsa/datasets/grid/test/s32/sbayzs.mpg,71,87,3.1306018829345703,0.9531258763281816
249,11,/home/nabizadz/Projects/Mahsa/datasets/grid/test/s32/bgwfza.mpg,55,71,3.1578218936920166,0.9673822056260557
249,12,/home/nabizadz/Projects/Mahsa/datasets/grid/test/s32/sbaeza.mpg,171,187,3.3830714225769043,0.9742643074970686
249,13,/home/nabizadz/Projects/Mahsa/datasets/grid/test/s32/brbj7p.mpg,123,139,3.1348676681518555,0.9784815306477055
249,14,/home/nabizadz/Projects/Mahsa/datasets/grid/test/s32/bwbq5n.mpg,126,142,3.372044563293457,0.9780219383611182
249,15,/home/nabizadz/Projects/Mahsa/datasets/grid/test/s32/bbwx1n.mpg,183,199,4.259274005889893,0.9892099823851208
