batch_idx,sample_in_batch,video_path,gap_start_frame,gap_end_frame,pesq,stoi
0,0,/home/nabizadz/Projects/Mahsa/datasets/grid/test/s33/brbd3a.mpg,278,294,4.0439558029174805,0.9245304278303902
0,1,/home/nabizadz/Projects/Mahsa/datasets/grid/test/s33/lrbh8n.mpg,213,229,4.267386436462402,0.927455418909441
0,2,/home/nabizadz/Projects/Mahsa/datasets/grid/test/s33/srak9a.mpg,221,237,3.972717046737671,0.8653394567200212
0,3,/home/nabizadz/Projects/Mahsa/datasets/grid/test/s33/srbl3a.mpg,190,206,4.360693454742432,0.9856214744835698
0,4,/home/nabizadz/Projects/Mahsa/datasets/grid/test/s33/sgil5s.mpg,193,209,4.445099830627441,0.9369600623935882
0,5,/home/nabizadz/Projects/Mahsa/datasets/grid/test/s33/sgas2n.mpg,33,49,2.00331711769104,0.9612437372158588
0,6,/home/nabizadz/Projects/Mahsa/datasets/grid/test/s33/swwf9a.mpg,251,267,4.291393280029297,0.8882825227651048
0,7,/home/nabizadz/Projects/Mahsa/datasets/grid/test/s33/bgak2n.mpg,147,163,3.6598868370056152,0.9726880147212558
0,8,/home/nabizadz/Projects/Mahsa/datasets/grid/test/s33/sbix5s.mpg,223,239,4.248441696166992,0.8373743040697296
0,9,/home/nabizadz/Projects/Mahsa/datasets/grid/test/s33/bgij8n.mpg,230,246,4.312280178070068,0.8885737930485837
0,10,/home/nabizadz/Projects/Mahsa/datasets/grid/test/s33/lrbh9s.mpg,133,149,3.1804466247558594,0.9693177039974976
0,11,/home/nabizadz/Projects/Mahsa/datasets/grid/test/s33/sbix7a.mpg,254,270,4.306148052215576,0.9538450863892775
0,12,/home/nabizadz/Projects/Mahsa/datasets/grid/test/s33/lbaa5s.mpg,101,117,3.9433398246765137,0.979730406133536
0,13,/home/nabizadz/Projects/Mahsa/datasets/grid/test/s33/bbio4n.mpg,14,30,4.2373366355896,0.9999559866425565
0,14,/home/nabizadz/Projects/Mahsa/datasets/grid/test/s33/lgbxzp.mpg,190,206,4.29326868057251,0.9879921561650983
0,15,/home/nabizadz/Projects/Mahsa/datasets/grid/test/s33/pgbbzn.mpg,193,209,4.300006866455078,0.9660098216485956
1,0,/home/nabizadz/Projects/Mahsa/datasets/grid/test/s33/lrwi2n.mpg,208,224,4.358132839202881,0.9703441160155036
1,1,/home/nabizadz/Projects/Mahsa/datasets/grid/test/s33/lwwv9a.mpg,284,300,4.363551139831543,0.987183054721491
1,2,/home/nabizadz/Projects/Mahsa/datasets/grid/test/s33/bbwx1s.mpg,265,281,4.314986705780029,0.9564558308995876
1,3,/home/nabizadz/Projects/Mahsa/datasets/grid/test/s33/pwwa8n.mpg,84,100,3.9497413635253906,0.9438487151520113
1,4,/home/nabizadz/Projects/Mahsa/datasets/grid/test/s33/bgby4n.mpg,277,293,4.136873245239258,0.9665348782650953
1,5,/home/nabizadz/Projects/Mahsa/datasets/grid/test/s33/sgwa1a.mpg,60,76,3.3491628170013428,0.977537849181119
1,6,/home/nabizadz/Projects/Mahsa/datasets/grid/test/s33/prif5s.mpg,216,232,4.249300003051758,0.9415492293763663
1,7,/home/nabizadz/Projects/Mahsa/datasets/grid/test/s33/sbby3s.mpg,240,256,4.3257365226745605,0.8940561731692807
1,8,/home/nabizadz/Projects/Mahsa/datasets/grid/test/s33/lwih9a.mpg,66,82,3.413682222366333,0.9646153283975174
1,9,/home/nabizadz/Projects/Mahsa/datasets/grid/test/s33/lgai9a.mpg,156,172,4.267558574676514,0.9916715644294571
1,10,/home/nabizadz/Projects/Mahsa/datasets/grid/test/s33/lgbj1s.mpg,268,284,4.449134349822998,0.9514033996642397
1,11,/home/nabizadz/Projects/Mahsa/datasets/grid/test/s33/lrwi3s.mpg,40,56,2.644773244857788,0.9549922253066031
1,12,/home/nabizadz/Projects/Mahsa/datasets/grid/test/s33/lbbh5a.mpg,234,250,4.266383171081543,0.9291126587422426
1,13,/home/nabizadz/Projects/Mahsa/datasets/grid/test/s33/lgbc9a.mpg,142,158,3.655046224594116,0.9728847018433243
1,14,/home/nabizadz/Projects/Mahsa/datasets/grid/test/s33/lwaizn.mpg,241,257,4.350261211395264,0.847236014553052
1,15,/home/nabizadz/Projects/Mahsa/datasets/grid/test/s33/pwwuzn.mpg,236,252,4.445761680603027,0.8996065823628236
2,0,/home/nabizadz/Projects/Mahsa/datasets/grid/test/s33/swal5a.mpg,268,284,4.3959245681762695,0.9639919126628737
2,1,/home/nabizadz/Projects/Mahsa/datasets/grid/test/s33/sriyzn.mpg,98,114,2.0093672275543213,0.9497963765715388
2,2,/home/nabizadz/Projects/Mahsa/datasets/grid/test/s33/lbaa4n.mpg,35,51,2.42592453956604,0.9552011599528825
2,3,/home/nabizadz/Projects/Mahsa/datasets/grid/test/s33/lrwo6n.mpg,141,157,3.7232558727264404,0.9612074267681977
2,4,/home/nabizadz/Projects/Mahsa/datasets/grid/test/s33/lwbc3a.mpg,12,28,4.236339092254639,0.9981588745597635
2,5,/home/nabizadz/Projects/Mahsa/datasets/grid/test/s33/brap4n.mpg,150,166,4.2860107421875,0.9648695111782322
2,6,/home/nabizadz/Projects/Mahsa/datasets/grid/test/s33/sgbf9s.mpg,113,129,3.9105589389801025,0.9849974617717807
2,7,/home/nabizadz/Projects/Mahsa/datasets/grid/test/s33/lrwv1s.mpg,265,281,4.332282543182373,0.9494892199524212
2,8,/home/nabizadz/Projects/Mahsa/datasets/grid/test/s33/pras6n.mpg,50,66,3.260279417037964,0.9759744589321045
2,9,/home/nabizadz/Projects/Mahsa/datasets/grid/test/s33/sgwazp.mpg,171,187,3.9917736053466797,0.9476239411944426
2,10,/home/nabizadz/Projects/Mahsa/datasets/grid/test/s33/bbaczn.mpg,17,33,3.942363977432251,0.9982844229292793
2,11,/home/nabizadz/Projects/Mahsa/datasets/grid/test/s33/prwt6p.mpg,175,191,3.0070769786834717,0.9427759278958519
2,12,/home/nabizadz/Projects/Mahsa/datasets/grid/test/s33/pgin1s.mpg,15,31,4.214728355407715,0.9983479575173254
2,13,/home/nabizadz/Projects/Mahsa/datasets/grid/test/s33/bbib8p.mpg,4,20,4.364049911499023,0.9999665376404921
2,14,/home/nabizadz/Projects/Mahsa/datasets/grid/test/s33/bwbk2p.mpg,276,292,4.270952224731445,0.9838386380832235
2,15,/home/nabizadz/Projects/Mahsa/datasets/grid/test/s33/pbbf8p.mpg,167,183,3.6108624935150146,0.959652413102011
3,0,/home/nabizadz/Projects/Mahsa/datasets/grid/test/s33/bwwrzp.mpg,248,264,4.343180179595947,0.8852855277699383
3,1,/home/nabizadz/Projects/Mahsa/datasets/grid/test/s33/bwwe2p.mpg,184,200,4.2262678146362305,0.9173048249290315
3,2,/home/nabizadz/Projects/Mahsa/datasets/grid/test/s33/pwim6p.mpg,217,233,4.282443046569824,0.8958794575513092
3,3,/home/nabizadz/Projects/Mahsa/datasets/grid/test/s33/lwbv3s.mpg,214,230,1.674278974533081,0.776348079765164
3,4,/home/nabizadz/Projects/Mahsa/datasets/grid/test/s33/swbf2n.mpg,86,102,3.290271043777466,0.984489712350316
3,5,/home/nabizadz/Projects/Mahsa/datasets/grid/test/s33/swwf7s.mpg,170,186,3.203054428100586,0.9623072058655485
3,6,/home/nabizadz/Projects/Mahsa/datasets/grid/test/s33/lrbizp.mpg,216,232,4.2058234214782715,0.9634065590010938
3,7,/home/nabizadz/Projects/Mahsa/datasets/grid/test/s33/pgwh9s.mpg,207,223,4.499123573303223,0.9908797979186009
3,8,/home/nabizadz/Projects/Mahsa/datasets/grid/test/s33/pgan6p.mpg,252,268,4.427958965301514,0.942392981635898
3,9,/home/nabizadz/Projects/Mahsa/datasets/grid/test/s33/sgif1s.mpg,230,246,4.276520729064941,0.9576384444051923
3,10,/home/nabizadz/Projects/Mahsa/datasets/grid/test/s33/bbbc4n.mpg,178,194,4.249205589294434,0.9808861162419031
3,11,/home/nabizadz/Projects/Mahsa/datasets/grid/test/s33/prif7a.mpg,216,232,4.296597957611084,0.9169939540669061
3,12,/home/nabizadz/Projects/Mahsa/datasets/grid/test/s33/pwwh4p.mpg,4,20,3.9598865509033203,0.9999155148968233
3,13,/home/nabizadz/Projects/Mahsa/datasets/grid/test/s33/pgaa8p.mpg,256,272,4.334349155426025,0.9501919389679667
3,14,/home/nabizadz/Projects/Mahsa/datasets/grid/test/s33/bgiq2n.mpg,76,92,2.1641499996185303,0.9799822991832978
3,15,/home/nabizadz/Projects/Mahsa/datasets/grid/test/s33/pgwb4n.mpg,273,289,4.273321151733398,0.9428890311689672
4,0,/home/nabizadz/Projects/Mahsa/datasets/grid/test/s33/bwij2n.mpg,142,158,3.5129847526550293,0.9844348746470892
4,1,/home/nabizadz/Projects/Mahsa/datasets/grid/test/s33/sbwe5s.mpg,103,119,2.516733407974243,0.9738083033414717
4,2,/home/nabizadz/Projects/Mahsa/datasets/grid/test/s33/sbad9a.mpg,176,192,4.397793769836426,0.9521430855905881
4,3,/home/nabizadz/Projects/Mahsa/datasets/grid/test/s33/sgwm9a.mpg,173,189,4.10771369934082,0.9845601219710446
4,4,/home/nabizadz/Projects/Mahsa/datasets/grid/test/s33/swwm2p.mpg,24,40,4.308401584625244,0.9918309389157298
4,5,/home/nabizadz/Projects/Mahsa/datasets/grid/test/s33/prwt5s.mpg,214,230,4.150423526763916,0.9056106714927366
4,6,/home/nabizadz/Projects/Mahsa/datasets/grid/test/s33/swwf8p.mpg,159,175,3.218290090560913,0.9698165679805751
4,7,/home/nabizadz/Projects/Mahsa/datasets/grid/test/s33/bbwj5a.mpg,189,205,4.29884672164917,0.9472403599390522
4,8,/home/nabizadz/Projects/Mahsa/datasets/grid/test/s33/pgwu7s.mpg,149,165,3.5394833087921143,0.9668916234059832
4,9,/home/nabizadz/Projects/Mahsa/datasets/grid/test/s33/sgiz3s.mpg,146,162,3.6321146488189697,0.9641497299661844
4,10,/home/nabizadz/Projects/Mahsa/datasets/grid/test/s33/bwaj8p.mpg,178,194,3.520674467086792,0.9623295732835959
4,11,/home/nabizadz/Projects/Mahsa/datasets/grid/test/s33/lria7s.mpg,228,244,4.499122619628906,0.8367820636746109
4,12,/home/nabizadz/Projects/Mahsa/datasets/grid/test/s33/bwip6n.mpg,69,85,3.220762014389038,0.9694959553173876
4,13,/home/nabizadz/Projects/Mahsa/datasets/grid/test/s33/swws4n.mpg,130,146,3.355349063873291,0.9777181944992205
4,14,/home/nabizadz/Projects/Mahsa/datasets/grid/test/s33/bwij3s.mpg,160,176,3.6076087951660156,0.9567945260322617
4,15,/home/nabizadz/Projects/Mahsa/datasets/grid/test/s33/lgwq1a.mpg,153,169,4.128337383270264,0.985754047488111
5,0,/home/nabizadz/Projects/Mahsa/datasets/grid/test/s33/bbib7s.mpg,263,279,4.172552108764648,0.9772084140306776
5,1,/home/nabizadz/Projects/Mahsa/datasets/grid/test/s33/lgiv2p.mpg,284,300,4.215667247772217,0.9933900181893979
5,2,/home/nabizadz/Projects/Mahsa/datasets/grid/test/s33/lbim9s.mpg,129,145,3.7495265007019043,0.9641529406570024
5,3,/home/nabizadz/Projects/Mahsa/datasets/grid/test/s33/pgaa6n.mpg,21,37,4.182835102081299,0.999318359345937
5,4,/home/nabizadz/Projects/Mahsa/datasets/grid/test/s33/pgig9a.mpg,1,17,4.4892354011535645,0.9999827333429889
5,5,/home/nabizadz/Projects/Mahsa/datasets/grid/test/s33/srbe6n.mpg,38,54,3.465738296508789,0.9646754206151005
5,6,/home/nabizadz/Projects/Mahsa/datasets/grid/test/s33/sbiq2p.mpg,194,210,4.327236175537109,0.9626882482086089
5,7,/home/nabizadz/Projects/Mahsa/datasets/grid/test/s33/bgak5a.mpg,50,66,3.7234702110290527,0.9660968475474395
5,8,/home/nabizadz/Projects/Mahsa/datasets/grid/test/s33/prbtzn.mpg,263,279,4.477839946746826,0.9346562988571708
5,9,/home/nabizadz/Projects/Mahsa/datasets/grid/test/s33/lgbp5s.mpg,206,222,4.293254375457764,0.953694010457984
5,10,/home/nabizadz/Projects/Mahsa/datasets/grid/test/s33/brii6n.mpg,98,114,4.034664630889893,0.9796916893591725
5,11,/home/nabizadz/Projects/Mahsa/datasets/grid/test/s33/pgbb1s.mpg,121,137,3.4065234661102295,0.9589049706807579
5,12,/home/nabizadz/Projects/Mahsa/datasets/grid/test/s33/pgwb6p.mpg,214,230,4.244317054748535,0.980798220460194
5,13,/home/nabizadz/Projects/Mahsa/datasets/grid/test/s33/lbig7a.mpg,113,129,3.3733668327331543,0.9682012554702532
5,14,/home/nabizadz/Projects/Mahsa/datasets/grid/test/s33/lgwd1s.mpg,123,139,2.1587533950805664,0.9440996563736838
5,15,/home/nabizadz/Projects/Mahsa/datasets/grid/test/s33/pbir7s.mpg,199,215,4.256356716156006,0.9616091979311852
6,0,/home/nabizadz/Projects/Mahsa/datasets/grid/test/s33/lbwh9a.mpg,53,69,3.317073345184326,0.9687644477039946
6,1,/home/nabizadz/Projects/Mahsa/datasets/grid/test/s33/pbir8p.mpg,281,297,4.1664886474609375,0.9727811061164886
6,2,/home/nabizadz/Projects/Mahsa/datasets/grid/test/s33/brac7s.mpg,172,188,3.953932285308838,0.9455329164638343
6,3,/home/nabizadz/Projects/Mahsa/datasets/grid/test/s33/bgwe8p.mpg,249,265,4.294649600982666,0.8995597140888805
6,4,/home/nabizadz/Projects/Mahsa/datasets/grid/test/s33/lwwi8n.mpg,198,214,4.38628625869751,0.9598900922539967
6,5,/home/nabizadz/Projects/Mahsa/datasets/grid/test/s33/pwbhzp.mpg,27,43,4.063826084136963,0.9973909103683994
6,6,/home/nabizadz/Projects/Mahsa/datasets/grid/test/s33/bbao8n.mpg,66,82,3.416487216949463,0.9630443515784619
6,7,/home/nabizadz/Projects/Mahsa/datasets/grid/test/s33/lbwu6p.mpg,27,43,3.5718204975128174,0.9926642234187435
6,8,/home/nabizadz/Projects/Mahsa/datasets/grid/test/s33/pgig7s.mpg,277,293,4.270981311798096,0.9837570557696467
6,9,/home/nabizadz/Projects/Mahsa/datasets/grid/test/s33/bgwy9s.mpg,280,296,4.277014255523682,0.9465877543515091
6,10,/home/nabizadz/Projects/Mahsa/datasets/grid/test/s33/bbib9a.mpg,222,238,4.177271366119385,0.9498120212935554
6,11,/home/nabizadz/Projects/Mahsa/datasets/grid/test/s33/lgwx2n.mpg,164,180,4.32781457901001,0.990285544933048
6,12,/home/nabizadz/Projects/Mahsa/datasets/grid/test/s33/swie5s.mpg,221,237,3.615861415863037,0.9546582805363102
6,13,/home/nabizadz/Projects/Mahsa/datasets/grid/test/s33/srbr5s.mpg,2,18,4.21966028213501,0.9990518693717679
6,14,/home/nabizadz/Projects/Mahsa/datasets/grid/test/s33/brbx2n.mpg,259,275,4.248177528381348,0.8980792880598144
6,15,/home/nabizadz/Projects/Mahsa/datasets/grid/test/s33/pwwn7s.mpg,158,174,4.342133045196533,0.9013468860359912
7,0,/home/nabizadz/Projects/Mahsa/datasets/grid/test/s33/lrin5s.mpg,51,67,3.130685567855835,0.9740587840007547
7,1,/home/nabizadz/Projects/Mahsa/datasets/grid/test/s33/sgiszp.mpg,211,227,4.413844108581543,0.9275460302159154
7,2,/home/nabizadz/Projects/Mahsa/datasets/grid/test/s33/pbbf7s.mpg,122,138,3.364760160446167,0.9707852784026713
7,3,/home/nabizadz/Projects/Mahsa/datasets/grid/test/s33/pwbn2n.mpg,215,231,4.304551601409912,0.8831799346721265
7,4,/home/nabizadz/Projects/Mahsa/datasets/grid/test/s33/srbzzp.mpg,80,96,3.6612603664398193,0.9770050411914605
7,5,/home/nabizadz/Projects/Mahsa/datasets/grid/test/s33/pwag5s.mpg,86,102,3.3289132118225098,0.9824686879694882
7,6,/home/nabizadz/Projects/Mahsa/datasets/grid/test/s33/swbs2p.mpg,238,254,4.083847522735596,0.8937255614862835
7,7,/home/nabizadz/Projects/Mahsa/datasets/grid/test/s33/sgiz5a.mpg,4,20,3.977900266647339,0.9975219736089489
7,8,/home/nabizadz/Projects/Mahsa/datasets/grid/test/s33/pbwm4n.mpg,282,298,4.19879150390625,0.97400834914019
7,9,/home/nabizadz/Projects/Mahsa/datasets/grid/test/s33/lwiu4n.mpg,40,56,3.34342885017395,0.9622654172138031
7,10,/home/nabizadz/Projects/Mahsa/datasets/grid/test/s33/lgbj3a.mpg,239,255,4.383730411529541,0.8582948140473052
7,11,/home/nabizadz/Projects/Mahsa/datasets/grid/test/s33/sgwm6n.mpg,284,300,4.331274032592773,0.9922072393722371
7,12,/home/nabizadz/Projects/Mahsa/datasets/grid/test/s33/lgap3a.mpg,115,131,2.32234525680542,0.9731949128329189
7,13,/home/nabizadz/Projects/Mahsa/datasets/grid/test/s33/swal4p.mpg,140,156,3.288761615753174,0.9584186667373163
7,14,/home/nabizadz/Projects/Mahsa/datasets/grid/test/s33/bwbd7s.mpg,134,150,3.431149482727051,0.9768927664230432
7,15,/home/nabizadz/Projects/Mahsa/datasets/grid/test/s33/sgaf7a.mpg,115,131,3.781165838241577,0.9767461253014165
8,0,/home/nabizadz/Projects/Mahsa/datasets/grid/test/s33/lbim8n.mpg,219,235,4.309476852416992,0.8890471879091293
8,1,/home/nabizadz/Projects/Mahsa/datasets/grid/test/s33/lwih6n.mpg,133,149,3.5705928802490234,0.9762775864772424
8,2,/home/nabizadz/Projects/Mahsa/datasets/grid/test/s33/lgwd2p.mpg,249,265,4.3128814697265625,0.9913006716844236
8,3,/home/nabizadz/Projects/Mahsa/datasets/grid/test/s33/srbr6p.mpg,188,204,4.17875337600708,0.966679144180605
8,4,/home/nabizadz/Projects/Mahsa/datasets/grid/test/s33/bbbi8n.mpg,275,291,4.328967571258545,0.9394221704523481
8,5,/home/nabizadz/Projects/Mahsa/datasets/grid/test/s33/lrbo2n.mpg,88,104,3.574561357498169,0.9803180973510359
8,6,/home/nabizadz/Projects/Mahsa/datasets/grid/test/s33/srblzn.mpg,225,241,4.478712558746338,0.9369404529917229
8,7,/home/nabizadz/Projects/Mahsa/datasets/grid/test/s33/sbax9s.mpg,38,54,3.912447929382324,0.9173119547502144
8,8,/home/nabizadz/Projects/Mahsa/datasets/grid/test/s33/pgin2p.mpg,23,39,3.799534797668457,0.9957279967204717
8,9,/home/nabizadz/Projects/Mahsa/datasets/grid/test/s33/bgbk8p.mpg,59,75,3.6795737743377686,0.9817862225805761
8,10,/home/nabizadz/Projects/Mahsa/datasets/grid/test/s33/srarzn.mpg,115,131,1.9500253200531006,0.9375582652849976
8,11,/home/nabizadz/Projects/Mahsa/datasets/grid/test/s33/sgal9s.mpg,77,93,2.367623805999756,0.9643885261043149
8,12,/home/nabizadz/Projects/Mahsa/datasets/grid/test/s33/sbij9a.mpg,90,106,3.4791340827941895,0.976355778513625
8,13,/home/nabizadz/Projects/Mahsa/datasets/grid/test/s33/pwim5s.mpg,0,16,4.447124481201172,0.9987600408058103
8,14,/home/nabizadz/Projects/Mahsa/datasets/grid/test/s33/lrbb4n.mpg,112,128,3.812389612197876,0.9734583360027096
8,15,/home/nabizadz/Projects/Mahsa/datasets/grid/test/s33/brwj9s.mpg,197,213,4.315309047698975,0.9142625875610295
9,0,/home/nabizadz/Projects/Mahsa/datasets/grid/test/s33/brii7s.mpg,34,50,3.268090009689331,0.9686865686908833
9,1,/home/nabizadz/Projects/Mahsa/datasets/grid/test/s33/bgwr5s.mpg,37,53,4.319862365722656,0.9999180360665775
9,2,/home/nabizadz/Projects/Mahsa/datasets/grid/test/s33/bwax4n.mpg,35,51,3.2957711219787598,0.9724269401196963
9,3,/home/nabizadz/Projects/Mahsa/datasets/grid/test/s33/swbl8p.mpg,146,162,3.855377197265625,0.9818928858869619
9,4,/home/nabizadz/Projects/Mahsa/datasets/grid/test/s33/sgam1a.mpg,18,34,3.4844305515289307,0.9799020847526106
9,5,/home/nabizadz/Projects/Mahsa/datasets/grid/test/s33/pwaa2p.mpg,264,280,4.044866561889648,0.922300587080156
9,6,/home/nabizadz/Projects/Mahsa/datasets/grid/test/s33/sbid3s.mpg,60,76,1.5951664447784424,0.9484324820634558
9,7,/home/nabizadz/Projects/Mahsa/datasets/grid/test/s33/prbm9a.mpg,27,43,4.007694244384766,0.9968870570197457
9,8,/home/nabizadz/Projects/Mahsa/datasets/grid/test/s33/lbbn8p.mpg,192,208,4.07230806350708,0.9474883751886157
9,9,/home/nabizadz/Projects/Mahsa/datasets/grid/test/s33/bbivzp.mpg,73,89,3.144009828567505,0.9395988180517962
9,10,/home/nabizadz/Projects/Mahsa/datasets/grid/test/s33/pram2n.mpg,3,19,3.8642749786376953,0.9995150160696304
9,11,/home/nabizadz/Projects/Mahsa/datasets/grid/test/s33/sgal8n.mpg,192,208,3.4765779972076416,0.9542303918688502
9,12,/home/nabizadz/Projects/Mahsa/datasets/grid/test/s33/sbad8p.mpg,175,191,4.244027137756348,0.9837190395866533
9,13,/home/nabizadz/Projects/Mahsa/datasets/grid/test/s33/priz6n.mpg,48,64,3.2377712726593018,0.9617522645238583
9,14,/home/nabizadz/Projects/Mahsa/datasets/grid/test/s33/swws7a.mpg,253,269,4.2038116455078125,0.8869076982148828
9,15,/home/nabizadz/Projects/Mahsa/datasets/grid/test/s33/sbix4n.mpg,43,59,3.1818654537200928,0.9892716979740143
10,0,/home/nabizadz/Projects/Mahsa/datasets/grid/test/s33/lbag9s.mpg,276,292,4.314556121826172,0.9531631796122642
10,1,/home/nabizadz/Projects/Mahsa/datasets/grid/test/s33/pbal9a.mpg,150,166,2.9158191680908203,0.9590431828105752
10,2,/home/nabizadz/Projects/Mahsa/datasets/grid/test/s33/pgbb2p.mpg,193,209,4.262841701507568,0.9467291186064418
10,3,/home/nabizadz/Projects/Mahsa/datasets/grid/test/s33/swbs1s.mpg,114,130,2.944931745529175,0.9717377351115851
10,4,/home/nabizadz/Projects/Mahsa/datasets/grid/test/s33/pgaa9a.mpg,238,254,4.255867004394531,0.8778859529232377
10,5,/home/nabizadz/Projects/Mahsa/datasets/grid/test/s33/lbiazn.mpg,255,271,4.319832801818848,0.88675358771334
10,6,/home/nabizadz/Projects/Mahsa/datasets/grid/test/s33/srby9s.mpg,74,90,3.652953624725342,0.9828831803183402
10,7,/home/nabizadz/Projects/Mahsa/datasets/grid/test/s33/brbp8n.mpg,242,258,4.37333869934082,0.8622104742485611
10,8,/home/nabizadz/Projects/Mahsa/datasets/grid/test/s33/swws6p.mpg,98,114,3.223154306411743,0.9749526285737121
10,9,/home/nabizadz/Projects/Mahsa/datasets/grid/test/s33/pbws9s.mpg,71,87,3.7853293418884277,0.9717268961065317
10,10,/home/nabizadz/Projects/Mahsa/datasets/grid/test/s33/lgwj6p.mpg,94,110,3.4743595123291016,0.9772035987779266
10,11,/home/nabizadz/Projects/Mahsa/datasets/grid/test/s33/prwa5a.mpg,135,151,2.0225791931152344,0.9809674830753679
10,12,/home/nabizadz/Projects/Mahsa/datasets/grid/test/s33/pwwu3a.mpg,186,202,3.650078058242798,0.9811044062485301
10,13,/home/nabizadz/Projects/Mahsa/datasets/grid/test/s33/swie7a.mpg,179,195,4.332449436187744,0.9497575015825314
10,14,/home/nabizadz/Projects/Mahsa/datasets/grid/test/s33/bwbyzp.mpg,130,146,3.1957473754882812,0.9573175500771266
10,15,/home/nabizadz/Projects/Mahsa/datasets/grid/test/s33/pbaz4n.mpg,136,152,3.3610618114471436,0.9613619283870448
11,0,/home/nabizadz/Projects/Mahsa/datasets/grid/test/s33/sbbk5s.mpg,115,131,3.2623376846313477,0.9782028601539483
11,1,/home/nabizadz/Projects/Mahsa/datasets/grid/test/s33/swal3s.mpg,131,147,3.467228889465332,0.9729721499310396
11,2,/home/nabizadz/Projects/Mahsa/datasets/grid/test/s33/sbak1s.mpg,260,276,4.352940082550049,0.9383220209983252
11,3,/home/nabizadz/Projects/Mahsa/datasets/grid/test/s33/lrihzn.mpg,86,102,2.5003411769866943,0.951027700155318
11,4,/home/nabizadz/Projects/Mahsa/datasets/grid/test/s33/bgid6p.mpg,83,99,3.003019332885742,0.9585922596067149
11,5,/home/nabizadz/Projects/Mahsa/datasets/grid/test/s33/bgad9s.mpg,64,80,3.3985822200775146,0.9524762166048275
11,6,/home/nabizadz/Projects/Mahsa/datasets/grid/test/s33/lgio7s.mpg,149,165,3.9324352741241455,0.9808335563265335
11,7,/home/nabizadz/Projects/Mahsa/datasets/grid/test/s33/prim1a.mpg,43,59,2.6766064167022705,0.9581812550194134
11,8,/home/nabizadz/Projects/Mahsa/datasets/grid/test/s33/lwav1a.mpg,245,261,4.400904655456543,0.9830973456873006
11,9,/home/nabizadz/Projects/Mahsa/datasets/grid/test/s33/bwbk3a.mpg,154,170,4.239798545837402,0.9611926488834889
11,10,/home/nabizadz/Projects/Mahsa/datasets/grid/test/s33/sbad6n.mpg,143,159,3.3742051124572754,0.9686401596451032
11,11,/home/nabizadz/Projects/Mahsa/datasets/grid/test/s33/bwwr1a.mpg,15,31,3.5460588932037354,0.9768670786505127
11,12,/home/nabizadz/Projects/Mahsa/datasets/grid/test/s33/lrin7a.mpg,147,163,3.3894386291503906,0.9531521376650849
11,13,/home/nabizadz/Projects/Mahsa/datasets/grid/test/s33/srwz5a.mpg,125,141,3.8812355995178223,0.9850442684685049
11,14,/home/nabizadz/Projects/Mahsa/datasets/grid/test/s33/swbz7a.mpg,209,225,4.4537434577941895,0.9751640452786111
11,15,/home/nabizadz/Projects/Mahsa/datasets/grid/test/s33/bbai4n.mpg,138,154,3.7105307579040527,0.9726399867350931
12,0,/home/nabizadz/Projects/Mahsa/datasets/grid/test/s33/pras9a.mpg,261,277,4.399746894836426,0.9600637277105896
12,1,/home/nabizadz/Projects/Mahsa/datasets/grid/test/s33/pwigzn.mpg,44,60,3.074902296066284,0.9622457743490765
12,2,/home/nabizadz/Projects/Mahsa/datasets/grid/test/s33/sriq9a.mpg,261,277,4.138821125030518,0.9156909119626369
12,3,/home/nabizadz/Projects/Mahsa/datasets/grid/test/s33/sray5s.mpg,270,286,4.43560266494751,0.9818614257108822
12,4,/home/nabizadz/Projects/Mahsa/datasets/grid/test/s33/bbwdzp.mpg,178,194,3.8055624961853027,0.8941455549153826
12,5,/home/nabizadz/Projects/Mahsa/datasets/grid/test/s33/lbwo2p.mpg,70,86,3.4728410243988037,0.9478307058240781
12,6,/home/nabizadz/Projects/Mahsa/datasets/grid/test/s33/srws1a.mpg,227,243,4.210010528564453,0.8684308502128957
12,7,/home/nabizadz/Projects/Mahsa/datasets/grid/test/s33/lgac4p.mpg,31,47,4.161892414093018,0.9969196303039133
12,8,/home/nabizadz/Projects/Mahsa/datasets/grid/test/s33/pbwg2p.mpg,46,62,2.4600343704223633,0.9726632308696321
12,9,/home/nabizadz/Projects/Mahsa/datasets/grid/test/s33/pwwh3s.mpg,175,191,4.279201030731201,0.9638532886475409
12,10,/home/nabizadz/Projects/Mahsa/datasets/grid/test/s33/bwij5a.mpg,128,144,3.925116777420044,0.9893764969303569
12,11,/home/nabizadz/Projects/Mahsa/datasets/grid/test/s33/lgwx5a.mpg,51,67,2.404181718826294,0.9753017956653525
12,12,/home/nabizadz/Projects/Mahsa/datasets/grid/test/s33/sbwy9a.mpg,76,92,3.696852922439575,0.9782105559732065
12,13,/home/nabizadz/Projects/Mahsa/datasets/grid/test/s33/pwwu1s.mpg,140,156,3.7029502391815186,0.969382128532591
12,14,/home/nabizadz/Projects/Mahsa/datasets/grid/test/s33/bbap1a.mpg,234,250,4.369001865386963,0.913783327692975
12,15,/home/nabizadz/Projects/Mahsa/datasets/grid/test/s33/pgwu9a.mpg,162,178,3.32578182220459,0.9429489498702222
13,0,/home/nabizadz/Projects/Mahsa/datasets/grid/test/s33/bgbr2p.mpg,206,222,4.29504919052124,0.9591040104402958
13,1,/home/nabizadz/Projects/Mahsa/datasets/grid/test/s33/lwbi6p.mpg,7,23,4.353549957275391,0.9999880439950548
13,2,/home/nabizadz/Projects/Mahsa/datasets/grid/test/s33/swwmzn.mpg,135,151,3.2278385162353516,0.9548901768901179
13,3,/home/nabizadz/Projects/Mahsa/datasets/grid/test/s33/pgbo1a.mpg,165,181,3.27573823928833,0.9684648524916141
13,4,/home/nabizadz/Projects/Mahsa/datasets/grid/test/s33/swwz9s.mpg,40,56,2.029693126678467,0.9813794844798472
13,5,/home/nabizadz/Projects/Mahsa/datasets/grid/test/s33/sriy1s.mpg,282,298,4.397459030151367,0.9797258779011808
13,6,/home/nabizadz/Projects/Mahsa/datasets/grid/test/s33/lbbu1s.mpg,55,71,3.5175459384918213,0.979498222634444
13,7,/home/nabizadz/Projects/Mahsa/datasets/grid/test/s33/lrih2p.mpg,63,79,3.785118579864502,0.9717224690299646
13,8,/home/nabizadz/Projects/Mahsa/datasets/grid/test/s33/brax1a.mpg,118,134,2.204387903213501,0.9639047941469997
13,9,/home/nabizadz/Projects/Mahsa/datasets/grid/test/s33/bgwe6n.mpg,281,297,4.2523064613342285,0.9796684518185819
13,10,/home/nabizadz/Projects/Mahsa/datasets/grid/test/s33/bgwr4n.mpg,54,70,2.5869688987731934,0.9540986134768078
13,11,/home/nabizadz/Projects/Mahsa/datasets/grid/test/s33/lrbo5a.mpg,142,158,3.7608914375305176,0.9741900790073194
13,12,/home/nabizadz/Projects/Mahsa/datasets/grid/test/s33/prwg9a.mpg,48,64,3.3338935375213623,0.9741968630870727
13,13,/home/nabizadz/Projects/Mahsa/datasets/grid/test/s33/lbwb3s.mpg,157,173,3.6930484771728516,0.9485977605640991
13,14,/home/nabizadz/Projects/Mahsa/datasets/grid/test/s33/lwao5s.mpg,148,164,4.023400783538818,0.96541865304822
13,15,/home/nabizadz/Projects/Mahsa/datasets/grid/test/s33/lbbbzp.mpg,171,187,3.4070489406585693,0.9496823680556659
14,0,/home/nabizadz/Projects/Mahsa/datasets/grid/test/s33/lwwp5a.mpg,147,163,4.2735371589660645,0.9822523026232926
14,1,/home/nabizadz/Projects/Mahsa/datasets/grid/test/s33/sgas5a.mpg,41,57,3.1685166358947754,0.985126533337669
14,2,/home/nabizadz/Projects/Mahsa/datasets/grid/test/s33/brajzn.mpg,176,192,3.7196402549743652,0.9671689418298225
14,3,/home/nabizadz/Projects/Mahsa/datasets/grid/test/s33/lbig4n.mpg,14,30,4.338376522064209,0.9827892790358441
14,4,/home/nabizadz/Projects/Mahsa/datasets/grid/test/s33/bgiq4p.mpg,278,294,4.3980712890625,0.9983817676128247
14,5,/home/nabizadz/Projects/Mahsa/datasets/grid/test/s33/sgbm2n.mpg,125,141,3.077897787094116,0.9711994245305815
14,6,/home/nabizadz/Projects/Mahsa/datasets/grid/test/s33/lwio1s.mpg,29,45,3.7931535243988037,0.9930662121155457
14,7,/home/nabizadz/Projects/Mahsa/datasets/grid/test/s33/pbaz6p.mpg,9,25,4.037227630615234,0.9997960393402694
14,8,/home/nabizadz/Projects/Mahsa/datasets/grid/test/s33/lrbu6n.mpg,160,176,3.7913453578948975,0.9657044789337966
14,9,/home/nabizadz/Projects/Mahsa/datasets/grid/test/s33/sgaz6n.mpg,280,296,4.077459812164307,0.9832868158859229
14,10,/home/nabizadz/Projects/Mahsa/datasets/grid/test/s33/lrah4n.mpg,270,286,4.368717670440674,0.9583705900758754
14,11,/home/nabizadz/Projects/Mahsa/datasets/grid/test/s33/lbwu5s.mpg,113,129,3.835874080657959,0.952531123792325
14,12,/home/nabizadz/Projects/Mahsa/datasets/grid/test/s33/pbwm7a.mpg,75,91,3.41167950630188,0.9751752935136953
14,13,/home/nabizadz/Projects/Mahsa/datasets/grid/test/s33/sgas4p.mpg,77,93,3.2568929195404053,0.9773130409822856
14,14,/home/nabizadz/Projects/Mahsa/datasets/grid/test/s33/priz8p.mpg,243,259,4.094905376434326,0.84749614194917
14,15,/home/nabizadz/Projects/Mahsa/datasets/grid/test/s33/swbl7s.mpg,111,127,3.2676329612731934,0.9703195606483775
15,0,/home/nabizadz/Projects/Mahsa/datasets/grid/test/s33/sgbm3s.mpg,89,105,3.467744827270508,0.9769107488558294
15,1,/home/nabizadz/Projects/Mahsa/datasets/grid/test/s33/sbax8n.mpg,90,106,2.9453744888305664,0.9581766194822903
15,2,/home/nabizadz/Projects/Mahsa/datasets/grid/test/s33/srbl2p.mpg,247,263,4.0587286949157715,0.9267584730647651
15,3,/home/nabizadz/Projects/Mahsa/datasets/grid/test/s33/pbie8n.mpg,170,186,4.163632392883301,0.9706878813677499
15,4,/home/nabizadz/Projects/Mahsa/datasets/grid/test/s33/prwt4n.mpg,35,51,4.1181159019470215,0.9738659817290424
15,5,/home/nabizadz/Projects/Mahsa/datasets/grid/test/s33/lwab8p.mpg,125,141,3.7906548976898193,0.9707438890411185
15,6,/home/nabizadz/Projects/Mahsa/datasets/grid/test/s33/swbszn.mpg,168,184,4.112494945526123,0.958642939807147
15,7,/home/nabizadz/Projects/Mahsa/datasets/grid/test/s33/srak8p.mpg,39,55,3.779292106628418,0.9718910563436348
15,8,/home/nabizadz/Projects/Mahsa/datasets/grid/test/s33/bwwe3a.mpg,149,165,4.019725799560547,0.9825910330027011
15,9,/home/nabizadz/Projects/Mahsa/datasets/grid/test/s33/sgwt3a.mpg,284,300,4.309672832489014,0.990430323908663
15,10,/home/nabizadz/Projects/Mahsa/datasets/grid/test/s33/lgai8p.mpg,216,232,4.298220157623291,0.9315898672350633
15,11,/home/nabizadz/Projects/Mahsa/datasets/grid/test/s33/pgit4n.mpg,105,121,3.901449680328369,0.9859658975234481
15,12,/home/nabizadz/Projects/Mahsa/datasets/grid/test/s33/bbiu9s.mpg,209,225,4.438271999359131,0.9769889759511964
15,13,/home/nabizadz/Projects/Mahsa/datasets/grid/test/s33/sbak2p.mpg,140,156,3.842036724090576,0.9784206277508497
15,14,/home/nabizadz/Projects/Mahsa/datasets/grid/test/s33/pgbn8n.mpg,194,210,4.315398216247559,0.8786756578112463
15,15,/home/nabizadz/Projects/Mahsa/datasets/grid/test/s33/sbay1a.mpg,269,285,4.095411777496338,0.9401615047944509
16,0,/home/nabizadz/Projects/Mahsa/datasets/grid/test/s33/lgwx4p.mpg,157,173,3.4765615463256836,0.9606556005125051
16,1,/home/nabizadz/Projects/Mahsa/datasets/grid/test/s33/lwbi7a.mpg,180,196,4.329960823059082,0.9468229449798283
16,2,/home/nabizadz/Projects/Mahsa/datasets/grid/test/s33/primzp.mpg,97,113,3.559162139892578,0.9531548821312262
16,3,/home/nabizadz/Projects/Mahsa/datasets/grid/test/s33/lgwj5s.mpg,22,38,3.8752410411834717,0.973115528015072
16,4,/home/nabizadz/Projects/Mahsa/datasets/grid/test/s33/srwf3a.mpg,75,91,3.4549522399902344,0.9834196717635478
16,5,/home/nabizadz/Projects/Mahsa/datasets/grid/test/s33/pris5a.mpg,46,62,3.376589059829712,0.9541311526385168
16,6,/home/nabizadz/Projects/Mahsa/datasets/grid/test/s33/brwd7a.mpg,278,294,4.321916580200195,0.971372314822358
16,7,/home/nabizadz/Projects/Mahsa/datasets/grid/test/s33/bbav4p.mpg,249,265,4.319474697113037,0.8888596168744344
16,8,/home/nabizadz/Projects/Mahsa/datasets/grid/test/s33/pbbm1s.mpg,122,138,3.545010566711426,0.9496705153681262
16,9,/home/nabizadz/Projects/Mahsa/datasets/grid/test/s33/brwd4n.mpg,153,169,3.549128532409668,0.9576538586601497
16,10,/home/nabizadz/Projects/Mahsa/datasets/grid/test/s33/pwbn5a.mpg,9,25,4.064599990844727,0.9992045218701888
16,11,/home/nabizadz/Projects/Mahsa/datasets/grid/test/s33/bbiu8n.mpg,26,42,3.5489308834075928,0.9723265114313046
16,12,/home/nabizadz/Projects/Mahsa/datasets/grid/test/s33/sbwl1a.mpg,232,248,4.058795928955078,0.8466119528788353
16,13,/home/nabizadz/Projects/Mahsa/datasets/grid/test/s33/brwd5s.mpg,125,141,3.649430513381958,0.9913255343556964
16,14,/home/nabizadz/Projects/Mahsa/datasets/grid/test/s33/bgid7a.mpg,135,151,3.0524749755859375,0.9512288432032278
16,15,/home/nabizadz/Projects/Mahsa/datasets/grid/test/s33/sray7a.mpg,6,22,4.373522758483887,0.9973672930208849
17,0,/home/nabizadz/Projects/Mahsa/datasets/grid/test/s33/prbg5a.mpg,264,280,4.435405731201172,0.9743247242158115
17,1,/home/nabizadz/Projects/Mahsa/datasets/grid/test/s33/bbbv8p.mpg,24,40,4.2336578369140625,0.9999054066195733
17,2,/home/nabizadz/Projects/Mahsa/datasets/grid/test/s33/sbwe4n.mpg,126,142,2.1467080116271973,0.9708127715273933
17,3,/home/nabizadz/Projects/Mahsa/datasets/grid/test/s33/sbwr3s.mpg,283,299,4.297079563140869,0.9823773268544964
17,4,/home/nabizadz/Projects/Mahsa/datasets/grid/test/s33/bbio6p.mpg,104,120,3.197355270385742,0.9440048217790216
17,5,/home/nabizadz/Projects/Mahsa/datasets/grid/test/s33/swbl9a.mpg,164,180,3.6571991443634033,0.9827161373393278
17,6,/home/nabizadz/Projects/Mahsa/datasets/grid/test/s33/srwfzn.mpg,60,76,4.126457214355469,0.9808601289423428
17,7,/home/nabizadz/Projects/Mahsa/datasets/grid/test/s33/pram4p.mpg,145,161,3.6786937713623047,0.9682471774847672
17,8,/home/nabizadz/Projects/Mahsa/datasets/grid/test/s33/bgwe7s.mpg,161,177,3.498828411102295,0.968460571405774
17,9,/home/nabizadz/Projects/Mahsa/datasets/grid/test/s33/lwavzp.mpg,202,218,4.331517219543457,0.9027792997848476
17,10,/home/nabizadz/Projects/Mahsa/datasets/grid/test/s33/bgbe3s.mpg,97,113,3.487826108932495,0.9730895793507754
17,11,/home/nabizadz/Projects/Mahsa/datasets/grid/test/s33/srbr4n.mpg,218,234,4.321784019470215,0.9317953483502374
17,12,/home/nabizadz/Projects/Mahsa/datasets/grid/test/s33/brwq3s.mpg,0,16,4.516198635101318,0.9957086681455534
17,13,/home/nabizadz/Projects/Mahsa/datasets/grid/test/s33/lwai2p.mpg,20,36,4.101924419403076,0.9980180174150289
17,14,/home/nabizadz/Projects/Mahsa/datasets/grid/test/s33/sbid4p.mpg,137,153,2.143568992614746,0.9507485300642422
17,15,/home/nabizadz/Projects/Mahsa/datasets/grid/test/s33/prwn2p.mpg,86,102,3.433104991912842,0.9788180627273098
18,0,/home/nabizadz/Projects/Mahsa/datasets/grid/test/s33/pwbg9s.mpg,160,176,3.3185722827911377,0.9643181031508026
18,1,/home/nabizadz/Projects/Mahsa/datasets/grid/test/s33/lgbj2p.mpg,234,250,4.2721052169799805,0.9536178087026163
18,2,/home/nabizadz/Projects/Mahsa/datasets/grid/test/s33/sbby5a.mpg,28,44,4.037319183349609,0.9941810440309399
18,3,/home/nabizadz/Projects/Mahsa/datasets/grid/test/s33/bgay1s.mpg,253,269,4.329791069030762,0.9086146112908388
18,4,/home/nabizadz/Projects/Mahsa/datasets/grid/test/s33/sgbs8p.mpg,5,21,4.096761226654053,0.9870333936428254
18,5,/home/nabizadz/Projects/Mahsa/datasets/grid/test/s33/pgbozp.mpg,38,54,3.285257577896118,0.9589612530660773
18,6,/home/nabizadz/Projects/Mahsa/datasets/grid/test/s33/sgwg3s.mpg,61,77,3.484360933303833,0.9677914417316476
18,7,/home/nabizadz/Projects/Mahsa/datasets/grid/test/s33/pgwo5a.mpg,262,278,4.283895015716553,0.9790342679475735
18,8,/home/nabizadz/Projects/Mahsa/datasets/grid/test/s33/bric3s.mpg,37,53,3.6850943565368652,0.9764987337680394
18,9,/home/nabizadz/Projects/Mahsa/datasets/grid/test/s33/lwwc7a.mpg,125,141,3.572721242904663,0.9511115522647514
18,10,/home/nabizadz/Projects/Mahsa/datasets/grid/test/s33/bgwr7a.mpg,117,133,3.3429713249206543,0.9680754399010689
18,11,/home/nabizadz/Projects/Mahsa/datasets/grid/test/s33/lgbjzn.mpg,236,252,4.259462833404541,0.8895162208519181
18,12,/home/nabizadz/Projects/Mahsa/datasets/grid/test/s33/lrwo9a.mpg,24,40,4.294704914093018,0.9930534214045142
18,13,/home/nabizadz/Projects/Mahsa/datasets/grid/test/s33/pwanzp.mpg,25,41,4.167202472686768,0.9973880738946392
18,14,/home/nabizadz/Projects/Mahsa/datasets/grid/test/s33/srik2n.mpg,163,179,3.8538155555725098,0.9734502476667188
18,15,/home/nabizadz/Projects/Mahsa/datasets/grid/test/s33/bwaj6n.mpg,219,235,4.250516414642334,0.9121646399871912
19,0,/home/nabizadz/Projects/Mahsa/datasets/grid/test/s33/bgbe5a.mpg,114,130,3.593125581741333,0.9779706068129104
19,1,/home/nabizadz/Projects/Mahsa/datasets/grid/test/s33/pwbn4p.mpg,277,293,4.335696220397949,0.9970958306215054
19,2,/home/nabizadz/Projects/Mahsa/datasets/grid/test/s33/lwiu7a.mpg,178,194,4.397068500518799,0.9963360933230611
19,3,/home/nabizadz/Projects/Mahsa/datasets/grid/test/s33/bbbjzp.mpg,107,123,3.3119630813598633,0.9592094641807847
19,4,/home/nabizadz/Projects/Mahsa/datasets/grid/test/s33/pwit1a.mpg,135,151,3.2653868198394775,0.9776682113458814
19,5,/home/nabizadz/Projects/Mahsa/datasets/grid/test/s33/prbm8p.mpg,242,258,4.268322944641113,0.87342783215508
19,6,/home/nabizadz/Projects/Mahsa/datasets/grid/test/s33/bgwz1a.mpg,259,275,4.17284631729126,0.9597543824851381
19,7,/home/nabizadz/Projects/Mahsa/datasets/grid/test/s33/bgix8p.mpg,194,210,3.707974433898926,0.9654388578408686
19,8,/home/nabizadz/Projects/Mahsa/datasets/grid/test/s33/pgig8p.mpg,130,146,3.0906753540039062,0.9622634497042718
19,9,/home/nabizadz/Projects/Mahsa/datasets/grid/test/s33/bgae1a.mpg,263,279,4.082801342010498,0.9245280149704179
19,10,/home/nabizadz/Projects/Mahsa/datasets/grid/test/s33/sbbk4n.mpg,239,255,4.402157783508301,0.9447408942467436
19,11,/home/nabizadz/Projects/Mahsa/datasets/grid/test/s33/sriq7s.mpg,63,79,3.4086503982543945,0.9789432723245555
19,12,/home/nabizadz/Projects/Mahsa/datasets/grid/test/s33/bbwc8n.mpg,258,274,3.529493808746338,0.9625925272111417
19,13,/home/nabizadz/Projects/Mahsa/datasets/grid/test/s33/brac9a.mpg,274,290,4.219729900360107,0.9472295400805959
19,14,/home/nabizadz/Projects/Mahsa/datasets/grid/test/s33/brac8p.mpg,47,63,3.441049337387085,0.9793817213882999
19,15,/home/nabizadz/Projects/Mahsa/datasets/grid/test/s33/bgad8n.mpg,73,89,3.525998592376709,0.9714582070072298
20,0,/home/nabizadz/Projects/Mahsa/datasets/grid/test/s33/lbinzp.mpg,55,71,3.693114995956421,0.96408980307786
20,1,/home/nabizadz/Projects/Mahsa/datasets/grid/test/s33/lgbp4n.mpg,132,148,3.748708963394165,0.9763621142749755
20,2,/home/nabizadz/Projects/Mahsa/datasets/grid/test/s33/lrih3a.mpg,213,229,4.24253511428833,0.8817003611592181
20,3,/home/nabizadz/Projects/Mahsa/datasets/grid/test/s33/lwwjzp.mpg,232,248,4.28567361831665,0.9536821439825971
20,4,/home/nabizadz/Projects/Mahsa/datasets/grid/test/s33/pgwo2n.mpg,20,36,4.248409748077393,0.9998600850628017
20,5,/home/nabizadz/Projects/Mahsa/datasets/grid/test/s33/sbid2n.mpg,165,181,4.396162509918213,0.952802911852656
20,6,/home/nabizadz/Projects/Mahsa/datasets/grid/test/s33/lran9s.mpg,231,247,4.1238555908203125,0.9032265891244632
20,7,/home/nabizadz/Projects/Mahsa/datasets/grid/test/s33/prwg8p.mpg,227,243,4.452969074249268,0.9556959855821185
20,8,/home/nabizadz/Projects/Mahsa/datasets/grid/test/s33/prbg3s.mpg,244,260,4.518151760101318,0.931928720391101
20,9,/home/nabizadz/Projects/Mahsa/datasets/grid/test/s33/pbwgzn.mpg,156,172,3.76127290725708,0.9474906242102294
20,10,/home/nabizadz/Projects/Mahsa/datasets/grid/test/s33/lwih7s.mpg,48,64,2.827322006225586,0.9703831282438639
20,11,/home/nabizadz/Projects/Mahsa/datasets/grid/test/s33/sgaf6p.mpg,39,55,4.028299331665039,0.9872362309333698
20,12,/home/nabizadz/Projects/Mahsa/datasets/grid/test/s33/bbai6p.mpg,37,53,4.246173858642578,0.9985630930884284
20,13,/home/nabizadz/Projects/Mahsa/datasets/grid/test/s33/swazzn.mpg,171,187,3.8317341804504395,0.9061744014608509
20,14,/home/nabizadz/Projects/Mahsa/datasets/grid/test/s33/lrbu9a.mpg,135,151,3.495971918106079,0.9567571409194443
20,15,/home/nabizadz/Projects/Mahsa/datasets/grid/test/s33/pbir9a.mpg,192,208,4.388566970825195,0.9918838067961248
21,0,/home/nabizadz/Projects/Mahsa/datasets/grid/test/s33/sbbq8n.mpg,171,187,4.254969596862793,0.9513097652852026
21,1,/home/nabizadz/Projects/Mahsa/datasets/grid/test/s33/pgwu8p.mpg,136,152,3.680389881134033,0.9703774097861705
21,2,/home/nabizadz/Projects/Mahsa/datasets/grid/test/s33/pwig1s.mpg,98,114,3.2654812335968018,0.9755085717937041
21,3,/home/nabizadz/Projects/Mahsa/datasets/grid/test/s33/bbai7a.mpg,132,148,3.5935118198394775,0.9101619745279076
21,4,/home/nabizadz/Projects/Mahsa/datasets/grid/test/s33/bwwq9s.mpg,66,82,3.0862538814544678,0.9577365962296848
21,5,/home/nabizadz/Projects/Mahsa/datasets/grid/test/s33/lwao7a.mpg,125,141,2.3011744022369385,0.947868462105636
21,6,/home/nabizadz/Projects/Mahsa/datasets/grid/test/s33/brbx4p.mpg,166,182,3.700498342514038,0.9608922114828378
21,7,/home/nabizadz/Projects/Mahsa/datasets/grid/test/s33/srar1s.mpg,249,265,4.37417459487915,0.8982531014312579
21,8,/home/nabizadz/Projects/Mahsa/datasets/grid/test/s33/bwwq8n.mpg,283,299,4.177719593048096,0.9474736552661253
21,9,/home/nabizadz/Projects/Mahsa/datasets/grid/test/s33/lbaa6p.mpg,259,275,4.139583110809326,0.9640124021353972
21,10,/home/nabizadz/Projects/Mahsa/datasets/grid/test/s33/lwau9s.mpg,190,206,4.301094055175781,0.9227844124252204
21,11,/home/nabizadz/Projects/Mahsa/datasets/grid/test/s33/pgauzp.mpg,75,91,3.1775898933410645,0.9641589988486954
21,12,/home/nabizadz/Projects/Mahsa/datasets/grid/test/s33/lrah6p.mpg,79,95,3.4435198307037354,0.981899634120939
21,13,/home/nabizadz/Projects/Mahsa/datasets/grid/test/s33/lgio6n.mpg,272,288,3.970768451690674,0.9241309020703492
21,14,/home/nabizadz/Projects/Mahsa/datasets/grid/test/s33/lrau5a.mpg,265,281,4.271038055419922,0.9815776117320992
21,15,/home/nabizadz/Projects/Mahsa/datasets/grid/test/s33/prbt1s.mpg,160,176,3.9380903244018555,0.9583922391567684
22,0,/home/nabizadz/Projects/Mahsa/datasets/grid/test/s33/sgif2p.mpg,270,286,4.302805423736572,0.9497134697726168
22,1,/home/nabizadz/Projects/Mahsa/datasets/grid/test/s33/bgwl1s.mpg,280,296,4.35869836807251,0.9873535840648217
22,2,/home/nabizadz/Projects/Mahsa/datasets/grid/test/s33/sbwy7s.mpg,155,171,3.7360615730285645,0.9823883644175213
22,3,/home/nabizadz/Projects/Mahsa/datasets/grid/test/s33/brwkzp.mpg,162,178,3.3111186027526855,0.95168900275684
22,4,/home/nabizadz/Projects/Mahsa/datasets/grid/test/s33/sbby2n.mpg,178,194,4.000848293304443,0.9736312939703727
22,5,/home/nabizadz/Projects/Mahsa/datasets/grid/test/s33/sray4n.mpg,203,219,4.244420051574707,0.9346462540164416
22,6,/home/nabizadz/Projects/Mahsa/datasets/grid/test/s33/bwip8p.mpg,216,232,4.271334648132324,0.9441174020753694
22,7,/home/nabizadz/Projects/Mahsa/datasets/grid/test/s33/bbbp3s.mpg,132,148,3.6523571014404297,0.9687868902961724
22,8,/home/nabizadz/Projects/Mahsa/datasets/grid/test/s33/pbaszn.mpg,135,151,3.4820191860198975,0.9641216081929025
22,9,/home/nabizadz/Projects/Mahsa/datasets/grid/test/s33/bbac3a.mpg,129,145,3.326793909072876,0.9389827385668881
22,10,/home/nabizadz/Projects/Mahsa/datasets/grid/test/s33/pwim4n.mpg,256,272,4.35167932510376,0.912274186779149
22,11,/home/nabizadz/Projects/Mahsa/datasets/grid/test/s33/lbwb2n.mpg,13,29,4.290833950042725,0.9656668328797434
22,12,/home/nabizadz/Projects/Mahsa/datasets/grid/test/s33/bbib6n.mpg,62,78,3.5684289932250977,0.9692122952040656
22,13,/home/nabizadz/Projects/Mahsa/datasets/grid/test/s33/srae2n.mpg,202,218,3.5967814922332764,0.8518570544253429
22,14,/home/nabizadz/Projects/Mahsa/datasets/grid/test/s33/sbbezn.mpg,250,266,4.337655544281006,0.9237854728379515
22,15,/home/nabizadz/Projects/Mahsa/datasets/grid/test/s33/swwz8n.mpg,89,105,3.850409746170044,0.9912435310401093
23,0,/home/nabizadz/Projects/Mahsa/datasets/grid/test/s33/pbbf9a.mpg,239,255,4.293787956237793,0.8516830684025725
23,1,/home/nabizadz/Projects/Mahsa/datasets/grid/test/s33/pgbu3s.mpg,102,118,3.3166146278381348,0.9630585880139235
23,2,/home/nabizadz/Projects/Mahsa/datasets/grid/test/s33/pwis8n.mpg,47,63,3.1844561100006104,0.9742039632174968
23,3,/home/nabizadz/Projects/Mahsa/datasets/grid/test/s33/sbiq3a.mpg,216,232,4.382909774780273,0.9578536797216513
23,4,/home/nabizadz/Projects/Mahsa/datasets/grid/test/s33/lban2n.mpg,61,77,3.3465464115142822,0.9746834049433964
23,5,/home/nabizadz/Projects/Mahsa/datasets/grid/test/s33/pgbh4n.mpg,65,81,3.4365034103393555,0.9818676318996427
23,6,/home/nabizadz/Projects/Mahsa/datasets/grid/test/s33/bbwc9s.mpg,38,54,3.3692615032196045,0.9685798345504698
23,7,/home/nabizadz/Projects/Mahsa/datasets/grid/test/s33/sbij8p.mpg,88,104,2.9711544513702393,0.9106134179983862
23,8,/home/nabizadz/Projects/Mahsa/datasets/grid/test/s33/pwbt6n.mpg,120,136,3.7206339836120605,0.9718380055519839
23,9,/home/nabizadz/Projects/Mahsa/datasets/grid/test/s33/pbbs7a.mpg,272,288,4.332269191741943,0.9832103423296135
23,10,/home/nabizadz/Projects/Mahsa/datasets/grid/test/s33/lraozp.mpg,199,215,4.091695308685303,0.8569695016347023
23,11,/home/nabizadz/Projects/Mahsa/datasets/grid/test/s33/lwwc6p.mpg,182,198,3.5965237617492676,0.9749308696477916
23,12,/home/nabizadz/Projects/Mahsa/datasets/grid/test/s33/bwwy3s.mpg,241,257,4.031929969787598,0.8923597717787916
23,13,/home/nabizadz/Projects/Mahsa/datasets/grid/test/s33/prwt7a.mpg,66,82,2.462028741836548,0.9783971880365578
23,14,/home/nabizadz/Projects/Mahsa/datasets/grid/test/s33/pgbu5a.mpg,62,78,3.8676278591156006,0.9726435746255079
23,15,/home/nabizadz/Projects/Mahsa/datasets/grid/test/s33/swbz4n.mpg,39,55,3.21415376663208,0.9687103250103176
24,0,/home/nabizadz/Projects/Mahsa/datasets/grid/test/s33/bwad5a.mpg,253,269,4.135242938995361,0.9562523774230884
24,1,/home/nabizadz/Projects/Mahsa/datasets/grid/test/s33/sgwg4p.mpg,240,256,4.182328701019287,0.9095753272333695
24,2,/home/nabizadz/Projects/Mahsa/datasets/grid/test/s33/srbz1a.mpg,160,176,3.0772767066955566,0.9640058376146327
24,3,/home/nabizadz/Projects/Mahsa/datasets/grid/test/s33/pwaa3a.mpg,176,192,4.333542346954346,0.936087435856109
24,4,/home/nabizadz/Projects/Mahsa/datasets/grid/test/s33/lrab2p.mpg,38,54,3.956653118133545,0.9888917811389332
24,5,/home/nabizadz/Projects/Mahsa/datasets/grid/test/s33/lbia2p.mpg,77,93,3.390601634979248,0.9384244351144917
24,6,/home/nabizadz/Projects/Mahsa/datasets/grid/test/s33/swir4p.mpg,140,156,3.6079912185668945,0.9417464684899824
24,7,/home/nabizadz/Projects/Mahsa/datasets/grid/test/s33/sriq6n.mpg,252,268,4.417644500732422,0.9122905118585344
24,8,/home/nabizadz/Projects/Mahsa/datasets/grid/test/s33/swar9a.mpg,153,169,3.1497817039489746,0.9500598118719137
24,9,/home/nabizadz/Projects/Mahsa/datasets/grid/test/s33/bgwl2p.mpg,97,113,3.747115135192871,0.9463167354742357
24,10,/home/nabizadz/Projects/Mahsa/datasets/grid/test/s33/brwx8p.mpg,46,62,3.2268314361572266,0.9789685155275876
24,11,/home/nabizadz/Projects/Mahsa/datasets/grid/test/s33/srwf1s.mpg,18,34,4.2458014488220215,0.9632626287511945
24,12,/home/nabizadz/Projects/Mahsa/datasets/grid/test/s33/lgib9s.mpg,180,196,4.364556789398193,0.9461508733344935
24,13,/home/nabizadz/Projects/Mahsa/datasets/grid/test/s33/lrwo8p.mpg,93,109,3.1322989463806152,0.9489887644589499
24,14,/home/nabizadz/Projects/Mahsa/datasets/grid/test/s33/lbbn6n.mpg,97,113,3.9211671352386475,0.9780619131303189
24,15,/home/nabizadz/Projects/Mahsa/datasets/grid/test/s33/pgbu4p.mpg,38,54,3.1223881244659424,0.9740052350568508
25,0,/home/nabizadz/Projects/Mahsa/datasets/grid/test/s33/pris3s.mpg,210,226,3.148050308227539,0.9567891673793926
25,1,/home/nabizadz/Projects/Mahsa/datasets/grid/test/s33/swbz6p.mpg,252,268,4.488311767578125,0.9698819107278764
25,2,/home/nabizadz/Projects/Mahsa/datasets/grid/test/s33/lbwh8p.mpg,26,42,4.024464130401611,0.9994294732019989
25,3,/home/nabizadz/Projects/Mahsa/datasets/grid/test/s33/pgah2p.mpg,136,152,3.4014103412628174,0.965114930477717
25,4,/home/nabizadz/Projects/Mahsa/datasets/grid/test/s33/lwbo9s.mpg,135,151,3.5406994819641113,0.9548985361591396
25,5,/home/nabizadz/Projects/Mahsa/datasets/grid/test/s33/pbws8n.mpg,246,262,3.9949965476989746,0.8403240144211718
25,6,/home/nabizadz/Projects/Mahsa/datasets/grid/test/s33/bgak3s.mpg,266,282,4.162633419036865,0.8853908050965537
25,7,/home/nabizadz/Projects/Mahsa/datasets/grid/test/s33/srik4p.mpg,65,81,3.439286470413208,0.9828050639241354
25,8,/home/nabizadz/Projects/Mahsa/datasets/grid/test/s33/bric5a.mpg,66,82,2.679910898208618,0.9606253942275927
25,9,/home/nabizadz/Projects/Mahsa/datasets/grid/test/s33/lgbc6n.mpg,149,165,3.713284969329834,0.9792015342777479
25,10,/home/nabizadz/Projects/Mahsa/datasets/grid/test/s33/lrwo7s.mpg,234,250,4.312014579772949,0.8753544270799434
25,11,/home/nabizadz/Projects/Mahsa/datasets/grid/test/s33/bgid4n.mpg,77,93,3.1597650051116943,0.970262429818556
25,12,/home/nabizadz/Projects/Mahsa/datasets/grid/test/s33/swwf6n.mpg,110,126,3.217196226119995,0.9869734279232357
25,13,/home/nabizadz/Projects/Mahsa/datasets/grid/test/s33/sbaq7a.mpg,206,222,4.4461750984191895,0.9403508381747109
25,14,/home/nabizadz/Projects/Mahsa/datasets/grid/test/s33/swal2n.mpg,16,32,3.600621461868286,0.9904135781230877
25,15,/home/nabizadz/Projects/Mahsa/datasets/grid/test/s33/sgbs9a.mpg,94,110,3.0786123275756836,0.9690056613920118
26,0,/home/nabizadz/Projects/Mahsa/datasets/grid/test/s33/pbil5a.mpg,201,217,4.391778945922852,0.9430408328868893
26,1,/home/nabizadz/Projects/Mahsa/datasets/grid/test/s33/lbba8n.mpg,119,135,3.861968517303467,0.9700280082394539
26,2,/home/nabizadz/Projects/Mahsa/datasets/grid/test/s33/lrbi1a.mpg,51,67,3.253671169281006,0.9731326916322683
26,3,/home/nabizadz/Projects/Mahsa/datasets/grid/test/s33/pgbh7a.mpg,276,292,4.275138854980469,0.9771135405293889
26,4,/home/nabizadz/Projects/Mahsa/datasets/grid/test/s33/pbbs4n.mpg,220,236,4.339297771453857,0.8660747357221632
26,5,/home/nabizadz/Projects/Mahsa/datasets/grid/test/s33/pwba6p.mpg,125,141,3.3358025550842285,0.9553295890997294
26,6,/home/nabizadz/Projects/Mahsa/datasets/grid/test/s33/pgbh6p.mpg,212,228,4.273821830749512,0.9399816106913116
26,7,/home/nabizadz/Projects/Mahsa/datasets/grid/test/s33/bgwe9a.mpg,238,254,4.2854485511779785,0.7968161842295457
26,8,/home/nabizadz/Projects/Mahsa/datasets/grid/test/s33/bbapzp.mpg,36,52,4.138522624969482,0.9999966717290558
26,9,/home/nabizadz/Projects/Mahsa/datasets/grid/test/s33/bwic9s.mpg,74,90,3.618140935897827,0.9739093982494307
26,10,/home/nabizadz/Projects/Mahsa/datasets/grid/test/s33/sgif3a.mpg,54,70,3.001401901245117,0.9734631406736036
26,11,/home/nabizadz/Projects/Mahsa/datasets/grid/test/s33/srie1a.mpg,166,182,4.305717468261719,0.9764987753201274
26,12,/home/nabizadz/Projects/Mahsa/datasets/grid/test/s33/swwm3a.mpg,39,55,3.8660178184509277,0.981665475666379
26,13,/home/nabizadz/Projects/Mahsa/datasets/grid/test/s33/sbbq9s.mpg,34,50,4.011111259460449,0.9967285632541422
26,14,/home/nabizadz/Projects/Mahsa/datasets/grid/test/s33/swir2n.mpg,131,147,3.158456325531006,0.9734954187225757
26,15,/home/nabizadz/Projects/Mahsa/datasets/grid/test/s33/bwbq4n.mpg,222,238,4.288963317871094,0.8740241189180441
27,0,/home/nabizadz/Projects/Mahsa/datasets/grid/test/s33/pwba4n.mpg,42,58,3.6143410205841064,0.9672211164061043
27,1,/home/nabizadz/Projects/Mahsa/datasets/grid/test/s33/bgbe4p.mpg,265,281,4.343103408813477,0.9503430273517609
27,2,/home/nabizadz/Projects/Mahsa/datasets/grid/test/s33/bgij9s.mpg,161,177,4.178361892700195,0.9798428763590299
27,3,/home/nabizadz/Projects/Mahsa/datasets/grid/test/s33/lrbu7s.mpg,19,35,4.287925720214844,0.9997987173900331
27,4,/home/nabizadz/Projects/Mahsa/datasets/grid/test/s33/swie6p.mpg,68,84,2.821777105331421,0.9762275473640692
27,5,/home/nabizadz/Projects/Mahsa/datasets/grid/test/s33/pwam9s.mpg,50,66,3.3359484672546387,0.9676417723353072
27,6,/home/nabizadz/Projects/Mahsa/datasets/grid/test/s33/lrbu8p.mpg,81,97,3.5232620239257812,0.9667462882687546
27,7,/home/nabizadz/Projects/Mahsa/datasets/grid/test/s33/sgiz4p.mpg,206,222,3.5540785789489746,0.9652901094464654
27,8,/home/nabizadz/Projects/Mahsa/datasets/grid/test/s33/lgapzn.mpg,245,261,4.377316951751709,0.9021526831245225
27,9,/home/nabizadz/Projects/Mahsa/datasets/grid/test/s33/srwr9s.mpg,174,190,3.739778757095337,0.9723712710639824
27,10,/home/nabizadz/Projects/Mahsa/datasets/grid/test/s33/lrau2n.mpg,237,253,4.313224792480469,0.8210025881911007
27,11,/home/nabizadz/Projects/Mahsa/datasets/grid/test/s33/lbat8p.mpg,160,176,4.173831939697266,0.9690817707927502
27,12,/home/nabizadz/Projects/Mahsa/datasets/grid/test/s33/bgay3a.mpg,28,44,3.8221144676208496,0.9942682144291016
27,13,/home/nabizadz/Projects/Mahsa/datasets/grid/test/s33/bbbp4p.mpg,176,192,3.60965895652771,0.9608052833560222
27,14,/home/nabizadz/Projects/Mahsa/datasets/grid/test/s33/pwaa1s.mpg,66,82,2.381528854370117,0.9728755925098483
27,15,/home/nabizadz/Projects/Mahsa/datasets/grid/test/s33/lrab3a.mpg,238,254,4.373865604400635,0.927156263207116
28,0,/home/nabizadz/Projects/Mahsa/datasets/grid/test/s33/pbbm2p.mpg,281,297,4.158514499664307,0.9861951497298864
28,1,/home/nabizadz/Projects/Mahsa/datasets/grid/test/s33/swar6n.mpg,137,153,3.2608137130737305,0.9709874317063323
28,2,/home/nabizadz/Projects/Mahsa/datasets/grid/test/s33/bwid1a.mpg,211,227,4.326107978820801,0.9259857178028723
28,3,/home/nabizadz/Projects/Mahsa/datasets/grid/test/s33/swwm1s.mpg,182,198,4.253593921661377,0.9119303877840681
28,4,/home/nabizadz/Projects/Mahsa/datasets/grid/test/s33/brwq5a.mpg,15,31,4.295373916625977,0.9999786390183232
28,5,/home/nabizadz/Projects/Mahsa/datasets/grid/test/s33/lwwv7s.mpg,265,281,4.233822345733643,0.9596954809622862
28,6,/home/nabizadz/Projects/Mahsa/datasets/grid/test/s33/praf8n.mpg,167,183,4.278651714324951,0.9202172609662009
28,7,/home/nabizadz/Projects/Mahsa/datasets/grid/test/s33/lwio3a.mpg,274,290,4.267568111419678,0.9589102702646793
28,8,/home/nabizadz/Projects/Mahsa/datasets/grid/test/s33/lgii4p.mpg,29,45,3.5197947025299072,0.9856967643903762
28,9,/home/nabizadz/Projects/Mahsa/datasets/grid/test/s33/brwx7s.mpg,181,197,4.222283363342285,0.9579379819136512
28,10,/home/nabizadz/Projects/Mahsa/datasets/grid/test/s33/bbav3s.mpg,31,47,4.364809989929199,0.9983773964341635
28,11,/home/nabizadz/Projects/Mahsa/datasets/grid/test/s33/swbf3s.mpg,208,224,4.34774923324585,0.9156341430221129
28,12,/home/nabizadz/Projects/Mahsa/datasets/grid/test/s33/pgan7a.mpg,129,145,3.4881365299224854,0.9869687555493631
28,13,/home/nabizadz/Projects/Mahsa/datasets/grid/test/s33/bbwj2n.mpg,99,115,3.0693132877349854,0.9482049760306674
28,14,/home/nabizadz/Projects/Mahsa/datasets/grid/test/s33/lrwi5a.mpg,197,213,4.442718029022217,0.9533976804442771
28,15,/home/nabizadz/Projects/Mahsa/datasets/grid/test/s33/srwr8n.mpg,206,222,4.253188610076904,0.8883118776667038
29,0,/home/nabizadz/Projects/Mahsa/datasets/grid/test/s33/lrah7a.mpg,27,43,2.327565908432007,0.9912743637137252
29,1,/home/nabizadz/Projects/Mahsa/datasets/grid/test/s33/sbbe3a.mpg,207,223,4.353616714477539,0.9252870698725372
29,2,/home/nabizadz/Projects/Mahsa/datasets/grid/test/s33/lwbc1s.mpg,280,296,4.209467887878418,0.971204394925695
29,3,/home/nabizadz/Projects/Mahsa/datasets/grid/test/s33/lwbv4p.mpg,241,257,4.3478851318359375,0.9804053645725078
29,4,/home/nabizadz/Projects/Mahsa/datasets/grid/test/s33/bgid5s.mpg,266,282,4.294484615325928,0.98855186141864
29,5,/home/nabizadz/Projects/Mahsa/datasets/grid/test/s33/bgay2p.mpg,97,113,3.772620677947998,0.98830251230624
29,6,/home/nabizadz/Projects/Mahsa/datasets/grid/test/s33/prbm6n.mpg,15,31,3.6217539310455322,0.9978583671217407
29,7,/home/nabizadz/Projects/Mahsa/datasets/grid/test/s33/sbix6p.mpg,95,111,3.096059799194336,0.9550252957328276
29,8,/home/nabizadz/Projects/Mahsa/datasets/grid/test/s33/lbahzp.mpg,57,73,2.334972620010376,0.9649488089930808
29,9,/home/nabizadz/Projects/Mahsa/datasets/grid/test/s33/bbbv7s.mpg,99,115,3.8429880142211914,0.9839634469041939
29,10,/home/nabizadz/Projects/Mahsa/datasets/grid/test/s33/pgbh5s.mpg,77,93,3.357320547103882,0.9694697195125127
29,11,/home/nabizadz/Projects/Mahsa/datasets/grid/test/s33/sgbm4p.mpg,257,273,4.36519193649292,0.9754006670182734
29,12,/home/nabizadz/Projects/Mahsa/datasets/grid/test/s33/bric2n.mpg,201,217,4.369869709014893,0.9111436266369384
29,13,/home/nabizadz/Projects/Mahsa/datasets/grid/test/s33/lrit8n.mpg,37,53,4.216971397399902,0.9996894564171707
29,14,/home/nabizadz/Projects/Mahsa/datasets/grid/test/s33/pbaz5s.mpg,215,231,4.257421493530273,0.8849819511007362
29,15,/home/nabizadz/Projects/Mahsa/datasets/grid/test/s33/bbac2p.mpg,191,207,4.307820796966553,0.9404808228331459
30,0,/home/nabizadz/Projects/Mahsa/datasets/grid/test/s33/brap5s.mpg,38,54,3.2490956783294678,0.9709466336852624
30,1,/home/nabizadz/Projects/Mahsa/datasets/grid/test/s33/lrbb5s.mpg,261,277,4.36503791809082,0.9588226708213645
30,2,/home/nabizadz/Projects/Mahsa/datasets/grid/test/s33/bgaezp.mpg,49,65,3.434983968734741,0.9675829344434786
30,3,/home/nabizadz/Projects/Mahsa/datasets/grid/test/s33/bwixzn.mpg,145,161,3.6078312397003174,0.96921680595583
30,4,/home/nabizadz/Projects/Mahsa/datasets/grid/test/s33/brwx6n.mpg,96,112,3.1764943599700928,0.9579499863461474
30,5,/home/nabizadz/Projects/Mahsa/datasets/grid/test/s33/lbwb4p.mpg,151,167,3.9564056396484375,0.9865554999928775
30,6,/home/nabizadz/Projects/Mahsa/datasets/grid/test/s33/sgis1a.mpg,33,49,3.5486838817596436,0.9918295200295004
30,7,/home/nabizadz/Projects/Mahsa/datasets/grid/test/s33/lrbb6p.mpg,62,78,3.140659809112549,0.9598711523908381
30,8,/home/nabizadz/Projects/Mahsa/datasets/grid/test/s33/lbbu3a.mpg,277,293,4.4291510581970215,0.9432902579376486
30,9,/home/nabizadz/Projects/Mahsa/datasets/grid/test/s33/lwao4n.mpg,79,95,3.0496585369110107,0.9533574163955264
30,10,/home/nabizadz/Projects/Mahsa/datasets/grid/test/s33/bgikzp.mpg,178,194,4.186396598815918,0.9761891156474359
30,11,/home/nabizadz/Projects/Mahsa/datasets/grid/test/s33/lbat6n.mpg,53,69,2.107167959213257,0.9797477201271166
30,12,/home/nabizadz/Projects/Mahsa/datasets/grid/test/s33/pbifzp.mpg,176,192,3.6521434783935547,0.9526894634589212
30,13,/home/nabizadz/Projects/Mahsa/datasets/grid/test/s33/pbwm6p.mpg,165,181,3.436324119567871,0.9719976898536634
30,14,/home/nabizadz/Projects/Mahsa/datasets/grid/test/s33/bbwp7s.mpg,241,257,4.35880184173584,0.9953456206902906
30,15,/home/nabizadz/Projects/Mahsa/datasets/grid/test/s33/sbbk7a.mpg,70,86,3.6308226585388184,0.9862055395856869
31,0,/home/nabizadz/Projects/Mahsa/datasets/grid/test/s33/lrabzn.mpg,108,124,3.8454430103302,0.9553173612099157
31,1,/home/nabizadz/Projects/Mahsa/datasets/grid/test/s33/sgwg2n.mpg,227,243,4.2596940994262695,0.8817641954660647
31,2,/home/nabizadz/Projects/Mahsa/datasets/grid/test/s33/lwih8p.mpg,258,274,4.403932571411133,0.9421031936404889
31,3,/home/nabizadz/Projects/Mahsa/datasets/grid/test/s33/bgaq7s.mpg,193,209,4.365566730499268,0.9273162873394383
31,4,/home/nabizadz/Projects/Mahsa/datasets/grid/test/s33/bwwk6p.mpg,231,247,4.115267276763916,0.8629722718524925
31,5,/home/nabizadz/Projects/Mahsa/datasets/grid/test/s33/lwab7s.mpg,63,79,2.9907937049865723,0.9574210104083013
31,6,/home/nabizadz/Projects/Mahsa/datasets/grid/test/s33/lgav5s.mpg,237,253,4.177740573883057,0.8518169008932657
31,7,/home/nabizadz/Projects/Mahsa/datasets/grid/test/s33/sgwg5a.mpg,139,155,3.335876226425171,0.9849360335857364
31,8,/home/nabizadz/Projects/Mahsa/datasets/grid/test/s33/bgik1a.mpg,24,40,4.308595180511475,0.9999833321210181
31,9,/home/nabizadz/Projects/Mahsa/datasets/grid/test/s33/lrbo3s.mpg,128,144,3.349867105484009,0.9686565958811321
31,10,/home/nabizadz/Projects/Mahsa/datasets/grid/test/s33/bwad4p.mpg,110,126,3.172377824783325,0.9774522389108518
31,11,/home/nabizadz/Projects/Mahsa/datasets/grid/test/s33/sriq8p.mpg,38,54,4.108823776245117,0.9873664305433937
31,12,/home/nabizadz/Projects/Mahsa/datasets/grid/test/s33/pgia4p.mpg,27,43,3.440699577331543,0.9822290878328498
31,13,/home/nabizadz/Projects/Mahsa/datasets/grid/test/s33/bripzn.mpg,62,78,2.3480451107025146,0.94744540734754
31,14,/home/nabizadz/Projects/Mahsa/datasets/grid/test/s33/sbbrzp.mpg,94,110,3.273599624633789,0.955616541327463
31,15,/home/nabizadz/Projects/Mahsa/datasets/grid/test/s33/pwwbzp.mpg,220,236,4.259977340698242,0.9686289068442078
32,0,/home/nabizadz/Projects/Mahsa/datasets/grid/test/s33/pgwb5s.mpg,53,69,2.9520809650421143,0.9765317631722452
32,1,/home/nabizadz/Projects/Mahsa/datasets/grid/test/s33/bgby7a.mpg,106,122,3.7651331424713135,0.9646189952461957
32,2,/home/nabizadz/Projects/Mahsa/datasets/grid/test/s33/brwd6p.mpg,108,124,3.393887519836426,0.9814898421985234
32,3,/home/nabizadz/Projects/Mahsa/datasets/grid/test/s33/pbal6n.mpg,262,278,4.3725504875183105,0.9317066945870306
32,4,/home/nabizadz/Projects/Mahsa/datasets/grid/test/s33/lgiv1s.mpg,33,49,2.576181173324585,0.9790700011361663
32,5,/home/nabizadz/Projects/Mahsa/datasets/grid/test/s33/pbaf3s.mpg,170,186,4.237919330596924,0.9757188675904718
32,6,/home/nabizadz/Projects/Mahsa/datasets/grid/test/s33/brwx9a.mpg,233,249,4.203763008117676,0.8882451985382543
32,7,/home/nabizadz/Projects/Mahsa/datasets/grid/test/s33/pbaz7a.mpg,113,129,3.504531145095825,0.9837485465433412
32,8,/home/nabizadz/Projects/Mahsa/datasets/grid/test/s33/pwat2n.mpg,279,295,4.275850772857666,0.9799666407021335
32,9,/home/nabizadz/Projects/Mahsa/datasets/grid/test/s33/lbit5a.mpg,220,236,4.1255693435668945,0.8637932463559137
32,10,/home/nabizadz/Projects/Mahsa/datasets/grid/test/s33/lbbb1a.mpg,99,115,3.406900405883789,0.9803069310299591
32,11,/home/nabizadz/Projects/Mahsa/datasets/grid/test/s33/bbac1s.mpg,75,91,3.343811273574829,0.9697358172127485
32,12,/home/nabizadz/Projects/Mahsa/datasets/grid/test/s33/pbif1a.mpg,119,135,3.869283676147461,0.9742160662007526
32,13,/home/nabizadz/Projects/Mahsa/datasets/grid/test/s33/brbd1s.mpg,256,272,4.377191066741943,0.9612841413650995
32,14,/home/nabizadz/Projects/Mahsa/datasets/grid/test/s33/lrih1s.mpg,208,224,4.238138198852539,0.8571601604440543
32,15,/home/nabizadz/Projects/Mahsa/datasets/grid/test/s33/pbbz9s.mpg,31,47,3.7795324325561523,0.9823551225253108
33,0,/home/nabizadz/Projects/Mahsa/datasets/grid/test/s33/swiy7s.mpg,141,157,3.147101640701294,0.9773647400997089
33,1,/home/nabizadz/Projects/Mahsa/datasets/grid/test/s33/lwbv5a.mpg,267,283,4.172212600708008,0.9962183063367411
33,2,/home/nabizadz/Projects/Mahsa/datasets/grid/test/s33/pbie9s.mpg,60,76,3.452414035797119,0.968066631033817
33,3,/home/nabizadz/Projects/Mahsa/datasets/grid/test/s33/pragzp.mpg,64,80,3.34255313873291,0.9766509952795326
33,4,/home/nabizadz/Projects/Mahsa/datasets/grid/test/s33/bwbk1s.mpg,115,131,3.3706438541412354,0.9850627625644688
33,5,/home/nabizadz/Projects/Mahsa/datasets/grid/test/s33/bgbr1s.mpg,238,254,4.241358280181885,0.971641949581724
33,6,/home/nabizadz/Projects/Mahsa/datasets/grid/test/s33/bwwk7a.mpg,81,97,3.443662643432617,0.9742715148224366
33,7,/home/nabizadz/Projects/Mahsa/datasets/grid/test/s33/srar2p.mpg,198,214,4.312551498413086,0.9187820220169952
33,8,/home/nabizadz/Projects/Mahsa/datasets/grid/test/s33/pbaf4p.mpg,251,267,4.364238739013672,0.9087017367676805
33,9,/home/nabizadz/Projects/Mahsa/datasets/grid/test/s33/lwau8n.mpg,251,267,4.356453895568848,0.9799384135484709
33,10,/home/nabizadz/Projects/Mahsa/datasets/grid/test/s33/bwwe1s.mpg,233,249,4.160340785980225,0.8160469073294674
33,11,/home/nabizadz/Projects/Mahsa/datasets/grid/test/s33/bbii1s.mpg,228,244,4.308443069458008,0.8462047531326516
33,12,/home/nabizadz/Projects/Mahsa/datasets/grid/test/s33/briv5s.mpg,25,41,3.848856210708618,0.9936859355244778
33,13,/home/nabizadz/Projects/Mahsa/datasets/grid/test/s33/lbia1s.mpg,80,96,3.3356432914733887,0.9536332082454402
33,14,/home/nabizadz/Projects/Mahsa/datasets/grid/test/s33/pbiz1s.mpg,237,253,4.26973819732666,0.8743149016594445
33,15,/home/nabizadz/Projects/Mahsa/datasets/grid/test/s33/sbij7s.mpg,50,66,1.9990711212158203,0.9879110155314906
34,0,/home/nabizadz/Projects/Mahsa/datasets/grid/test/s33/brbp9s.mpg,131,147,3.4637229442596436,0.9732315529422568
34,1,/home/nabizadz/Projects/Mahsa/datasets/grid/test/s33/lwbv2n.mpg,26,42,3.48581862449646,0.9788927982661026
34,2,/home/nabizadz/Projects/Mahsa/datasets/grid/test/s33/pgwu6n.mpg,276,292,4.362911224365234,0.931877700261754
34,3,/home/nabizadz/Projects/Mahsa/datasets/grid/test/s33/lrwi4p.mpg,13,29,4.132105350494385,0.999771830851205
34,4,/home/nabizadz/Projects/Mahsa/datasets/grid/test/s33/bwwy5a.mpg,124,140,3.733062982559204,0.9722218451854618
34,5,/home/nabizadz/Projects/Mahsa/datasets/grid/test/s33/lbin1a.mpg,210,226,4.218655109405518,0.9056402430263408
34,6,/home/nabizadz/Projects/Mahsa/datasets/grid/test/s33/lbwh6n.mpg,205,221,4.369925498962402,0.9764740001786796
34,7,/home/nabizadz/Projects/Mahsa/datasets/grid/test/s33/lwbpzp.mpg,273,289,4.409399032592773,0.9746968054219967
34,8,/home/nabizadz/Projects/Mahsa/datasets/grid/test/s33/pbwtzp.mpg,6,22,3.9627208709716797,0.9892272105613817
34,9,/home/nabizadz/Projects/Mahsa/datasets/grid/test/s33/lrbo4p.mpg,13,29,4.209595203399658,0.9991239171404904
34,10,/home/nabizadz/Projects/Mahsa/datasets/grid/test/s33/brwj8n.mpg,253,269,4.219615459442139,0.9360268479719428
34,11,/home/nabizadz/Projects/Mahsa/datasets/grid/test/s33/lgai6n.mpg,173,189,4.199836730957031,0.9242905432269305
34,12,/home/nabizadz/Projects/Mahsa/datasets/grid/test/s33/lgbv8n.mpg,273,289,4.347217559814453,0.9684302010157958
34,13,/home/nabizadz/Projects/Mahsa/datasets/grid/test/s33/bbwj4p.mpg,96,112,3.5789897441864014,0.9758192101693851
34,14,/home/nabizadz/Projects/Mahsa/datasets/grid/test/s33/pwwu2p.mpg,118,134,3.806741237640381,0.980055676061884
34,15,/home/nabizadz/Projects/Mahsa/datasets/grid/test/s33/lwab6n.mpg,237,253,4.1803364753723145,0.814489008535842
35,0,/home/nabizadz/Projects/Mahsa/datasets/grid/test/s33/bwax7a.mpg,115,131,4.015498161315918,0.989799463288604
35,1,/home/nabizadz/Projects/Mahsa/datasets/grid/test/s33/lria8p.mpg,227,243,4.40824031829834,0.9047138062913626
35,2,/home/nabizadz/Projects/Mahsa/datasets/grid/test/s33/brbx5a.mpg,183,199,4.368303298950195,0.9927996297488856
35,3,/home/nabizadz/Projects/Mahsa/datasets/grid/test/s33/brip1s.mpg,174,190,4.360722064971924,0.9714439774687044
35,4,/home/nabizadz/Projects/Mahsa/datasets/grid/test/s33/sbbe2p.mpg,70,86,3.712999105453491,0.9679263053850277
35,5,/home/nabizadz/Projects/Mahsa/datasets/grid/test/s33/swar7s.mpg,118,134,3.0901949405670166,0.9541506219014974
35,6,/home/nabizadz/Projects/Mahsa/datasets/grid/test/s33/brii9a.mpg,12,28,4.028372764587402,0.9946009533440244
35,7,/home/nabizadz/Projects/Mahsa/datasets/grid/test/s33/bbwp6n.mpg,250,266,4.210752964019775,0.8935039787378909
35,8,/home/nabizadz/Projects/Mahsa/datasets/grid/test/s33/lwib3s.mpg,84,100,3.4466679096221924,0.9472377822435492
35,9,/home/nabizadz/Projects/Mahsa/datasets/grid/test/s33/lrau3s.mpg,169,185,4.334907531738281,0.9658263862668313
35,10,/home/nabizadz/Projects/Mahsa/datasets/grid/test/s33/lwwj1a.mpg,132,148,3.771674156188965,0.9781607316649331
35,11,/home/nabizadz/Projects/Mahsa/datasets/grid/test/s33/bbbi9s.mpg,239,255,4.404622554779053,0.9274230159246107
35,12,/home/nabizadz/Projects/Mahsa/datasets/grid/test/s33/prbazp.mpg,237,253,4.447108745574951,0.9518188900831743
35,13,/home/nabizadz/Projects/Mahsa/datasets/grid/test/s33/pwbg8n.mpg,122,138,3.732152223587036,0.9832380381150572
35,14,/home/nabizadz/Projects/Mahsa/datasets/grid/test/s33/pbiz3a.mpg,240,256,4.287318229675293,0.9719581681426506
35,15,/home/nabizadz/Projects/Mahsa/datasets/grid/test/s33/pgaa7s.mpg,276,292,4.293087005615234,0.9174456317630255
36,0,/home/nabizadz/Projects/Mahsa/datasets/grid/test/s33/pbbmzn.mpg,50,66,3.4526612758636475,0.9539232687129479
36,1,/home/nabizadz/Projects/Mahsa/datasets/grid/test/s33/lbaa7a.mpg,131,147,3.991976499557495,0.9887441775404561
36,2,/home/nabizadz/Projects/Mahsa/datasets/grid/test/s33/lwiu6p.mpg,42,58,3.41908860206604,0.9895280879306265
36,3,/home/nabizadz/Projects/Mahsa/datasets/grid/test/s33/lwwp2n.mpg,189,205,3.9366726875305176,0.8311941461903903
36,4,/home/nabizadz/Projects/Mahsa/datasets/grid/test/s33/pwwn8p.mpg,250,266,4.270214080810547,0.8847172974172796
36,5,/home/nabizadz/Projects/Mahsa/datasets/grid/test/s33/lwwv6n.mpg,27,43,4.05149507522583,0.9856314458105736
36,6,/home/nabizadz/Projects/Mahsa/datasets/grid/test/s33/lbat7s.mpg,78,94,3.749337673187256,0.9692598569919865
36,7,/home/nabizadz/Projects/Mahsa/datasets/grid/test/s33/sbid5a.mpg,40,56,3.686739683151245,0.9750315159013071
36,8,/home/nabizadz/Projects/Mahsa/datasets/grid/test/s33/sgir9s.mpg,141,157,3.323850154876709,0.9765721642550711
36,9,/home/nabizadz/Projects/Mahsa/datasets/grid/test/s33/swae9s.mpg,161,177,4.275040149688721,0.9634435541939724
36,10,/home/nabizadz/Projects/Mahsa/datasets/grid/test/s33/bwix3a.mpg,119,135,3.2250866889953613,0.9748400581447133
36,11,/home/nabizadz/Projects/Mahsa/datasets/grid/test/s33/bwwk4n.mpg,35,51,3.4557783603668213,0.9845330374092589
36,12,/home/nabizadz/Projects/Mahsa/datasets/grid/test/s33/brwq4p.mpg,249,265,4.117489337921143,0.907771115648014
36,13,/home/nabizadz/Projects/Mahsa/datasets/grid/test/s33/bgaq6n.mpg,221,237,4.296573162078857,0.8561849166311334
36,14,/home/nabizadz/Projects/Mahsa/datasets/grid/test/s33/bwwy2n.mpg,101,117,3.6853034496307373,0.9806994548271258
36,15,/home/nabizadz/Projects/Mahsa/datasets/grid/test/s33/lgwx3s.mpg,275,291,4.308633327484131,0.9357613089865772
37,0,/home/nabizadz/Projects/Mahsa/datasets/grid/test/s33/bwwezn.mpg,205,221,4.233208179473877,0.8491650131734664
37,1,/home/nabizadz/Projects/Mahsa/datasets/grid/test/s33/bbbc7a.mpg,112,128,3.3717169761657715,0.9789399781322218
37,2,/home/nabizadz/Projects/Mahsa/datasets/grid/test/s33/bbbp5a.mpg,273,289,4.315039157867432,0.9761795470108704
37,3,/home/nabizadz/Projects/Mahsa/datasets/grid/test/s33/sbwe7a.mpg,247,263,4.280219554901123,0.8639122213547454
37,4,/home/nabizadz/Projects/Mahsa/datasets/grid/test/s33/pgia3s.mpg,124,140,3.3313910961151123,0.9632914420601549
37,5,/home/nabizadz/Projects/Mahsa/datasets/grid/test/s33/lgiv3a.mpg,17,33,3.4695234298706055,0.9941798994921163
37,6,/home/nabizadz/Projects/Mahsa/datasets/grid/test/s33/bwaqzn.mpg,281,297,4.245073318481445,0.9442935772922769
37,7,/home/nabizadz/Projects/Mahsa/datasets/grid/test/s33/pbwm5s.mpg,33,49,3.9550509452819824,0.9920425713042468
37,8,/home/nabizadz/Projects/Mahsa/datasets/grid/test/s33/pwba7a.mpg,203,219,4.339801788330078,0.9271612265972666
37,9,/home/nabizadz/Projects/Mahsa/datasets/grid/test/s33/srae5a.mpg,67,83,3.407399892807007,0.9848664163882277
37,10,/home/nabizadz/Projects/Mahsa/datasets/grid/test/s33/prwn1s.mpg,161,177,3.219644546508789,0.973248260504943
37,11,/home/nabizadz/Projects/Mahsa/datasets/grid/test/s33/pbbz8n.mpg,169,185,4.117053985595703,0.9615273748031283
37,12,/home/nabizadz/Projects/Mahsa/datasets/grid/test/s33/brac6n.mpg,82,98,3.0363850593566895,0.9886414542320024
37,13,/home/nabizadz/Projects/Mahsa/datasets/grid/test/s33/sbij6n.mpg,152,168,3.48897385597229,0.9566157951436788
37,14,/home/nabizadz/Projects/Mahsa/datasets/grid/test/s33/lrbb7a.mpg,34,50,3.1139097213745117,0.9498216358130949
37,15,/home/nabizadz/Projects/Mahsa/datasets/grid/test/s33/pbil4p.mpg,138,154,3.738173246383667,0.963920351947476
38,0,/home/nabizadz/Projects/Mahsa/datasets/grid/test/s33/lrin6p.mpg,178,194,4.284358501434326,0.9831882775731464
38,1,/home/nabizadz/Projects/Mahsa/datasets/grid/test/s33/swbs3a.mpg,273,289,4.391645908355713,0.9865524345306815
38,2,/home/nabizadz/Projects/Mahsa/datasets/grid/test/s33/lgwj7a.mpg,30,46,4.1491546630859375,0.998114575046981
38,3,/home/nabizadz/Projects/Mahsa/datasets/grid/test/s33/sbwr2n.mpg,198,214,4.3830718994140625,0.9432135109229025
38,4,/home/nabizadz/Projects/Mahsa/datasets/grid/test/s33/srae4p.mpg,218,234,4.0794878005981445,0.8138919624241399
38,5,/home/nabizadz/Projects/Mahsa/datasets/grid/test/s33/bwbd8p.mpg,70,86,3.713973045349121,0.9885053496455366
38,6,/home/nabizadz/Projects/Mahsa/datasets/grid/test/s33/bbiv1a.mpg,1,17,4.1144328117370605,0.9966452851207626
38,7,/home/nabizadz/Projects/Mahsa/datasets/grid/test/s33/swbl6n.mpg,243,259,4.244518280029297,0.8817463166169348
38,8,/home/nabizadz/Projects/Mahsa/datasets/grid/test/s33/pwwn6n.mpg,187,203,4.244434833526611,0.9386743006600408
38,9,/home/nabizadz/Projects/Mahsa/datasets/grid/test/s33/bwic8n.mpg,208,224,4.094991683959961,0.8324964398058091
38,10,/home/nabizadz/Projects/Mahsa/datasets/grid/test/s33/pwam8n.mpg,150,166,3.546780824661255,0.9776976931009206
38,11,/home/nabizadz/Projects/Mahsa/datasets/grid/test/s33/lbwo3a.mpg,274,290,4.193033695220947,0.9791602328452353
38,12,/home/nabizadz/Projects/Mahsa/datasets/grid/test/s33/pras7s.mpg,81,97,3.0914056301116943,0.956366967383119
38,13,/home/nabizadz/Projects/Mahsa/datasets/grid/test/s33/briv4n.mpg,231,247,4.360067367553711,0.8461134477117548
38,14,/home/nabizadz/Projects/Mahsa/datasets/grid/test/s33/pwaazn.mpg,132,148,3.6031699180603027,0.9566182677608094
38,15,/home/nabizadz/Projects/Mahsa/datasets/grid/test/s33/sgbs7s.mpg,229,245,4.498658657073975,0.951285837375181
39,0,/home/nabizadz/Projects/Mahsa/datasets/grid/test/s33/sgiz2n.mpg,264,280,4.220489501953125,0.9335667427211708
39,1,/home/nabizadz/Projects/Mahsa/datasets/grid/test/s33/pgahzn.mpg,246,262,4.162545680999756,0.8359233375318511
39,2,/home/nabizadz/Projects/Mahsa/datasets/grid/test/s33/sgaf5s.mpg,156,172,2.4590823650360107,0.9650830696942561
39,3,/home/nabizadz/Projects/Mahsa/datasets/grid/test/s33/lbah1a.mpg,40,56,2.813060998916626,0.9666743433853
39,4,/home/nabizadz/Projects/Mahsa/datasets/grid/test/s33/bbwx2p.mpg,226,242,4.1719865798950195,0.9798862520906271
39,5,/home/nabizadz/Projects/Mahsa/datasets/grid/test/s33/bbio7a.mpg,163,179,3.9419326782226562,0.9258228974439083
39,6,/home/nabizadz/Projects/Mahsa/datasets/grid/test/s33/srwl6p.mpg,182,198,4.363783359527588,0.9842103118812459
39,7,/home/nabizadz/Projects/Mahsa/datasets/grid/test/s33/sgaf4n.mpg,181,197,3.569737434387207,0.8240280662431514
39,8,/home/nabizadz/Projects/Mahsa/datasets/grid/test/s33/sgaz7s.mpg,271,287,4.349577903747559,0.9358091450643181
39,9,/home/nabizadz/Projects/Mahsa/datasets/grid/test/s33/pras8p.mpg,103,119,3.3005971908569336,0.9723578942316847
39,10,/home/nabizadz/Projects/Mahsa/datasets/grid/test/s33/braj3a.mpg,226,242,3.9966530799865723,0.8260156370941479
39,11,/home/nabizadz/Projects/Mahsa/datasets/grid/test/s33/bgbrzn.mpg,93,109,3.506406307220459,0.9723508911946067
39,12,/home/nabizadz/Projects/Mahsa/datasets/grid/test/s33/prwa4p.mpg,11,27,4.2893218994140625,0.989740399114763
39,13,/home/nabizadz/Projects/Mahsa/datasets/grid/test/s33/pwbt8p.mpg,198,214,4.284958362579346,0.9588859182808174
39,14,/home/nabizadz/Projects/Mahsa/datasets/grid/test/s33/braj2p.mpg,150,166,3.204806327819824,0.9538948634382475
39,15,/home/nabizadz/Projects/Mahsa/datasets/grid/test/s33/pbiz2p.mpg,136,152,3.775352716445923,0.955178644605306
40,0,/home/nabizadz/Projects/Mahsa/datasets/grid/test/s33/srbe7s.mpg,52,68,3.5246474742889404,0.9904750215407844
40,1,/home/nabizadz/Projects/Mahsa/datasets/grid/test/s33/bwbq7a.mpg,78,94,3.860088586807251,0.9818711916695083
40,2,/home/nabizadz/Projects/Mahsa/datasets/grid/test/s33/swiy6n.mpg,45,61,3.2323038578033447,0.9768425520065456
40,3,/home/nabizadz/Projects/Mahsa/datasets/grid/test/s33/bwix1s.mpg,282,298,4.198146820068359,0.9504392751385892
40,4,/home/nabizadz/Projects/Mahsa/datasets/grid/test/s33/pwwh2n.mpg,60,76,3.3975908756256104,0.9789122858254535
40,5,/home/nabizadz/Projects/Mahsa/datasets/grid/test/s33/pwbt7s.mpg,10,26,4.348947048187256,0.9805248616943724
40,6,/home/nabizadz/Projects/Mahsa/datasets/grid/test/s33/sgbm5a.mpg,146,162,4.045942306518555,0.9837194666296145
40,7,/home/nabizadz/Projects/Mahsa/datasets/grid/test/s33/sgamzp.mpg,150,166,3.0833239555358887,0.9489183313158215
40,8,/home/nabizadz/Projects/Mahsa/datasets/grid/test/s33/lbit2n.mpg,153,169,3.8163678646087646,0.9759470159765538
40,9,/home/nabizadz/Projects/Mahsa/datasets/grid/test/s33/bwaj7s.mpg,84,100,3.2069997787475586,0.9843299924992818
40,10,/home/nabizadz/Projects/Mahsa/datasets/grid/test/s33/pwig2p.mpg,170,186,3.4322123527526855,0.9764834111819111
40,11,/home/nabizadz/Projects/Mahsa/datasets/grid/test/s33/pgbb3a.mpg,139,155,3.861233711242676,0.9788383677034626
40,12,/home/nabizadz/Projects/Mahsa/datasets/grid/test/s33/lwai3a.mpg,168,184,3.668527841567993,0.9019597358487642
40,13,/home/nabizadz/Projects/Mahsa/datasets/grid/test/s33/bgbr3a.mpg,237,253,4.170189380645752,0.916614002036807
40,14,/home/nabizadz/Projects/Mahsa/datasets/grid/test/s33/pgbn9s.mpg,109,125,3.733297824859619,0.9816039553772155
40,15,/home/nabizadz/Projects/Mahsa/datasets/grid/test/s33/bgwy8n.mpg,139,155,3.1767704486846924,0.959709792718157
41,0,/home/nabizadz/Projects/Mahsa/datasets/grid/test/s33/lwbczn.mpg,212,228,4.422179698944092,0.8579322777024869
41,1,/home/nabizadz/Projects/Mahsa/datasets/grid/test/s33/bwidzp.mpg,282,298,4.274165153503418,0.9982631688292504
41,2,/home/nabizadz/Projects/Mahsa/datasets/grid/test/s33/bgbk7s.mpg,37,53,3.2286994457244873,0.9699664381355857
41,3,/home/nabizadz/Projects/Mahsa/datasets/grid/test/s33/prwa2n.mpg,188,204,4.032084941864014,0.8031681380582668
41,4,/home/nabizadz/Projects/Mahsa/datasets/grid/test/s33/prbg4p.mpg,51,67,3.423532485961914,0.9565029460895873
41,5,/home/nabizadz/Projects/Mahsa/datasets/grid/test/s33/sbbe1s.mpg,272,288,4.341454982757568,0.9670091762875374
41,6,/home/nabizadz/Projects/Mahsa/datasets/grid/test/s33/lgio9a.mpg,147,163,3.3367221355438232,0.9687848659817758
41,7,/home/nabizadz/Projects/Mahsa/datasets/grid/test/s33/lran8n.mpg,131,147,3.8246726989746094,0.9599794688155695
41,8,/home/nabizadz/Projects/Mahsa/datasets/grid/test/s33/bbwxzn.mpg,82,98,3.493349552154541,0.9692599147625626
41,9,/home/nabizadz/Projects/Mahsa/datasets/grid/test/s33/swbf4p.mpg,123,139,3.340198278427124,0.9778142909717019
41,10,/home/nabizadz/Projects/Mahsa/datasets/grid/test/s33/srwz4p.mpg,234,250,4.19989538192749,0.957614987190601
41,11,/home/nabizadz/Projects/Mahsa/datasets/grid/test/s33/swir5a.mpg,25,41,3.9510111808776855,0.9934575643182691
41,12,/home/nabizadz/Projects/Mahsa/datasets/grid/test/s33/praf9s.mpg,29,45,4.267189025878906,0.9999313232040636
41,13,/home/nabizadz/Projects/Mahsa/datasets/grid/test/s33/swilzp.mpg,133,149,3.4320712089538574,0.9586146292510495
41,14,/home/nabizadz/Projects/Mahsa/datasets/grid/test/s33/pril8n.mpg,51,67,3.487379312515259,0.9681940726722847
41,15,/home/nabizadz/Projects/Mahsa/datasets/grid/test/s33/bbbj1a.mpg,167,183,4.297281742095947,0.9869541061220383
42,0,/home/nabizadz/Projects/Mahsa/datasets/grid/test/s33/pgah1s.mpg,176,192,4.251134872436523,0.9644139374475239
42,1,/home/nabizadz/Projects/Mahsa/datasets/grid/test/s33/bwby1a.mpg,30,46,3.787731409072876,0.9505225006911687
42,2,/home/nabizadz/Projects/Mahsa/datasets/grid/test/s33/lwwc4n.mpg,262,278,4.211512088775635,0.9552922970878329
42,3,/home/nabizadz/Projects/Mahsa/datasets/grid/test/s33/sbiqzn.mpg,66,82,3.4828851222991943,0.9735597091276921
42,4,/home/nabizadz/Projects/Mahsa/datasets/grid/test/s33/pgin3a.mpg,232,248,4.279625415802002,0.8983818045391948
42,5,/home/nabizadz/Projects/Mahsa/datasets/grid/test/s33/lrau4p.mpg,118,134,2.9136605262756348,0.9614306339184224
42,6,/home/nabizadz/Projects/Mahsa/datasets/grid/test/s33/lbbuzn.mpg,146,162,3.8484060764312744,0.9469163499656261
42,7,/home/nabizadz/Projects/Mahsa/datasets/grid/test/s33/priz7s.mpg,195,211,4.443570613861084,0.9771134905137061
42,8,/home/nabizadz/Projects/Mahsa/datasets/grid/test/s33/pwan1a.mpg,82,98,3.2761712074279785,0.9690812872548002
42,9,/home/nabizadz/Projects/Mahsa/datasets/grid/test/s33/pgat8n.mpg,73,89,3.356544256210327,0.9687788172867283
42,10,/home/nabizadz/Projects/Mahsa/datasets/grid/test/s33/lgai7s.mpg,195,211,4.250514507293701,0.9133804943594892
42,11,/home/nabizadz/Projects/Mahsa/datasets/grid/test/s33/brip2p.mpg,191,207,4.334522247314453,0.9526670437421133
42,12,/home/nabizadz/Projects/Mahsa/datasets/grid/test/s33/lrwv2p.mpg,243,259,4.33473014831543,0.9900727443333543
42,13,/home/nabizadz/Projects/Mahsa/datasets/grid/test/s33/sgaz8p.mpg,26,42,3.718641519546509,0.9933092279873498
42,14,/home/nabizadz/Projects/Mahsa/datasets/grid/test/s33/lbwh7s.mpg,120,136,3.4307806491851807,0.9602344681437771
42,15,/home/nabizadz/Projects/Mahsa/datasets/grid/test/s33/pgia2n.mpg,134,150,3.4134318828582764,0.9566284589411301
43,0,/home/nabizadz/Projects/Mahsa/datasets/grid/test/s33/bgwl3a.mpg,269,285,4.284400939941406,0.954515017653207
43,1,/home/nabizadz/Projects/Mahsa/datasets/grid/test/s33/bgby5s.mpg,51,67,3.2921996116638184,0.9766815756497954
43,2,/home/nabizadz/Projects/Mahsa/datasets/grid/test/s33/brap7a.mpg,44,60,3.5033316612243652,0.9786110806359702
43,3,/home/nabizadz/Projects/Mahsa/datasets/grid/test/s33/pbas3a.mpg,199,215,4.381464958190918,0.9048046435368653
43,4,/home/nabizadz/Projects/Mahsa/datasets/grid/test/s33/brbj4n.mpg,127,143,3.814828395843506,0.977341544966245
43,5,/home/nabizadz/Projects/Mahsa/datasets/grid/test/s33/bwbq5s.mpg,22,38,3.88838267326355,0.9988697975694505
43,6,/home/nabizadz/Projects/Mahsa/datasets/grid/test/s33/lgap1s.mpg,228,244,4.414005279541016,0.8973589972547629
43,7,/home/nabizadz/Projects/Mahsa/datasets/grid/test/s33/lgic1a.mpg,245,261,4.314788341522217,0.8633804505870094
43,8,/home/nabizadz/Projects/Mahsa/datasets/grid/test/s33/bwaj9a.mpg,63,79,3.782695770263672,0.978583320104861
43,9,/home/nabizadz/Projects/Mahsa/datasets/grid/test/s33/pbal7s.mpg,72,88,3.847989320755005,0.9853714964856094
43,10,/home/nabizadz/Projects/Mahsa/datasets/grid/test/s33/lgii2n.mpg,232,248,4.124128818511963,0.9479893075477869
43,11,/home/nabizadz/Projects/Mahsa/datasets/grid/test/s33/pgau1a.mpg,111,127,3.6369380950927734,0.9513582616758517
43,12,/home/nabizadz/Projects/Mahsa/datasets/grid/test/s33/sbbk6p.mpg,76,92,3.7307939529418945,0.9747013636810473
43,13,/home/nabizadz/Projects/Mahsa/datasets/grid/test/s33/lbbn9a.mpg,12,28,2.2330822944641113,0.9655454485449352
43,14,/home/nabizadz/Projects/Mahsa/datasets/grid/test/s33/bwbd6n.mpg,167,183,4.238749980926514,0.9290182683821173
43,15,/home/nabizadz/Projects/Mahsa/datasets/grid/test/s33/brav9s.mpg,189,205,4.324007034301758,0.9841478596960913
44,0,/home/nabizadz/Projects/Mahsa/datasets/grid/test/s33/srid8n.mpg,172,188,4.357715606689453,0.95353958037131
44,1,/home/nabizadz/Projects/Mahsa/datasets/grid/test/s33/pbil2n.mpg,181,197,4.3260111808776855,0.917718168484288
44,2,/home/nabizadz/Projects/Mahsa/datasets/grid/test/s33/bgbk6n.mpg,72,88,3.3836917877197266,0.9827711913950297
44,3,/home/nabizadz/Projects/Mahsa/datasets/grid/test/s33/srbr7a.mpg,272,288,4.205315113067627,0.9498502250892457
44,4,/home/nabizadz/Projects/Mahsa/datasets/grid/test/s33/lgib8n.mpg,194,210,4.280027389526367,0.8382685253586432
44,5,/home/nabizadz/Projects/Mahsa/datasets/grid/test/s33/swik9s.mpg,92,108,3.18612003326416,0.9417046439990662
44,6,/home/nabizadz/Projects/Mahsa/datasets/grid/test/s33/pgah3a.mpg,139,155,3.8724679946899414,0.9835529390254345
44,7,/home/nabizadz/Projects/Mahsa/datasets/grid/test/s33/lrao1a.mpg,123,139,3.689768075942993,0.9614134605017824
44,8,/home/nabizadz/Projects/Mahsa/datasets/grid/test/s33/lgio8p.mpg,42,58,3.7785215377807617,0.9810300507550986
44,9,/home/nabizadz/Projects/Mahsa/datasets/grid/test/s33/srwz3s.mpg,266,282,4.399205684661865,0.9505520172160725
44,10,/home/nabizadz/Projects/Mahsa/datasets/grid/test/s33/lgbp6p.mpg,128,144,3.9172050952911377,0.9667512708158805
44,11,/home/nabizadz/Projects/Mahsa/datasets/grid/test/s33/lwib2n.mpg,117,133,4.0402445793151855,0.972564144013022
44,12,/home/nabizadz/Projects/Mahsa/datasets/grid/test/s33/pbal8p.mpg,26,42,4.260478496551514,0.9943335318516093
44,13,/home/nabizadz/Projects/Mahsa/datasets/grid/test/s33/brbj5s.mpg,5,21,4.280465602874756,0.9999461418363093
44,14,/home/nabizadz/Projects/Mahsa/datasets/grid/test/s33/bbbp2n.mpg,135,151,3.775815963745117,0.9807247244096607
44,15,/home/nabizadz/Projects/Mahsa/datasets/grid/test/s33/lban4p.mpg,2,18,3.6013405323028564,0.9969498730183967
45,0,/home/nabizadz/Projects/Mahsa/datasets/grid/test/s33/bbbc6p.mpg,25,41,4.377880573272705,0.9963096802465583
45,1,/home/nabizadz/Projects/Mahsa/datasets/grid/test/s33/sgil7a.mpg,139,155,3.2286696434020996,0.9617990593365208
45,2,/home/nabizadz/Projects/Mahsa/datasets/grid/test/s33/lwiu5s.mpg,258,274,4.122946739196777,0.8696496802262703
45,3,/home/nabizadz/Projects/Mahsa/datasets/grid/test/s33/lwwi9s.mpg,163,179,4.37094783782959,0.9692037670956338
45,4,/home/nabizadz/Projects/Mahsa/datasets/grid/test/s33/lria9a.mpg,266,282,4.296590328216553,0.9838238815900209
45,5,/home/nabizadz/Projects/Mahsa/datasets/grid/test/s33/sriy3a.mpg,187,203,4.229555130004883,0.9260799119381408
45,6,/home/nabizadz/Projects/Mahsa/datasets/grid/test/s33/lgiczp.mpg,68,84,3.8132832050323486,0.9595429547025051
45,7,/home/nabizadz/Projects/Mahsa/datasets/grid/test/s33/bwaq1s.mpg,219,235,3.9751060009002686,0.8259509091348103
45,8,/home/nabizadz/Projects/Mahsa/datasets/grid/test/s33/bbbc5s.mpg,106,122,3.2882962226867676,0.9755423647248456
45,9,/home/nabizadz/Projects/Mahsa/datasets/grid/test/s33/sgir8n.mpg,256,272,4.30689001083374,0.8735461774891704
45,10,/home/nabizadz/Projects/Mahsa/datasets/grid/test/s33/prba1a.mpg,134,150,3.467532157897949,0.9676844503405804
45,11,/home/nabizadz/Projects/Mahsa/datasets/grid/test/s33/swaz2p.mpg,271,287,4.375918388366699,0.9369340169973356
45,12,/home/nabizadz/Projects/Mahsa/datasets/grid/test/s33/pwbh1a.mpg,6,22,4.277877330780029,0.997150405832665
45,13,/home/nabizadz/Projects/Mahsa/datasets/grid/test/s33/pbaf5a.mpg,83,99,3.834150791168213,0.9865073994265684
45,14,/home/nabizadz/Projects/Mahsa/datasets/grid/test/s33/prwnzn.mpg,1,17,4.450847148895264,0.999549237381986
45,15,/home/nabizadz/Projects/Mahsa/datasets/grid/test/s33/pwwa9s.mpg,179,195,4.366548538208008,0.9652209936173579
46,0,/home/nabizadz/Projects/Mahsa/datasets/grid/test/s33/sbby4p.mpg,264,280,4.371695518493652,0.9864019552782195
46,1,/home/nabizadz/Projects/Mahsa/datasets/grid/test/s33/bgwr6p.mpg,58,74,2.1723365783691406,0.9722986498948104
46,2,/home/nabizadz/Projects/Mahsa/datasets/grid/test/s33/bbbv6n.mpg,125,141,3.459163188934326,0.9696231305295161
46,3,/home/nabizadz/Projects/Mahsa/datasets/grid/test/s33/bwad2n.mpg,231,247,4.185051441192627,0.961626527096685
46,4,/home/nabizadz/Projects/Mahsa/datasets/grid/test/s33/lbwozn.mpg,18,34,4.144886016845703,0.9999370082344353
46,5,/home/nabizadz/Projects/Mahsa/datasets/grid/test/s33/bgwzzp.mpg,105,121,3.946030378341675,0.9890640608740365
46,6,/home/nabizadz/Projects/Mahsa/datasets/grid/test/s33/pris2n.mpg,9,25,3.9515697956085205,0.9988234027088911
46,7,/home/nabizadz/Projects/Mahsa/datasets/grid/test/s33/lgwd3a.mpg,110,126,3.681403875350952,0.9745127349425372
46,8,/home/nabizadz/Projects/Mahsa/datasets/grid/test/s33/sgbf8n.mpg,50,66,3.2095584869384766,0.9731465553950251
46,9,/home/nabizadz/Projects/Mahsa/datasets/grid/test/s33/bbwp9a.mpg,84,100,2.2611992359161377,0.9630698857490958
46,10,/home/nabizadz/Projects/Mahsa/datasets/grid/test/s33/bwbx8n.mpg,76,92,3.5851356983184814,0.9821711022328721
46,11,/home/nabizadz/Projects/Mahsa/datasets/grid/test/s33/pwwn9a.mpg,252,268,4.155433654785156,0.9119828270356555
46,12,/home/nabizadz/Projects/Mahsa/datasets/grid/test/s33/srar3a.mpg,1,17,4.135295391082764,0.9979427284869713
46,13,/home/nabizadz/Projects/Mahsa/datasets/grid/test/s33/sriy2p.mpg,138,154,3.3817343711853027,0.9619269573097752
46,14,/home/nabizadz/Projects/Mahsa/datasets/grid/test/s33/sgil4n.mpg,162,178,3.768167018890381,0.9632267307774804
46,15,/home/nabizadz/Projects/Mahsa/datasets/grid/test/s33/pgit6p.mpg,6,22,3.5887176990509033,0.9998325122711463
47,0,/home/nabizadz/Projects/Mahsa/datasets/grid/test/s33/lwbc2p.mpg,236,252,4.228763580322266,0.9501498128287432
47,1,/home/nabizadz/Projects/Mahsa/datasets/grid/test/s33/sgifzn.mpg,102,118,3.5980217456817627,0.9674400236020895
47,2,/home/nabizadz/Projects/Mahsa/datasets/grid/test/s33/sgaz9a.mpg,255,271,4.37600040435791,0.9389495470282943
47,3,/home/nabizadz/Projects/Mahsa/datasets/grid/test/s33/pwba5s.mpg,35,51,2.0582499504089355,0.960909456552723
47,4,/home/nabizadz/Projects/Mahsa/datasets/grid/test/s33/pwag4n.mpg,109,125,3.4309399127960205,0.9593186671533965
47,5,/home/nabizadz/Projects/Mahsa/datasets/grid/test/s33/lbbh4p.mpg,58,74,3.6671736240386963,0.9759389909197188
47,6,/home/nabizadz/Projects/Mahsa/datasets/grid/test/s33/srbe9a.mpg,63,79,3.3573107719421387,0.9661567670086659
47,7,/home/nabizadz/Projects/Mahsa/datasets/grid/test/s33/srwz2n.mpg,145,161,3.445319414138794,0.9828237035910262
47,8,/home/nabizadz/Projects/Mahsa/datasets/grid/test/s33/sbiq1s.mpg,263,279,4.163198947906494,0.9051100954760734
47,9,/home/nabizadz/Projects/Mahsa/datasets/grid/test/s33/lgav4n.mpg,98,114,2.504915714263916,0.9721142387242988
47,10,/home/nabizadz/Projects/Mahsa/datasets/grid/test/s33/bgayzn.mpg,14,30,4.1143622398376465,0.9989626523575023
47,11,/home/nabizadz/Projects/Mahsa/datasets/grid/test/s33/srwl4n.mpg,87,103,3.3208277225494385,0.9868443386804515
47,12,/home/nabizadz/Projects/Mahsa/datasets/grid/test/s33/lgap2p.mpg,177,193,4.14475154876709,0.9632408119326746
47,13,/home/nabizadz/Projects/Mahsa/datasets/grid/test/s33/lbbh2n.mpg,254,270,4.206494331359863,0.9245116004429136
47,14,/home/nabizadz/Projects/Mahsa/datasets/grid/test/s33/lgbx1a.mpg,5,21,4.354362487792969,0.9999601689227785
47,15,/home/nabizadz/Projects/Mahsa/datasets/grid/test/s33/brav8n.mpg,16,32,3.53224778175354,0.9948885466664052
48,0,/home/nabizadz/Projects/Mahsa/datasets/grid/test/s33/brbqzp.mpg,17,33,4.293818950653076,0.9999999999999996
48,1,/home/nabizadz/Projects/Mahsa/datasets/grid/test/s33/swik8n.mpg,125,141,3.231248378753662,0.9679892025955968
48,2,/home/nabizadz/Projects/Mahsa/datasets/grid/test/s33/bwix2p.mpg,49,65,3.2191290855407715,0.9657186296360283
48,3,/home/nabizadz/Projects/Mahsa/datasets/grid/test/s33/brwq2n.mpg,89,105,3.6714022159576416,0.9784595786581969
48,4,/home/nabizadz/Projects/Mahsa/datasets/grid/test/s33/lwib5a.mpg,95,111,3.999340295791626,0.9846228925135165
48,5,/home/nabizadz/Projects/Mahsa/datasets/grid/test/s33/pram5a.mpg,33,49,3.5468366146087646,0.976265438445889
48,6,/home/nabizadz/Projects/Mahsa/datasets/grid/test/s33/bgix7s.mpg,157,173,3.8802106380462646,0.9629310223462997
48,7,/home/nabizadz/Projects/Mahsa/datasets/grid/test/s33/lgwp9s.mpg,53,69,3.1319327354431152,0.944528754528163
48,8,/home/nabizadz/Projects/Mahsa/datasets/grid/test/s33/lgii3s.mpg,231,247,4.156086444854736,0.9549648909420948
48,9,/home/nabizadz/Projects/Mahsa/datasets/grid/test/s33/bgix6n.mpg,132,148,3.9027554988861084,0.9765673656316232
48,10,/home/nabizadz/Projects/Mahsa/datasets/grid/test/s33/sgwm7s.mpg,193,209,3.595770835876465,0.8819654901786964
48,11,/home/nabizadz/Projects/Mahsa/datasets/grid/test/s33/pbbf6n.mpg,33,49,3.9865031242370605,0.9793233731861988
48,12,/home/nabizadz/Projects/Mahsa/datasets/grid/test/s33/pwim7a.mpg,271,287,4.431947231292725,0.9827763429654355
48,13,/home/nabizadz/Projects/Mahsa/datasets/grid/test/s33/sgil6p.mpg,233,249,4.347239017486572,0.8882682278866102
48,14,/home/nabizadz/Projects/Mahsa/datasets/grid/test/s33/bbwp8p.mpg,10,26,3.544102668762207,0.995341229623565
48,15,/home/nabizadz/Projects/Mahsa/datasets/grid/test/s33/swae8n.mpg,61,77,2.8481993675231934,0.976283714200383
49,0,/home/nabizadz/Projects/Mahsa/datasets/grid/test/s33/braj1s.mpg,191,207,3.6183724403381348,0.9714274028610016
49,1,/home/nabizadz/Projects/Mahsa/datasets/grid/test/s33/prwn3a.mpg,180,196,3.9228832721710205,0.9670570231830218
49,2,/home/nabizadz/Projects/Mahsa/datasets/grid/test/s33/bwbq6p.mpg,182,198,3.5277445316314697,0.9745463756183391
49,3,/home/nabizadz/Projects/Mahsa/datasets/grid/test/s33/lban3s.mpg,225,241,4.2563090324401855,0.8531541195944591
49,4,/home/nabizadz/Projects/Mahsa/datasets/grid/test/s33/bwax5s.mpg,37,53,3.198723554611206,0.9743534048492372
49,5,/home/nabizadz/Projects/Mahsa/datasets/grid/test/s33/lbit4p.mpg,75,91,3.883735179901123,0.9812596852622613
49,6,/home/nabizadz/Projects/Mahsa/datasets/grid/test/s33/brii8p.mpg,160,176,3.3180196285247803,0.9513712041617213
49,7,/home/nabizadz/Projects/Mahsa/datasets/grid/test/s33/pbil3s.mpg,91,107,3.3200950622558594,0.9178979731185789
49,8,/home/nabizadz/Projects/Mahsa/datasets/grid/test/s33/lwbi5s.mpg,267,283,4.29954719543457,0.9465451813018764
49,9,/home/nabizadz/Projects/Mahsa/datasets/grid/test/s33/lwbp1a.mpg,2,18,4.2266058921813965,0.9999971523801302
49,10,/home/nabizadz/Projects/Mahsa/datasets/grid/test/s33/prwa3s.mpg,59,75,3.250736951828003,0.98144385254281
49,11,/home/nabizadz/Projects/Mahsa/datasets/grid/test/s33/sbakzn.mpg,167,183,3.941704273223877,0.9748387427379345
49,12,/home/nabizadz/Projects/Mahsa/datasets/grid/test/s33/lwwp4p.mpg,60,76,3.3424477577209473,0.970320492253979
49,13,/home/nabizadz/Projects/Mahsa/datasets/grid/test/s33/srak6n.mpg,104,120,3.351428270339966,0.972086560552404
49,14,/home/nabizadz/Projects/Mahsa/datasets/grid/test/s33/swaf1a.mpg,207,223,4.375020503997803,0.8677433940181724
49,15,/home/nabizadz/Projects/Mahsa/datasets/grid/test/s33/pbwg3a.mpg,185,201,4.4265007972717285,0.9819541175911286
50,0,/home/nabizadz/Projects/Mahsa/datasets/grid/test/s33/bwip7s.mpg,129,145,3.871992826461792,0.9849351622774768
50,1,/home/nabizadz/Projects/Mahsa/datasets/grid/test/s33/lrwb9s.mpg,81,97,3.063920497894287,0.9828323154770713
50,2,/home/nabizadz/Projects/Mahsa/datasets/grid/test/s33/bgaq8p.mpg,209,225,4.364089488983154,0.9351390096753783
50,3,/home/nabizadz/Projects/Mahsa/datasets/grid/test/s33/pginzn.mpg,58,74,3.9387996196746826,0.9809086076609307
50,4,/home/nabizadz/Projects/Mahsa/datasets/grid/test/s33/srbl1s.mpg,82,98,3.832907199859619,0.9736285642811942
50,5,/home/nabizadz/Projects/Mahsa/datasets/grid/test/s33/swiy9a.mpg,201,217,4.44481086730957,0.9552983306601731
50,6,/home/nabizadz/Projects/Mahsa/datasets/grid/test/s33/bwax6p.mpg,119,135,2.898773670196533,0.9779188682804331
50,7,/home/nabizadz/Projects/Mahsa/datasets/grid/test/s33/sbwr5a.mpg,201,217,4.25354528427124,0.8836033187243812
50,8,/home/nabizadz/Projects/Mahsa/datasets/grid/test/s33/sbaq4n.mpg,159,175,4.1271772384643555,0.9475550707713216
50,9,/home/nabizadz/Projects/Mahsa/datasets/grid/test/s33/briv7a.mpg,36,52,3.349609851837158,0.9838440858206315
50,10,/home/nabizadz/Projects/Mahsa/datasets/grid/test/s33/lgbc8p.mpg,40,56,3.1230602264404297,0.9684174159302493
50,11,/home/nabizadz/Projects/Mahsa/datasets/grid/test/s33/lbig5s.mpg,53,69,2.5370426177978516,0.9661845077350805
50,12,/home/nabizadz/Projects/Mahsa/datasets/grid/test/s33/sbwlzp.mpg,213,229,4.311519145965576,0.9196841323437014
50,13,/home/nabizadz/Projects/Mahsa/datasets/grid/test/s33/pram3s.mpg,73,89,3.3559536933898926,0.9812253234357557
50,14,/home/nabizadz/Projects/Mahsa/datasets/grid/test/s33/pbbs5s.mpg,272,288,4.349208354949951,0.9609772185562292
50,15,/home/nabizadz/Projects/Mahsa/datasets/grid/test/s33/prag1a.mpg,146,162,3.288877248764038,0.9622365083544537
51,0,/home/nabizadz/Projects/Mahsa/datasets/grid/test/s33/bgix9a.mpg,223,239,4.317031383514404,0.9083843602321433
51,1,/home/nabizadz/Projects/Mahsa/datasets/grid/test/s33/pgia5a.mpg,132,148,4.026020526885986,0.9854518569355689
51,2,/home/nabizadz/Projects/Mahsa/datasets/grid/test/s33/lgbv9s.mpg,69,85,3.2131333351135254,0.9618873271097551
51,3,/home/nabizadz/Projects/Mahsa/datasets/grid/test/s33/srwl5s.mpg,133,149,3.9575653076171875,0.9882316033518851
51,4,/home/nabizadz/Projects/Mahsa/datasets/grid/test/s33/pbwt1a.mpg,109,125,3.1689231395721436,0.9665590783740716
51,5,/home/nabizadz/Projects/Mahsa/datasets/grid/test/s33/lgivzn.mpg,19,35,4.361418724060059,0.9999880331487283
51,6,/home/nabizadz/Projects/Mahsa/datasets/grid/test/s33/brbx3s.mpg,105,121,3.866953134536743,0.986419825594649
51,7,/home/nabizadz/Projects/Mahsa/datasets/grid/test/s33/swil1a.mpg,101,117,3.37095046043396,0.9744268036817005
51,8,/home/nabizadz/Projects/Mahsa/datasets/grid/test/s33/lban5a.mpg,78,94,3.7617721557617188,0.9821288829921709
51,9,/home/nabizadz/Projects/Mahsa/datasets/grid/test/s33/bwij4p.mpg,281,297,1.8798757791519165,0.9476529382765078
51,10,/home/nabizadz/Projects/Mahsa/datasets/grid/test/s33/bbii2p.mpg,29,45,4.07881498336792,0.9999424800651756
51,11,/home/nabizadz/Projects/Mahsa/datasets/grid/test/s33/pgan4n.mpg,269,285,4.272666931152344,0.9246775646891889
51,12,/home/nabizadz/Projects/Mahsa/datasets/grid/test/s33/brbdzn.mpg,252,268,4.354377269744873,0.9554880209030858
51,13,/home/nabizadz/Projects/Mahsa/datasets/grid/test/s33/pbizzn.mpg,179,195,4.0743794441223145,0.9736718447019077
51,14,/home/nabizadz/Projects/Mahsa/datasets/grid/test/s33/lrwv3a.mpg,95,111,3.7157435417175293,0.9829979062575683
51,15,/home/nabizadz/Projects/Mahsa/datasets/grid/test/s33/brap6p.mpg,49,65,3.269562244415283,0.9604776548749752
52,0,/home/nabizadz/Projects/Mahsa/datasets/grid/test/s33/lrit9s.mpg,225,241,4.254214763641357,0.80178700688451
52,1,/home/nabizadz/Projects/Mahsa/datasets/grid/test/s33/pwwb1a.mpg,240,256,4.189972877502441,0.8689715323492504
52,2,/home/nabizadz/Projects/Mahsa/datasets/grid/test/s33/sbaq5s.mpg,181,197,4.331223487854004,0.9885994632756814
52,3,/home/nabizadz/Projects/Mahsa/datasets/grid/test/s33/prbg2n.mpg,9,25,4.411877155303955,0.9998233502360598
52,4,/home/nabizadz/Projects/Mahsa/datasets/grid/test/s33/lbwb5a.mpg,130,146,3.2077040672302246,0.9443425762776443
52,5,/home/nabizadz/Projects/Mahsa/datasets/grid/test/s33/bgiq3s.mpg,14,30,3.8532209396362305,0.9970657395968796
52,6,/home/nabizadz/Projects/Mahsa/datasets/grid/test/s33/bbbv9a.mpg,265,281,4.304807662963867,0.9808241104335269
52,7,/home/nabizadz/Projects/Mahsa/datasets/grid/test/s33/sbwy8p.mpg,118,134,3.203270435333252,0.9675912169072114
52,8,/home/nabizadz/Projects/Mahsa/datasets/grid/test/s33/swie4n.mpg,10,26,3.9708428382873535,0.9991749636974342
52,9,/home/nabizadz/Projects/Mahsa/datasets/grid/test/s33/sgbg1a.mpg,93,109,3.136997938156128,0.9763193395994686
52,10,/home/nabizadz/Projects/Mahsa/datasets/grid/test/s33/prbm7s.mpg,203,219,4.2665863037109375,0.9194104829026545
52,11,/home/nabizadz/Projects/Mahsa/datasets/grid/test/s33/lgav7a.mpg,278,294,3.9786787033081055,0.9290121901270197
52,12,/home/nabizadz/Projects/Mahsa/datasets/grid/test/s33/lwab9a.mpg,56,72,1.8778541088104248,0.9317871267560492
52,13,/home/nabizadz/Projects/Mahsa/datasets/grid/test/s33/bbiizn.mpg,217,233,4.25308895111084,0.9750527385069987
52,14,/home/nabizadz/Projects/Mahsa/datasets/grid/test/s33/sgbs6n.mpg,187,203,4.411762714385986,0.9792263429054149
52,15,/home/nabizadz/Projects/Mahsa/datasets/grid/test/s33/bbwj3s.mpg,232,248,4.333683967590332,0.932044641183468
53,0,/home/nabizadz/Projects/Mahsa/datasets/grid/test/s33/sray6p.mpg,256,272,4.051987171173096,0.9037820271098949
53,1,/home/nabizadz/Projects/Mahsa/datasets/grid/test/s33/bgby6p.mpg,46,62,3.4746716022491455,0.9899064257811533
53,2,/home/nabizadz/Projects/Mahsa/datasets/grid/test/s33/srik5a.mpg,20,36,4.1540446281433105,0.986885490552623
53,3,/home/nabizadz/Projects/Mahsa/datasets/grid/test/s33/lgwp8n.mpg,29,45,3.9478089809417725,0.9908679457679902
53,4,/home/nabizadz/Projects/Mahsa/datasets/grid/test/s33/lrwb8n.mpg,107,123,3.869048833847046,0.9769341802401253
53,5,/home/nabizadz/Projects/Mahsa/datasets/grid/test/s33/prwg7s.mpg,155,171,3.5295422077178955,0.9730539270247365
53,6,/home/nabizadz/Projects/Mahsa/datasets/grid/test/s33/sbayzp.mpg,230,246,4.3308234214782715,0.9397416629954225
53,7,/home/nabizadz/Projects/Mahsa/datasets/grid/test/s33/lrwc1a.mpg,50,66,3.477951765060425,0.9632881214461948
53,8,/home/nabizadz/Projects/Mahsa/datasets/grid/test/s33/swar8p.mpg,192,208,4.115286350250244,0.9336165900944959
53,9,/home/nabizadz/Projects/Mahsa/datasets/grid/test/s33/pgbu2n.mpg,120,136,3.647686004638672,0.9672485887231886
53,10,/home/nabizadz/Projects/Mahsa/datasets/grid/test/s33/lgwj4n.mpg,222,238,4.387632846832275,0.8634128378216649
53,11,/home/nabizadz/Projects/Mahsa/datasets/grid/test/s33/bbwd1a.mpg,99,115,3.2278592586517334,0.9762807731712713
53,12,/home/nabizadz/Projects/Mahsa/datasets/grid/test/s33/lrab1s.mpg,260,276,4.425716876983643,0.8639475304783373
53,13,/home/nabizadz/Projects/Mahsa/datasets/grid/test/s33/bgak4p.mpg,37,53,3.486506223678589,0.964923741496399
53,14,/home/nabizadz/Projects/Mahsa/datasets/grid/test/s33/sgwt2p.mpg,213,229,4.383042812347412,0.9202719236720316
53,15,/home/nabizadz/Projects/Mahsa/datasets/grid/test/s33/lwwv8p.mpg,227,243,4.2989373207092285,0.9669985949094048
54,0,/home/nabizadz/Projects/Mahsa/datasets/grid/test/s33/lbba9s.mpg,89,105,3.2480902671813965,0.9404117124558782
54,1,/home/nabizadz/Projects/Mahsa/datasets/grid/test/s33/bwaq2p.mpg,253,269,4.343815803527832,0.9214967258396002
54,2,/home/nabizadz/Projects/Mahsa/datasets/grid/test/s33/lwiozn.mpg,145,161,3.780785083770752,0.9578216554181078
54,3,/home/nabizadz/Projects/Mahsa/datasets/grid/test/s33/pbbm3a.mpg,244,260,4.431046962738037,0.9568682946177056
54,4,/home/nabizadz/Projects/Mahsa/datasets/grid/test/s33/sbwe6p.mpg,248,264,4.284177303314209,0.8356943666268782
54,5,/home/nabizadz/Projects/Mahsa/datasets/grid/test/s33/bwaq3a.mpg,22,38,4.074526309967041,0.9975736405409028
54,6,/home/nabizadz/Projects/Mahsa/datasets/grid/test/s33/lbwo1s.mpg,123,139,3.4327704906463623,0.9387733546842679
54,7,/home/nabizadz/Projects/Mahsa/datasets/grid/test/s33/pwbn3s.mpg,205,221,4.224242210388184,0.8552914295017484
54,8,/home/nabizadz/Projects/Mahsa/datasets/grid/test/s33/sbwk8n.mpg,30,46,4.29600191116333,0.9960634832977124
54,9,/home/nabizadz/Projects/Mahsa/datasets/grid/test/s33/lwib4p.mpg,262,278,4.340561866760254,0.9364358862895119
54,10,/home/nabizadz/Projects/Mahsa/datasets/grid/test/s33/prif6p.mpg,123,139,3.2257611751556396,0.977122431217974
54,11,/home/nabizadz/Projects/Mahsa/datasets/grid/test/s33/lwbi4n.mpg,48,64,2.9818918704986572,0.9519800835986301
54,12,/home/nabizadz/Projects/Mahsa/datasets/grid/test/s33/lbbu2p.mpg,187,203,4.242508411407471,0.9373507531936681
54,13,/home/nabizadz/Projects/Mahsa/datasets/grid/test/s33/swir3s.mpg,2,18,4.390894412994385,0.9990064249485308
54,14,/home/nabizadz/Projects/Mahsa/datasets/grid/test/s33/swws5s.mpg,270,286,4.290318489074707,0.9128807919101414
54,15,/home/nabizadz/Projects/Mahsa/datasets/grid/test/s33/swaz1s.mpg,56,72,2.3239622116088867,0.9811084092698499
55,0,/home/nabizadz/Projects/Mahsa/datasets/grid/test/s33/lwao6p.mpg,239,255,4.065983295440674,0.975528151580962
55,1,/home/nabizadz/Projects/Mahsa/datasets/grid/test/s33/pris4p.mpg,58,74,3.128854751586914,0.9596587651019863
55,2,/home/nabizadz/Projects/Mahsa/datasets/grid/test/s33/pwitzp.mpg,186,202,4.174165725708008,0.9629298482712545
55,3,/home/nabizadz/Projects/Mahsa/datasets/grid/test/s33/pgwb7a.mpg,248,264,3.864027261734009,0.8977046707473345
55,4,/home/nabizadz/Projects/Mahsa/datasets/grid/test/s33/pwat3s.mpg,266,282,4.375768184661865,0.9806274573331386
55,5,/home/nabizadz/Projects/Mahsa/datasets/grid/test/s33/pril9s.mpg,20,36,3.8949575424194336,0.9993857671526383
55,6,/home/nabizadz/Projects/Mahsa/datasets/grid/test/s33/bgwlzn.mpg,212,228,4.407665252685547,0.8951462425760174
55,7,/home/nabizadz/Projects/Mahsa/datasets/grid/test/s33/sbwr4p.mpg,284,300,4.291662693023682,0.9637438620082198
55,8,/home/nabizadz/Projects/Mahsa/datasets/grid/test/s33/bbai5s.mpg,237,253,4.316530227661133,0.9720845623936709
55,9,/home/nabizadz/Projects/Mahsa/datasets/grid/test/s33/swbf5a.mpg,4,20,4.2429327964782715,0.9927503259551442
55,10,/home/nabizadz/Projects/Mahsa/datasets/grid/test/s33/brbj6p.mpg,156,172,3.824712038040161,0.9587743006793941
55,11,/home/nabizadz/Projects/Mahsa/datasets/grid/test/s33/lwwc5s.mpg,195,211,4.321015357971191,0.9209907313384559
55,12,/home/nabizadz/Projects/Mahsa/datasets/grid/test/s33/srik3s.mpg,38,54,3.62693190574646,0.9744739815387149
55,13,/home/nabizadz/Projects/Mahsa/datasets/grid/test/s33/bwbx9s.mpg,191,207,3.6131484508514404,0.9373777995927463
55,14,/home/nabizadz/Projects/Mahsa/datasets/grid/test/s33/brbq1a.mpg,245,261,4.31878137588501,0.8816015563516826
55,15,/home/nabizadz/Projects/Mahsa/datasets/grid/test/s33/sgas3s.mpg,130,146,3.628220796585083,0.9750557094880464
56,0,/home/nabizadz/Projects/Mahsa/datasets/grid/test/s33/briv6p.mpg,94,110,3.238438129425049,0.9752977361559276
56,1,/home/nabizadz/Projects/Mahsa/datasets/grid/test/s33/pwag7a.mpg,94,110,3.559307098388672,0.9626674881279533
56,2,/home/nabizadz/Projects/Mahsa/datasets/grid/test/s33/pgwizp.mpg,143,159,2.9040422439575195,0.954505116009046
56,3,/home/nabizadz/Projects/Mahsa/datasets/grid/test/s33/brip3a.mpg,96,112,3.3104281425476074,0.9691990179386637
56,4,/home/nabizadz/Projects/Mahsa/datasets/grid/test/s33/pgig6n.mpg,121,137,3.8700356483459473,0.9733673742211528
56,5,/home/nabizadz/Projects/Mahsa/datasets/grid/test/s33/lgwdzn.mpg,92,108,3.429885149002075,0.9581970746176485
56,6,/home/nabizadz/Projects/Mahsa/datasets/grid/test/s33/pbwg1s.mpg,214,230,4.150306701660156,0.8656144707166958
56,7,/home/nabizadz/Projects/Mahsa/datasets/grid/test/s33/lbat9a.mpg,148,164,4.267739295959473,0.987547085870993
56,8,/home/nabizadz/Projects/Mahsa/datasets/grid/test/s33/lrin4n.mpg,256,272,4.2113752365112305,0.9999958334143365
56,9,/home/nabizadz/Projects/Mahsa/datasets/grid/test/s33/lwwp3s.mpg,194,210,4.421400547027588,0.8893643195959469
56,10,/home/nabizadz/Projects/Mahsa/datasets/grid/test/s33/brbd2p.mpg,20,36,3.92854642868042,0.9993606123424947
56,11,/home/nabizadz/Projects/Mahsa/datasets/grid/test/s33/bwbkzn.mpg,74,90,3.1626532077789307,0.9798448539393483
56,12,/home/nabizadz/Projects/Mahsa/datasets/grid/test/s33/priz9a.mpg,276,292,4.275875568389893,0.9676554440726435
56,13,/home/nabizadz/Projects/Mahsa/datasets/grid/test/s33/bgaq9a.mpg,214,230,4.300637245178223,0.893130568562471
56,14,/home/nabizadz/Projects/Mahsa/datasets/grid/test/s33/prbt2p.mpg,252,268,4.16867208480835,0.9326338405055916
56,15,/home/nabizadz/Projects/Mahsa/datasets/grid/test/s33/pbir6n.mpg,161,177,3.5514016151428223,0.9622977681936403
57,0,/home/nabizadz/Projects/Mahsa/datasets/grid/test/s33/sgwtzn.mpg,222,238,4.4417805671691895,0.9890627346315335
57,1,/home/nabizadz/Projects/Mahsa/datasets/grid/test/s33/srak7s.mpg,179,195,3.7978270053863525,0.8906592761355303
57,2,/home/nabizadz/Projects/Mahsa/datasets/grid/test/s33/sbwy6n.mpg,264,280,4.362006664276123,0.941988882296546
57,3,/home/nabizadz/Projects/Mahsa/datasets/grid/test/s33/bbwx3a.mpg,109,125,3.9413340091705322,0.9926003848062652
57,4,/home/nabizadz/Projects/Mahsa/datasets/grid/test/s33/lwai1s.mpg,169,185,4.308994293212891,0.9783975674524791
57,5,/home/nabizadz/Projects/Mahsa/datasets/grid/test/s33/sgwm8p.mpg,69,85,3.0175468921661377,0.9538840827657084
57,6,/home/nabizadz/Projects/Mahsa/datasets/grid/test/s33/pwis9s.mpg,235,251,4.395103454589844,0.9947191813256445
57,7,/home/nabizadz/Projects/Mahsa/datasets/grid/test/s33/bgbe2n.mpg,260,276,4.455381870269775,0.9750487967497539
57,8,/home/nabizadz/Projects/Mahsa/datasets/grid/test/s33/lbbn7s.mpg,134,150,3.4443540573120117,0.9657559184313385
57,9,/home/nabizadz/Projects/Mahsa/datasets/grid/test/s33/lbag8n.mpg,231,247,4.318402290344238,0.8600379908968627
57,10,/home/nabizadz/Projects/Mahsa/datasets/grid/test/s33/pbbs6p.mpg,180,196,3.6973423957824707,0.9620577365224001
57,11,/home/nabizadz/Projects/Mahsa/datasets/grid/test/s33/pwig3a.mpg,98,114,3.5780460834503174,0.9778860969204636
57,12,/home/nabizadz/Projects/Mahsa/datasets/grid/test/s33/pgwo4p.mpg,46,62,3.1565370559692383,0.9744017086993735
57,13,/home/nabizadz/Projects/Mahsa/datasets/grid/test/s33/braxzp.mpg,234,250,4.111283302307129,0.8542723517577844
57,14,/home/nabizadz/Projects/Mahsa/datasets/grid/test/s33/swiy8p.mpg,183,199,4.163500785827637,0.943032080673204
57,15,/home/nabizadz/Projects/Mahsa/datasets/grid/test/s33/lgbp7a.mpg,53,69,3.009634494781494,0.9721921963262639
58,0,/home/nabizadz/Projects/Mahsa/datasets/grid/test/s33/pwwh5a.mpg,177,193,4.397762298583984,0.9968080296833769
58,1,/home/nabizadz/Projects/Mahsa/datasets/grid/test/s33/pbaf2n.mpg,8,24,4.152936935424805,0.9822972597047493
58,2,/home/nabizadz/Projects/Mahsa/datasets/grid/test/s33/lbia3a.mpg,9,25,4.022313594818115,0.9963647518085659
58,3,/home/nabizadz/Projects/Mahsa/datasets/grid/test/s33/lgii5a.mpg,68,84,2.511032819747925,0.9477754165530018
58,4,/home/nabizadz/Projects/Mahsa/datasets/grid/test/s33/lbwu7a.mpg,93,109,3.8870317935943604,0.9754502691266532
58,5,/home/nabizadz/Projects/Mahsa/datasets/grid/test/s33/srid9s.mpg,237,253,4.102720737457275,0.858708230455842
58,6,/home/nabizadz/Projects/Mahsa/datasets/grid/test/s33/lrwvzn.mpg,165,181,4.018263816833496,0.9865147810952033
58,7,/home/nabizadz/Projects/Mahsa/datasets/grid/test/s33/lrah5s.mpg,188,204,4.327035427093506,0.9540845320080467
58,8,/home/nabizadz/Projects/Mahsa/datasets/grid/test/s33/srwf2p.mpg,24,40,4.261197090148926,0.9886365399421908
58,9,/home/nabizadz/Projects/Mahsa/datasets/grid/test/s33/lbig6p.mpg,35,51,3.083272933959961,0.9768319703403491
58,10,/home/nabizadz/Projects/Mahsa/datasets/grid/test/s33/pwat4p.mpg,122,138,3.7341575622558594,0.9682675201024011
58,11,/home/nabizadz/Projects/Mahsa/datasets/grid/test/s33/bbio5s.mpg,91,107,3.7071235179901123,0.975806520685052
58,12,/home/nabizadz/Projects/Mahsa/datasets/grid/test/s33/srwl7a.mpg,260,276,4.225651741027832,0.918003413570449
58,13,/home/nabizadz/Projects/Mahsa/datasets/grid/test/s33/bwwy4p.mpg,189,205,4.116235733032227,0.9670232235968466
58,14,/home/nabizadz/Projects/Mahsa/datasets/grid/test/s33/sgbgzp.mpg,95,111,3.1505537033081055,0.9669466437914187
58,15,/home/nabizadz/Projects/Mahsa/datasets/grid/test/s33/swafzp.mpg,221,237,4.201122760772705,0.9280123987003654
59,0,/home/nabizadz/Projects/Mahsa/datasets/grid/test/s33/pwbt9a.mpg,93,109,3.5802149772644043,0.9702373289778307
59,1,/home/nabizadz/Projects/Mahsa/datasets/grid/test/s33/bwwk5s.mpg,30,46,4.000000476837158,0.9927569765547772
59,2,/home/nabizadz/Projects/Mahsa/datasets/grid/test/s33/swbz5s.mpg,7,23,4.258596420288086,0.9987789471585669
59,3,/home/nabizadz/Projects/Mahsa/datasets/grid/test/s33/sbbr1a.mpg,283,299,4.196152210235596,0.9693052377765746
59,4,/home/nabizadz/Projects/Mahsa/datasets/grid/test/s33/pgwh8n.mpg,168,184,4.175755500793457,0.9883691884157003
59,5,/home/nabizadz/Projects/Mahsa/datasets/grid/test/s33/swaz3a.mpg,168,184,3.6056008338928223,0.9765316499632674
59,6,/home/nabizadz/Projects/Mahsa/datasets/grid/test/s33/bbao9s.mpg,153,169,4.151045322418213,0.9817373973760241
59,7,/home/nabizadz/Projects/Mahsa/datasets/grid/test/s33/bwip9a.mpg,140,156,3.474109411239624,0.9535369908592886
59,8,/home/nabizadz/Projects/Mahsa/datasets/grid/test/s33/lgac2n.mpg,176,192,3.620471715927124,0.9647104303423524
59,9,/home/nabizadz/Projects/Mahsa/datasets/grid/test/s33/bwbd9a.mpg,268,284,4.063521385192871,0.9414941999659516
59,10,/home/nabizadz/Projects/Mahsa/datasets/grid/test/s33/pgit7a.mpg,228,244,4.347084045410156,0.9414092485979169
59,11,/home/nabizadz/Projects/Mahsa/datasets/grid/test/s33/prwg6n.mpg,27,43,4.016994476318359,0.9968480720387032
59,12,/home/nabizadz/Projects/Mahsa/datasets/grid/test/s33/pwag6p.mpg,30,46,3.9369442462921143,0.9968989837481835
59,13,/home/nabizadz/Projects/Mahsa/datasets/grid/test/s33/sbaq6p.mpg,226,242,4.364965915679932,0.8897733762064507
59,14,/home/nabizadz/Projects/Mahsa/datasets/grid/test/s33/bbav2n.mpg,108,124,3.712827682495117,0.9676111532765321
59,15,/home/nabizadz/Projects/Mahsa/datasets/grid/test/s33/srwszp.mpg,232,248,4.266324043273926,0.8752623531289829
60,0,/home/nabizadz/Projects/Mahsa/datasets/grid/test/s33/sriezp.mpg,45,61,4.184817314147949,0.9922150009508647
60,1,/home/nabizadz/Projects/Mahsa/datasets/grid/test/s33/lgbc7s.mpg,164,180,4.140141010284424,0.9542952955776302
60,2,/home/nabizadz/Projects/Mahsa/datasets/grid/test/s33/pgwi1a.mpg,225,241,4.412068843841553,0.9452075669743566
60,3,/home/nabizadz/Projects/Mahsa/datasets/grid/test/s33/srbe8p.mpg,66,82,3.3805959224700928,0.9794899252710184
60,4,/home/nabizadz/Projects/Mahsa/datasets/grid/test/s33/pgit5s.mpg,104,120,3.0018224716186523,0.9576089336661834
60,5,/home/nabizadz/Projects/Mahsa/datasets/grid/test/s33/lrwczp.mpg,172,188,2.2429912090301514,0.9540465044282616
60,6,/home/nabizadz/Projects/Mahsa/datasets/grid/test/s33/lbwu4n.mpg,273,289,4.233146667480469,0.9188593529729999
60,7,/home/nabizadz/Projects/Mahsa/datasets/grid/test/s33/pgan5s.mpg,254,270,4.341622352600098,0.9250480738470946
60,8,/home/nabizadz/Projects/Mahsa/datasets/grid/test/s33/lgwqzp.mpg,61,77,3.4080872535705566,0.9706050129814853
60,9,/home/nabizadz/Projects/Mahsa/datasets/grid/test/s33/bric4p.mpg,148,164,3.3039088249206543,0.9810966071944158
60,10,/home/nabizadz/Projects/Mahsa/datasets/grid/test/s33/bbii3a.mpg,186,202,4.25869083404541,0.9697035103044425
60,11,/home/nabizadz/Projects/Mahsa/datasets/grid/test/s33/lwio2p.mpg,239,255,4.276187419891357,0.8487498434589914
60,12,/home/nabizadz/Projects/Mahsa/datasets/grid/test/s33/pbas1s.mpg,39,55,3.472393751144409,0.9784320344554405
60,13,/home/nabizadz/Projects/Mahsa/datasets/grid/test/s33/pgat9s.mpg,240,256,4.125068187713623,0.8106843718203948
60,14,/home/nabizadz/Projects/Mahsa/datasets/grid/test/s33/brbj7a.mpg,39,55,3.6884310245513916,0.9813432565297503
60,15,/home/nabizadz/Projects/Mahsa/datasets/grid/test/s33/sbad7s.mpg,23,39,3.757779836654663,0.9823770703845756
61,0,/home/nabizadz/Projects/Mahsa/datasets/grid/test/s33/brwk1a.mpg,251,267,4.276756763458252,0.9592817056396566
61,1,/home/nabizadz/Projects/Mahsa/datasets/grid/test/s33/sgwt1s.mpg,97,113,3.572206497192383,0.9777893488130741
61,2,/home/nabizadz/Projects/Mahsa/datasets/grid/test/s33/lriuzp.mpg,133,149,3.1160972118377686,0.9562457051551935
61,3,/home/nabizadz/Projects/Mahsa/datasets/grid/test/s33/pwat5a.mpg,131,147,3.8737199306488037,0.9702649637440829
61,4,/home/nabizadz/Projects/Mahsa/datasets/grid/test/s33/lriu1a.mpg,139,155,3.927192449569702,0.9820717617406467
61,5,/home/nabizadz/Projects/Mahsa/datasets/grid/test/s33/lria6n.mpg,148,164,3.9167230129241943,0.9676471919454969
61,6,/home/nabizadz/Projects/Mahsa/datasets/grid/test/s33/pgwo3s.mpg,224,240,4.288998603820801,0.8242981973053073
61,7,/home/nabizadz/Projects/Mahsa/datasets/grid/test/s33/srby8n.mpg,265,281,4.310991287231445,0.9185171237482349
61,8,/home/nabizadz/Projects/Mahsa/datasets/grid/test/s33/lwbo8n.mpg,205,221,4.357316970825195,0.8792081085609992
61,9,/home/nabizadz/Projects/Mahsa/datasets/grid/test/s33/lgac5a.mpg,108,124,2.557063341140747,0.9538877582518838
61,10,/home/nabizadz/Projects/Mahsa/datasets/grid/test/s33/prbt3a.mpg,152,168,3.895247220993042,0.9807775883039032
61,11,/home/nabizadz/Projects/Mahsa/datasets/grid/test/s33/lgac3s.mpg,52,68,3.350816011428833,0.9692456776972406
61,12,/home/nabizadz/Projects/Mahsa/datasets/grid/test/s33/lgav6p.mpg,72,88,3.4267446994781494,0.9725198898918365
61,13,/home/nabizadz/Projects/Mahsa/datasets/grid/test/s33/lbit3s.mpg,269,285,4.20569372177124,0.9568127893914202
61,14,/home/nabizadz/Projects/Mahsa/datasets/grid/test/s33/bbav5a.mpg,264,280,4.195159435272217,0.9869940573809012
61,15,/home/nabizadz/Projects/Mahsa/datasets/grid/test/s33/bwad3s.mpg,168,184,4.307681083679199,0.9634391679160319
62,0,/home/nabizadz/Projects/Mahsa/datasets/grid/test/s33/lbbh3s.mpg,104,120,3.9765243530273438,0.9818149573609545
62,1,/home/nabizadz/Projects/Mahsa/datasets/grid/test/s33/prif4n.mpg,143,159,3.6266984939575195,0.9494151005912761
62,2,/home/nabizadz/Projects/Mahsa/datasets/grid/test/s33/bgiq5a.mpg,122,138,3.7599565982818604,0.9729519593648124
62,3,/home/nabizadz/Projects/Mahsa/datasets/grid/test/s33/pbas2p.mpg,109,125,3.8347597122192383,0.9295703282658048
62,4,/home/nabizadz/Projects/Mahsa/datasets/grid/test/s33/sbak3a.mpg,158,174,3.211399555206299,0.9428739692714151
62,5,/home/nabizadz/Projects/Mahsa/datasets/grid/test/s33/sbwk9s.mpg,276,292,4.4617767333984375,0.9684317023515094
62,6,/home/nabizadz/Projects/Mahsa/datasets/grid/test/s33/srae3s.mpg,82,98,3.2077548503875732,0.983108287808708
62,7,/home/nabizadz/Projects/Mahsa/datasets/grid/test/s33/bgbk9a.mpg,198,214,4.321652412414551,0.8672649975646405
62,8,/home/nabizadz/Projects/Mahsa/datasets/grid/test/s30/bwax9p.mpg,204,220,3.453857660293579,0.910412426346514
62,9,/home/nabizadz/Projects/Mahsa/datasets/grid/test/s30/bbai9p.mpg,107,123,3.4692764282226562,0.9801954844183529
62,10,/home/nabizadz/Projects/Mahsa/datasets/grid/test/s30/bgbr5p.mpg,142,158,4.2416672706604,0.9826328279914304
62,11,/home/nabizadz/Projects/Mahsa/datasets/grid/test/s30/swas1p.mpg,121,137,3.179642915725708,0.9731342779569648
62,12,/home/nabizadz/Projects/Mahsa/datasets/grid/test/s30/srbl5p.mpg,121,137,3.5899603366851807,0.9819578601754504
62,13,/home/nabizadz/Projects/Mahsa/datasets/grid/test/s30/bbwd2s.mpg,127,143,3.9281070232391357,0.9905247998304605
62,14,/home/nabizadz/Projects/Mahsa/datasets/grid/test/s30/srae7p.mpg,38,54,3.6562609672546387,0.9763908638361654
62,15,/home/nabizadz/Projects/Mahsa/datasets/grid/test/s30/lbauzs.mpg,86,102,2.9816761016845703,0.968745848581259
63,0,/home/nabizadz/Projects/Mahsa/datasets/grid/test/s30/pgwb8s.mpg,278,294,4.243793964385986,0.970674333086032
63,1,/home/nabizadz/Projects/Mahsa/datasets/grid/test/s30/pbwnza.mpg,231,247,4.258037090301514,0.9754219636118912
63,2,/home/nabizadz/Projects/Mahsa/datasets/grid/test/s30/pwwu5p.mpg,187,203,3.927389144897461,0.9678214936634526
63,3,/home/nabizadz/Projects/Mahsa/datasets/grid/test/s30/bgieza.mpg,222,238,3.9602854251861572,0.9858695937071263
63,4,/home/nabizadz/Projects/Mahsa/datasets/grid/test/s30/lgic4a.mpg,54,70,3.7398288249969482,0.9884782694363597
63,5,/home/nabizadz/Projects/Mahsa/datasets/grid/test/s30/pwbh1n.mpg,32,48,3.6204941272735596,0.9794704073422614
63,6,/home/nabizadz/Projects/Mahsa/datasets/grid/test/s30/swifza.mpg,152,168,3.4568285942077637,0.9793659707288056
63,7,/home/nabizadz/Projects/Mahsa/datasets/grid/test/s30/lriu2s.mpg,208,224,3.251377582550049,0.9677627796301271
63,8,/home/nabizadz/Projects/Mahsa/datasets/grid/test/s30/lwib8a.mpg,276,292,4.403855323791504,0.9878623067230287
63,9,/home/nabizadz/Projects/Mahsa/datasets/grid/test/s30/bwby4a.mpg,57,73,3.647714376449585,0.9808629123715613
63,10,/home/nabizadz/Projects/Mahsa/datasets/grid/test/s30/sgaf7n.mpg,171,187,3.8732998371124268,0.9793578819861822
63,11,/home/nabizadz/Projects/Mahsa/datasets/grid/test/s30/lgwq4a.mpg,211,227,4.3888726234436035,0.9865130369932772
63,12,/home/nabizadz/Projects/Mahsa/datasets/grid/test/s30/pwwb3p.mpg,157,173,3.5420477390289307,0.9758440884630916
63,13,/home/nabizadz/Projects/Mahsa/datasets/grid/test/s30/bwij6s.mpg,70,86,3.4606666564941406,0.9762888913884642
63,14,/home/nabizadz/Projects/Mahsa/datasets/grid/test/s30/bwip9n.mpg,107,123,2.187330484390259,0.9764293025122602
63,15,/home/nabizadz/Projects/Mahsa/datasets/grid/test/s30/srie1n.mpg,9,25,4.468863487243652,0.9997307528776712
64,0,/home/nabizadz/Projects/Mahsa/datasets/grid/test/s30/lbbo1p.mpg,262,278,4.289703845977783,0.9778538935257634
64,1,/home/nabizadz/Projects/Mahsa/datasets/grid/test/s30/sgwm9n.mpg,223,239,4.3723578453063965,0.9605871588944092
64,2,/home/nabizadz/Projects/Mahsa/datasets/grid/test/s30/swws7n.mpg,109,125,3.315152168273926,0.9761074211317317
64,3,/home/nabizadz/Projects/Mahsa/datasets/grid/test/s30/brbkza.mpg,271,287,4.294257164001465,0.9999911928636134
64,4,/home/nabizadz/Projects/Mahsa/datasets/grid/test/s30/srik7p.mpg,0,16,4.4821457862854,0.9951005342253147
64,5,/home/nabizadz/Projects/Mahsa/datasets/grid/test/s30/lbig7n.mpg,12,28,4.400551795959473,0.9980784130500211
64,6,/home/nabizadz/Projects/Mahsa/datasets/grid/test/s30/pgbu7p.mpg,273,289,4.4220404624938965,0.9890552185054863
64,7,/home/nabizadz/Projects/Mahsa/datasets/grid/test/s30/lgwq2s.mpg,138,154,3.893747568130493,0.9806328154913455
64,8,/home/nabizadz/Projects/Mahsa/datasets/grid/test/s30/swbs6a.mpg,234,250,4.1584930419921875,0.9638109579909755
64,9,/home/nabizadz/Projects/Mahsa/datasets/grid/test/s30/sbix9p.mpg,5,21,4.448364734649658,0.999999872551392
64,10,/home/nabizadz/Projects/Mahsa/datasets/grid/test/s30/sral1p.mpg,255,271,4.332746982574463,0.9740582927084472
64,11,/home/nabizadz/Projects/Mahsa/datasets/grid/test/s30/pwwb4a.mpg,2,18,4.418585300445557,0.9979586307974324
64,12,/home/nabizadz/Projects/Mahsa/datasets/grid/test/s30/sriy4s.mpg,178,194,3.7088990211486816,0.9697631563487992
64,13,/home/nabizadz/Projects/Mahsa/datasets/grid/test/s30/pbbm5p.mpg,263,279,4.397161960601807,0.9982058985927568
64,14,/home/nabizadz/Projects/Mahsa/datasets/grid/test/s30/pbwg3n.mpg,16,32,4.40473747253418,0.9999296384092335
64,15,/home/nabizadz/Projects/Mahsa/datasets/grid/test/s30/lgwj8s.mpg,204,220,4.204939842224121,0.9795267166638112
65,0,/home/nabizadz/Projects/Mahsa/datasets/grid/test/s30/lgaj2a.mpg,16,32,4.087898254394531,0.9987040335965505
65,1,/home/nabizadz/Projects/Mahsa/datasets/grid/test/s30/lwbi7n.mpg,202,218,4.209208965301514,0.962586442828396
65,2,/home/nabizadz/Projects/Mahsa/datasets/grid/test/s30/bbav5n.mpg,205,221,4.368629455566406,0.8867943944248453
65,3,/home/nabizadz/Projects/Mahsa/datasets/grid/test/s30/brap9p.mpg,157,173,3.70973539352417,0.9790804222570251
65,4,/home/nabizadz/Projects/Mahsa/datasets/grid/test/s30/swas2a.mpg,49,65,3.256934404373169,0.9878167533719853
65,5,/home/nabizadz/Projects/Mahsa/datasets/grid/test/s30/prwhzs.mpg,255,271,4.394809246063232,0.9985373572004212
65,6,/home/nabizadz/Projects/Mahsa/datasets/grid/test/s30/pbil8a.mpg,35,51,4.402110576629639,0.9999483850242881
65,7,/home/nabizadz/Projects/Mahsa/datasets/grid/test/s30/srbfzs.mpg,245,261,4.181025505065918,0.992998612284419
65,8,/home/nabizadz/Projects/Mahsa/datasets/grid/test/s30/lgac7p.mpg,73,89,2.9519388675689697,0.9843580348966119
65,9,/home/nabizadz/Projects/Mahsa/datasets/grid/test/s30/sbaq8s.mpg,76,92,3.3477160930633545,0.9896934155144094
65,10,/home/nabizadz/Projects/Mahsa/datasets/grid/test/s30/prbn2a.mpg,275,291,4.3643269538879395,0.9612618874015142
65,11,/home/nabizadz/Projects/Mahsa/datasets/grid/test/s30/lbbh6s.mpg,99,115,3.6775410175323486,0.9761661664614424
65,12,/home/nabizadz/Projects/Mahsa/datasets/grid/test/s30/pwit2s.mpg,135,151,3.6153573989868164,0.9553184422012927
65,13,/home/nabizadz/Projects/Mahsa/datasets/grid/test/s30/swwg1p.mpg,42,58,3.9642858505249023,0.9870187966054277
65,14,/home/nabizadz/Projects/Mahsa/datasets/grid/test/s30/bwix4s.mpg,186,202,3.7622132301330566,0.9718666456397723
65,15,/home/nabizadz/Projects/Mahsa/datasets/grid/test/s30/sbbr3p.mpg,259,275,4.340235710144043,0.992627444294732
66,0,/home/nabizadz/Projects/Mahsa/datasets/grid/test/s30/lrbi1n.mpg,168,184,4.4915080070495605,0.9801299013317113
66,1,/home/nabizadz/Projects/Mahsa/datasets/grid/test/s30/pbbgzs.mpg,31,47,4.481299877166748,0.9999979276571211
66,2,/home/nabizadz/Projects/Mahsa/datasets/grid/test/s30/pris7p.mpg,69,85,3.386888265609741,0.9871975590708761
66,3,/home/nabizadz/Projects/Mahsa/datasets/grid/test/s30/brax1n.mpg,127,143,3.7401766777038574,0.9510205368799675
66,4,/home/nabizadz/Projects/Mahsa/datasets/grid/test/s30/lwii1p.mpg,250,266,4.08501672744751,0.8720902995070969
66,5,/home/nabizadz/Projects/Mahsa/datasets/grid/test/s30/sgbs9n.mpg,171,187,3.817291498184204,0.9786389761169381
66,6,/home/nabizadz/Projects/Mahsa/datasets/grid/test/s30/lgii7p.mpg,8,24,4.4172844886779785,0.9999908827049218
66,7,/home/nabizadz/Projects/Mahsa/datasets/grid/test/s30/srae6s.mpg,43,59,3.7411866188049316,0.9793142376192037
66,8,/home/nabizadz/Projects/Mahsa/datasets/grid/test/s30/lwav1n.mpg,57,73,3.586013078689575,0.9771404982403245
66,9,/home/nabizadz/Projects/Mahsa/datasets/grid/test/s30/pbif3p.mpg,104,120,3.3608031272888184,0.9812524618340037
66,10,/home/nabizadz/Projects/Mahsa/datasets/grid/test/s30/pwag7n.mpg,120,136,3.47172474861145,0.976357620711239
66,11,/home/nabizadz/Projects/Mahsa/datasets/grid/test/s30/lgio9n.mpg,69,85,3.8307297229766846,0.9759889207311914
66,12,/home/nabizadz/Projects/Mahsa/datasets/grid/test/s30/bbap1n.mpg,251,267,4.33533239364624,0.9790929299350872
66,13,/home/nabizadz/Projects/Mahsa/datasets/grid/test/s30/lbia5p.mpg,142,158,4.0429816246032715,0.9885386385720968
66,14,/home/nabizadz/Projects/Mahsa/datasets/grid/test/s30/sbbr4a.mpg,207,223,3.97209095954895,0.9881676848364158
66,15,/home/nabizadz/Projects/Mahsa/datasets/grid/test/s30/pgabzs.mpg,87,103,3.8932998180389404,0.9843573025267452
67,0,/home/nabizadz/Projects/Mahsa/datasets/grid/test/s30/pgwo7p.mpg,21,37,4.362480640411377,0.9999648098297068
67,1,/home/nabizadz/Projects/Mahsa/datasets/grid/test/s30/brii9n.mpg,74,90,3.328259229660034,0.9757423435806754
67,2,/home/nabizadz/Projects/Mahsa/datasets/grid/test/s30/lbwo6a.mpg,155,171,3.911607503890991,0.9709053747800241
67,3,/home/nabizadz/Projects/Mahsa/datasets/grid/test/s30/lbbn9n.mpg,212,228,4.058801651000977,0.9814155777562182
67,4,/home/nabizadz/Projects/Mahsa/datasets/grid/test/s30/sgwa3p.mpg,41,57,3.1189417839050293,0.9876174420499954
67,5,/home/nabizadz/Projects/Mahsa/datasets/grid/test/s30/pbas5p.mpg,138,154,3.382073163986206,0.9709646757984532
67,6,/home/nabizadz/Projects/Mahsa/datasets/grid/test/s30/pwat7p.mpg,175,191,3.5440778732299805,0.9557628858293997
67,7,/home/nabizadz/Projects/Mahsa/datasets/grid/test/s30/bwij5n.mpg,41,57,3.9517056941986084,0.9813439650106245
67,8,/home/nabizadz/Projects/Mahsa/datasets/grid/test/s30/brweza.mpg,270,286,4.253691673278809,0.9991378179587014
67,9,/home/nabizadz/Projects/Mahsa/datasets/grid/test/s30/srws1n.mpg,30,46,4.154389381408691,0.9998566891921551
67,10,/home/nabizadz/Projects/Mahsa/datasets/grid/test/s30/sral2a.mpg,92,108,3.400237798690796,0.9832342366554951
67,11,/home/nabizadz/Projects/Mahsa/datasets/grid/test/s30/pwbbza.mpg,43,59,3.4104626178741455,0.9761952004612702
67,12,/home/nabizadz/Projects/Mahsa/datasets/grid/test/s30/pbbs9p.mpg,139,155,3.2077791690826416,0.954651391698653
67,13,/home/nabizadz/Projects/Mahsa/datasets/grid/test/s30/pbwazs.mpg,205,221,3.678842782974243,0.9812828942652235
67,14,/home/nabizadz/Projects/Mahsa/datasets/grid/test/s30/brbj8s.mpg,23,39,3.77756404876709,0.9979615626754732
67,15,/home/nabizadz/Projects/Mahsa/datasets/grid/test/s30/bwbq8s.mpg,139,155,3.569751739501953,0.9867096809310534
68,0,/home/nabizadz/Projects/Mahsa/datasets/grid/test/s30/lgbx1n.mpg,273,289,4.413300037384033,0.9730414082762295
68,1,/home/nabizadz/Projects/Mahsa/datasets/grid/test/s30/lwapza.mpg,162,178,4.107090950012207,0.9728099922227476
68,2,/home/nabizadz/Projects/Mahsa/datasets/grid/test/s30/pbaz7n.mpg,115,131,3.343302011489868,0.9719359165823599
68,3,/home/nabizadz/Projects/Mahsa/datasets/grid/test/s30/pbas4s.mpg,263,279,4.330593585968018,0.9982165428267479
68,4,/home/nabizadz/Projects/Mahsa/datasets/grid/test/s30/lrwo9n.mpg,33,49,3.7890310287475586,0.984124630719484
68,5,/home/nabizadz/Projects/Mahsa/datasets/grid/test/s30/lrbb9p.mpg,26,42,4.312996864318848,0.9999669964797516
68,6,/home/nabizadz/Projects/Mahsa/datasets/grid/test/s30/lrwi6s.mpg,6,22,4.44282341003418,0.9968944435897812
68,7,/home/nabizadz/Projects/Mahsa/datasets/grid/test/s30/pgit8s.mpg,18,34,4.412642478942871,0.9999833614918762
68,8,/home/nabizadz/Projects/Mahsa/datasets/grid/test/s30/bgik2s.mpg,225,241,4.217954158782959,0.9460555286102448
68,9,/home/nabizadz/Projects/Mahsa/datasets/grid/test/s30/sgbm7p.mpg,197,213,3.4151389598846436,0.9721276447600234
68,10,/home/nabizadz/Projects/Mahsa/datasets/grid/test/s30/brbd3n.mpg,164,180,4.260900497436523,0.9810832625378467
68,11,/home/nabizadz/Projects/Mahsa/datasets/grid/test/s30/sbiq6a.mpg,3,19,4.342628479003906,0.9999941428606507
68,12,/home/nabizadz/Projects/Mahsa/datasets/grid/test/s30/bbwd3p.mpg,31,47,4.376018047332764,0.9999939534206169
68,13,/home/nabizadz/Projects/Mahsa/datasets/grid/test/s30/prim4a.mpg,135,151,3.742732524871826,0.9671611617503476
68,14,/home/nabizadz/Projects/Mahsa/datasets/grid/test/s30/swaszs.mpg,158,174,3.7588887214660645,0.9835033071893451
68,15,/home/nabizadz/Projects/Mahsa/datasets/grid/test/s30/swaz3n.mpg,192,208,4.282200813293457,0.9771662608274279
69,0,/home/nabizadz/Projects/Mahsa/datasets/grid/test/s30/pwbuzs.mpg,225,241,4.3194260597229,0.9532362439627986
69,1,/home/nabizadz/Projects/Mahsa/datasets/grid/test/s30/bwid1n.mpg,71,87,3.432213544845581,0.9834229022820142
69,2,/home/nabizadz/Projects/Mahsa/datasets/grid/test/s30/srbz4a.mpg,279,295,4.358800888061523,0.9633226126158667
69,3,/home/nabizadz/Projects/Mahsa/datasets/grid/test/s30/pbaz9p.mpg,157,173,3.9507079124450684,0.9731248435321708
69,4,/home/nabizadz/Projects/Mahsa/datasets/grid/test/s30/lgwkza.mpg,129,145,3.9351553916931152,0.9762098931379595
69,5,/home/nabizadz/Projects/Mahsa/datasets/grid/test/s30/swaf4a.mpg,66,82,3.3525443077087402,0.9717594014249458
69,6,/home/nabizadz/Projects/Mahsa/datasets/grid/test/s30/sgas8a.mpg,204,220,4.027587890625,0.9882176730303961
69,7,/home/nabizadz/Projects/Mahsa/datasets/grid/test/s30/pwba9p.mpg,60,76,3.0027015209198,0.976639595706478
69,8,/home/nabizadz/Projects/Mahsa/datasets/grid/test/s30/prbt6a.mpg,240,256,4.201249122619629,0.9477754912276877
69,9,/home/nabizadz/Projects/Mahsa/datasets/grid/test/s30/pwwo2a.mpg,105,121,3.566072940826416,0.9904282368742732
69,10,/home/nabizadz/Projects/Mahsa/datasets/grid/test/s30/sriy5p.mpg,24,40,3.584074020385742,0.9595500618775901
69,11,/home/nabizadz/Projects/Mahsa/datasets/grid/test/s30/swws9p.mpg,57,73,3.1331591606140137,0.9773717615319535
69,12,/home/nabizadz/Projects/Mahsa/datasets/grid/test/s30/lrin9p.mpg,140,156,3.4792768955230713,0.9766483296072898
69,13,/home/nabizadz/Projects/Mahsa/datasets/grid/test/s30/bwbq9p.mpg,279,295,4.393923282623291,0.993392343700166
69,14,/home/nabizadz/Projects/Mahsa/datasets/grid/test/s30/lgbj3n.mpg,156,172,3.8144168853759766,0.9553042402744089
69,15,/home/nabizadz/Projects/Mahsa/datasets/grid/test/s30/bgwf1p.mpg,14,30,4.357184410095215,0.9861721641782575
70,0,/home/nabizadz/Projects/Mahsa/datasets/grid/test/s30/bgiy1p.mpg,171,187,3.810134172439575,0.9705503263378918
70,1,/home/nabizadz/Projects/Mahsa/datasets/grid/test/s30/lrih5p.mpg,69,85,3.6916987895965576,0.9891486431804678
70,2,/home/nabizadz/Projects/Mahsa/datasets/grid/test/s30/lwio4s.mpg,284,300,4.389261245727539,0.9603836488725314
70,3,/home/nabizadz/Projects/Mahsa/datasets/grid/test/s30/bgar1p.mpg,162,178,3.852022171020508,0.9722135515278552
70,4,/home/nabizadz/Projects/Mahsa/datasets/grid/test/s30/pgih2a.mpg,235,251,4.384994983673096,0.9552146140640572
70,5,/home/nabizadz/Projects/Mahsa/datasets/grid/test/s30/sgwa1n.mpg,123,139,3.9245526790618896,0.9770199785062822
70,6,/home/nabizadz/Projects/Mahsa/datasets/grid/test/s30/brwd9p.mpg,207,223,4.374131202697754,0.9191608192777381
70,7,/home/nabizadz/Projects/Mahsa/datasets/grid/test/s30/bgiq6s.mpg,28,44,4.323519706726074,0.9998491882830469
70,8,/home/nabizadz/Projects/Mahsa/datasets/grid/test/s30/pwbu2a.mpg,3,19,4.47769021987915,0.9995600387395369
70,9,/home/nabizadz/Projects/Mahsa/datasets/grid/test/s30/brij1p.mpg,160,176,3.8388569355010986,0.96578003477446
70,10,/home/nabizadz/Projects/Mahsa/datasets/grid/test/s30/swbf8a.mpg,143,159,3.8529393672943115,0.986523167005582
70,11,/home/nabizadz/Projects/Mahsa/datasets/grid/test/s30/brwk4a.mpg,177,193,4.010495185852051,0.9834063669787066
70,12,/home/nabizadz/Projects/Mahsa/datasets/grid/test/s30/lwbc3n.mpg,77,93,3.3687822818756104,0.9762874286343689
70,13,/home/nabizadz/Projects/Mahsa/datasets/grid/test/s30/pgab2a.mpg,29,45,4.23752498626709,0.9999947158647857
70,14,/home/nabizadz/Projects/Mahsa/datasets/grid/test/s30/sbbk9p.mpg,144,160,3.626272678375244,0.9575859907475637
70,15,/home/nabizadz/Projects/Mahsa/datasets/grid/test/s30/pgwo6s.mpg,36,52,4.2997050285339355,0.9999978114219179
71,0,/home/nabizadz/Projects/Mahsa/datasets/grid/test/s30/pgbu8a.mpg,13,29,4.450531959533691,0.9487346816380249
71,1,/home/nabizadz/Projects/Mahsa/datasets/grid/test/s30/bbbp7p.mpg,267,283,4.329093933105469,0.9797755993849383
71,2,/home/nabizadz/Projects/Mahsa/datasets/grid/test/s30/bgbr6a.mpg,121,137,3.2781684398651123,0.9829440136842149
71,3,/home/nabizadz/Projects/Mahsa/datasets/grid/test/s30/pgwv1p.mpg,81,97,3.3362107276916504,0.9727615390197072
71,4,/home/nabizadz/Projects/Mahsa/datasets/grid/test/s30/swil1n.mpg,79,95,3.247298240661621,0.9909623283845549
71,5,/home/nabizadz/Projects/Mahsa/datasets/grid/test/s30/bwad7p.mpg,151,167,3.496750831604004,0.9743659791044373
71,6,/home/nabizadz/Projects/Mahsa/datasets/grid/test/s30/prwt7n.mpg,242,258,4.15426778793335,0.9921729962282886
71,7,/home/nabizadz/Projects/Mahsa/datasets/grid/test/s30/sgbg4a.mpg,133,149,3.877150297164917,0.9821007516418374
71,8,/home/nabizadz/Projects/Mahsa/datasets/grid/test/s30/lrbo8a.mpg,142,158,3.7695672512054443,0.9737282829795614
71,9,/home/nabizadz/Projects/Mahsa/datasets/grid/test/s30/bgbe5n.mpg,277,293,4.286770820617676,0.9942902754885019
71,10,/home/nabizadz/Projects/Mahsa/datasets/grid/test/s30/bgbl1p.mpg,256,272,4.401386737823486,0.9999599314114052
71,11,/home/nabizadz/Projects/Mahsa/datasets/grid/test/s30/swal5n.mpg,60,76,3.2985332012176514,0.9889264458794443
71,12,/home/nabizadz/Projects/Mahsa/datasets/grid/test/s30/lbwo3n.mpg,210,226,4.338858604431152,0.9544129593475998
71,13,/home/nabizadz/Projects/Mahsa/datasets/grid/test/s30/sbaq9p.mpg,132,148,3.8946115970611572,0.9730153825681547
71,14,/home/nabizadz/Projects/Mahsa/datasets/grid/test/s30/brip3n.mpg,78,94,3.4030210971832275,0.9789594846781047
71,15,/home/nabizadz/Projects/Mahsa/datasets/grid/test/s30/pbamzs.mpg,73,89,4.16822624206543,0.9980381873422576
72,0,/home/nabizadz/Projects/Mahsa/datasets/grid/test/s30/lrwc2s.mpg,136,152,3.353100299835205,0.9656055864685907
72,1,/home/nabizadz/Projects/Mahsa/datasets/grid/test/s30/srazza.mpg,21,37,3.4080026149749756,0.9752095079974371
72,2,/home/nabizadz/Projects/Mahsa/datasets/grid/test/s30/lbwo4s.mpg,253,269,4.3253889083862305,0.9427463540382354
72,3,/home/nabizadz/Projects/Mahsa/datasets/grid/test/s30/bbwj6s.mpg,98,114,3.344742774963379,0.9752087480378362
72,4,/home/nabizadz/Projects/Mahsa/datasets/grid/test/s30/brbq1n.mpg,233,249,4.061473846435547,0.9799579274049032
72,5,/home/nabizadz/Projects/Mahsa/datasets/grid/test/s30/brij2a.mpg,73,89,3.069460153579712,0.975058705497745
72,6,/home/nabizadz/Projects/Mahsa/datasets/grid/test/s30/lrwv5p.mpg,101,117,3.910348415374756,0.9752595499320503
72,7,/home/nabizadz/Projects/Mahsa/datasets/grid/test/s30/sriy6a.mpg,120,136,3.7805135250091553,0.9865085822217716
72,8,/home/nabizadz/Projects/Mahsa/datasets/grid/test/s30/srar5p.mpg,221,237,4.01749849319458,0.9657305534289429
72,9,/home/nabizadz/Projects/Mahsa/datasets/grid/test/s30/brax4a.mpg,173,189,3.4900429248809814,0.9848236205187906
72,10,/home/nabizadz/Projects/Mahsa/datasets/grid/test/s30/sbwz1p.mpg,21,37,3.958949089050293,0.9657472964398465
72,11,/home/nabizadz/Projects/Mahsa/datasets/grid/test/s30/bgwr7n.mpg,212,228,4.143386363983154,0.979246981079372
72,12,/home/nabizadz/Projects/Mahsa/datasets/grid/test/s30/bgae3p.mpg,200,216,3.784407615661621,0.9612222376713845
72,13,/home/nabizadz/Projects/Mahsa/datasets/grid/test/s30/swaz6a.mpg,136,152,3.574857711791992,0.9860339617962713
72,14,/home/nabizadz/Projects/Mahsa/datasets/grid/test/s30/pgah4s.mpg,200,216,4.231598377227783,0.9997957219489517
72,15,/home/nabizadz/Projects/Mahsa/datasets/grid/test/s30/bgby8s.mpg,40,56,4.31931209564209,0.9918839542570766
73,0,/home/nabizadz/Projects/Mahsa/datasets/grid/test/s30/lrin8s.mpg,211,227,4.472474098205566,0.9875722098814838
73,1,/home/nabizadz/Projects/Mahsa/datasets/grid/test/s30/lgav8s.mpg,43,59,3.4233548641204834,0.9845111550827353
73,2,/home/nabizadz/Projects/Mahsa/datasets/grid/test/s30/lwav2s.mpg,111,127,3.24181866645813,0.9811767639263589
73,3,/home/nabizadz/Projects/Mahsa/datasets/grid/test/s30/lwib5n.mpg,146,162,3.547020435333252,0.9760132847869945
73,4,/home/nabizadz/Projects/Mahsa/datasets/grid/test/s30/sbix7n.mpg,185,201,3.8956854343414307,0.9783814440855824
73,5,/home/nabizadz/Projects/Mahsa/datasets/grid/test/s30/bgik1n.mpg,85,101,3.1875667572021484,0.9761274020399338
73,6,/home/nabizadz/Projects/Mahsa/datasets/grid/test/s30/pbwm9p.mpg,247,263,3.7452495098114014,0.9799488621244618
73,7,/home/nabizadz/Projects/Mahsa/datasets/grid/test/s30/bwiq2a.mpg,274,290,4.436979293823242,0.9847665901924262
73,8,/home/nabizadz/Projects/Mahsa/datasets/grid/test/s30/sbae2a.mpg,135,151,3.6426773071289062,0.9722213971224102
73,9,/home/nabizadz/Projects/Mahsa/datasets/grid/test/s30/bbav7p.mpg,39,55,3.613968849182129,0.9864539158662927
73,10,/home/nabizadz/Projects/Mahsa/datasets/grid/test/s30/sbij9n.mpg,91,107,3.314455270767212,0.9758569154431509
73,11,/home/nabizadz/Projects/Mahsa/datasets/grid/test/s30/bbii4s.mpg,269,285,4.288925647735596,0.9934001797541109
73,12,/home/nabizadz/Projects/Mahsa/datasets/grid/test/s30/lbwo5p.mpg,61,77,3.647351026535034,0.9910961716390415
73,13,/home/nabizadz/Projects/Mahsa/datasets/grid/test/s30/bric6s.mpg,35,51,4.467556953430176,0.9999998598966285
73,14,/home/nabizadz/Projects/Mahsa/datasets/grid/test/s30/brwx9n.mpg,223,239,4.2467427253723145,0.9814519795708795
73,15,/home/nabizadz/Projects/Mahsa/datasets/grid/test/s30/lrbi4a.mpg,126,142,3.8846428394317627,0.9802033594449623
74,0,/home/nabizadz/Projects/Mahsa/datasets/grid/test/s30/sbay2s.mpg,16,32,4.407993793487549,0.9999665223375465
74,1,/home/nabizadz/Projects/Mahsa/datasets/grid/test/s30/lbau1p.mpg,93,109,3.1986093521118164,0.9766129572556811
74,2,/home/nabizadz/Projects/Mahsa/datasets/grid/test/s30/lwwdza.mpg,30,46,4.070883274078369,0.9854706079237102
74,3,/home/nabizadz/Projects/Mahsa/datasets/grid/test/s30/swil4a.mpg,212,228,4.439277648925781,0.9808999681949626
74,4,/home/nabizadz/Projects/Mahsa/datasets/grid/test/s30/bbap4a.mpg,194,210,4.08064603805542,0.9823330194732639
74,5,/home/nabizadz/Projects/Mahsa/datasets/grid/test/s30/lgiv6a.mpg,263,279,4.303680896759033,0.9494784998959208
74,6,/home/nabizadz/Projects/Mahsa/datasets/grid/test/s30/prbg6s.mpg,112,128,3.4891762733459473,0.9980472982416227
74,7,/home/nabizadz/Projects/Mahsa/datasets/grid/test/s30/sgil7n.mpg,52,68,2.8497402667999268,0.9751087526292191
74,8,/home/nabizadz/Projects/Mahsa/datasets/grid/test/s30/bbbc9p.mpg,125,141,3.394544839859009,0.980250608694647
74,9,/home/nabizadz/Projects/Mahsa/datasets/grid/test/s30/braj3n.mpg,127,143,3.4592156410217285,0.9813638728582461
74,10,/home/nabizadz/Projects/Mahsa/datasets/grid/test/s30/pbwt3p.mpg,162,178,3.4332387447357178,0.9464447245942126
74,11,/home/nabizadz/Projects/Mahsa/datasets/grid/test/s30/swil2s.mpg,118,134,3.7992146015167236,0.9651306103476042
74,12,/home/nabizadz/Projects/Mahsa/datasets/grid/test/s30/lgwd4s.mpg,137,153,3.807464361190796,0.9735256110135827
74,13,/home/nabizadz/Projects/Mahsa/datasets/grid/test/s30/lwai5p.mpg,58,74,3.746469497680664,0.9846991844131391
74,14,/home/nabizadz/Projects/Mahsa/datasets/grid/test/s30/bgiq5n.mpg,145,161,4.103116035461426,0.981219255726611
74,15,/home/nabizadz/Projects/Mahsa/datasets/grid/test/s30/lwao8s.mpg,191,207,4.475969314575195,0.9854031504574013
75,0,/home/nabizadz/Projects/Mahsa/datasets/grid/test/s30/pwit3p.mpg,208,224,4.334263324737549,0.9899828298445534
75,1,/home/nabizadz/Projects/Mahsa/datasets/grid/test/s30/lrbo5n.mpg,233,249,4.3099799156188965,0.9881196793518715
75,2,/home/nabizadz/Projects/Mahsa/datasets/grid/test/s30/pbwt1n.mpg,96,112,3.750819444656372,0.9809386312776843
75,3,/home/nabizadz/Projects/Mahsa/datasets/grid/test/s30/pbas3n.mpg,235,251,4.344644546508789,0.9998221371591318
75,4,/home/nabizadz/Projects/Mahsa/datasets/grid/test/s30/bbib9n.mpg,137,153,3.9701311588287354,0.9826170966481967
75,5,/home/nabizadz/Projects/Mahsa/datasets/grid/test/s30/pwig4s.mpg,28,44,4.434125900268555,0.9997536436193541
75,6,/home/nabizadz/Projects/Mahsa/datasets/grid/test/s30/swaf2s.mpg,174,190,3.4102492332458496,0.9604208108130368
75,7,/home/nabizadz/Projects/Mahsa/datasets/grid/test/s30/lbwb7p.mpg,163,179,3.603186845779419,0.9688254293791391
75,8,/home/nabizadz/Projects/Mahsa/datasets/grid/test/s30/lrbcza.mpg,213,229,3.7761523723602295,0.9784930516982823
75,9,/home/nabizadz/Projects/Mahsa/datasets/grid/test/s30/sgbt1p.mpg,115,131,3.4927597045898438,0.9782102439996859
75,10,/home/nabizadz/Projects/Mahsa/datasets/grid/test/s30/lrah8s.mpg,147,163,3.3020179271698,0.9820488533911896
75,11,/home/nabizadz/Projects/Mahsa/datasets/grid/test/s30/bwiqzs.mpg,250,266,4.357446193695068,0.9008813327851858
75,12,/home/nabizadz/Projects/Mahsa/datasets/grid/test/s30/srwl9p.mpg,259,275,4.189856052398682,0.9807482990145708
75,13,/home/nabizadz/Projects/Mahsa/datasets/grid/test/s30/lgac8a.mpg,56,72,3.415923833847046,0.9906042420274759
75,14,/home/nabizadz/Projects/Mahsa/datasets/grid/test/s30/sgam4a.mpg,220,236,4.292377948760986,0.9999978698011146
75,15,/home/nabizadz/Projects/Mahsa/datasets/grid/test/s30/lrih6a.mpg,13,29,4.458028316497803,0.9928233866401867
76,0,/home/nabizadz/Projects/Mahsa/datasets/grid/test/s30/lgbdzs.mpg,87,103,3.4438273906707764,0.9666828906727598
76,1,/home/nabizadz/Projects/Mahsa/datasets/grid/test/s30/pgbu6s.mpg,224,240,4.3592848777771,0.9905905830294728
76,2,/home/nabizadz/Projects/Mahsa/datasets/grid/test/s30/pwwh7p.mpg,249,265,4.408387184143066,0.9787848272044243
76,3,/home/nabizadz/Projects/Mahsa/datasets/grid/test/s30/brwq7p.mpg,234,250,4.258607864379883,0.964128608401458
76,4,/home/nabizadz/Projects/Mahsa/datasets/grid/test/s30/lgbqza.mpg,219,235,4.065850734710693,0.8762476277709123
76,5,/home/nabizadz/Projects/Mahsa/datasets/grid/test/s30/sbarza.mpg,163,179,3.971445322036743,0.9473343200146257
76,6,/home/nabizadz/Projects/Mahsa/datasets/grid/test/s30/bgwfzs.mpg,193,209,3.8823413848876953,0.979790034207037
76,7,/home/nabizadz/Projects/Mahsa/datasets/grid/test/s30/srbz3p.mpg,197,213,4.117978572845459,0.9282499747163894
76,8,/home/nabizadz/Projects/Mahsa/datasets/grid/test/s30/swbf6s.mpg,6,22,4.4470014572143555,0.9986853760208614
76,9,/home/nabizadz/Projects/Mahsa/datasets/grid/test/s30/sbwr6s.mpg,146,162,3.8157541751861572,0.9915725713947394
76,10,/home/nabizadz/Projects/Mahsa/datasets/grid/test/s30/srwl8s.mpg,207,223,4.368746757507324,0.9401169994930871
76,11,/home/nabizadz/Projects/Mahsa/datasets/grid/test/s30/pgih1p.mpg,16,32,4.019111156463623,0.9933526990378796
76,12,/home/nabizadz/Projects/Mahsa/datasets/grid/test/s30/prba4a.mpg,29,45,4.1107306480407715,0.9994105082056782
76,13,/home/nabizadz/Projects/Mahsa/datasets/grid/test/s30/lrah9p.mpg,67,83,3.306851625442505,0.97309467693734
76,14,/home/nabizadz/Projects/Mahsa/datasets/grid/test/s30/sbikzs.mpg,99,115,3.8165082931518555,0.9973304624851709
76,15,/home/nabizadz/Projects/Mahsa/datasets/grid/test/s30/bbbj3p.mpg,146,162,3.857985019683838,0.9841827550315994
77,0,/home/nabizadz/Projects/Mahsa/datasets/grid/test/s30/sgif4s.mpg,78,94,2.9512500762939453,0.9696596271121459
77,1,/home/nabizadz/Projects/Mahsa/datasets/grid/test/s30/lrab6a.mpg,273,289,4.329242706298828,0.9370222845495936
77,2,/home/nabizadz/Projects/Mahsa/datasets/grid/test/s30/sgwt5p.mpg,36,52,3.995793342590332,0.9990979714004924
77,3,/home/nabizadz/Projects/Mahsa/datasets/grid/test/s30/bbwj5n.mpg,90,106,3.7313780784606934,0.985024218333864
77,4,/home/nabizadz/Projects/Mahsa/datasets/grid/test/s30/sgagza.mpg,8,24,3.48879075050354,0.9912581083047598
77,5,/home/nabizadz/Projects/Mahsa/datasets/grid/test/s30/pgbh7n.mpg,109,125,3.513817310333252,0.9836879837770721
77,6,/home/nabizadz/Projects/Mahsa/datasets/grid/test/s30/pgwu9n.mpg,28,44,4.157538414001465,0.9335896909624609
77,7,/home/nabizadz/Projects/Mahsa/datasets/grid/test/s30/srbsza.mpg,12,28,4.431080341339111,0.9959452396007032
77,8,/home/nabizadz/Projects/Mahsa/datasets/grid/test/s30/bwwy5n.mpg,158,174,3.6603310108184814,0.988485978322207
77,9,/home/nabizadz/Projects/Mahsa/datasets/grid/test/s30/bwwe6a.mpg,126,142,3.984433650970459,0.9710454563018348
77,10,/home/nabizadz/Projects/Mahsa/datasets/grid/test/s30/bric5n.mpg,39,55,3.4038496017456055,0.9851743834089942
77,11,/home/nabizadz/Projects/Mahsa/datasets/grid/test/s30/lbwvza.mpg,194,210,4.079133033752441,0.9757214889088056
77,12,/home/nabizadz/Projects/Mahsa/datasets/grid/test/s30/lrwpzs.mpg,16,32,4.411295413970947,0.998394432781003
77,13,/home/nabizadz/Projects/Mahsa/datasets/grid/test/s30/prag4a.mpg,216,232,4.338656425476074,0.9692327652079655
77,14,/home/nabizadz/Projects/Mahsa/datasets/grid/test/s30/pgwb9p.mpg,238,254,4.366135597229004,0.9491768823035416
77,15,/home/nabizadz/Projects/Mahsa/datasets/grid/test/s30/bwid2s.mpg,236,252,4.404156684875488,0.9953475228718648
78,0,/home/nabizadz/Projects/Mahsa/datasets/grid/test/s30/lwac2a.mpg,267,283,4.278885364532471,0.9997703463231035
78,1,/home/nabizadz/Projects/Mahsa/datasets/grid/test/s30/lrib1p.mpg,270,286,4.454322814941406,0.9854222077431313
78,2,/home/nabizadz/Projects/Mahsa/datasets/grid/test/s30/sgbm8a.mpg,123,139,3.4138407707214355,0.9704325024563059
78,3,/home/nabizadz/Projects/Mahsa/datasets/grid/test/s30/pwbn6s.mpg,16,32,4.322332382202148,0.9999879651005121
78,4,/home/nabizadz/Projects/Mahsa/datasets/grid/test/s30/pbbm3n.mpg,68,84,3.6711721420288086,0.9903757013085687
78,5,/home/nabizadz/Projects/Mahsa/datasets/grid/test/s30/pgwvzs.mpg,277,293,4.248889446258545,0.9760644259020926
78,6,/home/nabizadz/Projects/Mahsa/datasets/grid/test/s30/lrao3p.mpg,1,17,4.372687339782715,0.9990124241491436
78,7,/home/nabizadz/Projects/Mahsa/datasets/grid/test/s30/bgid7n.mpg,151,167,3.398941993713379,0.9773702775769791
78,8,/home/nabizadz/Projects/Mahsa/datasets/grid/test/s30/bwax8s.mpg,14,30,4.3510847091674805,0.9847823419166953
78,9,/home/nabizadz/Projects/Mahsa/datasets/grid/test/s30/pbis1p.mpg,45,61,3.747438669204712,0.9873543341255049
78,10,/home/nabizadz/Projects/Mahsa/datasets/grid/test/s30/lbbo2a.mpg,37,53,3.5001368522644043,0.9975689158492741
78,11,/home/nabizadz/Projects/Mahsa/datasets/grid/test/s30/pgit7n.mpg,93,109,3.4139106273651123,0.971340025016985
78,12,/home/nabizadz/Projects/Mahsa/datasets/grid/test/s30/sbid8a.mpg,28,44,4.213252544403076,0.9999635104085083
78,13,/home/nabizadz/Projects/Mahsa/datasets/grid/test/s30/bgwl5p.mpg,105,121,3.5598292350769043,0.9751568431044544
78,14,/home/nabizadz/Projects/Mahsa/datasets/grid/test/s30/briv8s.mpg,279,295,4.2717180252075195,0.9670238669258592
78,15,/home/nabizadz/Projects/Mahsa/datasets/grid/test/s30/lbin2s.mpg,177,193,4.302252769470215,0.990359191105349
79,0,/home/nabizadz/Projects/Mahsa/datasets/grid/test/s30/prwt8s.mpg,104,120,3.3115406036376953,0.9877924804761046
79,1,/home/nabizadz/Projects/Mahsa/datasets/grid/test/s30/lwaczs.mpg,241,257,4.2475972175598145,0.9810704234051271
79,2,/home/nabizadz/Projects/Mahsa/datasets/grid/test/s30/sralzs.mpg,203,219,4.334436416625977,0.9890364058775803
79,3,/home/nabizadz/Projects/Mahsa/datasets/grid/test/s30/pbiz6a.mpg,259,275,4.42472505569458,0.9867113312598282
79,4,/home/nabizadz/Projects/Mahsa/datasets/grid/test/s30/bwid4a.mpg,181,197,4.0720977783203125,0.9742163518402782
79,5,/home/nabizadz/Projects/Mahsa/datasets/grid/test/s30/lrbu9n.mpg,61,77,4.414849281311035,0.9887885327112844
79,6,/home/nabizadz/Projects/Mahsa/datasets/grid/test/s30/pwahza.mpg,6,22,3.7890617847442627,0.9989573278965262
79,7,/home/nabizadz/Projects/Mahsa/datasets/grid/test/s30/srak9n.mpg,166,182,3.7850773334503174,0.9659067450141864
79,8,/home/nabizadz/Projects/Mahsa/datasets/grid/test/s30/bbac3n.mpg,245,261,4.362049102783203,0.9995867643573555
79,9,/home/nabizadz/Projects/Mahsa/datasets/grid/test/s30/pbif1n.mpg,207,223,4.404271602630615,0.9999474669830861
79,10,/home/nabizadz/Projects/Mahsa/datasets/grid/test/s30/brwd7n.mpg,248,264,4.228489875793457,0.9355616222960396
79,11,/home/nabizadz/Projects/Mahsa/datasets/grid/test/s30/lgai9n.mpg,218,234,4.010025978088379,0.9509732562972978
79,12,/home/nabizadz/Projects/Mahsa/datasets/grid/test/s30/lbabza.mpg,227,243,4.302173614501953,0.9549699167983073
79,13,/home/nabizadz/Projects/Mahsa/datasets/grid/test/s30/swal7p.mpg,80,96,3.4939236640930176,0.9879222419366225
79,14,/home/nabizadz/Projects/Mahsa/datasets/grid/test/s30/sbwy9n.mpg,112,128,3.449506998062134,0.9903704295105418
79,15,/home/nabizadz/Projects/Mahsa/datasets/grid/test/s30/bwbk3n.mpg,166,182,3.626448631286621,0.9818007748714109
80,0,/home/nabizadz/Projects/Mahsa/datasets/grid/test/s30/swbm2a.mpg,2,18,4.1876654624938965,0.9809102941460711
80,1,/home/nabizadz/Projects/Mahsa/datasets/grid/test/s30/sbiq5p.mpg,0,16,4.53757905960083,0.9986907884501397
80,2,/home/nabizadz/Projects/Mahsa/datasets/grid/test/s30/swir5n.mpg,115,131,3.1209006309509277,0.9668744954103181
80,3,/home/nabizadz/Projects/Mahsa/datasets/grid/test/s30/sgbg1n.mpg,101,117,3.8455231189727783,0.991499788946285
80,4,/home/nabizadz/Projects/Mahsa/datasets/grid/test/s30/bgbk9n.mpg,1,17,4.311096668243408,0.9999984558263989
80,5,/home/nabizadz/Projects/Mahsa/datasets/grid/test/s30/praaza.mpg,69,85,2.3009042739868164,0.9851614515838504
80,6,/home/nabizadz/Projects/Mahsa/datasets/grid/test/s30/brwq8a.mpg,55,71,3.550494432449341,0.9783062468962346
80,7,/home/nabizadz/Projects/Mahsa/datasets/grid/test/s30/lgwx7p.mpg,38,54,3.9175188541412354,0.9918398759742777
80,8,/home/nabizadz/Projects/Mahsa/datasets/grid/test/s30/pwwozs.mpg,212,228,4.446711540222168,0.9677441845479295
80,9,/home/nabizadz/Projects/Mahsa/datasets/grid/test/s30/swbz8s.mpg,74,90,3.6652002334594727,0.9898558264645818
80,10,/home/nabizadz/Projects/Mahsa/datasets/grid/test/s30/bgbl2a.mpg,5,21,4.441366672515869,0.9999899630694912
80,11,/home/nabizadz/Projects/Mahsa/datasets/grid/test/s30/pbiz4s.mpg,243,259,4.4112958908081055,0.9999953316948388
80,12,/home/nabizadz/Projects/Mahsa/datasets/grid/test/s30/pbbf9n.mpg,16,32,4.415733337402344,0.9990433714075122
80,13,/home/nabizadz/Projects/Mahsa/datasets/grid/test/s30/lgwx6s.mpg,98,114,3.436861038208008,0.9638968385304212
80,14,/home/nabizadz/Projects/Mahsa/datasets/grid/test/s30/lgii5n.mpg,269,285,4.2808051109313965,0.9195181250972355
80,15,/home/nabizadz/Projects/Mahsa/datasets/grid/test/s30/bgwr9p.mpg,133,149,3.8073766231536865,0.9818576685269912
81,0,/home/nabizadz/Projects/Mahsa/datasets/grid/test/s30/pbir9n.mpg,58,74,3.28619647026062,0.9824560044907152
81,1,/home/nabizadz/Projects/Mahsa/datasets/grid/test/s30/lwio3n.mpg,264,280,3.67549729347229,0.9352390442321319
81,2,/home/nabizadz/Projects/Mahsa/datasets/grid/test/s30/pgwo5n.mpg,81,97,3.6843934059143066,0.9800644131475059
81,3,/home/nabizadz/Projects/Mahsa/datasets/grid/test/s30/pgbb4s.mpg,251,267,4.301094055175781,0.9999971091895362
81,4,/home/nabizadz/Projects/Mahsa/datasets/grid/test/s30/prif9p.mpg,189,205,3.436551570892334,0.950604687684346
81,5,/home/nabizadz/Projects/Mahsa/datasets/grid/test/s30/pwia1p.mpg,118,134,3.4817330837249756,0.9895475161320405
81,6,/home/nabizadz/Projects/Mahsa/datasets/grid/test/s30/pwba8s.mpg,100,116,3.930647850036621,0.9926123338665033
81,7,/home/nabizadz/Projects/Mahsa/datasets/grid/test/s30/prbt3n.mpg,152,168,3.729050397872925,0.9754364167468207
81,8,/home/nabizadz/Projects/Mahsa/datasets/grid/test/s30/srwl7n.mpg,278,294,4.299701690673828,0.963244881037729
81,9,/home/nabizadz/Projects/Mahsa/datasets/grid/test/s30/lwai6a.mpg,121,137,3.4023597240448,0.9653709045228953
81,10,/home/nabizadz/Projects/Mahsa/datasets/grid/test/s30/lwbc6a.mpg,58,74,3.5477993488311768,0.9798159419502449
81,11,/home/nabizadz/Projects/Mahsa/datasets/grid/test/s30/bwbq7n.mpg,183,199,3.834920644760132,0.9791617600169757
81,12,/home/nabizadz/Projects/Mahsa/datasets/grid/test/s30/lbah4a.mpg,237,253,4.284725189208984,0.9544403724047413
81,13,/home/nabizadz/Projects/Mahsa/datasets/grid/test/s30/lbbh7p.mpg,54,70,3.7510063648223877,0.9868299212296429
81,14,/home/nabizadz/Projects/Mahsa/datasets/grid/test/s30/lbit8a.mpg,95,111,3.721144914627075,0.9606351141083563
81,15,/home/nabizadz/Projects/Mahsa/datasets/grid/test/s30/bbio8s.mpg,135,151,3.6952731609344482,0.954472094704152
82,0,/home/nabizadz/Projects/Mahsa/datasets/grid/test/s30/bwby2s.mpg,192,208,3.936389446258545,0.9950714784691368
82,1,/home/nabizadz/Projects/Mahsa/datasets/grid/test/s30/lgwx8a.mpg,186,202,3.8402981758117676,0.983507028391473
82,2,/home/nabizadz/Projects/Mahsa/datasets/grid/test/s30/bwakzs.mpg,50,66,3.5871341228485107,0.973145214776703
82,3,/home/nabizadz/Projects/Mahsa/datasets/grid/test/s30/sbbe5p.mpg,273,289,4.3494873046875,0.9999949151125632
82,4,/home/nabizadz/Projects/Mahsa/datasets/grid/test/s30/sbak6a.mpg,198,214,3.7994489669799805,0.9926273544291955
82,5,/home/nabizadz/Projects/Mahsa/datasets/grid/test/s30/lrao4a.mpg,47,63,4.319798469543457,0.9793121820363935
82,6,/home/nabizadz/Projects/Mahsa/datasets/grid/test/s30/sbaezs.mpg,113,129,3.2982664108276367,0.9722340502572919
82,7,/home/nabizadz/Projects/Mahsa/datasets/grid/test/s30/bbap2s.mpg,229,245,4.164011001586914,0.9999876698476237
82,8,/home/nabizadz/Projects/Mahsa/datasets/grid/test/s30/bwiq1p.mpg,222,238,3.995894432067871,0.9773890811372441
82,9,/home/nabizadz/Projects/Mahsa/datasets/grid/test/s30/swil3p.mpg,152,168,3.5911264419555664,0.9395752393632644
82,10,/home/nabizadz/Projects/Mahsa/datasets/grid/test/s30/lwao7n.mpg,138,154,3.9862492084503174,0.9780625759510286
82,11,/home/nabizadz/Projects/Mahsa/datasets/grid/test/s30/pratzs.mpg,2,18,4.20728874206543,0.9999410826189535
82,12,/home/nabizadz/Projects/Mahsa/datasets/grid/test/s30/bwbezs.mpg,58,74,3.0601806640625,0.9820669896138714
82,13,/home/nabizadz/Projects/Mahsa/datasets/grid/test/s30/prim3p.mpg,84,100,3.503746271133423,0.9737356204105245
82,14,/home/nabizadz/Projects/Mahsa/datasets/grid/test/s30/sgis2s.mpg,26,42,3.265439510345459,0.9914391564790064
82,15,/home/nabizadz/Projects/Mahsa/datasets/grid/test/s30/swizzs.mpg,133,149,3.1621453762054443,0.9870837183598938
83,0,/home/nabizadz/Projects/Mahsa/datasets/grid/test/s30/pbam2a.mpg,171,187,3.6538686752319336,0.9693339377371775
83,1,/home/nabizadz/Projects/Mahsa/datasets/grid/test/s30/sgwg7p.mpg,57,73,3.404012680053711,0.9700801074855329
83,2,/home/nabizadz/Projects/Mahsa/datasets/grid/test/s30/lgbd2a.mpg,136,152,3.60379695892334,0.9759004877653978
83,3,/home/nabizadz/Projects/Mahsa/datasets/grid/test/s30/pgbo2s.mpg,192,208,4.18647575378418,0.9895409739577404
83,4,/home/nabizadz/Projects/Mahsa/datasets/grid/test/s30/lbbb2s.mpg,88,104,3.9742884635925293,0.9716159567499724
83,5,/home/nabizadz/Projects/Mahsa/datasets/grid/test/s30/pgaa9n.mpg,261,277,4.469992637634277,0.9861979436092274
83,6,/home/nabizadz/Projects/Mahsa/datasets/grid/test/s30/pbil5n.mpg,175,191,3.8838446140289307,0.9740184520596743
83,7,/home/nabizadz/Projects/Mahsa/datasets/grid/test/s30/lbin4a.mpg,242,258,4.338687896728516,0.972580877269369
83,8,/home/nabizadz/Projects/Mahsa/datasets/grid/test/s30/lbwb8a.mpg,190,206,3.8046586513519287,0.9609057134351129
83,9,/home/nabizadz/Projects/Mahsa/datasets/grid/test/s30/sbbr2s.mpg,38,54,4.125363826751709,0.9999976675674628
83,10,/home/nabizadz/Projects/Mahsa/datasets/grid/test/s30/lbwb6s.mpg,58,74,3.7502708435058594,0.9906717920678775
83,11,/home/nabizadz/Projects/Mahsa/datasets/grid/test/s30/srbf1p.mpg,69,85,3.6104984283447266,0.9879851337153207
83,12,/home/nabizadz/Projects/Mahsa/datasets/grid/test/s30/braj4s.mpg,11,27,4.199983596801758,0.9760419187311452
83,13,/home/nabizadz/Projects/Mahsa/datasets/grid/test/s30/prbt4s.mpg,168,184,3.708965301513672,0.9791470119127107
83,14,/home/nabizadz/Projects/Mahsa/datasets/grid/test/s30/bwwy8a.mpg,101,117,3.8483009338378906,0.9855317222252016
83,15,/home/nabizadz/Projects/Mahsa/datasets/grid/test/s30/lwav3p.mpg,37,53,4.295699119567871,0.9975004050477172
84,0,/home/nabizadz/Projects/Mahsa/datasets/grid/test/s30/lban6s.mpg,220,236,4.447713375091553,0.9521688719740217
84,1,/home/nabizadz/Projects/Mahsa/datasets/grid/test/s30/pbwm7n.mpg,202,218,4.072910785675049,0.9712376181498693
84,2,/home/nabizadz/Projects/Mahsa/datasets/grid/test/s30/swar9n.mpg,134,150,3.2012548446655273,0.9093678840746158
84,3,/home/nabizadz/Projects/Mahsa/datasets/grid/test/s30/lrin7n.mpg,163,179,3.954031229019165,0.9653323515049025
84,4,/home/nabizadz/Projects/Mahsa/datasets/grid/test/s30/sgwn1p.mpg,209,225,4.272454738616943,0.8914062316565498
84,5,/home/nabizadz/Projects/Mahsa/datasets/grid/test/s30/prwa5n.mpg,282,298,4.35629415512085,0.9555319225995099
84,6,/home/nabizadz/Projects/Mahsa/datasets/grid/test/s30/lgwq1n.mpg,87,103,3.5557966232299805,0.9756009558873278
84,7,/home/nabizadz/Projects/Mahsa/datasets/grid/test/s30/pwig5p.mpg,229,245,4.333455562591553,0.999991759948426
84,8,/home/nabizadz/Projects/Mahsa/datasets/grid/test/s30/pgab1p.mpg,250,266,4.167456150054932,0.9127213846065276
84,9,/home/nabizadz/Projects/Mahsa/datasets/grid/test/s30/lrbo6s.mpg,202,218,4.240939140319824,0.9591601003506375
84,10,/home/nabizadz/Projects/Mahsa/datasets/grid/test/s30/pwbn7p.mpg,184,200,3.764381170272827,0.9821872180130694
84,11,/home/nabizadz/Projects/Mahsa/datasets/grid/test/s30/pwig6a.mpg,134,150,3.3372721672058105,0.9554303168314332
84,12,/home/nabizadz/Projects/Mahsa/datasets/grid/test/s30/lwbc5p.mpg,8,24,4.360913276672363,0.9999994933311257
84,13,/home/nabizadz/Projects/Mahsa/datasets/grid/test/s30/swbmzs.mpg,88,104,3.2985615730285645,0.9768183137646135
84,14,/home/nabizadz/Projects/Mahsa/datasets/grid/test/s30/lgiv4s.mpg,63,79,3.7578632831573486,0.9810097403827064
84,15,/home/nabizadz/Projects/Mahsa/datasets/grid/test/s30/lgwd6a.mpg,103,119,3.8976190090179443,0.9909242709245167
85,0,/home/nabizadz/Projects/Mahsa/datasets/grid/test/s30/bwbd9n.mpg,70,86,2.858978748321533,0.9588822879825881
85,1,/home/nabizadz/Projects/Mahsa/datasets/grid/test/s30/sbbk8s.mpg,87,103,3.3098127841949463,0.9792622765063854
85,2,/home/nabizadz/Projects/Mahsa/datasets/grid/test/s30/sbblza.mpg,39,55,4.4575018882751465,0.9955034826775021
85,3,/home/nabizadz/Projects/Mahsa/datasets/grid/test/s30/lrwi7p.mpg,214,230,4.331860542297363,0.8905677323305191
85,4,/home/nabizadz/Projects/Mahsa/datasets/grid/test/s30/sriq9n.mpg,57,73,3.0350852012634277,0.9915874266034368
85,5,/home/nabizadz/Projects/Mahsa/datasets/grid/test/s30/bbav6s.mpg,158,174,3.7153589725494385,0.9727885238429204
85,6,/home/nabizadz/Projects/Mahsa/datasets/grid/test/s30/bwwy7p.mpg,150,166,3.9898717403411865,0.993363399919778
85,7,/home/nabizadz/Projects/Mahsa/datasets/grid/test/s30/lbia3n.mpg,178,194,4.068955898284912,0.9717073456771353
85,8,/home/nabizadz/Projects/Mahsa/datasets/grid/test/s30/sbwz2a.mpg,123,139,3.782116413116455,0.9874198767642398
85,9,/home/nabizadz/Projects/Mahsa/datasets/grid/test/s30/brijzs.mpg,267,283,4.523496627807617,0.9887530988783324
85,10,/home/nabizadz/Projects/Mahsa/datasets/grid/test/s30/sgbt2a.mpg,109,125,3.366771697998047,0.9829263031176768
85,11,/home/nabizadz/Projects/Mahsa/datasets/grid/test/s30/bbwx5p.mpg,90,106,2.859501838684082,0.9663091424224225
85,12,/home/nabizadz/Projects/Mahsa/datasets/grid/test/s30/sgwa4a.mpg,9,25,4.3848700523376465,0.9752577814105947
85,13,/home/nabizadz/Projects/Mahsa/datasets/grid/test/s30/prwa8a.mpg,26,42,4.526364803314209,0.998929945926534
85,14,/home/nabizadz/Projects/Mahsa/datasets/grid/test/s30/lwao9p.mpg,218,234,3.996929883956909,0.9838941335316592
85,15,/home/nabizadz/Projects/Mahsa/datasets/grid/test/s30/bgiy2a.mpg,29,45,3.634629726409912,0.9754114562037766
86,0,/home/nabizadz/Projects/Mahsa/datasets/grid/test/s30/swwtza.mpg,104,120,3.478154182434082,0.9813038632759452
86,1,/home/nabizadz/Projects/Mahsa/datasets/grid/test/s30/pras9n.mpg,168,184,4.227850437164307,0.9819711792317828
86,2,/home/nabizadz/Projects/Mahsa/datasets/grid/test/s30/sgiz8a.mpg,213,229,3.9860541820526123,0.9640624762905854
86,3,/home/nabizadz/Projects/Mahsa/datasets/grid/test/s30/lgwd3n.mpg,32,48,4.354694366455078,0.9890504348058211
86,4,/home/nabizadz/Projects/Mahsa/datasets/grid/test/s30/bgar2a.mpg,253,269,4.307062149047852,0.9456116037605385
86,5,/home/nabizadz/Projects/Mahsa/datasets/grid/test/s30/srik6s.mpg,172,188,3.5768349170684814,0.9745338414062594
86,6,/home/nabizadz/Projects/Mahsa/datasets/grid/test/s30/bwix5p.mpg,253,269,4.250235557556152,0.9800553386779957
86,7,/home/nabizadz/Projects/Mahsa/datasets/grid/test/s30/pwba7n.mpg,186,202,2.997359037399292,0.9785130393682187
86,8,/home/nabizadz/Projects/Mahsa/datasets/grid/test/s30/pgah3n.mpg,165,181,3.825132131576538,0.9831559511993269
86,9,/home/nabizadz/Projects/Mahsa/datasets/grid/test/s30/lrau6s.mpg,37,53,4.011533260345459,0.9896699261849394
86,10,/home/nabizadz/Projects/Mahsa/datasets/grid/test/s30/bgay6a.mpg,111,127,3.6029343605041504,0.9732367548560018
86,11,/home/nabizadz/Projects/Mahsa/datasets/grid/test/s30/lgbc9n.mpg,224,240,4.095398426055908,0.9979406217466075
86,12,/home/nabizadz/Projects/Mahsa/datasets/grid/test/s30/sbby5n.mpg,181,197,3.715765953063965,0.9774468912981532
86,13,/home/nabizadz/Projects/Mahsa/datasets/grid/test/s30/lwwc9p.mpg,43,59,3.7782599925994873,0.9861152637155931
86,14,/home/nabizadz/Projects/Mahsa/datasets/grid/test/s30/srbe9n.mpg,252,268,4.275254249572754,0.9697580682276572
86,15,/home/nabizadz/Projects/Mahsa/datasets/grid/test/s30/lgap5p.mpg,90,106,3.247659683227539,0.968907512388365
87,0,/home/nabizadz/Projects/Mahsa/datasets/grid/test/s30/sbbe3n.mpg,200,216,4.303741931915283,0.9757131614258147
87,1,/home/nabizadz/Projects/Mahsa/datasets/grid/test/s30/brwy2a.mpg,10,26,4.350696086883545,0.9697518927428498
87,2,/home/nabizadz/Projects/Mahsa/datasets/grid/test/s30/pgbo1n.mpg,188,204,3.8669726848602295,0.9653150640866327
87,3,/home/nabizadz/Projects/Mahsa/datasets/grid/test/s30/bbai8s.mpg,137,153,3.699408531188965,0.9752255600730728
87,4,/home/nabizadz/Projects/Mahsa/datasets/grid/test/s30/brwq5n.mpg,129,145,3.5254368782043457,0.9819374279665434
87,5,/home/nabizadz/Projects/Mahsa/datasets/grid/test/s30/prwg9n.mpg,18,34,4.30685567855835,0.9870150388700352
87,6,/home/nabizadz/Projects/Mahsa/datasets/grid/test/s30/prba3p.mpg,86,102,3.647838592529297,0.9896274641552049
87,7,/home/nabizadz/Projects/Mahsa/datasets/grid/test/s30/bgby7n.mpg,78,94,3.4274494647979736,0.9785213742742713
87,8,/home/nabizadz/Projects/Mahsa/datasets/grid/test/s30/pgwcza.mpg,99,115,3.614715337753296,0.9791438422046962
87,9,/home/nabizadz/Projects/Mahsa/datasets/grid/test/s30/bwak2a.mpg,167,183,3.614652633666992,0.9804147239476453
87,10,/home/nabizadz/Projects/Mahsa/datasets/grid/test/s30/lgbj4s.mpg,132,148,3.9752330780029297,0.982459022640244
87,11,/home/nabizadz/Projects/Mahsa/datasets/grid/test/s30/sgis4a.mpg,270,286,4.431502342224121,0.9778679566646687
87,12,/home/nabizadz/Projects/Mahsa/datasets/grid/test/s30/lgap3n.mpg,187,203,3.523974657058716,0.9782536336214904
87,13,/home/nabizadz/Projects/Mahsa/datasets/grid/test/s30/sgwt6a.mpg,66,82,3.011425495147705,0.9792187255223681
87,14,/home/nabizadz/Projects/Mahsa/datasets/grid/test/s30/lgaxza.mpg,243,259,4.243903160095215,0.9213086720580251
87,15,/home/nabizadz/Projects/Mahsa/datasets/grid/test/s30/lwac1p.mpg,201,217,4.146414279937744,0.939549418430479
88,0,/home/nabizadz/Projects/Mahsa/datasets/grid/test/s30/pbwt4a.mpg,74,90,3.346532106399536,0.9800136706211174
88,1,/home/nabizadz/Projects/Mahsa/datasets/grid/test/s30/lbwi1p.mpg,41,57,3.7380051612854004,0.9828311736067433
88,2,/home/nabizadz/Projects/Mahsa/datasets/grid/test/s30/pgwi1n.mpg,185,201,4.334013938903809,0.9410858621221554
88,3,/home/nabizadz/Projects/Mahsa/datasets/grid/test/s30/brbq2s.mpg,40,56,4.126655578613281,0.9976970437563136
88,4,/home/nabizadz/Projects/Mahsa/datasets/grid/test/s30/lbah1n.mpg,90,106,3.575690507888794,0.9647366841312409
88,5,/home/nabizadz/Projects/Mahsa/datasets/grid/test/s30/sgis3p.mpg,171,187,3.4278202056884766,0.9385284674107668
88,6,/home/nabizadz/Projects/Mahsa/datasets/grid/test/s30/sgas6s.mpg,91,107,2.9328954219818115,0.9638791284524052
88,7,/home/nabizadz/Projects/Mahsa/datasets/grid/test/s30/bwwe3n.mpg,219,235,4.234048366546631,0.9071699644250659
88,8,/home/nabizadz/Projects/Mahsa/datasets/grid/test/s30/pbas6a.mpg,6,22,4.331998825073242,0.9999984915244461
88,9,/home/nabizadz/Projects/Mahsa/datasets/grid/test/s30/lbwu9p.mpg,162,178,3.4822347164154053,0.9355856745701023
88,10,/home/nabizadz/Projects/Mahsa/datasets/grid/test/s30/brap8s.mpg,164,180,3.255570888519287,0.9543245248714819
88,11,/home/nabizadz/Projects/Mahsa/datasets/grid/test/s30/pbbtza.mpg,15,31,4.406611919403076,0.9960300583533074
88,12,/home/nabizadz/Projects/Mahsa/datasets/grid/test/s30/bwwe5p.mpg,230,246,4.4005560874938965,0.9791523094582549
88,13,/home/nabizadz/Projects/Mahsa/datasets/grid/test/s30/bbac6a.mpg,8,24,4.215577125549316,0.988748394920009
88,14,/home/nabizadz/Projects/Mahsa/datasets/grid/test/s30/pwit1n.mpg,206,222,4.220693111419678,0.9821600228506968
88,15,/home/nabizadz/Projects/Mahsa/datasets/grid/test/s30/lria9n.mpg,119,135,3.885411262512207,0.9692636913955529
89,0,/home/nabizadz/Projects/Mahsa/datasets/grid/test/s30/sbwe7n.mpg,192,208,4.115105628967285,0.9877684610979194
89,1,/home/nabizadz/Projects/Mahsa/datasets/grid/test/s30/sgwt4s.mpg,249,265,4.371852874755859,0.9864044881689974
89,2,/home/nabizadz/Projects/Mahsa/datasets/grid/test/s30/pbil6s.mpg,270,286,4.357776165008545,0.9546210350486214
89,3,/home/nabizadz/Projects/Mahsa/datasets/grid/test/s30/lrbi2s.mpg,11,27,4.479054927825928,0.9999995341297283
89,4,/home/nabizadz/Projects/Mahsa/datasets/grid/test/s30/bgbzza.mpg,42,58,4.449561595916748,0.9997134682042464
89,5,/home/nabizadz/Projects/Mahsa/datasets/grid/test/s30/bgwl6a.mpg,110,126,3.519232749938965,0.9674986133024126
89,6,/home/nabizadz/Projects/Mahsa/datasets/grid/test/s30/pgig9n.mpg,22,38,4.292240619659424,0.9841835452238682
89,7,/home/nabizadz/Projects/Mahsa/datasets/grid/test/s30/sbaq7n.mpg,246,262,4.244842529296875,0.9994117583572395
89,8,/home/nabizadz/Projects/Mahsa/datasets/grid/test/s30/lban5n.mpg,174,190,3.8227460384368896,0.9841965713416622
89,9,/home/nabizadz/Projects/Mahsa/datasets/grid/test/s30/pwig3n.mpg,247,263,4.397918224334717,0.9790456156602627
89,10,/home/nabizadz/Projects/Mahsa/datasets/grid/test/s30/pwinza.mpg,185,201,3.796329975128174,0.9785547845521969
89,11,/home/nabizadz/Projects/Mahsa/datasets/grid/test/s30/pwan3p.mpg,158,174,3.3721702098846436,0.9526436475164995
89,12,/home/nabizadz/Projects/Mahsa/datasets/grid/test/s30/brwk1n.mpg,238,254,4.0212554931640625,0.9656370691387289
89,13,/home/nabizadz/Projects/Mahsa/datasets/grid/test/s30/sgiz6s.mpg,253,269,4.287677764892578,0.9998732187549474
89,14,/home/nabizadz/Projects/Mahsa/datasets/grid/test/s30/pwim9p.mpg,241,257,4.383876800537109,0.9999999999999998
89,15,/home/nabizadz/Projects/Mahsa/datasets/grid/test/s30/sbwl4a.mpg,240,256,4.4944844245910645,0.9325377437409536
90,0,/home/nabizadz/Projects/Mahsa/datasets/grid/test/s30/lribzs.mpg,80,96,3.6931381225585938,0.9663971292692614
90,1,/home/nabizadz/Projects/Mahsa/datasets/grid/test/s30/lraiza.mpg,195,211,3.7505645751953125,0.9682632609287927
90,2,/home/nabizadz/Projects/Mahsa/datasets/grid/test/s30/lwwp5n.mpg,77,93,3.0725274085998535,0.9663093885792431
90,3,/home/nabizadz/Projects/Mahsa/datasets/grid/test/s30/lgaj1p.mpg,1,17,4.3924736976623535,0.9685838959638539
90,4,/home/nabizadz/Projects/Mahsa/datasets/grid/test/s30/bgae2s.mpg,197,213,3.519551992416382,0.9601189047835148
90,5,/home/nabizadz/Projects/Mahsa/datasets/grid/test/s30/bwwy6s.mpg,69,85,3.6733474731445312,0.9881729660128572
90,6,/home/nabizadz/Projects/Mahsa/datasets/grid/test/s30/briv9p.mpg,28,44,4.127934455871582,0.9494281199757219
90,7,/home/nabizadz/Projects/Mahsa/datasets/grid/test/s30/srwz8a.mpg,134,150,3.5371038913726807,0.9813488314398512
90,8,/home/nabizadz/Projects/Mahsa/datasets/grid/test/s30/bbiv3p.mpg,194,210,4.188504695892334,0.9902111342812319
90,9,/home/nabizadz/Projects/Mahsa/datasets/grid/test/s30/sgwn2a.mpg,51,67,3.529639720916748,0.9920224040098863
90,10,/home/nabizadz/Projects/Mahsa/datasets/grid/test/s30/prim2s.mpg,107,123,3.1325197219848633,0.9804446432862887
90,11,/home/nabizadz/Projects/Mahsa/datasets/grid/test/s30/srbr9p.mpg,174,190,3.4154655933380127,0.9627648794180922
90,12,/home/nabizadz/Projects/Mahsa/datasets/grid/test/s30/bbii6a.mpg,253,269,4.308898448944092,0.9667616661461049
90,13,/home/nabizadz/Projects/Mahsa/datasets/grid/test/s30/lwwp8a.mpg,24,40,4.347762107849121,0.9995875251831544
90,14,/home/nabizadz/Projects/Mahsa/datasets/grid/test/s30/pbaz8s.mpg,27,43,4.260026454925537,0.9999938450341345
90,15,/home/nabizadz/Projects/Mahsa/datasets/grid/test/s30/pwat8a.mpg,126,142,3.0562474727630615,0.9690047746376588
91,0,/home/nabizadz/Projects/Mahsa/datasets/grid/test/s30/bbajza.mpg,234,250,4.384057521820068,0.9875825990940971
91,1,/home/nabizadz/Projects/Mahsa/datasets/grid/test/s30/bbii3n.mpg,212,228,4.323954105377197,0.9816174283161492
91,2,/home/nabizadz/Projects/Mahsa/datasets/grid/test/s30/pbaf5n.mpg,39,55,4.224630355834961,0.9957791122381062
91,3,/home/nabizadz/Projects/Mahsa/datasets/grid/test/s30/braqza.mpg,62,78,3.2556772232055664,0.9727251208408841
91,4,/home/nabizadz/Projects/Mahsa/datasets/grid/test/s30/lbaa9p.mpg,127,143,3.6306793689727783,0.9693712212672281
91,5,/home/nabizadz/Projects/Mahsa/datasets/grid/test/s30/sgbm5n.mpg,253,269,3.8658578395843506,0.9297036260256378
91,6,/home/nabizadz/Projects/Mahsa/datasets/grid/test/s30/pwag8s.mpg,67,83,3.523557186126709,0.9769567755159627
91,7,/home/nabizadz/Projects/Mahsa/datasets/grid/test/s30/sray7n.mpg,114,130,4.037771224975586,0.983272680584853
91,8,/home/nabizadz/Projects/Mahsa/datasets/grid/test/s30/lbaa8s.mpg,91,107,3.3528692722320557,0.9814151674294188
91,9,/home/nabizadz/Projects/Mahsa/datasets/grid/test/s30/lwih9n.mpg,219,235,4.188338756561279,0.9070774307863975
91,10,/home/nabizadz/Projects/Mahsa/datasets/grid/test/s30/pwbn5n.mpg,281,297,4.38686990737915,0.9976884715181215
91,11,/home/nabizadz/Projects/Mahsa/datasets/grid/test/s30/lrau8a.mpg,189,205,3.9819891452789307,0.9617038880326995
91,12,/home/nabizadz/Projects/Mahsa/datasets/grid/test/s30/bbbxzs.mpg,60,76,3.7381865978240967,0.9776374500805199
91,13,/home/nabizadz/Projects/Mahsa/datasets/grid/test/s30/pbil7p.mpg,271,287,4.348263263702393,0.9985670866603469
91,14,/home/nabizadz/Projects/Mahsa/datasets/grid/test/s30/bbio9p.mpg,29,45,3.398127794265747,0.9776324456856372
91,15,/home/nabizadz/Projects/Mahsa/datasets/grid/test/s30/lbbu5p.mpg,112,128,3.742819309234619,0.9800124094719769
92,0,/home/nabizadz/Projects/Mahsa/datasets/grid/test/s30/bwayza.mpg,266,282,4.28110933303833,0.9311337571194237
92,1,/home/nabizadz/Projects/Mahsa/datasets/grid/test/s30/lriu1n.mpg,253,269,4.382052421569824,0.9801083307347768
92,2,/home/nabizadz/Projects/Mahsa/datasets/grid/test/s30/bbwq2a.mpg,222,238,3.853193759918213,0.9751062721974092
92,3,/home/nabizadz/Projects/Mahsa/datasets/grid/test/s30/srbz1n.mpg,87,103,3.3234446048736572,0.9845535725409954
92,4,/home/nabizadz/Projects/Mahsa/datasets/grid/test/s30/lgwq3p.mpg,245,261,4.305274963378906,0.9579309327562204
92,5,/home/nabizadz/Projects/Mahsa/datasets/grid/test/s30/lrbb7n.mpg,84,100,3.8647854328155518,0.9914950751441227
92,6,/home/nabizadz/Projects/Mahsa/datasets/grid/test/s30/lrwi8a.mpg,77,93,3.7390096187591553,0.9815372123921394
92,7,/home/nabizadz/Projects/Mahsa/datasets/grid/test/s30/srar6a.mpg,14,30,4.34219217300415,0.9976801518237568
92,8,/home/nabizadz/Projects/Mahsa/datasets/grid/test/s30/bbwqzs.mpg,57,73,3.3968732357025146,0.9774699977231085
92,9,/home/nabizadz/Projects/Mahsa/datasets/grid/test/s30/pbwg4s.mpg,250,266,4.355656623840332,0.998986893968354
92,10,/home/nabizadz/Projects/Mahsa/datasets/grid/test/s30/lrih4s.mpg,12,28,4.497788429260254,0.9995743574601738
92,11,/home/nabizadz/Projects/Mahsa/datasets/grid/test/s30/brbj7n.mpg,7,23,3.991051197052002,0.9565711857167261
92,12,/home/nabizadz/Projects/Mahsa/datasets/grid/test/s30/pwaa3n.mpg,138,154,3.284818410873413,0.9791663715085884
92,13,/home/nabizadz/Projects/Mahsa/datasets/grid/test/s30/lgac5n.mpg,204,220,3.902008056640625,0.9770572626199101
92,14,/home/nabizadz/Projects/Mahsa/datasets/grid/test/s30/bgwz3p.mpg,57,73,3.454803466796875,0.9672322884846355
92,15,/home/nabizadz/Projects/Mahsa/datasets/grid/test/s30/sbay1n.mpg,6,22,3.988638162612915,0.9998743133544685
93,0,/home/nabizadz/Projects/Mahsa/datasets/grid/test/s30/pwag9p.mpg,51,67,3.5350003242492676,0.9846494051881336
93,1,/home/nabizadz/Projects/Mahsa/datasets/grid/test/s30/lgav9p.mpg,273,289,4.289642333984375,0.9997971701355893
93,2,/home/nabizadz/Projects/Mahsa/datasets/grid/test/s30/bwbk5p.mpg,220,236,3.654804229736328,0.938319129689011
93,3,/home/nabizadz/Projects/Mahsa/datasets/grid/test/s30/srar3n.mpg,234,250,4.290848731994629,0.8312851949905949
93,4,/home/nabizadz/Projects/Mahsa/datasets/grid/test/s30/bbbc8s.mpg,122,138,3.219963788986206,0.9855986791764295
93,5,/home/nabizadz/Projects/Mahsa/datasets/grid/test/s30/sgas5n.mpg,169,185,3.9512481689453125,0.9900613969573551
93,6,/home/nabizadz/Projects/Mahsa/datasets/grid/test/s30/prag3p.mpg,73,89,3.6630566120147705,0.9768926112362563
93,7,/home/nabizadz/Projects/Mahsa/datasets/grid/test/s30/lwbi8s.mpg,53,69,3.2788922786712646,0.97594163686778
93,8,/home/nabizadz/Projects/Mahsa/datasets/grid/test/s30/sbwl1n.mpg,258,274,4.406120777130127,0.9978099469161457
93,9,/home/nabizadz/Projects/Mahsa/datasets/grid/test/s30/lwwj1n.mpg,128,144,3.738006591796875,0.9935000418937757
93,10,/home/nabizadz/Projects/Mahsa/datasets/grid/test/s30/srir1p.mpg,19,35,3.4805829524993896,0.9843126007679335
93,11,/home/nabizadz/Projects/Mahsa/datasets/grid/test/s30/pgwi3p.mpg,85,101,2.90386700630188,0.9804358221319673
93,12,/home/nabizadz/Projects/Mahsa/datasets/grid/test/s30/lwbv5n.mpg,234,250,4.387480735778809,0.9988523281137228
93,13,/home/nabizadz/Projects/Mahsa/datasets/grid/test/s30/prwn4s.mpg,237,253,4.449759483337402,0.9661041914504785
93,14,/home/nabizadz/Projects/Mahsa/datasets/grid/test/s30/pwaa4s.mpg,186,202,4.1208577156066895,0.973794240638454
93,15,/home/nabizadz/Projects/Mahsa/datasets/grid/test/s30/sgbg3p.mpg,56,72,3.5625228881835938,0.9894365101545587
94,0,/home/nabizadz/Projects/Mahsa/datasets/grid/test/s30/sgiz5n.mpg,22,38,3.4563827514648438,0.994053886379187
94,1,/home/nabizadz/Projects/Mahsa/datasets/grid/test/s30/lgiv5p.mpg,11,27,4.053684234619141,0.9930987890803428
94,2,/home/nabizadz/Projects/Mahsa/datasets/grid/test/s30/pwan2s.mpg,97,113,3.088361978530884,0.97444365818659
94,3,/home/nabizadz/Projects/Mahsa/datasets/grid/test/s30/pgia5n.mpg,114,130,3.746525287628174,0.9740962007041755
94,4,/home/nabizadz/Projects/Mahsa/datasets/grid/test/s30/prwa6s.mpg,279,295,4.497160911560059,0.9992600147122525
94,5,/home/nabizadz/Projects/Mahsa/datasets/grid/test/s30/lrwv3n.mpg,58,74,3.5329232215881348,0.9750778258865918
94,6,/home/nabizadz/Projects/Mahsa/datasets/grid/test/s30/bbac5p.mpg,199,215,4.34871244430542,0.9526675665327868
94,7,/home/nabizadz/Projects/Mahsa/datasets/grid/test/s30/sgil8s.mpg,255,271,4.390268325805664,0.9440736257628617
94,8,/home/nabizadz/Projects/Mahsa/datasets/grid/test/s30/pbaf7p.mpg,189,205,4.460498809814453,0.9457268273964708
94,9,/home/nabizadz/Projects/Mahsa/datasets/grid/test/s30/bgwl4s.mpg,54,70,3.1417548656463623,0.9685185281830819
94,10,/home/nabizadz/Projects/Mahsa/datasets/grid/test/s30/sgam1n.mpg,220,236,4.259616374969482,0.8615619363286651
94,11,/home/nabizadz/Projects/Mahsa/datasets/grid/test/s30/pwiazs.mpg,265,281,4.381436824798584,0.9658606590423675
94,12,/home/nabizadz/Projects/Mahsa/datasets/grid/test/s30/sbwr5n.mpg,9,25,4.365082263946533,0.9930601520796483
94,13,/home/nabizadz/Projects/Mahsa/datasets/grid/test/s30/prigza.mpg,180,196,3.4902453422546387,0.9773592957158608
94,14,/home/nabizadz/Projects/Mahsa/datasets/grid/test/s30/bgay4s.mpg,263,279,4.217018127441406,0.9967735157266621
94,15,/home/nabizadz/Projects/Mahsa/datasets/grid/test/s30/bwby1n.mpg,91,107,3.8340020179748535,0.9931780656447503
95,0,/home/nabizadz/Projects/Mahsa/datasets/grid/test/s30/pwwh6s.mpg,263,279,4.488630771636963,0.9882031065982941
95,1,/home/nabizadz/Projects/Mahsa/datasets/grid/test/s30/lgic2s.mpg,229,245,4.346059322357178,0.9487947255464875
95,2,/home/nabizadz/Projects/Mahsa/datasets/grid/test/s30/bbiv1n.mpg,109,125,3.3438007831573486,0.9592106415815376
95,3,/home/nabizadz/Projects/Mahsa/datasets/grid/test/s30/priz9n.mpg,31,47,4.449224472045898,0.9981913320203015
95,4,/home/nabizadz/Projects/Mahsa/datasets/grid/test/s30/swaz5p.mpg,272,288,4.285107135772705,0.9736956594182391
95,5,/home/nabizadz/Projects/Mahsa/datasets/grid/test/s30/srws4a.mpg,104,120,3.8454718589782715,0.9961990410572857
95,6,/home/nabizadz/Projects/Mahsa/datasets/grid/test/s30/bgid9p.mpg,160,176,3.7966291904449463,0.9583635652575078
95,7,/home/nabizadz/Projects/Mahsa/datasets/grid/test/s30/lwiu9p.mpg,252,268,4.269649028778076,0.8435100065168957
95,8,/home/nabizadz/Projects/Mahsa/datasets/grid/test/s30/sbak3n.mpg,248,264,4.175866603851318,1.0
95,9,/home/nabizadz/Projects/Mahsa/datasets/grid/test/s30/pgbh8s.mpg,247,263,4.057220458984375,0.9846919520721961
95,10,/home/nabizadz/Projects/Mahsa/datasets/grid/test/s30/pgan8s.mpg,196,212,4.202591419219971,0.9670963568591826
95,11,/home/nabizadz/Projects/Mahsa/datasets/grid/test/s30/pwwn9n.mpg,158,174,3.612858295440674,0.962274339615981
95,12,/home/nabizadz/Projects/Mahsa/datasets/grid/test/s30/pgia8a.mpg,32,48,4.316036224365234,0.9999576092778002
95,13,/home/nabizadz/Projects/Mahsa/datasets/grid/test/s30/srws3p.mpg,133,149,3.282412528991699,0.9411624047088146
95,14,/home/nabizadz/Projects/Mahsa/datasets/grid/test/s30/pgwb7n.mpg,64,80,3.088404417037964,0.9792585786065308
95,15,/home/nabizadz/Projects/Mahsa/datasets/grid/test/s30/bbwd1n.mpg,102,118,3.3444478511810303,0.9519567689426517
96,0,/home/nabizadz/Projects/Mahsa/datasets/grid/test/s30/sgbtzs.mpg,268,284,4.295444488525391,0.9989553246807711
96,1,/home/nabizadz/Projects/Mahsa/datasets/grid/test/s30/lgac6s.mpg,262,278,4.371072769165039,0.993475946068881
96,2,/home/nabizadz/Projects/Mahsa/datasets/grid/test/s30/brbx5n.mpg,88,104,3.8375678062438965,0.9889101290632247
96,3,/home/nabizadz/Projects/Mahsa/datasets/grid/test/s30/sbby7p.mpg,136,152,4.086361408233643,0.9909565277709506
96,4,/home/nabizadz/Projects/Mahsa/datasets/grid/test/s30/srwf3n.mpg,47,63,3.5875868797302246,0.9780936933566191
96,5,/home/nabizadz/Projects/Mahsa/datasets/grid/test/s30/lgbx3p.mpg,185,201,3.8603031635284424,0.9503171755409225
96,6,/home/nabizadz/Projects/Mahsa/datasets/grid/test/s30/sbiq3n.mpg,179,195,4.193464279174805,0.9773560479595864
96,7,/home/nabizadz/Projects/Mahsa/datasets/grid/test/s30/bgby9p.mpg,206,222,3.6394824981689453,0.9502578321192439
96,8,/home/nabizadz/Projects/Mahsa/datasets/grid/test/s30/srirzs.mpg,101,117,3.325716733932495,0.9784719998459337
96,9,/home/nabizadz/Projects/Mahsa/datasets/grid/test/s30/lwbp3p.mpg,115,131,4.003088474273682,0.9810155014881261
96,10,/home/nabizadz/Projects/Mahsa/datasets/grid/test/s30/pbaf6s.mpg,46,62,3.8558270931243896,0.9995836455424466
96,11,/home/nabizadz/Projects/Mahsa/datasets/grid/test/s30/lrbb8s.mpg,130,146,3.834581136703491,0.9823788551736365
96,12,/home/nabizadz/Projects/Mahsa/datasets/grid/test/s30/lriu4a.mpg,217,233,4.039362907409668,0.9506815547991518
96,13,/home/nabizadz/Projects/Mahsa/datasets/grid/test/s30/lwiizs.mpg,274,290,4.269815921783447,0.9990032358359516
96,14,/home/nabizadz/Projects/Mahsa/datasets/grid/test/s30/prat1p.mpg,186,202,3.8732900619506836,0.9674555348413889
96,15,/home/nabizadz/Projects/Mahsa/datasets/grid/test/s30/sgwg5n.mpg,133,149,3.8136632442474365,0.9818297808390279
97,0,/home/nabizadz/Projects/Mahsa/datasets/grid/test/s30/lgbp9p.mpg,156,172,3.39687180519104,0.9247595232704522
97,1,/home/nabizadz/Projects/Mahsa/datasets/grid/test/s30/lwib7p.mpg,258,274,4.160214900970459,0.9797350227224252
97,2,/home/nabizadz/Projects/Mahsa/datasets/grid/test/s30/bgay3n.mpg,144,160,3.5899622440338135,0.9811505259028391
97,3,/home/nabizadz/Projects/Mahsa/datasets/grid/test/s30/bwaq6a.mpg,222,238,4.259137153625488,0.9316080424356632
97,4,/home/nabizadz/Projects/Mahsa/datasets/grid/test/s30/lwbi9p.mpg,188,204,4.377989292144775,0.930438963233733
97,5,/home/nabizadz/Projects/Mahsa/datasets/grid/test/s30/lgbp7n.mpg,37,53,4.27392578125,0.9999997241783434
97,6,/home/nabizadz/Projects/Mahsa/datasets/grid/test/s30/lgbj5p.mpg,149,165,3.8358161449432373,0.9671211519064274
97,7,/home/nabizadz/Projects/Mahsa/datasets/grid/test/s30/lrah7n.mpg,132,148,3.4734842777252197,0.9731878464914459
97,8,/home/nabizadz/Projects/Mahsa/datasets/grid/test/s30/bbwx6a.mpg,46,62,3.59627366065979,0.9851915050058737
97,9,/home/nabizadz/Projects/Mahsa/datasets/grid/test/s30/bgwe9n.mpg,117,133,3.666905403137207,0.9568823643443279
97,10,/home/nabizadz/Projects/Mahsa/datasets/grid/test/s30/sbid7p.mpg,12,28,4.399111270904541,0.982744015299284
97,11,/home/nabizadz/Projects/Mahsa/datasets/grid/test/s30/sgam2s.mpg,33,49,4.073393821716309,0.9905561405547876
97,12,/home/nabizadz/Projects/Mahsa/datasets/grid/test/s30/lwiu8s.mpg,89,105,3.451792001724243,0.9757413113331773
97,13,/home/nabizadz/Projects/Mahsa/datasets/grid/test/s30/lbwb5n.mpg,249,265,4.437381267547607,0.9533479223484402
97,14,/home/nabizadz/Projects/Mahsa/datasets/grid/test/s30/bgwz2s.mpg,104,120,3.3153481483459473,0.9580912547713812
97,15,/home/nabizadz/Projects/Mahsa/datasets/grid/test/s30/pwaa6a.mpg,253,269,4.212097644805908,0.9259277463512039
98,0,/home/nabizadz/Projects/Mahsa/datasets/grid/test/s30/pgia6s.mpg,165,181,4.172969341278076,0.9802569700977619
98,1,/home/nabizadz/Projects/Mahsa/datasets/grid/test/s30/lbit6s.mpg,217,233,4.398362636566162,0.9504053803714667
98,2,/home/nabizadz/Projects/Mahsa/datasets/grid/test/s30/prwa7p.mpg,238,254,4.4094648361206055,0.9614354285040257
98,3,/home/nabizadz/Projects/Mahsa/datasets/grid/test/s30/pgwi2s.mpg,238,254,4.2050065994262695,0.9963619492999247
98,4,/home/nabizadz/Projects/Mahsa/datasets/grid/test/s30/bgik4a.mpg,27,43,3.333040237426758,0.9900666434736721
98,5,/home/nabizadz/Projects/Mahsa/datasets/grid/test/s30/lwwp7p.mpg,192,208,3.4149816036224365,0.9455888141293446
98,6,/home/nabizadz/Projects/Mahsa/datasets/grid/test/s30/lwivza.mpg,144,160,3.993420124053955,0.9676197447136948
98,7,/home/nabizadz/Projects/Mahsa/datasets/grid/test/s30/lrao2s.mpg,245,261,4.311030864715576,0.8828954932093673
98,8,/home/nabizadz/Projects/Mahsa/datasets/grid/test/s30/lban7p.mpg,46,62,3.8570704460144043,0.9884427472010887
98,9,/home/nabizadz/Projects/Mahsa/datasets/grid/test/s30/lwav4a.mpg,266,282,3.6527342796325684,0.8607457136185066
98,10,/home/nabizadz/Projects/Mahsa/datasets/grid/test/s30/srar4s.mpg,262,278,4.28811502456665,0.9967188534093387
98,11,/home/nabizadz/Projects/Mahsa/datasets/grid/test/s30/sbby8a.mpg,282,298,4.479738235473633,0.9946409297299887
98,12,/home/nabizadz/Projects/Mahsa/datasets/grid/test/s30/sbwzzs.mpg,196,212,4.452120780944824,0.9933632454417923
98,13,/home/nabizadz/Projects/Mahsa/datasets/grid/test/s30/bbai7n.mpg,144,160,3.516129732131958,0.9533158647897507
98,14,/home/nabizadz/Projects/Mahsa/datasets/grid/test/s30/lwwj2s.mpg,48,64,3.6327884197235107,0.9919652291538231
98,15,/home/nabizadz/Projects/Mahsa/datasets/grid/test/s30/brac9n.mpg,192,208,3.833724021911621,0.9704257947651448
99,0,/home/nabizadz/Projects/Mahsa/datasets/grid/test/s30/bric7p.mpg,115,131,3.266402244567871,0.9787629702397023
99,1,/home/nabizadz/Projects/Mahsa/datasets/grid/test/s30/prba1n.mpg,86,102,3.142261028289795,0.9863206111831739
99,2,/home/nabizadz/Projects/Mahsa/datasets/grid/test/s30/pgau2s.mpg,233,249,4.391777038574219,0.941965532181944
99,3,/home/nabizadz/Projects/Mahsa/datasets/grid/test/s30/bgbe7p.mpg,226,242,4.265967845916748,0.9962975586106041
99,4,/home/nabizadz/Projects/Mahsa/datasets/grid/test/s30/bgaq9n.mpg,187,203,4.34927225112915,0.9497282856215719
99,5,/home/nabizadz/Projects/Mahsa/datasets/grid/test/s30/lwbc4s.mpg,125,141,3.67148494720459,0.9860362474615006
99,6,/home/nabizadz/Projects/Mahsa/datasets/grid/test/s30/pgan9p.mpg,69,85,3.2423830032348633,0.979263775377558
99,7,/home/nabizadz/Projects/Mahsa/datasets/grid/test/s30/sbid5n.mpg,147,163,3.6362321376800537,0.9836512263074765
99,8,/home/nabizadz/Projects/Mahsa/datasets/grid/test/s30/lbin3p.mpg,29,45,4.156698703765869,0.9799325927059329
99,9,/home/nabizadz/Projects/Mahsa/datasets/grid/test/s30/bbwj7p.mpg,184,200,3.4368906021118164,0.9695825951949886
99,10,/home/nabizadz/Projects/Mahsa/datasets/grid/test/s30/sgwnzs.mpg,100,116,3.692798376083374,0.9618942139838716
99,11,/home/nabizadz/Projects/Mahsa/datasets/grid/test/s30/bwix6a.mpg,219,235,4.278067588806152,0.9077288478297357
99,12,/home/nabizadz/Projects/Mahsa/datasets/grid/test/s30/pgwi4a.mpg,86,102,3.7392685413360596,0.9780440517369483
99,13,/home/nabizadz/Projects/Mahsa/datasets/grid/test/s30/sgif6a.mpg,132,148,3.4975504875183105,0.9799473963983276
99,14,/home/nabizadz/Projects/Mahsa/datasets/grid/test/s30/srae8a.mpg,134,150,3.977302312850952,0.9896054413063289
99,15,/home/nabizadz/Projects/Mahsa/datasets/grid/test/s30/lrib2a.mpg,252,268,4.344267845153809,0.9469155496704512
100,0,/home/nabizadz/Projects/Mahsa/datasets/grid/test/s30/brwk2s.mpg,122,138,3.5529894828796387,0.9853969667618868
100,1,/home/nabizadz/Projects/Mahsa/datasets/grid/test/s30/prwn6a.mpg,201,217,3.9576995372772217,0.9787520144815869
100,2,/home/nabizadz/Projects/Mahsa/datasets/grid/test/s30/pbwa2a.mpg,70,86,3.112525701522827,0.9870078766674535
100,3,/home/nabizadz/Projects/Mahsa/datasets/grid/test/s30/pbwt2s.mpg,26,42,4.308685302734375,0.9922833546222514
100,4,/home/nabizadz/Projects/Mahsa/datasets/grid/test/s30/pwwo1p.mpg,242,258,4.297278881072998,0.8523044306199242
100,5,/home/nabizadz/Projects/Mahsa/datasets/grid/test/s30/srae5n.mpg,139,155,3.954937219619751,0.9872202297151907
100,6,/home/nabizadz/Projects/Mahsa/datasets/grid/test/s30/sbak4s.mpg,208,224,3.7917139530181885,0.9841549513052786
100,7,/home/nabizadz/Projects/Mahsa/datasets/grid/test/s30/bwak1p.mpg,53,69,3.751424789428711,0.987901149489175
100,8,/home/nabizadz/Projects/Mahsa/datasets/grid/test/s30/bwbk4s.mpg,227,243,4.0935750007629395,0.9967986182154236
100,9,/home/nabizadz/Projects/Mahsa/datasets/grid/test/s30/bgid8s.mpg,179,195,4.343778133392334,0.9835932841202485
100,10,/home/nabizadz/Projects/Mahsa/datasets/grid/test/s30/bwad6s.mpg,245,261,4.2491607666015625,0.899141106922686
100,11,/home/nabizadz/Projects/Mahsa/datasets/grid/test/s30/pgbiza.mpg,260,276,4.3520073890686035,0.9924757048400221
100,12,/home/nabizadz/Projects/Mahsa/datasets/grid/test/s30/sgimza.mpg,2,18,4.402288436889648,0.9955568733722531
100,13,/home/nabizadz/Projects/Mahsa/datasets/grid/test/s30/bgwz4a.mpg,147,163,3.542287588119507,0.9839848129315774
100,14,/home/nabizadz/Projects/Mahsa/datasets/grid/test/s30/swwf9n.mpg,77,93,3.1948800086975098,0.9701920225552002
100,15,/home/nabizadz/Projects/Mahsa/datasets/grid/test/s30/bwwr2s.mpg,93,109,3.2975447177886963,0.9596898053209878
101,0,/home/nabizadz/Projects/Mahsa/datasets/grid/test/s30/lgic1n.mpg,247,263,4.283972263336182,0.939924428570036
101,1,/home/nabizadz/Projects/Mahsa/datasets/grid/test/s30/bbwp9n.mpg,34,50,4.236546039581299,0.9869356098250113
101,2,/home/nabizadz/Projects/Mahsa/datasets/grid/test/s30/pgwv2a.mpg,90,106,3.006666898727417,0.9694900598198375
101,3,/home/nabizadz/Projects/Mahsa/datasets/grid/test/s30/lgwj7n.mpg,247,263,4.257536888122559,0.9999615692233991
101,4,/home/nabizadz/Projects/Mahsa/datasets/grid/test/s30/bgwsza.mpg,15,31,4.406304359436035,0.9818841725693009
101,5,/home/nabizadz/Projects/Mahsa/datasets/grid/test/s30/bbwx3n.mpg,281,297,4.170766830444336,0.9982212167853479
101,6,/home/nabizadz/Projects/Mahsa/datasets/grid/test/s30/bwwr3p.mpg,230,246,4.003890037536621,0.9648385449555896
101,7,/home/nabizadz/Projects/Mahsa/datasets/grid/test/s30/lbihza.mpg,26,42,4.313323497772217,0.9999968526723045
101,8,/home/nabizadz/Projects/Mahsa/datasets/grid/test/s30/lriu3p.mpg,52,68,3.737480640411377,0.970374077308957
101,9,/home/nabizadz/Projects/Mahsa/datasets/grid/test/s30/bwad8a.mpg,145,161,3.4066271781921387,0.9461717300429349
101,10,/home/nabizadz/Projects/Mahsa/datasets/grid/test/s30/pbbm4s.mpg,281,297,4.478900909423828,0.9880276626078142
101,11,/home/nabizadz/Projects/Mahsa/datasets/grid/test/s30/pbbs8s.mpg,258,274,4.112858772277832,0.9546314303347652
101,12,/home/nabizadz/Projects/Mahsa/datasets/grid/test/s30/pwia2a.mpg,125,141,3.998185157775879,0.9855603121422689
101,13,/home/nabizadz/Projects/Mahsa/datasets/grid/test/s30/swwm5p.mpg,11,27,4.355407238006592,0.992354922578782
101,14,/home/nabizadz/Projects/Mahsa/datasets/grid/test/s30/lrwv4s.mpg,127,143,3.308574676513672,0.9720699973317445
101,15,/home/nabizadz/Projects/Mahsa/datasets/grid/test/s30/bwwk8s.mpg,21,37,3.7924587726593018,0.9965594093589127
102,0,/home/nabizadz/Projects/Mahsa/datasets/grid/test/s30/lgajzs.mpg,260,276,4.303711414337158,0.9329862273124269
102,1,/home/nabizadz/Projects/Mahsa/datasets/grid/test/s30/srbf2a.mpg,159,175,3.8703837394714355,0.9840294466525668
102,2,/home/nabizadz/Projects/Mahsa/datasets/grid/test/s30/pgau3p.mpg,23,39,4.04723596572876,0.9999719255001775
102,3,/home/nabizadz/Projects/Mahsa/datasets/grid/test/s30/pbal9n.mpg,176,192,3.9158196449279785,0.9653775568463144
102,4,/home/nabizadz/Projects/Mahsa/datasets/grid/test/s30/lrau7p.mpg,237,253,4.408771514892578,0.8892314059722431
102,5,/home/nabizadz/Projects/Mahsa/datasets/grid/test/s30/pram7p.mpg,74,90,3.534773826599121,0.9802257312835453
102,6,/home/nabizadz/Projects/Mahsa/datasets/grid/test/s30/bwwr4a.mpg,147,163,3.611811399459839,0.9712037100238701
102,7,/home/nabizadz/Projects/Mahsa/datasets/grid/test/s30/pgan7n.mpg,160,176,3.7961621284484863,0.9734518338348448
102,8,/home/nabizadz/Projects/Mahsa/datasets/grid/test/s30/lrwi5n.mpg,85,101,3.819349765777588,0.9861907510625351
102,9,/home/nabizadz/Projects/Mahsa/datasets/grid/test/s30/lgwx5n.mpg,24,40,3.988187074661255,0.9746974076230109
102,10,/home/nabizadz/Projects/Mahsa/datasets/grid/test/s30/pwbh2s.mpg,236,252,4.0417280197143555,0.9743583221737308
102,11,/home/nabizadz/Projects/Mahsa/datasets/grid/test/s30/lbbh5n.mpg,81,97,3.7384145259857178,0.9882938179171804
102,12,/home/nabizadz/Projects/Mahsa/datasets/grid/test/s30/pgwo8a.mpg,241,257,4.304144382476807,0.8809154709510534
102,13,/home/nabizadz/Projects/Mahsa/datasets/grid/test/s30/bwbk6a.mpg,267,283,4.231330394744873,0.9938861150627144
102,14,/home/nabizadz/Projects/Mahsa/datasets/grid/test/s30/bbbp6s.mpg,191,207,3.7007761001586914,0.9721984566981676
102,15,/home/nabizadz/Projects/Mahsa/datasets/grid/test/s30/pbaf8a.mpg,274,290,4.344625949859619,0.9866242683982088
103,0,/home/nabizadz/Projects/Mahsa/datasets/grid/test/s30/brbj9p.mpg,106,122,3.0599327087402344,0.9736934236211297
103,1,/home/nabizadz/Projects/Mahsa/datasets/grid/test/s30/bgarzs.mpg,75,91,3.1199347972869873,0.9755621876709878
103,2,/home/nabizadz/Projects/Mahsa/datasets/grid/test/s30/sbwe9p.mpg,108,124,2.7162225246429443,0.9711221229987139
103,3,/home/nabizadz/Projects/Mahsa/datasets/grid/test/s30/brwd8s.mpg,145,161,3.3359546661376953,0.9645917240162618
103,4,/home/nabizadz/Projects/Mahsa/datasets/grid/test/s30/pram8a.mpg,232,248,4.240490913391113,0.9876087155646727
103,5,/home/nabizadz/Projects/Mahsa/datasets/grid/test/s30/lwwj3p.mpg,115,131,3.80614972114563,0.9866527933585464
103,6,/home/nabizadz/Projects/Mahsa/datasets/grid/test/s30/swiz1p.mpg,180,196,3.760011911392212,0.9707540477909505
103,7,/home/nabizadz/Projects/Mahsa/datasets/grid/test/s30/lrwv6a.mpg,238,254,4.355229377746582,0.9472356273206222
103,8,/home/nabizadz/Projects/Mahsa/datasets/grid/test/s30/bwij8a.mpg,54,70,3.387033700942993,0.9815880789022026
103,9,/home/nabizadz/Projects/Mahsa/datasets/grid/test/s30/sbwr8a.mpg,167,183,3.781381368637085,0.9919851778602625
103,10,/home/nabizadz/Projects/Mahsa/datasets/grid/test/s30/prbnzs.mpg,233,249,4.427445411682129,0.96651509338943
103,11,/home/nabizadz/Projects/Mahsa/datasets/grid/test/s30/lrwp1p.mpg,258,274,4.366555690765381,0.9675902196586094
103,12,/home/nabizadz/Projects/Mahsa/datasets/grid/test/s30/lgipzs.mpg,177,193,3.779416799545288,0.9804243105564449
103,13,/home/nabizadz/Projects/Mahsa/datasets/grid/test/s30/bgbe8a.mpg,51,67,3.9585459232330322,0.9780016953419087
103,14,/home/nabizadz/Projects/Mahsa/datasets/grid/test/s30/sbbe4s.mpg,228,244,4.2853169441223145,0.9984426164132995
103,15,/home/nabizadz/Projects/Mahsa/datasets/grid/test/s30/sgbm6s.mpg,121,137,3.63210129737854,0.9757845480575199
104,0,/home/nabizadz/Projects/Mahsa/datasets/grid/test/s30/pbiz3n.mpg,145,161,3.802180290222168,0.9681171923028333
104,1,/home/nabizadz/Projects/Mahsa/datasets/grid/test/s30/srwf6a.mpg,69,85,3.0628433227539062,0.9884090678071112
104,2,/home/nabizadz/Projects/Mahsa/datasets/grid/test/s30/lwiu7n.mpg,61,77,3.746175765991211,0.9735921353056872
104,3,/home/nabizadz/Projects/Mahsa/datasets/grid/test/s30/lgwj9p.mpg,257,273,4.495517253875732,0.9877188111431655
104,4,/home/nabizadz/Projects/Mahsa/datasets/grid/test/s30/pwwu3n.mpg,280,296,4.283915996551514,0.9905234894980683
104,5,/home/nabizadz/Projects/Mahsa/datasets/grid/test/s30/bbav8a.mpg,26,42,3.850778818130493,0.9939946495651101
104,6,/home/nabizadz/Projects/Mahsa/datasets/grid/test/s30/lgii6s.mpg,43,59,3.4130842685699463,0.9737831660196901
104,7,/home/nabizadz/Projects/Mahsa/datasets/grid/test/s30/bwaj9n.mpg,155,171,3.7396950721740723,0.978468026514357
104,8,/home/nabizadz/Projects/Mahsa/datasets/grid/test/s30/sgil9p.mpg,197,213,4.251896381378174,0.9487581920838181
104,9,/home/nabizadz/Projects/Mahsa/datasets/grid/test/s30/sbad9n.mpg,262,278,3.9952685832977295,0.8464265364360394
104,10,/home/nabizadz/Projects/Mahsa/datasets/grid/test/s30/lrih3n.mpg,189,205,3.9051578044891357,0.9717434887337042
104,11,/home/nabizadz/Projects/Mahsa/datasets/grid/test/s30/bgix9n.mpg,187,203,4.030625820159912,0.9660456561750297
104,12,/home/nabizadz/Projects/Mahsa/datasets/grid/test/s30/brap7n.mpg,68,84,3.327847719192505,0.9726949003079038
104,13,/home/nabizadz/Projects/Mahsa/datasets/grid/test/s30/sriy3n.mpg,37,53,4.347282409667969,0.9999999356733579
104,14,/home/nabizadz/Projects/Mahsa/datasets/grid/test/s30/lwwxzs.mpg,217,233,4.378917217254639,0.9512509320785678
104,15,/home/nabizadz/Projects/Mahsa/datasets/grid/test/s30/bwid3p.mpg,96,112,3.342139482498169,0.9862502342940854
105,0,/home/nabizadz/Projects/Mahsa/datasets/grid/test/s30/lbah2s.mpg,210,226,4.030240535736084,0.9478206423052308
105,1,/home/nabizadz/Projects/Mahsa/datasets/grid/test/s30/brbx8a.mpg,39,55,4.291649341583252,0.9460437429055865
105,2,/home/nabizadz/Projects/Mahsa/datasets/grid/test/s30/sbwr7p.mpg,110,126,2.6979706287384033,0.9680613764905538
105,3,/home/nabizadz/Projects/Mahsa/datasets/grid/test/s30/lbbb4a.mpg,217,233,4.277324199676514,0.9791034809476045
105,4,/home/nabizadz/Projects/Mahsa/datasets/grid/test/s30/pbif4a.mpg,213,229,4.274343013763428,0.9061015469842808
105,5,/home/nabizadz/Projects/Mahsa/datasets/grid/test/s30/bgwz1n.mpg,246,262,4.255031108856201,0.913011149464958
105,6,/home/nabizadz/Projects/Mahsa/datasets/grid/test/s30/bwad5n.mpg,146,162,3.9584453105926514,0.9896730211581759
105,7,/home/nabizadz/Projects/Mahsa/datasets/grid/test/s30/swbf7p.mpg,50,66,3.4272754192352295,0.985562749094891
105,8,/home/nabizadz/Projects/Mahsa/datasets/grid/test/s30/pgbh9p.mpg,257,273,4.305093288421631,0.9379115297811468
105,9,/home/nabizadz/Projects/Mahsa/datasets/grid/test/s30/swiz2a.mpg,60,76,3.4773523807525635,0.980558552243285
105,10,/home/nabizadz/Projects/Mahsa/datasets/grid/test/s30/lrab4s.mpg,102,118,3.691798686981201,0.979470712314248
105,11,/home/nabizadz/Projects/Mahsa/datasets/grid/test/s30/brwyzs.mpg,138,154,3.8865227699279785,0.981985403536316
105,12,/home/nabizadz/Projects/Mahsa/datasets/grid/test/s30/brwq6s.mpg,104,120,3.686859607696533,0.9553790574666811
105,13,/home/nabizadz/Projects/Mahsa/datasets/grid/test/s30/bbii5p.mpg,149,165,3.5572328567504883,0.9711653004889003
105,14,/home/nabizadz/Projects/Mahsa/datasets/grid/test/s30/pwit4a.mpg,263,279,4.389944076538086,0.9881929380212762
105,15,/home/nabizadz/Projects/Mahsa/datasets/grid/test/s30/swaz4s.mpg,19,35,4.393218517303467,0.9999997534731996
106,0,/home/nabizadz/Projects/Mahsa/datasets/grid/test/s30/pris8a.mpg,252,268,4.245697975158691,0.9999146371412717
106,1,/home/nabizadz/Projects/Mahsa/datasets/grid/test/s30/lrbo7p.mpg,173,189,3.8101308345794678,0.954021988674117
106,2,/home/nabizadz/Projects/Mahsa/datasets/grid/test/s30/swwm3n.mpg,25,41,4.287494659423828,0.9798672887694028
106,3,/home/nabizadz/Projects/Mahsa/datasets/grid/test/s30/bbbj4a.mpg,9,25,4.368738174438477,0.9999767483935894
106,4,/home/nabizadz/Projects/Mahsa/datasets/grid/test/s30/sgbg2s.mpg,78,94,3.6297781467437744,0.9843099051234753
106,5,/home/nabizadz/Projects/Mahsa/datasets/grid/test/s30/bwby3p.mpg,47,63,4.356134414672852,0.9998041120993423
106,6,/home/nabizadz/Projects/Mahsa/datasets/grid/test/s30/lwbv7p.mpg,281,297,4.3121747970581055,0.9999829512502213
106,7,/home/nabizadz/Projects/Mahsa/datasets/grid/test/s30/bgak6s.mpg,35,51,4.089053153991699,0.9999941000120682
106,8,/home/nabizadz/Projects/Mahsa/datasets/grid/test/s30/swbs4s.mpg,240,256,4.270491123199463,0.999696271718245
106,9,/home/nabizadz/Projects/Mahsa/datasets/grid/test/s30/lgbx4a.mpg,2,18,4.306539535522461,0.9595877018513006
106,10,/home/nabizadz/Projects/Mahsa/datasets/grid/test/s30/bgblzs.mpg,9,25,4.418243408203125,0.9999984738567732
106,11,/home/nabizadz/Projects/Mahsa/datasets/grid/test/s30/lgbj6a.mpg,161,177,3.759634017944336,0.987150244855396
106,12,/home/nabizadz/Projects/Mahsa/datasets/grid/test/s30/bbbp5n.mpg,73,89,3.5781350135803223,0.9835568212888754
106,13,/home/nabizadz/Projects/Mahsa/datasets/grid/test/s30/lbwizs.mpg,89,105,3.3915276527404785,0.9604037390206306
106,14,/home/nabizadz/Projects/Mahsa/datasets/grid/test/s30/swir8a.mpg,4,20,4.479453086853027,0.9934927427277501
106,15,/home/nabizadz/Projects/Mahsa/datasets/grid/test/s30/bbac4s.mpg,30,46,4.287579536437988,0.9999993246990997
107,0,/home/nabizadz/Projects/Mahsa/datasets/grid/test/s30/prim1n.mpg,105,121,3.1348299980163574,0.9719924771643489
107,1,/home/nabizadz/Projects/Mahsa/datasets/grid/test/s30/sgiz7p.mpg,135,151,3.4094302654266357,0.9844912829412956
107,2,/home/nabizadz/Projects/Mahsa/datasets/grid/test/s30/bwwk9p.mpg,241,257,4.39047908782959,0.9480579956228253
107,3,/home/nabizadz/Projects/Mahsa/datasets/grid/test/s30/bbwd4a.mpg,259,275,4.288327693939209,0.9422394746086805
107,4,/home/nabizadz/Projects/Mahsa/datasets/grid/test/s30/prat2a.mpg,36,52,4.108730792999268,0.9944867679672468
107,5,/home/nabizadz/Projects/Mahsa/datasets/grid/test/s30/bwaq3n.mpg,163,179,3.6583852767944336,0.9720639835330162
107,6,/home/nabizadz/Projects/Mahsa/datasets/grid/test/s30/pgau1n.mpg,0,16,3.943000316619873,0.9950204858121976
107,7,/home/nabizadz/Projects/Mahsa/datasets/grid/test/s30/swal8a.mpg,165,181,3.790109157562256,0.9806550487775229
107,8,/home/nabizadz/Projects/Mahsa/datasets/grid/test/s30/pgau4a.mpg,112,128,3.6184349060058594,0.9833827411388448
107,9,/home/nabizadz/Projects/Mahsa/datasets/grid/test/s30/srir2a.mpg,227,243,4.35773229598999,0.9532572836964601
107,10,/home/nabizadz/Projects/Mahsa/datasets/grid/test/s30/lbwu8s.mpg,171,187,3.976224184036255,0.9342853128021195
107,11,/home/nabizadz/Projects/Mahsa/datasets/grid/test/s30/lwwc7n.mpg,33,49,4.454875946044922,0.999995052616406
107,12,/home/nabizadz/Projects/Mahsa/datasets/grid/test/s30/pwwh5n.mpg,121,137,3.311526298522949,0.9772635692883663
107,13,/home/nabizadz/Projects/Mahsa/datasets/grid/test/s30/lrwc1n.mpg,112,128,3.350769519805908,0.9681231312020341
107,14,/home/nabizadz/Projects/Mahsa/datasets/grid/test/s30/lrwp2a.mpg,255,271,4.33176326751709,0.9947538718799183
107,15,/home/nabizadz/Projects/Mahsa/datasets/grid/test/s30/sgwg8a.mpg,250,266,4.279581546783447,0.9962344913317132
108,0,/home/nabizadz/Projects/Mahsa/datasets/grid/test/s30/pwwu6a.mpg,157,173,3.2937328815460205,0.9324059304691114
108,1,/home/nabizadz/Projects/Mahsa/datasets/grid/test/s30/swwm4s.mpg,277,293,4.3525567054748535,0.9998595484279924
108,2,/home/nabizadz/Projects/Mahsa/datasets/grid/test/s30/bgae4a.mpg,27,43,3.876161813735962,0.9630245208852068
108,3,/home/nabizadz/Projects/Mahsa/datasets/grid/test/s30/pgin4s.mpg,198,214,4.169917106628418,0.9829572802809905
108,4,/home/nabizadz/Projects/Mahsa/datasets/grid/test/s30/pgin6a.mpg,80,96,3.6297476291656494,0.9893100116824127
108,5,/home/nabizadz/Projects/Mahsa/datasets/grid/test/s30/pwim8s.mpg,233,249,4.469843864440918,0.9457562642526658
108,6,/home/nabizadz/Projects/Mahsa/datasets/grid/test/s30/bwbe2a.mpg,228,244,4.213027000427246,0.9741358053020002
108,7,/home/nabizadz/Projects/Mahsa/datasets/grid/test/s30/srbl6a.mpg,145,161,3.8362765312194824,0.974140858686452
108,8,/home/nabizadz/Projects/Mahsa/datasets/grid/test/s30/lgbp8s.mpg,160,176,3.8201444149017334,0.9773817842175839
108,9,/home/nabizadz/Projects/Mahsa/datasets/grid/test/s30/brip4s.mpg,140,156,3.270331382751465,0.9740063726590698
108,10,/home/nabizadz/Projects/Mahsa/datasets/grid/test/s30/sgam3p.mpg,133,149,3.8163843154907227,0.9648564321340232
108,11,/home/nabizadz/Projects/Mahsa/datasets/grid/test/s30/pwwu4s.mpg,40,56,3.7052643299102783,0.9877374705611601
108,12,/home/nabizadz/Projects/Mahsa/datasets/grid/test/s30/lwab9n.mpg,241,257,4.324493408203125,0.9316029297151002
108,13,/home/nabizadz/Projects/Mahsa/datasets/grid/test/s30/brbq3p.mpg,242,258,4.325416564941406,0.964222016263274
108,14,/home/nabizadz/Projects/Mahsa/datasets/grid/test/s30/bbiv2s.mpg,46,62,4.2830657958984375,0.9999925779205031
108,15,/home/nabizadz/Projects/Mahsa/datasets/grid/test/s30/pgbb3n.mpg,47,63,1.9418257474899292,0.9299852333547463
109,0,/home/nabizadz/Projects/Mahsa/datasets/grid/test/s30/prbg5n.mpg,246,262,4.34714937210083,0.954397980779462
109,1,/home/nabizadz/Projects/Mahsa/datasets/grid/test/s30/pwat6s.mpg,182,198,3.059377908706665,0.9430194764606459
109,2,/home/nabizadz/Projects/Mahsa/datasets/grid/test/s30/prif7n.mpg,126,142,3.9586055278778076,0.9888421793843254
109,3,/home/nabizadz/Projects/Mahsa/datasets/grid/test/s30/srie2s.mpg,197,213,4.056471347808838,0.9678002451456325
109,4,/home/nabizadz/Projects/Mahsa/datasets/grid/test/s30/srbl4s.mpg,121,137,3.4029462337493896,0.9878409065065532
109,5,/home/nabizadz/Projects/Mahsa/datasets/grid/test/s30/pbwg6a.mpg,33,49,3.9258341789245605,0.9906167523757837
109,6,/home/nabizadz/Projects/Mahsa/datasets/grid/test/s30/lbat9n.mpg,190,206,4.028820514678955,0.9492668982764355
109,7,/home/nabizadz/Projects/Mahsa/datasets/grid/test/s30/swal6s.mpg,217,233,4.373330116271973,0.8413819397837631
109,8,/home/nabizadz/Projects/Mahsa/datasets/grid/test/s30/sbwl3p.mpg,31,47,4.288733005523682,0.9999989938579883
109,9,/home/nabizadz/Projects/Mahsa/datasets/grid/test/s30/brbd6a.mpg,129,145,3.6520259380340576,0.9834274209391346
109,10,/home/nabizadz/Projects/Mahsa/datasets/grid/test/s30/bbic1p.mpg,236,252,4.301732063293457,0.9953048837640313
109,11,/home/nabizadz/Projects/Mahsa/datasets/grid/test/s30/braj5p.mpg,281,297,4.460874080657959,0.9866612159399181
109,12,/home/nabizadz/Projects/Mahsa/datasets/grid/test/s30/swiy9n.mpg,86,102,3.5482547283172607,0.9846344745610388
109,13,/home/nabizadz/Projects/Mahsa/datasets/grid/test/s30/bbwq1p.mpg,173,189,4.421689510345459,0.963516039245385
109,14,/home/nabizadz/Projects/Mahsa/datasets/grid/test/s30/srbr7n.mpg,206,222,4.458517551422119,0.9786125593841334
109,15,/home/nabizadz/Projects/Mahsa/datasets/grid/test/s30/prif8s.mpg,63,79,3.5384726524353027,0.9714943296740937
110,0,/home/nabizadz/Projects/Mahsa/datasets/grid/test/s30/prwh2a.mpg,104,120,3.5418598651885986,0.9773450876548122
110,1,/home/nabizadz/Projects/Mahsa/datasets/grid/test/s30/swir6s.mpg,96,112,3.638843059539795,0.9766334582208926
110,2,/home/nabizadz/Projects/Mahsa/datasets/grid/test/s30/lgip1p.mpg,9,25,4.249803066253662,0.9654942094324971
110,3,/home/nabizadz/Projects/Mahsa/datasets/grid/test/s30/sbbe6a.mpg,120,136,3.261331081390381,0.9724498116538147
110,4,/home/nabizadz/Projects/Mahsa/datasets/grid/test/s30/bgak5n.mpg,235,251,4.031513690948486,0.9984479450596774
110,5,/home/nabizadz/Projects/Mahsa/datasets/grid/test/s30/lwib6s.mpg,112,128,3.742539882659912,0.9671429103359803
110,6,/home/nabizadz/Projects/Mahsa/datasets/grid/test/s30/sgwt3n.mpg,3,19,4.4450764656066895,0.9889443333074912
110,7,/home/nabizadz/Projects/Mahsa/datasets/grid/test/s30/brip6a.mpg,149,165,2.9926111698150635,0.9579997485863008
110,8,/home/nabizadz/Projects/Mahsa/datasets/grid/test/s30/pwaa5p.mpg,5,21,4.435154438018799,0.9902180832022093
110,9,/home/nabizadz/Projects/Mahsa/datasets/grid/test/s30/lgii8a.mpg,185,201,3.6642277240753174,0.9537050551645854
110,10,/home/nabizadz/Projects/Mahsa/datasets/grid/test/s30/bwij7p.mpg,152,168,3.668759822845459,0.983827997850067
110,11,/home/nabizadz/Projects/Mahsa/datasets/grid/test/s30/pbbm6a.mpg,44,60,4.103909969329834,0.9941033484794196
110,12,/home/nabizadz/Projects/Mahsa/datasets/grid/test/s30/pgbb5p.mpg,79,95,3.1031553745269775,0.9830365540697741
110,13,/home/nabizadz/Projects/Mahsa/datasets/grid/test/s30/bgbr3n.mpg,75,91,3.605894088745117,0.9713894727769709
110,14,/home/nabizadz/Projects/Mahsa/datasets/grid/test/s30/pwbt9n.mpg,83,99,3.4294936656951904,0.99278239104895
110,15,/home/nabizadz/Projects/Mahsa/datasets/grid/test/s30/prbg8a.mpg,58,74,3.1386632919311523,0.9749650044560583
111,0,/home/nabizadz/Projects/Mahsa/datasets/grid/test/s30/swbf5n.mpg,205,221,4.268935203552246,0.8816345675221364
111,1,/home/nabizadz/Projects/Mahsa/datasets/grid/test/s30/bbap3p.mpg,99,115,2.919926643371582,0.9705639549843412
111,2,/home/nabizadz/Projects/Mahsa/datasets/grid/test/s30/bwwlza.mpg,100,116,2.904839038848877,0.9724958832983229
111,3,/home/nabizadz/Projects/Mahsa/datasets/grid/test/s30/lbwu7n.mpg,49,65,3.937654733657837,0.9887703486069688
111,4,/home/nabizadz/Projects/Mahsa/datasets/grid/test/s30/lban8a.mpg,200,216,4.2945780754089355,0.9605350823190644
111,5,/home/nabizadz/Projects/Mahsa/datasets/grid/test/s30/bgwf2a.mpg,231,247,4.38305139541626,0.9434741553032622
111,6,/home/nabizadz/Projects/Mahsa/datasets/grid/test/s30/sgif5p.mpg,144,160,3.98561954498291,0.9821191077985795
111,7,/home/nabizadz/Projects/Mahsa/datasets/grid/test/s30/bgiq7p.mpg,260,276,4.1742167472839355,0.9848765457446021
111,8,/home/nabizadz/Projects/Mahsa/datasets/grid/test/s30/pbwa1p.mpg,202,218,4.296116352081299,0.9784680392711322
111,9,/home/nabizadz/Projects/Mahsa/datasets/grid/test/s30/brad2a.mpg,176,192,3.8428499698638916,0.9862622782001581
111,10,/home/nabizadz/Projects/Mahsa/datasets/grid/test/s30/srwmza.mpg,154,170,3.7139620780944824,0.9782519228612664
111,11,/home/nabizadz/Projects/Mahsa/datasets/grid/test/s30/lrao1n.mpg,161,177,4.18120002746582,0.9716934128865158
111,12,/home/nabizadz/Projects/Mahsa/datasets/grid/test/s30/sbwl2s.mpg,258,274,4.412384510040283,0.9456547878021908
111,13,/home/nabizadz/Projects/Mahsa/datasets/grid/test/s30/srwf5p.mpg,57,73,3.2529923915863037,0.9819547151844981
111,14,/home/nabizadz/Projects/Mahsa/datasets/grid/test/s30/bric8a.mpg,60,76,3.445220470428467,0.9716421982973124
111,15,/home/nabizadz/Projects/Mahsa/datasets/grid/test/s30/sbbk7n.mpg,211,227,4.122511863708496,0.9869351820287272
112,0,/home/nabizadz/Projects/Mahsa/datasets/grid/test/s30/pbbs7n.mpg,89,105,3.039116144180298,0.9765658526703832
112,1,/home/nabizadz/Projects/Mahsa/datasets/grid/test/s30/brwy1p.mpg,134,150,3.4275801181793213,0.964289990674099
112,2,/home/nabizadz/Projects/Mahsa/datasets/grid/test/s30/sbay4a.mpg,177,193,3.4213831424713135,0.966501432033405
112,3,/home/nabizadz/Projects/Mahsa/datasets/grid/test/s30/lbit5n.mpg,238,254,4.323680877685547,0.8517005232092436
112,4,/home/nabizadz/Projects/Mahsa/datasets/grid/test/s30/bwwr1n.mpg,119,135,3.7085235118865967,0.9549367024449161
112,5,/home/nabizadz/Projects/Mahsa/datasets/grid/test/s30/prbm9n.mpg,152,168,3.5168721675872803,0.9515484158849339
112,6,/home/nabizadz/Projects/Mahsa/datasets/grid/test/s30/bbic2a.mpg,225,241,4.291887283325195,0.9582045323063481
112,7,/home/nabizadz/Projects/Mahsa/datasets/grid/test/s30/pbwg5p.mpg,198,214,3.220538854598999,0.9401514635286442
112,8,/home/nabizadz/Projects/Mahsa/datasets/grid/test/s30/pgin3n.mpg,109,125,3.7861180305480957,0.9725727551232711
112,9,/home/nabizadz/Projects/Mahsa/datasets/grid/test/s30/pwan1n.mpg,115,131,3.712183952331543,0.9562543954578263
112,10,/home/nabizadz/Projects/Mahsa/datasets/grid/test/s30/sbid6s.mpg,68,84,3.771543264389038,0.9982921097784001
112,11,/home/nabizadz/Projects/Mahsa/datasets/grid/test/s30/sray9p.mpg,13,29,3.394301176071167,0.9948218627981423
112,12,/home/nabizadz/Projects/Mahsa/datasets/grid/test/s30/sbwfza.mpg,36,52,3.2487213611602783,0.9979320829473218
112,13,/home/nabizadz/Projects/Mahsa/datasets/grid/test/s30/lrbi3p.mpg,170,186,3.7659401893615723,0.98822940149518
112,14,/home/nabizadz/Projects/Mahsa/datasets/grid/test/s30/lgap6a.mpg,39,55,4.067575931549072,0.9996105876557733
112,15,/home/nabizadz/Projects/Mahsa/datasets/grid/test/s30/lbbb1n.mpg,208,224,3.993988037109375,0.9458886481932873
113,0,/home/nabizadz/Projects/Mahsa/datasets/grid/test/s30/srwz5n.mpg,201,217,4.0204339027404785,0.9778121725169555
113,1,/home/nabizadz/Projects/Mahsa/datasets/grid/test/s30/sbik1p.mpg,34,50,4.25199031829834,0.9999970788519585
113,2,/home/nabizadz/Projects/Mahsa/datasets/grid/test/s30/pbiz5p.mpg,111,127,3.2921557426452637,0.9607999272995668
113,3,/home/nabizadz/Projects/Mahsa/datasets/grid/test/s30/pwan4a.mpg,158,174,3.637237787246704,0.9767192609521059
113,4,/home/nabizadz/Projects/Mahsa/datasets/grid/test/s30/bwwe4s.mpg,116,132,3.6538214683532715,0.9540034415453917
113,5,/home/nabizadz/Projects/Mahsa/datasets/grid/test/s30/prwn3n.mpg,60,76,3.41215181350708,0.9794277777914141
113,6,/home/nabizadz/Projects/Mahsa/datasets/grid/test/s30/lbbu4s.mpg,180,196,3.7254750728607178,0.979344748299287
113,7,/home/nabizadz/Projects/Mahsa/datasets/grid/test/s30/sgis1n.mpg,252,268,4.417706489562988,0.996580288202735
113,8,/home/nabizadz/Projects/Mahsa/datasets/grid/test/s30/bbipza.mpg,244,260,4.33119535446167,0.9990662593416867
113,9,/home/nabizadz/Projects/Mahsa/datasets/grid/test/s30/sbbr1n.mpg,198,214,4.360916614532471,0.9962857401379045
113,10,/home/nabizadz/Projects/Mahsa/datasets/grid/test/s30/lbau2a.mpg,166,182,3.6024844646453857,0.969671614959637
113,11,/home/nabizadz/Projects/Mahsa/datasets/grid/test/s30/srbr8s.mpg,37,53,4.186886787414551,0.9952587229317706
113,12,/home/nabizadz/Projects/Mahsa/datasets/grid/test/s30/brbx7p.mpg,123,139,3.2380411624908447,0.9705794565998572
113,13,/home/nabizadz/Projects/Mahsa/datasets/grid/test/s30/bgbr4s.mpg,94,110,3.6260056495666504,0.9660338544181568
113,14,/home/nabizadz/Projects/Mahsa/datasets/grid/test/s30/pgia7p.mpg,168,184,3.660515308380127,0.9765310864645899
113,15,/home/nabizadz/Projects/Mahsa/datasets/grid/test/s30/lwai3n.mpg,251,267,4.507994651794434,0.962416737189458
114,0,/home/nabizadz/Projects/Mahsa/datasets/grid/test/s30/lbbh8a.mpg,263,279,4.525983810424805,0.9680502973695672
114,1,/home/nabizadz/Projects/Mahsa/datasets/grid/test/s30/lgic3p.mpg,106,122,3.4943649768829346,0.9578222539671915
114,2,/home/nabizadz/Projects/Mahsa/datasets/grid/test/s30/pgah6a.mpg,135,151,3.4036927223205566,0.9797224541188653
114,3,/home/nabizadz/Projects/Mahsa/datasets/grid/test/s30/sbae1p.mpg,136,152,3.515437126159668,0.9762394276531859
114,4,/home/nabizadz/Projects/Mahsa/datasets/grid/test/s30/bbbp8a.mpg,224,240,4.392123699188232,0.9987176401731285
114,5,/home/nabizadz/Projects/Mahsa/datasets/grid/test/s30/lrbvzs.mpg,122,138,3.726738214492798,0.984071670483651
114,6,/home/nabizadz/Projects/Mahsa/datasets/grid/test/s30/pbam1p.mpg,134,150,3.825192451477051,0.9653847165368343
114,7,/home/nabizadz/Projects/Mahsa/datasets/grid/test/s30/bbbdza.mpg,195,211,4.346259593963623,0.9672134979158616
114,8,/home/nabizadz/Projects/Mahsa/datasets/grid/test/s30/lbaa7n.mpg,79,95,2.9027233123779297,0.956194813875037
114,9,/home/nabizadz/Projects/Mahsa/datasets/grid/test/s30/bwwk7n.mpg,61,77,3.7241556644439697,0.9809710407432928
114,10,/home/nabizadz/Projects/Mahsa/datasets/grid/test/s30/bgiyzs.mpg,151,167,3.7884020805358887,0.9657284117930786
114,11,/home/nabizadz/Projects/Mahsa/datasets/grid/test/s30/lgbd1p.mpg,164,180,3.834042549133301,0.9622965234839845
114,12,/home/nabizadz/Projects/Mahsa/datasets/grid/test/s30/brwk3p.mpg,224,240,4.115025997161865,0.9777471528502953
114,13,/home/nabizadz/Projects/Mahsa/datasets/grid/test/s30/bbbj1n.mpg,228,244,4.3288164138793945,0.9377227830016286
114,14,/home/nabizadz/Projects/Mahsa/datasets/grid/test/s30/pgin5p.mpg,167,183,4.055278778076172,0.9827395396242815
114,15,/home/nabizadz/Projects/Mahsa/datasets/grid/test/s30/sbix8s.mpg,209,225,3.78086256980896,0.9699149253104259
115,0,/home/nabizadz/Projects/Mahsa/datasets/grid/test/s30/lrbv2a.mpg,238,254,4.0432610511779785,0.8391893909637764
115,1,/home/nabizadz/Projects/Mahsa/datasets/grid/test/s30/brbd4s.mpg,273,289,4.3783416748046875,0.9538791168075185
115,2,/home/nabizadz/Projects/Mahsa/datasets/grid/test/s30/bbbx1p.mpg,16,32,4.205611228942871,0.9493436346077159
115,3,/home/nabizadz/Projects/Mahsa/datasets/grid/test/s30/lwwp6s.mpg,27,43,4.028757572174072,0.9999855702338123
115,4,/home/nabizadz/Projects/Mahsa/datasets/grid/test/s30/pwwb2s.mpg,56,72,3.2683310508728027,0.9866849241994597
115,5,/home/nabizadz/Projects/Mahsa/datasets/grid/test/s30/pgihzs.mpg,224,240,4.442141532897949,0.9351787541392399
115,6,/home/nabizadz/Projects/Mahsa/datasets/grid/test/s30/lwwx1p.mpg,257,273,4.275303840637207,0.8576573547892629
115,7,/home/nabizadz/Projects/Mahsa/datasets/grid/test/s30/prbn1p.mpg,204,220,4.405185699462891,0.9575385581664069
115,8,/home/nabizadz/Projects/Mahsa/datasets/grid/test/s30/lbia6a.mpg,282,298,4.350645542144775,0.9901149380884008
115,9,/home/nabizadz/Projects/Mahsa/datasets/grid/test/s30/pgaoza.mpg,196,212,4.2901740074157715,0.9792120200161419
115,10,/home/nabizadz/Projects/Mahsa/datasets/grid/test/s30/bbbv9n.mpg,283,299,4.118635654449463,0.9809828046364438
115,11,/home/nabizadz/Projects/Mahsa/datasets/grid/test/s30/swws8s.mpg,15,31,4.38118839263916,0.9999961131539894
115,12,/home/nabizadz/Projects/Mahsa/datasets/grid/test/s30/prwn5p.mpg,51,67,3.0781779289245605,0.9824125043394326
115,13,/home/nabizadz/Projects/Mahsa/datasets/grid/test/s30/brbq4a.mpg,230,246,4.177154064178467,0.855799319212046
115,14,/home/nabizadz/Projects/Mahsa/datasets/grid/test/s30/brax3p.mpg,279,295,4.3378376960754395,0.9760061920452066
115,15,/home/nabizadz/Projects/Mahsa/datasets/grid/test/s30/lrioza.mpg,73,89,3.2004714012145996,0.9645209390358942
116,0,/home/nabizadz/Projects/Mahsa/datasets/grid/test/s30/sbiq4s.mpg,260,276,4.177731513977051,0.9769264150148622
116,1,/home/nabizadz/Projects/Mahsa/datasets/grid/test/s30/prba2s.mpg,281,297,4.434870719909668,0.9917516248627035
116,2,/home/nabizadz/Projects/Mahsa/datasets/grid/test/s30/pris5n.mpg,151,167,3.84087872505188,0.9779311716031883
116,3,/home/nabizadz/Projects/Mahsa/datasets/grid/test/s30/lwwx2a.mpg,276,292,4.4722208976745605,0.9743089727976794
116,4,/home/nabizadz/Projects/Mahsa/datasets/grid/test/s30/lgav7n.mpg,248,264,4.130253791809082,0.9023830352551911
116,5,/home/nabizadz/Projects/Mahsa/datasets/grid/test/s30/brax2s.mpg,96,112,3.366795539855957,0.979281769363363
116,6,/home/nabizadz/Projects/Mahsa/datasets/grid/test/s30/swbl9n.mpg,237,253,4.313319206237793,0.9187114186608658
116,7,/home/nabizadz/Projects/Mahsa/datasets/grid/test/s30/srik8a.mpg,208,224,4.194729328155518,0.8793837831130736
116,8,/home/nabizadz/Projects/Mahsa/datasets/grid/test/s30/lrab5p.mpg,17,33,4.407962322235107,0.9868307955605385
116,9,/home/nabizadz/Projects/Mahsa/datasets/grid/test/s30/lbit7p.mpg,122,138,3.7623493671417236,0.9785214393576684
116,10,/home/nabizadz/Projects/Mahsa/datasets/grid/test/s30/bgwr8s.mpg,14,30,4.4387526512146,0.9964536979308789
116,11,/home/nabizadz/Projects/Mahsa/datasets/grid/test/s30/lbbu3n.mpg,67,83,3.6317038536071777,0.9910776977145754
116,12,/home/nabizadz/Projects/Mahsa/datasets/grid/test/s30/bbbx2a.mpg,41,57,3.342634677886963,0.9794596792407263
116,13,/home/nabizadz/Projects/Mahsa/datasets/grid/test/s30/pris6s.mpg,149,165,3.6007208824157715,0.9848742247260279
116,14,/home/nabizadz/Projects/Mahsa/datasets/grid/test/s30/bwaq4s.mpg,37,53,3.774397850036621,0.9900852814801541
116,15,/home/nabizadz/Projects/Mahsa/datasets/grid/test/s30/lgwd5p.mpg,277,293,4.445358753204346,0.9807260826114902
117,0,/home/nabizadz/Projects/Mahsa/datasets/grid/test/s30/lwai4s.mpg,7,23,4.475890636444092,0.9999954463690712
117,1,/home/nabizadz/Projects/Mahsa/datasets/grid/test/s30/pwwb1n.mpg,60,76,3.5183284282684326,0.9718133592965237
117,2,/home/nabizadz/Projects/Mahsa/datasets/grid/test/s30/pgit9p.mpg,237,253,4.405091762542725,0.9737982587399819
117,3,/home/nabizadz/Projects/Mahsa/datasets/grid/test/s30/lwbp4a.mpg,283,299,4.206902503967285,0.9673400216526755
117,4,/home/nabizadz/Projects/Mahsa/datasets/grid/test/s30/swie7n.mpg,64,80,3.167858600616455,0.9873502105975129
117,5,/home/nabizadz/Projects/Mahsa/datasets/grid/test/s30/prwt9p.mpg,46,62,3.260117292404175,0.9775729074306672
117,6,/home/nabizadz/Projects/Mahsa/datasets/grid/test/s30/brad1p.mpg,71,87,3.2772228717803955,0.9754226451538784
117,7,/home/nabizadz/Projects/Mahsa/datasets/grid/test/s30/pgah5p.mpg,70,86,3.3844802379608154,0.9826413077077131
117,8,/home/nabizadz/Projects/Mahsa/datasets/grid/test/s30/swwg2a.mpg,180,196,3.7621560096740723,0.9832853707608074
117,9,/home/nabizadz/Projects/Mahsa/datasets/grid/test/s30/prag2s.mpg,22,38,4.173162460327148,0.9995081255087125
117,10,/home/nabizadz/Projects/Mahsa/datasets/grid/test/s30/bbbj2s.mpg,42,58,4.0282111167907715,0.9960904494953262
117,11,/home/nabizadz/Projects/Mahsa/datasets/grid/test/s30/sbiyza.mpg,255,271,4.410306930541992,0.9877361417336591
117,12,/home/nabizadz/Projects/Mahsa/datasets/grid/test/s30/swie9p.mpg,68,84,3.8565738201141357,0.9882673500809155
117,13,/home/nabizadz/Projects/Mahsa/datasets/grid/test/s30/pwbn8a.mpg,263,279,4.369025707244873,0.9762533736727035
117,14,/home/nabizadz/Projects/Mahsa/datasets/grid/test/s30/swir7p.mpg,222,238,3.944234609603882,0.9752413567887054
117,15,/home/nabizadz/Projects/Mahsa/datasets/grid/test/s30/pram6s.mpg,215,231,3.523115396499634,0.9809281665560198
118,0,/home/nabizadz/Projects/Mahsa/datasets/grid/test/s30/sbay3p.mpg,57,73,3.4316179752349854,0.981909109306549
118,1,/home/nabizadz/Projects/Mahsa/datasets/grid/test/s30/lrbv1p.mpg,270,286,4.387964248657227,0.9990893034750375
118,2,/home/nabizadz/Projects/Mahsa/datasets/grid/test/s30/lwbv6s.mpg,199,215,3.68513560295105,0.9672687805669054
118,3,/home/nabizadz/Projects/Mahsa/datasets/grid/test/s30/lgiv3n.mpg,192,208,4.228260040283203,0.9389309540290565
118,4,/home/nabizadz/Projects/Mahsa/datasets/grid/test/s30/braj6a.mpg,82,98,3.1651058197021484,0.976600945776788
118,5,/home/nabizadz/Projects/Mahsa/datasets/grid/test/s30/bwax7n.mpg,53,69,3.593855381011963,0.986509016593845
118,6,/home/nabizadz/Projects/Mahsa/datasets/grid/test/s30/lgap4s.mpg,45,61,4.1862030029296875,0.9994020817456358
118,7,/home/nabizadz/Projects/Mahsa/datasets/grid/test/s30/lrau5n.mpg,117,133,3.810499906539917,0.972836834615393
118,8,/home/nabizadz/Projects/Mahsa/datasets/grid/test/s30/srwf4s.mpg,208,224,4.233144283294678,0.9607544557688557
118,9,/home/nabizadz/Projects/Mahsa/datasets/grid/test/s30/lgip2a.mpg,222,238,4.473780632019043,0.9391137978459483
118,10,/home/nabizadz/Projects/Mahsa/datasets/grid/test/s30/bgiq8a.mpg,58,74,3.7728452682495117,0.9782850241031462
118,11,/home/nabizadz/Projects/Mahsa/datasets/grid/test/s30/lwbp2s.mpg,18,34,4.379518985748291,0.9970831223735225
118,12,/home/nabizadz/Projects/Mahsa/datasets/grid/test/s30/srws2s.mpg,24,40,4.2861714363098145,0.9899304035967377
118,13,/home/nabizadz/Projects/Mahsa/datasets/grid/test/s30/prag1n.mpg,195,211,4.396090984344482,0.9395313730655247
118,14,/home/nabizadz/Projects/Mahsa/datasets/grid/test/s30/bbbc7n.mpg,192,208,3.337294816970825,0.9837220769180564
118,15,/home/nabizadz/Projects/Mahsa/datasets/grid/test/s30/pwbu1p.mpg,120,136,3.808706283569336,0.9833288419401671
119,0,/home/nabizadz/Projects/Mahsa/datasets/grid/test/s30/lbig8s.mpg,240,256,4.395150661468506,0.9509750552486207
119,1,/home/nabizadz/Projects/Mahsa/datasets/grid/test/s30/lbig9p.mpg,130,146,3.5469563007354736,0.9747270652048934
119,2,/home/nabizadz/Projects/Mahsa/datasets/grid/test/s30/lbwh9n.mpg,63,79,3.6690783500671387,0.9808208023339224
119,3,/home/nabizadz/Projects/Mahsa/datasets/grid/test/s30/bradzs.mpg,132,148,3.6088602542877197,0.9777992760721006
119,4,/home/nabizadz/Projects/Mahsa/datasets/grid/test/s30/sbwe8s.mpg,93,109,3.5642576217651367,0.95177321983269
119,5,/home/nabizadz/Projects/Mahsa/datasets/grid/test/s30/prbt5p.mpg,8,24,4.377575397491455,0.9849571339983774
119,6,/home/nabizadz/Projects/Mahsa/datasets/grid/test/s30/bbiczs.mpg,82,98,3.4359748363494873,0.9648195457153381
119,7,/home/nabizadz/Projects/Mahsa/datasets/grid/test/s30/lrwc3p.mpg,163,179,3.33317232131958,0.9778567340693683
119,8,/home/nabizadz/Projects/Mahsa/datasets/grid/test/s30/bwix3n.mpg,270,286,4.325790882110596,0.9987724781469858
119,9,/home/nabizadz/Projects/Mahsa/datasets/grid/test/s30/lrwc4a.mpg,141,157,3.6910595893859863,0.9787324309028654
119,10,/home/nabizadz/Projects/Mahsa/datasets/grid/test/s30/sgbaza.mpg,119,135,3.3397092819213867,0.9726315872993113
119,11,/home/nabizadz/Projects/Mahsa/datasets/grid/test/s30/srik5n.mpg,6,22,4.304411888122559,0.9999983111803776
119,12,/home/nabizadz/Projects/Mahsa/datasets/grid/test/s30/swwgzs.mpg,146,162,3.9773998260498047,0.9638209733558949
119,13,/home/nabizadz/Projects/Mahsa/datasets/grid/test/s30/srie4a.mpg,195,211,4.306037425994873,0.9773081005562343
119,14,/home/nabizadz/Projects/Mahsa/datasets/grid/test/s30/lwii2a.mpg,75,91,3.3519253730773926,0.9821681008509205
119,15,/home/nabizadz/Projects/Mahsa/datasets/grid/test/s30/lbah3p.mpg,119,135,3.5425915718078613,0.9770424094366341
120,0,/home/nabizadz/Projects/Mahsa/datasets/grid/test/s30/swbs3n.mpg,178,194,3.505812644958496,0.9693639986230629
120,1,/home/nabizadz/Projects/Mahsa/datasets/grid/test/s30/pbiszs.mpg,248,264,4.26833963394165,0.9998689608124417
120,2,/home/nabizadz/Projects/Mahsa/datasets/grid/test/s30/sgas7p.mpg,49,65,3.2931878566741943,0.9743850692428873
120,3,/home/nabizadz/Projects/Mahsa/datasets/grid/test/s30/swaf3p.mpg,226,242,3.5615711212158203,0.8032038618983115
120,4,/home/nabizadz/Projects/Mahsa/datasets/grid/test/s30/lwio5p.mpg,58,74,3.396097421646118,0.9865257007359277
120,5,/home/nabizadz/Projects/Mahsa/datasets/grid/test/s30/pgbo3p.mpg,282,298,4.420328140258789,0.9937240048856397
120,6,/home/nabizadz/Projects/Mahsa/datasets/grid/test/s30/bgik3p.mpg,125,141,3.734445333480835,0.9751892832968395
120,7,/home/nabizadz/Projects/Mahsa/datasets/grid/test/s30/lbbb3p.mpg,21,37,4.427088260650635,0.9971913164344458
120,8,/home/nabizadz/Projects/Mahsa/datasets/grid/test/s30/sgaz9n.mpg,59,75,3.219752311706543,0.9896630281003045
120,9,/home/nabizadz/Projects/Mahsa/datasets/grid/test/s30/bgak8a.mpg,250,266,4.242603302001953,0.9866099578898977
120,10,/home/nabizadz/Projects/Mahsa/datasets/grid/test/s30/pbif2s.mpg,244,260,4.266870498657227,0.9993582898624319
120,11,/home/nabizadz/Projects/Mahsa/datasets/grid/test/s30/sgaf8s.mpg,199,215,4.231654644012451,0.9533080529121762
120,12,/home/nabizadz/Projects/Mahsa/datasets/grid/test/s30/pbwm8s.mpg,171,187,4.282844066619873,0.9548667537903645
120,13,/home/nabizadz/Projects/Mahsa/datasets/grid/test/s30/pwim7n.mpg,140,156,3.9015254974365234,0.9704944611421729
120,14,/home/nabizadz/Projects/Mahsa/datasets/grid/test/s30/sgwg6s.mpg,66,82,2.999760150909424,0.9687352361385064
120,15,/home/nabizadz/Projects/Mahsa/datasets/grid/test/s30/bbio7n.mpg,274,290,4.121652126312256,0.912541541001221
121,0,/home/nabizadz/Projects/Mahsa/datasets/grid/test/s30/lbwi2a.mpg,141,157,3.58061146736145,0.9665146189966801
121,1,/home/nabizadz/Projects/Mahsa/datasets/grid/test/s30/sgif3n.mpg,47,63,2.946565866470337,0.9827218244110618
121,2,/home/nabizadz/Projects/Mahsa/datasets/grid/test/s30/srbz2s.mpg,232,248,4.093998432159424,0.9787960982171605
121,3,/home/nabizadz/Projects/Mahsa/datasets/grid/test/s30/pbis2a.mpg,129,145,3.3613929748535156,0.9621161698951403
121,4,/home/nabizadz/Projects/Mahsa/datasets/grid/test/s30/lwwv9n.mpg,247,263,4.245371341705322,0.9982777478076436
121,5,/home/nabizadz/Projects/Mahsa/datasets/grid/test/s30/bwbe1p.mpg,144,160,3.131361246109009,0.951656844077943
121,6,/home/nabizadz/Projects/Mahsa/datasets/grid/test/s30/lgbx2s.mpg,170,186,3.2145907878875732,0.970507287328065
121,7,/home/nabizadz/Projects/Mahsa/datasets/grid/test/s30/bgwl3n.mpg,124,140,3.926462411880493,0.9933419819593035
121,8,/home/nabizadz/Projects/Mahsa/datasets/grid/test/s30/bbiv4a.mpg,169,185,3.7479820251464844,0.9670350813939063
121,9,/home/nabizadz/Projects/Mahsa/datasets/grid/test/s30/sbak5p.mpg,245,261,3.90042781829834,0.9884440284450987
121,10,/home/nabizadz/Projects/Mahsa/datasets/grid/test/s30/swaf1n.mpg,172,188,3.9537606239318848,0.9783302923396178
121,11,/home/nabizadz/Projects/Mahsa/datasets/grid/test/s30/bgbe6s.mpg,141,157,2.871218204498291,0.9728448112581972
121,12,/home/nabizadz/Projects/Mahsa/datasets/grid/test/s30/sray8s.mpg,210,226,4.37891960144043,0.9352530049834296
121,13,/home/nabizadz/Projects/Mahsa/datasets/grid/test/s30/pwbh3p.mpg,43,59,4.458353042602539,0.9938512429168737
121,14,/home/nabizadz/Projects/Mahsa/datasets/grid/test/s30/pgiuza.mpg,52,68,3.7572360038757324,0.988915021136428
121,15,/home/nabizadz/Projects/Mahsa/datasets/grid/test/s30/pgbo4a.mpg,272,288,4.560096263885498,0.9917813159440335
122,0,/home/nabizadz/Projects/Mahsa/datasets/grid/test/s30/srbl3n.mpg,147,163,3.1745691299438477,0.9497445027111643
122,1,/home/nabizadz/Projects/Mahsa/datasets/grid/test/s30/swbm1p.mpg,1,17,4.52247428894043,0.9999999508578714
122,2,/home/nabizadz/Projects/Mahsa/datasets/grid/test/s30/bgae1n.mpg,187,203,3.657601833343506,0.977763810400484
122,3,/home/nabizadz/Projects/Mahsa/datasets/grid/test/s30/brixza.mpg,284,300,4.403343200683594,0.999475712976571
122,4,/home/nabizadz/Projects/Mahsa/datasets/grid/test/s30/brbx6s.mpg,194,210,4.313571929931641,0.9635171416211782
122,5,/home/nabizadz/Projects/Mahsa/datasets/grid/test/s30/swbz9p.mpg,50,66,3.603088617324829,0.9861259252123157
122,6,/home/nabizadz/Projects/Mahsa/datasets/grid/test/s30/swie8s.mpg,168,184,2.618361234664917,0.9489934125610573
122,7,/home/nabizadz/Projects/Mahsa/datasets/grid/test/s30/sgaf9p.mpg,32,48,4.07962703704834,0.999974653580818
122,8,/home/nabizadz/Projects/Mahsa/datasets/grid/test/s30/pwbh4a.mpg,259,275,4.399477481842041,0.9757567025135513
122,9,/home/nabizadz/Projects/Mahsa/datasets/grid/test/s30/lbia4s.mpg,258,274,4.2896952629089355,0.9978355642105619
122,10,/home/nabizadz/Projects/Mahsa/datasets/grid/test/s30/bwaq5p.mpg,264,280,4.366116523742676,0.9769396099488894
122,11,/home/nabizadz/Projects/Mahsa/datasets/grid/test/s30/lwbv8a.mpg,116,132,4.074398517608643,0.9807932109051172
122,12,/home/nabizadz/Projects/Mahsa/datasets/grid/test/s30/lwbjza.mpg,280,296,4.163505554199219,0.997757410839529
122,13,/home/nabizadz/Projects/Mahsa/datasets/grid/test/s30/pbbg2a.mpg,77,93,2.7335448265075684,0.9709961518652585
122,14,/home/nabizadz/Projects/Mahsa/datasets/grid/test/s30/pgbu5n.mpg,44,60,3.1448545455932617,0.9639006854161151
122,15,/home/nabizadz/Projects/Mahsa/datasets/grid/test/s30/lbbozs.mpg,281,297,4.454034328460693,0.9999955254397974
123,0,/home/nabizadz/Projects/Mahsa/datasets/grid/test/s30/prbg7p.mpg,137,153,3.4379029273986816,0.9800065295055218
123,1,/home/nabizadz/Projects/Mahsa/datasets/grid/test/s30/lwwc8s.mpg,131,147,3.2193148136138916,0.9469592745722988
123,2,/home/nabizadz/Projects/Mahsa/datasets/grid/test/s30/pwat5n.mpg,251,267,4.2525739669799805,0.9999989243982126
123,3,/home/nabizadz/Projects/Mahsa/datasets/grid/test/s30/srie3p.mpg,14,30,4.406897068023682,0.9843229462376261
123,4,/home/nabizadz/Projects/Mahsa/datasets/grid/test/s30/sgwa2s.mpg,161,177,3.91308331489563,0.979599236797403
123,5,/home/nabizadz/Projects/Mahsa/datasets/grid/test/s30/briv7n.mpg,72,88,3.489915370941162,0.9717983040875369
123,6,/home/nabizadz/Projects/Mahsa/datasets/grid/test/s30/lbin1n.mpg,251,267,4.327885150909424,0.906502251737273
123,7,/home/nabizadz/Projects/Mahsa/datasets/grid/test/s30/pbbg1p.mpg,214,230,4.295344829559326,0.9973464998475667
123,8,/home/nabizadz/Projects/Mahsa/datasets/grid/test/s30/bbwj8a.mpg,270,286,4.321761608123779,0.9995044879423308
123,9,/home/nabizadz/Projects/Mahsa/datasets/grid/test/s30/bgak7p.mpg,207,223,3.890331983566284,0.9512349581344041
123,10,/home/nabizadz/Projects/Mahsa/datasets/grid/test/s30/srwz6s.mpg,56,72,3.041698932647705,0.972356853413247
123,11,/home/nabizadz/Projects/Mahsa/datasets/grid/test/s30/sbby6s.mpg,103,119,3.2305688858032227,0.9767948625355324
123,12,/home/nabizadz/Projects/Mahsa/datasets/grid/test/s30/lbbu6a.mpg,56,72,4.206389904022217,0.956141321197992
123,13,/home/nabizadz/Projects/Mahsa/datasets/grid/test/s30/pram5n.mpg,6,22,4.160931587219238,0.948077096867775
123,14,/home/nabizadz/Projects/Mahsa/datasets/grid/test/s30/brip5p.mpg,101,117,3.4739487171173096,0.9434290005573716
123,15,/home/nabizadz/Projects/Mahsa/datasets/grid/test/s30/srwz7p.mpg,164,180,3.161705493927002,0.9710752128351122
124,0,/home/nabizadz/Projects/Mahsa/datasets/grid/test/s30/swbs5p.mpg,40,56,3.925726890563965,0.9986432002124712
124,1,/home/nabizadz/Projects/Mahsa/datasets/grid/test/s30/lwbp1n.mpg,259,275,4.330252170562744,0.9898386233053289
124,2,/home/nabizadz/Projects/Mahsa/datasets/grid/test/s30/pgbb6a.mpg,105,121,3.36177659034729,0.9786053610266618
124,3,/home/nabizadz/Projects/Mahsa/datasets/grid/test/s30/prwuza.mpg,45,61,3.65101957321167,0.9917638145700558
124,4,/home/nabizadz/Projects/Mahsa/datasets/grid/test/s30/lrab3n.mpg,44,60,3.9221794605255127,0.9844919100160938
124,5,/home/nabizadz/Projects/Mahsa/datasets/grid/test/s30/swwm6a.mpg,158,174,3.524996519088745,0.9876547861876478
124,6,/home/nabizadz/Projects/Mahsa/datasets/grid/test/s30/bgay5p.mpg,190,206,3.9052460193634033,0.9878343567332287
124,7,/home/nabizadz/Projects/Mahsa/datasets/grid/test/s30/sbik2a.mpg,17,33,3.516759157180786,0.9929196543515039
124,8,/home/nabizadz/Projects/Mahsa/datasets/grid/test/s30/pwwh8a.mpg,221,237,4.083822727203369,0.999373807319196
124,9,/home/nabizadz/Projects/Mahsa/datasets/grid/test/s30/prwh1p.mpg,39,55,3.7164695262908936,0.9820057745151213
124,10,/home/nabizadz/Projects/Mahsa/datasets/grid/test/s30/bwbrza.mpg,153,169,3.4362151622772217,0.977667142788014
124,11,/home/nabizadz/Projects/Mahsa/datasets/grid/test/s30/swbz7n.mpg,113,129,3.9278063774108887,0.992775880476924
124,12,/home/nabizadz/Projects/Mahsa/datasets/grid/test/s30/lwwj4a.mpg,257,273,4.3265886306762695,0.9390168294952815
124,13,/home/nabizadz/Projects/Mahsa/datasets/grid/test/s30/bbwx4s.mpg,212,228,4.3360700607299805,0.9630472604602593
124,14,/home/nabizadz/Projects/Mahsa/datasets/grid/test/s30/brbd5p.mpg,116,132,3.554565191268921,0.9954298566266186
124,15,/home/nabizadz/Projects/Mahsa/datasets/grid/test/s30/lwio6a.mpg,153,169,3.984778881072998,0.9894901955412253
125,0,/home/nabizadz/Projects/Mahsa/datasets/grid/test/s34/lbia2a.mpg,227,243,4.329872131347656,0.9703117073969707
125,1,/home/nabizadz/Projects/Mahsa/datasets/grid/test/s34/bbio5p.mpg,92,108,3.9933221340179443,0.9829596942875396
125,2,/home/nabizadz/Projects/Mahsa/datasets/grid/test/s34/pgaa8a.mpg,228,244,3.99242901802063,0.9852872149867349
125,3,/home/nabizadz/Projects/Mahsa/datasets/grid/test/s34/lrau3p.mpg,7,23,4.4570512771606445,0.9999926232447122
125,4,/home/nabizadz/Projects/Mahsa/datasets/grid/test/s34/brbx1n.mpg,95,111,2.73995304107666,0.9922384102410166
125,5,/home/nabizadz/Projects/Mahsa/datasets/grid/test/s34/lgwp7n.mpg,148,164,3.3137383460998535,0.9798381341620097
125,6,/home/nabizadz/Projects/Mahsa/datasets/grid/test/s34/bgby6a.mpg,280,296,4.408145427703857,0.9994683497060699
125,7,/home/nabizadz/Projects/Mahsa/datasets/grid/test/s34/lrit7n.mpg,168,184,2.907640218734741,0.9515002481977053
125,8,/home/nabizadz/Projects/Mahsa/datasets/grid/test/s34/srbe5n.mpg,78,94,3.6832520961761475,0.9899058677929127
125,9,/home/nabizadz/Projects/Mahsa/datasets/grid/test/s34/swik8s.mpg,0,16,4.422122478485107,0.9968224131675052
125,10,/home/nabizadz/Projects/Mahsa/datasets/grid/test/s34/sbak2a.mpg,87,103,2.795708179473877,0.9773685493236276
125,11,/home/nabizadz/Projects/Mahsa/datasets/grid/test/s34/brii5n.mpg,190,206,3.850141763687134,0.957012625398367
125,12,/home/nabizadz/Projects/Mahsa/datasets/grid/test/s34/lrbu5n.mpg,105,121,3.798055648803711,0.9821102807000183
125,13,/home/nabizadz/Projects/Mahsa/datasets/grid/test/s34/lwiu4s.mpg,81,97,3.618210792541504,0.9856254663562087
125,14,/home/nabizadz/Projects/Mahsa/datasets/grid/test/s34/bgid6a.mpg,76,92,3.8842785358428955,0.9742693849578813
125,15,/home/nabizadz/Projects/Mahsa/datasets/grid/test/s34/lbwb2s.mpg,33,49,4.169051647186279,0.9953675732062642
126,0,/home/nabizadz/Projects/Mahsa/datasets/grid/test/s34/sray5p.mpg,201,217,2.41555118560791,0.9955140690096033
126,1,/home/nabizadz/Projects/Mahsa/datasets/grid/test/s34/pgah2a.mpg,212,228,3.6303818225860596,0.9714870677126493
126,2,/home/nabizadz/Projects/Mahsa/datasets/grid/test/s34/bgwr6a.mpg,277,293,4.411078929901123,0.9751870266050843
126,3,/home/nabizadz/Projects/Mahsa/datasets/grid/test/s34/prwg6s.mpg,21,37,4.336989402770996,0.9992553320147739
126,4,/home/nabizadz/Projects/Mahsa/datasets/grid/test/s34/srbzza.mpg,150,166,3.8801608085632324,0.9905609493822436
126,5,/home/nabizadz/Projects/Mahsa/datasets/grid/test/s34/bwip8a.mpg,86,102,3.3108580112457275,0.9666281774473161
126,6,/home/nabizadz/Projects/Mahsa/datasets/grid/test/s34/sbbk4s.mpg,25,41,3.863339900970459,0.9994289472386371
126,7,/home/nabizadz/Projects/Mahsa/datasets/grid/test/s34/lwbi5p.mpg,239,255,3.931882858276367,0.9759633686374302
126,8,/home/nabizadz/Projects/Mahsa/datasets/grid/test/s34/pbbz7n.mpg,132,148,3.121309995651245,0.9568031471928548
126,9,/home/nabizadz/Projects/Mahsa/datasets/grid/test/s34/pgan5p.mpg,115,131,3.345470666885376,0.9864205926334838
126,10,/home/nabizadz/Projects/Mahsa/datasets/grid/test/s34/swiy6s.mpg,236,252,3.4340593814849854,0.9269146989591085
126,11,/home/nabizadz/Projects/Mahsa/datasets/grid/test/s34/bgiq2s.mpg,17,33,4.390357971191406,0.987005525528339
126,12,/home/nabizadz/Projects/Mahsa/datasets/grid/test/s34/sbbezs.mpg,156,172,4.032523155212402,0.9852501423572525
126,13,/home/nabizadz/Projects/Mahsa/datasets/grid/test/s34/sbbq7n.mpg,270,286,4.317600727081299,0.9998438489597533
126,14,/home/nabizadz/Projects/Mahsa/datasets/grid/test/s34/bwwy2s.mpg,195,211,3.6533703804016113,0.9681664269271608
126,15,/home/nabizadz/Projects/Mahsa/datasets/grid/test/s34/lgav5p.mpg,219,235,2.858646869659424,0.9754964238642462
127,0,/home/nabizadz/Projects/Mahsa/datasets/grid/test/s34/pwbt8a.mpg,204,220,3.8969552516937256,0.9817186443790594
127,1,/home/nabizadz/Projects/Mahsa/datasets/grid/test/s34/sgisza.mpg,145,161,3.420548677444458,0.973221750435778
127,2,/home/nabizadz/Projects/Mahsa/datasets/grid/test/s34/swwz9p.mpg,58,74,2.874256134033203,0.962301059990354
127,3,/home/nabizadz/Projects/Mahsa/datasets/grid/test/s34/lgwp8s.mpg,69,85,2.593266248703003,0.9601758117588562
127,4,/home/nabizadz/Projects/Mahsa/datasets/grid/test/s34/lgbp6a.mpg,270,286,4.3848724365234375,0.9865142894533213
127,5,/home/nabizadz/Projects/Mahsa/datasets/grid/test/s34/braxza.mpg,50,66,2.999145746231079,0.9705633858756447
127,6,/home/nabizadz/Projects/Mahsa/datasets/grid/test/s34/lwai1p.mpg,216,232,3.55279278755188,0.9650352319608726
127,7,/home/nabizadz/Projects/Mahsa/datasets/grid/test/s34/pbbm2a.mpg,146,162,2.8762247562408447,0.9617844387232689
127,8,/home/nabizadz/Projects/Mahsa/datasets/grid/test/s34/priz6s.mpg,84,100,3.920631170272827,0.9861230265499583
127,9,/home/nabizadz/Projects/Mahsa/datasets/grid/test/s34/pwbn4a.mpg,243,259,3.9993972778320312,0.9685351233393544
127,10,/home/nabizadz/Projects/Mahsa/datasets/grid/test/s34/sgwg2s.mpg,107,123,2.4790709018707275,0.9643132040278264
127,11,/home/nabizadz/Projects/Mahsa/datasets/grid/test/s34/bbav2s.mpg,218,234,3.4725289344787598,0.9411955429601664
127,12,/home/nabizadz/Projects/Mahsa/datasets/grid/test/s34/lgbjzs.mpg,92,108,3.932724952697754,0.9927459167552184
127,13,/home/nabizadz/Projects/Mahsa/datasets/grid/test/s34/brajzs.mpg,48,64,2.9256439208984375,0.9684550206190766
127,14,/home/nabizadz/Projects/Mahsa/datasets/grid/test/s34/bwwy4a.mpg,177,193,3.8743629455566406,0.9834679298299138
127,15,/home/nabizadz/Projects/Mahsa/datasets/grid/test/s34/pbws9p.mpg,171,187,3.4086623191833496,0.9560635182648671
128,0,/home/nabizadz/Projects/Mahsa/datasets/grid/test/s34/bgbk5n.mpg,162,178,2.815483331680298,0.9296869155966092
128,1,/home/nabizadz/Projects/Mahsa/datasets/grid/test/s34/bwip5n.mpg,145,161,3.074688673019409,0.9596970449317562
128,2,/home/nabizadz/Projects/Mahsa/datasets/grid/test/s34/bwbkzs.mpg,145,161,3.0761983394622803,0.9613987683038475
128,3,/home/nabizadz/Projects/Mahsa/datasets/grid/test/s34/lbwb1n.mpg,38,54,3.5133066177368164,0.9897817033220251
128,4,/home/nabizadz/Projects/Mahsa/datasets/grid/test/s34/pgbu4a.mpg,278,294,4.37394905090332,0.9993073593937194
128,5,/home/nabizadz/Projects/Mahsa/datasets/grid/test/s34/pgbh4s.mpg,90,106,2.449347496032715,0.9693676756855536
128,6,/home/nabizadz/Projects/Mahsa/datasets/grid/test/s34/lbag9p.mpg,233,249,3.984868288040161,0.9735712788062342
128,7,/home/nabizadz/Projects/Mahsa/datasets/grid/test/s34/bbii1p.mpg,124,140,3.553666114807129,0.9842453514409762
128,8,/home/nabizadz/Projects/Mahsa/datasets/grid/test/s34/pbiz2a.mpg,65,81,3.152590036392212,0.9777146069025358
128,9,/home/nabizadz/Projects/Mahsa/datasets/grid/test/s34/bgiq4a.mpg,13,29,4.314993858337402,0.9999628386712192
128,10,/home/nabizadz/Projects/Mahsa/datasets/grid/test/s34/lgwx3p.mpg,142,158,3.953463554382324,0.9900085171687959
128,11,/home/nabizadz/Projects/Mahsa/datasets/grid/test/s34/bwidza.mpg,101,117,3.379835844039917,0.9813824656977946
128,12,/home/nabizadz/Projects/Mahsa/datasets/grid/test/s34/pbaz6a.mpg,159,175,3.5723447799682617,0.985741282595205
128,13,/home/nabizadz/Projects/Mahsa/datasets/grid/test/s34/bwbd6s.mpg,223,239,4.070940971374512,0.9732514023000262
128,14,/home/nabizadz/Projects/Mahsa/datasets/grid/test/s34/pwig1p.mpg,254,270,4.441215991973877,0.9974739435869493
128,15,/home/nabizadz/Projects/Mahsa/datasets/grid/test/s34/lwao4s.mpg,16,32,4.376155376434326,0.999998068725383
129,0,/home/nabizadz/Projects/Mahsa/datasets/grid/test/s34/swwmzs.mpg,156,172,3.8361828327178955,0.9653910379804495
129,1,/home/nabizadz/Projects/Mahsa/datasets/grid/test/s34/bwwq9p.mpg,103,119,3.242812156677246,0.9783242853629515
129,2,/home/nabizadz/Projects/Mahsa/datasets/grid/test/s34/pril8s.mpg,104,120,3.2269513607025146,0.9825354147064082
129,3,/home/nabizadz/Projects/Mahsa/datasets/grid/test/s34/bgbr2a.mpg,237,253,3.9424867630004883,0.9893893194383553
129,4,/home/nabizadz/Projects/Mahsa/datasets/grid/test/s34/bwad4a.mpg,183,199,3.3404502868652344,0.9789789988863364
129,5,/home/nabizadz/Projects/Mahsa/datasets/grid/test/s34/pwaazs.mpg,211,227,3.353410005569458,0.9440827078162654
129,6,/home/nabizadz/Projects/Mahsa/datasets/grid/test/s34/sgas3p.mpg,144,160,2.3258056640625,0.9745415106598441
129,7,/home/nabizadz/Projects/Mahsa/datasets/grid/test/s34/sgwg4a.mpg,136,152,2.9537672996520996,0.9739486876795577
129,8,/home/nabizadz/Projects/Mahsa/datasets/grid/test/s34/sriq7p.mpg,165,181,3.045452833175659,0.9787320307429607
129,9,/home/nabizadz/Projects/Mahsa/datasets/grid/test/s34/pwwh4a.mpg,43,59,2.1462626457214355,0.9648969971975572
129,10,/home/nabizadz/Projects/Mahsa/datasets/grid/test/s34/bwwezs.mpg,13,29,4.320244789123535,0.985769082292699
129,11,/home/nabizadz/Projects/Mahsa/datasets/grid/test/s34/pwba5p.mpg,231,247,4.089919567108154,0.9771498510899416
129,12,/home/nabizadz/Projects/Mahsa/datasets/grid/test/s34/sbad5n.mpg,86,102,2.2895991802215576,0.9878383931923808
129,13,/home/nabizadz/Projects/Mahsa/datasets/grid/test/s34/brbj3n.mpg,3,19,4.420534133911133,0.9882803749299479
129,14,/home/nabizadz/Projects/Mahsa/datasets/grid/test/s34/lwio1p.mpg,254,270,4.039382457733154,0.9865552831749085
129,15,/home/nabizadz/Projects/Mahsa/datasets/grid/test/s34/sray4s.mpg,131,147,3.468651056289673,0.96758603732955
130,0,/home/nabizadz/Projects/Mahsa/datasets/grid/test/s34/pgaa6s.mpg,17,33,4.458431720733643,0.9999902512359997
130,1,/home/nabizadz/Projects/Mahsa/datasets/grid/test/s34/lgio7p.mpg,260,276,4.340819358825684,0.9888031960345413
130,2,/home/nabizadz/Projects/Mahsa/datasets/grid/test/s34/lbba7n.mpg,41,57,4.293696403503418,0.9738620515089448
130,3,/home/nabizadz/Projects/Mahsa/datasets/grid/test/s34/bgbe3p.mpg,151,167,3.833446741104126,0.9828377566738478
130,4,/home/nabizadz/Projects/Mahsa/datasets/grid/test/s34/sgas2s.mpg,42,58,3.4205141067504883,0.9607856678796999
130,5,/home/nabizadz/Projects/Mahsa/datasets/grid/test/s34/sbwk9p.mpg,34,50,4.344705104827881,0.9891042386196007
130,6,/home/nabizadz/Projects/Mahsa/datasets/grid/test/s34/brip2a.mpg,104,120,3.4132750034332275,0.9769399522120781
130,7,/home/nabizadz/Projects/Mahsa/datasets/grid/test/s34/srwl6a.mpg,157,173,3.542875051498413,0.9934385917771618
130,8,/home/nabizadz/Projects/Mahsa/datasets/grid/test/s34/sbwy5n.mpg,90,106,3.437252998352051,0.9826296460304997
130,9,/home/nabizadz/Projects/Mahsa/datasets/grid/test/s34/brwj8s.mpg,70,86,3.2512712478637695,0.9850360700972627
130,10,/home/nabizadz/Projects/Mahsa/datasets/grid/test/s34/bbac2a.mpg,129,145,3.1688990592956543,0.9390728781163595
130,11,/home/nabizadz/Projects/Mahsa/datasets/grid/test/s34/swik7n.mpg,99,115,2.9499258995056152,0.9725883329875016
130,12,/home/nabizadz/Projects/Mahsa/datasets/grid/test/s34/lwwc6a.mpg,90,106,3.5960962772369385,0.9912269905027042
130,13,/home/nabizadz/Projects/Mahsa/datasets/grid/test/s34/swal1n.mpg,142,158,2.5530848503112793,0.9568400280562491
130,14,/home/nabizadz/Projects/Mahsa/datasets/grid/test/s34/bbbp4a.mpg,237,253,3.8909964561462402,0.9880259272739764
130,15,/home/nabizadz/Projects/Mahsa/datasets/grid/test/s34/sgas1n.mpg,98,114,3.478632926940918,0.9682707933007868
131,0,/home/nabizadz/Projects/Mahsa/datasets/grid/test/s34/bgaq5n.mpg,94,110,3.1081809997558594,0.9641994518719594
131,1,/home/nabizadz/Projects/Mahsa/datasets/grid/test/s34/brwx6s.mpg,146,162,3.9357547760009766,0.989088391444227
131,2,/home/nabizadz/Projects/Mahsa/datasets/grid/test/s34/sgws9n.mpg,6,22,4.350101470947266,0.9999945432066343
131,3,/home/nabizadz/Projects/Mahsa/datasets/grid/test/s34/sgbs6s.mpg,146,162,3.2551112174987793,0.9776066840991168
131,4,/home/nabizadz/Projects/Mahsa/datasets/grid/test/s34/brwkza.mpg,234,250,4.140270233154297,0.9879982308198644
131,5,/home/nabizadz/Projects/Mahsa/datasets/grid/test/s34/brai9n.mpg,104,120,3.4875242710113525,0.9854170223282263
131,6,/home/nabizadz/Projects/Mahsa/datasets/grid/test/s34/pwam8s.mpg,217,233,3.6468374729156494,0.9525161871157826
131,7,/home/nabizadz/Projects/Mahsa/datasets/grid/test/s34/pwim4s.mpg,205,221,3.5358424186706543,0.9697631312500118
131,8,/home/nabizadz/Projects/Mahsa/datasets/grid/test/s34/sbbrza.mpg,55,71,3.7367734909057617,0.9770665321575842
131,9,/home/nabizadz/Projects/Mahsa/datasets/grid/test/s34/swal2s.mpg,256,272,4.483381748199463,0.9965136566775376
131,10,/home/nabizadz/Projects/Mahsa/datasets/grid/test/s34/bbbv7p.mpg,77,93,3.06084942817688,0.9695939586150889
131,11,/home/nabizadz/Projects/Mahsa/datasets/grid/test/s34/lriuza.mpg,157,173,3.5703155994415283,0.9694047496544168
131,12,/home/nabizadz/Projects/Mahsa/datasets/grid/test/s34/pwbn1n.mpg,17,33,4.47907018661499,0.998759189895732
131,13,/home/nabizadz/Projects/Mahsa/datasets/grid/test/s34/sbiq2a.mpg,159,175,2.941232681274414,0.9289437203020035
131,14,/home/nabizadz/Projects/Mahsa/datasets/grid/test/s34/sgwtzs.mpg,137,153,3.3363990783691406,0.9384323546045782
131,15,/home/nabizadz/Projects/Mahsa/datasets/grid/test/s34/pwwh2s.mpg,231,247,3.9224853515625,0.9790206439363375
132,0,/home/nabizadz/Projects/Mahsa/datasets/grid/test/s34/priz8a.mpg,136,152,3.8540432453155518,0.9791260983822877
132,1,/home/nabizadz/Projects/Mahsa/datasets/grid/test/s34/srwe9n.mpg,270,286,4.380884647369385,0.999998949677221
132,2,/home/nabizadz/Projects/Mahsa/datasets/grid/test/s34/lgwc9n.mpg,37,53,4.097274303436279,0.9904491261064022
132,3,/home/nabizadz/Projects/Mahsa/datasets/grid/test/s34/lbat5n.mpg,121,137,4.0831685066223145,0.9890655389469636
132,4,/home/nabizadz/Projects/Mahsa/datasets/grid/test/s34/lgwd1p.mpg,198,214,3.993563652038574,0.9735872897539096
132,5,/home/nabizadz/Projects/Mahsa/datasets/grid/test/s34/bwic9p.mpg,27,43,4.279293537139893,0.9999656273575819
132,6,/home/nabizadz/Projects/Mahsa/datasets/grid/test/s34/srwf2a.mpg,235,251,4.3567986488342285,0.9986756350527414
132,7,/home/nabizadz/Projects/Mahsa/datasets/grid/test/s34/brac8a.mpg,190,206,3.632213592529297,0.9872099672490088
132,8,/home/nabizadz/Projects/Mahsa/datasets/grid/test/s34/sbix6a.mpg,99,115,3.5102357864379883,0.9820758531134363
132,9,/home/nabizadz/Projects/Mahsa/datasets/grid/test/s34/lgbj1p.mpg,39,55,4.371790885925293,0.9881445065154694
132,10,/home/nabizadz/Projects/Mahsa/datasets/grid/test/s34/lgbi9n.mpg,259,275,4.320847511291504,0.9969232065221618
132,11,/home/nabizadz/Projects/Mahsa/datasets/grid/test/s34/sgamza.mpg,32,48,4.251990795135498,0.9953925818093882
132,12,/home/nabizadz/Projects/Mahsa/datasets/grid/test/s34/pgah1p.mpg,58,74,3.0921084880828857,0.9727093668175616
132,13,/home/nabizadz/Projects/Mahsa/datasets/grid/test/s34/lria6s.mpg,39,55,4.345112323760986,0.9760024934875913
132,14,/home/nabizadz/Projects/Mahsa/datasets/grid/test/s34/bwwk6a.mpg,199,215,3.776796579360962,0.9820834796801391
132,15,/home/nabizadz/Projects/Mahsa/datasets/grid/test/s34/lrihzs.mpg,217,233,3.6391305923461914,0.9726693646765867
133,0,/home/nabizadz/Projects/Mahsa/datasets/grid/test/s34/brii6s.mpg,133,149,2.917424440383911,0.972063466834769
133,1,/home/nabizadz/Projects/Mahsa/datasets/grid/test/s34/sgaf3n.mpg,81,97,3.7638957500457764,0.9790411144011947
133,2,/home/nabizadz/Projects/Mahsa/datasets/grid/test/s34/srik4a.mpg,167,183,3.071438789367676,0.9429045928283842
133,3,/home/nabizadz/Projects/Mahsa/datasets/grid/test/s34/sbij5n.mpg,198,214,3.5376598834991455,0.9492913981391714
133,4,/home/nabizadz/Projects/Mahsa/datasets/grid/test/s34/bwbk2a.mpg,209,225,3.3432509899139404,0.9686496727704543
133,5,/home/nabizadz/Projects/Mahsa/datasets/grid/test/s34/pwbhza.mpg,210,226,3.8655238151550293,0.9855065592012977
133,6,/home/nabizadz/Projects/Mahsa/datasets/grid/test/s34/bbao9p.mpg,24,40,4.4377522468566895,0.9760347333495933
133,7,/home/nabizadz/Projects/Mahsa/datasets/grid/test/s34/sriq5n.mpg,192,208,3.885248899459839,0.9414395100982497
133,8,/home/nabizadz/Projects/Mahsa/datasets/grid/test/s34/pbaf3p.mpg,36,52,3.0831594467163086,0.9633568885520569
133,9,/home/nabizadz/Projects/Mahsa/datasets/grid/test/s34/bbbc4s.mpg,208,224,3.5040342807769775,0.9853462336603095
133,10,/home/nabizadz/Projects/Mahsa/datasets/grid/test/s34/lrah3n.mpg,112,128,3.616255760192871,0.9656621170955496
133,11,/home/nabizadz/Projects/Mahsa/datasets/grid/test/s34/sgaz5n.mpg,282,298,4.1371331214904785,0.9608505744709095
133,12,/home/nabizadz/Projects/Mahsa/datasets/grid/test/s34/pbaz5p.mpg,271,287,4.195082187652588,0.9929843257032975
133,13,/home/nabizadz/Projects/Mahsa/datasets/grid/test/s34/lrabzs.mpg,279,295,4.271090984344482,0.999244901232967
133,14,/home/nabizadz/Projects/Mahsa/datasets/grid/test/s34/bwij3p.mpg,195,211,2.5627880096435547,0.9852033223431164
133,15,/home/nabizadz/Projects/Mahsa/datasets/grid/test/s34/bbav1n.mpg,272,288,4.317266941070557,0.999850402572939
134,0,/home/nabizadz/Projects/Mahsa/datasets/grid/test/s34/pwbt7p.mpg,232,248,3.701951265335083,0.9755094247562354
134,1,/home/nabizadz/Projects/Mahsa/datasets/grid/test/s34/bbib6s.mpg,108,124,3.3212099075317383,0.953536260940094
134,2,/home/nabizadz/Projects/Mahsa/datasets/grid/test/s34/pbil4a.mpg,195,211,3.814239263534546,0.9763599219822975
134,3,/home/nabizadz/Projects/Mahsa/datasets/grid/test/s34/bwaj8a.mpg,100,116,3.72573184967041,0.9911977782774939
134,4,/home/nabizadz/Projects/Mahsa/datasets/grid/test/s34/sbip9n.mpg,221,237,3.5481152534484863,0.9621722491562857
134,5,/home/nabizadz/Projects/Mahsa/datasets/grid/test/s34/bwad3p.mpg,281,297,4.320929050445557,0.9999999807903246
134,6,/home/nabizadz/Projects/Mahsa/datasets/grid/test/s34/lwih8a.mpg,63,79,3.363680839538574,0.9872116831213299
134,7,/home/nabizadz/Projects/Mahsa/datasets/grid/test/s34/pbwtza.mpg,77,93,2.3755745887756348,0.9724888589076364
134,8,/home/nabizadz/Projects/Mahsa/datasets/grid/test/s34/pwwbza.mpg,74,90,3.7385895252227783,0.9886410745502924
134,9,/home/nabizadz/Projects/Mahsa/datasets/grid/test/s34/pwam7n.mpg,55,71,2.198747158050537,0.94964989699792
134,10,/home/nabizadz/Projects/Mahsa/datasets/grid/test/s34/pwam9p.mpg,104,120,2.9442856311798096,0.9758084315435865
134,11,/home/nabizadz/Projects/Mahsa/datasets/grid/test/s34/bwbd5n.mpg,220,236,3.682925224304199,0.931768352027418
134,12,/home/nabizadz/Projects/Mahsa/datasets/grid/test/s34/srbe6s.mpg,86,102,3.5405571460723877,0.9833927226361853
134,13,/home/nabizadz/Projects/Mahsa/datasets/grid/test/s34/bwic8s.mpg,64,80,3.699007511138916,0.9718235872303672
134,14,/home/nabizadz/Projects/Mahsa/datasets/grid/test/s34/sbaq3n.mpg,6,22,4.419828414916992,0.999759783368808
134,15,/home/nabizadz/Projects/Mahsa/datasets/grid/test/s34/lbag8s.mpg,143,159,2.97868013381958,0.9584183652649505
135,0,/home/nabizadz/Projects/Mahsa/datasets/grid/test/s34/swaz2a.mpg,269,285,4.184215068817139,0.9989000134852974
135,1,/home/nabizadz/Projects/Mahsa/datasets/grid/test/s34/sbax8s.mpg,211,227,4.253422737121582,0.9996761963163885
135,2,/home/nabizadz/Projects/Mahsa/datasets/grid/test/s34/pginzs.mpg,175,191,3.787794351577759,0.982137730964501
135,3,/home/nabizadz/Projects/Mahsa/datasets/grid/test/s34/prbt2a.mpg,268,284,4.3306355476379395,0.9999976190760328
135,4,/home/nabizadz/Projects/Mahsa/datasets/grid/test/s34/brii8a.mpg,165,181,3.57472825050354,0.9917271322140103
135,5,/home/nabizadz/Projects/Mahsa/datasets/grid/test/s34/bwip7p.mpg,115,131,3.121068000793457,0.9523500481523235
135,6,/home/nabizadz/Projects/Mahsa/datasets/grid/test/s34/pwba4s.mpg,127,143,3.995807647705078,0.9962335352660234
135,7,/home/nabizadz/Projects/Mahsa/datasets/grid/test/s34/pgbb1p.mpg,165,181,3.5673604011535645,0.9642721971342272
135,8,/home/nabizadz/Projects/Mahsa/datasets/grid/test/s34/lrwcza.mpg,64,80,3.6089425086975098,0.9830883887780895
135,9,/home/nabizadz/Projects/Mahsa/datasets/grid/test/s34/bbbv8a.mpg,18,34,4.433018207550049,0.9966410036495487
135,10,/home/nabizadz/Projects/Mahsa/datasets/grid/test/s34/lbba9p.mpg,56,72,2.777418613433838,0.970009106131784
135,11,/home/nabizadz/Projects/Mahsa/datasets/grid/test/s34/srak8a.mpg,176,192,2.6574625968933105,0.9722532708847406
135,12,/home/nabizadz/Projects/Mahsa/datasets/grid/test/s34/sbwk7n.mpg,194,210,3.445688486099243,0.9714389962652696
135,13,/home/nabizadz/Projects/Mahsa/datasets/grid/test/s34/lgbv9p.mpg,270,286,4.343904495239258,0.9998953225057065
135,14,/home/nabizadz/Projects/Mahsa/datasets/grid/test/s34/lbbu2a.mpg,92,108,3.594528913497925,0.9443958869366188
135,15,/home/nabizadz/Projects/Mahsa/datasets/grid/test/s34/lwavza.mpg,279,295,4.258261680603027,0.999977034765777
136,0,/home/nabizadz/Projects/Mahsa/datasets/grid/test/s34/srar2a.mpg,62,78,3.4603726863861084,0.9870864759493717
136,1,/home/nabizadz/Projects/Mahsa/datasets/grid/test/s34/sgwm6s.mpg,280,296,4.410809516906738,0.9999250370642636
136,2,/home/nabizadz/Projects/Mahsa/datasets/grid/test/s34/lgbc6s.mpg,165,181,4.137611389160156,0.968309758673727
136,3,/home/nabizadz/Projects/Mahsa/datasets/grid/test/s34/lgac4a.mpg,6,22,4.300213813781738,0.9958349982840838
136,4,/home/nabizadz/Projects/Mahsa/datasets/grid/test/s34/pris4a.mpg,13,29,4.48022985458374,0.9999509099646469
136,5,/home/nabizadz/Projects/Mahsa/datasets/grid/test/s34/sgbm2s.mpg,120,136,2.8356378078460693,0.9522052815141427
136,6,/home/nabizadz/Projects/Mahsa/datasets/grid/test/s34/sbwlza.mpg,256,272,4.419941425323486,0.9996040504103818
136,7,/home/nabizadz/Projects/Mahsa/datasets/grid/test/s34/prwa4a.mpg,104,120,3.9115359783172607,0.9955668364673017
136,8,/home/nabizadz/Projects/Mahsa/datasets/grid/test/s34/sgiz3p.mpg,97,113,3.4415600299835205,0.9578824043818196
136,9,/home/nabizadz/Projects/Mahsa/datasets/grid/test/s34/srae3p.mpg,20,36,4.393892288208008,0.9989209277839017
136,10,/home/nabizadz/Projects/Mahsa/datasets/grid/test/s34/pbaf2s.mpg,195,211,3.632434129714966,0.9457273881807169
136,11,/home/nabizadz/Projects/Mahsa/datasets/grid/test/s34/lwwv7p.mpg,208,224,4.207333564758301,0.9848078502192154
136,12,/home/nabizadz/Projects/Mahsa/datasets/grid/test/s34/lgwx1n.mpg,252,268,3.9923717975616455,0.9901296142870751
136,13,/home/nabizadz/Projects/Mahsa/datasets/grid/test/s34/praf8s.mpg,77,93,3.0580594539642334,0.9605909326685671
136,14,/home/nabizadz/Projects/Mahsa/datasets/grid/test/s34/pras8a.mpg,219,235,3.6862404346466064,0.9837196798936372
136,15,/home/nabizadz/Projects/Mahsa/datasets/grid/test/s34/lwbi6a.mpg,150,166,2.9109387397766113,0.9779253347660051
137,0,/home/nabizadz/Projects/Mahsa/datasets/grid/test/s34/swwf6s.mpg,66,82,3.84416127204895,0.9879489732476571
137,1,/home/nabizadz/Projects/Mahsa/datasets/grid/test/s34/sgbf7n.mpg,236,252,4.024906635284424,0.9826996271549066
137,2,/home/nabizadz/Projects/Mahsa/datasets/grid/test/s34/pwbt5n.mpg,142,158,3.342941999435425,0.964750049487882
137,3,/home/nabizadz/Projects/Mahsa/datasets/grid/test/s34/lrbu6s.mpg,155,171,3.941554546356201,0.9761279801244066
137,4,/home/nabizadz/Projects/Mahsa/datasets/grid/test/s34/bwaq2a.mpg,97,113,3.4785218238830566,0.9837083648718403
137,5,/home/nabizadz/Projects/Mahsa/datasets/grid/test/s34/srbe8a.mpg,235,251,3.927366018295288,0.9914056289007942
137,6,/home/nabizadz/Projects/Mahsa/datasets/grid/test/s34/pgia1n.mpg,121,137,3.0699002742767334,0.9663610553190063
137,7,/home/nabizadz/Projects/Mahsa/datasets/grid/test/s34/srak5n.mpg,143,159,3.5672364234924316,0.9699372587500421
137,8,/home/nabizadz/Projects/Mahsa/datasets/grid/test/s34/sgbm4a.mpg,3,19,4.402396202087402,0.9998049697197012
137,9,/home/nabizadz/Projects/Mahsa/datasets/grid/test/s34/swae7n.mpg,271,287,4.079008102416992,0.9998393718482221
137,10,/home/nabizadz/Projects/Mahsa/datasets/grid/test/s34/briv5p.mpg,16,32,4.3532304763793945,0.9998573167585062
137,11,/home/nabizadz/Projects/Mahsa/datasets/grid/test/s34/pgan6a.mpg,283,299,4.3926544189453125,0.9999362628915149
137,12,/home/nabizadz/Projects/Mahsa/datasets/grid/test/s34/sbiqzs.mpg,257,273,4.375650882720947,0.9960943620397152
137,13,/home/nabizadz/Projects/Mahsa/datasets/grid/test/s34/lria5n.mpg,9,25,4.461174011230469,0.999996135799137
137,14,/home/nabizadz/Projects/Mahsa/datasets/grid/test/s34/lrwo7p.mpg,229,245,3.9123024940490723,0.9910976929752842
137,15,/home/nabizadz/Projects/Mahsa/datasets/grid/test/s34/prif6a.mpg,108,124,3.3590621948242188,0.9816153085374454
138,0,/home/nabizadz/Projects/Mahsa/datasets/grid/test/s34/bbbp2s.mpg,69,85,3.2336931228637695,0.9568552341283041
138,1,/home/nabizadz/Projects/Mahsa/datasets/grid/test/s34/lrwi3p.mpg,86,102,3.780518054962158,0.9840196865719018
138,2,/home/nabizadz/Projects/Mahsa/datasets/grid/test/s34/pbil1n.mpg,266,282,4.503158092498779,0.9999840048842673
138,3,/home/nabizadz/Projects/Mahsa/datasets/grid/test/s34/lrwvzs.mpg,193,209,4.130005359649658,0.9808368907588811
138,4,/home/nabizadz/Projects/Mahsa/datasets/grid/test/s34/lgwj4s.mpg,219,235,2.5184333324432373,0.9529628883408457
138,5,/home/nabizadz/Projects/Mahsa/datasets/grid/test/s34/pbwf9n.mpg,132,148,4.024358749389648,0.9977100218409535
138,6,/home/nabizadz/Projects/Mahsa/datasets/grid/test/s34/pgig5n.mpg,2,18,4.50509786605835,0.9990444010210383
138,7,/home/nabizadz/Projects/Mahsa/datasets/grid/test/s34/lrwv2a.mpg,230,246,4.406303405761719,0.9993139765606869
138,8,/home/nabizadz/Projects/Mahsa/datasets/grid/test/s34/lrin6a.mpg,169,185,2.853351593017578,0.9840238117229393
138,9,/home/nabizadz/Projects/Mahsa/datasets/grid/test/s34/sbix3n.mpg,157,173,4.199206829071045,0.9977257608966298
138,10,/home/nabizadz/Projects/Mahsa/datasets/grid/test/s34/lwbb9n.mpg,84,100,2.475085735321045,0.9635137201282876
138,11,/home/nabizadz/Projects/Mahsa/datasets/grid/test/s34/bbiu7n.mpg,129,145,3.363171339035034,0.9758460786382137
138,12,/home/nabizadz/Projects/Mahsa/datasets/grid/test/s34/pram4a.mpg,134,150,3.346217632293701,0.9731028690285789
138,13,/home/nabizadz/Projects/Mahsa/datasets/grid/test/s34/brbx2s.mpg,194,210,3.7337915897369385,0.9895640064934308
138,14,/home/nabizadz/Projects/Mahsa/datasets/grid/test/s34/sbix4s.mpg,255,271,4.023341178894043,0.9923048702967772
138,15,/home/nabizadz/Projects/Mahsa/datasets/grid/test/s34/sgbgza.mpg,251,267,4.329684257507324,0.9886394215232904
139,0,/home/nabizadz/Projects/Mahsa/datasets/grid/test/s34/pwwh3p.mpg,260,276,4.225648880004883,0.9970305377345868
139,1,/home/nabizadz/Projects/Mahsa/datasets/grid/test/s34/brwd5p.mpg,183,199,4.073404312133789,0.9887477247293148
139,2,/home/nabizadz/Projects/Mahsa/datasets/grid/test/s34/lbig5p.mpg,178,194,3.4447481632232666,0.9452305743265009
139,3,/home/nabizadz/Projects/Mahsa/datasets/grid/test/s34/pgia3p.mpg,218,234,3.754622220993042,0.9630510812646517
139,4,/home/nabizadz/Projects/Mahsa/datasets/grid/test/s34/pbbf5n.mpg,90,106,2.0566351413726807,0.9503992375310502
139,5,/home/nabizadz/Projects/Mahsa/datasets/grid/test/s34/lbwb3p.mpg,11,27,4.362175941467285,0.986759762709231
139,6,/home/nabizadz/Projects/Mahsa/datasets/grid/test/s34/lwwv5n.mpg,143,159,4.089181423187256,0.9874745167494731
139,7,/home/nabizadz/Projects/Mahsa/datasets/grid/test/s34/brii7p.mpg,101,117,3.1620311737060547,0.9404190956451305
139,8,/home/nabizadz/Projects/Mahsa/datasets/grid/test/s34/lrau2s.mpg,171,187,3.6668336391448975,0.9722555392236572
139,9,/home/nabizadz/Projects/Mahsa/datasets/grid/test/s34/pgbh6a.mpg,266,282,4.493263244628906,0.9999942582068968
139,10,/home/nabizadz/Projects/Mahsa/datasets/grid/test/s34/bric3p.mpg,197,213,3.673427104949951,0.969323007344316
139,11,/home/nabizadz/Projects/Mahsa/datasets/grid/test/s34/lgib7n.mpg,30,46,3.9654388427734375,0.9976370158184946
139,12,/home/nabizadz/Projects/Mahsa/datasets/grid/test/s34/pwif9n.mpg,163,179,3.212451219558716,0.947460979125218
139,13,/home/nabizadz/Projects/Mahsa/datasets/grid/test/s34/pgwb6a.mpg,86,102,2.890796661376953,0.9664726490389839
139,14,/home/nabizadz/Projects/Mahsa/datasets/grid/test/s34/sbaj9n.mpg,203,219,4.074048042297363,0.9908209086062052
139,15,/home/nabizadz/Projects/Mahsa/datasets/grid/test/s34/bgbe2s.mpg,264,280,4.352342128753662,0.9976729528606768
140,0,/home/nabizadz/Projects/Mahsa/datasets/grid/test/s34/lbag7n.mpg,19,35,4.401700973510742,0.9959737650565837
140,1,/home/nabizadz/Projects/Mahsa/datasets/grid/test/s34/bgid4s.mpg,222,238,3.4998533725738525,0.9661265445058095
140,2,/home/nabizadz/Projects/Mahsa/datasets/grid/test/s34/bgwe7p.mpg,254,270,4.148934364318848,0.962424935925195
140,3,/home/nabizadz/Projects/Mahsa/datasets/grid/test/s34/lwwv8a.mpg,67,83,2.25864315032959,0.9725733670604891
140,4,/home/nabizadz/Projects/Mahsa/datasets/grid/test/s34/lwwc5p.mpg,20,36,4.3634352684021,0.9999924528708967
140,5,/home/nabizadz/Projects/Mahsa/datasets/grid/test/s34/bwix2a.mpg,169,185,3.1794865131378174,0.9551721249508388
140,6,/home/nabizadz/Projects/Mahsa/datasets/grid/test/s34/lraoza.mpg,62,78,2.9935426712036133,0.968381144852998
140,7,/home/nabizadz/Projects/Mahsa/datasets/grid/test/s34/pgit4s.mpg,250,266,4.402695178985596,0.9949515915060982
140,8,/home/nabizadz/Projects/Mahsa/datasets/grid/test/s34/pgbn9p.mpg,235,251,3.460110902786255,0.9651432746252656
140,9,/home/nabizadz/Projects/Mahsa/datasets/grid/test/s34/lrbo1n.mpg,8,24,4.258848667144775,0.9999735810541612
140,10,/home/nabizadz/Projects/Mahsa/datasets/grid/test/s34/praf7n.mpg,116,132,3.3465487957000732,0.9732129218060344
140,11,/home/nabizadz/Projects/Mahsa/datasets/grid/test/s34/pgwb3n.mpg,117,133,3.562598943710327,0.989218100044272
140,12,/home/nabizadz/Projects/Mahsa/datasets/grid/test/s34/pbal5n.mpg,73,89,3.320953130722046,0.9681666422364237
140,13,/home/nabizadz/Projects/Mahsa/datasets/grid/test/s34/srwr9p.mpg,250,266,3.962589740753174,0.9780142968648792
140,14,/home/nabizadz/Projects/Mahsa/datasets/grid/test/s34/sbbe2a.mpg,106,122,3.3539984226226807,0.9789620939597395
140,15,/home/nabizadz/Projects/Mahsa/datasets/grid/test/s34/pbbf8a.mpg,181,197,4.116633892059326,0.9890583249762354
141,0,/home/nabizadz/Projects/Mahsa/datasets/grid/test/s34/lwai2a.mpg,19,35,4.366589546203613,0.9998828934988702
141,1,/home/nabizadz/Projects/Mahsa/datasets/grid/test/s34/pbwm4s.mpg,108,124,3.4565916061401367,0.9851955451621138
141,2,/home/nabizadz/Projects/Mahsa/datasets/grid/test/s34/priz5n.mpg,250,266,4.5010986328125,0.9990265158794622
141,3,/home/nabizadz/Projects/Mahsa/datasets/grid/test/s34/lwau7n.mpg,59,75,2.736257314682007,0.9521516078731931
141,4,/home/nabizadz/Projects/Mahsa/datasets/grid/test/s34/bwbx7n.mpg,248,264,4.021301746368408,0.9872983596249543
141,5,/home/nabizadz/Projects/Mahsa/datasets/grid/test/s34/bwax3n.mpg,39,55,3.1729576587677,0.9732863861586457
141,6,/home/nabizadz/Projects/Mahsa/datasets/grid/test/s34/sbaq6a.mpg,100,116,3.646759033203125,0.9749212889581194
141,7,/home/nabizadz/Projects/Mahsa/datasets/grid/test/s34/pgbh5p.mpg,242,258,4.2363386154174805,0.9662771403161267
141,8,/home/nabizadz/Projects/Mahsa/datasets/grid/test/s34/bbio4s.mpg,254,270,3.8255257606506348,0.9970469173152191
141,9,/home/nabizadz/Projects/Mahsa/datasets/grid/test/s34/lrwb7n.mpg,76,92,2.7999837398529053,0.9616683009070132
141,10,/home/nabizadz/Projects/Mahsa/datasets/grid/test/s34/pwaa1p.mpg,283,299,4.469059944152832,0.999995384133842
141,11,/home/nabizadz/Projects/Mahsa/datasets/grid/test/s34/bbac1p.mpg,68,84,3.9352431297302246,0.9849894940349546
141,12,/home/nabizadz/Projects/Mahsa/datasets/grid/test/s34/bwaq1p.mpg,241,257,3.8130686283111572,0.9794367747162988
141,13,/home/nabizadz/Projects/Mahsa/datasets/grid/test/s34/sgaf5p.mpg,191,207,2.7892889976501465,0.9914391473872117
141,14,/home/nabizadz/Projects/Mahsa/datasets/grid/test/s34/sgbf9p.mpg,256,272,4.096551418304443,0.9917886292506339
141,15,/home/nabizadz/Projects/Mahsa/datasets/grid/test/s34/swie5p.mpg,38,54,3.9534554481506348,0.9999080426642839
142,0,/home/nabizadz/Projects/Mahsa/datasets/grid/test/s34/lwwi8s.mpg,211,227,3.9442474842071533,0.9862710576985784
142,1,/home/nabizadz/Projects/Mahsa/datasets/grid/test/s34/bbwp6s.mpg,237,253,4.366858959197998,0.9946145837693684
142,2,/home/nabizadz/Projects/Mahsa/datasets/grid/test/s34/lbbh2s.mpg,216,232,3.4655630588531494,0.9657678788701265
142,3,/home/nabizadz/Projects/Mahsa/datasets/grid/test/s34/bbiu9p.mpg,140,156,3.914853096008301,0.9751658939952321
142,4,/home/nabizadz/Projects/Mahsa/datasets/grid/test/s34/sbbk6a.mpg,103,119,3.309737205505371,0.9841346282860727
142,5,/home/nabizadz/Projects/Mahsa/datasets/grid/test/s34/bwwy1n.mpg,135,151,3.7544844150543213,0.983212308214458
142,6,/home/nabizadz/Projects/Mahsa/datasets/grid/test/s34/lria8a.mpg,262,278,4.379848003387451,0.9999729244415182
142,7,/home/nabizadz/Projects/Mahsa/datasets/grid/test/s34/pbaf1n.mpg,256,272,4.390052795410156,0.9999718182761227
142,8,/home/nabizadz/Projects/Mahsa/datasets/grid/test/s34/pgia2s.mpg,26,42,3.771667957305908,0.9913213304505545
142,9,/home/nabizadz/Projects/Mahsa/datasets/grid/test/s34/bbai3n.mpg,193,209,3.675638198852539,0.9515983412830776
142,10,/home/nabizadz/Projects/Mahsa/datasets/grid/test/s34/pbaz3n.mpg,184,200,3.704951047897339,0.9634873155195157
142,11,/home/nabizadz/Projects/Mahsa/datasets/grid/test/s34/lgbc7p.mpg,89,105,3.4933412075042725,0.980320636038472
142,12,/home/nabizadz/Projects/Mahsa/datasets/grid/test/s34/sgal8s.mpg,84,100,3.4457509517669678,0.9567124511949632
142,13,/home/nabizadz/Projects/Mahsa/datasets/grid/test/s34/lwau8s.mpg,173,189,3.5214762687683105,0.9716800640380964
142,14,/home/nabizadz/Projects/Mahsa/datasets/grid/test/s34/bbio3n.mpg,39,55,3.7994384765625,0.9787056493781654
142,15,/home/nabizadz/Projects/Mahsa/datasets/grid/test/s34/bgwr3n.mpg,79,95,3.2569828033447266,0.9216410680627017
143,0,/home/nabizadz/Projects/Mahsa/datasets/grid/test/s34/prbm8a.mpg,147,163,2.9523208141326904,0.9468669030550579
143,1,/home/nabizadz/Projects/Mahsa/datasets/grid/test/s34/srik1n.mpg,209,225,3.827799081802368,0.968430526946919
143,2,/home/nabizadz/Projects/Mahsa/datasets/grid/test/s34/bgij7n.mpg,160,176,3.1613173484802246,0.951814625105422
143,3,/home/nabizadz/Projects/Mahsa/datasets/grid/test/s34/lbaa3n.mpg,143,159,3.9715845584869385,0.9960521500263112
143,4,/home/nabizadz/Projects/Mahsa/datasets/grid/test/s34/bgay1p.mpg,206,222,3.8602211475372314,0.9709855956410387
143,5,/home/nabizadz/Projects/Mahsa/datasets/grid/test/s34/lgbc5n.mpg,162,178,3.937941074371338,0.9847295767539453
143,6,/home/nabizadz/Projects/Mahsa/datasets/grid/test/s34/srae1n.mpg,166,182,3.7127368450164795,0.9695316639416495
143,7,/home/nabizadz/Projects/Mahsa/datasets/grid/test/s34/lwau9p.mpg,207,223,2.764781951904297,0.9826789179638252
143,8,/home/nabizadz/Projects/Mahsa/datasets/grid/test/s34/pwwa7n.mpg,21,37,4.3024373054504395,0.9998057538958369
143,9,/home/nabizadz/Projects/Mahsa/datasets/grid/test/s34/sray6a.mpg,177,193,4.011577606201172,0.9949081336849123
143,10,/home/nabizadz/Projects/Mahsa/datasets/grid/test/s34/prwg7p.mpg,253,269,4.098134994506836,0.9760177542185746
143,11,/home/nabizadz/Projects/Mahsa/datasets/grid/test/s34/lbbh4a.mpg,157,173,4.0131449699401855,0.9833142161173013
143,12,/home/nabizadz/Projects/Mahsa/datasets/grid/test/s34/lbit2s.mpg,36,52,3.7337255477905273,0.9821389199283499
143,13,/home/nabizadz/Projects/Mahsa/datasets/grid/test/s34/sbby4a.mpg,114,130,2.66398286819458,0.9758697975402318
143,14,/home/nabizadz/Projects/Mahsa/datasets/grid/test/s34/lbwu5p.mpg,44,60,2.6255245208740234,0.9611308437594811
143,15,/home/nabizadz/Projects/Mahsa/datasets/grid/test/s34/sgbs5n.mpg,233,249,3.926609516143799,0.9841865862140776
144,0,/home/nabizadz/Projects/Mahsa/datasets/grid/test/s34/bbwx1p.mpg,278,294,4.321773529052734,0.9985715539640974
144,1,/home/nabizadz/Projects/Mahsa/datasets/grid/test/s34/sbij6s.mpg,128,144,2.4549832344055176,0.9416650009786313
144,2,/home/nabizadz/Projects/Mahsa/datasets/grid/test/s34/sbwy6s.mpg,167,183,3.022472381591797,0.9742547987334309
144,3,/home/nabizadz/Projects/Mahsa/datasets/grid/test/s34/bwbq3n.mpg,263,279,4.403804779052734,0.9999998601722191
144,4,/home/nabizadz/Projects/Mahsa/datasets/grid/test/s34/bbbc6a.mpg,38,54,3.887247323989868,0.9844597846281121
144,5,/home/nabizadz/Projects/Mahsa/datasets/grid/test/s34/lbbbza.mpg,26,42,4.071604251861572,0.9936751632392694
144,6,/home/nabizadz/Projects/Mahsa/datasets/grid/test/s34/bbav4a.mpg,97,113,3.3909711837768555,0.9689776570680151
144,7,/home/nabizadz/Projects/Mahsa/datasets/grid/test/s34/sbad8a.mpg,21,37,4.201580047607422,0.9919526349292904
144,8,/home/nabizadz/Projects/Mahsa/datasets/grid/test/s34/bgikza.mpg,141,157,3.26947283744812,0.976680413079685
144,9,/home/nabizadz/Projects/Mahsa/datasets/grid/test/s34/lgai6s.mpg,128,144,3.5915937423706055,0.9909674999853264
144,10,/home/nabizadz/Projects/Mahsa/datasets/grid/test/s34/bbai4s.mpg,2,18,4.539261817932129,0.9828784651007142
144,11,/home/nabizadz/Projects/Mahsa/datasets/grid/test/s34/lgii1n.mpg,206,222,4.07766580581665,0.9816713358336621
144,12,/home/nabizadz/Projects/Mahsa/datasets/grid/test/s34/sbad7p.mpg,88,104,3.972425699234009,0.9907090240233675
144,13,/home/nabizadz/Projects/Mahsa/datasets/grid/test/s34/pbaz4s.mpg,141,157,3.2332327365875244,0.9845668306246299
144,14,/home/nabizadz/Projects/Mahsa/datasets/grid/test/s34/lwiu3n.mpg,106,122,3.0740413665771484,0.9798186939815717
144,15,/home/nabizadz/Projects/Mahsa/datasets/grid/test/s34/bbbp3p.mpg,172,188,3.491366386413574,0.976377413049332
145,0,/home/nabizadz/Projects/Mahsa/datasets/grid/test/s34/bgwe6s.mpg,79,95,3.2404420375823975,0.9586333202858942
145,1,/home/nabizadz/Projects/Mahsa/datasets/grid/test/s34/brbdzs.mpg,122,138,3.3642566204071045,0.9787192079428839
145,2,/home/nabizadz/Projects/Mahsa/datasets/grid/test/s34/bric2s.mpg,236,252,3.755772352218628,0.970925147551625
145,3,/home/nabizadz/Projects/Mahsa/datasets/grid/test/s34/pbie9p.mpg,161,177,3.583693742752075,0.9619817404492434
145,4,/home/nabizadz/Projects/Mahsa/datasets/grid/test/s34/lrbb4s.mpg,31,47,3.974506139755249,0.9996528473645759
145,5,/home/nabizadz/Projects/Mahsa/datasets/grid/test/s34/lwbi3n.mpg,3,19,4.311890602111816,0.9958692432153715
145,6,/home/nabizadz/Projects/Mahsa/datasets/grid/test/s34/pbar9n.mpg,210,226,3.9000585079193115,0.9733784061658817
145,7,/home/nabizadz/Projects/Mahsa/datasets/grid/test/s34/lbwh8a.mpg,217,233,4.356010913848877,0.9935595615686504
145,8,/home/nabizadz/Projects/Mahsa/datasets/grid/test/s34/lrwo8a.mpg,171,187,3.713310956954956,0.992816467284636
145,9,/home/nabizadz/Projects/Mahsa/datasets/grid/test/s34/srbr4s.mpg,218,234,3.8587076663970947,0.9674311551678618
145,10,/home/nabizadz/Projects/Mahsa/datasets/grid/test/s34/pbwg2a.mpg,273,289,4.545827388763428,0.9999912897951201
145,11,/home/nabizadz/Projects/Mahsa/datasets/grid/test/s34/bgij9p.mpg,94,110,3.416341543197632,0.9800562587513354
145,12,/home/nabizadz/Projects/Mahsa/datasets/grid/test/s34/pgwh7n.mpg,99,115,2.3086135387420654,0.960265299128616
145,13,/home/nabizadz/Projects/Mahsa/datasets/grid/test/s34/swbr9n.mpg,134,150,2.3165812492370605,0.9506334403561169
145,14,/home/nabizadz/Projects/Mahsa/datasets/grid/test/s34/pgwu7p.mpg,248,264,4.450183868408203,0.9977013027155123
145,15,/home/nabizadz/Projects/Mahsa/datasets/grid/test/s34/sbwe3n.mpg,217,233,4.038801670074463,0.9718057430216765
146,0,/home/nabizadz/Projects/Mahsa/datasets/grid/test/s34/bbivza.mpg,227,243,3.902226686477661,0.9903852976154899
146,1,/home/nabizadz/Projects/Mahsa/datasets/grid/test/s34/sgif2a.mpg,50,66,4.2658209800720215,0.9936788590253945
146,2,/home/nabizadz/Projects/Mahsa/datasets/grid/test/s34/sgifzs.mpg,57,73,3.039750337600708,0.9585480243693394
146,3,/home/nabizadz/Projects/Mahsa/datasets/grid/test/s34/bbbp1n.mpg,267,283,4.3532395362854,0.9972304189931859
146,4,/home/nabizadz/Projects/Mahsa/datasets/grid/test/s34/bwwk3n.mpg,163,179,3.3702900409698486,0.9715876003277899
146,5,/home/nabizadz/Projects/Mahsa/datasets/grid/test/s34/lbbn5n.mpg,222,238,3.73236083984375,0.9907286706866876
146,6,/home/nabizadz/Projects/Mahsa/datasets/grid/test/s34/sbwy8a.mpg,75,91,3.920660972595215,0.9706635732714711
146,7,/home/nabizadz/Projects/Mahsa/datasets/grid/test/s34/pwwa8s.mpg,135,151,1.6516058444976807,0.939501776891658
146,8,/home/nabizadz/Projects/Mahsa/datasets/grid/test/s34/sgaz6s.mpg,173,189,3.778360366821289,0.9695629481068433
146,9,/home/nabizadz/Projects/Mahsa/datasets/grid/test/s34/bbbc5p.mpg,110,126,3.3123154640197754,0.9872496051216256
146,10,/home/nabizadz/Projects/Mahsa/datasets/grid/test/s34/bwwk5p.mpg,79,95,3.268645763397217,0.9748543256182196
146,11,/home/nabizadz/Projects/Mahsa/datasets/grid/test/s34/lgao9n.mpg,116,132,3.9033751487731934,0.9738040168059291
146,12,/home/nabizadz/Projects/Mahsa/datasets/grid/test/s34/lwbc1p.mpg,19,35,4.334228515625,0.9999990551309877
146,13,/home/nabizadz/Projects/Mahsa/datasets/grid/test/s34/lbat8a.mpg,4,20,4.214055061340332,0.9980676034122565
146,14,/home/nabizadz/Projects/Mahsa/datasets/grid/test/s34/bbwx2a.mpg,209,225,3.69150447845459,0.9656448807064753
146,15,/home/nabizadz/Projects/Mahsa/datasets/grid/test/s34/pbal7p.mpg,126,142,3.595590353012085,0.9669125064483368
147,0,/home/nabizadz/Projects/Mahsa/datasets/grid/test/s34/bbib8a.mpg,228,244,4.079281806945801,0.9878409605895703
147,1,/home/nabizadz/Projects/Mahsa/datasets/grid/test/s34/brbp8s.mpg,253,269,3.9444997310638428,0.9877749306479346
147,2,/home/nabizadz/Projects/Mahsa/datasets/grid/test/s34/prif4s.mpg,266,282,4.3984270095825195,0.9991576447975685
147,3,/home/nabizadz/Projects/Mahsa/datasets/grid/test/s34/prwt6a.mpg,149,165,3.9358205795288086,0.9851650159619623
147,4,/home/nabizadz/Projects/Mahsa/datasets/grid/test/s34/brwd4s.mpg,40,56,3.0476372241973877,0.9667766594951086
147,5,/home/nabizadz/Projects/Mahsa/datasets/grid/test/s34/srak6s.mpg,3,19,4.363326072692871,0.9992764336184945
147,6,/home/nabizadz/Projects/Mahsa/datasets/grid/test/s34/lria7p.mpg,39,55,4.193992614746094,0.995265320108371
147,7,/home/nabizadz/Projects/Mahsa/datasets/grid/test/s34/lrit9p.mpg,270,286,4.298666000366211,0.9939422925879542
147,8,/home/nabizadz/Projects/Mahsa/datasets/grid/test/s34/pwat1n.mpg,61,77,2.032210111618042,0.9694418010517306
147,9,/home/nabizadz/Projects/Mahsa/datasets/grid/test/s34/prwt5p.mpg,229,245,4.164581298828125,0.9842352456763087
147,10,/home/nabizadz/Projects/Mahsa/datasets/grid/test/s34/sbij7p.mpg,244,260,4.3882598876953125,0.9740873877904319
147,11,/home/nabizadz/Projects/Mahsa/datasets/grid/test/s34/pwbn2s.mpg,8,24,4.476205348968506,0.9999974623888783
147,12,/home/nabizadz/Projects/Mahsa/datasets/grid/test/s34/sgal9p.mpg,51,67,1.962209701538086,0.9621717346691233
147,13,/home/nabizadz/Projects/Mahsa/datasets/grid/test/s34/bgay2a.mpg,259,275,4.354485988616943,0.9920986033477757
147,14,/home/nabizadz/Projects/Mahsa/datasets/grid/test/s34/srwz1n.mpg,217,233,3.931648015975952,0.9792284903536103
147,15,/home/nabizadz/Projects/Mahsa/datasets/grid/test/s34/pwba3n.mpg,230,246,3.9767849445343018,0.9796724491757587
148,0,/home/nabizadz/Projects/Mahsa/datasets/grid/test/s34/lgii3p.mpg,15,31,4.450648784637451,0.9997580325578383
148,1,/home/nabizadz/Projects/Mahsa/datasets/grid/test/s34/bbwj2s.mpg,57,73,3.1980271339416504,0.967426077772317
148,2,/home/nabizadz/Projects/Mahsa/datasets/grid/test/s34/srid9p.mpg,244,260,4.0214314460754395,0.9671882520941418
148,3,/home/nabizadz/Projects/Mahsa/datasets/grid/test/s34/bgix6s.mpg,6,22,4.434586524963379,0.9999984514728684
148,4,/home/nabizadz/Projects/Mahsa/datasets/grid/test/s34/pgauza.mpg,213,229,4.02462100982666,0.9812779385042466
148,5,/home/nabizadz/Projects/Mahsa/datasets/grid/test/s34/lgav3n.mpg,199,215,3.521693468093872,0.9830257092473218
148,6,/home/nabizadz/Projects/Mahsa/datasets/grid/test/s34/sgbm1n.mpg,48,64,2.796260356903076,0.9612069491407514
148,7,/home/nabizadz/Projects/Mahsa/datasets/grid/test/s34/lwib1n.mpg,232,248,3.8083620071411133,0.9885359291293846
148,8,/home/nabizadz/Projects/Mahsa/datasets/grid/test/s34/pgwb4s.mpg,231,247,3.756993532180786,0.96808475231692
148,9,/home/nabizadz/Projects/Mahsa/datasets/grid/test/s34/lgbp3n.mpg,181,197,3.2305355072021484,0.9693227550710912
148,10,/home/nabizadz/Projects/Mahsa/datasets/grid/test/s34/pgag9n.mpg,114,130,3.3580918312072754,0.9762637105809093
148,11,/home/nabizadz/Projects/Mahsa/datasets/grid/test/s34/bgid3n.mpg,242,258,4.495514392852783,0.9993019803989738
148,12,/home/nabizadz/Projects/Mahsa/datasets/grid/test/s34/sbbq8s.mpg,244,260,4.549691200256348,0.9894712742655989
148,13,/home/nabizadz/Projects/Mahsa/datasets/grid/test/s34/praf9p.mpg,267,283,4.315616607666016,0.9951674676437829
148,14,/home/nabizadz/Projects/Mahsa/datasets/grid/test/s34/pras6s.mpg,184,200,4.1606292724609375,0.9958142271509659
148,15,/home/nabizadz/Projects/Mahsa/datasets/grid/test/s34/srwl4s.mpg,207,223,3.7530887126922607,0.9709228244933257
149,0,/home/nabizadz/Projects/Mahsa/datasets/grid/test/s34/pwwuzs.mpg,283,299,4.320627212524414,0.9994841254747605
149,1,/home/nabizadz/Projects/Mahsa/datasets/grid/test/s34/bwij1n.mpg,199,215,3.6673989295959473,0.9723260195409064
149,2,/home/nabizadz/Projects/Mahsa/datasets/grid/test/s34/bgaq7p.mpg,279,295,4.381630897521973,0.9999939321745537
149,3,/home/nabizadz/Projects/Mahsa/datasets/grid/test/s34/lwih5n.mpg,236,252,4.4752516746521,0.9999932212658463
149,4,/home/nabizadz/Projects/Mahsa/datasets/grid/test/s34/lbig6a.mpg,228,244,4.077730655670166,0.9884161785116625
149,5,/home/nabizadz/Projects/Mahsa/datasets/grid/test/s34/bbbv6s.mpg,92,108,3.425489902496338,0.9835681445727225
149,6,/home/nabizadz/Projects/Mahsa/datasets/grid/test/s34/lwib3p.mpg,175,191,3.8867435455322266,0.980538948283073
149,7,/home/nabizadz/Projects/Mahsa/datasets/grid/test/s34/sgbz9n.mpg,72,88,3.6612725257873535,0.9720208124684847
149,8,/home/nabizadz/Projects/Mahsa/datasets/grid/test/s34/priz7p.mpg,105,121,3.3695168495178223,0.9884648341955472
149,9,/home/nabizadz/Projects/Mahsa/datasets/grid/test/s34/swwz8s.mpg,268,284,4.410184383392334,0.9997925868100671
149,10,/home/nabizadz/Projects/Mahsa/datasets/grid/test/s34/bgij8s.mpg,215,231,4.039614677429199,0.9917147796600722
149,11,/home/nabizadz/Projects/Mahsa/datasets/grid/test/s34/lrih1p.mpg,78,94,3.2104005813598633,0.978529344891242
149,12,/home/nabizadz/Projects/Mahsa/datasets/grid/test/s34/bbbi9p.mpg,80,96,3.397113800048828,0.9833689848446875
149,13,/home/nabizadz/Projects/Mahsa/datasets/grid/test/s34/sgiz1n.mpg,282,298,4.407693862915039,0.9999999848530481
149,14,/home/nabizadz/Projects/Mahsa/datasets/grid/test/s34/bbii2a.mpg,152,168,3.9143314361572266,0.9903072806366043
149,15,/home/nabizadz/Projects/Mahsa/datasets/grid/test/s34/lgwj3n.mpg,139,155,2.9908881187438965,0.9760626438731717
150,0,/home/nabizadz/Projects/Mahsa/datasets/grid/test/s34/bwaqzs.mpg,10,26,4.454492568969727,0.9999859022166254
150,1,/home/nabizadz/Projects/Mahsa/datasets/grid/test/s34/brwx8a.mpg,268,284,3.773887872695923,0.9932428596400578
150,2,/home/nabizadz/Projects/Mahsa/datasets/grid/test/s34/brwx7p.mpg,219,235,4.235531806945801,0.9881530846027792
150,3,/home/nabizadz/Projects/Mahsa/datasets/grid/test/s34/lbwh6s.mpg,52,68,2.83370041847229,0.983281319057973
150,4,/home/nabizadz/Projects/Mahsa/datasets/grid/test/s34/lrbb5p.mpg,9,25,4.433627128601074,0.9999928046625209
150,5,/home/nabizadz/Projects/Mahsa/datasets/grid/test/s34/srby8s.mpg,125,141,3.042907476425171,0.9406761619114622
150,6,/home/nabizadz/Projects/Mahsa/datasets/grid/test/s34/lrah4s.mpg,124,140,3.173436164855957,0.97498715941256
150,7,/home/nabizadz/Projects/Mahsa/datasets/grid/test/s34/lrbu7p.mpg,5,21,4.494879245758057,0.9999999156565968
150,8,/home/nabizadz/Projects/Mahsa/datasets/grid/test/s34/sgil3n.mpg,268,284,4.472393035888672,0.9998230349214117
150,9,/home/nabizadz/Projects/Mahsa/datasets/grid/test/s34/pram2s.mpg,59,75,2.126999616622925,0.9570279268125342
150,10,/home/nabizadz/Projects/Mahsa/datasets/grid/test/s34/lwah9n.mpg,14,30,4.4964141845703125,0.9999798940518098
150,11,/home/nabizadz/Projects/Mahsa/datasets/grid/test/s34/brwj9p.mpg,125,141,3.1791181564331055,0.9753529551957856
150,12,/home/nabizadz/Projects/Mahsa/datasets/grid/test/s34/brwq3p.mpg,201,217,3.7614781856536865,0.9698459963062671
150,13,/home/nabizadz/Projects/Mahsa/datasets/grid/test/s34/srwf1p.mpg,60,76,2.8724653720855713,0.9584334763029055
150,14,/home/nabizadz/Projects/Mahsa/datasets/grid/test/s34/bbwp5n.mpg,45,61,2.8417439460754395,0.9136874029587795
150,15,/home/nabizadz/Projects/Mahsa/datasets/grid/test/s34/swbs1p.mpg,45,61,3.5742502212524414,0.99659570708217
151,0,/home/nabizadz/Projects/Mahsa/datasets/grid/test/s34/pwbn3p.mpg,39,55,3.775681972503662,0.9850533448767711
151,1,/home/nabizadz/Projects/Mahsa/datasets/grid/test/s34/bwip6s.mpg,133,149,3.4794607162475586,0.9781899679020979
151,2,/home/nabizadz/Projects/Mahsa/datasets/grid/test/s34/lbat6s.mpg,29,45,4.313394069671631,0.9999983499721038
151,3,/home/nabizadz/Projects/Mahsa/datasets/grid/test/s34/pgahzs.mpg,124,140,3.1168534755706787,0.9389843097835249
151,4,/home/nabizadz/Projects/Mahsa/datasets/grid/test/s34/srwl3n.mpg,177,193,2.4658524990081787,0.9554128560222891
151,5,/home/nabizadz/Projects/Mahsa/datasets/grid/test/s34/pbiy9n.mpg,266,282,4.406347751617432,0.9998426367069222
151,6,/home/nabizadz/Projects/Mahsa/datasets/grid/test/s34/bgwr4s.mpg,184,200,3.795560359954834,0.9736607286094691
151,7,/home/nabizadz/Projects/Mahsa/datasets/grid/test/s34/pwwt9n.mpg,196,212,3.8354220390319824,0.9652452790962245
151,8,/home/nabizadz/Projects/Mahsa/datasets/grid/test/s34/pgbu1n.mpg,146,162,3.5444204807281494,0.9830874951265285
151,9,/home/nabizadz/Projects/Mahsa/datasets/grid/test/s34/pwwa9p.mpg,257,273,4.477532863616943,0.9999436559522775
151,10,/home/nabizadz/Projects/Mahsa/datasets/grid/test/s34/brav7n.mpg,46,62,2.6504526138305664,0.9626455867459077
151,11,/home/nabizadz/Projects/Mahsa/datasets/grid/test/s34/swbf2s.mpg,118,134,4.112731456756592,0.9904049793114744
151,12,/home/nabizadz/Projects/Mahsa/datasets/grid/test/s34/brbp9p.mpg,79,95,3.352649211883545,0.9695621004618842
151,13,/home/nabizadz/Projects/Mahsa/datasets/grid/test/s34/swiy8a.mpg,96,112,2.132753372192383,0.9822228620564945
151,14,/home/nabizadz/Projects/Mahsa/datasets/grid/test/s34/pgat9p.mpg,114,130,3.8370094299316406,0.9771914423996612
151,15,/home/nabizadz/Projects/Mahsa/datasets/grid/test/s34/pwat3p.mpg,57,73,3.182258129119873,0.9722886231268595
152,0,/home/nabizadz/Projects/Mahsa/datasets/grid/test/s34/brwd6a.mpg,28,44,4.418247699737549,0.9788517079354336
152,1,/home/nabizadz/Projects/Mahsa/datasets/grid/test/s34/sbwr4a.mpg,45,61,3.3207454681396484,0.9805574252108092
152,2,/home/nabizadz/Projects/Mahsa/datasets/grid/test/s34/lbim7n.mpg,96,112,3.512385129928589,0.9468522892844866
152,3,/home/nabizadz/Projects/Mahsa/datasets/grid/test/s34/lwab7p.mpg,245,261,4.331185817718506,0.9672849162789826
152,4,/home/nabizadz/Projects/Mahsa/datasets/grid/test/s34/bbib7p.mpg,236,252,4.296234607696533,0.9993874540234381
152,5,/home/nabizadz/Projects/Mahsa/datasets/grid/test/s34/lrin4s.mpg,260,276,4.487705230712891,0.9999861403941409
152,6,/home/nabizadz/Projects/Mahsa/datasets/grid/test/s34/prwt3n.mpg,91,107,3.3373863697052,0.9832195829587309
152,7,/home/nabizadz/Projects/Mahsa/datasets/grid/test/s34/prwa1n.mpg,13,29,4.466841220855713,0.9884554345154056
152,8,/home/nabizadz/Projects/Mahsa/datasets/grid/test/s34/swir2s.mpg,187,203,3.630250930786133,0.9786780034288012
152,9,/home/nabizadz/Projects/Mahsa/datasets/grid/test/s34/swar8a.mpg,151,167,3.766116142272949,0.9786984006250566
152,10,/home/nabizadz/Projects/Mahsa/datasets/grid/test/s34/sbid1n.mpg,117,133,2.7172088623046875,0.9621889851016207
152,11,/home/nabizadz/Projects/Mahsa/datasets/grid/test/s34/lbwn9n.mpg,254,270,4.304226875305176,0.8987842832431994
152,12,/home/nabizadz/Projects/Mahsa/datasets/grid/test/s34/sgil5p.mpg,60,76,2.348116636276245,0.9710676374775228
152,13,/home/nabizadz/Projects/Mahsa/datasets/grid/test/s34/sgbs7p.mpg,132,148,3.7328362464904785,0.9765037079772112
152,14,/home/nabizadz/Projects/Mahsa/datasets/grid/test/s34/lwab6s.mpg,27,43,4.4304327964782715,0.9999923711103138
152,15,/home/nabizadz/Projects/Mahsa/datasets/grid/test/s34/lgav4s.mpg,126,142,4.075382709503174,0.9811207682740513
153,0,/home/nabizadz/Projects/Mahsa/datasets/grid/test/s34/bwwd9n.mpg,283,299,4.2598185539245605,0.9999093310286578
153,1,/home/nabizadz/Projects/Mahsa/datasets/grid/test/s34/pbir6s.mpg,148,164,3.232475519180298,0.9767648984708324
153,2,/home/nabizadz/Projects/Mahsa/datasets/grid/test/s34/pwwu2a.mpg,201,217,3.1653449535369873,0.963252353826748
153,3,/home/nabizadz/Projects/Mahsa/datasets/grid/test/s34/lbbh3p.mpg,184,200,2.6212124824523926,0.9576623674035073
153,4,/home/nabizadz/Projects/Mahsa/datasets/grid/test/s34/bbab9n.mpg,16,32,4.315226078033447,0.9998132181852042
153,5,/home/nabizadz/Projects/Mahsa/datasets/grid/test/s34/lwbo8s.mpg,109,125,3.493441343307495,0.9812025225730308
153,6,/home/nabizadz/Projects/Mahsa/datasets/grid/test/s34/lgac2s.mpg,173,189,3.873678684234619,0.9837023980979483
153,7,/home/nabizadz/Projects/Mahsa/datasets/grid/test/s34/bgbe1n.mpg,64,80,3.476736068725586,0.9709992347685976
153,8,/home/nabizadz/Projects/Mahsa/datasets/grid/test/s34/briv3n.mpg,259,275,4.491847038269043,0.9998879385788598
153,9,/home/nabizadz/Projects/Mahsa/datasets/grid/test/s34/lwbi4s.mpg,86,102,3.67482328414917,0.9789831114570519
153,10,/home/nabizadz/Projects/Mahsa/datasets/grid/test/s34/bbiizs.mpg,215,231,3.9824695587158203,0.9732996283716585
153,11,/home/nabizadz/Projects/Mahsa/datasets/grid/test/s34/bgwlzs.mpg,136,152,3.8037502765655518,0.9798372624843669
153,12,/home/nabizadz/Projects/Mahsa/datasets/grid/test/s34/lgbc8a.mpg,255,271,4.4144816398620605,0.9999999398327533
153,13,/home/nabizadz/Projects/Mahsa/datasets/grid/test/s34/lrab2a.mpg,165,181,3.59248423576355,0.9783690184118468
153,14,/home/nabizadz/Projects/Mahsa/datasets/grid/test/s34/lrin5p.mpg,243,259,4.022732257843018,0.9530420853091945
153,15,/home/nabizadz/Projects/Mahsa/datasets/grid/test/s34/swiy7p.mpg,205,221,3.612492799758911,0.9698250756240073
154,0,/home/nabizadz/Projects/Mahsa/datasets/grid/test/s34/pris3p.mpg,274,290,4.414542198181152,0.9994218150148306
154,1,/home/nabizadz/Projects/Mahsa/datasets/grid/test/s34/bgbk6s.mpg,95,111,3.5606272220611572,0.9810395081045983
154,2,/home/nabizadz/Projects/Mahsa/datasets/grid/test/s34/bwwq7n.mpg,59,75,3.0637059211730957,0.9752865963185292
154,3,/home/nabizadz/Projects/Mahsa/datasets/grid/test/s34/lbwu6a.mpg,238,254,4.4705400466918945,0.9999658465895145
154,4,/home/nabizadz/Projects/Mahsa/datasets/grid/test/s34/lbwo2a.mpg,276,292,4.255312442779541,0.9805778970317526
154,5,/home/nabizadz/Projects/Mahsa/datasets/grid/test/s34/brbc9n.mpg,63,79,3.338986396789551,0.9743863582756235
154,6,/home/nabizadz/Projects/Mahsa/datasets/grid/test/s34/lrwv1p.mpg,108,124,3.1992063522338867,0.9831948224723771
154,7,/home/nabizadz/Projects/Mahsa/datasets/grid/test/s34/lrah6a.mpg,161,177,3.958433151245117,0.9896815853946763
154,8,/home/nabizadz/Projects/Mahsa/datasets/grid/test/s34/pgin1p.mpg,262,278,4.499838829040527,0.9997253327625707
154,9,/home/nabizadz/Projects/Mahsa/datasets/grid/test/s34/bbbi7n.mpg,31,47,4.461050987243652,0.979792786647068
154,10,/home/nabizadz/Projects/Mahsa/datasets/grid/test/s34/pwbg9p.mpg,6,22,4.39487886428833,0.9825015694207704
154,11,/home/nabizadz/Projects/Mahsa/datasets/grid/test/s34/pbbs6a.mpg,6,22,4.402896404266357,0.9792236101244296
154,12,/home/nabizadz/Projects/Mahsa/datasets/grid/test/s34/swbz3n.mpg,276,292,3.908996343612671,0.9965857134104974
154,13,/home/nabizadz/Projects/Mahsa/datasets/grid/test/s34/pgbb2a.mpg,133,149,3.4799540042877197,0.9827288949002029
154,14,/home/nabizadz/Projects/Mahsa/datasets/grid/test/s34/brap6a.mpg,138,154,3.5623576641082764,0.9773977136239068
154,15,/home/nabizadz/Projects/Mahsa/datasets/grid/test/s34/lrbu8a.mpg,221,237,2.7682719230651855,0.9812079197517275
155,0,/home/nabizadz/Projects/Mahsa/datasets/grid/test/s34/lgbp4s.mpg,261,277,3.781690835952759,0.9916824441604121
155,1,/home/nabizadz/Projects/Mahsa/datasets/grid/test/s34/brap3n.mpg,7,23,4.52150297164917,0.9965401554355835
155,2,/home/nabizadz/Projects/Mahsa/datasets/grid/test/s34/bgix5n.mpg,252,268,4.130713939666748,0.9984613634714612
155,3,/home/nabizadz/Projects/Mahsa/datasets/grid/test/s34/swbl7p.mpg,196,212,3.640753984451294,0.9771773331571846
155,4,/home/nabizadz/Projects/Mahsa/datasets/grid/test/s34/swws4s.mpg,224,240,3.703510284423828,0.975629169135675
155,5,/home/nabizadz/Projects/Mahsa/datasets/grid/test/s34/sgwaza.mpg,22,38,4.425515651702881,0.9999807162262866
155,6,/home/nabizadz/Projects/Mahsa/datasets/grid/test/s34/sgil4s.mpg,180,196,3.10440731048584,0.9773711814941521
155,7,/home/nabizadz/Projects/Mahsa/datasets/grid/test/s34/brip1p.mpg,204,220,3.7759463787078857,0.9817238919292722
155,8,/home/nabizadz/Projects/Mahsa/datasets/grid/test/s34/sbwk8s.mpg,121,137,2.5129034519195557,0.9766066680065412
155,9,/home/nabizadz/Projects/Mahsa/datasets/grid/test/s34/srwr7n.mpg,105,121,3.3886728286743164,0.977108116747874
155,10,/home/nabizadz/Projects/Mahsa/datasets/grid/test/s34/braj1p.mpg,60,76,2.0955772399902344,0.9518193855441399
155,11,/home/nabizadz/Projects/Mahsa/datasets/grid/test/s34/lrwi4a.mpg,25,41,4.355278015136719,0.9984220131054234
155,12,/home/nabizadz/Projects/Mahsa/datasets/grid/test/s34/swbl6s.mpg,131,147,3.4693055152893066,0.9804495457988085
155,13,/home/nabizadz/Projects/Mahsa/datasets/grid/test/s34/lbwb4a.mpg,221,237,4.00469970703125,0.9845529106632831
155,14,/home/nabizadz/Projects/Mahsa/datasets/grid/test/s34/lban3p.mpg,231,247,4.21126127243042,0.967333803005029
155,15,/home/nabizadz/Projects/Mahsa/datasets/grid/test/s34/pbal8a.mpg,88,104,2.273738384246826,0.9879362431463835
156,0,/home/nabizadz/Projects/Mahsa/datasets/grid/test/s34/pgia4a.mpg,107,123,3.5190210342407227,0.9798972624601013
156,1,/home/nabizadz/Projects/Mahsa/datasets/grid/test/s34/prwg5n.mpg,73,89,3.6813807487487793,0.9893117394901915
156,2,/home/nabizadz/Projects/Mahsa/datasets/grid/test/s34/pgbh3n.mpg,65,81,3.6104137897491455,0.9909307450183363
156,3,/home/nabizadz/Projects/Mahsa/datasets/grid/test/s34/swae8s.mpg,28,44,2.689371347427368,0.9662579077861299
156,4,/home/nabizadz/Projects/Mahsa/datasets/grid/test/s34/lbim9p.mpg,136,152,3.4328255653381348,0.9678150207060632
156,5,/home/nabizadz/Projects/Mahsa/datasets/grid/test/s34/swir3p.mpg,85,101,2.4942357540130615,0.9853909326091121
156,6,/home/nabizadz/Projects/Mahsa/datasets/grid/test/s34/swwf7p.mpg,209,225,4.001780033111572,0.9731301499807054
156,7,/home/nabizadz/Projects/Mahsa/datasets/grid/test/s34/sray3n.mpg,260,276,4.30241060256958,0.9999796470620218
156,8,/home/nabizadz/Projects/Mahsa/datasets/grid/test/s34/sgwg1n.mpg,229,245,3.5968761444091797,0.9700993207048324
156,9,/home/nabizadz/Projects/Mahsa/datasets/grid/test/s34/pbir8a.mpg,69,85,3.678069829940796,0.9667206534368437
156,10,/home/nabizadz/Projects/Mahsa/datasets/grid/test/s34/pwba6a.mpg,190,206,3.2481675148010254,0.9587356716108868
156,11,/home/nabizadz/Projects/Mahsa/datasets/grid/test/s34/bwwe1p.mpg,50,66,3.1108005046844482,0.9487631447310484
156,12,/home/nabizadz/Projects/Mahsa/datasets/grid/test/s34/lrab1p.mpg,265,281,4.428005695343018,0.9749760563584096
156,13,/home/nabizadz/Projects/Mahsa/datasets/grid/test/s34/srbr5p.mpg,146,162,3.4577956199645996,0.9870105351200692
156,14,/home/nabizadz/Projects/Mahsa/datasets/grid/test/s34/pbbs3n.mpg,148,164,3.2147600650787354,0.9654083000592931
156,15,/home/nabizadz/Projects/Mahsa/datasets/grid/test/s34/prwn1p.mpg,200,216,3.9029641151428223,0.9693471036666502
157,0,/home/nabizadz/Projects/Mahsa/datasets/grid/test/s34/pbbz8s.mpg,255,271,3.9943947792053223,0.9910585609284631
157,1,/home/nabizadz/Projects/Mahsa/datasets/grid/test/s34/sgaf4s.mpg,227,243,4.427684307098389,0.999952940230695
157,2,/home/nabizadz/Projects/Mahsa/datasets/grid/test/s34/pbiz1p.mpg,172,188,3.529094934463501,0.9554721954024663
157,3,/home/nabizadz/Projects/Mahsa/datasets/grid/test/s34/lrwi1n.mpg,254,270,4.001238822937012,0.920704392118641
157,4,/home/nabizadz/Projects/Mahsa/datasets/grid/test/s34/lrit8s.mpg,170,186,2.812277317047119,0.9867863010655766
157,5,/home/nabizadz/Projects/Mahsa/datasets/grid/test/s34/srbl2a.mpg,192,208,3.582888126373291,0.9811312377048421
157,6,/home/nabizadz/Projects/Mahsa/datasets/grid/test/s34/bgwr5p.mpg,274,290,3.921405792236328,0.9462242764010229
157,7,/home/nabizadz/Projects/Mahsa/datasets/grid/test/s34/lbia1p.mpg,78,94,3.1232500076293945,0.9804645191692873
157,8,/home/nabizadz/Projects/Mahsa/datasets/grid/test/s34/lbbh1n.mpg,33,49,4.120691299438477,0.9975864327791145
157,9,/home/nabizadz/Projects/Mahsa/datasets/grid/test/s34/sgwm5n.mpg,36,52,3.5122716426849365,0.9933730488538696
157,10,/home/nabizadz/Projects/Mahsa/datasets/grid/test/s34/bgbr1p.mpg,280,296,4.418521404266357,0.9991582167091049
157,11,/home/nabizadz/Projects/Mahsa/datasets/grid/test/s34/bwad1n.mpg,70,86,3.0847601890563965,0.9665031322385405
157,12,/home/nabizadz/Projects/Mahsa/datasets/grid/test/s34/pbbmzs.mpg,130,146,3.103771448135376,0.9461541034698252
157,13,/home/nabizadz/Projects/Mahsa/datasets/grid/test/s34/lgwd2a.mpg,39,55,3.3775413036346436,0.98669186845007
157,14,/home/nabizadz/Projects/Mahsa/datasets/grid/test/s34/lbat7p.mpg,49,65,2.113983631134033,0.9634635549471888
157,15,/home/nabizadz/Projects/Mahsa/datasets/grid/test/s34/bgak3p.mpg,243,259,4.268959045410156,0.9645410693982326
158,0,/home/nabizadz/Projects/Mahsa/datasets/grid/test/s34/swbl5n.mpg,149,165,3.323652982711792,0.9555431975356274
158,1,/home/nabizadz/Projects/Mahsa/datasets/grid/test/s34/lrwu9n.mpg,229,245,3.74973464012146,0.9933802018490107
158,2,/home/nabizadz/Projects/Mahsa/datasets/grid/test/s34/pril7n.mpg,164,180,3.358656406402588,0.9875471505413556
158,3,/home/nabizadz/Projects/Mahsa/datasets/grid/test/s34/bwax4s.mpg,217,233,3.588904619216919,0.9593975627341964
158,4,/home/nabizadz/Projects/Mahsa/datasets/grid/test/s34/pbwm3n.mpg,85,101,4.050800800323486,0.9904195102520834
158,5,/home/nabizadz/Projects/Mahsa/datasets/grid/test/s34/pwwn5n.mpg,160,176,3.561037302017212,0.9881653266568097
158,6,/home/nabizadz/Projects/Mahsa/datasets/grid/test/s34/lwih7p.mpg,269,285,4.3061017990112305,0.9999941294730605
158,7,/home/nabizadz/Projects/Mahsa/datasets/grid/test/s34/pgwu5n.mpg,112,128,3.375168800354004,0.9657774632797691
158,8,/home/nabizadz/Projects/Mahsa/datasets/grid/test/s34/pbaf4a.mpg,151,167,3.427340269088745,0.9677600737409383
158,9,/home/nabizadz/Projects/Mahsa/datasets/grid/test/s34/bbbjza.mpg,112,128,3.22796893119812,0.9664950997158784
158,10,/home/nabizadz/Projects/Mahsa/datasets/grid/test/s34/brbx3p.mpg,0,16,4.531090259552002,0.9999866880631966
158,11,/home/nabizadz/Projects/Mahsa/datasets/grid/test/s34/prbaza.mpg,198,214,3.603710174560547,0.9593930513316824
158,12,/home/nabizadz/Projects/Mahsa/datasets/grid/test/s34/sraq9n.mpg,165,181,3.3970751762390137,0.9659519128681133
158,13,/home/nabizadz/Projects/Mahsa/datasets/grid/test/s34/pwwh1n.mpg,26,42,4.348407745361328,0.999495126085407
158,14,/home/nabizadz/Projects/Mahsa/datasets/grid/test/s34/lwwp4a.mpg,184,200,3.348463535308838,0.972540768138381
158,15,/home/nabizadz/Projects/Mahsa/datasets/grid/test/s34/lgib8s.mpg,230,246,3.601280689239502,0.9813755469124757
159,0,/home/nabizadz/Projects/Mahsa/datasets/grid/test/s34/pwis8s.mpg,257,273,4.507573127746582,0.9954868579703662
159,1,/home/nabizadz/Projects/Mahsa/datasets/grid/test/s34/pgwiza.mpg,2,18,4.526968479156494,0.999989218543808
159,2,/home/nabizadz/Projects/Mahsa/datasets/grid/test/s34/srid7n.mpg,230,246,3.8502135276794434,0.9782074364172556
159,3,/home/nabizadz/Projects/Mahsa/datasets/grid/test/s34/srwl5p.mpg,228,244,3.6991021633148193,0.9566636288735023
159,4,/home/nabizadz/Projects/Mahsa/datasets/grid/test/s34/sgie9n.mpg,34,50,4.2100958824157715,0.9995208650495111
159,5,/home/nabizadz/Projects/Mahsa/datasets/grid/test/s34/swbz4s.mpg,101,117,3.7376511096954346,0.987617903710441
159,6,/home/nabizadz/Projects/Mahsa/datasets/grid/test/s34/swie6a.mpg,0,16,4.480603218078613,0.9999950383293505
159,7,/home/nabizadz/Projects/Mahsa/datasets/grid/test/s34/bbwdza.mpg,15,31,4.398608207702637,0.9999946482364991
159,8,/home/nabizadz/Projects/Mahsa/datasets/grid/test/s34/pgboza.mpg,244,260,4.4010748863220215,0.9999378711348504
159,9,/home/nabizadz/Projects/Mahsa/datasets/grid/test/s34/brwd3n.mpg,214,230,4.197755813598633,0.9808689507122215
159,10,/home/nabizadz/Projects/Mahsa/datasets/grid/test/s34/lwih6s.mpg,183,199,3.563480854034424,0.981537433230971
159,11,/home/nabizadz/Projects/Mahsa/datasets/grid/test/s34/lbig4s.mpg,75,91,3.1530513763427734,0.9852710095874494
159,12,/home/nabizadz/Projects/Mahsa/datasets/grid/test/s34/pwim5p.mpg,72,88,3.317765951156616,0.9846273348427355
159,13,/home/nabizadz/Projects/Mahsa/datasets/grid/test/s34/lbaa4s.mpg,22,38,4.473586559295654,0.9999988265587387
159,14,/home/nabizadz/Projects/Mahsa/datasets/grid/test/s34/lwwi7n.mpg,184,200,3.606951951980591,0.971458615399989
159,15,/home/nabizadz/Projects/Mahsa/datasets/grid/test/s34/pwwu1p.mpg,234,250,3.5989789962768555,0.956252596385703
160,0,/home/nabizadz/Projects/Mahsa/datasets/grid/test/s34/bgaeza.mpg,57,73,2.783381223678589,0.9689674754867913
160,1,/home/nabizadz/Projects/Mahsa/datasets/grid/test/s34/lwbczs.mpg,221,237,2.910085916519165,0.9808822516479724
160,2,/home/nabizadz/Projects/Mahsa/datasets/grid/test/s34/bbbc3n.mpg,54,70,3.353863477706909,0.9631139299193802
160,3,/home/nabizadz/Projects/Mahsa/datasets/grid/test/s34/bgix8a.mpg,36,52,3.2907779216766357,0.9803708098173547
160,4,/home/nabizadz/Projects/Mahsa/datasets/grid/test/s34/bgad7n.mpg,255,271,4.45086145401001,0.9958376520537608
160,5,/home/nabizadz/Projects/Mahsa/datasets/grid/test/s34/pwis9p.mpg,49,65,2.959061861038208,0.9507241996884982
160,6,/home/nabizadz/Projects/Mahsa/datasets/grid/test/s34/bgwe5n.mpg,167,183,3.2962355613708496,0.9767998834068583
160,7,/home/nabizadz/Projects/Mahsa/datasets/grid/test/s34/bwaj5n.mpg,215,231,3.270704507827759,0.9382961743914426
160,8,/home/nabizadz/Projects/Mahsa/datasets/grid/test/s34/lgiv1p.mpg,84,100,3.419635772705078,0.9558861420536183
160,9,/home/nabizadz/Projects/Mahsa/datasets/grid/test/s34/lwbpza.mpg,87,103,3.363128900527954,0.9798881731365661
160,10,/home/nabizadz/Projects/Mahsa/datasets/grid/test/s34/lrwi2s.mpg,156,172,3.792072296142578,0.9840248329576529
160,11,/home/nabizadz/Projects/Mahsa/datasets/grid/test/s34/lgivzs.mpg,284,300,4.47750997543335,0.9999705388769959
160,12,/home/nabizadz/Projects/Mahsa/datasets/grid/test/s34/brap4s.mpg,169,185,1.8842999935150146,0.9447252523902414
160,13,/home/nabizadz/Projects/Mahsa/datasets/grid/test/s34/swafza.mpg,160,176,3.895901918411255,0.9914468414481695
160,14,/home/nabizadz/Projects/Mahsa/datasets/grid/test/s34/srby9p.mpg,220,236,3.8024981021881104,0.9628842485806669
160,15,/home/nabizadz/Projects/Mahsa/datasets/grid/test/s34/swar6s.mpg,100,116,3.7346251010894775,0.9760074271515745
161,0,/home/nabizadz/Projects/Mahsa/datasets/grid/test/s34/sbby1n.mpg,27,43,4.116255760192871,0.9999755298268451
161,1,/home/nabizadz/Projects/Mahsa/datasets/grid/test/s34/swir4a.mpg,24,40,4.177177906036377,0.9683750375344748
161,2,/home/nabizadz/Projects/Mahsa/datasets/grid/test/s34/bwij2s.mpg,91,107,3.406061887741089,0.9874537036912737
161,3,/home/nabizadz/Projects/Mahsa/datasets/grid/test/s34/lbbn8a.mpg,74,90,3.335223436355591,0.9777175457454699
161,4,/home/nabizadz/Projects/Mahsa/datasets/grid/test/s34/pbbl9n.mpg,276,292,4.495270252227783,0.9766473453486233
161,5,/home/nabizadz/Projects/Mahsa/datasets/grid/test/s34/bgby4s.mpg,126,142,3.2250804901123047,0.9809414122551827
161,6,/home/nabizadz/Projects/Mahsa/datasets/grid/test/s34/brav8s.mpg,4,20,4.506320953369141,0.9999855405782992
161,7,/home/nabizadz/Projects/Mahsa/datasets/grid/test/s34/lwio2a.mpg,53,69,3.156790018081665,0.9862490552855717
161,8,/home/nabizadz/Projects/Mahsa/datasets/grid/test/s34/sriq8a.mpg,253,269,4.248754501342773,0.9954787965236033
161,9,/home/nabizadz/Projects/Mahsa/datasets/grid/test/s34/pris2s.mpg,62,78,4.1270294189453125,0.9939707291376676
161,10,/home/nabizadz/Projects/Mahsa/datasets/grid/test/s34/lbwh5n.mpg,250,266,4.042243003845215,0.9900558150204576
161,11,/home/nabizadz/Projects/Mahsa/datasets/grid/test/s34/bwbx8s.mpg,29,45,4.474971294403076,0.9998786032031304
161,12,/home/nabizadz/Projects/Mahsa/datasets/grid/test/s34/sgbf8s.mpg,138,154,3.1596736907958984,0.9752955223885041
161,13,/home/nabizadz/Projects/Mahsa/datasets/grid/test/s34/bgbk8a.mpg,212,228,3.918185234069824,0.985789220057947
161,14,/home/nabizadz/Projects/Mahsa/datasets/grid/test/s34/lwab5n.mpg,160,176,2.2473742961883545,0.9655310282102835
161,15,/home/nabizadz/Projects/Mahsa/datasets/grid/test/s34/lrbo4a.mpg,76,92,2.9693217277526855,0.9668955860933225
162,0,/home/nabizadz/Projects/Mahsa/datasets/grid/test/s34/bbaczs.mpg,224,240,3.887922763824463,0.9773872667445238
162,1,/home/nabizadz/Projects/Mahsa/datasets/grid/test/s34/bgby5p.mpg,236,252,4.048776626586914,0.9686397776836134
162,2,/home/nabizadz/Projects/Mahsa/datasets/grid/test/s34/lwib4a.mpg,85,101,3.343735694885254,0.9736540456414428
162,3,/home/nabizadz/Projects/Mahsa/datasets/grid/test/s34/pbbf7p.mpg,152,168,4.05818510055542,0.9994231580325229
162,4,/home/nabizadz/Projects/Mahsa/datasets/grid/test/s34/lban4a.mpg,28,44,3.958890676498413,0.9901820055243827
162,5,/home/nabizadz/Projects/Mahsa/datasets/grid/test/s34/lrwb9p.mpg,85,101,3.3853919506073,0.9869897717730449
162,6,/home/nabizadz/Projects/Mahsa/datasets/grid/test/s34/bgak1n.mpg,254,270,4.347751617431641,0.8892034975050532
162,7,/home/nabizadz/Projects/Mahsa/datasets/grid/test/s34/pgwu8a.mpg,168,184,3.181647777557373,0.9632396196343329
162,8,/home/nabizadz/Projects/Mahsa/datasets/grid/test/s34/lwbv4a.mpg,135,151,3.2058427333831787,0.9909250534001642
162,9,/home/nabizadz/Projects/Mahsa/datasets/grid/test/s34/pbas1p.mpg,185,201,3.2184834480285645,0.9493393428493497
162,10,/home/nabizadz/Projects/Mahsa/datasets/grid/test/s34/pgit6a.mpg,25,41,4.349145412445068,0.9994494670967689
162,11,/home/nabizadz/Projects/Mahsa/datasets/grid/test/s34/pram1n.mpg,124,140,3.4782967567443848,0.9798799417974088
162,12,/home/nabizadz/Projects/Mahsa/datasets/grid/test/s34/brbj6a.mpg,204,220,2.915346145629883,0.9382485313750686
162,13,/home/nabizadz/Projects/Mahsa/datasets/grid/test/s34/pgwo1n.mpg,89,105,3.515162944793701,0.9608300009115959
162,14,/home/nabizadz/Projects/Mahsa/datasets/grid/test/s34/lbiazs.mpg,184,200,3.670548915863037,0.9866099318166058
162,15,/home/nabizadz/Projects/Mahsa/datasets/grid/test/s34/sbakzs.mpg,26,42,4.217593193054199,0.973035704243049
163,0,/home/nabizadz/Projects/Mahsa/datasets/grid/test/s34/bbai6a.mpg,6,22,4.3467936515808105,0.9999210589440692
163,1,/home/nabizadz/Projects/Mahsa/datasets/grid/test/s34/lbbuzs.mpg,135,151,3.551096200942993,0.9726199620292968
163,2,/home/nabizadz/Projects/Mahsa/datasets/grid/test/s34/bwixzs.mpg,214,230,3.9789743423461914,0.985475490740918
163,3,/home/nabizadz/Projects/Mahsa/datasets/grid/test/s34/srieza.mpg,260,276,3.5795719623565674,0.9782154897618653
163,4,/home/nabizadz/Projects/Mahsa/datasets/grid/test/s34/lwib2s.mpg,247,263,3.8640029430389404,0.985623311606463
163,5,/home/nabizadz/Projects/Mahsa/datasets/grid/test/s34/srbr6a.mpg,133,149,2.741086721420288,0.9577939036012729
163,6,/home/nabizadz/Projects/Mahsa/datasets/grid/test/s34/lraa9n.mpg,12,28,4.447141170501709,0.9980622900457263
163,7,/home/nabizadz/Projects/Mahsa/datasets/grid/test/s34/bbwc8s.mpg,117,133,3.605260133743286,0.9962256771946001
163,8,/home/nabizadz/Projects/Mahsa/datasets/grid/test/s34/lrbh8s.mpg,125,141,3.1074039936065674,0.9568184781771863
163,9,/home/nabizadz/Projects/Mahsa/datasets/grid/test/s34/bwbx9p.mpg,210,226,3.9119784832000732,0.9556160699822375
163,10,/home/nabizadz/Projects/Mahsa/datasets/grid/test/s34/sgaz7p.mpg,259,275,4.336579322814941,0.9992310910660893
163,11,/home/nabizadz/Projects/Mahsa/datasets/grid/test/s34/pbizzs.mpg,43,59,3.411989688873291,0.974522914582575
163,12,/home/nabizadz/Projects/Mahsa/datasets/grid/test/s34/lbig3n.mpg,157,173,3.9401357173919678,0.986100750494434
163,13,/home/nabizadz/Projects/Mahsa/datasets/grid/test/s34/pbir7p.mpg,229,245,4.092085838317871,0.975116513086955
163,14,/home/nabizadz/Projects/Mahsa/datasets/grid/test/s34/prbs9n.mpg,159,175,3.4412271976470947,0.9867669524247946
163,15,/home/nabizadz/Projects/Mahsa/datasets/grid/test/s34/lwbo9p.mpg,253,269,4.1269307136535645,0.9909328768767389
164,0,/home/nabizadz/Projects/Mahsa/datasets/grid/test/s34/lbit4a.mpg,89,105,3.4342472553253174,0.9672807823211486
164,1,/home/nabizadz/Projects/Mahsa/datasets/grid/test/s34/srblzs.mpg,85,101,4.058236122131348,0.9969512427795766
164,2,/home/nabizadz/Projects/Mahsa/datasets/grid/test/s34/lwao5p.mpg,250,266,4.332528591156006,0.9978494229213245
164,3,/home/nabizadz/Projects/Mahsa/datasets/grid/test/s34/lgbxza.mpg,106,122,3.218503952026367,0.9794920553053603
164,4,/home/nabizadz/Projects/Mahsa/datasets/grid/test/s34/pgin2a.mpg,118,134,3.422691822052002,0.9577000667395066
164,5,/home/nabizadz/Projects/Mahsa/datasets/grid/test/s34/sbbe1p.mpg,129,145,3.289562940597534,0.9675262246380628
164,6,/home/nabizadz/Projects/Mahsa/datasets/grid/test/s34/bwic7n.mpg,24,40,2.3287649154663086,0.9847071680973594
164,7,/home/nabizadz/Projects/Mahsa/datasets/grid/test/s34/pgbu2s.mpg,19,35,4.19788932800293,0.9993586439669908
164,8,/home/nabizadz/Projects/Mahsa/datasets/grid/test/s34/bbwc7n.mpg,30,46,2.847538709640503,0.9723810559408782
164,9,/home/nabizadz/Projects/Mahsa/datasets/grid/test/s34/braj2a.mpg,92,108,3.5295097827911377,0.9791435874786801
164,10,/home/nabizadz/Projects/Mahsa/datasets/grid/test/s34/pgba9n.mpg,128,144,3.389564275741577,0.9760124601752065
164,11,/home/nabizadz/Projects/Mahsa/datasets/grid/test/s34/srwsza.mpg,227,243,3.716660499572754,0.9848044648980693
164,12,/home/nabizadz/Projects/Mahsa/datasets/grid/test/s34/primza.mpg,191,207,3.561518907546997,0.9760400168627621
164,13,/home/nabizadz/Projects/Mahsa/datasets/grid/test/s34/bgak2s.mpg,183,199,3.4240798950195312,0.9744919396131762
164,14,/home/nabizadz/Projects/Mahsa/datasets/grid/test/s34/prwa3p.mpg,192,208,3.8834755420684814,0.9731925934134354
164,15,/home/nabizadz/Projects/Mahsa/datasets/grid/test/s34/pwbt6s.mpg,183,199,4.12849235534668,0.9950588279581352
165,0,/home/nabizadz/Projects/Mahsa/datasets/grid/test/s34/prbg3p.mpg,196,212,3.7947306632995605,0.979553853963331
165,1,/home/nabizadz/Projects/Mahsa/datasets/grid/test/s34/srar1p.mpg,247,263,3.9390268325805664,0.9673068629760215
165,2,/home/nabizadz/Projects/Mahsa/datasets/grid/test/s34/swal3p.mpg,134,150,3.4703879356384277,0.9831984257257185
165,3,/home/nabizadz/Projects/Mahsa/datasets/grid/test/s34/lwiu6a.mpg,119,135,3.5685875415802,0.9718557877094169
165,4,/home/nabizadz/Projects/Mahsa/datasets/grid/test/s34/bbbv5n.mpg,251,267,4.0603132247924805,0.9964730785579367
165,5,/home/nabizadz/Projects/Mahsa/datasets/grid/test/s34/swiy5n.mpg,82,98,3.0542407035827637,0.9582113224510008
165,6,/home/nabizadz/Projects/Mahsa/datasets/grid/test/s34/bgwy9p.mpg,161,177,3.926737070083618,0.9701142957399526
165,7,/home/nabizadz/Projects/Mahsa/datasets/grid/test/s34/pwat4a.mpg,122,138,3.410187005996704,0.9604268030754796
165,8,/home/nabizadz/Projects/Mahsa/datasets/grid/test/s34/sbaq5p.mpg,27,43,4.0774455070495605,0.9997636462586372
165,9,/home/nabizadz/Projects/Mahsa/datasets/grid/test/s34/bgiq1n.mpg,121,137,3.289745569229126,0.9645283899212252
165,10,/home/nabizadz/Projects/Mahsa/datasets/grid/test/s34/srbl1p.mpg,29,45,4.345309734344482,0.9999646149088671
165,11,/home/nabizadz/Projects/Mahsa/datasets/grid/test/s34/bbav3p.mpg,99,115,3.4597930908203125,0.9530147498379183
165,12,/home/nabizadz/Projects/Mahsa/datasets/grid/test/s34/bripzs.mpg,49,65,2.9464006423950195,0.9615297048689367
165,13,/home/nabizadz/Projects/Mahsa/datasets/grid/test/s34/sbbq9p.mpg,74,90,3.365426778793335,0.9802432488572095
165,14,/home/nabizadz/Projects/Mahsa/datasets/grid/test/s34/bgiq3p.mpg,215,231,3.9279074668884277,0.9832969711291804
165,15,/home/nabizadz/Projects/Mahsa/datasets/grid/test/s34/pgat7n.mpg,202,218,3.646224021911621,0.9917176100633918
166,0,/home/nabizadz/Projects/Mahsa/datasets/grid/test/s34/bwbd8a.mpg,155,171,3.5940451622009277,0.9738874026087214
166,1,/home/nabizadz/Projects/Mahsa/datasets/grid/test/s34/pgan3n.mpg,121,137,3.0010812282562256,0.9471230532647505
166,2,/home/nabizadz/Projects/Mahsa/datasets/grid/test/s34/lrwb8s.mpg,244,260,3.7385759353637695,0.9518604513391005
166,3,/home/nabizadz/Projects/Mahsa/datasets/grid/test/s34/swwf5n.mpg,274,290,4.3422651290893555,0.9999944724722386
166,4,/home/nabizadz/Projects/Mahsa/datasets/grid/test/s34/srid8s.mpg,267,283,4.2584028244018555,0.9048650100073679
166,5,/home/nabizadz/Projects/Mahsa/datasets/grid/test/s34/bgwe8a.mpg,223,239,4.092851161956787,0.9924585246057762
166,6,/home/nabizadz/Projects/Mahsa/datasets/grid/test/s34/pbwgzs.mpg,155,171,3.7263400554656982,0.9760662541335668
166,7,/home/nabizadz/Projects/Mahsa/datasets/grid/test/s34/sbwr1n.mpg,46,62,4.257992267608643,0.9999908016665638
166,8,/home/nabizadz/Projects/Mahsa/datasets/grid/test/s34/prbg1n.mpg,72,88,2.9951012134552,0.9571211261481603
166,9,/home/nabizadz/Projects/Mahsa/datasets/grid/test/s34/sbwe5p.mpg,268,284,4.294895648956299,0.9984227700456397
166,10,/home/nabizadz/Projects/Mahsa/datasets/grid/test/s34/bbwv9n.mpg,167,183,3.8977673053741455,0.9673183434622967
166,11,/home/nabizadz/Projects/Mahsa/datasets/grid/test/s34/sgwm8a.mpg,132,148,3.8788113594055176,0.9823883180542152
166,12,/home/nabizadz/Projects/Mahsa/datasets/grid/test/s34/pbas2a.mpg,284,300,4.340229034423828,0.9816757226944952
166,13,/home/nabizadz/Projects/Mahsa/datasets/grid/test/s34/swar7p.mpg,272,288,4.398892879486084,0.9999322137779465
166,14,/home/nabizadz/Projects/Mahsa/datasets/grid/test/s34/swaz1p.mpg,49,65,4.4593400955200195,0.9895434436352559
166,15,/home/nabizadz/Projects/Mahsa/datasets/grid/test/s34/sbax9p.mpg,237,253,3.921546220779419,0.9792473128331284
167,0,/home/nabizadz/Projects/Mahsa/datasets/grid/test/s34/prif3n.mpg,99,115,3.201529026031494,0.9627972625947396
167,1,/home/nabizadz/Projects/Mahsa/datasets/grid/test/s34/sbad6s.mpg,39,55,2.07765793800354,0.97292962923915
167,2,/home/nabizadz/Projects/Mahsa/datasets/grid/test/s34/swbz5p.mpg,252,268,3.91559100151062,0.9733183032891781
167,3,/home/nabizadz/Projects/Mahsa/datasets/grid/test/s34/lbit1n.mpg,253,269,4.349088668823242,0.9997663709830729
167,4,/home/nabizadz/Projects/Mahsa/datasets/grid/test/s34/sbby2s.mpg,93,109,3.4701201915740967,0.9796561348024053
167,5,/home/nabizadz/Projects/Mahsa/datasets/grid/test/s34/prbg4a.mpg,99,115,3.481537342071533,0.9891442482402595
167,6,/home/nabizadz/Projects/Mahsa/datasets/grid/test/s34/lbinza.mpg,28,44,4.222235679626465,0.9924046241544241
167,7,/home/nabizadz/Projects/Mahsa/datasets/grid/test/s34/lwbv1n.mpg,90,106,3.53592586517334,0.9827065454393601
167,8,/home/nabizadz/Projects/Mahsa/datasets/grid/test/s34/bbih9n.mpg,271,287,3.9821150302886963,0.9968096102136925
167,9,/home/nabizadz/Projects/Mahsa/datasets/grid/test/s34/pgig7p.mpg,157,173,4.045730113983154,0.9952056628278839
167,10,/home/nabizadz/Projects/Mahsa/datasets/grid/test/s34/prwa2s.mpg,46,62,2.34857439994812,0.9373865181299607
167,11,/home/nabizadz/Projects/Mahsa/datasets/grid/test/s34/lgac3p.mpg,141,157,3.3781044483184814,0.9612328135739577
167,12,/home/nabizadz/Projects/Mahsa/datasets/grid/test/s34/lgbj2a.mpg,175,191,3.821544885635376,0.9877027282268567
167,13,/home/nabizadz/Projects/Mahsa/datasets/grid/test/s34/pgig6s.mpg,102,118,3.3268589973449707,0.9645956346466376
167,14,/home/nabizadz/Projects/Mahsa/datasets/grid/test/s34/pwat2s.mpg,276,292,4.3701958656311035,0.9996325280793166
167,15,/home/nabizadz/Projects/Mahsa/datasets/grid/test/s34/sgiz4a.mpg,257,273,4.334954738616943,0.9999821806191845
168,0,/home/nabizadz/Projects/Mahsa/datasets/grid/test/s34/lgii2s.mpg,6,22,4.427187442779541,0.9999989500136369
168,1,/home/nabizadz/Projects/Mahsa/datasets/grid/test/s34/swbszs.mpg,248,264,3.626631736755371,0.983701675982746
168,2,/home/nabizadz/Projects/Mahsa/datasets/grid/test/s34/sbwy7p.mpg,254,270,4.300824165344238,0.9999700495967578
168,3,/home/nabizadz/Projects/Mahsa/datasets/grid/test/s34/pbws8s.mpg,161,177,3.7506144046783447,0.9665088351723226
168,4,/home/nabizadz/Projects/Mahsa/datasets/grid/test/s34/lban1n.mpg,83,99,2.5527827739715576,0.9776909717827448
168,5,/home/nabizadz/Projects/Mahsa/datasets/grid/test/s34/lwwc3n.mpg,3,19,4.345828056335449,0.9855409891359935
168,6,/home/nabizadz/Projects/Mahsa/datasets/grid/test/s34/sgal7n.mpg,202,218,3.889888048171997,0.965672022182597
168,7,/home/nabizadz/Projects/Mahsa/datasets/grid/test/s34/prbt1p.mpg,156,172,3.7714078426361084,0.9813128516300988
168,8,/home/nabizadz/Projects/Mahsa/datasets/grid/test/s34/lgac1n.mpg,48,64,2.950000524520874,0.9827241849139454
168,9,/home/nabizadz/Projects/Mahsa/datasets/grid/test/s34/swws3n.mpg,21,37,4.006599426269531,0.9824930360683573
168,10,/home/nabizadz/Projects/Mahsa/datasets/grid/test/s34/lrbb3n.mpg,18,34,4.360270023345947,0.999970204998594
168,11,/home/nabizadz/Projects/Mahsa/datasets/grid/test/s34/bwaj6s.mpg,262,278,4.338628768920898,0.999999149752815
168,12,/home/nabizadz/Projects/Mahsa/datasets/grid/test/s34/lbwu3n.mpg,22,38,4.235933303833008,0.9982455952737909
168,13,/home/nabizadz/Projects/Mahsa/datasets/grid/test/s34/lgwx4a.mpg,281,297,4.478943824768066,0.9997074824266305
168,14,/home/nabizadz/Projects/Mahsa/datasets/grid/test/s34/swwm2a.mpg,214,230,2.943117380142212,0.9661455523800485
168,15,/home/nabizadz/Projects/Mahsa/datasets/grid/test/s34/lgiv2a.mpg,82,98,3.2380759716033936,0.9627325692901783
169,0,/home/nabizadz/Projects/Mahsa/datasets/grid/test/s34/swws6a.mpg,101,117,3.385943651199341,0.9799547567868212
169,1,/home/nabizadz/Projects/Mahsa/datasets/grid/test/s34/lwab8a.mpg,198,214,3.9841437339782715,0.9923829843687555
169,2,/home/nabizadz/Projects/Mahsa/datasets/grid/test/s34/pbaszs.mpg,9,25,2.287827253341675,0.986958970429716
169,3,/home/nabizadz/Projects/Mahsa/datasets/grid/test/s34/lgio8a.mpg,131,147,2.6954004764556885,0.9680309644309738
169,4,/home/nabizadz/Projects/Mahsa/datasets/grid/test/s34/lban2s.mpg,209,225,3.8154892921447754,0.9705330043464697
169,5,/home/nabizadz/Projects/Mahsa/datasets/grid/test/s34/pwag4s.mpg,97,113,3.7436516284942627,0.9866613114361839
169,6,/home/nabizadz/Projects/Mahsa/datasets/grid/test/s34/lrbh7n.mpg,102,118,2.9958393573760986,0.9838837292494912
169,7,/home/nabizadz/Projects/Mahsa/datasets/grid/test/s34/sbiq1p.mpg,55,71,3.1381518840789795,0.9535711309282124
169,8,/home/nabizadz/Projects/Mahsa/datasets/grid/test/s34/bgix7p.mpg,6,22,4.336502552032471,0.9999920419213805
169,9,/home/nabizadz/Projects/Mahsa/datasets/grid/test/s34/pras7p.mpg,256,272,4.391474723815918,0.9999127427720356
169,10,/home/nabizadz/Projects/Mahsa/datasets/grid/test/s34/swws5p.mpg,53,69,3.2444112300872803,0.9690285192340378
169,11,/home/nabizadz/Projects/Mahsa/datasets/grid/test/s34/lbahza.mpg,197,213,3.5179836750030518,0.9726889997471181
169,12,/home/nabizadz/Projects/Mahsa/datasets/grid/test/s34/bgbrzs.mpg,24,40,3.525935173034668,0.9823896494583784
169,13,/home/nabizadz/Projects/Mahsa/datasets/grid/test/s34/pbil3p.mpg,245,261,4.1659674644470215,0.9835632057571334
169,14,/home/nabizadz/Projects/Mahsa/datasets/grid/test/s34/sbid2s.mpg,177,193,3.870145320892334,0.9364518392622898
169,15,/home/nabizadz/Projects/Mahsa/datasets/grid/test/s34/pwigzs.mpg,176,192,3.7345523834228516,0.9768481799719564
170,0,/home/nabizadz/Projects/Mahsa/datasets/grid/test/s34/bwwq8s.mpg,237,253,4.3685712814331055,0.980905306266047
170,1,/home/nabizadz/Projects/Mahsa/datasets/grid/test/s34/lbwo1p.mpg,129,145,2.432781219482422,0.9704466387539183
170,2,/home/nabizadz/Projects/Mahsa/datasets/grid/test/s34/sgbs8a.mpg,53,69,3.3949155807495117,0.9728381451697136
170,3,/home/nabizadz/Projects/Mahsa/datasets/grid/test/s34/sgwm7p.mpg,59,75,3.7126553058624268,0.9651555618456664
170,4,/home/nabizadz/Projects/Mahsa/datasets/grid/test/s34/pgan4s.mpg,210,226,3.8773155212402344,0.9747514335332301
170,5,/home/nabizadz/Projects/Mahsa/datasets/grid/test/s34/srik3p.mpg,69,85,3.1984572410583496,0.9827291824535906
170,6,/home/nabizadz/Projects/Mahsa/datasets/grid/test/s34/srik2s.mpg,247,263,4.491247177124023,0.9998342543300757
170,7,/home/nabizadz/Projects/Mahsa/datasets/grid/test/s34/swie4s.mpg,57,73,3.21225905418396,0.9533266038181242
170,8,/home/nabizadz/Projects/Mahsa/datasets/grid/test/s34/bwbyza.mpg,134,150,3.350919008255005,0.980483649756586
170,9,/home/nabizadz/Projects/Mahsa/datasets/grid/test/s34/pgit3n.mpg,142,158,3.2884697914123535,0.9458096253173127
170,10,/home/nabizadz/Projects/Mahsa/datasets/grid/test/s34/pgit5p.mpg,251,267,4.278619289398193,0.9881442932516191
170,11,/home/nabizadz/Projects/Mahsa/datasets/grid/test/s34/bgaq8a.mpg,231,247,4.439574718475342,0.9999977177402518
170,12,/home/nabizadz/Projects/Mahsa/datasets/grid/test/s34/sgwt1p.mpg,121,137,2.1829142570495605,0.9560364208576594
170,13,/home/nabizadz/Projects/Mahsa/datasets/grid/test/s34/bwbd7p.mpg,254,270,4.381257057189941,0.9836378089354417
170,14,/home/nabizadz/Projects/Mahsa/datasets/grid/test/s34/sgwt2a.mpg,279,295,4.544943809509277,0.9998015026775597
170,15,/home/nabizadz/Projects/Mahsa/datasets/grid/test/s34/lgiu9n.mpg,178,194,3.745603322982788,0.9615848831344465
171,0,/home/nabizadz/Projects/Mahsa/datasets/grid/test/s34/lgav6a.mpg,123,139,3.937765121459961,0.9744992556120471
171,1,/home/nabizadz/Projects/Mahsa/datasets/grid/test/s34/bgad8s.mpg,196,212,4.029489040374756,0.9909807135341336
171,2,/home/nabizadz/Projects/Mahsa/datasets/grid/test/s34/lbwozs.mpg,172,188,3.9769721031188965,0.9844695458757472
171,3,/home/nabizadz/Projects/Mahsa/datasets/grid/test/s34/lwwp3p.mpg,14,30,4.397830963134766,0.9999917032708341
171,4,/home/nabizadz/Projects/Mahsa/datasets/grid/test/s34/sbaq4s.mpg,250,266,4.110126495361328,0.9974821387574856
171,5,/home/nabizadz/Projects/Mahsa/datasets/grid/test/s34/pbwg1p.mpg,255,271,4.33872652053833,0.9682809183523519
171,6,/home/nabizadz/Projects/Mahsa/datasets/grid/test/s34/lwwi9p.mpg,148,164,3.8184666633605957,0.9702440851158232
171,7,/home/nabizadz/Projects/Mahsa/datasets/grid/test/s34/prif5p.mpg,196,212,3.573737859725952,0.977827376720227
171,8,/home/nabizadz/Projects/Mahsa/datasets/grid/test/s34/srbe7p.mpg,161,177,3.2505605220794678,0.9579277404459777
171,9,/home/nabizadz/Projects/Mahsa/datasets/grid/test/s34/lgai7p.mpg,6,22,4.480981349945068,0.999954546692374
171,10,/home/nabizadz/Projects/Mahsa/datasets/grid/test/s34/lbbn6s.mpg,282,298,4.261093616485596,0.9993439516341727
171,11,/home/nabizadz/Projects/Mahsa/datasets/grid/test/s34/bwwe2a.mpg,200,216,3.5416793823242188,0.9815024349197721
171,12,/home/nabizadz/Projects/Mahsa/datasets/grid/test/s34/lrau1n.mpg,167,183,3.655531167984009,0.9639386791465782
171,13,/home/nabizadz/Projects/Mahsa/datasets/grid/test/s34/bwax6a.mpg,47,63,2.8208673000335693,0.9592131488869363
171,14,/home/nabizadz/Projects/Mahsa/datasets/grid/test/s34/bgbk7p.mpg,209,225,3.7127153873443604,0.9810053937513888
171,15,/home/nabizadz/Projects/Mahsa/datasets/grid/test/s34/lbbn7p.mpg,102,118,2.9890241622924805,0.9900875329730117
172,0,/home/nabizadz/Projects/Mahsa/datasets/grid/test/s34/swbs2a.mpg,49,65,3.152111053466797,0.9730589125400536
172,1,/home/nabizadz/Projects/Mahsa/datasets/grid/test/s34/swwm1p.mpg,121,137,3.66137433052063,0.987913218905327
172,2,/home/nabizadz/Projects/Mahsa/datasets/grid/test/s34/lbwu4s.mpg,24,40,4.421797275543213,0.9999986157271452
172,3,/home/nabizadz/Projects/Mahsa/datasets/grid/test/s34/srwz2s.mpg,123,139,3.2340779304504395,0.972622943764094
172,4,/home/nabizadz/Projects/Mahsa/datasets/grid/test/s34/pgim9n.mpg,43,59,3.3059446811676025,0.9692748419214637
172,5,/home/nabizadz/Projects/Mahsa/datasets/grid/test/s34/lgwx2s.mpg,24,40,4.266347408294678,0.999874816750033
172,6,/home/nabizadz/Projects/Mahsa/datasets/grid/test/s34/sbbk5p.mpg,39,55,4.1547651290893555,0.9913470909675213
172,7,/home/nabizadz/Projects/Mahsa/datasets/grid/test/s34/lwao3n.mpg,173,189,2.1240806579589844,0.9444978222883933
172,8,/home/nabizadz/Projects/Mahsa/datasets/grid/test/s34/srbr3n.mpg,114,130,2.4556972980499268,0.9955516048527048
172,9,/home/nabizadz/Projects/Mahsa/datasets/grid/test/s34/sbby3p.mpg,128,144,3.4800281524658203,0.9813193361961149
172,10,/home/nabizadz/Projects/Mahsa/datasets/grid/test/s34/sbid4a.mpg,220,236,3.833374500274658,0.971192739645675
172,11,/home/nabizadz/Projects/Mahsa/datasets/grid/test/s34/swbf1n.mpg,172,188,3.888458728790283,0.993372197478269
172,12,/home/nabizadz/Projects/Mahsa/datasets/grid/test/s34/pwis7n.mpg,38,54,2.427546739578247,0.9706504486007017
172,13,/home/nabizadz/Projects/Mahsa/datasets/grid/test/s34/sbwe4s.mpg,89,105,3.2498409748077393,0.9581052861962229
172,14,/home/nabizadz/Projects/Mahsa/datasets/grid/test/s34/brbj4s.mpg,194,210,3.8973822593688965,0.9853278823968455
172,15,/home/nabizadz/Projects/Mahsa/datasets/grid/test/s34/lgbv7n.mpg,88,104,3.4662253856658936,0.9776543234336631
173,0,/home/nabizadz/Projects/Mahsa/datasets/grid/test/s34/lbbt9n.mpg,42,58,3.3286218643188477,0.9901756623197654
173,1,/home/nabizadz/Projects/Mahsa/datasets/grid/test/s34/brbd2a.mpg,41,57,3.207209348678589,0.9841766257709168
173,2,/home/nabizadz/Projects/Mahsa/datasets/grid/test/s34/bbiu8s.mpg,165,181,3.6967697143554688,0.9974775972122375
173,3,/home/nabizadz/Projects/Mahsa/datasets/grid/test/s34/sriy1p.mpg,202,218,3.9973340034484863,0.9760214117366923
173,4,/home/nabizadz/Projects/Mahsa/datasets/grid/test/s34/swae9p.mpg,84,100,3.0615363121032715,0.9774604720250395
173,5,/home/nabizadz/Projects/Mahsa/datasets/grid/test/s34/brav9p.mpg,240,256,3.5966289043426514,0.970502772955942
173,6,/home/nabizadz/Projects/Mahsa/datasets/grid/test/s34/lwwp2s.mpg,66,82,3.203237771987915,0.982644369590306
173,7,/home/nabizadz/Projects/Mahsa/datasets/grid/test/s34/pwwn8a.mpg,224,240,4.253040313720703,0.9785385320348177
173,8,/home/nabizadz/Projects/Mahsa/datasets/grid/test/s34/lwin9n.mpg,39,55,3.993703842163086,0.9924359786939541
173,9,/home/nabizadz/Projects/Mahsa/datasets/grid/test/s34/lgib9p.mpg,283,299,4.292474269866943,0.9871437525328643
173,10,/home/nabizadz/Projects/Mahsa/datasets/grid/test/s34/bwaj7p.mpg,101,117,3.4272005558013916,0.9863613330300949
173,11,/home/nabizadz/Projects/Mahsa/datasets/grid/test/s34/pril9p.mpg,184,200,3.275516986846924,0.9880218308817069
173,12,/home/nabizadz/Projects/Mahsa/datasets/grid/test/s34/bwbq6a.mpg,55,71,2.8785629272460938,0.9644983500618933
173,13,/home/nabizadz/Projects/Mahsa/datasets/grid/test/s34/brac5n.mpg,193,209,3.739112615585327,0.9657653378714538
173,14,/home/nabizadz/Projects/Mahsa/datasets/grid/test/s34/bric4a.mpg,252,268,4.269127368927002,0.9654664966092951
173,15,/home/nabizadz/Projects/Mahsa/datasets/grid/test/s34/sgaf6a.mpg,183,199,3.6384215354919434,0.9851970246719118
174,0,/home/nabizadz/Projects/Mahsa/datasets/grid/test/s34/bbai5p.mpg,256,272,4.0627264976501465,0.9815192777677795
174,1,/home/nabizadz/Projects/Mahsa/datasets/grid/test/s34/pgbbzs.mpg,215,231,4.237390995025635,0.9971396800160914
174,2,/home/nabizadz/Projects/Mahsa/datasets/grid/test/s34/bwax5p.mpg,24,40,4.323509693145752,0.9999564189040098
174,3,/home/nabizadz/Projects/Mahsa/datasets/grid/test/s34/sriq6s.mpg,154,170,3.203644275665283,0.924319374301767
174,4,/home/nabizadz/Projects/Mahsa/datasets/grid/test/s34/bwix1p.mpg,158,174,3.646575450897217,0.974009240812409
174,5,/home/nabizadz/Projects/Mahsa/datasets/grid/test/s34/lrbo3p.mpg,110,126,3.743443012237549,0.9921693955830513
174,6,/home/nabizadz/Projects/Mahsa/datasets/grid/test/s34/lgwj5p.mpg,269,285,4.342168807983398,0.9938819123836286
174,7,/home/nabizadz/Projects/Mahsa/datasets/grid/test/s34/briv4s.mpg,208,224,3.940237283706665,0.9723488382647134
174,8,/home/nabizadz/Projects/Mahsa/datasets/grid/test/s34/sgil6a.mpg,142,158,3.526482105255127,0.960895792545139
174,9,/home/nabizadz/Projects/Mahsa/datasets/grid/test/s34/bwbk1p.mpg,10,26,4.469440937042236,0.9999984931259085
174,10,/home/nabizadz/Projects/Mahsa/datasets/grid/test/s34/pram3p.mpg,81,97,3.5206573009490967,0.9869139404124462
174,11,/home/nabizadz/Projects/Mahsa/datasets/grid/test/s34/bbao7n.mpg,236,252,4.394618988037109,0.9655503966624315
174,12,/home/nabizadz/Projects/Mahsa/datasets/grid/test/s34/bgayzs.mpg,183,199,3.9740428924560547,0.9776215404069942
174,13,/home/nabizadz/Projects/Mahsa/datasets/grid/test/s34/lbba8s.mpg,60,76,2.870654582977295,0.9423409204382458
174,14,/home/nabizadz/Projects/Mahsa/datasets/grid/test/s34/pwbg8s.mpg,50,66,2.611875295639038,0.9695363607136452
174,15,/home/nabizadz/Projects/Mahsa/datasets/grid/test/s34/sgwg3p.mpg,186,202,3.6736724376678467,0.8993047422056776
175,0,/home/nabizadz/Projects/Mahsa/datasets/grid/test/s34/pgaa7p.mpg,270,286,4.327845096588135,0.9997229682114913
175,1,/home/nabizadz/Projects/Mahsa/datasets/grid/test/s34/pwwn7p.mpg,282,298,4.172883033752441,0.9753823700800308
175,2,/home/nabizadz/Projects/Mahsa/datasets/grid/test/s34/bbib5n.mpg,155,171,2.59114146232605,0.9852765392121031
175,3,/home/nabizadz/Projects/Mahsa/datasets/grid/test/s34/lrbiza.mpg,191,207,3.916236639022827,0.9685934954802308
175,4,/home/nabizadz/Projects/Mahsa/datasets/grid/test/s34/pgwu6s.mpg,275,291,4.4593610763549805,0.9999759854781347
175,5,/home/nabizadz/Projects/Mahsa/datasets/grid/test/s34/sgir8s.mpg,158,174,3.6241843700408936,0.9850536379754525
175,6,/home/nabizadz/Projects/Mahsa/datasets/grid/test/s34/swwz7n.mpg,187,203,4.011358261108398,0.9841281398828413
175,7,/home/nabizadz/Projects/Mahsa/datasets/grid/test/s34/praz9n.mpg,81,97,3.5766751766204834,0.985178846579136
175,8,/home/nabizadz/Projects/Mahsa/datasets/grid/test/s34/lbaa6a.mpg,221,237,4.44041109085083,0.9996856614437095
175,9,/home/nabizadz/Projects/Mahsa/datasets/grid/test/s34/lgwqza.mpg,148,164,3.4547111988067627,0.9568780049317986
175,10,/home/nabizadz/Projects/Mahsa/datasets/grid/test/s34/lrig9n.mpg,61,77,2.507958173751831,0.9467540243817182
175,11,/home/nabizadz/Projects/Mahsa/datasets/grid/test/s34/bwbq5p.mpg,25,41,3.5236661434173584,0.9649326372337781
175,12,/home/nabizadz/Projects/Mahsa/datasets/grid/test/s34/pgaa5n.mpg,249,265,3.9346423149108887,0.9802962870368276
175,13,/home/nabizadz/Projects/Mahsa/datasets/grid/test/s34/lgai8a.mpg,29,45,4.069858074188232,0.9983209773720334
175,14,/home/nabizadz/Projects/Mahsa/datasets/grid/test/s34/pwim3n.mpg,71,87,3.9634768962860107,0.9956520428669704
175,15,/home/nabizadz/Projects/Mahsa/datasets/grid/test/s34/sbak1p.mpg,246,262,3.8471319675445557,0.9597484144166959
176,0,/home/nabizadz/Projects/Mahsa/datasets/grid/test/s34/pwbg7n.mpg,245,261,3.822136878967285,0.9883429172816331
176,1,/home/nabizadz/Projects/Mahsa/datasets/grid/test/s34/lgwdzs.mpg,23,39,4.34442663192749,0.9999999856364183
176,2,/home/nabizadz/Projects/Mahsa/datasets/grid/test/s34/sbwr2s.mpg,217,233,2.7773969173431396,0.9629619265973367
176,3,/home/nabizadz/Projects/Mahsa/datasets/grid/test/s34/lwiozs.mpg,106,122,3.1601502895355225,0.980664694696255
176,4,/home/nabizadz/Projects/Mahsa/datasets/grid/test/s34/srae4a.mpg,252,268,4.4396257400512695,0.999949884761228
176,5,/home/nabizadz/Projects/Mahsa/datasets/grid/test/s34/prbm6s.mpg,189,205,3.6397552490234375,0.9579796024015151
176,6,/home/nabizadz/Projects/Mahsa/datasets/grid/test/s34/srae2s.mpg,147,163,3.3082733154296875,0.9293583010862935
176,7,/home/nabizadz/Projects/Mahsa/datasets/grid/test/s34/sbid3p.mpg,106,122,3.5070064067840576,0.9587722988927084
176,8,/home/nabizadz/Projects/Mahsa/datasets/grid/test/s34/pwwn6s.mpg,72,88,3.0946550369262695,0.9738964247369579
176,9,/home/nabizadz/Projects/Mahsa/datasets/grid/test/s34/pbbf6s.mpg,169,185,3.2930350303649902,0.9787387847034937
176,10,/home/nabizadz/Projects/Mahsa/datasets/grid/test/s34/swwl9n.mpg,121,137,3.3451502323150635,0.9707585283165123
176,11,/home/nabizadz/Projects/Mahsa/datasets/grid/test/s34/lrah5p.mpg,71,87,3.0776004791259766,0.9727665135304008
176,12,/home/nabizadz/Projects/Mahsa/datasets/grid/test/s34/lgwj6a.mpg,49,65,2.630145311355591,0.9654999441495342
176,13,/home/nabizadz/Projects/Mahsa/datasets/grid/test/s34/bbwj3p.mpg,44,60,3.731053113937378,0.9800940460553499
176,14,/home/nabizadz/Projects/Mahsa/datasets/grid/test/s34/brwq4a.mpg,268,284,4.402927875518799,0.9863758305687312
176,15,/home/nabizadz/Projects/Mahsa/datasets/grid/test/s34/lgap1p.mpg,250,266,4.310437202453613,0.9918859593353899
177,0,/home/nabizadz/Projects/Mahsa/datasets/grid/test/s34/srak7p.mpg,197,213,2.3016138076782227,0.9905435771786737
177,1,/home/nabizadz/Projects/Mahsa/datasets/grid/test/s34/bgwl2a.mpg,239,255,4.465642929077148,0.987719818073922
177,2,/home/nabizadz/Projects/Mahsa/datasets/grid/test/s34/prbtzs.mpg,116,132,3.104872703552246,0.9497168658835856
177,3,/home/nabizadz/Projects/Mahsa/datasets/grid/test/s34/pgbn8s.mpg,214,230,3.67449951171875,0.9720858968472823
177,4,/home/nabizadz/Projects/Mahsa/datasets/grid/test/s34/pbws7n.mpg,66,82,3.427027702331543,0.9772796250219175
177,5,/home/nabizadz/Projects/Mahsa/datasets/grid/test/s34/sbbd9n.mpg,166,182,3.6750802993774414,0.9743953752167392
177,6,/home/nabizadz/Projects/Mahsa/datasets/grid/test/s34/bwbq4s.mpg,36,52,3.9621775150299072,0.9932411400629824
177,7,/home/nabizadz/Projects/Mahsa/datasets/grid/test/s34/bwwrza.mpg,20,36,2.7785162925720215,0.985382463670476
177,8,/home/nabizadz/Projects/Mahsa/datasets/grid/test/s34/bwij4a.mpg,10,26,4.411348342895508,0.9999892319493688
177,9,/home/nabizadz/Projects/Mahsa/datasets/grid/test/s34/bbwxzs.mpg,183,199,3.874830484390259,0.9714528586448907
177,10,/home/nabizadz/Projects/Mahsa/datasets/grid/test/s34/lbaa5p.mpg,113,129,3.282525062561035,0.9866855654480924
177,11,/home/nabizadz/Projects/Mahsa/datasets/grid/test/s34/bwad2s.mpg,107,123,3.0035245418548584,0.9685373273609434
177,12,/home/nabizadz/Projects/Mahsa/datasets/grid/test/s34/lran9p.mpg,236,252,4.245514392852783,0.9874771656731925
177,13,/home/nabizadz/Projects/Mahsa/datasets/grid/test/s34/lwbv3p.mpg,185,201,3.8553740978240967,0.9764580717437195
177,14,/home/nabizadz/Projects/Mahsa/datasets/grid/test/s34/pbwm5p.mpg,79,95,2.6363091468811035,0.9725889606020719
177,15,/home/nabizadz/Projects/Mahsa/datasets/grid/test/s34/bgid5p.mpg,158,174,3.803460121154785,0.9932385620033058
178,0,/home/nabizadz/Projects/Mahsa/datasets/grid/test/s34/sriyzs.mpg,35,51,3.229334592819214,0.9989950635233008
178,1,/home/nabizadz/Projects/Mahsa/datasets/grid/test/s34/lgbv8s.mpg,222,238,3.823256254196167,0.9639489893068109
178,2,/home/nabizadz/Projects/Mahsa/datasets/grid/test/s34/lrbo2s.mpg,132,148,3.2088570594787598,0.956686346837687
178,3,/home/nabizadz/Projects/Mahsa/datasets/grid/test/s34/bric1n.mpg,100,116,3.335815668106079,0.9583245782249085
178,4,/home/nabizadz/Projects/Mahsa/datasets/grid/test/s34/prwn2a.mpg,83,99,3.8070061206817627,0.988620154712936
178,5,/home/nabizadz/Projects/Mahsa/datasets/grid/test/s34/swbz6a.mpg,15,31,4.508491039276123,0.9993028581041073
178,6,/home/nabizadz/Projects/Mahsa/datasets/grid/test/s34/swik9p.mpg,145,161,3.3863778114318848,0.9640387466343239
178,7,/home/nabizadz/Projects/Mahsa/datasets/grid/test/s34/lwwc4s.mpg,267,283,4.399093151092529,0.9999457162271268
178,8,/home/nabizadz/Projects/Mahsa/datasets/grid/test/s34/brio9n.mpg,151,167,3.675222873687744,0.9732284715742606
178,9,/home/nabizadz/Projects/Mahsa/datasets/grid/test/s34/bbwj4a.mpg,209,225,3.9878532886505127,0.9873123837808
178,10,/home/nabizadz/Projects/Mahsa/datasets/grid/test/s34/brac7p.mpg,81,97,3.638920545578003,0.9663044754392908
178,11,/home/nabizadz/Projects/Mahsa/datasets/grid/test/s34/pbie8s.mpg,16,32,4.552567005157471,0.9968741142360369
178,12,/home/nabizadz/Projects/Mahsa/datasets/grid/test/s34/lwao6a.mpg,253,269,4.394330978393555,0.9999726314341839
178,13,/home/nabizadz/Projects/Mahsa/datasets/grid/test/s34/swbl8a.mpg,218,234,3.9397692680358887,0.9807371254722209
178,14,/home/nabizadz/Projects/Mahsa/datasets/grid/test/s34/lrau4a.mpg,188,204,3.6637649536132812,0.9390649363047613
178,15,/home/nabizadz/Projects/Mahsa/datasets/grid/test/s34/sbij8a.mpg,255,271,3.958089828491211,0.9945207221865772
179,0,/home/nabizadz/Projects/Mahsa/datasets/grid/test/s34/pris1n.mpg,167,183,3.865516424179077,0.9833352530216096
179,1,/home/nabizadz/Projects/Mahsa/datasets/grid/test/s34/srarzs.mpg,207,223,4.17230749130249,0.9953680502419175
179,2,/home/nabizadz/Projects/Mahsa/datasets/grid/test/s34/swal4a.mpg,1,17,4.457037925720215,0.9999989615371527
179,3,/home/nabizadz/Projects/Mahsa/datasets/grid/test/s34/pgwo3p.mpg,44,60,2.8986592292785645,0.967028959949991
179,4,/home/nabizadz/Projects/Mahsa/datasets/grid/test/s34/swilza.mpg,65,81,3.1465835571289062,0.9537475080290764
179,5,/home/nabizadz/Projects/Mahsa/datasets/grid/test/s34/lwaizs.mpg,234,250,3.884934902191162,0.9608941044971935
179,6,/home/nabizadz/Projects/Mahsa/datasets/grid/test/s34/pbbz9p.mpg,260,276,4.300306797027588,0.9988329478185168
179,7,/home/nabizadz/Projects/Mahsa/datasets/grid/test/s34/sriy2a.mpg,187,203,3.291008949279785,0.9631394865993019
179,8,/home/nabizadz/Projects/Mahsa/datasets/grid/test/s34/pgwh8s.mpg,138,154,2.550276517868042,0.9689989544966856
179,9,/home/nabizadz/Projects/Mahsa/datasets/grid/test/s34/lbit3p.mpg,274,290,4.359950065612793,0.9996454046880275
179,10,/home/nabizadz/Projects/Mahsa/datasets/grid/test/s34/pwitza.mpg,53,69,2.563230276107788,0.9636405995915805
179,11,/home/nabizadz/Projects/Mahsa/datasets/grid/test/s34/pras5n.mpg,28,44,3.5325353145599365,0.9921453322520437
179,12,/home/nabizadz/Projects/Mahsa/datasets/grid/test/s34/bbwc9p.mpg,256,272,4.359978199005127,0.9791214477165328
179,13,/home/nabizadz/Projects/Mahsa/datasets/grid/test/s34/swwf8a.mpg,243,259,4.3445515632629395,0.9995323327668537
179,14,/home/nabizadz/Projects/Mahsa/datasets/grid/test/s34/brac6s.mpg,200,216,4.124957084655762,0.9929582785501002
179,15,/home/nabizadz/Projects/Mahsa/datasets/grid/test/s34/pwanza.mpg,225,241,3.8975541591644287,0.9776765567693771
180,0,/home/nabizadz/Projects/Mahsa/datasets/grid/test/s34/bwbj9n.mpg,116,132,2.955244302749634,0.9727869699991654
180,1,/home/nabizadz/Projects/Mahsa/datasets/grid/test/s34/bgwy7n.mpg,90,106,3.69480562210083,0.9814086749679967
180,2,/home/nabizadz/Projects/Mahsa/datasets/grid/test/s34/briv6a.mpg,101,117,3.231340169906616,0.9642429783339661
180,3,/home/nabizadz/Projects/Mahsa/datasets/grid/test/s34/bgwy8s.mpg,91,107,3.4078760147094727,0.9542696865023801
180,4,/home/nabizadz/Projects/Mahsa/datasets/grid/test/s34/lgbp5p.mpg,194,210,4.0094828605651855,0.9948388664627489
180,5,/home/nabizadz/Projects/Mahsa/datasets/grid/test/s34/lrbb6a.mpg,257,273,3.8728251457214355,0.9732987256329412
180,6,/home/nabizadz/Projects/Mahsa/datasets/grid/test/s34/lwiu5p.mpg,63,79,2.918583393096924,0.9666656946208894
180,7,/home/nabizadz/Projects/Mahsa/datasets/grid/test/s34/brbqza.mpg,199,215,3.916564702987671,0.9789588878518499
180,8,/home/nabizadz/Projects/Mahsa/datasets/grid/test/s34/bwiv9n.mpg,133,149,3.4757273197174072,0.9635971835172905
180,9,/home/nabizadz/Projects/Mahsa/datasets/grid/test/s34/sgbm3p.mpg,203,219,3.477938413619995,0.9823886048701752
180,10,/home/nabizadz/Projects/Mahsa/datasets/grid/test/s34/bgwk9n.mpg,272,288,4.3632731437683105,0.9987571051182348
180,11,/home/nabizadz/Projects/Mahsa/datasets/grid/test/s34/pgwh9p.mpg,171,187,2.990896463394165,0.9556266799343435
180,12,/home/nabizadz/Projects/Mahsa/datasets/grid/test/s34/sgaz8a.mpg,82,98,3.80464506149292,0.9568348267840616
180,13,/home/nabizadz/Projects/Mahsa/datasets/grid/test/s34/bgak4a.mpg,2,18,4.4455108642578125,0.9683868740651786
180,14,/home/nabizadz/Projects/Mahsa/datasets/grid/test/s34/pbwm6a.mpg,47,63,2.4869935512542725,0.9645804234848163
180,15,/home/nabizadz/Projects/Mahsa/datasets/grid/test/s34/lgai5n.mpg,167,183,3.1397199630737305,0.9799902376824294
181,0,/home/nabizadz/Projects/Mahsa/datasets/grid/test/s34/srwz4a.mpg,228,244,4.329124450683594,0.9999142617178576
181,1,/home/nabizadz/Projects/Mahsa/datasets/grid/test/s34/srwz3p.mpg,282,298,4.069640159606934,0.9986083292608182
181,2,/home/nabizadz/Projects/Mahsa/datasets/grid/test/s34/prwg8a.mpg,3,19,4.344144344329834,0.9990171250465235
181,3,/home/nabizadz/Projects/Mahsa/datasets/grid/test/s34/bwap9n.mpg,177,193,3.905322790145874,0.9582567908146503
181,4,/home/nabizadz/Projects/Mahsa/datasets/grid/test/s34/srix9n.mpg,101,117,3.232220411300659,0.9527244875945138
181,5,/home/nabizadz/Projects/Mahsa/datasets/grid/test/s34/pbbs5p.mpg,219,235,3.7592906951904297,0.9752287930782576
181,6,/home/nabizadz/Projects/Mahsa/datasets/grid/test/s34/pbifza.mpg,175,191,3.8190340995788574,0.9829411182440496
181,7,/home/nabizadz/Projects/Mahsa/datasets/grid/test/s34/lgap2a.mpg,73,89,3.4196364879608154,0.9857303913419505
181,8,/home/nabizadz/Projects/Mahsa/datasets/grid/test/s34/bwwy3p.mpg,250,266,4.462161540985107,0.9986049579414806
181,9,/home/nabizadz/Projects/Mahsa/datasets/grid/test/s34/brap5p.mpg,140,156,2.8101017475128174,0.9585964182092556
181,10,/home/nabizadz/Projects/Mahsa/datasets/grid/test/s34/lrbh9p.mpg,36,52,4.2976155281066895,0.9841000210282846
181,11,/home/nabizadz/Projects/Mahsa/datasets/grid/test/s34/prwm9n.mpg,155,171,3.214905261993408,0.9189047265835952
181,12,/home/nabizadz/Projects/Mahsa/datasets/grid/test/s34/lrin3n.mpg,57,73,2.1316356658935547,0.9596812263660933
181,13,/home/nabizadz/Projects/Mahsa/datasets/grid/test/s34/swazzs.mpg,186,202,3.7735438346862793,0.9778629358281388
181,14,/home/nabizadz/Projects/Mahsa/datasets/grid/test/s34/brwq2s.mpg,158,174,3.4567995071411133,0.9722240185251368
181,15,/home/nabizadz/Projects/Mahsa/datasets/grid/test/s34/lbbu1p.mpg,64,80,3.543328285217285,0.983026319805591
182,0,/home/nabizadz/Projects/Mahsa/datasets/grid/test/s34/swie3n.mpg,220,236,4.052608489990234,0.9869625873752934
182,1,/home/nabizadz/Projects/Mahsa/datasets/grid/test/s34/pgbu3p.mpg,269,285,4.32135009765625,0.998656452046131
182,2,/home/nabizadz/Projects/Mahsa/datasets/grid/test/s34/srwr8s.mpg,203,219,3.9994654655456543,0.96103081370484
182,3,/home/nabizadz/Projects/Mahsa/datasets/grid/test/s34/sbbk3n.mpg,209,225,3.61221981048584,0.9790113953377851
182,4,/home/nabizadz/Projects/Mahsa/datasets/grid/test/s34/lwbo7n.mpg,256,272,4.137807846069336,0.9893610916117546
182,5,/home/nabizadz/Projects/Mahsa/datasets/grid/test/s34/bbwp8a.mpg,24,40,4.229485511779785,0.9998153951071849
182,6,/home/nabizadz/Projects/Mahsa/datasets/grid/test/s34/sgir9p.mpg,179,195,2.3098304271698,0.9597107899436811
182,7,/home/nabizadz/Projects/Mahsa/datasets/grid/test/s34/swar5n.mpg,52,68,2.9955921173095703,0.9642524868575868
182,8,/home/nabizadz/Projects/Mahsa/datasets/grid/test/s34/sgiz2s.mpg,143,159,2.9754624366760254,0.9462045118295507
182,9,/home/nabizadz/Projects/Mahsa/datasets/grid/test/s34/bgbe4a.mpg,130,146,3.863706588745117,0.989549297776884
182,10,/home/nabizadz/Projects/Mahsa/datasets/grid/test/s34/bgbq9n.mpg,114,130,3.237649917602539,0.9723840826982217
182,11,/home/nabizadz/Projects/Mahsa/datasets/grid/test/s34/sgir7n.mpg,176,192,3.517610788345337,0.9731902035756825
182,12,/home/nabizadz/Projects/Mahsa/datasets/grid/test/s34/brwq1n.mpg,62,78,3.0564558506011963,0.9768406387017236
182,13,/home/nabizadz/Projects/Mahsa/datasets/grid/test/s34/bbwj1n.mpg,117,133,2.6902883052825928,0.9709928031216752
182,14,/home/nabizadz/Projects/Mahsa/datasets/grid/test/s34/pbal6s.mpg,215,231,4.509196758270264,0.9893109666649966
182,15,/home/nabizadz/Projects/Mahsa/datasets/grid/test/s34/brbp7n.mpg,88,104,3.781602144241333,0.9814887464504429
183,0,/home/nabizadz/Projects/Mahsa/datasets/grid/test/s34/prwnzs.mpg,147,163,2.481921434402466,0.9601504504579815
183,1,/home/nabizadz/Projects/Mahsa/datasets/grid/test/s34/swbf4a.mpg,257,273,4.439878940582275,0.9999928605705767
183,2,/home/nabizadz/Projects/Mahsa/datasets/grid/test/s34/lgio6s.mpg,70,86,2.5935182571411133,0.9656674923562195
183,3,/home/nabizadz/Projects/Mahsa/datasets/grid/test/s34/bwwk4s.mpg,93,109,3.405804395675659,0.9758686737941208
183,4,/home/nabizadz/Projects/Mahsa/datasets/grid/test/s34/lran8s.mpg,191,207,2.144219160079956,0.9539114312611188
183,5,/home/nabizadz/Projects/Mahsa/datasets/grid/test/s34/lwwjza.mpg,152,168,3.594372034072876,0.972882885924737
183,6,/home/nabizadz/Projects/Mahsa/datasets/grid/test/s34/pgat8s.mpg,99,115,3.256150007247925,0.948165874313605
183,7,/home/nabizadz/Projects/Mahsa/datasets/grid/test/s34/sway9n.mpg,97,113,2.6852035522460938,0.9731218526417954
183,8,/home/nabizadz/Projects/Mahsa/datasets/grid/test/s34/lgio5n.mpg,103,119,3.5118634700775146,0.9812860010492966
183,9,/home/nabizadz/Projects/Mahsa/datasets/grid/test/s34/sbwr3p.mpg,163,179,3.2315659523010254,0.9601732506850427
183,10,/home/nabizadz/Projects/Mahsa/datasets/grid/test/s34/bgaq6s.mpg,155,171,3.5373542308807373,0.9826970726902002
183,11,/home/nabizadz/Projects/Mahsa/datasets/grid/test/s34/bbao8s.mpg,246,262,3.6332156658172607,0.9710067276748717
183,12,/home/nabizadz/Projects/Mahsa/datasets/grid/test/s34/bbapza.mpg,184,200,3.1858973503112793,0.9683397271744643
183,13,/home/nabizadz/Projects/Mahsa/datasets/grid/test/s34/pbbm1p.mpg,64,80,3.7000374794006348,0.9889331074644989
183,14,/home/nabizadz/Projects/Mahsa/datasets/grid/test/s34/srwfzs.mpg,33,49,3.3712618350982666,0.9996879657712018
183,15,/home/nabizadz/Projects/Mahsa/datasets/grid/test/s34/pgwo4a.mpg,268,284,4.4193196296691895,0.9960768607325506
184,0,/home/nabizadz/Projects/Mahsa/datasets/grid/test/s34/pbbs4s.mpg,66,82,3.23116135597229,0.9756041255757978
184,1,/home/nabizadz/Projects/Mahsa/datasets/grid/test/s34/lgwp9p.mpg,176,192,3.4834377765655518,0.972754838225787
184,2,/home/nabizadz/Projects/Mahsa/datasets/grid/test/s34/bgwl1p.mpg,195,211,2.9100232124328613,0.9266905008963994
184,3,/home/nabizadz/Projects/Mahsa/datasets/grid/test/s34/pgbn7n.mpg,122,138,2.6323742866516113,0.989093578521732
184,4,/home/nabizadz/Projects/Mahsa/datasets/grid/test/s34/prbm5n.mpg,28,44,3.1780505180358887,0.9975189415992884
184,5,/home/nabizadz/Projects/Mahsa/datasets/grid/test/s34/brbj5p.mpg,88,104,3.3391764163970947,0.985452383763454
184,6,/home/nabizadz/Projects/Mahsa/datasets/grid/test/s34/pwag3n.mpg,159,175,3.9435858726501465,0.9903386291119255
184,7,/home/nabizadz/Projects/Mahsa/datasets/grid/test/s34/brwx5n.mpg,128,144,3.01674222946167,0.9642889997293044
184,8,/home/nabizadz/Projects/Mahsa/datasets/grid/test/s34/prwt4s.mpg,189,205,3.4253294467926025,0.9520401517367283
184,9,/home/nabizadz/Projects/Mahsa/datasets/grid/test/s34/lbim8s.mpg,28,44,2.753281354904175,0.9701667571527596
184,10,/home/nabizadz/Projects/Mahsa/datasets/grid/test/s34/pbie7n.mpg,271,287,4.373388767242432,0.9980648141257441
184,11,/home/nabizadz/Projects/Mahsa/datasets/grid/test/s34/lwwv6s.mpg,15,31,4.474658489227295,0.9998092363588733
184,12,/home/nabizadz/Projects/Mahsa/datasets/grid/test/s34/lgii4a.mpg,192,208,3.5817859172821045,0.9552910906479753
184,13,/home/nabizadz/Projects/Mahsa/datasets/grid/test/s34/lgapzs.mpg,73,89,4.0345635414123535,0.9892487753716916
184,14,/home/nabizadz/Projects/Mahsa/datasets/grid/test/s34/bgwzza.mpg,99,115,3.356440544128418,0.9633145660968686
184,15,/home/nabizadz/Projects/Mahsa/datasets/grid/test/s34/lwbv2s.mpg,199,215,3.4932777881622314,0.9547957385847353
185,0,/home/nabizadz/Projects/Mahsa/datasets/grid/test/s34/lrwo5n.mpg,252,268,4.2980523109436035,0.9886753865330187
185,1,/home/nabizadz/Projects/Mahsa/datasets/grid/test/s34/pgig8a.mpg,56,72,2.9680774211883545,0.9606655303617879
185,2,/home/nabizadz/Projects/Mahsa/datasets/grid/test/s34/sbayza.mpg,4,20,4.529275894165039,0.9993269970476528
185,3,/home/nabizadz/Projects/Mahsa/datasets/grid/test/s34/bbio6a.mpg,226,242,4.054474830627441,0.9991749058000519
185,4,/home/nabizadz/Projects/Mahsa/datasets/grid/test/s34/brbx4a.mpg,3,19,4.372529983520508,0.9918950388043285
185,5,/home/nabizadz/Projects/Mahsa/datasets/grid/test/s34/sgas4a.mpg,28,44,4.465737819671631,0.9987476425094718
185,6,/home/nabizadz/Projects/Mahsa/datasets/grid/test/s34/lrih2a.mpg,120,136,3.0854504108428955,0.9505517201875312
185,7,/home/nabizadz/Projects/Mahsa/datasets/grid/test/s34/swir1n.mpg,21,37,4.027496337890625,0.9972828428680048
185,8,/home/nabizadz/Projects/Mahsa/datasets/grid/test/s34/pgwo2s.mpg,92,108,3.419663906097412,0.9766987122940877
185,9,/home/nabizadz/Projects/Mahsa/datasets/grid/test/s34/lgicza.mpg,261,277,3.5222954750061035,0.9862698740392563
185,10,/home/nabizadz/Projects/Mahsa/datasets/grid/test/s34/pbir5n.mpg,172,188,3.2927091121673584,0.9250622607860252
185,11,/home/nabizadz/Projects/Mahsa/datasets/grid/test/s34/lwwp1n.mpg,275,291,4.371548652648926,0.9969936072242224
185,12,/home/nabizadz/Projects/Mahsa/datasets/grid/test/s34/pwag6a.mpg,113,129,3.41953182220459,0.9873131233122568
185,13,/home/nabizadz/Projects/Mahsa/datasets/grid/test/s34/bgax9n.mpg,92,108,3.7153589725494385,0.9697494215376924
185,14,/home/nabizadz/Projects/Mahsa/datasets/grid/test/s34/srbk9n.mpg,97,113,2.559502363204956,0.9887424534905832
185,15,/home/nabizadz/Projects/Mahsa/datasets/grid/test/s34/pwig2a.mpg,192,208,3.6647450923919678,0.9784808033161738
186,0,/home/nabizadz/Projects/Mahsa/datasets/grid/test/s34/srby7n.mpg,26,42,4.484484672546387,0.999997912417991
186,1,/home/nabizadz/Projects/Mahsa/datasets/grid/test/s34/sbwe6a.mpg,169,185,3.448734998703003,0.9715105600706078
186,2,/home/nabizadz/Projects/Mahsa/datasets/grid/test/s34/sgif1p.mpg,87,103,3.5730462074279785,0.9906811213721154
186,3,/home/nabizadz/Projects/Mahsa/datasets/grid/test/s34/sbax7n.mpg,54,70,4.357793807983398,0.9735473786289265
186,4,/home/nabizadz/Projects/Mahsa/datasets/grid/test/s34/prbm7p.mpg,47,63,2.961982250213623,0.9638088260799511
186,5,/home/nabizadz/Projects/Mahsa/datasets/grid/test/s34/swbf3p.mpg,30,46,3.9665236473083496,0.9792947143030336
186,6,/home/nabizadz/Projects/Mahsa/datasets/grid/test/s34/pwim6a.mpg,15,31,4.501648426055908,0.9999983107882847
186,7,/home/nabizadz/Projects/Mahsa/datasets/grid/test/s34/lran7n.mpg,39,55,4.1333394050598145,0.977682779782848
186,8,/home/nabizadz/Projects/Mahsa/datasets/grid/test/s34/pwaa2a.mpg,229,245,3.926666736602783,0.9746156314850705
186,9,/home/nabizadz/Projects/Mahsa/datasets/grid/test/s34/bgby3n.mpg,237,253,4.112834930419922,0.9345125453224176
186,10,/home/nabizadz/Projects/Mahsa/datasets/grid/test/s34/pgwb5p.mpg,183,199,3.75317120552063,0.9805368578741721
186,11,/home/nabizadz/Projects/Mahsa/datasets/grid/test/s34/bbbi8s.mpg,250,266,3.8538401126861572,0.9849003231824656
186,12,/home/nabizadz/Projects/Mahsa/datasets/grid/test/s34/pbil2s.mpg,203,219,2.9192473888397217,0.9767409221551939
186,13,/home/nabizadz/Projects/Mahsa/datasets/grid/test/s34/prbg2s.mpg,73,89,3.466048240661621,0.9861693628844883
186,14,/home/nabizadz/Projects/Mahsa/datasets/grid/test/s34/pragza.mpg,5,21,4.29227352142334,0.9999564383969701
186,15,/home/nabizadz/Projects/Mahsa/datasets/grid/test/s34/lwbc2a.mpg,112,128,3.1625027656555176,0.9769642919456034
187,0,/home/nabizadz/Projects/Mahsa/datasets/grid/test/s34/brbd1p.mpg,200,216,3.4642670154571533,0.9500024236149017
187,1,/home/nabizadz/Projects/Mahsa/datasets/grid/test/s34/pwag5p.mpg,2,18,4.4139251708984375,0.9999973757678222
187,2,/home/nabizadz/Projects/Mahsa/datasets/grid/test/s34/bgad9p.mpg,137,153,3.665253162384033,0.9800963304853871
187,3,/home/nabizadz/Projects/Mahsa/datasets/grid/test/s34/lrwo6s.mpg,58,74,3.124354839324951,0.9674915114665236
187,4,/home/nabizadz/Projects/Mahsa/datasets/grid/test/s34/lbwh7p.mpg,230,246,4.166996002197266,0.9736075443758629
187,5,/home/nabizadz/Projects/Mahsa/datasets/grid/test/s34/bbwp7p.mpg,218,234,4.104208946228027,0.9741087231082614
187,6,/home/nabizadz/Projects/Mahsa/datasets/grid/test/s34/brwj7n.mpg,245,261,4.0737080574035645,0.9356096170835255
187,7,/home/nabizadz/Projects/Mahsa/datasets/grid/test/s34/sbix5p.mpg,231,247,4.1570892333984375,0.9922689611523118
187,8,/home/nabizadz/Projects/Mahsa/datasets/grid/test/s32/prbazs.mpg,229,245,3.920825958251953,0.9745447051249894
187,9,/home/nabizadz/Projects/Mahsa/datasets/grid/test/s32/bwwe3p.mpg,24,40,4.4319233894348145,0.9919125584045437
187,10,/home/nabizadz/Projects/Mahsa/datasets/grid/test/s32/lgio9p.mpg,150,166,3.734055995941162,0.9759210499853606
187,11,/home/nabizadz/Projects/Mahsa/datasets/grid/test/s32/pwwh5p.mpg,113,129,3.2580227851867676,0.9748527721555585
187,12,/home/nabizadz/Projects/Mahsa/datasets/grid/test/s32/lrah7p.mpg,190,206,3.8187689781188965,0.9516487249948551
187,13,/home/nabizadz/Projects/Mahsa/datasets/grid/test/s32/sgis2a.mpg,247,263,4.303991317749023,0.8806599563244174
187,14,/home/nabizadz/Projects/Mahsa/datasets/grid/test/s32/pgbb3p.mpg,160,176,3.3310976028442383,0.956287431401742
187,15,/home/nabizadz/Projects/Mahsa/datasets/grid/test/s32/lrbizs.mpg,82,98,3.440966844558716,0.9834716929447977
188,0,/home/nabizadz/Projects/Mahsa/datasets/grid/test/s32/sgbm3n.mpg,242,258,4.22896671295166,0.8641553766571249
188,1,/home/nabizadz/Projects/Mahsa/datasets/grid/test/s32/srbe7n.mpg,275,291,4.263637065887451,0.9267446032420661
188,2,/home/nabizadz/Projects/Mahsa/datasets/grid/test/s32/swbf3n.mpg,148,164,2.6884891986846924,0.9851777915670242
188,3,/home/nabizadz/Projects/Mahsa/datasets/grid/test/s32/lban4s.mpg,190,206,3.8005590438842773,0.9783691077493899
188,4,/home/nabizadz/Projects/Mahsa/datasets/grid/test/s32/lwwp5p.mpg,12,28,4.411468982696533,0.9999996961401403
188,5,/home/nabizadz/Projects/Mahsa/datasets/grid/test/s32/brwq3n.mpg,121,137,3.8421335220336914,0.9832616045603195
188,6,/home/nabizadz/Projects/Mahsa/datasets/grid/test/s32/bgwl3p.mpg,109,125,3.3427035808563232,0.97431217532001
188,7,/home/nabizadz/Projects/Mahsa/datasets/grid/test/s32/bbbv9p.mpg,278,294,4.332353115081787,0.9464130722677239
188,8,/home/nabizadz/Projects/Mahsa/datasets/grid/test/s32/lbaa7p.mpg,4,20,4.313440322875977,0.9860602190339415
188,9,/home/nabizadz/Projects/Mahsa/datasets/grid/test/s32/bgik2a.mpg,86,102,3.61625075340271,0.9698892526391719
188,10,/home/nabizadz/Projects/Mahsa/datasets/grid/test/s32/bbbjzs.mpg,12,28,4.517943382263184,0.980801501207322
188,11,/home/nabizadz/Projects/Mahsa/datasets/grid/test/s32/lwiu6s.mpg,114,130,3.788527488708496,0.9797701599254277
188,12,/home/nabizadz/Projects/Mahsa/datasets/grid/test/s32/bbapzs.mpg,33,49,4.122786045074463,0.9858682448653587
188,13,/home/nabizadz/Projects/Mahsa/datasets/grid/test/s32/sray8a.mpg,8,24,4.415659427642822,0.9603074705035788
188,14,/home/nabizadz/Projects/Mahsa/datasets/grid/test/s32/srwl8a.mpg,149,165,3.4549498558044434,0.9798819476566266
188,15,/home/nabizadz/Projects/Mahsa/datasets/grid/test/s32/bgiq4s.mpg,76,92,3.5056328773498535,0.9752674132624597
189,0,/home/nabizadz/Projects/Mahsa/datasets/grid/test/s32/bwwy5p.mpg,160,176,2.116539478302002,0.9839824988558334
189,1,/home/nabizadz/Projects/Mahsa/datasets/grid/test/s32/bbio7p.mpg,164,180,3.817953109741211,0.9763287001292232
189,2,/home/nabizadz/Projects/Mahsa/datasets/grid/test/s32/swasza.mpg,142,158,2.9367082118988037,0.9783546819438637
189,3,/home/nabizadz/Projects/Mahsa/datasets/grid/test/s32/bbbj2a.mpg,99,115,3.691770553588867,0.9770231592688207
189,4,/home/nabizadz/Projects/Mahsa/datasets/grid/test/s32/lwab7n.mpg,278,294,4.093964576721191,0.9373164316501928
189,5,/home/nabizadz/Projects/Mahsa/datasets/grid/test/s32/pbbgza.mpg,0,16,4.475061416625977,0.9762873633499036
189,6,/home/nabizadz/Projects/Mahsa/datasets/grid/test/s32/sbiq2s.mpg,216,232,4.267306327819824,0.9154430238256809
189,7,/home/nabizadz/Projects/Mahsa/datasets/grid/test/s32/lgwd3p.mpg,283,299,4.131235599517822,0.9680130968451541
189,8,/home/nabizadz/Projects/Mahsa/datasets/grid/test/s32/pwwb2a.mpg,245,261,4.215768814086914,0.9571191745093962
189,9,/home/nabizadz/Projects/Mahsa/datasets/grid/test/s32/pbwg4a.mpg,105,121,3.9529671669006348,0.9869647026371994
189,10,/home/nabizadz/Projects/Mahsa/datasets/grid/test/s32/pwbn4s.mpg,144,160,4.035130500793457,0.9827964147209824
189,11,/home/nabizadz/Projects/Mahsa/datasets/grid/test/s32/lbbn8s.mpg,63,79,3.5893521308898926,0.9817942140070021
189,12,/home/nabizadz/Projects/Mahsa/datasets/grid/test/s32/sbbe4a.mpg,105,121,3.4685118198394775,0.9847365882836941
189,13,/home/nabizadz/Projects/Mahsa/datasets/grid/test/s32/bbbj1p.mpg,207,223,4.172367572784424,0.8459634080248116
189,14,/home/nabizadz/Projects/Mahsa/datasets/grid/test/s32/pram5p.mpg,232,248,4.192077159881592,0.9119199588825994
189,15,/home/nabizadz/Projects/Mahsa/datasets/grid/test/s32/pbiz2s.mpg,275,291,4.175699710845947,0.9409926502840882
190,0,/home/nabizadz/Projects/Mahsa/datasets/grid/test/s32/bwwk7p.mpg,205,221,4.0720086097717285,0.9842754588258177
190,1,/home/nabizadz/Projects/Mahsa/datasets/grid/test/s32/pgwu9p.mpg,251,267,4.4986090660095215,0.9438689591650519
190,2,/home/nabizadz/Projects/Mahsa/datasets/grid/test/s32/pwbg9n.mpg,168,184,2.4587786197662354,0.9774461846842031
190,3,/home/nabizadz/Projects/Mahsa/datasets/grid/test/s32/bgak5p.mpg,223,239,4.2196221351623535,0.979792375031186
190,4,/home/nabizadz/Projects/Mahsa/datasets/grid/test/s32/bwbq7p.mpg,19,35,4.341577053070068,0.9689099946781715
190,5,/home/nabizadz/Projects/Mahsa/datasets/grid/test/s32/pwwn7n.mpg,215,231,4.338578224182129,0.9261375911496643
190,6,/home/nabizadz/Projects/Mahsa/datasets/grid/test/s32/brwd7p.mpg,98,114,3.539015054702759,0.9789348488694782
190,7,/home/nabizadz/Projects/Mahsa/datasets/grid/test/s32/sgwm8s.mpg,9,25,4.441617965698242,0.9976468955827005
190,8,/home/nabizadz/Projects/Mahsa/datasets/grid/test/s32/sbby3n.mpg,145,161,3.4340901374816895,0.9637995928623428
190,9,/home/nabizadz/Projects/Mahsa/datasets/grid/test/s32/pgwi1p.mpg,131,147,3.2259950637817383,0.9660863242666122
190,10,/home/nabizadz/Projects/Mahsa/datasets/grid/test/s32/srik4s.mpg,76,92,3.6402552127838135,0.9804307038992404
190,11,/home/nabizadz/Projects/Mahsa/datasets/grid/test/s32/bwwy6a.mpg,184,200,3.3443846702575684,0.9750224257881389
190,12,/home/nabizadz/Projects/Mahsa/datasets/grid/test/s32/swir4s.mpg,37,53,4.102922439575195,0.9726534019264695
190,13,/home/nabizadz/Projects/Mahsa/datasets/grid/test/s32/bwwk5n.mpg,124,140,2.3332345485687256,0.9748278088374908
190,14,/home/nabizadz/Projects/Mahsa/datasets/grid/test/s32/sgif3p.mpg,114,130,3.7786877155303955,0.9722878889597896
190,15,/home/nabizadz/Projects/Mahsa/datasets/grid/test/s32/brwx8s.mpg,101,117,3.576404571533203,0.966271924930498
191,0,/home/nabizadz/Projects/Mahsa/datasets/grid/test/s32/lwao7p.mpg,256,272,1.8191055059432983,0.882746600289742
191,1,/home/nabizadz/Projects/Mahsa/datasets/grid/test/s32/pwaa1n.mpg,0,16,4.479518890380859,0.9975597063337863
191,2,/home/nabizadz/Projects/Mahsa/datasets/grid/test/s32/swar9p.mpg,117,133,4.037086009979248,0.9918643697545717
191,3,/home/nabizadz/Projects/Mahsa/datasets/grid/test/s32/lwao8a.mpg,24,40,4.10798454284668,0.9596200500439457
191,4,/home/nabizadz/Projects/Mahsa/datasets/grid/test/s32/lrin5n.mpg,21,37,4.071293830871582,0.9566904699993479
191,5,/home/nabizadz/Projects/Mahsa/datasets/grid/test/s32/bwax5n.mpg,113,129,3.295971632003784,0.9770621145642084
191,6,/home/nabizadz/Projects/Mahsa/datasets/grid/test/s32/lgac5p.mpg,249,265,4.227865695953369,0.8587312552479924
191,7,/home/nabizadz/Projects/Mahsa/datasets/grid/test/s32/bgwr5n.mpg,138,154,3.8960909843444824,0.9722429170531541
191,8,/home/nabizadz/Projects/Mahsa/datasets/grid/test/s32/pgwo6a.mpg,84,100,3.122915506362915,0.9697869103237479
191,9,/home/nabizadz/Projects/Mahsa/datasets/grid/test/s32/brwq4s.mpg,130,146,3.264418363571167,0.9671168239786176
191,10,/home/nabizadz/Projects/Mahsa/datasets/grid/test/s32/bwwq9n.mpg,43,59,4.1833367347717285,0.9587886025828246
191,11,/home/nabizadz/Projects/Mahsa/datasets/grid/test/s32/lriu2a.mpg,71,87,3.2262749671936035,0.968527982637013
191,12,/home/nabizadz/Projects/Mahsa/datasets/grid/test/s32/srar4a.mpg,265,281,4.372351169586182,0.8880231917529612
191,13,/home/nabizadz/Projects/Mahsa/datasets/grid/test/s32/prif5n.mpg,58,74,3.5216476917266846,0.9791167112584634
191,14,/home/nabizadz/Projects/Mahsa/datasets/grid/test/s32/pwbh2a.mpg,59,75,3.2536470890045166,0.9909856220345359
191,15,/home/nabizadz/Projects/Mahsa/datasets/grid/test/s32/bbwx2s.mpg,227,243,4.186241626739502,0.825156948161493
192,0,/home/nabizadz/Projects/Mahsa/datasets/grid/test/s32/srwf3p.mpg,184,200,4.133208274841309,0.9803629198375028
192,1,/home/nabizadz/Projects/Mahsa/datasets/grid/test/s32/lrbi2a.mpg,155,171,3.5343425273895264,0.9662095495784995
192,2,/home/nabizadz/Projects/Mahsa/datasets/grid/test/s32/lban5p.mpg,178,194,4.2940673828125,0.9718166539279941
192,3,/home/nabizadz/Projects/Mahsa/datasets/grid/test/s32/brap6s.mpg,186,202,3.5964083671569824,0.9557266024354798
192,4,/home/nabizadz/Projects/Mahsa/datasets/grid/test/s32/pwbhzs.mpg,261,277,4.352427959442139,0.9187866229805585
192,5,/home/nabizadz/Projects/Mahsa/datasets/grid/test/s32/lwwc5n.mpg,275,291,4.384742259979248,0.9451843946103299
192,6,/home/nabizadz/Projects/Mahsa/datasets/grid/test/s32/sgwg3n.mpg,209,225,4.0352582931518555,0.9052722027926701
192,7,/home/nabizadz/Projects/Mahsa/datasets/grid/test/s32/pratza.mpg,130,146,3.769667148590088,0.981189677215764
192,8,/home/nabizadz/Projects/Mahsa/datasets/grid/test/s32/lwbv4s.mpg,259,275,4.264051914215088,0.8773719463313036
192,9,/home/nabizadz/Projects/Mahsa/datasets/grid/test/s32/lrbo4s.mpg,73,89,3.5078935623168945,0.9764915157752491
192,10,/home/nabizadz/Projects/Mahsa/datasets/grid/test/s32/swwm1n.mpg,257,273,4.20200777053833,0.8830306259289186
192,11,/home/nabizadz/Projects/Mahsa/datasets/grid/test/s32/bbbc7p.mpg,263,279,4.25504732131958,0.8960360801679567
192,12,/home/nabizadz/Projects/Mahsa/datasets/grid/test/s32/lgic1p.mpg,180,196,4.193669319152832,0.971914195681719
192,13,/home/nabizadz/Projects/Mahsa/datasets/grid/test/s32/lbbbzs.mpg,201,217,4.307234764099121,0.9518162782496641
192,14,/home/nabizadz/Projects/Mahsa/datasets/grid/test/s32/brip2s.mpg,209,225,4.2678446769714355,0.9918899296236675
192,15,/home/nabizadz/Projects/Mahsa/datasets/grid/test/s32/bbac2s.mpg,1,17,4.2652740478515625,0.9831004811634892
193,0,/home/nabizadz/Projects/Mahsa/datasets/grid/test/s32/lrwc2a.mpg,118,134,3.171312093734741,0.968288968011965
193,1,/home/nabizadz/Projects/Mahsa/datasets/grid/test/s32/lbbh3n.mpg,58,74,2.930614471435547,0.968457313788116
193,2,/home/nabizadz/Projects/Mahsa/datasets/grid/test/s32/lria8s.mpg,0,16,4.486160755157471,0.999999708008078
193,3,/home/nabizadz/Projects/Mahsa/datasets/grid/test/s32/lbwu5n.mpg,261,277,4.260210037231445,0.9187530011600231
193,4,/home/nabizadz/Projects/Mahsa/datasets/grid/test/s32/lwavzs.mpg,280,296,4.381015777587891,0.9695490851845905
193,5,/home/nabizadz/Projects/Mahsa/datasets/grid/test/s32/swal6a.mpg,232,248,4.288974761962891,0.9025607857389165
193,6,/home/nabizadz/Projects/Mahsa/datasets/grid/test/s32/sbid4s.mpg,84,100,3.455564260482788,0.9582798194611815
193,7,/home/nabizadz/Projects/Mahsa/datasets/grid/test/s32/lwwv8s.mpg,158,174,3.887861490249634,0.9481085844832392
193,8,/home/nabizadz/Projects/Mahsa/datasets/grid/test/s32/swil2a.mpg,117,133,3.6270499229431152,0.989676950948991
193,9,/home/nabizadz/Projects/Mahsa/datasets/grid/test/s32/lrao2a.mpg,270,286,4.367630958557129,0.9551171399172916
193,10,/home/nabizadz/Projects/Mahsa/datasets/grid/test/s32/pgabza.mpg,4,20,4.2989115715026855,0.9999796818939882
193,11,/home/nabizadz/Projects/Mahsa/datasets/grid/test/s32/srbe8s.mpg,190,206,4.345757961273193,0.9847784294909339
193,12,/home/nabizadz/Projects/Mahsa/datasets/grid/test/s32/pgit5n.mpg,127,143,3.8095803260803223,0.9871365097426399
193,13,/home/nabizadz/Projects/Mahsa/datasets/grid/test/s32/pbal8s.mpg,165,181,3.6280698776245117,0.9627216956778827
193,14,/home/nabizadz/Projects/Mahsa/datasets/grid/test/s32/sgif1n.mpg,214,230,4.002903938293457,0.884477318725093
193,15,/home/nabizadz/Projects/Mahsa/datasets/grid/test/s32/bbbxza.mpg,167,183,3.5829222202301025,0.9608704810741238
194,0,/home/nabizadz/Projects/Mahsa/datasets/grid/test/s32/lbbu2s.mpg,239,255,4.342494964599609,0.9178509022633782
194,1,/home/nabizadz/Projects/Mahsa/datasets/grid/test/s32/srid9n.mpg,151,167,2.978024959564209,0.959684912915838
194,2,/home/nabizadz/Projects/Mahsa/datasets/grid/test/s32/bgby5n.mpg,10,26,4.349791049957275,0.9553367204286296
194,3,/home/nabizadz/Projects/Mahsa/datasets/grid/test/s32/swws7p.mpg,157,173,3.828010082244873,0.957803025672174
194,4,/home/nabizadz/Projects/Mahsa/datasets/grid/test/s32/brbx4s.mpg,87,103,3.583219289779663,0.9799958215181411
194,5,/home/nabizadz/Projects/Mahsa/datasets/grid/test/s32/srirza.mpg,277,293,4.297199726104736,0.9253972012854963
194,6,/home/nabizadz/Projects/Mahsa/datasets/grid/test/s32/pgig9p.mpg,113,129,3.4622812271118164,0.9758468998300144
194,7,/home/nabizadz/Projects/Mahsa/datasets/grid/test/s32/pras7n.mpg,273,289,4.351571559906006,0.9210794127586749
194,8,/home/nabizadz/Projects/Mahsa/datasets/grid/test/s32/swbs3p.mpg,10,26,4.424093246459961,0.9940293544111227
194,9,/home/nabizadz/Projects/Mahsa/datasets/grid/test/s32/swbf4s.mpg,177,193,3.690063714981079,0.9745332060694389
194,10,/home/nabizadz/Projects/Mahsa/datasets/grid/test/s32/sbwe5n.mpg,251,267,4.321783065795898,0.8827602819468262
194,11,/home/nabizadz/Projects/Mahsa/datasets/grid/test/s32/primzs.mpg,147,163,3.5703020095825195,0.9807373631648308
194,12,/home/nabizadz/Projects/Mahsa/datasets/grid/test/s32/sray7p.mpg,158,174,4.000263214111328,0.987623347387666
194,13,/home/nabizadz/Projects/Mahsa/datasets/grid/test/s32/lrwb9n.mpg,18,34,4.1524152755737305,0.9838759594962094
194,14,/home/nabizadz/Projects/Mahsa/datasets/grid/test/s32/lbit6a.mpg,164,180,3.878401041030884,0.9826161834807229
194,15,/home/nabizadz/Projects/Mahsa/datasets/grid/test/s32/sgwg5p.mpg,105,121,3.214836359024048,0.9747923902160778
195,0,/home/nabizadz/Projects/Mahsa/datasets/grid/test/s32/pbbf8s.mpg,153,169,4.290560722351074,0.9733799584195356
195,1,/home/nabizadz/Projects/Mahsa/datasets/grid/test/s32/bgaezs.mpg,156,172,3.6611392498016357,0.9828780511829412
195,2,/home/nabizadz/Projects/Mahsa/datasets/grid/test/s32/bgbk8s.mpg,278,294,4.30009651184082,0.965167388855422
195,3,/home/nabizadz/Projects/Mahsa/datasets/grid/test/s32/bgbe4s.mpg,126,142,3.2844624519348145,0.978220589910253
195,4,/home/nabizadz/Projects/Mahsa/datasets/grid/test/s32/pwwbzs.mpg,266,282,4.26420783996582,0.925133195818493
195,5,/home/nabizadz/Projects/Mahsa/datasets/grid/test/s32/pgah4a.mpg,154,170,1.9576032161712646,0.9656271104864675
195,6,/home/nabizadz/Projects/Mahsa/datasets/grid/test/s32/lribza.mpg,213,229,4.371805191040039,0.9821631673328137
195,7,/home/nabizadz/Projects/Mahsa/datasets/grid/test/s32/sbwr5p.mpg,71,87,3.2049553394317627,0.9881815748067935
195,8,/home/nabizadz/Projects/Mahsa/datasets/grid/test/s32/brii8s.mpg,30,46,4.294486999511719,0.9642397503842177
195,9,/home/nabizadz/Projects/Mahsa/datasets/grid/test/s32/brwd5n.mpg,49,65,3.1395459175109863,0.9722185194677763
195,10,/home/nabizadz/Projects/Mahsa/datasets/grid/test/s32/bbbc8a.mpg,269,285,4.328684329986572,0.9253444933945166
195,11,/home/nabizadz/Projects/Mahsa/datasets/grid/test/s32/lwbpzs.mpg,243,259,3.9177498817443848,0.9801106698421037
195,12,/home/nabizadz/Projects/Mahsa/datasets/grid/test/s32/pbaf5p.mpg,161,177,3.805818557739258,0.9692163236570783
195,13,/home/nabizadz/Projects/Mahsa/datasets/grid/test/s32/pbifzs.mpg,176,192,3.253169298171997,0.9624130837222125
195,14,/home/nabizadz/Projects/Mahsa/datasets/grid/test/s32/lwab9p.mpg,279,295,4.355445861816406,0.9558416276120765
195,15,/home/nabizadz/Projects/Mahsa/datasets/grid/test/s32/lbin2a.mpg,105,121,3.415562152862549,0.9844012421829836
196,0,/home/nabizadz/Projects/Mahsa/datasets/grid/test/s32/sbbk5n.mpg,65,81,3.2074270248413086,0.984908599346956
196,1,/home/nabizadz/Projects/Mahsa/datasets/grid/test/s32/lran9n.mpg,255,271,4.367800235748291,0.9013986979409343
196,2,/home/nabizadz/Projects/Mahsa/datasets/grid/test/s32/bwidzs.mpg,58,74,3.2968318462371826,0.978335519530253
196,3,/home/nabizadz/Projects/Mahsa/datasets/grid/test/s32/srbl1n.mpg,263,279,4.148015022277832,0.8854669528503032
196,4,/home/nabizadz/Projects/Mahsa/datasets/grid/test/s32/brbj5n.mpg,97,113,3.7218949794769287,0.9814340176254785
196,5,/home/nabizadz/Projects/Mahsa/datasets/grid/test/s32/pgwi2a.mpg,24,40,3.9652082920074463,0.957719474652582
196,6,/home/nabizadz/Projects/Mahsa/datasets/grid/test/s32/pbas3p.mpg,159,175,3.5076050758361816,0.9694224919459478
196,7,/home/nabizadz/Projects/Mahsa/datasets/grid/test/s32/brac7n.mpg,145,161,3.28728985786438,0.9765295795470263
196,8,/home/nabizadz/Projects/Mahsa/datasets/grid/test/s32/pgbb4a.mpg,143,159,3.447178602218628,0.9757961898325546
196,9,/home/nabizadz/Projects/Mahsa/datasets/grid/test/s32/brip3p.mpg,282,298,4.217737674713135,0.9683604789348589
196,10,/home/nabizadz/Projects/Mahsa/datasets/grid/test/s32/bbivzs.mpg,69,85,3.3690154552459717,0.9661332085302188
196,11,/home/nabizadz/Projects/Mahsa/datasets/grid/test/s32/lgbp8a.mpg,50,66,3.6512694358825684,0.9678785338483171
196,12,/home/nabizadz/Projects/Mahsa/datasets/grid/test/s32/bwwe4a.mpg,153,169,3.7747385501861572,0.9766637935033601
196,13,/home/nabizadz/Projects/Mahsa/datasets/grid/test/s32/pbbm1n.mpg,81,97,3.1487410068511963,0.980224780523747
196,14,/home/nabizadz/Projects/Mahsa/datasets/grid/test/s32/bbap2a.mpg,52,68,3.203277587890625,0.9600109049165508
196,15,/home/nabizadz/Projects/Mahsa/datasets/grid/test/s32/brbx6a.mpg,241,257,4.317589282989502,0.8761854336388589
197,0,/home/nabizadz/Projects/Mahsa/datasets/grid/test/s32/pgia5p.mpg,254,270,4.444949150085449,0.9157214617946341
197,1,/home/nabizadz/Projects/Mahsa/datasets/grid/test/s32/bwip7n.mpg,26,42,4.334949493408203,0.9663286760736444
197,2,/home/nabizadz/Projects/Mahsa/datasets/grid/test/s32/swar7n.mpg,23,39,3.2099313735961914,0.9838699718898173
197,3,/home/nabizadz/Projects/Mahsa/datasets/grid/test/s32/pgin3p.mpg,235,251,4.524136066436768,0.8879230676191946
197,4,/home/nabizadz/Projects/Mahsa/datasets/grid/test/s32/pgig8s.mpg,221,237,4.353463649749756,0.8645137914263782
197,5,/home/nabizadz/Projects/Mahsa/datasets/grid/test/s32/lgwqzs.mpg,55,71,3.6062238216400146,0.9844658173870116
197,6,/home/nabizadz/Projects/Mahsa/datasets/grid/test/s32/bwij4s.mpg,93,109,2.999431610107422,0.9706644025963095
197,7,/home/nabizadz/Projects/Mahsa/datasets/grid/test/s32/sgwazs.mpg,190,206,3.8584420680999756,0.9799095970161872
197,8,/home/nabizadz/Projects/Mahsa/datasets/grid/test/s32/sbaq5n.mpg,254,270,4.295788288116455,0.9012839068086226
197,9,/home/nabizadz/Projects/Mahsa/datasets/grid/test/s32/sgbf9n.mpg,41,57,3.665602684020996,0.9800213188008051
197,10,/home/nabizadz/Projects/Mahsa/datasets/grid/test/s32/sbay1p.mpg,161,177,3.469892740249634,0.9651915720367187
197,11,/home/nabizadz/Projects/Mahsa/datasets/grid/test/s32/pwwh3n.mpg,112,128,3.4232096672058105,0.9564046566802792
197,12,/home/nabizadz/Projects/Mahsa/datasets/grid/test/s32/prwa5p.mpg,237,253,4.33711576461792,0.9352845553526941
197,13,/home/nabizadz/Projects/Mahsa/datasets/grid/test/s32/pgah1n.mpg,100,116,3.756531238555908,0.9825229993664089
197,14,/home/nabizadz/Projects/Mahsa/datasets/grid/test/s32/pbiz1n.mpg,199,215,4.25413703918457,0.9753676524842162
197,15,/home/nabizadz/Projects/Mahsa/datasets/grid/test/s32/sriezs.mpg,49,65,3.8562209606170654,0.9413112815103151
198,0,/home/nabizadz/Projects/Mahsa/datasets/grid/test/s32/lgav8a.mpg,242,258,4.504034996032715,0.9497731184474918
198,1,/home/nabizadz/Projects/Mahsa/datasets/grid/test/s32/pwat6a.mpg,34,50,4.307575702667236,0.9892527380290613
198,2,/home/nabizadz/Projects/Mahsa/datasets/grid/test/s32/swaz2s.mpg,153,169,3.7733137607574463,0.9868636285111108
198,3,/home/nabizadz/Projects/Mahsa/datasets/grid/test/s32/lgwj8a.mpg,96,112,3.040252923965454,0.9707514919751924
198,4,/home/nabizadz/Projects/Mahsa/datasets/grid/test/s32/brii7n.mpg,255,271,4.479917526245117,0.9236897056518252
198,5,/home/nabizadz/Projects/Mahsa/datasets/grid/test/s32/bwad6a.mpg,232,248,4.174362659454346,0.9335404447507905
198,6,/home/nabizadz/Projects/Mahsa/datasets/grid/test/s32/lbbb1p.mpg,194,210,4.161413669586182,0.970023088859911
198,7,/home/nabizadz/Projects/Mahsa/datasets/grid/test/s32/lbbu1n.mpg,140,156,3.791820764541626,0.9780343712565115
198,8,/home/nabizadz/Projects/Mahsa/datasets/grid/test/s32/sgil7p.mpg,181,197,3.746140241622925,0.9697015232815483
198,9,/home/nabizadz/Projects/Mahsa/datasets/grid/test/s32/lbwh8s.mpg,263,279,4.284672737121582,0.9149167544709742
198,10,/home/nabizadz/Projects/Mahsa/datasets/grid/test/s32/lwwv7n.mpg,25,41,4.243484020233154,0.9715346681701484
198,11,/home/nabizadz/Projects/Mahsa/datasets/grid/test/s32/srwr9n.mpg,248,264,4.446752548217773,0.9859814306108087
198,12,/home/nabizadz/Projects/Mahsa/datasets/grid/test/s32/brwj9n.mpg,272,288,4.291513919830322,0.9212853013577508
198,13,/home/nabizadz/Projects/Mahsa/datasets/grid/test/s32/swbmza.mpg,73,89,3.8722667694091797,0.9881436195888875
198,14,/home/nabizadz/Projects/Mahsa/datasets/grid/test/s32/sralza.mpg,86,102,3.2544987201690674,0.9712952528490201
198,15,/home/nabizadz/Projects/Mahsa/datasets/grid/test/s32/sbwk9n.mpg,70,86,3.2653307914733887,0.9684982466624661
199,0,/home/nabizadz/Projects/Mahsa/datasets/grid/test/s32/bwwy3n.mpg,282,298,4.510373592376709,0.9779421171934713
199,1,/home/nabizadz/Projects/Mahsa/datasets/grid/test/s32/pbwm5n.mpg,263,279,4.367748260498047,0.9271792319725155
199,2,/home/nabizadz/Projects/Mahsa/datasets/grid/test/s32/lbwu6s.mpg,46,62,2.4678750038146973,0.9579859093678598
199,3,/home/nabizadz/Projects/Mahsa/datasets/grid/test/s32/bbwd1p.mpg,121,137,2.948148727416992,0.9705354309351634
199,4,/home/nabizadz/Projects/Mahsa/datasets/grid/test/s32/pwim5n.mpg,182,198,1.996944785118103,0.96757251990668
199,5,/home/nabizadz/Projects/Mahsa/datasets/grid/test/s32/sbix6s.mpg,67,83,3.3826680183410645,0.9949852961440677
199,6,/home/nabizadz/Projects/Mahsa/datasets/grid/test/s32/briv7p.mpg,156,172,3.6303389072418213,0.9618361476768094
199,7,/home/nabizadz/Projects/Mahsa/datasets/grid/test/s32/bgij9n.mpg,177,193,4.04986047744751,0.9653163705390273
199,8,/home/nabizadz/Projects/Mahsa/datasets/grid/test/s32/srae4s.mpg,205,221,4.3525710105896,0.9312891727424488
199,9,/home/nabizadz/Projects/Mahsa/datasets/grid/test/s32/bwbk2s.mpg,101,117,3.209977626800537,0.9516742524025279
199,10,/home/nabizadz/Projects/Mahsa/datasets/grid/test/s32/pgwb5n.mpg,161,177,3.8040077686309814,0.9840095754169523
199,11,/home/nabizadz/Projects/Mahsa/datasets/grid/test/s32/sbaq7p.mpg,185,201,3.614716053009033,0.9630718615201521
199,12,/home/nabizadz/Projects/Mahsa/datasets/grid/test/s32/lgajza.mpg,7,23,4.140730857849121,0.9371085492049451
199,13,/home/nabizadz/Projects/Mahsa/datasets/grid/test/s32/sbikza.mpg,230,246,4.117439270019531,0.8544874673316768
199,14,/home/nabizadz/Projects/Mahsa/datasets/grid/test/s32/lwab8s.mpg,211,227,4.345274448394775,0.9579885227596138
199,15,/home/nabizadz/Projects/Mahsa/datasets/grid/test/s32/lgiv1n.mpg,112,128,3.2333436012268066,0.9624002532806171
200,0,/home/nabizadz/Projects/Mahsa/datasets/grid/test/s32/priz9p.mpg,180,196,3.916215658187866,0.9615825359004856
200,1,/home/nabizadz/Projects/Mahsa/datasets/grid/test/s32/bgby7p.mpg,272,288,4.375821590423584,0.9934674108382325
200,2,/home/nabizadz/Projects/Mahsa/datasets/grid/test/s32/lrau5p.mpg,11,27,4.3414106369018555,0.9993386045081737
200,3,/home/nabizadz/Projects/Mahsa/datasets/grid/test/s32/prbm7n.mpg,91,107,3.3944509029388428,0.9840479992046564
200,4,/home/nabizadz/Projects/Mahsa/datasets/grid/test/s32/sgwt2s.mpg,243,259,4.111584186553955,0.9728961205784625
200,5,/home/nabizadz/Projects/Mahsa/datasets/grid/test/s32/lwiu8a.mpg,61,77,3.390800952911377,0.9749723453293464
200,6,/home/nabizadz/Projects/Mahsa/datasets/grid/test/s32/lria7n.mpg,222,238,4.253983974456787,0.8868076037547501
200,7,/home/nabizadz/Projects/Mahsa/datasets/grid/test/s32/lbwu8a.mpg,277,293,4.2664642333984375,0.9600415628402351
200,8,/home/nabizadz/Projects/Mahsa/datasets/grid/test/s32/bwwe2s.mpg,151,167,3.729665994644165,0.9669492829543616
200,9,/home/nabizadz/Projects/Mahsa/datasets/grid/test/s32/lrin8a.mpg,255,271,4.187611103057861,0.9388123472018823
200,10,/home/nabizadz/Projects/Mahsa/datasets/grid/test/s32/brwyza.mpg,259,275,4.375293254852295,0.9542582326035395
200,11,/home/nabizadz/Projects/Mahsa/datasets/grid/test/s32/bgby8a.mpg,126,142,2.945722818374634,0.9550342661815433
200,12,/home/nabizadz/Projects/Mahsa/datasets/grid/test/s32/pwan2a.mpg,118,134,3.476219892501831,0.9846277343817645
200,13,/home/nabizadz/Projects/Mahsa/datasets/grid/test/s32/bbav6a.mpg,188,204,3.8518617153167725,0.9784168408140735
200,14,/home/nabizadz/Projects/Mahsa/datasets/grid/test/s32/swaz3p.mpg,141,157,4.022618770599365,0.9687280101390968
200,15,/home/nabizadz/Projects/Mahsa/datasets/grid/test/s32/bwip9p.mpg,206,222,4.312454700469971,0.9128909523088279
201,0,/home/nabizadz/Projects/Mahsa/datasets/grid/test/s32/lrbb8a.mpg,171,187,3.6664857864379883,0.9711528794503762
201,1,/home/nabizadz/Projects/Mahsa/datasets/grid/test/s32/lgap2s.mpg,93,109,3.615192174911499,0.9925702937883653
201,2,/home/nabizadz/Projects/Mahsa/datasets/grid/test/s32/srik3n.mpg,265,281,4.301992893218994,0.9536837674087716
201,3,/home/nabizadz/Projects/Mahsa/datasets/grid/test/s32/sbij7n.mpg,98,114,3.8179538249969482,0.9728505332818798
201,4,/home/nabizadz/Projects/Mahsa/datasets/grid/test/s32/sbid5p.mpg,128,144,3.5715172290802,0.9788289528976011
201,5,/home/nabizadz/Projects/Mahsa/datasets/grid/test/s32/lgiv2s.mpg,243,259,4.219341278076172,0.8632521221538263
201,6,/home/nabizadz/Projects/Mahsa/datasets/grid/test/s32/pgan8a.mpg,167,183,3.624682664871216,0.9808089738398914
201,7,/home/nabizadz/Projects/Mahsa/datasets/grid/test/s32/bgae1p.mpg,102,118,3.3238525390625,0.967507165448871
201,8,/home/nabizadz/Projects/Mahsa/datasets/grid/test/s32/sgaz9p.mpg,242,258,4.291693210601807,0.9264741865221546
201,9,/home/nabizadz/Projects/Mahsa/datasets/grid/test/s32/lgbx1p.mpg,153,169,3.739985704421997,0.9583223241286608
201,10,/home/nabizadz/Projects/Mahsa/datasets/grid/test/s32/sgif2s.mpg,224,240,4.147610664367676,0.8337401604620446
201,11,/home/nabizadz/Projects/Mahsa/datasets/grid/test/s32/pbie9n.mpg,59,75,3.242539882659912,0.9688768334972169
201,12,/home/nabizadz/Projects/Mahsa/datasets/grid/test/s32/bbbp4s.mpg,117,133,3.725923538208008,0.9861524691142715
201,13,/home/nabizadz/Projects/Mahsa/datasets/grid/test/s32/sbbk8a.mpg,192,208,4.132203578948975,0.9463789222908459
201,14,/home/nabizadz/Projects/Mahsa/datasets/grid/test/s32/pris6a.mpg,24,40,4.1494460105896,0.9636520897565667
201,15,/home/nabizadz/Projects/Mahsa/datasets/grid/test/s32/lrwo9p.mpg,206,222,4.178805351257324,0.9413588564819723
202,0,/home/nabizadz/Projects/Mahsa/datasets/grid/test/s32/sbiq1n.mpg,92,108,3.628811836242676,0.9829292741858935
202,1,/home/nabizadz/Projects/Mahsa/datasets/grid/test/s32/pbamza.mpg,180,196,3.6913745403289795,0.9731919777469539
202,2,/home/nabizadz/Projects/Mahsa/datasets/grid/test/s32/bric4s.mpg,119,135,2.9720499515533447,0.9697989628919618
202,3,/home/nabizadz/Projects/Mahsa/datasets/grid/test/s32/pwwu3p.mpg,223,239,4.211095333099365,0.8573023742854711
202,4,/home/nabizadz/Projects/Mahsa/datasets/grid/test/s32/sbbe2s.mpg,213,229,4.302502632141113,0.9357249341074428
202,5,/home/nabizadz/Projects/Mahsa/datasets/grid/test/s32/brii9p.mpg,199,215,4.322835922241211,0.9428675610596311
202,6,/home/nabizadz/Projects/Mahsa/datasets/grid/test/s32/sgwm9p.mpg,177,193,3.6109139919281006,0.9733428515873942
202,7,/home/nabizadz/Projects/Mahsa/datasets/grid/test/s32/lgai8s.mpg,183,199,3.4668219089508057,0.971675766534797
202,8,/home/nabizadz/Projects/Mahsa/datasets/grid/test/s32/pwbn5p.mpg,74,90,3.009077310562134,0.9773349601200052
202,9,/home/nabizadz/Projects/Mahsa/datasets/grid/test/s32/swafzs.mpg,12,28,4.393789768218994,0.978551399504563
202,10,/home/nabizadz/Projects/Mahsa/datasets/grid/test/s32/pbbz9n.mpg,216,232,4.088649272918701,0.8662868379017716
202,11,/home/nabizadz/Projects/Mahsa/datasets/grid/test/s32/lrbu9p.mpg,193,209,3.8949480056762695,0.9534233186336664
202,12,/home/nabizadz/Projects/Mahsa/datasets/grid/test/s32/lbbh5p.mpg,48,64,3.9219696521759033,0.9813096033863478
202,13,/home/nabizadz/Projects/Mahsa/datasets/grid/test/s32/lwbp2a.mpg,14,30,4.347385883331299,0.973020984746209
202,14,/home/nabizadz/Projects/Mahsa/datasets/grid/test/s32/brap7p.mpg,128,144,3.5190443992614746,0.9807964003870896
202,15,/home/nabizadz/Projects/Mahsa/datasets/grid/test/s32/lwiu5n.mpg,123,139,3.6985936164855957,0.9788796169481556
203,0,/home/nabizadz/Projects/Mahsa/datasets/grid/test/s32/swbs2s.mpg,194,210,4.1812424659729,0.9837817753601077
203,1,/home/nabizadz/Projects/Mahsa/datasets/grid/test/s32/lbia1n.mpg,44,60,4.193666458129883,0.9699591560502495
203,2,/home/nabizadz/Projects/Mahsa/datasets/grid/test/s32/pwwoza.mpg,247,263,4.280949592590332,0.9834796694047827
203,3,/home/nabizadz/Projects/Mahsa/datasets/grid/test/s32/lgib9n.mpg,230,246,4.254685878753662,0.9416273905074539
203,4,/home/nabizadz/Projects/Mahsa/datasets/grid/test/s32/lwwc7p.mpg,227,243,4.216550350189209,0.9764052723560801
203,5,/home/nabizadz/Projects/Mahsa/datasets/grid/test/s32/bwby1p.mpg,227,243,4.350088119506836,0.838579537158707
203,6,/home/nabizadz/Projects/Mahsa/datasets/grid/test/s32/pbir8s.mpg,186,202,3.8006114959716797,0.9351032188789878
203,7,/home/nabizadz/Projects/Mahsa/datasets/grid/test/s32/sgiz4s.mpg,39,55,4.04172420501709,0.978573754651118
203,8,/home/nabizadz/Projects/Mahsa/datasets/grid/test/s32/pwba7p.mpg,206,222,4.298699855804443,0.9729992781209534
203,9,/home/nabizadz/Projects/Mahsa/datasets/grid/test/s32/pgat9n.mpg,86,102,3.725052833557129,0.9740599470835117
203,10,/home/nabizadz/Projects/Mahsa/datasets/grid/test/s32/pbwm6s.mpg,115,131,3.245847225189209,0.9700345200178717
203,11,/home/nabizadz/Projects/Mahsa/datasets/grid/test/s32/lwih7n.mpg,160,176,3.457468032836914,0.9506340318951366
203,12,/home/nabizadz/Projects/Mahsa/datasets/grid/test/s32/lrih3p.mpg,148,164,3.723466634750366,0.9853546930036089
203,13,/home/nabizadz/Projects/Mahsa/datasets/grid/test/s32/sgbg1p.mpg,258,274,4.241589546203613,0.9048515591324284
203,14,/home/nabizadz/Projects/Mahsa/datasets/grid/test/s32/sgaf6s.mpg,105,121,3.4034242630004883,0.9821047755354857
203,15,/home/nabizadz/Projects/Mahsa/datasets/grid/test/s32/bbai5n.mpg,252,268,4.410973072052002,0.8774211829233314
204,0,/home/nabizadz/Projects/Mahsa/datasets/grid/test/s32/srbl3p.mpg,240,256,4.539045810699463,0.9195040525874979
204,1,/home/nabizadz/Projects/Mahsa/datasets/grid/test/s32/lrwpza.mpg,101,117,3.2648515701293945,0.981576759508263
204,2,/home/nabizadz/Projects/Mahsa/datasets/grid/test/s32/swbl9p.mpg,250,266,4.386833667755127,0.9333958152150567
204,3,/home/nabizadz/Projects/Mahsa/datasets/grid/test/s32/pgbh5n.mpg,126,142,3.750714063644409,0.985844550431433
204,4,/home/nabizadz/Projects/Mahsa/datasets/grid/test/s32/pgin2s.mpg,174,190,3.4107022285461426,0.959720917104587
204,5,/home/nabizadz/Projects/Mahsa/datasets/grid/test/s32/bwwe1n.mpg,11,27,4.417428493499756,0.982357473250318
204,6,/home/nabizadz/Projects/Mahsa/datasets/grid/test/s32/prwg7n.mpg,242,258,4.315906047821045,0.9645869833807631
204,7,/home/nabizadz/Projects/Mahsa/datasets/grid/test/s32/sbwe6s.mpg,162,178,3.9158427715301514,0.987461318564468
204,8,/home/nabizadz/Projects/Mahsa/datasets/grid/test/s32/sbbk6s.mpg,94,110,3.7344353199005127,0.9863281071698957
204,9,/home/nabizadz/Projects/Mahsa/datasets/grid/test/s32/bwbk3p.mpg,99,115,3.640972137451172,0.9763009730633588
204,10,/home/nabizadz/Projects/Mahsa/datasets/grid/test/s32/sbiq3p.mpg,10,26,4.280967712402344,0.985262745229613
204,11,/home/nabizadz/Projects/Mahsa/datasets/grid/test/s32/swir6a.mpg,256,272,4.266810417175293,0.9030932627213251
204,12,/home/nabizadz/Projects/Mahsa/datasets/grid/test/s32/srbz2a.mpg,100,116,3.7507309913635254,0.9767471064097858
204,13,/home/nabizadz/Projects/Mahsa/datasets/grid/test/s32/pbbf9p.mpg,258,274,4.225069999694824,0.9155477871897247
204,14,/home/nabizadz/Projects/Mahsa/datasets/grid/test/s32/prwn3p.mpg,201,217,4.334104537963867,0.9243146364499639
204,15,/home/nabizadz/Projects/Mahsa/datasets/grid/test/s32/lbwo4a.mpg,213,229,4.494278907775879,0.9521488734460098
205,0,/home/nabizadz/Projects/Mahsa/datasets/grid/test/s32/lgwj5n.mpg,172,188,3.5338244438171387,0.9795551285606906
205,1,/home/nabizadz/Projects/Mahsa/datasets/grid/test/s32/bgwl2s.mpg,138,154,3.840081214904785,0.9544629910691329
205,2,/home/nabizadz/Projects/Mahsa/datasets/grid/test/s32/pwaa2s.mpg,77,93,3.4304566383361816,0.9823138800599849
205,3,/home/nabizadz/Projects/Mahsa/datasets/grid/test/s32/bwaq3p.mpg,259,275,4.242181777954102,0.8903179726929917
205,4,/home/nabizadz/Projects/Mahsa/datasets/grid/test/s32/lrbvza.mpg,233,249,4.39338493347168,0.9037402726671951
205,5,/home/nabizadz/Projects/Mahsa/datasets/grid/test/s32/swiy9p.mpg,205,221,4.283117771148682,0.8834982905376433
205,6,/home/nabizadz/Projects/Mahsa/datasets/grid/test/s32/brbx5p.mpg,25,41,4.367684841156006,0.9404177830581284
205,7,/home/nabizadz/Projects/Mahsa/datasets/grid/test/s32/sgwg6a.mpg,132,148,3.6948046684265137,0.9810378761959604
205,8,/home/nabizadz/Projects/Mahsa/datasets/grid/test/s32/bgwr6s.mpg,213,229,4.452347278594971,0.9830126781265168
205,9,/home/nabizadz/Projects/Mahsa/datasets/grid/test/s32/bwbk4a.mpg,11,27,4.387254238128662,0.9834486154193528
205,10,/home/nabizadz/Projects/Mahsa/datasets/grid/test/s32/pwwn9p.mpg,32,48,3.4248034954071045,0.990512563024926
205,11,/home/nabizadz/Projects/Mahsa/datasets/grid/test/s32/pgah2s.mpg,216,232,4.2663774490356445,0.9781828282659567
205,12,/home/nabizadz/Projects/Mahsa/datasets/grid/test/s32/srie2a.mpg,234,250,4.295094966888428,0.8692835646277928
205,13,/home/nabizadz/Projects/Mahsa/datasets/grid/test/s32/pbwtzs.mpg,17,33,4.4505534172058105,0.9999328990662089
205,14,/home/nabizadz/Projects/Mahsa/datasets/grid/test/s32/lrab4a.mpg,182,198,4.279882907867432,0.9770661951249381
205,15,/home/nabizadz/Projects/Mahsa/datasets/grid/test/s32/srak8s.mpg,68,84,2.23018741607666,0.9796670988555205
206,0,/home/nabizadz/Projects/Mahsa/datasets/grid/test/s32/sbwl2a.mpg,107,123,3.0946707725524902,0.9627375304825138
206,1,/home/nabizadz/Projects/Mahsa/datasets/grid/test/s32/prba1p.mpg,34,50,4.2637739181518555,0.9880644227043355
206,2,/home/nabizadz/Projects/Mahsa/datasets/grid/test/s32/braxzs.mpg,27,43,4.344069957733154,0.999994336390387
206,3,/home/nabizadz/Projects/Mahsa/datasets/grid/test/s32/sriq7n.mpg,74,90,3.4744935035705566,0.9791818941442402
206,4,/home/nabizadz/Projects/Mahsa/datasets/grid/test/s32/lgap4a.mpg,21,37,4.423159122467041,0.9667586258698475
206,5,/home/nabizadz/Projects/Mahsa/datasets/grid/test/s32/pwat5p.mpg,233,249,4.255227565765381,0.9791263085778578
206,6,/home/nabizadz/Projects/Mahsa/datasets/grid/test/s32/lbwh9p.mpg,239,255,4.257746696472168,0.8623925414116637
206,7,/home/nabizadz/Projects/Mahsa/datasets/grid/test/s32/lrih2s.mpg,64,80,3.0279431343078613,0.9637183439487648
206,8,/home/nabizadz/Projects/Mahsa/datasets/grid/test/s32/bbwp9p.mpg,208,224,4.216212272644043,0.9537245266624864
206,9,/home/nabizadz/Projects/Mahsa/datasets/grid/test/s32/lbwiza.mpg,21,37,4.3457794189453125,0.9859999466774189
206,10,/home/nabizadz/Projects/Mahsa/datasets/grid/test/s32/sbix8a.mpg,168,184,3.333441734313965,0.9707378945049968
206,11,/home/nabizadz/Projects/Mahsa/datasets/grid/test/s32/bwwr1p.mpg,143,159,3.3859009742736816,0.9790092507697575
206,12,/home/nabizadz/Projects/Mahsa/datasets/grid/test/s32/brijza.mpg,83,99,3.4109084606170654,0.9763770969797845
206,13,/home/nabizadz/Projects/Mahsa/datasets/grid/test/s32/prbg4s.mpg,209,225,4.3573808670043945,0.9723299564720352
206,14,/home/nabizadz/Projects/Mahsa/datasets/grid/test/s32/prbm8s.mpg,136,152,3.9036366939544678,0.9891470665988226
206,15,/home/nabizadz/Projects/Mahsa/datasets/grid/test/s32/pgwb6s.mpg,266,282,4.174231052398682,0.9470799338202287
207,0,/home/nabizadz/Projects/Mahsa/datasets/grid/test/s32/bwax6s.mpg,148,164,3.8234829902648926,0.9929519225719976
207,1,/home/nabizadz/Projects/Mahsa/datasets/grid/test/s32/prwt7p.mpg,65,81,3.0277771949768066,0.9840766648455648
207,2,/home/nabizadz/Projects/Mahsa/datasets/grid/test/s32/bwaq2s.mpg,73,89,3.2592074871063232,0.9719148172691633
207,3,/home/nabizadz/Projects/Mahsa/datasets/grid/test/s32/swar8s.mpg,43,59,3.629124641418457,0.9590362705128995
207,4,/home/nabizadz/Projects/Mahsa/datasets/grid/test/s32/pwag6s.mpg,23,39,4.33571195602417,0.9843090117403196
207,5,/home/nabizadz/Projects/Mahsa/datasets/grid/test/s32/bgad9n.mpg,15,31,4.309274673461914,0.9822451015742034
207,6,/home/nabizadz/Projects/Mahsa/datasets/grid/test/s32/lgbxzs.mpg,100,116,3.5059821605682373,0.9758782333657807
207,7,/home/nabizadz/Projects/Mahsa/datasets/grid/test/s32/swbl8s.mpg,107,123,3.825197458267212,0.9673783331370922
207,8,/home/nabizadz/Projects/Mahsa/datasets/grid/test/s32/lbbn7n.mpg,221,237,4.399794101715088,0.9506591102177678
207,9,/home/nabizadz/Projects/Mahsa/datasets/grid/test/s32/swbf5p.mpg,246,262,4.436239719390869,0.9310810084390391
207,10,/home/nabizadz/Projects/Mahsa/datasets/grid/test/s32/sgwg4s.mpg,259,275,4.2301554679870605,0.9141951833581279
207,11,/home/nabizadz/Projects/Mahsa/datasets/grid/test/s32/prif7p.mpg,154,170,3.850830554962158,0.9732401835756527
207,12,/home/nabizadz/Projects/Mahsa/datasets/grid/test/s32/sbwr3n.mpg,183,199,3.889643430709839,0.9688904727647019
207,13,/home/nabizadz/Projects/Mahsa/datasets/grid/test/s32/sbaq8a.mpg,37,53,4.100213050842285,0.978375891145081
207,14,/home/nabizadz/Projects/Mahsa/datasets/grid/test/s32/lwbi5n.mpg,167,183,2.7646477222442627,0.9750317856967986
207,15,/home/nabizadz/Projects/Mahsa/datasets/grid/test/s32/swir3n.mpg,87,103,3.401350259780884,0.9891240673976234
208,0,/home/nabizadz/Projects/Mahsa/datasets/grid/test/s32/lwib6a.mpg,107,123,3.6619484424591064,0.9692693351621485
208,1,/home/nabizadz/Projects/Mahsa/datasets/grid/test/s32/lwio4a.mpg,51,67,3.436706304550171,0.9771899994535082
208,2,/home/nabizadz/Projects/Mahsa/datasets/grid/test/s32/srbr6s.mpg,187,203,3.5010294914245605,0.9784808856502973
208,3,/home/nabizadz/Projects/Mahsa/datasets/grid/test/s32/bbbp3n.mpg,29,45,4.260222434997559,0.936551885461487
208,4,/home/nabizadz/Projects/Mahsa/datasets/grid/test/s32/bwbeza.mpg,76,92,3.607477903366089,0.9762005741189578
208,5,/home/nabizadz/Projects/Mahsa/datasets/grid/test/s32/lrbb7p.mpg,152,168,3.8960583209991455,0.9733463900422142
208,6,/home/nabizadz/Projects/Mahsa/datasets/grid/test/s32/pwbh1p.mpg,144,160,3.287533760070801,0.9779798290115491
208,7,/home/nabizadz/Projects/Mahsa/datasets/grid/test/s32/lgwj7p.mpg,11,27,4.053198337554932,0.9737390772489347
208,8,/home/nabizadz/Projects/Mahsa/datasets/grid/test/s32/srwl6s.mpg,103,119,2.200932741165161,0.9650148607354524
208,9,/home/nabizadz/Projects/Mahsa/datasets/grid/test/s32/prwa6a.mpg,282,298,4.351767539978027,0.9605699132487152
208,10,/home/nabizadz/Projects/Mahsa/datasets/grid/test/s32/lrbb5n.mpg,195,211,4.250603199005127,0.9771355419717502
208,11,/home/nabizadz/Projects/Mahsa/datasets/grid/test/s32/bgix8s.mpg,96,112,3.3279566764831543,0.9782477207994507
208,12,/home/nabizadz/Projects/Mahsa/datasets/grid/test/s32/bric3n.mpg,81,97,3.7659378051757812,0.9787263723033053
208,13,/home/nabizadz/Projects/Mahsa/datasets/grid/test/s32/bwiqza.mpg,119,135,3.2090070247650146,0.9705995451626148
208,14,/home/nabizadz/Projects/Mahsa/datasets/grid/test/s32/bgiq6a.mpg,44,60,3.3109800815582275,0.9748228214284255
208,15,/home/nabizadz/Projects/Mahsa/datasets/grid/test/s32/sgil5n.mpg,216,232,4.4644341468811035,0.9812707422201582
209,0,/home/nabizadz/Projects/Mahsa/datasets/grid/test/s32/braj4a.mpg,120,136,3.6822092533111572,0.9796695630691031
209,1,/home/nabizadz/Projects/Mahsa/datasets/grid/test/s32/bbio8a.mpg,275,291,4.522177696228027,0.971879347605938
209,2,/home/nabizadz/Projects/Mahsa/datasets/grid/test/s32/lrah6s.mpg,55,71,3.768184185028076,0.9834836464675558
209,3,/home/nabizadz/Projects/Mahsa/datasets/grid/test/s32/pwat4s.mpg,254,270,4.270288467407227,0.8440625385803432
209,4,/home/nabizadz/Projects/Mahsa/datasets/grid/test/s32/lbig6s.mpg,179,195,4.056260108947754,0.9786935533860348
209,5,/home/nabizadz/Projects/Mahsa/datasets/grid/test/s32/bgbe5p.mpg,39,55,4.341678619384766,0.9822078681382872
209,6,/home/nabizadz/Projects/Mahsa/datasets/grid/test/s32/sbad9p.mpg,281,297,4.471215724945068,0.9983740120682613
209,7,/home/nabizadz/Projects/Mahsa/datasets/grid/test/s32/bgay1n.mpg,151,167,3.483158588409424,0.967291299201147
209,8,/home/nabizadz/Projects/Mahsa/datasets/grid/test/s32/lwio2s.mpg,234,250,4.3944878578186035,0.9814443112597487
209,9,/home/nabizadz/Projects/Mahsa/datasets/grid/test/s32/bwbk1n.mpg,37,53,3.852276086807251,0.9803340105421294
209,10,/home/nabizadz/Projects/Mahsa/datasets/grid/test/s32/lgio8s.mpg,179,195,4.017549514770508,0.970531036309877
209,11,/home/nabizadz/Projects/Mahsa/datasets/grid/test/s32/bbai7p.mpg,204,220,4.410891532897949,0.9493101099341498
209,12,/home/nabizadz/Projects/Mahsa/datasets/grid/test/s32/prbm9p.mpg,166,182,4.067559242248535,0.9781637958699404
209,13,/home/nabizadz/Projects/Mahsa/datasets/grid/test/s32/lbbb2a.mpg,141,157,2.888204336166382,0.9610796213225404
209,14,/home/nabizadz/Projects/Mahsa/datasets/grid/test/s32/sbid3n.mpg,97,113,1.8457555770874023,0.9832562917653069
209,15,/home/nabizadz/Projects/Mahsa/datasets/grid/test/s32/swbz5n.mpg,164,180,3.9986419677734375,0.9856336168738234
210,0,/home/nabizadz/Projects/Mahsa/datasets/grid/test/s32/lria9p.mpg,193,209,3.841221809387207,0.9703951243180501
210,1,/home/nabizadz/Projects/Mahsa/datasets/grid/test/s32/sgaz7n.mpg,192,208,3.011341094970703,0.9800531323560533
210,2,/home/nabizadz/Projects/Mahsa/datasets/grid/test/s32/sgaz8s.mpg,249,265,4.345311641693115,0.9547658527817059
210,3,/home/nabizadz/Projects/Mahsa/datasets/grid/test/s32/sbbe3p.mpg,0,16,4.237458229064941,0.9936150196178966
210,4,/home/nabizadz/Projects/Mahsa/datasets/grid/test/s32/bradza.mpg,50,66,4.318999767303467,0.9957817412916102
210,5,/home/nabizadz/Projects/Mahsa/datasets/grid/test/s32/bbav3n.mpg,152,168,3.211580991744995,0.9517556108606006
210,6,/home/nabizadz/Projects/Mahsa/datasets/grid/test/s32/prba2a.mpg,241,257,4.266575336456299,0.8807600502314628
210,7,/home/nabizadz/Projects/Mahsa/datasets/grid/test/s32/pwbn6a.mpg,43,59,3.647420883178711,0.97251789597127
210,8,/home/nabizadz/Projects/Mahsa/datasets/grid/test/s32/prbt1n.mpg,129,145,3.173640727996826,0.9693379483255653
210,9,/home/nabizadz/Projects/Mahsa/datasets/grid/test/s32/lrwv1n.mpg,23,39,4.441980361938477,0.9930452631681831
210,10,/home/nabizadz/Projects/Mahsa/datasets/grid/test/s32/pgbb1n.mpg,39,55,3.777587413787842,0.9802372095669881
210,11,/home/nabizadz/Projects/Mahsa/datasets/grid/test/s32/srar3p.mpg,217,233,4.368946552276611,0.9231418485003481
210,12,/home/nabizadz/Projects/Mahsa/datasets/grid/test/s32/lrwo7n.mpg,120,136,3.5639889240264893,0.960944604504199
210,13,/home/nabizadz/Projects/Mahsa/datasets/grid/test/s32/bwij6a.mpg,25,41,4.347681045532227,0.9850068461247031
210,14,/home/nabizadz/Projects/Mahsa/datasets/grid/test/s32/pbws9n.mpg,279,295,4.425005912780762,0.9797168670158674
210,15,/home/nabizadz/Projects/Mahsa/datasets/grid/test/s32/bbwdzs.mpg,193,209,3.610727310180664,0.9872784965657401
211,0,/home/nabizadz/Projects/Mahsa/datasets/grid/test/s32/bgblza.mpg,204,220,4.397645950317383,0.9838244311686368
211,1,/home/nabizadz/Projects/Mahsa/datasets/grid/test/s32/lrao1p.mpg,125,141,3.24230694770813,0.9718944921333583
211,2,/home/nabizadz/Projects/Mahsa/datasets/grid/test/s32/bbai8a.mpg,176,192,3.894562005996704,0.9809005888061879
211,3,/home/nabizadz/Projects/Mahsa/datasets/grid/test/s32/swbz6s.mpg,255,271,4.381155967712402,0.9108346637515824
211,4,/home/nabizadz/Projects/Mahsa/datasets/grid/test/s32/swaz1n.mpg,194,210,4.350183010101318,0.9385468066234007
211,5,/home/nabizadz/Projects/Mahsa/datasets/grid/test/s32/swws8a.mpg,210,226,4.3111891746521,0.9681863851495763
211,6,/home/nabizadz/Projects/Mahsa/datasets/grid/test/s32/pwbt7n.mpg,131,147,3.4876627922058105,0.9662839936687186
211,7,/home/nabizadz/Projects/Mahsa/datasets/grid/test/s32/pwbt8s.mpg,244,260,4.530966758728027,0.9201073140133583
211,8,/home/nabizadz/Projects/Mahsa/datasets/grid/test/s32/brwk2a.mpg,270,286,4.26128625869751,0.9902487583452533
211,9,/home/nabizadz/Projects/Mahsa/datasets/grid/test/s32/lban6a.mpg,265,281,4.258087158203125,0.8867898510625807
211,10,/home/nabizadz/Projects/Mahsa/datasets/grid/test/s32/pgaa7n.mpg,105,121,2.9437777996063232,0.9636659433736665
211,11,/home/nabizadz/Projects/Mahsa/datasets/grid/test/s32/lgap1n.mpg,124,140,3.704447031021118,0.9841130234994122
211,12,/home/nabizadz/Projects/Mahsa/datasets/grid/test/s32/pgbu5p.mpg,88,104,2.8004961013793945,0.9838533769711879
211,13,/home/nabizadz/Projects/Mahsa/datasets/grid/test/s32/lgav5n.mpg,73,89,3.458913803100586,0.975271068874755
211,14,/home/nabizadz/Projects/Mahsa/datasets/grid/test/s32/sgis1p.mpg,127,143,3.739561080932617,0.9780845974525643
211,15,/home/nabizadz/Projects/Mahsa/datasets/grid/test/s32/lrwi5p.mpg,229,245,4.446732521057129,0.9370743990946077
212,0,/home/nabizadz/Projects/Mahsa/datasets/grid/test/s32/pgaa8s.mpg,222,238,4.42612886428833,0.9442411161342582
212,1,/home/nabizadz/Projects/Mahsa/datasets/grid/test/s32/bric5p.mpg,125,141,3.1982064247131348,0.9776775988673115
212,2,/home/nabizadz/Projects/Mahsa/datasets/grid/test/s32/bwby2a.mpg,208,224,4.307105541229248,0.9098318973014465
212,3,/home/nabizadz/Projects/Mahsa/datasets/grid/test/s32/bgiyza.mpg,219,235,4.297222137451172,0.9515865778685056
212,4,/home/nabizadz/Projects/Mahsa/datasets/grid/test/s32/lriuzs.mpg,67,83,2.3265116214752197,0.9700149589993827
212,5,/home/nabizadz/Projects/Mahsa/datasets/grid/test/s32/lbah2a.mpg,112,128,3.8037209510803223,0.9885392313944581
212,6,/home/nabizadz/Projects/Mahsa/datasets/grid/test/s32/bgbr4a.mpg,274,290,4.063218593597412,0.9642565417013533
212,7,/home/nabizadz/Projects/Mahsa/datasets/grid/test/s32/swizza.mpg,279,295,4.2780375480651855,0.9841459266151938
212,8,/home/nabizadz/Projects/Mahsa/datasets/grid/test/s32/lbba9n.mpg,68,84,3.9392614364624023,0.9869281658099847
212,9,/home/nabizadz/Projects/Mahsa/datasets/grid/test/s32/lbwb6a.mpg,10,26,4.447844505310059,0.9831214900501273
212,10,/home/nabizadz/Projects/Mahsa/datasets/grid/test/s32/sgwa1p.mpg,43,59,3.8265697956085205,0.9861656999631303
212,11,/home/nabizadz/Projects/Mahsa/datasets/grid/test/s32/lgbx2a.mpg,11,27,4.417657852172852,0.973736281595711
212,12,/home/nabizadz/Projects/Mahsa/datasets/grid/test/s32/lgbv9n.mpg,165,181,3.513979911804199,0.9692472891764348
212,13,/home/nabizadz/Projects/Mahsa/datasets/grid/test/s32/lbit3n.mpg,154,170,3.8002684116363525,0.982132588736067
212,14,/home/nabizadz/Projects/Mahsa/datasets/grid/test/s32/lrab3p.mpg,263,279,4.330035209655762,0.9537591972347651
212,15,/home/nabizadz/Projects/Mahsa/datasets/grid/test/s32/bwic9n.mpg,79,95,3.7553822994232178,0.9675768829313937
213,0,/home/nabizadz/Projects/Mahsa/datasets/grid/test/s32/bwaq4a.mpg,234,250,4.379062652587891,0.8919275344558854
213,1,/home/nabizadz/Projects/Mahsa/datasets/grid/test/s32/prwn2s.mpg,45,61,3.805979013442993,0.9816487246398724
213,2,/home/nabizadz/Projects/Mahsa/datasets/grid/test/s32/bbii1n.mpg,177,193,3.9321038722991943,0.9803691682297947
213,3,/home/nabizadz/Projects/Mahsa/datasets/grid/test/s32/pgig7n.mpg,21,37,3.8963568210601807,0.984758974790674
213,4,/home/nabizadz/Projects/Mahsa/datasets/grid/test/s32/pgwh9n.mpg,79,95,3.622166872024536,0.975036154872242
213,5,/home/nabizadz/Projects/Mahsa/datasets/grid/test/s32/pram4s.mpg,26,42,4.304300785064697,0.9867288922547334
213,6,/home/nabizadz/Projects/Mahsa/datasets/grid/test/s32/swik9n.mpg,262,278,4.321832656860352,0.9179762241283738
213,7,/home/nabizadz/Projects/Mahsa/datasets/grid/test/s32/sbiq4a.mpg,178,194,3.8495988845825195,0.974368775390989
213,8,/home/nabizadz/Projects/Mahsa/datasets/grid/test/s32/brbx3n.mpg,228,244,4.324155807495117,0.8409546768454985
213,9,/home/nabizadz/Projects/Mahsa/datasets/grid/test/s32/swwf9p.mpg,155,171,3.7842986583709717,0.9662123242475524
213,10,/home/nabizadz/Projects/Mahsa/datasets/grid/test/s32/bgae2a.mpg,258,274,4.228733062744141,0.9259020744046613
213,11,/home/nabizadz/Projects/Mahsa/datasets/grid/test/s32/bbav4s.mpg,150,166,3.1982319355010986,0.9642784267080129
213,12,/home/nabizadz/Projects/Mahsa/datasets/grid/test/s32/pgbo1p.mpg,126,142,3.906236171722412,0.9707198168992536
213,13,/home/nabizadz/Projects/Mahsa/datasets/grid/test/s32/srws1p.mpg,88,104,3.4076344966888428,0.9815046545715789
213,14,/home/nabizadz/Projects/Mahsa/datasets/grid/test/s32/lwwv9p.mpg,225,241,4.280999660491943,0.9334932387325622
213,15,/home/nabizadz/Projects/Mahsa/datasets/grid/test/s32/lwau9n.mpg,103,119,3.9928929805755615,0.9942305545471771
214,0,/home/nabizadz/Projects/Mahsa/datasets/grid/test/s32/swwf8s.mpg,77,93,3.1094398498535156,0.961888973787139
214,1,/home/nabizadz/Projects/Mahsa/datasets/grid/test/s32/sgam1p.mpg,135,151,3.562102794647217,0.9777807271576762
214,2,/home/nabizadz/Projects/Mahsa/datasets/grid/test/s32/brax1p.mpg,3,19,4.506104946136475,0.9966970698298849
214,3,/home/nabizadz/Projects/Mahsa/datasets/grid/test/s32/bbii2s.mpg,241,257,4.343034744262695,0.9391845255916816
214,4,/home/nabizadz/Projects/Mahsa/datasets/grid/test/s32/pril9n.mpg,151,167,3.273508310317993,0.9465407730475589
214,5,/home/nabizadz/Projects/Mahsa/datasets/grid/test/s32/srbr8a.mpg,50,66,3.395521402359009,0.9722455746433797
214,6,/home/nabizadz/Projects/Mahsa/datasets/grid/test/s32/bgay4a.mpg,94,110,3.338701009750366,0.9714308226026801
214,7,/home/nabizadz/Projects/Mahsa/datasets/grid/test/s32/swbs4a.mpg,189,205,4.223802089691162,0.966788769089605
214,8,/home/nabizadz/Projects/Mahsa/datasets/grid/test/s32/swie7p.mpg,191,207,3.91998553276062,0.9621978236262088
214,9,/home/nabizadz/Projects/Mahsa/datasets/grid/test/s32/lwai1n.mpg,273,289,4.254817485809326,0.9281735397872148
214,10,/home/nabizadz/Projects/Mahsa/datasets/grid/test/s32/srwszs.mpg,88,104,3.190986394882202,0.9809472341199768
214,11,/home/nabizadz/Projects/Mahsa/datasets/grid/test/s32/pwig3p.mpg,23,39,4.373818874359131,0.9853541346317902
214,12,/home/nabizadz/Projects/Mahsa/datasets/grid/test/s32/pgia6a.mpg,76,92,3.475695848464966,0.9689140396830428
214,13,/home/nabizadz/Projects/Mahsa/datasets/grid/test/s32/sgiz3n.mpg,275,291,3.9511966705322266,0.9363388642961562
214,14,/home/nabizadz/Projects/Mahsa/datasets/grid/test/s32/lgap3p.mpg,256,272,4.351960182189941,0.9163185562288159
214,15,/home/nabizadz/Projects/Mahsa/datasets/grid/test/s32/pgin4a.mpg,1,17,4.37206506729126,0.9997682159735739
215,0,/home/nabizadz/Projects/Mahsa/datasets/grid/test/s32/sgbm5p.mpg,7,23,4.354843616485596,0.9778601964166705
215,1,/home/nabizadz/Projects/Mahsa/datasets/grid/test/s32/bbiv2a.mpg,78,94,3.5847136974334717,0.9742598778457293
215,2,/home/nabizadz/Projects/Mahsa/datasets/grid/test/s32/pgwb7p.mpg,198,214,3.8994061946868896,0.9732775840947933
215,3,/home/nabizadz/Projects/Mahsa/datasets/grid/test/s32/lrab1n.mpg,165,181,4.012291431427002,0.9772468212853853
215,4,/home/nabizadz/Projects/Mahsa/datasets/grid/test/s32/pgbu4s.mpg,10,26,4.335474491119385,0.9870388652505249
215,5,/home/nabizadz/Projects/Mahsa/datasets/grid/test/s32/srik5p.mpg,242,258,4.413258075714111,0.9725227830011247
215,6,/home/nabizadz/Projects/Mahsa/datasets/grid/test/s32/pbas1n.mpg,225,241,4.2569193840026855,0.890675938830814
215,7,/home/nabizadz/Projects/Mahsa/datasets/grid/test/s32/lwih9p.mpg,48,64,3.919945240020752,0.9872880865280396
215,8,/home/nabizadz/Projects/Mahsa/datasets/grid/test/s32/briv8a.mpg,160,176,3.776104688644409,0.9692496153964658
215,9,/home/nabizadz/Projects/Mahsa/datasets/grid/test/s32/lbwb3n.mpg,127,143,3.7591683864593506,0.9791966352385187
215,10,/home/nabizadz/Projects/Mahsa/datasets/grid/test/s32/brbp9n.mpg,219,235,4.289157390594482,0.9553936953670422
215,11,/home/nabizadz/Projects/Mahsa/datasets/grid/test/s32/pwit2a.mpg,109,125,3.8535404205322266,0.988756954391074
215,12,/home/nabizadz/Projects/Mahsa/datasets/grid/test/s32/lbbh4s.mpg,92,108,3.5898830890655518,0.9722598085333114
215,13,/home/nabizadz/Projects/Mahsa/datasets/grid/test/s32/bbwj3n.mpg,244,260,4.341501712799072,0.8675065836107007
215,14,/home/nabizadz/Projects/Mahsa/datasets/grid/test/s32/lbaa5n.mpg,192,208,3.607490062713623,0.9719438936770558
215,15,/home/nabizadz/Projects/Mahsa/datasets/grid/test/s32/lwbi6s.mpg,40,56,3.370345115661621,0.9815926340525774
216,0,/home/nabizadz/Projects/Mahsa/datasets/grid/test/s32/lbia3p.mpg,150,166,3.0849783420562744,0.9418546985373013
216,1,/home/nabizadz/Projects/Mahsa/datasets/grid/test/s32/lgii4s.mpg,253,269,4.348523139953613,0.8670324551174123
216,2,/home/nabizadz/Projects/Mahsa/datasets/grid/test/s32/sbaq6s.mpg,83,99,3.477783441543579,0.9809083033362207
216,3,/home/nabizadz/Projects/Mahsa/datasets/grid/test/s32/braj2s.mpg,41,57,3.3457870483398438,0.9464798276396592
216,4,/home/nabizadz/Projects/Mahsa/datasets/grid/test/s32/pbil6a.mpg,281,297,4.108990669250488,0.9477628750649816
216,5,/home/nabizadz/Projects/Mahsa/datasets/grid/test/s32/lbah1p.mpg,6,22,4.4564714431762695,0.9937834343385268
216,6,/home/nabizadz/Projects/Mahsa/datasets/grid/test/s32/priz7n.mpg,46,62,3.6955747604370117,0.9836488150525631
216,7,/home/nabizadz/Projects/Mahsa/datasets/grid/test/s32/pwag8a.mpg,145,161,3.681365728378296,0.9605241278397514
216,8,/home/nabizadz/Projects/Mahsa/datasets/grid/test/s32/lgbp6s.mpg,63,79,3.363095760345459,0.973132490580934
216,9,/home/nabizadz/Projects/Mahsa/datasets/grid/test/s32/brwd6s.mpg,44,60,3.5533628463745117,0.967598955538804
216,10,/home/nabizadz/Projects/Mahsa/datasets/grid/test/s32/lgwx6a.mpg,64,80,2.600888729095459,0.9717493477124848
216,11,/home/nabizadz/Projects/Mahsa/datasets/grid/test/s32/swal5p.mpg,60,76,3.971982717514038,0.9700441283161979
216,12,/home/nabizadz/Projects/Mahsa/datasets/grid/test/s32/pbiz4a.mpg,2,18,4.388823509216309,0.9559807750587643
216,13,/home/nabizadz/Projects/Mahsa/datasets/grid/test/s32/prif8a.mpg,138,154,3.4495627880096436,0.9706972911098328
216,14,/home/nabizadz/Projects/Mahsa/datasets/grid/test/s32/sgiz5p.mpg,273,289,4.265449523925781,0.9192469347202433
216,15,/home/nabizadz/Projects/Mahsa/datasets/grid/test/s32/brwk1p.mpg,57,73,4.5022711753845215,0.988663837098291
217,0,/home/nabizadz/Projects/Mahsa/datasets/grid/test/s32/prbg6a.mpg,40,56,4.307269096374512,0.978412947010758
217,1,/home/nabizadz/Projects/Mahsa/datasets/grid/test/s32/brac8s.mpg,12,28,4.553141117095947,0.9938125147691553
217,2,/home/nabizadz/Projects/Mahsa/datasets/grid/test/s32/pbbm3p.mpg,2,18,4.337451457977295,0.9520890402495045
217,3,/home/nabizadz/Projects/Mahsa/datasets/grid/test/s32/bwwr2a.mpg,199,215,4.274024486541748,0.9217768412612172
217,4,/home/nabizadz/Projects/Mahsa/datasets/grid/test/s32/lbat8s.mpg,190,206,4.467294216156006,0.9612061343509198
217,5,/home/nabizadz/Projects/Mahsa/datasets/grid/test/s32/priz8s.mpg,42,58,4.001487731933594,0.9592456453170526
217,6,/home/nabizadz/Projects/Mahsa/datasets/grid/test/s32/pwbn3n.mpg,116,132,3.8528895378112793,0.9834567118347747
217,7,/home/nabizadz/Projects/Mahsa/datasets/grid/test/s32/sbby4s.mpg,230,246,4.350033283233643,0.8667620069127314
217,8,/home/nabizadz/Projects/Mahsa/datasets/grid/test/s32/braj3p.mpg,96,112,3.3697991371154785,0.9751336695100468
217,9,/home/nabizadz/Projects/Mahsa/datasets/grid/test/s32/bwid2a.mpg,142,158,3.4413938522338867,0.9546863979575272
217,10,/home/nabizadz/Projects/Mahsa/datasets/grid/test/s32/pwwu1n.mpg,194,210,4.302508354187012,0.9820643317119536
217,11,/home/nabizadz/Projects/Mahsa/datasets/grid/test/s32/lrwi3n.mpg,37,53,3.5482683181762695,0.9454353700107789
217,12,/home/nabizadz/Projects/Mahsa/datasets/grid/test/s32/bgwr8a.mpg,96,112,3.2908527851104736,0.9623547716476732
217,13,/home/nabizadz/Projects/Mahsa/datasets/grid/test/s32/pwig2s.mpg,177,193,4.242734909057617,0.9754867227589645
217,14,/home/nabizadz/Projects/Mahsa/datasets/grid/test/s32/lgbp5n.mpg,17,33,4.179214954376221,0.9754962095159692
217,15,/home/nabizadz/Projects/Mahsa/datasets/grid/test/s32/bgwy9n.mpg,163,179,3.7725489139556885,0.94433991410806
218,0,/home/nabizadz/Projects/Mahsa/datasets/grid/test/s32/pgin1n.mpg,195,211,4.244074821472168,0.9555860282566164
218,1,/home/nabizadz/Projects/Mahsa/datasets/grid/test/s32/bbbv7n.mpg,140,156,3.5658252239227295,0.9598877923250463
218,2,/home/nabizadz/Projects/Mahsa/datasets/grid/test/s32/pgihza.mpg,8,24,4.3449530601501465,0.9569543567577188
218,3,/home/nabizadz/Projects/Mahsa/datasets/grid/test/s32/bwbd9p.mpg,98,114,3.3116657733917236,0.9633086590480158
218,4,/home/nabizadz/Projects/Mahsa/datasets/grid/test/s32/pwbuza.mpg,255,271,4.36189079284668,0.9602503022239407
218,5,/home/nabizadz/Projects/Mahsa/datasets/grid/test/s32/pwaa4a.mpg,40,56,3.6153039932250977,0.9710357384182416
218,6,/home/nabizadz/Projects/Mahsa/datasets/grid/test/s32/prag1p.mpg,36,52,4.366544246673584,0.9818939598770604
218,7,/home/nabizadz/Projects/Mahsa/datasets/grid/test/s32/swal3n.mpg,251,267,4.240123748779297,0.9814538281414916
218,8,/home/nabizadz/Projects/Mahsa/datasets/grid/test/s32/pwbt9p.mpg,33,49,4.00542688369751,0.9847069368217878
218,9,/home/nabizadz/Projects/Mahsa/datasets/grid/test/s32/bwax8a.mpg,65,81,3.4112510681152344,0.9741912765735836
218,10,/home/nabizadz/Projects/Mahsa/datasets/grid/test/s32/srak9p.mpg,132,148,3.6290383338928223,0.9775179756088737
218,11,/home/nabizadz/Projects/Mahsa/datasets/grid/test/s32/bgaq7n.mpg,176,192,3.3458449840545654,0.9630745440300015
218,12,/home/nabizadz/Projects/Mahsa/datasets/grid/test/s32/swie6s.mpg,80,96,3.1984894275665283,0.974221175251717
218,13,/home/nabizadz/Projects/Mahsa/datasets/grid/test/s32/sgbtza.mpg,155,171,1.888444423675537,0.915695116817912
218,14,/home/nabizadz/Projects/Mahsa/datasets/grid/test/s32/sbix7p.mpg,180,196,4.135621547698975,0.9679051830601578
218,15,/home/nabizadz/Projects/Mahsa/datasets/grid/test/s32/lrwi4s.mpg,202,218,4.388056755065918,0.9786078835873543
219,0,/home/nabizadz/Projects/Mahsa/datasets/grid/test/s32/lwiu7p.mpg,22,38,4.250728607177734,0.9722098549163536
219,1,/home/nabizadz/Projects/Mahsa/datasets/grid/test/s32/bgiq5p.mpg,128,144,3.635204553604126,0.9894260462157344
219,2,/home/nabizadz/Projects/Mahsa/datasets/grid/test/s32/lgiv4a.mpg,176,192,3.387267589569092,0.9581484142862476
219,3,/home/nabizadz/Projects/Mahsa/datasets/grid/test/s32/prbt3p.mpg,150,166,3.384793996810913,0.9725876292956358
219,4,/home/nabizadz/Projects/Mahsa/datasets/grid/test/s32/swbs1n.mpg,143,159,3.7177255153656006,0.9830786305182736
219,5,/home/nabizadz/Projects/Mahsa/datasets/grid/test/s32/pwba8a.mpg,280,296,4.193183422088623,0.936750749279126
219,6,/home/nabizadz/Projects/Mahsa/datasets/grid/test/s32/bbicza.mpg,105,121,3.489964246749878,0.9772676996618964
219,7,/home/nabizadz/Projects/Mahsa/datasets/grid/test/s32/pgbu6a.mpg,273,289,4.302787780761719,0.9882849449993502
219,8,/home/nabizadz/Projects/Mahsa/datasets/grid/test/s32/sgbgzs.mpg,158,174,3.7952446937561035,0.9856533983329321
219,9,/home/nabizadz/Projects/Mahsa/datasets/grid/test/s32/pbal9p.mpg,24,40,3.9947798252105713,0.985826698563103
219,10,/home/nabizadz/Projects/Mahsa/datasets/grid/test/s32/sgam2a.mpg,183,199,3.7550010681152344,0.979511516249579
219,11,/home/nabizadz/Projects/Mahsa/datasets/grid/test/s32/lgii5p.mpg,26,42,4.1647868156433105,0.9828514690675959
219,12,/home/nabizadz/Projects/Mahsa/datasets/grid/test/s32/sbwr6a.mpg,10,26,4.506707668304443,0.9985073278883655
219,13,/home/nabizadz/Projects/Mahsa/datasets/grid/test/s32/lbwo2s.mpg,116,132,3.310809373855591,0.9730833622770567
219,14,/home/nabizadz/Projects/Mahsa/datasets/grid/test/s32/bbac3p.mpg,255,271,4.257143497467041,0.8707265231364443
219,15,/home/nabizadz/Projects/Mahsa/datasets/grid/test/s32/swie5n.mpg,277,293,4.185725688934326,0.9379125255328593
220,0,/home/nabizadz/Projects/Mahsa/datasets/grid/test/s32/bgid5n.mpg,276,292,4.395230293273926,0.9755423877424138
220,1,/home/nabizadz/Projects/Mahsa/datasets/grid/test/s32/lrwi6a.mpg,224,240,4.535487174987793,0.9555380734849266
220,2,/home/nabizadz/Projects/Mahsa/datasets/grid/test/s32/sgas3n.mpg,246,262,4.353843688964844,0.8857972615125721
220,3,/home/nabizadz/Projects/Mahsa/datasets/grid/test/s32/brwx9p.mpg,111,127,3.8237111568450928,0.98979660516515
220,4,/home/nabizadz/Projects/Mahsa/datasets/grid/test/s32/bwix2s.mpg,6,22,4.349518775939941,0.9549146389185795
220,5,/home/nabizadz/Projects/Mahsa/datasets/grid/test/s32/bwaq1n.mpg,270,286,4.197756767272949,0.929036977052078
220,6,/home/nabizadz/Projects/Mahsa/datasets/grid/test/s32/lrwo8s.mpg,29,45,3.5928468704223633,0.9384331529348606
220,7,/home/nabizadz/Projects/Mahsa/datasets/grid/test/s32/lgbj1n.mpg,5,21,4.4525675773620605,0.9873497361384915
220,8,/home/nabizadz/Projects/Mahsa/datasets/grid/test/s32/pgwo4s.mpg,184,200,3.318617820739746,0.9689264174356914
220,9,/home/nabizadz/Projects/Mahsa/datasets/grid/test/s32/srbzzs.mpg,240,256,4.356123924255371,0.9129801603754507
220,10,/home/nabizadz/Projects/Mahsa/datasets/grid/test/s32/prbt4a.mpg,124,140,3.5210747718811035,0.9928398864987606
220,11,/home/nabizadz/Projects/Mahsa/datasets/grid/test/s32/sgwm7n.mpg,252,268,4.462294101715088,0.9614487691420497
220,12,/home/nabizadz/Projects/Mahsa/datasets/grid/test/s32/bbbv8s.mpg,112,128,3.6456358432769775,0.9668603122853294
220,13,/home/nabizadz/Projects/Mahsa/datasets/grid/test/s32/pgwu8s.mpg,110,126,3.531952381134033,0.9660251110954776
220,14,/home/nabizadz/Projects/Mahsa/datasets/grid/test/s32/lgwq2a.mpg,265,281,4.129633903503418,0.9115678499575477
220,15,/home/nabizadz/Projects/Mahsa/datasets/grid/test/s32/lbwh7n.mpg,65,81,2.2595226764678955,0.95690564835578
221,0,/home/nabizadz/Projects/Mahsa/datasets/grid/test/s32/lwih8s.mpg,192,208,4.208250999450684,0.9663570342641642
221,1,/home/nabizadz/Projects/Mahsa/datasets/grid/test/s32/bbib9p.mpg,37,53,4.118964672088623,0.9828262648356673
221,2,/home/nabizadz/Projects/Mahsa/datasets/grid/test/s32/sgbg2a.mpg,196,212,3.5452072620391846,0.9804167441310604
221,3,/home/nabizadz/Projects/Mahsa/datasets/grid/test/s32/pgah3p.mpg,165,181,3.0373287200927734,0.9698471265965736
221,4,/home/nabizadz/Projects/Mahsa/datasets/grid/test/s32/pragzs.mpg,89,105,3.3655948638916016,0.9822521817625954
221,5,/home/nabizadz/Projects/Mahsa/datasets/grid/test/s32/lrih1n.mpg,17,33,4.3784565925598145,0.9999539821974096
221,6,/home/nabizadz/Projects/Mahsa/datasets/grid/test/s32/sgaf7p.mpg,76,92,3.526820659637451,0.9852043008921779
221,7,/home/nabizadz/Projects/Mahsa/datasets/grid/test/s32/bwaj9p.mpg,120,136,3.5120136737823486,0.9815793689632725
221,8,/home/nabizadz/Projects/Mahsa/datasets/grid/test/s32/sgwt3p.mpg,217,233,4.186991214752197,0.9483552976672714
221,9,/home/nabizadz/Projects/Mahsa/datasets/grid/test/s32/srbl2s.mpg,152,168,2.4431097507476807,0.9466274997687947
221,10,/home/nabizadz/Projects/Mahsa/datasets/grid/test/s32/pbif2a.mpg,195,211,4.336639881134033,0.9745233892152624
221,11,/home/nabizadz/Projects/Mahsa/datasets/grid/test/s32/prbnza.mpg,210,226,4.032679080963135,0.9785373382387558
221,12,/home/nabizadz/Projects/Mahsa/datasets/grid/test/s32/lbia2s.mpg,52,68,3.106252908706665,0.964565136313631
221,13,/home/nabizadz/Projects/Mahsa/datasets/grid/test/s32/pgan6s.mpg,275,291,4.228660583496094,0.9988692821874717
221,14,/home/nabizadz/Projects/Mahsa/datasets/grid/test/s32/pbal7n.mpg,33,49,3.9874587059020996,0.9804365128880085
221,15,/home/nabizadz/Projects/Mahsa/datasets/grid/test/s32/pras8s.mpg,61,77,3.0197012424468994,0.9838113714659988
222,0,/home/nabizadz/Projects/Mahsa/datasets/grid/test/s32/lwwp6a.mpg,43,59,3.693925142288208,0.9688286609099751
222,1,/home/nabizadz/Projects/Mahsa/datasets/grid/test/s32/lwbc1n.mpg,284,300,4.465429782867432,0.9693037510328779
222,2,/home/nabizadz/Projects/Mahsa/datasets/grid/test/s32/prwg8s.mpg,75,91,3.4579925537109375,0.9838685511972728
222,3,/home/nabizadz/Projects/Mahsa/datasets/grid/test/s32/bgix9p.mpg,49,65,3.257364511489868,0.9532224617655957
222,4,/home/nabizadz/Projects/Mahsa/datasets/grid/test/s32/bgid8a.mpg,0,16,4.143965244293213,0.975003381979608
222,5,/home/nabizadz/Projects/Mahsa/datasets/grid/test/s32/srae6a.mpg,271,287,4.312655925750732,0.9360068501210573
222,6,/home/nabizadz/Projects/Mahsa/datasets/grid/test/s32/lrwczs.mpg,251,267,4.38165283203125,0.9400108123493224
222,7,/home/nabizadz/Projects/Mahsa/datasets/grid/test/s32/brbqzs.mpg,191,207,3.8497114181518555,0.9705256281477346
222,8,/home/nabizadz/Projects/Mahsa/datasets/grid/test/s32/lgwd2s.mpg,271,287,4.275680065155029,0.9182489756572929
222,9,/home/nabizadz/Projects/Mahsa/datasets/grid/test/s32/swws5n.mpg,193,209,3.975982666015625,0.9840890745464937
222,10,/home/nabizadz/Projects/Mahsa/datasets/grid/test/s32/swil1p.mpg,133,149,3.629716157913208,0.9790655292386764
222,11,/home/nabizadz/Projects/Mahsa/datasets/grid/test/s32/bgbe6a.mpg,225,241,4.368106365203857,0.964535663682167
222,12,/home/nabizadz/Projects/Mahsa/datasets/grid/test/s32/pris4s.mpg,185,201,4.308408737182617,0.8932261136850527
222,13,/home/nabizadz/Projects/Mahsa/datasets/grid/test/s32/pram6a.mpg,279,295,4.316778182983398,0.9520189962035819
222,14,/home/nabizadz/Projects/Mahsa/datasets/grid/test/s32/lwiiza.mpg,187,203,3.668017625808716,0.984347658261613
222,15,/home/nabizadz/Projects/Mahsa/datasets/grid/test/s32/brwq5p.mpg,257,273,4.286586284637451,0.9181869697863727
223,0,/home/nabizadz/Projects/Mahsa/datasets/grid/test/s32/lwao6s.mpg,108,124,3.7519149780273438,0.9782321416621542
223,1,/home/nabizadz/Projects/Mahsa/datasets/grid/test/s32/lwacza.mpg,129,145,3.3849875926971436,0.9631447091512072
223,2,/home/nabizadz/Projects/Mahsa/datasets/grid/test/s32/pbaf3n.mpg,1,17,4.401091575622559,0.9937445905685203
223,3,/home/nabizadz/Projects/Mahsa/datasets/grid/test/s32/brav9n.mpg,32,48,4.311733245849609,0.9691000548729855
223,4,/home/nabizadz/Projects/Mahsa/datasets/grid/test/s32/bbwd2a.mpg,79,95,3.3719236850738525,0.9541329398031894
223,5,/home/nabizadz/Projects/Mahsa/datasets/grid/test/s32/bwaj8s.mpg,48,64,3.438783645629883,0.9858618809834145
223,6,/home/nabizadz/Projects/Mahsa/datasets/grid/test/s32/lraozs.mpg,176,192,3.550450086593628,0.9662007765514505
223,7,/home/nabizadz/Projects/Mahsa/datasets/grid/test/s32/sbay2a.mpg,281,297,4.379987716674805,0.9592400991197739
223,8,/home/nabizadz/Projects/Mahsa/datasets/grid/test/s32/bgay3p.mpg,56,72,3.2262356281280518,0.9802073295095413
223,9,/home/nabizadz/Projects/Mahsa/datasets/grid/test/s32/bgak6a.mpg,246,262,4.120953559875488,0.831687522507401
223,10,/home/nabizadz/Projects/Mahsa/datasets/grid/test/s32/brac9p.mpg,245,261,4.280325412750244,0.8909657737887774
223,11,/home/nabizadz/Projects/Mahsa/datasets/grid/test/s32/lgic2a.mpg,196,212,4.357124328613281,0.9738578345656584
223,12,/home/nabizadz/Projects/Mahsa/datasets/grid/test/s32/pwis9n.mpg,81,97,3.1180357933044434,0.9521611578529614
223,13,/home/nabizadz/Projects/Mahsa/datasets/grid/test/s32/prwn4a.mpg,191,207,4.33607292175293,0.9882881804159841
223,14,/home/nabizadz/Projects/Mahsa/datasets/grid/test/s32/bgik1p.mpg,233,249,4.35159969329834,0.9477344428912343
223,15,/home/nabizadz/Projects/Mahsa/datasets/grid/test/s32/pwwa9n.mpg,126,142,3.3280646800994873,0.971851499038427
224,0,/home/nabizadz/Projects/Mahsa/datasets/grid/test/s32/swwm4a.mpg,221,237,4.339163303375244,0.9371194419715733
224,1,/home/nabizadz/Projects/Mahsa/datasets/grid/test/s32/brbj6s.mpg,108,124,3.2664408683776855,0.94803690418708
224,2,/home/nabizadz/Projects/Mahsa/datasets/grid/test/s32/lrih4a.mpg,251,267,4.238449573516846,0.8391690867567436
224,3,/home/nabizadz/Projects/Mahsa/datasets/grid/test/s32/lgbdza.mpg,120,136,1.9281446933746338,0.9802172195000216
224,4,/home/nabizadz/Projects/Mahsa/datasets/grid/test/s32/pbaz6s.mpg,76,92,3.5505752563476562,0.9770304561789247
224,5,/home/nabizadz/Projects/Mahsa/datasets/grid/test/s32/bbwp7n.mpg,211,227,4.285063743591309,0.8875115438251934
224,6,/home/nabizadz/Projects/Mahsa/datasets/grid/test/s32/lbwu7p.mpg,4,20,4.450026035308838,0.9843523756761478
224,7,/home/nabizadz/Projects/Mahsa/datasets/grid/test/s32/bwij3n.mpg,18,34,3.799196481704712,0.9710362114173097
224,8,/home/nabizadz/Projects/Mahsa/datasets/grid/test/s32/pbaf4s.mpg,113,129,3.7072999477386475,0.973815589168377
224,9,/home/nabizadz/Projects/Mahsa/datasets/grid/test/s32/pbbs8a.mpg,264,280,4.283261299133301,0.9310200502988961
224,10,/home/nabizadz/Projects/Mahsa/datasets/grid/test/s32/pwag5n.mpg,141,157,3.5101675987243652,0.9841192119031901
224,11,/home/nabizadz/Projects/Mahsa/datasets/grid/test/s32/bgwe7n.mpg,7,23,4.331118106842041,0.9740449941147599
224,12,/home/nabizadz/Projects/Mahsa/datasets/grid/test/s32/bwaj7n.mpg,127,143,3.5987136363983154,0.9777991485995884
224,13,/home/nabizadz/Projects/Mahsa/datasets/grid/test/s32/lbig7p.mpg,262,278,4.241580009460449,0.9081380372087718
224,14,/home/nabizadz/Projects/Mahsa/datasets/grid/test/s32/bgby6s.mpg,32,48,4.3201799392700195,0.9998435464242882
224,15,/home/nabizadz/Projects/Mahsa/datasets/grid/test/s32/bgwz2a.mpg,243,259,4.001164436340332,0.8220520605810528
225,0,/home/nabizadz/Projects/Mahsa/datasets/grid/test/s32/bbwj4s.mpg,219,235,4.420501232147217,0.9281085486515128
225,1,/home/nabizadz/Projects/Mahsa/datasets/grid/test/s32/briv5n.mpg,25,41,4.366069793701172,0.9827892784309256
225,2,/home/nabizadz/Projects/Mahsa/datasets/grid/test/s32/pgia4s.mpg,55,71,3.486172676086426,0.9780802103141782
225,3,/home/nabizadz/Projects/Mahsa/datasets/grid/test/s32/sgas6a.mpg,182,198,3.99922776222229,0.9716847675774724
225,4,/home/nabizadz/Projects/Mahsa/datasets/grid/test/s32/pram3n.mpg,112,128,3.6492860317230225,0.9928245342294628
225,5,/home/nabizadz/Projects/Mahsa/datasets/grid/test/s32/sgil6s.mpg,249,265,4.273577690124512,0.9892930553074918
225,6,/home/nabizadz/Projects/Mahsa/datasets/grid/test/s32/lrin6s.mpg,22,38,4.164000988006592,0.9567804018462637
225,7,/home/nabizadz/Projects/Mahsa/datasets/grid/test/s32/swbl7n.mpg,180,196,3.1384520530700684,0.9700538924261334
225,8,/home/nabizadz/Projects/Mahsa/datasets/grid/test/s32/srar1n.mpg,3,19,4.339812278747559,0.9946880151703651
225,9,/home/nabizadz/Projects/Mahsa/datasets/grid/test/s32/lgbc8s.mpg,42,58,4.1716532707214355,0.9820001733303163
225,10,/home/nabizadz/Projects/Mahsa/datasets/grid/test/s32/lwbp1p.mpg,94,110,3.2323555946350098,0.9777246738184026
225,11,/home/nabizadz/Projects/Mahsa/datasets/grid/test/s32/lbaa8a.mpg,114,130,3.5774991512298584,0.9637878028153913
225,12,/home/nabizadz/Projects/Mahsa/datasets/grid/test/s32/lwbv6a.mpg,49,65,3.3332741260528564,0.9723389903829548
225,13,/home/nabizadz/Projects/Mahsa/datasets/grid/test/s32/brbd2s.mpg,186,202,4.055721759796143,0.9786809343074122
225,14,/home/nabizadz/Projects/Mahsa/datasets/grid/test/s32/lbwb4s.mpg,186,202,3.2423393726348877,0.9801317772671326
225,15,/home/nabizadz/Projects/Mahsa/datasets/grid/test/s32/lwbc3p.mpg,218,234,4.320621967315674,0.9594818935159241
226,0,/home/nabizadz/Projects/Mahsa/datasets/grid/test/s32/swaf1p.mpg,8,24,4.333005428314209,0.9861768793137754
226,1,/home/nabizadz/Projects/Mahsa/datasets/grid/test/s32/pgit7p.mpg,255,271,4.371363162994385,0.9160479520781376
226,2,/home/nabizadz/Projects/Mahsa/datasets/grid/test/s32/pgbh6s.mpg,58,74,3.4742724895477295,0.9719293629921774
226,3,/home/nabizadz/Projects/Mahsa/datasets/grid/test/s32/bwwy4s.mpg,92,108,3.6605052947998047,0.9778495648565484
226,4,/home/nabizadz/Projects/Mahsa/datasets/grid/test/s32/sriy2s.mpg,41,57,3.59997820854187,0.9550694849022777
226,5,/home/nabizadz/Projects/Mahsa/datasets/grid/test/s32/pwwh6a.mpg,263,279,4.299073696136475,0.9072309613202968
226,6,/home/nabizadz/Projects/Mahsa/datasets/grid/test/s32/bbwc9n.mpg,193,209,3.921422243118286,0.9776938569782105
226,7,/home/nabizadz/Projects/Mahsa/datasets/grid/test/s32/lgipza.mpg,197,213,4.302675724029541,0.9753117477192734
226,8,/home/nabizadz/Projects/Mahsa/datasets/grid/test/s32/bbwx4a.mpg,126,142,3.238633632659912,0.9725455498324612
226,9,/home/nabizadz/Projects/Mahsa/datasets/grid/test/s32/pgwb8a.mpg,111,127,3.505173921585083,0.969663512007833
226,10,/home/nabizadz/Projects/Mahsa/datasets/grid/test/s32/lgiv3p.mpg,75,91,3.3209662437438965,0.9813682371341186
226,11,/home/nabizadz/Projects/Mahsa/datasets/grid/test/s32/pgau1p.mpg,59,75,3.46777606010437,0.9712922274207699
226,12,/home/nabizadz/Projects/Mahsa/datasets/grid/test/s32/bwwk8a.mpg,261,277,4.340951919555664,0.921151979283598
226,13,/home/nabizadz/Projects/Mahsa/datasets/grid/test/s32/pwig1n.mpg,31,47,4.354269027709961,0.9827940022697057
226,14,/home/nabizadz/Projects/Mahsa/datasets/grid/test/s32/lgii3n.mpg,121,137,3.6053242683410645,0.9817716679856283
226,15,/home/nabizadz/Projects/Mahsa/datasets/grid/test/s32/lrbh9n.mpg,212,228,4.2976508140563965,0.9391633367897371
227,0,/home/nabizadz/Projects/Mahsa/datasets/grid/test/s32/lwwxza.mpg,45,61,3.8444292545318604,0.9773937107693852
227,1,/home/nabizadz/Projects/Mahsa/datasets/grid/test/s32/lban3n.mpg,106,122,3.4948318004608154,0.9763283227180486
227,2,/home/nabizadz/Projects/Mahsa/datasets/grid/test/s32/lbwo3p.mpg,180,196,3.917003631591797,0.9509747207956096
227,3,/home/nabizadz/Projects/Mahsa/datasets/grid/test/s32/srwz3n.mpg,165,181,3.3041086196899414,0.9511937927762668
227,4,/home/nabizadz/Projects/Mahsa/datasets/grid/test/s32/pwim6s.mpg,179,195,3.9999773502349854,0.973665614024439
227,5,/home/nabizadz/Projects/Mahsa/datasets/grid/test/s32/sbby5p.mpg,42,58,4.25371789932251,0.9558150371395097
227,6,/home/nabizadz/Projects/Mahsa/datasets/grid/test/s32/lbat7n.mpg,184,200,3.8141350746154785,0.9840165192567714
227,7,/home/nabizadz/Projects/Mahsa/datasets/grid/test/s32/pbaz8a.mpg,162,178,3.66306471824646,0.9796583000001365
227,8,/home/nabizadz/Projects/Mahsa/datasets/grid/test/s32/swbz8a.mpg,72,88,3.441279172897339,0.9903275903020636
227,9,/home/nabizadz/Projects/Mahsa/datasets/grid/test/s32/pwba6s.mpg,284,300,4.0931620597839355,0.9953761219123548
227,10,/home/nabizadz/Projects/Mahsa/datasets/grid/test/s32/lbig8a.mpg,19,35,4.379350185394287,0.9913078039219301
227,11,/home/nabizadz/Projects/Mahsa/datasets/grid/test/s32/prag2a.mpg,43,59,3.674558639526367,0.969947265238572
227,12,/home/nabizadz/Projects/Mahsa/datasets/grid/test/s32/bwwk6s.mpg,194,210,4.078784942626953,0.9635086005509558
227,13,/home/nabizadz/Projects/Mahsa/datasets/grid/test/s32/pbir7n.mpg,139,155,3.7789456844329834,0.9836385363606498
227,14,/home/nabizadz/Projects/Mahsa/datasets/grid/test/s32/pwwh4s.mpg,160,176,3.578289270401001,0.9745057227536374
227,15,/home/nabizadz/Projects/Mahsa/datasets/grid/test/s32/sgas5p.mpg,75,91,3.3964743614196777,0.9804694084994591
228,0,/home/nabizadz/Projects/Mahsa/datasets/grid/test/s32/pgbu3n.mpg,159,175,3.6421754360198975,0.9711985596264079
228,1,/home/nabizadz/Projects/Mahsa/datasets/grid/test/s32/sgbm4s.mpg,110,126,3.7282302379608154,0.9795826488135654
228,2,/home/nabizadz/Projects/Mahsa/datasets/grid/test/s32/lrau6a.mpg,135,151,3.9375669956207275,0.9808934605784795
228,3,/home/nabizadz/Projects/Mahsa/datasets/grid/test/s32/sbbr2a.mpg,265,281,4.3087358474731445,0.9666446474130478
228,4,/home/nabizadz/Projects/Mahsa/datasets/grid/test/s32/prbt2s.mpg,23,39,3.8128950595855713,0.9614465554851861
228,5,/home/nabizadz/Projects/Mahsa/datasets/grid/test/s32/sbwzza.mpg,62,78,2.29764986038208,0.9894341897908276
228,6,/home/nabizadz/Projects/Mahsa/datasets/grid/test/s32/lwwjzs.mpg,234,250,4.395689010620117,0.9775887275140785
228,7,/home/nabizadz/Projects/Mahsa/datasets/grid/test/s32/pbbm2s.mpg,67,83,3.4928669929504395,0.9888001816187477
228,8,/home/nabizadz/Projects/Mahsa/datasets/grid/test/s32/sgal9n.mpg,43,59,3.627805233001709,0.9705097928040566
228,9,/home/nabizadz/Projects/Mahsa/datasets/grid/test/s32/srby9n.mpg,120,136,3.8782052993774414,0.9660482899473252
228,10,/home/nabizadz/Projects/Mahsa/datasets/grid/test/s32/sgbm6a.mpg,19,35,3.4235761165618896,0.9617246297458519
228,11,/home/nabizadz/Projects/Mahsa/datasets/grid/test/s32/lbbn9p.mpg,41,57,4.413656711578369,0.9667693655569786
228,12,/home/nabizadz/Projects/Mahsa/datasets/grid/test/s32/pwim8a.mpg,87,103,3.6555349826812744,0.9708216093473728
228,13,/home/nabizadz/Projects/Mahsa/datasets/grid/test/s32/pgbb2s.mpg,243,259,4.426249980926514,0.9609528988423081
228,14,/home/nabizadz/Projects/Mahsa/datasets/grid/test/s32/lgwx4s.mpg,200,216,3.6938633918762207,0.9848761975219325
228,15,/home/nabizadz/Projects/Mahsa/datasets/grid/test/s32/pgwvza.mpg,237,253,4.136392593383789,0.8622153451308567
229,0,/home/nabizadz/Projects/Mahsa/datasets/grid/test/s32/bgikzs.mpg,139,155,3.708378791809082,0.98178188994557
229,1,/home/nabizadz/Projects/Mahsa/datasets/grid/test/s32/lwio1n.mpg,206,222,4.383247375488281,0.9163420100121417
229,2,/home/nabizadz/Projects/Mahsa/datasets/grid/test/s32/pgbn9n.mpg,228,244,4.280340671539307,0.9062495786167102
229,3,/home/nabizadz/Projects/Mahsa/datasets/grid/test/s32/lgbp7p.mpg,267,283,4.322269439697266,0.9440610619639553
229,4,/home/nabizadz/Projects/Mahsa/datasets/grid/test/s32/lwav2a.mpg,256,272,4.2915849685668945,0.8622923639980107
229,5,/home/nabizadz/Projects/Mahsa/datasets/grid/test/s32/sray6s.mpg,263,279,4.196657180786133,0.9683761219470887
229,6,/home/nabizadz/Projects/Mahsa/datasets/grid/test/s32/prbg5p.mpg,270,286,3.9925596714019775,0.8981782950506854
229,7,/home/nabizadz/Projects/Mahsa/datasets/grid/test/s32/brbj8a.mpg,105,121,3.593644142150879,0.9827961847739021
229,8,/home/nabizadz/Projects/Mahsa/datasets/grid/test/s32/lgbc7n.mpg,6,22,4.335869312286377,0.9853593830123697
229,9,/home/nabizadz/Projects/Mahsa/datasets/grid/test/s32/pgbh7p.mpg,235,251,4.074434757232666,0.9422495321750106
229,10,/home/nabizadz/Projects/Mahsa/datasets/grid/test/s32/lbahzs.mpg,255,271,4.296090602874756,0.9021373711845392
229,11,/home/nabizadz/Projects/Mahsa/datasets/grid/test/s32/bwad5p.mpg,90,106,3.320150375366211,0.9792145895159655
229,12,/home/nabizadz/Projects/Mahsa/datasets/grid/test/s32/lwwp3n.mpg,37,53,4.201652526855469,0.9977181413239944
229,13,/home/nabizadz/Projects/Mahsa/datasets/grid/test/s32/lgac3n.mpg,51,67,3.7010324001312256,0.9813591441624322
229,14,/home/nabizadz/Projects/Mahsa/datasets/grid/test/s32/bwix4a.mpg,188,204,3.757253646850586,0.9731533955907957
229,15,/home/nabizadz/Projects/Mahsa/datasets/grid/test/s32/bwij5p.mpg,173,189,3.9086837768554688,0.976081232654505
230,0,/home/nabizadz/Projects/Mahsa/datasets/grid/test/s32/pgbh8a.mpg,175,191,4.250295639038086,0.9843802970316522
230,1,/home/nabizadz/Projects/Mahsa/datasets/grid/test/s32/lgwq1p.mpg,254,270,4.279345989227295,0.8865035138794175
230,2,/home/nabizadz/Projects/Mahsa/datasets/grid/test/s32/swilzs.mpg,0,16,4.428500652313232,0.9885880738595265
230,3,/home/nabizadz/Projects/Mahsa/datasets/grid/test/s32/pbisza.mpg,271,287,4.3978471755981445,0.9594252450502299
230,4,/home/nabizadz/Projects/Mahsa/datasets/grid/test/s32/sgir9n.mpg,190,206,4.195199012756348,0.8858374797187344
230,5,/home/nabizadz/Projects/Mahsa/datasets/grid/test/s32/pwam9n.mpg,244,260,4.363091468811035,0.9269214324709406
230,6,/home/nabizadz/Projects/Mahsa/datasets/grid/test/s32/lgwd1n.mpg,73,89,3.3882110118865967,0.9679154135974581
230,7,/home/nabizadz/Projects/Mahsa/datasets/grid/test/s32/sbak1n.mpg,256,272,4.039312839508057,0.9256129725819263
230,8,/home/nabizadz/Projects/Mahsa/datasets/grid/test/s32/bbwqza.mpg,190,206,4.10724401473999,0.9863356616571993
230,9,/home/nabizadz/Projects/Mahsa/datasets/grid/test/s32/sgwt4a.mpg,130,146,3.5615460872650146,0.9720230596086027
230,10,/home/nabizadz/Projects/Mahsa/datasets/grid/test/s32/lbin1p.mpg,97,113,3.161656379699707,0.9538086729161926
230,11,/home/nabizadz/Projects/Mahsa/datasets/grid/test/s32/bgak4s.mpg,117,133,3.7492446899414062,0.969924871200783
230,12,/home/nabizadz/Projects/Mahsa/datasets/grid/test/s32/srie1p.mpg,118,134,3.7361648082733154,0.9764462320883023
230,13,/home/nabizadz/Projects/Mahsa/datasets/grid/test/s32/pwwn8s.mpg,174,190,3.7373881340026855,0.9712389173529749
230,14,/home/nabizadz/Projects/Mahsa/datasets/grid/test/s32/sgaf8a.mpg,193,209,4.3115668296813965,0.9886534544907578
230,15,/home/nabizadz/Projects/Mahsa/datasets/grid/test/s32/lgwx3n.mpg,65,81,3.652247428894043,0.9800429020070619
231,0,/home/nabizadz/Projects/Mahsa/datasets/grid/test/s32/bbbi9n.mpg,268,284,4.32637882232666,0.9465806526965158
231,1,/home/nabizadz/Projects/Mahsa/datasets/grid/test/s32/sbad8s.mpg,87,103,3.1047232151031494,0.968531105853376
231,2,/home/nabizadz/Projects/Mahsa/datasets/grid/test/s32/pgan5n.mpg,59,75,3.721920967102051,0.9789275608809413
231,3,/home/nabizadz/Projects/Mahsa/datasets/grid/test/s32/pwat3n.mpg,65,81,3.4139413833618164,0.984423560838972
231,4,/home/nabizadz/Projects/Mahsa/datasets/grid/test/s32/brwq6a.mpg,72,88,3.343294143676758,0.9809429110190278
231,5,/home/nabizadz/Projects/Mahsa/datasets/grid/test/s32/bwwrzs.mpg,102,118,3.6008291244506836,0.9648987979814122
231,6,/home/nabizadz/Projects/Mahsa/datasets/grid/test/s32/srae3n.mpg,223,239,4.255889892578125,0.8337000810816718
231,7,/home/nabizadz/Projects/Mahsa/datasets/grid/test/s32/pbwm7p.mpg,279,295,4.490834712982178,0.9788324705264282
231,8,/home/nabizadz/Projects/Mahsa/datasets/grid/test/s32/bric6a.mpg,87,103,3.21553897857666,0.9783866841845683
231,9,/home/nabizadz/Projects/Mahsa/datasets/grid/test/s32/bbib8s.mpg,166,182,3.213165044784546,0.9501077758751716
231,10,/home/nabizadz/Projects/Mahsa/datasets/grid/test/s32/sgil8a.mpg,274,290,4.282589435577393,0.9366807858004488
231,11,/home/nabizadz/Projects/Mahsa/datasets/grid/test/s32/bbao9n.mpg,16,32,3.1767618656158447,0.9940136700708387
231,12,/home/nabizadz/Projects/Mahsa/datasets/grid/test/s32/sbak4a.mpg,283,299,4.359710216522217,0.9729476638135099
231,13,/home/nabizadz/Projects/Mahsa/datasets/grid/test/s32/sgbs9p.mpg,238,254,4.347434043884277,0.8681446275925278
231,14,/home/nabizadz/Projects/Mahsa/datasets/grid/test/s32/lrwv2s.mpg,228,244,4.365855693817139,0.9163621816797841
231,15,/home/nabizadz/Projects/Mahsa/datasets/grid/test/s32/lbbu3p.mpg,221,237,4.101147651672363,0.8937414605952089
232,0,/home/nabizadz/Projects/Mahsa/datasets/grid/test/s32/brbd3p.mpg,32,48,4.372638702392578,0.9960343789931627
232,1,/home/nabizadz/Projects/Mahsa/datasets/grid/test/s32/pwig4a.mpg,104,120,3.265871524810791,0.9705558014190203
232,2,/home/nabizadz/Projects/Mahsa/datasets/grid/test/s32/bwbd8s.mpg,106,122,3.5342178344726562,0.9869205147258608
232,3,/home/nabizadz/Projects/Mahsa/datasets/grid/test/s32/bbio6s.mpg,255,271,4.424075603485107,0.9250334191570141
232,4,/home/nabizadz/Projects/Mahsa/datasets/grid/test/s32/lwib5p.mpg,71,87,3.371748685836792,0.98540959758406
232,5,/home/nabizadz/Projects/Mahsa/datasets/grid/test/s32/pbwg2s.mpg,93,109,3.7160873413085938,0.970631053318125
232,6,/home/nabizadz/Projects/Mahsa/datasets/grid/test/s32/swae9n.mpg,26,42,4.390923976898193,0.9928675677861487
232,7,/home/nabizadz/Projects/Mahsa/datasets/grid/test/s32/bwad4s.mpg,2,18,4.4197282791137695,0.996706935443432
232,8,/home/nabizadz/Projects/Mahsa/datasets/grid/test/s32/bbiv1p.mpg,234,250,4.298386573791504,0.8658729530556153
232,9,/home/nabizadz/Projects/Mahsa/datasets/grid/test/s32/pris5p.mpg,51,67,3.171736478805542,0.9731220388475414
232,10,/home/nabizadz/Projects/Mahsa/datasets/grid/test/s32/brbd1n.mpg,156,172,3.639338254928589,0.967187347805988
232,11,/home/nabizadz/Projects/Mahsa/datasets/grid/test/s32/srws2a.mpg,79,95,3.724318265914917,0.9787017018325662
232,12,/home/nabizadz/Projects/Mahsa/datasets/grid/test/s32/srwz6a.mpg,57,73,4.313407897949219,0.9870264525517525
232,13,/home/nabizadz/Projects/Mahsa/datasets/grid/test/s32/lgav6s.mpg,243,259,3.8920395374298096,0.8168155025102058
232,14,/home/nabizadz/Projects/Mahsa/datasets/grid/test/s32/lwbc2s.mpg,107,123,2.9044415950775146,0.9810109050256627
232,15,/home/nabizadz/Projects/Mahsa/datasets/grid/test/s32/bgwr7p.mpg,4,20,4.0484819412231445,0.9910392147536247
233,0,/home/nabizadz/Projects/Mahsa/datasets/grid/test/s32/lwbv3n.mpg,111,127,3.722585439682007,0.9866678571835825
233,1,/home/nabizadz/Projects/Mahsa/datasets/grid/test/s32/pbwg3p.mpg,223,239,4.402060508728027,0.9572954277809317
233,2,/home/nabizadz/Projects/Mahsa/datasets/grid/test/s32/swbz7p.mpg,197,213,4.027268886566162,0.9679470647364548
233,3,/home/nabizadz/Projects/Mahsa/datasets/grid/test/s32/swiy8s.mpg,202,218,4.434117317199707,0.9725958744844796
233,4,/home/nabizadz/Projects/Mahsa/datasets/grid/test/s32/brwkzs.mpg,84,100,2.113448143005371,0.9825272048240759
233,5,/home/nabizadz/Projects/Mahsa/datasets/grid/test/s32/pgia3n.mpg,136,152,3.5649428367614746,0.9642318214864374
233,6,/home/nabizadz/Projects/Mahsa/datasets/grid/test/s32/bgwe8s.mpg,8,24,4.4089131355285645,0.9809140248870389
233,7,/home/nabizadz/Projects/Mahsa/datasets/grid/test/s32/lbim9n.mpg,131,147,2.083512783050537,0.9849937726011649
233,8,/home/nabizadz/Projects/Mahsa/datasets/grid/test/s32/prbg3n.mpg,16,32,4.275910377502441,0.9970763778195696
233,9,/home/nabizadz/Projects/Mahsa/datasets/grid/test/s32/lbat9p.mpg,224,240,4.374208927154541,0.9699638629683822
233,10,/home/nabizadz/Projects/Mahsa/datasets/grid/test/s32/sray5n.mpg,61,77,3.6806325912475586,0.9839868907333275
233,11,/home/nabizadz/Projects/Mahsa/datasets/grid/test/s32/bgid6s.mpg,224,240,4.364226341247559,0.9677289496678013
233,12,/home/nabizadz/Projects/Mahsa/datasets/grid/test/s32/swwz9n.mpg,101,117,2.201430559158325,0.9844186149898316
233,13,/home/nabizadz/Projects/Mahsa/datasets/grid/test/s32/lrbo3n.mpg,142,158,3.36203670501709,0.9794408369290423
233,14,/home/nabizadz/Projects/Mahsa/datasets/grid/test/s32/sriq9p.mpg,221,237,4.367305278778076,0.9339670543770525
233,15,/home/nabizadz/Projects/Mahsa/datasets/grid/test/s32/pbaz5n.mpg,86,102,3.3516831398010254,0.9972087715663093
234,0,/home/nabizadz/Projects/Mahsa/datasets/grid/test/s32/srwf4a.mpg,36,52,2.857252359390259,0.9759486846887182
234,1,/home/nabizadz/Projects/Mahsa/datasets/grid/test/s32/lrau3n.mpg,282,298,4.46448278427124,0.9850194609235169
234,2,/home/nabizadz/Projects/Mahsa/datasets/grid/test/s32/lbbh6a.mpg,67,83,3.813596725463867,0.9826392289173094
234,3,/home/nabizadz/Projects/Mahsa/datasets/grid/test/s32/sriq8s.mpg,133,149,3.5898430347442627,0.9857581455476659
234,4,/home/nabizadz/Projects/Mahsa/datasets/grid/test/s32/prim2a.mpg,6,22,4.48814582824707,0.9775532595494262
234,5,/home/nabizadz/Projects/Mahsa/datasets/grid/test/s32/lwao5n.mpg,76,92,3.686343193054199,0.9804383306923775
234,6,/home/nabizadz/Projects/Mahsa/datasets/grid/test/s32/lbauza.mpg,161,177,3.486872911453247,0.9495747984645049
234,7,/home/nabizadz/Projects/Mahsa/datasets/grid/test/s32/pgwo3n.mpg,38,54,4.312378406524658,0.9695646769584041
234,8,/home/nabizadz/Projects/Mahsa/datasets/grid/test/s32/lgwp9n.mpg,47,63,3.9271183013916016,0.9641925203495073
234,9,/home/nabizadz/Projects/Mahsa/datasets/grid/test/s32/bgay2s.mpg,112,128,3.3542706966400146,0.9800851016737416
234,10,/home/nabizadz/Projects/Mahsa/datasets/grid/test/s32/pgan7p.mpg,86,102,3.064730405807495,0.9835346484183694
234,11,/home/nabizadz/Projects/Mahsa/datasets/grid/test/s32/pbwm8a.mpg,90,106,3.4034032821655273,0.9734413142782197
234,12,/home/nabizadz/Projects/Mahsa/datasets/grid/test/s32/sgaf5n.mpg,97,113,3.3339829444885254,0.9725027825040579
234,13,/home/nabizadz/Projects/Mahsa/datasets/grid/test/s32/srbfza.mpg,80,96,1.9390462636947632,0.9784126389874751
234,14,/home/nabizadz/Projects/Mahsa/datasets/grid/test/s32/bwbx9n.mpg,97,113,3.5929088592529297,0.9832908842654082
234,15,/home/nabizadz/Projects/Mahsa/datasets/grid/test/s32/lbwb5p.mpg,30,46,4.091730117797852,0.9662198759873284
235,0,/home/nabizadz/Projects/Mahsa/datasets/grid/test/s32/lgbj3p.mpg,56,72,3.248486280441284,0.9672852046908371
235,1,/home/nabizadz/Projects/Mahsa/datasets/grid/test/s32/bgbr2s.mpg,208,224,4.241407871246338,0.9287389373336582
235,2,/home/nabizadz/Projects/Mahsa/datasets/grid/test/s32/lgai7n.mpg,214,230,4.23151159286499,0.9502113560340139
235,3,/home/nabizadz/Projects/Mahsa/datasets/grid/test/s32/pgauzs.mpg,209,225,4.250141143798828,0.9013023431967536
235,4,/home/nabizadz/Projects/Mahsa/datasets/grid/test/s32/lrah8a.mpg,185,201,4.242559432983398,0.9902811599995264
235,5,/home/nabizadz/Projects/Mahsa/datasets/grid/test/s32/pbwaza.mpg,96,112,3.58197283744812,0.9597852933869425
235,6,/home/nabizadz/Projects/Mahsa/datasets/grid/test/s32/lbbu4a.mpg,232,248,4.286909580230713,0.920477730715036
235,7,/home/nabizadz/Projects/Mahsa/datasets/grid/test/s32/brwd8a.mpg,198,214,4.250315189361572,0.9473667787093644
235,8,/home/nabizadz/Projects/Mahsa/datasets/grid/test/s32/prif6s.mpg,107,123,3.2500319480895996,0.9726836371285705
235,9,/home/nabizadz/Projects/Mahsa/datasets/grid/test/s32/bwip8s.mpg,203,219,4.448435306549072,0.9587085269547482
235,10,/home/nabizadz/Projects/Mahsa/datasets/grid/test/s32/swir5p.mpg,74,90,2.140214681625366,0.9881053629767432
235,11,/home/nabizadz/Projects/Mahsa/datasets/grid/test/s32/srbe9p.mpg,39,55,4.133630275726318,0.9974498357917819
235,12,/home/nabizadz/Projects/Mahsa/datasets/grid/test/s32/lbig5n.mpg,116,132,3.684232711791992,0.9835478753559065
235,13,/home/nabizadz/Projects/Mahsa/datasets/grid/test/s32/sbak3p.mpg,91,107,2.8239147663116455,0.9722888360465164
235,14,/home/nabizadz/Projects/Mahsa/datasets/grid/test/s32/lrwv4a.mpg,183,199,4.238821983337402,0.9749168801429787
235,15,/home/nabizadz/Projects/Mahsa/datasets/grid/test/s32/sbbr1p.mpg,4,20,4.376722812652588,0.9898417186560062
236,0,/home/nabizadz/Projects/Mahsa/datasets/grid/test/s32/lwbc4a.mpg,74,90,3.5423436164855957,0.9778167547681661
236,1,/home/nabizadz/Projects/Mahsa/datasets/grid/test/s32/prwg9p.mpg,176,192,3.8946099281311035,0.9804390948997013
236,2,/home/nabizadz/Projects/Mahsa/datasets/grid/test/s32/sbbrzs.mpg,282,298,4.345154285430908,0.9709864203939144
236,3,/home/nabizadz/Projects/Mahsa/datasets/grid/test/s32/lwwj2a.mpg,143,159,3.606642007827759,0.9683463519893463
236,4,/home/nabizadz/Projects/Mahsa/datasets/grid/test/s32/pwaa3p.mpg,154,170,3.8752143383026123,0.9888786710969102
236,5,/home/nabizadz/Projects/Mahsa/datasets/grid/test/s32/pgaa9p.mpg,79,95,3.337968111038208,0.9600182399601549
236,6,/home/nabizadz/Projects/Mahsa/datasets/grid/test/s32/lrau4s.mpg,50,66,2.536809206008911,0.9788401656621193
236,7,/home/nabizadz/Projects/Mahsa/datasets/grid/test/s32/sbij9p.mpg,171,187,3.75905442237854,0.9827943437844106
236,8,/home/nabizadz/Projects/Mahsa/datasets/grid/test/s32/pwan1p.mpg,123,139,3.406982660293579,0.977907920599693
236,9,/home/nabizadz/Projects/Mahsa/datasets/grid/test/s32/lwwj1p.mpg,273,289,4.132136821746826,0.9055840462339162
236,10,/home/nabizadz/Projects/Mahsa/datasets/grid/test/s32/prim1p.mpg,132,148,3.2976090908050537,0.959852642194744
236,11,/home/nabizadz/Projects/Mahsa/datasets/grid/test/s32/pbbs6s.mpg,132,148,3.237865686416626,0.9736022769942133
236,12,/home/nabizadz/Projects/Mahsa/datasets/grid/test/s32/pbaf6a.mpg,135,151,3.9447574615478516,0.9893750909983202
236,13,/home/nabizadz/Projects/Mahsa/datasets/grid/test/s32/pgit8a.mpg,271,287,4.264705657958984,0.947811309306936
236,14,/home/nabizadz/Projects/Mahsa/datasets/grid/test/s32/prwhza.mpg,83,99,3.303575277328491,0.974862733157846
236,15,/home/nabizadz/Projects/Mahsa/datasets/grid/test/s32/srae5p.mpg,191,207,4.451057434082031,0.9873633683849639
237,0,/home/nabizadz/Projects/Mahsa/datasets/grid/test/s32/lrwv3p.mpg,33,49,4.380500316619873,0.9711625231661323
237,1,/home/nabizadz/Projects/Mahsa/datasets/grid/test/s32/bwad3n.mpg,130,146,3.3800759315490723,0.9759107921144127
237,2,/home/nabizadz/Projects/Mahsa/datasets/grid/test/s32/bgwz1p.mpg,138,154,3.6551804542541504,0.9776385920606204
237,3,/home/nabizadz/Projects/Mahsa/datasets/grid/test/s32/sbby6a.mpg,190,206,3.9419093132019043,0.9633999335820341
237,4,/home/nabizadz/Projects/Mahsa/datasets/grid/test/s32/lgwx5p.mpg,129,145,3.541435480117798,0.9900729082755718
237,5,/home/nabizadz/Projects/Mahsa/datasets/grid/test/s32/lwwc8a.mpg,55,71,3.6563265323638916,0.9710206275190837
237,6,/home/nabizadz/Projects/Mahsa/datasets/grid/test/s32/lrbb6s.mpg,43,59,2.7403042316436768,0.9714444730464127
237,7,/home/nabizadz/Projects/Mahsa/datasets/grid/test/s32/prwn1n.mpg,116,132,3.739149332046509,0.9760195490057076
237,8,/home/nabizadz/Projects/Mahsa/datasets/grid/test/s32/srak7n.mpg,280,296,4.441226959228516,0.9871666176054874
237,9,/home/nabizadz/Projects/Mahsa/datasets/grid/test/s32/pbbs7p.mpg,137,153,3.7646024227142334,0.9851714218176186
237,10,/home/nabizadz/Projects/Mahsa/datasets/grid/test/s32/bgarza.mpg,151,167,3.6533327102661133,0.970131660985234
237,11,/home/nabizadz/Projects/Mahsa/datasets/grid/test/s32/briv6s.mpg,110,126,3.854865789413452,0.975035892699308
237,12,/home/nabizadz/Projects/Mahsa/datasets/grid/test/s32/srbr5n.mpg,100,116,3.3056187629699707,0.9774403867867504
237,13,/home/nabizadz/Projects/Mahsa/datasets/grid/test/s32/lrbi1p.mpg,208,224,4.290670871734619,0.8665237329046771
237,14,/home/nabizadz/Projects/Mahsa/datasets/grid/test/s32/lgiczs.mpg,24,40,4.088513374328613,0.9850776347217196
237,15,/home/nabizadz/Projects/Mahsa/datasets/grid/test/s32/swaf2a.mpg,82,98,3.5878074169158936,0.9847098256574074
238,0,/home/nabizadz/Projects/Mahsa/datasets/grid/test/s32/bbib7n.mpg,85,101,3.72947096824646,0.9344668831723374
238,1,/home/nabizadz/Projects/Mahsa/datasets/grid/test/s32/sbij8s.mpg,154,170,3.029369354248047,0.9559032631544223
238,2,/home/nabizadz/Projects/Mahsa/datasets/grid/test/s32/lrbo5p.mpg,58,74,2.8324878215789795,0.9894432835355463
238,3,/home/nabizadz/Projects/Mahsa/datasets/grid/test/s32/lwwc6s.mpg,17,33,4.498283863067627,0.9969072891505688
238,4,/home/nabizadz/Projects/Mahsa/datasets/grid/test/s32/pwanzs.mpg,129,145,3.423196792602539,0.9626049978980666
238,5,/home/nabizadz/Projects/Mahsa/datasets/grid/test/s32/pwim7p.mpg,134,150,3.2190232276916504,0.968804828773142
238,6,/home/nabizadz/Projects/Mahsa/datasets/grid/test/s32/sbwy9p.mpg,169,185,4.113879680633545,0.985029274634085
238,7,/home/nabizadz/Projects/Mahsa/datasets/grid/test/s32/prwa3n.mpg,166,182,3.6377108097076416,0.9818912046964023
238,8,/home/nabizadz/Projects/Mahsa/datasets/grid/test/s32/sbwy7n.mpg,190,206,3.9866011142730713,0.9671646372907057
238,9,/home/nabizadz/Projects/Mahsa/datasets/grid/test/s32/prwt5n.mpg,2,18,4.533075332641602,0.9964864794317264
238,10,/home/nabizadz/Projects/Mahsa/datasets/grid/test/s32/swie8a.mpg,170,186,4.262173175811768,0.9377131056720014
238,11,/home/nabizadz/Projects/Mahsa/datasets/grid/test/s32/pbas2s.mpg,198,214,3.9800827503204346,0.9884782804549321
238,12,/home/nabizadz/Projects/Mahsa/datasets/grid/test/s32/lbwo1n.mpg,194,210,4.463150501251221,0.9806710800422141
238,13,/home/nabizadz/Projects/Mahsa/datasets/grid/test/s32/bwax7p.mpg,97,113,3.712087392807007,0.9855652990921715
238,14,/home/nabizadz/Projects/Mahsa/datasets/grid/test/s32/lriu1p.mpg,63,79,3.2376136779785156,0.9621556922986922
238,15,/home/nabizadz/Projects/Mahsa/datasets/grid/test/s32/bwix1n.mpg,215,231,4.298995494842529,0.9326496017074116
239,0,/home/nabizadz/Projects/Mahsa/datasets/grid/test/s32/bgid7p.mpg,212,228,4.242823600769043,0.9204468509845631
239,1,/home/nabizadz/Projects/Mahsa/datasets/grid/test/s32/lwav1p.mpg,123,139,3.7588627338409424,0.983523971834026
239,2,/home/nabizadz/Projects/Mahsa/datasets/grid/test/s32/lgac6a.mpg,89,105,3.564401626586914,0.971058343299774
239,3,/home/nabizadz/Projects/Mahsa/datasets/grid/test/s32/srwz5p.mpg,206,222,4.446497440338135,0.9732958708632571
239,4,/home/nabizadz/Projects/Mahsa/datasets/grid/test/s32/sbwr4s.mpg,128,144,3.779886245727539,0.9762699502001859
239,5,/home/nabizadz/Projects/Mahsa/datasets/grid/test/s32/sgwa2a.mpg,275,291,4.232692241668701,0.9325112714925209
239,6,/home/nabizadz/Projects/Mahsa/datasets/grid/test/s32/swwm3p.mpg,276,292,3.781970739364624,0.9693301127220249
239,7,/home/nabizadz/Projects/Mahsa/datasets/grid/test/s32/swal4s.mpg,119,135,3.5381431579589844,0.9703505689571248
239,8,/home/nabizadz/Projects/Mahsa/datasets/grid/test/s32/sbak2s.mpg,77,93,3.5029067993164062,0.9733798150809468
239,9,/home/nabizadz/Projects/Mahsa/datasets/grid/test/s32/sgwt1n.mpg,249,265,4.256106376647949,0.8661878069551556
239,10,/home/nabizadz/Projects/Mahsa/datasets/grid/test/s32/sbad7n.mpg,62,78,3.3179054260253906,0.9796594424804662
239,11,/home/nabizadz/Projects/Mahsa/datasets/grid/test/s32/pwba5n.mpg,281,297,4.347217559814453,0.9491988573903732
239,12,/home/nabizadz/Projects/Mahsa/datasets/grid/test/s32/sgiszs.mpg,136,152,2.816232442855835,0.9414166784671554
239,13,/home/nabizadz/Projects/Mahsa/datasets/grid/test/s32/lwbi7p.mpg,284,300,4.363475322723389,0.99912352578539
239,14,/home/nabizadz/Projects/Mahsa/datasets/grid/test/s32/prwt8a.mpg,45,61,3.496307849884033,0.9807858335852191
239,15,/home/nabizadz/Projects/Mahsa/datasets/grid/test/s32/lwib3n.mpg,219,235,4.157473564147949,0.8459094339313242
240,0,/home/nabizadz/Projects/Mahsa/datasets/grid/test/s32/pbbm4a.mpg,17,33,4.355954647064209,0.9952938373762902
240,1,/home/nabizadz/Projects/Mahsa/datasets/grid/test/s32/lwwi9n.mpg,98,114,3.125981092453003,0.9439281304298339
240,2,/home/nabizadz/Projects/Mahsa/datasets/grid/test/s32/lgac4s.mpg,45,61,3.7648844718933105,0.9742348736611682
240,3,/home/nabizadz/Projects/Mahsa/datasets/grid/test/s32/lgio7n.mpg,85,101,2.916423797607422,0.9836064181701824
240,4,/home/nabizadz/Projects/Mahsa/datasets/grid/test/s32/lwio3p.mpg,97,113,3.1708498001098633,0.9728410632094311
240,5,/home/nabizadz/Projects/Mahsa/datasets/grid/test/s32/pbwg1n.mpg,114,130,3.758835792541504,0.9668951472824128
240,6,/home/nabizadz/Projects/Mahsa/datasets/grid/test/s32/bbai6s.mpg,80,96,2.207953453063965,0.9706593893308411
240,7,/home/nabizadz/Projects/Mahsa/datasets/grid/test/s32/bwbq8a.mpg,223,239,4.324775695800781,0.9242388492181028
240,8,/home/nabizadz/Projects/Mahsa/datasets/grid/test/s32/brip1n.mpg,179,195,4.3639912605285645,0.9861675506726152
240,9,/home/nabizadz/Projects/Mahsa/datasets/grid/test/s32/sbbq9n.mpg,73,89,3.735989809036255,0.9742568322641075
240,10,/home/nabizadz/Projects/Mahsa/datasets/grid/test/s32/praf9n.mpg,86,102,3.3921828269958496,0.9762620397358925
240,11,/home/nabizadz/Projects/Mahsa/datasets/grid/test/s32/bwbyzs.mpg,146,162,3.8089089393615723,0.9729772723368135
240,12,/home/nabizadz/Projects/Mahsa/datasets/grid/test/s32/bgbe3n.mpg,19,35,4.14399528503418,0.9910568698449047
240,13,/home/nabizadz/Projects/Mahsa/datasets/grid/test/s32/bbbp6a.mpg,276,292,4.223117351531982,0.9340100553641298
240,14,/home/nabizadz/Projects/Mahsa/datasets/grid/test/s32/pbil3n.mpg,123,139,3.624009609222412,0.9666016669766995
240,15,/home/nabizadz/Projects/Mahsa/datasets/grid/test/s32/srbr7p.mpg,149,165,3.595014810562134,0.9892311728065266
241,0,/home/nabizadz/Projects/Mahsa/datasets/grid/test/s32/sbax9n.mpg,224,240,4.483476161956787,0.9161317940745519
241,1,/home/nabizadz/Projects/Mahsa/datasets/grid/test/s32/lrbo6a.mpg,34,50,3.9703562259674072,0.9915278570380904
241,2,/home/nabizadz/Projects/Mahsa/datasets/grid/test/s32/sbix5n.mpg,79,95,3.6732804775238037,0.9793545114800828
241,3,/home/nabizadz/Projects/Mahsa/datasets/grid/test/s32/swws6s.mpg,227,243,4.352323532104492,0.9170009097098984
241,4,/home/nabizadz/Projects/Mahsa/datasets/grid/test/s32/pwitzs.mpg,238,254,4.277467250823975,0.8688237041272748
241,5,/home/nabizadz/Projects/Mahsa/datasets/grid/test/s32/pgbozs.mpg,152,168,3.607065200805664,0.9671408436276299
241,6,/home/nabizadz/Projects/Mahsa/datasets/grid/test/s32/lwwp4s.mpg,229,245,4.31273078918457,0.8838024554531528
241,7,/home/nabizadz/Projects/Mahsa/datasets/grid/test/s32/swaz4a.mpg,238,254,4.235487461090088,0.9441421253540428
241,8,/home/nabizadz/Projects/Mahsa/datasets/grid/test/s32/sbwe7p.mpg,8,24,4.253140449523926,0.9977337318405778
241,9,/home/nabizadz/Projects/Mahsa/datasets/grid/test/s32/pbiz3p.mpg,117,133,3.7296981811523438,0.977230172739708
241,10,/home/nabizadz/Projects/Mahsa/datasets/grid/test/s32/bwix3p.mpg,112,128,3.436180591583252,0.9693966671375543
241,11,/home/nabizadz/Projects/Mahsa/datasets/grid/test/s32/srwl5n.mpg,84,100,3.74485182762146,0.980994282834438
241,12,/home/nabizadz/Projects/Mahsa/datasets/grid/test/s32/lrah5n.mpg,59,75,2.141037702560425,0.9794209910338094
241,13,/home/nabizadz/Projects/Mahsa/datasets/grid/test/s32/bgak3n.mpg,21,37,4.454225063323975,0.9627821810368878
241,14,/home/nabizadz/Projects/Mahsa/datasets/grid/test/s32/sbbe1n.mpg,157,173,3.5951108932495117,0.9747511174930429
241,15,/home/nabizadz/Projects/Mahsa/datasets/grid/test/s32/pbil4s.mpg,50,66,3.5132572650909424,0.9621856864479736
242,0,/home/nabizadz/Projects/Mahsa/datasets/grid/test/s32/bbii4a.mpg,135,151,3.6852610111236572,0.9827510984226243
242,1,/home/nabizadz/Projects/Mahsa/datasets/grid/test/s32/bgwl1n.mpg,151,167,3.7023861408233643,0.9723177452714727
242,2,/home/nabizadz/Projects/Mahsa/datasets/grid/test/s32/sgif4a.mpg,144,160,3.4720370769500732,0.9577296302397788
242,3,/home/nabizadz/Projects/Mahsa/datasets/grid/test/s32/bgbr1n.mpg,71,87,3.6631007194519043,0.9786676696419225
242,4,/home/nabizadz/Projects/Mahsa/datasets/grid/test/s32/swwf7n.mpg,271,287,4.445010662078857,0.9456563981685719
242,5,/home/nabizadz/Projects/Mahsa/datasets/grid/test/s32/bbwj6a.mpg,181,197,3.7420430183410645,0.9828070140822434
242,6,/home/nabizadz/Projects/Mahsa/datasets/grid/test/s32/lbboza.mpg,256,272,4.501532554626465,0.9354500471857592
242,7,/home/nabizadz/Projects/Mahsa/datasets/grid/test/s32/bgwzzs.mpg,92,108,3.6216824054718018,0.9792015144757632
242,8,/home/nabizadz/Projects/Mahsa/datasets/grid/test/s32/bgwl4a.mpg,70,86,2.853079080581665,0.967207117857828
242,9,/home/nabizadz/Projects/Mahsa/datasets/grid/test/s32/srwz4s.mpg,194,210,4.290041446685791,0.9656520668428095
242,10,/home/nabizadz/Projects/Mahsa/datasets/grid/test/s32/pgwizs.mpg,186,202,3.6343441009521484,0.9528746782868213
242,11,/home/nabizadz/Projects/Mahsa/datasets/grid/test/s32/pwiaza.mpg,135,151,3.314378261566162,0.9534163914791441
242,12,/home/nabizadz/Projects/Mahsa/datasets/grid/test/s32/sgiz6a.mpg,117,133,3.6081972122192383,0.9724460551733373
242,13,/home/nabizadz/Projects/Mahsa/datasets/grid/test/s32/srwf1n.mpg,215,231,4.1094584465026855,0.8626893950829401
242,14,/home/nabizadz/Projects/Mahsa/datasets/grid/test/s32/pwit1p.mpg,190,206,4.131144046783447,0.9156207180801886
242,15,/home/nabizadz/Projects/Mahsa/datasets/grid/test/s32/sgbs8s.mpg,258,274,4.229310512542725,0.8984861193889536
243,0,/home/nabizadz/Projects/Mahsa/datasets/grid/test/s32/pwag7p.mpg,36,52,4.1627044677734375,0.9758180746333159
243,1,/home/nabizadz/Projects/Mahsa/datasets/grid/test/s32/bgwe9p.mpg,163,179,3.5871219635009766,0.9743454262340324
243,2,/home/nabizadz/Projects/Mahsa/datasets/grid/test/s32/lbit5p.mpg,264,280,4.266133785247803,0.9108202890389595
243,3,/home/nabizadz/Projects/Mahsa/datasets/grid/test/s32/lrwc1p.mpg,96,112,2.0799803733825684,0.9754362405177129
243,4,/home/nabizadz/Projects/Mahsa/datasets/grid/test/s32/bbac1n.mpg,144,160,3.531251907348633,0.9513238294646796
243,5,/home/nabizadz/Projects/Mahsa/datasets/grid/test/s32/lrbu7n.mpg,8,24,4.314323425292969,0.9985830036877067
243,6,/home/nabizadz/Projects/Mahsa/datasets/grid/test/s32/srik6a.mpg,258,274,4.305291652679443,0.8973013823511732
243,7,/home/nabizadz/Projects/Mahsa/datasets/grid/test/s32/sgwnza.mpg,100,116,2.8694968223571777,0.9613253743544625
243,8,/home/nabizadz/Projects/Mahsa/datasets/grid/test/s32/lwbi8a.mpg,84,100,3.7493889331817627,0.9844680562032969
243,9,/home/nabizadz/Projects/Mahsa/datasets/grid/test/s32/bwbd7n.mpg,98,114,3.6225810050964355,0.9826650334096105
243,10,/home/nabizadz/Projects/Mahsa/datasets/grid/test/s32/lgwj6s.mpg,230,246,4.32904577255249,0.9646715208034292
243,11,/home/nabizadz/Projects/Mahsa/datasets/grid/test/s32/pbaz7p.mpg,161,177,3.759369373321533,0.9852816954954376
243,12,/home/nabizadz/Projects/Mahsa/datasets/grid/test/s32/bgbk9p.mpg,176,192,3.8736820220947266,0.9595743511827942
243,13,/home/nabizadz/Projects/Mahsa/datasets/grid/test/s32/pras9p.mpg,182,198,4.2433953285217285,0.9673639325690423
243,14,/home/nabizadz/Projects/Mahsa/datasets/grid/test/s32/pbil5p.mpg,112,128,1.8809096813201904,0.9755834798410126
243,15,/home/nabizadz/Projects/Mahsa/datasets/grid/test/s32/prwt6s.mpg,205,221,2.0934770107269287,0.982830374247493
244,0,/home/nabizadz/Projects/Mahsa/datasets/grid/test/s32/srbl4a.mpg,66,82,2.821261167526245,0.9664798384826907
244,1,/home/nabizadz/Projects/Mahsa/datasets/grid/test/s32/brbd4a.mpg,70,86,3.6984164714813232,0.9804265870490946
244,2,/home/nabizadz/Projects/Mahsa/datasets/grid/test/s32/lrit9n.mpg,204,220,4.273815631866455,0.9526675296714142
244,3,/home/nabizadz/Projects/Mahsa/datasets/grid/test/s32/bbbc5n.mpg,31,47,4.250656604766846,0.9745252891241413
244,4,/home/nabizadz/Projects/Mahsa/datasets/grid/test/s32/braj1n.mpg,246,262,4.315757751464844,0.8797913118886762
244,5,/home/nabizadz/Projects/Mahsa/datasets/grid/test/s32/lrab2s.mpg,174,190,3.976778745651245,0.9873757642978371
244,6,/home/nabizadz/Projects/Mahsa/datasets/grid/test/s32/brbq2a.mpg,213,229,4.400870323181152,0.9388788355774143
244,7,/home/nabizadz/Projects/Mahsa/datasets/grid/test/s32/lgai9p.mpg,232,248,4.524024486541748,0.9385604996047171
244,8,/home/nabizadz/Projects/Mahsa/datasets/grid/test/s32/lbinzs.mpg,17,33,4.487397193908691,0.9704695911720497
244,9,/home/nabizadz/Projects/Mahsa/datasets/grid/test/s32/pbas4a.mpg,226,242,4.0248703956604,0.8472179747704246
244,10,/home/nabizadz/Projects/Mahsa/datasets/grid/test/s32/bbwj5p.mpg,147,163,3.777134418487549,0.9753775132333635
244,11,/home/nabizadz/Projects/Mahsa/datasets/grid/test/s32/bgaq8s.mpg,194,210,3.806391716003418,0.9706626531783643
244,12,/home/nabizadz/Projects/Mahsa/datasets/grid/test/s32/swiy7n.mpg,154,170,3.5477192401885986,0.9795778007962825
244,13,/home/nabizadz/Projects/Mahsa/datasets/grid/test/s32/bbbp5p.mpg,26,42,3.410672664642334,0.9947586514703984
244,14,/home/nabizadz/Projects/Mahsa/datasets/grid/test/s32/sbwy8s.mpg,184,200,3.736473798751831,0.9746637196017139
244,15,/home/nabizadz/Projects/Mahsa/datasets/grid/test/s32/brip4a.mpg,48,64,3.534013271331787,0.9826498596257355
245,0,/home/nabizadz/Projects/Mahsa/datasets/grid/test/s32/bbwx3p.mpg,232,248,4.346395492553711,0.8495028535305361
245,1,/home/nabizadz/Projects/Mahsa/datasets/grid/test/s32/bbbc6s.mpg,245,261,4.322302341461182,0.9037493017044219
245,2,/home/nabizadz/Projects/Mahsa/datasets/grid/test/s32/lbaa6s.mpg,50,66,4.032711982727051,0.9830486283245043
245,3,/home/nabizadz/Projects/Mahsa/datasets/grid/test/s32/lwbo9n.mpg,52,68,3.712712526321411,0.9740806972039208
245,4,/home/nabizadz/Projects/Mahsa/datasets/grid/test/s32/lwai2s.mpg,130,146,3.757575035095215,0.9755698297025216
245,5,/home/nabizadz/Projects/Mahsa/datasets/grid/test/s32/brap5n.mpg,265,281,4.293228626251221,0.8904579525558332
245,6,/home/nabizadz/Projects/Mahsa/datasets/grid/test/s32/sgamzs.mpg,166,182,3.4677364826202393,0.9686498198624087
245,7,/home/nabizadz/Projects/Mahsa/datasets/grid/test/s32/lwai3p.mpg,268,284,4.073500633239746,0.8985989514813697
245,8,/home/nabizadz/Projects/Mahsa/datasets/grid/test/s32/srwf2s.mpg,181,197,3.968252658843994,0.9854737719350714
245,9,/home/nabizadz/Projects/Mahsa/datasets/grid/test/s32/brap8a.mpg,134,150,3.2895522117614746,0.9754592953536597
245,10,/home/nabizadz/Projects/Mahsa/datasets/grid/test/s32/sbwlzs.mpg,104,120,3.637110948562622,0.9532870024355463
245,11,/home/nabizadz/Projects/Mahsa/datasets/grid/test/s32/bwid1p.mpg,69,85,3.2084245681762695,0.9793970231981575
245,12,/home/nabizadz/Projects/Mahsa/datasets/grid/test/s32/pgwu7n.mpg,31,47,3.704883575439453,0.9835134899152493
245,13,/home/nabizadz/Projects/Mahsa/datasets/grid/test/s32/pbbf7n.mpg,155,171,3.6411802768707275,0.9739029894052149
245,14,/home/nabizadz/Projects/Mahsa/datasets/grid/test/s32/bgbk7n.mpg,218,234,4.346714496612549,0.9713172618515625
245,15,/home/nabizadz/Projects/Mahsa/datasets/grid/test/s32/sgbs7n.mpg,129,145,3.267698049545288,0.9727553042873744
246,0,/home/nabizadz/Projects/Mahsa/datasets/grid/test/s32/bbwp8s.mpg,13,29,4.3058247566223145,0.9901243054331155
246,1,/home/nabizadz/Projects/Mahsa/datasets/grid/test/s32/srar2s.mpg,13,29,4.158809661865234,0.9642679093305806
246,2,/home/nabizadz/Projects/Mahsa/datasets/grid/test/s32/lrin7p.mpg,108,124,3.3186278343200684,0.9700963221841709
246,3,/home/nabizadz/Projects/Mahsa/datasets/grid/test/s32/pgau2a.mpg,247,263,4.287379741668701,0.8455464180987389
246,4,/home/nabizadz/Projects/Mahsa/datasets/grid/test/s32/bgbr3p.mpg,229,245,4.164690017700195,0.8588085895525428
246,5,/home/nabizadz/Projects/Mahsa/datasets/grid/test/s32/prwa4s.mpg,189,205,3.9854319095611572,0.9806839257843002
246,6,/home/nabizadz/Projects/Mahsa/datasets/grid/test/s32/bgiq3n.mpg,59,75,3.5526552200317383,0.9678942861536887
246,7,/home/nabizadz/Projects/Mahsa/datasets/grid/test/s32/lwai4a.mpg,209,225,4.275582790374756,0.9803866465615768
246,8,/home/nabizadz/Projects/Mahsa/datasets/grid/test/s32/pbbs5n.mpg,45,61,3.459326982498169,0.9601031228347694
246,9,/home/nabizadz/Projects/Mahsa/datasets/grid/test/s32/bbav5p.mpg,6,22,4.481600761413574,0.9996804997164898
246,10,/home/nabizadz/Projects/Mahsa/datasets/grid/test/s32/lgav7p.mpg,73,89,3.4582390785217285,0.9669782037873507
246,11,/home/nabizadz/Projects/Mahsa/datasets/grid/test/s32/brbq1p.mpg,128,144,3.2971503734588623,0.9808361262711137
246,12,/home/nabizadz/Projects/Mahsa/datasets/grid/test/s32/lgwd4a.mpg,283,299,4.337810039520264,0.9623264921163841
246,13,/home/nabizadz/Projects/Mahsa/datasets/grid/test/s32/bwbq6s.mpg,224,240,4.344034194946289,0.9445801664621233
246,14,/home/nabizadz/Projects/Mahsa/datasets/grid/test/s32/bbio5n.mpg,42,58,4.32057523727417,0.9958105484998988
246,15,/home/nabizadz/Projects/Mahsa/datasets/grid/test/s32/bbap1p.mpg,214,230,4.331888675689697,0.8509660057567359
247,0,/home/nabizadz/Projects/Mahsa/datasets/grid/test/s32/pbir9p.mpg,132,148,2.558168649673462,0.9757067221671809
247,1,/home/nabizadz/Projects/Mahsa/datasets/grid/test/s32/bbiu9n.mpg,16,32,3.5106334686279297,0.9792634845311717
247,2,/home/nabizadz/Projects/Mahsa/datasets/grid/test/s32/pbwt2a.mpg,138,154,1.4654113054275513,0.9574010619749582
247,3,/home/nabizadz/Projects/Mahsa/datasets/grid/test/s32/brax2a.mpg,85,101,3.345388889312744,0.9771143770046089
247,4,/home/nabizadz/Projects/Mahsa/datasets/grid/test/s32/swwgza.mpg,284,300,4.494755744934082,0.9701125332901093
247,5,/home/nabizadz/Projects/Mahsa/datasets/grid/test/s32/pgit6s.mpg,54,70,3.6239242553710938,0.9804861440206053
247,6,/home/nabizadz/Projects/Mahsa/datasets/grid/test/s32/lbia4a.mpg,198,214,4.368250846862793,0.9572426736085755
247,7,/home/nabizadz/Projects/Mahsa/datasets/grid/test/s32/pris3n.mpg,68,84,3.216167688369751,0.971485552432868
247,8,/home/nabizadz/Projects/Mahsa/datasets/grid/test/s32/bbii3p.mpg,180,196,3.5789098739624023,0.9592870370412627
247,9,/home/nabizadz/Projects/Mahsa/datasets/grid/test/s32/sriy3p.mpg,88,104,3.4296858310699463,0.9733936564486894
247,10,/home/nabizadz/Projects/Mahsa/datasets/grid/test/s32/pwwb1p.mpg,185,201,4.122736930847168,0.9503740285815223
247,11,/home/nabizadz/Projects/Mahsa/datasets/grid/test/s32/bgix7n.mpg,76,92,3.593632698059082,0.9720688550618386
247,12,/home/nabizadz/Projects/Mahsa/datasets/grid/test/s32/lgbc9p.mpg,155,171,3.578439474105835,0.9683133945874076
247,13,/home/nabizadz/Projects/Mahsa/datasets/grid/test/s32/pwwu4a.mpg,16,32,4.373850345611572,0.9860767078250642
247,14,/home/nabizadz/Projects/Mahsa/datasets/grid/test/s32/lgbj2s.mpg,203,219,4.181679725646973,0.9626748516253671
247,15,/home/nabizadz/Projects/Mahsa/datasets/grid/test/s32/sbbk7p.mpg,201,217,4.065650939941406,0.9719216745949418
248,0,/home/nabizadz/Projects/Mahsa/datasets/grid/test/s32/brwx7n.mpg,87,103,3.5832598209381104,0.9750924458964499
248,1,/home/nabizadz/Projects/Mahsa/datasets/grid/test/s32/lgbj4a.mpg,22,38,4.160782814025879,0.985088838987323
248,2,/home/nabizadz/Projects/Mahsa/datasets/grid/test/s32/sriy4a.mpg,49,65,3.4546709060668945,0.9702838885260429
248,3,/home/nabizadz/Projects/Mahsa/datasets/grid/test/s32/pwwu2s.mpg,54,70,3.3106493949890137,0.9680249244137117
248,4,/home/nabizadz/Projects/Mahsa/datasets/grid/test/s32/swwm2s.mpg,227,243,4.457701683044434,0.9839036904890637
248,5,/home/nabizadz/Projects/Mahsa/datasets/grid/test/s32/pbwt1p.mpg,144,160,3.6951773166656494,0.9769487004034437
248,6,/home/nabizadz/Projects/Mahsa/datasets/grid/test/s32/pgwo5p.mpg,178,194,4.102025032043457,0.967330148601483
248,7,/home/nabizadz/Projects/Mahsa/datasets/grid/test/s32/lrbu8s.mpg,162,178,2.288374423980713,0.9762980843259178
248,8,/home/nabizadz/Projects/Mahsa/datasets/grid/test/s32/sbwl1p.mpg,51,67,3.6348187923431396,0.9562972391251284
248,9,/home/nabizadz/Projects/Mahsa/datasets/grid/test/s32/lwib4s.mpg,39,55,3.6068994998931885,0.940183938736754
248,10,/home/nabizadz/Projects/Mahsa/datasets/grid/test/s32/bwakza.mpg,92,108,3.347169876098633,0.9815639869798342
248,11,/home/nabizadz/Projects/Mahsa/datasets/grid/test/s32/pgbo2a.mpg,234,250,4.377021312713623,0.9235010231786578
248,12,/home/nabizadz/Projects/Mahsa/datasets/grid/test/s32/sbid6a.mpg,85,101,3.362776517868042,0.9722411363862286
248,13,/home/nabizadz/Projects/Mahsa/datasets/grid/test/s32/lgii6a.mpg,4,20,4.35009765625,0.9863239729121867
248,14,/home/nabizadz/Projects/Mahsa/datasets/grid/test/s32/sriy1n.mpg,18,34,4.303316593170166,0.9726497039901658
248,15,/home/nabizadz/Projects/Mahsa/datasets/grid/test/s32/swbf6a.mpg,189,205,4.348013401031494,0.9271418449955126
249,0,/home/nabizadz/Projects/Mahsa/datasets/grid/test/s32/sbwe8a.mpg,63,79,3.5230987071990967,0.9869170667738562
249,1,/home/nabizadz/Projects/Mahsa/datasets/grid/test/s32/srwl7p.mpg,63,79,3.477257490158081,0.9814397271723541
249,2,/home/nabizadz/Projects/Mahsa/datasets/grid/test/s32/bbac4a.mpg,112,128,3.2548696994781494,0.9176620314663145
249,3,/home/nabizadz/Projects/Mahsa/datasets/grid/test/s32/lbag9n.mpg,32,48,4.25043249130249,0.9958052720230492
249,4,/home/nabizadz/Projects/Mahsa/datasets/grid/test/s32/srbz1p.mpg,79,95,3.707252264022827,0.9851581494876744
249,5,/home/nabizadz/Projects/Mahsa/datasets/grid/test/s32/lbit4s.mpg,70,86,3.470118999481201,0.9772698913256619
249,6,/home/nabizadz/Projects/Mahsa/datasets/grid/test/s32/pbif1p.mpg,182,198,4.040645122528076,0.9385732777485928
249,7,/home/nabizadz/Projects/Mahsa/datasets/grid/test/s32/sgas4s.mpg,107,123,3.3375258445739746,0.9901627342607573
249,8,/home/nabizadz/Projects/Mahsa/datasets/grid/test/s32/lwbv5p.mpg,105,121,3.2497165203094482,0.9734125896896592
249,9,/home/nabizadz/Projects/Mahsa/datasets/grid/test/s32/bgaq9p.mpg,149,165,3.2797393798828125,0.9748208061507793
249,10,/home/nabizadz/Projects/Mahsa/datasets/grid/test/s32/sbayzs.mpg,71,87,3.076871395111084,0.96452860091172
249,11,/home/nabizadz/Projects/Mahsa/datasets/grid/test/s32/bgwfza.mpg,55,71,3.1834521293640137,0.9706594738223527
249,12,/home/nabizadz/Projects/Mahsa/datasets/grid/test/s32/sbaeza.mpg,171,187,3.1037302017211914,0.962126615615472
249,13,/home/nabizadz/Projects/Mahsa/datasets/grid/test/s32/brbj7p.mpg,123,139,3.163234233856201,0.9690557612226869
249,14,/home/nabizadz/Projects/Mahsa/datasets/grid/test/s32/bwbq5n.mpg,126,142,2.4633026123046875,0.9895228987074016
249,15,/home/nabizadz/Projects/Mahsa/datasets/grid/test/s32/bbwx1n.mpg,183,199,4.228312015533447,0.9883528782436248
