batch_idx,sample_in_batch,video_path,gap_start_frame,gap_end_frame,pesq,stoi
0,0,/home/nabizadz/Projects/Mahsa/datasets/grid/test/s33/brbd3a.mpg,74,224,1.3625587224960327,0.6433460904019928
0,1,/home/nabizadz/Projects/Mahsa/datasets/grid/test/s33/lrbh8n.mpg,74,224,1.7142889499664307,0.6409378311696248
0,2,/home/nabizadz/Projects/Mahsa/datasets/grid/test/s33/srak9a.mpg,64,214,1.39393949508667,0.6480007190641399
0,3,/home/nabizadz/Projects/Mahsa/datasets/grid/test/s33/srbl3a.mpg,16,166,1.2712737321853638,0.7372076548284384
0,4,/home/nabizadz/Projects/Mahsa/datasets/grid/test/s33/sgil5s.mpg,78,228,1.2127896547317505,0.6537026107246325
0,5,/home/nabizadz/Projects/Mahsa/datasets/grid/test/s33/sgas2n.mpg,38,188,1.0862864255905151,0.6948285717901425
0,6,/home/nabizadz/Projects/Mahsa/datasets/grid/test/s33/swwf9a.mpg,110,260,2.096672296524048,0.6700990150756617
0,7,/home/nabizadz/Projects/Mahsa/datasets/grid/test/s33/bgak2n.mpg,97,247,1.525496006011963,0.5896982578165385
0,8,/home/nabizadz/Projects/Mahsa/datasets/grid/test/s33/sbix5s.mpg,71,221,1.386205792427063,0.6958480897097237
0,9,/home/nabizadz/Projects/Mahsa/datasets/grid/test/s33/bgij8n.mpg,98,248,2.2046756744384766,0.5614230148776995
0,10,/home/nabizadz/Projects/Mahsa/datasets/grid/test/s33/lrbh9s.mpg,43,193,1.1825512647628784,0.6536633141542608
0,11,/home/nabizadz/Projects/Mahsa/datasets/grid/test/s33/sbix7a.mpg,102,252,1.964735984802246,0.5890237707080873
0,12,/home/nabizadz/Projects/Mahsa/datasets/grid/test/s33/lbaa5s.mpg,80,230,1.4390811920166016,0.6504000948235112
0,13,/home/nabizadz/Projects/Mahsa/datasets/grid/test/s33/bbio4n.mpg,12,162,1.1408305168151855,0.6079176472059712
0,14,/home/nabizadz/Projects/Mahsa/datasets/grid/test/s33/lgbxzp.mpg,137,287,1.7210865020751953,0.6729795081912073
0,15,/home/nabizadz/Projects/Mahsa/datasets/grid/test/s33/pgbbzn.mpg,7,157,1.2214514017105103,0.6762838130290291
1,0,/home/nabizadz/Projects/Mahsa/datasets/grid/test/s33/lrwi2n.mpg,71,221,1.5111525058746338,0.6898915947352278
1,1,/home/nabizadz/Projects/Mahsa/datasets/grid/test/s33/lwwv9a.mpg,51,201,1.5351197719573975,0.5100886368460896
1,2,/home/nabizadz/Projects/Mahsa/datasets/grid/test/s33/bbwx1s.mpg,42,192,1.1423379182815552,0.5666745749733041
1,3,/home/nabizadz/Projects/Mahsa/datasets/grid/test/s33/pwwa8n.mpg,129,279,2.8884286880493164,0.6689231425364999
1,4,/home/nabizadz/Projects/Mahsa/datasets/grid/test/s33/bgby4n.mpg,45,195,1.5472229719161987,0.6414420257242951
1,5,/home/nabizadz/Projects/Mahsa/datasets/grid/test/s33/sgwa1a.mpg,144,294,2.9719085693359375,0.6221463519812591
1,6,/home/nabizadz/Projects/Mahsa/datasets/grid/test/s33/prif5s.mpg,33,183,1.097525715827942,0.6628119949516619
1,7,/home/nabizadz/Projects/Mahsa/datasets/grid/test/s33/sbby3s.mpg,20,170,1.1220026016235352,0.6356285181030592
1,8,/home/nabizadz/Projects/Mahsa/datasets/grid/test/s33/lwih9a.mpg,148,298,2.987297773361206,0.8244814381843408
1,9,/home/nabizadz/Projects/Mahsa/datasets/grid/test/s33/lgai9a.mpg,15,165,1.1194275617599487,0.6078246993936283
1,10,/home/nabizadz/Projects/Mahsa/datasets/grid/test/s33/lgbj1s.mpg,106,256,1.414652705192566,0.6579285312532394
1,11,/home/nabizadz/Projects/Mahsa/datasets/grid/test/s33/lrwi3s.mpg,149,299,2.880056381225586,0.6081847525745283
1,12,/home/nabizadz/Projects/Mahsa/datasets/grid/test/s33/lbbh5a.mpg,141,291,2.6347970962524414,0.7565252988249619
1,13,/home/nabizadz/Projects/Mahsa/datasets/grid/test/s33/lgbc9a.mpg,111,261,2.0721638202667236,0.6667744760070252
1,14,/home/nabizadz/Projects/Mahsa/datasets/grid/test/s33/lwaizn.mpg,27,177,1.1266742944717407,0.5634492688426015
1,15,/home/nabizadz/Projects/Mahsa/datasets/grid/test/s33/pwwuzn.mpg,81,231,1.8614659309387207,0.6173000997881839
2,0,/home/nabizadz/Projects/Mahsa/datasets/grid/test/s33/swal5a.mpg,56,206,1.1751353740692139,0.6625518069204913
2,1,/home/nabizadz/Projects/Mahsa/datasets/grid/test/s33/sriyzn.mpg,72,222,1.3839359283447266,0.6176560324682707
2,2,/home/nabizadz/Projects/Mahsa/datasets/grid/test/s33/lbaa4n.mpg,139,289,2.9858200550079346,0.7230148824421454
2,3,/home/nabizadz/Projects/Mahsa/datasets/grid/test/s33/lrwo6n.mpg,47,197,1.2451978921890259,0.6029043958879783
2,4,/home/nabizadz/Projects/Mahsa/datasets/grid/test/s33/lwbc3a.mpg,99,249,1.759023666381836,0.6392509321565953
2,5,/home/nabizadz/Projects/Mahsa/datasets/grid/test/s33/brap4n.mpg,96,246,2.0972113609313965,0.627215502998103
2,6,/home/nabizadz/Projects/Mahsa/datasets/grid/test/s33/sgbf9s.mpg,67,217,1.3247228860855103,0.7095116875713371
2,7,/home/nabizadz/Projects/Mahsa/datasets/grid/test/s33/lrwv1s.mpg,125,275,1.7553088665008545,0.6900262063912647
2,8,/home/nabizadz/Projects/Mahsa/datasets/grid/test/s33/pras6n.mpg,142,292,2.429478406906128,0.7108699721085389
2,9,/home/nabizadz/Projects/Mahsa/datasets/grid/test/s33/sgwazp.mpg,41,191,1.172668218612671,0.6421133095423037
2,10,/home/nabizadz/Projects/Mahsa/datasets/grid/test/s33/bbaczn.mpg,21,171,1.1110082864761353,0.5986182471504498
2,11,/home/nabizadz/Projects/Mahsa/datasets/grid/test/s33/prwt6p.mpg,146,296,1.192137598991394,0.6630342989870531
2,12,/home/nabizadz/Projects/Mahsa/datasets/grid/test/s33/pgin1s.mpg,106,256,1.523126244544983,0.6583235884696423
2,13,/home/nabizadz/Projects/Mahsa/datasets/grid/test/s33/bbib8p.mpg,128,278,2.079939126968384,0.6462294324240623
2,14,/home/nabizadz/Projects/Mahsa/datasets/grid/test/s33/bwbk2p.mpg,57,207,1.2286174297332764,0.6518883415266201
2,15,/home/nabizadz/Projects/Mahsa/datasets/grid/test/s33/pbbf8p.mpg,124,274,1.7081433534622192,0.6040504681037143
3,0,/home/nabizadz/Projects/Mahsa/datasets/grid/test/s33/bwwrzp.mpg,145,295,1.89369797706604,0.661260854231777
3,1,/home/nabizadz/Projects/Mahsa/datasets/grid/test/s33/bwwe2p.mpg,104,254,1.4299159049987793,0.5751194001782338
3,2,/home/nabizadz/Projects/Mahsa/datasets/grid/test/s33/pwim6p.mpg,77,227,1.281577467918396,0.6777790388083031
3,3,/home/nabizadz/Projects/Mahsa/datasets/grid/test/s33/lwbv3s.mpg,81,231,1.3402668237686157,0.44540080646084795
3,4,/home/nabizadz/Projects/Mahsa/datasets/grid/test/s33/swbf2n.mpg,135,285,2.6942505836486816,0.6244121180425064
3,5,/home/nabizadz/Projects/Mahsa/datasets/grid/test/s33/swwf7s.mpg,140,290,1.5766265392303467,0.7300124572625616
3,6,/home/nabizadz/Projects/Mahsa/datasets/grid/test/s33/lrbizp.mpg,114,264,1.7698216438293457,0.6103771859387577
3,7,/home/nabizadz/Projects/Mahsa/datasets/grid/test/s33/pgwh9s.mpg,36,186,1.1584595441818237,0.6767510488331754
3,8,/home/nabizadz/Projects/Mahsa/datasets/grid/test/s33/pgan6p.mpg,4,154,1.2124584913253784,0.6808700694019817
3,9,/home/nabizadz/Projects/Mahsa/datasets/grid/test/s33/sgif1s.mpg,94,244,1.3098945617675781,0.7032815542464157
3,10,/home/nabizadz/Projects/Mahsa/datasets/grid/test/s33/bbbc4n.mpg,97,247,1.7972922325134277,0.6404652966560843
3,11,/home/nabizadz/Projects/Mahsa/datasets/grid/test/s33/prif7a.mpg,55,205,1.412100911140442,0.5877483450160944
3,12,/home/nabizadz/Projects/Mahsa/datasets/grid/test/s33/pwwh4p.mpg,27,177,1.1233482360839844,0.6073597073162565
3,13,/home/nabizadz/Projects/Mahsa/datasets/grid/test/s33/pgaa8p.mpg,68,218,1.4299671649932861,0.6982733109052334
3,14,/home/nabizadz/Projects/Mahsa/datasets/grid/test/s33/bgiq2n.mpg,16,166,1.4178873300552368,0.686661773599442
3,15,/home/nabizadz/Projects/Mahsa/datasets/grid/test/s33/pgwb4n.mpg,75,225,1.7237333059310913,0.6437987212244426
4,0,/home/nabizadz/Projects/Mahsa/datasets/grid/test/s33/bwij2n.mpg,7,157,1.30134916305542,0.7641907223969967
4,1,/home/nabizadz/Projects/Mahsa/datasets/grid/test/s33/sbwe5s.mpg,109,259,1.7255150079727173,0.6368829268389097
4,2,/home/nabizadz/Projects/Mahsa/datasets/grid/test/s33/sbad9a.mpg,40,190,1.1111127138137817,0.6724744657999017
4,3,/home/nabizadz/Projects/Mahsa/datasets/grid/test/s33/sgwm9a.mpg,82,232,1.653437614440918,0.6627601200924736
4,4,/home/nabizadz/Projects/Mahsa/datasets/grid/test/s33/swwm2p.mpg,98,248,1.4182227849960327,0.6801866945256229
4,5,/home/nabizadz/Projects/Mahsa/datasets/grid/test/s33/prwt5s.mpg,97,247,1.6366147994995117,0.5184417953361347
4,6,/home/nabizadz/Projects/Mahsa/datasets/grid/test/s33/swwf8p.mpg,23,173,1.1322916746139526,0.7453164847287478
4,7,/home/nabizadz/Projects/Mahsa/datasets/grid/test/s33/bbwj5a.mpg,63,213,1.2958331108093262,0.6424469677383218
4,8,/home/nabizadz/Projects/Mahsa/datasets/grid/test/s33/pgwu7s.mpg,71,221,1.3769457340240479,0.5692771563462145
4,9,/home/nabizadz/Projects/Mahsa/datasets/grid/test/s33/sgiz3s.mpg,127,277,1.8739606142044067,0.6727819495026935
4,10,/home/nabizadz/Projects/Mahsa/datasets/grid/test/s33/bwaj8p.mpg,54,204,1.2916239500045776,0.6872184150286988
4,11,/home/nabizadz/Projects/Mahsa/datasets/grid/test/s33/lria7s.mpg,25,175,1.1863962411880493,0.6936838386335785
4,12,/home/nabizadz/Projects/Mahsa/datasets/grid/test/s33/bwip6n.mpg,98,248,1.4448044300079346,0.6543569700849208
4,13,/home/nabizadz/Projects/Mahsa/datasets/grid/test/s33/swws4n.mpg,147,297,2.875286102294922,0.6365817826842416
4,14,/home/nabizadz/Projects/Mahsa/datasets/grid/test/s33/bwij3s.mpg,75,225,1.2392669916152954,0.7087009923441674
4,15,/home/nabizadz/Projects/Mahsa/datasets/grid/test/s33/lgwq1a.mpg,70,220,1.4794774055480957,0.5446069979072763
5,0,/home/nabizadz/Projects/Mahsa/datasets/grid/test/s33/bbib7s.mpg,64,214,1.3878028392791748,0.5203590475457179
5,1,/home/nabizadz/Projects/Mahsa/datasets/grid/test/s33/lgiv2p.mpg,132,282,2.010995626449585,0.6665051103835552
5,2,/home/nabizadz/Projects/Mahsa/datasets/grid/test/s33/lbim9s.mpg,79,229,1.552025318145752,0.507856728216532
5,3,/home/nabizadz/Projects/Mahsa/datasets/grid/test/s33/pgaa6n.mpg,43,193,1.135429859161377,0.6298735504392869
5,4,/home/nabizadz/Projects/Mahsa/datasets/grid/test/s33/pgig9a.mpg,104,254,1.9575793743133545,0.5675752037039996
5,5,/home/nabizadz/Projects/Mahsa/datasets/grid/test/s33/srbe6n.mpg,124,274,1.347002625465393,0.6423593238144555
5,6,/home/nabizadz/Projects/Mahsa/datasets/grid/test/s33/sbiq2p.mpg,89,239,1.4028522968292236,0.6416708630940365
5,7,/home/nabizadz/Projects/Mahsa/datasets/grid/test/s33/bgak5a.mpg,47,197,1.4533817768096924,0.6185584877920323
5,8,/home/nabizadz/Projects/Mahsa/datasets/grid/test/s33/prbtzn.mpg,13,163,1.2020626068115234,0.5791410771405007
5,9,/home/nabizadz/Projects/Mahsa/datasets/grid/test/s33/lgbp5s.mpg,113,263,1.6875686645507812,0.71046531297674
5,10,/home/nabizadz/Projects/Mahsa/datasets/grid/test/s33/brii6n.mpg,89,239,1.7553656101226807,0.6864344368526898
5,11,/home/nabizadz/Projects/Mahsa/datasets/grid/test/s33/pgbb1s.mpg,47,197,1.248285174369812,0.6782872302200962
5,12,/home/nabizadz/Projects/Mahsa/datasets/grid/test/s33/pgwb6p.mpg,77,227,1.3087292909622192,0.7295859978117225
5,13,/home/nabizadz/Projects/Mahsa/datasets/grid/test/s33/lbig7a.mpg,53,203,1.2989169359207153,0.6002395936359947
5,14,/home/nabizadz/Projects/Mahsa/datasets/grid/test/s33/lgwd1s.mpg,78,228,1.471179485321045,0.6731268002482808
5,15,/home/nabizadz/Projects/Mahsa/datasets/grid/test/s33/pbir7s.mpg,138,288,2.0587542057037354,0.8235711163390288
6,0,/home/nabizadz/Projects/Mahsa/datasets/grid/test/s33/lbwh9a.mpg,134,284,2.6391584873199463,0.6744993334083755
6,1,/home/nabizadz/Projects/Mahsa/datasets/grid/test/s33/pbir8p.mpg,0,150,1.1519496440887451,0.6722846900808106
6,2,/home/nabizadz/Projects/Mahsa/datasets/grid/test/s33/brac7s.mpg,74,224,1.221843957901001,0.5519761318616779
6,3,/home/nabizadz/Projects/Mahsa/datasets/grid/test/s33/bgwe8p.mpg,91,241,1.4543299674987793,0.6752285423883292
6,4,/home/nabizadz/Projects/Mahsa/datasets/grid/test/s33/lwwi8n.mpg,52,202,1.620814323425293,0.5730918872662946
6,5,/home/nabizadz/Projects/Mahsa/datasets/grid/test/s33/pwbhzp.mpg,67,217,1.2478383779525757,0.6302541250213038
6,6,/home/nabizadz/Projects/Mahsa/datasets/grid/test/s33/bbao8n.mpg,81,231,1.6317121982574463,0.5895454247830887
6,7,/home/nabizadz/Projects/Mahsa/datasets/grid/test/s33/lbwu6p.mpg,146,296,2.124650716781616,0.6295560546868497
6,8,/home/nabizadz/Projects/Mahsa/datasets/grid/test/s33/pgig7s.mpg,44,194,1.1250227689743042,0.5455414778288862
6,9,/home/nabizadz/Projects/Mahsa/datasets/grid/test/s33/bgwy9s.mpg,46,196,1.3264750242233276,0.702723483490972
6,10,/home/nabizadz/Projects/Mahsa/datasets/grid/test/s33/bbib9a.mpg,63,213,1.335255742073059,0.6479884023953617
6,11,/home/nabizadz/Projects/Mahsa/datasets/grid/test/s33/lgwx2n.mpg,88,238,1.522430658340454,0.6483490250905043
6,12,/home/nabizadz/Projects/Mahsa/datasets/grid/test/s33/swie5s.mpg,69,219,1.2080342769622803,0.7366389954835687
6,13,/home/nabizadz/Projects/Mahsa/datasets/grid/test/s33/srbr5s.mpg,102,252,1.5003234148025513,0.6358723207223237
6,14,/home/nabizadz/Projects/Mahsa/datasets/grid/test/s33/brbx2n.mpg,2,152,1.259177565574646,0.6699321478581648
6,15,/home/nabizadz/Projects/Mahsa/datasets/grid/test/s33/pwwn7s.mpg,53,203,1.5773565769195557,0.6538602755255154
7,0,/home/nabizadz/Projects/Mahsa/datasets/grid/test/s33/lrin5s.mpg,0,150,1.1489802598953247,0.5654386935484488
7,1,/home/nabizadz/Projects/Mahsa/datasets/grid/test/s33/sgiszp.mpg,25,175,1.1079403162002563,0.5531119445012738
7,2,/home/nabizadz/Projects/Mahsa/datasets/grid/test/s33/pbbf7s.mpg,133,283,1.7855279445648193,0.7163246913601069
7,3,/home/nabizadz/Projects/Mahsa/datasets/grid/test/s33/pwbn2n.mpg,135,285,2.3433291912078857,0.6580876869559414
7,4,/home/nabizadz/Projects/Mahsa/datasets/grid/test/s33/srbzzp.mpg,89,239,1.3349339962005615,0.684050437125451
7,5,/home/nabizadz/Projects/Mahsa/datasets/grid/test/s33/pwag5s.mpg,55,205,1.188002109527588,0.6785179348291305
7,6,/home/nabizadz/Projects/Mahsa/datasets/grid/test/s33/swbs2p.mpg,113,263,1.459766149520874,0.6430161177729166
7,7,/home/nabizadz/Projects/Mahsa/datasets/grid/test/s33/sgiz5a.mpg,106,256,1.9665296077728271,0.595883133203885
7,8,/home/nabizadz/Projects/Mahsa/datasets/grid/test/s33/pbwm4n.mpg,43,193,1.1563459634780884,0.607133781570483
7,9,/home/nabizadz/Projects/Mahsa/datasets/grid/test/s33/lwiu4n.mpg,56,206,1.5731450319290161,0.5681089182382915
7,10,/home/nabizadz/Projects/Mahsa/datasets/grid/test/s33/lgbj3a.mpg,124,274,1.853198766708374,0.6355609811101837
7,11,/home/nabizadz/Projects/Mahsa/datasets/grid/test/s33/sgwm6n.mpg,75,225,1.378285527229309,0.7185256809003827
7,12,/home/nabizadz/Projects/Mahsa/datasets/grid/test/s33/lgap3a.mpg,96,246,1.3953416347503662,0.6237307111415805
7,13,/home/nabizadz/Projects/Mahsa/datasets/grid/test/s33/swal4p.mpg,82,232,1.2277841567993164,0.6983905463579154
7,14,/home/nabizadz/Projects/Mahsa/datasets/grid/test/s33/bwbd7s.mpg,71,221,1.2366764545440674,0.7254030785787525
7,15,/home/nabizadz/Projects/Mahsa/datasets/grid/test/s33/sgaf7a.mpg,32,182,1.1292498111724854,0.6697716742450189
8,0,/home/nabizadz/Projects/Mahsa/datasets/grid/test/s33/lbim8n.mpg,107,257,2.626695156097412,0.7095108704812767
8,1,/home/nabizadz/Projects/Mahsa/datasets/grid/test/s33/lwih6n.mpg,42,192,1.1407963037490845,0.6553242281569372
8,2,/home/nabizadz/Projects/Mahsa/datasets/grid/test/s33/lgwd2p.mpg,144,294,1.6244170665740967,0.7736444931482303
8,3,/home/nabizadz/Projects/Mahsa/datasets/grid/test/s33/srbr6p.mpg,98,248,1.3376400470733643,0.6490646036064326
8,4,/home/nabizadz/Projects/Mahsa/datasets/grid/test/s33/bbbi8n.mpg,149,299,3.4278712272644043,0.6816182574775814
8,5,/home/nabizadz/Projects/Mahsa/datasets/grid/test/s33/lrbo2n.mpg,51,201,1.2864753007888794,0.6731696986325162
8,6,/home/nabizadz/Projects/Mahsa/datasets/grid/test/s33/srblzn.mpg,139,289,2.381115674972534,0.6480519763487829
8,7,/home/nabizadz/Projects/Mahsa/datasets/grid/test/s33/sbax9s.mpg,58,208,1.1676440238952637,0.6959891466187141
8,8,/home/nabizadz/Projects/Mahsa/datasets/grid/test/s33/pgin2p.mpg,87,237,1.513762354850769,0.6795882098048865
8,9,/home/nabizadz/Projects/Mahsa/datasets/grid/test/s33/bgbk8p.mpg,105,255,1.6292170286178589,0.5800596031456234
8,10,/home/nabizadz/Projects/Mahsa/datasets/grid/test/s33/srarzn.mpg,81,231,1.3183135986328125,0.6678356468546573
8,11,/home/nabizadz/Projects/Mahsa/datasets/grid/test/s33/sgal9s.mpg,50,200,1.2244954109191895,0.6830906094529655
8,12,/home/nabizadz/Projects/Mahsa/datasets/grid/test/s33/sbij9a.mpg,97,247,1.7209157943725586,0.6228971626626764
8,13,/home/nabizadz/Projects/Mahsa/datasets/grid/test/s33/pwim5s.mpg,0,150,1.3179457187652588,0.7611069238900399
8,14,/home/nabizadz/Projects/Mahsa/datasets/grid/test/s33/lrbb4n.mpg,140,290,2.396498441696167,0.5946197806933512
8,15,/home/nabizadz/Projects/Mahsa/datasets/grid/test/s33/brwj9s.mpg,79,229,1.2792510986328125,0.6704599320119361
9,0,/home/nabizadz/Projects/Mahsa/datasets/grid/test/s33/brii7s.mpg,118,268,2.3627822399139404,0.5620662020526214
9,1,/home/nabizadz/Projects/Mahsa/datasets/grid/test/s33/bgwr5s.mpg,2,152,1.4669864177703857,0.7542623853523748
9,2,/home/nabizadz/Projects/Mahsa/datasets/grid/test/s33/bwax4n.mpg,79,229,1.5918858051300049,0.6518331110909059
9,3,/home/nabizadz/Projects/Mahsa/datasets/grid/test/s33/swbl8p.mpg,133,283,1.6024436950683594,0.6627143082508967
9,4,/home/nabizadz/Projects/Mahsa/datasets/grid/test/s33/sgam1a.mpg,27,177,1.1391208171844482,0.6718010951764342
9,5,/home/nabizadz/Projects/Mahsa/datasets/grid/test/s33/pwaa2p.mpg,45,195,1.1536816358566284,0.6690601517455367
9,6,/home/nabizadz/Projects/Mahsa/datasets/grid/test/s33/sbid3s.mpg,56,206,1.2702674865722656,0.5547893085178965
9,7,/home/nabizadz/Projects/Mahsa/datasets/grid/test/s33/prbm9a.mpg,131,281,2.315009593963623,0.6246619750512359
9,8,/home/nabizadz/Projects/Mahsa/datasets/grid/test/s33/lbbn8p.mpg,149,299,2.174917697906494,0.6298699229045222
9,9,/home/nabizadz/Projects/Mahsa/datasets/grid/test/s33/bbivzp.mpg,78,228,1.451695442199707,0.613379738959969
9,10,/home/nabizadz/Projects/Mahsa/datasets/grid/test/s33/pram2n.mpg,55,205,1.280853509902954,0.6675379601859037
9,11,/home/nabizadz/Projects/Mahsa/datasets/grid/test/s33/sgal8n.mpg,141,291,1.5836241245269775,0.7264801376096417
9,12,/home/nabizadz/Projects/Mahsa/datasets/grid/test/s33/sbad8p.mpg,20,170,1.1508302688598633,0.7274037696756119
9,13,/home/nabizadz/Projects/Mahsa/datasets/grid/test/s33/priz6n.mpg,73,223,1.3755067586898804,0.6891708390704108
9,14,/home/nabizadz/Projects/Mahsa/datasets/grid/test/s33/swws7a.mpg,119,269,2.1973483562469482,0.6145555803902151
9,15,/home/nabizadz/Projects/Mahsa/datasets/grid/test/s33/sbix4n.mpg,128,278,2.145188570022583,0.6483382386769609
10,0,/home/nabizadz/Projects/Mahsa/datasets/grid/test/s33/lbag9s.mpg,119,269,1.996852159500122,0.6428493553665587
10,1,/home/nabizadz/Projects/Mahsa/datasets/grid/test/s33/pbal9a.mpg,55,205,1.2852342128753662,0.6347815273841029
10,2,/home/nabizadz/Projects/Mahsa/datasets/grid/test/s33/pgbb2p.mpg,24,174,1.1382392644882202,0.6839552125052795
10,3,/home/nabizadz/Projects/Mahsa/datasets/grid/test/s33/swbs1s.mpg,24,174,1.1648147106170654,0.688289294399334
10,4,/home/nabizadz/Projects/Mahsa/datasets/grid/test/s33/pgaa9a.mpg,75,225,1.573292851448059,0.6309483500365705
10,5,/home/nabizadz/Projects/Mahsa/datasets/grid/test/s33/lbiazn.mpg,124,274,2.2999746799468994,0.6093808425922876
10,6,/home/nabizadz/Projects/Mahsa/datasets/grid/test/s33/srby9s.mpg,70,220,1.3845360279083252,0.6418987247997022
10,7,/home/nabizadz/Projects/Mahsa/datasets/grid/test/s33/brbp8n.mpg,99,249,2.3823933601379395,0.6529875214689358
10,8,/home/nabizadz/Projects/Mahsa/datasets/grid/test/s33/swws6p.mpg,150,300,2.55349063873291,0.7062619208834617
10,9,/home/nabizadz/Projects/Mahsa/datasets/grid/test/s33/pbws9s.mpg,140,290,2.6301491260528564,0.724312675883248
10,10,/home/nabizadz/Projects/Mahsa/datasets/grid/test/s33/lgwj6p.mpg,97,247,1.298208236694336,0.6755827640544693
10,11,/home/nabizadz/Projects/Mahsa/datasets/grid/test/s33/prwa5a.mpg,52,202,1.2555121183395386,0.6143386562020682
10,12,/home/nabizadz/Projects/Mahsa/datasets/grid/test/s33/pwwu3a.mpg,136,286,1.6099841594696045,0.7632260982914687
10,13,/home/nabizadz/Projects/Mahsa/datasets/grid/test/s33/swie7a.mpg,65,215,1.335636019706726,0.6517516858215681
10,14,/home/nabizadz/Projects/Mahsa/datasets/grid/test/s33/bwbyzp.mpg,110,260,1.2462108135223389,0.5836960947816582
10,15,/home/nabizadz/Projects/Mahsa/datasets/grid/test/s33/pbaz4n.mpg,12,162,1.1366541385650635,0.624248242508792
11,0,/home/nabizadz/Projects/Mahsa/datasets/grid/test/s33/sbbk5s.mpg,141,291,1.6666253805160522,0.7405275777346084
11,1,/home/nabizadz/Projects/Mahsa/datasets/grid/test/s33/swal3s.mpg,7,157,1.1953916549682617,0.6480763221448395
11,2,/home/nabizadz/Projects/Mahsa/datasets/grid/test/s33/sbak1s.mpg,109,259,1.5277981758117676,0.5949275227607856
11,3,/home/nabizadz/Projects/Mahsa/datasets/grid/test/s33/lrihzn.mpg,61,211,1.376717209815979,0.6717638103544818
11,4,/home/nabizadz/Projects/Mahsa/datasets/grid/test/s33/bgid6p.mpg,86,236,1.3101123571395874,0.5950674961142763
11,5,/home/nabizadz/Projects/Mahsa/datasets/grid/test/s33/bgad9s.mpg,30,180,1.0918022394180298,0.613668150180858
11,6,/home/nabizadz/Projects/Mahsa/datasets/grid/test/s33/lgio7s.mpg,111,261,1.3051038980484009,0.5613860376164301
11,7,/home/nabizadz/Projects/Mahsa/datasets/grid/test/s33/prim1a.mpg,113,263,2.13735032081604,0.5427114394151601
11,8,/home/nabizadz/Projects/Mahsa/datasets/grid/test/s33/lwav1a.mpg,24,174,1.1301158666610718,0.5194073137912419
11,9,/home/nabizadz/Projects/Mahsa/datasets/grid/test/s33/bwbk3a.mpg,120,270,2.375394821166992,0.595107103352329
11,10,/home/nabizadz/Projects/Mahsa/datasets/grid/test/s33/sbad6n.mpg,21,171,1.1143639087677002,0.7213412002013959
11,11,/home/nabizadz/Projects/Mahsa/datasets/grid/test/s33/bwwr1a.mpg,96,246,1.7886019945144653,0.5207921550261995
11,12,/home/nabizadz/Projects/Mahsa/datasets/grid/test/s33/lrin7a.mpg,72,222,1.6702580451965332,0.7055921528508872
11,13,/home/nabizadz/Projects/Mahsa/datasets/grid/test/s33/srwz5a.mpg,67,217,1.2336775064468384,0.7494359381845092
11,14,/home/nabizadz/Projects/Mahsa/datasets/grid/test/s33/swbz7a.mpg,58,208,1.2712401151657104,0.6736086221129413
11,15,/home/nabizadz/Projects/Mahsa/datasets/grid/test/s33/bbai4n.mpg,88,238,2.062518835067749,0.5658553663422627
12,0,/home/nabizadz/Projects/Mahsa/datasets/grid/test/s33/pras9a.mpg,46,196,1.208141565322876,0.6071859829687937
12,1,/home/nabizadz/Projects/Mahsa/datasets/grid/test/s33/pwigzn.mpg,113,263,2.6406946182250977,0.6708760924763928
12,2,/home/nabizadz/Projects/Mahsa/datasets/grid/test/s33/sriq9a.mpg,102,252,2.062641143798828,0.6069621154828976
12,3,/home/nabizadz/Projects/Mahsa/datasets/grid/test/s33/sray5s.mpg,75,225,1.1724499464035034,0.7006699411810512
12,4,/home/nabizadz/Projects/Mahsa/datasets/grid/test/s33/bbwdzp.mpg,16,166,1.1438578367233276,0.6091993703144611
12,5,/home/nabizadz/Projects/Mahsa/datasets/grid/test/s33/lbwo2p.mpg,43,193,1.1513893604278564,0.6360736137664639
12,6,/home/nabizadz/Projects/Mahsa/datasets/grid/test/s33/srws1a.mpg,150,300,2.1244664192199707,0.7093604582065338
12,7,/home/nabizadz/Projects/Mahsa/datasets/grid/test/s33/lgac4p.mpg,0,150,1.3635607957839966,0.6710019711317081
12,8,/home/nabizadz/Projects/Mahsa/datasets/grid/test/s33/pbwg2p.mpg,69,219,1.2329765558242798,0.7052716590387069
12,9,/home/nabizadz/Projects/Mahsa/datasets/grid/test/s33/pwwh3s.mpg,71,221,1.3201613426208496,0.7110676918604135
12,10,/home/nabizadz/Projects/Mahsa/datasets/grid/test/s33/bwij5a.mpg,15,165,1.2752541303634644,0.577094529176895
12,11,/home/nabizadz/Projects/Mahsa/datasets/grid/test/s33/lgwx5a.mpg,51,201,1.0839353799819946,0.6769433082004372
12,12,/home/nabizadz/Projects/Mahsa/datasets/grid/test/s33/sbwy9a.mpg,115,265,2.1326725482940674,0.6837066438651673
12,13,/home/nabizadz/Projects/Mahsa/datasets/grid/test/s33/pwwu1s.mpg,72,222,1.4530409574508667,0.5803563727494979
12,14,/home/nabizadz/Projects/Mahsa/datasets/grid/test/s33/bbap1a.mpg,135,285,3.0380678176879883,0.7785696562088552
12,15,/home/nabizadz/Projects/Mahsa/datasets/grid/test/s33/pgwu9a.mpg,41,191,1.1535308361053467,0.622857919862801
13,0,/home/nabizadz/Projects/Mahsa/datasets/grid/test/s33/bgbr2p.mpg,136,286,2.0898118019104004,0.61947931613942
13,1,/home/nabizadz/Projects/Mahsa/datasets/grid/test/s33/lwbi6p.mpg,6,156,1.3483083248138428,0.6060414327286806
13,2,/home/nabizadz/Projects/Mahsa/datasets/grid/test/s33/swwmzn.mpg,148,298,2.5725653171539307,0.6595418490547527
13,3,/home/nabizadz/Projects/Mahsa/datasets/grid/test/s33/pgbo1a.mpg,99,249,1.1689506769180298,0.6381657697612639
13,4,/home/nabizadz/Projects/Mahsa/datasets/grid/test/s33/swwz9s.mpg,149,299,3.049395799636841,0.7674870466615584
13,5,/home/nabizadz/Projects/Mahsa/datasets/grid/test/s33/sriy1s.mpg,127,277,1.3908605575561523,0.6202506091370144
13,6,/home/nabizadz/Projects/Mahsa/datasets/grid/test/s33/lbbu1s.mpg,99,249,1.7087026834487915,0.6041517469689909
13,7,/home/nabizadz/Projects/Mahsa/datasets/grid/test/s33/lrih2p.mpg,124,274,2.2322070598602295,0.6424717965231217
13,8,/home/nabizadz/Projects/Mahsa/datasets/grid/test/s33/brax1a.mpg,102,252,1.9190220832824707,0.7892178250487559
13,9,/home/nabizadz/Projects/Mahsa/datasets/grid/test/s33/bgwe6n.mpg,72,222,1.3905665874481201,0.6840907892079897
13,10,/home/nabizadz/Projects/Mahsa/datasets/grid/test/s33/bgwr4n.mpg,57,207,1.3768057823181152,0.7184138859697259
13,11,/home/nabizadz/Projects/Mahsa/datasets/grid/test/s33/lrbo5a.mpg,39,189,1.2838075160980225,0.5868910845050472
13,12,/home/nabizadz/Projects/Mahsa/datasets/grid/test/s33/prwg9a.mpg,36,186,1.2946536540985107,0.6823987413753179
13,13,/home/nabizadz/Projects/Mahsa/datasets/grid/test/s33/lbwb3s.mpg,79,229,1.3324238061904907,0.5997812630780577
13,14,/home/nabizadz/Projects/Mahsa/datasets/grid/test/s33/lwao5s.mpg,50,200,1.193455696105957,0.5505358096873996
13,15,/home/nabizadz/Projects/Mahsa/datasets/grid/test/s33/lbbbzp.mpg,18,168,1.2448742389678955,0.6071058633008198
14,0,/home/nabizadz/Projects/Mahsa/datasets/grid/test/s33/lwwp5a.mpg,115,265,2.52308988571167,0.6677948474055664
14,1,/home/nabizadz/Projects/Mahsa/datasets/grid/test/s33/sgas5a.mpg,86,236,1.4825843572616577,0.5944583627829446
14,2,/home/nabizadz/Projects/Mahsa/datasets/grid/test/s33/brajzn.mpg,85,235,1.4028406143188477,0.5585699756267462
14,3,/home/nabizadz/Projects/Mahsa/datasets/grid/test/s33/lbig4n.mpg,55,205,1.3053417205810547,0.656875676074318
14,4,/home/nabizadz/Projects/Mahsa/datasets/grid/test/s33/bgiq4p.mpg,7,157,1.2883384227752686,0.6365902751068144
14,5,/home/nabizadz/Projects/Mahsa/datasets/grid/test/s33/sgbm2n.mpg,10,160,1.2135761976242065,0.6823630767489823
14,6,/home/nabizadz/Projects/Mahsa/datasets/grid/test/s33/lwio1s.mpg,25,175,1.0939396619796753,0.4547583035684528
14,7,/home/nabizadz/Projects/Mahsa/datasets/grid/test/s33/pbaz6p.mpg,31,181,1.1273189783096313,0.668114760695005
14,8,/home/nabizadz/Projects/Mahsa/datasets/grid/test/s33/lrbu6n.mpg,121,271,2.274568796157837,0.6111424216991629
14,9,/home/nabizadz/Projects/Mahsa/datasets/grid/test/s33/sgaz6n.mpg,132,282,1.8006348609924316,0.7124727624634373
14,10,/home/nabizadz/Projects/Mahsa/datasets/grid/test/s33/lrah4n.mpg,54,204,1.350459337234497,0.6780619560662882
14,11,/home/nabizadz/Projects/Mahsa/datasets/grid/test/s33/lbwu5s.mpg,101,251,1.680178165435791,0.6591823209328543
14,12,/home/nabizadz/Projects/Mahsa/datasets/grid/test/s33/pbwm7a.mpg,54,204,1.5531320571899414,0.6202578012100192
14,13,/home/nabizadz/Projects/Mahsa/datasets/grid/test/s33/sgas4p.mpg,112,262,1.2434592247009277,0.5393020711915325
14,14,/home/nabizadz/Projects/Mahsa/datasets/grid/test/s33/priz8p.mpg,48,198,1.1622859239578247,0.6726718131022232
14,15,/home/nabizadz/Projects/Mahsa/datasets/grid/test/s33/swbl7s.mpg,116,266,1.5240181684494019,0.6660765919853366
15,0,/home/nabizadz/Projects/Mahsa/datasets/grid/test/s33/sgbm3s.mpg,69,219,1.3335211277008057,0.6739708638548311
15,1,/home/nabizadz/Projects/Mahsa/datasets/grid/test/s33/sbax8n.mpg,149,299,2.1192524433135986,0.7092229331837885
15,2,/home/nabizadz/Projects/Mahsa/datasets/grid/test/s33/srbl2p.mpg,63,213,1.2520301342010498,0.6927866179767811
15,3,/home/nabizadz/Projects/Mahsa/datasets/grid/test/s33/pbie8n.mpg,76,226,1.645074486732483,0.6945349687769946
15,4,/home/nabizadz/Projects/Mahsa/datasets/grid/test/s33/prwt4n.mpg,13,163,1.2756056785583496,0.6544799479968221
15,5,/home/nabizadz/Projects/Mahsa/datasets/grid/test/s33/lwab8p.mpg,116,266,1.7319517135620117,0.6230741686048439
15,6,/home/nabizadz/Projects/Mahsa/datasets/grid/test/s33/swbszn.mpg,17,167,1.1717997789382935,0.6771671545795939
15,7,/home/nabizadz/Projects/Mahsa/datasets/grid/test/s33/srak8p.mpg,4,154,1.2516376972198486,0.7298445925229681
15,8,/home/nabizadz/Projects/Mahsa/datasets/grid/test/s33/bwwe3a.mpg,112,262,2.3459596633911133,0.6357470272426449
15,9,/home/nabizadz/Projects/Mahsa/datasets/grid/test/s33/sgwt3a.mpg,99,249,1.5374799966812134,0.6876368207282891
15,10,/home/nabizadz/Projects/Mahsa/datasets/grid/test/s33/lgai8p.mpg,93,243,1.5439494848251343,0.6409006769786133
15,11,/home/nabizadz/Projects/Mahsa/datasets/grid/test/s33/pgit4n.mpg,67,217,1.6218297481536865,0.6705450806120898
15,12,/home/nabizadz/Projects/Mahsa/datasets/grid/test/s33/bbiu9s.mpg,0,150,1.2926925420761108,0.6441184779543824
15,13,/home/nabizadz/Projects/Mahsa/datasets/grid/test/s33/sbak2p.mpg,97,247,1.283036708831787,0.6299728442853062
15,14,/home/nabizadz/Projects/Mahsa/datasets/grid/test/s33/pgbn8n.mpg,81,231,1.8545191287994385,0.6844175211993242
15,15,/home/nabizadz/Projects/Mahsa/datasets/grid/test/s33/sbay1a.mpg,32,182,1.1313705444335938,0.6848296376892916
16,0,/home/nabizadz/Projects/Mahsa/datasets/grid/test/s33/lgwx4p.mpg,60,210,1.2054762840270996,0.6449582413844027
16,1,/home/nabizadz/Projects/Mahsa/datasets/grid/test/s33/lwbi7a.mpg,75,225,1.451751947402954,0.6851904669424415
16,2,/home/nabizadz/Projects/Mahsa/datasets/grid/test/s33/primzp.mpg,146,296,1.8062283992767334,0.7379258214902127
16,3,/home/nabizadz/Projects/Mahsa/datasets/grid/test/s33/lgwj5s.mpg,86,236,1.3428236246109009,0.7105878595877354
16,4,/home/nabizadz/Projects/Mahsa/datasets/grid/test/s33/srwf3a.mpg,119,269,2.54018497467041,0.7551620324795313
16,5,/home/nabizadz/Projects/Mahsa/datasets/grid/test/s33/pris5a.mpg,98,248,1.9465327262878418,0.6401640762839389
16,6,/home/nabizadz/Projects/Mahsa/datasets/grid/test/s33/brwd7a.mpg,103,253,1.578627109527588,0.6752545962758636
16,7,/home/nabizadz/Projects/Mahsa/datasets/grid/test/s33/bbav4p.mpg,103,253,1.6907018423080444,0.6302932535728676
16,8,/home/nabizadz/Projects/Mahsa/datasets/grid/test/s33/pbbm1s.mpg,116,266,1.646237850189209,0.6525355156654029
16,9,/home/nabizadz/Projects/Mahsa/datasets/grid/test/s33/brwd4n.mpg,14,164,1.1147174835205078,0.7195451494995916
16,10,/home/nabizadz/Projects/Mahsa/datasets/grid/test/s33/pwbn5a.mpg,42,192,1.144131064414978,0.7068919262528387
16,11,/home/nabizadz/Projects/Mahsa/datasets/grid/test/s33/bbiu8n.mpg,132,282,3.3069498538970947,0.5976441673798041
16,12,/home/nabizadz/Projects/Mahsa/datasets/grid/test/s33/sbwl1a.mpg,82,232,1.4970426559448242,0.6724862409962633
16,13,/home/nabizadz/Projects/Mahsa/datasets/grid/test/s33/brwd5s.mpg,66,216,1.3092494010925293,0.7317992760040571
16,14,/home/nabizadz/Projects/Mahsa/datasets/grid/test/s33/bgid7a.mpg,150,300,2.2072510719299316,0.7405487725185614
16,15,/home/nabizadz/Projects/Mahsa/datasets/grid/test/s33/sray7a.mpg,43,193,1.1339077949523926,0.6305829376069244
17,0,/home/nabizadz/Projects/Mahsa/datasets/grid/test/s33/prbg5a.mpg,126,276,2.030566692352295,0.5936895358795475
17,1,/home/nabizadz/Projects/Mahsa/datasets/grid/test/s33/bbbv8p.mpg,122,272,1.7261674404144287,0.667341919273234
17,2,/home/nabizadz/Projects/Mahsa/datasets/grid/test/s33/sbwe4n.mpg,94,244,1.5153696537017822,0.5608190755624908
17,3,/home/nabizadz/Projects/Mahsa/datasets/grid/test/s33/sbwr3s.mpg,42,192,1.1186776161193848,0.6002470388011193
17,4,/home/nabizadz/Projects/Mahsa/datasets/grid/test/s33/bbio6p.mpg,28,178,1.0819422006607056,0.5556705970697909
17,5,/home/nabizadz/Projects/Mahsa/datasets/grid/test/s33/swbl9a.mpg,0,150,1.1696107387542725,0.7319265550970444
17,6,/home/nabizadz/Projects/Mahsa/datasets/grid/test/s33/srwfzn.mpg,31,181,1.2873904705047607,0.6912411433984709
17,7,/home/nabizadz/Projects/Mahsa/datasets/grid/test/s33/pram4p.mpg,105,255,1.477460503578186,0.5833709981875439
17,8,/home/nabizadz/Projects/Mahsa/datasets/grid/test/s33/bgwe7s.mpg,34,184,1.2976683378219604,0.6308413538496873
17,9,/home/nabizadz/Projects/Mahsa/datasets/grid/test/s33/lwavzp.mpg,136,286,1.7382171154022217,0.6101419081598018
17,10,/home/nabizadz/Projects/Mahsa/datasets/grid/test/s33/bgbe3s.mpg,111,261,1.541642427444458,0.730724787099054
17,11,/home/nabizadz/Projects/Mahsa/datasets/grid/test/s33/srbr4n.mpg,36,186,1.1151739358901978,0.6565681538817987
17,12,/home/nabizadz/Projects/Mahsa/datasets/grid/test/s33/brwq3s.mpg,116,266,1.445697546005249,0.6933823504668374
17,13,/home/nabizadz/Projects/Mahsa/datasets/grid/test/s33/lwai2p.mpg,131,281,2.043513536453247,0.6524353961604096
17,14,/home/nabizadz/Projects/Mahsa/datasets/grid/test/s33/sbid4p.mpg,44,194,1.126915693283081,0.6674229591799574
17,15,/home/nabizadz/Projects/Mahsa/datasets/grid/test/s33/prwn2p.mpg,83,233,1.421897292137146,0.6229743133129565
18,0,/home/nabizadz/Projects/Mahsa/datasets/grid/test/s33/pwbg9s.mpg,116,266,1.6825597286224365,0.6497376965203364
18,1,/home/nabizadz/Projects/Mahsa/datasets/grid/test/s33/lgbj2p.mpg,32,182,1.123132348060608,0.4866289299160869
18,2,/home/nabizadz/Projects/Mahsa/datasets/grid/test/s33/sbby5a.mpg,113,263,1.9295434951782227,0.699962786331394
18,3,/home/nabizadz/Projects/Mahsa/datasets/grid/test/s33/bgay1s.mpg,65,215,1.287780523300171,0.6232802720792492
18,4,/home/nabizadz/Projects/Mahsa/datasets/grid/test/s33/sgbs8p.mpg,111,261,1.4275407791137695,0.6716904726936563
18,5,/home/nabizadz/Projects/Mahsa/datasets/grid/test/s33/pgbozp.mpg,65,215,1.3069472312927246,0.5945830851994469
18,6,/home/nabizadz/Projects/Mahsa/datasets/grid/test/s33/sgwg3s.mpg,121,271,1.6273444890975952,0.5825217445003004
18,7,/home/nabizadz/Projects/Mahsa/datasets/grid/test/s33/pgwo5a.mpg,100,250,1.6568986177444458,0.637361915758495
18,8,/home/nabizadz/Projects/Mahsa/datasets/grid/test/s33/bric3s.mpg,65,215,1.2573816776275635,0.6430199887396851
18,9,/home/nabizadz/Projects/Mahsa/datasets/grid/test/s33/lwwc7a.mpg,82,232,1.5876954793930054,0.7126494250674495
18,10,/home/nabizadz/Projects/Mahsa/datasets/grid/test/s33/bgwr7a.mpg,32,182,1.093685269355774,0.6122825329750919
18,11,/home/nabizadz/Projects/Mahsa/datasets/grid/test/s33/lgbjzn.mpg,110,260,1.9965589046478271,0.6642264682238371
18,12,/home/nabizadz/Projects/Mahsa/datasets/grid/test/s33/lrwo9a.mpg,150,300,2.172302007675171,0.7251564274641548
18,13,/home/nabizadz/Projects/Mahsa/datasets/grid/test/s33/pwanzp.mpg,84,234,1.4180806875228882,0.5853171192732983
18,14,/home/nabizadz/Projects/Mahsa/datasets/grid/test/s33/srik2n.mpg,28,178,1.114556074142456,0.6992949151445884
18,15,/home/nabizadz/Projects/Mahsa/datasets/grid/test/s33/bwaj6n.mpg,135,285,2.0662219524383545,0.7109400917194701
19,0,/home/nabizadz/Projects/Mahsa/datasets/grid/test/s33/bgbe5a.mpg,0,150,1.3560349941253662,0.6500449420920162
19,1,/home/nabizadz/Projects/Mahsa/datasets/grid/test/s33/pwbn4p.mpg,72,222,1.525838851928711,0.6551535725903892
19,2,/home/nabizadz/Projects/Mahsa/datasets/grid/test/s33/lwiu7a.mpg,36,186,1.1130712032318115,0.5127054958105779
19,3,/home/nabizadz/Projects/Mahsa/datasets/grid/test/s33/bbbjzp.mpg,77,227,1.3241658210754395,0.6805708093810494
19,4,/home/nabizadz/Projects/Mahsa/datasets/grid/test/s33/pwit1a.mpg,17,167,1.209299921989441,0.599239013863529
19,5,/home/nabizadz/Projects/Mahsa/datasets/grid/test/s33/prbm8p.mpg,18,168,1.1665904521942139,0.6896723472713582
19,6,/home/nabizadz/Projects/Mahsa/datasets/grid/test/s33/bgwz1a.mpg,37,187,1.0648760795593262,0.49187844478843057
19,7,/home/nabizadz/Projects/Mahsa/datasets/grid/test/s33/bgix8p.mpg,81,231,1.3332839012145996,0.6767772306019308
19,8,/home/nabizadz/Projects/Mahsa/datasets/grid/test/s33/pgig8p.mpg,90,240,1.3618159294128418,0.6298081251846988
19,9,/home/nabizadz/Projects/Mahsa/datasets/grid/test/s33/bgae1a.mpg,81,231,1.410853624343872,0.5647643464999108
19,10,/home/nabizadz/Projects/Mahsa/datasets/grid/test/s33/sbbk4n.mpg,118,268,2.703028678894043,0.5662153076802579
19,11,/home/nabizadz/Projects/Mahsa/datasets/grid/test/s33/sriq7s.mpg,112,262,1.6300923824310303,0.7377406208110308
19,12,/home/nabizadz/Projects/Mahsa/datasets/grid/test/s33/bbwc8n.mpg,50,200,1.4216889142990112,0.575523173971231
19,13,/home/nabizadz/Projects/Mahsa/datasets/grid/test/s33/brac9a.mpg,119,269,2.2479097843170166,0.6207934974578271
19,14,/home/nabizadz/Projects/Mahsa/datasets/grid/test/s33/brac8p.mpg,114,264,1.678874135017395,0.5931387452244703
19,15,/home/nabizadz/Projects/Mahsa/datasets/grid/test/s33/bgad8n.mpg,4,154,1.260291576385498,0.583798496696392
20,0,/home/nabizadz/Projects/Mahsa/datasets/grid/test/s33/lbinzp.mpg,19,169,1.1953063011169434,0.4544974826117357
20,1,/home/nabizadz/Projects/Mahsa/datasets/grid/test/s33/lgbp4n.mpg,0,150,1.2337404489517212,0.6294164763204803
20,2,/home/nabizadz/Projects/Mahsa/datasets/grid/test/s33/lrih3a.mpg,141,291,2.2745702266693115,0.687787818494557
20,3,/home/nabizadz/Projects/Mahsa/datasets/grid/test/s33/lwwjzp.mpg,142,292,1.9585192203521729,0.6727938382790599
20,4,/home/nabizadz/Projects/Mahsa/datasets/grid/test/s33/pgwo2n.mpg,44,194,1.1742660999298096,0.6145798357814994
20,5,/home/nabizadz/Projects/Mahsa/datasets/grid/test/s33/sbid2n.mpg,96,246,1.2699428796768188,0.5272522453098606
20,6,/home/nabizadz/Projects/Mahsa/datasets/grid/test/s33/lran9s.mpg,2,152,1.213020920753479,0.733682468386678
20,7,/home/nabizadz/Projects/Mahsa/datasets/grid/test/s33/prwg8p.mpg,127,277,1.7537989616394043,0.6336804799611971
20,8,/home/nabizadz/Projects/Mahsa/datasets/grid/test/s33/prbg3s.mpg,120,270,1.8804484605789185,0.5461392182728245
20,9,/home/nabizadz/Projects/Mahsa/datasets/grid/test/s33/pbwgzn.mpg,56,206,1.2529540061950684,0.5955762480702941
20,10,/home/nabizadz/Projects/Mahsa/datasets/grid/test/s33/lwih7s.mpg,66,216,1.414151906967163,0.656911253416762
20,11,/home/nabizadz/Projects/Mahsa/datasets/grid/test/s33/sgaf6p.mpg,131,281,1.3489912748336792,0.6985848296606656
20,12,/home/nabizadz/Projects/Mahsa/datasets/grid/test/s33/bbai6p.mpg,85,235,1.301119089126587,0.6009893161776942
20,13,/home/nabizadz/Projects/Mahsa/datasets/grid/test/s33/swazzn.mpg,123,273,2.5788207054138184,0.5997431351061222
20,14,/home/nabizadz/Projects/Mahsa/datasets/grid/test/s33/lrbu9a.mpg,117,267,1.8119356632232666,0.6572403581775855
20,15,/home/nabizadz/Projects/Mahsa/datasets/grid/test/s33/pbir9a.mpg,143,293,2.1526126861572266,0.6936613658754278
21,0,/home/nabizadz/Projects/Mahsa/datasets/grid/test/s33/sbbq8n.mpg,46,196,1.2569055557250977,0.6721967461771269
21,1,/home/nabizadz/Projects/Mahsa/datasets/grid/test/s33/pgwu8p.mpg,103,253,1.6813970804214478,0.6333943659814908
21,2,/home/nabizadz/Projects/Mahsa/datasets/grid/test/s33/pwig1s.mpg,39,189,1.1462548971176147,0.7309765557019164
21,3,/home/nabizadz/Projects/Mahsa/datasets/grid/test/s33/bbai7a.mpg,113,263,2.345839500427246,0.6685187393998908
21,4,/home/nabizadz/Projects/Mahsa/datasets/grid/test/s33/bwwq9s.mpg,29,179,1.1643043756484985,0.6486728481026348
21,5,/home/nabizadz/Projects/Mahsa/datasets/grid/test/s33/lwao7a.mpg,141,291,2.4886298179626465,0.7739721816814124
21,6,/home/nabizadz/Projects/Mahsa/datasets/grid/test/s33/brbx4p.mpg,58,208,1.1824043989181519,0.6342272799624612
21,7,/home/nabizadz/Projects/Mahsa/datasets/grid/test/s33/srar1s.mpg,77,227,1.4360473155975342,0.624093395768802
21,8,/home/nabizadz/Projects/Mahsa/datasets/grid/test/s33/bwwq8n.mpg,96,246,1.8945674896240234,0.6503356520516583
21,9,/home/nabizadz/Projects/Mahsa/datasets/grid/test/s33/lbaa6p.mpg,14,164,1.211165189743042,0.6951834676613204
21,10,/home/nabizadz/Projects/Mahsa/datasets/grid/test/s33/lwau9s.mpg,97,247,2.084982395172119,0.5468799470490336
21,11,/home/nabizadz/Projects/Mahsa/datasets/grid/test/s33/pgauzp.mpg,25,175,1.1533136367797852,0.654029324989379
21,12,/home/nabizadz/Projects/Mahsa/datasets/grid/test/s33/lrah6p.mpg,15,165,1.1612324714660645,0.6553351323612134
21,13,/home/nabizadz/Projects/Mahsa/datasets/grid/test/s33/lgio6n.mpg,116,266,2.5764076709747314,0.5827005708110901
21,14,/home/nabizadz/Projects/Mahsa/datasets/grid/test/s33/lrau5a.mpg,52,202,1.2638479471206665,0.6123136330597905
21,15,/home/nabizadz/Projects/Mahsa/datasets/grid/test/s33/prbt1s.mpg,8,158,1.2099313735961914,0.634119272086258
22,0,/home/nabizadz/Projects/Mahsa/datasets/grid/test/s33/sgif2p.mpg,97,247,1.307366132736206,0.5959721905834895
22,1,/home/nabizadz/Projects/Mahsa/datasets/grid/test/s33/bgwl1s.mpg,118,268,1.6928387880325317,0.6016940885477813
22,2,/home/nabizadz/Projects/Mahsa/datasets/grid/test/s33/sbwy7s.mpg,100,250,1.3564788103103638,0.6448733085591131
22,3,/home/nabizadz/Projects/Mahsa/datasets/grid/test/s33/brwkzp.mpg,118,268,1.65422785282135,0.6902416010832386
22,4,/home/nabizadz/Projects/Mahsa/datasets/grid/test/s33/sbby2n.mpg,40,190,1.1638331413269043,0.6668626043497392
22,5,/home/nabizadz/Projects/Mahsa/datasets/grid/test/s33/sray4n.mpg,46,196,1.1975511312484741,0.6893942008744416
22,6,/home/nabizadz/Projects/Mahsa/datasets/grid/test/s33/bwip8p.mpg,98,248,1.55759859085083,0.6178968144759964
22,7,/home/nabizadz/Projects/Mahsa/datasets/grid/test/s33/bbbp3s.mpg,120,270,1.5531988143920898,0.6390228153996657
22,8,/home/nabizadz/Projects/Mahsa/datasets/grid/test/s33/pbaszn.mpg,148,298,2.746102809906006,0.6933140017679805
22,9,/home/nabizadz/Projects/Mahsa/datasets/grid/test/s33/bbac3a.mpg,28,178,1.1044889688491821,0.5267506175073949
22,10,/home/nabizadz/Projects/Mahsa/datasets/grid/test/s33/pwim4n.mpg,115,265,2.23995304107666,0.4883243738435855
22,11,/home/nabizadz/Projects/Mahsa/datasets/grid/test/s33/lbwb2n.mpg,71,221,1.0774167776107788,0.5722030464323308
22,12,/home/nabizadz/Projects/Mahsa/datasets/grid/test/s33/bbib6n.mpg,50,200,1.6691086292266846,0.569992012936074
22,13,/home/nabizadz/Projects/Mahsa/datasets/grid/test/s33/srae2n.mpg,71,221,1.2291277647018433,0.6929236099437963
22,14,/home/nabizadz/Projects/Mahsa/datasets/grid/test/s33/sbbezn.mpg,129,279,2.7399985790252686,0.6227217048346462
22,15,/home/nabizadz/Projects/Mahsa/datasets/grid/test/s33/swwz8n.mpg,37,187,1.1187703609466553,0.6564111892977408
23,0,/home/nabizadz/Projects/Mahsa/datasets/grid/test/s33/pbbf9a.mpg,40,190,1.2485291957855225,0.6385214696345839
23,1,/home/nabizadz/Projects/Mahsa/datasets/grid/test/s33/pgbu3s.mpg,113,263,1.3287267684936523,0.6523096846308291
23,2,/home/nabizadz/Projects/Mahsa/datasets/grid/test/s33/pwis8n.mpg,14,164,1.0848379135131836,0.6543703639121605
23,3,/home/nabizadz/Projects/Mahsa/datasets/grid/test/s33/sbiq3a.mpg,144,294,2.6946353912353516,0.6604817853945013
23,4,/home/nabizadz/Projects/Mahsa/datasets/grid/test/s33/lban2n.mpg,123,273,1.7912819385528564,0.7155721454771445
23,5,/home/nabizadz/Projects/Mahsa/datasets/grid/test/s33/pgbh4n.mpg,140,290,2.4096593856811523,0.7075174535366006
23,6,/home/nabizadz/Projects/Mahsa/datasets/grid/test/s33/bbwc9s.mpg,47,197,1.3104270696640015,0.7079703018532975
23,7,/home/nabizadz/Projects/Mahsa/datasets/grid/test/s33/sbij8p.mpg,98,248,1.6576333045959473,0.6191329475591492
23,8,/home/nabizadz/Projects/Mahsa/datasets/grid/test/s33/pwbt6n.mpg,46,196,1.1700937747955322,0.662706277458318
23,9,/home/nabizadz/Projects/Mahsa/datasets/grid/test/s33/pbbs7a.mpg,110,260,2.186312675476074,0.7657721112966572
23,10,/home/nabizadz/Projects/Mahsa/datasets/grid/test/s33/lraozp.mpg,137,287,1.9708911180496216,0.6028362129916136
23,11,/home/nabizadz/Projects/Mahsa/datasets/grid/test/s33/lwwc6p.mpg,128,278,1.6066492795944214,0.6558656103514219
23,12,/home/nabizadz/Projects/Mahsa/datasets/grid/test/s33/bwwy3s.mpg,134,284,1.6260961294174194,0.6733204690414495
23,13,/home/nabizadz/Projects/Mahsa/datasets/grid/test/s33/prwt7a.mpg,101,251,1.6951298713684082,0.5702234311141462
23,14,/home/nabizadz/Projects/Mahsa/datasets/grid/test/s33/pgbu5a.mpg,140,290,2.0497419834136963,0.7279043551051648
23,15,/home/nabizadz/Projects/Mahsa/datasets/grid/test/s33/swbz4n.mpg,123,273,1.7259423732757568,0.6954102539462987
24,0,/home/nabizadz/Projects/Mahsa/datasets/grid/test/s33/bwad5a.mpg,6,156,1.3168432712554932,0.572350264532757
24,1,/home/nabizadz/Projects/Mahsa/datasets/grid/test/s33/sgwg4p.mpg,5,155,1.1997454166412354,0.6917093805175253
24,2,/home/nabizadz/Projects/Mahsa/datasets/grid/test/s33/srbz1a.mpg,143,293,2.170980930328369,0.7215994423321955
24,3,/home/nabizadz/Projects/Mahsa/datasets/grid/test/s33/pwaa3a.mpg,55,205,1.306757926940918,0.6582295496431697
24,4,/home/nabizadz/Projects/Mahsa/datasets/grid/test/s33/lrab2p.mpg,80,230,1.2517820596694946,0.6518166560959934
24,5,/home/nabizadz/Projects/Mahsa/datasets/grid/test/s33/lbia2p.mpg,19,169,1.170600414276123,0.631101260031438
24,6,/home/nabizadz/Projects/Mahsa/datasets/grid/test/s33/swir4p.mpg,94,244,1.5585200786590576,0.6899578791190056
24,7,/home/nabizadz/Projects/Mahsa/datasets/grid/test/s33/sriq6n.mpg,33,183,1.1409919261932373,0.7015747168503083
24,8,/home/nabizadz/Projects/Mahsa/datasets/grid/test/s33/swar9a.mpg,147,297,2.0308218002319336,0.6830089427214493
24,9,/home/nabizadz/Projects/Mahsa/datasets/grid/test/s33/bgwl2p.mpg,126,276,1.946487307548523,0.761064140679585
24,10,/home/nabizadz/Projects/Mahsa/datasets/grid/test/s33/brwx8p.mpg,112,262,1.7814910411834717,0.6525491401264881
24,11,/home/nabizadz/Projects/Mahsa/datasets/grid/test/s33/srwf1s.mpg,149,299,1.6059538125991821,0.807612734986065
24,12,/home/nabizadz/Projects/Mahsa/datasets/grid/test/s33/lgib9s.mpg,116,266,1.9465527534484863,0.6855432031470361
24,13,/home/nabizadz/Projects/Mahsa/datasets/grid/test/s33/lrwo8p.mpg,132,282,2.3344738483428955,0.6125846943078407
24,14,/home/nabizadz/Projects/Mahsa/datasets/grid/test/s33/lbbn6n.mpg,0,150,1.3591371774673462,0.6795726685604215
24,15,/home/nabizadz/Projects/Mahsa/datasets/grid/test/s33/pgbu4p.mpg,79,229,1.2776907682418823,0.5786640043558992
25,0,/home/nabizadz/Projects/Mahsa/datasets/grid/test/s33/pris3s.mpg,109,259,1.2636284828186035,0.6356277304689368
25,1,/home/nabizadz/Projects/Mahsa/datasets/grid/test/s33/swbz6p.mpg,60,210,1.2468289136886597,0.6925548030157045
25,2,/home/nabizadz/Projects/Mahsa/datasets/grid/test/s33/lbwh8p.mpg,3,153,1.343855381011963,0.6605554555505722
25,3,/home/nabizadz/Projects/Mahsa/datasets/grid/test/s33/pgah2p.mpg,126,276,1.3611383438110352,0.7137457372708333
25,4,/home/nabizadz/Projects/Mahsa/datasets/grid/test/s33/lwbo9s.mpg,8,158,1.4243355989456177,0.6788218650834943
25,5,/home/nabizadz/Projects/Mahsa/datasets/grid/test/s33/pbws8n.mpg,57,207,1.6266589164733887,0.5861766785052102
25,6,/home/nabizadz/Projects/Mahsa/datasets/grid/test/s33/bgak3s.mpg,37,187,1.11569082736969,0.6115590191800978
25,7,/home/nabizadz/Projects/Mahsa/datasets/grid/test/s33/srik4p.mpg,142,292,1.9329071044921875,0.6452669132885459
25,8,/home/nabizadz/Projects/Mahsa/datasets/grid/test/s33/bric5a.mpg,116,266,1.2986252307891846,0.6022715247581845
25,9,/home/nabizadz/Projects/Mahsa/datasets/grid/test/s33/lgbc6n.mpg,72,222,1.4145352840423584,0.6903580991806962
25,10,/home/nabizadz/Projects/Mahsa/datasets/grid/test/s33/lrwo7s.mpg,18,168,1.2855581045150757,0.7020022679837216
25,11,/home/nabizadz/Projects/Mahsa/datasets/grid/test/s33/bgid4n.mpg,107,257,2.2665278911590576,0.6041069478281446
25,12,/home/nabizadz/Projects/Mahsa/datasets/grid/test/s33/swwf6n.mpg,94,244,1.2714482545852661,0.5555970876680544
25,13,/home/nabizadz/Projects/Mahsa/datasets/grid/test/s33/sbaq7a.mpg,143,293,2.484910488128662,0.6473914176946575
25,14,/home/nabizadz/Projects/Mahsa/datasets/grid/test/s33/swal2n.mpg,0,150,1.114192247390747,0.7581896081343646
25,15,/home/nabizadz/Projects/Mahsa/datasets/grid/test/s33/sgbs9a.mpg,43,193,1.3621389865875244,0.7582935806805047
26,0,/home/nabizadz/Projects/Mahsa/datasets/grid/test/s33/pbil5a.mpg,37,187,1.1112252473831177,0.6497603919962008
26,1,/home/nabizadz/Projects/Mahsa/datasets/grid/test/s33/lbba8n.mpg,91,241,2.012462854385376,0.6744588836405351
26,2,/home/nabizadz/Projects/Mahsa/datasets/grid/test/s33/lrbi1a.mpg,132,282,2.4943902492523193,0.6644970723383539
26,3,/home/nabizadz/Projects/Mahsa/datasets/grid/test/s33/pgbh7a.mpg,16,166,1.1698956489562988,0.5764344110080708
26,4,/home/nabizadz/Projects/Mahsa/datasets/grid/test/s33/pbbs4n.mpg,135,285,2.504452705383301,0.7296362943495721
26,5,/home/nabizadz/Projects/Mahsa/datasets/grid/test/s33/pwba6p.mpg,118,268,1.3365213871002197,0.6810105594851923
26,6,/home/nabizadz/Projects/Mahsa/datasets/grid/test/s33/pgbh6p.mpg,150,300,1.7322232723236084,0.7415127000631271
26,7,/home/nabizadz/Projects/Mahsa/datasets/grid/test/s33/bgwe9a.mpg,124,274,2.3280622959136963,0.6119176609484253
26,8,/home/nabizadz/Projects/Mahsa/datasets/grid/test/s33/bbapzp.mpg,112,262,1.3901259899139404,0.520638746566789
26,9,/home/nabizadz/Projects/Mahsa/datasets/grid/test/s33/bwic9s.mpg,25,175,1.4025709629058838,0.7101477274061214
26,10,/home/nabizadz/Projects/Mahsa/datasets/grid/test/s33/sgif3a.mpg,35,185,1.1326063871383667,0.7278745422830719
26,11,/home/nabizadz/Projects/Mahsa/datasets/grid/test/s33/srie1a.mpg,45,195,1.1350117921829224,0.6327412458495435
26,12,/home/nabizadz/Projects/Mahsa/datasets/grid/test/s33/swwm3a.mpg,0,150,1.2711492776870728,0.7753585713369617
26,13,/home/nabizadz/Projects/Mahsa/datasets/grid/test/s33/sbbq9s.mpg,110,260,1.6476633548736572,0.6303162318207177
26,14,/home/nabizadz/Projects/Mahsa/datasets/grid/test/s33/swir2n.mpg,43,193,1.1150981187820435,0.7208066773825598
26,15,/home/nabizadz/Projects/Mahsa/datasets/grid/test/s33/bwbq4n.mpg,51,201,1.301941990852356,0.6787027454647636
27,0,/home/nabizadz/Projects/Mahsa/datasets/grid/test/s33/pwba4n.mpg,111,261,2.2475926876068115,0.6047469630293008
27,1,/home/nabizadz/Projects/Mahsa/datasets/grid/test/s33/bgbe4p.mpg,101,251,1.5650935173034668,0.6183884880850613
27,2,/home/nabizadz/Projects/Mahsa/datasets/grid/test/s33/bgij9s.mpg,8,158,1.2395225763320923,0.6224268671445011
27,3,/home/nabizadz/Projects/Mahsa/datasets/grid/test/s33/lrbu7s.mpg,114,264,1.7016263008117676,0.7142749205085178
27,4,/home/nabizadz/Projects/Mahsa/datasets/grid/test/s33/swie6p.mpg,60,210,1.2792476415634155,0.7038098509406677
27,5,/home/nabizadz/Projects/Mahsa/datasets/grid/test/s33/pwam9s.mpg,12,162,1.2141600847244263,0.7548926432648086
27,6,/home/nabizadz/Projects/Mahsa/datasets/grid/test/s33/lrbu8p.mpg,28,178,1.2378312349319458,0.5991511924884977
27,7,/home/nabizadz/Projects/Mahsa/datasets/grid/test/s33/sgiz4p.mpg,139,289,1.4979395866394043,0.6791564515113349
27,8,/home/nabizadz/Projects/Mahsa/datasets/grid/test/s33/lgapzn.mpg,78,228,1.538074016571045,0.5949374980542106
27,9,/home/nabizadz/Projects/Mahsa/datasets/grid/test/s33/srwr9s.mpg,144,294,2.2082338333129883,0.7194822515438143
27,10,/home/nabizadz/Projects/Mahsa/datasets/grid/test/s33/lrau2n.mpg,144,294,3.1012191772460938,0.6478301448629761
27,11,/home/nabizadz/Projects/Mahsa/datasets/grid/test/s33/lbat8p.mpg,132,282,2.1200132369995117,0.6087741117504962
27,12,/home/nabizadz/Projects/Mahsa/datasets/grid/test/s33/bgay3a.mpg,114,264,2.2513298988342285,0.6698716735200474
27,13,/home/nabizadz/Projects/Mahsa/datasets/grid/test/s33/bbbp4p.mpg,24,174,1.3058456182479858,0.7137118751245786
27,14,/home/nabizadz/Projects/Mahsa/datasets/grid/test/s33/pwaa1s.mpg,86,236,1.6614587306976318,0.5579939757557014
27,15,/home/nabizadz/Projects/Mahsa/datasets/grid/test/s33/lrab3a.mpg,10,160,1.19340980052948,0.6673154845862037
28,0,/home/nabizadz/Projects/Mahsa/datasets/grid/test/s33/pbbm2p.mpg,9,159,1.2221306562423706,0.6598755688806864
28,1,/home/nabizadz/Projects/Mahsa/datasets/grid/test/s33/swar6n.mpg,147,297,2.440005302429199,0.7584654508658644
28,2,/home/nabizadz/Projects/Mahsa/datasets/grid/test/s33/bwid1a.mpg,35,185,1.0934545993804932,0.5320684803814066
28,3,/home/nabizadz/Projects/Mahsa/datasets/grid/test/s33/swwm1s.mpg,91,241,1.585539698600769,0.5465069058638219
28,4,/home/nabizadz/Projects/Mahsa/datasets/grid/test/s33/brwq5a.mpg,33,183,1.1075184345245361,0.5527892409293501
28,5,/home/nabizadz/Projects/Mahsa/datasets/grid/test/s33/lwwv7s.mpg,61,211,1.4973329305648804,0.6741516992308271
28,6,/home/nabizadz/Projects/Mahsa/datasets/grid/test/s33/praf8n.mpg,30,180,1.113966464996338,0.5935125098600907
28,7,/home/nabizadz/Projects/Mahsa/datasets/grid/test/s33/lwio3a.mpg,123,273,2.264185905456543,0.664296550413664
28,8,/home/nabizadz/Projects/Mahsa/datasets/grid/test/s33/lgii4p.mpg,58,208,1.3738552331924438,0.49243757633577817
28,9,/home/nabizadz/Projects/Mahsa/datasets/grid/test/s33/brwx7s.mpg,26,176,1.2674280405044556,0.6545625980880521
28,10,/home/nabizadz/Projects/Mahsa/datasets/grid/test/s33/bbav3s.mpg,51,201,1.2854260206222534,0.5893190372930406
28,11,/home/nabizadz/Projects/Mahsa/datasets/grid/test/s33/swbf3s.mpg,133,283,2.0992565155029297,0.6174832057659159
28,12,/home/nabizadz/Projects/Mahsa/datasets/grid/test/s33/pgan7a.mpg,119,269,1.8197870254516602,0.6949337389817417
28,13,/home/nabizadz/Projects/Mahsa/datasets/grid/test/s33/bbwj2n.mpg,74,224,1.5161998271942139,0.6343425072442304
28,14,/home/nabizadz/Projects/Mahsa/datasets/grid/test/s33/lrwi5a.mpg,14,164,1.1862555742263794,0.6225049167925084
28,15,/home/nabizadz/Projects/Mahsa/datasets/grid/test/s33/srwr8n.mpg,84,234,1.8615400791168213,0.6221441843594062
29,0,/home/nabizadz/Projects/Mahsa/datasets/grid/test/s33/lrah7a.mpg,93,243,1.5947153568267822,0.6430288452188123
29,1,/home/nabizadz/Projects/Mahsa/datasets/grid/test/s33/sbbe3a.mpg,20,170,1.1002732515335083,0.6086140799734883
29,2,/home/nabizadz/Projects/Mahsa/datasets/grid/test/s33/lwbc1s.mpg,149,299,1.7875962257385254,0.7041462828836872
29,3,/home/nabizadz/Projects/Mahsa/datasets/grid/test/s33/lwbv4p.mpg,101,251,1.7937437295913696,0.5765111905619689
29,4,/home/nabizadz/Projects/Mahsa/datasets/grid/test/s33/bgid5s.mpg,50,200,1.1978240013122559,0.6495562656395677
29,5,/home/nabizadz/Projects/Mahsa/datasets/grid/test/s33/bgay2p.mpg,43,193,1.0897345542907715,0.5539967716789536
29,6,/home/nabizadz/Projects/Mahsa/datasets/grid/test/s33/prbm6n.mpg,32,182,1.0841064453125,0.6566210375265381
29,7,/home/nabizadz/Projects/Mahsa/datasets/grid/test/s33/sbix6p.mpg,132,282,1.5242972373962402,0.7121417925984683
29,8,/home/nabizadz/Projects/Mahsa/datasets/grid/test/s33/lbahzp.mpg,102,252,1.6386516094207764,0.5943836193101497
29,9,/home/nabizadz/Projects/Mahsa/datasets/grid/test/s33/bbbv7s.mpg,58,208,1.3690783977508545,0.5582252742922553
29,10,/home/nabizadz/Projects/Mahsa/datasets/grid/test/s33/pgbh5s.mpg,38,188,1.14621102809906,0.687022239601188
29,11,/home/nabizadz/Projects/Mahsa/datasets/grid/test/s33/sgbm4p.mpg,83,233,1.3669592142105103,0.6884385497141509
29,12,/home/nabizadz/Projects/Mahsa/datasets/grid/test/s33/bric2n.mpg,118,268,2.743572950363159,0.6351859185140588
29,13,/home/nabizadz/Projects/Mahsa/datasets/grid/test/s33/lrit8n.mpg,25,175,1.4213289022445679,0.7602356796267927
29,14,/home/nabizadz/Projects/Mahsa/datasets/grid/test/s33/pbaz5s.mpg,112,262,1.8483006954193115,0.6351001844383385
29,15,/home/nabizadz/Projects/Mahsa/datasets/grid/test/s33/bbac2p.mpg,30,180,1.0993540287017822,0.6464408860840611
30,0,/home/nabizadz/Projects/Mahsa/datasets/grid/test/s33/brap5s.mpg,9,159,1.2751917839050293,0.659523079286476
30,1,/home/nabizadz/Projects/Mahsa/datasets/grid/test/s33/lrbb5s.mpg,39,189,1.2964110374450684,0.6252185137194148
30,2,/home/nabizadz/Projects/Mahsa/datasets/grid/test/s33/bgaezp.mpg,23,173,1.232134461402893,0.5912618847795147
30,3,/home/nabizadz/Projects/Mahsa/datasets/grid/test/s33/bwixzn.mpg,54,204,1.225289225578308,0.6522431598449107
30,4,/home/nabizadz/Projects/Mahsa/datasets/grid/test/s33/brwx6n.mpg,38,188,1.1744589805603027,0.6098759055261678
30,5,/home/nabizadz/Projects/Mahsa/datasets/grid/test/s33/lbwb4p.mpg,51,201,1.1738542318344116,0.6303212335546075
30,6,/home/nabizadz/Projects/Mahsa/datasets/grid/test/s33/sgis1a.mpg,147,297,2.0338761806488037,0.6646093606775333
30,7,/home/nabizadz/Projects/Mahsa/datasets/grid/test/s33/lrbb6p.mpg,146,296,1.8710734844207764,0.7965791567487587
30,8,/home/nabizadz/Projects/Mahsa/datasets/grid/test/s33/lbbu3a.mpg,91,241,1.4567633867263794,0.7046201022953305
30,9,/home/nabizadz/Projects/Mahsa/datasets/grid/test/s33/lwao4n.mpg,35,185,1.0918331146240234,0.44943703590201145
30,10,/home/nabizadz/Projects/Mahsa/datasets/grid/test/s33/bgikzp.mpg,53,203,1.3145008087158203,0.6350951041608375
30,11,/home/nabizadz/Projects/Mahsa/datasets/grid/test/s33/lbat6n.mpg,12,162,1.1418696641921997,0.70277860781932
30,12,/home/nabizadz/Projects/Mahsa/datasets/grid/test/s33/pbifzp.mpg,65,215,1.2813656330108643,0.6072344718131867
30,13,/home/nabizadz/Projects/Mahsa/datasets/grid/test/s33/pbwm6p.mpg,115,265,1.4702532291412354,0.5758962827429602
30,14,/home/nabizadz/Projects/Mahsa/datasets/grid/test/s33/bbwp7s.mpg,131,281,1.539825439453125,0.7893801062080421
30,15,/home/nabizadz/Projects/Mahsa/datasets/grid/test/s33/sbbk7a.mpg,122,272,1.7021596431732178,0.6119430044383044
31,0,/home/nabizadz/Projects/Mahsa/datasets/grid/test/s33/lrabzn.mpg,63,213,1.4065693616867065,0.6087045532107066
31,1,/home/nabizadz/Projects/Mahsa/datasets/grid/test/s33/sgwg2n.mpg,106,256,1.6031875610351562,0.5922308080518368
31,2,/home/nabizadz/Projects/Mahsa/datasets/grid/test/s33/lwih8p.mpg,84,234,1.3873569965362549,0.6618644726208591
31,3,/home/nabizadz/Projects/Mahsa/datasets/grid/test/s33/bgaq7s.mpg,135,285,2.1755261421203613,0.6847828497337103
31,4,/home/nabizadz/Projects/Mahsa/datasets/grid/test/s33/bwwk6p.mpg,133,283,1.8811876773834229,0.6155975813318313
31,5,/home/nabizadz/Projects/Mahsa/datasets/grid/test/s33/lwab7s.mpg,144,294,2.680309534072876,0.7681978903162201
31,6,/home/nabizadz/Projects/Mahsa/datasets/grid/test/s33/lgav5s.mpg,115,265,1.427627682685852,0.663784355009054
31,7,/home/nabizadz/Projects/Mahsa/datasets/grid/test/s33/sgwg5a.mpg,31,181,1.1463584899902344,0.6996913703617786
31,8,/home/nabizadz/Projects/Mahsa/datasets/grid/test/s33/bgik1a.mpg,59,209,1.2233504056930542,0.5550713602288623
31,9,/home/nabizadz/Projects/Mahsa/datasets/grid/test/s33/lrbo3s.mpg,144,294,2.5955474376678467,0.72413158547745
31,10,/home/nabizadz/Projects/Mahsa/datasets/grid/test/s33/bwad4p.mpg,149,299,2.1455471515655518,0.6600146956367369
31,11,/home/nabizadz/Projects/Mahsa/datasets/grid/test/s33/sriq8p.mpg,42,192,1.119785189628601,0.6271209478248181
31,12,/home/nabizadz/Projects/Mahsa/datasets/grid/test/s33/pgia4p.mpg,54,204,1.182279348373413,0.5751458174523507
31,13,/home/nabizadz/Projects/Mahsa/datasets/grid/test/s33/bripzn.mpg,124,274,1.8428014516830444,0.621718990865371
31,14,/home/nabizadz/Projects/Mahsa/datasets/grid/test/s33/sbbrzp.mpg,142,292,1.894761323928833,0.6415983706087314
31,15,/home/nabizadz/Projects/Mahsa/datasets/grid/test/s33/pwwbzp.mpg,27,177,1.2407710552215576,0.6229279625101957
32,0,/home/nabizadz/Projects/Mahsa/datasets/grid/test/s33/pgwb5s.mpg,24,174,1.185383915901184,0.5884205799556259
32,1,/home/nabizadz/Projects/Mahsa/datasets/grid/test/s33/bgby7a.mpg,2,152,1.2511770725250244,0.5551613916156242
32,2,/home/nabizadz/Projects/Mahsa/datasets/grid/test/s33/brwd6p.mpg,104,254,1.4404207468032837,0.6773007988136591
32,3,/home/nabizadz/Projects/Mahsa/datasets/grid/test/s33/pbal6n.mpg,7,157,1.1349806785583496,0.6949973288452732
32,4,/home/nabizadz/Projects/Mahsa/datasets/grid/test/s33/lgiv1s.mpg,133,283,1.840409517288208,0.6493499479627974
32,5,/home/nabizadz/Projects/Mahsa/datasets/grid/test/s33/pbaf3s.mpg,144,294,2.445305347442627,0.7038497322361852
32,6,/home/nabizadz/Projects/Mahsa/datasets/grid/test/s33/brwx9a.mpg,33,183,1.1277331113815308,0.5798435019323421
32,7,/home/nabizadz/Projects/Mahsa/datasets/grid/test/s33/pbaz7a.mpg,62,212,1.2536959648132324,0.6545005871152968
32,8,/home/nabizadz/Projects/Mahsa/datasets/grid/test/s33/pwat2n.mpg,118,268,1.8464667797088623,0.6482082784677613
32,9,/home/nabizadz/Projects/Mahsa/datasets/grid/test/s33/lbit5a.mpg,1,151,1.2250109910964966,0.7124263717048633
32,10,/home/nabizadz/Projects/Mahsa/datasets/grid/test/s33/lbbb1a.mpg,83,233,1.6224794387817383,0.6187387294087349
32,11,/home/nabizadz/Projects/Mahsa/datasets/grid/test/s33/bbac1s.mpg,44,194,1.2142853736877441,0.604875372361497
32,12,/home/nabizadz/Projects/Mahsa/datasets/grid/test/s33/pbif1a.mpg,48,198,1.2742921113967896,0.5769107735499936
32,13,/home/nabizadz/Projects/Mahsa/datasets/grid/test/s33/brbd1s.mpg,133,283,1.9352854490280151,0.7784525426028095
32,14,/home/nabizadz/Projects/Mahsa/datasets/grid/test/s33/lrih1s.mpg,134,284,2.695267677307129,0.7097298504543158
32,15,/home/nabizadz/Projects/Mahsa/datasets/grid/test/s33/pbbz9s.mpg,143,293,2.857119560241699,0.7067694872594519
33,0,/home/nabizadz/Projects/Mahsa/datasets/grid/test/s33/swiy7s.mpg,145,295,1.7306971549987793,0.73362632239172
33,1,/home/nabizadz/Projects/Mahsa/datasets/grid/test/s33/lwbv5a.mpg,107,257,1.5153590440750122,0.7188593838088334
33,2,/home/nabizadz/Projects/Mahsa/datasets/grid/test/s33/pbie9s.mpg,83,233,1.7767229080200195,0.5051470635766817
33,3,/home/nabizadz/Projects/Mahsa/datasets/grid/test/s33/pragzp.mpg,144,294,1.8471697568893433,0.6384296510648966
33,4,/home/nabizadz/Projects/Mahsa/datasets/grid/test/s33/bwbk1s.mpg,100,250,1.3981313705444336,0.5543184593196311
33,5,/home/nabizadz/Projects/Mahsa/datasets/grid/test/s33/bgbr1s.mpg,145,295,2.4396755695343018,0.8051373498611846
33,6,/home/nabizadz/Projects/Mahsa/datasets/grid/test/s33/bwwk7a.mpg,92,242,1.4949097633361816,0.7229401631026617
33,7,/home/nabizadz/Projects/Mahsa/datasets/grid/test/s33/srar2p.mpg,135,285,2.045686721801758,0.6226140455714968
33,8,/home/nabizadz/Projects/Mahsa/datasets/grid/test/s33/pbaf4p.mpg,62,212,1.275160551071167,0.5979274201161824
33,9,/home/nabizadz/Projects/Mahsa/datasets/grid/test/s33/lwau8n.mpg,102,252,1.633347988128662,0.6290109838088616
33,10,/home/nabizadz/Projects/Mahsa/datasets/grid/test/s33/bwwe1s.mpg,103,253,1.7464847564697266,0.5783492876007006
33,11,/home/nabizadz/Projects/Mahsa/datasets/grid/test/s33/bbii1s.mpg,121,271,1.7845516204833984,0.6841083692238055
33,12,/home/nabizadz/Projects/Mahsa/datasets/grid/test/s33/briv5s.mpg,144,294,2.531611442565918,0.6509456915038053
33,13,/home/nabizadz/Projects/Mahsa/datasets/grid/test/s33/lbia1s.mpg,34,184,1.1604664325714111,0.6390851079590673
33,14,/home/nabizadz/Projects/Mahsa/datasets/grid/test/s33/pbiz1s.mpg,23,173,1.2778807878494263,0.6449848086637022
33,15,/home/nabizadz/Projects/Mahsa/datasets/grid/test/s33/sbij7s.mpg,43,193,1.1181423664093018,0.6765072251813946
34,0,/home/nabizadz/Projects/Mahsa/datasets/grid/test/s33/brbp9s.mpg,9,159,1.2883234024047852,0.716817025820407
34,1,/home/nabizadz/Projects/Mahsa/datasets/grid/test/s33/lwbv2n.mpg,122,272,2.8341245651245117,0.6354798039129728
34,2,/home/nabizadz/Projects/Mahsa/datasets/grid/test/s33/pgwu6n.mpg,1,151,1.3242217302322388,0.7266989225231222
34,3,/home/nabizadz/Projects/Mahsa/datasets/grid/test/s33/lrwi4p.mpg,126,276,1.6893706321716309,0.5649105051829357
34,4,/home/nabizadz/Projects/Mahsa/datasets/grid/test/s33/bwwy5a.mpg,24,174,1.2520382404327393,0.616526798825776
34,5,/home/nabizadz/Projects/Mahsa/datasets/grid/test/s33/lbin1a.mpg,117,267,2.0165860652923584,0.5563320590876356
34,6,/home/nabizadz/Projects/Mahsa/datasets/grid/test/s33/lbwh6n.mpg,50,200,1.2394123077392578,0.6842544545916871
34,7,/home/nabizadz/Projects/Mahsa/datasets/grid/test/s33/lwbpzp.mpg,58,208,1.410636305809021,0.6076995279479557
34,8,/home/nabizadz/Projects/Mahsa/datasets/grid/test/s33/pbwtzp.mpg,132,282,1.7080562114715576,0.6451469995938638
34,9,/home/nabizadz/Projects/Mahsa/datasets/grid/test/s33/lrbo4p.mpg,49,199,1.3332653045654297,0.5861674881095471
34,10,/home/nabizadz/Projects/Mahsa/datasets/grid/test/s33/brwj8n.mpg,62,212,1.441662073135376,0.6311815602417682
34,11,/home/nabizadz/Projects/Mahsa/datasets/grid/test/s33/lgai6n.mpg,73,223,1.3145534992218018,0.6264388339409522
34,12,/home/nabizadz/Projects/Mahsa/datasets/grid/test/s33/lgbv8n.mpg,113,263,2.2582805156707764,0.6966907872921064
34,13,/home/nabizadz/Projects/Mahsa/datasets/grid/test/s33/bbwj4p.mpg,10,160,1.2786803245544434,0.6782477081343269
34,14,/home/nabizadz/Projects/Mahsa/datasets/grid/test/s33/pwwu2p.mpg,131,281,2.147507429122925,0.6238981453851407
34,15,/home/nabizadz/Projects/Mahsa/datasets/grid/test/s33/lwab6n.mpg,147,297,2.4878437519073486,0.7218970762999666
35,0,/home/nabizadz/Projects/Mahsa/datasets/grid/test/s33/bwax7a.mpg,100,250,1.581140398979187,0.714906658074081
35,1,/home/nabizadz/Projects/Mahsa/datasets/grid/test/s33/lria8p.mpg,110,260,2.10779070854187,0.602135635117541
35,2,/home/nabizadz/Projects/Mahsa/datasets/grid/test/s33/brbx5a.mpg,70,220,1.3425158262252808,0.6706084776582275
35,3,/home/nabizadz/Projects/Mahsa/datasets/grid/test/s33/brip1s.mpg,17,167,1.1532790660858154,0.7320290415533739
35,4,/home/nabizadz/Projects/Mahsa/datasets/grid/test/s33/sbbe2p.mpg,63,213,1.2875092029571533,0.681147555872302
35,5,/home/nabizadz/Projects/Mahsa/datasets/grid/test/s33/swar7s.mpg,31,181,1.1306520700454712,0.6740294632245232
35,6,/home/nabizadz/Projects/Mahsa/datasets/grid/test/s33/brii9a.mpg,58,208,1.5118427276611328,0.6484261241232511
35,7,/home/nabizadz/Projects/Mahsa/datasets/grid/test/s33/bbwp6n.mpg,120,270,2.0708327293395996,0.6114387759685251
35,8,/home/nabizadz/Projects/Mahsa/datasets/grid/test/s33/lwib3s.mpg,81,231,1.555408239364624,0.6319089312255003
35,9,/home/nabizadz/Projects/Mahsa/datasets/grid/test/s33/lrau3s.mpg,5,155,1.2099106311798096,0.6780124616799895
35,10,/home/nabizadz/Projects/Mahsa/datasets/grid/test/s33/lwwj1a.mpg,134,284,2.6997127532958984,0.6834981167302016
35,11,/home/nabizadz/Projects/Mahsa/datasets/grid/test/s33/bbbi9s.mpg,125,275,1.8923771381378174,0.6212960649417062
35,12,/home/nabizadz/Projects/Mahsa/datasets/grid/test/s33/prbazp.mpg,3,153,1.2052063941955566,0.6619556668417436
35,13,/home/nabizadz/Projects/Mahsa/datasets/grid/test/s33/pwbg8n.mpg,131,281,1.8901901245117188,0.7208796255046753
35,14,/home/nabizadz/Projects/Mahsa/datasets/grid/test/s33/pbiz3a.mpg,76,226,1.3965815305709839,0.5853475091089843
35,15,/home/nabizadz/Projects/Mahsa/datasets/grid/test/s33/pgaa7s.mpg,130,280,2.0556998252868652,0.6833342746244687
36,0,/home/nabizadz/Projects/Mahsa/datasets/grid/test/s33/pbbmzn.mpg,60,210,1.2727128267288208,0.5926022213934052
36,1,/home/nabizadz/Projects/Mahsa/datasets/grid/test/s33/lbaa7a.mpg,31,181,1.23057222366333,0.73050744710708
36,2,/home/nabizadz/Projects/Mahsa/datasets/grid/test/s33/lwiu6p.mpg,10,160,1.3614791631698608,0.7549912997427991
36,3,/home/nabizadz/Projects/Mahsa/datasets/grid/test/s33/lwwp2n.mpg,40,190,1.1660770177841187,0.5815458616561701
36,4,/home/nabizadz/Projects/Mahsa/datasets/grid/test/s33/pwwn8p.mpg,42,192,1.1031441688537598,0.6250880633888384
36,5,/home/nabizadz/Projects/Mahsa/datasets/grid/test/s33/lwwv6n.mpg,110,260,1.5820744037628174,0.6605921338269266
36,6,/home/nabizadz/Projects/Mahsa/datasets/grid/test/s33/lbat7s.mpg,39,189,1.1091281175613403,0.6094697602114957
36,7,/home/nabizadz/Projects/Mahsa/datasets/grid/test/s33/sbid5a.mpg,114,264,2.0975663661956787,0.6300108885369362
36,8,/home/nabizadz/Projects/Mahsa/datasets/grid/test/s33/sgir9s.mpg,33,183,1.2501264810562134,0.6470871616191052
36,9,/home/nabizadz/Projects/Mahsa/datasets/grid/test/s33/swae9s.mpg,6,156,1.263309121131897,0.763434282797601
36,10,/home/nabizadz/Projects/Mahsa/datasets/grid/test/s33/bwix3a.mpg,113,263,1.9607887268066406,0.6401871171169329
36,11,/home/nabizadz/Projects/Mahsa/datasets/grid/test/s33/bwwk4n.mpg,41,191,1.1498030424118042,0.6118272862631263
36,12,/home/nabizadz/Projects/Mahsa/datasets/grid/test/s33/brwq4p.mpg,11,161,1.3261617422103882,0.644284607331884
36,13,/home/nabizadz/Projects/Mahsa/datasets/grid/test/s33/bgaq6n.mpg,56,206,1.2927621603012085,0.6689592412363621
36,14,/home/nabizadz/Projects/Mahsa/datasets/grid/test/s33/bwwy2n.mpg,63,213,1.3245537281036377,0.6921495670417337
36,15,/home/nabizadz/Projects/Mahsa/datasets/grid/test/s33/lgwx3s.mpg,1,151,1.3042348623275757,0.6914647183015012
37,0,/home/nabizadz/Projects/Mahsa/datasets/grid/test/s33/bwwezn.mpg,93,243,1.9481604099273682,0.6076624342382042
37,1,/home/nabizadz/Projects/Mahsa/datasets/grid/test/s33/bbbc7a.mpg,79,229,1.4680019617080688,0.5933534975627498
37,2,/home/nabizadz/Projects/Mahsa/datasets/grid/test/s33/bbbp5a.mpg,101,251,1.6001670360565186,0.7225961974243903
37,3,/home/nabizadz/Projects/Mahsa/datasets/grid/test/s33/sbwe7a.mpg,7,157,1.1553645133972168,0.7528032287439105
37,4,/home/nabizadz/Projects/Mahsa/datasets/grid/test/s33/pgia3s.mpg,108,258,1.7203764915466309,0.5616678510021184
37,5,/home/nabizadz/Projects/Mahsa/datasets/grid/test/s33/lgiv3a.mpg,134,284,2.7910006046295166,0.7253659419647791
37,6,/home/nabizadz/Projects/Mahsa/datasets/grid/test/s33/bwaqzn.mpg,79,229,1.5911635160446167,0.5520022110762828
37,7,/home/nabizadz/Projects/Mahsa/datasets/grid/test/s33/pbwm5s.mpg,14,164,1.3400193452835083,0.6999569086724852
37,8,/home/nabizadz/Projects/Mahsa/datasets/grid/test/s33/pwba7a.mpg,139,289,2.4144930839538574,0.6699669215821051
37,9,/home/nabizadz/Projects/Mahsa/datasets/grid/test/s33/srae5a.mpg,57,207,1.27048659324646,0.7001564117652881
37,10,/home/nabizadz/Projects/Mahsa/datasets/grid/test/s33/prwn1s.mpg,8,158,1.2802610397338867,0.6533234210973182
37,11,/home/nabizadz/Projects/Mahsa/datasets/grid/test/s33/pbbz8n.mpg,102,252,1.7709057331085205,0.6347859089034343
37,12,/home/nabizadz/Projects/Mahsa/datasets/grid/test/s33/brac6n.mpg,62,212,1.2945072650909424,0.683171491658417
37,13,/home/nabizadz/Projects/Mahsa/datasets/grid/test/s33/sbij6n.mpg,135,285,2.0115349292755127,0.6616276796338153
37,14,/home/nabizadz/Projects/Mahsa/datasets/grid/test/s33/lrbb7a.mpg,116,266,2.0501298904418945,0.7259643630375961
37,15,/home/nabizadz/Projects/Mahsa/datasets/grid/test/s33/pbil4p.mpg,58,208,1.2005677223205566,0.5878268894016634
38,0,/home/nabizadz/Projects/Mahsa/datasets/grid/test/s33/lrin6p.mpg,65,215,1.5085723400115967,0.6648447682720313
38,1,/home/nabizadz/Projects/Mahsa/datasets/grid/test/s33/swbs3a.mpg,148,298,2.6081032752990723,0.7472498966954364
38,2,/home/nabizadz/Projects/Mahsa/datasets/grid/test/s33/lgwj7a.mpg,62,212,1.219857931137085,0.5328682680242032
38,3,/home/nabizadz/Projects/Mahsa/datasets/grid/test/s33/sbwr2n.mpg,147,297,2.479275703430176,0.7807220929268597
38,4,/home/nabizadz/Projects/Mahsa/datasets/grid/test/s33/srae4p.mpg,76,226,1.365141749382019,0.5995594678126436
38,5,/home/nabizadz/Projects/Mahsa/datasets/grid/test/s33/bwbd8p.mpg,8,158,1.2918108701705933,0.6844335122054971
38,6,/home/nabizadz/Projects/Mahsa/datasets/grid/test/s33/bbiv1a.mpg,20,170,1.348900556564331,0.6159504040709222
38,7,/home/nabizadz/Projects/Mahsa/datasets/grid/test/s33/swbl6n.mpg,17,167,1.1712615489959717,0.6868857242276426
38,8,/home/nabizadz/Projects/Mahsa/datasets/grid/test/s33/pwwn6n.mpg,142,292,2.3156168460845947,0.6428281579814288
38,9,/home/nabizadz/Projects/Mahsa/datasets/grid/test/s33/bwic8n.mpg,91,241,1.5543599128723145,0.5133848099773383
38,10,/home/nabizadz/Projects/Mahsa/datasets/grid/test/s33/pwam8n.mpg,52,202,1.1541426181793213,0.7010073505600223
38,11,/home/nabizadz/Projects/Mahsa/datasets/grid/test/s33/lbwo3a.mpg,135,285,1.9376072883605957,0.6489156064347891
38,12,/home/nabizadz/Projects/Mahsa/datasets/grid/test/s33/pras7s.mpg,23,173,1.1423441171646118,0.573463840818229
38,13,/home/nabizadz/Projects/Mahsa/datasets/grid/test/s33/briv4n.mpg,4,154,1.321048378944397,0.6422422845505068
38,14,/home/nabizadz/Projects/Mahsa/datasets/grid/test/s33/pwaazn.mpg,35,185,1.1093525886535645,0.5505440722856237
38,15,/home/nabizadz/Projects/Mahsa/datasets/grid/test/s33/sgbs7s.mpg,83,233,1.2877442836761475,0.6795802385539017
39,0,/home/nabizadz/Projects/Mahsa/datasets/grid/test/s33/sgiz2n.mpg,20,170,1.2432544231414795,0.6377089108180533
39,1,/home/nabizadz/Projects/Mahsa/datasets/grid/test/s33/pgahzn.mpg,130,280,1.9977598190307617,0.6997150208291425
39,2,/home/nabizadz/Projects/Mahsa/datasets/grid/test/s33/sgaf5s.mpg,53,203,1.127341389656067,0.6211505428508719
39,3,/home/nabizadz/Projects/Mahsa/datasets/grid/test/s33/lbah1a.mpg,143,293,2.821535587310791,0.6681535722838503
39,4,/home/nabizadz/Projects/Mahsa/datasets/grid/test/s33/bbwx2p.mpg,137,287,1.7982017993927002,0.7403909275751146
39,5,/home/nabizadz/Projects/Mahsa/datasets/grid/test/s33/bbio7a.mpg,150,300,2.7577831745147705,0.6650338548323709
39,6,/home/nabizadz/Projects/Mahsa/datasets/grid/test/s33/srwl6p.mpg,78,228,1.285327672958374,0.6044320601223196
39,7,/home/nabizadz/Projects/Mahsa/datasets/grid/test/s33/sgaf4n.mpg,85,235,1.62138032913208,0.5343636830835464
39,8,/home/nabizadz/Projects/Mahsa/datasets/grid/test/s33/sgaz7s.mpg,96,246,1.2259669303894043,0.6166148428628001
39,9,/home/nabizadz/Projects/Mahsa/datasets/grid/test/s33/pras8p.mpg,66,216,1.2345383167266846,0.6383090076911
39,10,/home/nabizadz/Projects/Mahsa/datasets/grid/test/s33/braj3a.mpg,132,282,2.145653247833252,0.6651477862376297
39,11,/home/nabizadz/Projects/Mahsa/datasets/grid/test/s33/bgbrzn.mpg,125,275,2.1976187229156494,0.5990088780500511
39,12,/home/nabizadz/Projects/Mahsa/datasets/grid/test/s33/prwa4p.mpg,8,158,1.2875412702560425,0.7161283777708558
39,13,/home/nabizadz/Projects/Mahsa/datasets/grid/test/s33/pwbt8p.mpg,108,258,1.620469331741333,0.6735810743918561
39,14,/home/nabizadz/Projects/Mahsa/datasets/grid/test/s33/braj2p.mpg,0,150,1.1908026933670044,0.6736248452794288
39,15,/home/nabizadz/Projects/Mahsa/datasets/grid/test/s33/pbiz2p.mpg,150,300,2.536195993423462,0.6401665271212413
40,0,/home/nabizadz/Projects/Mahsa/datasets/grid/test/s33/srbe7s.mpg,150,300,2.126826524734497,0.6910248521184561
40,1,/home/nabizadz/Projects/Mahsa/datasets/grid/test/s33/bwbq7a.mpg,139,289,2.0192267894744873,0.6646705692732738
40,2,/home/nabizadz/Projects/Mahsa/datasets/grid/test/s33/swiy6n.mpg,78,228,1.501171588897705,0.6711729863106101
40,3,/home/nabizadz/Projects/Mahsa/datasets/grid/test/s33/bwix1s.mpg,72,222,1.35225248336792,0.72399850137941
40,4,/home/nabizadz/Projects/Mahsa/datasets/grid/test/s33/pwwh2n.mpg,149,299,2.5751311779022217,0.669018349697122
40,5,/home/nabizadz/Projects/Mahsa/datasets/grid/test/s33/pwbt7s.mpg,120,270,1.2342735528945923,0.6635554462584587
40,6,/home/nabizadz/Projects/Mahsa/datasets/grid/test/s33/sgbm5a.mpg,16,166,1.2493664026260376,0.7063877758229876
40,7,/home/nabizadz/Projects/Mahsa/datasets/grid/test/s33/sgamzp.mpg,44,194,1.0938464403152466,0.6120642182476034
40,8,/home/nabizadz/Projects/Mahsa/datasets/grid/test/s33/lbit2n.mpg,128,278,1.4911173582077026,0.7136570502804895
40,9,/home/nabizadz/Projects/Mahsa/datasets/grid/test/s33/bwaj7s.mpg,124,274,1.840064287185669,0.7154514803336162
40,10,/home/nabizadz/Projects/Mahsa/datasets/grid/test/s33/pwig2p.mpg,70,220,1.2296355962753296,0.6706362211307579
40,11,/home/nabizadz/Projects/Mahsa/datasets/grid/test/s33/pgbb3a.mpg,129,279,1.7197693586349487,0.6095602098156937
40,12,/home/nabizadz/Projects/Mahsa/datasets/grid/test/s33/lwai3a.mpg,40,190,1.1568968296051025,0.58963340675712
40,13,/home/nabizadz/Projects/Mahsa/datasets/grid/test/s33/bgbr3a.mpg,56,206,1.2895898818969727,0.6922986873658364
40,14,/home/nabizadz/Projects/Mahsa/datasets/grid/test/s33/pgbn9s.mpg,89,239,1.3814349174499512,0.7486109076483674
40,15,/home/nabizadz/Projects/Mahsa/datasets/grid/test/s33/bgwy8n.mpg,83,233,1.6357905864715576,0.6239520956781477
41,0,/home/nabizadz/Projects/Mahsa/datasets/grid/test/s33/lwbczn.mpg,104,254,1.711859941482544,0.6650874619296662
41,1,/home/nabizadz/Projects/Mahsa/datasets/grid/test/s33/bwidzp.mpg,122,272,1.726667046546936,0.6697156428567992
41,2,/home/nabizadz/Projects/Mahsa/datasets/grid/test/s33/bgbk7s.mpg,107,257,1.5493760108947754,0.6657570233283318
41,3,/home/nabizadz/Projects/Mahsa/datasets/grid/test/s33/prwa2n.mpg,14,164,1.087285041809082,0.694250916864188
41,4,/home/nabizadz/Projects/Mahsa/datasets/grid/test/s33/prbg4p.mpg,147,297,2.1485018730163574,0.6541479093885234
41,5,/home/nabizadz/Projects/Mahsa/datasets/grid/test/s33/sbbe1s.mpg,5,155,1.2088607549667358,0.7371003952955971
41,6,/home/nabizadz/Projects/Mahsa/datasets/grid/test/s33/lgio9a.mpg,3,153,1.4600530862808228,0.7053888399691197
41,7,/home/nabizadz/Projects/Mahsa/datasets/grid/test/s33/lran8n.mpg,80,230,2.1189284324645996,0.6410468291423732
41,8,/home/nabizadz/Projects/Mahsa/datasets/grid/test/s33/bbwxzn.mpg,88,238,1.6733508110046387,0.5984941313490159
41,9,/home/nabizadz/Projects/Mahsa/datasets/grid/test/s33/swbf4p.mpg,121,271,1.8130080699920654,0.5779940598140723
41,10,/home/nabizadz/Projects/Mahsa/datasets/grid/test/s33/srwz4p.mpg,111,261,1.7375388145446777,0.6483268801635945
41,11,/home/nabizadz/Projects/Mahsa/datasets/grid/test/s33/swir5a.mpg,124,274,1.949897289276123,0.6160002030398529
41,12,/home/nabizadz/Projects/Mahsa/datasets/grid/test/s33/praf9s.mpg,126,276,1.6750524044036865,0.7736511166643766
41,13,/home/nabizadz/Projects/Mahsa/datasets/grid/test/s33/swilzp.mpg,71,221,1.33403742313385,0.6481321980131715
41,14,/home/nabizadz/Projects/Mahsa/datasets/grid/test/s33/pril8n.mpg,123,273,2.357957363128662,0.656260319384659
41,15,/home/nabizadz/Projects/Mahsa/datasets/grid/test/s33/bbbj1a.mpg,6,156,1.3132694959640503,0.5607471268360746
42,0,/home/nabizadz/Projects/Mahsa/datasets/grid/test/s33/pgah1s.mpg,109,259,1.6491971015930176,0.6904017210483645
42,1,/home/nabizadz/Projects/Mahsa/datasets/grid/test/s33/bwby1a.mpg,42,192,1.3233544826507568,0.6469739244566762
42,2,/home/nabizadz/Projects/Mahsa/datasets/grid/test/s33/lwwc4n.mpg,53,203,1.2722432613372803,0.6402107976469585
42,3,/home/nabizadz/Projects/Mahsa/datasets/grid/test/s33/sbiqzn.mpg,10,160,1.1975393295288086,0.646220225505736
42,4,/home/nabizadz/Projects/Mahsa/datasets/grid/test/s33/pgin3a.mpg,83,233,1.6840276718139648,0.6931492098857316
42,5,/home/nabizadz/Projects/Mahsa/datasets/grid/test/s33/lrau4p.mpg,87,237,1.3933851718902588,0.6407523386404139
42,6,/home/nabizadz/Projects/Mahsa/datasets/grid/test/s33/lbbuzn.mpg,97,247,2.1294350624084473,0.6415896805905761
42,7,/home/nabizadz/Projects/Mahsa/datasets/grid/test/s33/priz7s.mpg,34,184,1.1373318433761597,0.6125206685838273
42,8,/home/nabizadz/Projects/Mahsa/datasets/grid/test/s33/pwan1a.mpg,43,193,1.1984999179840088,0.551113379464935
42,9,/home/nabizadz/Projects/Mahsa/datasets/grid/test/s33/pgat8n.mpg,115,265,1.851689100265503,0.6502018409943232
42,10,/home/nabizadz/Projects/Mahsa/datasets/grid/test/s33/lgai7s.mpg,94,244,1.3399326801300049,0.637661948604398
42,11,/home/nabizadz/Projects/Mahsa/datasets/grid/test/s33/brip2p.mpg,108,258,1.3994057178497314,0.6059210770334817
42,12,/home/nabizadz/Projects/Mahsa/datasets/grid/test/s33/lrwv2p.mpg,137,287,2.1681058406829834,0.7169894106946739
42,13,/home/nabizadz/Projects/Mahsa/datasets/grid/test/s33/sgaz8p.mpg,64,214,1.3478269577026367,0.6951026479415373
42,14,/home/nabizadz/Projects/Mahsa/datasets/grid/test/s33/lbwh7s.mpg,30,180,1.2019319534301758,0.6643995134112068
42,15,/home/nabizadz/Projects/Mahsa/datasets/grid/test/s33/pgia2n.mpg,77,227,1.22601318359375,0.6357543801142297
43,0,/home/nabizadz/Projects/Mahsa/datasets/grid/test/s33/bgwl3a.mpg,68,218,1.729076623916626,0.6067366837415616
43,1,/home/nabizadz/Projects/Mahsa/datasets/grid/test/s33/bgby5s.mpg,11,161,1.2019685506820679,0.57984982243844
43,2,/home/nabizadz/Projects/Mahsa/datasets/grid/test/s33/brap7a.mpg,36,186,1.142748236656189,0.6011282415889948
43,3,/home/nabizadz/Projects/Mahsa/datasets/grid/test/s33/pbas3a.mpg,102,252,1.6058776378631592,0.6023308389254375
43,4,/home/nabizadz/Projects/Mahsa/datasets/grid/test/s33/brbj4n.mpg,20,170,1.25550377368927,0.6403681478758557
43,5,/home/nabizadz/Projects/Mahsa/datasets/grid/test/s33/bwbq5s.mpg,79,229,1.3980189561843872,0.662968070566149
43,6,/home/nabizadz/Projects/Mahsa/datasets/grid/test/s33/lgap1s.mpg,50,200,1.1257129907608032,0.6228154364041909
43,7,/home/nabizadz/Projects/Mahsa/datasets/grid/test/s33/lgic1a.mpg,13,163,1.2185814380645752,0.6504559636819739
43,8,/home/nabizadz/Projects/Mahsa/datasets/grid/test/s33/bwaj9a.mpg,121,271,1.610886812210083,0.7737441559864684
43,9,/home/nabizadz/Projects/Mahsa/datasets/grid/test/s33/pbal7s.mpg,6,156,1.228389859199524,0.7760706157465666
43,10,/home/nabizadz/Projects/Mahsa/datasets/grid/test/s33/lgii2n.mpg,29,179,1.2064940929412842,0.48605869984537514
43,11,/home/nabizadz/Projects/Mahsa/datasets/grid/test/s33/pgau1a.mpg,146,296,3.191775321960449,0.6604527362210937
43,12,/home/nabizadz/Projects/Mahsa/datasets/grid/test/s33/sbbk6p.mpg,63,213,1.2370957136154175,0.6473031577002399
43,13,/home/nabizadz/Projects/Mahsa/datasets/grid/test/s33/lbbn9a.mpg,42,192,1.1212351322174072,0.6297721588250106
43,14,/home/nabizadz/Projects/Mahsa/datasets/grid/test/s33/bwbd6n.mpg,66,216,1.3973227739334106,0.6831634707441727
43,15,/home/nabizadz/Projects/Mahsa/datasets/grid/test/s33/brav9s.mpg,46,196,1.1078227758407593,0.6304552521266087
44,0,/home/nabizadz/Projects/Mahsa/datasets/grid/test/s33/srid8n.mpg,113,263,1.9353148937225342,0.5266034633236621
44,1,/home/nabizadz/Projects/Mahsa/datasets/grid/test/s33/pbil2n.mpg,44,194,1.2369848489761353,0.5960164657352345
44,2,/home/nabizadz/Projects/Mahsa/datasets/grid/test/s33/bgbk6n.mpg,85,235,1.3792235851287842,0.6572979310167767
44,3,/home/nabizadz/Projects/Mahsa/datasets/grid/test/s33/srbr7a.mpg,119,269,1.601759672164917,0.6483887221076552
44,4,/home/nabizadz/Projects/Mahsa/datasets/grid/test/s33/lgib8n.mpg,40,190,1.5106714963912964,0.5741937369371166
44,5,/home/nabizadz/Projects/Mahsa/datasets/grid/test/s33/swik9s.mpg,69,219,1.2547367811203003,0.3665479185538989
44,6,/home/nabizadz/Projects/Mahsa/datasets/grid/test/s33/pgah3a.mpg,58,208,1.226917028427124,0.687095956856333
44,7,/home/nabizadz/Projects/Mahsa/datasets/grid/test/s33/lrao1a.mpg,80,230,1.3027396202087402,0.66714699000983
44,8,/home/nabizadz/Projects/Mahsa/datasets/grid/test/s33/lgio8p.mpg,64,214,1.314943552017212,0.5914210890963378
44,9,/home/nabizadz/Projects/Mahsa/datasets/grid/test/s33/srwz3s.mpg,99,249,1.4810324907302856,0.6061669083968264
44,10,/home/nabizadz/Projects/Mahsa/datasets/grid/test/s33/lgbp6p.mpg,53,203,1.357759714126587,0.6529986465705089
44,11,/home/nabizadz/Projects/Mahsa/datasets/grid/test/s33/lwib2n.mpg,28,178,1.0981106758117676,0.5630989941182725
44,12,/home/nabizadz/Projects/Mahsa/datasets/grid/test/s33/pbal8p.mpg,59,209,1.2906863689422607,0.617793076864419
44,13,/home/nabizadz/Projects/Mahsa/datasets/grid/test/s33/brbj5s.mpg,32,182,1.1705580949783325,0.49831700201494833
44,14,/home/nabizadz/Projects/Mahsa/datasets/grid/test/s33/bbbp2n.mpg,130,280,2.6684632301330566,0.5732695854770578
44,15,/home/nabizadz/Projects/Mahsa/datasets/grid/test/s33/lban4p.mpg,130,280,2.5718541145324707,0.7112669017961903
45,0,/home/nabizadz/Projects/Mahsa/datasets/grid/test/s33/bbbc6p.mpg,29,179,1.188938021659851,0.6524631426834595
45,1,/home/nabizadz/Projects/Mahsa/datasets/grid/test/s33/sgil7a.mpg,97,247,1.3675593137741089,0.420802027870047
45,2,/home/nabizadz/Projects/Mahsa/datasets/grid/test/s33/lwiu5s.mpg,130,280,2.057706356048584,0.6274565561168267
45,3,/home/nabizadz/Projects/Mahsa/datasets/grid/test/s33/lwwi9s.mpg,114,264,1.7715084552764893,0.6040374503864084
45,4,/home/nabizadz/Projects/Mahsa/datasets/grid/test/s33/lria9a.mpg,80,230,1.833956241607666,0.5096926358764347
45,5,/home/nabizadz/Projects/Mahsa/datasets/grid/test/s33/sriy3a.mpg,82,232,1.6405891180038452,0.6734805431532207
45,6,/home/nabizadz/Projects/Mahsa/datasets/grid/test/s33/lgiczp.mpg,78,228,1.6375973224639893,0.6177555636537925
45,7,/home/nabizadz/Projects/Mahsa/datasets/grid/test/s33/bwaq1s.mpg,127,277,2.0641980171203613,0.620720434982989
45,8,/home/nabizadz/Projects/Mahsa/datasets/grid/test/s33/bbbc5s.mpg,95,245,1.3788666725158691,0.7078625196188828
45,9,/home/nabizadz/Projects/Mahsa/datasets/grid/test/s33/sgir8n.mpg,142,292,2.8091280460357666,0.6114071029900489
45,10,/home/nabizadz/Projects/Mahsa/datasets/grid/test/s33/prba1a.mpg,112,262,1.8405330181121826,0.5502995030679083
45,11,/home/nabizadz/Projects/Mahsa/datasets/grid/test/s33/swaz2p.mpg,60,210,1.2185057401657104,0.6928730773225237
45,12,/home/nabizadz/Projects/Mahsa/datasets/grid/test/s33/pwbh1a.mpg,143,293,2.414468288421631,0.6770193340052297
45,13,/home/nabizadz/Projects/Mahsa/datasets/grid/test/s33/pbaf5a.mpg,86,236,1.34554922580719,0.7396410272780136
45,14,/home/nabizadz/Projects/Mahsa/datasets/grid/test/s33/prwnzn.mpg,98,248,2.0064804553985596,0.6107747133103671
45,15,/home/nabizadz/Projects/Mahsa/datasets/grid/test/s33/pwwa9s.mpg,54,204,1.2286436557769775,0.5142598862320759
46,0,/home/nabizadz/Projects/Mahsa/datasets/grid/test/s33/sbby4p.mpg,119,269,1.6438932418823242,0.6315551485681615
46,1,/home/nabizadz/Projects/Mahsa/datasets/grid/test/s33/bgwr6p.mpg,20,170,1.3855901956558228,0.6050200956212327
46,2,/home/nabizadz/Projects/Mahsa/datasets/grid/test/s33/bbbv6n.mpg,66,216,1.3316779136657715,0.6322617469408138
46,3,/home/nabizadz/Projects/Mahsa/datasets/grid/test/s33/bwad2n.mpg,20,170,1.3457691669464111,0.8105106542367374
46,4,/home/nabizadz/Projects/Mahsa/datasets/grid/test/s33/lbwozn.mpg,59,209,1.6791276931762695,0.5695685212849115
46,5,/home/nabizadz/Projects/Mahsa/datasets/grid/test/s33/bgwzzp.mpg,67,217,1.3801724910736084,0.719872626125874
46,6,/home/nabizadz/Projects/Mahsa/datasets/grid/test/s33/pris2n.mpg,99,249,1.6461777687072754,0.6298021751429996
46,7,/home/nabizadz/Projects/Mahsa/datasets/grid/test/s33/lgwd3a.mpg,129,279,1.8170804977416992,0.6854915673641632
46,8,/home/nabizadz/Projects/Mahsa/datasets/grid/test/s33/sgbf8n.mpg,146,296,2.007134437561035,0.6144000582466391
46,9,/home/nabizadz/Projects/Mahsa/datasets/grid/test/s33/bbwp9a.mpg,125,275,2.316502571105957,0.6785750511650895
46,10,/home/nabizadz/Projects/Mahsa/datasets/grid/test/s33/bwbx8n.mpg,112,262,1.8466808795928955,0.7069761789411696
46,11,/home/nabizadz/Projects/Mahsa/datasets/grid/test/s33/pwwn9a.mpg,107,257,1.8875854015350342,0.5381609287122793
46,12,/home/nabizadz/Projects/Mahsa/datasets/grid/test/s33/srar3a.mpg,144,294,2.0457255840301514,0.5392015326452124
46,13,/home/nabizadz/Projects/Mahsa/datasets/grid/test/s33/sriy2p.mpg,44,194,1.1382948160171509,0.6663980270019253
46,14,/home/nabizadz/Projects/Mahsa/datasets/grid/test/s33/sgil4n.mpg,89,239,1.3006274700164795,0.6606267422452355
46,15,/home/nabizadz/Projects/Mahsa/datasets/grid/test/s33/pgit6p.mpg,9,159,1.1690298318862915,0.6699171111435799
47,0,/home/nabizadz/Projects/Mahsa/datasets/grid/test/s33/lwbc2p.mpg,80,230,1.3007681369781494,0.6219427765940027
47,1,/home/nabizadz/Projects/Mahsa/datasets/grid/test/s33/sgifzn.mpg,52,202,1.1491458415985107,0.6156833357715057
47,2,/home/nabizadz/Projects/Mahsa/datasets/grid/test/s33/sgaz9a.mpg,87,237,1.6532135009765625,0.6441524441128815
47,3,/home/nabizadz/Projects/Mahsa/datasets/grid/test/s33/pwba5s.mpg,121,271,1.6975497007369995,0.6819438681187288
47,4,/home/nabizadz/Projects/Mahsa/datasets/grid/test/s33/pwag4n.mpg,66,216,1.370686411857605,0.5666897203043727
47,5,/home/nabizadz/Projects/Mahsa/datasets/grid/test/s33/lbbh4p.mpg,103,253,1.7829244136810303,0.711592748158071
47,6,/home/nabizadz/Projects/Mahsa/datasets/grid/test/s33/srbe9a.mpg,61,211,1.4368964433670044,0.6101618830141705
47,7,/home/nabizadz/Projects/Mahsa/datasets/grid/test/s33/srwz2n.mpg,91,241,1.3225359916687012,0.654028978285114
47,8,/home/nabizadz/Projects/Mahsa/datasets/grid/test/s33/sbiq1s.mpg,119,269,1.8337373733520508,0.6837117186022168
47,9,/home/nabizadz/Projects/Mahsa/datasets/grid/test/s33/lgav4n.mpg,72,222,1.307930588722229,0.5399553405431066
47,10,/home/nabizadz/Projects/Mahsa/datasets/grid/test/s33/bgayzn.mpg,98,248,1.9148805141448975,0.6267970836352187
47,11,/home/nabizadz/Projects/Mahsa/datasets/grid/test/s33/srwl4n.mpg,64,214,1.5330383777618408,0.6962079019468088
47,12,/home/nabizadz/Projects/Mahsa/datasets/grid/test/s33/lgap2p.mpg,45,195,1.2174561023712158,0.6248815346719446
47,13,/home/nabizadz/Projects/Mahsa/datasets/grid/test/s33/lbbh2n.mpg,129,279,2.265310525894165,0.6776819890395878
47,14,/home/nabizadz/Projects/Mahsa/datasets/grid/test/s33/lgbx1a.mpg,58,208,1.6504859924316406,0.639894909135832
47,15,/home/nabizadz/Projects/Mahsa/datasets/grid/test/s33/brav8n.mpg,97,247,1.9286301136016846,0.525460052956048
48,0,/home/nabizadz/Projects/Mahsa/datasets/grid/test/s33/brbqzp.mpg,78,228,1.3085918426513672,0.6194689320339926
48,1,/home/nabizadz/Projects/Mahsa/datasets/grid/test/s33/swik8n.mpg,41,191,1.128888487815857,0.6492000648239662
48,2,/home/nabizadz/Projects/Mahsa/datasets/grid/test/s33/bwix2p.mpg,2,152,1.315348505973816,0.7507200199611749
48,3,/home/nabizadz/Projects/Mahsa/datasets/grid/test/s33/brwq2n.mpg,46,196,1.2723326683044434,0.6105645040410639
48,4,/home/nabizadz/Projects/Mahsa/datasets/grid/test/s33/lwib5a.mpg,133,283,2.277486562728882,0.6288345117163302
48,5,/home/nabizadz/Projects/Mahsa/datasets/grid/test/s33/pram5a.mpg,90,240,1.660249948501587,0.5323530906393796
48,6,/home/nabizadz/Projects/Mahsa/datasets/grid/test/s33/bgix7s.mpg,53,203,1.3327255249023438,0.7255774883835762
48,7,/home/nabizadz/Projects/Mahsa/datasets/grid/test/s33/lgwp9s.mpg,147,297,2.3959438800811768,0.7637275316265729
48,8,/home/nabizadz/Projects/Mahsa/datasets/grid/test/s33/lgii3s.mpg,3,153,1.10491943359375,0.5236391034918882
48,9,/home/nabizadz/Projects/Mahsa/datasets/grid/test/s33/bgix6n.mpg,130,280,1.3498479127883911,0.7203631663614908
48,10,/home/nabizadz/Projects/Mahsa/datasets/grid/test/s33/sgwm7s.mpg,94,244,1.2786204814910889,0.5816856144320167
48,11,/home/nabizadz/Projects/Mahsa/datasets/grid/test/s33/pbbf6n.mpg,16,166,1.4192426204681396,0.6827823281881793
48,12,/home/nabizadz/Projects/Mahsa/datasets/grid/test/s33/pwim7a.mpg,99,249,1.6798174381256104,0.5857610590245019
48,13,/home/nabizadz/Projects/Mahsa/datasets/grid/test/s33/sgil6p.mpg,18,168,1.141556739807129,0.5870811580670587
48,14,/home/nabizadz/Projects/Mahsa/datasets/grid/test/s33/bbwp8p.mpg,120,270,1.7287201881408691,0.5828556820457905
48,15,/home/nabizadz/Projects/Mahsa/datasets/grid/test/s33/swae8n.mpg,67,217,1.37666654586792,0.6697034493079189
49,0,/home/nabizadz/Projects/Mahsa/datasets/grid/test/s33/braj1s.mpg,14,164,1.332054853439331,0.7168160145227814
49,1,/home/nabizadz/Projects/Mahsa/datasets/grid/test/s33/prwn3a.mpg,140,290,1.8487675189971924,0.7801981899390746
49,2,/home/nabizadz/Projects/Mahsa/datasets/grid/test/s33/bwbq6p.mpg,48,198,1.3143633604049683,0.6863598063322489
49,3,/home/nabizadz/Projects/Mahsa/datasets/grid/test/s33/lban3s.mpg,27,177,1.1217505931854248,0.5478836447444568
49,4,/home/nabizadz/Projects/Mahsa/datasets/grid/test/s33/bwax5s.mpg,134,284,1.9027116298675537,0.6513544897899921
49,5,/home/nabizadz/Projects/Mahsa/datasets/grid/test/s33/lbit4p.mpg,24,174,1.1138110160827637,0.6723262744305427
49,6,/home/nabizadz/Projects/Mahsa/datasets/grid/test/s33/brii8p.mpg,64,214,1.1893199682235718,0.5963674437868763
49,7,/home/nabizadz/Projects/Mahsa/datasets/grid/test/s33/pbil3s.mpg,28,178,1.0890562534332275,0.5725092662868247
49,8,/home/nabizadz/Projects/Mahsa/datasets/grid/test/s33/lwbi5s.mpg,55,205,1.4943451881408691,0.6722616529165247
49,9,/home/nabizadz/Projects/Mahsa/datasets/grid/test/s33/lwbp1a.mpg,136,286,2.437103271484375,0.8213058326284639
49,10,/home/nabizadz/Projects/Mahsa/datasets/grid/test/s33/prwa3s.mpg,61,211,1.2099123001098633,0.6716437668370779
49,11,/home/nabizadz/Projects/Mahsa/datasets/grid/test/s33/sbakzn.mpg,47,197,1.3083890676498413,0.7321966852380997
49,12,/home/nabizadz/Projects/Mahsa/datasets/grid/test/s33/lwwp4p.mpg,83,233,1.566169023513794,0.5735709867887216
49,13,/home/nabizadz/Projects/Mahsa/datasets/grid/test/s33/srak6n.mpg,0,150,1.2283318042755127,0.7616880663989185
49,14,/home/nabizadz/Projects/Mahsa/datasets/grid/test/s33/swaf1a.mpg,33,183,1.1046829223632812,0.6811234939319684
49,15,/home/nabizadz/Projects/Mahsa/datasets/grid/test/s33/pbwg3a.mpg,28,178,1.097202181816101,0.6618087207697231
50,0,/home/nabizadz/Projects/Mahsa/datasets/grid/test/s33/bwip7s.mpg,142,292,2.0520825386047363,0.6953281859257786
50,1,/home/nabizadz/Projects/Mahsa/datasets/grid/test/s33/lrwb9s.mpg,131,281,2.6139817237854004,0.7400140569841237
50,2,/home/nabizadz/Projects/Mahsa/datasets/grid/test/s33/bgaq8p.mpg,69,219,1.4114760160446167,0.64093173886611
50,3,/home/nabizadz/Projects/Mahsa/datasets/grid/test/s33/pginzn.mpg,123,273,2.0630524158477783,0.5631572096936559
50,4,/home/nabizadz/Projects/Mahsa/datasets/grid/test/s33/srbl1s.mpg,62,212,1.2797459363937378,0.7119279132389917
50,5,/home/nabizadz/Projects/Mahsa/datasets/grid/test/s33/swiy9a.mpg,48,198,1.289225459098816,0.7010585770247529
50,6,/home/nabizadz/Projects/Mahsa/datasets/grid/test/s33/bwax6p.mpg,61,211,1.255757212638855,0.626839726737265
50,7,/home/nabizadz/Projects/Mahsa/datasets/grid/test/s33/sbwr5a.mpg,95,245,1.8365302085876465,0.6437448161817864
50,8,/home/nabizadz/Projects/Mahsa/datasets/grid/test/s33/sbaq4n.mpg,113,263,2.5562047958374023,0.6244258201358667
50,9,/home/nabizadz/Projects/Mahsa/datasets/grid/test/s33/briv7a.mpg,114,264,2.470353841781616,0.616549681516632
50,10,/home/nabizadz/Projects/Mahsa/datasets/grid/test/s33/lgbc8p.mpg,69,219,1.2731051445007324,0.6203829811644906
50,11,/home/nabizadz/Projects/Mahsa/datasets/grid/test/s33/lbig5s.mpg,98,248,1.6429394483566284,0.6950930816988256
50,12,/home/nabizadz/Projects/Mahsa/datasets/grid/test/s33/sbwlzp.mpg,50,200,1.1931109428405762,0.6901591242589789
50,13,/home/nabizadz/Projects/Mahsa/datasets/grid/test/s33/pram3s.mpg,80,230,1.3069368600845337,0.5870513741147187
50,14,/home/nabizadz/Projects/Mahsa/datasets/grid/test/s33/pbbs5s.mpg,135,285,1.970543622970581,0.6535223163244045
50,15,/home/nabizadz/Projects/Mahsa/datasets/grid/test/s33/prag1a.mpg,52,202,1.1032432317733765,0.6561673372317641
51,0,/home/nabizadz/Projects/Mahsa/datasets/grid/test/s33/bgix9a.mpg,55,205,1.3983620405197144,0.6324994518720921
51,1,/home/nabizadz/Projects/Mahsa/datasets/grid/test/s33/pgia5a.mpg,42,192,1.0982716083526611,0.5875498449606308
51,2,/home/nabizadz/Projects/Mahsa/datasets/grid/test/s33/lgbv9s.mpg,122,272,1.6828687191009521,0.7748762354996226
51,3,/home/nabizadz/Projects/Mahsa/datasets/grid/test/s33/srwl5s.mpg,80,230,1.2856969833374023,0.7069935437749421
51,4,/home/nabizadz/Projects/Mahsa/datasets/grid/test/s33/pbwt1a.mpg,23,173,1.2482051849365234,0.6443865520108136
51,5,/home/nabizadz/Projects/Mahsa/datasets/grid/test/s33/lgivzn.mpg,102,252,1.4713081121444702,0.6187382700334475
51,6,/home/nabizadz/Projects/Mahsa/datasets/grid/test/s33/brbx3s.mpg,148,298,2.662748098373413,0.656762285322831
51,7,/home/nabizadz/Projects/Mahsa/datasets/grid/test/s33/swil1a.mpg,67,217,1.450744390487671,0.5919922338800409
51,8,/home/nabizadz/Projects/Mahsa/datasets/grid/test/s33/lban5a.mpg,38,188,1.1092147827148438,0.6102986063084935
51,9,/home/nabizadz/Projects/Mahsa/datasets/grid/test/s33/bwij4p.mpg,51,201,1.182264804840088,0.6185160383985103
51,10,/home/nabizadz/Projects/Mahsa/datasets/grid/test/s33/bbii2p.mpg,105,255,1.371048092842102,0.5579657181795992
51,11,/home/nabizadz/Projects/Mahsa/datasets/grid/test/s33/pgan4n.mpg,22,172,1.201732873916626,0.6391569881814547
51,12,/home/nabizadz/Projects/Mahsa/datasets/grid/test/s33/brbdzn.mpg,123,273,2.4222254753112793,0.6636666217739016
51,13,/home/nabizadz/Projects/Mahsa/datasets/grid/test/s33/pbizzn.mpg,47,197,1.1823997497558594,0.5657988791266486
51,14,/home/nabizadz/Projects/Mahsa/datasets/grid/test/s33/lrwv3a.mpg,82,232,1.5461456775665283,0.738629391038237
51,15,/home/nabizadz/Projects/Mahsa/datasets/grid/test/s33/brap6p.mpg,23,173,1.1522998809814453,0.495924752248206
52,0,/home/nabizadz/Projects/Mahsa/datasets/grid/test/s33/lrit9s.mpg,10,160,1.218477725982666,0.7012018970620515
52,1,/home/nabizadz/Projects/Mahsa/datasets/grid/test/s33/pwwb1a.mpg,137,287,2.4308104515075684,0.688990800727705
52,2,/home/nabizadz/Projects/Mahsa/datasets/grid/test/s33/sbaq5s.mpg,28,178,1.149914026260376,0.6910530620662887
52,3,/home/nabizadz/Projects/Mahsa/datasets/grid/test/s33/prbg2n.mpg,16,166,1.105268120765686,0.7227674971234208
52,4,/home/nabizadz/Projects/Mahsa/datasets/grid/test/s33/lbwb5a.mpg,45,195,1.2648789882659912,0.6560118063450634
52,5,/home/nabizadz/Projects/Mahsa/datasets/grid/test/s33/bgiq3s.mpg,93,243,1.4666874408721924,0.5330453739484221
52,6,/home/nabizadz/Projects/Mahsa/datasets/grid/test/s33/bbbv9a.mpg,95,245,1.9810305833816528,0.601808834370514
52,7,/home/nabizadz/Projects/Mahsa/datasets/grid/test/s33/sbwy8p.mpg,121,271,1.812758207321167,0.6800529812988816
52,8,/home/nabizadz/Projects/Mahsa/datasets/grid/test/s33/swie4n.mpg,99,249,2.389786958694458,0.5675403367144709
52,9,/home/nabizadz/Projects/Mahsa/datasets/grid/test/s33/sgbg1a.mpg,119,269,2.1064348220825195,0.5594718831236409
52,10,/home/nabizadz/Projects/Mahsa/datasets/grid/test/s33/prbm7s.mpg,8,158,1.2479567527770996,0.7087559857648261
52,11,/home/nabizadz/Projects/Mahsa/datasets/grid/test/s33/lgav7a.mpg,49,199,1.360529899597168,0.5889948596683033
52,12,/home/nabizadz/Projects/Mahsa/datasets/grid/test/s33/lwab9a.mpg,31,181,1.0965001583099365,0.5532693958568532
52,13,/home/nabizadz/Projects/Mahsa/datasets/grid/test/s33/bbiizn.mpg,7,157,1.469130277633667,0.5906924419850188
52,14,/home/nabizadz/Projects/Mahsa/datasets/grid/test/s33/sgbs6n.mpg,78,228,1.3909260034561157,0.7283103001843408
52,15,/home/nabizadz/Projects/Mahsa/datasets/grid/test/s33/bbwj3s.mpg,36,186,1.0831440687179565,0.6480403243323796
53,0,/home/nabizadz/Projects/Mahsa/datasets/grid/test/s33/sray6p.mpg,141,291,2.342348575592041,0.5864168770487279
53,1,/home/nabizadz/Projects/Mahsa/datasets/grid/test/s33/bgby6p.mpg,66,216,1.3843374252319336,0.5637002681850712
53,2,/home/nabizadz/Projects/Mahsa/datasets/grid/test/s33/srik5a.mpg,99,249,1.5094752311706543,0.6922220476653054
53,3,/home/nabizadz/Projects/Mahsa/datasets/grid/test/s33/lgwp8n.mpg,45,195,1.114473581314087,0.7280254986172049
53,4,/home/nabizadz/Projects/Mahsa/datasets/grid/test/s33/lrwb8n.mpg,37,187,1.1451658010482788,0.5850488694437458
53,5,/home/nabizadz/Projects/Mahsa/datasets/grid/test/s33/prwg7s.mpg,48,198,1.1542834043502808,0.606337069058511
53,6,/home/nabizadz/Projects/Mahsa/datasets/grid/test/s33/sbayzp.mpg,8,158,1.1759048700332642,0.7582529291154072
53,7,/home/nabizadz/Projects/Mahsa/datasets/grid/test/s33/lrwc1a.mpg,95,245,1.726254940032959,0.672321155030916
53,8,/home/nabizadz/Projects/Mahsa/datasets/grid/test/s33/swar8p.mpg,47,197,1.094557762145996,0.686122527915632
53,9,/home/nabizadz/Projects/Mahsa/datasets/grid/test/s33/pgbu2n.mpg,146,296,2.7732226848602295,0.715104899541409
53,10,/home/nabizadz/Projects/Mahsa/datasets/grid/test/s33/lgwj4n.mpg,133,283,2.1995065212249756,0.6967284497298782
53,11,/home/nabizadz/Projects/Mahsa/datasets/grid/test/s33/bbwd1a.mpg,2,152,1.356416940689087,0.5942698038644869
53,12,/home/nabizadz/Projects/Mahsa/datasets/grid/test/s33/lrab1s.mpg,111,261,1.9645581245422363,0.6142807758786251
53,13,/home/nabizadz/Projects/Mahsa/datasets/grid/test/s33/bgak4p.mpg,103,253,1.5199568271636963,0.5977015982628237
53,14,/home/nabizadz/Projects/Mahsa/datasets/grid/test/s33/sgwt2p.mpg,39,189,1.1762652397155762,0.6942486238566618
53,15,/home/nabizadz/Projects/Mahsa/datasets/grid/test/s33/lwwv8p.mpg,98,248,1.7029998302459717,0.644802544895889
54,0,/home/nabizadz/Projects/Mahsa/datasets/grid/test/s33/lbba9s.mpg,11,161,1.3306952714920044,0.4523622216913733
54,1,/home/nabizadz/Projects/Mahsa/datasets/grid/test/s33/bwaq2p.mpg,133,283,1.7950071096420288,0.6086158124837229
54,2,/home/nabizadz/Projects/Mahsa/datasets/grid/test/s33/lwiozn.mpg,37,187,1.0885686874389648,0.4625415476430828
54,3,/home/nabizadz/Projects/Mahsa/datasets/grid/test/s33/pbbm3a.mpg,65,215,1.3302595615386963,0.6629335938788576
54,4,/home/nabizadz/Projects/Mahsa/datasets/grid/test/s33/sbwe6p.mpg,86,236,1.3789782524108887,0.5845998993493089
54,5,/home/nabizadz/Projects/Mahsa/datasets/grid/test/s33/bwaq3a.mpg,55,205,1.1901301145553589,0.6899195597830275
54,6,/home/nabizadz/Projects/Mahsa/datasets/grid/test/s33/lbwo1s.mpg,143,293,2.299346685409546,0.7488871931634884
54,7,/home/nabizadz/Projects/Mahsa/datasets/grid/test/s33/pwbn3s.mpg,99,249,1.517322301864624,0.6066656704634026
54,8,/home/nabizadz/Projects/Mahsa/datasets/grid/test/s33/sbwk8n.mpg,101,251,1.4286882877349854,0.6409432764226729
54,9,/home/nabizadz/Projects/Mahsa/datasets/grid/test/s33/lwib4p.mpg,82,232,1.5958313941955566,0.588658087699529
54,10,/home/nabizadz/Projects/Mahsa/datasets/grid/test/s33/prif6p.mpg,111,261,1.1959017515182495,0.6977095513531596
54,11,/home/nabizadz/Projects/Mahsa/datasets/grid/test/s33/lwbi4n.mpg,145,295,2.658942937850952,0.7284969585489995
54,12,/home/nabizadz/Projects/Mahsa/datasets/grid/test/s33/lbbu2p.mpg,42,192,1.2153661251068115,0.6084488553941119
54,13,/home/nabizadz/Projects/Mahsa/datasets/grid/test/s33/swir3s.mpg,41,191,1.201856255531311,0.7290948468843232
54,14,/home/nabizadz/Projects/Mahsa/datasets/grid/test/s33/swws5s.mpg,122,272,1.526933193206787,0.7075018054451362
54,15,/home/nabizadz/Projects/Mahsa/datasets/grid/test/s33/swaz1s.mpg,4,154,1.2215633392333984,0.7962187943977566
55,0,/home/nabizadz/Projects/Mahsa/datasets/grid/test/s33/lwao6p.mpg,17,167,1.1492376327514648,0.6254019102124571
55,1,/home/nabizadz/Projects/Mahsa/datasets/grid/test/s33/pris4p.mpg,14,164,1.1190176010131836,0.6140531332433959
55,2,/home/nabizadz/Projects/Mahsa/datasets/grid/test/s33/pwitzp.mpg,110,260,1.4414405822753906,0.6268686379157773
55,3,/home/nabizadz/Projects/Mahsa/datasets/grid/test/s33/pgwb7a.mpg,67,217,1.4816962480545044,0.7537856177582678
55,4,/home/nabizadz/Projects/Mahsa/datasets/grid/test/s33/pwat3s.mpg,54,204,1.1828515529632568,0.7013742240266915
55,5,/home/nabizadz/Projects/Mahsa/datasets/grid/test/s33/pril9s.mpg,137,287,2.3817296028137207,0.6703663318380013
55,6,/home/nabizadz/Projects/Mahsa/datasets/grid/test/s33/bgwlzn.mpg,97,247,1.7729480266571045,0.5908188028936598
55,7,/home/nabizadz/Projects/Mahsa/datasets/grid/test/s33/sbwr4p.mpg,73,223,1.291111707687378,0.660382899262128
55,8,/home/nabizadz/Projects/Mahsa/datasets/grid/test/s33/bbai5s.mpg,5,155,1.232961654663086,0.6528059756700426
55,9,/home/nabizadz/Projects/Mahsa/datasets/grid/test/s33/swbf5a.mpg,101,251,1.421074390411377,0.6516820179805622
55,10,/home/nabizadz/Projects/Mahsa/datasets/grid/test/s33/brbj6p.mpg,116,266,1.4623585939407349,0.6929086050881842
55,11,/home/nabizadz/Projects/Mahsa/datasets/grid/test/s33/lwwc5s.mpg,9,159,1.1597622632980347,0.6348249588483872
55,12,/home/nabizadz/Projects/Mahsa/datasets/grid/test/s33/srik3s.mpg,119,269,1.4862570762634277,0.5443318242158138
55,13,/home/nabizadz/Projects/Mahsa/datasets/grid/test/s33/bwbx9s.mpg,135,285,1.725878119468689,0.6258410395618322
55,14,/home/nabizadz/Projects/Mahsa/datasets/grid/test/s33/brbq1a.mpg,39,189,1.2428393363952637,0.6920244623198359
55,15,/home/nabizadz/Projects/Mahsa/datasets/grid/test/s33/sgas3s.mpg,89,239,1.2941926717758179,0.6246828441992307
56,0,/home/nabizadz/Projects/Mahsa/datasets/grid/test/s33/briv6p.mpg,77,227,1.318587064743042,0.6026179738783811
56,1,/home/nabizadz/Projects/Mahsa/datasets/grid/test/s33/pwag7a.mpg,22,172,1.1910991668701172,0.6493728542152997
56,2,/home/nabizadz/Projects/Mahsa/datasets/grid/test/s33/pgwizp.mpg,45,195,1.0823233127593994,0.4790851575915368
56,3,/home/nabizadz/Projects/Mahsa/datasets/grid/test/s33/brip3a.mpg,84,234,1.547969102859497,0.6060872555345681
56,4,/home/nabizadz/Projects/Mahsa/datasets/grid/test/s33/pgig6n.mpg,102,252,1.5467333793640137,0.7021750838336551
56,5,/home/nabizadz/Projects/Mahsa/datasets/grid/test/s33/lgwdzn.mpg,2,152,1.6314711570739746,0.7841594451867829
56,6,/home/nabizadz/Projects/Mahsa/datasets/grid/test/s33/pbwg1s.mpg,42,192,1.1312540769577026,0.7110316326301631
56,7,/home/nabizadz/Projects/Mahsa/datasets/grid/test/s33/lbat9a.mpg,106,256,2.4695041179656982,0.6314979531059631
56,8,/home/nabizadz/Projects/Mahsa/datasets/grid/test/s33/lrin4n.mpg,148,298,3.420693874359131,0.9818341989109493
56,9,/home/nabizadz/Projects/Mahsa/datasets/grid/test/s33/lwwp3s.mpg,51,201,1.407065510749817,0.5184524962745787
56,10,/home/nabizadz/Projects/Mahsa/datasets/grid/test/s33/brbd2p.mpg,56,206,1.2630259990692139,0.6161429183590692
56,11,/home/nabizadz/Projects/Mahsa/datasets/grid/test/s33/bwbkzn.mpg,103,253,1.8020025491714478,0.6573120829316605
56,12,/home/nabizadz/Projects/Mahsa/datasets/grid/test/s33/priz9a.mpg,14,164,1.153807520866394,0.6797202656516907
56,13,/home/nabizadz/Projects/Mahsa/datasets/grid/test/s33/bgaq9a.mpg,63,213,1.4701964855194092,0.6635654645714159
56,14,/home/nabizadz/Projects/Mahsa/datasets/grid/test/s33/prbt2p.mpg,20,170,1.2049942016601562,0.5857533260362223
56,15,/home/nabizadz/Projects/Mahsa/datasets/grid/test/s33/pbir6n.mpg,129,279,1.617013931274414,0.7072208563689614
57,0,/home/nabizadz/Projects/Mahsa/datasets/grid/test/s33/sgwtzn.mpg,86,236,1.4550747871398926,0.6869259850240593
57,1,/home/nabizadz/Projects/Mahsa/datasets/grid/test/s33/srak7s.mpg,16,166,1.1088122129440308,0.7379247842206962
57,2,/home/nabizadz/Projects/Mahsa/datasets/grid/test/s33/sbwy6n.mpg,26,176,1.1700398921966553,0.7052184351611178
57,3,/home/nabizadz/Projects/Mahsa/datasets/grid/test/s33/bbwx3a.mpg,148,298,2.5588538646698,0.6988313675914037
57,4,/home/nabizadz/Projects/Mahsa/datasets/grid/test/s33/lwai1s.mpg,5,155,1.2742645740509033,0.5982767522584492
57,5,/home/nabizadz/Projects/Mahsa/datasets/grid/test/s33/sgwm8p.mpg,30,180,1.3160333633422852,0.6804708407928592
57,6,/home/nabizadz/Projects/Mahsa/datasets/grid/test/s33/pwis9s.mpg,60,210,1.268776774406433,0.5595938552055919
57,7,/home/nabizadz/Projects/Mahsa/datasets/grid/test/s33/bgbe2n.mpg,85,235,1.6073193550109863,0.6626576983562813
57,8,/home/nabizadz/Projects/Mahsa/datasets/grid/test/s33/lbbn7s.mpg,90,240,1.420382022857666,0.6700353890143917
57,9,/home/nabizadz/Projects/Mahsa/datasets/grid/test/s33/lbag8n.mpg,109,259,2.1685099601745605,0.5884326111095942
57,10,/home/nabizadz/Projects/Mahsa/datasets/grid/test/s33/pbbs6p.mpg,6,156,1.3203305006027222,0.7066402338007357
57,11,/home/nabizadz/Projects/Mahsa/datasets/grid/test/s33/pwig3a.mpg,145,295,2.63267183303833,0.709770401500515
57,12,/home/nabizadz/Projects/Mahsa/datasets/grid/test/s33/pgwo4p.mpg,0,150,1.140079379081726,0.7326239005515185
57,13,/home/nabizadz/Projects/Mahsa/datasets/grid/test/s33/braxzp.mpg,32,182,1.1599162817001343,0.6866554633405755
57,14,/home/nabizadz/Projects/Mahsa/datasets/grid/test/s33/swiy8p.mpg,43,193,1.1276781558990479,0.6750556757289407
57,15,/home/nabizadz/Projects/Mahsa/datasets/grid/test/s33/lgbp7a.mpg,2,152,1.3940293788909912,0.7455832545864167
58,0,/home/nabizadz/Projects/Mahsa/datasets/grid/test/s33/pwwh5a.mpg,37,187,1.1242066621780396,0.6268472464624275
58,1,/home/nabizadz/Projects/Mahsa/datasets/grid/test/s33/pbaf2n.mpg,10,160,1.140230655670166,0.6883967319510644
58,2,/home/nabizadz/Projects/Mahsa/datasets/grid/test/s33/lbia3a.mpg,83,233,1.8917715549468994,0.5048539923673859
58,3,/home/nabizadz/Projects/Mahsa/datasets/grid/test/s33/lgii5a.mpg,98,248,2.1840550899505615,0.6044450707601893
58,4,/home/nabizadz/Projects/Mahsa/datasets/grid/test/s33/lbwu7a.mpg,28,178,1.1782101392745972,0.7020910051441935
58,5,/home/nabizadz/Projects/Mahsa/datasets/grid/test/s33/srid9s.mpg,131,281,1.6396188735961914,0.6662070619427146
58,6,/home/nabizadz/Projects/Mahsa/datasets/grid/test/s33/lrwvzn.mpg,114,264,2.0210318565368652,0.5787997997555419
58,7,/home/nabizadz/Projects/Mahsa/datasets/grid/test/s33/lrah5s.mpg,127,277,1.9072563648223877,0.7342378377422423
58,8,/home/nabizadz/Projects/Mahsa/datasets/grid/test/s33/srwf2p.mpg,56,206,1.1671818494796753,0.6715156626836806
58,9,/home/nabizadz/Projects/Mahsa/datasets/grid/test/s33/lbig6p.mpg,141,291,1.770905613899231,0.8241907521067248
58,10,/home/nabizadz/Projects/Mahsa/datasets/grid/test/s33/pwat4p.mpg,31,181,1.122888207435608,0.642428711903348
58,11,/home/nabizadz/Projects/Mahsa/datasets/grid/test/s33/bbio5s.mpg,62,212,1.4621134996414185,0.6402382648500379
58,12,/home/nabizadz/Projects/Mahsa/datasets/grid/test/s33/srwl7a.mpg,33,183,1.2055060863494873,0.7154704080845083
58,13,/home/nabizadz/Projects/Mahsa/datasets/grid/test/s33/bwwy4p.mpg,91,241,1.3659582138061523,0.6217251906312945
58,14,/home/nabizadz/Projects/Mahsa/datasets/grid/test/s33/sgbgzp.mpg,90,240,1.308538556098938,0.6829801882760266
58,15,/home/nabizadz/Projects/Mahsa/datasets/grid/test/s33/swafzp.mpg,144,294,1.816602110862732,0.7079045031712218
59,0,/home/nabizadz/Projects/Mahsa/datasets/grid/test/s33/pwbt9a.mpg,28,178,1.119744062423706,0.6514144362718648
59,1,/home/nabizadz/Projects/Mahsa/datasets/grid/test/s33/bwwk5s.mpg,21,171,1.171262502670288,0.6953788156495169
59,2,/home/nabizadz/Projects/Mahsa/datasets/grid/test/s33/swbz5s.mpg,63,213,1.2078375816345215,0.627604828844369
59,3,/home/nabizadz/Projects/Mahsa/datasets/grid/test/s33/sbbr1a.mpg,80,230,1.6286125183105469,0.5972165306728879
59,4,/home/nabizadz/Projects/Mahsa/datasets/grid/test/s33/pgwh8n.mpg,16,166,1.1313034296035767,0.6834031198108713
59,5,/home/nabizadz/Projects/Mahsa/datasets/grid/test/s33/swaz3a.mpg,71,221,1.2747679948806763,0.684131072105553
59,6,/home/nabizadz/Projects/Mahsa/datasets/grid/test/s33/bbao9s.mpg,69,219,1.519535779953003,0.5674632998650756
59,7,/home/nabizadz/Projects/Mahsa/datasets/grid/test/s33/bwip9a.mpg,32,182,1.1133644580841064,0.6322546905633399
59,8,/home/nabizadz/Projects/Mahsa/datasets/grid/test/s33/lgac2n.mpg,123,273,1.8718551397323608,0.6595976427332659
59,9,/home/nabizadz/Projects/Mahsa/datasets/grid/test/s33/bwbd9a.mpg,125,275,1.8405224084854126,0.6376592141826753
59,10,/home/nabizadz/Projects/Mahsa/datasets/grid/test/s33/pgit7a.mpg,72,222,1.2937047481536865,0.6839133428727412
59,11,/home/nabizadz/Projects/Mahsa/datasets/grid/test/s33/prwg6n.mpg,38,188,1.1492893695831299,0.6780034371891417
59,12,/home/nabizadz/Projects/Mahsa/datasets/grid/test/s33/pwag6p.mpg,86,236,1.299859642982483,0.6872765397737599
59,13,/home/nabizadz/Projects/Mahsa/datasets/grid/test/s33/sbaq6p.mpg,38,188,1.0950318574905396,0.7208543409205787
59,14,/home/nabizadz/Projects/Mahsa/datasets/grid/test/s33/bbav2n.mpg,23,173,1.0902681350708008,0.6774504924085483
59,15,/home/nabizadz/Projects/Mahsa/datasets/grid/test/s33/srwszp.mpg,65,215,1.2747478485107422,0.7004958023609615
60,0,/home/nabizadz/Projects/Mahsa/datasets/grid/test/s33/sriezp.mpg,111,261,1.3274322748184204,0.664689291359929
60,1,/home/nabizadz/Projects/Mahsa/datasets/grid/test/s33/lgbc7s.mpg,33,183,1.1639645099639893,0.5272119132700182
60,2,/home/nabizadz/Projects/Mahsa/datasets/grid/test/s33/pgwi1a.mpg,55,205,1.2897390127182007,0.5558189271120714
60,3,/home/nabizadz/Projects/Mahsa/datasets/grid/test/s33/srbe8p.mpg,16,166,1.138352632522583,0.6772737777637545
60,4,/home/nabizadz/Projects/Mahsa/datasets/grid/test/s33/pgit5s.mpg,132,282,1.5986919403076172,0.7314813599118073
60,5,/home/nabizadz/Projects/Mahsa/datasets/grid/test/s33/lrwczp.mpg,115,265,1.461944818496704,0.5967264742768359
60,6,/home/nabizadz/Projects/Mahsa/datasets/grid/test/s33/lbwu4n.mpg,95,245,2.005802869796753,0.6017892763304823
60,7,/home/nabizadz/Projects/Mahsa/datasets/grid/test/s33/pgan5s.mpg,140,290,2.7022786140441895,0.6876684290029793
60,8,/home/nabizadz/Projects/Mahsa/datasets/grid/test/s33/lgwqzp.mpg,84,234,1.367410659790039,0.5705440252239312
60,9,/home/nabizadz/Projects/Mahsa/datasets/grid/test/s33/bric4p.mpg,107,257,1.3402811288833618,0.6605710765927901
60,10,/home/nabizadz/Projects/Mahsa/datasets/grid/test/s33/bbii3a.mpg,64,214,1.3840410709381104,0.6304704841433764
60,11,/home/nabizadz/Projects/Mahsa/datasets/grid/test/s33/lwio2p.mpg,41,191,1.1716986894607544,0.6896999821382824
60,12,/home/nabizadz/Projects/Mahsa/datasets/grid/test/s33/pbas1s.mpg,123,273,2.0910191535949707,0.6302335207381602
60,13,/home/nabizadz/Projects/Mahsa/datasets/grid/test/s33/pgat9s.mpg,11,161,1.2399436235427856,0.6937079485937875
60,14,/home/nabizadz/Projects/Mahsa/datasets/grid/test/s33/brbj7a.mpg,63,213,1.2664856910705566,0.5620206021379817
60,15,/home/nabizadz/Projects/Mahsa/datasets/grid/test/s33/sbad7s.mpg,48,198,1.1502766609191895,0.6202285105470419
61,0,/home/nabizadz/Projects/Mahsa/datasets/grid/test/s33/brwk1a.mpg,140,290,2.266035795211792,0.6932544499668366
61,1,/home/nabizadz/Projects/Mahsa/datasets/grid/test/s33/sgwt1s.mpg,67,217,1.340480089187622,0.7631354451198473
61,2,/home/nabizadz/Projects/Mahsa/datasets/grid/test/s33/lriuzp.mpg,78,228,1.360395908355713,0.5516666582811306
61,3,/home/nabizadz/Projects/Mahsa/datasets/grid/test/s33/pwat5a.mpg,68,218,1.2882124185562134,0.5703350098743087
61,4,/home/nabizadz/Projects/Mahsa/datasets/grid/test/s33/lriu1a.mpg,81,231,2.012601613998413,0.4905375310613856
61,5,/home/nabizadz/Projects/Mahsa/datasets/grid/test/s33/lria6n.mpg,143,293,2.667325258255005,0.6612892021245254
61,6,/home/nabizadz/Projects/Mahsa/datasets/grid/test/s33/pgwo3s.mpg,3,153,1.213015079498291,0.7325309669831612
61,7,/home/nabizadz/Projects/Mahsa/datasets/grid/test/s33/srby8n.mpg,129,279,2.4446940422058105,0.6070888382676068
61,8,/home/nabizadz/Projects/Mahsa/datasets/grid/test/s33/lwbo8n.mpg,80,230,1.8585693836212158,0.5445040013485133
61,9,/home/nabizadz/Projects/Mahsa/datasets/grid/test/s33/lgac5a.mpg,131,281,2.326077699661255,0.6783348544927305
61,10,/home/nabizadz/Projects/Mahsa/datasets/grid/test/s33/prbt3a.mpg,120,270,2.161696672439575,0.7388079132550437
61,11,/home/nabizadz/Projects/Mahsa/datasets/grid/test/s33/lgac3s.mpg,56,206,1.2457128763198853,0.5251773883866405
61,12,/home/nabizadz/Projects/Mahsa/datasets/grid/test/s33/lgav6p.mpg,147,297,2.113959789276123,0.6713990750113661
61,13,/home/nabizadz/Projects/Mahsa/datasets/grid/test/s33/lbit3s.mpg,89,239,1.4253617525100708,0.5831312634356064
61,14,/home/nabizadz/Projects/Mahsa/datasets/grid/test/s33/bbav5a.mpg,131,281,2.1701161861419678,0.7718939633355476
61,15,/home/nabizadz/Projects/Mahsa/datasets/grid/test/s33/bwad3s.mpg,3,153,1.1879676580429077,0.6726555568285739
62,0,/home/nabizadz/Projects/Mahsa/datasets/grid/test/s33/lbbh3s.mpg,133,283,2.8006672859191895,0.738429301152364
62,1,/home/nabizadz/Projects/Mahsa/datasets/grid/test/s33/prif4n.mpg,128,278,2.2601876258850098,0.7157531977066068
62,2,/home/nabizadz/Projects/Mahsa/datasets/grid/test/s33/bgiq5a.mpg,39,189,1.0820817947387695,0.5538606640935893
62,3,/home/nabizadz/Projects/Mahsa/datasets/grid/test/s33/pbas2p.mpg,137,287,2.3377420902252197,0.6509599691801649
62,4,/home/nabizadz/Projects/Mahsa/datasets/grid/test/s33/sbak3a.mpg,122,272,1.842832088470459,0.6803059945138981
62,5,/home/nabizadz/Projects/Mahsa/datasets/grid/test/s33/sbwk9s.mpg,84,234,1.6098086833953857,0.6036693393920346
62,6,/home/nabizadz/Projects/Mahsa/datasets/grid/test/s33/srae3s.mpg,126,276,1.7057499885559082,0.6242263369267815
62,7,/home/nabizadz/Projects/Mahsa/datasets/grid/test/s33/bgbk9a.mpg,89,239,1.8462377786636353,0.7034013400451353
62,8,/home/nabizadz/Projects/Mahsa/datasets/grid/test/s30/bwax9p.mpg,140,290,1.7654316425323486,0.7815237834927091
62,9,/home/nabizadz/Projects/Mahsa/datasets/grid/test/s30/bbai9p.mpg,53,203,1.2329716682434082,0.7170801996360104
62,10,/home/nabizadz/Projects/Mahsa/datasets/grid/test/s30/bgbr5p.mpg,29,179,1.2356306314468384,0.624779957352424
62,11,/home/nabizadz/Projects/Mahsa/datasets/grid/test/s30/swas1p.mpg,64,214,1.1851829290390015,0.6852482743138788
62,12,/home/nabizadz/Projects/Mahsa/datasets/grid/test/s30/srbl5p.mpg,35,185,1.235271692276001,0.5544868482734842
62,13,/home/nabizadz/Projects/Mahsa/datasets/grid/test/s30/bbwd2s.mpg,135,285,1.4259860515594482,0.7674428420608227
62,14,/home/nabizadz/Projects/Mahsa/datasets/grid/test/s30/srae7p.mpg,85,235,1.3043428659439087,0.6666051018366225
62,15,/home/nabizadz/Projects/Mahsa/datasets/grid/test/s30/lbauzs.mpg,22,172,1.1589869260787964,0.650811197328618
63,0,/home/nabizadz/Projects/Mahsa/datasets/grid/test/s30/pgwb8s.mpg,12,162,1.2147712707519531,0.7504101338094576
63,1,/home/nabizadz/Projects/Mahsa/datasets/grid/test/s30/pbwnza.mpg,117,267,1.8580065965652466,0.7697825282444818
63,2,/home/nabizadz/Projects/Mahsa/datasets/grid/test/s30/pwwu5p.mpg,135,285,1.5385935306549072,0.66170577799139
63,3,/home/nabizadz/Projects/Mahsa/datasets/grid/test/s30/bgieza.mpg,7,157,1.3925185203552246,0.7253463349982174
63,4,/home/nabizadz/Projects/Mahsa/datasets/grid/test/s30/lgic4a.mpg,124,274,1.3596529960632324,0.7257568008406556
63,5,/home/nabizadz/Projects/Mahsa/datasets/grid/test/s30/pwbh1n.mpg,136,286,2.094492197036743,0.6954152320290927
63,6,/home/nabizadz/Projects/Mahsa/datasets/grid/test/s30/swifza.mpg,59,209,1.2207937240600586,0.7012302146344561
63,7,/home/nabizadz/Projects/Mahsa/datasets/grid/test/s30/lriu2s.mpg,34,184,1.2077813148498535,0.6348901924624683
63,8,/home/nabizadz/Projects/Mahsa/datasets/grid/test/s30/lwib8a.mpg,97,247,1.658876657485962,0.7101698662215419
63,9,/home/nabizadz/Projects/Mahsa/datasets/grid/test/s30/bwby4a.mpg,139,289,2.613748073577881,0.7663556796416191
63,10,/home/nabizadz/Projects/Mahsa/datasets/grid/test/s30/sgaf7n.mpg,72,222,1.366955041885376,0.6995464830783242
63,11,/home/nabizadz/Projects/Mahsa/datasets/grid/test/s30/lgwq4a.mpg,140,290,2.623277425765991,0.7960785591422344
63,12,/home/nabizadz/Projects/Mahsa/datasets/grid/test/s30/pwwb3p.mpg,123,273,1.5104082822799683,0.6548108490673481
63,13,/home/nabizadz/Projects/Mahsa/datasets/grid/test/s30/bwij6s.mpg,91,241,1.372647762298584,0.6758252364136432
63,14,/home/nabizadz/Projects/Mahsa/datasets/grid/test/s30/bwip9n.mpg,40,190,1.1869229078292847,0.5828866262062329
63,15,/home/nabizadz/Projects/Mahsa/datasets/grid/test/s30/srie1n.mpg,16,166,1.263840913772583,0.5207856656714038
64,0,/home/nabizadz/Projects/Mahsa/datasets/grid/test/s30/lbbo1p.mpg,125,275,1.5019052028656006,0.587014750510344
64,1,/home/nabizadz/Projects/Mahsa/datasets/grid/test/s30/sgwm9n.mpg,52,202,1.2667322158813477,0.6681240610143769
64,2,/home/nabizadz/Projects/Mahsa/datasets/grid/test/s30/swws7n.mpg,23,173,1.1910948753356934,0.6527780280030246
64,3,/home/nabizadz/Projects/Mahsa/datasets/grid/test/s30/brbkza.mpg,90,240,1.2882061004638672,0.7164980899715439
64,4,/home/nabizadz/Projects/Mahsa/datasets/grid/test/s30/srik7p.mpg,121,271,1.4778560400009155,0.6522164482006667
64,5,/home/nabizadz/Projects/Mahsa/datasets/grid/test/s30/lbig7n.mpg,17,167,1.185931921005249,0.6277175878282841
64,6,/home/nabizadz/Projects/Mahsa/datasets/grid/test/s30/pgbu7p.mpg,43,193,1.1272804737091064,0.4873026951518797
64,7,/home/nabizadz/Projects/Mahsa/datasets/grid/test/s30/lgwq2s.mpg,12,162,1.4041149616241455,0.7145295881853825
64,8,/home/nabizadz/Projects/Mahsa/datasets/grid/test/s30/swbs6a.mpg,72,222,1.154207706451416,0.7265711080948821
64,9,/home/nabizadz/Projects/Mahsa/datasets/grid/test/s30/sbix9p.mpg,82,232,1.4180160760879517,0.5517991931606425
64,10,/home/nabizadz/Projects/Mahsa/datasets/grid/test/s30/sral1p.mpg,134,284,1.9603891372680664,0.7906945443454695
64,11,/home/nabizadz/Projects/Mahsa/datasets/grid/test/s30/pwwb4a.mpg,25,175,1.2224504947662354,0.6434780352418797
64,12,/home/nabizadz/Projects/Mahsa/datasets/grid/test/s30/sriy4s.mpg,21,171,1.2081347703933716,0.6916112978984938
64,13,/home/nabizadz/Projects/Mahsa/datasets/grid/test/s30/pbbm5p.mpg,114,264,1.4149305820465088,0.6807840635264865
64,14,/home/nabizadz/Projects/Mahsa/datasets/grid/test/s30/pbwg3n.mpg,82,232,1.315416693687439,0.6550519765279439
64,15,/home/nabizadz/Projects/Mahsa/datasets/grid/test/s30/lgwj8s.mpg,58,208,1.211107850074768,0.7438606167843517
65,0,/home/nabizadz/Projects/Mahsa/datasets/grid/test/s30/lgaj2a.mpg,93,243,1.5025874376296997,0.6517303438733159
65,1,/home/nabizadz/Projects/Mahsa/datasets/grid/test/s30/lwbi7n.mpg,47,197,1.147737741470337,0.5551137191843409
65,2,/home/nabizadz/Projects/Mahsa/datasets/grid/test/s30/bbav5n.mpg,115,265,1.6501400470733643,0.6160932316924229
65,3,/home/nabizadz/Projects/Mahsa/datasets/grid/test/s30/brap9p.mpg,99,249,1.3610388040542603,0.7478753350416945
65,4,/home/nabizadz/Projects/Mahsa/datasets/grid/test/s30/swas2a.mpg,110,260,2.792546033859253,0.692762319856504
65,5,/home/nabizadz/Projects/Mahsa/datasets/grid/test/s30/prwhzs.mpg,114,264,1.5316290855407715,0.7123926602224081
65,6,/home/nabizadz/Projects/Mahsa/datasets/grid/test/s30/pbil8a.mpg,113,263,1.5203592777252197,0.6730393323993383
65,7,/home/nabizadz/Projects/Mahsa/datasets/grid/test/s30/srbfzs.mpg,82,232,1.1240638494491577,0.7295041071261201
65,8,/home/nabizadz/Projects/Mahsa/datasets/grid/test/s30/lgac7p.mpg,25,175,1.1501322984695435,0.5931440753745949
65,9,/home/nabizadz/Projects/Mahsa/datasets/grid/test/s30/sbaq8s.mpg,45,195,1.1715761423110962,0.6753434781023563
65,10,/home/nabizadz/Projects/Mahsa/datasets/grid/test/s30/prbn2a.mpg,70,220,1.7005980014801025,0.642078973709765
65,11,/home/nabizadz/Projects/Mahsa/datasets/grid/test/s30/lbbh6s.mpg,109,259,1.2614026069641113,0.7194823666659849
65,12,/home/nabizadz/Projects/Mahsa/datasets/grid/test/s30/pwit2s.mpg,33,183,1.125707983970642,0.6336090910492117
65,13,/home/nabizadz/Projects/Mahsa/datasets/grid/test/s30/swwg1p.mpg,132,282,1.4702210426330566,0.7485081522273151
65,14,/home/nabizadz/Projects/Mahsa/datasets/grid/test/s30/bwix4s.mpg,20,170,1.2104694843292236,0.7884021469798275
65,15,/home/nabizadz/Projects/Mahsa/datasets/grid/test/s30/sbbr3p.mpg,83,233,1.3308579921722412,0.6259366613070919
66,0,/home/nabizadz/Projects/Mahsa/datasets/grid/test/s30/lrbi1n.mpg,70,220,1.7974255084991455,0.6085766903690952
66,1,/home/nabizadz/Projects/Mahsa/datasets/grid/test/s30/pbbgzs.mpg,75,225,1.2249072790145874,0.7138059067563441
66,2,/home/nabizadz/Projects/Mahsa/datasets/grid/test/s30/pris7p.mpg,128,278,1.6824517250061035,0.744196202555238
66,3,/home/nabizadz/Projects/Mahsa/datasets/grid/test/s30/brax1n.mpg,53,203,1.2265760898590088,0.7143322563848923
66,4,/home/nabizadz/Projects/Mahsa/datasets/grid/test/s30/lwii1p.mpg,120,270,1.4590803384780884,0.6295432040696076
66,5,/home/nabizadz/Projects/Mahsa/datasets/grid/test/s30/sgbs9n.mpg,26,176,1.1675090789794922,0.6683332309706495
66,6,/home/nabizadz/Projects/Mahsa/datasets/grid/test/s30/lgii7p.mpg,27,177,1.1869627237319946,0.6632152718106445
66,7,/home/nabizadz/Projects/Mahsa/datasets/grid/test/s30/srae6s.mpg,103,253,1.4890488386154175,0.734633171168091
66,8,/home/nabizadz/Projects/Mahsa/datasets/grid/test/s30/lwav1n.mpg,60,210,1.2653790712356567,0.6932349421700348
66,9,/home/nabizadz/Projects/Mahsa/datasets/grid/test/s30/pbif3p.mpg,12,162,1.2515449523925781,0.6723835400453826
66,10,/home/nabizadz/Projects/Mahsa/datasets/grid/test/s30/pwag7n.mpg,36,186,1.1709342002868652,0.7212743027169463
66,11,/home/nabizadz/Projects/Mahsa/datasets/grid/test/s30/lgio9n.mpg,9,159,1.294662594795227,0.7315829848637656
66,12,/home/nabizadz/Projects/Mahsa/datasets/grid/test/s30/bbap1n.mpg,80,230,1.492667555809021,0.6832674692293342
66,13,/home/nabizadz/Projects/Mahsa/datasets/grid/test/s30/lbia5p.mpg,149,299,1.4644627571105957,0.8050967801961031
66,14,/home/nabizadz/Projects/Mahsa/datasets/grid/test/s30/sbbr4a.mpg,18,168,1.3198215961456299,0.643463377363441
66,15,/home/nabizadz/Projects/Mahsa/datasets/grid/test/s30/pgabzs.mpg,11,161,1.427556037902832,0.6870677488358666
67,0,/home/nabizadz/Projects/Mahsa/datasets/grid/test/s30/pgwo7p.mpg,105,255,1.279880404472351,0.6046874787152904
67,1,/home/nabizadz/Projects/Mahsa/datasets/grid/test/s30/brii9n.mpg,114,264,2.596741199493408,0.6826115473529469
67,2,/home/nabizadz/Projects/Mahsa/datasets/grid/test/s30/lbwo6a.mpg,65,215,1.2144861221313477,0.6154243272141338
67,3,/home/nabizadz/Projects/Mahsa/datasets/grid/test/s30/lbbn9n.mpg,119,269,1.7298312187194824,0.7270698913527137
67,4,/home/nabizadz/Projects/Mahsa/datasets/grid/test/s30/sgwa3p.mpg,107,257,1.4798228740692139,0.6948227239343423
67,5,/home/nabizadz/Projects/Mahsa/datasets/grid/test/s30/pbas5p.mpg,15,165,1.2589555978775024,0.7279695489645435
67,6,/home/nabizadz/Projects/Mahsa/datasets/grid/test/s30/pwat7p.mpg,67,217,1.1399954557418823,0.6587249372533986
67,7,/home/nabizadz/Projects/Mahsa/datasets/grid/test/s30/bwij5n.mpg,85,235,1.1845635175704956,0.7735059298168251
67,8,/home/nabizadz/Projects/Mahsa/datasets/grid/test/s30/brweza.mpg,79,229,1.2181987762451172,0.5735586076284339
67,9,/home/nabizadz/Projects/Mahsa/datasets/grid/test/s30/srws1n.mpg,124,274,2.171386241912842,0.5959099969980495
67,10,/home/nabizadz/Projects/Mahsa/datasets/grid/test/s30/sral2a.mpg,96,246,1.7051808834075928,0.6967264152221754
67,11,/home/nabizadz/Projects/Mahsa/datasets/grid/test/s30/pwbbza.mpg,20,170,1.165672779083252,0.7100668373838671
67,12,/home/nabizadz/Projects/Mahsa/datasets/grid/test/s30/pbbs9p.mpg,127,277,1.5901435613632202,0.7422224140616267
67,13,/home/nabizadz/Projects/Mahsa/datasets/grid/test/s30/pbwazs.mpg,70,220,1.1952937841415405,0.5296513015745463
67,14,/home/nabizadz/Projects/Mahsa/datasets/grid/test/s30/brbj8s.mpg,58,208,1.3468374013900757,0.7365908905729679
67,15,/home/nabizadz/Projects/Mahsa/datasets/grid/test/s30/bwbq8s.mpg,72,222,1.2009388208389282,0.7383402795123886
68,0,/home/nabizadz/Projects/Mahsa/datasets/grid/test/s30/lgbx1n.mpg,135,285,2.687000036239624,0.7598998371469537
68,1,/home/nabizadz/Projects/Mahsa/datasets/grid/test/s30/lwapza.mpg,59,209,1.548750400543213,0.7466739755042323
68,2,/home/nabizadz/Projects/Mahsa/datasets/grid/test/s30/pbaz7n.mpg,72,222,1.2592356204986572,0.5888454241899053
68,3,/home/nabizadz/Projects/Mahsa/datasets/grid/test/s30/pbas4s.mpg,100,250,1.4557981491088867,0.7405647322159601
68,4,/home/nabizadz/Projects/Mahsa/datasets/grid/test/s30/lrwo9n.mpg,19,169,1.4265964031219482,0.6747550274631446
68,5,/home/nabizadz/Projects/Mahsa/datasets/grid/test/s30/lrbb9p.mpg,134,284,1.4118120670318604,0.7168607365446732
68,6,/home/nabizadz/Projects/Mahsa/datasets/grid/test/s30/lrwi6s.mpg,128,278,1.5758463144302368,0.6408059253423741
68,7,/home/nabizadz/Projects/Mahsa/datasets/grid/test/s30/pgit8s.mpg,105,255,1.2401690483093262,0.6158862586352998
68,8,/home/nabizadz/Projects/Mahsa/datasets/grid/test/s30/bgik2s.mpg,37,187,1.2012104988098145,0.6879736877267872
68,9,/home/nabizadz/Projects/Mahsa/datasets/grid/test/s30/sgbm7p.mpg,90,240,1.2993426322937012,0.6000893856140335
68,10,/home/nabizadz/Projects/Mahsa/datasets/grid/test/s30/brbd3n.mpg,32,182,1.223860263824463,0.4862306619369756
68,11,/home/nabizadz/Projects/Mahsa/datasets/grid/test/s30/sbiq6a.mpg,59,209,1.2195624113082886,0.6931053077914088
68,12,/home/nabizadz/Projects/Mahsa/datasets/grid/test/s30/bbwd3p.mpg,48,198,1.3318346738815308,0.6784898565146983
68,13,/home/nabizadz/Projects/Mahsa/datasets/grid/test/s30/prim4a.mpg,27,177,1.1215341091156006,0.48285824524803056
68,14,/home/nabizadz/Projects/Mahsa/datasets/grid/test/s30/swaszs.mpg,29,179,1.0926076173782349,0.5146578057757873
68,15,/home/nabizadz/Projects/Mahsa/datasets/grid/test/s30/swaz3n.mpg,74,224,1.4459421634674072,0.6768675557661407
69,0,/home/nabizadz/Projects/Mahsa/datasets/grid/test/s30/pwbuzs.mpg,58,208,1.3806952238082886,0.7598736548380098
69,1,/home/nabizadz/Projects/Mahsa/datasets/grid/test/s30/bwid1n.mpg,89,239,1.2032582759857178,0.5856102994063714
69,2,/home/nabizadz/Projects/Mahsa/datasets/grid/test/s30/srbz4a.mpg,112,262,1.30417799949646,0.6618869507449261
69,3,/home/nabizadz/Projects/Mahsa/datasets/grid/test/s30/pbaz9p.mpg,4,154,1.2198162078857422,0.7214764778929553
69,4,/home/nabizadz/Projects/Mahsa/datasets/grid/test/s30/lgwkza.mpg,104,254,1.907044529914856,0.6891793123219495
69,5,/home/nabizadz/Projects/Mahsa/datasets/grid/test/s30/swaf4a.mpg,100,250,1.8797025680541992,0.6412689207328652
69,6,/home/nabizadz/Projects/Mahsa/datasets/grid/test/s30/sgas8a.mpg,12,162,1.2468042373657227,0.81764040829854
69,7,/home/nabizadz/Projects/Mahsa/datasets/grid/test/s30/pwba9p.mpg,149,299,2.2434401512145996,0.6888056658610835
69,8,/home/nabizadz/Projects/Mahsa/datasets/grid/test/s30/prbt6a.mpg,56,206,1.1042308807373047,0.7222814390923259
69,9,/home/nabizadz/Projects/Mahsa/datasets/grid/test/s30/pwwo2a.mpg,45,195,1.1805883646011353,0.7747552008813919
69,10,/home/nabizadz/Projects/Mahsa/datasets/grid/test/s30/sriy5p.mpg,76,226,1.3618353605270386,0.6993460322161268
69,11,/home/nabizadz/Projects/Mahsa/datasets/grid/test/s30/swws9p.mpg,122,272,1.7262241840362549,0.7561457135217208
69,12,/home/nabizadz/Projects/Mahsa/datasets/grid/test/s30/lrin9p.mpg,148,298,2.0658984184265137,0.6749278655242725
69,13,/home/nabizadz/Projects/Mahsa/datasets/grid/test/s30/bwbq9p.mpg,137,287,1.3806885480880737,0.7294081670051745
69,14,/home/nabizadz/Projects/Mahsa/datasets/grid/test/s30/lgbj3n.mpg,118,268,1.8064903020858765,0.7628104940026892
69,15,/home/nabizadz/Projects/Mahsa/datasets/grid/test/s30/bgwf1p.mpg,94,244,1.2494066953659058,0.7383519795443446
70,0,/home/nabizadz/Projects/Mahsa/datasets/grid/test/s30/bgiy1p.mpg,75,225,1.1940237283706665,0.5922886546454916
70,1,/home/nabizadz/Projects/Mahsa/datasets/grid/test/s30/lrih5p.mpg,132,282,1.4581990242004395,0.6490330454700023
70,2,/home/nabizadz/Projects/Mahsa/datasets/grid/test/s30/lwio4s.mpg,67,217,1.2231450080871582,0.6743057613598814
70,3,/home/nabizadz/Projects/Mahsa/datasets/grid/test/s30/bgar1p.mpg,126,276,1.3309038877487183,0.7135593694879089
70,4,/home/nabizadz/Projects/Mahsa/datasets/grid/test/s30/pgih2a.mpg,92,242,1.5445125102996826,0.7503246634465603
70,5,/home/nabizadz/Projects/Mahsa/datasets/grid/test/s30/sgwa1n.mpg,63,213,1.8088953495025635,0.5349328896229556
70,6,/home/nabizadz/Projects/Mahsa/datasets/grid/test/s30/brwd9p.mpg,140,290,1.9962104558944702,0.6947816904263496
70,7,/home/nabizadz/Projects/Mahsa/datasets/grid/test/s30/bgiq6s.mpg,58,208,1.1951663494110107,0.5549094393897431
70,8,/home/nabizadz/Projects/Mahsa/datasets/grid/test/s30/pwbu2a.mpg,99,249,1.3492286205291748,0.624012735554101
70,9,/home/nabizadz/Projects/Mahsa/datasets/grid/test/s30/brij1p.mpg,140,290,2.0210044384002686,0.7010646003191106
70,10,/home/nabizadz/Projects/Mahsa/datasets/grid/test/s30/swbf8a.mpg,144,294,2.029811382293701,0.6865503176002857
70,11,/home/nabizadz/Projects/Mahsa/datasets/grid/test/s30/brwk4a.mpg,57,207,1.2000938653945923,0.7358168408148913
70,12,/home/nabizadz/Projects/Mahsa/datasets/grid/test/s30/lwbc3n.mpg,27,177,1.224369764328003,0.5488858752160467
70,13,/home/nabizadz/Projects/Mahsa/datasets/grid/test/s30/pgab2a.mpg,55,205,1.2483253479003906,0.694983730045968
70,14,/home/nabizadz/Projects/Mahsa/datasets/grid/test/s30/sbbk9p.mpg,35,185,1.265805959701538,0.6406583445026652
70,15,/home/nabizadz/Projects/Mahsa/datasets/grid/test/s30/pgwo6s.mpg,91,241,1.2687538862228394,0.6183746716536466
71,0,/home/nabizadz/Projects/Mahsa/datasets/grid/test/s30/pgbu8a.mpg,55,205,1.131057858467102,0.5482375958649603
71,1,/home/nabizadz/Projects/Mahsa/datasets/grid/test/s30/bbbp7p.mpg,59,209,1.2213060855865479,0.6760300506142917
71,2,/home/nabizadz/Projects/Mahsa/datasets/grid/test/s30/bgbr6a.mpg,149,299,1.913799524307251,0.748919085965183
71,3,/home/nabizadz/Projects/Mahsa/datasets/grid/test/s30/pgwv1p.mpg,97,247,1.529999017715454,0.6563790939578611
71,4,/home/nabizadz/Projects/Mahsa/datasets/grid/test/s30/swil1n.mpg,17,167,1.1934306621551514,0.6545797917174592
71,5,/home/nabizadz/Projects/Mahsa/datasets/grid/test/s30/bwad7p.mpg,56,206,1.1471586227416992,0.6432278843760183
71,6,/home/nabizadz/Projects/Mahsa/datasets/grid/test/s30/prwt7n.mpg,87,237,1.1718717813491821,0.7624527813742534
71,7,/home/nabizadz/Projects/Mahsa/datasets/grid/test/s30/sgbg4a.mpg,30,180,1.2011401653289795,0.6712347040206843
71,8,/home/nabizadz/Projects/Mahsa/datasets/grid/test/s30/lrbo8a.mpg,82,232,1.2092063426971436,0.6370045034043952
71,9,/home/nabizadz/Projects/Mahsa/datasets/grid/test/s30/bgbe5n.mpg,134,284,1.5613552331924438,0.7445293924751402
71,10,/home/nabizadz/Projects/Mahsa/datasets/grid/test/s30/bgbl1p.mpg,119,269,1.3960788249969482,0.6913534043010233
71,11,/home/nabizadz/Projects/Mahsa/datasets/grid/test/s30/swal5n.mpg,82,232,1.7918606996536255,0.66990748087624
71,12,/home/nabizadz/Projects/Mahsa/datasets/grid/test/s30/lbwo3n.mpg,63,213,1.3805232048034668,0.5967289766411038
71,13,/home/nabizadz/Projects/Mahsa/datasets/grid/test/s30/sbaq9p.mpg,0,150,1.235973596572876,0.7750383916732426
71,14,/home/nabizadz/Projects/Mahsa/datasets/grid/test/s30/brip3n.mpg,69,219,1.2909907102584839,0.6521167166313105
71,15,/home/nabizadz/Projects/Mahsa/datasets/grid/test/s30/pbamzs.mpg,71,221,1.3556492328643799,0.5870291366675178
72,0,/home/nabizadz/Projects/Mahsa/datasets/grid/test/s30/lrwc2s.mpg,68,218,1.1600571870803833,0.7422316926840149
72,1,/home/nabizadz/Projects/Mahsa/datasets/grid/test/s30/srazza.mpg,106,256,2.7115912437438965,0.8170561888063795
72,2,/home/nabizadz/Projects/Mahsa/datasets/grid/test/s30/lbwo4s.mpg,138,288,1.612971544265747,0.776479434160383
72,3,/home/nabizadz/Projects/Mahsa/datasets/grid/test/s30/bbwj6s.mpg,106,256,1.2800266742706299,0.6425037436285973
72,4,/home/nabizadz/Projects/Mahsa/datasets/grid/test/s30/brbq1n.mpg,59,209,1.2022517919540405,0.7248450562531781
72,5,/home/nabizadz/Projects/Mahsa/datasets/grid/test/s30/brij2a.mpg,21,171,1.1570937633514404,0.5988553719020668
72,6,/home/nabizadz/Projects/Mahsa/datasets/grid/test/s30/lrwv5p.mpg,93,243,1.2794828414916992,0.6668984716939117
72,7,/home/nabizadz/Projects/Mahsa/datasets/grid/test/s30/sriy6a.mpg,134,284,1.8512130975723267,0.6892418627249325
72,8,/home/nabizadz/Projects/Mahsa/datasets/grid/test/s30/srar5p.mpg,9,159,1.2704945802688599,0.7142433393803022
72,9,/home/nabizadz/Projects/Mahsa/datasets/grid/test/s30/brax4a.mpg,104,254,1.2298835515975952,0.7347747915797219
72,10,/home/nabizadz/Projects/Mahsa/datasets/grid/test/s30/sbwz1p.mpg,48,198,1.265945315361023,0.6977415945211654
72,11,/home/nabizadz/Projects/Mahsa/datasets/grid/test/s30/bgwr7n.mpg,98,248,1.2067112922668457,0.6684216864699009
72,12,/home/nabizadz/Projects/Mahsa/datasets/grid/test/s30/bgae3p.mpg,108,258,1.3160886764526367,0.6794033031395369
72,13,/home/nabizadz/Projects/Mahsa/datasets/grid/test/s30/swaz6a.mpg,61,211,1.1404556035995483,0.6993658200287882
72,14,/home/nabizadz/Projects/Mahsa/datasets/grid/test/s30/pgah4s.mpg,76,226,1.0992506742477417,0.6367818500708267
72,15,/home/nabizadz/Projects/Mahsa/datasets/grid/test/s30/bgby8s.mpg,83,233,1.2747917175292969,0.5962604921768608
73,0,/home/nabizadz/Projects/Mahsa/datasets/grid/test/s30/lrin8s.mpg,88,238,1.3506138324737549,0.7472635496489682
73,1,/home/nabizadz/Projects/Mahsa/datasets/grid/test/s30/lgav8s.mpg,46,196,1.3384511470794678,0.760777205588249
73,2,/home/nabizadz/Projects/Mahsa/datasets/grid/test/s30/lwav2s.mpg,42,192,1.1807849407196045,0.6522660207837147
73,3,/home/nabizadz/Projects/Mahsa/datasets/grid/test/s30/lwib5n.mpg,55,205,1.1425470113754272,0.7332190935724274
73,4,/home/nabizadz/Projects/Mahsa/datasets/grid/test/s30/sbix7n.mpg,45,195,1.1778020858764648,0.6169958574471748
73,5,/home/nabizadz/Projects/Mahsa/datasets/grid/test/s30/bgik1n.mpg,53,203,1.3253954648971558,0.644962260876951
73,6,/home/nabizadz/Projects/Mahsa/datasets/grid/test/s30/pbwm9p.mpg,97,247,1.4008729457855225,0.6628990153955958
73,7,/home/nabizadz/Projects/Mahsa/datasets/grid/test/s30/bwiq2a.mpg,73,223,1.2785459756851196,0.7526709693446895
73,8,/home/nabizadz/Projects/Mahsa/datasets/grid/test/s30/sbae2a.mpg,34,184,1.2100822925567627,0.7320839671789064
73,9,/home/nabizadz/Projects/Mahsa/datasets/grid/test/s30/bbav7p.mpg,19,169,1.1416937112808228,0.6531977412141147
73,10,/home/nabizadz/Projects/Mahsa/datasets/grid/test/s30/sbij9n.mpg,3,153,1.2774401903152466,0.8217213918011215
73,11,/home/nabizadz/Projects/Mahsa/datasets/grid/test/s30/bbii4s.mpg,75,225,1.2343907356262207,0.6350926781746348
73,12,/home/nabizadz/Projects/Mahsa/datasets/grid/test/s30/lbwo5p.mpg,4,154,1.4669935703277588,0.8184556144629286
73,13,/home/nabizadz/Projects/Mahsa/datasets/grid/test/s30/bric6s.mpg,112,262,1.2157076597213745,0.6871999545248488
73,14,/home/nabizadz/Projects/Mahsa/datasets/grid/test/s30/brwx9n.mpg,109,259,1.5200858116149902,0.6919278285464713
73,15,/home/nabizadz/Projects/Mahsa/datasets/grid/test/s30/lrbi4a.mpg,101,251,1.6733092069625854,0.6581133013158675
74,0,/home/nabizadz/Projects/Mahsa/datasets/grid/test/s30/sbay2s.mpg,31,181,1.1584380865097046,0.7566076765460121
74,1,/home/nabizadz/Projects/Mahsa/datasets/grid/test/s30/lbau1p.mpg,86,236,1.2443982362747192,0.4072736857622931
74,2,/home/nabizadz/Projects/Mahsa/datasets/grid/test/s30/lwwdza.mpg,116,266,1.862006664276123,0.7194586583328758
74,3,/home/nabizadz/Projects/Mahsa/datasets/grid/test/s30/swil4a.mpg,69,219,1.3013933897018433,0.7010387895872894
74,4,/home/nabizadz/Projects/Mahsa/datasets/grid/test/s30/bbap4a.mpg,5,155,1.3336960077285767,0.7186726418494651
74,5,/home/nabizadz/Projects/Mahsa/datasets/grid/test/s30/lgiv6a.mpg,36,186,1.1656341552734375,0.653154310009984
74,6,/home/nabizadz/Projects/Mahsa/datasets/grid/test/s30/prbg6s.mpg,30,180,1.1588068008422852,0.7073883381004475
74,7,/home/nabizadz/Projects/Mahsa/datasets/grid/test/s30/sgil7n.mpg,136,286,2.602060317993164,0.6041936498366953
74,8,/home/nabizadz/Projects/Mahsa/datasets/grid/test/s30/bbbc9p.mpg,57,207,1.1105167865753174,0.7559216599256859
74,9,/home/nabizadz/Projects/Mahsa/datasets/grid/test/s30/braj3n.mpg,33,183,1.3514066934585571,0.6986466778531129
74,10,/home/nabizadz/Projects/Mahsa/datasets/grid/test/s30/pbwt3p.mpg,26,176,1.1804637908935547,0.7031310858056885
74,11,/home/nabizadz/Projects/Mahsa/datasets/grid/test/s30/swil2s.mpg,114,264,1.432795763015747,0.7124863083426963
74,12,/home/nabizadz/Projects/Mahsa/datasets/grid/test/s30/lgwd4s.mpg,100,250,1.4896559715270996,0.7934863167628352
74,13,/home/nabizadz/Projects/Mahsa/datasets/grid/test/s30/lwai5p.mpg,122,272,1.5449588298797607,0.737119805339546
74,14,/home/nabizadz/Projects/Mahsa/datasets/grid/test/s30/bgiq5n.mpg,46,196,1.3677524328231812,0.6966497998039684
74,15,/home/nabizadz/Projects/Mahsa/datasets/grid/test/s30/lwao8s.mpg,64,214,1.2134969234466553,0.6969723078280109
75,0,/home/nabizadz/Projects/Mahsa/datasets/grid/test/s30/pwit3p.mpg,3,153,1.200920581817627,0.7905039401262004
75,1,/home/nabizadz/Projects/Mahsa/datasets/grid/test/s30/lrbo5n.mpg,29,179,1.177764654159546,0.672266576338124
75,2,/home/nabizadz/Projects/Mahsa/datasets/grid/test/s30/pbwt1n.mpg,28,178,1.1649222373962402,0.6301861700464093
75,3,/home/nabizadz/Projects/Mahsa/datasets/grid/test/s30/pbas3n.mpg,94,244,1.442615270614624,0.6604744938835136
75,4,/home/nabizadz/Projects/Mahsa/datasets/grid/test/s30/bbib9n.mpg,15,165,1.117992877960205,0.6737046973080475
75,5,/home/nabizadz/Projects/Mahsa/datasets/grid/test/s30/pwig4s.mpg,128,278,1.6320770978927612,0.7843676567760446
75,6,/home/nabizadz/Projects/Mahsa/datasets/grid/test/s30/swaf2s.mpg,52,202,1.140831708908081,0.7366038938350312
75,7,/home/nabizadz/Projects/Mahsa/datasets/grid/test/s30/lbwb7p.mpg,105,255,1.2973737716674805,0.6074756932580005
75,8,/home/nabizadz/Projects/Mahsa/datasets/grid/test/s30/lrbcza.mpg,56,206,1.1815557479858398,0.6113545692640107
75,9,/home/nabizadz/Projects/Mahsa/datasets/grid/test/s30/sgbt1p.mpg,145,295,1.6690683364868164,0.7260700064338692
75,10,/home/nabizadz/Projects/Mahsa/datasets/grid/test/s30/lrah8s.mpg,142,292,2.1223232746124268,0.7300224842820328
75,11,/home/nabizadz/Projects/Mahsa/datasets/grid/test/s30/bwiqzs.mpg,129,279,2.0233819484710693,0.6545215906795441
75,12,/home/nabizadz/Projects/Mahsa/datasets/grid/test/s30/srwl9p.mpg,62,212,1.7816948890686035,0.6402114801382787
75,13,/home/nabizadz/Projects/Mahsa/datasets/grid/test/s30/lgac8a.mpg,108,258,1.8230209350585938,0.7107343881031868
75,14,/home/nabizadz/Projects/Mahsa/datasets/grid/test/s30/sgam4a.mpg,72,222,1.3418844938278198,0.6289724287503137
75,15,/home/nabizadz/Projects/Mahsa/datasets/grid/test/s30/lrih6a.mpg,142,292,1.8994042873382568,0.765227125925239
76,0,/home/nabizadz/Projects/Mahsa/datasets/grid/test/s30/lgbdzs.mpg,51,201,1.196004033088684,0.5282052173510504
76,1,/home/nabizadz/Projects/Mahsa/datasets/grid/test/s30/pgbu6s.mpg,38,188,1.207857370376587,0.6462451559918998
76,2,/home/nabizadz/Projects/Mahsa/datasets/grid/test/s30/pwwh7p.mpg,125,275,1.5730185508728027,0.6794736332587542
76,3,/home/nabizadz/Projects/Mahsa/datasets/grid/test/s30/brwq7p.mpg,60,210,1.245535135269165,0.653998652178924
76,4,/home/nabizadz/Projects/Mahsa/datasets/grid/test/s30/lgbqza.mpg,125,275,2.353590965270996,0.7527294070646989
76,5,/home/nabizadz/Projects/Mahsa/datasets/grid/test/s30/sbarza.mpg,22,172,1.2221691608428955,0.5809363693682826
76,6,/home/nabizadz/Projects/Mahsa/datasets/grid/test/s30/bgwfzs.mpg,96,246,1.232669472694397,0.6121002139170052
76,7,/home/nabizadz/Projects/Mahsa/datasets/grid/test/s30/srbz3p.mpg,71,221,1.4955695867538452,0.617668688781917
76,8,/home/nabizadz/Projects/Mahsa/datasets/grid/test/s30/swbf6s.mpg,83,233,1.1481831073760986,0.6192354247970195
76,9,/home/nabizadz/Projects/Mahsa/datasets/grid/test/s30/sbwr6s.mpg,50,200,1.2101460695266724,0.7386721048475209
76,10,/home/nabizadz/Projects/Mahsa/datasets/grid/test/s30/srwl8s.mpg,15,165,1.2269155979156494,0.7047726506676546
76,11,/home/nabizadz/Projects/Mahsa/datasets/grid/test/s30/pgih1p.mpg,125,275,1.480813980102539,0.66409907483971
76,12,/home/nabizadz/Projects/Mahsa/datasets/grid/test/s30/prba4a.mpg,26,176,1.1942262649536133,0.6773671080725276
76,13,/home/nabizadz/Projects/Mahsa/datasets/grid/test/s30/lrah9p.mpg,38,188,1.1104097366333008,0.6733861403510744
76,14,/home/nabizadz/Projects/Mahsa/datasets/grid/test/s30/sbikzs.mpg,75,225,1.1736727952957153,0.6704282053627715
76,15,/home/nabizadz/Projects/Mahsa/datasets/grid/test/s30/bbbj3p.mpg,79,229,1.1949864625930786,0.605817713677566
77,0,/home/nabizadz/Projects/Mahsa/datasets/grid/test/s30/sgif4s.mpg,102,252,1.3301912546157837,0.5565389323689054
77,1,/home/nabizadz/Projects/Mahsa/datasets/grid/test/s30/lrab6a.mpg,9,159,1.1522051095962524,0.7050117650639902
77,2,/home/nabizadz/Projects/Mahsa/datasets/grid/test/s30/sgwt5p.mpg,66,216,1.2390896081924438,0.6299141423416965
77,3,/home/nabizadz/Projects/Mahsa/datasets/grid/test/s30/bbwj5n.mpg,27,177,1.140974760055542,0.4938057566141345
77,4,/home/nabizadz/Projects/Mahsa/datasets/grid/test/s30/sgagza.mpg,90,240,1.9955875873565674,0.7707396706080477
77,5,/home/nabizadz/Projects/Mahsa/datasets/grid/test/s30/pgbh7n.mpg,29,179,1.1277642250061035,0.6429665292435792
77,6,/home/nabizadz/Projects/Mahsa/datasets/grid/test/s30/pgwu9n.mpg,56,206,1.1062384843826294,0.6125038887833297
77,7,/home/nabizadz/Projects/Mahsa/datasets/grid/test/s30/srbsza.mpg,37,187,1.2092968225479126,0.6966639863233269
77,8,/home/nabizadz/Projects/Mahsa/datasets/grid/test/s30/bwwy5n.mpg,4,154,1.633172631263733,0.8242255163438579
77,9,/home/nabizadz/Projects/Mahsa/datasets/grid/test/s30/bwwe6a.mpg,5,155,1.1689066886901855,0.6772694854161646
77,10,/home/nabizadz/Projects/Mahsa/datasets/grid/test/s30/bric5n.mpg,131,281,1.6412501335144043,0.7717055122842995
77,11,/home/nabizadz/Projects/Mahsa/datasets/grid/test/s30/lbwvza.mpg,64,214,1.2446702718734741,0.5595623477274341
77,12,/home/nabizadz/Projects/Mahsa/datasets/grid/test/s30/lrwpzs.mpg,99,249,1.4387845993041992,0.653908597708445
77,13,/home/nabizadz/Projects/Mahsa/datasets/grid/test/s30/prag4a.mpg,100,250,1.537989616394043,0.8050713537674871
77,14,/home/nabizadz/Projects/Mahsa/datasets/grid/test/s30/pgwb9p.mpg,118,268,2.002737283706665,0.6994017663070635
77,15,/home/nabizadz/Projects/Mahsa/datasets/grid/test/s30/bwid2s.mpg,133,283,1.4056246280670166,0.7564749579478306
78,0,/home/nabizadz/Projects/Mahsa/datasets/grid/test/s30/lwac2a.mpg,29,179,1.1492359638214111,0.5815386855102723
78,1,/home/nabizadz/Projects/Mahsa/datasets/grid/test/s30/lrib1p.mpg,90,240,1.4109177589416504,0.598890260759283
78,2,/home/nabizadz/Projects/Mahsa/datasets/grid/test/s30/sgbm8a.mpg,68,218,1.22615385055542,0.6976375273822591
78,3,/home/nabizadz/Projects/Mahsa/datasets/grid/test/s30/pwbn6s.mpg,12,162,1.1781929731369019,0.6536075423690028
78,4,/home/nabizadz/Projects/Mahsa/datasets/grid/test/s30/pbbm3n.mpg,100,250,1.5120149850845337,0.6353190444343664
78,5,/home/nabizadz/Projects/Mahsa/datasets/grid/test/s30/pgwvzs.mpg,73,223,1.4880633354187012,0.7362045198697295
78,6,/home/nabizadz/Projects/Mahsa/datasets/grid/test/s30/lrao3p.mpg,120,270,1.7959965467453003,0.7213522419023101
78,7,/home/nabizadz/Projects/Mahsa/datasets/grid/test/s30/bgid7n.mpg,127,277,1.4928959608078003,0.7318938399067767
78,8,/home/nabizadz/Projects/Mahsa/datasets/grid/test/s30/bwax8s.mpg,93,243,1.3000565767288208,0.7448911610159141
78,9,/home/nabizadz/Projects/Mahsa/datasets/grid/test/s30/pbis1p.mpg,39,189,1.2396730184555054,0.6737990309643589
78,10,/home/nabizadz/Projects/Mahsa/datasets/grid/test/s30/lbbo2a.mpg,13,163,1.1688768863677979,0.530659970065953
78,11,/home/nabizadz/Projects/Mahsa/datasets/grid/test/s30/pgit7n.mpg,15,165,1.1504145860671997,0.6390776467119853
78,12,/home/nabizadz/Projects/Mahsa/datasets/grid/test/s30/sbid8a.mpg,69,219,1.3725183010101318,0.7149946607080258
78,13,/home/nabizadz/Projects/Mahsa/datasets/grid/test/s30/bgwl5p.mpg,133,283,1.57975172996521,0.7670424499954263
78,14,/home/nabizadz/Projects/Mahsa/datasets/grid/test/s30/briv8s.mpg,13,163,1.2720829248428345,0.5591515442278092
78,15,/home/nabizadz/Projects/Mahsa/datasets/grid/test/s30/lbin2s.mpg,67,217,1.3066043853759766,0.5587972896128184
79,0,/home/nabizadz/Projects/Mahsa/datasets/grid/test/s30/prwt8s.mpg,69,219,1.1540478467941284,0.7058567995900683
79,1,/home/nabizadz/Projects/Mahsa/datasets/grid/test/s30/lwaczs.mpg,94,244,1.1985784769058228,0.724943975991673
79,2,/home/nabizadz/Projects/Mahsa/datasets/grid/test/s30/sralzs.mpg,6,156,1.2279514074325562,0.6648196764251019
79,3,/home/nabizadz/Projects/Mahsa/datasets/grid/test/s30/pbiz6a.mpg,123,273,1.6648592948913574,0.8183385118408327
79,4,/home/nabizadz/Projects/Mahsa/datasets/grid/test/s30/bwid4a.mpg,8,158,1.143776297569275,0.7639086251763524
79,5,/home/nabizadz/Projects/Mahsa/datasets/grid/test/s30/lrbu9n.mpg,12,162,1.380018949508667,0.6816442193213579
79,6,/home/nabizadz/Projects/Mahsa/datasets/grid/test/s30/pwahza.mpg,139,289,2.7363996505737305,0.8617309519053682
79,7,/home/nabizadz/Projects/Mahsa/datasets/grid/test/s30/srak9n.mpg,29,179,1.166752576828003,0.6007263777975855
79,8,/home/nabizadz/Projects/Mahsa/datasets/grid/test/s30/bbac3n.mpg,86,236,1.2833225727081299,0.6365108311058512
79,9,/home/nabizadz/Projects/Mahsa/datasets/grid/test/s30/pbif1n.mpg,135,285,2.2896480560302734,0.7513977504843511
79,10,/home/nabizadz/Projects/Mahsa/datasets/grid/test/s30/brwd7n.mpg,19,169,1.318821668624878,0.7962679996293246
79,11,/home/nabizadz/Projects/Mahsa/datasets/grid/test/s30/lgai9n.mpg,115,265,1.3745146989822388,0.6841448029127333
79,12,/home/nabizadz/Projects/Mahsa/datasets/grid/test/s30/lbabza.mpg,150,300,3.4344351291656494,0.9066795586366151
79,13,/home/nabizadz/Projects/Mahsa/datasets/grid/test/s30/swal7p.mpg,133,283,1.538020133972168,0.7195340570942437
79,14,/home/nabizadz/Projects/Mahsa/datasets/grid/test/s30/sbwy9n.mpg,56,206,1.245761513710022,0.783514764029156
79,15,/home/nabizadz/Projects/Mahsa/datasets/grid/test/s30/bwbk3n.mpg,27,177,1.2581737041473389,0.6340062714932979
80,0,/home/nabizadz/Projects/Mahsa/datasets/grid/test/s30/swbm2a.mpg,126,276,1.8981420993804932,0.7961794763104088
80,1,/home/nabizadz/Projects/Mahsa/datasets/grid/test/s30/sbiq5p.mpg,134,284,1.4364306926727295,0.7854393884769975
80,2,/home/nabizadz/Projects/Mahsa/datasets/grid/test/s30/swir5n.mpg,42,192,1.1416133642196655,0.7542676501654824
80,3,/home/nabizadz/Projects/Mahsa/datasets/grid/test/s30/sgbg1n.mpg,18,168,1.1522231101989746,0.6888295460121863
80,4,/home/nabizadz/Projects/Mahsa/datasets/grid/test/s30/bgbk9n.mpg,24,174,1.1712541580200195,0.5170618605913956
80,5,/home/nabizadz/Projects/Mahsa/datasets/grid/test/s30/praaza.mpg,136,286,1.6319952011108398,0.6874484403314357
80,6,/home/nabizadz/Projects/Mahsa/datasets/grid/test/s30/brwq8a.mpg,138,288,1.6697628498077393,0.6484796374723094
80,7,/home/nabizadz/Projects/Mahsa/datasets/grid/test/s30/lgwx7p.mpg,99,249,1.4128707647323608,0.5979162143552902
80,8,/home/nabizadz/Projects/Mahsa/datasets/grid/test/s30/pwwozs.mpg,83,233,1.4612592458724976,0.6811833790942187
80,9,/home/nabizadz/Projects/Mahsa/datasets/grid/test/s30/swbz8s.mpg,72,222,1.1789441108703613,0.7320069082931705
80,10,/home/nabizadz/Projects/Mahsa/datasets/grid/test/s30/bgbl2a.mpg,143,293,2.5748586654663086,0.7207575981529181
80,11,/home/nabizadz/Projects/Mahsa/datasets/grid/test/s30/pbiz4s.mpg,42,192,1.1815359592437744,0.582748466315959
80,12,/home/nabizadz/Projects/Mahsa/datasets/grid/test/s30/pbbf9n.mpg,42,192,1.1542112827301025,0.706571907625921
80,13,/home/nabizadz/Projects/Mahsa/datasets/grid/test/s30/lgwx6s.mpg,2,152,1.4357014894485474,0.6219761158756557
80,14,/home/nabizadz/Projects/Mahsa/datasets/grid/test/s30/lgii5n.mpg,101,251,1.461047887802124,0.6352769874832496
80,15,/home/nabizadz/Projects/Mahsa/datasets/grid/test/s30/bgwr9p.mpg,91,241,1.2899434566497803,0.5923789024357196
81,0,/home/nabizadz/Projects/Mahsa/datasets/grid/test/s30/pbir9n.mpg,50,200,1.1825913190841675,0.5925985332172315
81,1,/home/nabizadz/Projects/Mahsa/datasets/grid/test/s30/lwio3n.mpg,14,164,1.3388490676879883,0.6011697924407806
81,2,/home/nabizadz/Projects/Mahsa/datasets/grid/test/s30/pgwo5n.mpg,39,189,1.141890048980713,0.6572393477643403
81,3,/home/nabizadz/Projects/Mahsa/datasets/grid/test/s30/pgbb4s.mpg,27,177,1.2789392471313477,0.696203170534338
81,4,/home/nabizadz/Projects/Mahsa/datasets/grid/test/s30/prif9p.mpg,115,265,1.355614423751831,0.6355204697414639
81,5,/home/nabizadz/Projects/Mahsa/datasets/grid/test/s30/pwia1p.mpg,33,183,1.2280844449996948,0.67330548996689
81,6,/home/nabizadz/Projects/Mahsa/datasets/grid/test/s30/pwba8s.mpg,14,164,1.1741491556167603,0.7073381860155746
81,7,/home/nabizadz/Projects/Mahsa/datasets/grid/test/s30/prbt3n.mpg,23,173,1.154512882232666,0.5746181420060534
81,8,/home/nabizadz/Projects/Mahsa/datasets/grid/test/s30/srwl7n.mpg,110,260,1.7064414024353027,0.4731945241301537
81,9,/home/nabizadz/Projects/Mahsa/datasets/grid/test/s30/lwai6a.mpg,48,198,1.1467148065567017,0.6192970655241513
81,10,/home/nabizadz/Projects/Mahsa/datasets/grid/test/s30/lwbc6a.mpg,102,252,1.3275057077407837,0.669908696444663
81,11,/home/nabizadz/Projects/Mahsa/datasets/grid/test/s30/bwbq7n.mpg,67,217,1.1842111349105835,0.6851711707726676
81,12,/home/nabizadz/Projects/Mahsa/datasets/grid/test/s30/lbah4a.mpg,139,289,3.2208597660064697,0.8150918972032811
81,13,/home/nabizadz/Projects/Mahsa/datasets/grid/test/s30/lbbh7p.mpg,42,192,1.1256343126296997,0.5771650496272328
81,14,/home/nabizadz/Projects/Mahsa/datasets/grid/test/s30/lbit8a.mpg,40,190,1.410075306892395,0.5693196837316986
81,15,/home/nabizadz/Projects/Mahsa/datasets/grid/test/s30/bbio8s.mpg,38,188,1.170475721359253,0.6243509185517447
82,0,/home/nabizadz/Projects/Mahsa/datasets/grid/test/s30/bwby2s.mpg,23,173,1.1427406072616577,0.5856987610233872
82,1,/home/nabizadz/Projects/Mahsa/datasets/grid/test/s30/lgwx8a.mpg,87,237,1.3564376831054688,0.7111177970207594
82,2,/home/nabizadz/Projects/Mahsa/datasets/grid/test/s30/bwakzs.mpg,119,269,1.4338690042495728,0.6975521831403957
82,3,/home/nabizadz/Projects/Mahsa/datasets/grid/test/s30/sbbe5p.mpg,61,211,1.2090719938278198,0.6076596542250482
82,4,/home/nabizadz/Projects/Mahsa/datasets/grid/test/s30/sbak6a.mpg,123,273,1.4220234155654907,0.7397369212767704
82,5,/home/nabizadz/Projects/Mahsa/datasets/grid/test/s30/lrao4a.mpg,41,191,1.1981487274169922,0.7307648329355073
82,6,/home/nabizadz/Projects/Mahsa/datasets/grid/test/s30/sbaezs.mpg,101,251,1.416212558746338,0.7177044252185923
82,7,/home/nabizadz/Projects/Mahsa/datasets/grid/test/s30/bbap2s.mpg,51,201,1.212733268737793,0.5918173629660651
82,8,/home/nabizadz/Projects/Mahsa/datasets/grid/test/s30/bwiq1p.mpg,95,245,1.2818174362182617,0.6630122615015211
82,9,/home/nabizadz/Projects/Mahsa/datasets/grid/test/s30/swil3p.mpg,21,171,1.2626680135726929,0.6829375874546025
82,10,/home/nabizadz/Projects/Mahsa/datasets/grid/test/s30/lwao7n.mpg,118,268,2.626039743423462,0.6339995710319715
82,11,/home/nabizadz/Projects/Mahsa/datasets/grid/test/s30/pratzs.mpg,112,262,1.586738109588623,0.6689952740354793
82,12,/home/nabizadz/Projects/Mahsa/datasets/grid/test/s30/bwbezs.mpg,33,183,1.2180315256118774,0.7182733861735933
82,13,/home/nabizadz/Projects/Mahsa/datasets/grid/test/s30/prim3p.mpg,6,156,1.171622395515442,0.7005542554007238
82,14,/home/nabizadz/Projects/Mahsa/datasets/grid/test/s30/sgis2s.mpg,92,242,1.558534860610962,0.6709259755705667
82,15,/home/nabizadz/Projects/Mahsa/datasets/grid/test/s30/swizzs.mpg,144,294,2.0590426921844482,0.6832442698281277
83,0,/home/nabizadz/Projects/Mahsa/datasets/grid/test/s30/pbam2a.mpg,144,294,2.0503718852996826,0.7614466650225423
83,1,/home/nabizadz/Projects/Mahsa/datasets/grid/test/s30/sgwg7p.mpg,6,156,1.2872443199157715,0.7325381946650326
83,2,/home/nabizadz/Projects/Mahsa/datasets/grid/test/s30/lgbd2a.mpg,59,209,1.348707914352417,0.7076925595964794
83,3,/home/nabizadz/Projects/Mahsa/datasets/grid/test/s30/pgbo2s.mpg,142,292,1.892246127128601,0.8564783187744774
83,4,/home/nabizadz/Projects/Mahsa/datasets/grid/test/s30/lbbb2s.mpg,77,227,1.6157125234603882,0.631286060456046
83,5,/home/nabizadz/Projects/Mahsa/datasets/grid/test/s30/pgaa9n.mpg,63,213,1.25377357006073,0.5898037228347426
83,6,/home/nabizadz/Projects/Mahsa/datasets/grid/test/s30/pbil5n.mpg,41,191,1.1804585456848145,0.6012276489432242
83,7,/home/nabizadz/Projects/Mahsa/datasets/grid/test/s30/lbin4a.mpg,113,263,2.1430232524871826,0.8021585598101474
83,8,/home/nabizadz/Projects/Mahsa/datasets/grid/test/s30/lbwb8a.mpg,128,278,1.8595988750457764,0.7044581702055563
83,9,/home/nabizadz/Projects/Mahsa/datasets/grid/test/s30/sbbr2s.mpg,35,185,1.1291826963424683,0.657279913483105
83,10,/home/nabizadz/Projects/Mahsa/datasets/grid/test/s30/lbwb6s.mpg,17,167,1.2865443229675293,0.6703754384159916
83,11,/home/nabizadz/Projects/Mahsa/datasets/grid/test/s30/srbf1p.mpg,125,275,1.6321271657943726,0.6025404825015467
83,12,/home/nabizadz/Projects/Mahsa/datasets/grid/test/s30/braj4s.mpg,141,291,1.347032070159912,0.8151155428869632
83,13,/home/nabizadz/Projects/Mahsa/datasets/grid/test/s30/prbt4s.mpg,45,195,1.1873447895050049,0.7014198892267842
83,14,/home/nabizadz/Projects/Mahsa/datasets/grid/test/s30/bwwy8a.mpg,54,204,1.1175018548965454,0.5654432249505541
83,15,/home/nabizadz/Projects/Mahsa/datasets/grid/test/s30/lwav3p.mpg,48,198,1.3548086881637573,0.6882585739548542
84,0,/home/nabizadz/Projects/Mahsa/datasets/grid/test/s30/lban6s.mpg,105,255,1.3260908126831055,0.6860191015457091
84,1,/home/nabizadz/Projects/Mahsa/datasets/grid/test/s30/pbwm7n.mpg,51,201,1.1822744607925415,0.6906832382202714
84,2,/home/nabizadz/Projects/Mahsa/datasets/grid/test/s30/swar9n.mpg,97,247,1.6606365442276,0.5898663429431897
84,3,/home/nabizadz/Projects/Mahsa/datasets/grid/test/s30/lrin7n.mpg,36,186,1.1515707969665527,0.5128587736526191
84,4,/home/nabizadz/Projects/Mahsa/datasets/grid/test/s30/sgwn1p.mpg,69,219,1.3316057920455933,0.5906869678996346
84,5,/home/nabizadz/Projects/Mahsa/datasets/grid/test/s30/prwa5n.mpg,142,292,2.5297679901123047,0.7756154350508693
84,6,/home/nabizadz/Projects/Mahsa/datasets/grid/test/s30/lgwq1n.mpg,84,234,1.7796440124511719,0.6824984028872932
84,7,/home/nabizadz/Projects/Mahsa/datasets/grid/test/s30/pwig5p.mpg,8,158,1.223402738571167,0.7957041632184918
84,8,/home/nabizadz/Projects/Mahsa/datasets/grid/test/s30/pgab1p.mpg,138,288,1.503462314605713,0.7083207810349227
84,9,/home/nabizadz/Projects/Mahsa/datasets/grid/test/s30/lrbo6s.mpg,134,284,1.9584383964538574,0.5911122374921389
84,10,/home/nabizadz/Projects/Mahsa/datasets/grid/test/s30/pwbn7p.mpg,101,251,1.4243651628494263,0.6382464576215834
84,11,/home/nabizadz/Projects/Mahsa/datasets/grid/test/s30/pwig6a.mpg,6,156,1.1702349185943604,0.683149874706578
84,12,/home/nabizadz/Projects/Mahsa/datasets/grid/test/s30/lwbc5p.mpg,50,200,1.282299518585205,0.635629267706378
84,13,/home/nabizadz/Projects/Mahsa/datasets/grid/test/s30/swbmzs.mpg,127,277,1.5385932922363281,0.7043127792992394
84,14,/home/nabizadz/Projects/Mahsa/datasets/grid/test/s30/lgiv4s.mpg,132,282,1.6238479614257812,0.780840167706896
84,15,/home/nabizadz/Projects/Mahsa/datasets/grid/test/s30/lgwd6a.mpg,39,189,1.1747592687606812,0.6637704156325465
85,0,/home/nabizadz/Projects/Mahsa/datasets/grid/test/s30/bwbd9n.mpg,123,273,1.556929588317871,0.7041604794637871
85,1,/home/nabizadz/Projects/Mahsa/datasets/grid/test/s30/sbbk8s.mpg,54,204,1.309597373008728,0.7209676842194832
85,2,/home/nabizadz/Projects/Mahsa/datasets/grid/test/s30/sbblza.mpg,145,295,1.4456515312194824,0.714215032468219
85,3,/home/nabizadz/Projects/Mahsa/datasets/grid/test/s30/lrwi7p.mpg,73,223,1.252886414527893,0.6404574862202085
85,4,/home/nabizadz/Projects/Mahsa/datasets/grid/test/s30/sriq9n.mpg,56,206,1.323468565940857,0.6778519641090983
85,5,/home/nabizadz/Projects/Mahsa/datasets/grid/test/s30/bbav6s.mpg,90,240,1.2846580743789673,0.710799241330895
85,6,/home/nabizadz/Projects/Mahsa/datasets/grid/test/s30/bwwy7p.mpg,34,184,1.1706300973892212,0.64913626049622
85,7,/home/nabizadz/Projects/Mahsa/datasets/grid/test/s30/lbia3n.mpg,83,233,1.6345248222351074,0.6630522154544083
85,8,/home/nabizadz/Projects/Mahsa/datasets/grid/test/s30/sbwz2a.mpg,62,212,1.1588659286499023,0.7044760541693715
85,9,/home/nabizadz/Projects/Mahsa/datasets/grid/test/s30/brijzs.mpg,105,255,1.693772554397583,0.7209897069277124
85,10,/home/nabizadz/Projects/Mahsa/datasets/grid/test/s30/sgbt2a.mpg,68,218,1.282697081565857,0.7163875874827117
85,11,/home/nabizadz/Projects/Mahsa/datasets/grid/test/s30/bbwx5p.mpg,44,194,1.2208813428878784,0.731527758596691
85,12,/home/nabizadz/Projects/Mahsa/datasets/grid/test/s30/sgwa4a.mpg,88,238,1.4673124551773071,0.6999600625250023
85,13,/home/nabizadz/Projects/Mahsa/datasets/grid/test/s30/prwa8a.mpg,37,187,1.168604850769043,0.7612937535965357
85,14,/home/nabizadz/Projects/Mahsa/datasets/grid/test/s30/lwao9p.mpg,65,215,1.2230556011199951,0.6715798914163418
85,15,/home/nabizadz/Projects/Mahsa/datasets/grid/test/s30/bgiy2a.mpg,81,231,1.2737722396850586,0.5731509316958683
86,0,/home/nabizadz/Projects/Mahsa/datasets/grid/test/s30/swwtza.mpg,48,198,1.1470178365707397,0.6910322249889034
86,1,/home/nabizadz/Projects/Mahsa/datasets/grid/test/s30/pras9n.mpg,103,253,1.9909248352050781,0.7239436720123416
86,2,/home/nabizadz/Projects/Mahsa/datasets/grid/test/s30/sgiz8a.mpg,53,203,1.2184743881225586,0.6815153633316363
86,3,/home/nabizadz/Projects/Mahsa/datasets/grid/test/s30/lgwd3n.mpg,93,243,1.3843694925308228,0.6945701625681243
86,4,/home/nabizadz/Projects/Mahsa/datasets/grid/test/s30/bgar2a.mpg,142,292,2.106309413909912,0.8138959346928555
86,5,/home/nabizadz/Projects/Mahsa/datasets/grid/test/s30/srik6s.mpg,127,277,1.4840728044509888,0.8029260084082835
86,6,/home/nabizadz/Projects/Mahsa/datasets/grid/test/s30/bwix5p.mpg,74,224,1.1537903547286987,0.6785067366944051
86,7,/home/nabizadz/Projects/Mahsa/datasets/grid/test/s30/pwba7n.mpg,65,215,1.155718445777893,0.6763008688087347
86,8,/home/nabizadz/Projects/Mahsa/datasets/grid/test/s30/pgah3n.mpg,75,225,1.4094182252883911,0.5516726202852741
86,9,/home/nabizadz/Projects/Mahsa/datasets/grid/test/s30/lrau6s.mpg,115,265,1.282181978225708,0.6487205504968742
86,10,/home/nabizadz/Projects/Mahsa/datasets/grid/test/s30/bgay6a.mpg,72,222,1.1614340543746948,0.7128122819245284
86,11,/home/nabizadz/Projects/Mahsa/datasets/grid/test/s30/lgbc9n.mpg,37,187,1.1174503564834595,0.6062929592249745
86,12,/home/nabizadz/Projects/Mahsa/datasets/grid/test/s30/sbby5n.mpg,107,257,1.2524199485778809,0.7533011148345826
86,13,/home/nabizadz/Projects/Mahsa/datasets/grid/test/s30/lwwc9p.mpg,67,217,1.1883912086486816,0.6622187808294151
86,14,/home/nabizadz/Projects/Mahsa/datasets/grid/test/s30/srbe9n.mpg,149,299,2.542020797729492,0.7936155625898241
86,15,/home/nabizadz/Projects/Mahsa/datasets/grid/test/s30/lgap5p.mpg,32,182,1.2155742645263672,0.7321960305498204
87,0,/home/nabizadz/Projects/Mahsa/datasets/grid/test/s30/sbbe3n.mpg,128,278,2.3950114250183105,0.7528716059689518
87,1,/home/nabizadz/Projects/Mahsa/datasets/grid/test/s30/brwy2a.mpg,93,243,1.3070461750030518,0.7171112809614966
87,2,/home/nabizadz/Projects/Mahsa/datasets/grid/test/s30/pgbo1n.mpg,84,234,1.354501485824585,0.6340576019710208
87,3,/home/nabizadz/Projects/Mahsa/datasets/grid/test/s30/bbai8s.mpg,110,260,1.4357388019561768,0.7216960996799352
87,4,/home/nabizadz/Projects/Mahsa/datasets/grid/test/s30/brwq5n.mpg,37,187,1.194968819618225,0.8221397915850315
87,5,/home/nabizadz/Projects/Mahsa/datasets/grid/test/s30/prwg9n.mpg,82,232,1.4915848970413208,0.7508290544538797
87,6,/home/nabizadz/Projects/Mahsa/datasets/grid/test/s30/prba3p.mpg,7,157,1.2153728008270264,0.6861272096857239
87,7,/home/nabizadz/Projects/Mahsa/datasets/grid/test/s30/bgby7n.mpg,5,155,1.3097455501556396,0.6731699495849419
87,8,/home/nabizadz/Projects/Mahsa/datasets/grid/test/s30/pgwcza.mpg,50,200,1.3376374244689941,0.5819803658085145
87,9,/home/nabizadz/Projects/Mahsa/datasets/grid/test/s30/bwak2a.mpg,148,298,2.5689780712127686,0.8039745290079986
87,10,/home/nabizadz/Projects/Mahsa/datasets/grid/test/s30/lgbj4s.mpg,107,257,1.9367730617523193,0.6845140619165228
87,11,/home/nabizadz/Projects/Mahsa/datasets/grid/test/s30/sgis4a.mpg,30,180,1.1501376628875732,0.6669687220400319
87,12,/home/nabizadz/Projects/Mahsa/datasets/grid/test/s30/lgap3n.mpg,66,216,1.1804471015930176,0.7204124212551388
87,13,/home/nabizadz/Projects/Mahsa/datasets/grid/test/s30/sgwt6a.mpg,99,249,1.1608977317810059,0.6441012223779415
87,14,/home/nabizadz/Projects/Mahsa/datasets/grid/test/s30/lgaxza.mpg,86,236,1.2821482419967651,0.7228205514862162
87,15,/home/nabizadz/Projects/Mahsa/datasets/grid/test/s30/lwac1p.mpg,116,266,1.7202000617980957,0.6032670263114307
88,0,/home/nabizadz/Projects/Mahsa/datasets/grid/test/s30/pbwt4a.mpg,135,285,2.2388570308685303,0.7650629445832492
88,1,/home/nabizadz/Projects/Mahsa/datasets/grid/test/s30/lbwi1p.mpg,81,231,1.6956915855407715,0.6014685012930195
88,2,/home/nabizadz/Projects/Mahsa/datasets/grid/test/s30/pgwi1n.mpg,74,224,1.7687969207763672,0.5391518920963981
88,3,/home/nabizadz/Projects/Mahsa/datasets/grid/test/s30/brbq2s.mpg,137,287,1.5107111930847168,0.7383944454435515
88,4,/home/nabizadz/Projects/Mahsa/datasets/grid/test/s30/lbah1n.mpg,112,262,2.023730516433716,0.7470926457160655
88,5,/home/nabizadz/Projects/Mahsa/datasets/grid/test/s30/sgis3p.mpg,114,264,1.3926753997802734,0.6475717421634332
88,6,/home/nabizadz/Projects/Mahsa/datasets/grid/test/s30/sgas6s.mpg,95,245,1.3527863025665283,0.7070935818249333
88,7,/home/nabizadz/Projects/Mahsa/datasets/grid/test/s30/bwwe3n.mpg,127,277,2.0017292499542236,0.6689125470627798
88,8,/home/nabizadz/Projects/Mahsa/datasets/grid/test/s30/pbas6a.mpg,49,199,1.1642439365386963,0.5966992916777526
88,9,/home/nabizadz/Projects/Mahsa/datasets/grid/test/s30/lbwu9p.mpg,4,154,1.167456865310669,0.6659244585607789
88,10,/home/nabizadz/Projects/Mahsa/datasets/grid/test/s30/brap8s.mpg,34,184,1.1365395784378052,0.6924101851344966
88,11,/home/nabizadz/Projects/Mahsa/datasets/grid/test/s30/pbbtza.mpg,1,151,1.2450302839279175,0.7999744916922951
88,12,/home/nabizadz/Projects/Mahsa/datasets/grid/test/s30/bwwe5p.mpg,84,234,1.347884178161621,0.6797280517710246
88,13,/home/nabizadz/Projects/Mahsa/datasets/grid/test/s30/bbac6a.mpg,115,265,1.3176186084747314,0.7287549664340888
88,14,/home/nabizadz/Projects/Mahsa/datasets/grid/test/s30/pwit1n.mpg,113,263,1.736835241317749,0.5592212540200909
88,15,/home/nabizadz/Projects/Mahsa/datasets/grid/test/s30/lria9n.mpg,130,280,2.6718366146087646,0.6008559457664325
89,0,/home/nabizadz/Projects/Mahsa/datasets/grid/test/s30/sbwe7n.mpg,110,260,1.6319267749786377,0.6977736710245371
89,1,/home/nabizadz/Projects/Mahsa/datasets/grid/test/s30/sgwt4s.mpg,110,260,1.5198830366134644,0.7240416080997782
89,2,/home/nabizadz/Projects/Mahsa/datasets/grid/test/s30/pbil6s.mpg,148,298,1.9051387310028076,0.82762371161463
89,3,/home/nabizadz/Projects/Mahsa/datasets/grid/test/s30/lrbi2s.mpg,130,280,1.575622320175171,0.7766210587897205
89,4,/home/nabizadz/Projects/Mahsa/datasets/grid/test/s30/bgbzza.mpg,93,243,1.4052550792694092,0.6495451698083239
89,5,/home/nabizadz/Projects/Mahsa/datasets/grid/test/s30/bgwl6a.mpg,25,175,1.1095753908157349,0.5555943839107662
89,6,/home/nabizadz/Projects/Mahsa/datasets/grid/test/s30/pgig9n.mpg,0,150,1.192083716392517,0.7144006893278593
89,7,/home/nabizadz/Projects/Mahsa/datasets/grid/test/s30/sbaq7n.mpg,82,232,1.2100716829299927,0.7127059123414378
89,8,/home/nabizadz/Projects/Mahsa/datasets/grid/test/s30/lban5n.mpg,102,252,1.5299358367919922,0.6323220915307739
89,9,/home/nabizadz/Projects/Mahsa/datasets/grid/test/s30/pwig3n.mpg,93,243,1.6128559112548828,0.6213681798600162
89,10,/home/nabizadz/Projects/Mahsa/datasets/grid/test/s30/pwinza.mpg,69,219,1.357474684715271,0.6639026055625484
89,11,/home/nabizadz/Projects/Mahsa/datasets/grid/test/s30/pwan3p.mpg,39,189,1.1410305500030518,0.6259787370592007
89,12,/home/nabizadz/Projects/Mahsa/datasets/grid/test/s30/brwk1n.mpg,45,195,1.116073489189148,0.6112237145851811
89,13,/home/nabizadz/Projects/Mahsa/datasets/grid/test/s30/sgiz6s.mpg,103,253,1.2191979885101318,0.7179985233094346
89,14,/home/nabizadz/Projects/Mahsa/datasets/grid/test/s30/pwim9p.mpg,112,262,1.543230414390564,0.6195123320547566
89,15,/home/nabizadz/Projects/Mahsa/datasets/grid/test/s30/sbwl4a.mpg,20,170,1.1862475872039795,0.5904545304161319
90,0,/home/nabizadz/Projects/Mahsa/datasets/grid/test/s30/lribzs.mpg,90,240,1.7124252319335938,0.5763724427794237
90,1,/home/nabizadz/Projects/Mahsa/datasets/grid/test/s30/lraiza.mpg,111,261,1.5198094844818115,0.6696377287427525
90,2,/home/nabizadz/Projects/Mahsa/datasets/grid/test/s30/lwwp5n.mpg,91,241,1.5127100944519043,0.6730383992817144
90,3,/home/nabizadz/Projects/Mahsa/datasets/grid/test/s30/lgaj1p.mpg,68,218,1.2957183122634888,0.6869136110971575
90,4,/home/nabizadz/Projects/Mahsa/datasets/grid/test/s30/bgae2s.mpg,63,213,1.120263934135437,0.5701461207142352
90,5,/home/nabizadz/Projects/Mahsa/datasets/grid/test/s30/bwwy6s.mpg,14,164,1.1635042428970337,0.7881968020283369
90,6,/home/nabizadz/Projects/Mahsa/datasets/grid/test/s30/briv9p.mpg,102,252,1.2452104091644287,0.6303494501479096
90,7,/home/nabizadz/Projects/Mahsa/datasets/grid/test/s30/srwz8a.mpg,109,259,1.489891767501831,0.6164624200110687
90,8,/home/nabizadz/Projects/Mahsa/datasets/grid/test/s30/bbiv3p.mpg,110,260,1.835488200187683,0.7394052141623869
90,9,/home/nabizadz/Projects/Mahsa/datasets/grid/test/s30/sgwn2a.mpg,7,157,1.3618193864822388,0.8633467629751993
90,10,/home/nabizadz/Projects/Mahsa/datasets/grid/test/s30/prim2s.mpg,66,216,1.1816956996917725,0.6565724020287854
90,11,/home/nabizadz/Projects/Mahsa/datasets/grid/test/s30/srbr9p.mpg,33,183,1.2485846281051636,0.6043796160434883
90,12,/home/nabizadz/Projects/Mahsa/datasets/grid/test/s30/bbii6a.mpg,81,231,1.2785608768463135,0.6526537844951597
90,13,/home/nabizadz/Projects/Mahsa/datasets/grid/test/s30/lwwp8a.mpg,145,295,1.7469438314437866,0.6951624833419071
90,14,/home/nabizadz/Projects/Mahsa/datasets/grid/test/s30/pbaz8s.mpg,112,262,1.649242877960205,0.7058546702460244
90,15,/home/nabizadz/Projects/Mahsa/datasets/grid/test/s30/pwat8a.mpg,62,212,1.2753863334655762,0.814448630393614
91,0,/home/nabizadz/Projects/Mahsa/datasets/grid/test/s30/bbajza.mpg,50,200,1.169281005859375,0.5668931371935514
91,1,/home/nabizadz/Projects/Mahsa/datasets/grid/test/s30/bbii3n.mpg,67,217,1.3612654209136963,0.6657881353948913
91,2,/home/nabizadz/Projects/Mahsa/datasets/grid/test/s30/pbaf5n.mpg,51,201,1.2274490594863892,0.7007722168326014
91,3,/home/nabizadz/Projects/Mahsa/datasets/grid/test/s30/braqza.mpg,30,180,1.2476269006729126,0.6654600447517612
91,4,/home/nabizadz/Projects/Mahsa/datasets/grid/test/s30/lbaa9p.mpg,86,236,1.8577260971069336,0.5859094167694961
91,5,/home/nabizadz/Projects/Mahsa/datasets/grid/test/s30/sgbm5n.mpg,72,222,1.3233565092086792,0.6897148432776055
91,6,/home/nabizadz/Projects/Mahsa/datasets/grid/test/s30/pwag8s.mpg,109,259,1.428318738937378,0.7052543453191227
91,7,/home/nabizadz/Projects/Mahsa/datasets/grid/test/s30/sray7n.mpg,125,275,1.8406398296356201,0.8325062898990101
91,8,/home/nabizadz/Projects/Mahsa/datasets/grid/test/s30/lbaa8s.mpg,130,280,1.8685996532440186,0.7694989060671387
91,9,/home/nabizadz/Projects/Mahsa/datasets/grid/test/s30/lwih9n.mpg,105,255,1.763592004776001,0.5527934413670161
91,10,/home/nabizadz/Projects/Mahsa/datasets/grid/test/s30/pwbn5n.mpg,17,167,1.1098240613937378,0.5866353981522039
91,11,/home/nabizadz/Projects/Mahsa/datasets/grid/test/s30/lrau8a.mpg,59,209,1.1788352727890015,0.5513511209929187
91,12,/home/nabizadz/Projects/Mahsa/datasets/grid/test/s30/bbbxzs.mpg,76,226,1.2153499126434326,0.6855439472183924
91,13,/home/nabizadz/Projects/Mahsa/datasets/grid/test/s30/pbil7p.mpg,21,171,1.2579543590545654,0.6252860151441196
91,14,/home/nabizadz/Projects/Mahsa/datasets/grid/test/s30/bbio9p.mpg,88,238,1.607046127319336,0.5347648652305177
91,15,/home/nabizadz/Projects/Mahsa/datasets/grid/test/s30/lbbu5p.mpg,124,274,2.40326189994812,0.7033732392058847
92,0,/home/nabizadz/Projects/Mahsa/datasets/grid/test/s30/bwayza.mpg,44,194,1.1964094638824463,0.7252927458740471
92,1,/home/nabizadz/Projects/Mahsa/datasets/grid/test/s30/lriu1n.mpg,143,293,1.5576844215393066,0.7194980878011534
92,2,/home/nabizadz/Projects/Mahsa/datasets/grid/test/s30/bbwq2a.mpg,104,254,1.217546820640564,0.6135827175183289
92,3,/home/nabizadz/Projects/Mahsa/datasets/grid/test/s30/srbz1n.mpg,44,194,1.1318702697753906,0.571214971783863
92,4,/home/nabizadz/Projects/Mahsa/datasets/grid/test/s30/lgwq3p.mpg,108,258,1.3125553131103516,0.6551053522405451
92,5,/home/nabizadz/Projects/Mahsa/datasets/grid/test/s30/lrbb7n.mpg,97,247,1.3630456924438477,0.6837842144339661
92,6,/home/nabizadz/Projects/Mahsa/datasets/grid/test/s30/lrwi8a.mpg,44,194,1.5670881271362305,0.6876689024287007
92,7,/home/nabizadz/Projects/Mahsa/datasets/grid/test/s30/srar6a.mpg,129,279,1.855024814605713,0.7673820450737558
92,8,/home/nabizadz/Projects/Mahsa/datasets/grid/test/s30/bbwqzs.mpg,149,299,2.670488119125366,0.924469080069689
92,9,/home/nabizadz/Projects/Mahsa/datasets/grid/test/s30/pbwg4s.mpg,21,171,1.3337920904159546,0.7320522832184637
92,10,/home/nabizadz/Projects/Mahsa/datasets/grid/test/s30/lrih4s.mpg,149,299,2.2493135929107666,0.8130577139142737
92,11,/home/nabizadz/Projects/Mahsa/datasets/grid/test/s30/brbj7n.mpg,76,226,1.1254206895828247,0.7067492746450565
92,12,/home/nabizadz/Projects/Mahsa/datasets/grid/test/s30/pwaa3n.mpg,10,160,1.2055306434631348,0.7949369624874613
92,13,/home/nabizadz/Projects/Mahsa/datasets/grid/test/s30/lgac5n.mpg,51,201,1.1310358047485352,0.5354956061844515
92,14,/home/nabizadz/Projects/Mahsa/datasets/grid/test/s30/bgwz3p.mpg,79,229,1.5643291473388672,0.6184104935796441
92,15,/home/nabizadz/Projects/Mahsa/datasets/grid/test/s30/sbay1n.mpg,53,203,1.4347789287567139,0.6185147908394456
93,0,/home/nabizadz/Projects/Mahsa/datasets/grid/test/s30/pwag9p.mpg,63,213,1.615685224533081,0.5876604153600146
93,1,/home/nabizadz/Projects/Mahsa/datasets/grid/test/s30/lgav9p.mpg,115,265,1.401163101196289,0.6948395288273165
93,2,/home/nabizadz/Projects/Mahsa/datasets/grid/test/s30/bwbk5p.mpg,92,242,1.3649508953094482,0.6917610729938622
93,3,/home/nabizadz/Projects/Mahsa/datasets/grid/test/s30/srar3n.mpg,88,238,2.1869943141937256,0.6711046391029566
93,4,/home/nabizadz/Projects/Mahsa/datasets/grid/test/s30/bbbc8s.mpg,19,169,1.207905888557434,0.7079862395934332
93,5,/home/nabizadz/Projects/Mahsa/datasets/grid/test/s30/sgas5n.mpg,110,260,1.3219294548034668,0.786615208898674
93,6,/home/nabizadz/Projects/Mahsa/datasets/grid/test/s30/prag3p.mpg,86,236,1.382215142250061,0.6864610191012209
93,7,/home/nabizadz/Projects/Mahsa/datasets/grid/test/s30/lwbi8s.mpg,9,159,1.2507256269454956,0.5586393320175808
93,8,/home/nabizadz/Projects/Mahsa/datasets/grid/test/s30/sbwl1n.mpg,124,274,1.7251766920089722,0.5908641586881354
93,9,/home/nabizadz/Projects/Mahsa/datasets/grid/test/s30/lwwj1n.mpg,79,229,1.3591704368591309,0.6760384406368396
93,10,/home/nabizadz/Projects/Mahsa/datasets/grid/test/s30/srir1p.mpg,25,175,1.2180869579315186,0.5363371370984595
93,11,/home/nabizadz/Projects/Mahsa/datasets/grid/test/s30/pgwi3p.mpg,3,153,1.3517006635665894,0.82568458392193
93,12,/home/nabizadz/Projects/Mahsa/datasets/grid/test/s30/lwbv5n.mpg,49,199,1.1600366830825806,0.6022019948034246
93,13,/home/nabizadz/Projects/Mahsa/datasets/grid/test/s30/prwn4s.mpg,82,232,1.4730541706085205,0.6010992374229885
93,14,/home/nabizadz/Projects/Mahsa/datasets/grid/test/s30/pwaa4s.mpg,39,189,1.2293727397918701,0.7644765070610746
93,15,/home/nabizadz/Projects/Mahsa/datasets/grid/test/s30/sgbg3p.mpg,116,266,1.5124560594558716,0.7505269535448159
94,0,/home/nabizadz/Projects/Mahsa/datasets/grid/test/s30/sgiz5n.mpg,144,294,2.6650121212005615,0.6804502552712787
94,1,/home/nabizadz/Projects/Mahsa/datasets/grid/test/s30/lgiv5p.mpg,106,256,1.9789767265319824,0.6851344714914871
94,2,/home/nabizadz/Projects/Mahsa/datasets/grid/test/s30/pwan2s.mpg,50,200,1.1629163026809692,0.5952005616720953
94,3,/home/nabizadz/Projects/Mahsa/datasets/grid/test/s30/pgia5n.mpg,66,216,1.3018206357955933,0.5336232721281207
94,4,/home/nabizadz/Projects/Mahsa/datasets/grid/test/s30/prwa6s.mpg,43,193,1.1369290351867676,0.6831466208473408
94,5,/home/nabizadz/Projects/Mahsa/datasets/grid/test/s30/lrwv3n.mpg,10,160,1.2039417028427124,0.5515484720528331
94,6,/home/nabizadz/Projects/Mahsa/datasets/grid/test/s30/bbac5p.mpg,108,258,1.7818498611450195,0.7170227431776766
94,7,/home/nabizadz/Projects/Mahsa/datasets/grid/test/s30/sgil8s.mpg,23,173,1.2249457836151123,0.6183890078930392
94,8,/home/nabizadz/Projects/Mahsa/datasets/grid/test/s30/pbaf7p.mpg,70,220,1.4272613525390625,0.4895906352909066
94,9,/home/nabizadz/Projects/Mahsa/datasets/grid/test/s30/bgwl4s.mpg,133,283,1.7113398313522339,0.745535506297927
94,10,/home/nabizadz/Projects/Mahsa/datasets/grid/test/s30/sgam1n.mpg,39,189,1.1800333261489868,0.6737591996543032
94,11,/home/nabizadz/Projects/Mahsa/datasets/grid/test/s30/pwiazs.mpg,74,224,1.3127079010009766,0.6381324803121253
94,12,/home/nabizadz/Projects/Mahsa/datasets/grid/test/s30/sbwr5n.mpg,149,299,1.4508776664733887,0.7528943428151884
94,13,/home/nabizadz/Projects/Mahsa/datasets/grid/test/s30/prigza.mpg,141,291,1.5611768960952759,0.7611559794928339
94,14,/home/nabizadz/Projects/Mahsa/datasets/grid/test/s30/bgay4s.mpg,91,241,1.2324656248092651,0.5541873589448538
94,15,/home/nabizadz/Projects/Mahsa/datasets/grid/test/s30/bwby1n.mpg,69,219,1.289036750793457,0.6770624913363139
95,0,/home/nabizadz/Projects/Mahsa/datasets/grid/test/s30/pwwh6s.mpg,138,288,1.7303149700164795,0.7968171616319162
95,1,/home/nabizadz/Projects/Mahsa/datasets/grid/test/s30/lgic2s.mpg,20,170,1.1815358400344849,0.7167663697949272
95,2,/home/nabizadz/Projects/Mahsa/datasets/grid/test/s30/bbiv1n.mpg,120,270,1.5728095769882202,0.5702523416645728
95,3,/home/nabizadz/Projects/Mahsa/datasets/grid/test/s30/priz9n.mpg,108,258,1.7458633184432983,0.6860519402731643
95,4,/home/nabizadz/Projects/Mahsa/datasets/grid/test/s30/swaz5p.mpg,146,296,2.479451894760132,0.7412594775985303
95,5,/home/nabizadz/Projects/Mahsa/datasets/grid/test/s30/srws4a.mpg,75,225,1.329455018043518,0.708388525073606
95,6,/home/nabizadz/Projects/Mahsa/datasets/grid/test/s30/bgid9p.mpg,55,205,1.1554341316223145,0.5173621447263729
95,7,/home/nabizadz/Projects/Mahsa/datasets/grid/test/s30/lwiu9p.mpg,20,170,1.3094923496246338,0.7574540529124466
95,8,/home/nabizadz/Projects/Mahsa/datasets/grid/test/s30/sbak3n.mpg,114,264,1.8671523332595825,0.7074541433005738
95,9,/home/nabizadz/Projects/Mahsa/datasets/grid/test/s30/pgbh8s.mpg,26,176,1.1758983135223389,0.6989482263020697
95,10,/home/nabizadz/Projects/Mahsa/datasets/grid/test/s30/pgan8s.mpg,68,218,1.2323774099349976,0.5165282195687123
95,11,/home/nabizadz/Projects/Mahsa/datasets/grid/test/s30/pwwn9n.mpg,110,260,2.06011962890625,0.5059303378396859
95,12,/home/nabizadz/Projects/Mahsa/datasets/grid/test/s30/pgia8a.mpg,120,270,1.620132565498352,0.736795238132572
95,13,/home/nabizadz/Projects/Mahsa/datasets/grid/test/s30/srws3p.mpg,96,246,1.3362581729888916,0.6705320026357927
95,14,/home/nabizadz/Projects/Mahsa/datasets/grid/test/s30/pgwb7n.mpg,88,238,1.3412442207336426,0.7616074386797468
95,15,/home/nabizadz/Projects/Mahsa/datasets/grid/test/s30/bbwd1n.mpg,109,259,1.6682937145233154,0.7386338950630238
96,0,/home/nabizadz/Projects/Mahsa/datasets/grid/test/s30/sgbtzs.mpg,97,247,1.2385622262954712,0.6847346334026394
96,1,/home/nabizadz/Projects/Mahsa/datasets/grid/test/s30/lgac6s.mpg,80,230,1.1472004652023315,0.5889063173909455
96,2,/home/nabizadz/Projects/Mahsa/datasets/grid/test/s30/brbx5n.mpg,28,178,1.1956099271774292,0.7809216677930056
96,3,/home/nabizadz/Projects/Mahsa/datasets/grid/test/s30/sbby7p.mpg,37,187,1.2733334302902222,0.6694342781329545
96,4,/home/nabizadz/Projects/Mahsa/datasets/grid/test/s30/srwf3n.mpg,102,252,1.6430050134658813,0.6657281998202854
96,5,/home/nabizadz/Projects/Mahsa/datasets/grid/test/s30/lgbx3p.mpg,108,258,1.2534849643707275,0.670442394655824
96,6,/home/nabizadz/Projects/Mahsa/datasets/grid/test/s30/sbiq3n.mpg,72,222,1.452075481414795,0.7421714114367638
96,7,/home/nabizadz/Projects/Mahsa/datasets/grid/test/s30/bgby9p.mpg,17,167,1.3484026193618774,0.711488215338941
96,8,/home/nabizadz/Projects/Mahsa/datasets/grid/test/s30/srirzs.mpg,56,206,1.251292109489441,0.6652520229696068
96,9,/home/nabizadz/Projects/Mahsa/datasets/grid/test/s30/lwbp3p.mpg,137,287,2.5141279697418213,0.7029765722749396
96,10,/home/nabizadz/Projects/Mahsa/datasets/grid/test/s30/pbaf6s.mpg,9,159,1.1979320049285889,0.6453099123703693
96,11,/home/nabizadz/Projects/Mahsa/datasets/grid/test/s30/lrbb8s.mpg,67,217,1.1641721725463867,0.7153841217107807
96,12,/home/nabizadz/Projects/Mahsa/datasets/grid/test/s30/lriu4a.mpg,3,153,1.42086660861969,0.7868270957730203
96,13,/home/nabizadz/Projects/Mahsa/datasets/grid/test/s30/lwiizs.mpg,135,285,1.6511869430541992,0.7678841521835572
96,14,/home/nabizadz/Projects/Mahsa/datasets/grid/test/s30/prat1p.mpg,128,278,1.6475460529327393,0.6956089935568537
96,15,/home/nabizadz/Projects/Mahsa/datasets/grid/test/s30/sgwg5n.mpg,58,208,1.2490004301071167,0.6973748572273837
97,0,/home/nabizadz/Projects/Mahsa/datasets/grid/test/s30/lgbp9p.mpg,35,185,1.2145822048187256,0.5966236591419836
97,1,/home/nabizadz/Projects/Mahsa/datasets/grid/test/s30/lwib7p.mpg,5,155,1.2330325841903687,0.8517679042084555
97,2,/home/nabizadz/Projects/Mahsa/datasets/grid/test/s30/bgay3n.mpg,97,247,1.2296128273010254,0.6167244828924793
97,3,/home/nabizadz/Projects/Mahsa/datasets/grid/test/s30/bwaq6a.mpg,12,162,1.1949690580368042,0.7601743534370827
97,4,/home/nabizadz/Projects/Mahsa/datasets/grid/test/s30/lwbi9p.mpg,131,281,2.3281641006469727,0.5955546743704829
97,5,/home/nabizadz/Projects/Mahsa/datasets/grid/test/s30/lgbp7n.mpg,86,236,1.3255940675735474,0.5407505654390181
97,6,/home/nabizadz/Projects/Mahsa/datasets/grid/test/s30/lgbj5p.mpg,127,277,1.4338891506195068,0.7356012530897872
97,7,/home/nabizadz/Projects/Mahsa/datasets/grid/test/s30/lrah7n.mpg,37,187,1.1747268438339233,0.6627992873131968
97,8,/home/nabizadz/Projects/Mahsa/datasets/grid/test/s30/bbwx6a.mpg,41,191,1.1439061164855957,0.6275288384869877
97,9,/home/nabizadz/Projects/Mahsa/datasets/grid/test/s30/bgwe9n.mpg,14,164,1.2152142524719238,0.5697575923577668
97,10,/home/nabizadz/Projects/Mahsa/datasets/grid/test/s30/sbid7p.mpg,33,183,1.1357918977737427,0.6297372242497327
97,11,/home/nabizadz/Projects/Mahsa/datasets/grid/test/s30/sgam2s.mpg,148,298,2.804722547531128,0.8176264406726194
97,12,/home/nabizadz/Projects/Mahsa/datasets/grid/test/s30/lwiu8s.mpg,85,235,1.4374802112579346,0.6414048017648143
97,13,/home/nabizadz/Projects/Mahsa/datasets/grid/test/s30/lbwb5n.mpg,81,231,1.5330183506011963,0.6058330489345147
97,14,/home/nabizadz/Projects/Mahsa/datasets/grid/test/s30/bgwz2s.mpg,27,177,1.209651231765747,0.6599616655955355
97,15,/home/nabizadz/Projects/Mahsa/datasets/grid/test/s30/pwaa6a.mpg,46,196,1.1022917032241821,0.7529717299775973
98,0,/home/nabizadz/Projects/Mahsa/datasets/grid/test/s30/pgia6s.mpg,105,255,1.8776925802230835,0.7179428260510247
98,1,/home/nabizadz/Projects/Mahsa/datasets/grid/test/s30/lbit6s.mpg,5,155,1.3470628261566162,0.7039819489630689
98,2,/home/nabizadz/Projects/Mahsa/datasets/grid/test/s30/prwa7p.mpg,121,271,1.3634039163589478,0.5732438261978923
98,3,/home/nabizadz/Projects/Mahsa/datasets/grid/test/s30/pgwi2s.mpg,87,237,1.343080997467041,0.7337447751325241
98,4,/home/nabizadz/Projects/Mahsa/datasets/grid/test/s30/bgik4a.mpg,37,187,1.2336783409118652,0.4330923193943398
98,5,/home/nabizadz/Projects/Mahsa/datasets/grid/test/s30/lwwp7p.mpg,33,183,1.156266212463379,0.713370811421464
98,6,/home/nabizadz/Projects/Mahsa/datasets/grid/test/s30/lwivza.mpg,108,258,1.4723315238952637,0.5501102182513341
98,7,/home/nabizadz/Projects/Mahsa/datasets/grid/test/s30/lrao2s.mpg,45,195,1.161424160003662,0.7264553566350382
98,8,/home/nabizadz/Projects/Mahsa/datasets/grid/test/s30/lban7p.mpg,130,280,1.6236376762390137,0.7421885641993295
98,9,/home/nabizadz/Projects/Mahsa/datasets/grid/test/s30/lwav4a.mpg,26,176,1.2794647216796875,0.6535380135295931
98,10,/home/nabizadz/Projects/Mahsa/datasets/grid/test/s30/srar4s.mpg,115,265,2.061367988586426,0.7404703170287625
98,11,/home/nabizadz/Projects/Mahsa/datasets/grid/test/s30/sbby8a.mpg,10,160,1.2185341119766235,0.784583748762663
98,12,/home/nabizadz/Projects/Mahsa/datasets/grid/test/s30/sbwzzs.mpg,112,262,1.6562767028808594,0.7857975236377444
98,13,/home/nabizadz/Projects/Mahsa/datasets/grid/test/s30/bbai7n.mpg,62,212,1.2121262550354004,0.5582586208089821
98,14,/home/nabizadz/Projects/Mahsa/datasets/grid/test/s30/lwwj2s.mpg,135,285,2.971870183944702,0.6552778739309686
98,15,/home/nabizadz/Projects/Mahsa/datasets/grid/test/s30/brac9n.mpg,102,252,1.467586874961853,0.6947606419329071
99,0,/home/nabizadz/Projects/Mahsa/datasets/grid/test/s30/bric7p.mpg,4,154,1.505232572555542,0.6685823067498174
99,1,/home/nabizadz/Projects/Mahsa/datasets/grid/test/s30/prba1n.mpg,36,186,1.2283028364181519,0.6685456963696889
99,2,/home/nabizadz/Projects/Mahsa/datasets/grid/test/s30/pgau2s.mpg,99,249,1.41486656665802,0.645854824376594
99,3,/home/nabizadz/Projects/Mahsa/datasets/grid/test/s30/bgbe7p.mpg,63,213,1.3836407661437988,0.62734496929182
99,4,/home/nabizadz/Projects/Mahsa/datasets/grid/test/s30/bgaq9n.mpg,56,206,1.377305507659912,0.5939786676915619
99,5,/home/nabizadz/Projects/Mahsa/datasets/grid/test/s30/lwbc4s.mpg,125,275,1.3005576133728027,0.728345843322163
99,6,/home/nabizadz/Projects/Mahsa/datasets/grid/test/s30/pgan9p.mpg,11,161,1.2336094379425049,0.7108605991112082
99,7,/home/nabizadz/Projects/Mahsa/datasets/grid/test/s30/sbid5n.mpg,119,269,1.48079514503479,0.8107170412859941
99,8,/home/nabizadz/Projects/Mahsa/datasets/grid/test/s30/lbin3p.mpg,75,225,1.2394963502883911,0.5128594051831205
99,9,/home/nabizadz/Projects/Mahsa/datasets/grid/test/s30/bbwj7p.mpg,93,243,1.34946870803833,0.6693817505820981
99,10,/home/nabizadz/Projects/Mahsa/datasets/grid/test/s30/sgwnzs.mpg,44,194,1.2383614778518677,0.546407922193555
99,11,/home/nabizadz/Projects/Mahsa/datasets/grid/test/s30/bwix6a.mpg,111,261,1.8483086824417114,0.6516065658183046
99,12,/home/nabizadz/Projects/Mahsa/datasets/grid/test/s30/pgwi4a.mpg,57,207,1.3767699003219604,0.6934842598166153
99,13,/home/nabizadz/Projects/Mahsa/datasets/grid/test/s30/sgif6a.mpg,96,246,1.578942060470581,0.6325524688742838
99,14,/home/nabizadz/Projects/Mahsa/datasets/grid/test/s30/srae8a.mpg,94,244,2.172842025756836,0.6408389923340169
99,15,/home/nabizadz/Projects/Mahsa/datasets/grid/test/s30/lrib2a.mpg,25,175,1.1562210321426392,0.7094912043502404
100,0,/home/nabizadz/Projects/Mahsa/datasets/grid/test/s30/brwk2s.mpg,129,279,1.64632248878479,0.6887667326950225
100,1,/home/nabizadz/Projects/Mahsa/datasets/grid/test/s30/prwn6a.mpg,122,272,1.5669105052947998,0.6609906459630726
100,2,/home/nabizadz/Projects/Mahsa/datasets/grid/test/s30/pbwa2a.mpg,128,278,2.213134288787842,0.6991724132221102
100,3,/home/nabizadz/Projects/Mahsa/datasets/grid/test/s30/pbwt2s.mpg,42,192,1.1711002588272095,0.6047088589043532
100,4,/home/nabizadz/Projects/Mahsa/datasets/grid/test/s30/pwwo1p.mpg,120,270,1.6520767211914062,0.561304020903358
100,5,/home/nabizadz/Projects/Mahsa/datasets/grid/test/s30/srae5n.mpg,7,157,1.176513910293579,0.6055887580290307
100,6,/home/nabizadz/Projects/Mahsa/datasets/grid/test/s30/sbak4s.mpg,93,243,1.341263771057129,0.6409404948888185
100,7,/home/nabizadz/Projects/Mahsa/datasets/grid/test/s30/bwak1p.mpg,75,225,1.610363245010376,0.6367393746121432
100,8,/home/nabizadz/Projects/Mahsa/datasets/grid/test/s30/bwbk4s.mpg,86,236,1.1543055772781372,0.6523945248510207
100,9,/home/nabizadz/Projects/Mahsa/datasets/grid/test/s30/bgid8s.mpg,73,223,1.5055667161941528,0.7423329449858915
100,10,/home/nabizadz/Projects/Mahsa/datasets/grid/test/s30/bwad6s.mpg,129,279,1.38874351978302,0.7051907886472991
100,11,/home/nabizadz/Projects/Mahsa/datasets/grid/test/s30/pgbiza.mpg,148,298,2.2000083923339844,0.8099460290739463
100,12,/home/nabizadz/Projects/Mahsa/datasets/grid/test/s30/sgimza.mpg,84,234,1.582349419593811,0.6283547542338362
100,13,/home/nabizadz/Projects/Mahsa/datasets/grid/test/s30/bgwz4a.mpg,88,238,1.2772798538208008,0.6174722545380767
100,14,/home/nabizadz/Projects/Mahsa/datasets/grid/test/s30/swwf9n.mpg,68,218,1.3527897596359253,0.7462967171449708
100,15,/home/nabizadz/Projects/Mahsa/datasets/grid/test/s30/bwwr2s.mpg,135,285,2.0238490104675293,0.7805130303486508
101,0,/home/nabizadz/Projects/Mahsa/datasets/grid/test/s30/lgic1n.mpg,92,242,1.370880126953125,0.6977693545834497
101,1,/home/nabizadz/Projects/Mahsa/datasets/grid/test/s30/bbwp9n.mpg,120,270,1.8810745477676392,0.674838587713281
101,2,/home/nabizadz/Projects/Mahsa/datasets/grid/test/s30/pgwv2a.mpg,115,265,1.5419292449951172,0.7027565202846675
101,3,/home/nabizadz/Projects/Mahsa/datasets/grid/test/s30/lgwj7n.mpg,10,160,1.2481026649475098,0.6899014680313738
101,4,/home/nabizadz/Projects/Mahsa/datasets/grid/test/s30/bgwsza.mpg,139,289,1.8512587547302246,0.7735097875047356
101,5,/home/nabizadz/Projects/Mahsa/datasets/grid/test/s30/bbwx3n.mpg,18,168,1.135277509689331,0.5339134702712237
101,6,/home/nabizadz/Projects/Mahsa/datasets/grid/test/s30/bwwr3p.mpg,50,200,1.1675541400909424,0.7364570252353979
101,7,/home/nabizadz/Projects/Mahsa/datasets/grid/test/s30/lbihza.mpg,143,293,2.1567537784576416,0.7957148551536711
101,8,/home/nabizadz/Projects/Mahsa/datasets/grid/test/s30/lriu3p.mpg,113,263,1.5083179473876953,0.6815712413255618
101,9,/home/nabizadz/Projects/Mahsa/datasets/grid/test/s30/bwad8a.mpg,47,197,1.242950439453125,0.6878564968803945
101,10,/home/nabizadz/Projects/Mahsa/datasets/grid/test/s30/pbbm4s.mpg,41,191,1.2467050552368164,0.6573388374863537
101,11,/home/nabizadz/Projects/Mahsa/datasets/grid/test/s30/pbbs8s.mpg,72,222,1.1939091682434082,0.7144268074799202
101,12,/home/nabizadz/Projects/Mahsa/datasets/grid/test/s30/pwia2a.mpg,140,290,1.6940429210662842,0.8201258720628282
101,13,/home/nabizadz/Projects/Mahsa/datasets/grid/test/s30/swwm5p.mpg,10,160,1.2065149545669556,0.793909146736015
101,14,/home/nabizadz/Projects/Mahsa/datasets/grid/test/s30/lrwv4s.mpg,49,199,1.1401742696762085,0.5390814505123734
101,15,/home/nabizadz/Projects/Mahsa/datasets/grid/test/s30/bwwk8s.mpg,149,299,2.02282452583313,0.8086748267736192
102,0,/home/nabizadz/Projects/Mahsa/datasets/grid/test/s30/lgajzs.mpg,67,217,1.2073458433151245,0.6955156148038699
102,1,/home/nabizadz/Projects/Mahsa/datasets/grid/test/s30/srbf2a.mpg,122,272,2.1081395149230957,0.7461737607937943
102,2,/home/nabizadz/Projects/Mahsa/datasets/grid/test/s30/pgau3p.mpg,118,268,1.4933582544326782,0.7104016195987575
102,3,/home/nabizadz/Projects/Mahsa/datasets/grid/test/s30/pbal9n.mpg,21,171,1.242108941078186,0.5692182145072714
102,4,/home/nabizadz/Projects/Mahsa/datasets/grid/test/s30/lrau7p.mpg,6,156,1.2633672952651978,0.7217184227824254
102,5,/home/nabizadz/Projects/Mahsa/datasets/grid/test/s30/pram7p.mpg,0,150,1.2400734424591064,0.725605053966329
102,6,/home/nabizadz/Projects/Mahsa/datasets/grid/test/s30/bwwr4a.mpg,45,195,1.244728684425354,0.6724572459146146
102,7,/home/nabizadz/Projects/Mahsa/datasets/grid/test/s30/pgan7n.mpg,103,253,1.452114224433899,0.6518266706132866
102,8,/home/nabizadz/Projects/Mahsa/datasets/grid/test/s30/lrwi5n.mpg,117,267,1.9008073806762695,0.7961172715281993
102,9,/home/nabizadz/Projects/Mahsa/datasets/grid/test/s30/lgwx5n.mpg,52,202,1.1696834564208984,0.7640835924965662
102,10,/home/nabizadz/Projects/Mahsa/datasets/grid/test/s30/pwbh2s.mpg,15,165,1.1484649181365967,0.7614107324955635
102,11,/home/nabizadz/Projects/Mahsa/datasets/grid/test/s30/lbbh5n.mpg,37,187,1.201993465423584,0.648567347682156
102,12,/home/nabizadz/Projects/Mahsa/datasets/grid/test/s30/pgwo8a.mpg,93,243,1.4427270889282227,0.6329590306925321
102,13,/home/nabizadz/Projects/Mahsa/datasets/grid/test/s30/bwbk6a.mpg,65,215,1.1333680152893066,0.5832271328107809
102,14,/home/nabizadz/Projects/Mahsa/datasets/grid/test/s30/bbbp6s.mpg,128,278,1.3531780242919922,0.716749714463182
102,15,/home/nabizadz/Projects/Mahsa/datasets/grid/test/s30/pbaf8a.mpg,19,169,1.1672663688659668,0.7304646235907143
103,0,/home/nabizadz/Projects/Mahsa/datasets/grid/test/s30/brbj9p.mpg,79,229,1.3062119483947754,0.679863076035383
103,1,/home/nabizadz/Projects/Mahsa/datasets/grid/test/s30/bgarzs.mpg,132,282,1.2118293046951294,0.6534868377083611
103,2,/home/nabizadz/Projects/Mahsa/datasets/grid/test/s30/sbwe9p.mpg,147,297,1.404578685760498,0.6811924843790997
103,3,/home/nabizadz/Projects/Mahsa/datasets/grid/test/s30/brwd8s.mpg,146,296,1.3142242431640625,0.7563355476494137
103,4,/home/nabizadz/Projects/Mahsa/datasets/grid/test/s30/pram8a.mpg,81,231,1.5940120220184326,0.6829787169999567
103,5,/home/nabizadz/Projects/Mahsa/datasets/grid/test/s30/lwwj3p.mpg,103,253,1.4509137868881226,0.6619355107030174
103,6,/home/nabizadz/Projects/Mahsa/datasets/grid/test/s30/swiz1p.mpg,149,299,2.1476263999938965,0.6580546978758344
103,7,/home/nabizadz/Projects/Mahsa/datasets/grid/test/s30/lrwv6a.mpg,122,272,1.5987861156463623,0.7919664914885357
103,8,/home/nabizadz/Projects/Mahsa/datasets/grid/test/s30/bwij8a.mpg,99,249,1.5192567110061646,0.787044243350326
103,9,/home/nabizadz/Projects/Mahsa/datasets/grid/test/s30/sbwr8a.mpg,55,205,1.1918816566467285,0.7611566981263487
103,10,/home/nabizadz/Projects/Mahsa/datasets/grid/test/s30/prbnzs.mpg,63,213,1.330732822418213,0.7164233883655853
103,11,/home/nabizadz/Projects/Mahsa/datasets/grid/test/s30/lrwp1p.mpg,95,245,1.4020994901657104,0.6238627504809464
103,12,/home/nabizadz/Projects/Mahsa/datasets/grid/test/s30/lgipzs.mpg,113,263,1.2432527542114258,0.5916410427060677
103,13,/home/nabizadz/Projects/Mahsa/datasets/grid/test/s30/bgbe8a.mpg,117,267,1.586046576499939,0.6759251281689397
103,14,/home/nabizadz/Projects/Mahsa/datasets/grid/test/s30/sbbe4s.mpg,41,191,1.2649142742156982,0.6043553136788216
103,15,/home/nabizadz/Projects/Mahsa/datasets/grid/test/s30/sgbm6s.mpg,149,299,1.7986938953399658,0.8579093111871688
104,0,/home/nabizadz/Projects/Mahsa/datasets/grid/test/s30/pbiz3n.mpg,124,274,2.436931610107422,0.8268487957132549
104,1,/home/nabizadz/Projects/Mahsa/datasets/grid/test/s30/srwf6a.mpg,101,251,1.4011684656143188,0.7623724066750102
104,2,/home/nabizadz/Projects/Mahsa/datasets/grid/test/s30/lwiu7n.mpg,126,276,2.5817441940307617,0.6106165891465906
104,3,/home/nabizadz/Projects/Mahsa/datasets/grid/test/s30/lgwj9p.mpg,92,242,1.3465583324432373,0.7060856955186954
104,4,/home/nabizadz/Projects/Mahsa/datasets/grid/test/s30/pwwu3n.mpg,108,258,1.7102458477020264,0.6566986507928623
104,5,/home/nabizadz/Projects/Mahsa/datasets/grid/test/s30/bbav8a.mpg,73,223,1.268379807472229,0.6335905392806949
104,6,/home/nabizadz/Projects/Mahsa/datasets/grid/test/s30/lgii6s.mpg,36,186,1.167155385017395,0.7325421400965283
104,7,/home/nabizadz/Projects/Mahsa/datasets/grid/test/s30/bwaj9n.mpg,64,214,1.5865018367767334,0.669896285137892
104,8,/home/nabizadz/Projects/Mahsa/datasets/grid/test/s30/sgil9p.mpg,44,194,1.1874384880065918,0.5662542223693092
104,9,/home/nabizadz/Projects/Mahsa/datasets/grid/test/s30/sbad9n.mpg,111,261,1.7835413217544556,0.7190962850384345
104,10,/home/nabizadz/Projects/Mahsa/datasets/grid/test/s30/lrih3n.mpg,33,183,1.2223775386810303,0.6121694228445446
104,11,/home/nabizadz/Projects/Mahsa/datasets/grid/test/s30/bgix9n.mpg,135,285,2.235293388366699,0.7459298726482634
104,12,/home/nabizadz/Projects/Mahsa/datasets/grid/test/s30/brap7n.mpg,69,219,1.2524584531784058,0.7122729213213652
104,13,/home/nabizadz/Projects/Mahsa/datasets/grid/test/s30/sriy3n.mpg,106,256,1.6007481813430786,0.6902397662407762
104,14,/home/nabizadz/Projects/Mahsa/datasets/grid/test/s30/lwwxzs.mpg,115,265,1.4352668523788452,0.74027747927753
104,15,/home/nabizadz/Projects/Mahsa/datasets/grid/test/s30/bwid3p.mpg,49,199,1.156997561454773,0.7127844248084196
105,0,/home/nabizadz/Projects/Mahsa/datasets/grid/test/s30/lbah2s.mpg,46,196,1.127229928970337,0.7364510031776395
105,1,/home/nabizadz/Projects/Mahsa/datasets/grid/test/s30/brbx8a.mpg,124,274,1.5277756452560425,0.7625285127348583
105,2,/home/nabizadz/Projects/Mahsa/datasets/grid/test/s30/sbwr7p.mpg,60,210,1.117990255355835,0.5332744386590672
105,3,/home/nabizadz/Projects/Mahsa/datasets/grid/test/s30/lbbb4a.mpg,11,161,1.345015287399292,0.7783203357187736
105,4,/home/nabizadz/Projects/Mahsa/datasets/grid/test/s30/pbif4a.mpg,34,184,1.1534526348114014,0.6703192954346664
105,5,/home/nabizadz/Projects/Mahsa/datasets/grid/test/s30/bgwz1n.mpg,16,166,1.265329122543335,0.6350383013485476
105,6,/home/nabizadz/Projects/Mahsa/datasets/grid/test/s30/bwad5n.mpg,143,293,1.615485429763794,0.7161255136468604
105,7,/home/nabizadz/Projects/Mahsa/datasets/grid/test/s30/swbf7p.mpg,111,261,1.431266188621521,0.5361058094663635
105,8,/home/nabizadz/Projects/Mahsa/datasets/grid/test/s30/pgbh9p.mpg,138,288,1.6141338348388672,0.7614051112487212
105,9,/home/nabizadz/Projects/Mahsa/datasets/grid/test/s30/swiz2a.mpg,118,268,1.9373106956481934,0.8249890987698524
105,10,/home/nabizadz/Projects/Mahsa/datasets/grid/test/s30/lrab4s.mpg,0,150,1.2210134267807007,0.7158676796624928
105,11,/home/nabizadz/Projects/Mahsa/datasets/grid/test/s30/brwyzs.mpg,53,203,1.2329227924346924,0.735586206102391
105,12,/home/nabizadz/Projects/Mahsa/datasets/grid/test/s30/brwq6s.mpg,147,297,3.173460006713867,0.7587649440081661
105,13,/home/nabizadz/Projects/Mahsa/datasets/grid/test/s30/bbii5p.mpg,124,274,1.1718854904174805,0.706779020875395
105,14,/home/nabizadz/Projects/Mahsa/datasets/grid/test/s30/pwit4a.mpg,62,212,1.1668567657470703,0.6760618382084249
105,15,/home/nabizadz/Projects/Mahsa/datasets/grid/test/s30/swaz4s.mpg,120,270,1.614674687385559,0.8045626332154507
106,0,/home/nabizadz/Projects/Mahsa/datasets/grid/test/s30/pris8a.mpg,138,288,1.9800015687942505,0.8685747631635388
106,1,/home/nabizadz/Projects/Mahsa/datasets/grid/test/s30/lrbo7p.mpg,81,231,1.5151755809783936,0.6115583289153081
106,2,/home/nabizadz/Projects/Mahsa/datasets/grid/test/s30/swwm3n.mpg,24,174,1.2440913915634155,0.6158871939549326
106,3,/home/nabizadz/Projects/Mahsa/datasets/grid/test/s30/bbbj4a.mpg,137,287,1.4897230863571167,0.7856703767471337
106,4,/home/nabizadz/Projects/Mahsa/datasets/grid/test/s30/sgbg2s.mpg,108,258,1.445837140083313,0.7525709642163599
106,5,/home/nabizadz/Projects/Mahsa/datasets/grid/test/s30/bwby3p.mpg,90,240,1.2109344005584717,0.6718000627534183
106,6,/home/nabizadz/Projects/Mahsa/datasets/grid/test/s30/lwbv7p.mpg,119,269,1.2353650331497192,0.6559260669346025
106,7,/home/nabizadz/Projects/Mahsa/datasets/grid/test/s30/bgak6s.mpg,133,283,1.30403733253479,0.7580496873072632
106,8,/home/nabizadz/Projects/Mahsa/datasets/grid/test/s30/swbs4s.mpg,35,185,1.3184133768081665,0.6615402604229091
106,9,/home/nabizadz/Projects/Mahsa/datasets/grid/test/s30/lgbx4a.mpg,140,290,2.171238422393799,0.7545520466837259
106,10,/home/nabizadz/Projects/Mahsa/datasets/grid/test/s30/bgblzs.mpg,86,236,1.3044729232788086,0.561634588942871
106,11,/home/nabizadz/Projects/Mahsa/datasets/grid/test/s30/lgbj6a.mpg,88,238,1.262228012084961,0.602055468059195
106,12,/home/nabizadz/Projects/Mahsa/datasets/grid/test/s30/bbbp5n.mpg,103,253,1.86769437789917,0.6394053106217893
106,13,/home/nabizadz/Projects/Mahsa/datasets/grid/test/s30/lbwizs.mpg,40,190,1.2497549057006836,0.6012910025235866
106,14,/home/nabizadz/Projects/Mahsa/datasets/grid/test/s30/swir8a.mpg,138,288,2.1245760917663574,0.7873595767503605
106,15,/home/nabizadz/Projects/Mahsa/datasets/grid/test/s30/bbac4s.mpg,62,212,1.1859456300735474,0.4987285313341058
107,0,/home/nabizadz/Projects/Mahsa/datasets/grid/test/s30/prim1n.mpg,43,193,1.178961992263794,0.7313241500366184
107,1,/home/nabizadz/Projects/Mahsa/datasets/grid/test/s30/sgiz7p.mpg,103,253,1.2352526187896729,0.611103100527687
107,2,/home/nabizadz/Projects/Mahsa/datasets/grid/test/s30/bwwk9p.mpg,5,155,1.2758582830429077,0.7196918389028027
107,3,/home/nabizadz/Projects/Mahsa/datasets/grid/test/s30/bbwd4a.mpg,25,175,1.3325974941253662,0.6545824311958311
107,4,/home/nabizadz/Projects/Mahsa/datasets/grid/test/s30/prat2a.mpg,37,187,1.1487157344818115,0.5390393389395655
107,5,/home/nabizadz/Projects/Mahsa/datasets/grid/test/s30/bwaq3n.mpg,127,277,1.7632524967193604,0.7466905983959116
107,6,/home/nabizadz/Projects/Mahsa/datasets/grid/test/s30/pgau1n.mpg,1,151,1.1560815572738647,0.6071720919859045
107,7,/home/nabizadz/Projects/Mahsa/datasets/grid/test/s30/swal8a.mpg,61,211,1.1166847944259644,0.6094742317066839
107,8,/home/nabizadz/Projects/Mahsa/datasets/grid/test/s30/pgau4a.mpg,119,269,1.5406222343444824,0.6694855123503037
107,9,/home/nabizadz/Projects/Mahsa/datasets/grid/test/s30/srir2a.mpg,14,164,1.1923903226852417,0.638459859715419
107,10,/home/nabizadz/Projects/Mahsa/datasets/grid/test/s30/lbwu8s.mpg,22,172,1.1175907850265503,0.6832439964049174
107,11,/home/nabizadz/Projects/Mahsa/datasets/grid/test/s30/lwwc7n.mpg,80,230,1.243438720703125,0.7636680193732523
107,12,/home/nabizadz/Projects/Mahsa/datasets/grid/test/s30/pwwh5n.mpg,30,180,1.1385806798934937,0.6081788976657164
107,13,/home/nabizadz/Projects/Mahsa/datasets/grid/test/s30/lrwc1n.mpg,6,156,1.297832727432251,0.6994891123409726
107,14,/home/nabizadz/Projects/Mahsa/datasets/grid/test/s30/lrwp2a.mpg,84,234,1.3515691757202148,0.6287906005706835
107,15,/home/nabizadz/Projects/Mahsa/datasets/grid/test/s30/sgwg8a.mpg,46,196,1.2395248413085938,0.7298037862497962
108,0,/home/nabizadz/Projects/Mahsa/datasets/grid/test/s30/pwwu6a.mpg,129,279,1.6240792274475098,0.7886430696843949
108,1,/home/nabizadz/Projects/Mahsa/datasets/grid/test/s30/swwm4s.mpg,122,272,1.4898505210876465,0.7248553170119824
108,2,/home/nabizadz/Projects/Mahsa/datasets/grid/test/s30/bgae4a.mpg,20,170,1.2282737493515015,0.7102853987437859
108,3,/home/nabizadz/Projects/Mahsa/datasets/grid/test/s30/pgin4s.mpg,63,213,1.1454060077667236,0.6159496990784227
108,4,/home/nabizadz/Projects/Mahsa/datasets/grid/test/s30/pgin6a.mpg,120,270,2.425321578979492,0.6213550678150027
108,5,/home/nabizadz/Projects/Mahsa/datasets/grid/test/s30/pwim8s.mpg,141,291,3.2486519813537598,0.6621655324963779
108,6,/home/nabizadz/Projects/Mahsa/datasets/grid/test/s30/bwbe2a.mpg,148,298,2.1056880950927734,0.7091924287182696
108,7,/home/nabizadz/Projects/Mahsa/datasets/grid/test/s30/srbl6a.mpg,134,284,1.740225076675415,0.7628405220021963
108,8,/home/nabizadz/Projects/Mahsa/datasets/grid/test/s30/lgbp8s.mpg,10,160,1.2603410482406616,0.6523272341531544
108,9,/home/nabizadz/Projects/Mahsa/datasets/grid/test/s30/brip4s.mpg,102,252,1.4977967739105225,0.6856076867400468
108,10,/home/nabizadz/Projects/Mahsa/datasets/grid/test/s30/sgam3p.mpg,95,245,1.4268379211425781,0.6648616860431062
108,11,/home/nabizadz/Projects/Mahsa/datasets/grid/test/s30/pwwu4s.mpg,136,286,2.0847129821777344,0.7550948908314062
108,12,/home/nabizadz/Projects/Mahsa/datasets/grid/test/s30/lwab9n.mpg,118,268,2.519680976867676,0.7863634921424022
108,13,/home/nabizadz/Projects/Mahsa/datasets/grid/test/s30/brbq3p.mpg,65,215,1.220400333404541,0.5721192694654379
108,14,/home/nabizadz/Projects/Mahsa/datasets/grid/test/s30/bbiv2s.mpg,137,287,1.79320228099823,0.8413172097092465
108,15,/home/nabizadz/Projects/Mahsa/datasets/grid/test/s30/pgbb3n.mpg,39,189,1.1790671348571777,0.613403106144453
109,0,/home/nabizadz/Projects/Mahsa/datasets/grid/test/s30/prbg5n.mpg,117,267,2.579117774963379,0.8670743336688684
109,1,/home/nabizadz/Projects/Mahsa/datasets/grid/test/s30/pwat6s.mpg,1,151,1.1648838520050049,0.7022312059143246
109,2,/home/nabizadz/Projects/Mahsa/datasets/grid/test/s30/prif7n.mpg,67,217,1.1908645629882812,0.622093035905249
109,3,/home/nabizadz/Projects/Mahsa/datasets/grid/test/s30/srie2s.mpg,144,294,2.070845365524292,0.7522106711459633
109,4,/home/nabizadz/Projects/Mahsa/datasets/grid/test/s30/srbl4s.mpg,28,178,1.2248966693878174,0.7111610886580745
109,5,/home/nabizadz/Projects/Mahsa/datasets/grid/test/s30/pbwg6a.mpg,95,245,1.5475103855133057,0.7283912170043516
109,6,/home/nabizadz/Projects/Mahsa/datasets/grid/test/s30/lbat9n.mpg,75,225,1.363654613494873,0.7063950056952175
109,7,/home/nabizadz/Projects/Mahsa/datasets/grid/test/s30/swal6s.mpg,87,237,1.4874804019927979,0.6760119951477433
109,8,/home/nabizadz/Projects/Mahsa/datasets/grid/test/s30/sbwl3p.mpg,127,277,1.6250855922698975,0.7650269721539665
109,9,/home/nabizadz/Projects/Mahsa/datasets/grid/test/s30/brbd6a.mpg,104,254,1.2925993204116821,0.7521578109490367
109,10,/home/nabizadz/Projects/Mahsa/datasets/grid/test/s30/bbic1p.mpg,142,292,1.318669080734253,0.7368117641394655
109,11,/home/nabizadz/Projects/Mahsa/datasets/grid/test/s30/braj5p.mpg,76,226,1.553030014038086,0.7600308813122254
109,12,/home/nabizadz/Projects/Mahsa/datasets/grid/test/s30/swiy9n.mpg,66,216,1.2816410064697266,0.6914141380377989
109,13,/home/nabizadz/Projects/Mahsa/datasets/grid/test/s30/bbwq1p.mpg,68,218,1.612910270690918,0.6662455785678777
109,14,/home/nabizadz/Projects/Mahsa/datasets/grid/test/s30/srbr7n.mpg,3,153,1.4333229064941406,0.8184628313065975
109,15,/home/nabizadz/Projects/Mahsa/datasets/grid/test/s30/prif8s.mpg,75,225,1.8139008283615112,0.6038280056115177
110,0,/home/nabizadz/Projects/Mahsa/datasets/grid/test/s30/prwh2a.mpg,99,249,1.465113878250122,0.734019366477618
110,1,/home/nabizadz/Projects/Mahsa/datasets/grid/test/s30/swir6s.mpg,90,240,1.348048448562622,0.7126334339593875
110,2,/home/nabizadz/Projects/Mahsa/datasets/grid/test/s30/lgip1p.mpg,54,204,1.2420281171798706,0.739333250375085
110,3,/home/nabizadz/Projects/Mahsa/datasets/grid/test/s30/sbbe6a.mpg,145,295,1.9584336280822754,0.7807538964718679
110,4,/home/nabizadz/Projects/Mahsa/datasets/grid/test/s30/bgak5n.mpg,61,211,1.1085134744644165,0.5013584818506391
110,5,/home/nabizadz/Projects/Mahsa/datasets/grid/test/s30/lwib6s.mpg,88,238,1.543387532234192,0.6191291368963932
110,6,/home/nabizadz/Projects/Mahsa/datasets/grid/test/s30/sgwt3n.mpg,42,192,1.1771925687789917,0.7304168332870055
110,7,/home/nabizadz/Projects/Mahsa/datasets/grid/test/s30/brip6a.mpg,67,217,1.105818271636963,0.6394466426510685
110,8,/home/nabizadz/Projects/Mahsa/datasets/grid/test/s30/pwaa5p.mpg,51,201,1.1759727001190186,0.7454382781338945
110,9,/home/nabizadz/Projects/Mahsa/datasets/grid/test/s30/lgii8a.mpg,29,179,1.2733627557754517,0.6734207568204611
110,10,/home/nabizadz/Projects/Mahsa/datasets/grid/test/s30/bwij7p.mpg,79,229,1.1698079109191895,0.6229901336600305
110,11,/home/nabizadz/Projects/Mahsa/datasets/grid/test/s30/pbbm6a.mpg,81,231,1.2005192041397095,0.6258190029403794
110,12,/home/nabizadz/Projects/Mahsa/datasets/grid/test/s30/pgbb5p.mpg,147,297,2.0306849479675293,0.7370743845643452
110,13,/home/nabizadz/Projects/Mahsa/datasets/grid/test/s30/bgbr3n.mpg,77,227,2.1060104370117188,0.6983708790164491
110,14,/home/nabizadz/Projects/Mahsa/datasets/grid/test/s30/pwbt9n.mpg,26,176,1.1647140979766846,0.6850822063301717
110,15,/home/nabizadz/Projects/Mahsa/datasets/grid/test/s30/prbg8a.mpg,44,194,1.1431876420974731,0.7503823293128185
111,0,/home/nabizadz/Projects/Mahsa/datasets/grid/test/s30/swbf5n.mpg,6,156,1.1757034063339233,0.7222320655458239
111,1,/home/nabizadz/Projects/Mahsa/datasets/grid/test/s30/bbap3p.mpg,128,278,1.6139795780181885,0.6705706571273329
111,2,/home/nabizadz/Projects/Mahsa/datasets/grid/test/s30/bwwlza.mpg,20,170,1.221174955368042,0.7476371492480507
111,3,/home/nabizadz/Projects/Mahsa/datasets/grid/test/s30/lbwu7n.mpg,32,182,1.2331398725509644,0.7484363282557223
111,4,/home/nabizadz/Projects/Mahsa/datasets/grid/test/s30/lban8a.mpg,21,171,1.190561294555664,0.6534517030771954
111,5,/home/nabizadz/Projects/Mahsa/datasets/grid/test/s30/bgwf2a.mpg,116,266,1.3641074895858765,0.7032424987852783
111,6,/home/nabizadz/Projects/Mahsa/datasets/grid/test/s30/sgif5p.mpg,24,174,1.2934767007827759,0.701513660583901
111,7,/home/nabizadz/Projects/Mahsa/datasets/grid/test/s30/bgiq7p.mpg,84,234,1.273136854171753,0.7294390054012798
111,8,/home/nabizadz/Projects/Mahsa/datasets/grid/test/s30/pbwa1p.mpg,137,287,1.8075780868530273,0.757949618362362
111,9,/home/nabizadz/Projects/Mahsa/datasets/grid/test/s30/brad2a.mpg,47,197,1.298158884048462,0.6330660068133064
111,10,/home/nabizadz/Projects/Mahsa/datasets/grid/test/s30/srwmza.mpg,102,252,1.7954649925231934,0.672384973865228
111,11,/home/nabizadz/Projects/Mahsa/datasets/grid/test/s30/lrao1n.mpg,48,198,1.2165381908416748,0.6733232317323191
111,12,/home/nabizadz/Projects/Mahsa/datasets/grid/test/s30/sbwl2s.mpg,54,204,1.2017228603363037,0.6353351866849042
111,13,/home/nabizadz/Projects/Mahsa/datasets/grid/test/s30/srwf5p.mpg,140,290,1.900659203529358,0.8089727712009778
111,14,/home/nabizadz/Projects/Mahsa/datasets/grid/test/s30/bric8a.mpg,18,168,1.2046351432800293,0.7327721673005811
111,15,/home/nabizadz/Projects/Mahsa/datasets/grid/test/s30/sbbk7n.mpg,32,182,1.129215121269226,0.7040320577258851
112,0,/home/nabizadz/Projects/Mahsa/datasets/grid/test/s30/pbbs7n.mpg,3,153,1.4888367652893066,0.7916448168184547
112,1,/home/nabizadz/Projects/Mahsa/datasets/grid/test/s30/brwy1p.mpg,147,297,1.7305512428283691,0.655369699424302
112,2,/home/nabizadz/Projects/Mahsa/datasets/grid/test/s30/sbay4a.mpg,146,296,2.3599326610565186,0.8095891316648481
112,3,/home/nabizadz/Projects/Mahsa/datasets/grid/test/s30/lbit5n.mpg,54,204,1.3985700607299805,0.743248622620577
112,4,/home/nabizadz/Projects/Mahsa/datasets/grid/test/s30/bwwr1n.mpg,65,215,1.508807897567749,0.6536150665500922
112,5,/home/nabizadz/Projects/Mahsa/datasets/grid/test/s30/prbm9n.mpg,115,265,2.1124448776245117,0.7087987272308228
112,6,/home/nabizadz/Projects/Mahsa/datasets/grid/test/s30/bbic2a.mpg,68,218,1.4007412195205688,0.6314323471449769
112,7,/home/nabizadz/Projects/Mahsa/datasets/grid/test/s30/pbwg5p.mpg,114,264,1.3321815729141235,0.7368471146387929
112,8,/home/nabizadz/Projects/Mahsa/datasets/grid/test/s30/pgin3n.mpg,35,185,1.1673237085342407,0.64797205320505
112,9,/home/nabizadz/Projects/Mahsa/datasets/grid/test/s30/pwan1n.mpg,45,195,1.1442618370056152,0.6498255151627351
112,10,/home/nabizadz/Projects/Mahsa/datasets/grid/test/s30/sbid6s.mpg,81,231,1.2322392463684082,0.7393180175502785
112,11,/home/nabizadz/Projects/Mahsa/datasets/grid/test/s30/sray9p.mpg,13,163,1.1371145248413086,0.6948952295951873
112,12,/home/nabizadz/Projects/Mahsa/datasets/grid/test/s30/sbwfza.mpg,107,257,1.6643511056900024,0.500159472176721
112,13,/home/nabizadz/Projects/Mahsa/datasets/grid/test/s30/lrbi3p.mpg,101,251,1.3452759981155396,0.6176770495339301
112,14,/home/nabizadz/Projects/Mahsa/datasets/grid/test/s30/lgap6a.mpg,67,217,1.225934386253357,0.6588601800981452
112,15,/home/nabizadz/Projects/Mahsa/datasets/grid/test/s30/lbbb1n.mpg,15,165,1.1980236768722534,0.7652579162417
113,0,/home/nabizadz/Projects/Mahsa/datasets/grid/test/s30/srwz5n.mpg,150,300,2.095076560974121,0.8539398754928091
113,1,/home/nabizadz/Projects/Mahsa/datasets/grid/test/s30/sbik1p.mpg,136,286,1.6558982133865356,0.6664261369280547
113,2,/home/nabizadz/Projects/Mahsa/datasets/grid/test/s30/pbiz5p.mpg,69,219,1.192642331123352,0.6902197285830289
113,3,/home/nabizadz/Projects/Mahsa/datasets/grid/test/s30/pwan4a.mpg,67,217,1.2716301679611206,0.6900684761432949
113,4,/home/nabizadz/Projects/Mahsa/datasets/grid/test/s30/bwwe4s.mpg,29,179,1.1480464935302734,0.590644893587009
113,5,/home/nabizadz/Projects/Mahsa/datasets/grid/test/s30/prwn3n.mpg,50,200,1.175145149230957,0.512802264049182
113,6,/home/nabizadz/Projects/Mahsa/datasets/grid/test/s30/lbbu4s.mpg,121,271,1.4539016485214233,0.7610179640463164
113,7,/home/nabizadz/Projects/Mahsa/datasets/grid/test/s30/sgis1n.mpg,112,262,1.4091131687164307,0.5901486381095481
113,8,/home/nabizadz/Projects/Mahsa/datasets/grid/test/s30/bbipza.mpg,125,275,1.5299510955810547,0.6766862058263432
113,9,/home/nabizadz/Projects/Mahsa/datasets/grid/test/s30/sbbr1n.mpg,27,177,1.2131779193878174,0.5705304891411446
113,10,/home/nabizadz/Projects/Mahsa/datasets/grid/test/s30/lbau2a.mpg,55,205,1.2357760667800903,0.7569221196197743
113,11,/home/nabizadz/Projects/Mahsa/datasets/grid/test/s30/srbr8s.mpg,39,189,1.179092526435852,0.7352267780824789
113,12,/home/nabizadz/Projects/Mahsa/datasets/grid/test/s30/brbx7p.mpg,29,179,1.1634931564331055,0.7616613449797923
113,13,/home/nabizadz/Projects/Mahsa/datasets/grid/test/s30/bgbr4s.mpg,44,194,1.1518030166625977,0.6151854935217566
113,14,/home/nabizadz/Projects/Mahsa/datasets/grid/test/s30/pgia7p.mpg,14,164,1.2900441884994507,0.6879869336336274
113,15,/home/nabizadz/Projects/Mahsa/datasets/grid/test/s30/lwai3n.mpg,127,277,2.381096124649048,0.7010183084410926
114,0,/home/nabizadz/Projects/Mahsa/datasets/grid/test/s30/lbbh8a.mpg,84,234,2.0409836769104004,0.7060879720762784
114,1,/home/nabizadz/Projects/Mahsa/datasets/grid/test/s30/lgic3p.mpg,117,267,1.3464276790618896,0.5967964983928006
114,2,/home/nabizadz/Projects/Mahsa/datasets/grid/test/s30/pgah6a.mpg,66,216,1.2035778760910034,0.6647172278044164
114,3,/home/nabizadz/Projects/Mahsa/datasets/grid/test/s30/sbae1p.mpg,83,233,1.2101730108261108,0.6451705243088252
114,4,/home/nabizadz/Projects/Mahsa/datasets/grid/test/s30/bbbp8a.mpg,38,188,1.1236974000930786,0.6791114632488928
114,5,/home/nabizadz/Projects/Mahsa/datasets/grid/test/s30/lrbvzs.mpg,126,276,1.4065346717834473,0.7756666199683574
114,6,/home/nabizadz/Projects/Mahsa/datasets/grid/test/s30/pbam1p.mpg,135,285,1.960106611251831,0.7628302714373629
114,7,/home/nabizadz/Projects/Mahsa/datasets/grid/test/s30/bbbdza.mpg,70,220,1.6955420970916748,0.7071737227568425
114,8,/home/nabizadz/Projects/Mahsa/datasets/grid/test/s30/lbaa7n.mpg,95,245,1.4812498092651367,0.7400823134142166
114,9,/home/nabizadz/Projects/Mahsa/datasets/grid/test/s30/bwwk7n.mpg,24,174,1.2033357620239258,0.6970269714875165
114,10,/home/nabizadz/Projects/Mahsa/datasets/grid/test/s30/bgiyzs.mpg,144,294,1.5423808097839355,0.8108517266944624
114,11,/home/nabizadz/Projects/Mahsa/datasets/grid/test/s30/lgbd1p.mpg,138,288,1.6862695217132568,0.7896882610753954
114,12,/home/nabizadz/Projects/Mahsa/datasets/grid/test/s30/brwk3p.mpg,93,243,1.3174794912338257,0.6559053795526535
114,13,/home/nabizadz/Projects/Mahsa/datasets/grid/test/s30/bbbj1n.mpg,144,294,2.342820167541504,0.8248551218308378
114,14,/home/nabizadz/Projects/Mahsa/datasets/grid/test/s30/pgin5p.mpg,35,185,1.156139850616455,0.5895854934805718
114,15,/home/nabizadz/Projects/Mahsa/datasets/grid/test/s30/sbix8s.mpg,75,225,1.2052748203277588,0.7383643322832635
115,0,/home/nabizadz/Projects/Mahsa/datasets/grid/test/s30/lrbv2a.mpg,120,270,1.9443912506103516,0.6668390586822521
115,1,/home/nabizadz/Projects/Mahsa/datasets/grid/test/s30/brbd4s.mpg,137,287,3.734272003173828,0.7408290349146381
115,2,/home/nabizadz/Projects/Mahsa/datasets/grid/test/s30/bbbx1p.mpg,66,216,1.1327487230300903,0.6206178896145766
115,3,/home/nabizadz/Projects/Mahsa/datasets/grid/test/s30/lwwp6s.mpg,131,281,1.4705839157104492,0.7632012591633495
115,4,/home/nabizadz/Projects/Mahsa/datasets/grid/test/s30/pwwb2s.mpg,5,155,1.1087576150894165,0.6623123167805652
115,5,/home/nabizadz/Projects/Mahsa/datasets/grid/test/s30/pgihzs.mpg,68,218,1.18799889087677,0.728650099162477
115,6,/home/nabizadz/Projects/Mahsa/datasets/grid/test/s30/lwwx1p.mpg,37,187,1.210230827331543,0.5874907039941603
115,7,/home/nabizadz/Projects/Mahsa/datasets/grid/test/s30/prbn1p.mpg,82,232,1.5050727128982544,0.6472321738054945
115,8,/home/nabizadz/Projects/Mahsa/datasets/grid/test/s30/lbia6a.mpg,10,160,1.308376669883728,0.6956746446427655
115,9,/home/nabizadz/Projects/Mahsa/datasets/grid/test/s30/pgaoza.mpg,99,249,1.7255654335021973,0.6721075271106343
115,10,/home/nabizadz/Projects/Mahsa/datasets/grid/test/s30/bbbv9n.mpg,47,197,1.2287187576293945,0.6543654417274232
115,11,/home/nabizadz/Projects/Mahsa/datasets/grid/test/s30/swws8s.mpg,131,281,1.998724102973938,0.7638147967946062
115,12,/home/nabizadz/Projects/Mahsa/datasets/grid/test/s30/prwn5p.mpg,101,251,1.6969504356384277,0.6750944422713107
115,13,/home/nabizadz/Projects/Mahsa/datasets/grid/test/s30/brbq4a.mpg,69,219,1.287684440612793,0.6950695830997332
115,14,/home/nabizadz/Projects/Mahsa/datasets/grid/test/s30/brax3p.mpg,134,284,2.0289740562438965,0.6650928925673033
115,15,/home/nabizadz/Projects/Mahsa/datasets/grid/test/s30/lrioza.mpg,131,281,1.9906655550003052,0.6346755028336168
116,0,/home/nabizadz/Projects/Mahsa/datasets/grid/test/s30/sbiq4s.mpg,73,223,1.2852623462677002,0.6996796762493704
116,1,/home/nabizadz/Projects/Mahsa/datasets/grid/test/s30/prba2s.mpg,46,196,1.1575417518615723,0.7028287581907868
116,2,/home/nabizadz/Projects/Mahsa/datasets/grid/test/s30/pris5n.mpg,139,289,2.1492462158203125,0.7871661603732044
116,3,/home/nabizadz/Projects/Mahsa/datasets/grid/test/s30/lwwx2a.mpg,139,289,3.049400568008423,0.7817727041142954
116,4,/home/nabizadz/Projects/Mahsa/datasets/grid/test/s30/lgav7n.mpg,36,186,1.1175549030303955,0.6532628258503185
116,5,/home/nabizadz/Projects/Mahsa/datasets/grid/test/s30/brax2s.mpg,75,225,1.1697626113891602,0.6663642447828484
116,6,/home/nabizadz/Projects/Mahsa/datasets/grid/test/s30/swbl9n.mpg,80,230,1.6738003492355347,0.6991302525613895
116,7,/home/nabizadz/Projects/Mahsa/datasets/grid/test/s30/srik8a.mpg,61,211,1.3119785785675049,0.6682416789971944
116,8,/home/nabizadz/Projects/Mahsa/datasets/grid/test/s30/lrab5p.mpg,35,185,1.2398135662078857,0.8182656382386568
116,9,/home/nabizadz/Projects/Mahsa/datasets/grid/test/s30/lbit7p.mpg,150,300,1.6907408237457275,0.8280463353498931
116,10,/home/nabizadz/Projects/Mahsa/datasets/grid/test/s30/bgwr8s.mpg,112,262,1.1536978483200073,0.656538995080178
116,11,/home/nabizadz/Projects/Mahsa/datasets/grid/test/s30/lbbu3n.mpg,64,214,1.2274377346038818,0.5619501698707629
116,12,/home/nabizadz/Projects/Mahsa/datasets/grid/test/s30/bbbx2a.mpg,144,294,2.9518797397613525,0.7225172581697716
116,13,/home/nabizadz/Projects/Mahsa/datasets/grid/test/s30/pris6s.mpg,108,258,1.4038360118865967,0.6706911102670358
116,14,/home/nabizadz/Projects/Mahsa/datasets/grid/test/s30/bwaq4s.mpg,71,221,1.141380786895752,0.6918846292569968
116,15,/home/nabizadz/Projects/Mahsa/datasets/grid/test/s30/lgwd5p.mpg,147,297,1.3242452144622803,0.6841997127831584
117,0,/home/nabizadz/Projects/Mahsa/datasets/grid/test/s30/lwai4s.mpg,71,221,1.2707395553588867,0.6923738470792822
117,1,/home/nabizadz/Projects/Mahsa/datasets/grid/test/s30/pwwb1n.mpg,123,273,1.7598462104797363,0.6911423582189472
117,2,/home/nabizadz/Projects/Mahsa/datasets/grid/test/s30/pgit9p.mpg,94,244,1.246293067932129,0.647296371885333
117,3,/home/nabizadz/Projects/Mahsa/datasets/grid/test/s30/lwbp4a.mpg,14,164,1.3111393451690674,0.7956976380873512
117,4,/home/nabizadz/Projects/Mahsa/datasets/grid/test/s30/swie7n.mpg,147,297,1.8716527223587036,0.8306325393020894
117,5,/home/nabizadz/Projects/Mahsa/datasets/grid/test/s30/prwt9p.mpg,31,181,1.3130624294281006,0.7901289475780535
117,6,/home/nabizadz/Projects/Mahsa/datasets/grid/test/s30/brad1p.mpg,46,196,1.1514174938201904,0.6878999176263217
117,7,/home/nabizadz/Projects/Mahsa/datasets/grid/test/s30/pgah5p.mpg,94,244,1.2424758672714233,0.6770228032132164
117,8,/home/nabizadz/Projects/Mahsa/datasets/grid/test/s30/swwg2a.mpg,5,155,1.2234433889389038,0.7717962572908945
117,9,/home/nabizadz/Projects/Mahsa/datasets/grid/test/s30/prag2s.mpg,139,289,2.033498764038086,0.7415496906779608
117,10,/home/nabizadz/Projects/Mahsa/datasets/grid/test/s30/bbbj2s.mpg,85,235,1.1853266954421997,0.6512281666561308
117,11,/home/nabizadz/Projects/Mahsa/datasets/grid/test/s30/sbiyza.mpg,98,248,1.3972558975219727,0.6675234594903686
117,12,/home/nabizadz/Projects/Mahsa/datasets/grid/test/s30/swie9p.mpg,145,295,1.7407996654510498,0.7954302530852984
117,13,/home/nabizadz/Projects/Mahsa/datasets/grid/test/s30/pwbn8a.mpg,8,158,1.2101655006408691,0.7391179840318325
117,14,/home/nabizadz/Projects/Mahsa/datasets/grid/test/s30/swir7p.mpg,120,270,1.4267892837524414,0.6727837818619833
117,15,/home/nabizadz/Projects/Mahsa/datasets/grid/test/s30/pram6s.mpg,88,238,1.1069064140319824,0.5485226257175849
118,0,/home/nabizadz/Projects/Mahsa/datasets/grid/test/s30/sbay3p.mpg,101,251,1.25636887550354,0.6228579252376765
118,1,/home/nabizadz/Projects/Mahsa/datasets/grid/test/s30/lrbv1p.mpg,135,285,1.6361393928527832,0.7603573407967286
118,2,/home/nabizadz/Projects/Mahsa/datasets/grid/test/s30/lwbv6s.mpg,113,263,1.3352702856063843,0.7197686145176192
118,3,/home/nabizadz/Projects/Mahsa/datasets/grid/test/s30/lgiv3n.mpg,56,206,1.6320655345916748,0.6665028502530546
118,4,/home/nabizadz/Projects/Mahsa/datasets/grid/test/s30/braj6a.mpg,113,263,1.8397942781448364,0.6857805157215382
118,5,/home/nabizadz/Projects/Mahsa/datasets/grid/test/s30/bwax7n.mpg,82,232,1.1670491695404053,0.6694516331426849
118,6,/home/nabizadz/Projects/Mahsa/datasets/grid/test/s30/lgap4s.mpg,70,220,1.3814045190811157,0.7091612141696652
118,7,/home/nabizadz/Projects/Mahsa/datasets/grid/test/s30/lrau5n.mpg,31,181,1.124337077140808,0.529943408351461
118,8,/home/nabizadz/Projects/Mahsa/datasets/grid/test/s30/srwf4s.mpg,22,172,1.2496930360794067,0.7098095380151191
118,9,/home/nabizadz/Projects/Mahsa/datasets/grid/test/s30/lgip2a.mpg,58,208,1.2932699918746948,0.7293578814098315
118,10,/home/nabizadz/Projects/Mahsa/datasets/grid/test/s30/bgiq8a.mpg,80,230,1.2671741247177124,0.7671625794565257
118,11,/home/nabizadz/Projects/Mahsa/datasets/grid/test/s30/lwbp2s.mpg,10,160,1.1747146844863892,0.7636072534176237
118,12,/home/nabizadz/Projects/Mahsa/datasets/grid/test/s30/srws2s.mpg,71,221,1.3207926750183105,0.6080532871919185
118,13,/home/nabizadz/Projects/Mahsa/datasets/grid/test/s30/prag1n.mpg,21,171,1.209169626235962,0.6999755156106552
118,14,/home/nabizadz/Projects/Mahsa/datasets/grid/test/s30/bbbc7n.mpg,36,186,1.2210897207260132,0.7242045019155425
118,15,/home/nabizadz/Projects/Mahsa/datasets/grid/test/s30/pwbu1p.mpg,4,154,1.153077483177185,0.7973025576839874
119,0,/home/nabizadz/Projects/Mahsa/datasets/grid/test/s30/lbig8s.mpg,84,234,1.4159541130065918,0.6512257840635752
119,1,/home/nabizadz/Projects/Mahsa/datasets/grid/test/s30/lbig9p.mpg,14,164,1.2803397178649902,0.6180495474334685
119,2,/home/nabizadz/Projects/Mahsa/datasets/grid/test/s30/lbwh9n.mpg,27,177,1.336785078048706,0.6570568726813675
119,3,/home/nabizadz/Projects/Mahsa/datasets/grid/test/s30/bradzs.mpg,8,158,1.245274543762207,0.5584272846129392
119,4,/home/nabizadz/Projects/Mahsa/datasets/grid/test/s30/sbwe8s.mpg,4,154,1.1844735145568848,0.7088957368636707
119,5,/home/nabizadz/Projects/Mahsa/datasets/grid/test/s30/prbt5p.mpg,0,150,1.4853898286819458,0.7364470795632477
119,6,/home/nabizadz/Projects/Mahsa/datasets/grid/test/s30/bbiczs.mpg,91,241,1.4929414987564087,0.7031453276819183
119,7,/home/nabizadz/Projects/Mahsa/datasets/grid/test/s30/lrwc3p.mpg,0,150,1.2152563333511353,0.7382553475450399
119,8,/home/nabizadz/Projects/Mahsa/datasets/grid/test/s30/bwix3n.mpg,20,170,1.2389371395111084,0.7646840960508017
119,9,/home/nabizadz/Projects/Mahsa/datasets/grid/test/s30/lrwc4a.mpg,140,290,1.3900952339172363,0.7045943616001995
119,10,/home/nabizadz/Projects/Mahsa/datasets/grid/test/s30/sgbaza.mpg,28,178,1.229143500328064,0.6180766613533882
119,11,/home/nabizadz/Projects/Mahsa/datasets/grid/test/s30/srik5n.mpg,86,236,1.4340133666992188,0.7410608984067185
119,12,/home/nabizadz/Projects/Mahsa/datasets/grid/test/s30/swwgzs.mpg,83,233,1.372422218322754,0.7317266724403696
119,13,/home/nabizadz/Projects/Mahsa/datasets/grid/test/s30/srie4a.mpg,132,282,2.2824676036834717,0.7921635885755826
119,14,/home/nabizadz/Projects/Mahsa/datasets/grid/test/s30/lwii2a.mpg,86,236,1.2969752550125122,0.6610784919471715
119,15,/home/nabizadz/Projects/Mahsa/datasets/grid/test/s30/lbah3p.mpg,130,280,1.590175986289978,0.6569572974215819
120,0,/home/nabizadz/Projects/Mahsa/datasets/grid/test/s30/swbs3n.mpg,66,216,1.2222800254821777,0.7573433205401988
120,1,/home/nabizadz/Projects/Mahsa/datasets/grid/test/s30/pbiszs.mpg,49,199,1.188183307647705,0.6470427644114455
120,2,/home/nabizadz/Projects/Mahsa/datasets/grid/test/s30/sgas7p.mpg,18,168,1.1534249782562256,0.6891369131076102
120,3,/home/nabizadz/Projects/Mahsa/datasets/grid/test/s30/swaf3p.mpg,108,258,1.3850374221801758,0.5637766449651684
120,4,/home/nabizadz/Projects/Mahsa/datasets/grid/test/s30/lwio5p.mpg,86,236,1.36516535282135,0.6150921959045756
120,5,/home/nabizadz/Projects/Mahsa/datasets/grid/test/s30/pgbo3p.mpg,144,294,1.6732162237167358,0.7536198249404377
120,6,/home/nabizadz/Projects/Mahsa/datasets/grid/test/s30/bgik3p.mpg,53,203,1.1700618267059326,0.27797346242860294
120,7,/home/nabizadz/Projects/Mahsa/datasets/grid/test/s30/lbbb3p.mpg,125,275,1.7225849628448486,0.7573446872754434
120,8,/home/nabizadz/Projects/Mahsa/datasets/grid/test/s30/sgaz9n.mpg,68,218,1.2766296863555908,0.5952674913842075
120,9,/home/nabizadz/Projects/Mahsa/datasets/grid/test/s30/bgak8a.mpg,105,255,1.985975980758667,0.629242181359614
120,10,/home/nabizadz/Projects/Mahsa/datasets/grid/test/s30/pbif2s.mpg,122,272,1.6040325164794922,0.7746889801049683
120,11,/home/nabizadz/Projects/Mahsa/datasets/grid/test/s30/sgaf8s.mpg,62,212,1.1795120239257812,0.7598534479371265
120,12,/home/nabizadz/Projects/Mahsa/datasets/grid/test/s30/pbwm8s.mpg,80,230,1.6233839988708496,0.6611962342697814
120,13,/home/nabizadz/Projects/Mahsa/datasets/grid/test/s30/pwim7n.mpg,135,285,2.586439847946167,0.8278466308222082
120,14,/home/nabizadz/Projects/Mahsa/datasets/grid/test/s30/sgwg6s.mpg,30,180,1.2115864753723145,0.7377640494684028
120,15,/home/nabizadz/Projects/Mahsa/datasets/grid/test/s30/bbio7n.mpg,39,189,1.1859512329101562,0.7403419158487416
121,0,/home/nabizadz/Projects/Mahsa/datasets/grid/test/s30/lbwi2a.mpg,13,163,1.2480721473693848,0.6344096820432039
121,1,/home/nabizadz/Projects/Mahsa/datasets/grid/test/s30/sgif3n.mpg,97,247,1.7071195840835571,0.5910825186359775
121,2,/home/nabizadz/Projects/Mahsa/datasets/grid/test/s30/srbz2s.mpg,110,260,1.2848074436187744,0.7715349836085257
121,3,/home/nabizadz/Projects/Mahsa/datasets/grid/test/s30/pbis2a.mpg,120,270,1.910531997680664,0.7510864014073345
121,4,/home/nabizadz/Projects/Mahsa/datasets/grid/test/s30/lwwv9n.mpg,80,230,1.7239553928375244,0.7523480755367294
121,5,/home/nabizadz/Projects/Mahsa/datasets/grid/test/s30/bwbe1p.mpg,20,170,1.2032417058944702,0.740243415891566
121,6,/home/nabizadz/Projects/Mahsa/datasets/grid/test/s30/lgbx2s.mpg,147,297,1.547094464302063,0.6934993600574699
121,7,/home/nabizadz/Projects/Mahsa/datasets/grid/test/s30/bgwl3n.mpg,106,256,1.8570756912231445,0.6718109421387554
121,8,/home/nabizadz/Projects/Mahsa/datasets/grid/test/s30/bbiv4a.mpg,96,246,1.274871826171875,0.6988055122030002
121,9,/home/nabizadz/Projects/Mahsa/datasets/grid/test/s30/sbak5p.mpg,132,282,1.412075161933899,0.7168311227050367
121,10,/home/nabizadz/Projects/Mahsa/datasets/grid/test/s30/swaf1n.mpg,107,257,1.6049565076828003,0.7259539393401132
121,11,/home/nabizadz/Projects/Mahsa/datasets/grid/test/s30/bgbe6s.mpg,4,154,1.2357629537582397,0.6976714271479297
121,12,/home/nabizadz/Projects/Mahsa/datasets/grid/test/s30/sray8s.mpg,64,214,1.2216498851776123,0.6674349809329098
121,13,/home/nabizadz/Projects/Mahsa/datasets/grid/test/s30/pwbh3p.mpg,146,296,1.523810625076294,0.7490442392777736
121,14,/home/nabizadz/Projects/Mahsa/datasets/grid/test/s30/pgiuza.mpg,41,191,1.2083327770233154,0.668460791919522
121,15,/home/nabizadz/Projects/Mahsa/datasets/grid/test/s30/pgbo4a.mpg,80,230,1.2573364973068237,0.7150158124327196
122,0,/home/nabizadz/Projects/Mahsa/datasets/grid/test/s30/srbl3n.mpg,83,233,1.485661268234253,0.676232955746272
122,1,/home/nabizadz/Projects/Mahsa/datasets/grid/test/s30/swbm1p.mpg,24,174,1.1622798442840576,0.6995618029092447
122,2,/home/nabizadz/Projects/Mahsa/datasets/grid/test/s30/bgae1n.mpg,39,189,1.281483769416809,0.6509660431246235
122,3,/home/nabizadz/Projects/Mahsa/datasets/grid/test/s30/brixza.mpg,32,182,1.2869971990585327,0.6790839390067074
122,4,/home/nabizadz/Projects/Mahsa/datasets/grid/test/s30/brbx6s.mpg,149,299,2.3524773120880127,0.7264597243043197
122,5,/home/nabizadz/Projects/Mahsa/datasets/grid/test/s30/swbz9p.mpg,3,153,1.1163086891174316,0.616198404367603
122,6,/home/nabizadz/Projects/Mahsa/datasets/grid/test/s30/swie8s.mpg,50,200,1.2065424919128418,0.7933441906268676
122,7,/home/nabizadz/Projects/Mahsa/datasets/grid/test/s30/sgaf9p.mpg,32,182,1.1424535512924194,0.6233708658477037
122,8,/home/nabizadz/Projects/Mahsa/datasets/grid/test/s30/pwbh4a.mpg,148,298,2.093981981277466,0.7873060245523749
122,9,/home/nabizadz/Projects/Mahsa/datasets/grid/test/s30/lbia4s.mpg,111,261,1.2136120796203613,0.6954333060275546
122,10,/home/nabizadz/Projects/Mahsa/datasets/grid/test/s30/bwaq5p.mpg,66,216,1.201550006866455,0.658435209705167
122,11,/home/nabizadz/Projects/Mahsa/datasets/grid/test/s30/lwbv8a.mpg,60,210,1.2368175983428955,0.7136109252431799
122,12,/home/nabizadz/Projects/Mahsa/datasets/grid/test/s30/lwbjza.mpg,54,204,1.239039421081543,0.6093145379688574
122,13,/home/nabizadz/Projects/Mahsa/datasets/grid/test/s30/pbbg2a.mpg,44,194,1.1295151710510254,0.6650524512988802
122,14,/home/nabizadz/Projects/Mahsa/datasets/grid/test/s30/pgbu5n.mpg,109,259,1.7229920625686646,0.7894645123732811
122,15,/home/nabizadz/Projects/Mahsa/datasets/grid/test/s30/lbbozs.mpg,83,233,1.233254075050354,0.5515804441156253
123,0,/home/nabizadz/Projects/Mahsa/datasets/grid/test/s30/prbg7p.mpg,139,289,1.807983160018921,0.7033826868760837
123,1,/home/nabizadz/Projects/Mahsa/datasets/grid/test/s30/lwwc8s.mpg,114,264,1.3367105722427368,0.658414571012947
123,2,/home/nabizadz/Projects/Mahsa/datasets/grid/test/s30/pwat5n.mpg,81,231,1.2518436908721924,0.6934734812628938
123,3,/home/nabizadz/Projects/Mahsa/datasets/grid/test/s30/srie3p.mpg,64,214,1.2175912857055664,0.6104727702250071
123,4,/home/nabizadz/Projects/Mahsa/datasets/grid/test/s30/sgwa2s.mpg,103,253,1.5049395561218262,0.7386650643267275
123,5,/home/nabizadz/Projects/Mahsa/datasets/grid/test/s30/briv7n.mpg,103,253,1.392197608947754,0.618273453992852
123,6,/home/nabizadz/Projects/Mahsa/datasets/grid/test/s30/lbin1n.mpg,16,166,1.2714828252792358,0.683979709552086
123,7,/home/nabizadz/Projects/Mahsa/datasets/grid/test/s30/pbbg1p.mpg,100,250,1.5430817604064941,0.635043120294364
123,8,/home/nabizadz/Projects/Mahsa/datasets/grid/test/s30/bbwj8a.mpg,78,228,1.187450885772705,0.6419794454654397
123,9,/home/nabizadz/Projects/Mahsa/datasets/grid/test/s30/bgak7p.mpg,75,225,1.1881613731384277,0.5950908442641187
123,10,/home/nabizadz/Projects/Mahsa/datasets/grid/test/s30/srwz6s.mpg,101,251,1.2338166236877441,0.5979394401705934
123,11,/home/nabizadz/Projects/Mahsa/datasets/grid/test/s30/sbby6s.mpg,105,255,1.435275912284851,0.7466707708793879
123,12,/home/nabizadz/Projects/Mahsa/datasets/grid/test/s30/lbbu6a.mpg,27,177,1.2634674310684204,0.5448637969762966
123,13,/home/nabizadz/Projects/Mahsa/datasets/grid/test/s30/pram5n.mpg,53,203,1.1757763624191284,0.6844611783866624
123,14,/home/nabizadz/Projects/Mahsa/datasets/grid/test/s30/brip5p.mpg,15,165,1.1719533205032349,0.5312557187659505
123,15,/home/nabizadz/Projects/Mahsa/datasets/grid/test/s30/srwz7p.mpg,118,268,1.332200288772583,0.6438019133383994
124,0,/home/nabizadz/Projects/Mahsa/datasets/grid/test/s30/swbs5p.mpg,145,295,2.1610021591186523,0.7894021948002502
124,1,/home/nabizadz/Projects/Mahsa/datasets/grid/test/s30/lwbp1n.mpg,74,224,1.3183510303497314,0.6162942475196581
124,2,/home/nabizadz/Projects/Mahsa/datasets/grid/test/s30/pgbb6a.mpg,54,204,1.2266318798065186,0.7472080304833336
124,3,/home/nabizadz/Projects/Mahsa/datasets/grid/test/s30/prwuza.mpg,33,183,1.1791629791259766,0.6361882915006848
124,4,/home/nabizadz/Projects/Mahsa/datasets/grid/test/s30/lrab3n.mpg,53,203,1.2914210557937622,0.6865429345946592
124,5,/home/nabizadz/Projects/Mahsa/datasets/grid/test/s30/swwm6a.mpg,147,297,1.714124321937561,0.7275538683697101
124,6,/home/nabizadz/Projects/Mahsa/datasets/grid/test/s30/bgay5p.mpg,95,245,1.2140510082244873,0.6990715936511207
124,7,/home/nabizadz/Projects/Mahsa/datasets/grid/test/s30/sbik2a.mpg,67,217,1.5738210678100586,0.7046705581665066
124,8,/home/nabizadz/Projects/Mahsa/datasets/grid/test/s30/pwwh8a.mpg,17,167,1.119270920753479,0.7330775546002178
124,9,/home/nabizadz/Projects/Mahsa/datasets/grid/test/s30/prwh1p.mpg,48,198,1.1544148921966553,0.6496135503786907
124,10,/home/nabizadz/Projects/Mahsa/datasets/grid/test/s30/bwbrza.mpg,107,257,1.2431224584579468,0.5829915756373452
124,11,/home/nabizadz/Projects/Mahsa/datasets/grid/test/s30/swbz7n.mpg,76,226,1.4646477699279785,0.7092615181513229
124,12,/home/nabizadz/Projects/Mahsa/datasets/grid/test/s30/lwwj4a.mpg,42,192,1.1378828287124634,0.7332227766138057
124,13,/home/nabizadz/Projects/Mahsa/datasets/grid/test/s30/bbwx4s.mpg,87,237,1.3217897415161133,0.6502082731448133
124,14,/home/nabizadz/Projects/Mahsa/datasets/grid/test/s30/brbd5p.mpg,90,240,1.3168491125106812,0.7125803659192964
124,15,/home/nabizadz/Projects/Mahsa/datasets/grid/test/s30/lwio6a.mpg,105,255,1.3472881317138672,0.653442472026839
125,0,/home/nabizadz/Projects/Mahsa/datasets/grid/test/s34/lbia2a.mpg,2,152,1.1366989612579346,0.5908263843765231
125,1,/home/nabizadz/Projects/Mahsa/datasets/grid/test/s34/bbio5p.mpg,55,205,1.0467551946640015,0.4658964055270872
125,2,/home/nabizadz/Projects/Mahsa/datasets/grid/test/s34/pgaa8a.mpg,41,191,1.0835816860198975,0.6121260861395558
125,3,/home/nabizadz/Projects/Mahsa/datasets/grid/test/s34/lrau3p.mpg,39,189,1.0741621255874634,0.539606553570548
125,4,/home/nabizadz/Projects/Mahsa/datasets/grid/test/s34/brbx1n.mpg,3,153,1.2115144729614258,0.701614822221516
125,5,/home/nabizadz/Projects/Mahsa/datasets/grid/test/s34/lgwp7n.mpg,74,224,1.1949690580368042,0.724083437329193
125,6,/home/nabizadz/Projects/Mahsa/datasets/grid/test/s34/bgby6a.mpg,4,154,1.140452265739441,0.6727370350299664
125,7,/home/nabizadz/Projects/Mahsa/datasets/grid/test/s34/lrit7n.mpg,3,153,1.1416631937026978,0.5331273779385455
125,8,/home/nabizadz/Projects/Mahsa/datasets/grid/test/s34/srbe5n.mpg,104,254,1.1549324989318848,0.5915667751263791
125,9,/home/nabizadz/Projects/Mahsa/datasets/grid/test/s34/swik8s.mpg,125,275,1.8377861976623535,0.5860412317343491
125,10,/home/nabizadz/Projects/Mahsa/datasets/grid/test/s34/sbak2a.mpg,129,279,1.5627398490905762,0.6753340894046828
125,11,/home/nabizadz/Projects/Mahsa/datasets/grid/test/s34/brii5n.mpg,0,150,1.266222596168518,0.6741156693319909
125,12,/home/nabizadz/Projects/Mahsa/datasets/grid/test/s34/lrbu5n.mpg,138,288,1.302872657775879,0.6300180561636848
125,13,/home/nabizadz/Projects/Mahsa/datasets/grid/test/s34/lwiu4s.mpg,14,164,1.1361461877822876,0.6764122492589447
125,14,/home/nabizadz/Projects/Mahsa/datasets/grid/test/s34/bgid6a.mpg,25,175,1.1344680786132812,0.6499486118369032
125,15,/home/nabizadz/Projects/Mahsa/datasets/grid/test/s34/lbwb2s.mpg,7,157,1.1484440565109253,0.5857379820850039
126,0,/home/nabizadz/Projects/Mahsa/datasets/grid/test/s34/sray5p.mpg,64,214,1.1439707279205322,0.6976970278618516
126,1,/home/nabizadz/Projects/Mahsa/datasets/grid/test/s34/pgah2a.mpg,100,250,1.262637734413147,0.7191737455136633
126,2,/home/nabizadz/Projects/Mahsa/datasets/grid/test/s34/bgwr6a.mpg,147,297,1.7014286518096924,0.8086850003474778
126,3,/home/nabizadz/Projects/Mahsa/datasets/grid/test/s34/prwg6s.mpg,150,300,1.4326199293136597,0.7082702896421008
126,4,/home/nabizadz/Projects/Mahsa/datasets/grid/test/s34/srbzza.mpg,47,197,1.129700779914856,0.6391236415349607
126,5,/home/nabizadz/Projects/Mahsa/datasets/grid/test/s34/bwip8a.mpg,68,218,1.1053297519683838,0.5918129583613696
126,6,/home/nabizadz/Projects/Mahsa/datasets/grid/test/s34/sbbk4s.mpg,38,188,1.1002593040466309,0.606458908122504
126,7,/home/nabizadz/Projects/Mahsa/datasets/grid/test/s34/lwbi5p.mpg,26,176,1.1306614875793457,0.6465390957788252
126,8,/home/nabizadz/Projects/Mahsa/datasets/grid/test/s34/pbbz7n.mpg,80,230,1.2100627422332764,0.6185012565479948
126,9,/home/nabizadz/Projects/Mahsa/datasets/grid/test/s34/pgan5p.mpg,140,290,1.3319510221481323,0.6684432552115096
126,10,/home/nabizadz/Projects/Mahsa/datasets/grid/test/s34/swiy6s.mpg,32,182,1.1052807569503784,0.6780173381236432
126,11,/home/nabizadz/Projects/Mahsa/datasets/grid/test/s34/bgiq2s.mpg,24,174,1.3085312843322754,0.73129532389168
126,12,/home/nabizadz/Projects/Mahsa/datasets/grid/test/s34/sbbezs.mpg,82,232,1.1671600341796875,0.607296041987228
126,13,/home/nabizadz/Projects/Mahsa/datasets/grid/test/s34/sbbq7n.mpg,38,188,1.1093302965164185,0.6517843277475524
126,14,/home/nabizadz/Projects/Mahsa/datasets/grid/test/s34/bwwy2s.mpg,150,300,2.4864397048950195,0.716965955562129
126,15,/home/nabizadz/Projects/Mahsa/datasets/grid/test/s34/lgav5p.mpg,78,228,1.2320539951324463,0.5999048059060703
127,0,/home/nabizadz/Projects/Mahsa/datasets/grid/test/s34/pwbt8a.mpg,25,175,1.153331995010376,0.6990550710286384
127,1,/home/nabizadz/Projects/Mahsa/datasets/grid/test/s34/sgisza.mpg,104,254,1.9481775760650635,0.5968464289707927
127,2,/home/nabizadz/Projects/Mahsa/datasets/grid/test/s34/swwz9p.mpg,24,174,1.08869469165802,0.6633745177449427
127,3,/home/nabizadz/Projects/Mahsa/datasets/grid/test/s34/lgwp8s.mpg,124,274,1.5802366733551025,0.6751831406623933
127,4,/home/nabizadz/Projects/Mahsa/datasets/grid/test/s34/lgbp6a.mpg,96,246,1.265462875366211,0.7462556109478463
127,5,/home/nabizadz/Projects/Mahsa/datasets/grid/test/s34/braxza.mpg,120,270,1.392721176147461,0.6040904252131563
127,6,/home/nabizadz/Projects/Mahsa/datasets/grid/test/s34/lwai1p.mpg,20,170,1.0920480489730835,0.6477401781071342
127,7,/home/nabizadz/Projects/Mahsa/datasets/grid/test/s34/pbbm2a.mpg,108,258,1.2526214122772217,0.5901318535808285
127,8,/home/nabizadz/Projects/Mahsa/datasets/grid/test/s34/priz6s.mpg,119,269,1.3790626525878906,0.670246570421815
127,9,/home/nabizadz/Projects/Mahsa/datasets/grid/test/s34/pwbn4a.mpg,115,265,1.1623691320419312,0.6198632575055386
127,10,/home/nabizadz/Projects/Mahsa/datasets/grid/test/s34/sgwg2s.mpg,28,178,1.0692907571792603,0.5793975967649582
127,11,/home/nabizadz/Projects/Mahsa/datasets/grid/test/s34/bbav2s.mpg,150,300,1.285079836845398,0.5863916262413911
127,12,/home/nabizadz/Projects/Mahsa/datasets/grid/test/s34/lgbjzs.mpg,89,239,1.2819833755493164,0.668182597610869
127,13,/home/nabizadz/Projects/Mahsa/datasets/grid/test/s34/brajzs.mpg,130,280,1.880048394203186,0.6337273205961217
127,14,/home/nabizadz/Projects/Mahsa/datasets/grid/test/s34/bwwy4a.mpg,106,256,1.289258360862732,0.6847615338915525
127,15,/home/nabizadz/Projects/Mahsa/datasets/grid/test/s34/pbws9p.mpg,24,174,1.0579369068145752,0.5591573330882532
128,0,/home/nabizadz/Projects/Mahsa/datasets/grid/test/s34/bgbk5n.mpg,68,218,1.1547183990478516,0.6218947646582761
128,1,/home/nabizadz/Projects/Mahsa/datasets/grid/test/s34/bwip5n.mpg,15,165,1.1848593950271606,0.6671081025163209
128,2,/home/nabizadz/Projects/Mahsa/datasets/grid/test/s34/bwbkzs.mpg,140,290,1.2230274677276611,0.6141046074891341
128,3,/home/nabizadz/Projects/Mahsa/datasets/grid/test/s34/lbwb1n.mpg,77,227,1.3029147386550903,0.6787608544703557
128,4,/home/nabizadz/Projects/Mahsa/datasets/grid/test/s34/pgbu4a.mpg,74,224,1.1558372974395752,0.661361693654913
128,5,/home/nabizadz/Projects/Mahsa/datasets/grid/test/s34/pgbh4s.mpg,142,292,1.1168055534362793,0.6572746526296468
128,6,/home/nabizadz/Projects/Mahsa/datasets/grid/test/s34/lbag9p.mpg,92,242,1.1519956588745117,0.4213031615237817
128,7,/home/nabizadz/Projects/Mahsa/datasets/grid/test/s34/bbii1p.mpg,88,238,1.1787769794464111,0.5662386788391006
128,8,/home/nabizadz/Projects/Mahsa/datasets/grid/test/s34/pbiz2a.mpg,40,190,1.1608943939208984,0.708411481897848
128,9,/home/nabizadz/Projects/Mahsa/datasets/grid/test/s34/bgiq4a.mpg,61,211,1.1757824420928955,0.5924110647194963
128,10,/home/nabizadz/Projects/Mahsa/datasets/grid/test/s34/lgwx3p.mpg,107,257,1.1874291896820068,0.5677458114318676
128,11,/home/nabizadz/Projects/Mahsa/datasets/grid/test/s34/bwidza.mpg,32,182,1.168893575668335,0.6680198628464893
128,12,/home/nabizadz/Projects/Mahsa/datasets/grid/test/s34/pbaz6a.mpg,78,228,1.247922658920288,0.6604619670962518
128,13,/home/nabizadz/Projects/Mahsa/datasets/grid/test/s34/bwbd6s.mpg,114,264,1.3248133659362793,0.5020340093002637
128,14,/home/nabizadz/Projects/Mahsa/datasets/grid/test/s34/pwig1p.mpg,93,243,1.286435842514038,0.6581253185097083
128,15,/home/nabizadz/Projects/Mahsa/datasets/grid/test/s34/lwao4s.mpg,62,212,1.1248825788497925,0.6117679791242518
129,0,/home/nabizadz/Projects/Mahsa/datasets/grid/test/s34/swwmzs.mpg,56,206,1.159407377243042,0.664505669173162
129,1,/home/nabizadz/Projects/Mahsa/datasets/grid/test/s34/bwwq9p.mpg,88,238,1.3007338047027588,0.5708786649559761
129,2,/home/nabizadz/Projects/Mahsa/datasets/grid/test/s34/pril8s.mpg,55,205,1.1075879335403442,0.5968214483074308
129,3,/home/nabizadz/Projects/Mahsa/datasets/grid/test/s34/bgbr2a.mpg,122,272,1.2559250593185425,0.6602171681481431
129,4,/home/nabizadz/Projects/Mahsa/datasets/grid/test/s34/bwad4a.mpg,126,276,1.4577832221984863,0.779543538123423
129,5,/home/nabizadz/Projects/Mahsa/datasets/grid/test/s34/pwaazs.mpg,47,197,1.0923526287078857,0.63451133844042
129,6,/home/nabizadz/Projects/Mahsa/datasets/grid/test/s34/sgas3p.mpg,106,256,1.3082983493804932,0.6451747154697343
129,7,/home/nabizadz/Projects/Mahsa/datasets/grid/test/s34/sgwg4a.mpg,99,249,1.1148450374603271,0.6731067647511412
129,8,/home/nabizadz/Projects/Mahsa/datasets/grid/test/s34/sriq7p.mpg,130,280,1.423595905303955,0.6240306322526911
129,9,/home/nabizadz/Projects/Mahsa/datasets/grid/test/s34/pwwh4a.mpg,145,295,1.751384973526001,0.776797607751538
129,10,/home/nabizadz/Projects/Mahsa/datasets/grid/test/s34/bwwezs.mpg,143,293,1.1745678186416626,0.6429722561295307
129,11,/home/nabizadz/Projects/Mahsa/datasets/grid/test/s34/pwba5p.mpg,127,277,1.4563889503479004,0.7256314830999983
129,12,/home/nabizadz/Projects/Mahsa/datasets/grid/test/s34/sbad5n.mpg,85,235,1.1478848457336426,0.6596672491863442
129,13,/home/nabizadz/Projects/Mahsa/datasets/grid/test/s34/brbj3n.mpg,10,160,1.1031626462936401,0.7140470140686282
129,14,/home/nabizadz/Projects/Mahsa/datasets/grid/test/s34/lwio1p.mpg,137,287,1.3976000547409058,0.6451795097934566
129,15,/home/nabizadz/Projects/Mahsa/datasets/grid/test/s34/sray4s.mpg,48,198,1.1095550060272217,0.7125250056086596
130,0,/home/nabizadz/Projects/Mahsa/datasets/grid/test/s34/pgaa6s.mpg,77,227,1.1904494762420654,0.6600452988052371
130,1,/home/nabizadz/Projects/Mahsa/datasets/grid/test/s34/lgio7p.mpg,34,184,1.0737369060516357,0.6494973001348342
130,2,/home/nabizadz/Projects/Mahsa/datasets/grid/test/s34/lbba7n.mpg,131,281,1.2431267499923706,0.6800865254923181
130,3,/home/nabizadz/Projects/Mahsa/datasets/grid/test/s34/bgbe3p.mpg,59,209,1.126150369644165,0.6344710970716569
130,4,/home/nabizadz/Projects/Mahsa/datasets/grid/test/s34/sgas2s.mpg,20,170,1.1210278272628784,0.6238112563308
130,5,/home/nabizadz/Projects/Mahsa/datasets/grid/test/s34/sbwk9p.mpg,53,203,1.0853303670883179,0.6220798654033931
130,6,/home/nabizadz/Projects/Mahsa/datasets/grid/test/s34/brip2a.mpg,79,229,1.2257647514343262,0.6062358761719682
130,7,/home/nabizadz/Projects/Mahsa/datasets/grid/test/s34/srwl6a.mpg,11,161,1.1727036237716675,0.6997152429409849
130,8,/home/nabizadz/Projects/Mahsa/datasets/grid/test/s34/sbwy5n.mpg,13,163,1.1927162408828735,0.6589760342839621
130,9,/home/nabizadz/Projects/Mahsa/datasets/grid/test/s34/brwj8s.mpg,123,273,1.8626844882965088,0.6826956801259693
130,10,/home/nabizadz/Projects/Mahsa/datasets/grid/test/s34/bbac2a.mpg,74,224,1.1804969310760498,0.6321121644151035
130,11,/home/nabizadz/Projects/Mahsa/datasets/grid/test/s34/swik7n.mpg,32,182,1.1428474187850952,0.6249077235484155
130,12,/home/nabizadz/Projects/Mahsa/datasets/grid/test/s34/lwwc6a.mpg,50,200,1.126564383506775,0.5752170269213939
130,13,/home/nabizadz/Projects/Mahsa/datasets/grid/test/s34/swal1n.mpg,39,189,1.2268017530441284,0.6091379378220195
130,14,/home/nabizadz/Projects/Mahsa/datasets/grid/test/s34/bbbp4a.mpg,117,267,1.3199213743209839,0.7274357968192386
130,15,/home/nabizadz/Projects/Mahsa/datasets/grid/test/s34/sgas1n.mpg,85,235,1.2037057876586914,0.6587958000353795
131,0,/home/nabizadz/Projects/Mahsa/datasets/grid/test/s34/bgaq5n.mpg,32,182,1.1395587921142578,0.6230571564585216
131,1,/home/nabizadz/Projects/Mahsa/datasets/grid/test/s34/brwx6s.mpg,40,190,1.13486909866333,0.6783909021006093
131,2,/home/nabizadz/Projects/Mahsa/datasets/grid/test/s34/sgws9n.mpg,93,243,1.2799640893936157,0.6309224265604162
131,3,/home/nabizadz/Projects/Mahsa/datasets/grid/test/s34/sgbs6s.mpg,65,215,1.1489028930664062,0.5729118207639905
131,4,/home/nabizadz/Projects/Mahsa/datasets/grid/test/s34/brwkza.mpg,80,230,1.2403171062469482,0.6378653425368449
131,5,/home/nabizadz/Projects/Mahsa/datasets/grid/test/s34/brai9n.mpg,115,265,1.2602332830429077,0.626550230317411
131,6,/home/nabizadz/Projects/Mahsa/datasets/grid/test/s34/pwam8s.mpg,112,262,1.3970741033554077,0.6835577511600645
131,7,/home/nabizadz/Projects/Mahsa/datasets/grid/test/s34/pwim4s.mpg,4,154,1.12065851688385,0.5458387783060343
131,8,/home/nabizadz/Projects/Mahsa/datasets/grid/test/s34/sbbrza.mpg,101,251,1.1026479005813599,0.5471109637222024
131,9,/home/nabizadz/Projects/Mahsa/datasets/grid/test/s34/swal2s.mpg,1,151,1.1322076320648193,0.7405776225622848
131,10,/home/nabizadz/Projects/Mahsa/datasets/grid/test/s34/bbbv7p.mpg,81,231,1.18148672580719,0.7238051430369006
131,11,/home/nabizadz/Projects/Mahsa/datasets/grid/test/s34/lriuza.mpg,100,250,1.204762578010559,0.49960740530679437
131,12,/home/nabizadz/Projects/Mahsa/datasets/grid/test/s34/pwbn1n.mpg,148,298,2.223763942718506,0.8093471126455364
131,13,/home/nabizadz/Projects/Mahsa/datasets/grid/test/s34/sbiq2a.mpg,74,224,1.10414719581604,0.5946518555958725
131,14,/home/nabizadz/Projects/Mahsa/datasets/grid/test/s34/sgwtzs.mpg,129,279,1.1705694198608398,0.6048189772133082
131,15,/home/nabizadz/Projects/Mahsa/datasets/grid/test/s34/pwwh2s.mpg,52,202,1.0977051258087158,0.6357467052790579
132,0,/home/nabizadz/Projects/Mahsa/datasets/grid/test/s34/priz8a.mpg,107,257,1.2941548824310303,0.6483303569884994
132,1,/home/nabizadz/Projects/Mahsa/datasets/grid/test/s34/srwe9n.mpg,72,222,1.3713502883911133,0.6231566999996014
132,2,/home/nabizadz/Projects/Mahsa/datasets/grid/test/s34/lgwc9n.mpg,45,195,1.0860573053359985,0.5560789197607109
132,3,/home/nabizadz/Projects/Mahsa/datasets/grid/test/s34/lbat5n.mpg,117,267,1.2021138668060303,0.6678061295716523
132,4,/home/nabizadz/Projects/Mahsa/datasets/grid/test/s34/lgwd1p.mpg,138,288,1.293969988822937,0.7325032184891062
132,5,/home/nabizadz/Projects/Mahsa/datasets/grid/test/s34/bwic9p.mpg,63,213,1.0969529151916504,0.5686507126623305
132,6,/home/nabizadz/Projects/Mahsa/datasets/grid/test/s34/srwf2a.mpg,105,255,1.1987228393554688,0.7359211988780527
132,7,/home/nabizadz/Projects/Mahsa/datasets/grid/test/s34/brac8a.mpg,71,221,1.248854398727417,0.6499865326492459
132,8,/home/nabizadz/Projects/Mahsa/datasets/grid/test/s34/sbix6a.mpg,58,208,1.1589611768722534,0.6550416203713736
132,9,/home/nabizadz/Projects/Mahsa/datasets/grid/test/s34/lgbj1p.mpg,139,289,1.3684327602386475,0.6579378291885121
132,10,/home/nabizadz/Projects/Mahsa/datasets/grid/test/s34/lgbi9n.mpg,1,151,1.2587614059448242,0.678005578076987
132,11,/home/nabizadz/Projects/Mahsa/datasets/grid/test/s34/sgamza.mpg,53,203,1.1102571487426758,0.5445286371570364
132,12,/home/nabizadz/Projects/Mahsa/datasets/grid/test/s34/pgah1p.mpg,30,180,1.122672200202942,0.5846329626116652
132,13,/home/nabizadz/Projects/Mahsa/datasets/grid/test/s34/lria6s.mpg,55,205,1.0731589794158936,0.6509559847364244
132,14,/home/nabizadz/Projects/Mahsa/datasets/grid/test/s34/bwwk6a.mpg,7,157,1.1833430528640747,0.6831690231585601
132,15,/home/nabizadz/Projects/Mahsa/datasets/grid/test/s34/lrihzs.mpg,61,211,1.2226382493972778,0.6972025399539009
133,0,/home/nabizadz/Projects/Mahsa/datasets/grid/test/s34/brii6s.mpg,143,293,1.593307614326477,0.7752598441302183
133,1,/home/nabizadz/Projects/Mahsa/datasets/grid/test/s34/sgaf3n.mpg,80,230,1.1330649852752686,0.580014405156071
133,2,/home/nabizadz/Projects/Mahsa/datasets/grid/test/s34/srik4a.mpg,111,261,1.3118194341659546,0.6172115453700472
133,3,/home/nabizadz/Projects/Mahsa/datasets/grid/test/s34/sbij5n.mpg,88,238,1.1538236141204834,0.5577355866375483
133,4,/home/nabizadz/Projects/Mahsa/datasets/grid/test/s34/bwbk2a.mpg,15,165,1.2038547992706299,0.6803681133872266
133,5,/home/nabizadz/Projects/Mahsa/datasets/grid/test/s34/pwbhza.mpg,21,171,1.1547584533691406,0.642988699593266
133,6,/home/nabizadz/Projects/Mahsa/datasets/grid/test/s34/bbao9p.mpg,22,172,1.0524770021438599,0.5746223507777702
133,7,/home/nabizadz/Projects/Mahsa/datasets/grid/test/s34/sriq5n.mpg,109,259,1.3546221256256104,0.6930086801704236
133,8,/home/nabizadz/Projects/Mahsa/datasets/grid/test/s34/pbaf3p.mpg,86,236,1.3773291110992432,0.5876067040327456
133,9,/home/nabizadz/Projects/Mahsa/datasets/grid/test/s34/bbbc4s.mpg,146,296,1.195144772529602,0.6728916253861134
133,10,/home/nabizadz/Projects/Mahsa/datasets/grid/test/s34/lrah3n.mpg,44,194,1.1268091201782227,0.5905628300162594
133,11,/home/nabizadz/Projects/Mahsa/datasets/grid/test/s34/sgaz5n.mpg,143,293,1.3689020872116089,0.7616596725382724
133,12,/home/nabizadz/Projects/Mahsa/datasets/grid/test/s34/pbaz5p.mpg,140,290,1.1415836811065674,0.7028613208983128
133,13,/home/nabizadz/Projects/Mahsa/datasets/grid/test/s34/lrabzs.mpg,85,235,1.2007508277893066,0.6185879427798301
133,14,/home/nabizadz/Projects/Mahsa/datasets/grid/test/s34/bwij3p.mpg,13,163,1.078000783920288,0.6319499535214502
133,15,/home/nabizadz/Projects/Mahsa/datasets/grid/test/s34/bbav1n.mpg,74,224,1.297178030014038,0.6152909447807023
134,0,/home/nabizadz/Projects/Mahsa/datasets/grid/test/s34/pwbt7p.mpg,1,151,1.2005696296691895,0.6864669814916032
134,1,/home/nabizadz/Projects/Mahsa/datasets/grid/test/s34/bbib6s.mpg,148,298,1.5013840198516846,0.7540130413279408
134,2,/home/nabizadz/Projects/Mahsa/datasets/grid/test/s34/pbil4a.mpg,15,165,1.1135473251342773,0.597069655888373
134,3,/home/nabizadz/Projects/Mahsa/datasets/grid/test/s34/bwaj8a.mpg,132,282,1.3752527236938477,0.7272683559159572
134,4,/home/nabizadz/Projects/Mahsa/datasets/grid/test/s34/sbip9n.mpg,27,177,1.3125050067901611,0.6626719665377424
134,5,/home/nabizadz/Projects/Mahsa/datasets/grid/test/s34/bwad3p.mpg,73,223,1.353874683380127,0.5581315666226796
134,6,/home/nabizadz/Projects/Mahsa/datasets/grid/test/s34/lwih8a.mpg,116,266,1.3392205238342285,0.7000221926299264
134,7,/home/nabizadz/Projects/Mahsa/datasets/grid/test/s34/pbwtza.mpg,44,194,1.14346444606781,0.6243963185321217
134,8,/home/nabizadz/Projects/Mahsa/datasets/grid/test/s34/pwwbza.mpg,99,249,1.1792048215866089,0.5353600981545809
134,9,/home/nabizadz/Projects/Mahsa/datasets/grid/test/s34/pwam7n.mpg,68,218,1.1372281312942505,0.6375764911593401
134,10,/home/nabizadz/Projects/Mahsa/datasets/grid/test/s34/pwam9p.mpg,41,191,1.1312220096588135,0.5974754053498933
134,11,/home/nabizadz/Projects/Mahsa/datasets/grid/test/s34/bwbd5n.mpg,34,184,1.1524170637130737,0.6807853499897347
134,12,/home/nabizadz/Projects/Mahsa/datasets/grid/test/s34/srbe6s.mpg,129,279,1.4405510425567627,0.7044923189823545
134,13,/home/nabizadz/Projects/Mahsa/datasets/grid/test/s34/bwic8s.mpg,144,294,1.716618299484253,0.6473973850722711
134,14,/home/nabizadz/Projects/Mahsa/datasets/grid/test/s34/sbaq3n.mpg,38,188,1.0912138223648071,0.5430290232954523
134,15,/home/nabizadz/Projects/Mahsa/datasets/grid/test/s34/lbag8s.mpg,100,250,1.2560770511627197,0.6106304833510114
135,0,/home/nabizadz/Projects/Mahsa/datasets/grid/test/s34/swaz2a.mpg,96,246,1.1782662868499756,0.665757954122212
135,1,/home/nabizadz/Projects/Mahsa/datasets/grid/test/s34/sbax8s.mpg,68,218,1.3279943466186523,0.7584622607547887
135,2,/home/nabizadz/Projects/Mahsa/datasets/grid/test/s34/pginzs.mpg,53,203,1.1224546432495117,0.6303175589945897
135,3,/home/nabizadz/Projects/Mahsa/datasets/grid/test/s34/prbt2a.mpg,7,157,1.1543643474578857,0.5344526570281979
135,4,/home/nabizadz/Projects/Mahsa/datasets/grid/test/s34/brii8a.mpg,3,153,1.129265546798706,0.6869086985345443
135,5,/home/nabizadz/Projects/Mahsa/datasets/grid/test/s34/bwip7p.mpg,69,219,1.1506755352020264,0.6184859954511579
135,6,/home/nabizadz/Projects/Mahsa/datasets/grid/test/s34/pwba4s.mpg,12,162,1.3257808685302734,0.6891120905666356
135,7,/home/nabizadz/Projects/Mahsa/datasets/grid/test/s34/pgbb1p.mpg,137,287,1.4270899295806885,0.7214440772945339
135,8,/home/nabizadz/Projects/Mahsa/datasets/grid/test/s34/lrwcza.mpg,119,269,1.6748859882354736,0.6852098362150115
135,9,/home/nabizadz/Projects/Mahsa/datasets/grid/test/s34/bbbv8a.mpg,20,170,1.1202019453048706,0.6880528938390115
135,10,/home/nabizadz/Projects/Mahsa/datasets/grid/test/s34/lbba9p.mpg,60,210,1.1401621103286743,0.6751218482855295
135,11,/home/nabizadz/Projects/Mahsa/datasets/grid/test/s34/srak8a.mpg,148,298,1.4489474296569824,0.7701533277699877
135,12,/home/nabizadz/Projects/Mahsa/datasets/grid/test/s34/sbwk7n.mpg,113,263,1.2217251062393188,0.6507739323963265
135,13,/home/nabizadz/Projects/Mahsa/datasets/grid/test/s34/lgbv9p.mpg,53,203,1.220764398574829,0.5750731878698415
135,14,/home/nabizadz/Projects/Mahsa/datasets/grid/test/s34/lbbu2a.mpg,26,176,1.1619020700454712,0.6562606488306971
135,15,/home/nabizadz/Projects/Mahsa/datasets/grid/test/s34/lwavza.mpg,26,176,1.166104793548584,0.6613192346668263
136,0,/home/nabizadz/Projects/Mahsa/datasets/grid/test/s34/srar2a.mpg,27,177,1.1037973165512085,0.5990886817976224
136,1,/home/nabizadz/Projects/Mahsa/datasets/grid/test/s34/sgwm6s.mpg,0,150,1.227921724319458,0.774465588446406
136,2,/home/nabizadz/Projects/Mahsa/datasets/grid/test/s34/lgbc6s.mpg,124,274,1.2239164113998413,0.6339916137589384
136,3,/home/nabizadz/Projects/Mahsa/datasets/grid/test/s34/lgac4a.mpg,128,278,1.4415874481201172,0.6906936337332397
136,4,/home/nabizadz/Projects/Mahsa/datasets/grid/test/s34/pris4a.mpg,28,178,1.121358036994934,0.4787099905082174
136,5,/home/nabizadz/Projects/Mahsa/datasets/grid/test/s34/sgbm2s.mpg,147,297,1.192030906677246,0.6654588375385991
136,6,/home/nabizadz/Projects/Mahsa/datasets/grid/test/s34/sbwlza.mpg,70,220,1.109798789024353,0.4876789344199554
136,7,/home/nabizadz/Projects/Mahsa/datasets/grid/test/s34/prwa4a.mpg,105,255,1.235558271408081,0.6680645424206964
136,8,/home/nabizadz/Projects/Mahsa/datasets/grid/test/s34/sgiz3p.mpg,61,211,1.0945308208465576,0.6056679866910368
136,9,/home/nabizadz/Projects/Mahsa/datasets/grid/test/s34/srae3p.mpg,16,166,1.1395190954208374,0.5204957064866407
136,10,/home/nabizadz/Projects/Mahsa/datasets/grid/test/s34/pbaf2s.mpg,50,200,1.1614872217178345,0.6578964375380658
136,11,/home/nabizadz/Projects/Mahsa/datasets/grid/test/s34/lwwv7p.mpg,98,248,1.330458641052246,0.6900415474684436
136,12,/home/nabizadz/Projects/Mahsa/datasets/grid/test/s34/lgwx1n.mpg,86,236,1.2295444011688232,0.6426239154846091
136,13,/home/nabizadz/Projects/Mahsa/datasets/grid/test/s34/praf8s.mpg,35,185,1.0714497566223145,0.6401288962035497
136,14,/home/nabizadz/Projects/Mahsa/datasets/grid/test/s34/pras8a.mpg,1,151,1.247836947441101,0.7708310179660617
136,15,/home/nabizadz/Projects/Mahsa/datasets/grid/test/s34/lwbi6a.mpg,105,255,1.2175886631011963,0.6141715433287555
137,0,/home/nabizadz/Projects/Mahsa/datasets/grid/test/s34/swwf6s.mpg,136,286,1.251704454421997,0.681914224866526
137,1,/home/nabizadz/Projects/Mahsa/datasets/grid/test/s34/sgbf7n.mpg,101,251,1.2255208492279053,0.6912433667093797
137,2,/home/nabizadz/Projects/Mahsa/datasets/grid/test/s34/pwbt5n.mpg,88,238,1.1555062532424927,0.6320755915716123
137,3,/home/nabizadz/Projects/Mahsa/datasets/grid/test/s34/lrbu6s.mpg,43,193,1.0951582193374634,0.6882915409954387
137,4,/home/nabizadz/Projects/Mahsa/datasets/grid/test/s34/bwaq2a.mpg,142,292,1.6138511896133423,0.7947045219364133
137,5,/home/nabizadz/Projects/Mahsa/datasets/grid/test/s34/srbe8a.mpg,108,258,1.3888943195343018,0.7522021455186226
137,6,/home/nabizadz/Projects/Mahsa/datasets/grid/test/s34/pgia1n.mpg,93,243,1.1948704719543457,0.609499973030605
137,7,/home/nabizadz/Projects/Mahsa/datasets/grid/test/s34/srak5n.mpg,42,192,1.1232879161834717,0.5484601590263514
137,8,/home/nabizadz/Projects/Mahsa/datasets/grid/test/s34/sgbm4a.mpg,46,196,1.1549063920974731,0.6355622157064028
137,9,/home/nabizadz/Projects/Mahsa/datasets/grid/test/s34/swae7n.mpg,21,171,1.2063177824020386,0.6444911250307948
137,10,/home/nabizadz/Projects/Mahsa/datasets/grid/test/s34/briv5p.mpg,15,165,1.1747523546218872,0.6372175234131228
137,11,/home/nabizadz/Projects/Mahsa/datasets/grid/test/s34/pgan6a.mpg,148,298,1.226088047027588,0.7119212034892335
137,12,/home/nabizadz/Projects/Mahsa/datasets/grid/test/s34/sbiqzs.mpg,52,202,1.0749051570892334,0.5809508761339716
137,13,/home/nabizadz/Projects/Mahsa/datasets/grid/test/s34/lria5n.mpg,141,291,1.3186304569244385,0.719985745485464
137,14,/home/nabizadz/Projects/Mahsa/datasets/grid/test/s34/lrwo7p.mpg,120,270,1.5205981731414795,0.7457162406335911
137,15,/home/nabizadz/Projects/Mahsa/datasets/grid/test/s34/prif6a.mpg,11,161,1.170305609703064,0.5792811503459859
138,0,/home/nabizadz/Projects/Mahsa/datasets/grid/test/s34/bbbp2s.mpg,120,270,1.4185199737548828,0.6284441504009008
138,1,/home/nabizadz/Projects/Mahsa/datasets/grid/test/s34/lrwi3p.mpg,108,258,1.2434563636779785,0.5677446460885879
138,2,/home/nabizadz/Projects/Mahsa/datasets/grid/test/s34/pbil1n.mpg,68,218,1.1259164810180664,0.5873967910884604
138,3,/home/nabizadz/Projects/Mahsa/datasets/grid/test/s34/lrwvzs.mpg,144,294,1.2847487926483154,0.6529121366665196
138,4,/home/nabizadz/Projects/Mahsa/datasets/grid/test/s34/lgwj4s.mpg,26,176,1.1482887268066406,0.6343014869590193
138,5,/home/nabizadz/Projects/Mahsa/datasets/grid/test/s34/pbwf9n.mpg,100,250,1.3019205331802368,0.6954342938234637
138,6,/home/nabizadz/Projects/Mahsa/datasets/grid/test/s34/pgig5n.mpg,88,238,1.1336807012557983,0.6327488885024959
138,7,/home/nabizadz/Projects/Mahsa/datasets/grid/test/s34/lrwv2a.mpg,35,185,1.0878955125808716,0.6206942721323624
138,8,/home/nabizadz/Projects/Mahsa/datasets/grid/test/s34/lrin6a.mpg,60,210,1.0861748456954956,0.6252676763509032
138,9,/home/nabizadz/Projects/Mahsa/datasets/grid/test/s34/sbix3n.mpg,18,168,1.229196548461914,0.6607744739403053
138,10,/home/nabizadz/Projects/Mahsa/datasets/grid/test/s34/lwbb9n.mpg,150,300,1.8088957071304321,0.7295550551321623
138,11,/home/nabizadz/Projects/Mahsa/datasets/grid/test/s34/bbiu7n.mpg,116,266,1.2566943168640137,0.6694858440099335
138,12,/home/nabizadz/Projects/Mahsa/datasets/grid/test/s34/pram4a.mpg,107,257,1.2649415731430054,0.6741122548591689
138,13,/home/nabizadz/Projects/Mahsa/datasets/grid/test/s34/brbx2s.mpg,4,154,1.1804488897323608,0.6484792907326254
138,14,/home/nabizadz/Projects/Mahsa/datasets/grid/test/s34/sbix4s.mpg,148,298,2.888460636138916,0.6875664366205576
138,15,/home/nabizadz/Projects/Mahsa/datasets/grid/test/s34/sgbgza.mpg,9,159,1.1616259813308716,0.6619003123936517
139,0,/home/nabizadz/Projects/Mahsa/datasets/grid/test/s34/pwwh3p.mpg,146,296,1.5567982196807861,0.725854567529665
139,1,/home/nabizadz/Projects/Mahsa/datasets/grid/test/s34/brwd5p.mpg,61,211,1.2268309593200684,0.6494957301517206
139,2,/home/nabizadz/Projects/Mahsa/datasets/grid/test/s34/lbig5p.mpg,76,226,1.2890174388885498,0.5190161507900493
139,3,/home/nabizadz/Projects/Mahsa/datasets/grid/test/s34/pgia3p.mpg,31,181,1.2591886520385742,0.6949142860093712
139,4,/home/nabizadz/Projects/Mahsa/datasets/grid/test/s34/pbbf5n.mpg,80,230,1.137823224067688,0.6948510591848722
139,5,/home/nabizadz/Projects/Mahsa/datasets/grid/test/s34/lbwb3p.mpg,1,151,1.157487154006958,0.6815309729743131
139,6,/home/nabizadz/Projects/Mahsa/datasets/grid/test/s34/lwwv5n.mpg,111,261,1.321580171585083,0.7204114174933228
139,7,/home/nabizadz/Projects/Mahsa/datasets/grid/test/s34/brii7p.mpg,131,281,1.6760507822036743,0.6503036176185951
139,8,/home/nabizadz/Projects/Mahsa/datasets/grid/test/s34/lrau2s.mpg,85,235,1.1363403797149658,0.6725278422941402
139,9,/home/nabizadz/Projects/Mahsa/datasets/grid/test/s34/pgbh6a.mpg,92,242,1.126454472541809,0.6551276035432678
139,10,/home/nabizadz/Projects/Mahsa/datasets/grid/test/s34/bric3p.mpg,13,163,1.1202012300491333,0.6545613656249974
139,11,/home/nabizadz/Projects/Mahsa/datasets/grid/test/s34/lgib7n.mpg,14,164,1.1204066276550293,0.5210866186395835
139,12,/home/nabizadz/Projects/Mahsa/datasets/grid/test/s34/pwif9n.mpg,74,224,1.2147549390792847,0.5962580874697467
139,13,/home/nabizadz/Projects/Mahsa/datasets/grid/test/s34/pgwb6a.mpg,33,183,1.2959600687026978,0.6704073865370032
139,14,/home/nabizadz/Projects/Mahsa/datasets/grid/test/s34/sbaj9n.mpg,47,197,1.07466459274292,0.6047272389844583
139,15,/home/nabizadz/Projects/Mahsa/datasets/grid/test/s34/bgbe2s.mpg,36,186,1.0878790616989136,0.6321378715895363
140,0,/home/nabizadz/Projects/Mahsa/datasets/grid/test/s34/lbag7n.mpg,115,265,1.2103585004806519,0.6620484775356889
140,1,/home/nabizadz/Projects/Mahsa/datasets/grid/test/s34/bgid4s.mpg,53,203,1.2421975135803223,0.5406516130695451
140,2,/home/nabizadz/Projects/Mahsa/datasets/grid/test/s34/bgwe7p.mpg,16,166,1.1096229553222656,0.6172733457910957
140,3,/home/nabizadz/Projects/Mahsa/datasets/grid/test/s34/lwwv8a.mpg,62,212,1.1598625183105469,0.6835257631183553
140,4,/home/nabizadz/Projects/Mahsa/datasets/grid/test/s34/lwwc5p.mpg,137,287,1.396547555923462,0.7186419264930605
140,5,/home/nabizadz/Projects/Mahsa/datasets/grid/test/s34/bwix2a.mpg,32,182,1.218224287033081,0.5770553735947633
140,6,/home/nabizadz/Projects/Mahsa/datasets/grid/test/s34/lraoza.mpg,18,168,1.1173725128173828,0.5806350725617668
140,7,/home/nabizadz/Projects/Mahsa/datasets/grid/test/s34/pgit4s.mpg,67,217,1.1472152471542358,0.6263595120821362
140,8,/home/nabizadz/Projects/Mahsa/datasets/grid/test/s34/pgbn9p.mpg,103,253,1.1823760271072388,0.554709460858149
140,9,/home/nabizadz/Projects/Mahsa/datasets/grid/test/s34/lrbo1n.mpg,28,178,1.0742210149765015,0.6299446606785875
140,10,/home/nabizadz/Projects/Mahsa/datasets/grid/test/s34/praf7n.mpg,113,263,1.3011575937271118,0.627940256384758
140,11,/home/nabizadz/Projects/Mahsa/datasets/grid/test/s34/pgwb3n.mpg,60,210,1.17462956905365,0.6184412574228197
140,12,/home/nabizadz/Projects/Mahsa/datasets/grid/test/s34/pbal5n.mpg,31,181,1.2127732038497925,0.6686303530893315
140,13,/home/nabizadz/Projects/Mahsa/datasets/grid/test/s34/srwr9p.mpg,94,244,1.2012099027633667,0.5016675666771379
140,14,/home/nabizadz/Projects/Mahsa/datasets/grid/test/s34/sbbe2a.mpg,42,192,1.0906102657318115,0.5512571803470854
140,15,/home/nabizadz/Projects/Mahsa/datasets/grid/test/s34/pbbf8a.mpg,122,272,1.3490008115768433,0.739738124773405
141,0,/home/nabizadz/Projects/Mahsa/datasets/grid/test/s34/lwai2a.mpg,138,288,1.6294821500778198,0.7524878135415672
141,1,/home/nabizadz/Projects/Mahsa/datasets/grid/test/s34/pbwm4s.mpg,68,218,1.1914587020874023,0.722737533240575
141,2,/home/nabizadz/Projects/Mahsa/datasets/grid/test/s34/priz5n.mpg,83,233,1.1677967309951782,0.7054188266296105
141,3,/home/nabizadz/Projects/Mahsa/datasets/grid/test/s34/lwau7n.mpg,51,201,1.0816466808319092,0.5364320630321456
141,4,/home/nabizadz/Projects/Mahsa/datasets/grid/test/s34/bwbx7n.mpg,63,213,1.105660319328308,0.6487224288411391
141,5,/home/nabizadz/Projects/Mahsa/datasets/grid/test/s34/bwax3n.mpg,94,244,1.2469563484191895,0.7100543738629446
141,6,/home/nabizadz/Projects/Mahsa/datasets/grid/test/s34/sbaq6a.mpg,47,197,1.0845837593078613,0.5520734036763799
141,7,/home/nabizadz/Projects/Mahsa/datasets/grid/test/s34/pgbh5p.mpg,124,274,1.3543912172317505,0.6913093756833473
141,8,/home/nabizadz/Projects/Mahsa/datasets/grid/test/s34/bbio4s.mpg,133,283,1.6519856452941895,0.6444912676951244
141,9,/home/nabizadz/Projects/Mahsa/datasets/grid/test/s34/lrwb7n.mpg,16,166,1.2615642547607422,0.7654800945030893
141,10,/home/nabizadz/Projects/Mahsa/datasets/grid/test/s34/pwaa1p.mpg,120,270,1.2604360580444336,0.589087666934949
141,11,/home/nabizadz/Projects/Mahsa/datasets/grid/test/s34/bbac1p.mpg,134,284,1.4366143941879272,0.6288333353862879
141,12,/home/nabizadz/Projects/Mahsa/datasets/grid/test/s34/bwaq1p.mpg,13,163,1.1266354322433472,0.6525109157504339
141,13,/home/nabizadz/Projects/Mahsa/datasets/grid/test/s34/sgaf5p.mpg,32,182,1.1375714540481567,0.5623304144078951
141,14,/home/nabizadz/Projects/Mahsa/datasets/grid/test/s34/sgbf9p.mpg,68,218,1.1414241790771484,0.6820262855075977
141,15,/home/nabizadz/Projects/Mahsa/datasets/grid/test/s34/swie5p.mpg,22,172,1.2904000282287598,0.6878987860475708
142,0,/home/nabizadz/Projects/Mahsa/datasets/grid/test/s34/lwwi8s.mpg,55,205,1.1073083877563477,0.5768613463107679
142,1,/home/nabizadz/Projects/Mahsa/datasets/grid/test/s34/bbwp6s.mpg,144,294,1.5761260986328125,0.7297871119677173
142,2,/home/nabizadz/Projects/Mahsa/datasets/grid/test/s34/lbbh2s.mpg,108,258,1.1359734535217285,0.6343699875008044
142,3,/home/nabizadz/Projects/Mahsa/datasets/grid/test/s34/bbiu9p.mpg,12,162,1.049790859222412,0.5424757296524023
142,4,/home/nabizadz/Projects/Mahsa/datasets/grid/test/s34/sbbk6a.mpg,78,228,1.2399022579193115,0.6445313447725108
142,5,/home/nabizadz/Projects/Mahsa/datasets/grid/test/s34/bwwy1n.mpg,138,288,1.2693703174591064,0.6907254242562
142,6,/home/nabizadz/Projects/Mahsa/datasets/grid/test/s34/lria8a.mpg,139,289,2.03271484375,0.8229852830622247
142,7,/home/nabizadz/Projects/Mahsa/datasets/grid/test/s34/pbaf1n.mpg,18,168,1.1048938035964966,0.6739814853613767
142,8,/home/nabizadz/Projects/Mahsa/datasets/grid/test/s34/pgia2s.mpg,113,263,1.1859488487243652,0.6059571986115988
142,9,/home/nabizadz/Projects/Mahsa/datasets/grid/test/s34/bbai3n.mpg,21,171,1.179198145866394,0.7232463838782242
142,10,/home/nabizadz/Projects/Mahsa/datasets/grid/test/s34/pbaz3n.mpg,132,282,1.755068302154541,0.6889723307765999
142,11,/home/nabizadz/Projects/Mahsa/datasets/grid/test/s34/lgbc7p.mpg,143,293,1.3074103593826294,0.6647830522801363
142,12,/home/nabizadz/Projects/Mahsa/datasets/grid/test/s34/sgal8s.mpg,114,264,1.785465121269226,0.7163953854985448
142,13,/home/nabizadz/Projects/Mahsa/datasets/grid/test/s34/lwau8s.mpg,118,268,1.2930324077606201,0.5158786593805208
142,14,/home/nabizadz/Projects/Mahsa/datasets/grid/test/s34/bbio3n.mpg,119,269,1.5309996604919434,0.6586766803269971
142,15,/home/nabizadz/Projects/Mahsa/datasets/grid/test/s34/bgwr3n.mpg,111,261,1.2152478694915771,0.6732095010835393
143,0,/home/nabizadz/Projects/Mahsa/datasets/grid/test/s34/prbm8a.mpg,52,202,1.0865668058395386,0.6956897874571145
143,1,/home/nabizadz/Projects/Mahsa/datasets/grid/test/s34/srik1n.mpg,44,194,1.1324036121368408,0.5593249750923451
143,2,/home/nabizadz/Projects/Mahsa/datasets/grid/test/s34/bgij7n.mpg,42,192,1.2042983770370483,0.63404006473863
143,3,/home/nabizadz/Projects/Mahsa/datasets/grid/test/s34/lbaa3n.mpg,109,259,1.2808057069778442,0.7091733380852449
143,4,/home/nabizadz/Projects/Mahsa/datasets/grid/test/s34/bgay1p.mpg,45,195,1.0757052898406982,0.585088080333326
143,5,/home/nabizadz/Projects/Mahsa/datasets/grid/test/s34/lgbc5n.mpg,130,280,1.174381136894226,0.6892150061921147
143,6,/home/nabizadz/Projects/Mahsa/datasets/grid/test/s34/srae1n.mpg,89,239,1.3736817836761475,0.6306562174883225
143,7,/home/nabizadz/Projects/Mahsa/datasets/grid/test/s34/lwau9p.mpg,16,166,1.1959657669067383,0.6455459832093452
143,8,/home/nabizadz/Projects/Mahsa/datasets/grid/test/s34/pwwa7n.mpg,120,270,1.1755189895629883,0.7229119821307708
143,9,/home/nabizadz/Projects/Mahsa/datasets/grid/test/s34/sray6a.mpg,14,164,1.1473757028579712,0.6246146410899721
143,10,/home/nabizadz/Projects/Mahsa/datasets/grid/test/s34/prwg7p.mpg,9,159,1.1810002326965332,0.6414479698057652
143,11,/home/nabizadz/Projects/Mahsa/datasets/grid/test/s34/lbbh4a.mpg,27,177,1.0948352813720703,0.5408575672956668
143,12,/home/nabizadz/Projects/Mahsa/datasets/grid/test/s34/lbit2s.mpg,40,190,1.1318576335906982,0.6911762091478232
143,13,/home/nabizadz/Projects/Mahsa/datasets/grid/test/s34/sbby4a.mpg,86,236,1.175117015838623,0.6585702664942409
143,14,/home/nabizadz/Projects/Mahsa/datasets/grid/test/s34/lbwu5p.mpg,64,214,1.328619360923767,0.621208436595818
143,15,/home/nabizadz/Projects/Mahsa/datasets/grid/test/s34/sgbs5n.mpg,98,248,1.1223143339157104,0.7327152692152752
144,0,/home/nabizadz/Projects/Mahsa/datasets/grid/test/s34/bbwx1p.mpg,124,274,1.2857918739318848,0.6556189346633888
144,1,/home/nabizadz/Projects/Mahsa/datasets/grid/test/s34/sbij6s.mpg,68,218,1.154964566230774,0.5649610085104625
144,2,/home/nabizadz/Projects/Mahsa/datasets/grid/test/s34/sbwy6s.mpg,37,187,1.1113364696502686,0.6976924167306466
144,3,/home/nabizadz/Projects/Mahsa/datasets/grid/test/s34/bwbq3n.mpg,110,260,1.2604817152023315,0.6207382599593998
144,4,/home/nabizadz/Projects/Mahsa/datasets/grid/test/s34/bbbc6a.mpg,25,175,1.1106051206588745,0.6808090981790887
144,5,/home/nabizadz/Projects/Mahsa/datasets/grid/test/s34/lbbbza.mpg,18,168,1.1461589336395264,0.7116214609350707
144,6,/home/nabizadz/Projects/Mahsa/datasets/grid/test/s34/bbav4a.mpg,65,215,1.1796786785125732,0.6581377942531232
144,7,/home/nabizadz/Projects/Mahsa/datasets/grid/test/s34/sbad8a.mpg,27,177,1.1382625102996826,0.6361055061017509
144,8,/home/nabizadz/Projects/Mahsa/datasets/grid/test/s34/bgikza.mpg,135,285,1.43186354637146,0.6933948785043831
144,9,/home/nabizadz/Projects/Mahsa/datasets/grid/test/s34/lgai6s.mpg,32,182,1.091657280921936,0.44995084536234214
144,10,/home/nabizadz/Projects/Mahsa/datasets/grid/test/s34/bbai4s.mpg,87,237,1.1882563829421997,0.5806244111679975
144,11,/home/nabizadz/Projects/Mahsa/datasets/grid/test/s34/lgii1n.mpg,40,190,1.075740098953247,0.41188977608521904
144,12,/home/nabizadz/Projects/Mahsa/datasets/grid/test/s34/sbad7p.mpg,12,162,1.2490795850753784,0.739660517877756
144,13,/home/nabizadz/Projects/Mahsa/datasets/grid/test/s34/pbaz4s.mpg,17,167,1.1951321363449097,0.7279662029562441
144,14,/home/nabizadz/Projects/Mahsa/datasets/grid/test/s34/lwiu3n.mpg,71,221,1.0850721597671509,0.4745512500461699
144,15,/home/nabizadz/Projects/Mahsa/datasets/grid/test/s34/bbbp3p.mpg,10,160,1.1654080152511597,0.6729052723254282
145,0,/home/nabizadz/Projects/Mahsa/datasets/grid/test/s34/bgwe6s.mpg,129,279,1.3345932960510254,0.6761701959706902
145,1,/home/nabizadz/Projects/Mahsa/datasets/grid/test/s34/brbdzs.mpg,70,220,1.18135404586792,0.592421226172806
145,2,/home/nabizadz/Projects/Mahsa/datasets/grid/test/s34/bric2s.mpg,99,249,1.3515968322753906,0.7546333114979141
145,3,/home/nabizadz/Projects/Mahsa/datasets/grid/test/s34/pbie9p.mpg,142,292,1.4359229803085327,0.797041658706624
145,4,/home/nabizadz/Projects/Mahsa/datasets/grid/test/s34/lrbb4s.mpg,143,293,1.791452169418335,0.5972898192611363
145,5,/home/nabizadz/Projects/Mahsa/datasets/grid/test/s34/lwbi3n.mpg,28,178,1.1041433811187744,0.6533363820384491
145,6,/home/nabizadz/Projects/Mahsa/datasets/grid/test/s34/pbar9n.mpg,53,203,1.1727293729782104,0.6294621374475767
145,7,/home/nabizadz/Projects/Mahsa/datasets/grid/test/s34/lbwh8a.mpg,86,236,1.4202134609222412,0.6053367686922667
145,8,/home/nabizadz/Projects/Mahsa/datasets/grid/test/s34/lrwo8a.mpg,141,291,1.4392390251159668,0.6712797325330286
145,9,/home/nabizadz/Projects/Mahsa/datasets/grid/test/s34/srbr4s.mpg,133,283,1.3508622646331787,0.5654730174577839
145,10,/home/nabizadz/Projects/Mahsa/datasets/grid/test/s34/pbwg2a.mpg,53,203,1.1961004734039307,0.6104188129012967
145,11,/home/nabizadz/Projects/Mahsa/datasets/grid/test/s34/bgij9p.mpg,147,297,1.206878662109375,0.6846481163226146
145,12,/home/nabizadz/Projects/Mahsa/datasets/grid/test/s34/pgwh7n.mpg,125,275,1.572493553161621,0.7051692850009968
145,13,/home/nabizadz/Projects/Mahsa/datasets/grid/test/s34/swbr9n.mpg,73,223,1.1899054050445557,0.5901953028452332
145,14,/home/nabizadz/Projects/Mahsa/datasets/grid/test/s34/pgwu7p.mpg,148,298,1.2236249446868896,0.7204081108823247
145,15,/home/nabizadz/Projects/Mahsa/datasets/grid/test/s34/sbwe3n.mpg,18,168,1.151665449142456,0.6519268098234331
146,0,/home/nabizadz/Projects/Mahsa/datasets/grid/test/s34/bbivza.mpg,2,152,1.3313770294189453,0.6425219872775886
146,1,/home/nabizadz/Projects/Mahsa/datasets/grid/test/s34/sgif2a.mpg,59,209,1.0936387777328491,0.5925410830908904
146,2,/home/nabizadz/Projects/Mahsa/datasets/grid/test/s34/sgifzs.mpg,60,210,1.122624158859253,0.6189799760948149
146,3,/home/nabizadz/Projects/Mahsa/datasets/grid/test/s34/bbbp1n.mpg,32,182,1.1102018356323242,0.6798818468479688
146,4,/home/nabizadz/Projects/Mahsa/datasets/grid/test/s34/bwwk3n.mpg,74,224,1.159598469734192,0.5768491619707787
146,5,/home/nabizadz/Projects/Mahsa/datasets/grid/test/s34/lbbn5n.mpg,129,279,1.1754343509674072,0.6269925542222257
146,6,/home/nabizadz/Projects/Mahsa/datasets/grid/test/s34/sbwy8a.mpg,36,186,1.0897771120071411,0.46522256257296996
146,7,/home/nabizadz/Projects/Mahsa/datasets/grid/test/s34/pwwa8s.mpg,149,299,2.114914655685425,0.6597165121465567
146,8,/home/nabizadz/Projects/Mahsa/datasets/grid/test/s34/sgaz6s.mpg,82,232,1.1699079275131226,0.6742808726808345
146,9,/home/nabizadz/Projects/Mahsa/datasets/grid/test/s34/bbbc5p.mpg,129,279,1.3413589000701904,0.7455401402372901
146,10,/home/nabizadz/Projects/Mahsa/datasets/grid/test/s34/bwwk5p.mpg,126,276,1.331375002861023,0.7159164959262254
146,11,/home/nabizadz/Projects/Mahsa/datasets/grid/test/s34/lgao9n.mpg,124,274,1.1858148574829102,0.5693736659630104
146,12,/home/nabizadz/Projects/Mahsa/datasets/grid/test/s34/lwbc1p.mpg,116,266,1.4636995792388916,0.6107379255110817
146,13,/home/nabizadz/Projects/Mahsa/datasets/grid/test/s34/lbat8a.mpg,28,178,1.1090894937515259,0.5751421649693846
146,14,/home/nabizadz/Projects/Mahsa/datasets/grid/test/s34/bbwx2a.mpg,25,175,1.1221370697021484,0.5655081105843419
146,15,/home/nabizadz/Projects/Mahsa/datasets/grid/test/s34/pbal7p.mpg,8,158,1.1874858140945435,0.5834046258034351
147,0,/home/nabizadz/Projects/Mahsa/datasets/grid/test/s34/bbib8a.mpg,44,194,1.1089565753936768,0.5783340604018444
147,1,/home/nabizadz/Projects/Mahsa/datasets/grid/test/s34/brbp8s.mpg,41,191,1.0829178094863892,0.6137423208579315
147,2,/home/nabizadz/Projects/Mahsa/datasets/grid/test/s34/prif4s.mpg,20,170,1.1717280149459839,0.5817310413607986
147,3,/home/nabizadz/Projects/Mahsa/datasets/grid/test/s34/prwt6a.mpg,130,280,1.399200439453125,0.6793128617217801
147,4,/home/nabizadz/Projects/Mahsa/datasets/grid/test/s34/brwd4s.mpg,0,150,1.1999943256378174,0.6470565402209213
147,5,/home/nabizadz/Projects/Mahsa/datasets/grid/test/s34/srak6s.mpg,2,152,1.1236605644226074,0.6639426790129452
147,6,/home/nabizadz/Projects/Mahsa/datasets/grid/test/s34/lria7p.mpg,18,168,1.108957290649414,0.6593018037355789
147,7,/home/nabizadz/Projects/Mahsa/datasets/grid/test/s34/lrit9p.mpg,136,286,1.3589638471603394,0.6546136394270345
147,8,/home/nabizadz/Projects/Mahsa/datasets/grid/test/s34/pwat1n.mpg,116,266,1.3239611387252808,0.6743899803612596
147,9,/home/nabizadz/Projects/Mahsa/datasets/grid/test/s34/prwt5p.mpg,30,180,1.1062403917312622,0.6234063034577648
147,10,/home/nabizadz/Projects/Mahsa/datasets/grid/test/s34/sbij7p.mpg,119,269,1.9710581302642822,0.7149406267285185
147,11,/home/nabizadz/Projects/Mahsa/datasets/grid/test/s34/pwbn2s.mpg,108,258,1.2581887245178223,0.6534854169176515
147,12,/home/nabizadz/Projects/Mahsa/datasets/grid/test/s34/sgal9p.mpg,46,196,1.0351392030715942,0.5577413053683777
147,13,/home/nabizadz/Projects/Mahsa/datasets/grid/test/s34/bgay2a.mpg,63,213,1.1078310012817383,0.6320119891911945
147,14,/home/nabizadz/Projects/Mahsa/datasets/grid/test/s34/srwz1n.mpg,64,214,1.1026074886322021,0.6516267325306297
147,15,/home/nabizadz/Projects/Mahsa/datasets/grid/test/s34/pwba3n.mpg,83,233,1.1048657894134521,0.6509453605975105
148,0,/home/nabizadz/Projects/Mahsa/datasets/grid/test/s34/lgii3p.mpg,125,275,1.4071770906448364,0.609965045011694
148,1,/home/nabizadz/Projects/Mahsa/datasets/grid/test/s34/bbwj2s.mpg,6,156,1.1782251596450806,0.6675525129939269
148,2,/home/nabizadz/Projects/Mahsa/datasets/grid/test/s34/srid9p.mpg,74,224,1.1204417943954468,0.5974618641582917
148,3,/home/nabizadz/Projects/Mahsa/datasets/grid/test/s34/bgix6s.mpg,62,212,1.27910578250885,0.5952374282451621
148,4,/home/nabizadz/Projects/Mahsa/datasets/grid/test/s34/pgauza.mpg,146,296,1.1967854499816895,0.6226252980720424
148,5,/home/nabizadz/Projects/Mahsa/datasets/grid/test/s34/lgav3n.mpg,148,298,1.2178001403808594,0.7005380453044739
148,6,/home/nabizadz/Projects/Mahsa/datasets/grid/test/s34/sgbm1n.mpg,120,270,1.5619221925735474,0.6603620180553508
148,7,/home/nabizadz/Projects/Mahsa/datasets/grid/test/s34/lwib1n.mpg,126,276,1.2983357906341553,0.7198878910722575
148,8,/home/nabizadz/Projects/Mahsa/datasets/grid/test/s34/pgwb4s.mpg,147,297,1.2103712558746338,0.6631415019900776
148,9,/home/nabizadz/Projects/Mahsa/datasets/grid/test/s34/lgbp3n.mpg,54,204,1.092460036277771,0.4753857522873487
148,10,/home/nabizadz/Projects/Mahsa/datasets/grid/test/s34/pgag9n.mpg,19,169,1.1121083498001099,0.5891239134627163
148,11,/home/nabizadz/Projects/Mahsa/datasets/grid/test/s34/bgid3n.mpg,147,297,1.3396964073181152,0.7449033472324308
148,12,/home/nabizadz/Projects/Mahsa/datasets/grid/test/s34/sbbq8s.mpg,55,205,1.245932698249817,0.6876952142234697
148,13,/home/nabizadz/Projects/Mahsa/datasets/grid/test/s34/praf9p.mpg,59,209,1.099331021308899,0.6458642202220917
148,14,/home/nabizadz/Projects/Mahsa/datasets/grid/test/s34/pras6s.mpg,121,271,1.5270044803619385,0.6498089507321986
148,15,/home/nabizadz/Projects/Mahsa/datasets/grid/test/s34/srwl4s.mpg,82,232,1.2215076684951782,0.5886172946190219
149,0,/home/nabizadz/Projects/Mahsa/datasets/grid/test/s34/pwwuzs.mpg,66,216,1.1968941688537598,0.5541341007902608
149,1,/home/nabizadz/Projects/Mahsa/datasets/grid/test/s34/bwij1n.mpg,142,292,1.3588204383850098,0.7006612269411605
149,2,/home/nabizadz/Projects/Mahsa/datasets/grid/test/s34/bgaq7p.mpg,140,290,1.784959316253662,0.7336595251143572
149,3,/home/nabizadz/Projects/Mahsa/datasets/grid/test/s34/lwih5n.mpg,69,219,1.1577314138412476,0.6309901932289802
149,4,/home/nabizadz/Projects/Mahsa/datasets/grid/test/s34/lbig6a.mpg,102,252,1.2017964124679565,0.5844940875137857
149,5,/home/nabizadz/Projects/Mahsa/datasets/grid/test/s34/bbbv6s.mpg,95,245,1.2393721342086792,0.6276466089021789
149,6,/home/nabizadz/Projects/Mahsa/datasets/grid/test/s34/lwib3p.mpg,89,239,1.3724403381347656,0.574413111220534
149,7,/home/nabizadz/Projects/Mahsa/datasets/grid/test/s34/sgbz9n.mpg,110,260,1.259075403213501,0.6583137281145902
149,8,/home/nabizadz/Projects/Mahsa/datasets/grid/test/s34/priz7p.mpg,23,173,1.167504906654358,0.6956235413304301
149,9,/home/nabizadz/Projects/Mahsa/datasets/grid/test/s34/swwz8s.mpg,127,277,1.7189593315124512,0.6975403268212075
149,10,/home/nabizadz/Projects/Mahsa/datasets/grid/test/s34/bgij8s.mpg,23,173,1.183169960975647,0.5854700829320759
149,11,/home/nabizadz/Projects/Mahsa/datasets/grid/test/s34/lrih1p.mpg,36,186,1.094214677810669,0.5558455722822907
149,12,/home/nabizadz/Projects/Mahsa/datasets/grid/test/s34/bbbi9p.mpg,29,179,1.182113766670227,0.6639713574708872
149,13,/home/nabizadz/Projects/Mahsa/datasets/grid/test/s34/sgiz1n.mpg,31,181,1.2286107540130615,0.5903176005717891
149,14,/home/nabizadz/Projects/Mahsa/datasets/grid/test/s34/bbii2a.mpg,116,266,1.2481482028961182,0.5781447896537029
149,15,/home/nabizadz/Projects/Mahsa/datasets/grid/test/s34/lgwj3n.mpg,146,296,1.7523328065872192,0.7042200921105488
150,0,/home/nabizadz/Projects/Mahsa/datasets/grid/test/s34/bwaqzs.mpg,100,250,1.1984963417053223,0.652229849099015
150,1,/home/nabizadz/Projects/Mahsa/datasets/grid/test/s34/brwx8a.mpg,45,195,1.049856185913086,0.6775733785547301
150,2,/home/nabizadz/Projects/Mahsa/datasets/grid/test/s34/brwx7p.mpg,8,158,1.1537834405899048,0.6674874479892516
150,3,/home/nabizadz/Projects/Mahsa/datasets/grid/test/s34/lbwh6s.mpg,73,223,1.1299574375152588,0.6853916767934897
150,4,/home/nabizadz/Projects/Mahsa/datasets/grid/test/s34/lrbb5p.mpg,108,258,1.5100905895233154,0.737113345133722
150,5,/home/nabizadz/Projects/Mahsa/datasets/grid/test/s34/srby8s.mpg,63,213,1.1822516918182373,0.639895164363277
150,6,/home/nabizadz/Projects/Mahsa/datasets/grid/test/s34/lrah4s.mpg,53,203,1.0851987600326538,0.5877121199917108
150,7,/home/nabizadz/Projects/Mahsa/datasets/grid/test/s34/lrbu7p.mpg,28,178,1.082297444343567,0.5785040640286624
150,8,/home/nabizadz/Projects/Mahsa/datasets/grid/test/s34/sgil3n.mpg,66,216,1.2072068452835083,0.636015335090384
150,9,/home/nabizadz/Projects/Mahsa/datasets/grid/test/s34/pram2s.mpg,136,286,1.4024683237075806,0.693976986045275
150,10,/home/nabizadz/Projects/Mahsa/datasets/grid/test/s34/lwah9n.mpg,97,247,1.3179837465286255,0.6511304448982531
150,11,/home/nabizadz/Projects/Mahsa/datasets/grid/test/s34/brwj9p.mpg,52,202,1.0779324769973755,0.7333737879497527
150,12,/home/nabizadz/Projects/Mahsa/datasets/grid/test/s34/brwq3p.mpg,131,281,1.584771752357483,0.6523697527583269
150,13,/home/nabizadz/Projects/Mahsa/datasets/grid/test/s34/srwf1p.mpg,81,231,1.2517361640930176,0.6945532017762187
150,14,/home/nabizadz/Projects/Mahsa/datasets/grid/test/s34/bbwp5n.mpg,10,160,1.2162353992462158,0.5909416343710007
150,15,/home/nabizadz/Projects/Mahsa/datasets/grid/test/s34/swbs1p.mpg,66,216,1.2023704051971436,0.6923685062726588
151,0,/home/nabizadz/Projects/Mahsa/datasets/grid/test/s34/pwbn3p.mpg,45,195,1.0913814306259155,0.6291576211095136
151,1,/home/nabizadz/Projects/Mahsa/datasets/grid/test/s34/bwip6s.mpg,93,243,1.2229493856430054,0.6750699639160556
151,2,/home/nabizadz/Projects/Mahsa/datasets/grid/test/s34/lbat6s.mpg,118,268,1.6517078876495361,0.6451637839139606
151,3,/home/nabizadz/Projects/Mahsa/datasets/grid/test/s34/pgahzs.mpg,19,169,1.5173466205596924,0.6216572817855662
151,4,/home/nabizadz/Projects/Mahsa/datasets/grid/test/s34/srwl3n.mpg,42,192,1.075171947479248,0.5261815606597934
151,5,/home/nabizadz/Projects/Mahsa/datasets/grid/test/s34/pbiy9n.mpg,9,159,1.116407871246338,0.5840712771263507
151,6,/home/nabizadz/Projects/Mahsa/datasets/grid/test/s34/bgwr4s.mpg,4,154,1.1758071184158325,0.6039148126023026
151,7,/home/nabizadz/Projects/Mahsa/datasets/grid/test/s34/pwwt9n.mpg,40,190,1.10684072971344,0.7263101743123439
151,8,/home/nabizadz/Projects/Mahsa/datasets/grid/test/s34/pgbu1n.mpg,116,266,1.156556248664856,0.6328285544236373
151,9,/home/nabizadz/Projects/Mahsa/datasets/grid/test/s34/pwwa9p.mpg,138,288,1.5817298889160156,0.7137824023824961
151,10,/home/nabizadz/Projects/Mahsa/datasets/grid/test/s34/brav7n.mpg,71,221,1.105120301246643,0.5992118537778159
151,11,/home/nabizadz/Projects/Mahsa/datasets/grid/test/s34/swbf2s.mpg,65,215,1.161458969116211,0.6988624829362903
151,12,/home/nabizadz/Projects/Mahsa/datasets/grid/test/s34/brbp9p.mpg,57,207,1.2053492069244385,0.750661491765902
151,13,/home/nabizadz/Projects/Mahsa/datasets/grid/test/s34/swiy8a.mpg,40,190,1.0707652568817139,0.6447080081820729
151,14,/home/nabizadz/Projects/Mahsa/datasets/grid/test/s34/pgat9p.mpg,85,235,1.2607094049453735,0.5539810435590067
151,15,/home/nabizadz/Projects/Mahsa/datasets/grid/test/s34/pwat3p.mpg,58,208,1.1679755449295044,0.6873673218462446
152,0,/home/nabizadz/Projects/Mahsa/datasets/grid/test/s34/brwd6a.mpg,72,222,1.1040529012680054,0.6614922098724362
152,1,/home/nabizadz/Projects/Mahsa/datasets/grid/test/s34/sbwr4a.mpg,110,260,1.3729257583618164,0.6958025633868855
152,2,/home/nabizadz/Projects/Mahsa/datasets/grid/test/s34/lbim7n.mpg,90,240,1.2113866806030273,0.6517898758512561
152,3,/home/nabizadz/Projects/Mahsa/datasets/grid/test/s34/lwab7p.mpg,3,153,1.1026692390441895,0.7131206049765048
152,4,/home/nabizadz/Projects/Mahsa/datasets/grid/test/s34/bbib7p.mpg,72,222,1.1220123767852783,0.5228239859686421
152,5,/home/nabizadz/Projects/Mahsa/datasets/grid/test/s34/lrin4s.mpg,57,207,1.252654790878296,0.6646713268048543
152,6,/home/nabizadz/Projects/Mahsa/datasets/grid/test/s34/prwt3n.mpg,24,174,1.1395349502563477,0.614889531040753
152,7,/home/nabizadz/Projects/Mahsa/datasets/grid/test/s34/prwa1n.mpg,96,246,1.1230107545852661,0.6946989910761445
152,8,/home/nabizadz/Projects/Mahsa/datasets/grid/test/s34/swir2s.mpg,139,289,1.1975791454315186,0.6631258109891371
152,9,/home/nabizadz/Projects/Mahsa/datasets/grid/test/s34/swar8a.mpg,2,152,1.1240403652191162,0.6774739022149276
152,10,/home/nabizadz/Projects/Mahsa/datasets/grid/test/s34/sbid1n.mpg,45,195,1.0931437015533447,0.576753036613729
152,11,/home/nabizadz/Projects/Mahsa/datasets/grid/test/s34/lbwn9n.mpg,134,284,1.467806339263916,0.6381459246517548
152,12,/home/nabizadz/Projects/Mahsa/datasets/grid/test/s34/sgil5p.mpg,53,203,1.0953706502914429,0.5682212982968563
152,13,/home/nabizadz/Projects/Mahsa/datasets/grid/test/s34/sgbs7p.mpg,66,216,1.1173324584960938,0.6810333516265509
152,14,/home/nabizadz/Projects/Mahsa/datasets/grid/test/s34/lwab6s.mpg,137,287,1.607517957687378,0.7472652948377948
152,15,/home/nabizadz/Projects/Mahsa/datasets/grid/test/s34/lgav4s.mpg,52,202,1.14883553981781,0.550125814877227
153,0,/home/nabizadz/Projects/Mahsa/datasets/grid/test/s34/bwwd9n.mpg,114,264,1.3443814516067505,0.6842118808346347
153,1,/home/nabizadz/Projects/Mahsa/datasets/grid/test/s34/pbir6s.mpg,23,173,1.1232149600982666,0.6346080909996525
153,2,/home/nabizadz/Projects/Mahsa/datasets/grid/test/s34/pwwu2a.mpg,120,270,1.3122758865356445,0.666095894046323
153,3,/home/nabizadz/Projects/Mahsa/datasets/grid/test/s34/lbbh3p.mpg,53,203,1.2354751825332642,0.6793057933058149
153,4,/home/nabizadz/Projects/Mahsa/datasets/grid/test/s34/bbab9n.mpg,59,209,1.1001194715499878,0.47212028610189083
153,5,/home/nabizadz/Projects/Mahsa/datasets/grid/test/s34/lwbo8s.mpg,147,297,1.9250802993774414,0.5958673421581263
153,6,/home/nabizadz/Projects/Mahsa/datasets/grid/test/s34/lgac2s.mpg,80,230,1.334127426147461,0.6866083239628359
153,7,/home/nabizadz/Projects/Mahsa/datasets/grid/test/s34/bgbe1n.mpg,67,217,1.073819637298584,0.6030319238451652
153,8,/home/nabizadz/Projects/Mahsa/datasets/grid/test/s34/briv3n.mpg,1,151,1.158176302909851,0.6339144315006761
153,9,/home/nabizadz/Projects/Mahsa/datasets/grid/test/s34/lwbi4s.mpg,129,279,1.1642568111419678,0.6042963461209623
153,10,/home/nabizadz/Projects/Mahsa/datasets/grid/test/s34/bbiizs.mpg,40,190,1.0673125982284546,0.5227385881327946
153,11,/home/nabizadz/Projects/Mahsa/datasets/grid/test/s34/bgwlzs.mpg,24,174,1.184126853942871,0.6326684511735685
153,12,/home/nabizadz/Projects/Mahsa/datasets/grid/test/s34/lgbc8a.mpg,142,292,1.6317634582519531,0.7964408132461699
153,13,/home/nabizadz/Projects/Mahsa/datasets/grid/test/s34/lrab2a.mpg,5,155,1.1193040609359741,0.7993682769065465
153,14,/home/nabizadz/Projects/Mahsa/datasets/grid/test/s34/lrin5p.mpg,103,253,1.1898139715194702,0.5799133114537655
153,15,/home/nabizadz/Projects/Mahsa/datasets/grid/test/s34/swiy7p.mpg,15,165,1.1279462575912476,0.626885792138719
154,0,/home/nabizadz/Projects/Mahsa/datasets/grid/test/s34/pris3p.mpg,31,181,1.1401963233947754,0.6151041011043884
154,1,/home/nabizadz/Projects/Mahsa/datasets/grid/test/s34/bgbk6s.mpg,33,183,1.0958000421524048,0.5352039824146444
154,2,/home/nabizadz/Projects/Mahsa/datasets/grid/test/s34/bwwq7n.mpg,8,158,1.1779061555862427,0.6788401307459074
154,3,/home/nabizadz/Projects/Mahsa/datasets/grid/test/s34/lbwu6a.mpg,149,299,1.908294677734375,0.8564807013663881
154,4,/home/nabizadz/Projects/Mahsa/datasets/grid/test/s34/lbwo2a.mpg,57,207,1.1080704927444458,0.6747876562376002
154,5,/home/nabizadz/Projects/Mahsa/datasets/grid/test/s34/brbc9n.mpg,8,158,1.2014482021331787,0.6276035444907279
154,6,/home/nabizadz/Projects/Mahsa/datasets/grid/test/s34/lrwv1p.mpg,104,254,1.2826730012893677,0.5631492225922389
154,7,/home/nabizadz/Projects/Mahsa/datasets/grid/test/s34/lrah6a.mpg,90,240,1.202380657196045,0.6347792689918684
154,8,/home/nabizadz/Projects/Mahsa/datasets/grid/test/s34/pgin1p.mpg,33,183,1.100107192993164,0.6195994927671584
154,9,/home/nabizadz/Projects/Mahsa/datasets/grid/test/s34/bbbi7n.mpg,146,296,1.2343964576721191,0.6553494263984243
154,10,/home/nabizadz/Projects/Mahsa/datasets/grid/test/s34/pwbg9p.mpg,45,195,1.0649272203445435,0.6550694346528241
154,11,/home/nabizadz/Projects/Mahsa/datasets/grid/test/s34/pbbs6a.mpg,45,195,1.1215639114379883,0.6592892238929617
154,12,/home/nabizadz/Projects/Mahsa/datasets/grid/test/s34/swbz3n.mpg,24,174,1.46110999584198,0.7017633044714044
154,13,/home/nabizadz/Projects/Mahsa/datasets/grid/test/s34/pgbb2a.mpg,107,257,1.3304808139801025,0.7679753744505992
154,14,/home/nabizadz/Projects/Mahsa/datasets/grid/test/s34/brap6a.mpg,66,216,1.132782220840454,0.6324410483339908
154,15,/home/nabizadz/Projects/Mahsa/datasets/grid/test/s34/lrbu8a.mpg,105,255,1.2760450839996338,0.6809055146777383
155,0,/home/nabizadz/Projects/Mahsa/datasets/grid/test/s34/lgbp4s.mpg,57,207,1.1315867900848389,0.6228498622488668
155,1,/home/nabizadz/Projects/Mahsa/datasets/grid/test/s34/brap3n.mpg,38,188,1.101595163345337,0.5682372095005183
155,2,/home/nabizadz/Projects/Mahsa/datasets/grid/test/s34/bgix5n.mpg,126,276,1.1712135076522827,0.729509243702678
155,3,/home/nabizadz/Projects/Mahsa/datasets/grid/test/s34/swbl7p.mpg,94,244,1.3222315311431885,0.772061550492016
155,4,/home/nabizadz/Projects/Mahsa/datasets/grid/test/s34/swws4s.mpg,11,161,1.2114028930664062,0.73684626998548
155,5,/home/nabizadz/Projects/Mahsa/datasets/grid/test/s34/sgwaza.mpg,90,240,1.2054755687713623,0.5544815045038605
155,6,/home/nabizadz/Projects/Mahsa/datasets/grid/test/s34/sgil4s.mpg,41,191,1.0790928602218628,0.6138089920224349
155,7,/home/nabizadz/Projects/Mahsa/datasets/grid/test/s34/brip1p.mpg,70,220,1.1284756660461426,0.6032556858862311
155,8,/home/nabizadz/Projects/Mahsa/datasets/grid/test/s34/sbwk8s.mpg,86,236,1.2113128900527954,0.5993713716612832
155,9,/home/nabizadz/Projects/Mahsa/datasets/grid/test/s34/srwr7n.mpg,67,217,1.1590452194213867,0.573024881966518
155,10,/home/nabizadz/Projects/Mahsa/datasets/grid/test/s34/braj1p.mpg,65,215,1.1046085357666016,0.5928487903617955
155,11,/home/nabizadz/Projects/Mahsa/datasets/grid/test/s34/lrwi4a.mpg,50,200,1.1398731470108032,0.6073695142980394
155,12,/home/nabizadz/Projects/Mahsa/datasets/grid/test/s34/swbl6s.mpg,142,292,1.3012962341308594,0.6281485395837969
155,13,/home/nabizadz/Projects/Mahsa/datasets/grid/test/s34/lbwb4a.mpg,47,197,1.1037869453430176,0.5831088886836137
155,14,/home/nabizadz/Projects/Mahsa/datasets/grid/test/s34/lban3p.mpg,112,262,1.1841509342193604,0.611610461734413
155,15,/home/nabizadz/Projects/Mahsa/datasets/grid/test/s34/pbal8a.mpg,11,161,1.6087144613265991,0.75315346752414
156,0,/home/nabizadz/Projects/Mahsa/datasets/grid/test/s34/pgia4a.mpg,111,261,1.3941066265106201,0.7542613830606313
156,1,/home/nabizadz/Projects/Mahsa/datasets/grid/test/s34/prwg5n.mpg,74,224,1.1122270822525024,0.6849679359878729
156,2,/home/nabizadz/Projects/Mahsa/datasets/grid/test/s34/pgbh3n.mpg,136,286,1.6077766418457031,0.6812270583894103
156,3,/home/nabizadz/Projects/Mahsa/datasets/grid/test/s34/swae8s.mpg,102,252,1.616133689880371,0.6675987148476287
156,4,/home/nabizadz/Projects/Mahsa/datasets/grid/test/s34/lbim9p.mpg,50,200,1.0990499258041382,0.6409361157703716
156,5,/home/nabizadz/Projects/Mahsa/datasets/grid/test/s34/swir3p.mpg,66,216,1.0834228992462158,0.7209464670386078
156,6,/home/nabizadz/Projects/Mahsa/datasets/grid/test/s34/swwf7p.mpg,53,203,1.1412590742111206,0.6125706234065953
156,7,/home/nabizadz/Projects/Mahsa/datasets/grid/test/s34/sray3n.mpg,12,162,1.1302367448806763,0.6309879964339605
156,8,/home/nabizadz/Projects/Mahsa/datasets/grid/test/s34/sgwg1n.mpg,95,245,1.1751705408096313,0.6692849244806173
156,9,/home/nabizadz/Projects/Mahsa/datasets/grid/test/s34/pbir8a.mpg,88,238,1.3018828630447388,0.6506061237140065
156,10,/home/nabizadz/Projects/Mahsa/datasets/grid/test/s34/pwba6a.mpg,131,281,1.5271598100662231,0.7978711805741137
156,11,/home/nabizadz/Projects/Mahsa/datasets/grid/test/s34/bwwe1p.mpg,123,273,1.254192590713501,0.6393076574891755
156,12,/home/nabizadz/Projects/Mahsa/datasets/grid/test/s34/lrab1p.mpg,110,260,1.4968186616897583,0.6660036659470373
156,13,/home/nabizadz/Projects/Mahsa/datasets/grid/test/s34/srbr5p.mpg,136,286,1.2553277015686035,0.7844854875802462
156,14,/home/nabizadz/Projects/Mahsa/datasets/grid/test/s34/pbbs3n.mpg,47,197,1.122267723083496,0.6052975038911755
156,15,/home/nabizadz/Projects/Mahsa/datasets/grid/test/s34/prwn1p.mpg,149,299,1.3953973054885864,0.7140363604322912
157,0,/home/nabizadz/Projects/Mahsa/datasets/grid/test/s34/pbbz8s.mpg,64,214,1.1912446022033691,0.6798157518838472
157,1,/home/nabizadz/Projects/Mahsa/datasets/grid/test/s34/sgaf4s.mpg,126,276,1.2608184814453125,0.715689741940396
157,2,/home/nabizadz/Projects/Mahsa/datasets/grid/test/s34/pbiz1p.mpg,78,228,1.1948981285095215,0.7508995425136665
157,3,/home/nabizadz/Projects/Mahsa/datasets/grid/test/s34/lrwi1n.mpg,45,195,1.0808559656143188,0.5753222357727533
157,4,/home/nabizadz/Projects/Mahsa/datasets/grid/test/s34/lrit8s.mpg,117,267,1.47014319896698,0.6898598685249292
157,5,/home/nabizadz/Projects/Mahsa/datasets/grid/test/s34/srbl2a.mpg,77,227,1.1487529277801514,0.6597744166824476
157,6,/home/nabizadz/Projects/Mahsa/datasets/grid/test/s34/bgwr5p.mpg,73,223,1.1569963693618774,0.7134453398274333
157,7,/home/nabizadz/Projects/Mahsa/datasets/grid/test/s34/lbia1p.mpg,46,196,1.0887657403945923,0.6188745111581911
157,8,/home/nabizadz/Projects/Mahsa/datasets/grid/test/s34/lbbh1n.mpg,131,281,1.2073949575424194,0.6822264335453655
157,9,/home/nabizadz/Projects/Mahsa/datasets/grid/test/s34/sgwm5n.mpg,139,289,1.7373539209365845,0.7536778024313471
157,10,/home/nabizadz/Projects/Mahsa/datasets/grid/test/s34/bgbr1p.mpg,60,210,1.1057652235031128,0.6079659756625684
157,11,/home/nabizadz/Projects/Mahsa/datasets/grid/test/s34/bwad1n.mpg,9,159,1.1534606218338013,0.7198034929427174
157,12,/home/nabizadz/Projects/Mahsa/datasets/grid/test/s34/pbbmzs.mpg,59,209,1.2503567934036255,0.660919721658368
157,13,/home/nabizadz/Projects/Mahsa/datasets/grid/test/s34/lgwd2a.mpg,45,195,1.1012495756149292,0.6162203361381656
157,14,/home/nabizadz/Projects/Mahsa/datasets/grid/test/s34/lbat7p.mpg,139,289,1.6650941371917725,0.7349571821747932
157,15,/home/nabizadz/Projects/Mahsa/datasets/grid/test/s34/bgak3p.mpg,142,292,1.8201920986175537,0.68158783988385
158,0,/home/nabizadz/Projects/Mahsa/datasets/grid/test/s34/swbl5n.mpg,67,217,1.133514642715454,0.5816270882429602
158,1,/home/nabizadz/Projects/Mahsa/datasets/grid/test/s34/lrwu9n.mpg,50,200,1.0897126197814941,0.4484853976681932
158,2,/home/nabizadz/Projects/Mahsa/datasets/grid/test/s34/pril7n.mpg,89,239,1.194176435470581,0.62187058396163
158,3,/home/nabizadz/Projects/Mahsa/datasets/grid/test/s34/bwax4s.mpg,102,252,1.2015715837478638,0.6589577113634015
158,4,/home/nabizadz/Projects/Mahsa/datasets/grid/test/s34/pbwm3n.mpg,31,181,1.1490345001220703,0.5854413752311379
158,5,/home/nabizadz/Projects/Mahsa/datasets/grid/test/s34/pwwn5n.mpg,70,220,1.1283546686172485,0.6115551267062904
158,6,/home/nabizadz/Projects/Mahsa/datasets/grid/test/s34/lwih7p.mpg,123,273,1.6137633323669434,0.6293458353308582
158,7,/home/nabizadz/Projects/Mahsa/datasets/grid/test/s34/pgwu5n.mpg,129,279,1.212902307510376,0.779330494507916
158,8,/home/nabizadz/Projects/Mahsa/datasets/grid/test/s34/pbaf4a.mpg,17,167,1.4449362754821777,0.70775199255775
158,9,/home/nabizadz/Projects/Mahsa/datasets/grid/test/s34/bbbjza.mpg,95,245,1.5188727378845215,0.6101170561434909
158,10,/home/nabizadz/Projects/Mahsa/datasets/grid/test/s34/brbx3p.mpg,57,207,1.1140081882476807,0.6196629806600797
158,11,/home/nabizadz/Projects/Mahsa/datasets/grid/test/s34/prbaza.mpg,17,167,1.2082644701004028,0.7261390477188262
158,12,/home/nabizadz/Projects/Mahsa/datasets/grid/test/s34/sraq9n.mpg,6,156,1.2622954845428467,0.732643108920514
158,13,/home/nabizadz/Projects/Mahsa/datasets/grid/test/s34/pwwh1n.mpg,95,245,1.3844410181045532,0.6543795544808034
158,14,/home/nabizadz/Projects/Mahsa/datasets/grid/test/s34/lwwp4a.mpg,95,245,1.280938744544983,0.6148785479166144
158,15,/home/nabizadz/Projects/Mahsa/datasets/grid/test/s34/lgib8s.mpg,34,184,1.1126292943954468,0.5374438943174101
159,0,/home/nabizadz/Projects/Mahsa/datasets/grid/test/s34/pwis8s.mpg,134,284,2.226834774017334,0.7379584082887047
159,1,/home/nabizadz/Projects/Mahsa/datasets/grid/test/s34/pgwiza.mpg,120,270,1.1586134433746338,0.5337883333014255
159,2,/home/nabizadz/Projects/Mahsa/datasets/grid/test/s34/srid7n.mpg,150,300,1.7021470069885254,0.7282349289876939
159,3,/home/nabizadz/Projects/Mahsa/datasets/grid/test/s34/srwl5p.mpg,26,176,1.1410913467407227,0.6688400002547359
159,4,/home/nabizadz/Projects/Mahsa/datasets/grid/test/s34/sgie9n.mpg,69,219,1.171480655670166,0.5610052993050562
159,5,/home/nabizadz/Projects/Mahsa/datasets/grid/test/s34/swbz4s.mpg,42,192,1.1592248678207397,0.687379300749078
159,6,/home/nabizadz/Projects/Mahsa/datasets/grid/test/s34/swie6a.mpg,134,284,1.4424171447753906,0.659429601476921
159,7,/home/nabizadz/Projects/Mahsa/datasets/grid/test/s34/bbwdza.mpg,130,280,1.2944155931472778,0.6480903406437749
159,8,/home/nabizadz/Projects/Mahsa/datasets/grid/test/s34/pgboza.mpg,91,241,1.4527485370635986,0.6129939221976376
159,9,/home/nabizadz/Projects/Mahsa/datasets/grid/test/s34/brwd3n.mpg,53,203,1.1993998289108276,0.6271584558224967
159,10,/home/nabizadz/Projects/Mahsa/datasets/grid/test/s34/lwih6s.mpg,114,264,1.2087057828903198,0.6069260782490448
159,11,/home/nabizadz/Projects/Mahsa/datasets/grid/test/s34/lbig4s.mpg,82,232,1.1733819246292114,0.6148208493062853
159,12,/home/nabizadz/Projects/Mahsa/datasets/grid/test/s34/pwim5p.mpg,50,200,1.0833485126495361,0.6554040223507441
159,13,/home/nabizadz/Projects/Mahsa/datasets/grid/test/s34/lbaa4s.mpg,131,281,1.2103581428527832,0.6089504169595266
159,14,/home/nabizadz/Projects/Mahsa/datasets/grid/test/s34/lwwi7n.mpg,125,275,1.3558344841003418,0.6480870189459272
159,15,/home/nabizadz/Projects/Mahsa/datasets/grid/test/s34/pwwu1p.mpg,57,207,1.1387590169906616,0.7147150918136134
160,0,/home/nabizadz/Projects/Mahsa/datasets/grid/test/s34/bgaeza.mpg,0,150,1.2566537857055664,0.6632306549912226
160,1,/home/nabizadz/Projects/Mahsa/datasets/grid/test/s34/lwbczs.mpg,137,287,1.224800944328308,0.7077997112667627
160,2,/home/nabizadz/Projects/Mahsa/datasets/grid/test/s34/bbbc3n.mpg,98,248,1.1948513984680176,0.5967617292913617
160,3,/home/nabizadz/Projects/Mahsa/datasets/grid/test/s34/bgix8a.mpg,88,238,1.2317774295806885,0.6121838239375211
160,4,/home/nabizadz/Projects/Mahsa/datasets/grid/test/s34/bgad7n.mpg,100,250,1.227922797203064,0.6458654681375763
160,5,/home/nabizadz/Projects/Mahsa/datasets/grid/test/s34/pwis9p.mpg,148,298,1.4583206176757812,0.7560150834918183
160,6,/home/nabizadz/Projects/Mahsa/datasets/grid/test/s34/bgwe5n.mpg,67,217,1.1214123964309692,0.5974792576830342
160,7,/home/nabizadz/Projects/Mahsa/datasets/grid/test/s34/bwaj5n.mpg,116,266,1.161231279373169,0.608537285749304
160,8,/home/nabizadz/Projects/Mahsa/datasets/grid/test/s34/lgiv1p.mpg,55,205,1.2355022430419922,0.6559350167834763
160,9,/home/nabizadz/Projects/Mahsa/datasets/grid/test/s34/lwbpza.mpg,79,229,1.2439756393432617,0.5467988123427517
160,10,/home/nabizadz/Projects/Mahsa/datasets/grid/test/s34/lrwi2s.mpg,50,200,1.0830509662628174,0.6906464971153108
160,11,/home/nabizadz/Projects/Mahsa/datasets/grid/test/s34/lgivzs.mpg,122,272,1.1961513757705688,0.65441199009201
160,12,/home/nabizadz/Projects/Mahsa/datasets/grid/test/s34/brap4s.mpg,100,250,1.2877142429351807,0.5245810928905731
160,13,/home/nabizadz/Projects/Mahsa/datasets/grid/test/s34/swafza.mpg,123,273,1.3798010349273682,0.6695686368957646
160,14,/home/nabizadz/Projects/Mahsa/datasets/grid/test/s34/srby9p.mpg,134,284,1.2972606420516968,0.6019611559856438
160,15,/home/nabizadz/Projects/Mahsa/datasets/grid/test/s34/swar6s.mpg,111,261,1.2393872737884521,0.7304618557055882
161,0,/home/nabizadz/Projects/Mahsa/datasets/grid/test/s34/sbby1n.mpg,90,240,1.123221755027771,0.5355262230832554
161,1,/home/nabizadz/Projects/Mahsa/datasets/grid/test/s34/swir4a.mpg,29,179,1.1726077795028687,0.6680145702215051
161,2,/home/nabizadz/Projects/Mahsa/datasets/grid/test/s34/bwij2s.mpg,123,273,1.1743192672729492,0.5982440528865532
161,3,/home/nabizadz/Projects/Mahsa/datasets/grid/test/s34/lbbn8a.mpg,77,227,1.3418267965316772,0.5118489692518969
161,4,/home/nabizadz/Projects/Mahsa/datasets/grid/test/s34/pbbl9n.mpg,3,153,1.111395001411438,0.6593811631232847
161,5,/home/nabizadz/Projects/Mahsa/datasets/grid/test/s34/bgby4s.mpg,108,258,1.1202518939971924,0.6140810908730622
161,6,/home/nabizadz/Projects/Mahsa/datasets/grid/test/s34/brav8s.mpg,117,267,1.924483299255371,0.6173221514900115
161,7,/home/nabizadz/Projects/Mahsa/datasets/grid/test/s34/lwio2a.mpg,101,251,1.2195219993591309,0.6786265590815194
161,8,/home/nabizadz/Projects/Mahsa/datasets/grid/test/s34/sriq8a.mpg,4,154,1.1941113471984863,0.7630545718185396
161,9,/home/nabizadz/Projects/Mahsa/datasets/grid/test/s34/pris2s.mpg,149,299,1.5903120040893555,0.7051864185448365
161,10,/home/nabizadz/Projects/Mahsa/datasets/grid/test/s34/lbwh5n.mpg,111,261,1.2904430627822876,0.6924205227761956
161,11,/home/nabizadz/Projects/Mahsa/datasets/grid/test/s34/bwbx8s.mpg,30,180,1.1054438352584839,0.6349111040345561
161,12,/home/nabizadz/Projects/Mahsa/datasets/grid/test/s34/sgbf8s.mpg,27,177,1.1350311040878296,0.6139516159424971
161,13,/home/nabizadz/Projects/Mahsa/datasets/grid/test/s34/bgbk8a.mpg,124,274,1.3555927276611328,0.6721434881170161
161,14,/home/nabizadz/Projects/Mahsa/datasets/grid/test/s34/lwab5n.mpg,71,221,1.1709994077682495,0.6118211878024704
161,15,/home/nabizadz/Projects/Mahsa/datasets/grid/test/s34/lrbo4a.mpg,20,170,1.1379060745239258,0.5064022734849587
162,0,/home/nabizadz/Projects/Mahsa/datasets/grid/test/s34/bbaczs.mpg,129,279,1.2116484642028809,0.5341102492376043
162,1,/home/nabizadz/Projects/Mahsa/datasets/grid/test/s34/bgby5p.mpg,9,159,1.0975569486618042,0.5986408362834815
162,2,/home/nabizadz/Projects/Mahsa/datasets/grid/test/s34/lwib4a.mpg,77,227,1.1542890071868896,0.6639901284397745
162,3,/home/nabizadz/Projects/Mahsa/datasets/grid/test/s34/pbbf7p.mpg,76,226,1.1940432786941528,0.6780573364461124
162,4,/home/nabizadz/Projects/Mahsa/datasets/grid/test/s34/lban4a.mpg,127,277,1.3814549446105957,0.6954987670214489
162,5,/home/nabizadz/Projects/Mahsa/datasets/grid/test/s34/lrwb9p.mpg,17,167,1.091324806213379,0.5973217714656011
162,6,/home/nabizadz/Projects/Mahsa/datasets/grid/test/s34/bgak1n.mpg,93,243,1.1529767513275146,0.6724812415557391
162,7,/home/nabizadz/Projects/Mahsa/datasets/grid/test/s34/pgwu8a.mpg,47,197,1.0824757814407349,0.5687260493313482
162,8,/home/nabizadz/Projects/Mahsa/datasets/grid/test/s34/lwbv4a.mpg,63,213,1.1524685621261597,0.6904047890276845
162,9,/home/nabizadz/Projects/Mahsa/datasets/grid/test/s34/pbas1p.mpg,105,255,1.3370541334152222,0.6597948492200314
162,10,/home/nabizadz/Projects/Mahsa/datasets/grid/test/s34/pgit6a.mpg,26,176,1.1378753185272217,0.6592224837270847
162,11,/home/nabizadz/Projects/Mahsa/datasets/grid/test/s34/pram1n.mpg,70,220,1.1281009912490845,0.5645738055773827
162,12,/home/nabizadz/Projects/Mahsa/datasets/grid/test/s34/brbj6a.mpg,4,154,1.2034274339675903,0.6943919082192174
162,13,/home/nabizadz/Projects/Mahsa/datasets/grid/test/s34/pgwo1n.mpg,74,224,1.178696632385254,0.5678469767831036
162,14,/home/nabizadz/Projects/Mahsa/datasets/grid/test/s34/lbiazs.mpg,62,212,1.111675500869751,0.6533533482599138
162,15,/home/nabizadz/Projects/Mahsa/datasets/grid/test/s34/sbakzs.mpg,35,185,1.1201553344726562,0.6499516383540107
163,0,/home/nabizadz/Projects/Mahsa/datasets/grid/test/s34/bbai6a.mpg,146,296,1.8578237295150757,0.7865695244112497
163,1,/home/nabizadz/Projects/Mahsa/datasets/grid/test/s34/lbbuzs.mpg,34,184,1.1165964603424072,0.6737290234118183
163,2,/home/nabizadz/Projects/Mahsa/datasets/grid/test/s34/bwixzs.mpg,28,178,1.0369625091552734,0.651431849255269
163,3,/home/nabizadz/Projects/Mahsa/datasets/grid/test/s34/srieza.mpg,80,230,1.1690247058868408,0.5336171562661337
163,4,/home/nabizadz/Projects/Mahsa/datasets/grid/test/s34/lwib2s.mpg,108,258,1.265293836593628,0.5539451530788909
163,5,/home/nabizadz/Projects/Mahsa/datasets/grid/test/s34/srbr6a.mpg,92,242,1.279263973236084,0.5760736821266641
163,6,/home/nabizadz/Projects/Mahsa/datasets/grid/test/s34/lraa9n.mpg,51,201,1.0840595960617065,0.5481648310440933
163,7,/home/nabizadz/Projects/Mahsa/datasets/grid/test/s34/bbwc8s.mpg,106,256,1.5048507452011108,0.6555173062265295
163,8,/home/nabizadz/Projects/Mahsa/datasets/grid/test/s34/lrbh8s.mpg,9,159,1.1328518390655518,0.6018180174048124
163,9,/home/nabizadz/Projects/Mahsa/datasets/grid/test/s34/bwbx9p.mpg,76,226,1.2981796264648438,0.7196825922595204
163,10,/home/nabizadz/Projects/Mahsa/datasets/grid/test/s34/sgaz7p.mpg,97,247,1.2753826379776,0.6565680853023376
163,11,/home/nabizadz/Projects/Mahsa/datasets/grid/test/s34/pbizzs.mpg,133,283,1.1582319736480713,0.718103490644578
163,12,/home/nabizadz/Projects/Mahsa/datasets/grid/test/s34/lbig3n.mpg,34,184,1.144575595855713,0.603163125783123
163,13,/home/nabizadz/Projects/Mahsa/datasets/grid/test/s34/pbir7p.mpg,140,290,1.6855826377868652,0.6787858074824923
163,14,/home/nabizadz/Projects/Mahsa/datasets/grid/test/s34/prbs9n.mpg,113,263,1.1542397737503052,0.6295433837194481
163,15,/home/nabizadz/Projects/Mahsa/datasets/grid/test/s34/lwbo9p.mpg,26,176,1.0881626605987549,0.6255371734245249
164,0,/home/nabizadz/Projects/Mahsa/datasets/grid/test/s34/lbit4a.mpg,46,196,1.1100373268127441,0.5551809484908087
164,1,/home/nabizadz/Projects/Mahsa/datasets/grid/test/s34/srblzs.mpg,88,238,1.173107385635376,0.5685005449765816
164,2,/home/nabizadz/Projects/Mahsa/datasets/grid/test/s34/lwao5p.mpg,40,190,1.1107652187347412,0.5513460311973687
164,3,/home/nabizadz/Projects/Mahsa/datasets/grid/test/s34/lgbxza.mpg,132,282,1.2471681833267212,0.6373705981839418
164,4,/home/nabizadz/Projects/Mahsa/datasets/grid/test/s34/pgin2a.mpg,140,290,1.3684077262878418,0.7023522947077019
164,5,/home/nabizadz/Projects/Mahsa/datasets/grid/test/s34/sbbe1p.mpg,84,234,1.1680289506912231,0.722219686320807
164,6,/home/nabizadz/Projects/Mahsa/datasets/grid/test/s34/bwic7n.mpg,146,296,1.2287218570709229,0.674499328692437
164,7,/home/nabizadz/Projects/Mahsa/datasets/grid/test/s34/pgbu2s.mpg,101,251,1.1575318574905396,0.6998967661313608
164,8,/home/nabizadz/Projects/Mahsa/datasets/grid/test/s34/bbwc7n.mpg,123,273,1.4750497341156006,0.667005952758035
164,9,/home/nabizadz/Projects/Mahsa/datasets/grid/test/s34/braj2a.mpg,29,179,1.0960657596588135,0.6340619881369651
164,10,/home/nabizadz/Projects/Mahsa/datasets/grid/test/s34/pgba9n.mpg,73,223,1.1866886615753174,0.5978922825642137
164,11,/home/nabizadz/Projects/Mahsa/datasets/grid/test/s34/srwsza.mpg,40,190,1.1304426193237305,0.6225186974352653
164,12,/home/nabizadz/Projects/Mahsa/datasets/grid/test/s34/primza.mpg,77,227,1.167324423789978,0.5814395692450641
164,13,/home/nabizadz/Projects/Mahsa/datasets/grid/test/s34/bgak2s.mpg,66,216,1.1186918020248413,0.5198620350789949
164,14,/home/nabizadz/Projects/Mahsa/datasets/grid/test/s34/prwa3p.mpg,88,238,1.3711625337600708,0.5507209475769174
164,15,/home/nabizadz/Projects/Mahsa/datasets/grid/test/s34/pwbt6s.mpg,25,175,1.1521100997924805,0.6830249869622228
165,0,/home/nabizadz/Projects/Mahsa/datasets/grid/test/s34/prbg3p.mpg,58,208,1.1272575855255127,0.7401594766514267
165,1,/home/nabizadz/Projects/Mahsa/datasets/grid/test/s34/srar1p.mpg,48,198,1.0834540128707886,0.648234698171807
165,2,/home/nabizadz/Projects/Mahsa/datasets/grid/test/s34/swal3p.mpg,82,232,1.1267750263214111,0.7120083404807492
165,3,/home/nabizadz/Projects/Mahsa/datasets/grid/test/s34/lwiu6a.mpg,52,202,1.1278716325759888,0.5920216940084119
165,4,/home/nabizadz/Projects/Mahsa/datasets/grid/test/s34/bbbv5n.mpg,18,168,1.1957674026489258,0.6412741877161897
165,5,/home/nabizadz/Projects/Mahsa/datasets/grid/test/s34/swiy5n.mpg,122,272,1.144801139831543,0.740511778664838
165,6,/home/nabizadz/Projects/Mahsa/datasets/grid/test/s34/bgwy9p.mpg,54,204,1.2265191078186035,0.620424132275579
165,7,/home/nabizadz/Projects/Mahsa/datasets/grid/test/s34/pwat4a.mpg,50,200,1.2084405422210693,0.7127127049137991
165,8,/home/nabizadz/Projects/Mahsa/datasets/grid/test/s34/sbaq5p.mpg,115,265,1.4041979312896729,0.6792980709084145
165,9,/home/nabizadz/Projects/Mahsa/datasets/grid/test/s34/bgiq1n.mpg,28,178,1.2552731037139893,0.5731274723750612
165,10,/home/nabizadz/Projects/Mahsa/datasets/grid/test/s34/srbl1p.mpg,143,293,1.3515794277191162,0.7103374496708027
165,11,/home/nabizadz/Projects/Mahsa/datasets/grid/test/s34/bbav3p.mpg,52,202,1.1523246765136719,0.6614680066569772
165,12,/home/nabizadz/Projects/Mahsa/datasets/grid/test/s34/bripzs.mpg,55,205,1.1047669649124146,0.6247824296606561
165,13,/home/nabizadz/Projects/Mahsa/datasets/grid/test/s34/sbbq9p.mpg,140,290,1.6354353427886963,0.6679655983259162
165,14,/home/nabizadz/Projects/Mahsa/datasets/grid/test/s34/bgiq3p.mpg,66,216,1.1041003465652466,0.6747839691310493
165,15,/home/nabizadz/Projects/Mahsa/datasets/grid/test/s34/pgat7n.mpg,89,239,1.1297688484191895,0.6923028550014121
166,0,/home/nabizadz/Projects/Mahsa/datasets/grid/test/s34/bwbd8a.mpg,1,151,1.1463611125946045,0.6317031808867687
166,1,/home/nabizadz/Projects/Mahsa/datasets/grid/test/s34/pgan3n.mpg,148,298,1.4125322103500366,0.7390950327736262
166,2,/home/nabizadz/Projects/Mahsa/datasets/grid/test/s34/lrwb8s.mpg,30,180,1.1006431579589844,0.6609409607720969
166,3,/home/nabizadz/Projects/Mahsa/datasets/grid/test/s34/swwf5n.mpg,7,157,1.2016597986221313,0.7082415879972425
166,4,/home/nabizadz/Projects/Mahsa/datasets/grid/test/s34/srid8s.mpg,112,262,1.7312167882919312,0.5299620837506049
166,5,/home/nabizadz/Projects/Mahsa/datasets/grid/test/s34/bgwe8a.mpg,45,195,1.1176373958587646,0.47944417694640423
166,6,/home/nabizadz/Projects/Mahsa/datasets/grid/test/s34/pbwgzs.mpg,80,230,1.149577021598816,0.6062345916074786
166,7,/home/nabizadz/Projects/Mahsa/datasets/grid/test/s34/sbwr1n.mpg,0,150,1.3467800617218018,0.751249075907129
166,8,/home/nabizadz/Projects/Mahsa/datasets/grid/test/s34/prbg1n.mpg,49,199,1.100461721420288,0.7085631085390972
166,9,/home/nabizadz/Projects/Mahsa/datasets/grid/test/s34/sbwe5p.mpg,61,211,1.4210883378982544,0.6309180215265587
166,10,/home/nabizadz/Projects/Mahsa/datasets/grid/test/s34/bbwv9n.mpg,148,298,1.4631330966949463,0.7238042811153079
166,11,/home/nabizadz/Projects/Mahsa/datasets/grid/test/s34/sgwm8a.mpg,80,230,1.1781401634216309,0.6535644548579166
166,12,/home/nabizadz/Projects/Mahsa/datasets/grid/test/s34/pbas2a.mpg,30,180,1.1393195390701294,0.5714193332759856
166,13,/home/nabizadz/Projects/Mahsa/datasets/grid/test/s34/swar7p.mpg,63,213,1.1320359706878662,0.59257485632998
166,14,/home/nabizadz/Projects/Mahsa/datasets/grid/test/s34/swaz1p.mpg,135,285,1.3998188972473145,0.6572063773928803
166,15,/home/nabizadz/Projects/Mahsa/datasets/grid/test/s34/sbax9p.mpg,12,162,1.3100898265838623,0.6524206107833642
167,0,/home/nabizadz/Projects/Mahsa/datasets/grid/test/s34/prif3n.mpg,69,219,1.1235820055007935,0.6757095814184083
167,1,/home/nabizadz/Projects/Mahsa/datasets/grid/test/s34/sbad6s.mpg,120,270,1.2472047805786133,0.6186272450800426
167,2,/home/nabizadz/Projects/Mahsa/datasets/grid/test/s34/swbz5p.mpg,85,235,1.1522287130355835,0.7183457307508692
167,3,/home/nabizadz/Projects/Mahsa/datasets/grid/test/s34/lbit1n.mpg,21,171,1.1137691736221313,0.6437547934248966
167,4,/home/nabizadz/Projects/Mahsa/datasets/grid/test/s34/sbby2s.mpg,47,197,1.101449966430664,0.6561592697988473
167,5,/home/nabizadz/Projects/Mahsa/datasets/grid/test/s34/prbg4a.mpg,58,208,1.093732237815857,0.7282538293692807
167,6,/home/nabizadz/Projects/Mahsa/datasets/grid/test/s34/lbinza.mpg,37,187,1.2140718698501587,0.5766686263110209
167,7,/home/nabizadz/Projects/Mahsa/datasets/grid/test/s34/lwbv1n.mpg,81,231,1.1953027248382568,0.5885546582858453
167,8,/home/nabizadz/Projects/Mahsa/datasets/grid/test/s34/bbih9n.mpg,94,244,1.1395853757858276,0.6298584277626018
167,9,/home/nabizadz/Projects/Mahsa/datasets/grid/test/s34/pgig7p.mpg,48,198,1.1658192873001099,0.7370805502554851
167,10,/home/nabizadz/Projects/Mahsa/datasets/grid/test/s34/prwa2s.mpg,50,200,1.087715744972229,0.6319992806654257
167,11,/home/nabizadz/Projects/Mahsa/datasets/grid/test/s34/lgac3p.mpg,105,255,1.5080134868621826,0.5673893023571197
167,12,/home/nabizadz/Projects/Mahsa/datasets/grid/test/s34/lgbj2a.mpg,147,297,1.6832752227783203,0.8598442290929801
167,13,/home/nabizadz/Projects/Mahsa/datasets/grid/test/s34/pgig6s.mpg,87,237,1.266621470451355,0.617998348189046
167,14,/home/nabizadz/Projects/Mahsa/datasets/grid/test/s34/pwat2s.mpg,135,285,1.3257040977478027,0.6660356421407067
167,15,/home/nabizadz/Projects/Mahsa/datasets/grid/test/s34/sgiz4a.mpg,118,268,1.3105592727661133,0.6717299123847182
168,0,/home/nabizadz/Projects/Mahsa/datasets/grid/test/s34/lgii2s.mpg,143,293,1.3463482856750488,0.7234356044926978
168,1,/home/nabizadz/Projects/Mahsa/datasets/grid/test/s34/swbszs.mpg,56,206,1.2019253969192505,0.6466463635091801
168,2,/home/nabizadz/Projects/Mahsa/datasets/grid/test/s34/sbwy7p.mpg,45,195,1.0681450366973877,0.6240777225033256
168,3,/home/nabizadz/Projects/Mahsa/datasets/grid/test/s34/pbws8s.mpg,11,161,1.1742676496505737,0.6774893582449416
168,4,/home/nabizadz/Projects/Mahsa/datasets/grid/test/s34/lban1n.mpg,71,221,1.0973984003067017,0.614062802550619
168,5,/home/nabizadz/Projects/Mahsa/datasets/grid/test/s34/lwwc3n.mpg,40,190,1.139930248260498,0.6264927401427699
168,6,/home/nabizadz/Projects/Mahsa/datasets/grid/test/s34/sgal7n.mpg,44,194,1.0656137466430664,0.6477786832750795
168,7,/home/nabizadz/Projects/Mahsa/datasets/grid/test/s34/prbt1p.mpg,29,179,1.082222819328308,0.6234416652202319
168,8,/home/nabizadz/Projects/Mahsa/datasets/grid/test/s34/lgac1n.mpg,20,170,1.2613954544067383,0.6206224301366715
168,9,/home/nabizadz/Projects/Mahsa/datasets/grid/test/s34/swws3n.mpg,11,161,1.1723649501800537,0.7194536788025373
168,10,/home/nabizadz/Projects/Mahsa/datasets/grid/test/s34/lrbb3n.mpg,34,184,1.1195634603500366,0.6432693894071707
168,11,/home/nabizadz/Projects/Mahsa/datasets/grid/test/s34/bwaj6s.mpg,111,261,1.4189900159835815,0.7441893881121753
168,12,/home/nabizadz/Projects/Mahsa/datasets/grid/test/s34/lbwu3n.mpg,127,277,1.2460036277770996,0.6644066316365619
168,13,/home/nabizadz/Projects/Mahsa/datasets/grid/test/s34/lgwx4a.mpg,126,276,1.1831327676773071,0.6540571098922028
168,14,/home/nabizadz/Projects/Mahsa/datasets/grid/test/s34/swwm2a.mpg,29,179,1.1297699213027954,0.6083656735853639
168,15,/home/nabizadz/Projects/Mahsa/datasets/grid/test/s34/lgiv2a.mpg,39,189,1.090916395187378,0.6332688679072983
169,0,/home/nabizadz/Projects/Mahsa/datasets/grid/test/s34/swws6a.mpg,63,213,1.1252493858337402,0.6568083892003552
169,1,/home/nabizadz/Projects/Mahsa/datasets/grid/test/s34/lwab8a.mpg,134,284,1.5034799575805664,0.7665632035660378
169,2,/home/nabizadz/Projects/Mahsa/datasets/grid/test/s34/pbaszs.mpg,36,186,1.1480088233947754,0.6974406375469114
169,3,/home/nabizadz/Projects/Mahsa/datasets/grid/test/s34/lgio8a.mpg,100,250,1.3125725984573364,0.6672748920122855
169,4,/home/nabizadz/Projects/Mahsa/datasets/grid/test/s34/lban2s.mpg,40,190,1.0915509462356567,0.6103401533354103
169,5,/home/nabizadz/Projects/Mahsa/datasets/grid/test/s34/pwag4s.mpg,95,245,1.1756765842437744,0.5778993000432449
169,6,/home/nabizadz/Projects/Mahsa/datasets/grid/test/s34/lrbh7n.mpg,117,267,1.2999787330627441,0.6972830298336983
169,7,/home/nabizadz/Projects/Mahsa/datasets/grid/test/s34/sbiq1p.mpg,120,270,1.2361421585083008,0.6295012804575358
169,8,/home/nabizadz/Projects/Mahsa/datasets/grid/test/s34/bgix7p.mpg,146,296,1.432814598083496,0.6315219014295305
169,9,/home/nabizadz/Projects/Mahsa/datasets/grid/test/s34/pras7p.mpg,80,230,1.1519215106964111,0.6152410034764082
169,10,/home/nabizadz/Projects/Mahsa/datasets/grid/test/s34/swws5p.mpg,110,260,1.2518274784088135,0.6710939021790284
169,11,/home/nabizadz/Projects/Mahsa/datasets/grid/test/s34/lbahza.mpg,101,251,1.102418065071106,0.606265993614549
169,12,/home/nabizadz/Projects/Mahsa/datasets/grid/test/s34/bgbrzs.mpg,87,237,1.1803537607192993,0.650948169090613
169,13,/home/nabizadz/Projects/Mahsa/datasets/grid/test/s34/pbil3p.mpg,6,156,1.4038195610046387,0.6861840416639579
169,14,/home/nabizadz/Projects/Mahsa/datasets/grid/test/s34/sbid2s.mpg,38,188,1.1176316738128662,0.6071237626920231
169,15,/home/nabizadz/Projects/Mahsa/datasets/grid/test/s34/pwigzs.mpg,111,261,1.6661255359649658,0.5960602216939882
170,0,/home/nabizadz/Projects/Mahsa/datasets/grid/test/s34/bwwq8s.mpg,59,209,1.0914942026138306,0.5914205231861029
170,1,/home/nabizadz/Projects/Mahsa/datasets/grid/test/s34/lbwo1p.mpg,37,187,1.097008466720581,0.6741242854535222
170,2,/home/nabizadz/Projects/Mahsa/datasets/grid/test/s34/sgbs8a.mpg,65,215,1.1898404359817505,0.5759454660323715
170,3,/home/nabizadz/Projects/Mahsa/datasets/grid/test/s34/sgwm7p.mpg,45,195,1.1165175437927246,0.6815224991872275
170,4,/home/nabizadz/Projects/Mahsa/datasets/grid/test/s34/pgan4s.mpg,66,216,1.1528966426849365,0.5770424773662586
170,5,/home/nabizadz/Projects/Mahsa/datasets/grid/test/s34/srik3p.mpg,88,238,1.456145167350769,0.651304308649693
170,6,/home/nabizadz/Projects/Mahsa/datasets/grid/test/s34/srik2s.mpg,140,290,1.271155834197998,0.6903399676219867
170,7,/home/nabizadz/Projects/Mahsa/datasets/grid/test/s34/swie4s.mpg,53,203,1.1221033334732056,0.6240960035973822
170,8,/home/nabizadz/Projects/Mahsa/datasets/grid/test/s34/bwbyza.mpg,139,289,1.2598059177398682,0.6577912215954659
170,9,/home/nabizadz/Projects/Mahsa/datasets/grid/test/s34/pgit3n.mpg,34,184,1.1338095664978027,0.6307974505974556
170,10,/home/nabizadz/Projects/Mahsa/datasets/grid/test/s34/pgit5p.mpg,92,242,1.2089600563049316,0.6616917840569115
170,11,/home/nabizadz/Projects/Mahsa/datasets/grid/test/s34/bgaq8a.mpg,84,234,1.1320388317108154,0.6181160512475574
170,12,/home/nabizadz/Projects/Mahsa/datasets/grid/test/s34/sgwt1p.mpg,142,292,1.5052947998046875,0.6884864855153349
170,13,/home/nabizadz/Projects/Mahsa/datasets/grid/test/s34/bwbd7p.mpg,35,185,1.0881562232971191,0.7165586921739026
170,14,/home/nabizadz/Projects/Mahsa/datasets/grid/test/s34/sgwt2a.mpg,86,236,1.1590192317962646,0.7083182290468831
170,15,/home/nabizadz/Projects/Mahsa/datasets/grid/test/s34/lgiu9n.mpg,41,191,1.186378836631775,0.5756596598465256
171,0,/home/nabizadz/Projects/Mahsa/datasets/grid/test/s34/lgav6a.mpg,26,176,1.1603015661239624,0.670038198014898
171,1,/home/nabizadz/Projects/Mahsa/datasets/grid/test/s34/bgad8s.mpg,29,179,1.1116650104522705,0.5806221331117761
171,2,/home/nabizadz/Projects/Mahsa/datasets/grid/test/s34/lbwozs.mpg,36,186,1.0949169397354126,0.573515621507267
171,3,/home/nabizadz/Projects/Mahsa/datasets/grid/test/s34/lwwp3p.mpg,46,196,1.161662220954895,0.6460072290833717
171,4,/home/nabizadz/Projects/Mahsa/datasets/grid/test/s34/sbaq4s.mpg,20,170,1.1236380338668823,0.6114192871208415
171,5,/home/nabizadz/Projects/Mahsa/datasets/grid/test/s34/pbwg1p.mpg,28,178,1.1241950988769531,0.6598517917141922
171,6,/home/nabizadz/Projects/Mahsa/datasets/grid/test/s34/lwwi9p.mpg,57,207,1.3522846698760986,0.6928181536788243
171,7,/home/nabizadz/Projects/Mahsa/datasets/grid/test/s34/prif5p.mpg,106,256,1.2150509357452393,0.6282687120399294
171,8,/home/nabizadz/Projects/Mahsa/datasets/grid/test/s34/srbe7p.mpg,60,210,1.1155741214752197,0.7225752853677633
171,9,/home/nabizadz/Projects/Mahsa/datasets/grid/test/s34/lgai7p.mpg,23,173,1.0942648649215698,0.5422053917977699
171,10,/home/nabizadz/Projects/Mahsa/datasets/grid/test/s34/lbbn6s.mpg,89,239,1.1782437562942505,0.6186396143985151
171,11,/home/nabizadz/Projects/Mahsa/datasets/grid/test/s34/bwwe2a.mpg,119,269,1.2903000116348267,0.7858867230362749
171,12,/home/nabizadz/Projects/Mahsa/datasets/grid/test/s34/lrau1n.mpg,97,247,1.1410666704177856,0.6673691979154878
171,13,/home/nabizadz/Projects/Mahsa/datasets/grid/test/s34/bwax6a.mpg,87,237,1.2451812028884888,0.6858730656512625
171,14,/home/nabizadz/Projects/Mahsa/datasets/grid/test/s34/bgbk7p.mpg,56,206,1.1021143198013306,0.5829057025012164
171,15,/home/nabizadz/Projects/Mahsa/datasets/grid/test/s34/lbbn7p.mpg,103,253,1.2615045309066772,0.60359152554352
172,0,/home/nabizadz/Projects/Mahsa/datasets/grid/test/s34/swbs2a.mpg,102,252,1.3238605260849,0.6875164808914962
172,1,/home/nabizadz/Projects/Mahsa/datasets/grid/test/s34/swwm1p.mpg,11,161,1.1296648979187012,0.7299435281388847
172,2,/home/nabizadz/Projects/Mahsa/datasets/grid/test/s34/lbwu4s.mpg,30,180,1.096380352973938,0.48898922204614065
172,3,/home/nabizadz/Projects/Mahsa/datasets/grid/test/s34/srwz2s.mpg,26,176,1.1156989336013794,0.6217013383717841
172,4,/home/nabizadz/Projects/Mahsa/datasets/grid/test/s34/pgim9n.mpg,92,242,1.1957000494003296,0.6502994182713542
172,5,/home/nabizadz/Projects/Mahsa/datasets/grid/test/s34/lgwx2s.mpg,142,292,1.2197566032409668,0.6608606776355941
172,6,/home/nabizadz/Projects/Mahsa/datasets/grid/test/s34/sbbk5p.mpg,3,153,1.2324954271316528,0.7409265654628762
172,7,/home/nabizadz/Projects/Mahsa/datasets/grid/test/s34/lwao3n.mpg,95,245,1.415271282196045,0.7031203222849719
172,8,/home/nabizadz/Projects/Mahsa/datasets/grid/test/s34/srbr3n.mpg,29,179,1.1192865371704102,0.6767303191974353
172,9,/home/nabizadz/Projects/Mahsa/datasets/grid/test/s34/sbby3p.mpg,78,228,1.207683801651001,0.7294669743865837
172,10,/home/nabizadz/Projects/Mahsa/datasets/grid/test/s34/sbid4a.mpg,83,233,1.142347812652588,0.6094507820490136
172,11,/home/nabizadz/Projects/Mahsa/datasets/grid/test/s34/swbf1n.mpg,64,214,1.095823049545288,0.6957204872626711
172,12,/home/nabizadz/Projects/Mahsa/datasets/grid/test/s34/pwis7n.mpg,43,193,1.0782939195632935,0.6384148718479151
172,13,/home/nabizadz/Projects/Mahsa/datasets/grid/test/s34/sbwe4s.mpg,51,201,1.110614538192749,0.6443286165339854
172,14,/home/nabizadz/Projects/Mahsa/datasets/grid/test/s34/brbj4s.mpg,61,211,1.1378861665725708,0.6850303073807112
172,15,/home/nabizadz/Projects/Mahsa/datasets/grid/test/s34/lgbv7n.mpg,129,279,1.2515263557434082,0.6756346361363105
173,0,/home/nabizadz/Projects/Mahsa/datasets/grid/test/s34/lbbt9n.mpg,17,167,1.1273313760757446,0.6334452186219797
173,1,/home/nabizadz/Projects/Mahsa/datasets/grid/test/s34/brbd2a.mpg,132,282,1.7201619148254395,0.7917781592097733
173,2,/home/nabizadz/Projects/Mahsa/datasets/grid/test/s34/bbiu8s.mpg,119,269,1.4819972515106201,0.5518592437143667
173,3,/home/nabizadz/Projects/Mahsa/datasets/grid/test/s34/sriy1p.mpg,144,294,1.4747281074523926,0.734724415785354
173,4,/home/nabizadz/Projects/Mahsa/datasets/grid/test/s34/swae9p.mpg,122,272,1.218616247177124,0.6019519774543333
173,5,/home/nabizadz/Projects/Mahsa/datasets/grid/test/s34/brav9p.mpg,141,291,1.2413123846054077,0.6587786653710836
173,6,/home/nabizadz/Projects/Mahsa/datasets/grid/test/s34/lwwp2s.mpg,91,241,1.1771330833435059,0.7207400899827803
173,7,/home/nabizadz/Projects/Mahsa/datasets/grid/test/s34/pwwn8a.mpg,41,191,1.1145836114883423,0.6572085131817883
173,8,/home/nabizadz/Projects/Mahsa/datasets/grid/test/s34/lwin9n.mpg,86,236,1.2109932899475098,0.5321768091032186
173,9,/home/nabizadz/Projects/Mahsa/datasets/grid/test/s34/lgib9p.mpg,20,170,1.12509286403656,0.5421352184288416
173,10,/home/nabizadz/Projects/Mahsa/datasets/grid/test/s34/bwaj7p.mpg,121,271,1.3982731103897095,0.5965540533631817
173,11,/home/nabizadz/Projects/Mahsa/datasets/grid/test/s34/pril9p.mpg,54,204,1.1556649208068848,0.5994128400398804
173,12,/home/nabizadz/Projects/Mahsa/datasets/grid/test/s34/bwbq6a.mpg,51,201,1.0942277908325195,0.5823264810579308
173,13,/home/nabizadz/Projects/Mahsa/datasets/grid/test/s34/brac5n.mpg,31,181,1.1348236799240112,0.5949473554636153
173,14,/home/nabizadz/Projects/Mahsa/datasets/grid/test/s34/bric4a.mpg,89,239,1.1882636547088623,0.6300021070670161
173,15,/home/nabizadz/Projects/Mahsa/datasets/grid/test/s34/sgaf6a.mpg,36,186,1.1779487133026123,0.5855680764928209
174,0,/home/nabizadz/Projects/Mahsa/datasets/grid/test/s34/bbai5p.mpg,0,150,1.3445403575897217,0.6627298148455953
174,1,/home/nabizadz/Projects/Mahsa/datasets/grid/test/s34/pgbbzs.mpg,49,199,1.1183996200561523,0.5973926054703055
174,2,/home/nabizadz/Projects/Mahsa/datasets/grid/test/s34/bwax5p.mpg,147,297,1.6673965454101562,0.7188066195046368
174,3,/home/nabizadz/Projects/Mahsa/datasets/grid/test/s34/sriq6s.mpg,65,215,1.0920270681381226,0.6027662343698417
174,4,/home/nabizadz/Projects/Mahsa/datasets/grid/test/s34/bwix1p.mpg,131,281,1.6289050579071045,0.6888842471067823
174,5,/home/nabizadz/Projects/Mahsa/datasets/grid/test/s34/lrbo3p.mpg,124,274,1.4052550792694092,0.6138872814409676
174,6,/home/nabizadz/Projects/Mahsa/datasets/grid/test/s34/lgwj5p.mpg,71,221,1.156997561454773,0.7167851568828584
174,7,/home/nabizadz/Projects/Mahsa/datasets/grid/test/s34/briv4s.mpg,116,266,1.2324860095977783,0.6872621751388394
174,8,/home/nabizadz/Projects/Mahsa/datasets/grid/test/s34/sgil6a.mpg,6,156,1.1525331735610962,0.6176073504022006
174,9,/home/nabizadz/Projects/Mahsa/datasets/grid/test/s34/bwbk1p.mpg,42,192,1.0879905223846436,0.5584831131002901
174,10,/home/nabizadz/Projects/Mahsa/datasets/grid/test/s34/pram3p.mpg,18,168,1.1251367330551147,0.612510742159112
174,11,/home/nabizadz/Projects/Mahsa/datasets/grid/test/s34/bbao7n.mpg,150,300,1.4083352088928223,0.6785674768797725
174,12,/home/nabizadz/Projects/Mahsa/datasets/grid/test/s34/bgayzs.mpg,71,221,1.186716914176941,0.6150561628954593
174,13,/home/nabizadz/Projects/Mahsa/datasets/grid/test/s34/lbba8s.mpg,136,286,1.7661352157592773,0.6434673485967687
174,14,/home/nabizadz/Projects/Mahsa/datasets/grid/test/s34/pwbg8s.mpg,123,273,1.4474244117736816,0.6901400927039316
174,15,/home/nabizadz/Projects/Mahsa/datasets/grid/test/s34/sgwg3p.mpg,82,232,1.2911792993545532,0.5000822901289323
175,0,/home/nabizadz/Projects/Mahsa/datasets/grid/test/s34/pgaa7p.mpg,9,159,1.202533483505249,0.6026777454438056
175,1,/home/nabizadz/Projects/Mahsa/datasets/grid/test/s34/pwwn7p.mpg,106,256,1.4873324632644653,0.7245797201141178
175,2,/home/nabizadz/Projects/Mahsa/datasets/grid/test/s34/bbib5n.mpg,138,288,1.1689190864562988,0.7718415109101965
175,3,/home/nabizadz/Projects/Mahsa/datasets/grid/test/s34/lrbiza.mpg,143,293,1.4104223251342773,0.5960510373021269
175,4,/home/nabizadz/Projects/Mahsa/datasets/grid/test/s34/pgwu6s.mpg,133,283,1.2072150707244873,0.7029108357521598
175,5,/home/nabizadz/Projects/Mahsa/datasets/grid/test/s34/sgir8s.mpg,19,169,1.0947314500808716,0.4916442361837075
175,6,/home/nabizadz/Projects/Mahsa/datasets/grid/test/s34/swwz7n.mpg,25,175,1.0754343271255493,0.6754971783128464
175,7,/home/nabizadz/Projects/Mahsa/datasets/grid/test/s34/praz9n.mpg,100,250,1.3240641355514526,0.6469186742662657
175,8,/home/nabizadz/Projects/Mahsa/datasets/grid/test/s34/lbaa6a.mpg,144,294,1.7900454998016357,0.8202478752773154
175,9,/home/nabizadz/Projects/Mahsa/datasets/grid/test/s34/lgwqza.mpg,135,285,1.2984174489974976,0.5934052941080649
175,10,/home/nabizadz/Projects/Mahsa/datasets/grid/test/s34/lrig9n.mpg,64,214,1.0950003862380981,0.5930123350291607
175,11,/home/nabizadz/Projects/Mahsa/datasets/grid/test/s34/bwbq5p.mpg,129,279,1.2132052183151245,0.6910255369670001
175,12,/home/nabizadz/Projects/Mahsa/datasets/grid/test/s34/pgaa5n.mpg,115,265,1.1969717741012573,0.6234252037156883
175,13,/home/nabizadz/Projects/Mahsa/datasets/grid/test/s34/lgai8a.mpg,59,209,1.1860214471817017,0.5816112039862789
175,14,/home/nabizadz/Projects/Mahsa/datasets/grid/test/s34/pwim3n.mpg,12,162,1.1482959985733032,0.6860435833459185
175,15,/home/nabizadz/Projects/Mahsa/datasets/grid/test/s34/sbak1p.mpg,134,284,1.3485691547393799,0.6231570335123564
176,0,/home/nabizadz/Projects/Mahsa/datasets/grid/test/s34/pwbg7n.mpg,103,253,1.3619405031204224,0.67295639180867
176,1,/home/nabizadz/Projects/Mahsa/datasets/grid/test/s34/lgwdzs.mpg,36,186,1.046948790550232,0.5640528878741302
176,2,/home/nabizadz/Projects/Mahsa/datasets/grid/test/s34/sbwr2s.mpg,77,227,1.1258447170257568,0.6843357065921658
176,3,/home/nabizadz/Projects/Mahsa/datasets/grid/test/s34/lwiozs.mpg,27,177,1.1240602731704712,0.4925253142489571
176,4,/home/nabizadz/Projects/Mahsa/datasets/grid/test/s34/srae4a.mpg,132,282,1.5129806995391846,0.7003505561060739
176,5,/home/nabizadz/Projects/Mahsa/datasets/grid/test/s34/prbm6s.mpg,123,273,1.991160273551941,0.7000196836282323
176,6,/home/nabizadz/Projects/Mahsa/datasets/grid/test/s34/srae2s.mpg,135,285,1.3236223459243774,0.5561908396796056
176,7,/home/nabizadz/Projects/Mahsa/datasets/grid/test/s34/sbid3p.mpg,37,187,1.1221619844436646,0.6345331361408079
176,8,/home/nabizadz/Projects/Mahsa/datasets/grid/test/s34/pwwn6s.mpg,26,176,1.1335456371307373,0.6171404527033373
176,9,/home/nabizadz/Projects/Mahsa/datasets/grid/test/s34/pbbf6s.mpg,109,259,1.1996980905532837,0.7246592202971198
176,10,/home/nabizadz/Projects/Mahsa/datasets/grid/test/s34/swwl9n.mpg,73,223,1.1822407245635986,0.5331704157860585
176,11,/home/nabizadz/Projects/Mahsa/datasets/grid/test/s34/lrah5p.mpg,6,156,1.2201899290084839,0.6844173193444422
176,12,/home/nabizadz/Projects/Mahsa/datasets/grid/test/s34/lgwj6a.mpg,133,283,1.3228572607040405,0.6914163693947012
176,13,/home/nabizadz/Projects/Mahsa/datasets/grid/test/s34/bbwj3p.mpg,44,194,1.0566993951797485,0.5714384806287137
176,14,/home/nabizadz/Projects/Mahsa/datasets/grid/test/s34/brwq4a.mpg,60,210,1.107396125793457,0.6670610058202167
176,15,/home/nabizadz/Projects/Mahsa/datasets/grid/test/s34/lgap1p.mpg,131,281,1.2755306959152222,0.696776512671606
177,0,/home/nabizadz/Projects/Mahsa/datasets/grid/test/s34/srak7p.mpg,119,269,1.4213711023330688,0.6219216838162449
177,1,/home/nabizadz/Projects/Mahsa/datasets/grid/test/s34/bgwl2a.mpg,79,229,1.1103049516677856,0.6486687644406405
177,2,/home/nabizadz/Projects/Mahsa/datasets/grid/test/s34/prbtzs.mpg,39,189,1.1294856071472168,0.6456186801862671
177,3,/home/nabizadz/Projects/Mahsa/datasets/grid/test/s34/pgbn8s.mpg,109,259,1.6142572164535522,0.6466481588311904
177,4,/home/nabizadz/Projects/Mahsa/datasets/grid/test/s34/pbws7n.mpg,118,268,1.207919716835022,0.7040212972284522
177,5,/home/nabizadz/Projects/Mahsa/datasets/grid/test/s34/sbbd9n.mpg,117,267,1.2117024660110474,0.6725374774654156
177,6,/home/nabizadz/Projects/Mahsa/datasets/grid/test/s34/bwbq4s.mpg,49,199,1.1035139560699463,0.5685718900098934
177,7,/home/nabizadz/Projects/Mahsa/datasets/grid/test/s34/bwwrza.mpg,139,289,1.3843274116516113,0.6956810456858475
177,8,/home/nabizadz/Projects/Mahsa/datasets/grid/test/s34/bwij4a.mpg,86,236,1.131388783454895,0.6431270352901372
177,9,/home/nabizadz/Projects/Mahsa/datasets/grid/test/s34/bbwxzs.mpg,109,259,1.25116765499115,0.6961986348716159
177,10,/home/nabizadz/Projects/Mahsa/datasets/grid/test/s34/lbaa5p.mpg,80,230,1.1380560398101807,0.6319818688498523
177,11,/home/nabizadz/Projects/Mahsa/datasets/grid/test/s34/bwad2s.mpg,36,186,1.1498693227767944,0.615929948335566
177,12,/home/nabizadz/Projects/Mahsa/datasets/grid/test/s34/lran9p.mpg,35,185,1.0952521562576294,0.5411150448196186
177,13,/home/nabizadz/Projects/Mahsa/datasets/grid/test/s34/lwbv3p.mpg,59,209,1.0908472537994385,0.6961111019566829
177,14,/home/nabizadz/Projects/Mahsa/datasets/grid/test/s34/pbwm5p.mpg,65,215,1.1363353729248047,0.6214134683227913
177,15,/home/nabizadz/Projects/Mahsa/datasets/grid/test/s34/bgid5p.mpg,100,250,1.1624548435211182,0.617868808222333
178,0,/home/nabizadz/Projects/Mahsa/datasets/grid/test/s34/sriyzs.mpg,100,250,1.2004963159561157,0.5725782530747436
178,1,/home/nabizadz/Projects/Mahsa/datasets/grid/test/s34/lgbv8s.mpg,66,216,1.345445156097412,0.5706834426786893
178,2,/home/nabizadz/Projects/Mahsa/datasets/grid/test/s34/lrbo2s.mpg,41,191,1.1223230361938477,0.6646463530007385
178,3,/home/nabizadz/Projects/Mahsa/datasets/grid/test/s34/bric1n.mpg,132,282,1.3058503866195679,0.621604512486894
178,4,/home/nabizadz/Projects/Mahsa/datasets/grid/test/s34/prwn2a.mpg,8,158,1.1900486946105957,0.5836553802831393
178,5,/home/nabizadz/Projects/Mahsa/datasets/grid/test/s34/swbz6a.mpg,40,190,1.1149139404296875,0.7472262692667369
178,6,/home/nabizadz/Projects/Mahsa/datasets/grid/test/s34/swik9p.mpg,8,158,1.132088303565979,0.6343711820457554
178,7,/home/nabizadz/Projects/Mahsa/datasets/grid/test/s34/lwwc4s.mpg,14,164,1.197710394859314,0.6578234898034929
178,8,/home/nabizadz/Projects/Mahsa/datasets/grid/test/s34/brio9n.mpg,128,278,1.3080980777740479,0.6066525791853545
178,9,/home/nabizadz/Projects/Mahsa/datasets/grid/test/s34/bbwj4a.mpg,103,253,1.3894078731536865,0.659986512496706
178,10,/home/nabizadz/Projects/Mahsa/datasets/grid/test/s34/brac7p.mpg,117,267,2.3381974697113037,0.6072838265603852
178,11,/home/nabizadz/Projects/Mahsa/datasets/grid/test/s34/pbie8s.mpg,30,180,1.194722294807434,0.6684147442285772
178,12,/home/nabizadz/Projects/Mahsa/datasets/grid/test/s34/lwao6a.mpg,56,206,1.101688265800476,0.6476880431801834
178,13,/home/nabizadz/Projects/Mahsa/datasets/grid/test/s34/swbl8a.mpg,121,271,1.2123730182647705,0.709912492432589
178,14,/home/nabizadz/Projects/Mahsa/datasets/grid/test/s34/lrau4a.mpg,85,235,1.2138886451721191,0.5863707008900871
178,15,/home/nabizadz/Projects/Mahsa/datasets/grid/test/s34/sbij8a.mpg,136,286,1.1472455263137817,0.6232973248965689
179,0,/home/nabizadz/Projects/Mahsa/datasets/grid/test/s34/pris1n.mpg,82,232,1.1753689050674438,0.6837319749846986
179,1,/home/nabizadz/Projects/Mahsa/datasets/grid/test/s34/srarzs.mpg,9,159,1.3688615560531616,0.7132884528255081
179,2,/home/nabizadz/Projects/Mahsa/datasets/grid/test/s34/swal4a.mpg,76,226,1.1491340398788452,0.6305605264193072
179,3,/home/nabizadz/Projects/Mahsa/datasets/grid/test/s34/pgwo3p.mpg,74,224,1.3345955610275269,0.6860581855602457
179,4,/home/nabizadz/Projects/Mahsa/datasets/grid/test/s34/swilza.mpg,127,277,1.3547228574752808,0.6305375303088671
179,5,/home/nabizadz/Projects/Mahsa/datasets/grid/test/s34/lwaizs.mpg,34,184,1.0884616374969482,0.6127802941294529
179,6,/home/nabizadz/Projects/Mahsa/datasets/grid/test/s34/pbbz9p.mpg,38,188,1.1071155071258545,0.6805934540147477
179,7,/home/nabizadz/Projects/Mahsa/datasets/grid/test/s34/sriy2a.mpg,110,260,1.217063069343567,0.6624748689790271
179,8,/home/nabizadz/Projects/Mahsa/datasets/grid/test/s34/pgwh8s.mpg,95,245,1.1164345741271973,0.6089360720459986
179,9,/home/nabizadz/Projects/Mahsa/datasets/grid/test/s34/lbit3p.mpg,5,155,1.1581794023513794,0.7044643792940534
179,10,/home/nabizadz/Projects/Mahsa/datasets/grid/test/s34/pwitza.mpg,76,226,1.1119168996810913,0.5880565137439276
179,11,/home/nabizadz/Projects/Mahsa/datasets/grid/test/s34/pras5n.mpg,79,229,1.1402232646942139,0.6168980311136252
179,12,/home/nabizadz/Projects/Mahsa/datasets/grid/test/s34/bbwc9p.mpg,128,278,1.3821041584014893,0.6450689292805171
179,13,/home/nabizadz/Projects/Mahsa/datasets/grid/test/s34/swwf8a.mpg,74,224,1.2612190246582031,0.7594954768159554
179,14,/home/nabizadz/Projects/Mahsa/datasets/grid/test/s34/brac6s.mpg,17,167,1.2104144096374512,0.7036692228529653
179,15,/home/nabizadz/Projects/Mahsa/datasets/grid/test/s34/pwanza.mpg,115,265,1.1375203132629395,0.7103500029337121
180,0,/home/nabizadz/Projects/Mahsa/datasets/grid/test/s34/bwbj9n.mpg,70,220,1.257444143295288,0.6743842468109671
180,1,/home/nabizadz/Projects/Mahsa/datasets/grid/test/s34/bgwy7n.mpg,67,217,1.1109211444854736,0.61250005661147
180,2,/home/nabizadz/Projects/Mahsa/datasets/grid/test/s34/briv6a.mpg,137,287,1.6787090301513672,0.8129464305238185
180,3,/home/nabizadz/Projects/Mahsa/datasets/grid/test/s34/bgwy8s.mpg,150,300,1.7331507205963135,0.6962491060847094
180,4,/home/nabizadz/Projects/Mahsa/datasets/grid/test/s34/lgbp5p.mpg,0,150,1.2070289850234985,0.6839055465290927
180,5,/home/nabizadz/Projects/Mahsa/datasets/grid/test/s34/lrbb6a.mpg,61,211,1.1594970226287842,0.5572833514112773
180,6,/home/nabizadz/Projects/Mahsa/datasets/grid/test/s34/lwiu5p.mpg,77,227,1.1369783878326416,0.6105632889538194
180,7,/home/nabizadz/Projects/Mahsa/datasets/grid/test/s34/brbqza.mpg,57,207,1.1248435974121094,0.6674964003468546
180,8,/home/nabizadz/Projects/Mahsa/datasets/grid/test/s34/bwiv9n.mpg,140,290,1.1560094356536865,0.7412986262060459
180,9,/home/nabizadz/Projects/Mahsa/datasets/grid/test/s34/sgbm3p.mpg,17,167,1.1880433559417725,0.7294324524729426
180,10,/home/nabizadz/Projects/Mahsa/datasets/grid/test/s34/bgwk9n.mpg,122,272,1.2027089595794678,0.6072041715458795
180,11,/home/nabizadz/Projects/Mahsa/datasets/grid/test/s34/pgwh9p.mpg,148,298,1.3003028631210327,0.7083206009680706
180,12,/home/nabizadz/Projects/Mahsa/datasets/grid/test/s34/sgaz8a.mpg,87,237,1.2404634952545166,0.5321699898494425
180,13,/home/nabizadz/Projects/Mahsa/datasets/grid/test/s34/bgak4a.mpg,127,277,1.2958271503448486,0.6723938518444093
180,14,/home/nabizadz/Projects/Mahsa/datasets/grid/test/s34/pbwm6a.mpg,95,245,1.2005529403686523,0.7192151832632799
180,15,/home/nabizadz/Projects/Mahsa/datasets/grid/test/s34/lgai5n.mpg,5,155,1.1377416849136353,0.5943123538690697
181,0,/home/nabizadz/Projects/Mahsa/datasets/grid/test/s34/srwz4a.mpg,63,213,1.1196426153182983,0.63844860791983
181,1,/home/nabizadz/Projects/Mahsa/datasets/grid/test/s34/srwz3p.mpg,62,212,1.0512712001800537,0.6373343677933853
181,2,/home/nabizadz/Projects/Mahsa/datasets/grid/test/s34/prwg8a.mpg,68,218,1.203300952911377,0.6933729319630813
181,3,/home/nabizadz/Projects/Mahsa/datasets/grid/test/s34/bwap9n.mpg,132,282,2.0234591960906982,0.715223221686686
181,4,/home/nabizadz/Projects/Mahsa/datasets/grid/test/s34/srix9n.mpg,49,199,1.0976624488830566,0.6120224507408909
181,5,/home/nabizadz/Projects/Mahsa/datasets/grid/test/s34/pbbs5p.mpg,88,238,1.1662691831588745,0.6318158496560914
181,6,/home/nabizadz/Projects/Mahsa/datasets/grid/test/s34/pbifza.mpg,53,203,1.1613138914108276,0.6255451732583929
181,7,/home/nabizadz/Projects/Mahsa/datasets/grid/test/s34/lgap2a.mpg,97,247,1.2384743690490723,0.6120147141583948
181,8,/home/nabizadz/Projects/Mahsa/datasets/grid/test/s34/bwwy3p.mpg,11,161,1.1609553098678589,0.6498731112603532
181,9,/home/nabizadz/Projects/Mahsa/datasets/grid/test/s34/brap5p.mpg,88,238,1.1857719421386719,0.646903064464923
181,10,/home/nabizadz/Projects/Mahsa/datasets/grid/test/s34/lrbh9p.mpg,31,181,1.1129218339920044,0.6519469170670054
181,11,/home/nabizadz/Projects/Mahsa/datasets/grid/test/s34/prwm9n.mpg,117,267,1.3333213329315186,0.6900915141228158
181,12,/home/nabizadz/Projects/Mahsa/datasets/grid/test/s34/lrin3n.mpg,99,249,1.2587313652038574,0.5984024623210883
181,13,/home/nabizadz/Projects/Mahsa/datasets/grid/test/s34/swazzs.mpg,10,160,1.1486939191818237,0.6903908556600846
181,14,/home/nabizadz/Projects/Mahsa/datasets/grid/test/s34/brwq2s.mpg,51,201,1.1061012744903564,0.7098578896198472
181,15,/home/nabizadz/Projects/Mahsa/datasets/grid/test/s34/lbbu1p.mpg,32,182,1.0358643531799316,0.686241455846218
182,0,/home/nabizadz/Projects/Mahsa/datasets/grid/test/s34/swie3n.mpg,109,259,1.345337152481079,0.7105596334234658
182,1,/home/nabizadz/Projects/Mahsa/datasets/grid/test/s34/pgbu3p.mpg,88,238,1.263601303100586,0.6256374783790796
182,2,/home/nabizadz/Projects/Mahsa/datasets/grid/test/s34/srwr8s.mpg,17,167,1.066612958908081,0.5828928080690788
182,3,/home/nabizadz/Projects/Mahsa/datasets/grid/test/s34/sbbk3n.mpg,83,233,1.2293791770935059,0.5766717121391671
182,4,/home/nabizadz/Projects/Mahsa/datasets/grid/test/s34/lwbo7n.mpg,38,188,1.0757595300674438,0.52430353816887
182,5,/home/nabizadz/Projects/Mahsa/datasets/grid/test/s34/bbwp8a.mpg,144,294,1.4555432796478271,0.7224703711640136
182,6,/home/nabizadz/Projects/Mahsa/datasets/grid/test/s34/sgir9p.mpg,105,255,1.2887576818466187,0.5018036369578242
182,7,/home/nabizadz/Projects/Mahsa/datasets/grid/test/s34/swar5n.mpg,132,282,1.426652193069458,0.7329972497707234
182,8,/home/nabizadz/Projects/Mahsa/datasets/grid/test/s34/sgiz2s.mpg,11,161,1.1728954315185547,0.6689847290743487
182,9,/home/nabizadz/Projects/Mahsa/datasets/grid/test/s34/bgbe4a.mpg,50,200,1.1404156684875488,0.6843124241314362
182,10,/home/nabizadz/Projects/Mahsa/datasets/grid/test/s34/bgbq9n.mpg,36,186,1.1075903177261353,0.5014507204799254
182,11,/home/nabizadz/Projects/Mahsa/datasets/grid/test/s34/sgir7n.mpg,78,228,1.1679058074951172,0.47386164413133397
182,12,/home/nabizadz/Projects/Mahsa/datasets/grid/test/s34/brwq1n.mpg,23,173,1.1110118627548218,0.6501371915381531
182,13,/home/nabizadz/Projects/Mahsa/datasets/grid/test/s34/bbwj1n.mpg,146,296,1.699331521987915,0.7917529048176862
182,14,/home/nabizadz/Projects/Mahsa/datasets/grid/test/s34/pbal6s.mpg,6,156,1.1096149682998657,0.5924257683946327
182,15,/home/nabizadz/Projects/Mahsa/datasets/grid/test/s34/brbp7n.mpg,21,171,1.2229106426239014,0.7690541957769229
183,0,/home/nabizadz/Projects/Mahsa/datasets/grid/test/s34/prwnzs.mpg,141,291,1.2278801202774048,0.6731329848459182
183,1,/home/nabizadz/Projects/Mahsa/datasets/grid/test/s34/swbf4a.mpg,80,230,1.1896140575408936,0.6045136889575387
183,2,/home/nabizadz/Projects/Mahsa/datasets/grid/test/s34/lgio6s.mpg,2,152,1.1733473539352417,0.5479930507641566
183,3,/home/nabizadz/Projects/Mahsa/datasets/grid/test/s34/bwwk4s.mpg,128,278,1.1863527297973633,0.6893973364853995
183,4,/home/nabizadz/Projects/Mahsa/datasets/grid/test/s34/lran8s.mpg,108,258,1.2585976123809814,0.6513836968232598
183,5,/home/nabizadz/Projects/Mahsa/datasets/grid/test/s34/lwwjza.mpg,57,207,1.0901128053665161,0.652746879748276
183,6,/home/nabizadz/Projects/Mahsa/datasets/grid/test/s34/pgat8s.mpg,87,237,1.3243440389633179,0.7531798355784706
183,7,/home/nabizadz/Projects/Mahsa/datasets/grid/test/s34/sway9n.mpg,12,162,1.2529125213623047,0.7142648344270668
183,8,/home/nabizadz/Projects/Mahsa/datasets/grid/test/s34/lgio5n.mpg,32,182,1.1192874908447266,0.5306941652725655
183,9,/home/nabizadz/Projects/Mahsa/datasets/grid/test/s34/sbwr3p.mpg,113,263,1.3806893825531006,0.6409436098575972
183,10,/home/nabizadz/Projects/Mahsa/datasets/grid/test/s34/bgaq6s.mpg,146,296,1.2650865316390991,0.7037113646777514
183,11,/home/nabizadz/Projects/Mahsa/datasets/grid/test/s34/bbao8s.mpg,110,260,1.2162822484970093,0.624866835985649
183,12,/home/nabizadz/Projects/Mahsa/datasets/grid/test/s34/bbapza.mpg,10,160,1.1901367902755737,0.6978252165979174
183,13,/home/nabizadz/Projects/Mahsa/datasets/grid/test/s34/pbbm1p.mpg,6,156,1.1141079664230347,0.674256272762044
183,14,/home/nabizadz/Projects/Mahsa/datasets/grid/test/s34/srwfzs.mpg,131,281,1.2853949069976807,0.621855460150768
183,15,/home/nabizadz/Projects/Mahsa/datasets/grid/test/s34/pgwo4a.mpg,35,185,1.2113096714019775,0.6229096000257845
184,0,/home/nabizadz/Projects/Mahsa/datasets/grid/test/s34/pbbs4s.mpg,82,232,1.1832935810089111,0.7268897243056447
184,1,/home/nabizadz/Projects/Mahsa/datasets/grid/test/s34/lgwp9p.mpg,36,186,1.086987018585205,0.47269860806883374
184,2,/home/nabizadz/Projects/Mahsa/datasets/grid/test/s34/bgwl1p.mpg,32,182,1.1831507682800293,0.6423330007026895
184,3,/home/nabizadz/Projects/Mahsa/datasets/grid/test/s34/pgbn7n.mpg,38,188,1.1608303785324097,0.633047240034279
184,4,/home/nabizadz/Projects/Mahsa/datasets/grid/test/s34/prbm5n.mpg,131,281,1.2052890062332153,0.6965094194107604
184,5,/home/nabizadz/Projects/Mahsa/datasets/grid/test/s34/brbj5p.mpg,108,258,1.1973575353622437,0.6935044178708689
184,6,/home/nabizadz/Projects/Mahsa/datasets/grid/test/s34/pwag3n.mpg,73,223,1.178691029548645,0.7325169112582085
184,7,/home/nabizadz/Projects/Mahsa/datasets/grid/test/s34/brwx5n.mpg,42,192,1.2204066514968872,0.5848686847186363
184,8,/home/nabizadz/Projects/Mahsa/datasets/grid/test/s34/prwt4s.mpg,48,198,1.188987135887146,0.6944903623487945
184,9,/home/nabizadz/Projects/Mahsa/datasets/grid/test/s34/lbim8s.mpg,60,210,1.1967964172363281,0.5151895484821934
184,10,/home/nabizadz/Projects/Mahsa/datasets/grid/test/s34/pbie7n.mpg,111,261,1.248107671737671,0.6820592745741333
184,11,/home/nabizadz/Projects/Mahsa/datasets/grid/test/s34/lwwv6s.mpg,15,165,1.1146330833435059,0.6265352298210128
184,12,/home/nabizadz/Projects/Mahsa/datasets/grid/test/s34/lgii4a.mpg,137,287,1.3902019262313843,0.6469688964291948
184,13,/home/nabizadz/Projects/Mahsa/datasets/grid/test/s34/lgapzs.mpg,92,242,1.2844738960266113,0.6367352692330077
184,14,/home/nabizadz/Projects/Mahsa/datasets/grid/test/s34/bgwzza.mpg,95,245,1.1620591878890991,0.49684190391044303
184,15,/home/nabizadz/Projects/Mahsa/datasets/grid/test/s34/lwbv2s.mpg,68,218,1.1892366409301758,0.6502310616326741
185,0,/home/nabizadz/Projects/Mahsa/datasets/grid/test/s34/lrwo5n.mpg,81,231,1.3378039598464966,0.6931402290177267
185,1,/home/nabizadz/Projects/Mahsa/datasets/grid/test/s34/pgig8a.mpg,81,231,1.2260326147079468,0.6788773009483584
185,2,/home/nabizadz/Projects/Mahsa/datasets/grid/test/s34/sbayza.mpg,120,270,1.1797301769256592,0.6077909297319636
185,3,/home/nabizadz/Projects/Mahsa/datasets/grid/test/s34/bbio6a.mpg,38,188,1.3222990036010742,0.7078511249333083
185,4,/home/nabizadz/Projects/Mahsa/datasets/grid/test/s34/brbx4a.mpg,95,245,1.2410361766815186,0.7156297762044306
185,5,/home/nabizadz/Projects/Mahsa/datasets/grid/test/s34/sgas4a.mpg,67,217,1.1590728759765625,0.5550385803548238
185,6,/home/nabizadz/Projects/Mahsa/datasets/grid/test/s34/lrih2a.mpg,124,274,1.4776482582092285,0.6977641252975874
185,7,/home/nabizadz/Projects/Mahsa/datasets/grid/test/s34/swir1n.mpg,124,274,1.2527210712432861,0.6538579952561897
185,8,/home/nabizadz/Projects/Mahsa/datasets/grid/test/s34/pgwo2s.mpg,15,165,1.1787124872207642,0.6279221853003182
185,9,/home/nabizadz/Projects/Mahsa/datasets/grid/test/s34/lgicza.mpg,101,251,1.1524503231048584,0.5225562514257611
185,10,/home/nabizadz/Projects/Mahsa/datasets/grid/test/s34/pbir5n.mpg,19,169,1.2095818519592285,0.6502261393698001
185,11,/home/nabizadz/Projects/Mahsa/datasets/grid/test/s34/lwwp1n.mpg,87,237,1.3393878936767578,0.6297990983870377
185,12,/home/nabizadz/Projects/Mahsa/datasets/grid/test/s34/pwag6a.mpg,11,161,1.1252164840698242,0.6860434461647007
185,13,/home/nabizadz/Projects/Mahsa/datasets/grid/test/s34/bgax9n.mpg,65,215,1.1118320226669312,0.6119313236449154
185,14,/home/nabizadz/Projects/Mahsa/datasets/grid/test/s34/srbk9n.mpg,60,210,1.1894710063934326,0.6450030745955894
185,15,/home/nabizadz/Projects/Mahsa/datasets/grid/test/s34/pwig2a.mpg,13,163,1.1989352703094482,0.6992972415916722
186,0,/home/nabizadz/Projects/Mahsa/datasets/grid/test/s34/srby7n.mpg,17,167,1.1551799774169922,0.6766582777675021
186,1,/home/nabizadz/Projects/Mahsa/datasets/grid/test/s34/sbwe6a.mpg,72,222,1.1165368556976318,0.5453968727285219
186,2,/home/nabizadz/Projects/Mahsa/datasets/grid/test/s34/sgif1p.mpg,140,290,1.2563308477401733,0.7295563396957465
186,3,/home/nabizadz/Projects/Mahsa/datasets/grid/test/s34/sbax7n.mpg,148,298,1.7765659093856812,0.7431895317087208
186,4,/home/nabizadz/Projects/Mahsa/datasets/grid/test/s34/prbm7p.mpg,47,197,1.0768295526504517,0.73269729077103
186,5,/home/nabizadz/Projects/Mahsa/datasets/grid/test/s34/swbf3p.mpg,143,293,1.5498566627502441,0.7091590165632717
186,6,/home/nabizadz/Projects/Mahsa/datasets/grid/test/s34/pwim6a.mpg,42,192,1.112152338027954,0.639180816516008
186,7,/home/nabizadz/Projects/Mahsa/datasets/grid/test/s34/lran7n.mpg,45,195,1.080486536026001,0.5445702653646315
186,8,/home/nabizadz/Projects/Mahsa/datasets/grid/test/s34/pwaa2a.mpg,73,223,1.134225845336914,0.7334302844985847
186,9,/home/nabizadz/Projects/Mahsa/datasets/grid/test/s34/bgby3n.mpg,106,256,1.3217871189117432,0.5358550848176992
186,10,/home/nabizadz/Projects/Mahsa/datasets/grid/test/s34/pgwb5p.mpg,84,234,1.2245984077453613,0.5313686611963329
186,11,/home/nabizadz/Projects/Mahsa/datasets/grid/test/s34/bbbi8s.mpg,122,272,1.2731431722640991,0.6553669669721822
186,12,/home/nabizadz/Projects/Mahsa/datasets/grid/test/s34/pbil2s.mpg,47,197,1.1047626733779907,0.6024864839648593
186,13,/home/nabizadz/Projects/Mahsa/datasets/grid/test/s34/prbg2s.mpg,127,277,1.216766119003296,0.7114233041724334
186,14,/home/nabizadz/Projects/Mahsa/datasets/grid/test/s34/pragza.mpg,103,253,1.200324535369873,0.5520361794136299
186,15,/home/nabizadz/Projects/Mahsa/datasets/grid/test/s34/lwbc2a.mpg,70,220,1.1412615776062012,0.7151627190298788
187,0,/home/nabizadz/Projects/Mahsa/datasets/grid/test/s34/brbd1p.mpg,25,175,1.0904388427734375,0.7359324565224539
187,1,/home/nabizadz/Projects/Mahsa/datasets/grid/test/s34/pwag5p.mpg,77,227,1.1196905374526978,0.6428035268534762
187,2,/home/nabizadz/Projects/Mahsa/datasets/grid/test/s34/bgad9p.mpg,7,157,1.1138118505477905,0.5855742145020694
187,3,/home/nabizadz/Projects/Mahsa/datasets/grid/test/s34/lrwo6s.mpg,70,220,1.166390061378479,0.5754653542661103
187,4,/home/nabizadz/Projects/Mahsa/datasets/grid/test/s34/lbwh7p.mpg,110,260,1.3046486377716064,0.5858817872805675
187,5,/home/nabizadz/Projects/Mahsa/datasets/grid/test/s34/bbwp7p.mpg,55,205,1.1778216361999512,0.6656011337116559
187,6,/home/nabizadz/Projects/Mahsa/datasets/grid/test/s34/brwj7n.mpg,98,248,1.1805800199508667,0.689487234348952
187,7,/home/nabizadz/Projects/Mahsa/datasets/grid/test/s34/sbix5p.mpg,125,275,1.2626416683197021,0.7255842860741549
187,8,/home/nabizadz/Projects/Mahsa/datasets/grid/test/s32/prbazs.mpg,148,298,1.3170583248138428,0.7417716997610352
187,9,/home/nabizadz/Projects/Mahsa/datasets/grid/test/s32/bwwe3p.mpg,62,212,1.100996494293213,0.6591286964465384
187,10,/home/nabizadz/Projects/Mahsa/datasets/grid/test/s32/lgio9p.mpg,150,300,2.0759997367858887,0.7218398538863179
187,11,/home/nabizadz/Projects/Mahsa/datasets/grid/test/s32/pwwh5p.mpg,106,256,1.2142624855041504,0.6286005165739108
187,12,/home/nabizadz/Projects/Mahsa/datasets/grid/test/s32/lrah7p.mpg,71,221,1.1120796203613281,0.5998433803446435
187,13,/home/nabizadz/Projects/Mahsa/datasets/grid/test/s32/sgis2a.mpg,107,257,1.511716365814209,0.5281367998187323
187,14,/home/nabizadz/Projects/Mahsa/datasets/grid/test/s32/pgbb3p.mpg,132,282,1.8305814266204834,0.6549626695853065
187,15,/home/nabizadz/Projects/Mahsa/datasets/grid/test/s32/lrbizs.mpg,58,208,1.1356918811798096,0.6094490267254152
188,0,/home/nabizadz/Projects/Mahsa/datasets/grid/test/s32/sgbm3n.mpg,20,170,1.0957180261611938,0.6954454972976488
188,1,/home/nabizadz/Projects/Mahsa/datasets/grid/test/s32/srbe7n.mpg,94,244,1.1792373657226562,0.6153919567197063
188,2,/home/nabizadz/Projects/Mahsa/datasets/grid/test/s32/swbf3n.mpg,17,167,1.1625947952270508,0.6388059461461829
188,3,/home/nabizadz/Projects/Mahsa/datasets/grid/test/s32/lban4s.mpg,28,178,1.2903106212615967,0.7435943008682694
188,4,/home/nabizadz/Projects/Mahsa/datasets/grid/test/s32/lwwp5p.mpg,46,196,1.10896635055542,0.6470747375723429
188,5,/home/nabizadz/Projects/Mahsa/datasets/grid/test/s32/brwq3n.mpg,22,172,1.1809861660003662,0.7407883491026357
188,6,/home/nabizadz/Projects/Mahsa/datasets/grid/test/s32/bgwl3p.mpg,48,198,1.086498498916626,0.6266291055621429
188,7,/home/nabizadz/Projects/Mahsa/datasets/grid/test/s32/bbbv9p.mpg,70,220,1.1260807514190674,0.6443650193283883
188,8,/home/nabizadz/Projects/Mahsa/datasets/grid/test/s32/lbaa7p.mpg,44,194,1.0952825546264648,0.6189418980454626
188,9,/home/nabizadz/Projects/Mahsa/datasets/grid/test/s32/bgik2a.mpg,73,223,1.1908612251281738,0.678637590201134
188,10,/home/nabizadz/Projects/Mahsa/datasets/grid/test/s32/bbbjzs.mpg,145,295,1.378629207611084,0.6942594389788085
188,11,/home/nabizadz/Projects/Mahsa/datasets/grid/test/s32/lwiu6s.mpg,1,151,1.180957317352295,0.6864316017401945
188,12,/home/nabizadz/Projects/Mahsa/datasets/grid/test/s32/bbapzs.mpg,58,208,1.1528785228729248,0.6737020278910328
188,13,/home/nabizadz/Projects/Mahsa/datasets/grid/test/s32/sray8a.mpg,134,284,1.628901481628418,0.6577620507458869
188,14,/home/nabizadz/Projects/Mahsa/datasets/grid/test/s32/srwl8a.mpg,125,275,1.2666711807250977,0.6550497296756082
188,15,/home/nabizadz/Projects/Mahsa/datasets/grid/test/s32/bgiq4s.mpg,74,224,1.2065883874893188,0.6104665686617262
189,0,/home/nabizadz/Projects/Mahsa/datasets/grid/test/s32/bwwy5p.mpg,19,169,1.1040935516357422,0.6687725038978676
189,1,/home/nabizadz/Projects/Mahsa/datasets/grid/test/s32/bbio7p.mpg,39,189,1.0916725397109985,0.6093657379319233
189,2,/home/nabizadz/Projects/Mahsa/datasets/grid/test/s32/swasza.mpg,30,180,1.0792663097381592,0.5961650543276555
189,3,/home/nabizadz/Projects/Mahsa/datasets/grid/test/s32/bbbj2a.mpg,6,156,1.127401351928711,0.6945640081158342
189,4,/home/nabizadz/Projects/Mahsa/datasets/grid/test/s32/lwab7n.mpg,128,278,1.431818962097168,0.6645232023006495
189,5,/home/nabizadz/Projects/Mahsa/datasets/grid/test/s32/pbbgza.mpg,66,216,1.1698771715164185,0.6829412816288444
189,6,/home/nabizadz/Projects/Mahsa/datasets/grid/test/s32/sbiq2s.mpg,150,300,1.6952922344207764,0.6949205970155031
189,7,/home/nabizadz/Projects/Mahsa/datasets/grid/test/s32/lgwd3p.mpg,36,186,1.0764803886413574,0.64876914033061
189,8,/home/nabizadz/Projects/Mahsa/datasets/grid/test/s32/pwwb2a.mpg,9,159,1.1026993989944458,0.7042981205867894
189,9,/home/nabizadz/Projects/Mahsa/datasets/grid/test/s32/pbwg4a.mpg,149,299,2.0107359886169434,0.728252224113235
189,10,/home/nabizadz/Projects/Mahsa/datasets/grid/test/s32/pwbn4s.mpg,31,181,1.1093968152999878,0.729177532546719
189,11,/home/nabizadz/Projects/Mahsa/datasets/grid/test/s32/lbbn8s.mpg,123,273,1.3975775241851807,0.6357663833637146
189,12,/home/nabizadz/Projects/Mahsa/datasets/grid/test/s32/sbbe4a.mpg,25,175,1.1306406259536743,0.6709583146125114
189,13,/home/nabizadz/Projects/Mahsa/datasets/grid/test/s32/bbbj1p.mpg,41,191,1.0823649168014526,0.5692314972370981
189,14,/home/nabizadz/Projects/Mahsa/datasets/grid/test/s32/pram5p.mpg,72,222,1.1407811641693115,0.6250070351570661
189,15,/home/nabizadz/Projects/Mahsa/datasets/grid/test/s32/pbiz2s.mpg,123,273,1.4836559295654297,0.678127568148352
190,0,/home/nabizadz/Projects/Mahsa/datasets/grid/test/s32/bwwk7p.mpg,105,255,1.105450987815857,0.6124753079288369
190,1,/home/nabizadz/Projects/Mahsa/datasets/grid/test/s32/pgwu9p.mpg,24,174,1.1036990880966187,0.7161365890247625
190,2,/home/nabizadz/Projects/Mahsa/datasets/grid/test/s32/pwbg9n.mpg,80,230,1.197654366493225,0.6268720236982356
190,3,/home/nabizadz/Projects/Mahsa/datasets/grid/test/s32/bgak5p.mpg,15,165,1.1637625694274902,0.7164223848243295
190,4,/home/nabizadz/Projects/Mahsa/datasets/grid/test/s32/bwbq7p.mpg,20,170,1.1541328430175781,0.7237911199929078
190,5,/home/nabizadz/Projects/Mahsa/datasets/grid/test/s32/pwwn7n.mpg,64,214,1.181588888168335,0.5901665939046636
190,6,/home/nabizadz/Projects/Mahsa/datasets/grid/test/s32/brwd7p.mpg,105,255,1.3453052043914795,0.623726716035805
190,7,/home/nabizadz/Projects/Mahsa/datasets/grid/test/s32/sgwm8s.mpg,6,156,1.1969650983810425,0.5745446809578477
190,8,/home/nabizadz/Projects/Mahsa/datasets/grid/test/s32/sbby3n.mpg,38,188,1.0750261545181274,0.65034436277895
190,9,/home/nabizadz/Projects/Mahsa/datasets/grid/test/s32/pgwi1p.mpg,105,255,1.1769871711730957,0.5062367649341516
190,10,/home/nabizadz/Projects/Mahsa/datasets/grid/test/s32/srik4s.mpg,116,266,1.5971229076385498,0.6261442398517936
190,11,/home/nabizadz/Projects/Mahsa/datasets/grid/test/s32/bwwy6a.mpg,121,271,1.2628238201141357,0.6401067605358853
190,12,/home/nabizadz/Projects/Mahsa/datasets/grid/test/s32/swir4s.mpg,68,218,1.1625425815582275,0.7114387708717601
190,13,/home/nabizadz/Projects/Mahsa/datasets/grid/test/s32/bwwk5n.mpg,26,176,1.1193469762802124,0.6369539376821735
190,14,/home/nabizadz/Projects/Mahsa/datasets/grid/test/s32/sgif3p.mpg,42,192,1.136505365371704,0.7249268109946504
190,15,/home/nabizadz/Projects/Mahsa/datasets/grid/test/s32/brwx8s.mpg,44,194,1.1271222829818726,0.6394468709043715
191,0,/home/nabizadz/Projects/Mahsa/datasets/grid/test/s32/lwao7p.mpg,44,194,1.0551941394805908,0.6642783490886321
191,1,/home/nabizadz/Projects/Mahsa/datasets/grid/test/s32/pwaa1n.mpg,133,283,1.2981770038604736,0.6400310321961653
191,2,/home/nabizadz/Projects/Mahsa/datasets/grid/test/s32/swar9p.mpg,69,219,1.1485788822174072,0.6534624571850974
191,3,/home/nabizadz/Projects/Mahsa/datasets/grid/test/s32/lwao8a.mpg,132,282,1.6650936603546143,0.6228755478386906
191,4,/home/nabizadz/Projects/Mahsa/datasets/grid/test/s32/lrin5n.mpg,44,194,1.122031331062317,0.6017982130689896
191,5,/home/nabizadz/Projects/Mahsa/datasets/grid/test/s32/bwax5n.mpg,95,245,1.284298300743103,0.6217804442368886
191,6,/home/nabizadz/Projects/Mahsa/datasets/grid/test/s32/lgac5p.mpg,27,177,1.132071614265442,0.6231616063326446
191,7,/home/nabizadz/Projects/Mahsa/datasets/grid/test/s32/bgwr5n.mpg,77,227,1.0980514287948608,0.5655460830409017
191,8,/home/nabizadz/Projects/Mahsa/datasets/grid/test/s32/pgwo6a.mpg,81,231,1.1036417484283447,0.6534676837882296
191,9,/home/nabizadz/Projects/Mahsa/datasets/grid/test/s32/brwq4s.mpg,133,283,2.5233867168426514,0.6639097168256952
191,10,/home/nabizadz/Projects/Mahsa/datasets/grid/test/s32/bwwq9n.mpg,97,247,1.3175474405288696,0.5480623447195297
191,11,/home/nabizadz/Projects/Mahsa/datasets/grid/test/s32/lriu2a.mpg,101,251,1.295140266418457,0.6428851308805702
191,12,/home/nabizadz/Projects/Mahsa/datasets/grid/test/s32/srar4a.mpg,77,227,1.1753398180007935,0.6709545772310977
191,13,/home/nabizadz/Projects/Mahsa/datasets/grid/test/s32/prif5n.mpg,142,292,1.7557854652404785,0.686035202135232
191,14,/home/nabizadz/Projects/Mahsa/datasets/grid/test/s32/pwbh2a.mpg,128,278,1.7749266624450684,0.6691535047621727
191,15,/home/nabizadz/Projects/Mahsa/datasets/grid/test/s32/bbwx2s.mpg,100,250,1.243898868560791,0.6094238370841927
192,0,/home/nabizadz/Projects/Mahsa/datasets/grid/test/s32/srwf3p.mpg,126,276,1.45809006690979,0.5998032104077986
192,1,/home/nabizadz/Projects/Mahsa/datasets/grid/test/s32/lrbi2a.mpg,148,298,2.143247604370117,0.7128686764008891
192,2,/home/nabizadz/Projects/Mahsa/datasets/grid/test/s32/lban5p.mpg,142,292,1.6668908596038818,0.6746002457402028
192,3,/home/nabizadz/Projects/Mahsa/datasets/grid/test/s32/brap6s.mpg,132,282,1.6920347213745117,0.7398969492332731
192,4,/home/nabizadz/Projects/Mahsa/datasets/grid/test/s32/pwbhzs.mpg,17,167,1.1315619945526123,0.7276716182533405
192,5,/home/nabizadz/Projects/Mahsa/datasets/grid/test/s32/lwwc5n.mpg,66,216,1.1025944948196411,0.6910730993128572
192,6,/home/nabizadz/Projects/Mahsa/datasets/grid/test/s32/sgwg3n.mpg,116,266,1.5157105922698975,0.6554230206910355
192,7,/home/nabizadz/Projects/Mahsa/datasets/grid/test/s32/pratza.mpg,5,155,1.1984399557113647,0.7293196243068166
192,8,/home/nabizadz/Projects/Mahsa/datasets/grid/test/s32/lwbv4s.mpg,18,168,1.1212657690048218,0.7081497422904456
192,9,/home/nabizadz/Projects/Mahsa/datasets/grid/test/s32/lrbo4s.mpg,51,201,1.1290580034255981,0.6691726553545717
192,10,/home/nabizadz/Projects/Mahsa/datasets/grid/test/s32/swwm1n.mpg,34,184,1.1058651208877563,0.6335068599813846
192,11,/home/nabizadz/Projects/Mahsa/datasets/grid/test/s32/bbbc7p.mpg,141,291,1.8562734127044678,0.6317041386109342
192,12,/home/nabizadz/Projects/Mahsa/datasets/grid/test/s32/lgic1p.mpg,81,231,1.1815876960754395,0.5826167802196607
192,13,/home/nabizadz/Projects/Mahsa/datasets/grid/test/s32/lbbbzs.mpg,109,259,1.1830220222473145,0.626568832115053
192,14,/home/nabizadz/Projects/Mahsa/datasets/grid/test/s32/brip2s.mpg,96,246,1.4065446853637695,0.5754391984443659
192,15,/home/nabizadz/Projects/Mahsa/datasets/grid/test/s32/bbac2s.mpg,143,293,1.6086716651916504,0.6908084486058756
193,0,/home/nabizadz/Projects/Mahsa/datasets/grid/test/s32/lrwc2a.mpg,109,259,1.2822972536087036,0.7334250459534599
193,1,/home/nabizadz/Projects/Mahsa/datasets/grid/test/s32/lbbh3n.mpg,26,176,1.125805139541626,0.668720754656528
193,2,/home/nabizadz/Projects/Mahsa/datasets/grid/test/s32/lria8s.mpg,134,284,1.4220235347747803,0.7444499055500186
193,3,/home/nabizadz/Projects/Mahsa/datasets/grid/test/s32/lbwu5n.mpg,72,222,1.1876437664031982,0.6530515761123432
193,4,/home/nabizadz/Projects/Mahsa/datasets/grid/test/s32/lwavzs.mpg,110,260,1.41806161403656,0.6999512523219761
193,5,/home/nabizadz/Projects/Mahsa/datasets/grid/test/s32/swal6a.mpg,102,252,1.4452201128005981,0.5728216325210955
193,6,/home/nabizadz/Projects/Mahsa/datasets/grid/test/s32/sbid4s.mpg,78,228,1.1738723516464233,0.5918054589991736
193,7,/home/nabizadz/Projects/Mahsa/datasets/grid/test/s32/lwwv8s.mpg,109,259,1.2462592124938965,0.6755971957863159
193,8,/home/nabizadz/Projects/Mahsa/datasets/grid/test/s32/swil2a.mpg,47,197,1.0855950117111206,0.6132291270491667
193,9,/home/nabizadz/Projects/Mahsa/datasets/grid/test/s32/lrao2a.mpg,89,239,1.3461207151412964,0.5667680736882282
193,10,/home/nabizadz/Projects/Mahsa/datasets/grid/test/s32/pgabza.mpg,58,208,1.3448309898376465,0.6312985086411631
193,11,/home/nabizadz/Projects/Mahsa/datasets/grid/test/s32/srbe8s.mpg,60,210,1.1674355268478394,0.6312440277441765
193,12,/home/nabizadz/Projects/Mahsa/datasets/grid/test/s32/pgit5n.mpg,128,278,1.562972068786621,0.6670229525026034
193,13,/home/nabizadz/Projects/Mahsa/datasets/grid/test/s32/pbal8s.mpg,112,262,1.3604556322097778,0.6349458185647371
193,14,/home/nabizadz/Projects/Mahsa/datasets/grid/test/s32/sgif1n.mpg,43,193,1.0941851139068604,0.6614650456122801
193,15,/home/nabizadz/Projects/Mahsa/datasets/grid/test/s32/bbbxza.mpg,129,279,1.4986084699630737,0.5823911367678253
194,0,/home/nabizadz/Projects/Mahsa/datasets/grid/test/s32/lbbu2s.mpg,126,276,1.7936623096466064,0.6872689619799766
194,1,/home/nabizadz/Projects/Mahsa/datasets/grid/test/s32/srid9n.mpg,16,166,1.1310858726501465,0.6220663937149682
194,2,/home/nabizadz/Projects/Mahsa/datasets/grid/test/s32/bgby5n.mpg,97,247,1.1715232133865356,0.6947177080060835
194,3,/home/nabizadz/Projects/Mahsa/datasets/grid/test/s32/swws7p.mpg,89,239,1.2377744913101196,0.6972246929655554
194,4,/home/nabizadz/Projects/Mahsa/datasets/grid/test/s32/brbx4s.mpg,40,190,1.0958737134933472,0.66284092970128
194,5,/home/nabizadz/Projects/Mahsa/datasets/grid/test/s32/srirza.mpg,119,269,1.2014906406402588,0.6315267507203682
194,6,/home/nabizadz/Projects/Mahsa/datasets/grid/test/s32/pgig9p.mpg,120,270,1.6814343929290771,0.6239112129069513
194,7,/home/nabizadz/Projects/Mahsa/datasets/grid/test/s32/pras7n.mpg,44,194,1.1034753322601318,0.7027706173711165
194,8,/home/nabizadz/Projects/Mahsa/datasets/grid/test/s32/swbs3p.mpg,11,161,1.1112251281738281,0.7043486449493171
194,9,/home/nabizadz/Projects/Mahsa/datasets/grid/test/s32/swbf4s.mpg,74,224,1.1521930694580078,0.6205972417609825
194,10,/home/nabizadz/Projects/Mahsa/datasets/grid/test/s32/sbwe5n.mpg,134,284,1.5911006927490234,0.6680862388258344
194,11,/home/nabizadz/Projects/Mahsa/datasets/grid/test/s32/primzs.mpg,53,203,1.0740545988082886,0.6138384212084825
194,12,/home/nabizadz/Projects/Mahsa/datasets/grid/test/s32/sray7p.mpg,24,174,1.0976297855377197,0.6853856705924751
194,13,/home/nabizadz/Projects/Mahsa/datasets/grid/test/s32/lrwb9n.mpg,79,229,1.292994737625122,0.5962105586060815
194,14,/home/nabizadz/Projects/Mahsa/datasets/grid/test/s32/lbit6a.mpg,81,231,1.200900912284851,0.6668093975491582
194,15,/home/nabizadz/Projects/Mahsa/datasets/grid/test/s32/sgwg5p.mpg,148,298,1.8207545280456543,0.7344009847880497
195,0,/home/nabizadz/Projects/Mahsa/datasets/grid/test/s32/pbbf8s.mpg,36,186,1.1256163120269775,0.6656512553821825
195,1,/home/nabizadz/Projects/Mahsa/datasets/grid/test/s32/bgaezs.mpg,23,173,1.0926916599273682,0.5839725109555655
195,2,/home/nabizadz/Projects/Mahsa/datasets/grid/test/s32/bgbk8s.mpg,91,241,1.1247507333755493,0.7158957914624298
195,3,/home/nabizadz/Projects/Mahsa/datasets/grid/test/s32/bgbe4s.mpg,10,160,1.1547785997390747,0.712979634530398
195,4,/home/nabizadz/Projects/Mahsa/datasets/grid/test/s32/pwwbzs.mpg,126,276,1.3611449003219604,0.6801805386214945
195,5,/home/nabizadz/Projects/Mahsa/datasets/grid/test/s32/pgah4a.mpg,129,279,1.8262629508972168,0.6887565521595849
195,6,/home/nabizadz/Projects/Mahsa/datasets/grid/test/s32/lribza.mpg,124,274,1.6173181533813477,0.6552922916577686
195,7,/home/nabizadz/Projects/Mahsa/datasets/grid/test/s32/sbwr5p.mpg,47,197,1.090145230293274,0.6011615409980148
195,8,/home/nabizadz/Projects/Mahsa/datasets/grid/test/s32/brii8s.mpg,69,219,1.0756685733795166,0.6891977442089386
195,9,/home/nabizadz/Projects/Mahsa/datasets/grid/test/s32/brwd5n.mpg,39,189,1.085508108139038,0.6521419909578225
195,10,/home/nabizadz/Projects/Mahsa/datasets/grid/test/s32/bbbc8a.mpg,112,262,1.3627233505249023,0.6261412376088885
195,11,/home/nabizadz/Projects/Mahsa/datasets/grid/test/s32/lwbpzs.mpg,107,257,1.2474627494812012,0.6905204188368415
195,12,/home/nabizadz/Projects/Mahsa/datasets/grid/test/s32/pbaf5p.mpg,134,284,1.818786859512329,0.6614645409672824
195,13,/home/nabizadz/Projects/Mahsa/datasets/grid/test/s32/pbifzs.mpg,17,167,1.1717900037765503,0.6619783158929218
195,14,/home/nabizadz/Projects/Mahsa/datasets/grid/test/s32/lwab9p.mpg,48,198,1.0912671089172363,0.5968343445625759
195,15,/home/nabizadz/Projects/Mahsa/datasets/grid/test/s32/lbin2a.mpg,114,264,2.080817461013794,0.6290962790359375
196,0,/home/nabizadz/Projects/Mahsa/datasets/grid/test/s32/sbbk5n.mpg,35,185,1.1183600425720215,0.6637800116778892
196,1,/home/nabizadz/Projects/Mahsa/datasets/grid/test/s32/lran9n.mpg,62,212,1.6689221858978271,0.6960676788510614
196,2,/home/nabizadz/Projects/Mahsa/datasets/grid/test/s32/bwidzs.mpg,105,255,1.3191759586334229,0.5899736565706547
196,3,/home/nabizadz/Projects/Mahsa/datasets/grid/test/s32/srbl1n.mpg,122,272,1.296821117401123,0.5614090494029982
196,4,/home/nabizadz/Projects/Mahsa/datasets/grid/test/s32/brbj5n.mpg,105,255,1.4069819450378418,0.5800764474198953
196,5,/home/nabizadz/Projects/Mahsa/datasets/grid/test/s32/pgwi2a.mpg,54,204,1.0977911949157715,0.6886225903887013
196,6,/home/nabizadz/Projects/Mahsa/datasets/grid/test/s32/pbas3p.mpg,27,177,1.0826164484024048,0.6504989810701999
196,7,/home/nabizadz/Projects/Mahsa/datasets/grid/test/s32/brac7n.mpg,7,157,1.2876204252243042,0.7309521935948782
196,8,/home/nabizadz/Projects/Mahsa/datasets/grid/test/s32/pgbb4a.mpg,90,240,1.1660759449005127,0.6829057406431596
196,9,/home/nabizadz/Projects/Mahsa/datasets/grid/test/s32/brip3p.mpg,128,278,1.9934160709381104,0.6887915604926348
196,10,/home/nabizadz/Projects/Mahsa/datasets/grid/test/s32/bbivzs.mpg,39,189,1.1581635475158691,0.5743798704271859
196,11,/home/nabizadz/Projects/Mahsa/datasets/grid/test/s32/lgbp8a.mpg,150,300,2.0358450412750244,0.6841961480208137
196,12,/home/nabizadz/Projects/Mahsa/datasets/grid/test/s32/bwwe4a.mpg,11,161,1.2676533460617065,0.5559380805604435
196,13,/home/nabizadz/Projects/Mahsa/datasets/grid/test/s32/pbbm1n.mpg,143,293,1.7462903261184692,0.6557008000928084
196,14,/home/nabizadz/Projects/Mahsa/datasets/grid/test/s32/bbap2a.mpg,63,213,1.1236732006072998,0.7266779551004474
196,15,/home/nabizadz/Projects/Mahsa/datasets/grid/test/s32/brbx6a.mpg,17,167,1.1729886531829834,0.7017023275745637
197,0,/home/nabizadz/Projects/Mahsa/datasets/grid/test/s32/pgia5p.mpg,16,166,1.1187468767166138,0.7149198659016394
197,1,/home/nabizadz/Projects/Mahsa/datasets/grid/test/s32/bwip7n.mpg,14,164,1.1383633613586426,0.6610662969419321
197,2,/home/nabizadz/Projects/Mahsa/datasets/grid/test/s32/swar7n.mpg,67,217,1.131703495979309,0.7200506191812075
197,3,/home/nabizadz/Projects/Mahsa/datasets/grid/test/s32/pgin3p.mpg,66,216,1.159240961074829,0.5435295407900232
197,4,/home/nabizadz/Projects/Mahsa/datasets/grid/test/s32/pgig8s.mpg,95,245,1.1782336235046387,0.6470506398972805
197,5,/home/nabizadz/Projects/Mahsa/datasets/grid/test/s32/lgwqzs.mpg,120,270,1.3652396202087402,0.6291509301941998
197,6,/home/nabizadz/Projects/Mahsa/datasets/grid/test/s32/bwij4s.mpg,56,206,1.0560848712921143,0.5297379073392022
197,7,/home/nabizadz/Projects/Mahsa/datasets/grid/test/s32/sgwazs.mpg,111,261,1.2362748384475708,0.6232984777251208
197,8,/home/nabizadz/Projects/Mahsa/datasets/grid/test/s32/sbaq5n.mpg,135,285,1.4204602241516113,0.7458792034728894
197,9,/home/nabizadz/Projects/Mahsa/datasets/grid/test/s32/sgbf9n.mpg,125,275,1.7076754570007324,0.6571342130257762
197,10,/home/nabizadz/Projects/Mahsa/datasets/grid/test/s32/sbay1p.mpg,89,239,1.1242477893829346,0.593891782286397
197,11,/home/nabizadz/Projects/Mahsa/datasets/grid/test/s32/pwwh3n.mpg,12,162,1.175611138343811,0.7188094389864188
197,12,/home/nabizadz/Projects/Mahsa/datasets/grid/test/s32/prwa5p.mpg,41,191,1.081286072731018,0.7027015259421456
197,13,/home/nabizadz/Projects/Mahsa/datasets/grid/test/s32/pgah1n.mpg,55,205,1.1318037509918213,0.6439156106514698
197,14,/home/nabizadz/Projects/Mahsa/datasets/grid/test/s32/pbiz1n.mpg,44,194,1.096762776374817,0.6936872216750546
197,15,/home/nabizadz/Projects/Mahsa/datasets/grid/test/s32/sriezs.mpg,104,254,1.242539882659912,0.6388846002328422
198,0,/home/nabizadz/Projects/Mahsa/datasets/grid/test/s32/lgav8a.mpg,9,159,1.2527801990509033,0.6598534885902144
198,1,/home/nabizadz/Projects/Mahsa/datasets/grid/test/s32/pwat6a.mpg,129,279,1.2843515872955322,0.5934639105302181
198,2,/home/nabizadz/Projects/Mahsa/datasets/grid/test/s32/swaz2s.mpg,119,269,1.2675429582595825,0.7637551956058174
198,3,/home/nabizadz/Projects/Mahsa/datasets/grid/test/s32/lgwj8a.mpg,23,173,1.2944307327270508,0.6693988118542916
198,4,/home/nabizadz/Projects/Mahsa/datasets/grid/test/s32/brii7n.mpg,3,153,1.1664197444915771,0.6747686290253221
198,5,/home/nabizadz/Projects/Mahsa/datasets/grid/test/s32/bwad6a.mpg,36,186,1.0853259563446045,0.6675619105986572
198,6,/home/nabizadz/Projects/Mahsa/datasets/grid/test/s32/lbbb1p.mpg,58,208,1.1613032817840576,0.6993257756519847
198,7,/home/nabizadz/Projects/Mahsa/datasets/grid/test/s32/lbbu1n.mpg,24,174,1.104845643043518,0.6843401189870525
198,8,/home/nabizadz/Projects/Mahsa/datasets/grid/test/s32/sgil7p.mpg,141,291,1.4876736402511597,0.7142249928441645
198,9,/home/nabizadz/Projects/Mahsa/datasets/grid/test/s32/lbwh8s.mpg,122,272,1.3791723251342773,0.6732539659307295
198,10,/home/nabizadz/Projects/Mahsa/datasets/grid/test/s32/lwwv7n.mpg,129,279,1.3903183937072754,0.6966682320609271
198,11,/home/nabizadz/Projects/Mahsa/datasets/grid/test/s32/srwr9n.mpg,77,227,1.1710705757141113,0.6370935419940267
198,12,/home/nabizadz/Projects/Mahsa/datasets/grid/test/s32/brwj9n.mpg,32,182,1.1139144897460938,0.6442931923877411
198,13,/home/nabizadz/Projects/Mahsa/datasets/grid/test/s32/swbmza.mpg,72,222,1.1430920362472534,0.6555312568326149
198,14,/home/nabizadz/Projects/Mahsa/datasets/grid/test/s32/sralza.mpg,15,165,1.1814179420471191,0.6229282907457507
198,15,/home/nabizadz/Projects/Mahsa/datasets/grid/test/s32/sbwk9n.mpg,81,231,1.2427130937576294,0.6853473023968615
199,0,/home/nabizadz/Projects/Mahsa/datasets/grid/test/s32/bwwy3n.mpg,88,238,1.2613482475280762,0.7139098960099282
199,1,/home/nabizadz/Projects/Mahsa/datasets/grid/test/s32/pbwm5n.mpg,83,233,1.1832668781280518,0.6158885176004373
199,2,/home/nabizadz/Projects/Mahsa/datasets/grid/test/s32/lbwu6s.mpg,42,192,1.0772738456726074,0.6572351420005232
199,3,/home/nabizadz/Projects/Mahsa/datasets/grid/test/s32/bbwd1p.mpg,141,291,2.0388495922088623,0.7187471977180007
199,4,/home/nabizadz/Projects/Mahsa/datasets/grid/test/s32/pwim5n.mpg,38,188,1.117124319076538,0.6926572489134556
199,5,/home/nabizadz/Projects/Mahsa/datasets/grid/test/s32/sbix6s.mpg,119,269,1.5347260236740112,0.7261926736449343
199,6,/home/nabizadz/Projects/Mahsa/datasets/grid/test/s32/briv7p.mpg,147,297,2.008801221847534,0.6778428763891325
199,7,/home/nabizadz/Projects/Mahsa/datasets/grid/test/s32/bgij9n.mpg,99,249,1.3209452629089355,0.6385897836180179
199,8,/home/nabizadz/Projects/Mahsa/datasets/grid/test/s32/srae4s.mpg,20,170,1.085513710975647,0.6663964505142057
199,9,/home/nabizadz/Projects/Mahsa/datasets/grid/test/s32/bwbk2s.mpg,110,260,1.4958868026733398,0.6017490794573574
199,10,/home/nabizadz/Projects/Mahsa/datasets/grid/test/s32/pgwb5n.mpg,26,176,1.1283366680145264,0.6205541171254157
199,11,/home/nabizadz/Projects/Mahsa/datasets/grid/test/s32/sbaq7p.mpg,106,256,1.339422583580017,0.6494356782073918
199,12,/home/nabizadz/Projects/Mahsa/datasets/grid/test/s32/lgajza.mpg,132,282,1.4906225204467773,0.6326452542745323
199,13,/home/nabizadz/Projects/Mahsa/datasets/grid/test/s32/sbikza.mpg,67,217,1.173028826713562,0.6438135101944459
199,14,/home/nabizadz/Projects/Mahsa/datasets/grid/test/s32/lwab8s.mpg,42,192,1.0772665739059448,0.6716839699742128
199,15,/home/nabizadz/Projects/Mahsa/datasets/grid/test/s32/lgiv1n.mpg,53,203,1.086378574371338,0.6534123771302499
200,0,/home/nabizadz/Projects/Mahsa/datasets/grid/test/s32/priz9p.mpg,97,247,1.2399978637695312,0.6046763205895964
200,1,/home/nabizadz/Projects/Mahsa/datasets/grid/test/s32/bgby7p.mpg,140,290,1.315126657485962,0.7843846644837531
200,2,/home/nabizadz/Projects/Mahsa/datasets/grid/test/s32/lrau5p.mpg,143,293,1.6364271640777588,0.7128486387116609
200,3,/home/nabizadz/Projects/Mahsa/datasets/grid/test/s32/prbm7n.mpg,111,261,1.2696620225906372,0.6938025408698077
200,4,/home/nabizadz/Projects/Mahsa/datasets/grid/test/s32/sgwt2s.mpg,127,277,1.3000690937042236,0.745974396582677
200,5,/home/nabizadz/Projects/Mahsa/datasets/grid/test/s32/lwiu8a.mpg,83,233,1.3436000347137451,0.5954127106050027
200,6,/home/nabizadz/Projects/Mahsa/datasets/grid/test/s32/lria7n.mpg,136,286,1.4737071990966797,0.7030585097103367
200,7,/home/nabizadz/Projects/Mahsa/datasets/grid/test/s32/lbwu8a.mpg,12,162,1.1665949821472168,0.7410385065593867
200,8,/home/nabizadz/Projects/Mahsa/datasets/grid/test/s32/bwwe2s.mpg,149,299,1.7207810878753662,0.7073562573832458
200,9,/home/nabizadz/Projects/Mahsa/datasets/grid/test/s32/lrin8a.mpg,3,153,1.1673557758331299,0.7163819600072595
200,10,/home/nabizadz/Projects/Mahsa/datasets/grid/test/s32/brwyza.mpg,138,288,1.2903130054473877,0.7046533127414474
200,11,/home/nabizadz/Projects/Mahsa/datasets/grid/test/s32/bgby8a.mpg,111,261,1.2030377388000488,0.5517609310901508
200,12,/home/nabizadz/Projects/Mahsa/datasets/grid/test/s32/pwan2a.mpg,68,218,1.1102092266082764,0.6928151520195723
200,13,/home/nabizadz/Projects/Mahsa/datasets/grid/test/s32/bbav6a.mpg,94,244,1.181948184967041,0.7566842430181191
200,14,/home/nabizadz/Projects/Mahsa/datasets/grid/test/s32/swaz3p.mpg,11,161,1.1058701276779175,0.5991963193527998
200,15,/home/nabizadz/Projects/Mahsa/datasets/grid/test/s32/bwip9p.mpg,83,233,1.30507493019104,0.6595911321039899
201,0,/home/nabizadz/Projects/Mahsa/datasets/grid/test/s32/lrbb8a.mpg,61,211,1.1696528196334839,0.6152766890801824
201,1,/home/nabizadz/Projects/Mahsa/datasets/grid/test/s32/lgap2s.mpg,87,237,1.1971356868743896,0.6253257442244105
201,2,/home/nabizadz/Projects/Mahsa/datasets/grid/test/s32/srik3n.mpg,38,188,1.0920301675796509,0.6930746225827413
201,3,/home/nabizadz/Projects/Mahsa/datasets/grid/test/s32/sbij7n.mpg,33,183,1.1862945556640625,0.6118704643495404
201,4,/home/nabizadz/Projects/Mahsa/datasets/grid/test/s32/sbid5p.mpg,135,285,2.063354015350342,0.6573103795082416
201,5,/home/nabizadz/Projects/Mahsa/datasets/grid/test/s32/lgiv2s.mpg,118,268,1.2661726474761963,0.6806805737291414
201,6,/home/nabizadz/Projects/Mahsa/datasets/grid/test/s32/pgan8a.mpg,1,151,1.1527403593063354,0.6738824797834142
201,7,/home/nabizadz/Projects/Mahsa/datasets/grid/test/s32/bgae1p.mpg,35,185,1.1301767826080322,0.5845481520950669
201,8,/home/nabizadz/Projects/Mahsa/datasets/grid/test/s32/sgaz9p.mpg,143,293,1.4531100988388062,0.7530836878680954
201,9,/home/nabizadz/Projects/Mahsa/datasets/grid/test/s32/lgbx1p.mpg,123,273,1.7102410793304443,0.5712263491184343
201,10,/home/nabizadz/Projects/Mahsa/datasets/grid/test/s32/sgif2s.mpg,41,191,1.0999774932861328,0.6435406076456615
201,11,/home/nabizadz/Projects/Mahsa/datasets/grid/test/s32/pbie9n.mpg,95,245,1.240195631980896,0.6635276603943864
201,12,/home/nabizadz/Projects/Mahsa/datasets/grid/test/s32/bbbp4s.mpg,100,250,1.1616849899291992,0.726025373738494
201,13,/home/nabizadz/Projects/Mahsa/datasets/grid/test/s32/sbbk8a.mpg,39,189,1.0557420253753662,0.6152064133909997
201,14,/home/nabizadz/Projects/Mahsa/datasets/grid/test/s32/pris6a.mpg,18,168,1.1251345872879028,0.6676277394161589
201,15,/home/nabizadz/Projects/Mahsa/datasets/grid/test/s32/lrwo9p.mpg,64,214,1.1244454383850098,0.5856800681167419
202,0,/home/nabizadz/Projects/Mahsa/datasets/grid/test/s32/sbiq1n.mpg,71,221,1.1145286560058594,0.722276989677042
202,1,/home/nabizadz/Projects/Mahsa/datasets/grid/test/s32/pbamza.mpg,121,271,1.3887455463409424,0.6889583495449361
202,2,/home/nabizadz/Projects/Mahsa/datasets/grid/test/s32/bric4s.mpg,25,175,1.1798076629638672,0.6966181464213077
202,3,/home/nabizadz/Projects/Mahsa/datasets/grid/test/s32/pwwu3p.mpg,6,156,1.0959930419921875,0.6908378898408682
202,4,/home/nabizadz/Projects/Mahsa/datasets/grid/test/s32/sbbe2s.mpg,101,251,1.5358877182006836,0.5703922345310711
202,5,/home/nabizadz/Projects/Mahsa/datasets/grid/test/s32/brii9p.mpg,9,159,1.1388285160064697,0.6979561729111322
202,6,/home/nabizadz/Projects/Mahsa/datasets/grid/test/s32/sgwm9p.mpg,63,213,1.086226463317871,0.5808442050489809
202,7,/home/nabizadz/Projects/Mahsa/datasets/grid/test/s32/lgai8s.mpg,107,257,1.108426570892334,0.6121706621164315
202,8,/home/nabizadz/Projects/Mahsa/datasets/grid/test/s32/pwbn5p.mpg,103,253,1.3256003856658936,0.5742893356184628
202,9,/home/nabizadz/Projects/Mahsa/datasets/grid/test/s32/swafzs.mpg,109,259,1.232509970664978,0.59556284078751
202,10,/home/nabizadz/Projects/Mahsa/datasets/grid/test/s32/pbbz9n.mpg,64,214,1.112019658088684,0.6572020583901204
202,11,/home/nabizadz/Projects/Mahsa/datasets/grid/test/s32/lrbu9p.mpg,119,269,1.3765519857406616,0.6065700703721305
202,12,/home/nabizadz/Projects/Mahsa/datasets/grid/test/s32/lbbh5p.mpg,80,230,1.1537601947784424,0.6601599660711418
202,13,/home/nabizadz/Projects/Mahsa/datasets/grid/test/s32/lwbp2a.mpg,106,256,1.323683500289917,0.5913269193783357
202,14,/home/nabizadz/Projects/Mahsa/datasets/grid/test/s32/brap7p.mpg,54,204,1.0823816061019897,0.6040970896489454
202,15,/home/nabizadz/Projects/Mahsa/datasets/grid/test/s32/lwiu5n.mpg,118,268,1.705174207687378,0.6467654951704318
203,0,/home/nabizadz/Projects/Mahsa/datasets/grid/test/s32/swbs2s.mpg,47,197,1.1046220064163208,0.6621841889657498
203,1,/home/nabizadz/Projects/Mahsa/datasets/grid/test/s32/lbia1n.mpg,16,166,1.117071509361267,0.6082732028289979
203,2,/home/nabizadz/Projects/Mahsa/datasets/grid/test/s32/pwwoza.mpg,26,176,1.1773450374603271,0.745812365855058
203,3,/home/nabizadz/Projects/Mahsa/datasets/grid/test/s32/lgib9n.mpg,20,170,1.1868561506271362,0.5967544303815664
203,4,/home/nabizadz/Projects/Mahsa/datasets/grid/test/s32/lwwc7p.mpg,84,234,1.1288803815841675,0.6394432526629832
203,5,/home/nabizadz/Projects/Mahsa/datasets/grid/test/s32/bwby1p.mpg,95,245,1.1917438507080078,0.582647286591255
203,6,/home/nabizadz/Projects/Mahsa/datasets/grid/test/s32/pbir8s.mpg,54,204,1.0981935262680054,0.6011113420805618
203,7,/home/nabizadz/Projects/Mahsa/datasets/grid/test/s32/sgiz4s.mpg,13,163,1.1409515142440796,0.7059457784864102
203,8,/home/nabizadz/Projects/Mahsa/datasets/grid/test/s32/pwba7p.mpg,144,294,1.7847497463226318,0.6825977961139653
203,9,/home/nabizadz/Projects/Mahsa/datasets/grid/test/s32/pgat9n.mpg,137,287,1.6665499210357666,0.7511381706416886
203,10,/home/nabizadz/Projects/Mahsa/datasets/grid/test/s32/pbwm6s.mpg,98,248,1.2202907800674438,0.5701207015699858
203,11,/home/nabizadz/Projects/Mahsa/datasets/grid/test/s32/lwih7n.mpg,135,285,2.028942108154297,0.7344654113014969
203,12,/home/nabizadz/Projects/Mahsa/datasets/grid/test/s32/lrih3p.mpg,119,269,1.4887999296188354,0.6312115416116519
203,13,/home/nabizadz/Projects/Mahsa/datasets/grid/test/s32/sgbg1p.mpg,97,247,1.2147808074951172,0.5725893294122212
203,14,/home/nabizadz/Projects/Mahsa/datasets/grid/test/s32/sgaf6s.mpg,93,243,1.387826919555664,0.6530185614954646
203,15,/home/nabizadz/Projects/Mahsa/datasets/grid/test/s32/bbai5n.mpg,56,206,1.1457817554473877,0.5885536842220811
204,0,/home/nabizadz/Projects/Mahsa/datasets/grid/test/s32/srbl3p.mpg,90,240,1.282050609588623,0.6162049118406263
204,1,/home/nabizadz/Projects/Mahsa/datasets/grid/test/s32/lrwpza.mpg,24,174,1.1394928693771362,0.6568925743864865
204,2,/home/nabizadz/Projects/Mahsa/datasets/grid/test/s32/swbl9p.mpg,55,205,1.167325496673584,0.667031213867633
204,3,/home/nabizadz/Projects/Mahsa/datasets/grid/test/s32/pgbh5n.mpg,140,290,1.5526690483093262,0.7360342105282263
204,4,/home/nabizadz/Projects/Mahsa/datasets/grid/test/s32/pgin2s.mpg,108,258,1.3659090995788574,0.5416410972759402
204,5,/home/nabizadz/Projects/Mahsa/datasets/grid/test/s32/bwwe1n.mpg,48,198,1.0752841234207153,0.6358250418261229
204,6,/home/nabizadz/Projects/Mahsa/datasets/grid/test/s32/prwg7n.mpg,93,243,1.1387571096420288,0.6387641905809512
204,7,/home/nabizadz/Projects/Mahsa/datasets/grid/test/s32/sbwe6s.mpg,36,186,1.0815969705581665,0.6695937098960443
204,8,/home/nabizadz/Projects/Mahsa/datasets/grid/test/s32/sbbk6s.mpg,20,170,1.129209280014038,0.6553618850007297
204,9,/home/nabizadz/Projects/Mahsa/datasets/grid/test/s32/bwbk3p.mpg,98,248,1.2387776374816895,0.6259103553430436
204,10,/home/nabizadz/Projects/Mahsa/datasets/grid/test/s32/sbiq3p.mpg,110,260,1.4077900648117065,0.6772145214847345
204,11,/home/nabizadz/Projects/Mahsa/datasets/grid/test/s32/swir6a.mpg,63,213,1.081018328666687,0.6100093761663332
204,12,/home/nabizadz/Projects/Mahsa/datasets/grid/test/s32/srbz2a.mpg,135,285,1.7248964309692383,0.6928373846587013
204,13,/home/nabizadz/Projects/Mahsa/datasets/grid/test/s32/pbbf9p.mpg,148,298,1.9696784019470215,0.6595986103364729
204,14,/home/nabizadz/Projects/Mahsa/datasets/grid/test/s32/prwn3p.mpg,102,252,1.4164191484451294,0.44181415533582763
204,15,/home/nabizadz/Projects/Mahsa/datasets/grid/test/s32/lbwo4a.mpg,112,262,1.3311293125152588,0.6366423656007301
205,0,/home/nabizadz/Projects/Mahsa/datasets/grid/test/s32/lgwj5n.mpg,22,172,1.1179664134979248,0.6292896295491829
205,1,/home/nabizadz/Projects/Mahsa/datasets/grid/test/s32/bgwl2s.mpg,13,163,1.1527163982391357,0.6912843160184544
205,2,/home/nabizadz/Projects/Mahsa/datasets/grid/test/s32/pwaa2s.mpg,11,161,1.2243759632110596,0.6738337294366622
205,3,/home/nabizadz/Projects/Mahsa/datasets/grid/test/s32/bwaq3p.mpg,9,159,1.120345950126648,0.679434576498248
205,4,/home/nabizadz/Projects/Mahsa/datasets/grid/test/s32/lrbvza.mpg,133,283,1.999354600906372,0.7036478357439248
205,5,/home/nabizadz/Projects/Mahsa/datasets/grid/test/s32/swiy9p.mpg,95,245,1.3196852207183838,0.5999910680634152
205,6,/home/nabizadz/Projects/Mahsa/datasets/grid/test/s32/brbx5p.mpg,94,244,1.16668701171875,0.7362925239369872
205,7,/home/nabizadz/Projects/Mahsa/datasets/grid/test/s32/sgwg6a.mpg,145,295,1.4348152875900269,0.799272927739267
205,8,/home/nabizadz/Projects/Mahsa/datasets/grid/test/s32/bgwr6s.mpg,5,155,1.215465784072876,0.7123282709146128
205,9,/home/nabizadz/Projects/Mahsa/datasets/grid/test/s32/bwbk4a.mpg,83,233,1.251652479171753,0.6274412513491715
205,10,/home/nabizadz/Projects/Mahsa/datasets/grid/test/s32/pwwn9p.mpg,146,296,1.9172521829605103,0.6499247470573474
205,11,/home/nabizadz/Projects/Mahsa/datasets/grid/test/s32/pgah2s.mpg,2,152,1.1840903759002686,0.633826845994612
205,12,/home/nabizadz/Projects/Mahsa/datasets/grid/test/s32/srie2a.mpg,29,179,1.115994930267334,0.654296648771473
205,13,/home/nabizadz/Projects/Mahsa/datasets/grid/test/s32/pbwtzs.mpg,18,168,1.2113796472549438,0.7367029548003274
205,14,/home/nabizadz/Projects/Mahsa/datasets/grid/test/s32/lrab4a.mpg,126,276,1.6865745782852173,0.68728622651519
205,15,/home/nabizadz/Projects/Mahsa/datasets/grid/test/s32/srak8s.mpg,54,204,1.125319004058838,0.5856288598354752
206,0,/home/nabizadz/Projects/Mahsa/datasets/grid/test/s32/sbwl2a.mpg,125,275,1.5426441431045532,0.6307962311602789
206,1,/home/nabizadz/Projects/Mahsa/datasets/grid/test/s32/prba1p.mpg,95,245,1.2308558225631714,0.6648415306090062
206,2,/home/nabizadz/Projects/Mahsa/datasets/grid/test/s32/braxzs.mpg,30,180,1.1185237169265747,0.6431301022058621
206,3,/home/nabizadz/Projects/Mahsa/datasets/grid/test/s32/sriq7n.mpg,130,280,1.8380236625671387,0.689415510006452
206,4,/home/nabizadz/Projects/Mahsa/datasets/grid/test/s32/lgap4a.mpg,106,256,1.2673317193984985,0.6294130065775233
206,5,/home/nabizadz/Projects/Mahsa/datasets/grid/test/s32/pwat5p.mpg,105,255,1.2408463954925537,0.6128799399719628
206,6,/home/nabizadz/Projects/Mahsa/datasets/grid/test/s32/lbwh9p.mpg,10,160,1.1456226110458374,0.727910845903355
206,7,/home/nabizadz/Projects/Mahsa/datasets/grid/test/s32/lrih2s.mpg,108,258,1.214918851852417,0.6303290085104486
206,8,/home/nabizadz/Projects/Mahsa/datasets/grid/test/s32/bbwp9p.mpg,15,165,1.1047290563583374,0.65610366992372
206,9,/home/nabizadz/Projects/Mahsa/datasets/grid/test/s32/lbwiza.mpg,62,212,1.1406971216201782,0.599771909573177
206,10,/home/nabizadz/Projects/Mahsa/datasets/grid/test/s32/sbix8a.mpg,9,159,1.1351544857025146,0.6871233480627853
206,11,/home/nabizadz/Projects/Mahsa/datasets/grid/test/s32/bwwr1p.mpg,90,240,1.3272901773452759,0.5321971674997988
206,12,/home/nabizadz/Projects/Mahsa/datasets/grid/test/s32/brijza.mpg,7,157,1.198096752166748,0.7587896333921575
206,13,/home/nabizadz/Projects/Mahsa/datasets/grid/test/s32/prbg4s.mpg,114,264,1.397572636604309,0.5931181646419469
206,14,/home/nabizadz/Projects/Mahsa/datasets/grid/test/s32/prbm8s.mpg,52,202,1.0905097723007202,0.6761935023052841
206,15,/home/nabizadz/Projects/Mahsa/datasets/grid/test/s32/pgwb6s.mpg,77,227,1.185196042060852,0.6957293862218484
207,0,/home/nabizadz/Projects/Mahsa/datasets/grid/test/s32/bwax6s.mpg,150,300,1.5715842247009277,0.6396549813878624
207,1,/home/nabizadz/Projects/Mahsa/datasets/grid/test/s32/prwt7p.mpg,60,210,1.1717662811279297,0.6627567153881746
207,2,/home/nabizadz/Projects/Mahsa/datasets/grid/test/s32/bwaq2s.mpg,14,164,1.1297481060028076,0.6738681874566745
207,3,/home/nabizadz/Projects/Mahsa/datasets/grid/test/s32/swar8s.mpg,58,208,1.1310416460037231,0.6687297966381173
207,4,/home/nabizadz/Projects/Mahsa/datasets/grid/test/s32/pwag6s.mpg,6,156,1.166988730430603,0.7214678103877477
207,5,/home/nabizadz/Projects/Mahsa/datasets/grid/test/s32/bgad9n.mpg,148,298,2.0097434520721436,0.7190908386763559
207,6,/home/nabizadz/Projects/Mahsa/datasets/grid/test/s32/lgbxzs.mpg,107,257,1.1284734010696411,0.5838519254732427
207,7,/home/nabizadz/Projects/Mahsa/datasets/grid/test/s32/swbl8s.mpg,20,170,1.1483324766159058,0.6461209839824641
207,8,/home/nabizadz/Projects/Mahsa/datasets/grid/test/s32/lbbn7n.mpg,72,222,1.0998115539550781,0.6302643055489046
207,9,/home/nabizadz/Projects/Mahsa/datasets/grid/test/s32/swbf5p.mpg,109,259,1.2024071216583252,0.6387443783535329
207,10,/home/nabizadz/Projects/Mahsa/datasets/grid/test/s32/sgwg4s.mpg,137,287,1.5994688272476196,0.742162748654129
207,11,/home/nabizadz/Projects/Mahsa/datasets/grid/test/s32/prif7p.mpg,27,177,1.0836384296417236,0.6813176041664114
207,12,/home/nabizadz/Projects/Mahsa/datasets/grid/test/s32/sbwr3n.mpg,44,194,1.131373643875122,0.6342158924306555
207,13,/home/nabizadz/Projects/Mahsa/datasets/grid/test/s32/sbaq8a.mpg,54,204,1.1439694166183472,0.6602644018498981
207,14,/home/nabizadz/Projects/Mahsa/datasets/grid/test/s32/lwbi5n.mpg,0,150,1.1465651988983154,0.6855647538746754
207,15,/home/nabizadz/Projects/Mahsa/datasets/grid/test/s32/swir3n.mpg,34,184,1.1143195629119873,0.5340487788690148
208,0,/home/nabizadz/Projects/Mahsa/datasets/grid/test/s32/lwib6a.mpg,74,224,1.2147574424743652,0.6209251571412436
208,1,/home/nabizadz/Projects/Mahsa/datasets/grid/test/s32/lwio4a.mpg,38,188,1.0885003805160522,0.5914895364014277
208,2,/home/nabizadz/Projects/Mahsa/datasets/grid/test/s32/srbr6s.mpg,35,185,1.1534781455993652,0.6632037217217499
208,3,/home/nabizadz/Projects/Mahsa/datasets/grid/test/s32/bbbp3n.mpg,83,233,1.1416242122650146,0.640829876745824
208,4,/home/nabizadz/Projects/Mahsa/datasets/grid/test/s32/bwbeza.mpg,60,210,1.2161256074905396,0.5663267127083835
208,5,/home/nabizadz/Projects/Mahsa/datasets/grid/test/s32/lrbb7p.mpg,74,224,1.2535290718078613,0.6607688996936648
208,6,/home/nabizadz/Projects/Mahsa/datasets/grid/test/s32/pwbh1p.mpg,110,260,1.2560577392578125,0.5760254181431081
208,7,/home/nabizadz/Projects/Mahsa/datasets/grid/test/s32/lgwj7p.mpg,96,246,1.1521333456039429,0.5930245071926408
208,8,/home/nabizadz/Projects/Mahsa/datasets/grid/test/s32/srwl6s.mpg,134,284,1.3193767070770264,0.7005053139712911
208,9,/home/nabizadz/Projects/Mahsa/datasets/grid/test/s32/prwa6a.mpg,93,243,1.3001270294189453,0.6232487244768947
208,10,/home/nabizadz/Projects/Mahsa/datasets/grid/test/s32/lrbb5n.mpg,139,289,1.466604471206665,0.7179818584015433
208,11,/home/nabizadz/Projects/Mahsa/datasets/grid/test/s32/bgix8s.mpg,80,230,1.1171252727508545,0.6975076716222293
208,12,/home/nabizadz/Projects/Mahsa/datasets/grid/test/s32/bric3n.mpg,35,185,1.0906232595443726,0.7126727982069315
208,13,/home/nabizadz/Projects/Mahsa/datasets/grid/test/s32/bwiqza.mpg,122,272,1.3862318992614746,0.7005663747276029
208,14,/home/nabizadz/Projects/Mahsa/datasets/grid/test/s32/bgiq6a.mpg,89,239,1.2494462728500366,0.625225891802923
208,15,/home/nabizadz/Projects/Mahsa/datasets/grid/test/s32/sgil5n.mpg,28,178,1.1252505779266357,0.6036767759129571
209,0,/home/nabizadz/Projects/Mahsa/datasets/grid/test/s32/braj4a.mpg,84,234,1.1953163146972656,0.671861700344161
209,1,/home/nabizadz/Projects/Mahsa/datasets/grid/test/s32/bbio8a.mpg,87,237,1.3643403053283691,0.6371950088684863
209,2,/home/nabizadz/Projects/Mahsa/datasets/grid/test/s32/lrah6s.mpg,138,288,1.5115396976470947,0.7143801762099923
209,3,/home/nabizadz/Projects/Mahsa/datasets/grid/test/s32/pwat4s.mpg,143,293,1.9469470977783203,0.6935057617978068
209,4,/home/nabizadz/Projects/Mahsa/datasets/grid/test/s32/lbig6s.mpg,24,174,1.1626402139663696,0.6394630058929656
209,5,/home/nabizadz/Projects/Mahsa/datasets/grid/test/s32/bgbe5p.mpg,109,259,1.1607052087783813,0.6490185060158346
209,6,/home/nabizadz/Projects/Mahsa/datasets/grid/test/s32/sbad9p.mpg,106,256,1.2883944511413574,0.53031774312058
209,7,/home/nabizadz/Projects/Mahsa/datasets/grid/test/s32/bgay1n.mpg,90,240,1.2707703113555908,0.6168485739443609
209,8,/home/nabizadz/Projects/Mahsa/datasets/grid/test/s32/lwio2s.mpg,4,154,1.1640526056289673,0.7070207114430894
209,9,/home/nabizadz/Projects/Mahsa/datasets/grid/test/s32/bwbk1n.mpg,30,180,1.1009769439697266,0.6964489703719515
209,10,/home/nabizadz/Projects/Mahsa/datasets/grid/test/s32/lgio8s.mpg,106,256,1.2198917865753174,0.5806759643694691
209,11,/home/nabizadz/Projects/Mahsa/datasets/grid/test/s32/bbai7p.mpg,65,215,1.0823465585708618,0.5945999507534461
209,12,/home/nabizadz/Projects/Mahsa/datasets/grid/test/s32/prbm9p.mpg,52,202,1.1145942211151123,0.5874156852139322
209,13,/home/nabizadz/Projects/Mahsa/datasets/grid/test/s32/lbbb2a.mpg,107,257,1.106665849685669,0.6019989217301455
209,14,/home/nabizadz/Projects/Mahsa/datasets/grid/test/s32/sbid3n.mpg,99,249,1.2485289573669434,0.6561794357788016
209,15,/home/nabizadz/Projects/Mahsa/datasets/grid/test/s32/swbz5n.mpg,19,169,1.1495014429092407,0.7385198524018782
210,0,/home/nabizadz/Projects/Mahsa/datasets/grid/test/s32/lria9p.mpg,136,286,1.5212938785552979,0.6165972550904599
210,1,/home/nabizadz/Projects/Mahsa/datasets/grid/test/s32/sgaz7n.mpg,138,288,1.3075807094573975,0.7522406883637397
210,2,/home/nabizadz/Projects/Mahsa/datasets/grid/test/s32/sgaz8s.mpg,125,275,1.4135792255401611,0.6797751776270958
210,3,/home/nabizadz/Projects/Mahsa/datasets/grid/test/s32/sbbe3p.mpg,112,262,1.4314078092575073,0.5990897263463296
210,4,/home/nabizadz/Projects/Mahsa/datasets/grid/test/s32/bradza.mpg,150,300,1.3486976623535156,0.7807801631296516
210,5,/home/nabizadz/Projects/Mahsa/datasets/grid/test/s32/bbav3n.mpg,103,253,1.2256066799163818,0.6724913557432388
210,6,/home/nabizadz/Projects/Mahsa/datasets/grid/test/s32/prba2a.mpg,142,292,2.3949122428894043,0.676055406265834
210,7,/home/nabizadz/Projects/Mahsa/datasets/grid/test/s32/pwbn6a.mpg,125,275,1.5005041360855103,0.6638952109970209
210,8,/home/nabizadz/Projects/Mahsa/datasets/grid/test/s32/prbt1n.mpg,127,277,1.508404016494751,0.6130049197910885
210,9,/home/nabizadz/Projects/Mahsa/datasets/grid/test/s32/lrwv1n.mpg,23,173,1.0942654609680176,0.6626209517847973
210,10,/home/nabizadz/Projects/Mahsa/datasets/grid/test/s32/pgbb1n.mpg,18,168,1.1544873714447021,0.7143248596955719
210,11,/home/nabizadz/Projects/Mahsa/datasets/grid/test/s32/srar3p.mpg,108,258,1.2647120952606201,0.5373260699937111
210,12,/home/nabizadz/Projects/Mahsa/datasets/grid/test/s32/lrwo7n.mpg,128,278,1.4508156776428223,0.6694796412572678
210,13,/home/nabizadz/Projects/Mahsa/datasets/grid/test/s32/bwij6a.mpg,53,203,1.0969483852386475,0.6878460811219954
210,14,/home/nabizadz/Projects/Mahsa/datasets/grid/test/s32/pbws9n.mpg,48,198,1.09410560131073,0.6360386446084731
210,15,/home/nabizadz/Projects/Mahsa/datasets/grid/test/s32/bbwdzs.mpg,105,255,1.1510748863220215,0.6436019513123169
211,0,/home/nabizadz/Projects/Mahsa/datasets/grid/test/s32/bgblza.mpg,85,235,1.1719871759414673,0.6319947877962732
211,1,/home/nabizadz/Projects/Mahsa/datasets/grid/test/s32/lrao1p.mpg,73,223,1.1403324604034424,0.5535502412042846
211,2,/home/nabizadz/Projects/Mahsa/datasets/grid/test/s32/bbai8a.mpg,59,209,1.1291494369506836,0.6442449616516692
211,3,/home/nabizadz/Projects/Mahsa/datasets/grid/test/s32/swbz6s.mpg,27,177,1.0945165157318115,0.7073301447621599
211,4,/home/nabizadz/Projects/Mahsa/datasets/grid/test/s32/swaz1n.mpg,1,151,1.1641724109649658,0.5973817075688421
211,5,/home/nabizadz/Projects/Mahsa/datasets/grid/test/s32/swws8a.mpg,88,238,1.2028820514678955,0.6340080393451779
211,6,/home/nabizadz/Projects/Mahsa/datasets/grid/test/s32/pwbt7n.mpg,140,290,1.6672651767730713,0.7058685568823105
211,7,/home/nabizadz/Projects/Mahsa/datasets/grid/test/s32/pwbt8s.mpg,27,177,1.0648142099380493,0.6459751406854659
211,8,/home/nabizadz/Projects/Mahsa/datasets/grid/test/s32/brwk2a.mpg,101,251,1.1391369104385376,0.6480143435782708
211,9,/home/nabizadz/Projects/Mahsa/datasets/grid/test/s32/lban6a.mpg,99,249,1.278489351272583,0.6436437484585961
211,10,/home/nabizadz/Projects/Mahsa/datasets/grid/test/s32/pgaa7n.mpg,150,300,1.8602569103240967,0.6708283098949702
211,11,/home/nabizadz/Projects/Mahsa/datasets/grid/test/s32/lgap1n.mpg,94,244,1.2175698280334473,0.6614207558464194
211,12,/home/nabizadz/Projects/Mahsa/datasets/grid/test/s32/pgbu5p.mpg,130,280,1.2271621227264404,0.6334414006035315
211,13,/home/nabizadz/Projects/Mahsa/datasets/grid/test/s32/lgav5n.mpg,101,251,1.204369306564331,0.6538907062601687
211,14,/home/nabizadz/Projects/Mahsa/datasets/grid/test/s32/sgis1p.mpg,48,198,1.1021956205368042,0.6817688154382443
211,15,/home/nabizadz/Projects/Mahsa/datasets/grid/test/s32/lrwi5p.mpg,125,275,1.4605720043182373,0.6309244085897897
212,0,/home/nabizadz/Projects/Mahsa/datasets/grid/test/s32/pgaa8s.mpg,72,222,1.1606160402297974,0.6689689449470905
212,1,/home/nabizadz/Projects/Mahsa/datasets/grid/test/s32/bric5p.mpg,57,207,1.0971897840499878,0.6139201069199133
212,2,/home/nabizadz/Projects/Mahsa/datasets/grid/test/s32/bwby2a.mpg,7,157,1.108705997467041,0.7037446424028951
212,3,/home/nabizadz/Projects/Mahsa/datasets/grid/test/s32/bgiyza.mpg,94,244,1.1626439094543457,0.5744894110429208
212,4,/home/nabizadz/Projects/Mahsa/datasets/grid/test/s32/lriuzs.mpg,47,197,1.0922809839248657,0.6422664700015756
212,5,/home/nabizadz/Projects/Mahsa/datasets/grid/test/s32/lbah2a.mpg,15,165,1.1441885232925415,0.7434694510366381
212,6,/home/nabizadz/Projects/Mahsa/datasets/grid/test/s32/bgbr4a.mpg,139,289,2.0195932388305664,0.6156481757775505
212,7,/home/nabizadz/Projects/Mahsa/datasets/grid/test/s32/swizza.mpg,76,226,1.1399420499801636,0.611248914474372
212,8,/home/nabizadz/Projects/Mahsa/datasets/grid/test/s32/lbba9n.mpg,21,171,1.138861894607544,0.6686908514385717
212,9,/home/nabizadz/Projects/Mahsa/datasets/grid/test/s32/lbwb6a.mpg,31,181,1.1324130296707153,0.6485730018189103
212,10,/home/nabizadz/Projects/Mahsa/datasets/grid/test/s32/sgwa1p.mpg,146,296,2.1405231952667236,0.653553308852641
212,11,/home/nabizadz/Projects/Mahsa/datasets/grid/test/s32/lgbx2a.mpg,86,236,1.2091212272644043,0.6747555145338769
212,12,/home/nabizadz/Projects/Mahsa/datasets/grid/test/s32/lgbv9n.mpg,148,298,1.5247893333435059,0.6455233102849248
212,13,/home/nabizadz/Projects/Mahsa/datasets/grid/test/s32/lbit3n.mpg,144,294,1.7511205673217773,0.7598711768219211
212,14,/home/nabizadz/Projects/Mahsa/datasets/grid/test/s32/lrab3p.mpg,104,254,1.3851685523986816,0.5458516523339663
212,15,/home/nabizadz/Projects/Mahsa/datasets/grid/test/s32/bwic9n.mpg,64,214,1.099129319190979,0.6905991150642605
213,0,/home/nabizadz/Projects/Mahsa/datasets/grid/test/s32/bwaq4a.mpg,44,194,1.098776936531067,0.625855044026087
213,1,/home/nabizadz/Projects/Mahsa/datasets/grid/test/s32/prwn2s.mpg,41,191,1.0906373262405396,0.6208932974686576
213,2,/home/nabizadz/Projects/Mahsa/datasets/grid/test/s32/bbii1n.mpg,57,207,1.1227684020996094,0.7126730986226322
213,3,/home/nabizadz/Projects/Mahsa/datasets/grid/test/s32/pgig7n.mpg,138,288,1.9541146755218506,0.7096056337670434
213,4,/home/nabizadz/Projects/Mahsa/datasets/grid/test/s32/pgwh9n.mpg,55,205,1.1139250993728638,0.66150848032829
213,5,/home/nabizadz/Projects/Mahsa/datasets/grid/test/s32/pram4s.mpg,63,213,1.138817310333252,0.6635781001333888
213,6,/home/nabizadz/Projects/Mahsa/datasets/grid/test/s32/swik9n.mpg,77,227,1.2095284461975098,0.5361208223370759
213,7,/home/nabizadz/Projects/Mahsa/datasets/grid/test/s32/sbiq4a.mpg,114,264,1.6550850868225098,0.6421529621777589
213,8,/home/nabizadz/Projects/Mahsa/datasets/grid/test/s32/brbx3n.mpg,42,192,1.075031042098999,0.6757060825106695
213,9,/home/nabizadz/Projects/Mahsa/datasets/grid/test/s32/swwf9p.mpg,14,164,1.113364577293396,0.6448154752994131
213,10,/home/nabizadz/Projects/Mahsa/datasets/grid/test/s32/bgae2a.mpg,31,181,1.168668270111084,0.5329744006728762
213,11,/home/nabizadz/Projects/Mahsa/datasets/grid/test/s32/bbav4s.mpg,8,158,1.2983065843582153,0.7569354706772514
213,12,/home/nabizadz/Projects/Mahsa/datasets/grid/test/s32/pgbo1p.mpg,71,221,1.0915883779525757,0.5706283105050922
213,13,/home/nabizadz/Projects/Mahsa/datasets/grid/test/s32/srws1p.mpg,6,156,1.1295783519744873,0.6032363478634081
213,14,/home/nabizadz/Projects/Mahsa/datasets/grid/test/s32/lwwv9p.mpg,0,150,1.1139887571334839,0.7571481215751793
213,15,/home/nabizadz/Projects/Mahsa/datasets/grid/test/s32/lwau9n.mpg,92,242,1.262876272201538,0.5782675373679698
214,0,/home/nabizadz/Projects/Mahsa/datasets/grid/test/s32/swwf8s.mpg,60,210,1.142433524131775,0.6209688810484618
214,1,/home/nabizadz/Projects/Mahsa/datasets/grid/test/s32/sgam1p.mpg,111,261,1.5064494609832764,0.5479516958128303
214,2,/home/nabizadz/Projects/Mahsa/datasets/grid/test/s32/brax1p.mpg,24,174,1.1225827932357788,0.6806330326908058
214,3,/home/nabizadz/Projects/Mahsa/datasets/grid/test/s32/bbii2s.mpg,62,212,1.1062023639678955,0.6723227930010217
214,4,/home/nabizadz/Projects/Mahsa/datasets/grid/test/s32/pril9n.mpg,115,265,1.380739450454712,0.5986920190677876
214,5,/home/nabizadz/Projects/Mahsa/datasets/grid/test/s32/srbr8a.mpg,120,270,1.740655779838562,0.5868387977905166
214,6,/home/nabizadz/Projects/Mahsa/datasets/grid/test/s32/bgay4a.mpg,111,261,1.2331335544586182,0.7273876715133294
214,7,/home/nabizadz/Projects/Mahsa/datasets/grid/test/s32/swbs4a.mpg,29,179,1.1200789213180542,0.6558253429702496
214,8,/home/nabizadz/Projects/Mahsa/datasets/grid/test/s32/swie7p.mpg,84,234,1.1385754346847534,0.6145187338483808
214,9,/home/nabizadz/Projects/Mahsa/datasets/grid/test/s32/lwai1n.mpg,74,224,1.277146339416504,0.6539952464768658
214,10,/home/nabizadz/Projects/Mahsa/datasets/grid/test/s32/srwszs.mpg,39,189,1.1444000005722046,0.6686540719155271
214,11,/home/nabizadz/Projects/Mahsa/datasets/grid/test/s32/pwig3p.mpg,48,198,1.0948870182037354,0.6667126738215832
214,12,/home/nabizadz/Projects/Mahsa/datasets/grid/test/s32/pgia6a.mpg,79,229,1.161198377609253,0.655508863129302
214,13,/home/nabizadz/Projects/Mahsa/datasets/grid/test/s32/sgiz3n.mpg,11,161,1.183433175086975,0.7172754106412356
214,14,/home/nabizadz/Projects/Mahsa/datasets/grid/test/s32/lgap3p.mpg,90,240,1.2151511907577515,0.6247819745445172
214,15,/home/nabizadz/Projects/Mahsa/datasets/grid/test/s32/pgin4a.mpg,70,220,1.128455400466919,0.6537011711770676
215,0,/home/nabizadz/Projects/Mahsa/datasets/grid/test/s32/sgbm5p.mpg,10,160,1.1517003774642944,0.6238158832577834
215,1,/home/nabizadz/Projects/Mahsa/datasets/grid/test/s32/bbiv2a.mpg,52,202,1.1088141202926636,0.6516522805556939
215,2,/home/nabizadz/Projects/Mahsa/datasets/grid/test/s32/pgwb7p.mpg,61,211,1.0727800130844116,0.7186961459918086
215,3,/home/nabizadz/Projects/Mahsa/datasets/grid/test/s32/lrab1n.mpg,139,289,1.8173896074295044,0.5555494393478954
215,4,/home/nabizadz/Projects/Mahsa/datasets/grid/test/s32/pgbu4s.mpg,77,227,1.1561990976333618,0.6752627103573454
215,5,/home/nabizadz/Projects/Mahsa/datasets/grid/test/s32/srik5p.mpg,133,283,1.3384344577789307,0.7287016381604251
215,6,/home/nabizadz/Projects/Mahsa/datasets/grid/test/s32/pbas1n.mpg,118,268,1.2913914918899536,0.5742799482161716
215,7,/home/nabizadz/Projects/Mahsa/datasets/grid/test/s32/lwih9p.mpg,135,285,1.7268147468566895,0.627406051536096
215,8,/home/nabizadz/Projects/Mahsa/datasets/grid/test/s32/briv8a.mpg,68,218,1.1516697406768799,0.5552860541379803
215,9,/home/nabizadz/Projects/Mahsa/datasets/grid/test/s32/lbwb3n.mpg,128,278,1.7591285705566406,0.6884162523516733
215,10,/home/nabizadz/Projects/Mahsa/datasets/grid/test/s32/brbp9n.mpg,33,183,1.1307352781295776,0.6627390377486372
215,11,/home/nabizadz/Projects/Mahsa/datasets/grid/test/s32/pwit2a.mpg,137,287,1.7883248329162598,0.6954268658596234
215,12,/home/nabizadz/Projects/Mahsa/datasets/grid/test/s32/lbbh4s.mpg,98,248,1.235147476196289,0.6751752295556781
215,13,/home/nabizadz/Projects/Mahsa/datasets/grid/test/s32/bbwj3n.mpg,20,170,1.1325032711029053,0.6901920702502702
215,14,/home/nabizadz/Projects/Mahsa/datasets/grid/test/s32/lbaa5n.mpg,83,233,1.1617460250854492,0.6522760836916834
215,15,/home/nabizadz/Projects/Mahsa/datasets/grid/test/s32/lwbi6s.mpg,100,250,1.2073696851730347,0.6121516078242633
216,0,/home/nabizadz/Projects/Mahsa/datasets/grid/test/s32/lbia3p.mpg,49,199,1.0929518938064575,0.5979512200849006
216,1,/home/nabizadz/Projects/Mahsa/datasets/grid/test/s32/lgii4s.mpg,103,253,1.3682619333267212,0.5922801147674032
216,2,/home/nabizadz/Projects/Mahsa/datasets/grid/test/s32/sbaq6s.mpg,63,213,1.132948875427246,0.7665500369386383
216,3,/home/nabizadz/Projects/Mahsa/datasets/grid/test/s32/braj2s.mpg,46,196,1.0836093425750732,0.6570962740523851
216,4,/home/nabizadz/Projects/Mahsa/datasets/grid/test/s32/pbil6a.mpg,111,261,1.6341171264648438,0.6735168619754806
216,5,/home/nabizadz/Projects/Mahsa/datasets/grid/test/s32/lbah1p.mpg,10,160,1.1109328269958496,0.6930139126391671
216,6,/home/nabizadz/Projects/Mahsa/datasets/grid/test/s32/priz7n.mpg,43,193,1.0781399011611938,0.7078029138099456
216,7,/home/nabizadz/Projects/Mahsa/datasets/grid/test/s32/pwag8a.mpg,52,202,1.106921911239624,0.606160822508902
216,8,/home/nabizadz/Projects/Mahsa/datasets/grid/test/s32/lgbp6s.mpg,27,177,1.1369223594665527,0.6172618213724618
216,9,/home/nabizadz/Projects/Mahsa/datasets/grid/test/s32/brwd6s.mpg,65,215,1.0865135192871094,0.6310610837547467
216,10,/home/nabizadz/Projects/Mahsa/datasets/grid/test/s32/lgwx6a.mpg,48,198,1.0707385540008545,0.5092099604364823
216,11,/home/nabizadz/Projects/Mahsa/datasets/grid/test/s32/swal5p.mpg,73,223,1.1429505348205566,0.6860091806956095
216,12,/home/nabizadz/Projects/Mahsa/datasets/grid/test/s32/pbiz4a.mpg,3,153,1.1929320096969604,0.6764688073139218
216,13,/home/nabizadz/Projects/Mahsa/datasets/grid/test/s32/prif8a.mpg,16,166,1.19523024559021,0.6495661252038664
216,14,/home/nabizadz/Projects/Mahsa/datasets/grid/test/s32/sgiz5p.mpg,16,166,1.1761161088943481,0.6378999570520503
216,15,/home/nabizadz/Projects/Mahsa/datasets/grid/test/s32/brwk1p.mpg,32,182,1.1770737171173096,0.6054122466546851
217,0,/home/nabizadz/Projects/Mahsa/datasets/grid/test/s32/prbg6a.mpg,143,293,1.5232182741165161,0.6955522326093002
217,1,/home/nabizadz/Projects/Mahsa/datasets/grid/test/s32/brac8s.mpg,102,252,1.4361517429351807,0.4577179115563447
217,2,/home/nabizadz/Projects/Mahsa/datasets/grid/test/s32/pbbm3p.mpg,96,246,1.119978666305542,0.5928050824349578
217,3,/home/nabizadz/Projects/Mahsa/datasets/grid/test/s32/bwwr2a.mpg,122,272,1.3772029876708984,0.63183121587046
217,4,/home/nabizadz/Projects/Mahsa/datasets/grid/test/s32/lbat8s.mpg,101,251,1.1821517944335938,0.6114831959583177
217,5,/home/nabizadz/Projects/Mahsa/datasets/grid/test/s32/priz8s.mpg,54,204,1.0703107118606567,0.6542029837685231
217,6,/home/nabizadz/Projects/Mahsa/datasets/grid/test/s32/pwbn3n.mpg,123,273,1.4343321323394775,0.6467324986929539
217,7,/home/nabizadz/Projects/Mahsa/datasets/grid/test/s32/sbby4s.mpg,123,273,1.407960057258606,0.6393155236326085
217,8,/home/nabizadz/Projects/Mahsa/datasets/grid/test/s32/braj3p.mpg,7,157,1.1494345664978027,0.7092608260171243
217,9,/home/nabizadz/Projects/Mahsa/datasets/grid/test/s32/bwid2a.mpg,98,248,1.4550251960754395,0.6013494089729534
217,10,/home/nabizadz/Projects/Mahsa/datasets/grid/test/s32/pwwu1n.mpg,43,193,1.0955307483673096,0.5152497483757981
217,11,/home/nabizadz/Projects/Mahsa/datasets/grid/test/s32/lrwi3n.mpg,51,201,1.0946389436721802,0.6612718765374433
217,12,/home/nabizadz/Projects/Mahsa/datasets/grid/test/s32/bgwr8a.mpg,57,207,1.0921812057495117,0.6912597994861914
217,13,/home/nabizadz/Projects/Mahsa/datasets/grid/test/s32/pwig2s.mpg,65,215,1.126038908958435,0.6272576196770857
217,14,/home/nabizadz/Projects/Mahsa/datasets/grid/test/s32/lgbp5n.mpg,80,230,1.1885621547698975,0.686145102080407
217,15,/home/nabizadz/Projects/Mahsa/datasets/grid/test/s32/bgwy9n.mpg,93,243,1.1912000179290771,0.5911705500202491
218,0,/home/nabizadz/Projects/Mahsa/datasets/grid/test/s32/pgin1n.mpg,107,257,1.3627402782440186,0.508775523748716
218,1,/home/nabizadz/Projects/Mahsa/datasets/grid/test/s32/bbbv7n.mpg,22,172,1.1100304126739502,0.6814552327127307
218,2,/home/nabizadz/Projects/Mahsa/datasets/grid/test/s32/pgihza.mpg,46,196,1.1578073501586914,0.6705433327380051
218,3,/home/nabizadz/Projects/Mahsa/datasets/grid/test/s32/bwbd9p.mpg,69,219,1.1254057884216309,0.6083951079702902
218,4,/home/nabizadz/Projects/Mahsa/datasets/grid/test/s32/pwbuza.mpg,110,260,1.2655646800994873,0.6143344653395575
218,5,/home/nabizadz/Projects/Mahsa/datasets/grid/test/s32/pwaa4a.mpg,114,264,1.4685789346694946,0.6118909882291501
218,6,/home/nabizadz/Projects/Mahsa/datasets/grid/test/s32/prag1p.mpg,68,218,1.1349214315414429,0.654895723259783
218,7,/home/nabizadz/Projects/Mahsa/datasets/grid/test/s32/swal3n.mpg,62,212,1.090059518814087,0.5298289657956882
218,8,/home/nabizadz/Projects/Mahsa/datasets/grid/test/s32/pwbt9p.mpg,20,170,1.1080044507980347,0.7136122775861607
218,9,/home/nabizadz/Projects/Mahsa/datasets/grid/test/s32/bwax8a.mpg,147,297,1.826195240020752,0.7462325416954344
218,10,/home/nabizadz/Projects/Mahsa/datasets/grid/test/s32/srak9p.mpg,47,197,1.110674262046814,0.6980802047991158
218,11,/home/nabizadz/Projects/Mahsa/datasets/grid/test/s32/bgaq7n.mpg,137,287,1.4317936897277832,0.784227045050526
218,12,/home/nabizadz/Projects/Mahsa/datasets/grid/test/s32/swie6s.mpg,122,272,1.418497920036316,0.619483705081671
218,13,/home/nabizadz/Projects/Mahsa/datasets/grid/test/s32/sgbtza.mpg,41,191,1.088929295539856,0.5764716200001156
218,14,/home/nabizadz/Projects/Mahsa/datasets/grid/test/s32/sbix7p.mpg,83,233,1.2222405672073364,0.5627267093154539
218,15,/home/nabizadz/Projects/Mahsa/datasets/grid/test/s32/lrwi4s.mpg,91,241,1.2448627948760986,0.6674272857441271
219,0,/home/nabizadz/Projects/Mahsa/datasets/grid/test/s32/lwiu7p.mpg,95,245,1.4262545108795166,0.6202376253191283
219,1,/home/nabizadz/Projects/Mahsa/datasets/grid/test/s32/bgiq5p.mpg,60,210,1.1194218397140503,0.6324729742840196
219,2,/home/nabizadz/Projects/Mahsa/datasets/grid/test/s32/lgiv4a.mpg,42,192,1.0867180824279785,0.6545749194172162
219,3,/home/nabizadz/Projects/Mahsa/datasets/grid/test/s32/prbt3p.mpg,50,200,1.0692423582077026,0.6341733736631375
219,4,/home/nabizadz/Projects/Mahsa/datasets/grid/test/s32/swbs1n.mpg,11,161,1.1534531116485596,0.6312857708982547
219,5,/home/nabizadz/Projects/Mahsa/datasets/grid/test/s32/pwba8a.mpg,38,188,1.1368732452392578,0.5896241961865678
219,6,/home/nabizadz/Projects/Mahsa/datasets/grid/test/s32/bbicza.mpg,93,243,1.1149487495422363,0.6000152658219933
219,7,/home/nabizadz/Projects/Mahsa/datasets/grid/test/s32/pgbu6a.mpg,61,211,1.152401089668274,0.6549059611599085
219,8,/home/nabizadz/Projects/Mahsa/datasets/grid/test/s32/sgbgzs.mpg,103,253,1.1971406936645508,0.6245801594566817
219,9,/home/nabizadz/Projects/Mahsa/datasets/grid/test/s32/pbal9p.mpg,0,150,1.1861943006515503,0.729835888626603
219,10,/home/nabizadz/Projects/Mahsa/datasets/grid/test/s32/sgam2a.mpg,139,289,1.9046299457550049,0.6821877773183476
219,11,/home/nabizadz/Projects/Mahsa/datasets/grid/test/s32/lgii5p.mpg,115,265,1.2756770849227905,0.6326255352137866
219,12,/home/nabizadz/Projects/Mahsa/datasets/grid/test/s32/sbwr6a.mpg,67,217,1.122897744178772,0.7122478879787669
219,13,/home/nabizadz/Projects/Mahsa/datasets/grid/test/s32/lbwo2s.mpg,0,150,1.230406641960144,0.7035388455430011
219,14,/home/nabizadz/Projects/Mahsa/datasets/grid/test/s32/bbac3p.mpg,144,294,1.662766933441162,0.6696998851271817
219,15,/home/nabizadz/Projects/Mahsa/datasets/grid/test/s32/swie5n.mpg,44,194,1.106674075126648,0.6299192015070185
220,0,/home/nabizadz/Projects/Mahsa/datasets/grid/test/s32/bgid5n.mpg,150,300,1.8405234813690186,0.8227203230892726
220,1,/home/nabizadz/Projects/Mahsa/datasets/grid/test/s32/lrwi6a.mpg,37,187,1.0795038938522339,0.6880017759979105
220,2,/home/nabizadz/Projects/Mahsa/datasets/grid/test/s32/sgas3n.mpg,140,290,1.4442944526672363,0.6900302925459413
220,3,/home/nabizadz/Projects/Mahsa/datasets/grid/test/s32/brwx9p.mpg,138,288,2.0815184116363525,0.6579334765780137
220,4,/home/nabizadz/Projects/Mahsa/datasets/grid/test/s32/bwix2s.mpg,93,243,1.2482961416244507,0.6890363923237963
220,5,/home/nabizadz/Projects/Mahsa/datasets/grid/test/s32/bwaq1n.mpg,6,156,1.1646034717559814,0.7343523097419073
220,6,/home/nabizadz/Projects/Mahsa/datasets/grid/test/s32/lrwo8s.mpg,128,278,1.4938666820526123,0.6897050549401854
220,7,/home/nabizadz/Projects/Mahsa/datasets/grid/test/s32/lgbj1n.mpg,122,272,1.5711252689361572,0.6505176829474351
220,8,/home/nabizadz/Projects/Mahsa/datasets/grid/test/s32/pgwo4s.mpg,144,294,1.6287386417388916,0.776579566088987
220,9,/home/nabizadz/Projects/Mahsa/datasets/grid/test/s32/srbzzs.mpg,61,211,1.1050339937210083,0.6966153612352766
220,10,/home/nabizadz/Projects/Mahsa/datasets/grid/test/s32/prbt4a.mpg,41,191,1.1019713878631592,0.6954036504796761
220,11,/home/nabizadz/Projects/Mahsa/datasets/grid/test/s32/sgwm7n.mpg,149,299,1.5989391803741455,0.7778610018142166
220,12,/home/nabizadz/Projects/Mahsa/datasets/grid/test/s32/bbbv8s.mpg,136,286,1.3687855005264282,0.6438149470745635
220,13,/home/nabizadz/Projects/Mahsa/datasets/grid/test/s32/pgwu8s.mpg,31,181,1.0978405475616455,0.6305128991532478
220,14,/home/nabizadz/Projects/Mahsa/datasets/grid/test/s32/lgwq2a.mpg,31,181,1.0872246026992798,0.7000278685501927
220,15,/home/nabizadz/Projects/Mahsa/datasets/grid/test/s32/lbwh7n.mpg,60,210,1.1179083585739136,0.6704602054389096
221,0,/home/nabizadz/Projects/Mahsa/datasets/grid/test/s32/lwih8s.mpg,74,224,1.1162855625152588,0.6752008056310832
221,1,/home/nabizadz/Projects/Mahsa/datasets/grid/test/s32/bbib9p.mpg,150,300,1.8708760738372803,0.709801572421357
221,2,/home/nabizadz/Projects/Mahsa/datasets/grid/test/s32/sgbg2a.mpg,118,268,1.1812846660614014,0.613196635553196
221,3,/home/nabizadz/Projects/Mahsa/datasets/grid/test/s32/pgah3p.mpg,75,225,1.1903008222579956,0.6418839324437096
221,4,/home/nabizadz/Projects/Mahsa/datasets/grid/test/s32/pragzs.mpg,69,219,1.1596426963806152,0.6801125020447446
221,5,/home/nabizadz/Projects/Mahsa/datasets/grid/test/s32/lrih1n.mpg,137,287,1.497256875038147,0.6668087433681921
221,6,/home/nabizadz/Projects/Mahsa/datasets/grid/test/s32/sgaf7p.mpg,36,186,1.0831778049468994,0.5677046417966222
221,7,/home/nabizadz/Projects/Mahsa/datasets/grid/test/s32/bwaj9p.mpg,111,261,1.38913094997406,0.6005465891961006
221,8,/home/nabizadz/Projects/Mahsa/datasets/grid/test/s32/sgwt3p.mpg,45,195,1.1439086198806763,0.6985956686346733
221,9,/home/nabizadz/Projects/Mahsa/datasets/grid/test/s32/srbl2s.mpg,83,233,1.2313401699066162,0.6055671991402122
221,10,/home/nabizadz/Projects/Mahsa/datasets/grid/test/s32/pbif2a.mpg,72,222,1.1946929693222046,0.6656210983757889
221,11,/home/nabizadz/Projects/Mahsa/datasets/grid/test/s32/prbnza.mpg,73,223,1.1009879112243652,0.6146594591179949
221,12,/home/nabizadz/Projects/Mahsa/datasets/grid/test/s32/lbia2s.mpg,14,164,1.1640669107437134,0.70239205330328
221,13,/home/nabizadz/Projects/Mahsa/datasets/grid/test/s32/pgan6s.mpg,36,186,1.163940668106079,0.6452711015706688
221,14,/home/nabizadz/Projects/Mahsa/datasets/grid/test/s32/pbal7n.mpg,99,249,1.1901917457580566,0.613846980776224
221,15,/home/nabizadz/Projects/Mahsa/datasets/grid/test/s32/pras8s.mpg,71,221,1.1402323246002197,0.6630437821017604
222,0,/home/nabizadz/Projects/Mahsa/datasets/grid/test/s32/lwwp6a.mpg,69,219,1.1107676029205322,0.629191793531432
222,1,/home/nabizadz/Projects/Mahsa/datasets/grid/test/s32/lwbc1n.mpg,26,176,1.1241360902786255,0.6649563314319548
222,2,/home/nabizadz/Projects/Mahsa/datasets/grid/test/s32/prwg8s.mpg,12,162,1.1346817016601562,0.7725461938898355
222,3,/home/nabizadz/Projects/Mahsa/datasets/grid/test/s32/bgix9p.mpg,117,267,1.2464450597763062,0.591915314082408
222,4,/home/nabizadz/Projects/Mahsa/datasets/grid/test/s32/bgid8a.mpg,116,266,1.4088571071624756,0.6056558423996127
222,5,/home/nabizadz/Projects/Mahsa/datasets/grid/test/s32/srae6a.mpg,132,282,1.4823347330093384,0.7187828724189117
222,6,/home/nabizadz/Projects/Mahsa/datasets/grid/test/s32/lrwczs.mpg,48,198,1.0721849203109741,0.5469159706146086
222,7,/home/nabizadz/Projects/Mahsa/datasets/grid/test/s32/brbqzs.mpg,1,151,1.2060303688049316,0.6818879536611037
222,8,/home/nabizadz/Projects/Mahsa/datasets/grid/test/s32/lgwd2s.mpg,70,220,1.1350888013839722,0.7121196651485311
222,9,/home/nabizadz/Projects/Mahsa/datasets/grid/test/s32/swws5n.mpg,89,239,1.1572632789611816,0.6356373498944291
222,10,/home/nabizadz/Projects/Mahsa/datasets/grid/test/s32/swil1p.mpg,29,179,1.0960617065429688,0.5467027353217061
222,11,/home/nabizadz/Projects/Mahsa/datasets/grid/test/s32/bgbe6a.mpg,137,287,1.7047990560531616,0.7697222255503444
222,12,/home/nabizadz/Projects/Mahsa/datasets/grid/test/s32/pris4s.mpg,50,200,1.2035753726959229,0.6688835548163463
222,13,/home/nabizadz/Projects/Mahsa/datasets/grid/test/s32/pram6a.mpg,3,153,1.2691820859909058,0.7604853182585805
222,14,/home/nabizadz/Projects/Mahsa/datasets/grid/test/s32/lwiiza.mpg,146,296,1.7000904083251953,0.7193001495542746
222,15,/home/nabizadz/Projects/Mahsa/datasets/grid/test/s32/brwq5p.mpg,55,205,1.0912909507751465,0.7055134930285174
223,0,/home/nabizadz/Projects/Mahsa/datasets/grid/test/s32/lwao6s.mpg,65,215,1.1356183290481567,0.7135272682058983
223,1,/home/nabizadz/Projects/Mahsa/datasets/grid/test/s32/lwacza.mpg,83,233,1.1873399019241333,0.5556340468621699
223,2,/home/nabizadz/Projects/Mahsa/datasets/grid/test/s32/pbaf3n.mpg,70,220,1.178174376487732,0.5804757985036947
223,3,/home/nabizadz/Projects/Mahsa/datasets/grid/test/s32/brav9n.mpg,75,225,1.1530498266220093,0.5772003553639101
223,4,/home/nabizadz/Projects/Mahsa/datasets/grid/test/s32/bbwd2a.mpg,136,286,2.4210641384124756,0.6829146856947568
223,5,/home/nabizadz/Projects/Mahsa/datasets/grid/test/s32/bwaj8s.mpg,10,160,1.127873420715332,0.6573974413142675
223,6,/home/nabizadz/Projects/Mahsa/datasets/grid/test/s32/lraozs.mpg,129,279,1.4671190977096558,0.614543833915123
223,7,/home/nabizadz/Projects/Mahsa/datasets/grid/test/s32/sbay2a.mpg,107,257,1.2955844402313232,0.619281504753129
223,8,/home/nabizadz/Projects/Mahsa/datasets/grid/test/s32/bgay3p.mpg,69,219,1.102221131324768,0.6424548026733443
223,9,/home/nabizadz/Projects/Mahsa/datasets/grid/test/s32/bgak6a.mpg,117,267,1.25686514377594,0.6320975354798037
223,10,/home/nabizadz/Projects/Mahsa/datasets/grid/test/s32/brac9p.mpg,32,182,1.1085364818572998,0.702338137875423
223,11,/home/nabizadz/Projects/Mahsa/datasets/grid/test/s32/lgic2a.mpg,29,179,1.1029129028320312,0.6683849464924948
223,12,/home/nabizadz/Projects/Mahsa/datasets/grid/test/s32/pwis9n.mpg,146,296,1.8353155851364136,0.775510337895783
223,13,/home/nabizadz/Projects/Mahsa/datasets/grid/test/s32/prwn4a.mpg,133,283,1.6078659296035767,0.6823290566173695
223,14,/home/nabizadz/Projects/Mahsa/datasets/grid/test/s32/bgik1p.mpg,81,231,1.1277145147323608,0.6241599158224931
223,15,/home/nabizadz/Projects/Mahsa/datasets/grid/test/s32/pwwa9n.mpg,49,199,1.0949985980987549,0.6353719086902505
224,0,/home/nabizadz/Projects/Mahsa/datasets/grid/test/s32/swwm4a.mpg,148,298,1.5649038553237915,0.7433333292008977
224,1,/home/nabizadz/Projects/Mahsa/datasets/grid/test/s32/brbj6s.mpg,122,272,1.30220365524292,0.6709032388671864
224,2,/home/nabizadz/Projects/Mahsa/datasets/grid/test/s32/lrih4a.mpg,10,160,1.1690890789031982,0.6971380711771714
224,3,/home/nabizadz/Projects/Mahsa/datasets/grid/test/s32/lgbdza.mpg,136,286,1.2055639028549194,0.7002200021933612
224,4,/home/nabizadz/Projects/Mahsa/datasets/grid/test/s32/pbaz6s.mpg,103,253,1.2414319515228271,0.6031772691518265
224,5,/home/nabizadz/Projects/Mahsa/datasets/grid/test/s32/bbwp7n.mpg,65,215,1.1255216598510742,0.627713980830989
224,6,/home/nabizadz/Projects/Mahsa/datasets/grid/test/s32/lbwu7p.mpg,120,270,1.3719078302383423,0.6995601855507879
224,7,/home/nabizadz/Projects/Mahsa/datasets/grid/test/s32/bwij3n.mpg,120,270,1.5006983280181885,0.6045569398025403
224,8,/home/nabizadz/Projects/Mahsa/datasets/grid/test/s32/pbaf4s.mpg,138,288,2.4775757789611816,0.6538873916208574
224,9,/home/nabizadz/Projects/Mahsa/datasets/grid/test/s32/pbbs8a.mpg,127,277,1.8349554538726807,0.7037516129882876
224,10,/home/nabizadz/Projects/Mahsa/datasets/grid/test/s32/pwag5n.mpg,125,275,1.2869105339050293,0.6044388805593109
224,11,/home/nabizadz/Projects/Mahsa/datasets/grid/test/s32/bgwe7n.mpg,88,238,1.1525905132293701,0.6682544429262135
224,12,/home/nabizadz/Projects/Mahsa/datasets/grid/test/s32/bwaj7n.mpg,1,151,1.154790997505188,0.7953854344586901
224,13,/home/nabizadz/Projects/Mahsa/datasets/grid/test/s32/lbig7p.mpg,87,237,1.2978981733322144,0.6670282693397181
224,14,/home/nabizadz/Projects/Mahsa/datasets/grid/test/s32/bgby6s.mpg,83,233,1.1368941068649292,0.648664043695898
224,15,/home/nabizadz/Projects/Mahsa/datasets/grid/test/s32/bgwz2a.mpg,148,298,1.8107860088348389,0.7185105642386582
225,0,/home/nabizadz/Projects/Mahsa/datasets/grid/test/s32/bbwj4s.mpg,98,248,1.1841328144073486,0.6284940733550013
225,1,/home/nabizadz/Projects/Mahsa/datasets/grid/test/s32/briv5n.mpg,75,225,1.212891936302185,0.6568341966049118
225,2,/home/nabizadz/Projects/Mahsa/datasets/grid/test/s32/pgia4s.mpg,57,207,1.1921247243881226,0.6503025223156238
225,3,/home/nabizadz/Projects/Mahsa/datasets/grid/test/s32/sgas6a.mpg,111,261,1.3689721822738647,0.6305176657271176
225,4,/home/nabizadz/Projects/Mahsa/datasets/grid/test/s32/pram3n.mpg,38,188,1.0899944305419922,0.6131238555282376
225,5,/home/nabizadz/Projects/Mahsa/datasets/grid/test/s32/sgil6s.mpg,23,173,1.1665406227111816,0.6850051582456492
225,6,/home/nabizadz/Projects/Mahsa/datasets/grid/test/s32/lrin6s.mpg,129,279,1.5653653144836426,0.7081318107219442
225,7,/home/nabizadz/Projects/Mahsa/datasets/grid/test/s32/swbl7n.mpg,137,287,1.4245765209197998,0.713514366888787
225,8,/home/nabizadz/Projects/Mahsa/datasets/grid/test/s32/srar1n.mpg,117,267,1.350358486175537,0.6062829196060183
225,9,/home/nabizadz/Projects/Mahsa/datasets/grid/test/s32/lgbc8s.mpg,131,281,1.378095030784607,0.6945100041750714
225,10,/home/nabizadz/Projects/Mahsa/datasets/grid/test/s32/lwbp1p.mpg,47,197,1.0707123279571533,0.6352527009101078
225,11,/home/nabizadz/Projects/Mahsa/datasets/grid/test/s32/lbaa8a.mpg,10,160,1.1523314714431763,0.7220777377284308
225,12,/home/nabizadz/Projects/Mahsa/datasets/grid/test/s32/lwbv6a.mpg,100,250,1.3825335502624512,0.6071649815239906
225,13,/home/nabizadz/Projects/Mahsa/datasets/grid/test/s32/brbd2s.mpg,106,256,1.1858007907867432,0.6658582039618886
225,14,/home/nabizadz/Projects/Mahsa/datasets/grid/test/s32/lbwb4s.mpg,123,273,1.3000881671905518,0.6901206204439684
225,15,/home/nabizadz/Projects/Mahsa/datasets/grid/test/s32/lwbc3p.mpg,86,236,1.2476725578308105,0.6722558543997751
226,0,/home/nabizadz/Projects/Mahsa/datasets/grid/test/s32/swaf1p.mpg,66,216,1.1479582786560059,0.5959280450870995
226,1,/home/nabizadz/Projects/Mahsa/datasets/grid/test/s32/pgit7p.mpg,49,199,1.1031391620635986,0.7394433736416446
226,2,/home/nabizadz/Projects/Mahsa/datasets/grid/test/s32/pgbh6s.mpg,90,240,1.213949203491211,0.6602515984923594
226,3,/home/nabizadz/Projects/Mahsa/datasets/grid/test/s32/bwwy4s.mpg,136,286,1.4293458461761475,0.6344840155293405
226,4,/home/nabizadz/Projects/Mahsa/datasets/grid/test/s32/sriy2s.mpg,10,160,1.1787102222442627,0.6933709168689864
226,5,/home/nabizadz/Projects/Mahsa/datasets/grid/test/s32/pwwh6a.mpg,9,159,1.198678970336914,0.6890459825746192
226,6,/home/nabizadz/Projects/Mahsa/datasets/grid/test/s32/bbwc9n.mpg,37,187,1.112130880355835,0.5784042972500996
226,7,/home/nabizadz/Projects/Mahsa/datasets/grid/test/s32/lgipza.mpg,92,242,1.3430495262145996,0.7159495269691493
226,8,/home/nabizadz/Projects/Mahsa/datasets/grid/test/s32/bbwx4a.mpg,125,275,1.7843782901763916,0.6771171331027775
226,9,/home/nabizadz/Projects/Mahsa/datasets/grid/test/s32/pgwb8a.mpg,83,233,1.2408183813095093,0.6452169259551359
226,10,/home/nabizadz/Projects/Mahsa/datasets/grid/test/s32/lgiv3p.mpg,144,294,1.7318850755691528,0.6968695094942984
226,11,/home/nabizadz/Projects/Mahsa/datasets/grid/test/s32/pgau1p.mpg,138,288,1.8443756103515625,0.6522391202696627
226,12,/home/nabizadz/Projects/Mahsa/datasets/grid/test/s32/bwwk8a.mpg,23,173,1.1119384765625,0.6749649092400196
226,13,/home/nabizadz/Projects/Mahsa/datasets/grid/test/s32/pwig1n.mpg,104,254,1.2922420501708984,0.6812965881837221
226,14,/home/nabizadz/Projects/Mahsa/datasets/grid/test/s32/lgii3n.mpg,105,255,1.2452263832092285,0.577561791708638
226,15,/home/nabizadz/Projects/Mahsa/datasets/grid/test/s32/lrbh9n.mpg,100,250,1.4775848388671875,0.5698455145232894
227,0,/home/nabizadz/Projects/Mahsa/datasets/grid/test/s32/lwwxza.mpg,51,201,1.1035956144332886,0.6946123763215167
227,1,/home/nabizadz/Projects/Mahsa/datasets/grid/test/s32/lban3n.mpg,97,247,1.3271418809890747,0.5915399655585192
227,2,/home/nabizadz/Projects/Mahsa/datasets/grid/test/s32/lbwo3p.mpg,143,293,2.3594369888305664,0.6942631793769195
227,3,/home/nabizadz/Projects/Mahsa/datasets/grid/test/s32/srwz3n.mpg,146,296,1.487952709197998,0.7429047251040584
227,4,/home/nabizadz/Projects/Mahsa/datasets/grid/test/s32/pwim6s.mpg,48,198,1.0716789960861206,0.6566961255440698
227,5,/home/nabizadz/Projects/Mahsa/datasets/grid/test/s32/sbby5p.mpg,133,283,1.292633056640625,0.7234813749089727
227,6,/home/nabizadz/Projects/Mahsa/datasets/grid/test/s32/lbat7n.mpg,94,244,1.2118754386901855,0.6838507435231567
227,7,/home/nabizadz/Projects/Mahsa/datasets/grid/test/s32/pbaz8a.mpg,27,177,1.1113808155059814,0.6739890020740101
227,8,/home/nabizadz/Projects/Mahsa/datasets/grid/test/s32/swbz8a.mpg,47,197,1.0819463729858398,0.6234348176195887
227,9,/home/nabizadz/Projects/Mahsa/datasets/grid/test/s32/pwba6s.mpg,102,252,1.1190909147262573,0.5453136976783153
227,10,/home/nabizadz/Projects/Mahsa/datasets/grid/test/s32/lbig8a.mpg,128,278,1.7570178508758545,0.7008970874783742
227,11,/home/nabizadz/Projects/Mahsa/datasets/grid/test/s32/prag2a.mpg,18,168,1.0764801502227783,0.7008043607144048
227,12,/home/nabizadz/Projects/Mahsa/datasets/grid/test/s32/bwwk6s.mpg,54,204,1.0720558166503906,0.5665622808217637
227,13,/home/nabizadz/Projects/Mahsa/datasets/grid/test/s32/pbir7n.mpg,27,177,1.111843466758728,0.5472473514752016
227,14,/home/nabizadz/Projects/Mahsa/datasets/grid/test/s32/pwwh4s.mpg,124,274,1.5274240970611572,0.6250443637269815
227,15,/home/nabizadz/Projects/Mahsa/datasets/grid/test/s32/sgas5p.mpg,146,296,1.5942332744598389,0.7457536636084027
228,0,/home/nabizadz/Projects/Mahsa/datasets/grid/test/s32/pgbu3n.mpg,63,213,1.1732629537582397,0.7238107654301308
228,1,/home/nabizadz/Projects/Mahsa/datasets/grid/test/s32/sgbm4s.mpg,0,150,1.1906168460845947,0.5994876076346889
228,2,/home/nabizadz/Projects/Mahsa/datasets/grid/test/s32/lrau6a.mpg,56,206,1.140554428100586,0.6432972698891442
228,3,/home/nabizadz/Projects/Mahsa/datasets/grid/test/s32/sbbr2a.mpg,57,207,1.1140949726104736,0.6060260427487746
228,4,/home/nabizadz/Projects/Mahsa/datasets/grid/test/s32/prbt2s.mpg,92,242,1.2454220056533813,0.6636339936323317
228,5,/home/nabizadz/Projects/Mahsa/datasets/grid/test/s32/sbwzza.mpg,19,169,1.1552505493164062,0.7635488816769244
228,6,/home/nabizadz/Projects/Mahsa/datasets/grid/test/s32/lwwjzs.mpg,57,207,1.0879017114639282,0.6502702662955377
228,7,/home/nabizadz/Projects/Mahsa/datasets/grid/test/s32/pbbm2s.mpg,95,245,1.250654697418213,0.6227085327450755
228,8,/home/nabizadz/Projects/Mahsa/datasets/grid/test/s32/sgal9n.mpg,5,155,1.0969957113265991,0.6183123259434874
228,9,/home/nabizadz/Projects/Mahsa/datasets/grid/test/s32/srby9n.mpg,92,242,1.4625396728515625,0.597021349773374
228,10,/home/nabizadz/Projects/Mahsa/datasets/grid/test/s32/sgbm6a.mpg,95,245,1.1928261518478394,0.6670719157398015
228,11,/home/nabizadz/Projects/Mahsa/datasets/grid/test/s32/lbbn9p.mpg,111,261,1.2254022359848022,0.615617934314714
228,12,/home/nabizadz/Projects/Mahsa/datasets/grid/test/s32/pwim8a.mpg,140,290,1.8145034313201904,0.5584317468263702
228,13,/home/nabizadz/Projects/Mahsa/datasets/grid/test/s32/pgbb2s.mpg,20,170,1.141319751739502,0.6821695969673376
228,14,/home/nabizadz/Projects/Mahsa/datasets/grid/test/s32/lgwx4s.mpg,79,229,1.1830871105194092,0.7320131629986315
228,15,/home/nabizadz/Projects/Mahsa/datasets/grid/test/s32/pgwvza.mpg,85,235,1.1752536296844482,0.6379057540247118
229,0,/home/nabizadz/Projects/Mahsa/datasets/grid/test/s32/bgikzs.mpg,144,294,1.5269256830215454,0.7276309069588679
229,1,/home/nabizadz/Projects/Mahsa/datasets/grid/test/s32/lwio1n.mpg,96,246,1.278377652168274,0.6468839467345704
229,2,/home/nabizadz/Projects/Mahsa/datasets/grid/test/s32/pgbn9n.mpg,11,161,1.0787726640701294,0.6240317791270441
229,3,/home/nabizadz/Projects/Mahsa/datasets/grid/test/s32/lgbp7p.mpg,14,164,1.1726558208465576,0.7106967592622935
229,4,/home/nabizadz/Projects/Mahsa/datasets/grid/test/s32/lwav2a.mpg,105,255,1.80263090133667,0.5910061098323288
229,5,/home/nabizadz/Projects/Mahsa/datasets/grid/test/s32/sray6s.mpg,21,171,1.1367268562316895,0.7000366127027051
229,6,/home/nabizadz/Projects/Mahsa/datasets/grid/test/s32/prbg5p.mpg,106,256,1.224147915840149,0.6467754819541395
229,7,/home/nabizadz/Projects/Mahsa/datasets/grid/test/s32/brbj8a.mpg,87,237,1.1608026027679443,0.559812951388214
229,8,/home/nabizadz/Projects/Mahsa/datasets/grid/test/s32/lgbc7n.mpg,136,286,1.1772544384002686,0.7470630382684856
229,9,/home/nabizadz/Projects/Mahsa/datasets/grid/test/s32/pgbh7p.mpg,90,240,1.152724266052246,0.5341351348955505
229,10,/home/nabizadz/Projects/Mahsa/datasets/grid/test/s32/lbahzs.mpg,52,202,1.147233009338379,0.7130521369511142
229,11,/home/nabizadz/Projects/Mahsa/datasets/grid/test/s32/bwad5p.mpg,100,250,1.2828823328018188,0.6737036325660596
229,12,/home/nabizadz/Projects/Mahsa/datasets/grid/test/s32/lwwp3n.mpg,72,222,1.2295360565185547,0.708983107512426
229,13,/home/nabizadz/Projects/Mahsa/datasets/grid/test/s32/lgac3n.mpg,80,230,1.1944811344146729,0.6074085104050578
229,14,/home/nabizadz/Projects/Mahsa/datasets/grid/test/s32/bwix4a.mpg,90,240,1.2244832515716553,0.6298926201161059
229,15,/home/nabizadz/Projects/Mahsa/datasets/grid/test/s32/bwij5p.mpg,145,295,1.8986117839813232,0.690454633558248
230,0,/home/nabizadz/Projects/Mahsa/datasets/grid/test/s32/pgbh8a.mpg,136,286,2.18749737739563,0.6998100805013986
230,1,/home/nabizadz/Projects/Mahsa/datasets/grid/test/s32/lgwq1p.mpg,67,217,1.185955286026001,0.6836869453513857
230,2,/home/nabizadz/Projects/Mahsa/datasets/grid/test/s32/swilzs.mpg,15,165,1.1594475507736206,0.6106308210204616
230,3,/home/nabizadz/Projects/Mahsa/datasets/grid/test/s32/pbisza.mpg,128,278,1.3914364576339722,0.7474434047280831
230,4,/home/nabizadz/Projects/Mahsa/datasets/grid/test/s32/sgir9n.mpg,36,186,1.1996692419052124,0.6628769387344398
230,5,/home/nabizadz/Projects/Mahsa/datasets/grid/test/s32/pwam9n.mpg,10,160,1.1366753578186035,0.6726208318981187
230,6,/home/nabizadz/Projects/Mahsa/datasets/grid/test/s32/lgwd1n.mpg,126,276,1.5237524509429932,0.6649163240933875
230,7,/home/nabizadz/Projects/Mahsa/datasets/grid/test/s32/sbak1n.mpg,82,232,1.1822906732559204,0.5905052767524787
230,8,/home/nabizadz/Projects/Mahsa/datasets/grid/test/s32/bbwqza.mpg,58,208,1.0758159160614014,0.6295113530991799
230,9,/home/nabizadz/Projects/Mahsa/datasets/grid/test/s32/sgwt4a.mpg,102,252,1.19441819190979,0.653437397923328
230,10,/home/nabizadz/Projects/Mahsa/datasets/grid/test/s32/lbin1p.mpg,81,231,1.1798286437988281,0.49655002882260535
230,11,/home/nabizadz/Projects/Mahsa/datasets/grid/test/s32/bgak4s.mpg,90,240,1.2294809818267822,0.724332913316832
230,12,/home/nabizadz/Projects/Mahsa/datasets/grid/test/s32/srie1p.mpg,114,264,1.5203144550323486,0.6122388791220412
230,13,/home/nabizadz/Projects/Mahsa/datasets/grid/test/s32/pwwn8s.mpg,60,210,1.1426924467086792,0.6628496829115668
230,14,/home/nabizadz/Projects/Mahsa/datasets/grid/test/s32/sgaf8a.mpg,26,176,1.1260532140731812,0.660112915207822
230,15,/home/nabizadz/Projects/Mahsa/datasets/grid/test/s32/lgwx3n.mpg,66,216,1.1177029609680176,0.5842611877910066
231,0,/home/nabizadz/Projects/Mahsa/datasets/grid/test/s32/bbbi9n.mpg,85,235,1.2087284326553345,0.5736586821381227
231,1,/home/nabizadz/Projects/Mahsa/datasets/grid/test/s32/sbad8s.mpg,25,175,1.0987775325775146,0.626955193975944
231,2,/home/nabizadz/Projects/Mahsa/datasets/grid/test/s32/pgan5n.mpg,98,248,1.1262496709823608,0.6278478866182973
231,3,/home/nabizadz/Projects/Mahsa/datasets/grid/test/s32/pwat3n.mpg,41,191,1.0810149908065796,0.6964219228896571
231,4,/home/nabizadz/Projects/Mahsa/datasets/grid/test/s32/brwq6a.mpg,147,297,2.0089690685272217,0.7080770968045309
231,5,/home/nabizadz/Projects/Mahsa/datasets/grid/test/s32/bwwrzs.mpg,148,298,1.7795684337615967,0.6845569880810023
231,6,/home/nabizadz/Projects/Mahsa/datasets/grid/test/s32/srae3n.mpg,143,293,2.0948984622955322,0.6960857762814464
231,7,/home/nabizadz/Projects/Mahsa/datasets/grid/test/s32/pbwm7p.mpg,112,262,1.2891860008239746,0.6261927755959189
231,8,/home/nabizadz/Projects/Mahsa/datasets/grid/test/s32/bric6a.mpg,124,274,1.7189682722091675,0.6410008594192996
231,9,/home/nabizadz/Projects/Mahsa/datasets/grid/test/s32/bbib8s.mpg,149,299,1.8651635646820068,0.6371376138370074
231,10,/home/nabizadz/Projects/Mahsa/datasets/grid/test/s32/sgil8a.mpg,120,270,1.7571601867675781,0.5448987972015638
231,11,/home/nabizadz/Projects/Mahsa/datasets/grid/test/s32/bbao9n.mpg,19,169,1.1013095378875732,0.5493399220603479
231,12,/home/nabizadz/Projects/Mahsa/datasets/grid/test/s32/sbak4a.mpg,18,168,1.1862802505493164,0.7362631634248993
231,13,/home/nabizadz/Projects/Mahsa/datasets/grid/test/s32/sgbs9p.mpg,64,214,1.1200956106185913,0.6672964212073252
231,14,/home/nabizadz/Projects/Mahsa/datasets/grid/test/s32/lrwv2s.mpg,22,172,1.1651486158370972,0.7194086672415089
231,15,/home/nabizadz/Projects/Mahsa/datasets/grid/test/s32/lbbu3p.mpg,132,282,1.5115416049957275,0.7025049928478968
232,0,/home/nabizadz/Projects/Mahsa/datasets/grid/test/s32/brbd3p.mpg,36,186,1.0964455604553223,0.6864533352671034
232,1,/home/nabizadz/Projects/Mahsa/datasets/grid/test/s32/pwig4a.mpg,75,225,1.2696080207824707,0.6352260727141518
232,2,/home/nabizadz/Projects/Mahsa/datasets/grid/test/s32/bwbd8s.mpg,124,274,1.3491051197052002,0.6400913892955586
232,3,/home/nabizadz/Projects/Mahsa/datasets/grid/test/s32/bbio6s.mpg,44,194,1.0877056121826172,0.6775015256277397
232,4,/home/nabizadz/Projects/Mahsa/datasets/grid/test/s32/lwib5p.mpg,104,254,1.2236486673355103,0.6523038277845072
232,5,/home/nabizadz/Projects/Mahsa/datasets/grid/test/s32/pbwg2s.mpg,87,237,1.2135908603668213,0.6497977824276041
232,6,/home/nabizadz/Projects/Mahsa/datasets/grid/test/s32/swae9n.mpg,83,233,1.1393156051635742,0.6640686616989819
232,7,/home/nabizadz/Projects/Mahsa/datasets/grid/test/s32/bwad4s.mpg,69,219,1.086567759513855,0.677219262279533
232,8,/home/nabizadz/Projects/Mahsa/datasets/grid/test/s32/bbiv1p.mpg,67,217,1.1272363662719727,0.6664310911746011
232,9,/home/nabizadz/Projects/Mahsa/datasets/grid/test/s32/pris5p.mpg,76,226,1.12418532371521,0.6903556206002471
232,10,/home/nabizadz/Projects/Mahsa/datasets/grid/test/s32/brbd1n.mpg,83,233,1.2896530628204346,0.5887430278171784
232,11,/home/nabizadz/Projects/Mahsa/datasets/grid/test/s32/srws2a.mpg,138,288,1.882999062538147,0.6830404169747276
232,12,/home/nabizadz/Projects/Mahsa/datasets/grid/test/s32/srwz6a.mpg,127,277,1.1723105907440186,0.6502104633770841
232,13,/home/nabizadz/Projects/Mahsa/datasets/grid/test/s32/lgav6s.mpg,127,277,1.5778462886810303,0.6874146178144965
232,14,/home/nabizadz/Projects/Mahsa/datasets/grid/test/s32/lwbc2s.mpg,36,186,1.072859287261963,0.6529533895001932
232,15,/home/nabizadz/Projects/Mahsa/datasets/grid/test/s32/bgwr7p.mpg,94,244,1.1507298946380615,0.5629505552352239
233,0,/home/nabizadz/Projects/Mahsa/datasets/grid/test/s32/lwbv3n.mpg,15,165,1.129481554031372,0.6698455564309872
233,1,/home/nabizadz/Projects/Mahsa/datasets/grid/test/s32/pbwg3p.mpg,11,161,1.2312145233154297,0.7948956480792201
233,2,/home/nabizadz/Projects/Mahsa/datasets/grid/test/s32/swbz7p.mpg,14,164,1.1344282627105713,0.7771506133088777
233,3,/home/nabizadz/Projects/Mahsa/datasets/grid/test/s32/swiy8s.mpg,39,189,1.1033722162246704,0.5958998366125712
233,4,/home/nabizadz/Projects/Mahsa/datasets/grid/test/s32/brwkzs.mpg,117,267,1.2245248556137085,0.7302934681534601
233,5,/home/nabizadz/Projects/Mahsa/datasets/grid/test/s32/pgia3n.mpg,11,161,1.1452912092208862,0.6871124904215279
233,6,/home/nabizadz/Projects/Mahsa/datasets/grid/test/s32/bgwe8s.mpg,83,233,1.1858097314834595,0.676871583041974
233,7,/home/nabizadz/Projects/Mahsa/datasets/grid/test/s32/lbim9n.mpg,117,267,1.1771113872528076,0.6153478187127117
233,8,/home/nabizadz/Projects/Mahsa/datasets/grid/test/s32/prbg3n.mpg,5,155,1.1739451885223389,0.7660533941751518
233,9,/home/nabizadz/Projects/Mahsa/datasets/grid/test/s32/lbat9p.mpg,34,184,1.1237062215805054,0.6338497966376614
233,10,/home/nabizadz/Projects/Mahsa/datasets/grid/test/s32/sray5n.mpg,135,285,1.7347941398620605,0.6442059630887491
233,11,/home/nabizadz/Projects/Mahsa/datasets/grid/test/s32/bgid6s.mpg,137,287,1.5002162456512451,0.7308263030643742
233,12,/home/nabizadz/Projects/Mahsa/datasets/grid/test/s32/swwz9n.mpg,92,242,1.1886566877365112,0.5750987829740388
233,13,/home/nabizadz/Projects/Mahsa/datasets/grid/test/s32/lrbo3n.mpg,124,274,1.5050818920135498,0.6574089904303687
233,14,/home/nabizadz/Projects/Mahsa/datasets/grid/test/s32/sriq9p.mpg,95,245,1.354961633682251,0.5851207005893695
233,15,/home/nabizadz/Projects/Mahsa/datasets/grid/test/s32/pbaz5n.mpg,0,150,1.215335488319397,0.6622323917584679
234,0,/home/nabizadz/Projects/Mahsa/datasets/grid/test/s32/srwf4a.mpg,34,184,1.0995187759399414,0.6992507668789635
234,1,/home/nabizadz/Projects/Mahsa/datasets/grid/test/s32/lrau3n.mpg,40,190,1.1099201440811157,0.6481248363620934
234,2,/home/nabizadz/Projects/Mahsa/datasets/grid/test/s32/lbbh6a.mpg,58,208,1.1294862031936646,0.7054181015571005
234,3,/home/nabizadz/Projects/Mahsa/datasets/grid/test/s32/sriq8s.mpg,18,168,1.1291922330856323,0.6706137503539863
234,4,/home/nabizadz/Projects/Mahsa/datasets/grid/test/s32/prim2a.mpg,103,253,1.4888718128204346,0.6493796390494024
234,5,/home/nabizadz/Projects/Mahsa/datasets/grid/test/s32/lwao5n.mpg,98,248,1.2190563678741455,0.6523320439328671
234,6,/home/nabizadz/Projects/Mahsa/datasets/grid/test/s32/lbauza.mpg,111,261,1.4233920574188232,0.6277792880281671
234,7,/home/nabizadz/Projects/Mahsa/datasets/grid/test/s32/pgwo3n.mpg,89,239,1.1997249126434326,0.6599532742145221
234,8,/home/nabizadz/Projects/Mahsa/datasets/grid/test/s32/lgwp9n.mpg,138,288,1.7019133567810059,0.712082730983509
234,9,/home/nabizadz/Projects/Mahsa/datasets/grid/test/s32/bgay2s.mpg,74,224,1.122511386871338,0.6141545174517853
234,10,/home/nabizadz/Projects/Mahsa/datasets/grid/test/s32/pgan7p.mpg,2,152,1.3516608476638794,0.6905443432571534
234,11,/home/nabizadz/Projects/Mahsa/datasets/grid/test/s32/pbwm8a.mpg,108,258,1.269507884979248,0.6770813500973022
234,12,/home/nabizadz/Projects/Mahsa/datasets/grid/test/s32/sgaf5n.mpg,12,162,1.1638318300247192,0.6665533771967425
234,13,/home/nabizadz/Projects/Mahsa/datasets/grid/test/s32/srbfza.mpg,148,298,1.5796911716461182,0.7977095404736108
234,14,/home/nabizadz/Projects/Mahsa/datasets/grid/test/s32/bwbx9n.mpg,111,261,1.3145036697387695,0.6286465876338186
234,15,/home/nabizadz/Projects/Mahsa/datasets/grid/test/s32/lbwb5p.mpg,26,176,1.1154587268829346,0.724311916512132
235,0,/home/nabizadz/Projects/Mahsa/datasets/grid/test/s32/lgbj3p.mpg,6,156,1.1772196292877197,0.6782853344543771
235,1,/home/nabizadz/Projects/Mahsa/datasets/grid/test/s32/bgbr2s.mpg,45,195,1.126147985458374,0.6845126361211533
235,2,/home/nabizadz/Projects/Mahsa/datasets/grid/test/s32/lgai7n.mpg,44,194,1.0744483470916748,0.6166959929797368
235,3,/home/nabizadz/Projects/Mahsa/datasets/grid/test/s32/pgauzs.mpg,6,156,1.1602873802185059,0.6821491163992327
235,4,/home/nabizadz/Projects/Mahsa/datasets/grid/test/s32/lrah8a.mpg,64,214,1.1445362567901611,0.6735099337145064
235,5,/home/nabizadz/Projects/Mahsa/datasets/grid/test/s32/pbwaza.mpg,87,237,1.3260529041290283,0.6037806653965782
235,6,/home/nabizadz/Projects/Mahsa/datasets/grid/test/s32/lbbu4a.mpg,38,188,1.1057264804840088,0.6279750750158151
235,7,/home/nabizadz/Projects/Mahsa/datasets/grid/test/s32/brwd8a.mpg,91,241,1.390848159790039,0.7074956795331053
235,8,/home/nabizadz/Projects/Mahsa/datasets/grid/test/s32/prif6s.mpg,39,189,1.0791019201278687,0.6514369138040862
235,9,/home/nabizadz/Projects/Mahsa/datasets/grid/test/s32/bwip8s.mpg,53,203,1.07908034324646,0.7322517070103761
235,10,/home/nabizadz/Projects/Mahsa/datasets/grid/test/s32/swir5p.mpg,44,194,1.078782320022583,0.5629597919157553
235,11,/home/nabizadz/Projects/Mahsa/datasets/grid/test/s32/srbe9p.mpg,135,285,1.6183569431304932,0.6489246394052223
235,12,/home/nabizadz/Projects/Mahsa/datasets/grid/test/s32/lbig5n.mpg,45,195,1.0724263191223145,0.6989587974786797
235,13,/home/nabizadz/Projects/Mahsa/datasets/grid/test/s32/sbak3p.mpg,10,160,1.120060920715332,0.6685193619035262
235,14,/home/nabizadz/Projects/Mahsa/datasets/grid/test/s32/lrwv4a.mpg,75,225,1.3133773803710938,0.6937304172546825
235,15,/home/nabizadz/Projects/Mahsa/datasets/grid/test/s32/sbbr1p.mpg,142,292,1.7302312850952148,0.5937100132942461
236,0,/home/nabizadz/Projects/Mahsa/datasets/grid/test/s32/lwbc4a.mpg,11,161,1.1394894123077393,0.7354580698802162
236,1,/home/nabizadz/Projects/Mahsa/datasets/grid/test/s32/prwg9p.mpg,106,256,1.2411710023880005,0.6255309674297462
236,2,/home/nabizadz/Projects/Mahsa/datasets/grid/test/s32/sbbrzs.mpg,145,295,1.6752434968948364,0.6819292166799646
236,3,/home/nabizadz/Projects/Mahsa/datasets/grid/test/s32/lwwj2a.mpg,90,240,1.2829961776733398,0.6499966903731508
236,4,/home/nabizadz/Projects/Mahsa/datasets/grid/test/s32/pwaa3p.mpg,134,284,1.7327332496643066,0.6958276876831375
236,5,/home/nabizadz/Projects/Mahsa/datasets/grid/test/s32/pgaa9p.mpg,115,265,1.447652816772461,0.6055448886620641
236,6,/home/nabizadz/Projects/Mahsa/datasets/grid/test/s32/lrau4s.mpg,140,290,1.753403902053833,0.7214671765749665
236,7,/home/nabizadz/Projects/Mahsa/datasets/grid/test/s32/sbij9p.mpg,115,265,1.2563235759735107,0.6528032890441393
236,8,/home/nabizadz/Projects/Mahsa/datasets/grid/test/s32/pwan1p.mpg,124,274,1.777090311050415,0.5652209501235227
236,9,/home/nabizadz/Projects/Mahsa/datasets/grid/test/s32/lwwj1p.mpg,93,243,1.1335270404815674,0.5894364219356243
236,10,/home/nabizadz/Projects/Mahsa/datasets/grid/test/s32/prim1p.mpg,81,231,1.2646868228912354,0.6182096663552
236,11,/home/nabizadz/Projects/Mahsa/datasets/grid/test/s32/pbbs6s.mpg,43,193,1.1232953071594238,0.6934786464532777
236,12,/home/nabizadz/Projects/Mahsa/datasets/grid/test/s32/pbaf6a.mpg,48,198,1.1172006130218506,0.6362489304700671
236,13,/home/nabizadz/Projects/Mahsa/datasets/grid/test/s32/pgit8a.mpg,84,234,1.2482507228851318,0.6699494766642381
236,14,/home/nabizadz/Projects/Mahsa/datasets/grid/test/s32/prwhza.mpg,90,240,1.1871976852416992,0.6095422155401444
236,15,/home/nabizadz/Projects/Mahsa/datasets/grid/test/s32/srae5p.mpg,89,239,1.2143948078155518,0.6373173824012064
237,0,/home/nabizadz/Projects/Mahsa/datasets/grid/test/s32/lrwv3p.mpg,45,195,1.1106739044189453,0.5833049016773246
237,1,/home/nabizadz/Projects/Mahsa/datasets/grid/test/s32/bwad3n.mpg,126,276,1.3344353437423706,0.6192572652065924
237,2,/home/nabizadz/Projects/Mahsa/datasets/grid/test/s32/bgwz1p.mpg,90,240,1.149334192276001,0.6243771079784276
237,3,/home/nabizadz/Projects/Mahsa/datasets/grid/test/s32/sbby6a.mpg,30,180,1.1035081148147583,0.6722825495768837
237,4,/home/nabizadz/Projects/Mahsa/datasets/grid/test/s32/lgwx5p.mpg,147,297,1.821216344833374,0.6993951420228287
237,5,/home/nabizadz/Projects/Mahsa/datasets/grid/test/s32/lwwc8a.mpg,86,236,1.248824119567871,0.633688411916248
237,6,/home/nabizadz/Projects/Mahsa/datasets/grid/test/s32/lrbb6s.mpg,99,249,1.1986210346221924,0.6595625000531756
237,7,/home/nabizadz/Projects/Mahsa/datasets/grid/test/s32/prwn1n.mpg,88,238,1.2836339473724365,0.6204686112635978
237,8,/home/nabizadz/Projects/Mahsa/datasets/grid/test/s32/srak7n.mpg,37,187,1.1279919147491455,0.6551123627459788
237,9,/home/nabizadz/Projects/Mahsa/datasets/grid/test/s32/pbbs7p.mpg,95,245,1.1628401279449463,0.6334796161824142
237,10,/home/nabizadz/Projects/Mahsa/datasets/grid/test/s32/bgarza.mpg,115,265,1.3588067293167114,0.6111476354211304
237,11,/home/nabizadz/Projects/Mahsa/datasets/grid/test/s32/briv6s.mpg,72,222,1.1616487503051758,0.6500723476398493
237,12,/home/nabizadz/Projects/Mahsa/datasets/grid/test/s32/srbr5n.mpg,72,222,1.1701101064682007,0.6884836384761235
237,13,/home/nabizadz/Projects/Mahsa/datasets/grid/test/s32/lrbi1p.mpg,88,238,1.2265877723693848,0.5909748541465603
237,14,/home/nabizadz/Projects/Mahsa/datasets/grid/test/s32/lgiczs.mpg,45,195,1.0747712850570679,0.5988232746813924
237,15,/home/nabizadz/Projects/Mahsa/datasets/grid/test/s32/swaf2a.mpg,83,233,1.2851698398590088,0.6670158918354413
238,0,/home/nabizadz/Projects/Mahsa/datasets/grid/test/s32/bbib7n.mpg,134,284,1.6766247749328613,0.689456645061579
238,1,/home/nabizadz/Projects/Mahsa/datasets/grid/test/s32/sbij8s.mpg,69,219,1.15237295627594,0.6224839137141273
238,2,/home/nabizadz/Projects/Mahsa/datasets/grid/test/s32/lrbo5p.mpg,88,238,1.142337679862976,0.6110665654237318
238,3,/home/nabizadz/Projects/Mahsa/datasets/grid/test/s32/lwwc6s.mpg,9,159,1.152894139289856,0.7541478026848951
238,4,/home/nabizadz/Projects/Mahsa/datasets/grid/test/s32/pwanzs.mpg,105,255,1.3056951761245728,0.531072597345409
238,5,/home/nabizadz/Projects/Mahsa/datasets/grid/test/s32/pwim7p.mpg,76,226,1.0693647861480713,0.6790128176315925
238,6,/home/nabizadz/Projects/Mahsa/datasets/grid/test/s32/sbwy9p.mpg,11,161,1.1929681301116943,0.6711316240723157
238,7,/home/nabizadz/Projects/Mahsa/datasets/grid/test/s32/prwa3n.mpg,123,273,1.8228559494018555,0.5917047325117258
238,8,/home/nabizadz/Projects/Mahsa/datasets/grid/test/s32/sbwy7n.mpg,68,218,1.1167722940444946,0.6328762070452433
238,9,/home/nabizadz/Projects/Mahsa/datasets/grid/test/s32/prwt5n.mpg,20,170,1.1578277349472046,0.7508847476080962
238,10,/home/nabizadz/Projects/Mahsa/datasets/grid/test/s32/swie8a.mpg,6,156,1.0910027027130127,0.6750303254513396
238,11,/home/nabizadz/Projects/Mahsa/datasets/grid/test/s32/pbas2s.mpg,100,250,1.176395058631897,0.6728612259659846
238,12,/home/nabizadz/Projects/Mahsa/datasets/grid/test/s32/lbwo1n.mpg,114,264,1.3252058029174805,0.6379498952060108
238,13,/home/nabizadz/Projects/Mahsa/datasets/grid/test/s32/bwax7p.mpg,68,218,1.127233862876892,0.572771314717071
238,14,/home/nabizadz/Projects/Mahsa/datasets/grid/test/s32/lriu1p.mpg,19,169,1.1083984375,0.6194595720099961
238,15,/home/nabizadz/Projects/Mahsa/datasets/grid/test/s32/bwix1n.mpg,124,274,1.4959793090820312,0.6297423663648682
239,0,/home/nabizadz/Projects/Mahsa/datasets/grid/test/s32/bgid7p.mpg,66,216,1.1110212802886963,0.5666519054790696
239,1,/home/nabizadz/Projects/Mahsa/datasets/grid/test/s32/lwav1p.mpg,128,278,1.609483003616333,0.6076981469270184
239,2,/home/nabizadz/Projects/Mahsa/datasets/grid/test/s32/lgac6a.mpg,66,216,1.129185676574707,0.5978968244543161
239,3,/home/nabizadz/Projects/Mahsa/datasets/grid/test/s32/srwz5p.mpg,103,253,1.1832890510559082,0.609614650364982
239,4,/home/nabizadz/Projects/Mahsa/datasets/grid/test/s32/sbwr4s.mpg,135,285,1.6514837741851807,0.690766060108229
239,5,/home/nabizadz/Projects/Mahsa/datasets/grid/test/s32/sgwa2a.mpg,93,243,1.3277482986450195,0.5930350782121692
239,6,/home/nabizadz/Projects/Mahsa/datasets/grid/test/s32/swwm3p.mpg,139,289,1.8206734657287598,0.6272547270090287
239,7,/home/nabizadz/Projects/Mahsa/datasets/grid/test/s32/swal4s.mpg,65,215,1.0875444412231445,0.6597778225372729
239,8,/home/nabizadz/Projects/Mahsa/datasets/grid/test/s32/sbak2s.mpg,125,275,1.5310602188110352,0.6579761662829743
239,9,/home/nabizadz/Projects/Mahsa/datasets/grid/test/s32/sgwt1n.mpg,121,271,1.4959946870803833,0.6436200459360285
239,10,/home/nabizadz/Projects/Mahsa/datasets/grid/test/s32/sbad7n.mpg,122,272,1.8176169395446777,0.7111647206800208
239,11,/home/nabizadz/Projects/Mahsa/datasets/grid/test/s32/pwba5n.mpg,5,155,1.2398440837860107,0.7161043351352963
239,12,/home/nabizadz/Projects/Mahsa/datasets/grid/test/s32/sgiszs.mpg,71,221,1.0935946702957153,0.6367933854732659
239,13,/home/nabizadz/Projects/Mahsa/datasets/grid/test/s32/lwbi7p.mpg,132,282,1.2213928699493408,0.6675450629979857
239,14,/home/nabizadz/Projects/Mahsa/datasets/grid/test/s32/prwt8a.mpg,73,223,1.1770480871200562,0.642163578198057
239,15,/home/nabizadz/Projects/Mahsa/datasets/grid/test/s32/lwib3n.mpg,9,159,1.135851263999939,0.70324184375842
240,0,/home/nabizadz/Projects/Mahsa/datasets/grid/test/s32/pbbm4a.mpg,22,172,1.1553316116333008,0.6273028374282094
240,1,/home/nabizadz/Projects/Mahsa/datasets/grid/test/s32/lwwi9n.mpg,83,233,1.3113609552383423,0.5996696918500733
240,2,/home/nabizadz/Projects/Mahsa/datasets/grid/test/s32/lgac4s.mpg,78,228,1.204195499420166,0.7506545902637063
240,3,/home/nabizadz/Projects/Mahsa/datasets/grid/test/s32/lgio7n.mpg,136,286,1.4232189655303955,0.7739009672734983
240,4,/home/nabizadz/Projects/Mahsa/datasets/grid/test/s32/lwio3p.mpg,59,209,1.1106653213500977,0.5334171398673666
240,5,/home/nabizadz/Projects/Mahsa/datasets/grid/test/s32/pbwg1n.mpg,115,265,1.3373688459396362,0.5701648134531778
240,6,/home/nabizadz/Projects/Mahsa/datasets/grid/test/s32/bbai6s.mpg,75,225,1.1624140739440918,0.5826732365108115
240,7,/home/nabizadz/Projects/Mahsa/datasets/grid/test/s32/bwbq8a.mpg,87,237,1.2429344654083252,0.6559673098755062
240,8,/home/nabizadz/Projects/Mahsa/datasets/grid/test/s32/brip1n.mpg,96,246,1.688399076461792,0.6050936675879716
240,9,/home/nabizadz/Projects/Mahsa/datasets/grid/test/s32/sbbq9n.mpg,59,209,1.0813562870025635,0.6096708048656121
240,10,/home/nabizadz/Projects/Mahsa/datasets/grid/test/s32/praf9n.mpg,44,194,1.0883276462554932,0.5991982076739509
240,11,/home/nabizadz/Projects/Mahsa/datasets/grid/test/s32/bwbyzs.mpg,58,208,1.115664005279541,0.6965047267618545
240,12,/home/nabizadz/Projects/Mahsa/datasets/grid/test/s32/bgbe3n.mpg,82,232,1.1204980611801147,0.6111705698291396
240,13,/home/nabizadz/Projects/Mahsa/datasets/grid/test/s32/bbbp6a.mpg,58,208,1.112610936164856,0.706492155910971
240,14,/home/nabizadz/Projects/Mahsa/datasets/grid/test/s32/pbil3n.mpg,55,205,1.1484332084655762,0.6557462620288408
240,15,/home/nabizadz/Projects/Mahsa/datasets/grid/test/s32/srbr7p.mpg,15,165,1.1399046182632446,0.6926574488947461
241,0,/home/nabizadz/Projects/Mahsa/datasets/grid/test/s32/sbax9n.mpg,18,168,1.1164708137512207,0.6922532302802927
241,1,/home/nabizadz/Projects/Mahsa/datasets/grid/test/s32/lrbo6a.mpg,11,161,1.1225625276565552,0.6871209862408733
241,2,/home/nabizadz/Projects/Mahsa/datasets/grid/test/s32/sbix5n.mpg,36,186,1.1173714399337769,0.6781834394495083
241,3,/home/nabizadz/Projects/Mahsa/datasets/grid/test/s32/swws6s.mpg,24,174,1.1133371591567993,0.7010155861164411
241,4,/home/nabizadz/Projects/Mahsa/datasets/grid/test/s32/pwitzs.mpg,82,232,1.162091851234436,0.6828344167999838
241,5,/home/nabizadz/Projects/Mahsa/datasets/grid/test/s32/pgbozs.mpg,120,270,1.3410670757293701,0.6751767248893743
241,6,/home/nabizadz/Projects/Mahsa/datasets/grid/test/s32/lwwp4s.mpg,132,282,1.5491505861282349,0.7318896726713774
241,7,/home/nabizadz/Projects/Mahsa/datasets/grid/test/s32/swaz4a.mpg,124,274,1.4436650276184082,0.6992964992905738
241,8,/home/nabizadz/Projects/Mahsa/datasets/grid/test/s32/sbwe7p.mpg,6,156,1.1523120403289795,0.7270772932006591
241,9,/home/nabizadz/Projects/Mahsa/datasets/grid/test/s32/pbiz3p.mpg,71,221,1.1486015319824219,0.6900552549089646
241,10,/home/nabizadz/Projects/Mahsa/datasets/grid/test/s32/bwix3p.mpg,102,252,1.306262731552124,0.5592462827719473
241,11,/home/nabizadz/Projects/Mahsa/datasets/grid/test/s32/srwl5n.mpg,38,188,1.121679425239563,0.6478180840028106
241,12,/home/nabizadz/Projects/Mahsa/datasets/grid/test/s32/lrah5n.mpg,112,262,1.248085856437683,0.6979464472376319
241,13,/home/nabizadz/Projects/Mahsa/datasets/grid/test/s32/bgak3n.mpg,39,189,1.1277687549591064,0.6431095588810211
241,14,/home/nabizadz/Projects/Mahsa/datasets/grid/test/s32/sbbe1n.mpg,101,251,1.2954721450805664,0.5725954933411188
241,15,/home/nabizadz/Projects/Mahsa/datasets/grid/test/s32/pbil4s.mpg,94,244,1.304707646369934,0.6202811963945917
242,0,/home/nabizadz/Projects/Mahsa/datasets/grid/test/s32/bbii4a.mpg,88,238,1.1691548824310303,0.6282122665182248
242,1,/home/nabizadz/Projects/Mahsa/datasets/grid/test/s32/bgwl1n.mpg,60,210,1.1479803323745728,0.6569851189831116
242,2,/home/nabizadz/Projects/Mahsa/datasets/grid/test/s32/sgif4a.mpg,114,264,1.5003225803375244,0.5965347232122304
242,3,/home/nabizadz/Projects/Mahsa/datasets/grid/test/s32/bgbr1n.mpg,49,199,1.133707880973816,0.6081547769331774
242,4,/home/nabizadz/Projects/Mahsa/datasets/grid/test/s32/swwf7n.mpg,42,192,1.088179588317871,0.6789881802849702
242,5,/home/nabizadz/Projects/Mahsa/datasets/grid/test/s32/bbwj6a.mpg,101,251,1.2294209003448486,0.6037561946296836
242,6,/home/nabizadz/Projects/Mahsa/datasets/grid/test/s32/lbboza.mpg,101,251,1.2674427032470703,0.5863788560185095
242,7,/home/nabizadz/Projects/Mahsa/datasets/grid/test/s32/bgwzzs.mpg,97,247,1.169109582901001,0.6055489975992562
242,8,/home/nabizadz/Projects/Mahsa/datasets/grid/test/s32/bgwl4a.mpg,98,248,1.1701061725616455,0.6553146669480987
242,9,/home/nabizadz/Projects/Mahsa/datasets/grid/test/s32/srwz4s.mpg,50,200,1.1201883554458618,0.5140024863082651
242,10,/home/nabizadz/Projects/Mahsa/datasets/grid/test/s32/pgwizs.mpg,63,213,1.0944528579711914,0.629279266207858
242,11,/home/nabizadz/Projects/Mahsa/datasets/grid/test/s32/pwiaza.mpg,24,174,1.1026866436004639,0.6149428826935223
242,12,/home/nabizadz/Projects/Mahsa/datasets/grid/test/s32/sgiz6a.mpg,147,297,2.0659141540527344,0.7327978377113235
242,13,/home/nabizadz/Projects/Mahsa/datasets/grid/test/s32/srwf1n.mpg,133,283,1.944139003753662,0.6360733886385557
242,14,/home/nabizadz/Projects/Mahsa/datasets/grid/test/s32/pwit1p.mpg,130,280,1.7250605821609497,0.5981755851713908
242,15,/home/nabizadz/Projects/Mahsa/datasets/grid/test/s32/sgbs8s.mpg,56,206,1.0916600227355957,0.6195737613947327
243,0,/home/nabizadz/Projects/Mahsa/datasets/grid/test/s32/pwag7p.mpg,36,186,1.0741270780563354,0.6148065179965133
243,1,/home/nabizadz/Projects/Mahsa/datasets/grid/test/s32/bgwe9p.mpg,140,290,1.7944982051849365,0.7045293720261874
243,2,/home/nabizadz/Projects/Mahsa/datasets/grid/test/s32/lbit5p.mpg,136,286,1.9642469882965088,0.6623516679398438
243,3,/home/nabizadz/Projects/Mahsa/datasets/grid/test/s32/lrwc1p.mpg,86,236,1.1729954481124878,0.7043281737609572
243,4,/home/nabizadz/Projects/Mahsa/datasets/grid/test/s32/bbac1n.mpg,35,185,1.078198790550232,0.5388756918384758
243,5,/home/nabizadz/Projects/Mahsa/datasets/grid/test/s32/lrbu7n.mpg,149,299,2.0401976108551025,0.735804631863423
243,6,/home/nabizadz/Projects/Mahsa/datasets/grid/test/s32/srik6a.mpg,132,282,1.3427965641021729,0.725993104967067
243,7,/home/nabizadz/Projects/Mahsa/datasets/grid/test/s32/sgwnza.mpg,68,218,1.137342929840088,0.5922659221731932
243,8,/home/nabizadz/Projects/Mahsa/datasets/grid/test/s32/lwbi8a.mpg,64,214,1.1129578351974487,0.6128343374577934
243,9,/home/nabizadz/Projects/Mahsa/datasets/grid/test/s32/bwbd7n.mpg,144,294,1.6558752059936523,0.766231341903447
243,10,/home/nabizadz/Projects/Mahsa/datasets/grid/test/s32/lgwj6s.mpg,34,184,1.2366719245910645,0.6062126092356617
243,11,/home/nabizadz/Projects/Mahsa/datasets/grid/test/s32/pbaz7p.mpg,44,194,1.109646201133728,0.7515962045237675
243,12,/home/nabizadz/Projects/Mahsa/datasets/grid/test/s32/bgbk9p.mpg,117,267,1.393212080001831,0.6398768896008323
243,13,/home/nabizadz/Projects/Mahsa/datasets/grid/test/s32/pras9p.mpg,35,185,1.0818017721176147,0.6227580080641111
243,14,/home/nabizadz/Projects/Mahsa/datasets/grid/test/s32/pbil5p.mpg,38,188,1.105040192604065,0.6764494692310243
243,15,/home/nabizadz/Projects/Mahsa/datasets/grid/test/s32/prwt6s.mpg,75,225,1.1096820831298828,0.758170820606275
244,0,/home/nabizadz/Projects/Mahsa/datasets/grid/test/s32/srbl4a.mpg,64,214,1.1890642642974854,0.6462793183562884
244,1,/home/nabizadz/Projects/Mahsa/datasets/grid/test/s32/brbd4a.mpg,18,168,1.2187880277633667,0.7933466621637985
244,2,/home/nabizadz/Projects/Mahsa/datasets/grid/test/s32/lrit9n.mpg,93,243,1.1742600202560425,0.5909523488266208
244,3,/home/nabizadz/Projects/Mahsa/datasets/grid/test/s32/bbbc5n.mpg,75,225,1.313427209854126,0.652703332324829
244,4,/home/nabizadz/Projects/Mahsa/datasets/grid/test/s32/braj1n.mpg,105,255,1.2348219156265259,0.6415380475378335
244,5,/home/nabizadz/Projects/Mahsa/datasets/grid/test/s32/lrab2s.mpg,32,182,1.1530771255493164,0.6210933938052431
244,6,/home/nabizadz/Projects/Mahsa/datasets/grid/test/s32/brbq2a.mpg,126,276,1.8920783996582031,0.6886269646829972
244,7,/home/nabizadz/Projects/Mahsa/datasets/grid/test/s32/lgai9p.mpg,93,243,1.1867644786834717,0.6143064187136242
244,8,/home/nabizadz/Projects/Mahsa/datasets/grid/test/s32/lbinzs.mpg,3,153,1.4756827354431152,0.5698034669461824
244,9,/home/nabizadz/Projects/Mahsa/datasets/grid/test/s32/pbas4a.mpg,147,297,2.5020089149475098,0.7278190451995177
244,10,/home/nabizadz/Projects/Mahsa/datasets/grid/test/s32/bbwj5p.mpg,128,278,1.4493526220321655,0.6654464794063916
244,11,/home/nabizadz/Projects/Mahsa/datasets/grid/test/s32/bgaq8s.mpg,9,159,1.244834303855896,0.676785151191215
244,12,/home/nabizadz/Projects/Mahsa/datasets/grid/test/s32/swiy7n.mpg,105,255,1.2478803396224976,0.7390545033904032
244,13,/home/nabizadz/Projects/Mahsa/datasets/grid/test/s32/bbbp5p.mpg,114,264,1.2773094177246094,0.6744014364456569
244,14,/home/nabizadz/Projects/Mahsa/datasets/grid/test/s32/sbwy8s.mpg,118,268,1.2355164289474487,0.6618588186203231
244,15,/home/nabizadz/Projects/Mahsa/datasets/grid/test/s32/brip4a.mpg,15,165,1.2030344009399414,0.6815269353134145
245,0,/home/nabizadz/Projects/Mahsa/datasets/grid/test/s32/bbwx3p.mpg,94,244,1.1899363994598389,0.5645769235188505
245,1,/home/nabizadz/Projects/Mahsa/datasets/grid/test/s32/bbbc6s.mpg,66,216,1.0680196285247803,0.6268988611681674
245,2,/home/nabizadz/Projects/Mahsa/datasets/grid/test/s32/lbaa6s.mpg,144,294,1.5815789699554443,0.7634975772613687
245,3,/home/nabizadz/Projects/Mahsa/datasets/grid/test/s32/lwbo9n.mpg,129,279,1.2096744775772095,0.6370459807788372
245,4,/home/nabizadz/Projects/Mahsa/datasets/grid/test/s32/lwai2s.mpg,18,168,1.0880011320114136,0.6582909216862005
245,5,/home/nabizadz/Projects/Mahsa/datasets/grid/test/s32/brap5n.mpg,7,157,1.2262102365493774,0.7412004280189304
245,6,/home/nabizadz/Projects/Mahsa/datasets/grid/test/s32/sgamzs.mpg,39,189,1.0759505033493042,0.6130453316251554
245,7,/home/nabizadz/Projects/Mahsa/datasets/grid/test/s32/lwai3p.mpg,93,243,1.3346272706985474,0.5986197459991326
245,8,/home/nabizadz/Projects/Mahsa/datasets/grid/test/s32/srwf2s.mpg,13,163,1.2062084674835205,0.6724369922227547
245,9,/home/nabizadz/Projects/Mahsa/datasets/grid/test/s32/brap8a.mpg,136,286,1.9420037269592285,0.6716901515298078
245,10,/home/nabizadz/Projects/Mahsa/datasets/grid/test/s32/sbwlzs.mpg,147,297,1.7168571949005127,0.703176639047126
245,11,/home/nabizadz/Projects/Mahsa/datasets/grid/test/s32/bwid1p.mpg,29,179,1.1049524545669556,0.6438416940711749
245,12,/home/nabizadz/Projects/Mahsa/datasets/grid/test/s32/pgwu7n.mpg,96,246,1.3954689502716064,0.6728873374453768
245,13,/home/nabizadz/Projects/Mahsa/datasets/grid/test/s32/pbbf7n.mpg,5,155,1.1744579076766968,0.6462131227096373
245,14,/home/nabizadz/Projects/Mahsa/datasets/grid/test/s32/bgbk7n.mpg,60,210,1.079676628112793,0.644723606315074
245,15,/home/nabizadz/Projects/Mahsa/datasets/grid/test/s32/sgbs7n.mpg,82,232,1.1375596523284912,0.6059556018052715
246,0,/home/nabizadz/Projects/Mahsa/datasets/grid/test/s32/bbwp8s.mpg,91,241,1.2236226797103882,0.5400008661027996
246,1,/home/nabizadz/Projects/Mahsa/datasets/grid/test/s32/srar2s.mpg,136,286,1.606938123703003,0.650091902129414
246,2,/home/nabizadz/Projects/Mahsa/datasets/grid/test/s32/lrin7p.mpg,76,226,1.2440340518951416,0.5633666092134373
246,3,/home/nabizadz/Projects/Mahsa/datasets/grid/test/s32/pgau2a.mpg,53,203,1.0922861099243164,0.7103510408219558
246,4,/home/nabizadz/Projects/Mahsa/datasets/grid/test/s32/bgbr3p.mpg,82,232,1.1290837526321411,0.6462688008488163
246,5,/home/nabizadz/Projects/Mahsa/datasets/grid/test/s32/prwa4s.mpg,81,231,1.1859978437423706,0.6889021591750045
246,6,/home/nabizadz/Projects/Mahsa/datasets/grid/test/s32/bgiq3n.mpg,13,163,1.207414150238037,0.6824121181115749
246,7,/home/nabizadz/Projects/Mahsa/datasets/grid/test/s32/lwai4a.mpg,131,281,1.3971611261367798,0.6840875572865325
246,8,/home/nabizadz/Projects/Mahsa/datasets/grid/test/s32/pbbs5n.mpg,132,282,2.2397308349609375,0.7027690378829627
246,9,/home/nabizadz/Projects/Mahsa/datasets/grid/test/s32/bbav5p.mpg,107,257,1.2775872945785522,0.6658448735915224
246,10,/home/nabizadz/Projects/Mahsa/datasets/grid/test/s32/lgav7p.mpg,38,188,1.0658124685287476,0.6053666909668954
246,11,/home/nabizadz/Projects/Mahsa/datasets/grid/test/s32/brbq1p.mpg,105,255,1.2656608819961548,0.5756364951970154
246,12,/home/nabizadz/Projects/Mahsa/datasets/grid/test/s32/lgwd4a.mpg,112,262,1.3632113933563232,0.6908087296597706
246,13,/home/nabizadz/Projects/Mahsa/datasets/grid/test/s32/bwbq6s.mpg,134,284,1.2389618158340454,0.7595132012063747
246,14,/home/nabizadz/Projects/Mahsa/datasets/grid/test/s32/bbio5n.mpg,108,258,1.3271763324737549,0.65713053032185
246,15,/home/nabizadz/Projects/Mahsa/datasets/grid/test/s32/bbap1p.mpg,20,170,1.0888137817382812,0.6585471473442013
247,0,/home/nabizadz/Projects/Mahsa/datasets/grid/test/s32/pbir9p.mpg,6,156,1.1136162281036377,0.6067993066145871
247,1,/home/nabizadz/Projects/Mahsa/datasets/grid/test/s32/bbiu9n.mpg,25,175,1.108318567276001,0.6415105773949056
247,2,/home/nabizadz/Projects/Mahsa/datasets/grid/test/s32/pbwt2a.mpg,86,236,1.1263625621795654,0.6330222021484753
247,3,/home/nabizadz/Projects/Mahsa/datasets/grid/test/s32/brax2a.mpg,68,218,1.1226438283920288,0.6505164823997884
247,4,/home/nabizadz/Projects/Mahsa/datasets/grid/test/s32/swwgza.mpg,14,164,1.1502364873886108,0.6247912078404044
247,5,/home/nabizadz/Projects/Mahsa/datasets/grid/test/s32/pgit6s.mpg,70,220,1.1160300970077515,0.5801298706076246
247,6,/home/nabizadz/Projects/Mahsa/datasets/grid/test/s32/lbia4a.mpg,15,165,1.1859524250030518,0.6873295044496606
247,7,/home/nabizadz/Projects/Mahsa/datasets/grid/test/s32/pris3n.mpg,108,258,1.268996000289917,0.6407742770037363
247,8,/home/nabizadz/Projects/Mahsa/datasets/grid/test/s32/bbii3p.mpg,58,208,1.1455172300338745,0.713901038482119
247,9,/home/nabizadz/Projects/Mahsa/datasets/grid/test/s32/sriy3p.mpg,124,274,1.6584203243255615,0.6503331729632029
247,10,/home/nabizadz/Projects/Mahsa/datasets/grid/test/s32/pwwb1p.mpg,63,213,1.1131575107574463,0.6654230266026222
247,11,/home/nabizadz/Projects/Mahsa/datasets/grid/test/s32/bgix7n.mpg,11,161,1.141956090927124,0.5996753373825214
247,12,/home/nabizadz/Projects/Mahsa/datasets/grid/test/s32/lgbc9p.mpg,80,230,1.1537805795669556,0.6251434784057421
247,13,/home/nabizadz/Projects/Mahsa/datasets/grid/test/s32/pwwu4a.mpg,24,174,1.1169768571853638,0.6104505574731999
247,14,/home/nabizadz/Projects/Mahsa/datasets/grid/test/s32/lgbj2s.mpg,145,295,1.6939330101013184,0.6755710868344069
247,15,/home/nabizadz/Projects/Mahsa/datasets/grid/test/s32/sbbk7p.mpg,47,197,1.142919659614563,0.6719770969174822
248,0,/home/nabizadz/Projects/Mahsa/datasets/grid/test/s32/brwx7n.mpg,1,151,1.258227825164795,0.7328311734903448
248,1,/home/nabizadz/Projects/Mahsa/datasets/grid/test/s32/lgbj4a.mpg,118,268,1.6447739601135254,0.6264860460119357
248,2,/home/nabizadz/Projects/Mahsa/datasets/grid/test/s32/sriy4a.mpg,98,248,1.3836464881896973,0.592931451335095
248,3,/home/nabizadz/Projects/Mahsa/datasets/grid/test/s32/pwwu2s.mpg,117,267,1.412780523300171,0.6382966411856211
248,4,/home/nabizadz/Projects/Mahsa/datasets/grid/test/s32/swwm2s.mpg,137,287,1.2498769760131836,0.6078330598110148
248,5,/home/nabizadz/Projects/Mahsa/datasets/grid/test/s32/pbwt1p.mpg,30,180,1.1054900884628296,0.6865396900132088
248,6,/home/nabizadz/Projects/Mahsa/datasets/grid/test/s32/pgwo5p.mpg,106,256,1.3011099100112915,0.6124459714160482
248,7,/home/nabizadz/Projects/Mahsa/datasets/grid/test/s32/lrbu8s.mpg,14,164,1.156489610671997,0.7037385988030648
248,8,/home/nabizadz/Projects/Mahsa/datasets/grid/test/s32/sbwl1p.mpg,147,297,2.679161310195923,0.6577718506080704
248,9,/home/nabizadz/Projects/Mahsa/datasets/grid/test/s32/lwib4s.mpg,132,282,1.5291860103607178,0.699229635628348
248,10,/home/nabizadz/Projects/Mahsa/datasets/grid/test/s32/bwakza.mpg,51,201,1.081764817237854,0.5929766899205128
248,11,/home/nabizadz/Projects/Mahsa/datasets/grid/test/s32/pgbo2a.mpg,111,261,1.4202882051467896,0.6011510762524306
248,12,/home/nabizadz/Projects/Mahsa/datasets/grid/test/s32/sbid6a.mpg,125,275,1.5809431076049805,0.6420827118084949
248,13,/home/nabizadz/Projects/Mahsa/datasets/grid/test/s32/lgii6a.mpg,64,214,1.1227391958236694,0.6744311788671163
248,14,/home/nabizadz/Projects/Mahsa/datasets/grid/test/s32/sriy1n.mpg,139,289,1.5955030918121338,0.6633394538322082
248,15,/home/nabizadz/Projects/Mahsa/datasets/grid/test/s32/swbf6a.mpg,110,260,1.4455060958862305,0.7160977723622922
249,0,/home/nabizadz/Projects/Mahsa/datasets/grid/test/s32/sbwe8a.mpg,114,264,1.6880574226379395,0.5570849572674418
249,1,/home/nabizadz/Projects/Mahsa/datasets/grid/test/s32/srwl7p.mpg,114,264,1.6083953380584717,0.6666001280337547
249,2,/home/nabizadz/Projects/Mahsa/datasets/grid/test/s32/bbac4a.mpg,140,290,1.8025964498519897,0.6958910709439236
249,3,/home/nabizadz/Projects/Mahsa/datasets/grid/test/s32/lbag9n.mpg,139,289,1.4744577407836914,0.7289322882271111
249,4,/home/nabizadz/Projects/Mahsa/datasets/grid/test/s32/srbz1p.mpg,31,181,1.1034988164901733,0.697175667005749
249,5,/home/nabizadz/Projects/Mahsa/datasets/grid/test/s32/lbit4s.mpg,17,167,1.418317437171936,0.6423746321880036
249,6,/home/nabizadz/Projects/Mahsa/datasets/grid/test/s32/pbif1p.mpg,94,244,1.2587611675262451,0.4917884717272691
249,7,/home/nabizadz/Projects/Mahsa/datasets/grid/test/s32/sgas4s.mpg,17,167,1.0909485816955566,0.6882743772563297
249,8,/home/nabizadz/Projects/Mahsa/datasets/grid/test/s32/lwbv5p.mpg,61,211,1.0950682163238525,0.6725723704593743
249,9,/home/nabizadz/Projects/Mahsa/datasets/grid/test/s32/bgaq9p.mpg,123,273,1.354053020477295,0.6024506517302547
249,10,/home/nabizadz/Projects/Mahsa/datasets/grid/test/s32/sbayzs.mpg,15,165,1.1391891241073608,0.6433457563388392
249,11,/home/nabizadz/Projects/Mahsa/datasets/grid/test/s32/bgwfza.mpg,65,215,1.0821788311004639,0.5863564415400733
249,12,/home/nabizadz/Projects/Mahsa/datasets/grid/test/s32/sbaeza.mpg,35,185,1.1145517826080322,0.5772488711212558
249,13,/home/nabizadz/Projects/Mahsa/datasets/grid/test/s32/brbj7p.mpg,147,297,1.5940780639648438,0.7193640679397145
249,14,/home/nabizadz/Projects/Mahsa/datasets/grid/test/s32/bwbq5n.mpg,114,264,1.2068467140197754,0.6824878396819684
249,15,/home/nabizadz/Projects/Mahsa/datasets/grid/test/s32/bbwx1n.mpg,5,155,1.1386783123016357,0.703670708562304
